0.05314349334560771
0.2857913821785903
0.0010111509887463157
3.504281029952788e-05
4.081091468059532e-06
-0.00038883100782591696
-2.7407527942838308e-05
1.0431440761805357e-05
0.008562780470334317
0.00012849554311520492
4.295048563086657e-05
-2.9197029773380496e-05
6.778050246041036e-07
-0.002101214021204158
-3.4599388451882563e-05
-9.47749789078297e-06
-0.00023929233711764483
-1.911044528969717e-06
0.47770954676093486
-0.00034281097454865524
-2.734257731261588e-06
-1.9373273891252403e-07
0.0008235513027229385
4.146754789230648e-05
-2.828885451982817e-06
-0.0052807042739265704
-7.71433441237693e-05
-3.576251888132466e-05
0.0003534289393836027
-3.5260516795267397e-07
0.00175817562682362
5.840426986198592e-05
1.4965116802878269e-05
0.0007540685868008012
-5.959863667436916e-06
0.39221429997222196
-7.599820680186094e-08
-3.2662584228170706e-06
0.14067566647837113
-3.2503545398613145e-06
-4.4183840149165216e-06
0.0007734812019952066
2.2199956009772826e-05
-3.6485315967613193e-06
-5.120662468270441e-05
-2.639308161482586e-06
-0.0007776925035152857
-1.5198037496935614e-05
-3.3701850192994485e-06
-2.2701413110283478e-06
9.13784244685572e-07
0.3921634597292032
4.631429196894687e-06
-4.137124378010893e-06
0.14013306795005753
5.084727366486678e-06
-1.880052540259402e-05
0.0003784582202033275
-3.4101411426117726e-06
1.3470079570219998e-05
-3.0375371378478576e-06
1.1722216828566726e-05
-0.0002339307400719813
1.0252422519418212e-06
-1.0240402172428462e-05
-1.228390863392265e-06
0.39212755557913703
-4.824054258961069e-06
4.477401127327641e-06
0.14039092556913785
2.3194984208884187e-06
-2.86196543909605e-07
0.00032584749627351874
-4.929263196007518e-07
6.314961764210965e-05
-1.343700754786658e-06
1.0121338862774825e-07
-0.00018713167951331857
8.071153464966378e-07
-3.02502710681234e-05
0.01465564981657971
-6.6572271811455124e-06
-3.2199582548231962e-06
0.008444964229070758
2.566968562241926e-05
9.845499186538056e-05
0.0002705504373176357
1.926366243522198e-05
-0.00197074424291829
-8.024654292659689e-06
-2.8354234041072963e-05
-0.00010915231153248602
-5.728932885256925e-06
0.015627250295147246
2.1517533726639986e-06
7.188148108330874e-06
0.0008954269377025337
2.5041592764743323e-05
5.8539100820008696e-05
4.11057362515732e-05
-5.992417919387458e-07
-0.00032167690563183977
-7.533307336742063e-06
-2.1840014619641812e-05
-1.3432926218028518e-05
0.015079999240136213
-1.064370073323839e-05
1.3178541327654535e-06
0.0011744244361826326
-1.2722280269951918e-05
-0.00017505729508915195
3.6886580060677494e-06
-3.29123365709896e-07
-0.0003879673338931
4.305378130437881e-06
4.829702649741694e-05
0.2322869850115442
0.0010173655633808284
0.0003499628471891949
0.007261708663258203
0.00020706650907983205
-0.16436240615357386
-0.00028365238799922613
-9.43926734262066e-05
-0.0023762660313643427
-5.723517628908269e-05
0.2408689168926296
8.239348261708628e-05
0.00011449513318517083
0.00023576765786718465
-0.0002857121466407488
-0.17035642438471613
-3.3579869109533356e-05
-3.082894325989857e-05
-6.839272022450221e-05
0.24168591908017834
-0.00014263653669952913
0.0007126197231782474
-8.60646075135779e-05
-3.2049089294519306e-05
-0.17095468660041652
3.471112038783713e-05
-0.0002012648009261812
0.23945636167261058
2.17805078540388e-05
-0.002229000696367822
-2.514749023482203e-05
3.658893807667714e-05
-0.16989606936295673
-5.4414383613977225e-06
0.1750492586126503
-5.3865743435307354e-05
-6.750664511599268e-05
-0.00022542317368581238
-6.658284361496018e-06
-0.12983733009289025
0.029385686442861107
7.849237488956592e-05
2.275256446819544e-05
0.0006577931190359793
1.3988455161697682e-05
0.030229032359023005
1.318075276312299e-05
5.337579281838144e-06
1.9013977279357377e-05
0.030328605404166733
-7.994126231367524e-06
6.296489341050741e-05
0.03025533156159743
1.595717548174195e-06
0.024350270439902184
0.9990943689482241
0.032157007943197154
0.0013718014538463474
0.0001691843825784059
-2.1612029455169548e-05
-0.012841700881007171
-0.001211978916541915
0.0001763769784528686
0.018196186968372923
-0.0009300583211193137
-0.0009066867731091886
0.0003898695603260767
0.00027448843954902487
-0.029423233271327932
0.0019145817279367218
0.0018458729576407078
-0.002049580902815082
-0.0005580156481486718
0.5476756535690926
-0.01409254858479833
-0.0010195264303006985
0.00016497537640393099
-0.09300356701927485
-0.0040202234822918565
-0.0007897795172789575
0.3920215428805655
-0.0023858495454896576
-0.0028502051985580873
-0.15614793620255685
-0.00011611747636180683
-1.0308336704376297
0.0019141761659697773
0.003846260673004804
0.36675919291150116
0.0009877614947493962
0.9967036592464074
2.4047362323755294e-05
2.3371298661662045e-05
0.07734041461364584
-0.00017728077191933583
-0.0001501863971668311
0.03820659032806103
0.002783040421414117
-0.0007973940350468246
-0.0018004637128162886
5.78690102049569e-06
-0.06131468929211353
-0.004854694761330385
0.0013970152725790205
0.0030897927425629313
-2.7936994948386766e-06
0.9956551214925922
8.480350950364536e-08
-0.0001463036517427308
0.10039872258021461
-9.937992613640678e-06
-0.0010193101246177552
0.00721106313517265
1.4125151365250494e-05
0.0019868358489287543
-0.00021940413136454606
0.0017152388578776478
-0.01071680886187168
-2.0998310720600438e-05
-0.003423309218314322
0.00035328441128013374
0.9957863663442568
-0.00013368988763472217
-9.967274103270104e-06
0.09729492142866131
-0.00023743294438625405
1.8541968024581024e-05
0.010692610767816371
0.0002144426878769053
0.002454052758433746
0.0004529760340207762
-3.4712666284342046e-05
-0.016900708945654038
-0.0003649190070729507
-0.004173154241604365
0.48363964579688346
-0.002727820195389272
-0.0010355240234792334
0.7878455517567599
0.006179904796855977
-0.0075594079684471035
-0.007273988401179929
-0.0023824621915764857
-1.912811568393788
-0.02697883419961992
0.0237324475187198
0.022273504633621915
0.006382257061362402
0.7897113960016819
-0.0007301457240259048
0.0016376680188223114
0.001117248036011187
-0.0013425753264875826
-0.007872026322001456
0.0032529965167216665
-0.001323689696426118
-0.06586544051760472
0.003550735049770356
0.011047183002827985
-0.007406397658626665
0.657293097318188
-0.0032794086477393866
0.0014329881259485088
0.031539338425315366
-0.0003667906764323216
-0.021668301019294123
0.008857295181971939
-0.003990803929985629
-0.15587161814717332
-0.0006429152096961608
0.051235907826962336
1.6759347310467583
0.00296620601957714
-0.011465608422352001
-0.27258526067204714
-0.0030856356621288632
-3.6479489426773735
-0.012761629322006805
0.022525039778084562
0.4750434953609452
0.009044907359410086
0.9849049997420881
0.0005753086633189573
-0.0011285772356293639
-0.0005674433819545069
-0.010799594169269539
-1.2020743309668025
-0.00021552565654175292
0.005767847850230676
0.004387074179414193
0.8967171163099259
0.0009883973914448527
0.0064516473669434474
0.0241325803965298
-0.00024608965304084336
-0.8905847341567628
-0.0038781838724410516
-0.016855619983166037
0.9395897027100542
-0.0003146663439830797
0.471623858372514
0.0061562682314995
-0.003572874060882343
-1.0595202520107732
0.0008157380269829977
2.145186351134702
0.008789943858779944
0.0037396364694754916
-0.018761820523681905
0.0007527795583302123
-5.351998521913626
4.424216142064329
0.039177303318837446
-0.049710562729245754
-0.7524384426641266
-0.025140797513338635
2.445923161710762
-0.0013450923890101303
-0.020491735219836455
-0.0151587787195892
2.1788618738531444
0.011132113004969003
0.049597525740832156
2.3197782725094314
-0.0019452463460238913
5.736396358403792
1.0485352574704994
0.02839600360141328
0.0032086207444073653
-3.092967491180762e-05
5.495365646676156e-06
-0.002088188199324221
6.848595537564106e-05
-1.206639557897117e-05
0.007517665172450014
-0.0010164708707994924
0.0006067236486183411
0.0011040270424899138
-1.7385924566532205e-05
-0.0038092192255663087
0.00037636792558909995
-0.00021415710221955127
0.00014991109743909317
7.50212302991496e-06
0.012335967657540164
-0.004815482874861633
0.0001328233657429368
-2.0510890604920925e-05
0.0009730681214630037
-8.641273238351344e-06
3.4958110791055857e-06
-0.004853747585421346
0.0010635669607673504
-0.0006401695033382901
-0.001752769744155023
2.33880808425887e-05
0.002663526799932122
-0.00040564122894281733
0.00024106007859113132
0.00025359717253153647
-8.641815047055533e-06
0.5549958382032423
-1.0240517343343607e-05
5.9831630208794615e-06
0.10380085568059161
-5.001414832129335e-07
-1.7735139015555145e-06
-0.012607521630020813
0.0008481473125243191
-0.0004009477083572129
-0.0006288861215740875
-7.489224638213525e-07
0.0063784229865300095
-0.00035569010558730927
0.00015820807764527648
0.0002049894047890169
2.844346908538989e-07
0.5564533053458042
-2.4268489665069195e-07
-1.1934442645518334e-06
0.10122843849799934
-1.075582438953797e-06
-0.00011818765148568712
-0.0011553070694669191
1.5456216205245018e-05
-1.9656518966922292e-05
1.2112664346590601e-05
6.48294704191071e-05
0.0008702501946869593
-5.6852946833092914e-06
-2.2393836191722232e-05
-8.364359887637517e-07
0.5559563038900451
-1.6634351620594913e-06
-1.1752612934317931e-06
0.10189425154717477
-0.00012925957673295992
-4.0543877561348237e-05
0.00034603797705495717
-1.4597712607260722e-05
0.0002969015987467545
4.56607238574917e-05
1.5241730094591887e-05
0.00040675140381443286
-4.355404791263252e-07
-0.00014024140186652995
0.005493499956028973
-4.267188757665392e-07
-9.718067451288358e-07
0.0037020977312571157
-0.0004040798098549347
0.00022141649387306101
0.00042969363593543016
-1.703922992183626e-07
-0.0018178938639812796
0.00015537987569999128
-8.81851354626511e-05
-0.00017058968907714118
-8.85676692715517e-09
0.005925581772440798
-1.4540041497352687e-07
4.553841391329164e-05
-0.0006708200685889105
-9.600701289470107e-06
7.56702942255128e-05
-6.038124807681566e-06
-1.3191070767406147e-05
0.000310322642149441
3.449783154052251e-06
-3.4465107498105086e-05
3.5105809282210465e-06
0.005775369905707455
6.613094784766066e-05
2.1753277785004034e-05
-0.0016101414914999823
1.7204072409969195e-05
-0.00011829385102467535
-2.7541922739746533e-05
-8.244397845698823e-06
0.0006597527976336479
-6.7542313220938635e-06
3.876371459849944e-05
0.10665962731537222
0.0067920336002078785
-0.00908418372637254
0.004414089603758076
3.344348117864886e-05
-0.09487758723306997
-0.0026536147673264614
0.003471953285526754
-0.0010401068985902815
-1.1854379279738396e-05
0.21239431662835845
-0.0006816377805482747
0.0008667187079874715
-0.0006739664461391187
-0.0026693558871788412
-0.17478810683219523
0.00024113712145225197
-0.0003253150730599365
0.00028239222660228155
0.2579016835625836
-0.0010392747100616924
-0.0011150705714826994
0.0034720100195598067
0.00024046959316679754
-0.20876376861685433
0.0003884830319634624
0.0003990650251176018
0.26322698184638404
9.5118068451861e-05
-0.0014686920059922039
-0.00032136526549170403
0.00037412781630873993
-0.21271102648495757
-3.6770913043696966e-05
0.10892943922884925
-1.3293783599245605e-05
0.000257389913955733
0.0004234910335959215
-3.622850636062767e-05
-0.09902278500650927
0.021214270810176024
0.0010406402189998961
-0.0013243965115014504
0.00021775021835632326
4.855652029388649e-06
0.036041142958941154
-8.472835707136372e-05
0.00012092854467170103
-0.00010808849931782866
0.04235402982161925
-0.00013948949680832705
-0.00015092862784368404
0.04311089120583023
1.3966131424875499e-05
0.02263479274842306
0.05320847047003568
0.285782700095126
0.0011124329126634442
-4.644993503012561e-05
-1.34257346421401e-05
-0.0005085596530221421
1.6502147378443138e-05
-1.1989943303708884e-05
0.008818750791198458
-5.3074602558838695e-05
0.00010829828948058559
-0.002145178057133334
-2.142949329164048e-05
-0.0022561663309257182
1.446808827169157e-05
-3.42622176695121e-05
0.00032809027958602627
3.5695364336544856e-06
0.4777201433684791
-0.00035816696138213524
4.922192712449465e-06
7.52726616883452e-07
0.001007394016787824
-3.78364249747639e-05
-1.974167323322049e-06
-0.005205743744276204
4.837647761516827e-05
-6.625140004155022e-05
0.0010523298115112554
-2.7604724371353545e-05
0.0016220229596992813
-1.2887473789178684e-05
3.3511676753975e-05
-0.0007865084071311556
-1.3895946297655703e-05
0.3922806236309761
2.2752703684049712e-06
3.6217114494880556e-06
0.1409635109869212
1.2825096665683218e-06
4.941133123062166e-06
0.0012341314543431688
-9.39089186251389e-06
-1.023509851736738e-06
-0.00011881842311318517
1.8950853182873346e-08
-0.000903886296701461
9.983683947366393e-06
1.0828180023868942e-05
8.097275975445279e-05
3.4588737026121964e-07
0.3922109085912455
4.441597918921586e-06
1.1875445198272334e-06
0.14044244102894923
9.346489601075732e-06
3.134554038967076e-05
0.0003770079275673322
3.0789605674294185e-06
-3.066606466329805e-05
-7.4169392771555205e-06
-1.8261662785160258e-05
-0.00021987137815454382
-5.126375380381398e-07
1.798719328406174e-05
6.150125646335596e-06
0.39210466614198347
4.606762619547664e-06
9.160209519842343e-06
0.14012602762658405
1.4456267022160302e-05
-3.763266931353869e-07
0.00038843574164215396
4.681650259653757e-06
-0.0001228029378444669
-2.973289357534767e-06
4.3590347660707586e-07
-0.0003023394242290938
-5.810221514831164e-06
4.9490063482494545e-05
0.014505443575908966
7.901369887576266e-06
-7.925014297861946e-06
0.0054529893320660406
-0.0001941176001743809
-0.00016158550252201917
8.797025114491235e-05
-2.6078627506668002e-06
-0.0011026555567333568
6.240151399641543e-05
4.703580986290039e-05
-2.8710720762008462e-05
1.3735978850252792e-06
0.015636553136928622
1.1535140059334355e-06
2.746557784869523e-06
0.0010674937842229998
-1.969916398458943e-05
-2.7732856193381992e-05
6.109382693265439e-06
-3.2220948261217293e-06
-0.00037445790654958396
5.676344203924989e-06
1.6339244936584775e-05
1.4011359828020452e-06
0.01520889159283886
-0.00011168545966411268
5.131469169491324e-06
0.001743084328162149
3.613374148348623e-05
0.0004612441440183929
3.150956450895188e-05
-1.2705742496492815e-06
-0.0005816717707603404
-1.2617477698398714e-05
-0.00013187812654222886
0.22303610780505356
-0.0007670381433061317
5.707959736093705e-07
0.01115369587658559
-9.357590193240829e-05
-0.15927640799478238
0.0002357024761886508
-2.1719519758523774e-05
-0.003103267305257088
4.272143944405504e-05
0.24067976526445237
-0.0003470311536722572
0.00033514394302697334
-0.0004749196346772424
0.00022818174554957587
-0.1707828579183887
8.801193909331684e-05
-9.782275936661191e-05
0.00014325453546029724
0.24488290476199526
-4.2505374702470265e-05
-0.00020646834824140575
-1.537834634909533e-05
9.284360962893303e-05
-0.17251408501167462
1.3267299003026533e-05
5.7771621684038944e-05
0.23834466326959475
-5.444159456085279e-05
-0.002937727015411203
-9.551105139868499e-05
1.5748845711362864e-05
-0.16935360953048817
1.6920115587918273e-05
0.16275441388293818
2.633915811738366e-05
0.0001368299938740561
5.94720344855302e-05
1.682563063837304e-05
-0.12244774928356324
0.02871014790224167
-6.980404295254656e-05
1.0407484863957492e-05
0.0006932449643819978
-1.3330604016305357e-05
0.030414016624481826
-2.1623090901958754e-05
2.763263471345778e-05
-4.110376067465889e-05
0.03049160101267419
-4.975266405910089e-06
-1.679251889860675e-05
0.030194394781172272
-5.1712572912814285e-06
0.023246089539040424
0.9980687590489723
0.043761022824881236
-0.00038318916298963327
5.093653141597573e-05
-4.512749536150906e-05
0.0023437710888509324
-0.00048225388781466204
0.0002839252106747457
-0.002358287015208547
-0.0007107355670650199
-1.0936873486320526e-05
-0.0022209087872329704
-0.0003433677607144193
0.006402101538896804
0.0014374057345150455
1.8508144972520184e-05
0.0033545484474350696
0.0005466450429687319
0.5511607473470942
0.0018289177171743384
-0.0004257177692985216
0.0003318425824608159
0.036908026656219874
0.006189089396125665
0.0032995279334153997
0.16186503713182007
-0.007402948492868089
-0.0023681810814659776
-0.06602785070001324
0.005746756757060975
-0.4178357325399152
0.02115480193750185
0.006048922306306361
0.11438354853854422
-0.007902076830397448
0.9947876959986444
6.883178069282084e-06
2.63084632263086e-06
0.11052087698997375
1.800933424589357e-05
-1.353449747902026e-05
-0.005379939898163177
0.0014532602321767768
-0.0011198271645440887
0.0012602497338722674
0.0001153084612044597
0.009424689250948227
-0.002555803907413534
0.0019659521296129592
-0.0025868910609793024
-0.00021610366998019913
0.9944419749369431
-3.9594097542515386e-05
2.456437438824149e-05
0.1165251642046296
0.00038757892936349666
-0.00032846513584549285
-0.00283702277656478
0.00011302819925878234
0.0004736845751374262
-0.0008862038054686001
0.0005593568556963571
0.00418442989736929
-0.00021116072038473353
-0.0008102426916161665
0.001546053844279465
0.9947669066752981
-6.681344858943786e-06
0.00038817754369888986
0.112755687077356
-0.00017844564773520106
0.0001099051334867783
-0.005317620516817894
-7.267190472292118e-05
0.0016283428179257916
0.0004349784835823991
-0.00020270533498108144
0.009268074577158624
0.00032615641893549575
-0.00293303826405646
0.6930783454076953
-0.006515904648074705
0.0022259201472893675
0.08583453779513851
0.00019882039758971825
0.0048930748689240845
0.057381067490777836
0.005554511712527815
-0.20275147662770576
-0.010365951540419348
-0.0050825467914521255
-0.1879849607358458
-0.015427231494157242
0.8342957504252688
-0.005272673810505635
0.011614725020245643
0.14170369929306253
0.001450422561417444
0.0011933167659723045
-0.0031253311496597497
-0.02834897456192579
-0.43653051717068486
-0.004898098168203249
-0.007562453662132825
0.013743690925456407
0.7331705794210767
-0.013950654007224174
0.001961359293011248
-0.01140504821443805
-0.013230354317900846
-0.004905811843460024
0.03951309818267529
-0.005915373502371782
0.0431471752288712
0.038402373105777696
-0.00011872294013751136
1.1067586947185541
-0.0022354162855896032
0.0017315789240176889
0.8340816350315923
0.0005977999107937001
-1.704551692494826
0.010441095877769526
-0.006560562696818136
-1.3186754783359511
0.006611614417238484
1.8286020830053153
-0.005930418233000504
0.0054512076360369865
0.009638940140706084
0.010657337952434795
-3.5187329148439126
0.012068588112567618
-0.018817692052649528
-0.028259243386968044
0.9665364864274792
0.015972077625159852
0.005998393751373366
-0.00673325175291524
0.011096286579407621
-1.3456010374537706
-0.04815726890289432
-0.016660832217961594
1.8585516203240897
-0.008224668780305588
-1.3140212660098285
-0.01850006931598769
-0.04792030692315904
-3.950819959585257
0.02170929117333063
1.0035598087166793
0.006784339683171778
-0.028322627964552677
-0.016465525176585664
0.02267531115327432
-1.4353514390263178
2.854131384504609
-0.03955795865901761
0.022424236756063174
1.5545620841486036
-0.02972657979418194
3.097175974250689
-0.025820573177601117
0.05583542916604836
0.08088494601557467
2.790393159532383
0.14028757852837256
0.04472542115396757
3.9664589673245403
-0.05749572386299569
2.8078083712618263
0.9981193848948892
0.043278840181898696
-0.00020906534103929636
5.700208722148352e-05
3.9524291750573634e-05
0.0009469086387528662
-0.00020137416982827404
-0.00023091266950877744
-0.002844032823038056
-0.00015292058471976693
-0.0005131370686557447
-0.0018470923489356521
-7.067438318259484e-06
0.007211816091806282
0.0002185755160089951
0.0009772557987691732
0.0025469641775105467
0.00012174935363319416
0.5497111985505562
0.000810123760510628
-0.000264833484576578
-0.0003129590926328993
0.036298574092811474
-0.01112679920026018
-0.002947554685502522
0.17234477479006996
0.009763418666032739
0.0034810408673382307
-0.06508826540235221
-0.007042038049936547
-0.4402692186888431
-0.030302145279214477
-0.0072555882639869975
0.10832344066295942
0.010695790050779095
0.9948359882670148
-3.888840825558975e-05
-1.2782027435853035e-05
0.10987700965096152
0.0002478187590667052
0.00013761168778294694
-0.001749429175622958
-0.0010930855162942634
0.0010284946974665626
0.0005772132334394041
0.00029716738712609174
0.0029352757782108462
0.002324840219525314
-0.001810486295525427
-0.0013041875428590115
-0.0005461213962389692
0.9945246184250481
3.277590192412138e-05
0.00024036677784634796
0.11527016565252687
-0.00032814262321904355
-0.0010488731681114623
-0.000880808432919411
0.00029063300114421135
-0.001101676754009955
0.0005286019044985276
0.001895730800217642
0.0008903621123981552
-0.0005268701056472026
0.00222188018930895
-0.0009063214414392545
0.9948637971128307
0.0001353405212373524
-0.00033199342030070287
0.11136505253953921
0.0002672790849783002
0.0002855555244107109
-0.0019078896045499046
-2.9324815122669763e-05
0.0019149308048168774
-0.000605401929424506
-0.0005137902394330094
0.0031784988975987385
-0.00016547834699050685
-0.0034083783941973814
0.694236595178337
0.023725351035564765
-0.003927273884935672
0.06039537042006577
-0.07413028151622335
-0.009823806800163124
0.046455534443843816
0.001938742304587536
-0.15271846503390069
0.21293502567804176
0.016532437513709856
-0.14978491591740686
-0.007351883095295449
0.8471131201291237
0.006545962243668232
-0.014892101223059215
0.0682790380386992
0.0007428200884804913
-0.0018013054861024428
-0.004079296379737064
0.045074218037453005
-0.23367284640629574
-0.0035381351097915504
0.019641870590307905
0.005556434779648903
0.7296661303241458
0.013470771761761487
-0.0009205354149148655
-0.022271244433235346
0.014876721852886611
-0.005367995695929474
-0.03903419177234964
0.0013947094309842347
0.0553941888487363
-0.04249547755244878
0.0017900163574863634
1.1160065015678982
0.007852045280790795
0.00017456225993062825
0.8220538273929262
-5.927257531367978e-05
-1.7401951779800544
-0.030509547146752317
-0.0014813772279563498
-1.2877265932360626
-0.006252153649600456
1.8578744514767125
-0.0026727026273365645
-0.027466835493764215
0.006325745773849795
-0.029824263676091207
-3.6923753422920624
0.012780166026664033
0.07579308600251863
-0.024071557485152464
0.9712456671227392
-0.0047711450507704695
-0.004937917242112175
-0.0011830272256667014
0.01415906127580493
-1.3650956240367542
0.016094432827324253
0.017545813657231065
1.8495477927450301
0.00703379261433166
-1.281488357810512
0.07594804231396869
0.015300541171256786
-3.85550037175735
-0.017242544836157062
1.0156023084289776
-0.006858002901284062
-0.022563546411399286
0.017831662223637548
-0.018689757027576425
-1.4800363504373226
2.8900938522032287
0.10059884395939035
0.004190669195327137
1.462707985505678
0.02678055510825436
3.3573489075368546
-0.04621186688480663
-0.20525922711763003
0.0739914628990363
2.8144174677006646
-0.04825992648277318
-0.058113986201656566
3.78733685225012
0.04365395725964855
2.8534960036299557
0.830435597995785
-0.03809178318966991
0.0001407894146122421
4.48846894409891e-06
7.251300864035527e-06
0.0003543077192571309
1.1679766084974325e-05
2.637359868517381e-05
-0.0016291615402759696
-2.7226159757047536e-05
2.845983435479297e-05
-0.00037198757878947734
-4.436656972505647e-05
0.00022005226665513993
5.78033318794564e-06
-6.530965635250677e-06
0.00023954833758047176
9.307143245181027e-06
0.011808462311466716
7.823129703757626e-05
2.4178945536981097e-05
1.3491224643689503e-05
-0.00037071265595141654
1.0612329107831945e-05
-2.524535240210444e-05
0.003376829681804951
3.255203980759029e-05
-6.37322501880196e-05
0.00043709183589318883
0.00010985180821718261
-0.0009215828589901636
-7.562163785603023e-06
2.2551834266238213e-05
-0.0003814870836123426
-5.3296917566635315e-05
0.35885421512386345
-2.7196523828706184e-06
-2.0122291797516164e-06
0.14994125455004134
-2.3443494454836095e-06
-1.3099855762106775e-07
-2.8968919867475855e-05
-1.6139155314158496e-05
1.5215430336577809e-05
-0.0003014335933324164
3.408926128709107e-05
-9.49327395813613e-05
-4.3560994572894665e-06
-1.7111197630263435e-05
0.00012734501191166668
-1.3269854129944873e-05
0.3588547312984172
1.298913233600169e-05
-2.429710166224082e-06
0.15012729817433176
1.8305571322299537e-05
-1.2091963292269973e-05
-0.0006770938908670215
1.0623042412179332e-05
-2.0094371146480734e-05
2.5232361169720946e-05
9.05248730419414e-06
0.00020478340289233543
-5.298180167999994e-06
4.065041634895372e-06
-1.8378344103161525e-05
0.3588250251810562
-3.6199907688187604e-07
1.8217788531052755e-05
0.1499113574833634
4.768176618269368e-05
1.3503800173137286e-05
0.0001682568401037002
4.0935900470013706e-05
5.58022627457028e-05
-1.6195003999461698e-05
-6.165063938656728e-06
-0.0001364239162742144
-1.181518712462966e-05
-3.5029591554205366e-05
0.018338962055182224
8.449533280269421e-07
1.1713755013654728e-05
-0.0007516768147237111
-0.00019176389487119832
-2.9369146508662625e-06
-0.001551806907995472
0.00017677133553901556
0.00019867488781198655
5.970516568193814e-05
-1.0082516247034412e-05
0.0005726895215701788
-6.221747920648171e-05
0.018985306132482123
2.7769940099670854e-05
-2.9019170314742565e-05
-0.003935410154616101
5.0632105810398894e-05
-0.00015789166161412312
5.882826041082359e-05
1.55450965573246e-05
0.0014260838868277413
-1.934816554949931e-05
5.456466502657025e-05
-2.8251662008840803e-05
0.018552040578229692
0.00029166480688747287
6.447497045308403e-05
0.0003258566504456254
0.0002970137616004415
0.00020599286043073494
-0.00010231205875720291
-2.352540052887281e-05
-0.00013571750790360824
-0.0001032331654199764
-8.864335484218172e-05
0.2273190905886871
0.00010383377138519187
0.00019199435348051186
-0.03757653666637211
0.0006312779712914258
-0.19261956590925913
-2.902831393038951e-05
-7.144709396381546e-05
0.014113937437616225
-0.00019906296178271474
0.17338708871783806
0.00029479788108035734
-0.0010566648764163632
0.00017141894878915957
-3.305795492849412e-05
-0.15300334999471335
-0.00012283990536739704
0.00037798133779118966
-5.96692973952366e-05
0.23708105296844764
0.0012219636605431468
-0.0002956890826950106
-6.330556200096835e-05
-0.00011708873162289684
-0.19961365851491028
-0.00041794770252598113
0.00010100373275673801
0.19049490602945457
0.0009247508963163378
0.01413644243704464
0.0003774361344497439
-0.0004405197923634301
-0.16546023611386707
-0.00032012325937233016
0.23551291550954281
-0.00018852055121147145
-5.0963438310569256e-05
0.00010053344663661648
-0.0002938736235543121
-0.19863770743685155
0.04094549303972899
8.702616465303508e-06
2.2925541433199468e-05
-0.005107203319257342
5.420616726065981e-05
0.033912878839066206
4.986857343310134e-05
-0.00013426651466577077
1.702093145520073e-05
0.0421453135340773
0.0001500855763056296
-3.486157545727093e-05
0.03615114065969071
9.993341995787652e-05
0.042018042411397366
0.8304363542284353
-0.03809279124737248
0.00010795496730570812
2.5580394798254075e-05
-7.478241897247129e-06
0.00028010743034022654
7.902906699433203e-05
-2.7511145862871384e-05
-0.0017138245884705334
0.0003581763342070201
-8.063190629547084e-06
-0.0005148845119057284
1.5111198966058688e-05
0.00025334195803177297
-0.00011826891850704278
-3.526466224222436e-06
0.00027194911257191344
7.799044872719543e-06
0.011812762275696439
3.238455727407392e-05
-9.799345336677124e-06
-2.0213740736138146e-05
-0.00033633282183468673
-0.0001320182245168996
1.986950282108147e-05
0.003519713567989145
-0.0006760262545487789
1.651652619406142e-05
0.000654206652458477
-5.1600259789222294e-05
-0.0009559007090227333
0.0002469130293078647
5.235931281980913e-07
-0.0004634362764792788
3.294441039588983e-05
0.35884873546959134
-2.1020316631077385e-06
-9.059692946611959e-07
0.14993132859763397
-2.2964544969702753e-05
-4.792032369209858e-06
-5.583731858030342e-05
-0.0002746370744049625
-2.977600039590142e-05
-0.00022715749387091874
4.403434270659801e-06
-4.8928635735034877e-05
0.00010385235313708774
2.5967296598288356e-05
9.108813697649729e-05
-2.9056921714346648e-06
0.35886400597242757
-1.6049217335083376e-05
-2.3726220388227937e-05
0.15017481814128172
-2.1599488997144464e-05
-9.563438328646722e-05
-0.0003384409064906944
5.445859982320231e-06
-7.545303698208967e-05
-3.390860767037525e-05
4.630493547306212e-05
9.602197532258488e-05
-3.3190877502830906e-06
3.2088787351405755e-05
2.3512571632285863e-05
0.35882928499596906
-4.598762180614866e-06
-2.146805919642635e-05
0.14991360768668865
-4.793928166870805e-05
4.522952573455971e-06
0.00011214490572083164
-3.639966096227627e-05
5.496817465921412e-05
1.6133483208601366e-05
-2.8613917239652927e-06
-8.513947335961047e-05
8.335679893299477e-06
-3.882961738208065e-05
0.018347141419003267
-0.00011834102011646116
-2.1949224373777468e-05
-0.000691206838683633
-0.0015121515769712702
-5.126236354918543e-05
-0.0011994807324109927
1.7605394694069835e-05
0.00020219393309945806
0.0005358862228883992
3.330270299039443e-05
0.0004389866479848077
-7.291992785247509e-06
0.019077934736947254
-2.9212611443191987e-05
-0.0004128257386223758
-0.0020840781038602447
2.0214598152596522e-05
-0.0004592665855555812
-8.907439239617859e-05
0.0001497107298590235
0.0007702270410576687
-8.473260620807411e-06
0.00017800388481161678
4.12447433316949e-05
0.01854364760057729
-0.00030416259003721187
1.2373411487274068e-05
0.00021310267585685126
-0.0003032966511969408
0.00017054641643030684
0.00010687148955924706
-5.028958422086219e-06
-7.636054360474506e-05
0.00010372874389847084
-7.564335198757696e-05
0.22780382847831174
-0.0023197083197352567
-7.604966356397913e-05
-0.03761777387533836
-0.0005347528425010711
-0.192937810862805
0.0008296614884593951
3.4470263621077496e-05
0.014163699148471268
0.00016049728263229819
0.1810370236998627
0.0005061776753985317
0.00013495722300405555
0.0003146199697054073
0.0008541249964696292
-0.15861576901034474
-0.0001688810439666066
-2.5392638997504365e-06
-0.00010103308893522146
0.23763295230384757
-0.0008515560211335852
0.0008913965465298933
2.7344157760576895e-05
-0.0001569838690405613
-0.19998425092709873
0.00029097644444796777
-0.0003112161345866277
0.1881184770646815
-0.0006229843591444981
0.01413282344125714
1.0366148364644255e-05
0.00030784356562279543
-0.16376025041061548
0.00021264167827964291
0.23593225867211348
0.0001518976810763972
-0.00010623754516936571
-0.0003142441375471724
0.0001894565761778585
-0.1989255103549614
0.04099603477015952
-0.000303633107387393
-1.2265738025767021e-05
-0.005121076195826626
-3.946065373513669e-05
0.034934849787312865
4.90092129456617e-05
-2.1054522767676534e-05
3.3646623768030896e-05
0.04220579782360724
-0.00010412914643679407
0.00010758202088875268
0.035850207070872844
-6.302665894924227e-05
0.04206766025753231
1.0504316095087183
0.024107941645828565
-3.744094853837813e-05
0.0008422901450858374
-0.0008356180132862639
1.0728289974299937e-05
-0.0006573243950747841
0.000683575527836556
0.005399129465041146
0.0009783284753434392
0.0001244815029272015
0.0004092540589134693
0.002605393331403139
-0.0022180534463814984
-0.00035020423627006423
-3.213518995291032e-05
0.0001876237814449188
-0.0014973192340103276
0.013091510171712247
5.739749451515444e-05
-0.0012239920605460442
0.001241574470439965
1.3410955790573002e-05
0.0005191761814386927
-0.0005482807113763527
-0.004715058993427463
-0.0010344701614169996
-0.00012155190727414132
-0.0010648334923372186
-0.002674958812720596
0.002279900074347113
0.00039201740133539405
3.990642576069199e-05
-3.6135279172242146e-05
0.0014960782787726517
0.5558896556614044
2.5213913170373574e-05
6.371668586041257e-06
0.1007958855361137
-1.3513801398331603e-05
-3.107178335584175e-06
-0.0006076941861111189
-0.0006676993749971785
0.0007244827676443636
-5.7150312924405016e-05
9.665705538355136e-05
0.00024693398196716043
0.00035470486781080044
-0.0003183676474115346
1.5340634896810617e-05
-5.8890183291185696e-05
0.5562928482926908
-0.00039729753930683017
-1.3465033584720434e-05
0.10002475577264427
0.00033006697875646477
0.0016514084984820833
-0.00035341603715671353
-0.00031985250335572925
-0.00032447907995957316
0.004978621128957533
-0.00079253880581765
6.502894608761092e-05
9.763585091676574e-05
0.000174605310113464
-0.002259886069836788
0.5559250385421418
-3.2572217009412805e-06
0.000328909140662759
0.10058586918892172
-0.002276325253018089
-0.00022244985643868104
-1.5173001142720418e-05
0.0007837028483423747
-0.003440168381968507
0.0010699940944177465
6.115852028553612e-05
-5.459054375005743e-05
-0.0002715753039440577
0.001626079257474493
0.005643132949189304
3.078019969005026e-06
-6.822214407908008e-07
0.0003561802110521061
0.00026949964795143483
-0.0004686706023023568
4.2916494864753065e-05
-2.6158558797930436e-05
-0.00013097284041711207
-0.00012523925349768055
0.00017532651011500426
-1.0916323963992953e-05
1.4703765423787654e-05
0.005898037713845169
-0.00017555329098477347
-0.0008154452362651147
0.0003501643509389998
0.00022518845206958579
0.00013200391165926135
-0.002590346496050725
0.00042024897081833546
-0.00010174324127595992
-7.994585128753739e-05
-5.536123226902579e-05
0.0012372323378715677
0.0057299238157347025
0.0011102251476524654
0.00017547643128787145
0.0001495313620755276
-0.0004286489956746756
0.0017190998915433758
-0.0005506204449197969
-6.1516545031644e-05
-3.394565989532563e-05
0.0002004012371962892
-0.0008513016681774972
0.11978178147794495
-0.01907529786704964
-0.008425918209625257
0.01570221220642358
0.005039149686157092
-0.10642962678495844
0.007129502425144822
0.0030568170949845097
-0.005478722027950737
-0.002669760218906418
0.20942134489730815
0.05645387536030022
-0.0003960343306452105
0.004805086061337851
0.007140735306648858
-0.17141804306621491
-0.021254916745115475
0.000152191783547683
-0.0017563540896559373
0.18338236476837397
0.0022347040410812297
0.006057278249402002
0.003054385908830176
-0.021215895153443992
-0.1512012348303936
-0.0008215513827942231
-0.002274439370949636
0.26286129642347417
-0.005334950016150695
-0.005438787154343875
0.00016112593004885596
-0.0008296953975484665
-0.2112052555846563
0.00209933838439411
0.10891797207713591
-0.0026802250066609596
-0.0017448002128306326
-0.0022725882676140853
0.002084303590546727
-0.09937065798679377
0.023777376712159615
-0.0026439698264826964
-0.00107332814015668
0.0017703009446670584
0.0014117634102302752
0.03517361004356865
0.007950839080054471
-6.446056635942884e-05
0.0006164381052015921
0.031228093943309884
0.00030317572884573684
0.0008375295358396301
0.04258450779562579
-0.000823224533256867
0.022790291139473534
0.8301625917680604
-0.03667955580607986
0.0001456271169113767
9.715969838624995e-06
-0.00010117215196166864
0.0007616365829740538
-7.0246502458083385e-06
-0.00029469494611188856
-0.0018852787090251244
0.0002658489094087173
-0.00021043180022838087
0.0011320912664605919
-3.798053270646769e-06
0.0004282542417810041
-4.2772643811961584e-05
4.4850990557378776e-05
-0.00018055312504604062
1.0680138047239121e-05
0.010942701564116709
0.00012695944017544102
1.0326363853999908e-06
-1.8915109861631874e-05
-0.0010810901343444805
3.428140127796541e-05
0.000370975744733945
0.004621431004868663
-0.0005636830353110106
0.0004452663794081962
-0.002446711055331453
-1.959846822354604e-05
-0.0012892543733051033
0.00020181478517016944
-0.00014177008513574784
0.0005840987267091678
-1.1248207051864899e-05
0.35909068245583003
-2.0023370227306336e-05
3.3204442316193755e-06
0.15011700666768416
-2.2468521218488795e-05
-3.640228140297759e-06
0.0007376053883614092
-7.758039205600032e-05
-9.946865172895495e-05
2.8887938477180004e-05
-3.3388860762458206e-06
-0.00029387786559714496
2.4308759595836875e-05
7.405859005198016e-05
-8.535337038522561e-06
1.4839861172545197e-06
0.3590134885370529
-1.5734426161643456e-06
-2.3051586177779144e-05
0.1502468283455682
2.3926917311181418e-06
-6.344892852900301e-05
0.0002476760968158176
2.514788818862511e-06
2.7961934407109324e-05
0.0002180553588126432
3.1570096780099394e-05
-0.00010358966178977469
-4.338358917422327e-07
-2.058147803465076e-05
-6.045232557729447e-05
0.3589760531163024
-3.640754083572516e-06
2.605790721833987e-06
0.15003554156082546
-2.4486895777221106e-05
-3.2290338042946173e-06
0.00032596908599437764
-0.0001001504947147933
-5.267064968975211e-05
-8.373570737599133e-06
1.6050794439207697e-06
-0.0001357261383730347
-1.949518667494808e-05
7.919750042534185e-06
0.01771782098190162
1.2738502199667737e-05
-6.623862475592558e-05
0.0008726406765211087
-0.0003546475183523039
-0.0001580311896903832
0.00024395722657800687
-2.3673021372814026e-05
7.389983736757656e-05
0.00012685685132628473
4.357411828961418e-05
-9.119522241842729e-05
9.74879548882676e-06
0.018603820346884577
1.9881519360855197e-05
-0.0003525215580641658
0.0005350838575469704
7.991841283057041e-06
0.00011221472009630875
0.001891743908903863
0.00013616808627268123
-0.00016608800762064337
-6.81816103827492e-07
-3.916957231618046e-05
-0.0007681461029374573
0.018078896889528
-0.00036460695039911305
-2.6353463013952645e-05
0.0008752241375914422
-0.0005139171276212551
-0.00014693197928891593
0.00014784123141831695
1.1359847207683842e-05
-0.00028165415678607436
0.00010350450225829781
2.1646178454397316e-05
0.22388257085451677
-0.0016608903780833502
0.0011603718677621446
0.005706785961366545
0.001049184552115795
-0.1886806284292749
0.0007483388254227222
-0.0004718495534949904
-0.002143873167128054
-0.0003638781873587756
0.23726868779265337
0.00021294139714365267
0.00048150149680070074
-0.0005399390052708989
0.0007517267425189459
-0.20018432660943625
-8.159936808464145e-05
-0.00015056958916608978
0.0001774707707946009
0.23756738043251738
-0.00018125085989495555
0.000833132305745771
-0.00046283580506175704
-8.110177468484552e-05
-0.20029547721147498
7.579361001956608e-05
-0.0002940587998881837
0.23486943515580616
-0.0005071494458562928
-0.002073523284930075
-0.00014698021412332287
7.460510337372131e-05
-0.19862638584118597
0.00020192452880130269
0.20964129963239292
-0.00036550234666923366
0.00019006686960739048
-0.0003003536162416116
0.00019998017555560723
-0.17844045979757253
0.04008726967131385
-0.00031205387076473133
0.00017717941277880394
0.0007026658719085189
0.00012134994469847538
0.04233891743265009
3.104095442361739e-05
4.049527256435432e-05
-6.377616248572412e-05
0.04231577626136159
-2.9448596177427846e-05
9.804338941088826e-05
0.0420908309544552
-7.436475352616491e-05
0.038312542544652835
1.0508583546194163
0.023119662773450435
0.0015995903827548637
0.0005900168337486992
0.0004094635523536545
-0.0012163065944745613
-0.00045688470946588834
-0.00030260654038627525
0.0004331034796617753
-0.0001707121359522321
0.00023272649012797225
0.002127021381846757
0.0012311572781118752
0.00041606295508676795
-0.00010412374916012203
-0.0001336737660041075
-0.0004994564808607156
-0.0006835924110109153
0.013460586389656618
-0.002269818182257779
-0.0008652278402692469
-0.0006222779019648062
0.0009788496675431958
0.00034628156250313477
0.00019231452729603045
-0.0003569111686275043
0.00039647468930978407
-0.00016641892659511004
-0.0030729620578487313
-0.0009368630430835111
-0.00024500290289265677
3.6572985004889398e-06
9.930116223715304e-05
0.0007402865397388175
0.0005486938800696023
0.5561800229107701
-0.00011031769387294836
-2.13952944792325e-05
0.10000907566615526
9.929341585688834e-05
2.6294370223345815e-05
-0.0074214593851178534
0.001398166721703208
0.00040195049850441384
0.0003090769244953299
-5.353006432007927e-05
0.0034691505208808452
-0.0006102384667597842
-0.00010113807438096111
-0.00011975459914975148
3.5256935107101726e-05
0.5560726552806038
-0.0002595756922158214
0.00010037981568651957
0.1001633181434735
0.00023876128241328944
0.002547518847047674
0.0010175134892559754
-0.00021921573054865616
-0.0008432446369213575
-0.0014845793515747409
-0.001207755369449921
-0.0002898184852449273
0.00010878941022373389
0.0003449058992446406
0.000754984476002172
0.5557842524097174
2.6189874030766338e-05
0.00023779789926034434
0.10069173247604506
0.0008639930412348714
0.00011548586393914677
-0.0005656933693316644
-2.2382036076380466e-05
-0.0030719117734043064
-0.00041417499426387686
-1.812905187899905e-05
0.0003088995929399445
-1.2871991161979124e-05
0.0014793176041638658
0.005815655160609319
-4.351839074384978e-05
-7.060973308817372e-06
0.0034954815665054605
-0.0005985511292273464
-0.00034063835599723846
-0.00022210807541214996
3.439013648468292e-06
-0.0017494076873298874
0.00030384692072669376
0.00013764614424451298
9.405216202692881e-05
-4.667078652607743e-06
0.005804219086135794
-9.955088897052636e-05
-0.0011665532761287003
-0.0006796092396947759
7.596087764343321e-05
0.00046298994326356743
0.000550037446709619
0.0005828120418361195
0.00027031196065784464
-3.8611658764577305e-05
-0.00018135789370884306
-0.0002777229760998869
0.005667856137091238
-0.0003514864259247253
-0.0001288131442986751
0.00024110085090721207
8.600448970207636e-05
0.0014559309088419334
0.00016602566181627443
3.9219344662730456e-05
-9.847897990749709e-05
-4.701063035573321e-05
-0.0007120912348114489
0.12385708979948554
0.013667803027577544
-0.002180763297979745
0.02248525466624959
0.002302583395351742
-0.11097391760147793
-0.004768406479251126
0.0007263339640380647
-0.008136166203474078
-0.0011789705154501926
0.21086939202526772
0.01590856639888005
0.0037753840544704925
0.0092343299976552
-0.004774123947435353
-0.17260448774746925
-0.005974866438595977
-0.0013957802753843055
-0.0034251795948987604
0.15419378449390708
0.0027502283990304727
-0.0015466020258684966
0.0007267826773471099
-0.005973679399936515
-0.12934807005951882
-0.0010333735962692546
0.0006392489924063167
0.27270898887161754
-0.007965280083878815
-0.007890970253599224
-0.0014206913413467768
-0.0010070736614228588
-0.21831903661108365
0.002989785765937017
0.10922360800681724
-0.001181193621755798
-0.003384540191510119
0.0006501966872382468
0.0029891285907091792
-0.09862967755618468
0.025024731691245857
0.0015881310502080552
-0.00020908469108659822
0.002735741462310333
0.0006031756089002063
0.03543395928045721
0.002228955791365017
0.0005222044471494195
0.0012249153958774836
0.027163988310448396
0.00037521180493638135
-0.0002666974528015108
0.04383957092922666
-0.0011090196057852218
0.022377329604937754
0.05342978085071688
0.2831537916833662
0.0005577582975764391
6.186929684891619e-05
0.00039940791066476127
-0.0012312097937092568
-5.19403366245333e-05
-0.0007227187810303327
0.0013289523670397335
-0.0009690002787585119
7.607241469625401e-05
-0.0012303838851236608
6.70594459993108e-05
-0.000761102596293665
0.00023766121314772488
-4.204597161504133e-05
0.00013391626916165427
-5.5998487248971784e-06
0.4786761236591232
-0.0001578013091592484
-4.594147884160231e-06
-9.932995451709798e-05
0.0012906652766946235
8.047407004368514e-05
0.0007571367894382416
0.00033915796811737466
0.0006381535469035875
-2.7155074412669315e-05
0.0007939291147447845
-0.00036099318318245086
0.0012568351430650145
-0.00014482915943686233
2.2763858245685907e-05
2.201857297030493e-05
-0.00012218528900158996
0.39139420880375553
-3.225047467149561e-05
4.441538255319756e-06
0.13790659677257883
-5.671511490498162e-05
6.036161268513451e-07
0.0010994991794129464
-1.420953640455332e-05
0.00017104144056033903
-3.3939757879755015e-05
-1.3290241105018483e-05
-0.00043125546406649846
-4.051844416300978e-05
-0.00015327515309818254
1.4823864146453135e-05
2.8442776852054316e-06
0.3916241521871654
4.4086038107424305e-05
-5.9677419144448544e-05
0.13878624858160066
0.00010165824142830768
-5.8951459594081026e-05
0.00011148545285319778
-4.658373036306106e-07
2.0431974824183704e-05
0.0008448034141875896
1.404503881321849e-05
-0.0001348486365313708
-2.4334409670510608e-06
-2.5376124307396014e-05
-0.0003369682548131597
0.3915804057734271
-1.7315751283357468e-06
9.981704914856884e-05
0.1388241738780966
-0.00036977670211066723
-2.1519843890141714e-05
0.00013696936076144602
-9.305371569962267e-05
6.581907807036606e-05
0.000138048981613518
3.8131787596914087e-06
-0.00015231560906702875
9.591286515669987e-05
-3.796372769655366e-05
0.016041507715680144
0.0001001841804360657
8.516330823132715e-05
-0.003696895805395815
0.0007712949305475227
0.0007822703248858515
0.0002687396732447704
0.00016278020009898093
0.0018982265687382542
-0.0001941142569108574
-0.00016087414771801635
-8.511030228089688e-05
-4.982818759837884e-05
0.015533209483516991
-0.00010235980066671152
0.0005402006907886767
0.0008606794645922306
4.173877465896901e-05
4.6427805619542933e-05
-0.003090999078294013
-0.00015136090808158127
-0.00020589750649265473
-8.65822686685205e-06
-1.5420662556681758e-05
0.0012689428275928724
0.015152105338794936
0.0015659580229439886
0.0001919409985000975
0.0008382776947343273
6.71744812236512e-05
-0.0003722618234316921
-0.0005769638823347038
-5.2574924729293595e-05
-0.00019362110490837723
5.584294608984362e-05
0.00011666284336362408
0.1705957306978053
-0.003369752672738203
-0.002681249611003523
0.011177288410647601
0.001180673564559492
-0.12803842690439915
0.0010778292738698385
0.0007659439896695479
-0.0032147655112383555
-0.0003463186022943859
0.24309611108808332
-0.0004743793447369481
0.0015298556314030784
0.001569595023035623
0.0010097167887271493
-0.169585358199315
4.880900856664099e-05
-0.0004251294814075047
-0.00046022224277861084
0.2459317165775175
0.00017925049344874312
-0.0014064892478526153
0.0007121769137978934
3.560463126012699e-05
-0.17093668757497787
-4.759432902011541e-05
0.00044830015101900145
0.23884770630518762
0.0007276249680614468
-0.003168985568736418
-0.00040584998077582287
-5.033545783718094e-05
-0.16834370424436265
-0.00021405883275242273
0.1737989640415837
-0.00032719996644486676
-0.0004531616345069236
0.0004369333397245984
-0.00022987820488069174
-0.1287989617462518
0.024340562217047484
-0.0003005695872231775
-0.00018564778480953303
0.000816479929028473
9.774248270718286e-05
0.02977913180056555
2.24687785781165e-05
0.0001148252299172653
0.00013099304506010372
0.02990657081049569
9.404439784673424e-06
-0.0001280853041322416
0.029783836317121015
6.253642571534117e-05
0.024120091791410378
0.05329521754850638
0.28432307725175815
0.0002450316584575907
-0.0001477466307560895
0.0003950856460105546
-0.0003890763042343882
0.00010943138626350308
-0.0006825575527640082
0.004119546868777205
-0.001364407279621151
0.00019307477944619262
-0.0011520020640442344
4.416875166009531e-05
-0.0008662351495726565
0.0004893331844295422
-4.71424938759761e-05
0.00024215316992375215
-2.8644431265466236e-05
0.4783018669188445
-4.882680725847168e-05
1.811888945205386e-05
-0.00010144139963993453
0.0004776349232691036
-0.0001899985255272861
0.0007981166523778873
-0.0032697357816133072
0.001188825015527662
-0.00011336383102640244
-0.0007037173066309114
-4.5095666453978295e-05
0.0007512530755934118
-0.0004588014225476871
7.342759086885227e-05
-0.0005535133354688744
1.8175182499994827e-05
0.39180947535853206
5.3114688240714575e-05
-1.7247300532571264e-06
0.13944571458850796
9.473994555445066e-05
-8.066051354546318e-06
0.0001701536680681785
-4.731709674734441e-05
9.092794723422402e-05
0.00010984282113910147
2.1721064495695224e-06
-0.00011859709290236443
7.810866534811728e-05
-0.00012623004940062805
-3.606634166857188e-05
-4.386296128206307e-06
0.39191390786462554
2.043596762841676e-07
9.699664464744009e-05
0.1395370873053458
6.172771048929134e-07
2.7839921583242044e-05
0.0004502069669073743
-3.962620269220792e-06
-0.0002144477050363083
8.202705047875482e-05
-1.7324314415001723e-05
-0.00022574817657074287
-2.7877337463753455e-06
0.00011077557935231248
-8.643790004795744e-05
0.39175493446654774
-9.131175571684074e-06
6.977251246648524e-07
0.13896719489661502
-0.00033489016101199753
-5.584186978205901e-06
9.20594073163739e-05
-0.0007218848546737244
-1.6119899943423472e-05
0.00014393741496517232
-1.669300746821212e-06
-0.00010919652496701147
0.0003320896787701813
3.603115911472323e-05
0.015183149808979791
-0.00022678696497636453
1.0521373003132453e-05
-0.0010927984400035682
-0.00033886848600462704
0.00046720249443792507
-0.000626885339078207
4.559400287041671e-05
0.00029181328489381506
6.0872334991290684e-05
-0.00016663558232441462
0.00028317604463924396
-9.859191362358261e-06
0.015928136133105737
8.558221988563667e-06
4.317317059914288e-05
-0.0020789578931622527
8.947364217806549e-05
0.0006786525001478661
-0.00011106467441498407
-5.942449696724672e-06
0.0008667423475530749
-2.1862051525064412e-05
-0.0002831627714721492
-6.996743099265771e-06
0.015803471521989285
0.0010461722511703657
6.491641944478952e-05
0.00036979222939967517
0.0025441535043697586
-0.00015216818970801877
-0.0005559063554974641
-1.8751813127038975e-05
-7.088552278073443e-05
-0.0012215916830149328
7.912519979338438e-05
0.22792296645509136
-0.009977730037273723
0.0009307646090612118
-0.06379326715524361
0.0005935082907478008
-0.16233243553691568
0.003072050529298587
-0.0002401803700399172
0.019889346681209865
-0.0001793713611502853
0.1394774745359681
0.0007843854048814026
0.00496049430625527
0.0038343218045933185
0.003071291624148903
-0.10781054534827375
-0.00022024429641187709
-0.0013705912336929517
-0.0011884932712936918
0.24419507158547737
0.0003793126068566273
-0.0003781324956996774
-0.00025183875953947303
-0.00024712521450134795
-0.1710793557918147
-0.00013494901642538488
5.6704863022577486e-05
0.15686716933766123
-5.6353904032935785e-05
0.019299090267325587
-0.0013302555789958077
-0.00011496761609542937
-0.11937907620304317
1.4241551622136622e-05
0.24186135773603584
-0.00017022489960861892
-0.0011340160140699985
5.4360400752575535e-05
3.490838338719394e-05
-0.17035907028720385
0.029070995807183392
-0.0009357699832895532
6.116076050146054e-05
-0.005708805406854328
4.673119006851344e-05
0.021012317255921238
7.306594466041586e-05
0.00032823249052626986
0.0003428030977746142
0.030136968497476244
3.657880177752024e-05
-2.1637852263105614e-07
0.02294281740047437
-1.2458810821095273e-05
0.030180122561914675
0.8303447353317238
-0.037670098164396974
3.227803831972576e-05
-8.157908617477951e-05
0.00015298666844983824
0.00010554182918052747
-0.0004414428525659668
0.0005244991321989251
-0.001158197210610339
-0.0005039795822788355
-6.065972084428404e-05
-4.659621975827539e-05
9.899317993305226e-05
0.00030934183998105696
0.0002728787317715508
3.992767214857334e-06
0.00025112630359793136
-1.2505724239814086e-05
0.011516286936913875
3.9673214847894945e-05
2.4412132484566208e-05
9.98089345668848e-05
-0.00011062263726161926
0.0007542426574044184
-0.0006186411251785011
0.002296878490770807
0.00036588324415046705
0.0001574422309493926
-0.00035891429106951143
-0.00019397031045518734
-0.0006935933234947179
-0.000363150400029348
-2.815906342271966e-05
-0.0002408943010831685
6.747900609552729e-05
0.35884448618839687
-4.2487899350087236e-05
-2.951352275201208e-07
0.14988217104443138
6.0287239881521663e-05
-6.5200368582349465e-06
4.481403747354393e-05
-0.00013799687334843807
0.00011697194660916364
8.154558930006548e-06
-1.6534064339286281e-06
-4.5724401213760184e-05
2.9724212791392615e-05
-0.00010927704160884482
3.4280989759993918e-06
-6.841836757525858e-07
0.3588860598209393
-7.76061564447207e-06
6.195231284327062e-05
0.1501681134730951
-8.936410280216538e-06
5.3201281751371184e-05
-5.660968847169436e-05
1.4675675263755833e-05
-0.00035544579196595643
5.8655941434939906e-05
-1.740938416640214e-05
3.46534265647416e-06
-6.553582196843339e-06
0.00010834547909733076
-8.260192282944588e-05
0.3588925267989923
-6.4436808285354275e-06
-8.925587493421013e-06
0.1498951318343796
-2.9655814574543132e-05
6.280448232572227e-05
1.331098371807536e-05
-9.342475594013001e-05
-8.80079981130393e-05
3.183227706963464e-05
-2.349051909925267e-05
-3.16080405158518e-05
7.498986704542177e-05
2.2364885753162603e-05
0.018282242242010097
0.0005762249819839847
-4.5565606539465885e-05
-2.1208472902854918e-05
0.00041582606909379373
0.00017690471285754618
-6.26931979053986e-05
-4.3080869292537815e-05
-1.2392419468741149e-05
-0.0003299135358929391
-0.00010581461755461255
4.755814746375543e-05
1.730889805082795e-05
0.018994698940864804
-1.387726852902067e-05
0.0002680216261157223
-0.0006303865295572934
5.463767068226904e-05
-0.0009712437513231662
-2.909903378309901e-05
-0.00011323878839467737
0.00022973236761167327
-1.8079883847812343e-05
0.00019029577592626472
-3.6128971609476655e-05
0.018142757411807556
0.0006548198881467132
0.0002744101644670227
-5.460014498672489e-05
0.0009913717482546657
-0.00022450319865070602
-0.00034038388965113595
-9.623656968433174e-05
-1.3568643430678715e-05
-0.0005482537207085205
6.21490174505813e-05
0.23114724230045092
-0.004191634541539225
0.000791478718562032
-0.023327951070597843
0.000551375208778595
-0.1952730296351776
0.0013842845421354563
-0.00030275558078891537
0.009084185712465219
-0.0002049643343807382
0.19236362650610656
0.0004178567963011985
-0.013598670975129502
0.003708119206309583
0.001415416131298337
-0.16666615767956264
-0.00014757699572909516
0.004704316303482366
-0.0013505708619411282
0.23732392754942142
0.002227497622614955
-0.0009654625124413848
-0.0002936137974808814
-0.00013933145413528658
-0.1997819070421827
-0.0008137000604946205
0.00040739668114672374
0.2056289008135428
0.0007319249635813068
0.009011581577251092
0.004709286436034366
-0.0008303067418871807
-0.1762613683220654
-0.000266270808869952
0.23613915780715727
-0.00021011149367276038
-0.0013219556187681533
0.0004090028207883967
-0.000274573478684653
-0.19909968858763555
0.041378199218800205
-0.00044715007652699427
0.00010778009353305061
-0.003359709504402129
7.89839368886735e-05
0.03634132904890546
4.616925436930609e-05
-0.0015556159475106526
0.0004631849044963457
0.04216051457552489
0.0002931383090244699
-0.00015630975548365395
0.03801088129882655
9.909194651441237e-05
0.04209061631942144
0.053354157764479514
0.28430499595995856
0.00021416915866521687
0.0002992343648051889
0.0004222672074118966
-0.00030140071168285746
-0.00044094100194096196
-0.0008121064446059795
0.003913820112157006
0.001565622842744021
1.4692640672533796e-05
-0.0015711016303765043
-0.00014474656502376002
-0.0007477849299862479
-0.0005445838494265535
1.7279222368659776e-05
0.0004816621888700255
5.991430253502588e-05
0.47832367852434915
-3.162873092093163e-05
-7.141380950414854e-05
-0.00011249002945459382
0.0004035082692336458
0.0005194878644356276
0.0009176856260611716
-0.0031132016250230003
-0.0011677867982669535
1.6585915919373567e-05
-0.00025951607159762995
0.00014074831895560217
0.0006310585988178662
0.0005074108295235745
2.8552139984964745e-05
-0.0007234877193347213
-2.7137731318840617e-05
0.39183497101403586
-6.106150633958136e-05
-4.176475478941534e-06
0.13952912496162248
-0.00010205063284200376
-1.2688262708207177e-05
0.00016790473509157493
0.0003590672934220227
0.00010501715661284476
0.00014238358475087215
-7.221149226608943e-06
-0.0001243447222115606
-0.00020586829299028828
-0.0001382332669319171
-5.584907623782406e-05
6.820828375195757e-06
0.39193776537590447
-3.313914127048141e-06
-0.00010552574061543494
0.13960564610422752
-8.446464867941465e-06
-1.9041411813416568e-05
0.000422231478961664
4.128024195188656e-06
0.0003502785166743112
7.987743833776873e-05
2.048602802538566e-05
-0.00022135059100217752
3.5190600011097128e-06
-0.0001697264728896113
-9.103271063197638e-05
0.3917744793787994
-1.3920152160616586e-05
-8.36155066501222e-06
0.1389938694243535
-0.00036446433958724434
3.822038816939468e-06
6.107389134819998e-05
-0.0007701738355975338
7.150201708046724e-05
0.00015233316990526
2.866862064704569e-06
-8.332709341561396e-05
0.0003488179650638545
-8.026481724545346e-05
0.015181718791763919
0.00017619708973531817
-6.251974050191378e-06
-0.0010289760186317242
-0.0007964510293434452
0.0003334992332369787
-0.0006007960226894139
-1.3518353406213451e-05
0.0002746606904804337
0.0004577518174379524
-0.0001260912902633749
0.0003077776449003795
-1.8173537896669367e-06
0.015923075985357076
1.7676393785489048e-06
-6.112024224093674e-05
-0.0019932795163686706
-9.717530957942177e-05
-0.0011667034390790284
-0.0001765581684776894
3.9177463826455835e-05
0.0008360940692574613
2.267145339408813e-05
0.0005116897800378464
1.3829287204527365e-05
0.015987771453665017
0.0012802769782939251
-7.161167667257113e-05
-0.0001081378169289312
0.002974467127028096
0.0003693758554934255
-0.0006809082755577291
2.2070266726369317e-05
-2.863604827516546e-06
-0.001449215691418343
-9.936126903756245e-05
0.2260787461580342
0.012922747431181995
0.0005704152615231948
-0.06789189286247306
0.0005879859400185347
-0.1613547322246074
-0.003996617223374421
-0.00015180139854352763
0.021032077294130862
-0.00018076115922444766
0.1358726986905645
0.0005089308200244421
-0.0041977248419543586
0.004468015946549448
-0.004002025190930945
-0.10545473349260741
-0.00017757300725837903
0.0011335307528062256
-0.0013865386579468475
0.24378877921647313
0.00025519314646347494
-4.6311317697691475e-05
-0.00016297039767727272
-0.00012482208419545895
-0.1709226309730154
-0.00014028769161878395
9.119198367492537e-05
0.15388625711373188
0.0025419326978357434
0.020499727860963764
0.001080348249434566
-0.00012059120683496074
-0.11776069786131842
-0.0007451606213151973
0.2410713557709031
-0.00018350768053514163
-0.001330428345905047
8.569894133073412e-05
-0.0007642388293656135
-0.16997626479207067
0.028960626357702197
0.0012210396138310864
4.1743967068196874e-05
-0.006000499552118635
5.777934297055097e-05
0.020633133420445166
3.584115210568886e-05
-0.00025310454831312237
0.0004020657756537243
0.03014113337513504
5.461918631833786e-05
-5.039429184251805e-05
0.022766875665829252
0.0002185228743301318
0.03014923681683896
0.8303300045731833
-0.037592524692347154
3.575734336100309e-05
7.305051603248592e-05
0.00018530228177058268
0.0001477714417644065
0.00041253669953378286
0.0006489154670642057
-0.001112192297539968
0.00031584598865566394
-2.117694293388241e-05
0.00013130325818157403
-0.0005530407711040297
0.00030509439458649646
-0.00014782262541039866
-3.800685872635416e-07
0.00018473280251300826
6.248626921279566e-05
0.011475108643803293
2.8868614345614428e-05
-3.156123484601481e-05
0.00013346062192046783
-0.0002031359932499478
-0.0007229789569475672
-0.0007579157510023212
0.0021715116682240808
-0.0003418744208588648
7.624463756670594e-05
-0.0007604571816678917
0.0012066515416285567
-0.0006421748124755823
0.00018919712961740475
-1.187445448722428e-05
-8.450515632780539e-05
-0.0003572752601014821
0.35884603686223737
3.574884668930543e-05
2.3889731403212325e-06
0.14987001780435602
-9.165938614108376e-06
-3.6311016553192395e-06
5.1072351487941225e-05
0.00016301026179556973
0.0001091238173517022
1.6979916165770386e-05
-1.1382518839118985e-05
-3.89495864059957e-05
-3.6095643641433295e-05
-0.00011843544864942611
-2.1925531587817395e-06
4.7011553072234225e-06
0.35889405364738064
2.991048777058282e-05
-9.825557776891274e-06
0.15016680368417443
1.2875135210340228e-05
-7.76450176873334e-06
1.8353230713135752e-05
-2.137018001719139e-05
0.00041214081253666466
5.1146695061887096e-05
5.676060943843199e-07
-1.7885977318195338e-05
8.187857693547684e-06
-0.00012399530255586714
-9.44880938936748e-05
0.3589129975968237
-3.307980814367638e-06
1.195026067900674e-05
0.1499176207151541
-0.0001483516698765983
-6.866370551415121e-05
7.04900835404539e-05
-0.0002812478834187404
4.01618178629723e-05
8.28193118325281e-05
2.427926629632278e-05
-4.2029761711097666e-05
0.00015396613043406785
-4.190536375019449e-06
0.018251948905932753
-0.0002365055380329908
-3.6040369174056356e-05
3.7990682575927567e-06
-0.0002718457544248892
9.707176448872164e-05
1.1800035387532997e-05
-1.618368055031935e-05
-1.3059592575186347e-05
0.00028290198837770266
-9.468411968485121e-05
1.5311162398440893e-05
-7.663771136211858e-07
0.01895798779415365
-0.00013136173746351222
-8.444656485194706e-05
-0.00033405028853578453
-7.485647535891091e-05
0.0012454524270168227
-0.0001140902060310125
5.92947604871042e-05
0.0001435652889085361
2.035277449827059e-05
-0.0002679411279913029
-2.7778870185528107e-05
0.01810065973544803
0.0003143686075394244
-0.00030373682196575347
0.00011564080399904785
0.0005018199317000658
0.00014300100222718653
-0.0002569487487278349
9.878926683832928e-05
-4.325279706218856e-05
-0.0004454884975480075
-6.0703031096629555e-05
0.23208568961190912
0.0012885392843483463
0.0007696971129156444
-0.020017989428043007
-0.0014240063676501766
-0.19591259608657896
-0.00034094376735238
-0.0002976020906542144
0.007922802965922805
0.0005966642819268681
0.19507322163776067
4.3012731031157904e-05
0.009172193791646634
0.003120436543749592
-0.0003675358326352186
-0.1685565318884873
-1.8265367626709672e-05
-0.003187556819043561
-0.0011428110497344796
0.23737168696994526
0.002062023460312644
0.0011047312299388027
-0.000294363786215103
-4.1463808588884094e-05
-0.1998253773291857
-0.0007811299857164346
-0.00043758472518987953
0.20942294247085042
-0.003718436168753344
0.007841895248430309
-0.0031964244271494033
-0.0007815462080915212
-0.17893061772514796
0.0014017138194277543
0.23616976476763202
0.000597367534853797
-0.0011347064678707336
-0.00043947679131603993
0.0014105972485243903
-0.19912699381423443
0.04148255225567251
9.647793105736865e-05
0.00010746379284293198
-0.0029528384142233893
-0.00023654650401075966
0.03665824325424039
1.552333743706858e-05
0.0010859164195770785
0.00039949145759650396
0.04216845179660084
0.0002816900340309881
0.0001706659634091986
0.038471922807155376
-0.0005124138270328934
0.042097113280081054
0.9994564044544607
0.028487459855346512
-0.0005629156593715293
0.00030084506033180335
2.025086870278974e-05
0.0058657043396741155
-0.0024351207586563433
-6.766717430720452e-05
0.0036685084136733478
0.0034170531835890088
-0.00018440701284640827
-0.004886107304039352
0.002591539998904173
-0.005149959307260065
-0.006445568501449849
0.0002119664789867396
0.006625216493386419
-0.006188168570476848
0.5207696155096888
0.006403794536019778
-0.0022520393569972217
0.0001339326492495639
0.037982387285561574
-0.023891057252141218
-0.013136536200480988
0.09984265419426902
0.008690676176203718
-0.012498798172394791
-0.19451156419144405
-0.07504288641415248
-0.317449323091671
-0.028269772026071015
0.032178977698153845
0.5092927585220292
0.17969655158382694
0.9966712728370076
6.360292863474337e-05
-2.021214386368829e-05
0.08077479767333928
-0.0008816526003788771
0.0002296178341490156
-0.038047621848348936
0.0037112164932732177
0.0018103660842502662
0.0027617823301212896
0.0014731243262842328
0.061889841034607734
-0.006199418175959915
-0.0031666208229856048
-0.004542330416157964
-0.002259252308416725
0.996108875821829
-0.00015570389067553854
-0.0009119376772421922
0.09375162791886177
0.0011067655468658595
-0.0025244684659453064
0.011658647885709446
0.0015844856066545415
0.004092530359975111
-0.0005184074234374219
0.004174695079232869
-0.020021790126757283
-0.0025956838344103825
-0.006802628962935554
0.0013268980562480138
0.996643163759899
0.00021293303895853887
0.0011469053500352804
0.08342269428735231
0.0016749039515852077
0.0016396235845987921
0.006261239937694484
0.000814244638515721
0.0038094564227224765
-0.0029290970910488797
-0.002715282856693133
-0.01096831402752626
-0.0011762301663961587
-0.006248611941633546
0.5909902131491034
-0.005432495030910202
0.004214300081336152
-1.1340534154431565
0.02360380489296741
0.04221894160082288
0.08909726867699354
0.040310361588598125
2.6815832335320375
-0.06366669270991755
-0.09963184739315141
-0.2125319952918121
-0.0837742355908891
0.6847579055124405
0.0743823780842081
-0.030658071069494443
0.42005986966477366
0.05847278904715689
0.03475802977490354
-0.04836198919627408
0.0715564744200189
-0.9727329790592842
-0.13636189004861426
-0.08781217977025364
0.17182664447454982
0.5307521959889226
0.025106228718098495
0.06579857662643
0.2431793571657689
0.04021294508768145
0.01718092647915348
-0.07254503396020066
-0.15552134114018645
-0.5511225590500313
-0.0953921691803479
-0.03727821388558246
1.735979857751803
-0.028103765495505657
-0.03243623870310581
-0.3308037637768416
-0.048965632611025336
-4.202574376066374
0.05065763230844353
0.058330725146807046
0.6826955027066517
0.05056266289891584
0.9965669917946686
0.07981295274240424
0.014597476264050776
0.015015609275386707
0.05045845190859396
-1.2489774681025982
-0.17201883495187736
-0.022177498239239108
0.013327727992603315
0.9513496265737553
0.03156700044607292
-0.020125285552187955
0.057891849887479606
-0.17226983110174676
-1.0841831420635923
-0.06127776536955439
0.06765181175953866
0.8488844554784412
0.0344485186893288
0.6822840244846731
-0.022396814680814465
-0.060976618524000895
-0.6590727879602972
-0.03690326025387846
1.7597027854849612
0.04910674338392281
0.010363498786282057
0.07022131579710839
-0.036618991153201906
-4.2106943177758485
5.3863068468088775
-0.0856511548608892
-0.09891253299936757
-1.381197135310241
0.02622092835079228
2.4744930133782095
0.3707219248477772
0.029094630904978443
-0.1414083809939797
2.343829073914829
0.11836478994479714
-0.19991560809854025
1.8925238092645715
-0.010430487571120018
5.166426775240774
0.8300107901289179
-0.03590959741876714
0.00017611053806986361
0.00011299172949879507
2.1999141887770957e-06
0.0007310080792467976
0.0005954534359133853
2.8411755555047814e-05
-0.003601002001417106
-0.0008986365677936554
-0.00010159610946370087
0.00179097858178991
-0.0008232870705549139
0.0010743985559169798
8.20948497623255e-05
9.359503562563599e-05
-0.0003689348837818065
0.00018929278416159615
0.01084458039139064
0.0006869287931027614
-4.131122494371761e-05
4.199166182760164e-05
-0.00028477311242996697
-0.0010405410248405802
8.088416091983952e-06
0.00839620593791543
0.001975150285983613
0.00026592949196880216
-0.0038934423964600154
0.0018552366147507322
-0.0027523279449794785
-0.0005955597922500678
-0.00012109861737778434
0.001172789427017203
-0.0005089277970642781
0.35936569798229734
5.64502845047955e-05
9.180363834446554e-06
0.15058812672217564
1.6970180018587444e-05
1.4048872188047445e-05
0.002327805184889046
0.00013678596895059714
0.00018448542428793637
-0.00012409522675405576
0.0001126874893704187
-0.0011676846096966831
-3.787986298805869e-05
-8.426336414076123e-05
5.2191694621010114e-05
-3.682365752948146e-05
0.35916484327330395
8.260830079946869e-06
2.0621215360452664e-05
0.15043411742908053
-3.110030400621691e-05
-0.00023263769780194348
6.145182809023078e-05
8.452009108103316e-05
4.366416165084474e-05
4.9707855339818996e-05
8.679057423865965e-05
-0.00016107896558441195
-2.9352626313032595e-05
1.4934468802471757e-05
-2.25349086270758e-05
0.35919644677490087
1.3021939322898495e-05
-3.091218770735736e-05
0.15038427131558788
7.530064384667135e-05
9.313882446851561e-05
0.00039797932910431527
-6.357786770547413e-05
0.0006190889363575981
-3.3243303725473334e-05
-3.228386433548855e-05
-0.00029812145980293443
2.471820180870602e-05
-0.00023540521605645018
0.017441115806128945
-0.00030754930957405173
3.724418104763041e-05
0.006354062824156521
0.0004517745995218946
0.0004776220925746769
-0.0004225319750700438
0.0004757865551280612
-0.001876026387098508
-0.00016052394130875567
-0.00011383043197772582
0.00012424169002540797
-0.0001378437570057513
0.018360467993995502
-0.00027089286664952244
-0.0003985909508695536
-0.0005445185747859261
0.0003496699302797348
-5.7424501447178995e-06
0.00021948578282156124
3.1344860471429335e-05
-1.5662809303379036e-05
-0.0001057411655791949
4.328210234501381e-05
-7.915284311373328e-05
0.01786694799377091
0.00016741267022588255
0.0003982505588179199
0.0008249297738614321
-0.00023719359112944676
0.0016719416548321789
-2.6822374492907427e-05
-0.0001231255621409296
-0.00046136708429349733
7.669547749450789e-05
-0.0003678794835320243
0.23247632535104296
-0.00013206706330061346
-0.0008224959938270971
0.001973974176487676
-0.0008056366763136301
-0.19597365031244648
-9.172940087681493e-05
0.00044038300886549696
-0.0009254040776664956
0.00031032030196446553
0.2357601667749002
-0.00047605121148172163
-2.775427927618809e-05
0.0009627787530832394
-0.000107902836704952
-0.19954701834205923
0.00012702967966689893
-4.835489971263415e-05
-0.00046346784654586196
0.2359447467558997
0.0004235573081923227
0.0035476078127095437
0.00044250574297467375
0.00012688607311911029
-0.1997394296756441
-0.00016850333146631481
-0.00135256771501759
0.2364888520867363
-0.0008491525942655478
-0.0008960970656883745
-5.3420120267871766e-05
-0.0001653455245597531
-0.20004985504902414
0.00034975304842462885
0.22912187518265614
0.0003145960445786278
-0.0004699130016477885
-0.0014011156357005212
0.00035512378025473533
-0.19208801761789848
0.04152005619430425
9.12750996724832e-05
-0.00019789102000946157
0.00035216419208349004
-8.855172131060199e-05
0.04231207493629464
-3.974088672216511e-05
4.415667236584721e-05
0.00020106365972330455
0.042345822739652886
6.217651747070464e-05
0.0005180251764592053
0.042394506748986316
-0.00014442103989934326
0.04063001664705841
1.0526370549372115
0.018858152135636953
0.0030141745732382525
3.885668165594595e-05
0.0008516702066160372
-0.002987010372149938
3.798034811125547e-05
-0.0006770639800417645
-0.013969385506561375
0.0001333236244468146
0.0036682422333095183
0.00392349778604387
0.0009403376767048696
0.006420306252088521
-5.958921547621359e-05
-0.0016989624913264232
-0.0009468340940935366
-0.00034809866795106737
0.015390387930004511
-0.004989564380846498
7.560684723412531e-05
-0.0012555065797408727
0.0023611407994683785
3.850985427463244e-05
0.0005061994983477026
0.015214751577829132
-0.0003303621523675688
-0.0033162004997903632
-0.00531759141477652
-0.0009329981417347787
-0.007569789202830883
0.0001341364123481982
0.0016675329592932312
0.0015272628060480705
0.0003542712957309103
0.5552802953160573
-7.824369586798238e-06
-7.909590609487124e-05
0.10024213521420673
-1.3786030377462064e-05
0.00016570342683834644
-0.025197493041558876
0.000353991244932492
0.00018157351152366168
0.0018084635086225024
0.0003460115804429939
0.011614739722060716
-0.00018768567702686005
7.027200649738942e-06
-0.000690439662192732
-0.00015532404180295338
0.5562161892848082
-1.8303574505563982e-05
-1.2866531157254199e-05
0.09922579964245323
2.7398215189902187e-05
-3.601185673513375e-05
0.0030136906042112126
-0.00017697354897037442
4.022531257020265e-05
-0.004612462413730286
1.222838112640666e-05
-0.0010603981033566617
5.066037572856796e-05
-0.00013048554015484702
0.00219207288740282
0.5558475465103895
0.00016009769930276817
2.7073124617124433e-05
0.0999143087617121
0.0023785867014421225
1.7111005139024107e-05
0.0017304567994168912
0.00036867195618952285
-6.384952330397827e-05
-0.001087727035140151
-2.345694495220292e-05
-0.000493849846376019
-6.204493051823037e-05
7.772245586797519e-05
0.005919874599969441
-8.288789827514236e-06
-8.640912106135924e-05
0.013148039885621816
-9.497475556806917e-05
-0.00017951485313975063
-0.0012107028193675702
-0.0001793891944801265
-0.006586603919342016
3.8600408589982265e-05
0.0001334749466428303
0.0004826882092181176
7.741904532526455e-05
0.005897083072836895
-8.729603578662979e-06
1.2669328381416032e-05
-0.000628724444985477
0.000138683801338075
0.0001866170717301228
0.0022270015276543097
2.0059111179242735e-05
0.00042002382552363513
-4.8225149522217775e-05
-5.2773323606907605e-05
-0.0010789273714703403
0.00577498844070111
-0.0011486689948138921
2.3768853969003025e-05
-4.1074378104366264e-05
-0.00035713539587740986
-3.0107552702256058e-05
0.0005681336246600961
-4.185912454614812e-06
9.631443397917389e-05
5.5103695298914605e-05
-3.946350180944457e-05
0.13867467662245714
0.00033215906875810257
-0.0017307322041490662
0.019955231349053623
0.0019747357218947697
-0.12680587715356675
-0.00010111129870809918
0.0010492888584636892
-0.007024244296902949
-0.000792162092352802
0.11961101560856224
-0.0007513486329483199
0.00021122241110922162
-0.002735478436421569
-9.8697913100862e-05
-0.10557119186663033
0.00026885744790594536
-9.801025176946425e-05
0.0017439395506726552
0.12134148575078252
-0.0017602138285675564
0.001076677238292384
0.0010518376479201304
0.00026751508347756857
-0.10660504300457233
0.0006667587746959122
-0.0003654320667736695
0.2693737454409197
0.016412531999171226
-0.007023425058405585
-0.00013465720212915849
0.0006503035738615856
-0.2154411611899934
-0.005966321657398658
0.11232484037446375
-0.000782992953915948
0.001718432140399082
-0.00035840922772957913
-0.005978508805939383
-0.10104891066882243
0.02921840618185012
2.3563706690423548e-05
-0.0006145480279796871
0.0023665086604761224
0.000316473490971204
0.023327646950577475
-8.893230061536362e-05
6.475021365996181e-05
-0.0010144404788438738
0.023438692960579707
-0.0002454400972932463
0.00011258232941108245
0.043227936799491426
0.002138868304907579
0.022851847211959538
0.05356183533869405
0.2850668921850249
-0.0012603771656165446
0.00039876096424754245
4.696161289557518e-05
0.0011668077831555558
-0.0009040562657622315
-0.00014452871769525625
0.004843333306943381
-0.0013327798431650758
-0.0004809016924030696
-0.0014124727040166964
-0.002101836982701659
-0.0016453750836346842
0.0002613587690653109
8.701274666748515e-05
0.0001930810320578758
0.0009052027993641133
0.4780689821045375
0.00030939783606280795
-0.00013144180060156992
-2.260272288600565e-05
-0.0018125856208792447
0.0008526766431652379
9.859175001553867e-05
-0.002357935187606429
0.0008760904633221324
0.00036377204886984524
0.0007064588301306203
0.0013917166135544062
0.001330504437992078
-0.0001248618509447701
-7.120872741890967e-05
-0.0008118562539763297
-0.0009674844149520904
0.39216861376054046
-1.834593761656622e-06
7.199427085761989e-06
0.14053612121771614
-4.607453436937826e-05
9.70577070049852e-06
-0.0026163697209850133
9.794209547647231e-05
-0.00017666726373979002
0.0002145001268103254
-0.00019069906682442488
0.001447188866991734
-9.33330870882279e-05
9.560434780649515e-05
-9.12006759610546e-05
5.869788063844799e-05
0.39224376514327947
0.00013835724275346417
-4.853113703875757e-05
0.14054394035986942
0.000316683190731305
-0.0003520868174926444
-0.0002056542486550454
-5.900119625716834e-05
0.00011533429246093172
0.00029522502258959543
0.00013565572957215734
0.0002468798245455295
2.1975010306619353e-05
-6.556255304797758e-05
-0.00010772618739030201
0.3920704829788161
9.313366927511123e-06
0.00030275395695054616
0.1400052035385167
-0.00016647854881554326
-9.396219425034676e-05
-0.00023815355494810012
4.238593209933412e-06
0.0008978737882554014
8.269567082332825e-05
3.226202397449051e-05
0.00029853315903336224
-5.530361689727253e-06
-0.00035969446438287897
0.01537964106107289
0.00021428294671748362
8.50636440440597e-05
0.002144114893184759
0.000960310005199671
0.0001553678077031032
-0.0011086561298223718
0.0014265850171017109
-0.0021596599321097583
-0.00021980711675704124
-0.00020136669639549706
0.0003879023761348244
-0.000484846184508971
0.015787849274080668
-0.0006391042949358811
0.0011198421859125922
0.0010988854742406534
7.739876535985434e-05
-0.00011337586631431552
-0.000658319714031595
-0.00048093770227316016
1.8610997815797615e-05
-8.60691005818796e-05
4.8864956620991634e-05
0.00027732622594155815
0.015526237585055095
-0.00019624790289271966
0.00027582268256773655
0.00010773386738638264
-0.00017701109942959133
-0.0030442782915744747
-7.449506015514994e-05
-0.00014697496745636856
0.00026875665466502964
5.748416253205351e-05
0.001270449151451859
0.18626706580431043
0.0012693196816704396
-0.008861848351567178
0.012610460745366082
-0.010372655178759484
-0.13778517101077112
-0.00030295045936687133
0.0025936526045766146
-0.003780683654626373
0.0029688031525940428
0.22901490516201092
0.001901122459428145
-0.0008641282026734856
0.001434266867811811
-0.0002725020288410985
-0.16363162349412816
-0.0006999737172151894
0.00023076800110235368
-0.000498886217489489
0.24165635357362272
0.00032504403309096766
-0.01682634020270956
0.0026066184161489224
-0.0007954688653327813
-0.17024334454435214
-0.0001378627246020638
0.005094226151187024
0.24024098985459894
-0.0029739926377325815
-0.0033808586697236576
0.00024379969642067037
-0.00010416133896178637
-0.1706395035241984
0.000992135310575486
0.14395259902355834
0.002776569168640536
-0.00042682605555583467
0.004945672029692686
0.0009593768345136684
-0.11089067929620051
0.025824884413352397
3.92484054830473e-05
-0.0006934022867728259
0.0009145742523848759
-0.0007075575648064198
0.029403988932341415
0.0002646246274527128
-5.966260286212544e-05
0.0001261213037053279
0.0301936610348229
3.4403507999441296e-05
-0.0014208293436990187
0.03043694357226196
-0.0003220175740222682
0.021557244565213834
0.9994384283294447
0.030230271521592283
-0.0004645447455377598
8.42439460938645e-05
-1.17520928445544e-05
0.0032093960059587324
-0.0007620146901938011
0.00015843235796481598
0.003230042712250133
-0.002253508184303633
0.0010589005390681545
-0.0012257326672658606
-0.0002637294569534092
-0.002508387296335183
0.00672490754016362
-0.0023452875569913204
0.005897199493190391
-0.00013622401260156576
0.5126676431074007
0.003424730332214926
-0.00047543815471178907
-2.7794954991699173e-05
0.0456135741877656
-0.0013484686196257466
0.02409630277669661
0.29950019955464136
0.1648084339281182
-0.017302238580318003
0.24678548212229012
-0.04136401245992664
-0.7329035045405791
-0.4114266755435913
0.04590457395727889
-0.5815989486407934
0.1071815136058179
0.9966697809685547
0.0003875488792610125
-4.522079501657695e-05
0.08395941967667431
-0.0032575859554172513
0.0002519648660396338
-0.00747914914008662
0.0034385721714217596
0.0014872343990947117
-0.004380783303496297
-0.0005406435699226279
0.011996498504265008
-0.005639582031686909
-0.002496295267710484
0.006566037881356282
0.0008986849217429115
0.9964184661913326
-0.00011634812401947198
-0.0032382987403339392
0.08901793930885216
0.0010346114370571055
0.0011488620661842465
-0.01013386249899229
-0.00045704642218595033
0.005087965618395281
0.001177019162093636
-0.0017183353151624871
0.01658057995778274
0.0007033323684305517
-0.008197824961736648
-0.0019992922934568475
0.9958942329444427
0.0002360683070489061
0.0010266640336646763
0.09814734891752301
0.00032670935372662823
-0.0004982627783037248
-0.00041734638854869823
0.0002326577498394222
-0.004264093373197292
-0.00020907306350316553
0.0007990291615198389
0.0010811065729556789
0.0001803979123619341
0.006913382479894683
0.5073229999991644
-0.12712397877696333
0.012516211793926759
-0.10694472379237445
0.10330069408145062
0.01189518873201675
-0.11180999568736157
-0.026312777271515837
0.2623018309388874
-0.2340860742521166
-0.03587218438270845
0.21465708886188303
0.0627106276858083
0.5862168058324463
0.022375032437031955
0.03518644879856959
-0.18051778277997582
-0.014209497071660797
0.13964337757356673
0.000690799319461831
-0.06879685870359314
0.44481184096734755
0.029590827088092544
-0.30900013233215007
-0.010541435998900027
0.7778837786774423
0.06697210700206772
-0.029532914341148207
0.1836002020735228
0.09170301401041962
-0.18774676535319593
-0.1311298882408778
0.06888895726696061
-0.38651557507569917
-0.16780846096690866
0.44399523131328367
1.053646566542537
-0.0384254617308252
-0.05465536385934806
1.0314958595703747
-0.04794108519136916
-1.3958931423548568
0.07373003648819228
0.10068191600911108
-1.9779529286666353
0.09186563032506923
1.91443181552388
0.03114665822515807
-0.3376496576987057
-0.10994172176557723
0.07764691619793837
-5.268705879952203
-0.06644201971026746
0.6624791992536586
0.23527952223131626
0.9609967054668114
-0.12804378393671698
-0.10351772814777753
0.10208116841974041
-0.06689383507937198
-1.190953399660357
0.2495795976895724
0.23082702402605665
2.0386345598621065
-0.06901197639030954
-1.9738698734860043
0.6576014783358997
0.24632559566139928
-5.265573873672314
0.13269270297179483
0.9702129019701169
0.09099493011204467
0.23540180350767534
0.22996857157894124
0.13240125025477276
-1.1740442712422052
2.505729355057829
-0.14445687235801732
-0.1765672954414283
3.5875772110213955
-0.16482626439634554
6.8189792150990876
0.1409353442517977
-1.249444469207376
-0.49848556733177557
2.509728119802077
-0.4569518354869763
-0.5098473943489965
6.161743696988645
-0.24339540921843295
2.4307672796300293
0.9994842606517871
0.029383897308607652
-0.0006731990567686523
-0.0001523332471533309
8.036953228455575e-05
0.004934633020262525
0.0012963324723775358
-0.0004987128915844741
0.004405557199835694
0.003553763046298907
0.000361661326860614
0.0012656720749981744
-0.00046049336603111587
-0.005137492988382775
-0.004662701058070883
-0.0011640064103458948
-0.00038884712930929515
0.0015779654656037437
0.4969110758763553
0.004911679714135036
0.0019051978874421367
-0.00036049004661470855
0.0673696362514275
0.004587200083365687
-0.038320970697852265
0.28116186071634575
0.19771259774318234
-0.03282469390755257
0.10551609571840265
0.03953381144242475
-0.6934747977465092
-0.4816512169271855
0.08134515263040386
-0.2474841317354175
-0.10590498719680787
0.9968222773442289
0.00033989974928093857
-7.229199006618625e-05
0.08092224711023235
-0.003446589660261111
0.000694833664202169
-0.010362770820067917
-0.00581913148809731
-0.0012431513785494948
-0.008118607390494486
-0.00014054439691744486
0.01700769323713817
0.009573022692778776
0.0022763446401423745
0.012644716592395362
0.00020633479747309295
0.9965342276956561
0.00011663794857178772
-0.0034509702850237453
0.08670194407607865
-0.001027515748683954
-0.0022362295884753433
-0.016706128865297633
-0.00021209447652922192
-0.00021329638759484706
-0.002045284217808215
0.003947168034015647
0.027187574415898294
0.0003955988437170071
0.0005263486211798856
0.003561708001869425
0.9961804297970853
0.0006905604389980055
-0.0010367880360732883
0.09334036707685761
-0.0012943221158418898
-0.0001885499670616909
0.00022879301906522244
-0.0030406376508184995
-0.002437240175934073
0.00204703614006445
0.00031440578281917485
0.00011211457779232
0.004861368195601352
0.0036382053027165166
0.5048416801756741
-0.14080058436982512
0.02729752293774757
-0.09518049232267058
-0.03365940050615582
-0.0035187044701120267
-0.24595514004357788
0.0007687529965917435
0.24136519555101033
0.09833561841847131
0.021468371204880904
0.5184113190389908
-0.003159828170518672
0.61299881721561
-0.01987064355538719
-0.1281266393005421
-0.29087607730163517
0.0001573418353755687
0.04079553380551694
-0.03121671213146303
0.3130875750882529
0.6728129227362916
0.0017716463500390453
-0.04135220929517712
0.08497479577135897
0.7258415627795265
-0.06408132450020952
0.005331297182914113
0.26248207374696286
-0.1332014740971952
-0.08903469156247976
0.13901264047935669
-0.011364821149417307
-0.566269114676837
0.2897396549231939
0.22507268762854138
1.0481357253458237
0.20970197850397476
-0.03424621175551586
0.8350810839378655
0.09260561159078592
-1.3572805409780926
-0.45472278581683
0.06923342155256426
-1.6088328789429571
-0.19299584552307514
1.8749301384475099
0.027873937989884093
-0.34894927824587757
0.00930298520125982
-0.45769318612800536
-4.880624768144937
-0.052660337823063175
0.6014220869176987
-0.015009711634780449
0.9586513769256766
-0.12219741304792517
-0.10166239830687626
0.06827108276789211
-0.05123628783773991
-1.1485456089616353
0.25429688689270613
0.22568556413511415
1.974106790704333
0.19746158608836056
-1.604684367625146
0.60191475738064
0.25596314301482687
-4.918195982954984
-0.4131298743737533
0.9743504637361928
-0.19260803201285362
-0.014647141033220798
0.22495604659910512
-0.41349666893313775
-1.166213473667956
2.4569584448450468
0.9939406229560372
-0.13635519177586303
2.911576510570108
0.39298618610120767
6.143280598498723
0.09241957067512825
-0.8892154497031413
0.022341295856407685
2.4377530803416745
-0.5288419025992747
-0.4905042377760961
5.694372310617788
0.8521476252291347
2.4071212181267034
1.0538103010140234
0.016033515086439947
0.003428125381911751
-0.00031634761185855056
-0.0006416105881134947
-0.0028342707101950046
0.00019831063306119251
0.00046548720402333826
0.0029003109273797152
-3.944756390221153e-05
-0.0010130212429284695
-0.008492109708936225
-0.0010373913763901447
-0.001462276391686551
-1.3433143170580479e-06
0.0005180323787440049
0.004019657149365653
0.0004557709033192405
0.01582990330168603
-0.005004861746450279
0.0003945300598210714
0.0008627738868728596
0.0024608328712830414
-0.0001867233832930976
-0.0004274497628078978
-0.002334341753060747
-0.00029469103903977914
0.0007933592794124217
0.008641595231271452
0.0011220326448084005
0.001307535824609144
0.0001648818866831667
-0.0004521468351067778
-0.004523281822359395
-0.0005198001930537313
0.5557984587096646
0.00030587488603960034
4.0419116255773604e-05
0.09871780004124947
-0.00024248137643481597
-7.82976930341955e-05
-0.0014036751574096934
0.0027534531752568528
9.115099246630023e-05
-0.00988237729902012
-0.0013351158212265286
0.0008672701700899694
-0.0011996712378326989
-4.2616750981193654e-05
0.004383321441337041
0.0005588918705291604
0.5560704784856887
2.2123041388176884e-05
-0.00023966749965065824
0.09802188134595599
-4.763218898221182e-06
0.003288282780604061
-0.018221281404990654
-0.0011818818461563447
0.0002736030784655308
-0.0004146006515444723
-0.001374458041004085
0.008281786859169577
0.0004977674479242212
-0.0001312612399567876
0.0001679445297969485
0.5559669681494696
-7.636235797995506e-05
-4.474327112436898e-06
0.09850767840479936
-0.001218219428679202
-0.0007070009845647861
0.002055878456163341
-0.0018772692544026981
-0.002208970978950308
0.0005685139154089288
0.000314018038020205
-0.0006386758712726927
0.000893892347231214
0.000920174330147811
0.00582825545360054
9.069231227631915e-05
3.105072283967348e-05
0.0007737197961372385
-0.0012731630155408897
-7.593648124026763e-05
0.004994874949353717
0.0006972882054467851
-0.00044233148342353234
0.0006093636738487019
4.4155173557176904e-05
-0.0024943311248002563
-0.0003128176411845274
0.00607845638628569
1.7345320290221128e-05
-0.0018355292159306378
0.009359720467675062
0.0006158847607207013
6.188950197834103e-05
0.00021331752188438584
0.0007909973572420825
-0.004682689142268676
-0.0002800604527324613
-3.89681704067902e-06
-8.777651293169838e-05
0.005784469685904669
0.0005355829705749345
0.0003464185964168282
-0.0010307136134793152
0.000817456551300265
0.0012190914485641674
-0.0002842360982623875
-0.00017607560313976004
0.0004214054010960168
-0.0004591661992792519
-0.0005101266565438735
0.14195953565270947
0.008273080185280572
0.006887074074769584
-0.00921857771101663
0.008217623244317337
-0.12097472555989902
-0.0029470130373816694
-0.002434133889031013
0.002573674915524485
-0.0030955675680713374
0.13226847148948095
-0.00024964224414865296
-0.0032658499166831087
0.0005678706769492562
-0.0029394623014678384
-0.12036019716394566
-9.303877585749938e-05
0.00112974349945559
-0.00021552600253694693
0.14601256220556494
0.005370251035541708
0.013430698793225818
-0.0024338063210366835
-9.42893444254265e-05
-0.12305776015221866
-0.0016610918225631952
-0.004972428055073689
0.13276855215867706
-0.0032034140447630465
0.002562905980378937
0.0011383351478824156
-0.0016617676542204163
-0.11891015560687375
0.0010053587813873266
0.13918012828952556
-0.003100697431897696
-0.00021917587201623987
-0.004979413084278899
0.0010004977286139458
-0.11853876198276628
0.02587679487422334
0.0009931851639241355
0.0008194492623021327
-0.00042047326083097144
0.0011616907113623399
0.02759734451664992
0.00013557759404865188
-0.00036748270982119437
7.65622221528929e-05
0.025980778224199037
0.00042273092921746097
0.0018227039902373354
0.02680572905604247
-0.00026621861020082566
0.025298204854141276
1.0545668160285844
0.01441844880918121
0.0019082172000141188
-0.0015674974606249364
0.0016964793080956808
-0.001632083407976357
0.0010671942152346572
-0.0011018256059873036
0.0006227187791619422
-0.0018905449163531063
0.0033896561680535303
-0.010670190126809916
-0.0031829678291529525
-0.0003237091843904675
0.0009594938270093752
-0.001657263327563088
0.0049807651015464985
0.0016532017340468398
0.01697910639061573
-0.0028614049872006386
0.0019457154406177328
-0.0021785334188913264
0.0013483075796274606
-0.0010490433499626786
0.0009842679279533542
-0.000447565530185477
0.0005145667451544544
-0.0032487557647440128
0.010509892635241002
0.0030808374961782616
0.0003380351079138873
-0.00042884752436990085
0.0016436429018983566
-0.005319499760372494
-0.0015523497645991789
0.5557520333067556
0.0010919537199540197
-5.0420794533410556e-06
0.09878042313076196
-0.0008809470748266762
0.00013095394626668725
0.0023162078057120334
0.012668453413310712
0.004761238189551974
-0.008751070180227694
0.002956856010328684
-0.0009180619494418536
-0.0057249337944177
-0.002070949773646346
0.0039048611000055953
-0.0013582580848480053
0.5560540866264694
0.0001477839636613548
-0.0008785563487551303
0.0981383661817834
-0.00022989135278924018
0.012846237010698853
-0.01496589695623825
0.00370923745886903
0.00019213342875781534
0.006377139817697526
-0.005600352701269909
0.006852764048477737
-0.0016743188569790077
-0.00011531400090542431
-0.0028417577403472122
0.5556848495252894
0.0001272042017731098
-0.0002251570214259473
0.09919376677879448
0.006497598278916993
0.0016850462463389349
0.0010997255380031474
0.011371524927027912
-0.0015769179750210083
-0.0029590885374871866
-0.0008244007914837605
-0.0003146501034360078
-0.005229680046711578
0.000776050850460338
0.0059481108033328
0.0003779408139511767
-5.948383897982499e-05
-0.0008851435229766843
-0.006032778793659576
-0.0025058229969988446
0.004306449184584266
-0.001328807184026922
0.0004307679167996883
0.003067013044336519
0.0012023688969753582
-0.002153550521673513
0.0006629330077208229
0.006193294288724096
8.364982858353045e-05
-0.006506945738423342
0.007480567161360502
-0.0017349749542748302
-2.2193470394142755e-05
-0.0032739234414178907
0.002991869557422821
-0.0037673294026982006
0.0008378074761743208
0.00010248444655219101
0.0016026210672001834
0.005798680872324983
-0.002982441657781016
-0.0006942849925901381
-0.0005085727950023365
-0.005161607224157078
0.0005966884527410579
0.0015215884870277432
0.0003928774482036369
0.00023844506039930334
0.0026830326882652652
-0.00031088283386439925
0.11594945581837231
0.004415680539195435
-0.005357322545902447
-0.002789343600817805
0.0005530427931081233
-0.1029501535773247
-0.0016190507237142594
0.0013802727239568765
0.0003201683613158383
-0.0006373331423126865
0.13144621459775088
0.0013172636163133347
-0.001958612712061475
-0.002507932926214164
-0.0016363982278346713
-0.12070683771840617
-0.001383172568345409
0.0005157461265133703
0.0018969580507242885
0.1264688225600118
-0.0009714529553603928
0.0160369244037557
0.0013616144119343802
-0.0013762791940553037
-0.10932338098131102
0.00021947376687257041
-0.00651489079470932
0.12759014437207145
-0.0027894381672570606
0.0003126855509377592
0.0005190764866036117
0.0002305391284858738
-0.11554431199595491
0.0021351592804282065
0.12391267376097909
-0.0006457700469567438
0.0019101256958416952
-0.006514736614450364
0.0021338979442574765
-0.10824904175705395
0.022938592336913446
0.0005632183368536744
-0.00015063380726210035
0.00034074954138944234
0.00045641689506201486
0.02793800640181596
0.0009978198284489397
-5.021485471230588e-05
-0.0012393190032799974
0.023679674151464585
-1.2865439860177881e-05
0.0026721492561850363
0.026345285859347756
-0.0013691855202705113
0.023709491747978925
1.0745795513854852
-0.2417626177531964
0.01376290454051463
0.016950009349047005
0.002120736742800849
-0.025677254698502596
-0.02054481561523061
-0.0007175988222624817
0.04057817854334664
-0.03753617131002166
-0.013028133355239628
0.002892951092959541
0.03827886170777235
0.01263475440299808
-0.00030668358274742684
1.2778619523815058
0.012413691299789838
-0.008495457440390437
-1.1566813465266674
-0.019529090796016637
0.00022306925186267067
1.2114144834972569
-0.005550291127856278
-0.019468623519070482
-0.9769426075885621
0.0009080182784109899
1.1158047389539947
-0.00018583597357944634
0.0006645473868693178
-0.5676121748147875
0.2933468219283815
0.020018780743475125
0.0011316112561761157
0.23385586023424376
0.0005874329122668194
0.10602632993495237
0.0
0.0
0.0
0.0
0.0
0.0
0.0
0.0
0.0
0.0
0.0
0.0
0.0
0.0
0.0
0.0
0.0
0.0
0.0
0.0
0.0
0.0
0.0
0.0
0.0
0.0
0.0
0.0
0.0
0.0
0.0
0.0
0.0
0.0
0.0
0.0
0.0
0.0
0.0
0.0
0.0
0.0
0.0
0.0
0.0
0.0
0.0
0.0
0.0
0.0
0.0
0.0
0.0
0.0
0.0
0.0
0.0
0.0
0.0
0.0
0.0
0.0
0.0
0.0
0.0
0.0
0.0
0.0
0.0
0.0
0.0
0.0
0.0
0.0
0.0
0.0
0.0
0.0
0.0
0.0
0.0
0.0
0.0
0.0
0.0
0.0
0.0
0.0
0.0
0.0
0.0
0.0
0.0
0.0
0.0
0.0
0.0
0.0
0.0
0.0
0.0
0.0
0.0
0.0
0.0
0.0
0.0
0.0
0.0
0.0
0.0
0.0
0.0
0.0
0.0
0.0
0.0
0.0
0.0
0.0
0.0
0.0
0.0
0.0
0.0
0.0
0.0
0.0
0.0
0.0
0.0
0.0
0.0
0.0
0.0
1.0710654631328782
-0.21914797611244669
0.026781657743734203
0.01680506510286313
0.005616088102799071
-0.056154788424639925
-0.01974306133086906
-0.00509000672627158
0.04969850994186331
-0.0873557389883454
-0.0116305314806062
-0.0013885352215902607
0.0363324990071909
0.01214700967971232
0.0010709349437730158
1.1586288962100484
0.009470914256002199
-0.05211150380737788
-1.085606786536071
-0.019571039456125514
0.006986507982465856
1.1836002021400407
0.0012774700320741235
-0.019093473497748377
-0.9359602248023551
0.0002519089026226766
1.1432001529252476
0.003402823743761757
0.0003159873829420119
-0.5157834948032236
0.29072071476216677
0.019620956952328746
-0.00183790275364938
0.22151304177075096
-0.0001797865380858804
0.0931312487387494
0.0
0.0
0.0
0.0
0.0
0.0
0.0
0.0
0.0
0.0
0.0
0.0
0.0
0.0
0.0
0.0
0.0
0.0
0.0
0.0
0.0
0.0
0.0
0.0
0.0
0.0
0.0
0.0
0.0
0.0
0.0
0.0
0.0
0.0
0.0
0.0
0.0
0.0
0.0
0.0
0.0
0.0
0.0
0.0
0.0
0.0
0.0
0.0
0.0
0.0
0.0
0.0
0.0
0.0
0.0
0.0
0.0
0.0
0.0
0.0
0.0
0.0
0.0
0.0
0.0
0.0
0.0
0.0
0.0
0.0
0.0
0.0
0.0
0.0
0.0
0.0
0.0
0.0
0.0
0.0
0.0
0.0
0.0
0.0
0.0
0.0
0.0
0.0
0.0
0.0
0.0
0.0
0.0
0.0
0.0
0.0
0.0
0.0
0.0
0.0
0.0
0.0
0.0
0.0
0.0
0.0
0.0
0.0
0.0
0.0
0.0
0.0
0.0
0.0
0.0
0.0
0.0
0.0
0.0
0.0
0.0
0.0
0.0
0.0
0.0
0.0
0.0
0.0
0.0
0.0
0.0
0.0
0.0
0.0
0.0
1.0726879649873258
-0.23612619665723927
0.021162497500896573
-0.021584258013644424
-0.007219813491864765
-0.03856698518617682
0.027189940118240042
0.007245551881201754
0.0398999506114217
-0.054255414049167346
0.020165862544376918
0.0030080020420960737
0.04554152743035278
-0.015487233506087751
-0.002572617224612224
1.2648988185410635
0.011955122485002379
0.03265122916966136
-1.1168465131605438
0.008394724564048441
-0.004900506275569164
1.2001786601301656
0.0005549702817895744
0.008435023400326947
-0.9670642961375568
-0.002169827408167285
1.08260390852278
-0.0027875437206012215
-0.00225617500249269
-0.5655642151112455
0.27982238175551083
-0.014477174397921497
0.001669955627014063
0.22994442125540573
0.0007495087194359576
0.10412933657839471
0.0
0.0
0.0
0.0
0.0
0.0
0.0
0.0
0.0
0.0
0.0
0.0
0.0
0.0
0.0
0.0
0.0
0.0
0.0
0.0
0.0
0.0
0.0
0.0
0.0
0.0
0.0
0.0
0.0
0.0
0.0
0.0
0.0
0.0
0.0
0.0
0.0
0.0
0.0
0.0
0.0
0.0
0.0
0.0
0.0
0.0
0.0
0.0
0.0
0.0
0.0
0.0
0.0
0.0
0.0
0.0
0.0
0.0
0.0
0.0
0.0
0.0
0.0
0.0
0.0
0.0
0.0
0.0
0.0
0.0
0.0
0.0
0.0
0.0
0.0
0.0
0.0
0.0
0.0
0.0
0.0
0.0
0.0
0.0
0.0
0.0
0.0
0.0
0.0
0.0
0.0
0.0
0.0
0.0
0.0
0.0
0.0
0.0
0.0
0.0
0.0
0.0
0.0
0.0
0.0
0.0
0.0
0.0
0.0
0.0
0.0
0.0
0.0
0.0
0.0
0.0
0.0
0.0
0.0
0.0
0.0
0.0
0.0
0.0
0.0
0.0
0.0
0.0
0.0
0.0
0.0
0.0
0.0
0.0
0.0
1.0711322730227217
-0.22421413580700966
0.023639660730257323
-0.020425010714958235
0.003811944125667123
-0.035111340446944646
0.025456268858398197
-0.00915894063313001
0.044642663131115694
-0.0383604144862057
0.018302350496282118
-0.013251037204629347
0.03294713546114813
-0.014929265171008323
0.001758770406796967
1.2485168858741122
0.0016860882585994599
-0.024020855300857208
-1.1194693357236862
0.009492081716912447
0.006942838301713766
1.20621829044325
0.0007181113721109273
0.009544248184759359
-0.9337209928707852
0.0002329839769589341
1.1834347082971712
0.005216157930820358
0.00029648101054412983
-0.49395134748474107
0.2882222977008735
-0.013279222978079989
-0.0016268100302488154
0.21976619924893376
-0.0001942066775391789
0.09047566300611226
0.0
0.0
0.0
0.0
0.0
0.0
0.0
0.0
0.0
0.0
0.0
0.0
0.0
0.0
0.0
0.0
0.0
0.0
0.0
0.0
0.0
0.0
0.0
0.0
0.0
0.0
0.0
0.0
0.0
0.0
0.0
0.0
0.0
0.0
0.0
0.0
0.0
0.0
0.0
0.0
0.0
0.0
0.0
0.0
0.0
0.0
0.0
0.0
0.0
0.0
0.0
0.0
0.0
0.0
0.0
0.0
0.0
0.0
0.0
0.0
0.0
0.0
0.0
0.0
0.0
0.0
0.0
0.0
0.0
0.0
0.0
0.0
0.0
0.0
0.0
0.0
0.0
0.0
0.0
0.0
0.0
0.0
0.0
0.0
0.0
0.0
0.0
0.0
0.0
0.0
0.0
0.0
0.0
0.0
0.0
0.0
0.0
0.0
0.0
0.0
0.0
0.0
0.0
0.0
0.0
0.0
0.0
0.0
0.0
0.0
0.0
0.0
0.0
0.0
0.0
0.0
0.0
0.0
0.0
0.0
0.0
0.0
0.0
0.0
0.0
0.0
0.0
0.0
0.0
0.0
0.0
0.0
0.0
0.0
0.0
1.053735624176825
-0.16830047172524729
-0.132413177568934
0.020401594592074693
0.00012278408805837935
0.19674518773709151
-0.02290726416940138
-0.0006741484541353367
0.03131431716600922
0.2388291669192724
-0.01295876755432404
0.0016167389910416836
-0.12255957845664936
0.013199458704852025
-2.5119627042163114e-05
0.9281734029245314
-0.0029243907168804203
-0.03038012069752446
-0.6917398466675603
0.009053505570025756
0.002618308944537825
1.056444208826797
-0.003744026946613943
0.008150223405924069
-0.8415190505699793
-7.328540116973445e-05
1.0258119045338119
0.0010274963988515624
-0.00044494140493761894
-0.42645674215583196
0.16150657328063095
-0.014530484286885552
0.00028867189471534034
0.1928099439101361
0.00035911551634642565
0.06849214131813411
0.0
0.0
0.0
0.0
0.0
0.0
0.0
0.0
0.0
0.0
0.0
0.0
0.0
0.0
0.0
0.0
0.0
0.0
0.0
0.0
0.0
0.0
0.0
0.0
0.0
0.0
0.0
0.0
0.0
0.0
0.0
0.0
0.0
0.0
0.0
0.0
0.0
0.0
0.0
0.0
0.0
0.0
0.0
0.0
0.0
0.0
0.0
0.0
0.0
0.0
0.0
0.0
0.0
0.0
0.0
0.0
0.0
0.0
0.0
0.0
0.0
0.0
0.0
0.0
0.0
0.0
0.0
0.0
0.0
0.0
0.0
0.0
0.0
0.0
0.0
0.0
0.0
0.0
0.0
0.0
0.0
0.0
0.0
0.0
0.0
0.0
0.0
0.0
0.0
0.0
0.0
0.0
0.0
0.0
0.0
0.0
0.0
0.0
0.0
0.0
0.0
0.0
0.0
0.0
0.0
0.0
0.0
0.0
0.0
0.0
0.0
0.0
0.0
0.0
0.0
0.0
0.0
0.0
0.0
0.0
0.0
0.0
0.0
0.0
0.0
0.0
0.0
0.0
0.0
0.0
0.0
0.0
0.0
0.0
0.0
1.0536480756138076
-0.16842193805144084
-0.131060253398795
0.020462368895673422
-0.0006484966937444332
0.19663549651139334
-0.02333779723763218
0.0009087906304904876
0.03157967181218163
0.24420473232417106
-0.015013331127230151
0.003657466974326153
-0.12409249828126438
0.013517225735049978
-0.0012026893469841808
0.9179005028085726
0.004150358459359732
-0.023480930373487252
-0.7010413381325885
0.011438867473404037
-0.00230897285289353
1.0511486916132402
0.009031535247592874
0.010381333636857993
-0.8410864279585883
0.00021475011412680383
1.0021588147241303
-0.0039675935472393824
0.0011246803344645154
-0.4221978431125203
0.16407833946684275
-0.015621582240078676
0.002398473665849868
0.19312673416406886
-0.0007514675013059431
0.0686740499077968
0.0
0.0
0.0
0.0
0.0
0.0
0.0
0.0
0.0
0.0
0.0
0.0
0.0
0.0
0.0
0.0
0.0
0.0
0.0
0.0
0.0
0.0
0.0
0.0
0.0
0.0
0.0
0.0
0.0
0.0
0.0
0.0
0.0
0.0
0.0
0.0
0.0
0.0
0.0
0.0
0.0
0.0
0.0
0.0
0.0
0.0
0.0
0.0
0.0
0.0
0.0
0.0
0.0
0.0
0.0
0.0
0.0
0.0
0.0
0.0
0.0
0.0
0.0
0.0
0.0
0.0
0.0
0.0
0.0
0.0
0.0
0.0
0.0
0.0
0.0
0.0
0.0
0.0
0.0
0.0
0.0
0.0
0.0
0.0
0.0
0.0
0.0
0.0
0.0
0.0
0.0
0.0
0.0
0.0
0.0
0.0
0.0
0.0
0.0
0.0
0.0
0.0
0.0
0.0
0.0
0.0
0.0
0.0
0.0
0.0
0.0
0.0
0.0
0.0
0.0
0.0
0.0
0.0
0.0
0.0
0.0
0.0
0.0
0.0
0.0
0.0
0.0
0.0
0.0
0.0
0.0
0.0
0.0
0.0
0.0
1.053584502766242
-0.1678950353211979
-0.13161296400255604
-0.020746714372623987
-0.0030123301682199195
0.19740778536464754
0.023114276220433994
0.003789722006626057
0.031494911483221866
0.2403836392646663
0.014248402745125921
0.006576067124434268
-0.1228118921663161
-0.013674381845471666
-0.0017579024118583308
0.9388656683391898
-0.007162114178632545
-0.03184304468355178
-0.692412168861241
-0.01065949389613374
-0.0006258098742297808
1.0389705535354992
-0.004009559771944792
-0.009587683372112415
-0.8423967619434435
0.00010853312174045917
1.0133156666702625
-0.002485731682473159
-0.00021770045929332823
-0.42664716231865346
0.16111158656784308
0.01586302113589402
0.002221252044547271
0.1939338716785237
0.00018549942173664164
0.06931732919075859
0.0
0.0
0.0
0.0
0.0
0.0
0.0
0.0
0.0
0.0
0.0
0.0
0.0
0.0
0.0
0.0
0.0
0.0
0.0
0.0
0.0
0.0
0.0
0.0
0.0
0.0
0.0
0.0
0.0
0.0
0.0
0.0
0.0
0.0
0.0
0.0
0.0
0.0
0.0
0.0
0.0
0.0
0.0
0.0
0.0
0.0
0.0
0.0
0.0
0.0
0.0
0.0
0.0
0.0
0.0
0.0
0.0
0.0
0.0
0.0
0.0
0.0
0.0
0.0
0.0
0.0
0.0
0.0
0.0
0.0
0.0
0.0
0.0
0.0
0.0
0.0
0.0
0.0
0.0
0.0
0.0
0.0
0.0
0.0
0.0
0.0
0.0
0.0
0.0
0.0
0.0
0.0
0.0
0.0
0.0
0.0
0.0
0.0
0.0
0.0
0.0
0.0
0.0
0.0
0.0
0.0
0.0
0.0
0.0
0.0
0.0
0.0
0.0
0.0
0.0
0.0
0.0
0.0
0.0
0.0
0.0
0.0
0.0
0.0
0.0
0.0
0.0
0.0
0.0
0.0
0.0
0.0
0.0
0.0
0.0
1.0539178567695402
-0.1690672081915072
-0.1294787704750135
-0.020152810689344856
0.0032855013828231128
0.19696217786317205
0.02345395819917811
-0.003919606326023283
0.03141253732156769
0.2310046503706774
0.01572669039068299
-0.00846822275243414
-0.11975254330624989
-0.013532211077715047
0.002288859637777554
1.0004220581442425
-0.0038749726225503402
0.050401669150744434
-0.6923394862700326
-0.01194406280702092
-0.00034375235832906977
1.0720828185510578
0.00145195931538836
-0.011153441807392432
-0.8402647131045312
-0.00031919847955319005
0.9128065031358037
0.0023648877840867113
-0.00010786132509874728
-0.42711638325493706
0.157479958527734
0.015675198017713183
-0.002958387935361293
0.19192063568171921
-1.772085513902812e-05
0.07269522261108208
0.0
0.0
0.0
0.0
0.0
0.0
0.0
0.0
0.0
0.0
0.0
0.0
0.0
0.0
0.0
0.0
0.0
0.0
0.0
0.0
0.0
0.0
0.0
0.0
0.0
0.0
0.0
0.0
0.0
0.0
0.0
0.0
0.0
0.0
0.0
0.0
0.0
0.0
0.0
0.0
0.0
0.0
0.0
0.0
0.0
0.0
0.0
0.0
0.0
0.0
0.0
0.0
0.0
0.0
0.0
0.0
0.0
0.0
0.0
0.0
0.0
0.0
0.0
0.0
0.0
0.0
0.0
0.0
0.0
0.0
0.0
0.0
0.0
0.0
0.0
0.0
0.0
0.0
0.0
0.0
0.0
0.0
0.0
0.0
0.0
0.0
0.0
0.0
0.0
0.0
0.0
0.0
0.0
0.0
0.0
0.0
0.0
0.0
0.0
0.0
0.0
0.0
0.0
0.0
0.0
0.0
0.0
0.0
0.0
0.0
0.0
0.0
0.0
0.0
0.0
0.0
0.0
0.0
0.0
0.0
0.0
0.0
0.0
0.0
0.0
0.0
0.0
0.0
0.0
0.0
0.0
0.0
0.0
0.0
0.0
1.0783051446199887
-0.2491136206992614
-0.0008721645327638765
0.020244154062134773
0.03590065721610143
-0.009009832006753957
-0.029591431318841163
-0.0455043365834658
0.04430449156321332
-0.026042724359467
-0.027079242689048925
-0.03524688833303813
0.0030570640056210873
0.0013900539000068165
0.011187783437924538
1.1001826568370114
-0.018637290609707823
0.05716618129607932
-0.6203026593335452
-0.0015938097405040065
-0.00392833402838908
1.2836422623722354
0.0766423486821695
-0.0008179691540241493
-1.0119645660334018
-0.006832417845090737
1.2775494274700585
-0.007391830945843447
-0.007348400657578052
-1.202516794545847
0.11972519696712752
0.002892453007392788
-0.000293887281460371
0.23028621007008054
-0.007040966523558504
0.31943077314200136
0.0
0.0
0.0
0.0
0.0
0.0
0.0
0.0
0.0
0.0
0.0
0.0
0.0
0.0
0.0
0.0
0.0
0.0
0.0
0.0
0.0
0.0
0.0
0.0
0.0
0.0
0.0
0.0
0.0
0.0
0.0
0.0
0.0
0.0
0.0
0.0
0.0
0.0
0.0
0.0
0.0
0.0
0.0
0.0
0.0
0.0
0.0
0.0
0.0
0.0
0.0
0.0
0.0
0.0
0.0
0.0
0.0
0.0
0.0
0.0
0.0
0.0
0.0
0.0
0.0
0.0
0.0
0.0
0.0
0.0
0.0
0.0
0.0
0.0
0.0
0.0
0.0
0.0
0.0
0.0
0.0
0.0
0.0
0.0
0.0
0.0
0.0
0.0
0.0
0.0
0.0
0.0
0.0
0.0
0.0
0.0
0.0
0.0
0.0
0.0
0.0
0.0
0.0
0.0
0.0
0.0
0.0
0.0
0.0
0.0
0.0
0.0
0.0
0.0
0.0
0.0
0.0
0.0
0.0
0.0
0.0
0.0
0.0
0.0
0.0
0.0
0.0
0.0
0.0
0.0
0.0
0.0
0.0
0.0
0.0
1.0760649767117234
-0.2386009915436341
-0.00024149746065257402
-0.01788862601976775
0.025365242217905648
-0.007744636768737102
0.015090919272611343
-0.033131597755447155
0.05029537372510194
-0.019516779426512823
-0.00279877306795252
-0.029557253734422365
0.0008316281715026412
-0.01319459076444166
0.016325440708817883
1.177443811625175
-0.010446004905241682
0.05988963293711764
-0.5731831668081359
0.0003514981580995918
-0.006788262738077574
1.247063445022195
0.009813906711493651
0.0003637353244242643
-0.9933244866387912
0.008194715852661311
1.250843742461559
-0.010101705853527446
0.008441512153853158
-1.1768931720942488
0.10454419854320093
-0.00014360524541924102
-0.00010824215995605927
0.23452818062202588
-0.016836784564070454
0.31549410655475923
0.0
0.0
0.0
0.0
0.0
0.0
0.0
0.0
0.0
0.0
0.0
0.0
0.0
0.0
0.0
0.0
0.0
0.0
0.0
0.0
0.0
0.0
0.0
0.0
0.0
0.0
0.0
0.0
0.0
0.0
0.0
0.0
0.0
0.0
0.0
0.0
0.0
0.0
0.0
0.0
0.0
0.0
0.0
0.0
0.0
0.0
0.0
0.0
0.0
0.0
0.0
0.0
0.0
0.0
0.0
0.0
0.0
0.0
0.0
0.0
0.0
0.0
0.0
0.0
0.0
0.0
0.0
0.0
0.0
0.0
0.0
0.0
0.0
0.0
0.0
0.0
0.0
0.0
0.0
0.0
0.0
0.0
0.0
0.0
0.0
0.0
0.0
0.0
0.0
0.0
0.0
0.0
0.0
0.0
0.0
0.0
0.0
0.0
0.0
0.0
0.0
0.0
0.0
0.0
0.0
0.0
0.0
0.0
0.0
0.0
0.0
0.0
0.0
0.0
0.0
0.0
0.0
0.0
0.0
0.0
0.0
0.0
0.0
0.0
0.0
0.0
0.0
0.0
0.0
0.0
0.0
0.0
0.0
0.0
0.0
1.072653133940117
-0.23762608984315708
-0.0010699669414215916
-0.020058258646064427
0.05925678538865558
-0.008203707955107204
0.02916123467225369
-0.07291082922404372
0.04003840393708091
-0.025199924051334335
0.02562535732520619
-0.0524860600093135
0.0025734185169231797
-0.0008783849103327539
0.028469032676139337
1.0214873350617362
0.025631748346719056
0.06289081244669413
-0.5878271018949184
0.0025105254666818585
-0.0034839897093616764
1.2580899817596174
-0.07830810037713688
0.0013348296432922973
-0.9804297504480362
0.0077859425824722975
1.2402818068951156
-0.0069720571561311135
0.007856659271467954
-1.1388122331668846
0.11386857356383241
-0.0033497662068445668
-0.0010347699840765772
0.22040568233921778
0.006895701622875
0.29232534019003115
0.0
0.0
0.0
0.0
0.0
0.0
0.0
0.0
0.0
0.0
0.0
0.0
0.0
0.0
0.0
0.0
0.0
0.0
0.0
0.0
0.0
0.0
0.0
0.0
0.0
0.0
0.0
0.0
0.0
0.0
0.0
0.0
0.0
0.0
0.0
0.0
0.0
0.0
0.0
0.0
0.0
0.0
0.0
0.0
0.0
0.0
0.0
0.0
0.0
0.0
0.0
0.0
0.0
0.0
0.0
0.0
0.0
0.0
0.0
0.0
0.0
0.0
0.0
0.0
0.0
0.0
0.0
0.0
0.0
0.0
0.0
0.0
0.0
0.0
0.0
0.0
0.0
0.0
0.0
0.0
0.0
0.0
0.0
0.0
0.0
0.0
0.0
0.0
0.0
0.0
0.0
0.0
0.0
0.0
0.0
0.0
0.0
0.0
0.0
0.0
0.0
0.0
0.0
0.0
0.0
0.0
0.0
0.0
0.0
0.0
0.0
0.0
0.0
0.0
0.0
0.0
0.0
0.0
0.0
0.0
0.0
0.0
0.0
0.0
0.0
0.0
0.0
0.0
0.0
0.0
0.0
0.0
0.0
0.0
0.0
1.0704460437178882
-0.2272480294058511
-0.0008325585415304874
0.0177221296648939
0.048398481872084016
-0.006518526551214502
-0.014494147465288038
-0.05928389223700326
0.04573249546233866
-0.01756231964190551
0.003594573541008393
-0.04475712004959084
0.0002294895400919168
0.012712081151620995
0.03329473943511506
1.1425937782162416
0.012361098654587769
0.06694526178268302
-0.5401280096216057
0.00028971260960656013
-0.005736085835462571
1.21574405159335
-0.01069711715419706
0.00020640432698815206
-0.9649260166066929
-0.006676838074315649
1.2098827964977057
-0.009277482399516047
-0.0071358568923653755
-1.1152986000512706
0.09689556967564356
-0.0002533113307530509
-0.0009300251756182432
0.22613767034520071
0.01601712109075178
0.28956749546786503
0.0
0.0
0.0
0.0
0.0
0.0
0.0
0.0
0.0
0.0
0.0
0.0
0.0
0.0
0.0
0.0
0.0
0.0
0.0
0.0
0.0
0.0
0.0
0.0
0.0
0.0
0.0
0.0
0.0
0.0
0.0
0.0
0.0
0.0
0.0
0.0
0.0
0.0
0.0
0.0
0.0
0.0
0.0
0.0
0.0
0.0
0.0
0.0
0.0
0.0
0.0
0.0
0.0
0.0
0.0
0.0
0.0
0.0
0.0
0.0
0.0
0.0
0.0
0.0
0.0
0.0
0.0
0.0
0.0
0.0
0.0
0.0
0.0
0.0
0.0
0.0
0.0
0.0
0.0
0.0
0.0
0.0
0.0
0.0
0.0
0.0
0.0
0.0
0.0
0.0
0.0
0.0
0.0
0.0
0.0
0.0
0.0
0.0
0.0
0.0
0.0
0.0
0.0
0.0
0.0
0.0
0.0
0.0
0.0
0.0
0.0
0.0
0.0
0.0
0.0
0.0
0.0
0.0
0.0
0.0
0.0
0.0
0.0
0.0
0.0
0.0
0.0
0.0
0.0
0.0
0.0
0.0
0.0
0.0
0.0
1.0785442941428973
-0.24959688017723483
-0.0008379166961162252
0.0202712326348024
-0.03493970259063322
-0.007715042781869103
-0.029275823522726372
0.04504370627574326
0.04446820530996646
-0.02248104379377661
-0.02593095206484344
0.03621602981734684
0.002913529026032481
0.0014350339951947684
-0.01074124056846723
1.1046043536261931
-0.016402936280989096
-0.055177220611922616
-0.6237168932388658
-0.0008217700790214802
0.0061695276158852405
1.285192794832723
-0.07894067397401007
-0.00018895661063407285
-1.013943272693239
0.006316253966007696
1.2790637046607802
0.009332837041912864
0.006988683801466101
-1.203231054674177
0.12002979641067324
0.0026584034503379103
-0.0009637535366724135
0.2307906740926323
0.007386107899794785
0.32003568386249
0.0
0.0
0.0
0.0
0.0
0.0
0.0
0.0
0.0
0.0
0.0
0.0
0.0
0.0
0.0
0.0
0.0
0.0
0.0
0.0
0.0
0.0
0.0
0.0
0.0
0.0
0.0
0.0
0.0
0.0
0.0
0.0
0.0
0.0
0.0
0.0
0.0
0.0
0.0
0.0
0.0
0.0
0.0
0.0
0.0
0.0
0.0
0.0
0.0
0.0
0.0
0.0
0.0
0.0
0.0
0.0
0.0
0.0
0.0
0.0
0.0
0.0
0.0
0.0
0.0
0.0
0.0
0.0
0.0
0.0
0.0
0.0
0.0
0.0
0.0
0.0
0.0
0.0
0.0
0.0
0.0
0.0
0.0
0.0
0.0
0.0
0.0
0.0
0.0
0.0
0.0
0.0
0.0
0.0
0.0
0.0
0.0
0.0
0.0
0.0
0.0
0.0
0.0
0.0
0.0
0.0
0.0
0.0
0.0
0.0
0.0
0.0
0.0
0.0
0.0
0.0
0.0
0.0
0.0
0.0
0.0
0.0
0.0
0.0
0.0
0.0
0.0
0.0
0.0
0.0
0.0
0.0
0.0
0.0
0.0
1.075791793915911
-0.23786951555630398
-5.793975262851428e-05
-0.017752557760435644
-0.026579673851538647
-0.010168980231917047
0.01479735739531122
0.033745347397228814
0.05003340515686712
-0.024851894414798206
-0.003375572891456847
0.02850349520767987
0.001452861568433202
-0.013066821622155432
-0.01697984029077237
1.1818627068540548
-0.008734332112754034
-0.06143827375547308
-0.5651913205852642
-5.727946542674699e-05
0.0035092325935970853
1.2428601461764823
-0.007310551271386739
0.00014536714337442058
-0.9909860712590439
-0.0074865905201595235
1.2485756878018635
0.007325185906890183
-0.007811944649340766
-1.1759925161480043
0.10325584494696981
-0.00011820933152949012
0.0016259553331983724
0.23407863538116636
0.01628377017074534
0.31491098752043817
0.0
0.0
0.0
0.0
0.0
0.0
0.0
0.0
0.0
0.0
0.0
0.0
0.0
0.0
0.0
0.0
0.0
0.0
0.0
0.0
0.0
0.0
0.0
0.0
0.0
0.0
0.0
0.0
0.0
0.0
0.0
0.0
0.0
0.0
0.0
0.0
0.0
0.0
0.0
0.0
0.0
0.0
0.0
0.0
0.0
0.0
0.0
0.0
0.0
0.0
0.0
0.0
0.0
0.0
0.0
0.0
0.0
0.0
0.0
0.0
0.0
0.0
0.0
0.0
0.0
0.0
0.0
0.0
0.0
0.0
0.0
0.0
0.0
0.0
0.0
0.0
0.0
0.0
0.0
0.0
0.0
0.0
0.0
0.0
0.0
0.0
0.0
0.0
0.0
0.0
0.0
0.0
0.0
0.0
0.0
0.0
0.0
0.0
0.0
0.0
0.0
0.0
0.0
0.0
0.0
0.0
0.0
0.0
0.0
0.0
0.0
0.0
0.0
0.0
0.0
0.0
0.0
0.0
0.0
0.0
0.0
0.0
0.0
0.0
0.0
0.0
0.0
0.0
0.0
0.0
0.0
0.0
0.0
0.0
0.0
1.0727506303088368
-0.2377452647528943
-0.0004391845216884508
-0.0200162291092278
-0.05857142785543333
-0.007469030903340468
0.028783099364861266
0.07271938529259941
0.04020322636980985
-0.021811862847288296
0.024745201386747104
0.053366385885714795
0.0025004818931741207
-0.0009323372212237726
-0.02814707521770309
1.0252220367301965
0.026059705881466035
-0.05867555904148651
-0.5911935164610951
0.002468763885295913
0.005608470656255841
1.2592973459710943
0.08018926543858666
0.0013049216942271893
-0.9818494029981709
-0.007524029075297326
1.2408316739874807
0.008822736924266683
-0.007759132425367537
-1.1389722998068192
0.11398078542034978
-0.0034252590356481168
-0.0001925376619993108
0.22078026843342072
-0.007092516247998047
0.2927216026909798
0.0
0.0
0.0
0.0
0.0
0.0
0.0
0.0
0.0
0.0
0.0
0.0
0.0
0.0
0.0
0.0
0.0
0.0
0.0
0.0
0.0
0.0
0.0
0.0
0.0
0.0
0.0
0.0
0.0
0.0
0.0
0.0
0.0
0.0
0.0
0.0
0.0
0.0
0.0
0.0
0.0
0.0
0.0
0.0
0.0
0.0
0.0
0.0
0.0
0.0
0.0
0.0
0.0
0.0
0.0
0.0
0.0
0.0
0.0
0.0
0.0
0.0
0.0
0.0
0.0
0.0
0.0
0.0
0.0
0.0
0.0
0.0
0.0
0.0
0.0
0.0
0.0
0.0
0.0
0.0
0.0
0.0
0.0
0.0
0.0
0.0
0.0
0.0
0.0
0.0
0.0
0.0
0.0
0.0
0.0
0.0
0.0
0.0
0.0
0.0
0.0
0.0
0.0
0.0
0.0
0.0
0.0
0.0
0.0
0.0
0.0
0.0
0.0
0.0
0.0
0.0
0.0
0.0
0.0
0.0
0.0
0.0
0.0
0.0
0.0
0.0
0.0
0.0
0.0
0.0
0.0
0.0
0.0
0.0
0.0
1.070258073225035
-0.2267664573408281
-0.0006830867226667674
0.017610551548417973
-0.04926569636802814
-0.008668732786827905
-0.014318204175946675
0.05991213524862883
0.0455792146932655
-0.022429678810515465
0.0038303724004440935
0.04454895367637854
0.0007102449869498182
0.012669433336952236
-0.033836983819231975
1.1410535818645011
0.010252401557210121
-0.07074759828993493
-0.5353533741629545
0.00014673063842827325
0.0023266154782263632
1.210988035819841
0.008788372262126084
4.3627477354104025e-06
-0.9630695195536335
0.006477966666701631
1.2087250839653152
0.006488788207836115
0.0070045787566094244
-1.1143471973746681
0.09636092919703126
-0.0001200783159263105
0.0024722010272694582
0.22582416044336126
-0.015804867439547978
0.28903175845523443
0.0
0.0
0.0
0.0
0.0
0.0
0.0
0.0
0.0
0.0
0.0
0.0
0.0
0.0
0.0
0.0
0.0
0.0
0.0
0.0
0.0
0.0
0.0
0.0
0.0
0.0
0.0
0.0
0.0
0.0
0.0
0.0
0.0
0.0
0.0
0.0
0.0
0.0
0.0
0.0
0.0
0.0
0.0
0.0
0.0
0.0
0.0
0.0
0.0
0.0
0.0
0.0
0.0
0.0
0.0
0.0
0.0
0.0
0.0
0.0
0.0
0.0
0.0
0.0
0.0
0.0
0.0
0.0
0.0
0.0
0.0
0.0
0.0
0.0
0.0
0.0
0.0
0.0
0.0
0.0
0.0
0.0
0.0
0.0
0.0
0.0
0.0
0.0
0.0
0.0
0.0
0.0
0.0
0.0
0.0
0.0
0.0
0.0
0.0
0.0
0.0
0.0
0.0
0.0
0.0
0.0
0.0
0.0
0.0
0.0
0.0
0.0
0.0
0.0
0.0
0.0
0.0
0.0
0.0
0.0
0.0
0.0
0.0
0.0
0.0
0.0
0.0
0.0
0.0
0.0
0.0
0.0
0.0
0.0
0.0
1.0778299414640933
-0.24256409366857262
-0.024363692313884685
0.007804047723569634
-0.003026714504336661
-0.0024779216925192977
-0.010241342000295176
0.0071584924686257274
0.04507010573328243
-0.06077526746935585
-0.00888945000368793
0.009984491357502899
0.00023614149422699672
0.0063382231875621885
-0.002616149272665513
1.3222468329678068
-0.010986740120070308
-0.0031309373063509627
-1.1531462863414708
-0.0021937105832068636
0.017318730483393503
1.2401898613698559
-0.0010484848339443035
-0.0021887808263238847
-1.0395720032138152
-0.0009356747901353059
1.2142782528400502
0.017681503838972473
-0.0008630678117234652
-0.5467179712579114
0.30764149091906495
0.0021038106779000076
-0.009990096100781587
0.24158806486625237
0.00038278460150008124
0.1051532697974558
0.0
0.0
0.0
0.0
0.0
0.0
0.0
0.0
0.0
0.0
0.0
0.0
0.0
0.0
0.0
0.0
0.0
0.0
0.0
0.0
0.0
0.0
0.0
0.0
0.0
0.0
0.0
0.0
0.0
0.0
0.0
0.0
0.0
0.0
0.0
0.0
0.0
0.0
0.0
0.0
0.0
0.0
0.0
0.0
0.0
0.0
0.0
0.0
0.0
0.0
0.0
0.0
0.0
0.0
0.0
0.0
0.0
0.0
0.0
0.0
0.0
0.0
0.0
0.0
0.0
0.0
0.0
0.0
0.0
0.0
0.0
0.0
0.0
0.0
0.0
0.0
0.0
0.0
0.0
0.0
0.0
0.0
0.0
0.0
0.0
0.0
0.0
0.0
0.0
0.0
0.0
0.0
0.0
0.0
0.0
0.0
0.0
0.0
0.0
0.0
0.0
0.0
0.0
0.0
0.0
0.0
0.0
0.0
0.0
0.0
0.0
0.0
0.0
0.0
0.0
0.0
0.0
0.0
0.0
0.0
0.0
0.0
0.0
0.0
0.0
0.0
0.0
0.0
0.0
0.0
0.0
0.0
0.0
0.0
0.0
1.070476663500931
-0.22925990568757512
0.029936022946227017
0.008938237037395323
-0.007341488900356745
-0.06445055739624943
-0.011703733505672498
0.010527907426718611
0.042449353092279866
-0.09881924914231048
-0.010091281211958257
0.01035109919753335
0.0480134770285163
0.0062068659675034435
-0.005411703035164224
1.1592254185576925
-0.0006500320492292503
0.020307410011902137
-1.055010283667125
0.002304400707276301
-0.018215241958839966
1.1811090836145761
-0.020457640546478167
0.002427081869946341
-0.9674111485172467
0.005806833699112947
1.0749285974771883
-0.016359812951397292
0.004273966617083929
-0.5551505998523559
0.27776713757487703
-0.0032318289846069302
0.01142441796880215
0.23103740557414007
-0.001426713933111763
0.10179747634181698
0.0
0.0
0.0
0.0
0.0
0.0
0.0
0.0
0.0
0.0
0.0
0.0
0.0
0.0
0.0
0.0
0.0
0.0
0.0
0.0
0.0
0.0
0.0
0.0
0.0
0.0
0.0
0.0
0.0
0.0
0.0
0.0
0.0
0.0
0.0
0.0
0.0
0.0
0.0
0.0
0.0
0.0
0.0
0.0
0.0
0.0
0.0
0.0
0.0
0.0
0.0
0.0
0.0
0.0
0.0
0.0
0.0
0.0
0.0
0.0
0.0
0.0
0.0
0.0
0.0
0.0
0.0
0.0
0.0
0.0
0.0
0.0
0.0
0.0
0.0
0.0
0.0
0.0
0.0
0.0
0.0
0.0
0.0
0.0
0.0
0.0
0.0
0.0
0.0
0.0
0.0
0.0
0.0
0.0
0.0
0.0
0.0
0.0
0.0
0.0
0.0
0.0
0.0
0.0
0.0
0.0
0.0
0.0
0.0
0.0
0.0
0.0
0.0
0.0
0.0
0.0
0.0
0.0
0.0
0.0
0.0
0.0
0.0
0.0
0.0
0.0
0.0
0.0
0.0
0.0
0.0
0.0
0.0
0.0
0.0
1.0602968412555842
-0.1758919720749796
0.1288969965269299
0.0023782770573376076
-0.005349562308226082
-0.19396355128607273
-0.0029085821204622147
0.009178568585634256
0.03253289084088147
-0.2117080829762379
-0.0021301928491817713
0.014242584621038924
0.09995277373988584
0.0012095073795633793
-0.0036419301799157098
1.152338599994004
0.006532519696277922
0.011149974427411974
-0.7674046055086094
-0.007729115369247425
0.02951905158209786
1.214898596026257
-0.0017894857804475783
-0.007884936899726323
-0.9687040608365902
0.002497378574282668
1.14739010951686
0.030223411042296894
0.0028863464317667167
-0.34880319018782086
0.17445117683924263
0.0038929241223517063
-0.010332261888765912
0.21703537945184143
-0.001190889029546943
0.07390494395105988
0.0
0.0
0.0
0.0
0.0
0.0
0.0
0.0
0.0
0.0
0.0
0.0
0.0
0.0
0.0
0.0
0.0
0.0
0.0
0.0
0.0
0.0
0.0
0.0
0.0
0.0
0.0
0.0
0.0
0.0
0.0
0.0
0.0
0.0
0.0
0.0
0.0
0.0
0.0
0.0
0.0
0.0
0.0
0.0
0.0
0.0
0.0
0.0
0.0
0.0
0.0
0.0
0.0
0.0
0.0
0.0
0.0
0.0
0.0
0.0
0.0
0.0
0.0
0.0
0.0
0.0
0.0
0.0
0.0
0.0
0.0
0.0
0.0
0.0
0.0
0.0
0.0
0.0
0.0
0.0
0.0
0.0
0.0
0.0
0.0
0.0
0.0
0.0
0.0
0.0
0.0
0.0
0.0
0.0
0.0
0.0
0.0
0.0
0.0
0.0
0.0
0.0
0.0
0.0
0.0
0.0
0.0
0.0
0.0
0.0
0.0
0.0
0.0
0.0
0.0
0.0
0.0
0.0
0.0
0.0
0.0
0.0
0.0
0.0
0.0
0.0
0.0
0.0
0.0
0.0
0.0
0.0
0.0
0.0
0.0
1.072732896978452
-0.21895367108139374
-0.07627929593602566
0.004106451090934462
-0.00915129739159957
0.08839007088113088
-0.0045146756448194
0.01228269006745095
0.049503344997972466
0.06042614458039484
-0.0018248914726778456
0.010858485407061271
-0.03871374464003016
0.0007611479976357341
-0.005198395233439462
1.2528105464029173
0.001192963293571294
-0.013850167578635688
-1.2306931892469135
-0.007878468565051132
-0.03884428455520038
1.167524010064801
-0.008957813317672515
-0.008213898903099315
-0.857332598871085
-0.008282289794231002
1.1789190101597498
-0.04012368837870833
-0.009393256888304271
-0.4760571959290727
0.33101260476424993
0.005473162392861771
0.024203467220162585
0.19640338209609762
0.004092142814296142
0.09685496463102507
0.0
0.0
0.0
0.0
0.0
0.0
0.0
0.0
0.0
0.0
0.0
0.0
0.0
0.0
0.0
0.0
0.0
0.0
0.0
0.0
0.0
0.0
0.0
0.0
0.0
0.0
0.0
0.0
0.0
0.0
0.0
0.0
0.0
0.0
0.0
0.0
0.0
0.0
0.0
0.0
0.0
0.0
0.0
0.0
0.0
0.0
0.0
0.0
0.0
0.0
0.0
0.0
0.0
0.0
0.0
0.0
0.0
0.0
0.0
0.0
0.0
0.0
0.0
0.0
0.0
0.0
0.0
0.0
0.0
0.0
0.0
0.0
0.0
0.0
0.0
0.0
0.0
0.0
0.0
0.0
0.0
0.0
0.0
0.0
0.0
0.0
0.0
0.0
0.0
0.0
0.0
0.0
0.0
0.0
0.0
0.0
0.0
0.0
0.0
0.0
0.0
0.0
0.0
0.0
0.0
0.0
0.0
0.0
0.0
0.0
0.0
0.0
0.0
0.0
0.0
0.0
0.0
0.0
0.0
0.0
0.0
0.0
0.0
0.0
0.0
0.0
0.0
0.0
0.0
0.0
0.0
0.0
0.0
0.0
0.0
1.0664587282520515
-0.2033176747031767
-0.007667113613202259
0.005462106354661087
-0.0027699862751776492
0.03207998171984143
-0.00699952290459167
0.00757713126359269
0.043218006546514635
0.06433025657402955
-0.005546017012039671
0.011194456295359806
-0.008866807377333714
0.0032898579471107277
-0.0025820344250384107
1.2358939960495927
-0.0050072137605504845
0.00015438123388771666
-1.0301597229751203
0.010274756172207642
-0.01683200260485691
1.2218619318499775
0.001401030775092177
0.01021530286716804
-0.9091294489078484
-0.0018024703079731865
1.1758324622216623
-0.016670437262153007
-0.0017388976620779978
-0.4117363146652737
0.26133196406852544
-0.0063644517208214695
0.006624445682543679
0.1983518659032741
0.00029716654861553773
0.07968675895110515
0.0
0.0
0.0
0.0
0.0
0.0
0.0
0.0
0.0
0.0
0.0
0.0
0.0
0.0
0.0
0.0
0.0
0.0
0.0
0.0
0.0
0.0
0.0
0.0
0.0
0.0
0.0
0.0
0.0
0.0
0.0
0.0
0.0
0.0
0.0
0.0
0.0
0.0
0.0
0.0
0.0
0.0
0.0
0.0
0.0
0.0
0.0
0.0
0.0
0.0
0.0
0.0
0.0
0.0
0.0
0.0
0.0
0.0
0.0
0.0
0.0
0.0
0.0
0.0
0.0
0.0
0.0
0.0
0.0
0.0
0.0
0.0
0.0
0.0
0.0
0.0
0.0
0.0
0.0
0.0
0.0
0.0
0.0
0.0
0.0
0.0
0.0
0.0
0.0
0.0
0.0
0.0
0.0
0.0
0.0
0.0
0.0
0.0
0.0
0.0
0.0
0.0
0.0
0.0
0.0
0.0
0.0
0.0
0.0
0.0
0.0
0.0
0.0
0.0
0.0
0.0
0.0
0.0
0.0
0.0
0.0
0.0
0.0
0.0
0.0
0.0
0.0
0.0
0.0
0.0
0.0
0.0
0.0
0.0
0.0
1.0722960416023013
-0.22099633663433818
0.007264094444727031
-0.004260417729110571
0.004721615956050212
0.018681252281317864
0.004767641177859862
-0.009567560825208701
0.05089554050248087
0.059966394947690356
0.002263928361488711
-0.011391704065291788
-0.014626080199382933
-0.0018242713423540346
0.0063283511693995945
1.1436601077222617
0.020794047955756137
0.011435556752834877
-1.0960823288130972
-0.005650128168482031
0.021628737986177718
1.1725572863802338
-0.007195125241043121
-0.005069043274361176
-0.9177198913480948
0.003763962133184696
1.181329692277856
0.023646604143639238
0.003446425753599031
-0.5230056969680243
0.3029130684682177
0.0032413770068195806
-0.01425833337377143
0.21674789701573807
-0.0015387107003416547
0.09419172203452493
0.0
0.0
0.0
0.0
0.0
0.0
0.0
0.0
0.0
0.0
0.0
0.0
0.0
0.0
0.0
0.0
0.0
0.0
0.0
0.0
0.0
0.0
0.0
0.0
0.0
0.0
0.0
0.0
0.0
0.0
0.0
0.0
0.0
0.0
0.0
0.0
0.0
0.0
0.0
0.0
0.0
0.0
0.0
0.0
0.0
0.0
0.0
0.0
0.0
0.0
0.0
0.0
0.0
0.0
0.0
0.0
0.0
0.0
0.0
0.0
0.0
0.0
0.0
0.0
0.0
0.0
0.0
0.0
0.0
0.0
0.0
0.0
0.0
0.0
0.0
0.0
0.0
0.0
0.0
0.0
0.0
0.0
0.0
0.0
0.0
0.0
0.0
0.0
0.0
0.0
0.0
0.0
0.0
0.0
0.0
0.0
0.0
0.0
0.0
0.0
0.0
0.0
0.0
0.0
0.0
0.0
0.0
0.0
0.0
0.0
0.0
0.0
0.0
0.0
0.0
0.0
0.0
0.0
0.0
0.0
0.0
0.0
0.0
0.0
0.0
0.0
0.0
0.0
0.0
0.0
0.0
0.0
0.0
0.0
0.0
1.0744644353223807
-0.24278261624721836
-0.010249324479689017
0.003404700460898694
-0.0005687381220836531
0.005029994964122958
-0.0052075553677815856
0.010154554601653562
0.03575918320050386
-0.006849258806512916
-0.005723123876435915
0.02283928659748604
-0.019869280720246425
0.0023035694306488045
-0.0027997064297154276
1.2792298701421576
-0.005782371242051488
0.0015842035905249427
-1.1980002516987085
0.00782575301775304
-0.013154868826520318
1.230380489580688
-0.003288608685612984
0.007773881375433483
-0.9975351837613423
0.0021883078768530576
1.1983944857119402
-0.014005651267759912
0.0020594589711375928
-0.5196361319032365
0.30287760740149633
-0.005324200832980202
0.00789383296320634
0.22918741911001791
-0.0008922546409090836
0.10363458632223181
0.0
0.0
0.0
0.0
0.0
0.0
0.0
0.0
0.0
0.0
0.0
0.0
0.0
0.0
0.0
0.0
0.0
0.0
0.0
0.0
0.0
0.0
0.0
0.0
0.0
0.0
0.0
0.0
0.0
0.0
0.0
0.0
0.0
0.0
0.0
0.0
0.0
0.0
0.0
0.0
0.0
0.0
0.0
0.0
0.0
0.0
0.0
0.0
0.0
0.0
0.0
0.0
0.0
0.0
0.0
0.0
0.0
0.0
0.0
0.0
0.0
0.0
0.0
0.0
0.0
0.0
0.0
0.0
0.0
0.0
0.0
0.0
0.0
0.0
0.0
0.0
0.0
0.0
0.0
0.0
0.0
0.0
0.0
0.0
0.0
0.0
0.0
0.0
0.0
0.0
0.0
0.0
0.0
0.0
0.0
0.0
0.0
0.0
0.0
0.0
0.0
0.0
0.0
0.0
0.0
0.0
0.0
0.0
0.0
0.0
0.0
0.0
0.0
0.0
0.0
0.0
0.0
0.0
0.0
0.0
0.0
0.0
0.0
0.0
0.0
0.0
0.0
0.0
0.0
0.0
0.0
0.0
0.0
0.0
0.0
1.0666033517644997
-0.21042978516139804
-0.009520613546524372
-0.005328765432241772
0.002793212913403034
0.03124151307950965
0.007334056436100951
-0.009438888606920052
0.045946206446205465
0.05734969053350612
0.006747067001597595
-0.017088383958212796
-0.014592250594174818
-0.00285568967046213
0.0072127541142644235
1.14568692007806
0.007802718262603596
0.003246786318576251
-1.052218295130407
-0.010244095221747714
0.020854185209985877
1.1275374571601482
-0.01945706498540821
-0.010094245065651231
-0.8892585629002568
-0.0020968701274451627
1.0933714958719412
0.021395338280528794
-0.003200726642716506
-0.49391098732058225
0.2747611086885786
0.0054714493330473655
-0.012659672173418304
0.20475036082853493
0.002909800037149593
0.08810968900507629
0.0
0.0
0.0
0.0
0.0
0.0
0.0
0.0
0.0
0.0
0.0
0.0
0.0
0.0
0.0
0.0
0.0
0.0
0.0
0.0
0.0
0.0
0.0
0.0
0.0
0.0
0.0
0.0
0.0
0.0
0.0
0.0
0.0
0.0
0.0
0.0
0.0
0.0
0.0
0.0
0.0
0.0
0.0
0.0
0.0
0.0
0.0
0.0
0.0
0.0
0.0
0.0
0.0
0.0
0.0
0.0
0.0
0.0
0.0
0.0
0.0
0.0
0.0
0.0
0.0
0.0
0.0
0.0
0.0
0.0
0.0
0.0
0.0
0.0
0.0
0.0
0.0
0.0
0.0
0.0
0.0
0.0
0.0
0.0
0.0
0.0
0.0
0.0
0.0
0.0
0.0
0.0
0.0
0.0
0.0
0.0
0.0
0.0
0.0
0.0
0.0
0.0
0.0
0.0
0.0
0.0
0.0
0.0
0.0
0.0
0.0
0.0
0.0
0.0
0.0
0.0
0.0
0.0
0.0
0.0
0.0
0.0
0.0
0.0
0.0
0.0
0.0
0.0
0.0
0.0
0.0
0.0
0.0
0.0
0.0
1.080748696669383
-0.25826358958969003
-0.0071138619208284985
0.01355695905860598
0.06091707628791429
0.009156222359896462
-0.024154400359950267
-0.07495015834578637
0.03635549266833049
0.007089652300284129
-0.03131805875290958
-0.05109157795101515
-0.00299270737134122
0.013574449339671458
0.031118000718467723
1.070092728055954
-0.02158412990143334
-0.03732252133392358
-0.6433529842119516
0.00402747717786414
0.01867606459196824
1.3044384730370495
-0.0044907757374101085
0.004546870594806143
-1.0502963618393755
-0.01916556656106
1.327359467699808
0.019629507453327484
-0.018587031375518936
-1.2027501937574447
0.12704678262234914
-0.0015441631835530724
-0.009178197113038113
0.23947532275561595
0.01313179649017778
0.30641514589190016
0.0
0.0
0.0
0.0
0.0
0.0
0.0
0.0
0.0
0.0
0.0
0.0
0.0
0.0
0.0
0.0
0.0
0.0
0.0
0.0
0.0
0.0
0.0
0.0
0.0
0.0
0.0
0.0
0.0
0.0
0.0
0.0
0.0
0.0
0.0
0.0
0.0
0.0
0.0
0.0
0.0
0.0
0.0
0.0
0.0
0.0
0.0
0.0
0.0
0.0
0.0
0.0
0.0
0.0
0.0
0.0
0.0
0.0
0.0
0.0
0.0
0.0
0.0
0.0
0.0
0.0
0.0
0.0
0.0
0.0
0.0
0.0
0.0
0.0
0.0
0.0
0.0
0.0
0.0
0.0
0.0
0.0
0.0
0.0
0.0
0.0
0.0
0.0
0.0
0.0
0.0
0.0
0.0
0.0
0.0
0.0
0.0
0.0
0.0
0.0
0.0
0.0
0.0
0.0
0.0
0.0
0.0
0.0
0.0
0.0
0.0
0.0
0.0
0.0
0.0
0.0
0.0
0.0
0.0
0.0
0.0
0.0
0.0
0.0
0.0
0.0
0.0
0.0
0.0
0.0
0.0
0.0
0.0
0.0
0.0
1.0688594475130382
-0.21518978325995497
-0.003191622813171572
0.010683486441443629
0.040440182293087774
0.0026654820637121157
-0.02258388126074588
-0.05149733806100203
0.04710424114583009
-1.407554953575779e-05
-0.03680227590186004
-0.044286816091269825
-0.0007014247750439554
0.011779684478504974
0.02938243715012974
1.1620584303576516
0.020415677263881597
0.0036417073553496977
-0.48726136036948153
-0.00530795628553642
0.0019457590235778626
1.1585978843457108
0.008356922558633004
-0.006215398462904824
-0.9409610386483509
-0.03187221608008732
1.1598245973446184
0.0010218388070543747
-0.032630570915061476
-1.0747723980905777
0.08966785783624076
-0.0017862149281276248
-0.000722146902202764
0.22218410405762332
0.018577199241732616
0.2808008144877998
0.0
0.0
0.0
0.0
0.0
0.0
0.0
0.0
0.0
0.0
0.0
0.0
0.0
0.0
0.0
0.0
0.0
0.0
0.0
0.0
0.0
0.0
0.0
0.0
0.0
0.0
0.0
0.0
0.0
0.0
0.0
0.0
0.0
0.0
0.0
0.0
0.0
0.0
0.0
0.0
0.0
0.0
0.0
0.0
0.0
0.0
0.0
0.0
0.0
0.0
0.0
0.0
0.0
0.0
0.0
0.0
0.0
0.0
0.0
0.0
0.0
0.0
0.0
0.0
0.0
0.0
0.0
0.0
0.0
0.0
0.0
0.0
0.0
0.0
0.0
0.0
0.0
0.0
0.0
0.0
0.0
0.0
0.0
0.0
0.0
0.0
0.0
0.0
0.0
0.0
0.0
0.0
0.0
0.0
0.0
0.0
0.0
0.0
0.0
0.0
0.0
0.0
0.0
0.0
0.0
0.0
0.0
0.0
0.0
0.0
0.0
0.0
0.0
0.0
0.0
0.0
0.0
0.0
0.0
0.0
0.0
0.0
0.0
0.0
0.0
0.0
0.0
0.0
0.0
0.0
0.0
0.0
0.0
0.0
0.0
1.0781959610557774
-0.25177242827916274
-0.01939749293332718
-0.006433668556522688
0.048210942539471294
0.027166392605127314
0.009542024568909116
-0.060926025627707235
0.03549249663863992
0.026729913436672127
0.00903448248593948
-0.043994707685628
-0.009588770768288964
-0.005077886207888761
0.025659220418261783
1.0219490055037879
0.020610639871935822
-0.033357939076947084
-0.6067908465461882
-0.001918238807811592
0.01793925189244692
1.282820939714686
-0.00078129770934415
-0.0023642119689428606
-1.0157316270757355
-0.0006085699631236692
1.3246087944427591
0.018685470801310992
-0.0005161627360119703
-1.1886608590584877
0.12087644425073787
0.0012064103343143507
-0.010148545608779569
0.2278972610961252
-0.0004372147053663748
0.29934892890146325
0.0
0.0
0.0
0.0
0.0
0.0
0.0
0.0
0.0
0.0
0.0
0.0
0.0
0.0
0.0
0.0
0.0
0.0
0.0
0.0
0.0
0.0
0.0
0.0
0.0
0.0
0.0
0.0
0.0
0.0
0.0
0.0
0.0
0.0
0.0
0.0
0.0
0.0
0.0
0.0
0.0
0.0
0.0
0.0
0.0
0.0
0.0
0.0
0.0
0.0
0.0
0.0
0.0
0.0
0.0
0.0
0.0
0.0
0.0
0.0
0.0
0.0
0.0
0.0
0.0
0.0
0.0
0.0
0.0
0.0
0.0
0.0
0.0
0.0
0.0
0.0
0.0
0.0
0.0
0.0
0.0
0.0
0.0
0.0
0.0
0.0
0.0
0.0
0.0
0.0
0.0
0.0
0.0
0.0
0.0
0.0
0.0
0.0
0.0
0.0
0.0
0.0
0.0
0.0
0.0
0.0
0.0
0.0
0.0
0.0
0.0
0.0
0.0
0.0
0.0
0.0
0.0
0.0
0.0
0.0
0.0
0.0
0.0
0.0
0.0
0.0
0.0
0.0
0.0
0.0
0.0
0.0
0.0
0.0
0.0
1.0692258131003258
-0.21354122122680935
-0.007771252527262994
-0.004409236896215321
0.038667838372970054
0.01246785028836565
0.01599177988663724
-0.05032722282878302
0.04771545645386134
0.013243075273987786
0.03240347816104362
-0.04354701792882559
-0.004638712743398336
-0.006975983847318061
0.02811821859867073
1.1592430618605096
-0.025610872394622824
0.004854803518078224
-0.4591718340529453
-0.005716015640235109
0.005226602082668803
1.1719664313121008
-0.0500607562190401
-0.0035220072323976703
-0.944497937898319
0.04267712167410149
1.1822822329794398
0.00309683904399049
0.04353468621945963
-1.0784548580826248
0.08658539579907944
0.0034446138007946463
-0.0018728471556786338
0.22347535737091292
-0.02380674233977451
0.2816535251233478
0.0
0.0
0.0
0.0
0.0
0.0
0.0
0.0
0.0
0.0
0.0
0.0
0.0
0.0
0.0
0.0
0.0
0.0
0.0
0.0
0.0
0.0
0.0
0.0
0.0
0.0
0.0
0.0
0.0
0.0
0.0
0.0
0.0
0.0
0.0
0.0
0.0
0.0
0.0
0.0
0.0
0.0
0.0
0.0
0.0
0.0
0.0
0.0
0.0
0.0
0.0
0.0
0.0
0.0
0.0
0.0
0.0
0.0
0.0
0.0
0.0
0.0
0.0
0.0
0.0
0.0
0.0
0.0
0.0
0.0
0.0
0.0
0.0
0.0
0.0
0.0
0.0
0.0
0.0
0.0
0.0
0.0
0.0
0.0
0.0
0.0
0.0
0.0
0.0
0.0
0.0
0.0
0.0
0.0
0.0
0.0
0.0
0.0
0.0
0.0
0.0
0.0
0.0
0.0
0.0
0.0
0.0
0.0
0.0
0.0
0.0
0.0
0.0
0.0
0.0
0.0
0.0
0.0
0.0
0.0
0.0
0.0
0.0
0.0
0.0
0.0
0.0
0.0
0.0
0.0
0.0
0.0
0.0
0.0
0.0
1.0758754048477506
-0.2434764661938347
-0.0058188633692517954
0.006142403247223631
-0.10106812879218319
0.004041959181842933
-0.0069663251271326705
0.12958870366609937
0.03732850609574
-0.003069616487164422
-0.003425658146537701
0.10143329488123023
0.001820345377229658
0.003810813839095079
-0.050940876991445255
0.9637092332015196
-0.03961114361046673
0.019008543550200416
-0.6197416431679181
0.001162683611313812
-0.009155773078473897
1.3011733972887842
-0.014462585697550807
0.0026148556748264917
-1.0430109592138028
0.017792088179083156
1.2476486542620209
-0.009702922077301935
0.018030097005122727
-1.0900170038114747
0.12436971523217662
0.0003487073470449682
0.004344023596894648
0.23444701422469602
-0.011555169421816808
0.27586900999049985
0.0
0.0
0.0
0.0
0.0
0.0
0.0
0.0
0.0
0.0
0.0
0.0
0.0
0.0
0.0
0.0
0.0
0.0
0.0
0.0
0.0
0.0
0.0
0.0
0.0
0.0
0.0
0.0
0.0
0.0
0.0
0.0
0.0
0.0
0.0
0.0
0.0
0.0
0.0
0.0
0.0
0.0
0.0
0.0
0.0
0.0
0.0
0.0
0.0
0.0
0.0
0.0
0.0
0.0
0.0
0.0
0.0
0.0
0.0
0.0
0.0
0.0
0.0
0.0
0.0
0.0
0.0
0.0
0.0
0.0
0.0
0.0
0.0
0.0
0.0
0.0
0.0
0.0
0.0
0.0
0.0
0.0
0.0
0.0
0.0
0.0
0.0
0.0
0.0
0.0
0.0
0.0
0.0
0.0
0.0
0.0
0.0
0.0
0.0
0.0
0.0
0.0
0.0
0.0
0.0
0.0
0.0
0.0
0.0
0.0
0.0
0.0
0.0
0.0
0.0
0.0
0.0
0.0
0.0
0.0
0.0
0.0
0.0
0.0
0.0
0.0
0.0
0.0
0.0
0.0
0.0
0.0
0.0
0.0
0.0
1.0707771463011018
-0.21887037703591702
0.0010378723918297815
0.002566834446301293
0.029832275701734946
-0.0020689660703000295
-0.010143319473710511
-0.03990141662063243
0.04284556738488382
-0.0028393072865150167
-0.021620099866583923
-0.035393387849916115
0.0010514054581851624
0.0030425152577376025
0.005095180222445623
1.1847036438925294
0.012495674888042112
0.006986848982998672
-0.4490571994897211
-0.010925520287077791
-0.00795089666492885
1.200664335453682
0.00844896454664096
-0.010312122386791626
-0.870856792143708
0.003922876591968367
1.3032435102272717
-0.006499687026311299
0.003977627504285624
-1.1759933015160202
0.08933587927248512
0.0006506849253722657
0.00267297174452522
0.1993008619543577
-6.542834288746878e-06
0.30092797375046665
0.0
0.0
0.0
0.0
0.0
0.0
0.0
0.0
0.0
0.0
0.0
0.0
0.0
0.0
0.0
0.0
0.0
0.0
0.0
0.0
0.0
0.0
0.0
0.0
0.0
0.0
0.0
0.0
0.0
0.0
0.0
0.0
0.0
0.0
0.0
0.0
0.0
0.0
0.0
0.0
0.0
0.0
0.0
0.0
0.0
0.0
0.0
0.0
0.0
0.0
0.0
0.0
0.0
0.0
0.0
0.0
0.0
0.0
0.0
0.0
0.0
0.0
0.0
0.0
0.0
0.0
0.0
0.0
0.0
0.0
0.0
0.0
0.0
0.0
0.0
0.0
0.0
0.0
0.0
0.0
0.0
0.0
0.0
0.0
0.0
0.0
0.0
0.0
0.0
0.0
0.0
0.0
0.0
0.0
0.0
0.0
0.0
0.0
0.0
0.0
0.0
0.0
0.0
0.0
0.0
0.0
0.0
0.0
0.0
0.0
0.0
0.0
0.0
0.0
0.0
0.0
0.0
0.0
0.0
0.0
0.0
0.0
0.0
0.0
0.0
0.0
0.0
0.0
0.0
0.0
0.0
0.0
0.0
0.0
0.0
1.0772856405803986
-0.24111876789653705
-0.004115593059483814
0.05403227559629552
-0.11553691608736939
0.0035710920615079586
-0.06964246700736429
0.14801019812450125
0.038515545724775016
7.262134833582204e-05
-0.04938690867603364
0.11392051172463775
-0.00016809571289578792
0.03105945228341869
-0.05977905905509358
0.9338440014594102
0.01354958914258633
0.007794681301654155
-0.6285239035394019
-0.0011210166824208116
-0.006638427385467671
1.3029928454556112
-0.10742075896379036
-0.001464115460630732
-1.0501721518419942
0.08151631234896115
1.2525575133785167
-0.006653097524119133
0.08244746856629732
-1.0825038299961531
0.12815089485330738
0.0006835998714090699
0.00453735650740167
0.24123837222893846
-0.052719935069604186
0.2762719231851685
0.0
0.0
0.0
0.0
0.0
0.0
0.0
0.0
0.0
0.0
0.0
0.0
0.0
0.0
0.0
0.0
0.0
0.0
0.0
0.0
0.0
0.0
0.0
0.0
0.0
0.0
0.0
0.0
0.0
0.0
0.0
0.0
0.0
0.0
0.0
0.0
0.0
0.0
0.0
0.0
0.0
0.0
0.0
0.0
0.0
0.0
0.0
0.0
0.0
0.0
0.0
0.0
0.0
0.0
0.0
0.0
0.0
0.0
0.0
0.0
0.0
0.0
0.0
0.0
0.0
0.0
0.0
0.0
0.0
0.0
0.0
0.0
0.0
0.0
0.0
0.0
0.0
0.0
0.0
0.0
0.0
0.0
0.0
0.0
0.0
0.0
0.0
0.0
0.0
0.0
0.0
0.0
0.0
0.0
0.0
0.0
0.0
0.0
0.0
0.0
0.0
0.0
0.0
0.0
0.0
0.0
0.0
0.0
0.0
0.0
0.0
0.0
0.0
0.0
0.0
0.0
0.0
0.0
0.0
0.0
0.0
0.0
0.0
0.0
0.0
0.0
0.0
0.0
0.0
0.0
0.0
0.0
0.0
0.0
0.0
1.0708552889711676
-0.2160292151833272
-0.003000758203675131
0.0027524616608326407
0.04292840158378631
0.007957438822932376
0.0030936727996412478
-0.05630329089255496
0.04280614094808935
0.011657204174553364
0.015669866938010108
-0.04714140787869978
-0.0020474976560312694
0.001447688153010466
0.010942164310112286
1.172632021665995
-0.008684640506585437
0.0029472016024398697
-0.4231193714304567
0.0032870357026438587
0.0006061530045015173
1.1957633395567584
-0.0029048548532731276
0.0023984052182329783
-0.8535312159354295
-0.0034549009523740944
1.3211616280210783
0.00042983445290227344
-0.003631528920751681
-1.185189625373604
0.0883174554265788
-0.0008111050631082498
0.000717252385511076
0.19516607698965519
-0.002804580746099764
0.3035719974218734
0.0
0.0
0.0
0.0
0.0
0.0
0.0
0.0
0.0
0.0
0.0
0.0
0.0
0.0
0.0
0.0
0.0
0.0
0.0
0.0
0.0
0.0
0.0
0.0
0.0
0.0
0.0
0.0
0.0
0.0
0.0
0.0
0.0
0.0
0.0
0.0
0.0
0.0
0.0
0.0
0.0
0.0
0.0
0.0
0.0
0.0
0.0
0.0
0.0
0.0
0.0
0.0
0.0
0.0
0.0
0.0
0.0
0.0
0.0
0.0
0.0
0.0
0.0
0.0
0.0
0.0
0.0
0.0
0.0
0.0
0.0
0.0
0.0
0.0
0.0
0.0
0.0
0.0
0.0
0.0
0.0
0.0
0.0
0.0
0.0
0.0
0.0
0.0
0.0
0.0
0.0
0.0
0.0
0.0
0.0
0.0
0.0
0.0
0.0
0.0
0.0
0.0
0.0
0.0
0.0
0.0
0.0
0.0
0.0
0.0
0.0
0.0
0.0
0.0
0.0
0.0
0.0
0.0
0.0
0.0
0.0
0.0
0.0
0.0
0.0
0.0
0.0
0.0
0.0
0.0
0.0
0.0
0.0
0.0
0.0
1.07439620622182
-0.20554539111977155
0.19737771041760827
-0.11765282956886515
-0.0050818815300643074
-0.2679632522351975
0.16063018263127463
0.00745023104035729
0.03877033561908979
-0.23407261102602447
0.13221771039252753
0.008181808039548313
0.1451870519960559
-0.07210047633671886
-0.005158804346535744
1.1910252944308766
-0.1733479002803323
-0.004256442427715
-0.8758326939158784
0.15567107591113402
0.011215652493604978
1.2974876786903689
0.006004922585839414
0.15766645614655622
-1.061631124491709
-0.0019459386467704078
1.0223066324695642
0.011511316975505347
-0.0018438753691744597
-0.6289217681405335
0.21636957193790907
-0.10632683258273826
-0.009080294070094343
0.2664792918473526
0.001225040268120585
0.12235395341317404
0.0
0.0
0.0
0.0
0.0
0.0
0.0
0.0
0.0
0.0
0.0
0.0
0.0
0.0
0.0
0.0
0.0
0.0
0.0
0.0
0.0
0.0
0.0
0.0
0.0
0.0
0.0
0.0
0.0
0.0
0.0
0.0
0.0
0.0
0.0
0.0
0.0
0.0
0.0
0.0
0.0
0.0
0.0
0.0
0.0
0.0
0.0
0.0
0.0
0.0
0.0
0.0
0.0
0.0
0.0
0.0
0.0
0.0
0.0
0.0
0.0
0.0
0.0
0.0
0.0
0.0
0.0
0.0
0.0
0.0
0.0
0.0
0.0
0.0
0.0
0.0
0.0
0.0
0.0
0.0
0.0
0.0
0.0
0.0
0.0
0.0
0.0
0.0
0.0
0.0
0.0
0.0
0.0
0.0
0.0
0.0
0.0
0.0
0.0
0.0
0.0
0.0
0.0
0.0
0.0
0.0
0.0
0.0
0.0
0.0
0.0
0.0
0.0
0.0
0.0
0.0
0.0
0.0
0.0
0.0
0.0
0.0
0.0
0.0
0.0
0.0
0.0
0.0
0.0
0.0
0.0
0.0
0.0
0.0
0.0
1.0720487319780807
-0.19721617912013217
0.20937249655538126
-0.1372585859148202
-0.021381664946219264
-0.2887761939468442
0.18149753257666917
0.03170541215795224
0.03684571025167397
-0.2584992515857471
0.14219722388887793
0.03064468488387741
0.15402552917205387
-0.08075174732695235
-0.013938588691227846
1.2082771708946087
-0.2010138615622666
-0.039018406133077
-0.92039322282269
0.16816240616966405
0.02995236006105233
1.247432850341793
0.0546418977693853
0.16903295271724156
-1.0033736172592584
-0.03502005907286594
1.0517823171922873
0.029899420253401945
-0.03464204052557014
-0.6347945633786717
0.23003627132495347
-0.12411155897652235
-0.020835842220134654
0.24770690437311202
0.026228774052966163
0.11741248315929917
0.0
0.0
0.0
0.0
0.0
0.0
0.0
0.0
0.0
0.0
0.0
0.0
0.0
0.0
0.0
0.0
0.0
0.0
0.0
0.0
0.0
0.0
0.0
0.0
0.0
0.0
0.0
0.0
0.0
0.0
0.0
0.0
0.0
0.0
0.0
0.0
0.0
0.0
0.0
0.0
0.0
0.0
0.0
0.0
0.0
0.0
0.0
0.0
0.0
0.0
0.0
0.0
0.0
0.0
0.0
0.0
0.0
0.0
0.0
0.0
0.0
0.0
0.0
0.0
0.0
0.0
0.0
0.0
0.0
0.0
0.0
0.0
0.0
0.0
0.0
0.0
0.0
0.0
0.0
0.0
0.0
0.0
0.0
0.0
0.0
0.0
0.0
0.0
0.0
0.0
0.0
0.0
0.0
0.0
0.0
0.0
0.0
0.0
0.0
0.0
0.0
0.0
0.0
0.0
0.0
0.0
0.0
0.0
0.0
0.0
0.0
0.0
0.0
0.0
0.0
0.0
0.0
0.0
0.0
0.0
0.0
0.0
0.0
0.0
0.0
0.0
0.0
0.0
0.0
0.0
0.0
0.0
0.0
0.0
0.0
1.0760831266886373
-0.2107468287692028
0.18992885220021444
0.11003400734945099
0.004054714146317379
-0.2596578616850301
-0.14855759048142927
-0.006795009571880708
0.041061559159737984
-0.2330821588190211
-0.11725685879233476
-0.004826172682429807
0.1409166493563135
0.062376326571248086
0.001439000564254689
1.175757744299234
0.14687684714930216
0.01903829585169873
-0.8731318062156302
-0.12024906846532818
-0.0034767124962516915
1.3227800490022805
0.05163570812532077
-0.12162543146443984
-1.1040824482431326
-0.008762067465224163
0.984726813834686
-0.0028399811662166673
-0.006740171676814749
-0.6264321273697685
0.21011217867012538
0.08089094330452128
0.0030387131533673754
0.28282745588223657
0.0026904194703227845
0.12733954689716093
0.0
0.0
0.0
0.0
0.0
0.0
0.0
0.0
0.0
0.0
0.0
0.0
0.0
0.0
0.0
0.0
0.0
0.0
0.0
0.0
0.0
0.0
0.0
0.0
0.0
0.0
0.0
0.0
0.0
0.0
0.0
0.0
0.0
0.0
0.0
0.0
0.0
0.0
0.0
0.0
0.0
0.0
0.0
0.0
0.0
0.0
0.0
0.0
0.0
0.0
0.0
0.0
0.0
0.0
0.0
0.0
0.0
0.0
0.0
0.0
0.0
0.0
0.0
0.0
0.0
0.0
0.0
0.0
0.0
0.0
0.0
0.0
0.0
0.0
0.0
0.0
0.0
0.0
0.0
0.0
0.0
0.0
0.0
0.0
0.0
0.0
0.0
0.0
0.0
0.0
0.0
0.0
0.0
0.0
0.0
0.0
0.0
0.0
0.0
0.0
0.0
0.0
0.0
0.0
0.0
0.0
0.0
0.0
0.0
0.0
0.0
0.0
0.0
0.0
0.0
0.0
0.0
0.0
0.0
0.0
0.0
0.0
0.0
0.0
0.0
0.0
0.0
0.0
0.0
0.0
0.0
0.0
0.0
0.0
0.0
1.076716859200845
-0.21620191148520904
0.14755931489607285
0.12499100223813138
-0.05063657935822212
-0.2127510467779093
-0.15796902526760864
0.0647083671107393
0.039098178075572136
-0.210355175698153
-0.11071120284293842
0.04689933432849637
0.11657475524337191
0.06681000289621908
-0.024267848215217432
1.1408805129788897
0.1071704827091964
-0.058128242069133834
-0.8213548426650726
-0.0698682625639806
0.05157153608047387
1.3158564206888783
-0.11497992202137862
-0.06980397168091053
-1.1761056548371163
0.05755381872438123
1.0624940871925022
0.04998211512580136
0.054894799885024555
-0.6486230772971747
0.18220877722744558
0.053804816303107454
-0.03318641585479849
0.3082999529485702
-0.03768275943289872
0.13100513780160028
0.0
0.0
0.0
0.0
0.0
0.0
0.0
0.0
0.0
0.0
0.0
0.0
0.0
0.0
0.0
0.0
0.0
0.0
0.0
0.0
0.0
0.0
0.0
0.0
0.0
0.0
0.0
0.0
0.0
0.0
0.0
0.0
0.0
0.0
0.0
0.0
0.0
0.0
0.0
0.0
0.0
0.0
0.0
0.0
0.0
0.0
0.0
0.0
0.0
0.0
0.0
0.0
0.0
0.0
0.0
0.0
0.0
0.0
0.0
0.0
0.0
0.0
0.0
0.0
0.0
0.0
0.0
0.0
0.0
0.0
0.0
0.0
0.0
0.0
0.0
0.0
0.0
0.0
0.0
0.0
0.0
0.0
0.0
0.0
0.0
0.0
0.0
0.0
0.0
0.0
0.0
0.0
0.0
0.0
0.0
0.0
0.0
0.0
0.0
0.0
0.0
0.0
0.0
0.0
0.0
0.0
0.0
0.0
0.0
0.0
0.0
0.0
0.0
0.0
0.0
0.0
0.0
0.0
0.0
0.0
0.0
0.0
0.0
0.0
0.0
0.0
0.0
0.0
0.0
0.0
0.0
0.0
0.0
0.0
0.0
1.0758590554566911
-0.2426596606355651
-0.034722265816894415
0.030666086547657314
0.01828746271373896
0.03369206261048206
-0.025691497528225225
-0.025753474721737283
0.04040052580287738
0.009469264202737858
0.00369127066793355
-0.024408120359553333
-0.031490476731519224
0.025167966473113385
0.01175061533683404
1.324992258240464
-0.017482951108132742
0.004110256168371837
-1.1760600053871297
-0.005643279232484366
0.0009107927166479705
1.2636337132171354
-0.027003791137994126
-0.007146368434663565
-0.9306964093195558
0.0018378367165950125
1.11805806485932
0.0015275324739441323
0.00019744911307458936
-0.6291681783231493
0.29222216599045236
-0.012605282805358
-0.003447335624621337
0.2129815221813521
0.003403659719219029
0.1153167747281095
0.0
0.0
0.0
0.0
0.0
0.0
0.0
0.0
0.0
0.0
0.0
0.0
0.0
0.0
0.0
0.0
0.0
0.0
0.0
0.0
0.0
0.0
0.0
0.0
0.0
0.0
0.0
0.0
0.0
0.0
0.0
0.0
0.0
0.0
0.0
0.0
0.0
0.0
0.0
0.0
0.0
0.0
0.0
0.0
0.0
0.0
0.0
0.0
0.0
0.0
0.0
0.0
0.0
0.0
0.0
0.0
0.0
0.0
0.0
0.0
0.0
0.0
0.0
0.0
0.0
0.0
0.0
0.0
0.0
0.0
0.0
0.0
0.0
0.0
0.0
0.0
0.0
0.0
0.0
0.0
0.0
0.0
0.0
0.0
0.0
0.0
0.0
0.0
0.0
0.0
0.0
0.0
0.0
0.0
0.0
0.0
0.0
0.0
0.0
0.0
0.0
0.0
0.0
0.0
0.0
0.0
0.0
0.0
0.0
0.0
0.0
0.0
0.0
0.0
0.0
0.0
0.0
0.0
0.0
0.0
0.0
0.0
0.0
0.0
0.0
0.0
0.0
0.0
0.0
0.0
0.0
0.0
0.0
0.0
0.0
1.0750566049415347
-0.22555777897321314
-0.1397436962100605
-0.036116695741175646
-0.04030155040778274
0.19259458201106883
0.04693791839469856
0.06269702551174756
0.041661272643795676
0.17132008765866913
0.03132114034574887
0.0665859219276126
-0.09485019517117356
-0.01042528006490314
-0.028892708941087256
1.2905908276433318
0.15051767250543205
0.07182497134402172
-1.0956824065522612
-0.11800662358074453
-0.07205472906015344
1.1993709849116918
0.08710563838771929
-0.11841073779159376
-0.9372562685793054
-0.03182569484784316
1.1218991929627957
-0.07141865060576813
-0.029639908421450718
-0.6547606775011503
0.27810279221654177
0.07164215888803259
0.047420330039475225
0.21805041237643205
0.018256493412753205
0.12264146592830526
0.0
0.0
0.0
0.0
0.0
0.0
0.0
0.0
0.0
0.0
0.0
0.0
0.0
0.0
0.0
0.0
0.0
0.0
0.0
0.0
0.0
0.0
0.0
0.0
0.0
0.0
0.0
0.0
0.0
0.0
0.0
0.0
0.0
0.0
0.0
0.0
0.0
0.0
0.0
0.0
0.0
0.0
0.0
0.0
0.0
0.0
0.0
0.0
0.0
0.0
0.0
0.0
0.0
0.0
0.0
0.0
0.0
0.0
0.0
0.0
0.0
0.0
0.0
0.0
0.0
0.0
0.0
0.0
0.0
0.0
0.0
0.0
0.0
0.0
0.0
0.0
0.0
0.0
0.0
0.0
0.0
0.0
0.0
0.0
0.0
0.0
0.0
0.0
0.0
0.0
0.0
0.0
0.0
0.0
0.0
0.0
0.0
0.0
0.0
0.0
0.0
0.0
0.0
0.0
0.0
0.0
0.0
0.0
0.0
0.0
0.0
0.0
0.0
0.0
0.0
0.0
0.0
0.0
0.0
0.0
0.0
0.0
0.0
0.0
0.0
0.0
0.0
0.0
0.0
0.0
0.0
0.0
0.0
0.0
0.0
1.077980186249765
-0.23965621416981844
0.06852280208971945
-0.03176649380425917
0.011587189782947352
-0.09632226156445277
0.03216431349383764
-0.015712062761382716
0.04029681442129418
-0.0840077949668036
0.010617127498850153
-0.016124865568350574
0.0327121868761672
-0.025543087872536202
0.00763908471233797
1.3721325963264335
-0.04083832969792374
-0.026975685009664154
-1.2567372848987681
0.037260836493940595
0.009518201623099442
1.2146998832088536
-0.004954425737532856
0.03716752305845454
-0.8312522993680252
-0.003810938105878333
0.9781365063928534
0.008779249062789582
-0.0039492097949638694
-0.6326874654858891
0.3243535732767357
-0.006704559011209267
-0.004443714541544955
0.18597453769974912
0.0013019297050512013
0.12473867758987725
0.0
0.0
0.0
0.0
0.0
0.0
0.0
0.0
0.0
0.0
0.0
0.0
0.0
0.0
0.0
0.0
0.0
0.0
0.0
0.0
0.0
0.0
0.0
0.0
0.0
0.0
0.0
0.0
0.0
0.0
0.0
0.0
0.0
0.0
0.0
0.0
0.0
0.0
0.0
0.0
0.0
0.0
0.0
0.0
0.0
0.0
0.0
0.0
0.0
0.0
0.0
0.0
0.0
0.0
0.0
0.0
0.0
0.0
0.0
0.0
0.0
0.0
0.0
0.0
0.0
0.0
0.0
0.0
0.0
0.0
0.0
0.0
0.0
0.0
0.0
0.0
0.0
0.0
0.0
0.0
0.0
0.0
0.0
0.0
0.0
0.0
0.0
0.0
0.0
0.0
0.0
0.0
0.0
0.0
0.0
0.0
0.0
0.0
0.0
0.0
0.0
0.0
0.0
0.0
0.0
0.0
0.0
0.0
0.0
0.0
0.0
0.0
0.0
0.0
0.0
0.0
0.0
0.0
0.0
0.0
0.0
0.0
0.0
0.0
0.0
0.0
0.0
0.0
0.0
0.0
0.0
0.0
0.0
0.0
0.0
1.066604715333718
-0.19180691907106162
0.08873117831553921
-0.0347620026523135
-0.002006125090390055
-0.11775901944296452
0.05915248194078856
0.005274812495103023
0.04201226748550175
-0.10488716104644842
0.06367176038485314
0.006760629045996053
0.05575051532017894
-0.03661366722443435
-0.002425215206239889
1.2626747978555652
0.00458184066302517
0.03029403676918832
-1.1603044236726623
-0.11697412299761623
-0.028517632359343032
1.1315378809104082
-0.0003467462609715774
-0.12244227165964822
-0.6464842333680607
0.015503933779400274
1.1682074989362654
-0.030012461034066233
0.020784402640058926
-0.39376622791217775
0.304390167382405
0.07681457185180592
0.012621906961989173
0.13832664646662224
-0.0022067422077699044
0.0803906931527867
0.0
0.0
0.0
0.0
0.0
0.0
0.0
0.0
0.0
0.0
0.0
0.0
0.0
0.0
0.0
0.0
0.0
0.0
0.0
0.0
0.0
0.0
0.0
0.0
0.0
0.0
0.0
0.0
0.0
0.0
0.0
0.0
0.0
0.0
0.0
0.0
0.0
0.0
0.0
0.0
0.0
0.0
0.0
0.0
0.0
0.0
0.0
0.0
0.0
0.0
0.0
0.0
0.0
0.0
0.0
0.0
0.0
0.0
0.0
0.0
0.0
0.0
0.0
0.0
0.0
0.0
0.0
0.0
0.0
0.0
0.0
0.0
0.0
0.0
0.0
0.0
0.0
0.0
0.0
0.0
0.0
0.0
0.0
0.0
0.0
0.0
0.0
0.0
0.0
0.0
0.0
0.0
0.0
0.0
0.0
0.0
0.0
0.0
0.0
0.0
0.0
0.0
0.0
0.0
0.0
0.0
0.0
0.0
0.0
0.0
0.0
0.0
0.0
0.0
0.0
0.0
0.0
0.0
0.0
0.0
0.0
0.0
0.0
0.0
0.0
0.0
0.0
0.0
0.0
0.0
0.0
0.0
0.0
0.0
0.0
1.0782223462018212
-0.24675890797344896
-0.0053865147215779305
0.029180549305346016
0.059065376325200994
0.007357853424140883
-0.04717429769673134
-0.07558489029659449
0.04239361023169566
0.006689193150569951
-0.04831916612897916
-0.06361130302477087
0.003635469106594634
0.009433247928543272
0.03726612023245931
1.2092796466465008
-0.07099885826929685
-0.044737000637378885
-0.6792924880809121
0.11678432628901617
0.06411432037998938
1.282116139064073
0.14066557484857356
0.11734758470972736
-1.0277437373739682
-0.07285204436382468
1.2346659601947347
0.06363212768523849
-0.07252236717300431
-1.1152136416725564
0.12397553432687444
-0.07585225805172675
-0.03790776146500955
0.23938511446235936
0.027778764158544838
0.2912062623631229
0.0
0.0
0.0
0.0
0.0
0.0
0.0
0.0
0.0
0.0
0.0
0.0
0.0
0.0
0.0
0.0
0.0
0.0
0.0
0.0
0.0
0.0
0.0
0.0
0.0
0.0
0.0
0.0
0.0
0.0
0.0
0.0
0.0
0.0
0.0
0.0
0.0
0.0
0.0
0.0
0.0
0.0
0.0
0.0
0.0
0.0
0.0
0.0
0.0
0.0
0.0
0.0
0.0
0.0
0.0
0.0
0.0
0.0
0.0
0.0
0.0
0.0
0.0
0.0
0.0
0.0
0.0
0.0
0.0
0.0
0.0
0.0
0.0
0.0
0.0
0.0
0.0
0.0
0.0
0.0
0.0
0.0
0.0
0.0
0.0
0.0
0.0
0.0
0.0
0.0
0.0
0.0
0.0
0.0
0.0
0.0
0.0
0.0
0.0
0.0
0.0
0.0
0.0
0.0
0.0
0.0
0.0
0.0
0.0
0.0
0.0
0.0
0.0
0.0
0.0
0.0
0.0
0.0
0.0
0.0
0.0
0.0
0.0
0.0
0.0
0.0
0.0
0.0
0.0
0.0
0.0
0.0
0.0
0.0
0.0
1.078210178906133
-0.24857104146959352
0.02809029549622972
-0.004189914664869739
-0.011554997587459143
-0.0468174632755919
-0.002450340616905837
0.0018639902994794617
0.04714118862134468
-0.0517993333945076
-0.017699451002941458
-0.025278998774377358
0.028353375940757024
-0.0018752905802244867
0.0014490026349785788
1.1709114833186876
-0.037346866607873085
-0.018608867378045534
-0.6268687153381687
-0.034987058706666276
-0.03714157506983039
1.2582077536211136
0.0138839930023461
-0.03361872961274102
-0.987105307162001
-0.06841889534658024
1.3182454063177078
-0.035791926564579066
-0.06754697877123078
-1.2121466005647585
0.1178045068484073
0.017724429691853276
0.026611003424000714
0.23166639757461227
0.037969699400540846
0.32975714815412216
0.0
0.0
0.0
0.0
0.0
0.0
0.0
0.0
0.0
0.0
0.0
0.0
0.0
0.0
0.0
0.0
0.0
0.0
0.0
0.0
0.0
0.0
0.0
0.0
0.0
0.0
0.0
0.0
0.0
0.0
0.0
0.0
0.0
0.0
0.0
0.0
0.0
0.0
0.0
0.0
0.0
0.0
0.0
0.0
0.0
0.0
0.0
0.0
0.0
0.0
0.0
0.0
0.0
0.0
0.0
0.0
0.0
0.0
0.0
0.0
0.0
0.0
0.0
0.0
0.0
0.0
0.0
0.0
0.0
0.0
0.0
0.0
0.0
0.0
0.0
0.0
0.0
0.0
0.0
0.0
0.0
0.0
0.0
0.0
0.0
0.0
0.0
0.0
0.0
0.0
0.0
0.0
0.0
0.0
0.0
0.0
0.0
0.0
0.0
0.0
0.0
0.0
0.0
0.0
0.0
0.0
0.0
0.0
0.0
0.0
0.0
0.0
0.0
0.0
0.0
0.0
0.0
0.0
0.0
0.0
0.0
0.0
0.0
0.0
0.0
0.0
0.0
0.0
0.0
0.0
0.0
0.0
0.0
0.0
0.0
1.0741967123996976
-0.22890277430710654
-0.014479432127741892
-0.01621627160137988
0.09951806388302134
0.025136791106268125
0.027125411661271397
-0.1342361555072122
0.03991582018094004
0.027632114686925696
0.02845088103088295
-0.12356959595164733
-0.006455646711773271
-0.0009549734702539122
0.07172757176422832
1.1813755277041613
0.056669080480911994
-0.04680087178313321
-0.649340525012582
-0.12302768895098846
0.014317864156098172
1.2814751027173354
-0.1105098574677092
-0.12293770954948806
-1.049329059632371
0.07026819333896821
1.176628541103899
0.014437561609424162
0.06863050313730497
-0.9550353775606842
0.11582322221371742
0.08247521605511922
-0.00270866215226514
0.24765168126678722
-0.021587578104535227
0.23636629096998582
0.0
0.0
0.0
0.0
0.0
0.0
0.0
0.0
0.0
0.0
0.0
0.0
0.0
0.0
0.0
0.0
0.0
0.0
0.0
0.0
0.0
0.0
0.0
0.0
0.0
0.0
0.0
0.0
0.0
0.0
0.0
0.0
0.0
0.0
0.0
0.0
0.0
0.0
0.0
0.0
0.0
0.0
0.0
0.0
0.0
0.0
0.0
0.0
0.0
0.0
0.0
0.0
0.0
0.0
0.0
0.0
0.0
0.0
0.0
0.0
0.0
0.0
0.0
0.0
0.0
0.0
0.0
0.0
0.0
0.0
0.0
0.0
0.0
0.0
0.0
0.0
0.0
0.0
0.0
0.0
0.0
0.0
0.0
0.0
0.0
0.0
0.0
0.0
0.0
0.0
0.0
0.0
0.0
0.0
0.0
0.0
0.0
0.0
0.0
0.0
0.0
0.0
0.0
0.0
0.0
0.0
0.0
0.0
0.0
0.0
0.0
0.0
0.0
0.0
0.0
0.0
0.0
0.0
0.0
0.0
0.0
0.0
0.0
0.0
0.0
0.0
0.0
0.0
0.0
0.0
0.0
0.0
0.0
0.0
0.0
1.0763863619162857
-0.2426111890604005
-0.018007181381855693
-0.022485956903866844
-0.03264723580216422
0.01563442048069026
0.03913955071644768
0.0485206379130788
0.03962087029639976
-0.002131782002002338
0.04856472374222264
0.04743952002552431
-0.0028736826162501406
-0.013880754494594942
-0.011348156977109796
1.1030279826058118
-0.025031331102476316
0.08571519039776378
-0.6316051824752523
0.03206184076844861
-0.07851554634087005
1.2300947033235141
-0.06082967633644069
0.03178204179608379
-0.9574830654861871
0.07690275203839808
1.3292017908391904
-0.0798621019907463
0.0766725607396374
-1.1922009383258936
0.11878895708958755
-0.015214641052577428
0.049069501890382596
0.21933910901254627
-0.045942113658857656
0.3013966671702609
0.0
0.0
0.0
0.0
0.0
0.0
0.0
0.0
0.0
0.0
0.0
0.0
0.0
0.0
0.0
0.0
0.0
0.0
0.0
0.0
0.0
0.0
0.0
0.0
0.0
0.0
0.0
0.0
0.0
0.0
0.0
0.0
0.0
0.0
0.0
0.0
0.0
0.0
0.0
0.0
0.0
0.0
0.0
0.0
0.0
0.0
0.0
0.0
0.0
0.0
0.0
0.0
0.0
0.0
0.0
0.0
0.0
0.0
0.0
0.0
0.0
0.0
0.0
0.0
0.0
0.0
0.0
0.0
0.0
0.0
0.0
0.0
0.0
0.0
0.0
0.0
0.0
0.0
0.0
0.0
0.0
0.0
0.0
0.0
0.0
0.0
0.0
0.0
0.0
0.0
0.0
0.0
0.0
0.0
0.0
0.0
0.0
0.0
0.0
0.0
0.0
0.0
0.0
0.0
0.0
0.0
0.0
0.0
0.0
0.0
0.0
0.0
0.0
0.0
0.0
0.0
0.0
0.0
0.0
0.0
0.0
0.0
0.0
0.0
0.0
0.0
0.0
0.0
0.0
0.0
0.0
0.0
0.0
0.0
0.0
1.0797666758721978
-0.2523505067436153
0.005579558714353511
-0.0012996546334657533
-0.003386856276492493
-0.009560885582295012
-0.004559261099350196
0.014070699566755196
0.04450062211475633
-0.010637076367306294
-0.01309451562188183
0.028854122949436605
0.0126706018738875
-0.009471598986067028
-0.00437713299262114
1.217782605169335
-0.05632263701604484
0.04294849386861031
-0.6761654918714416
0.10091546889666947
-0.05041953474564614
1.2988429762139513
-0.034999107014372983
0.10105103426324157
-0.9953679010436309
0.0427337234441023
1.3199283344507022
-0.050677394944201946
0.0419016219901903
-1.182413336882026
0.12339159982590626
-0.06604783748487843
0.029487961543142056
0.2267998147203001
-0.010681296304412956
0.31402450416403876
0.0
0.0
0.0
0.0
0.0
0.0
0.0
0.0
0.0
0.0
0.0
0.0
0.0
0.0
0.0
0.0
0.0
0.0
0.0
0.0
0.0
0.0
0.0
0.0
0.0
0.0
0.0
0.0
0.0
0.0
0.0
0.0
0.0
0.0
0.0
0.0
0.0
0.0
0.0
0.0
0.0
0.0
0.0
0.0
0.0
0.0
0.0
0.0
0.0
0.0
0.0
0.0
0.0
0.0
0.0
0.0
0.0
0.0
0.0
0.0
0.0
0.0
0.0
0.0
0.0
0.0
0.0
0.0
0.0
0.0
0.0
0.0
0.0
0.0
0.0
0.0
0.0
0.0
0.0
0.0
0.0
0.0
0.0
0.0
0.0
0.0
0.0
0.0
0.0
0.0
0.0
0.0
0.0
0.0
0.0
0.0
0.0
0.0
0.0
0.0
0.0
0.0
0.0
0.0
0.0
0.0
0.0
0.0
0.0
0.0
0.0
0.0
0.0
0.0
0.0
0.0
0.0
0.0
0.0
0.0
0.0
0.0
0.0
0.0
0.0
0.0
0.0
0.0
0.0
0.0
0.0
0.0
0.0
0.0
0.0
1.0742603919335114
-0.2389683115764921
0.04074150519589734
0.0242297152422204
-0.02957579663234525
-0.06919878549354315
-0.03600312689754071
0.04176363119473938
0.04300078802432987
-0.08131859198199137
-0.03916163568391207
0.04495243628229486
0.0394084923955784
0.011967901642225123
-0.025061997502349612
1.1352156384092147
-0.03197983434435904
-0.02955415314757464
-0.622149166533476
-0.04907871983944669
0.03671844146106473
1.2538681350860303
-0.06197654399797578
-0.04732247518224852
-0.9665970716897307
0.08241273654745482
1.2534326865880367
0.037528943546208754
0.08309143070931639
-1.140123329865149
0.11620070178668225
0.024841904284509157
-0.026603374868884845
0.22541874819046778
-0.044553540234939626
0.300132051920638
0.0
0.0
0.0
0.0
0.0
0.0
0.0
0.0
0.0
0.0
0.0
0.0
0.0
0.0
0.0
0.0
0.0
0.0
0.0
0.0
0.0
0.0
0.0
0.0
0.0
0.0
0.0
0.0
0.0
0.0
0.0
0.0
0.0
0.0
0.0
0.0
0.0
0.0
0.0
0.0
0.0
0.0
0.0
0.0
0.0
0.0
0.0
0.0
0.0
0.0
0.0
0.0
0.0
0.0
0.0
0.0
0.0
0.0
0.0
0.0
0.0
0.0
0.0
0.0
0.0
0.0
0.0
0.0
0.0
0.0
0.0
0.0
0.0
0.0
0.0
0.0
0.0
0.0
0.0
0.0
0.0
0.0
0.0
0.0
0.0
0.0
0.0
0.0
0.0
0.0
0.0
0.0
0.0
0.0
0.0
0.0
0.0
0.0
0.0
0.0
0.0
0.0
0.0
0.0
0.0
0.0
0.0
0.0
0.0
0.0
0.0
0.0
0.0
0.0
0.0
0.0
0.0
0.0
0.0
0.0
0.0
0.0
0.0
0.0
0.0
0.0
0.0
0.0
0.0
0.0
0.0
0.0
0.0
0.0
0.0
1.0760586679216266
-0.24200353711775527
-0.025234644581116593
0.005507881602718353
-0.0060262623128514246
0.03951011961282261
0.0029058112325896722
0.005094761958017278
0.04039837599799061
0.04105901260771268
0.018322951882499883
0.0020510668676258204
-0.010642939766004637
0.010791468670954315
-0.015626284105582006
1.180031873277295
0.07465414446059288
-0.02838478758571273
-0.6548607305496811
-0.09248118614563695
-0.010018647198429383
1.2572085705725877
0.06286133485988267
-0.09402580013896006
-0.9632409556925362
-0.036995297990864366
1.2847500193880579
-0.0076077190894840545
-0.03708879092628407
-1.1507341688801025
0.11770348670724015
0.058179519660006215
0.005055492842866681
0.21719018040451854
0.004442522629449461
0.289380037657015
0.0
0.0
0.0
0.0
0.0
0.0
0.0
0.0
0.0
0.0
0.0
0.0
0.0
0.0
0.0
0.0
0.0
0.0
0.0
0.0
0.0
0.0
0.0
0.0
0.0
0.0
0.0
0.0
0.0
0.0
0.0
0.0
0.0
0.0
0.0
0.0
0.0
0.0
0.0
0.0
0.0
0.0
0.0
0.0
0.0
0.0
0.0
0.0
0.0
0.0
0.0
0.0
0.0
0.0
0.0
0.0
0.0
0.0
0.0
0.0
0.0
0.0
0.0
0.0
0.0
0.0
0.0
0.0
0.0
0.0
0.0
0.0
0.0
0.0
0.0
0.0
0.0
0.0
0.0
0.0
0.0
0.0
0.0
0.0
0.0
0.0
0.0
0.0
0.0
0.0
0.0
0.0
0.0
0.0
0.0
0.0
0.0
0.0
0.0
0.0
0.0
0.0
0.0
0.0
0.0
0.0
0.0
0.0
0.0
0.0
0.0
0.0
0.0
0.0
0.0
0.0
0.0
0.0
0.0
0.0
0.0
0.0
0.0
0.0
0.0
0.0
0.0
0.0
0.0
0.0
0.0
0.0
0.0
0.0
0.0
1.0806709607847076
-0.2482074714860493
0.0017571219330847038
0.021126190475174608
0.09351369499307036
-0.008599988175643558
-0.022552336563709807
-0.1243146254377984
0.04127895300981519
-0.0172818417742299
-0.009882054679119453
-0.10020778413082296
0.007356750116572021
0.014320858730566155
0.04098767609568672
1.146460506054391
-0.013961976898386162
-0.050155191550329006
-0.6760377148082019
0.03428195501934117
0.08267121291593141
1.2532607809733933
0.0419876667756739
0.034058443091135
-0.9668825907312091
-0.06435750236099602
1.39088991691038
0.08171762342770264
-0.06406323706633237
-1.2604478228536562
0.12776985770468247
-0.013827528763644306
-0.05890265312332109
0.22090905614721507
0.03906763167184142
0.3280533326877132
0.0
0.0
0.0
0.0
0.0
0.0
0.0
0.0
0.0
0.0
0.0
0.0
0.0
0.0
0.0
0.0
0.0
0.0
0.0
0.0
0.0
0.0
0.0
0.0
0.0
0.0
0.0
0.0
0.0
0.0
0.0
0.0
0.0
0.0
0.0
0.0
0.0
0.0
0.0
0.0
0.0
0.0
0.0
0.0
0.0
0.0
0.0
0.0
0.0
0.0
0.0
0.0
0.0
0.0
0.0
0.0
0.0
0.0
0.0
0.0
0.0
0.0
0.0
0.0
0.0
0.0
0.0
0.0
0.0
0.0
0.0
0.0
0.0
0.0
0.0
0.0
0.0
0.0
0.0
0.0
0.0
0.0
0.0
0.0
0.0
0.0
0.0
0.0
0.0
0.0
0.0
0.0
0.0
0.0
0.0
0.0
0.0
0.0
0.0
0.0
0.0
0.0
0.0
0.0
0.0
0.0
0.0
0.0
0.0
0.0
0.0
0.0
0.0
0.0
0.0
0.0
0.0
0.0
0.0
0.0
0.0
0.0
0.0
0.0
0.0
0.0
0.0
0.0
0.0
0.0
0.0
0.0
0.0
0.0
0.0
1.0701649491318603
-0.18072718214617242
0.2946471929757002
-0.0008933674689151255
-0.01218027949621123
-0.3940082493654377
0.000669758601459346
0.01592334329149287
0.033824672070112444
-0.32939775810183347
-0.0007342777440054988
0.014410699422356186
0.21015257456064182
-0.0005760673113001071
-0.008911331451017414
1.3378711843638986
-0.0011769118844554471
-0.0207391947952628
-1.2179323372005382
0.0003829974287243488
0.027560830359794012
1.0247386028030643
0.001400174388353601
0.00021577607713251654
-0.6432950124428506
-0.0023948123812180164
1.0055915781156386
0.028223921029617075
-0.002414118320469818
-0.6539695771613724
0.355916654938428
-0.0012871982932266093
-0.02140780578761508
0.11873061151745622
0.0005041967570303223
0.12103579888564889
0.0
0.0
0.0
0.0
0.0
0.0
0.0
0.0
0.0
0.0
0.0
0.0
0.0
0.0
0.0
0.0
0.0
0.0
0.0
0.0
0.0
0.0
0.0
0.0
0.0
0.0
0.0
0.0
0.0
0.0
0.0
0.0
0.0
0.0
0.0
0.0
0.0
0.0
0.0
0.0
0.0
0.0
0.0
0.0
0.0
0.0
0.0
0.0
0.0
0.0
0.0
0.0
0.0
0.0
0.0
0.0
0.0
0.0
0.0
0.0
0.0
0.0
0.0
0.0
0.0
0.0
0.0
0.0
0.0
0.0
0.0
0.0
0.0
0.0
0.0
0.0
0.0
0.0
0.0
0.0
0.0
0.0
0.0
0.0
0.0
0.0
0.0
0.0
0.0
0.0
0.0
0.0
0.0
0.0
0.0
0.0
0.0
0.0
0.0
0.0
0.0
0.0
0.0
0.0
0.0
0.0
0.0
0.0
0.0
0.0
0.0
0.0
0.0
0.0
0.0
0.0
0.0
0.0
0.0
0.0
0.0
0.0
0.0
0.0
0.0
0.0
0.0
0.0
0.0
0.0
0.0
0.0
0.0
0.0
0.0
0.05288149909642941
0.2911054586749353
0.0006326617321908733
4.344404139715883e-05
-2.0116363586332117e-06
-0.0014021050158212114
-3.9652449442435186e-05
-2.776147980759714e-06
-0.0021865018670535917
-6.0666111741180915e-05
9.216226099020936e-05
-0.0051874207327066765
1.7744877262424753e-06
0.0013302883871817996
3.076094891144668e-05
-3.259229399040287e-05
0.0016147528199916411
-2.480635332974158e-06
0.4761751267338295
-0.00041236021874815394
-1.006609458105495e-05
1.3261129071950466e-07
0.0010883426083436948
5.393784031894719e-05
-8.065799755377757e-07
0.0018906250623587557
0.00010660376577921952
-7.967250061223124e-05
0.003991119835739461
4.199422665165899e-06
-0.0012592688644345563
-3.736820574058091e-05
2.5539872963747297e-05
-0.0008234719363128167
-5.350324109663417e-06
0.39340148795111823
-1.5151764929874915e-06
-7.276693717639646e-07
0.14441860716286206
-2.36162833783479e-06
-5.949000633293394e-07
0.004113517848248741
5.2968526964146125e-05
3.611568911688337e-05
0.001065804631374067
8.618642339377671e-07
-0.0013379448397345117
-2.9659134374897848e-05
-1.0160774386687427e-05
-0.0003586135649847092
-2.1891652736697407e-07
0.3934116214046065
1.5638410712298652e-06
-1.9290082460859236e-06
0.14353567177601348
1.77163227523565e-06
-4.745446536341772e-05
0.0014366840762651655
-6.829924136881961e-06
1.9210306112356214e-05
5.58732884625735e-06
2.007390472285814e-05
-0.0004285762085728363
1.4912311961603508e-06
-1.4787273517059127e-05
-3.7466141860294775e-07
0.3934302598737712
-1.463982152912989e-07
1.6022311633320883e-06
0.1439560048163922
1.0707562456186216e-05
-5.069472040915633e-07
0.00037278265304279285
1.02593810159676e-06
0.00011535580620010882
-3.102814909218518e-06
-2.464324735636792e-07
-0.00010112154828471029
-1.1743675816850101e-06
-4.777370174254674e-05
0.014667761590946711
-1.3984945312056181e-05
7.480512239301616e-07
-0.007691996859998938
4.069188211689647e-05
-0.00015255715754253004
-0.00410130139437184
-1.946618209033031e-06
0.0036057644636759
-1.0737628976990971e-05
5.4193971305294395e-05
0.0014560004340296016
6.529413130730863e-07
0.015874067428230398
1.8484303574447826e-06
9.39758194548061e-05
0.00024723438294494896
2.4714477312886343e-05
0.0001595735356348382
-9.953527235584878e-06
-3.7524995976123774e-05
-5.14038137508065e-05
-8.37393899331293e-06
-5.67814162104234e-05
3.7412724964940013e-06
0.01552534834755059
-4.5687922609387575e-05
-7.8557051958102e-06
0.0005981798839690682
-7.327497798144828e-06
-0.0002892607177072484
1.7319419181222202e-05
2.7458078053984014e-06
-0.00016530542799858818
3.242349291924786e-06
0.00010745969822487573
0.057851611515762104
0.0002551272523390424
-0.0013790162973006713
-0.08162477873030068
-5.686621034568139e-06
-0.04826507988795391
-4.969533041452879e-05
0.00046431835934816247
0.029774173913109905
1.869375472785038e-06
0.023006201722747123
0.0009324688069003846
-0.00838515549252529
-0.00016525133997722502
-5.129121841932533e-06
-0.019565452410785233
-0.00032474305122551743
0.003004269714822135
5.9852693610184535e-05
0.22360023883063807
-0.0001583283641054486
0.0014104441293800699
0.00045490637177935154
-0.00033813123063138143
-0.16342163867789977
5.648268935967354e-05
-0.0004497347971041709
0.22872476702329853
-0.00014149190336044612
0.02785440809918321
0.003004292172088899
5.1162051020499677e-05
-0.16624469776065084
4.771347265287695e-05
0.06550283589354619
2.9677945591745757e-06
5.9264719648431836e-05
-0.0004948370849234989
4.906652122601041e-05
-0.056626217637062805
0.010182774097655225
-1.3949873367390857e-05
-0.0001523449863885121
-0.010253995366201769
-9.378830780909596e-07
0.004169025109858361
0.00011773032525170331
-0.001076400620365534
-2.1238311205795775e-05
0.029936045054696568
-1.8240972878861674e-05
0.00015771455074179615
0.030322907032828063
-1.649051177662774e-05
0.012305746795369369
0.9990807306409135
0.017397222836117065
0.00045588686467568594
0.00011550824700709474
-1.2501215695662755e-05
-0.004173773557543185
-0.0007041842652789675
4.94580935297681e-05
0.008156951722922193
-0.0004909706231438318
-0.0008283850609898761
-0.0001823672321496983
0.00027426103799547215
-0.01259236082714586
0.001118878104520149
0.001859057801783278
-0.000453957168493712
-0.0005733118192764823
0.39260652071731833
-0.011119707681723129
-0.0008153623632663893
9.695640396740117e-05
-0.19776604264807476
-0.009950180096666733
0.0015444142309898716
0.35476954666367727
0.009740544742646073
0.011047248511548457
-0.1786810901134557
-0.0003173662682785425
-0.5192814084740464
-0.008773887078405379
-0.010771526027982408
0.29279054565187634
-6.400909585249348e-05
1.0010332951594085
-1.047847621141489e-06
-9.701306031273372e-06
-0.00546644884647241
9.092832624092011e-05
0.00018642635350238137
-0.0050615754612222405
0.001065414170302747
0.00047124193779416254
0.00026917028526212994
-1.772298091228992e-05
0.03611786963525098
-0.0009236129747450638
-0.0011691906783926492
-0.001055780003533918
2.913728162218486e-05
1.0010246240988727
5.787065734908646e-06
4.2509169842510074e-05
0.009815651793321278
-7.128590151728534e-05
-0.0007166370070252493
0.0034038746961979217
-8.761411848039253e-06
0.001135355668369934
-5.617356763219125e-05
0.0008999921915063752
0.0031167030001789443
6.087981660459292e-06
-0.0014853252564635594
-1.913301688033064e-05
1.000865304885509
0.00019267454656990407
-6.98405654174589e-05
0.009226581211349956
0.00037230180242613635
3.268126348530684e-06
0.003246658395814238
0.00016072010198298019
0.0007700950407468947
-0.0006906085243732743
-6.32702690842554e-06
0.004690865044628181
-0.00017588704881073427
-0.0004556973219812597
0.3286859783729189
-0.002027971953148603
-0.0005195103065460751
0.9525513691194915
0.027874330973112246
-0.0022914726362094234
-0.021587622383690504
-0.0006298269846449451
-1.3167101522341031
-0.02711570208106924
-0.005985313663939643
0.02758015700427155
0.0012389489269621055
0.6459863752986302
-0.00012810311799619733
-0.007366262160044805
0.0067564758816382004
0.00021376808418691515
0.003173553016380545
8.912486713684934e-05
0.0005841894932021733
-0.028897367155989055
-0.0002665287122948461
-0.002184078690251858
-0.0018518465833149915
0.5441226147748339
-0.0037384326346131956
0.0008616756904461561
0.0601207169677152
-0.001304448315319227
0.01192797434195735
0.0009931894528519471
-0.0008588447488110115
-0.08842930961712851
0.0019946810711892965
0.004939371885823548
2.270658784084635
-0.028495639487844497
-0.04682978311073322
-0.44750923582973007
-0.0003410563728161755
-5.891025912398276
0.009545892505948525
0.014374993155466895
0.6739826474788794
0.003397884256396146
0.965262834638871
0.010102949037848879
0.002370621799340935
0.0008427727050392503
0.0064468061469054195
-2.368994358825722
-0.005142774505756676
0.0004920384691251157
0.0036119951780948377
0.8454609799209578
-0.0007259173543157645
-0.00889376273839502
0.0064867173654487315
-0.005121143147370592
-2.0363304371639046
0.001284859213297633
-0.005803894240966237
0.7105809733492994
-0.0002227282601134517
0.695401809302894
-0.0017941629777552758
0.0019696912886766403
-2.1230785931673117
-6.74221189774651e-05
3.000539611523641
0.003692194663819981
0.005504071298385847
0.0003599157723147714
7.38680251046137e-05
-7.7701248677389305
3.9446184626725214
0.016971275927312145
0.03714847096251422
-1.0657562313652176
-0.006684763690853486
1.4860023069774002
-0.0010352209617119387
-0.0014853364249618757
-0.011082819584035187
1.2402858937422079
-0.0022946267679938444
0.01750060161292306
1.5925877804577147
0.00024489377606071264
5.163964976947524
1.0451270078889314
0.03619793682618068
0.0034344079316677516
-8.895815062876765e-05
1.3960797916153806e-05
-0.0019382455887819456
9.637221132916461e-05
-1.8592531014745712e-05
0.010765427383757385
-0.0002171686526876498
0.0001736743793996464
-0.0005098099415981676
2.4599671940865158e-05
-0.004959570197194808
7.557120751624462e-05
-3.0582800007274605e-05
0.0011202483360666776
-5.193850095884459e-06
0.009715522543444027
-0.0047018579780693645
0.00019967130612001612
-3.341328223167381e-05
0.0009238155719974212
-2.1085502467072052e-05
3.2029932426166695e-06
-0.007088176393785787
2.741501506176285e-05
6.040738753122995e-05
0.0029351660948643806
1.0096524979907957e-05
0.00365770727180761
-8.956449034983837e-06
-3.135483512230476e-05
-0.0016870029801952914
-3.915837815359799e-06
0.5548356434471214
-8.540227649864669e-06
1.0221984940806968e-05
0.10545104829152359
-1.2099936605896461e-05
-2.5189300400925196e-06
-0.014036277185955454
0.0002203146575694302
-6.50396829714306e-05
0.00048576725070656706
8.555589880022788e-06
0.007088551814214022
-0.00014998509011074568
4.369758484953798e-05
-0.0001827649329273302
-2.8450029891340815e-06
0.5564556984328669
1.6936655407091708e-06
-1.153962154986881e-05
0.10321957284886936
-3.020863048612179e-06
-0.00020399869081532405
-0.0027020438086090524
1.2548016936424215e-05
0.00015612561618557683
-2.877064765408556e-05
9.689912483510167e-05
0.0014815325372076577
-5.081210916756478e-06
-9.933757657103347e-05
1.930707335726164e-05
0.5559007537155914
-3.1266696063503567e-06
-3.895441633331786e-06
0.10395727109520712
-2.464435361870318e-05
3.458644615101558e-06
-0.0034106004099632875
-1.3784216391855014e-05
0.0003718055737112699
1.1834820220561942e-05
-8.946776220629696e-07
0.0017628088113447748
-7.930683618581144e-07
-0.0001966336559697929
0.005552226752171977
-1.6770714396252385e-06
6.115745472092392e-07
0.004016917371644691
-5.289735975784282e-05
3.507568713402651e-05
-0.00014367021099350125
-4.222343493131671e-06
-0.0020389933058956315
2.0095809683511525e-05
-1.3393827526519787e-05
6.663291960836328e-05
1.8829507769149791e-06
0.005907043965158395
-1.0956674870161484e-07
6.125586778558453e-05
-0.00020046237772401132
-6.041588392700952e-06
-2.350779841589646e-05
1.2353738427692072e-05
-2.49272570817238e-05
0.00010626846498270564
2.965840497647578e-06
8.216208612162915e-06
-4.902390654262494e-06
0.0057799889024520434
1.786091932837321e-05
-1.7478667836758208e-06
2.7009697772566444e-05
5.035771234787132e-06
-0.00011577287249606753
-7.604766047261279e-06
8.380948299660437e-07
-1.0179898940559854e-05
-3.2028828806349368e-06
4.560575068918982e-05
0.044335237003809064
-0.0002460655420279625
0.0009610806206048232
-0.006416377037126792
-2.9811829708813644e-05
-0.04348240437033023
0.00010299835096078639
-0.0004255353042016438
0.003264037731014521
1.2520732859989534e-05
0.014074281345860959
7.631328218842917e-05
-1.4052723166101961e-05
-1.365225710932003e-05
0.00011085651980913215
-0.014094633357942114
-3.530444190718123e-05
6.285552517711213e-06
2.0072452446167618e-06
0.015244107628141657
-4.93551042382592e-05
0.00013678733955711428
-0.0004279910764730226
-3.494294398523827e-05
-0.014995406653475325
2.117767171661188e-05
-5.864888410110014e-05
0.007826393711186102
-1.1517887550828488e-06
0.003298218910790276
8.140444689052432e-06
2.1169675067480564e-05
-0.008355340410369684
6.294106197788363e-07
0.057839745182841476
1.1909005894300417e-05
8.640043685496064e-06
-6.18294556578252e-05
1.3020645875760857e-07
-0.057241538997042644
0.010715536082235896
-4.5776976208779405e-05
0.0001880333987927554
-0.0016988529773689976
-4.848964043499718e-06
0.003533149401442162
1.6081017865842124e-05
-3.7495515846329362e-06
-2.126727182006107e-06
0.0036918014712958433
-8.894871877605439e-06
2.6277803411034622e-05
0.0022363427492470655
-9.354934162389848e-08
0.01422331618255985
0.05269253994613936
0.29101242819466455
0.0008106629927511046
-6.0416317517585465e-05
-7.613440001249388e-06
-0.0013671149284474222
3.795216451214892e-05
1.1815709668748045e-05
-0.004805654953520498
-0.0003113310477614368
-0.00016119742237436006
0.00033133687352514984
-3.147671693791634e-05
0.002235301920868876
0.0001061831151275692
6.584258350861779e-05
-0.000491061326823561
9.532903457397732e-06
0.47617705789555714
-0.00043553865554262476
1.1959324633346106e-05
1.3394084802027959e-06
0.0011927637777130447
-6.497688326353147e-05
-1.199951600250342e-05
0.0034280642786841055
0.0002243696106970362
0.0001691491944071178
-0.00026146351704076803
3.7756333065721223e-06
-0.00186406833698265
-7.054578001661622e-05
-5.299779132689193e-05
0.00016033278441758943
-7.829962808832241e-06
0.3933164871782375
-3.0505799439993767e-06
-3.3013294751459683e-06
0.1441999946199039
-5.150350189670763e-06
-6.767976430321191e-06
0.004054826516018124
6.40505528606494e-05
-4.871299495936409e-05
-0.0009989551108168819
1.7392967216445005e-06
-0.0014139411121875457
-4.292901531276665e-06
1.4890228486305767e-05
0.00034098378885520886
-2.734517555059148e-07
0.3933645067265019
1.4380733941171433e-06
-4.240878544270276e-06
0.14357120820059738
3.984372857964411e-06
0.00011209825937048141
0.00027039199044777916
-8.278058733597778e-06
-4.208279734668477e-05
-1.9260459611934407e-05
-4.28222856214761e-05
-9.932083093073373e-05
3.057030423076e-06
2.578975302357126e-05
7.611890109439837e-06
0.39329248663364347
-7.380818597478735e-06
3.97718009917156e-06
0.1434761855445888
-5.192585720207952e-06
-1.2118851804087873e-05
0.0016019066351811888
7.408183315440499e-06
-0.0001645986997593721
-5.808640881253557e-07
4.401262217691437e-06
-0.0005362994947909071
-3.4210487413487265e-06
6.925672089743516e-05
0.014622324141522938
4.299212404399333e-06
-2.614071786138052e-06
-0.007170874521771148
-0.0005134569725901134
0.00017116602704151713
0.0033187874487023866
-1.2057064296624365e-05
0.003380045432677712
0.00017844464951080017
-6.363049672002607e-05
-0.0012167252340644801
4.0100236550301074e-06
0.015849971871110344
-1.5266729675232567e-06
-0.00020440911569726878
0.0008959286312826511
-6.5877953262614274e-06
-6.945242575809557e-05
4.252727488467017e-05
7.59457502822925e-05
-0.00030453230110473917
2.672352730462814e-06
2.581103224236389e-05
-1.540866707077471e-05
0.015419809392950179
4.650420534076159e-05
9.798965979832917e-06
-0.00014508694477885956
-3.035179931503812e-05
0.0003952996907246302
-1.843921677254377e-05
-3.220754030305513e-06
0.00010888051524160157
9.42927725176901e-06
-0.00014286083910396507
0.05729219353192254
-0.005557909269077905
-0.001967636216392205
0.09093019327410093
0.00021525546000690694
-0.04779012101828088
0.0019453883190186385
0.0007708519437982159
-0.032164444214731976
-8.358232539813507e-05
0.23974542179141298
0.003565783221192912
0.0016237443177563743
0.0005281349175490117
0.0019360443462394987
-0.17418647555360406
-0.0012716046254083468
-0.0005622211717359652
-0.00016089803337155989
0.0299779848868205
0.0017433670958588053
0.001246629391944686
0.000774994030812608
-0.001260121220969372
-0.024696442119253113
-0.0006278138996287036
-0.0004719314528766694
0.22747840225954982
4.613404423476206e-05
-0.03106073500637822
-0.0005474483983875695
-0.0006469078705992559
-0.1654448046356015
-9.289897042225605e-06
0.06686100218431337
-8.129169588301485e-05
-0.00020205760467316186
-0.00047667120999923677
-1.6806673372995084e-05
-0.057543236174878734
0.0100795960907707
-0.0006760802398628059
-0.00030178739092939034
0.010900688255719477
3.124554481097554e-05
0.031745673939018094
0.0004491731903197275
0.00018933335949525393
6.219261694313094e-05
0.005092988303546238
0.00023284015965873017
0.00017943880478087304
0.03018878257523003
3.4232448219307054e-06
0.012449590127391776
0.9980832626698032
0.03072013982200957
-0.0004350584819379763
2.47798890294389e-05
-4.6715815005283024e-05
0.0033890785854959597
-0.00011858644290589781
0.00031270605120323387
-0.0010513091414349812
-4.0713121637985405e-05
-0.00015263639808869088
-0.005985535019207047
-0.000125130071851825
0.0027439827639240983
0.00016242281067488194
0.00036228964268917674
0.012048158372570505
4.281874695825697e-05
0.4228818469253125
0.002480186646820643
-0.00020564419767971892
0.00027896846817933454
0.010849496022911975
-0.001041881679126659
-0.0029456834643291014
0.19950945250286709
0.0002959184607379681
0.0009281537862750149
-0.1360472568479079
-0.0012695300937721177
-0.3312256123244865
0.005006805112870231
-0.0007675929409008952
0.13129753482292275
-0.0011719106187782734
0.9991212749485039
1.816372388131452e-05
-7.876746465387499e-07
0.03673084452036764
-9.576791579822623e-05
8.240772667298547e-06
-0.00895510530825838
-0.00017925147240514499
-0.0004939095822977563
-0.0003330502026317201
-5.718838652776694e-05
0.017022134291862726
0.0007059414611874887
0.0005053012203621863
8.782286053838011e-05
0.0001378296096908622
0.9991450159185759
-2.4684076924631795e-05
-0.00010137406549283159
0.03893580530757173
0.0002497748249057037
-0.00031149175465301006
-0.00528275343873353
-5.640796098059835e-05
8.106187228697699e-05
-0.0003794791488237648
0.0004719146250330042
0.008629515115456232
0.00013790183601975422
8.414568380885835e-05
0.00036625071624155276
0.9993658891574816
6.489917073638873e-06
0.0002453343234612001
0.035065798940325944
0.000515924447008049
-6.920438025242235e-05
-0.005094159492263975
0.0009464264238759856
0.00045433688946072074
-0.000977133721898351
0.00015025744407462738
0.009060454261385497
-0.001789302435250202
-0.0003467454133776537
0.5586101520896997
-0.003255248954606494
-0.0006338897494860659
0.04618102754045674
-0.0022262550518381426
-0.003432479403673164
-0.023618977556363593
0.00010642781313878942
-0.059591806473633
0.0116828957834806
0.0011660941876203274
-0.018081187699033406
0.00010911472895804573
0.6851593780307849
0.0005160329182171449
0.0024243805118637023
-0.014620956458180106
0.00039280382915152066
-0.0045860340446412
0.00035387528782807975
-0.0008237653094406474
-0.08009704603010045
-9.19644221594283e-06
0.011944704376130976
-0.004273860475348536
0.6016108589856517
-0.0036284214128018484
-5.755143886732955e-05
-0.007271996059886716
-0.0078071768766575745
0.008930080988050032
0.0030695616718986016
0.000508091762140365
0.004212174971793233
0.006067557251233817
-0.008620275177351037
1.0974398143181463
0.006871818473858434
-0.0035231286908372506
1.5693872268584232
0.0014506050489584874
-2.9805254144571873
-0.005853573145933434
0.0014446605254014044
-1.8983121348332326
-0.0058042272692108285
2.821244522610166
-0.004352866957553292
0.001012208298368137
0.0018251767817812061
-0.006052357337500061
-6.865176479659375
0.008060517905954195
-0.015536883299035891
0.0005141957759333535
0.9451992256022317
0.004005083182904655
-0.003973445967155123
0.0021793019730539215
0.010484738502616034
-2.3557860910298793
-0.0029945665178358763
0.0014922002936898877
2.625363068275978
-0.006512691084194902
-1.8989238425330672
-0.01653502472574346
-0.004441381736798722
-6.768280466339974
0.0023193089839601004
1.0310502674827209
-0.006273694353143991
0.0019268950317157412
0.001604197201622365
-0.00015977522695167213
-2.6221882473683027
2.062381044953129
0.002854576942920615
0.00023041120020808598
2.3917587502689948
0.01388864704137412
4.381474411338441
-0.015777957589687065
0.032338473431837725
-0.005642700155859741
1.4837275057001653
0.0016513032645354743
0.0017068111838212685
4.520756141642879
0.008518574050720717
1.6973115828656578
0.9981384871721725
0.03009664517571813
-0.00026411015986887244
0.00011138250077342236
5.569309624361402e-05
0.002085574764230027
-0.000985590499754996
-0.00040626688684509504
0.0007377375398214924
-0.0012744262553814828
0.00021362065983429176
-0.003746697729099236
-0.0002691372130870337
-0.0014394887905394022
0.0024264457471814835
-0.0005575182357771697
0.007360617316783895
0.0008203739395404643
0.4222994034260008
0.0015278091855905071
-0.0007287229917540369
-0.00034908475945211523
0.006547716894007619
0.003447599607827189
0.0034086128197976994
0.19495591416903765
0.00099401420495445
0.0004585026895973514
-0.13525091374880313
0.0008314270636422461
-0.3320674767392347
-0.0009593402078914552
-0.001156802085109761
0.12156188313518375
0.0015453631646964899
0.9992214163733248
-7.114905629016358e-05
1.766938532761832e-06
0.03505945737284389
0.0005907098681946422
1.700935376864334e-05
-0.006118820772006834
0.003544464745167338
0.0008965115386428938
-0.00020985718319844983
-9.669176832364089e-05
0.01204011079658548
-0.006884179335484095
-0.0013074482855202983
-0.00016718488500477762
0.00028565198118023254
0.9992543014263394
1.4129784163422653e-05
0.0006053106869065467
0.03707154662708074
-0.00014297906152457816
3.29741648983721e-05
-0.00276377525268028
-0.00011520265114276662
0.0021858237289441077
0.000772375084471831
-0.0002457617641995565
0.004065326326312148
0.00029477673626381
-0.004238712967018797
-0.0012425038458237668
0.9994268933480703
1.2875662838298342e-05
-0.0001362910943894985
0.03417719108993596
-0.0005030517724258552
-0.00014022898426759072
-0.0028381200724566574
-0.0009222141013409352
0.0015042771074811035
0.0009529997999831849
0.00032987936708283607
0.005131792110511854
0.0016730919727407265
-0.0023589548535672997
0.5575913640737027
0.001692376240237179
-0.000332678937927442
0.05278978129431027
-0.0025876589483371255
-0.0013066514571502884
-0.026440585251290605
0.003683717776396789
-0.058474919512433485
-0.013723920270160405
0.0025039767243109417
-0.0007192497808079551
-0.0010334569848911147
0.6838709698778072
-0.0001292135953022443
0.006839729150681255
-0.020315117704281536
0.002503679317396349
-0.0076165695768121815
-0.00803612763650627
-0.009390991452250972
-0.044037503333764966
-0.000982554169579761
-0.0005663552059472657
0.00975229759973287
0.5992446011952939
0.0036118198163335924
0.0003496307114950336
0.0013576261599254175
0.00706997328828434
0.012099796703219068
-0.0036312442066515375
0.002669951011788892
0.0018384615994782947
-0.00761891256792265
-0.012590322265019
1.093340200632424
-0.0040204056071836665
0.00028842347848352185
1.5816129907259429
0.006392733517205898
-2.9690568050976895
-0.0015254471054872772
0.00017777941006023515
-1.9147037303207637
-0.0002313911547477779
2.8339437287178777
0.003341948824866298
-0.0028588764529681745
-0.007900842246676695
-0.002067872561606538
-6.9211149743050475
-0.005199083514821582
0.007847762284857082
-0.0037318510078287637
0.9401023102689592
-0.00463514547150928
0.020406270711905875
-0.0005243603219483432
-0.009315709438225043
-2.3489359578002906
-0.0012123940733590102
-0.01746115749801726
2.623917393955328
0.003508982926527716
-1.9180033847760452
0.007168908509405328
0.00036873373931444457
-6.78203608096804
-0.00014927152691133265
1.0418860579302867
8.608726020479685e-05
-0.007148890327943768
-0.017344132963163915
0.002858442472779883
-2.6301128315665454
2.054830550548951
0.005780425971198056
0.00014773755721034053
2.4163683683588153
-0.010425748729707852
4.431152869548772
0.013460050336077953
-0.020253436985930216
0.019101106805913058
1.4834336231560517
0.0074998597396677006
0.013574696100985812
4.541941412464848
-0.009489876026776799
1.6932995063747984
0.830073981934758
-0.034929835144719854
0.00014152949225460122
8.652230274943861e-06
9.872624445694342e-06
0.00030783932397268957
2.610477828923661e-05
1.609004609562136e-05
-0.0017600477528054762
-2.6138126280219757e-05
-1.108140811373328e-05
0.00021291186230541355
-5.013885502845137e-05
0.0003863198198856643
2.3230386091917693e-05
1.3393988116163258e-05
0.00024274594551552378
1.9379843621301748e-05
0.010355967734519158
0.00022484867797906388
1.8618730988067494e-05
3.332908935280953e-05
-7.032867650068954e-05
-1.604988243833815e-05
2.3514653831985175e-05
0.004040885846360665
9.14690967172171e-05
2.171532883439737e-05
2.009560393216487e-05
0.00012588628483733096
-0.0012572531159023973
-3.678486572954919e-05
-7.5091913845080005e-06
-0.0002734315395331001
-5.447931902389017e-05
0.35956137425912355
-8.209138632819004e-06
-4.747671963367114e-06
0.15125201756047316
-7.2552116536861046e-06
-5.434733432610168e-06
8.783131568786718e-05
-8.620004505599578e-06
3.452350694433229e-05
-0.00019300121122971597
-4.459478184317088e-06
-0.0001632018225426612
-3.216662240430027e-06
-2.4149027845412268e-05
6.94384940709353e-05
2.7944944333073376e-06
0.3595229208173681
7.236417507128431e-06
-7.4038236943174e-06
0.1512977757570009
8.441484705529578e-06
-1.8798731229662746e-05
-0.00028347244760800415
-4.39072443817814e-06
1.367036839191147e-06
1.9289050124657322e-05
1.1957751366210528e-05
-1.6086366108372507e-07
2.725730358317492e-06
-6.8966521149347035e-06
-1.7437544419160052e-05
0.3595924313396534
-5.3727605250142965e-06
8.522968693716005e-06
0.1513371918872876
-1.4891408001327732e-05
2.6130787724744474e-06
0.0001958366924237
-2.6845836024440358e-05
5.029043185252405e-05
1.3818340836724958e-05
-3.784273868530666e-09
-0.00017117999289538555
2.6127171704139065e-05
-2.6961946406290865e-05
0.018396150869469045
2.368151353174468e-06
-3.891954975594171e-06
-8.685436244401744e-05
-0.00016105337369461115
7.474183066829413e-05
-0.0006881016509503806
-1.0262663758068279e-05
-2.308375562989152e-05
6.220082626536297e-05
-3.089224940530207e-05
0.00029304956549570433
3.7715729109687497e-06
0.01888053528866225
2.8508414186828945e-06
-5.870535768005085e-05
-0.0015481460267824556
-1.5207792188054953e-05
-5.5339324805857564e-05
1.2344510357948696e-05
2.5936041679425025e-05
0.0006073813693894282
5.502550552240632e-06
1.8061678278047937e-05
-1.0179504033987225e-05
0.018615141096838976
-4.697131317384983e-05
1.1102852562090912e-05
0.0003806018441810257
-8.495737617193253e-05
0.00018222467328276438
2.4107673081917816e-05
-4.660581290684725e-06
-0.0001759034419125811
4.5530301122056055e-05
-6.850645345608298e-05
0.20086695318420894
0.0009053285649349592
-0.0006241781113556065
-0.13737016239832714
-0.0013743131325375541
-0.17270463552222287
-0.00037361169575415116
0.0002591369504242296
0.05428559187581875
0.0005621528093364034
0.08833261518831222
-0.0004217148850926809
0.0008099617551574751
-0.0006306727931355114
-0.0003708283200443365
-0.08470041629223074
0.0001600013382197398
-0.00035693787967666006
0.0002459858026295803
0.23689967119618469
-0.0012299000055288416
-0.00013559525790591233
0.0002468763383180105
0.00015383943438080703
-0.2012769133284531
0.00047024008484595066
5.6923861114236344e-05
0.10490289777962164
-0.0026530872803394133
0.05496999805399923
-0.0003562084832759577
0.0005003691014061418
-0.09664807138016025
0.0010622368467572182
0.23669752405669967
0.0005537862214380818
0.0002487901714949484
5.7402732115466846e-05
0.001032589566628601
-0.20119092757651916
0.03727262358989939
0.00015202572604172543
-0.0001027007728430463
-0.021422672496749593
-0.00022696900445560468
0.020389609947636344
-5.66138757125404e-05
0.00015430216906462595
-9.692644102733106e-05
0.04286828430231311
-0.00019042190749548091
-2.4499565814250457e-05
0.02249086069584365
-0.0004117412109978342
0.042882074806103565
0.8300635014279538
-0.034759234949218926
9.097565591060898e-05
3.06949002053059e-05
-9.1623339909784e-06
0.00020516722375380273
6.340688476572219e-05
-1.5068411284844947e-05
-0.00193133992834536
0.0001253184822791677
2.0342572760004694e-05
-0.00025932277156106133
5.0868573964847575e-05
0.0003933039814641008
-5.6866611637249e-05
-2.097661254511067e-05
0.00034953965533851637
-2.2531909482679267e-05
0.010332965157555173
0.00013866651587316308
7.446899073754504e-05
-3.96083303848663e-05
-6.858219619336268e-05
2.4872367437947763e-05
-3.051537736138718e-05
0.004096391403319738
-0.00015406505844692045
-4.1881061449835266e-05
0.00044457931259237946
-0.0001228587440058778
-0.0012856622038968802
6.50842911647232e-05
2.033259604604109e-05
-0.00043810311829110333
5.2570298039767385e-05
0.35963312289373045
1.6663802689217658e-05
3.306360159095392e-06
0.15138859897456547
1.0978356347256706e-05
2.9545979271765063e-06
2.7140881103424404e-05
2.2909888865069206e-05
-4.2476082400718706e-05
-0.00010716972478794555
6.937507034576537e-06
-9.794192176176176e-05
-5.03413113811143e-05
3.039436308384e-05
3.954786482518219e-05
-2.8991645174440948e-06
0.35959117800154844
-5.602137815605104e-06
1.0979860420264764e-05
0.151432105937661
-6.364676019479053e-06
-3.350593775483174e-05
-0.00020300892797706847
2.371608088245942e-06
2.512333241831136e-05
-2.0299521393627976e-05
2.06677579986779e-05
1.4941404361232515e-05
-1.1244357004345443e-06
-3.7053342970587056e-05
1.920936795490784e-05
0.35962756881386115
2.8910297647608345e-06
-6.419616026785106e-06
0.15139765635542307
1.6453427691567407e-05
-2.7668172504926056e-06
0.00011753867280671423
3.471118211643815e-05
9.212588722816735e-05
-1.4050846042231975e-05
7.367450790405895e-07
-0.00010332435543695847
-3.0259303423034307e-05
-6.166294871863472e-05
0.018402164094435788
-2.4223448049061833e-05
1.487586129105986e-07
-0.00021929377020528883
9.218813227920729e-05
-9.433649964364342e-05
-0.0003918669403216871
2.9890500515174703e-05
3.7850840543819014e-05
-4.4184915096072766e-05
4.2978757366307596e-05
0.00017801937778003988
-1.0806184206534427e-05
0.01889967502546735
6.984914558845803e-07
-4.7899076034187115e-05
-0.0012207433900883336
6.832165920808307e-06
9.099055414147661e-05
-4.473577005423212e-06
2.4871445858893604e-05
0.0004971021759741523
-2.1544703861922034e-06
-4.50444884095105e-05
1.0097331104545247e-05
0.018615875653485506
3.299379653292237e-05
-2.5347789004338304e-05
0.00024319212150309636
7.328672508093803e-05
0.00030244090509483525
-1.825401600634145e-05
1.004128648476832e-05
-0.00011386786870950038
-4.157283701237876e-05
-0.00012038418588076476
0.19919275631856
-0.0002269017606854477
0.0008531259341700096
-0.139901882939594
0.001367635373123289
-0.1714804822811927
0.00011275896530338538
-0.00034610679621461464
0.055387062276723645
-0.000565076079270652
0.08442183457711959
-0.0005655914738897852
-5.1995706867767654e-05
0.0009371570432799314
9.121126204932136e-05
-0.081368868785621
0.00022848904186398652
4.984414292471976e-05
-0.0003563358332676709
0.23632192273256114
0.0016124691436873026
-0.001228624484769175
-0.0003340359428576644
0.00022218029796178775
-0.20096844249926052
-0.0006248211416370867
0.0004265954021681445
0.10510255738321851
0.0027300910765795426
0.05612000320908456
3.400060331151284e-05
-0.0006564038808730797
-0.09677129034090057
-0.0010936536474337693
0.23606366076343963
-0.0005584098729809259
-0.0003718686661098002
0.000429969440938469
-0.0010679731631464445
-0.2008437628634911
0.037054340279665185
-4.534394964523427e-05
0.00013508426806603323
-0.021917606363238192
0.00023077056582603022
0.01969200296435076
-9.049667901336922e-05
-2.5146696136229075e-05
0.00014047745408259953
0.04283964332918195
0.0002535593745509995
-0.00014666166903249997
0.02251002669966577
0.0004262496247292914
0.042847363594990875
1.0474046005509887
0.031215877715608846
-0.00017511407720303084
0.0009415829198255696
-0.0009536182826336637
5.3428099480336956e-05
-0.0006694750640625611
0.0007110016952745018
0.006977864899728404
0.00041525437060034565
0.00017073326245862813
-0.0032585942883096124
0.0014777645952073835
-0.002487022309128126
-0.0001417736558309772
-3.953918338969342e-05
0.0015811656930567954
-0.0015751452404910162
0.010621543394145639
0.00014938246250787766
-0.001314936018755958
0.0013752146837306425
-8.748912090208083e-05
0.00047744069244770517
-0.000484169363438123
-0.004224412963644664
-0.00020730374775418438
-9.991540099425678e-05
0.0028532292656203192
-0.0033689586035451943
0.0021408084787038826
0.00010208446768301884
3.963293026958249e-05
-0.0016428250265644081
0.0018386736648050496
0.5558366615550827
-9.230413719983189e-07
1.967376849519885e-06
0.1023716986998785
2.337406840562358e-06
-7.740891150835452e-06
0.00021381835318832798
-0.00014986703723624784
-0.0003574678212015868
2.7090505116699112e-05
0.0001317281251338452
-5.152981467173838e-05
0.00018530946100898114
4.4160561773508e-05
-1.0152351012036603e-05
-5.513490599412106e-05
0.5563513974064601
-0.0004506435738121508
6.339347096126816e-07
0.10196347630142062
0.00048413266068059353
0.0020381295466984244
0.0007594962999750688
0.0002034212619400821
0.00041151556049052936
0.004187861587216074
-0.0009802297177855005
-0.0003212276729001028
-9.124675158003027e-05
-9.652265809307257e-05
-0.0021003567777612294
0.5559761096263314
-6.22346962442393e-06
0.000478219553815425
0.10225026557541753
-0.0022803830472605704
0.00020315960948395553
0.0007659420929100767
0.0011104869571912674
-0.0034524781598650445
0.0011317888928006124
-9.311503747318702e-05
-0.00033079221504592323
-0.0004134327604541906
0.001702241172051852
0.005626106739322056
-5.017592516390344e-06
-3.010572316724527e-06
-5.610018591281296e-05
0.00012822378675702241
-7.902473467782662e-06
-5.316545512173503e-07
-4.109103472790179e-05
4.0766519174920864e-05
-5.787678731691105e-05
-1.0710272961016282e-05
2.287559710299133e-06
2.2949460805662772e-05
0.005871779492625512
-0.00015490158677992466
-0.0009819783433620479
-0.0002284397921143941
-6.861681093538157e-05
-5.260696279916972e-05
-0.0019490970561760964
0.0005029216169084251
0.00012464590085459242
3.645541945967945e-05
2.2352861851419423e-05
0.0010075918803156229
0.005733150828958659
0.0010545585747849457
-6.774111498376238e-05
-0.00025289048990736026
-0.000381752896479806
0.0015868816164516868
-0.0005438226033290561
3.692941308516423e-05
0.00013273382349798758
0.0001981010838017939
-0.0008222893733197287
0.059986770193713755
0.001991428292139422
0.0030826775621868308
-0.006359772757862085
0.00834207873684205
-0.05814962857201603
-0.0009405667566741042
-0.0015068543989406448
0.0033081578007750283
-0.004153113333602407
0.017566179230290833
-0.006174372608334422
0.0003022265056387109
-0.0018865560802073416
-0.000972481098861328
-0.017362259389734142
0.0029155947728252436
-0.00013083099182003788
0.0009269553063534694
0.01874492458148899
-0.00015935803278847985
-0.001221295262415582
-0.0015173653662357764
0.002917698817477505
-0.018214866967878218
7.412571703418772e-05
0.0006065207059914958
0.012396400412384797
0.0009617068687460214
0.0033156549886182362
-0.00013242231614356376
7.515722332787175e-05
-0.012778209914417533
-0.00042632615354102623
0.06800971254468026
-0.004112037591567641
0.0009282903566500135
0.0006004819622832287
-0.00042848809202035117
-0.06628201368611485
0.014156466062793796
0.0004621126171040141
0.0007460810993170909
-0.0017390920908718962
0.002064208787950643
0.004296911558020885
-0.0013768827604174133
5.6021188272310974e-05
-0.0004589872322088378
0.004429107648845543
-3.5369112942734226e-05
-0.00029998447834662413
0.003300855821660213
0.0001838757455234763
0.016225721618032443
0.8297585740128457
-0.03208169629893909
6.451866754483192e-05
4.618347910510981e-06
-8.406765909989061e-05
0.0006829750663357813
-2.7197790586025594e-05
-0.00023775946341116853
0.002335151057558413
0.0005024669794484606
-0.00025130426903646145
0.0013768525560461692
-9.807158433469453e-05
-0.001317777952549165
-0.00017860867617771118
8.099691466300519e-05
-0.00030659375508461985
5.887333906233375e-05
0.009585536523973986
-9.546688476040162e-06
7.761229913522608e-06
-0.00010712075566641547
-0.001236771984043662
7.084190748716452e-05
0.0001619733183734991
-0.005147085657987119
-0.001082258733148947
0.0005214683078413462
-0.002841119191376241
0.0002447083881798521
0.0026803453832930204
0.0004357535695643965
-0.00019047065733308636
0.0008074227101265967
-0.00012580197435418697
0.3603552752907904
-1.5607477002208374e-05
1.1194678557086917e-06
0.15260734508551188
-2.0179011598098032e-05
1.2074411981534743e-06
3.221288489764099e-05
-0.00013690923803639179
-0.00014848132576541158
-3.127447268024427e-05
-3.600015094895735e-07
0.00016785789038248886
5.858979961847669e-05
0.00011175124976756727
1.694725644763962e-05
1.1310415414954986e-08
0.3603762114595049
1.594179609008515e-07
-1.9496405293163472e-05
0.15289219245845886
5.714368929715962e-06
-1.3446046229452993e-05
0.00019556983574191346
-3.425624495398198e-06
8.049181783250035e-06
0.00013927180508929965
2.3490062400067186e-05
-5.7546030579507535e-05
1.5556613714577243e-06
-8.406589457053374e-06
-1.5681333154299972e-05
0.36035067727833275
-2.7962973865494962e-08
6.1819854928520895e-06
0.15272439402450627
-6.597010899664813e-05
-6.846021167825993e-06
0.00028792746408595185
-0.00010453091513332905
7.061728087892111e-07
1.4841195382222738e-06
2.6983029040714036e-06
-0.00010283242289480627
-1.7247559623639875e-05
-2.3184742938868364e-05
0.018068047611900378
7.08546801797977e-06
-2.984792952627035e-05
-0.004402297179326502
-0.0008468073151459358
-0.00037910476085875264
-4.9589993652779296e-05
1.3067655596142427e-06
0.002387223963838133
0.000337425824730082
0.00013972370774612865
1.4871454755152025e-05
1.114081120546919e-06
0.018988216484545673
3.5857756050193506e-05
-0.0002276423627764708
0.00041934886299939536
-1.3334211246290014e-05
3.991224797888104e-05
0.0010693513722922373
0.0001152621575601963
-0.00012105751064461248
8.022029518183396e-06
-1.4937647558949128e-05
-0.0005583284025765306
0.018461965888981906
-0.0002076667589885726
-1.9698303968871158e-05
0.0008331155304238134
-0.0006469954424049857
0.00035190479051427415
0.00010783476712151748
9.423201709414919e-06
-0.0002720177161319326
0.00016335467065060552
-0.00018567227743385343
0.0410073742494558
-0.0254019665824867
0.007119068115446237
0.008186813613280391
-0.0005878606898309168
-0.04189887204409019
0.010497901795351596
-0.0029374474113282056
-0.003029064467705718
0.0003022146621072594
0.231876630451952
0.0002678007910414518
0.0007003738315384659
-0.0011461797741797797
0.01053813040713354
-0.19930541040388733
-0.0001278804128145954
-0.000231597533014921
0.0004543503517995719
0.23258468406029786
0.0002044492938862437
0.007482285509834945
-0.0029655113845618005
-0.00013005303154591408
-0.19972255615398343
-7.034751307395715e-05
-0.0030169313669043464
0.23499212724632976
-0.0039861814813873025
-0.003467899922237326
-0.00025900268036480235
-6.54920491224165e-05
-0.20188065193488755
0.0016189395663610663
0.05242304986936591
0.0003021411861271658
0.0004778097556871853
-0.0030963764025504752
0.0016225604403777604
-0.05326081125953973
0.010764743754710461
-0.004320577998741843
0.001207650576184637
0.001201505077679234
-0.0001545826266300266
0.042922607179432935
6.012300418520446e-05
8.147390973335546e-05
-0.0001908428442838399
0.04295686083419554
2.348636644251606e-05
0.001236827833860897
0.04345530058987799
-0.0006511425120971155
0.013589575532835858
1.0478716930825924
0.03016890594035318
0.0016092091301831736
0.0007667213394970904
0.00041653384026634204
-0.0011306122377171667
-0.0005276757324308607
-0.000279153923536447
0.0012804241219659758
0.0005456240868933361
0.00022185504766157659
-0.004658376911563439
0.0013845004221480271
0.0007993319456605812
-0.0004338638822102179
-0.00017502852855801065
0.0018857950482783436
-0.0008976034631050905
0.010944858345275477
-0.0021726313384410638
-0.0010717282024488575
-0.0006013231490890294
0.0008137791037369444
0.000396929489789398
0.00020375692809550516
0.0018633630071548837
-0.0009066153194916606
-0.00046136015742011445
0.002975106111364701
-0.0016667534125034643
-0.0011445114462085943
0.0005005075622753342
0.00022722388605434082
-0.0016866107001166615
0.0008710515685360814
0.5562212771361594
-7.924603928018308e-05
-1.9954693382764273e-05
0.10140220413966589
7.892600292419044e-05
3.160379750131914e-05
-0.007429609310780313
0.001467997272699743
-0.00017076294007029296
8.667091585537122e-05
-9.834842092448632e-05
0.003615621725275012
-0.000654819120073065
8.508011690642905e-05
-5.899710406376028e-05
4.1319991255844777e-05
0.5561557125641385
-0.00028267546954721104
8.092241662920303e-05
0.10213532755562528
0.00026271315882435767
0.0026938381569678554
0.0005284581497044575
-0.0002853056604672573
0.00040707880679957675
-0.0020549658522039096
-0.0013166882438943503
-0.00016207600311983088
0.00013118305324474392
-9.798905295792899e-05
0.0009527547501303887
0.5557774688984507
2.9968599810115125e-05
0.00025858263737902823
0.10228270854031359
0.001116300942819896
-0.0003037137378131938
3.804846714267029e-05
-3.440012634728929e-05
-0.0033000046575210685
-0.0005168396948883369
0.00014149938645334663
0.00010219058084080211
-4.866336452663194e-06
0.0016116192027704499
0.005793425091641728
-2.5907069952235093e-05
-6.147839152331222e-06
0.0033379861239030335
-0.0005103766968861864
-1.6013262702370695e-05
-2.1959666706183192e-05
1.8056753450801127e-05
-0.0017343947700373802
0.00027916403488591207
1.054144751228713e-05
1.1710126030366339e-05
-1.1269039852799217e-05
0.005800033197514246
-8.43212026624813e-05
-0.0011673063593165963
-0.00020857727131748426
0.00011818054143993832
-6.117066761805799e-05
0.0008213378526021916
0.0005947614766224045
0.0001089738144160408
-5.911122634864625e-05
2.7261395733027082e-05
-0.00039645718691592725
0.005655434193283966
-0.0004664156958063961
0.00013168067065405514
1.9031571832040454e-05
8.56201489497015e-05
0.0014732015397475704
0.000218205294684803
-6.611757050841123e-05
-3.7363325122838574e-07
-4.771070055713479e-05
-0.0007454098227862627
0.0696476488638514
-0.004814061926154383
0.0019060093134369636
-0.006519355173271167
0.00393841023219826
-0.06755553590804089
0.002376422681057993
-0.0009656693695049317
0.0033942617003644582
-0.0019099811068309552
0.01984378399791134
-0.002040627474037879
-0.0006059113668581238
-0.003413672360258377
0.002400278954416572
-0.01962470964276292
0.0009752600682447243
0.0002897837697293737
0.0016415146215412217
0.02402363518122979
-9.281296573088768e-06
-0.00028535377909988553
-0.0009712933330461362
0.000977175676607534
-0.023131494339213104
1.0978017871320759e-05
0.00013699654287079816
0.010216519537109992
0.0023177435280184178
0.0033576688904288685
0.00029611562482256354
1.44084494635267e-05
-0.010572599549557056
-0.0010973019004358148
0.06562914985671794
-0.001896125823970502
0.001624050052547529
0.00013273935686000231
-0.0011002620620495498
-0.06338638122585614
0.01646784470903203
-0.0011941811622793036
0.0004944571505264049
-0.0017607282736792527
0.0009254229006613225
0.004859702292856001
-0.0004670009145872959
-0.000141457017272469
-0.0007849959519443189
0.005573229896591804
-1.1008814682354933e-05
-6.336804575595008e-05
0.0027417346245593535
0.0005205603835384528
0.015371778211280997
0.053561956673624095
0.28742984733700944
0.00043696630358067905
3.903396029597717e-05
0.00039120696212234095
-0.0013459248180463185
-9.684145194467755e-05
-0.0005202299901484536
0.0018973738710035628
0.0013488484747267214
0.00020679522939318578
-0.0018238670121366728
-0.00021507513883350292
-0.001108206616874696
-0.0005465639418951473
-8.147040795468524e-05
0.0003855282402830283
0.00010203848006609106
0.4775365037632883
-0.00018334886249432323
-8.685082153755016e-06
-0.00011574317852586211
0.001213115203883245
9.481090979439597e-05
0.0006344256668807948
-0.0007518793666445449
-0.0011631368793930063
-0.00015735244292128044
0.001341832357240738
2.417464425040494e-05
0.0009897437499673902
0.0004428275396232305
5.813728524614787e-05
-0.0001218981134753334
-9.318180845749241e-05
0.39271675985638693
8.53951531190856e-06
9.207740881643004e-06
0.14144123212397203
-5.107943183709875e-06
1.027252101197135e-05
0.0015133495346824268
0.0002680599667459305
0.00030248614357514996
-1.1861167653099146e-05
1.1773783643297864e-06
-0.00046453055716706124
-7.338111410260163e-05
-0.00016400676849500249
-5.48212328388678e-06
5.331067265362285e-06
0.3927634513543015
1.6028025355192385e-05
-5.3060180650332735e-06
0.14180849100683857
4.891278652998216e-05
4.155091550718291e-05
0.00010300123356267931
5.0537829929415164e-05
8.592832511815392e-06
0.0007873850762039107
1.1578472997927724e-05
-6.54881775487098e-05
-1.245339432285161e-05
-1.5907093219504675e-05
-0.00036028283699242347
0.39274301191406574
1.1481107591361258e-05
4.778605547391036e-05
0.14199157748742278
-0.0002911801039000213
2.1869400009091406e-05
0.00033958166225712174
-0.00011901868476866921
4.259007296857765e-05
0.00015564782545717022
-2.1210618349190567e-06
-0.00012992332427014228
0.00010019671422022417
-2.7805200863816396e-05
0.016447094350138018
0.00012206895003914303
3.8198826611238885e-05
-0.006143950108255401
-0.001397674668572826
-0.0005093156396595988
0.00011093409027537874
1.4800545402141672e-05
0.002881702100026787
0.0005054214724338755
0.0002541208013919801
-4.52482212314255e-05
-2.068235749037586e-06
0.015894664981270422
-6.449451965430626e-05
-0.00021643477393410246
-7.762282878221243e-06
-0.0002697621634139213
8.184989456075762e-05
-0.002401691424335014
8.067374101810945e-05
7.720659952353175e-05
0.00010102225170137596
-2.405203951854736e-05
0.001152665196181752
0.015492010689212271
0.000732436064585116
-0.00010190735708315344
-0.0013450191452561821
0.00021517659213858518
-0.0002669012060452567
-0.000366994485155518
4.254836968524536e-05
0.0005681006865165173
5.324725273602684e-06
9.86860524012876e-05
0.10648821334047275
0.013439527118626482
0.009481475559324892
0.005624275581244132
0.0016594512598036586
-0.08813486958756854
-0.005034219952857896
-0.003426684985001283
-0.0015303174283884822
-0.0006719060135127981
0.10168892425299542
0.031219763042585044
0.001337421029297161
-0.0008051415276479289
-0.004935605149822747
-0.07849870465342754
-0.011149340007591603
-0.0004334691920432781
0.0003276723305549419
0.10568544037132221
0.0050409655008878205
-0.0040550799524284725
-0.003339722286661049
-0.011090011354225137
-0.08172705547929177
-0.0016963079118725128
0.0013778333296624765
0.24009490493773258
0.0009210511332976552
-0.0018842779773902607
-0.0004544324405418535
-0.0016676530630653874
-0.17263933242968654
-0.0002953057438846047
0.0839567441563408
-0.0006934031869644948
0.000320823026187165
0.0013771562816469174
-0.0002982551883712801
-0.07015101368290183
0.01839684537241876
0.0018427410622086535
0.001210732378727785
0.00042464430669723825
0.00028115664656559687
0.015202850419462077
0.003948328302177178
0.0001529648051869079
-0.00012964086511114227
0.015828837756323575
0.000557495584216876
-0.00045264087894243416
0.03115422399679886
9.075104534874585e-05
0.014745438726429604
0.053349151100457015
0.2872597664684423
0.00021635326689291483
-0.00011499084934445192
0.00033427515040274823
-0.0002966660782928351
0.0003645026320500259
-0.0008389149215920373
0.003576225718886223
-0.0026400666603951374
-0.00044380221350691937
-0.0005386574511489291
0.0002283019575427972
-0.0007780769656005401
0.0009894210501621675
0.000155061364866245
0.00016158702236400595
-0.00010095086007673798
0.4775083957246759
-4.571583017399264e-05
3.3596330646424074e-05
-0.00011215694645094868
0.00039481046150682673
-0.0003179942688021502
0.0008170371580202083
-0.002634882053689666
0.002086758332556819
0.0003111638445088345
7.526214027747366e-05
-0.00017958500725145818
0.0004471494132102694
-0.0007721395210599937
-0.00011291743031275298
-0.000115776546413368
7.023786816547107e-05
0.3926204978159129
1.8795076528560594e-05
4.861887076173349e-07
0.14169211802244572
4.609654543575854e-05
-2.976537709528228e-07
0.00010861822243704424
-0.00037582981621937073
8.738186889997776e-05
9.820353672335597e-05
6.69218151734232e-05
-0.00010510125362686044
0.0001096380950358803
-6.197407226657097e-05
-3.2464946809051814e-05
-1.8167359159401287e-05
0.39263785717309196
5.162102118909318e-06
4.6281834139484515e-05
0.14145084251640402
1.164477680065824e-05
-0.0001491161606513682
0.0005027403380459814
8.226221521122409e-05
-0.0003298407748850829
2.169852117650161e-05
2.412145291888953e-05
-0.00022628050474611164
-2.4380256523978292e-05
0.00011897705581305476
-5.402232110979116e-05
0.39263173895637576
-1.7339678490528572e-06
1.0579681497653335e-05
0.14137286338258678
-0.0004287359683408763
-1.1557159679511417e-05
-5.2330671246779115e-06
-0.0009461539813497114
-2.7860896180369725e-05
0.000164755404041591
8.823285401383446e-06
-6.06210595026922e-05
0.0003362377204495347
1.7368001807622174e-05
0.015426149974898544
-0.0002490043881019444
5.7637790612023315e-06
-0.0006793192700172865
0.0017707655421515427
-0.0007498445639724464
-0.0006777528770103895
-0.0003244427120151742
0.00018003891185069192
-0.000686464698252726
0.0002796111211218374
0.00031161427001183905
0.00011157190906711476
0.01604674430119588
2.383901774536383e-06
0.001154293942113275
-0.002764483753451476
-0.0004123260722201483
0.0013225042854808047
-0.00010741777260406817
-0.00035546998391686597
0.0011311896059734926
0.00014571897064850605
-0.000554021302049311
-6.023425825678475e-06
0.016012661742747267
0.0014942127041330335
0.0001542123621762778
-0.0002676289506368589
0.004111529259392111
0.00023749485398413388
-0.0007507250483812523
-5.474450198466535e-05
0.00014518725509068595
-0.001850939466052141
-5.4399111733355606e-05
0.21766436869801217
-0.018021233332135133
-0.009392120774235136
-0.10033154590228423
0.001977302573779343
-0.15805117096748938
0.006038232764997023
0.0032027501082511575
0.0324004067811372
-0.0006085198139993194
0.08961230594876969
0.0037750816250033095
-0.006582198806304015
-0.0004051519442488728
0.005962696895403886
-0.07448292925172754
-0.001377351040563341
0.002679731793972804
0.00018385914692348524
0.08541404311637861
0.003190140902180898
0.015427497705413426
0.0032029323839940765
-0.0013693362516077122
-0.06656973639599799
-0.0010742688954304982
-0.005072528738852957
0.11672190609847717
-0.0035369952739300755
0.031951207381618864
0.00273544493861538
-0.0010511881359276277
-0.09322186830608938
0.0012156999461941337
0.2028727047935806
-0.0006237837969706179
0.00018228323071628607
-0.005052097141870636
0.0012015905986223372
-0.14790345504511584
0.028859981418798794
-0.0019854505874160465
-0.0010919348516871302
-0.009948603099506135
0.00018661133142153254
0.015579439751397233
0.0005006179783245239
-0.0010989136554593053
-8.233732451193734e-05
0.0129961408204938
0.0003487382219386059
0.0016485565940108488
0.018822825473459197
-0.00041345173919964785
0.027078492119795926
0.8299457131632691
-0.03371512830407276
2.371449715228754e-05
-3.3251973899693276e-05
0.00012303075387367908
5.825064458018486e-05
-0.00032399117274293365
0.0004892371295628553
-0.0015903885469509024
-0.0012495847968396385
-6.737732022394688e-05
-0.0008475926119761361
3.937490482045288e-05
0.0005335036168481165
0.000814053771128659
-1.0525016613201825e-05
0.000729604392200437
-9.262244220978246e-06
0.010001721398243764
8.173622307446837e-05
4.25557407335389e-05
4.176938201722527e-05
1.8324967566507258e-05
0.000626373227946339
-0.0006762829219645894
0.0035346763447506734
0.0027418194788971085
0.00015318951725156474
0.0021061429519329995
-8.914277889411259e-05
-0.0013263645998691754
-0.0014378281740111782
-2.6041740965654082e-05
-0.0013115237297451647
4.098036534451102e-05
0.35987721095278796
-8.899146018730802e-05
8.679819447443353e-06
0.15183708939373197
-1.5553009093302827e-06
3.5985954365448553e-06
6.0632743140214735e-05
3.2814660682519927e-06
0.0001139103366276331
1.4094485126484651e-05
1.4037752620480394e-05
-5.305128810673625e-05
-7.524717323822138e-05
-9.536082165686273e-05
-6.421822515651214e-06
-4.3262504469348885e-06
0.3598737606890728
-1.8735919815228412e-06
-9.442552214965918e-07
0.15193964002341945
-3.217705285040765e-06
0.0001467706980397476
7.444276806981953e-05
8.539068730090593e-07
-5.636137171948527e-05
1.0010975026057875e-06
-5.862359884161805e-05
-6.160209842485461e-05
3.657701981372138e-07
-4.346610532593019e-05
-4.7178435565559174e-05
0.35990598121861783
3.7531740421593074e-06
-4.60030179807326e-06
0.15181737880733986
0.00019335127312354494
5.708426354823312e-06
1.712471130735962e-05
0.00027728201760198964
-0.00010357945015610676
-0.00010628832829925192
3.7212207337828134e-07
-3.60282897756294e-05
-0.0001536879242228331
3.102695166119888e-05
0.018431345770967666
0.0005458855981240266
-4.321258620852057e-05
-1.124887686296949e-05
0.0015937329516556857
0.0001896520111002107
-6.610465608137701e-05
5.673147527686105e-05
-4.3886186299756536e-06
-0.0008519664205560442
-9.353198418813208e-05
4.9788221068420424e-05
-1.6743585426597474e-05
0.01889308322671739
-1.552495504187591e-05
0.001053700708945878
3.812150308816594e-05
-2.0663488303364945e-05
0.0007908084537506634
-0.00028592531926476434
-0.0004366628786408642
-1.100622540722712e-05
1.061407561690342e-05
-0.0004974643545169973
6.442921017373309e-05
0.01829006550819873
0.0016896510650957718
3.187213524702525e-05
-8.093555541786506e-05
0.0027446014882895053
-0.0003190944258976567
-0.0008549715611424556
1.0309353988778396e-06
3.983525859813074e-07
-0.0014169485023890953
0.00010423234220326876
0.19133582087052914
0.021339297564060836
0.0034287788938900483
-0.15448658904139298
0.0027977439603974366
-0.16529177613429863
-0.009015641921336524
-0.001395685955872726
0.062386852981543055
-0.001136691131448147
0.06553354160924756
0.0009665296340733648
0.00429031769727219
0.0038996115003295294
-0.009064189958845678
-0.0648762918194103
-0.0003913750237962726
-0.0025819561719307893
-0.0015205035088361118
0.2365295108491892
0.0063820273150328915
0.0017245721022744417
-0.0014047581020413414
-0.00035678294937562747
-0.20162845608210095
-0.0025698210827958434
-0.0004965510752740047
0.09924401461218343
0.005384639677399468
0.06286348776374029
-0.002575921918742499
-0.002577614936680509
-0.09095674268517821
-0.0021636463756424078
0.23571832844213753
-0.00114674750835204
-0.0015758108043249152
-0.0004994934663883595
-0.0021714694881820287
-0.20116425714043995
0.03582982671495116
0.0038253626344672423
0.0005646467591653676
-0.025129595643989523
0.00046412644001497675
0.016134613018962088
0.00014114941609874205
0.0014524273774130108
0.0005937010764061769
0.04307517506711846
0.0010238622347992562
0.00013659383942281407
0.021071262448168558
0.0008680513980482039
0.04303232134668558
0.0534128751053043
0.2870490212950629
0.00019802033935751087
0.0002612943478842984
0.00035487680459612227
-0.00020398780643433002
-0.0006885637573767687
-0.0009634931802737803
0.0032981857087373795
0.002749329675903345
-0.0005630433281313988
-0.001223336602581218
-0.00034935119283457147
-0.0006220684804314234
-0.0010207718519381853
0.00020570807038348108
0.0005004230513376245
0.00014238356135205026
0.47758162627614636
-2.707130725633111e-05
-9.136493113112018e-05
-0.00012194859546995102
0.00033050303618441083
0.000640483319583729
0.000925758912373815
-0.0024017667776162
-0.002118076965839221
0.0003833854679912661
0.0006673267044265015
0.000275624407847602
0.00031130870361331236
0.0007870479609284869
-0.0001485320659404668
-0.00038564976784005413
-9.375273321623341e-05
0.39259517282874035
-1.8683050448130462e-05
1.9659962941593829e-07
0.1416395209198095
-3.716393549846441e-05
-3.109024189198446e-06
0.00010738168180820815
0.0007197185300688864
8.425700459997522e-05
0.00013551263328363797
-9.143380119023302e-05
-0.00011473324779391513
-0.00024620569952202954
-6.255530081253997e-05
-4.528370049844196e-05
2.5760777247464897e-05
0.3926145872360637
-7.609844045427851e-06
-3.818390787649681e-05
0.1413988341452658
-1.7053769485642957e-05
0.00016071487056552346
0.00047235643437402736
-0.00011108768334487725
0.00047735638698677337
-9.363041480214517e-06
-2.1495338930862705e-05
-0.00022266939238273909
3.353978781210121e-05
-0.00018010146041674778
-4.841130438297016e-05
0.39260561795312954
-4.992193664644278e-06
-1.5612663679667042e-05
0.1412606928861123
-0.0004612862801815143
1.0149115994392123e-06
-0.00016231267214420072
-0.0009730754036230486
6.169656708398378e-05
0.00017592240399041866
-5.670108599083842e-06
-9.425064233087123e-06
0.0003414269041208381
-5.278874692884801e-05
0.015397830202057546
0.00020789341924899726
2.9838544049960744e-07
-0.0006041030926170111
-0.003062940624404626
-0.0010994771877236762
-0.000709594336185945
0.0004102963219737477
0.00015482686208645043
0.0012860766051679532
0.0004081115541399752
0.0003540206426557588
-0.00013936913790716605
0.016020721402399605
2.075510038163909e-06
-0.0012108916125988436
-0.002722845950769917
0.0005175557098144796
-0.0019060926733104938
-0.00011176389302743825
0.00040408830851086484
0.0011083020017080784
-0.00018179344199735194
0.0008231005944098083
-4.6787178967785625e-06
0.016188075232333857
0.0017512953030063814
-0.0001424715621733857
-1.71013547536564e-06
0.00453073750296445
-2.5534798346994378e-05
-0.0008845512985657023
5.092251450031649e-05
-3.831817334101787e-05
-0.002075918123431636
3.734869439207481e-05
0.21691812442857236
0.019685739707408743
-0.008645544650937568
-0.10137104879993022
-0.0017459904759873784
-0.15757761619073837
-0.0065704807871756555
0.002926319427278716
0.03249232757293133
0.0005360078037978794
0.08991422095902618
-0.006308257514442483
0.006023033038254475
-0.0010947974415258667
-0.006496597786435907
-0.07464727239755484
0.002310364934941958
-0.0025003476178681715
0.0004403732965998899
0.09635259353220432
0.003222451608204838
-0.02481809827079289
0.002933153541268517
0.0022951158971874917
-0.07457444971776388
-0.0010995115764075266
0.00827844821322392
0.11898659031102421
0.005910811074294614
0.032131256366803765
-0.002555141285012132
-0.0010777961946006125
-0.09506154858231922
-0.0019705743111469868
0.20167842656498908
0.0005602895240145781
0.00042873244730433325
0.00829467111885387
-0.0019673917267721596
-0.14706664436986494
0.02879199437431803
0.002151102537202946
-0.0009915147461881115
-0.009891817390787795
-0.00017042568702955636
0.015596389138616386
-0.0008429690093536414
0.001039934820095768
-0.00017469186500713177
0.01446228771925704
0.000365444070884758
-0.002753905897673706
0.019209843394362294
0.0006495867515548338
0.026938222526496677
0.8299112649505646
-0.03342870535916669
1.9116174208118388e-05
2.1639171476458803e-05
0.0001390651293948936
8.330812663167156e-05
0.0002810922634480948
0.0005930722611964624
-0.0015980507471714867
0.0004436525945970477
2.226023387220907e-05
-0.0007816608200673878
-0.0006470382090553689
0.0005652085218654217
-0.00034720725482856763
-3.445949832045946e-05
0.0007159933484530618
0.0001657652964436349
0.009904141128639616
5.6937843960109386e-05
-4.641641094183658e-05
2.3737896708073168e-05
-7.108553980654265e-05
-0.000569861888326625
-0.0008735768386355632
0.003555924987676675
-0.001172979111496661
-5.334648376004432e-05
0.0020127413538641678
0.001420658767832952
-0.0013464087665375692
0.0005801478198046648
4.594496746874105e-05
-0.0012785984368626955
-0.0004897578834491107
0.35993845601032987
8.193385664524807e-05
7.262912708577817e-06
0.151939962805011
5.012494698912015e-05
2.4743820998882465e-06
6.036546257951529e-05
2.6381524858774634e-05
8.765462752777089e-05
9.36650821013623e-06
2.0677883974881524e-06
-4.050649532900548e-05
6.586116208939034e-05
-8.68706781456374e-05
-1.4946386078760227e-06
-4.0780190878858195e-06
0.3599422131044235
1.7950451017585793e-05
5.0060495764396466e-05
0.1520526210769341
1.0463161554928613e-05
-0.00012535327613775763
6.0187333352358844e-05
1.2067709433229823e-05
6.652922980209512e-05
-1.3321755587947195e-05
5.092739405091045e-05
-3.5028386714403695e-05
-7.919852926638646e-06
4.757000507856059e-05
-4.6130985062634144e-05
0.35998784279597285
2.8037393798629925e-06
1.2177114788394565e-05
0.1519612380243693
0.00021888122558809476
-1.597116442463922e-05
6.851936700432477e-05
0.0003296015190328796
7.89787516915456e-05
-0.00013596658379540997
2.1888760014556847e-06
-4.106598408287529e-05
-0.00021104043735733065
-2.8453386202422256e-05
0.018407909076490047
-0.00018608238834435075
-3.1422348544071106e-05
-4.688939105803764e-05
-0.0014620246536028783
5.167214095659068e-05
-0.00010883150411599864
4.046533452561745e-05
1.3648473615073259e-05
0.0007980351961947708
-5.183956438072584e-05
5.6914666302979e-05
-2.322191987268183e-05
0.01885975080025979
-8.622592948996063e-05
-0.0010342946022142536
-0.00022878220944485265
0.0001136391481253497
-0.00078742132671959
-0.0003864351657454726
0.00044191719799908133
0.0001143300161525432
-5.1132579754075637e-05
0.0005143572708077699
8.948106303309447e-05
0.018257885783925582
0.002124729488611121
-6.604253366216095e-05
9.931986473005231e-05
0.00353719860620502
0.0003477673681180465
-0.0010935084241619336
1.3263345561030037e-05
-2.8886043302155516e-05
-0.0018479538065912
-0.00016004963351727968
0.19040492994679845
-0.02191989659459576
0.006666294014581686
-0.15650825496099705
-0.01056511001703477
-0.16456747729412793
0.009009503419791835
-0.002713011824487131
0.06341455395033099
0.004278611700910421
0.06301455478038692
-0.0015742194984510504
0.004284630476326525
0.007419638965609933
0.009063668622208572
-0.06258227283999443
0.0007040371832637642
-0.0013608172197149733
-0.0029582733616789433
0.23538379103158075
0.012329608134577435
-0.0007958974449473785
-0.0027302390071821804
0.000545096034221424
-0.20093614214594108
-0.004985151160527244
0.00015351669750508656
0.09721018982697846
-0.019365500009893327
0.06385667001945133
-0.0013695137100685501
-0.0050101688403304005
-0.08907631471585113
0.007799382476351469
0.234893270680808
0.004350433086433163
-0.002963105841586628
0.00014803234251992525
0.007872121652386441
-0.20066797502544942
0.03568941639918158
-0.0037002282243197384
0.0010998248604063064
-0.02561892974097598
-0.0017422606020930308
0.015615687483162373
-0.000250284114104884
0.0003738830921702782
0.0011594107802328298
0.04298302290189919
0.002003299436364941
2.934648316111361e-06
0.020639785472407447
-0.00313815933594027
0.04297000770987467
0.9994083301760364
0.01263435218893061
-9.624711381574878e-05
0.0001577856107181101
7.973600023754427e-05
0.0011806548211988198
-0.0011173645251400398
-0.0008800801938587691
0.006303426702965143
0.0012077899736412966
-0.0013792039043657586
0.0007081415666690699
0.0017441397164632345
-0.011549398383102073
-0.0021753742681134844
0.002902739240158231
-0.00456047833080306
-0.004388126000984997
0.3724410761833865
0.004505679581696226
-0.0016645036762545549
-0.0003919054793937582
0.12133729511916072
-0.03130007049571368
-0.0062922613588704225
0.011674600721181693
0.0018293482392794345
-0.005373864215283337
-0.2393863050959479
-0.0702417796555991
-0.03380957405602949
-0.009734155624430887
0.010217824956476294
0.3667043258566189
0.08943212550250013
1.0016769541642587
1.6084349278023886e-05
-3.476661625874902e-05
-0.012764253990486623
-0.0008299504028438712
0.0005527004378400389
0.011564593141652474
0.0013624089239072375
0.0006402404212045176
-0.0012604699058160588
-0.0010376026071265063
-0.04653425886175661
-0.0007718428069540677
-0.0011238751466142297
0.003718609403784792
0.0026736975913034893
1.0015859274438261
1.4320674075629218e-05
-0.0007871794326427218
-0.0016631080496489973
0.00022538722104595147
-3.2231144616793106e-05
-0.0015332445867833363
-0.0004523394387887421
0.0011319705094131071
0.0016880963017809848
-0.0013755336232131512
0.0074670145261416
0.001917830929137154
2.575180194752483e-05
-0.003185260936179192
1.0014795829294931
0.0006229047992409598
0.00020719193479759037
-0.0039767383594384
-0.0015651953713041779
-0.0003048810457470685
-0.0006360030881543522
-0.0013991501307527175
0.0001436869289755539
0.003946905118437258
0.0017186781937508142
0.002682495440283935
0.004340342109934235
0.0017992871961484014
0.38011307848156856
-0.00913874950743984
0.007458335733078438
-1.2123905309477518
0.044015650392928485
0.04178133295936413
0.05684577460621332
0.03696214854200119
1.686893613025482
-0.05544091042008094
-0.05187194607070294
-0.08115401589781285
-0.0495826522039722
0.5229109387389331
0.0484882217807185
-0.046311370128686476
0.5130742218574783
0.057471292568208335
0.06572118954889371
0.04369902875990258
0.05001057048297349
-0.7300865117059311
-0.07537326106479418
-0.08586696207918186
-0.05002236107818968
0.42482390841081896
0.021385708234710976
0.06823491043491867
0.30272676216063205
0.06688927511425244
0.047929514341363444
-0.025735103803097664
-0.089182144967361
-0.43224333923899416
-0.08309340840777849
-0.034526936982020064
2.123491758031657
-0.04583381513679992
-0.05286582505566726
-0.5929798861482342
-0.10928639025570693
-5.572476056142559
0.06480100094108122
0.06196333492735548
0.7649161946150995
0.11945000406444735
0.9087672882598444
0.14954115973455495
0.042240727459074624
0.12424209969540156
0.06709543368769817
-2.494764121015034
-0.1778304243905269
-0.04830087001281907
-0.12774945451911532
0.9493999978721188
0.07610959269049362
0.010672884765713372
0.05954683873503909
-0.17907970331148265
-2.3014049287311757
-0.07927796865171705
0.04235609455322064
0.5693341221670848
0.1157893006156004
0.7617057783991757
-0.04679199910406541
-0.07853027192712174
-1.6721443777575489
-0.09376424657262113
2.3940854462380567
0.12417795899234636
-0.12818144929756892
0.031624016888753576
-0.09883367759069502
-5.936760044672439
3.7533054533988097
-0.09752919246128462
-0.07739490891521182
-1.016405954073452
-0.15145152980844873
1.7283766933334819
0.21679754531998693
0.053178275242421344
0.13696155833904664
1.4179764036794154
0.0817721736940288
-0.09436807952573022
1.2390446829832813
0.07110168827664252
3.7983177990638053
0.8294757264022435
-0.03056854980462551
2.9728648881948347e-05
2.1722922858769976e-05
-7.4328845124426985e-06
0.0006724692357791962
0.00034812517840625566
4.036485882020512e-05
0.0029132467307255356
-0.0014365686961899473
0.0006829103684960279
0.0017293920527041387
0.00020553143355686547
-0.0013745160453834068
0.00039779284427564967
-0.00024207992388983242
-0.00048545166733227106
-0.00015049949829783993
0.009028498748415145
0.00017102461867353976
-7.43135963957976e-05
-1.445590020946936e-05
-0.001075305113942758
-0.0007574903343753994
-0.00010573460806549653
-0.0044098824119021395
0.002930442400910702
-0.0012493854227378558
-0.003620888806016281
-0.00027002827759756875
0.002441795321842382
-0.0010506609446923206
0.0005164626601426065
0.001172867504986414
0.00028706746364081726
0.3606180912244359
5.20853413477351e-05
-1.499780695861233e-05
0.15302056600935496
3.6244318335514775e-05
-1.72550252574093e-05
0.00045977279261756403
0.00016576234567703446
-6.263668747745601e-07
-0.00010006532180935431
1.1347979387851402e-05
2.171054831591616e-05
-4.866712248397599e-05
3.679310335353514e-05
4.34360819227336e-05
-7.011086144691801e-07
0.36070501657731796
-3.891100141099393e-05
3.5164054723720005e-05
0.15339690244799423
-6.795426776780425e-05
-0.00011226194307158364
-0.00011333092776895784
5.588951369295034e-05
3.3152821311587623e-06
-1.537197721098026e-05
-2.7705146446180435e-05
1.8507925558069155e-06
-1.958703412020161e-05
3.748970611343669e-05
2.055429018026868e-05
0.3606997400698916
-1.7214825427199103e-05
-6.761567765111386e-05
0.15331447743945775
3.50761806742092e-05
7.466341562086489e-05
0.00012949315110892144
-3.1162136872299286e-05
7.07489336630433e-05
-5.273544755358562e-06
-2.7621068829261466e-05
-0.00010188842004666952
5.591470217658068e-06
8.293476957017186e-05
0.017589898784958896
-0.00020478120253093483
-1.2830071860025852e-05
-0.006956523623423936
0.0010598897641169178
-0.0009293740034896487
-0.00012204531117113198
-2.9197099581394822e-05
0.0038042516445820416
-0.00043273308251998594
0.0004957413298966293
8.699689396615624e-06
4.02221566358649e-05
0.018638308719931523
-0.0002476390418748514
0.0010205857658411707
-0.0011527938105077439
0.0003663554491919158
-0.000187359693926757
-0.00015824251548153393
-0.0005890791204753766
0.0002702618873738383
-0.0001261943091427712
0.00010099312343750058
7.273991900146363e-05
0.018185312451380303
-0.0002878081755656494
0.00046933441816314237
-7.617290823859393e-05
-0.00017987639462217373
-0.0024738992218794704
0.00017387689175419504
-0.00016884226234136027
-9.1724028253474e-05
6.200175345008442e-05
0.001313147283478516
0.027625558207571874
0.02350765758959207
-0.04678778557203547
0.016788636636596403
0.000713625845020581
-0.028069058562013628
-0.009819057615009268
0.01965541098690496
-0.006809241875177993
-0.0004346628550323805
0.234328025320383
0.0026598590477595065
-9.943917127035331e-05
0.021172982187329863
-0.009972560118234166
-0.20168791140024037
-0.0011142172913276573
-1.0161125138034893e-05
-0.008739467269947199
0.23400469217999356
0.001980345532758694
0.006800738657165002
0.01965409545623207
-0.0010762085716027625
-0.20126548540555889
-0.0008254918675199418
-0.003013521277220179
0.23518858821821068
-0.012529748963615165
-0.007161091147676229
1.336899516238672e-06
-0.0008531707099358791
-0.20267682050040847
0.0052295168510332855
0.03923754166865876
-0.000475579760021613
-0.008813173786434036
-0.002633039940586145
0.005210994628100031
-0.04036125191602272
0.007191510370801375
0.0041475743361261835
-0.008219926346379676
0.0028371446553639894
0.00028742693271865185
0.043482623570300985
0.00043746331379573204
2.0321274786857552e-05
0.0036115568716813934
0.04335237648440056
0.000350370177965927
0.0011430796939658138
0.04374754259688329
-0.0021646223245624426
0.010426502581527409
1.0508552651045935
0.02336139032192488
0.00376954811826249
7.257505958331657e-06
0.0008346740350991707
-0.0033392561473903205
5.021401246638101e-05
-0.0006542893939681452
-0.01009053651328581
-0.0004067882235387979
0.004150596678066122
-0.0029706853401735324
0.0004886347776130778
0.006911450008448053
0.00014600133333195645
-0.0020041876314095737
0.0017871919231540166
-0.00017156832444929982
0.013629784219711368
-0.005425310859838358
9.446556537327256e-05
-0.0012942331724865618
0.0023580151524611862
2.4360320828032762e-06
0.00041914547554352594
0.016547769024360313
0.00027324145196723607
-0.003925031098038109
0.003967273395833366
-0.00036424204373451837
-0.008460706593668321
-0.00011356193660564536
0.001972895405676047
-0.002163614755684547
0.0001345458276918909
0.5553993307639652
8.828266603507585e-06
-0.00014244668924343312
0.1005556309141744
-1.2111227708463264e-05
0.00018881794835534836
-0.02629662127661659
0.00037372485777362695
0.00044395538877261225
0.00023946658895747998
0.0002905699845568362
0.012441638790030218
-0.0001924832286150493
-6.495149863703742e-05
-0.00012107826955089873
-0.00013510547156078467
0.5562013054023149
9.536990137415603e-06
-9.522321670906858e-06
0.1008273271803923
1.5661594040255345e-05
-4.256599352449194e-05
0.0038525087685490405
7.04933822703378e-05
0.001255619656044306
-0.004864066479732953
-5.2218935371162185e-06
-0.0013755106546077087
-4.293849170550008e-05
-0.0005693005361189518
0.0023285092888512935
0.5557531643653559
0.0001980626591230534
1.5558420339259794e-05
0.10135234529219277
0.0024238058937204104
0.00011556469221937101
0.0026472034836083724
-0.0023939382216632303
-0.00029045277302601637
-0.0011717051546240272
-6.09893501138346e-05
-0.0007534275625666182
0.0009365952937058244
0.00014674133881219484
0.005959317013228254
1.3563943461642357e-06
-9.828947363622932e-05
0.013613162200649261
-7.279022867767937e-05
-0.00023132068331674772
1.6990619482154703e-05
-0.0001325872009719787
-0.006965312881224226
3.278330712129988e-05
0.00015732894739814508
3.6782335653427268e-06
6.326753622497088e-05
0.005862176701876029
4.974836137471518e-07
1.5710723731731497e-05
-0.0007573608169751287
-1.321302924265337e-06
-0.0004922252346612341
0.0022508331133868744
1.5496797318466423e-05
0.0004925486983531826
7.830190940715146e-06
0.00022979996365806303
-0.0011176621269927767
0.0057132418412468335
-0.0011003449261146015
-2.6058643793942077e-05
-0.00020874178969036917
0.0010526858879993284
0.0001009203174712637
0.0005543290327087734
1.774289662418955e-05
0.00018992225786178637
-0.0005259461492671313
-9.044175749674543e-05
0.1059235008189273
-0.0011790286564879683
-0.005232206362870758
-0.011525795784665855
0.0010754239757895306
-0.10110856999703913
0.0005075414170377895
0.0025327112439115494
0.005441290054383556
-0.00046836504979585173
0.06640791842368367
0.00020872752674098443
0.002048176390510198
-0.009806097654524688
0.0005076281209570543
-0.062196714830497636
-0.0001297269495858038
-0.0009420885546730362
0.004712091330655155
0.06488692826213648
-0.0013461040441524338
0.0008285903736912782
0.0025622537510413147
-0.00013143906463121204
-0.060488009263205994
0.0005848557653727051
-0.00030282424215226627
0.013112265763719462
-0.007406208411088761
0.0054526846976228425
-0.0009021807099055508
0.000551685395586429
-0.013206417232561106
0.0033249837144785437
0.0740109674537496
-0.0004484633335630458
0.004679872396420613
-0.00030444200882222543
0.003349001668181344
-0.07037310953698638
0.024311072894457695
-0.00021903326492673389
-0.0012572264512299516
-0.0025903688270882716
0.00019615412571750626
0.014580824718398252
7.715560915190581e-05
0.0004163084620672099
-0.002263879650915379
0.014109885146332773
-0.000241768997759841
0.00010524055815196193
0.003335642395547465
-0.0015046831989967335
0.016802998137212047
0.05348605879835867
0.28844160495644006
-0.000990592001335845
0.0003819633348537857
5.702564650249562e-05
0.0016402566567343868
-0.0006714132410007509
9.116602209766182e-06
0.001360196348456607
-0.001636186944866182
5.722090471651291e-05
-0.0008960185277230047
-0.0031629382174533966
-0.0006840404648291969
0.000399016592574387
-8.304859520832633e-05
0.00013270966001310993
0.0013555879056990738
0.4771204238944452
0.0003335314497491583
-0.00013372172904558703
-1.6710073173196463e-05
-0.0018071942043668258
0.0007012360419915583
1.546652357074961e-05
-0.0008267750164013716
0.0011849326462653222
2.317854784799854e-05
0.0006029198263815398
0.002056516291951708
0.0003141957373680794
-0.00014157828469007916
5.2867253634222403e-05
-0.00020416983681718182
-0.0011635184240255242
0.3930509973996866
-2.322805717766039e-05
7.294965290543699e-06
0.1431070311585095
-0.00010501497114950387
1.1873950179380089e-05
-0.004200100373278641
-6.70519217749518e-06
-0.0003167621490079115
0.0005552206497620637
-9.11877083168392e-05
0.0016477657592863016
-6.775598296269265e-05
0.00010022971957465358
-0.00019340490679630343
1.815479774015261e-05
0.3930186685845647
8.746851812425991e-05
-0.00010710376253007635
0.14260477356843848
0.0002685543660361576
-0.0003709665913729166
-0.00028096935088683695
-0.00036587074553012463
0.0001337115489116122
0.0002717911751847577
0.00014207876652170523
0.00020252358831779988
0.00012548507904984335
-7.373167407276816e-05
-0.00011308466569721762
0.3929749367967454
1.3142633107226923e-05
0.00026481016064585494
0.14252456857973358
-0.0003786805840886561
-0.0001334337173180662
0.0003026079818814095
2.7931207648744076e-05
0.0009966584131015977
0.0001422483998062416
4.4875629548980424e-05
7.320908005886905e-06
-4.269320982501655e-06
-0.0004071154262679634
0.015488979323725612
0.00021609339424506126
2.7081457275886417e-05
0.013079610029154093
0.0014674847676112144
0.0014362896973603935
-0.0030285837498722303
0.0002349936270733271
-0.006202818375775661
-0.00041006546238809595
-0.0006663330704527239
0.0010947728555982515
-8.273947755742038e-05
0.015923866488940713
-0.000621795359493544
0.0013817853031541476
0.0019517086214928113
0.0016839926520461552
-0.00032992253530787156
-0.00039390021042438433
-0.000614992800058199
-0.0002870018199595568
-0.0006466778437609996
0.00010800384287781972
0.00020534745749998544
0.01570888292239395
0.000979663397629565
0.0003120389412604091
-0.0007358143447333257
-0.0004043442850479249
-0.0032500789709114047
-0.00048563054043834953
-0.00017164982737458126
0.0004973360725930849
0.00014417740014543024
0.001426937993888967
0.07545450037252585
-0.01019474763669817
0.0003182788094944303
0.044995198169276614
0.014663405619025602
-0.06403907794153317
0.0035431805173380825
-0.0004680549378844652
-0.015680789617860517
-0.005923586668905167
0.23343645779284558
0.04417248757711418
0.0004608900927788838
0.011117162645026733
0.003560454380025398
-0.16883207173181425
-0.01524770850492414
-0.00015887479435256404
-0.0036071256049854273
0.0741447875647628
0.009532840098050908
0.008872521775457694
-0.00044602144877141993
-0.015014969143858373
-0.05930040821541428
-0.003237494636347673
-0.0036352594100926773
0.23752554411330756
-0.004952479023143021
-0.014688911585176542
-0.0001320507731944339
-0.0032383416821624945
-0.17146095769206038
0.0018332748069435573
0.07468696853373229
-0.005924995250095872
-0.0037075685634805015
-0.0036683134485366005
0.0017953561848086182
-0.06367883012747919
0.013715559010423135
-0.0012513236322201752
0.00034029412801889414
0.0050570360648206775
0.0024042098549388654
0.030712662334642787
0.005154301424713074
4.4977376389555096e-05
0.0011736663872502259
0.01188635592892899
0.0010886920107999862
0.0015261110769368533
0.03107171199716939
-0.0006670187568432278
0.013657615288340424
0.999416370605427
0.01371745869042977
-0.0002374705266986854
5.243882003353624e-05
1.8239871768465355e-05
0.0010822468041453827
-0.00026449751282350777
9.00284930446024e-05
0.0015093125580126951
-0.004665217397333316
0.0006361134485042919
0.004152133016510929
0.000628182387147727
-0.00035455806545404707
0.01184090165210278
-0.0014758845750600866
-0.006099453711829643
-0.001962430629299629
0.36941037127628407
0.002500492175033609
-0.00025910174010329833
2.185306193254184e-05
0.048610648149603676
-0.018512048998496258
0.021048829016824724
0.33658924269349627
0.17397770102304652
-0.012853672318066306
0.18488085399580942
-0.052187796280121324
-0.513564552355236
-0.2347082056904189
0.00711588796756633
-0.268045412525226
0.07387129295780571
1.0015204509473439
-9.025746661367603e-05
3.5302046767762923e-06
-0.0045134023846386
-0.00045015978112065795
-9.885158833465829e-06
-0.00027231734784177194
-0.001773877112004376
0.00034072013249103353
0.0024473206645842975
-1.3850043980883988e-05
-0.004825262715783832
0.00528316646180116
0.0005489520291514684
-0.007264320874081979
-0.00044384519068236823
1.001707728322521
1.3558022112625954e-05
-0.0003992266504454362
-0.004951684095060207
0.00024012455829067674
-0.001813468023910698
0.0011159977904322046
0.0003340200532215101
-0.0019321887793582921
0.0007246658115024931
0.004407088558392409
-0.00833907853440387
-0.0008883492020369959
0.005924376979617779
-0.0002754914889445506
1.0014664716262567
-5.426880302280681e-05
0.0002399659257958013
0.003693309525515034
-0.001052212589224177
0.00018487347162063992
-0.0012790785091358501
-0.0018661007636132634
0.0007217348075706808
0.0027091252521540808
-0.0007122819544929655
0.00239205254916905
0.004387643699439896
-0.004946338774798018
0.397237361644338
-0.11019958261884298
0.012665884458838872
-0.14248109520871194
0.10635918879501863
0.014596595757257132
-0.1398020023450546
-0.032217063374860466
0.1837056376765572
-0.10799466093176939
-0.018797457233208897
0.1795611336589492
0.04544016611692019
0.4712470187865689
0.02687218805890721
0.02866183298854138
-0.1611001103859038
-0.016357737648806773
0.1339835962868813
0.011849881216483628
-0.031983768534677895
0.1623651980850494
0.026107801486082997
-0.17838529863814173
-0.013093127056410537
0.6435039285581311
0.09001603126711247
-0.023768755313917988
0.21529914100332934
0.12084163091534923
-0.19429794598736733
-0.12483072188414206
0.03710545767591649
-0.33852089107689864
-0.17104606646030887
0.27132556669236474
0.9402228702329782
0.023035373343741717
-0.10373371116129823
1.8030482515540887
-0.09365544238544891
-2.557102499782366
-0.033452677592133495
0.09614754336498786
-2.266807605369339
0.1296934663928166
2.22680712088203
0.027462649311689548
-0.4047300567289975
-0.17357166444955863
-0.03496505106329581
-5.680918932273801
-0.033352099163464516
0.49086397262557047
0.213814567920393
0.8978036282529874
-0.23348396243179367
-0.1753887785337224
0.08985456743101428
-0.03227274702060377
-2.3240754107103423
0.21837616635337112
0.23777916179181494
2.547607267808274
-0.14692036486363788
-2.284875520344779
0.49921277336714914
0.2328714522010756
-6.772707979922944
0.18595830731610433
0.8185495358771523
0.12952958924930708
0.21493622484870567
0.23492539072056243
0.18372732746050893
-2.276717989385777
1.774936633558853
0.047918131887156885
-0.07838569586589024
2.959292488327749
-0.1828811714356861
3.709284558029449
0.04123145415498422
-0.6317839119442344
-0.2719482566331908
1.5188642591583585
-0.21706225928862694
-0.32248381367684475
4.617254202010422
-0.2355285164081453
1.5951214574393897
0.9994479246498056
0.013230230637689955
-0.00038635623615812737
-0.00010223236155558897
3.0537790855465393e-06
0.0022547870143009496
0.0008081994465872199
7.010630768072836e-05
0.0030831183452840792
0.004108859195001539
0.0009175731819110729
0.005140729910246068
-0.0009918490508945524
-0.003810695844747509
-0.006908463427736444
-0.002461272916080652
-0.008675138510579456
0.002898785669315067
0.3750131771842003
0.0038434766619281245
0.0019191215578882464
-8.180285266447119e-05
0.08427753156442025
0.02258851323089006
-0.02944016598740995
0.2984942134338588
0.13263718782545836
-0.044821276463351836
0.0671339481546738
0.03780431640076422
-0.47838429266648586
-0.22832713755364958
0.06913608704164625
-0.1119340052265708
-0.054601278884542456
1.0015793752373467
8.523497827619928e-05
3.0511264028748666e-05
-0.0063696430649990195
-0.0031746362085445655
-9.149275527522204e-05
-0.0013828431272594499
0.0008694569224510021
-0.00040721025554634995
0.003467106956542236
0.00037770154293955576
-0.003156323406680545
-0.005102469219194199
-5.087661108766554e-06
-0.011881189421554226
-0.0006837883308511226
1.0017661280660843
-3.869551393928496e-06
-0.0031068529884701974
-0.00638641830045238
-0.0003514883450111075
0.0014385819034655968
0.0019816686948332584
8.45818942600328e-05
-0.002494140676046583
-0.00046718349798197047
-0.003369612071696332
-0.013541232668412086
-0.0002475171375931909
0.0035870387626031845
-0.00041947362376584536
1.0014670842863334
-5.796842653856075e-05
-0.0003320816742021049
0.0023084020778116523
0.002198155245016109
2.8215895814234986e-05
-0.003182092051033388
0.003975636247713844
-0.0014754481125540488
-0.00513808411600115
-0.00014167480919166411
0.007205445529335211
-0.009594877251956426
-0.0006682872975337492
0.39991873049423676
-0.12319738602162672
0.01526812449726222
-0.1300886064185084
-0.06400414373899094
-0.009654411373554207
-0.28560382698031384
0.012543030550610592
0.14339184222447166
0.0739439878323783
0.009432545693830865
0.3592445046519458
-0.02508083972184559
0.4890545518260717
-0.02589955311902642
-0.12727510721135266
-0.3292842362463937
0.002540197983546974
0.08608449295960231
-0.04511045421673175
0.1464211119616626
0.35188958675500104
-0.009749674679000724
-0.13106612407492282
0.05986613236067738
0.5918471909632094
-0.06812166417017788
-0.001020869134546098
0.30484956028277954
-0.13252061268917292
-0.07399849253010585
0.07130392848359429
-0.005845436160859719
-0.47134426853094935
0.14857966936464628
0.10155398577936887
0.9394339511221
0.45540856241121835
-0.01107274919098256
1.5441018400142617
0.16167663193773424
-2.476607554015086
-0.42520702124986226
0.04529697591600472
-1.8687534308713816
-0.19354479455570223
2.2971095736423113
0.05367505566891783
-0.5979220902960947
0.04425316120119771
-0.4399819755165233
-5.753468028103017
-0.05872731570719199
0.7683937054361688
-0.03954158856744436
0.8401916722218264
-0.1285968551504979
-0.21077591281598712
0.0454817215719889
-0.06267821001261897
-2.2307573522837156
0.224359770170848
0.2744095436149844
2.4969641612128646
0.29467148955558076
-1.8899500374913734
0.7662049069937169
0.2183053847362281
-6.592493587909834
-0.35958878770721053
0.8116462024464592
-0.18994525348747066
-0.033385693306038355
0.2756171950575907
-0.3506285176762115
-2.2268212176316466
1.6838410760643132
0.41840953158283556
-0.09756079564932398
2.3742451182734445
0.23494000901729617
3.7359386372907775
0.07521252609902378
-0.9800318528665611
0.029575828855186493
1.4936241333409384
-0.3570192528145216
-0.36144686957446737
4.479933207589246
0.4377259394096604
1.5426187362311359
1.0522374651481199
0.019941659986536422
0.0034741766303375806
-0.00027248983412379364
-0.0006891031857380378
-0.0027387539378633937
0.00014176020476527122
0.00047068947010085396
0.005245160922327953
4.042841270556339e-05
-0.0020780202637478993
-0.009963379446016826
7.450312410162245e-05
-0.0026056507763423838
-0.00017374989326965836
0.0009631129555734143
0.004845072464206266
0.00014400071720508347
0.014252305481603883
-0.004959511963921271
0.0002527044384209344
0.000900995016944923
0.0022908578046400736
-0.00018469057832871323
-0.0004316861304186505
-0.005786846120901845
-0.0009352667327591266
0.002177534559261685
0.011042413579927008
0.0003529299490537748
0.0028127477684759643
0.00043098130549268235
-0.0010278044520513941
-0.005571163110233084
-0.00022133823410169394
0.5557369975058453
0.00032751579485841467
4.9378342816160286e-05
0.099625951546218
-0.00021250163081009698
-6.21968065480722e-05
-2.100113105373935e-05
0.003376149866660245
0.00017661159854612992
-0.011499090632616372
-0.0008959185703642943
0.00037857173980881996
-0.0014298459409771782
-6.37176322653364e-05
0.005100463671651534
0.00041813084572899737
0.5560899536061205
1.1406136273240222e-05
-0.00020329468222133788
0.09888795218311108
-4.732865697119679e-05
0.0024308361772490857
-0.019752155416902326
-0.0009388412781426032
0.0006189703282639649
-0.00029949701369184103
-0.0011208371095769094
0.008961370544834101
0.00043501276376249707
-0.00023149304879507195
0.00014248865658416952
0.5560043045948948
-5.8352970311955126e-05
-4.692584296223044e-05
0.09935784488315355
-0.0013216668108291716
-0.000671366220274368
0.0015810320426712337
-0.0022065543280806094
-0.0008379651802472075
0.0006150367997360941
0.0003186346243438514
-0.000517387540973708
0.001026000221533676
0.00048738374175122986
0.005768249967352226
8.094925924368361e-05
3.4747533465457645e-05
0.00023509619586112684
-0.0015829727283770908
-7.87376000768815e-05
0.005640915771905084
0.0004390933811285065
-0.000197011402762717
0.0007537667127652837
3.5750854829967115e-05
-0.00280504754937082
-0.00022110967339556393
0.006037666518441615
1.1366677055140797e-05
-0.0013423710674596782
0.009954865338889373
0.0004592392070025524
-0.00012915914978050462
0.00012744398464364308
0.0006194580298255947
-0.004993599488910532
-0.0002294456054427948
7.162313559716193e-05
-6.251435959922692e-05
0.005756529165592709
0.0006110851549775273
0.00033795383958775825
-0.00043301654222588186
0.0009689763989899763
0.0005116536071069564
-0.0003191882464061318
-0.00017607342302604364
0.0002192452022320163
-0.0005201720024335961
-0.0002379160035403398
0.05765852101304891
8.520774300127249e-05
-0.002358901293584569
0.02039422168690303
-0.001813094954617341
-0.0536182843534949
0.00021257774470337273
0.001180594315649585
-0.009580000685140026
0.0007911560582885812
0.10624380580939977
0.0025667375490783582
-0.00026565878572408367
-0.000950460597244326
0.00018436973586790614
-0.10022488410616126
-0.0012015610185833725
-2.1097862249344134e-05
0.0004230778377028524
0.05415329960347325
-0.007112507208411433
-0.005801134196228515
0.001183119212657867
-0.0012062830737742966
-0.049434621334901875
0.0033226914543938745
0.0025797569146171462
0.09804828883968716
0.0054718942888631805
-0.009592686506708605
-1.842027187837314e-05
0.003316672406141326
-0.09170032733273313
-0.0025054419001311326
0.054244898086409796
0.0007951628006874162
0.00043059271408272675
0.002584083204529181
-0.0024920232409001448
-0.05012491780406897
0.012495321854324993
-0.00020988089925276266
-0.0005946960807099486
0.004562719397400278
-0.0003457316027489621
0.023795156640678834
0.0005738748630360426
7.650136239783511e-05
-0.00019359936467969435
0.011297354455877609
-0.0015641423343528357
-0.001145453930594483
0.021567818022249715
0.0011473718936319377
0.011596629233254576
1.05373444179544
0.016527412681820553
0.0019531109162901864
-0.0014936573448361221
0.0018097435286370325
-0.0016072633054739875
0.00097390979949844
-0.0011302209152558274
0.0007972549912158369
-0.0015232968277483102
0.004727293224567349
-0.012116101938945186
-0.0035409169231615904
-0.0003585748198918168
0.0007655728741811716
-0.0021848323987072554
0.005678456541968566
0.0018018655479656782
0.016085703629850286
-0.0028598199303585406
0.0017796099370256638
-0.0022578355899114696
0.001285471777537719
-0.0009719850064312078
0.0010754902117006994
-0.0005170515728043523
-0.00035732590149480597
-0.0047104530596207205
0.01250804308017209
0.0034039937817624323
0.0003670506100698011
-0.00011811287628191046
0.0022664186977794927
-0.006175369864615203
-0.0017300160428981536
0.5557644447906985
0.0011854884384408211
-5.4446448956906496e-05
0.09920275203361416
-0.0008894770991235139
0.0001311840837057506
0.0036854597348695956
0.013814585552555167
0.0033947151516758598
-0.009812639366516444
0.0029639509079752665
-0.001390876966852129
-0.00618207709711433
-0.001661909704023289
0.004346250624205008
-0.0013858580740321261
0.5560675484724074
0.00016316943610217576
-0.0008873674534653035
0.09861486366627809
-0.00021496078426701468
0.012532566240379793
-0.016289103833103075
0.004218190987080681
0.00016618125386759803
0.0068053708905639575
-0.0055440517076337514
0.007374475861111633
-0.0018983950862150546
-8.893647482244722e-05
-0.0030598626541779115
0.5556468212268153
0.0001226192473176337
-0.00021215941811487937
0.09967639349142857
0.0067521126990079785
0.001989491473146111
0.0008261669445619156
0.012690476506128165
-0.0012706565817704263
-0.003098563815995402
-0.0009445443317886822
-0.00021769316678677304
-0.005733273030546411
0.0006934737455732037
0.00592184050559353
0.00037570043098329254
-8.065742063204273e-05
-0.0016001784840369508
-0.006608259496348719
-0.0017152570322762901
0.004831929286773503
-0.0013012843868889423
0.0007335828779233899
0.0033286525765778875
0.0009120252967604775
-0.0023914481486761573
0.0006729819864366002
0.006159557448874705
8.675363963551484e-05
-0.0062078417358569
0.00813193322106307
-0.00203944815514587
-1.0417502457207198e-05
-0.003465816317635185
0.0029087038895020683
-0.00406702476598962
0.000977465637526982
9.666501508625425e-05
0.001705533370529403
0.005761754064463048
-0.0030937407984636166
-0.000868135830055719
-0.00019830557211090826
-0.005801617928551386
0.00040687705728500155
0.001583991563996118
0.0004706966965235509
0.0001179136641952657
0.0029744403243456624
-0.00023284621685858506
0.08630531797428996
-0.0026010315339178337
0.016312273023206234
0.008227312636469253
0.01238529769920326
-0.07918784454788431
0.0011706917740793095
-0.007401758853725123
-0.0042025251945123675
-0.005379463500092466
0.11313452501070873
0.0111984257310784
-0.0033954165294252307
-0.01040071523553761
0.0011624967669151688
-0.10646350953497878
-0.005404852762285133
0.0010850970836771513
0.005153917018738144
0.07802031828213947
0.0034319416728970965
0.0062428450794211115
-0.007375108348255462
-0.005412385806418868
-0.07044653403844914
-0.001524307533354942
-0.002797602783227127
0.10470548385512587
-0.019820221217786094
-0.004207275244543152
0.0010995611396900826
-0.0014990992377821115
-0.09750868967065296
0.009097040059020331
0.07927094034564504
-0.005351698031033991
0.005162400504772287
-0.002797742505607548
0.00908987305795417
-0.07225340134501783
0.018222343938364183
-0.0005411919415323546
0.0033814840365407133
0.0021897417386210175
0.0023390867855368016
0.02522670217070795
0.0026394469035294858
-0.0002764965817905837
-0.002582623707801845
0.01592874944682581
0.0006686463514558759
0.0012742906374745996
0.0228473823479395
-0.004207897416928061
0.016505332071981182
1.0745115827543301
-0.2359031282234578
0.015456854671928241
0.020087081696303796
0.0006772791408390914
-0.03784695669568099
-0.026579231824996
-0.0010358200656958613
0.02796608844599081
-0.05927080892756472
-0.01936538590888122
-0.0010616607695448838
0.03509498025608476
0.011521873684507373
0.0004887112291845543
1.3551666185885822
0.021932177130905464
-0.0014008063544772669
-1.0926588454483037
-0.01942113143967382
0.0003879527568440954
1.2863058480472342
0.0004131672331357844
-0.01929292581134324
-0.9851562915640526
0.0004985365401939849
1.189300512139051
0.0006441217732469749
0.0007286437541006105
-0.5754945907505462
0.24673232470879844
0.01791342613572754
4.725860029940541e-05
0.2063455567376904
-0.0006874905130999188
0.0932267464441545
0.0
0.0
0.0
0.0
0.0
0.0
0.0
0.0
0.0
0.0
0.0
0.0
0.0
0.0
0.0
0.0
0.0
0.0
0.0
0.0
0.0
0.0
0.0
0.0
0.0
0.0
0.0
0.0
0.0
0.0
0.0
0.0
0.0
0.0
0.0
0.0
0.0
0.0
0.0
0.0
0.0
0.0
0.0
0.0
0.0
0.0
0.0
0.0
0.0
0.0
0.0
0.0
0.0
0.0
0.0
0.0
0.0
0.0
0.0
0.0
0.0
0.0
0.0
0.0
0.0
0.0
0.0
0.0
0.0
0.0
0.0
0.0
0.0
0.0
0.0
0.0
0.0
0.0
0.0
0.0
0.0
0.0
0.0
0.0
0.0
0.0
0.0
0.0
0.0
0.0
0.0
0.0
0.0
0.0
0.0
0.0
0.0
0.0
0.0
0.0
0.0
0.0
0.0
0.0
0.0
0.0
0.0
0.0
0.0
0.0
0.0
0.0
0.0
0.0
0.0
0.0
0.0
0.0
0.0
0.0
0.0
0.0
0.0
0.0
0.0
0.0
0.0
0.0
0.0
0.0
0.0
0.0
0.0
0.0
0.0
1.0694042355554279
-0.2261450999854728
0.03273648427921287
0.01945812583797038
0.003155098794593066
-0.048079490658866596
-0.026192947751859992
-0.006333896329121688
0.02666658770289128
-0.04749443947572447
-0.019673918260209245
-0.00837583849376091
0.0334319292333553
0.011482124176384556
0.0009690315562530147
1.3277941267585025
0.02000042964284974
-0.010752550475121058
-1.0532952108583848
-0.020293521244259496
0.015814205634424212
1.2648716670045934
-7.318562034691035e-05
-0.02030375003652012
-0.9426842642985004
-0.00034759039603626086
1.1593148807851377
0.01883283497064306
-0.00042442973476678803
-0.5391879253971468
0.2326098318173642
0.018740211090456416
-0.007594076027076842
0.19630048179918547
0.00019800309078628602
0.09179378925133042
0.0
0.0
0.0
0.0
0.0
0.0
0.0
0.0
0.0
0.0
0.0
0.0
0.0
0.0
0.0
0.0
0.0
0.0
0.0
0.0
0.0
0.0
0.0
0.0
0.0
0.0
0.0
0.0
0.0
0.0
0.0
0.0
0.0
0.0
0.0
0.0
0.0
0.0
0.0
0.0
0.0
0.0
0.0
0.0
0.0
0.0
0.0
0.0
0.0
0.0
0.0
0.0
0.0
0.0
0.0
0.0
0.0
0.0
0.0
0.0
0.0
0.0
0.0
0.0
0.0
0.0
0.0
0.0
0.0
0.0
0.0
0.0
0.0
0.0
0.0
0.0
0.0
0.0
0.0
0.0
0.0
0.0
0.0
0.0
0.0
0.0
0.0
0.0
0.0
0.0
0.0
0.0
0.0
0.0
0.0
0.0
0.0
0.0
0.0
0.0
0.0
0.0
0.0
0.0
0.0
0.0
0.0
0.0
0.0
0.0
0.0
0.0
0.0
0.0
0.0
0.0
0.0
0.0
0.0
0.0
0.0
0.0
0.0
0.0
0.0
0.0
0.0
0.0
0.0
0.0
0.0
0.0
0.0
0.0
0.0
1.0718855505427776
-0.2274518571226103
0.02539361536470256
-0.02485426523212105
-0.0048250709941498144
-0.050670021875156186
0.032954858876976086
0.0075503967046360344
0.02777575459417386
-0.06948552447240904
0.024441605248227038
0.007254712097377782
0.03869788808010923
-0.013934195847448726
-0.003209658720613792
1.3413537699618805
-0.012233232708567878
0.003078271191340715
-1.0541052072315449
0.00640336913315586
-0.010256099754955216
1.2803802223575325
0.001749524150511256
0.006286919146362893
-0.9620707660018482
-0.0020436038829636087
1.1802828740368598
-0.01193795535636835
-0.0019967007593903836
-0.5501678582636034
0.23513548973349055
-0.009638804854484805
0.006270130374799789
0.19896986112894768
0.00042536410004016454
0.08784013614354745
0.0
0.0
0.0
0.0
0.0
0.0
0.0
0.0
0.0
0.0
0.0
0.0
0.0
0.0
0.0
0.0
0.0
0.0
0.0
0.0
0.0
0.0
0.0
0.0
0.0
0.0
0.0
0.0
0.0
0.0
0.0
0.0
0.0
0.0
0.0
0.0
0.0
0.0
0.0
0.0
0.0
0.0
0.0
0.0
0.0
0.0
0.0
0.0
0.0
0.0
0.0
0.0
0.0
0.0
0.0
0.0
0.0
0.0
0.0
0.0
0.0
0.0
0.0
0.0
0.0
0.0
0.0
0.0
0.0
0.0
0.0
0.0
0.0
0.0
0.0
0.0
0.0
0.0
0.0
0.0
0.0
0.0
0.0
0.0
0.0
0.0
0.0
0.0
0.0
0.0
0.0
0.0
0.0
0.0
0.0
0.0
0.0
0.0
0.0
0.0
0.0
0.0
0.0
0.0
0.0
0.0
0.0
0.0
0.0
0.0
0.0
0.0
0.0
0.0
0.0
0.0
0.0
0.0
0.0
0.0
0.0
0.0
0.0
0.0
0.0
0.0
0.0
0.0
0.0
0.0
0.0
0.0
0.0
0.0
0.0
1.07303804574123
-0.23872176795857994
0.025725135270811442
-0.023243991623309784
0.005050999240760559
-0.039127584756638835
0.03239985368273973
-0.00944405547041161
0.03083115277501355
-0.04104739356144251
0.026913761988008687
-0.013203284201170706
0.022146852443370654
-0.013979601759406752
0.002614457917545953
1.335831687960437
-0.01195318547130097
-0.004134212120223591
-1.122069735063698
0.007942817005799234
0.012023205180526918
1.2718054096664537
-0.0011428399736899486
0.007604974565380466
-0.9730425091989285
0.0006585252748040008
1.0999512048250457
0.013646956271651078
0.0005715514779476953
-0.598132653847679
0.2629727493952489
-0.011495864834643696
-0.005528614524426984
0.20533052207581662
-0.00027620943521548715
0.10433027106044808
0.0
0.0
0.0
0.0
0.0
0.0
0.0
0.0
0.0
0.0
0.0
0.0
0.0
0.0
0.0
0.0
0.0
0.0
0.0
0.0
0.0
0.0
0.0
0.0
0.0
0.0
0.0
0.0
0.0
0.0
0.0
0.0
0.0
0.0
0.0
0.0
0.0
0.0
0.0
0.0
0.0
0.0
0.0
0.0
0.0
0.0
0.0
0.0
0.0
0.0
0.0
0.0
0.0
0.0
0.0
0.0
0.0
0.0
0.0
0.0
0.0
0.0
0.0
0.0
0.0
0.0
0.0
0.0
0.0
0.0
0.0
0.0
0.0
0.0
0.0
0.0
0.0
0.0
0.0
0.0
0.0
0.0
0.0
0.0
0.0
0.0
0.0
0.0
0.0
0.0
0.0
0.0
0.0
0.0
0.0
0.0
0.0
0.0
0.0
0.0
0.0
0.0
0.0
0.0
0.0
0.0
0.0
0.0
0.0
0.0
0.0
0.0
0.0
0.0
0.0
0.0
0.0
0.0
0.0
0.0
0.0
0.0
0.0
0.0
0.0
0.0
0.0
0.0
0.0
0.0
0.0
0.0
0.0
0.0
0.0
1.0499199963858985
-0.15280669354988605
-0.13262965187438652
0.0228254309227626
0.000644249122978059
0.20374888183123946
-0.030744556589451754
-0.0007882551195234436
0.021825180611029997
0.20790991959546665
-0.023315620485438605
-0.00166721597718066
-0.08693283956067716
0.012061973722695839
0.0010912611634871215
1.150663925385771
-0.01390479390520826
-0.00014006784459271167
-0.6380933430974401
0.01574803365085793
0.0035241195061769255
1.1907171198233937
0.0010207232390104296
0.01648733168243219
-0.806934558139822
0.0006345358236794672
1.106988470445758
0.0050083003884116226
0.0010361925373417583
-0.405431492395509
0.11819481306937758
-0.016625835303822986
-0.00196112105285026
0.1502786603449503
-0.0001408506302930612
0.057473078924042895
0.0
0.0
0.0
0.0
0.0
0.0
0.0
0.0
0.0
0.0
0.0
0.0
0.0
0.0
0.0
0.0
0.0
0.0
0.0
0.0
0.0
0.0
0.0
0.0
0.0
0.0
0.0
0.0
0.0
0.0
0.0
0.0
0.0
0.0
0.0
0.0
0.0
0.0
0.0
0.0
0.0
0.0
0.0
0.0
0.0
0.0
0.0
0.0
0.0
0.0
0.0
0.0
0.0
0.0
0.0
0.0
0.0
0.0
0.0
0.0
0.0
0.0
0.0
0.0
0.0
0.0
0.0
0.0
0.0
0.0
0.0
0.0
0.0
0.0
0.0
0.0
0.0
0.0
0.0
0.0
0.0
0.0
0.0
0.0
0.0
0.0
0.0
0.0
0.0
0.0
0.0
0.0
0.0
0.0
0.0
0.0
0.0
0.0
0.0
0.0
0.0
0.0
0.0
0.0
0.0
0.0
0.0
0.0
0.0
0.0
0.0
0.0
0.0
0.0
0.0
0.0
0.0
0.0
0.0
0.0
0.0
0.0
0.0
0.0
0.0
0.0
0.0
0.0
0.0
0.0
0.0
0.0
0.0
0.0
0.0
1.0488800044268294
-0.1487870681839691
-0.13184754835184964
0.02250214486621097
-0.0003819964533482283
0.20142866159072745
-0.030345932760526332
0.0005242408824579569
0.021256231117882045
0.20123726472494502
-0.022714514652869007
-0.001124335846055941
-0.08352223286886565
0.012049827790822481
-0.0004301474171138364
1.1538873474688516
-0.012684970039506497
0.0030528363038828834
-0.6160617136215426
0.014330344435005719
0.001736905858471988
1.1948178152285338
-0.0018272512037404058
0.015202927359672465
-0.7891123842118778
-0.0012863051894155101
1.10615620784709
0.003389831628085624
-0.0021810421382934264
-0.3892847904396779
0.11278550082591055
-0.016536458893479922
-0.00044052410490809336
0.14466167443147243
0.0003306261857115965
0.05518083279374625
0.0
0.0
0.0
0.0
0.0
0.0
0.0
0.0
0.0
0.0
0.0
0.0
0.0
0.0
0.0
0.0
0.0
0.0
0.0
0.0
0.0
0.0
0.0
0.0
0.0
0.0
0.0
0.0
0.0
0.0
0.0
0.0
0.0
0.0
0.0
0.0
0.0
0.0
0.0
0.0
0.0
0.0
0.0
0.0
0.0
0.0
0.0
0.0
0.0
0.0
0.0
0.0
0.0
0.0
0.0
0.0
0.0
0.0
0.0
0.0
0.0
0.0
0.0
0.0
0.0
0.0
0.0
0.0
0.0
0.0
0.0
0.0
0.0
0.0
0.0
0.0
0.0
0.0
0.0
0.0
0.0
0.0
0.0
0.0
0.0
0.0
0.0
0.0
0.0
0.0
0.0
0.0
0.0
0.0
0.0
0.0
0.0
0.0
0.0
0.0
0.0
0.0
0.0
0.0
0.0
0.0
0.0
0.0
0.0
0.0
0.0
0.0
0.0
0.0
0.0
0.0
0.0
0.0
0.0
0.0
0.0
0.0
0.0
0.0
0.0
0.0
0.0
0.0
0.0
0.0
0.0
0.0
0.0
0.0
0.0
1.0492897768291634
-0.15058037032854404
-0.13301095092623966
-0.02260487238582265
-0.0020797424029607905
0.20373225332272352
0.030646989244566606
0.003304326975273169
0.02155520626202532
0.20689408828275285
0.023030760659210094
0.0019369480062057876
-0.08588046304231707
-0.011713280965964913
-0.0005401102926596407
1.1522826763019733
0.013971093829187237
0.0013107786407154187
-0.6312382797185115
-0.014373729134472928
0.002795110430542982
1.1933866464177996
-0.00025715604503344657
-0.015345908092662097
-0.7933184541890834
0.00022156702860501063
1.106321008735816
0.00452706641864184
0.0004872375730073018
-0.4003689890032478
0.11656458922218316
0.01581513426132941
-0.0008099305488973655
0.14583354598754136
-0.00015646222747786053
0.056590284736647796
0.0
0.0
0.0
0.0
0.0
0.0
0.0
0.0
0.0
0.0
0.0
0.0
0.0
0.0
0.0
0.0
0.0
0.0
0.0
0.0
0.0
0.0
0.0
0.0
0.0
0.0
0.0
0.0
0.0
0.0
0.0
0.0
0.0
0.0
0.0
0.0
0.0
0.0
0.0
0.0
0.0
0.0
0.0
0.0
0.0
0.0
0.0
0.0
0.0
0.0
0.0
0.0
0.0
0.0
0.0
0.0
0.0
0.0
0.0
0.0
0.0
0.0
0.0
0.0
0.0
0.0
0.0
0.0
0.0
0.0
0.0
0.0
0.0
0.0
0.0
0.0
0.0
0.0
0.0
0.0
0.0
0.0
0.0
0.0
0.0
0.0
0.0
0.0
0.0
0.0
0.0
0.0
0.0
0.0
0.0
0.0
0.0
0.0
0.0
0.0
0.0
0.0
0.0
0.0
0.0
0.0
0.0
0.0
0.0
0.0
0.0
0.0
0.0
0.0
0.0
0.0
0.0
0.0
0.0
0.0
0.0
0.0
0.0
0.0
0.0
0.0
0.0
0.0
0.0
0.0
0.0
0.0
0.0
0.0
0.0
1.0496718094828599
-0.15099014286049203
-0.13416394744456145
-0.022440337781193472
0.0019374374979742456
0.20378676309258262
0.030260291016140934
-0.003177920917669412
0.021675071137625603
0.20914626941406417
0.023214448008660963
-0.0011976703237841556
-0.08722452221330788
-0.012031981987850974
0.000247115873324216
1.1546017917253792
0.010473097520074111
-0.0012751898353789972
-0.6471177850344167
-0.015306451233978238
-0.004347240524029824
1.1991124894379392
-0.00014258075639858887
-0.01604574342559043
-0.8002219182538605
0.00020112484881323588
1.1079380452375955
-0.006787049474966356
4.343638066427238e-05
-0.38219514071082994
0.11987592715237302
0.016713248079888714
0.001556326363389873
0.1475826680746496
0.000127347399917935
0.054141821122594386
0.0
0.0
0.0
0.0
0.0
0.0
0.0
0.0
0.0
0.0
0.0
0.0
0.0
0.0
0.0
0.0
0.0
0.0
0.0
0.0
0.0
0.0
0.0
0.0
0.0
0.0
0.0
0.0
0.0
0.0
0.0
0.0
0.0
0.0
0.0
0.0
0.0
0.0
0.0
0.0
0.0
0.0
0.0
0.0
0.0
0.0
0.0
0.0
0.0
0.0
0.0
0.0
0.0
0.0
0.0
0.0
0.0
0.0
0.0
0.0
0.0
0.0
0.0
0.0
0.0
0.0
0.0
0.0
0.0
0.0
0.0
0.0
0.0
0.0
0.0
0.0
0.0
0.0
0.0
0.0
0.0
0.0
0.0
0.0
0.0
0.0
0.0
0.0
0.0
0.0
0.0
0.0
0.0
0.0
0.0
0.0
0.0
0.0
0.0
0.0
0.0
0.0
0.0
0.0
0.0
0.0
0.0
0.0
0.0
0.0
0.0
0.0
0.0
0.0
0.0
0.0
0.0
0.0
0.0
0.0
0.0
0.0
0.0
0.0
0.0
0.0
0.0
0.0
0.0
0.0
0.0
0.0
0.0
0.0
0.0
1.077652069961282
-0.24192946109300906
0.0018621563440254353
0.02362492886230287
0.03220359721700131
-0.007208364574940981
-0.01734529110924776
-0.03409875302876301
0.02772354540412834
-0.014024492356439306
0.010902165171602847
-0.014361244836522761
-0.0001820723991344119
0.0004109373766930694
0.01279091099486712
1.1912395096566442
0.0031332011019674973
0.00811366391057757
-0.6211207206096943
0.0016722177495602714
-0.02271661339137462
1.3311018624979556
0.01953857039086279
0.0009768181557241308
-0.9631119006340134
0.009190149189485295
1.3827525322546128
-0.01952040698516668
0.00842616696552094
-1.1461004454677282
0.09910687573008019
-0.0010911710060082722
0.008757291402912008
0.19278778051131568
-0.002363065446561447
0.2641308387796966
0.0
0.0
0.0
0.0
0.0
0.0
0.0
0.0
0.0
0.0
0.0
0.0
0.0
0.0
0.0
0.0
0.0
0.0
0.0
0.0
0.0
0.0
0.0
0.0
0.0
0.0
0.0
0.0
0.0
0.0
0.0
0.0
0.0
0.0
0.0
0.0
0.0
0.0
0.0
0.0
0.0
0.0
0.0
0.0
0.0
0.0
0.0
0.0
0.0
0.0
0.0
0.0
0.0
0.0
0.0
0.0
0.0
0.0
0.0
0.0
0.0
0.0
0.0
0.0
0.0
0.0
0.0
0.0
0.0
0.0
0.0
0.0
0.0
0.0
0.0
0.0
0.0
0.0
0.0
0.0
0.0
0.0
0.0
0.0
0.0
0.0
0.0
0.0
0.0
0.0
0.0
0.0
0.0
0.0
0.0
0.0
0.0
0.0
0.0
0.0
0.0
0.0
0.0
0.0
0.0
0.0
0.0
0.0
0.0
0.0
0.0
0.0
0.0
0.0
0.0
0.0
0.0
0.0
0.0
0.0
0.0
0.0
0.0
0.0
0.0
0.0
0.0
0.0
0.0
0.0
0.0
0.0
0.0
0.0
0.0
1.0765974143854582
-0.2481279076861667
0.0017693942947877895
-0.01662447754857416
0.024160902408311726
-0.0073276535968621066
0.02468723690349645
-0.032120448732555686
0.028277895962165796
-0.01556151402613368
0.022301439960455832
-0.028007007681031287
0.0009112373874152653
-0.01242455875198641
0.01566332055618759
1.1767664815740746
-0.0037323131633931745
0.010469154050102474
-0.6383025177511988
0.0007896613560942168
-0.02178354031548666
1.315386821296743
-0.008676692019589215
0.0008614720287860111
-0.9968936918374192
0.013705703440435816
1.3697294523524708
-0.01867016323676988
0.013777708681779246
-1.1628261351253917
0.10495703116081319
-0.0004651806306510744
0.008864139232191695
0.20685070555172363
-0.015502380615147594
0.2698848284909689
0.0
0.0
0.0
0.0
0.0
0.0
0.0
0.0
0.0
0.0
0.0
0.0
0.0
0.0
0.0
0.0
0.0
0.0
0.0
0.0
0.0
0.0
0.0
0.0
0.0
0.0
0.0
0.0
0.0
0.0
0.0
0.0
0.0
0.0
0.0
0.0
0.0
0.0
0.0
0.0
0.0
0.0
0.0
0.0
0.0
0.0
0.0
0.0
0.0
0.0
0.0
0.0
0.0
0.0
0.0
0.0
0.0
0.0
0.0
0.0
0.0
0.0
0.0
0.0
0.0
0.0
0.0
0.0
0.0
0.0
0.0
0.0
0.0
0.0
0.0
0.0
0.0
0.0
0.0
0.0
0.0
0.0
0.0
0.0
0.0
0.0
0.0
0.0
0.0
0.0
0.0
0.0
0.0
0.0
0.0
0.0
0.0
0.0
0.0
0.0
0.0
0.0
0.0
0.0
0.0
0.0
0.0
0.0
0.0
0.0
0.0
0.0
0.0
0.0
0.0
0.0
0.0
0.0
0.0
0.0
0.0
0.0
0.0
0.0
0.0
0.0
0.0
0.0
0.0
0.0
0.0
0.0
0.0
0.0
0.0
1.0704540993360114
-0.22173409554241166
0.001010669264549445
-0.022870211662242176
0.05715508403665935
-0.0065806517220645035
0.01659510465471579
-0.06829902018814955
0.02488835013539612
-0.013946592920126134
-0.011672201291003395
-0.04133359589832452
-0.0010536802508317325
-0.0002948192557370453
0.027538476450142988
1.1719578828889798
-0.0030205343188525477
0.009226640471385328
-0.5411722677402131
-0.003218444125750785
-0.022497145327923004
1.3088515411714268
-0.020283505273301302
-0.002132206513138764
-0.9085009856812157
-0.01005877815876574
1.346778914419541
-0.019205282478805385
-0.009131296305737288
-1.0528786429951391
0.08609895258173438
0.001390712749073589
0.007838945822049912
0.17848673697924142
0.0025615205707779916
0.23166275814760717
0.0
0.0
0.0
0.0
0.0
0.0
0.0
0.0
0.0
0.0
0.0
0.0
0.0
0.0
0.0
0.0
0.0
0.0
0.0
0.0
0.0
0.0
0.0
0.0
0.0
0.0
0.0
0.0
0.0
0.0
0.0
0.0
0.0
0.0
0.0
0.0
0.0
0.0
0.0
0.0
0.0
0.0
0.0
0.0
0.0
0.0
0.0
0.0
0.0
0.0
0.0
0.0
0.0
0.0
0.0
0.0
0.0
0.0
0.0
0.0
0.0
0.0
0.0
0.0
0.0
0.0
0.0
0.0
0.0
0.0
0.0
0.0
0.0
0.0
0.0
0.0
0.0
0.0
0.0
0.0
0.0
0.0
0.0
0.0
0.0
0.0
0.0
0.0
0.0
0.0
0.0
0.0
0.0
0.0
0.0
0.0
0.0
0.0
0.0
0.0
0.0
0.0
0.0
0.0
0.0
0.0
0.0
0.0
0.0
0.0
0.0
0.0
0.0
0.0
0.0
0.0
0.0
0.0
0.0
0.0
0.0
0.0
0.0
0.0
0.0
0.0
0.0
0.0
0.0
0.0
0.0
0.0
0.0
0.0
0.0
1.070023820742334
-0.2311188661967835
0.0007704054533879698
0.016124032386585618
0.04889744015271409
-0.007035689976445029
-0.02447123298608144
-0.06625950187042136
0.025744443005042437
-0.01728059745639278
-0.022789043704174596
-0.05550310089653098
0.0002400582720793399
0.012027147373289832
0.030851422904438063
1.1546179988681093
0.004909815062047837
0.011608014953199332
-0.5797706106267903
-0.000623002398744286
-0.022109451861567916
1.2933749411199813
0.007588377215587708
-0.0006576377120596103
-0.9535992010461354
-0.013996885210885657
1.3326174338119605
-0.018680477966825825
-0.01386506789681283
-1.0817153620307636
0.09545001759568668
4.89096612380406e-05
0.00844070086363582
0.19579182060483785
0.01565048918504533
0.24108515175371603
0.0
0.0
0.0
0.0
0.0
0.0
0.0
0.0
0.0
0.0
0.0
0.0
0.0
0.0
0.0
0.0
0.0
0.0
0.0
0.0
0.0
0.0
0.0
0.0
0.0
0.0
0.0
0.0
0.0
0.0
0.0
0.0
0.0
0.0
0.0
0.0
0.0
0.0
0.0
0.0
0.0
0.0
0.0
0.0
0.0
0.0
0.0
0.0
0.0
0.0
0.0
0.0
0.0
0.0
0.0
0.0
0.0
0.0
0.0
0.0
0.0
0.0
0.0
0.0
0.0
0.0
0.0
0.0
0.0
0.0
0.0
0.0
0.0
0.0
0.0
0.0
0.0
0.0
0.0
0.0
0.0
0.0
0.0
0.0
0.0
0.0
0.0
0.0
0.0
0.0
0.0
0.0
0.0
0.0
0.0
0.0
0.0
0.0
0.0
0.0
0.0
0.0
0.0
0.0
0.0
0.0
0.0
0.0
0.0
0.0
0.0
0.0
0.0
0.0
0.0
0.0
0.0
0.0
0.0
0.0
0.0
0.0
0.0
0.0
0.0
0.0
0.0
0.0
0.0
0.0
0.0
0.0
0.0
0.0
0.0
1.0779943222653248
-0.24307600808578045
0.0013509881263204678
0.02362730490589492
-0.03172311001794255
-0.0065960299067669825
-0.017116404372760883
0.03300116877678749
0.02779033377626615
-0.013697122001083476
0.01164034984584445
0.012895846389099368
0.00036797198725674834
0.00031382281183674015
-0.011933327784620775
1.1931028934679655
0.003085199581353056
-0.009988951287327501
-0.6240657235223772
0.000769753854395096
0.022957422305954926
1.3318683126004152
-0.019035421752494182
0.0001460514011916051
-0.9664150713982389
-0.007878045380657221
1.382990649195002
0.02003910784480263
-0.007257084936915741
-1.1502803138173154
0.09960752772952798
-0.0007031336475237242
-0.008720939967183186
0.19362091548365423
0.001711083771951866
0.2658366655508467
0.0
0.0
0.0
0.0
0.0
0.0
0.0
0.0
0.0
0.0
0.0
0.0
0.0
0.0
0.0
0.0
0.0
0.0
0.0
0.0
0.0
0.0
0.0
0.0
0.0
0.0
0.0
0.0
0.0
0.0
0.0
0.0
0.0
0.0
0.0
0.0
0.0
0.0
0.0
0.0
0.0
0.0
0.0
0.0
0.0
0.0
0.0
0.0
0.0
0.0
0.0
0.0
0.0
0.0
0.0
0.0
0.0
0.0
0.0
0.0
0.0
0.0
0.0
0.0
0.0
0.0
0.0
0.0
0.0
0.0
0.0
0.0
0.0
0.0
0.0
0.0
0.0
0.0
0.0
0.0
0.0
0.0
0.0
0.0
0.0
0.0
0.0
0.0
0.0
0.0
0.0
0.0
0.0
0.0
0.0
0.0
0.0
0.0
0.0
0.0
0.0
0.0
0.0
0.0
0.0
0.0
0.0
0.0
0.0
0.0
0.0
0.0
0.0
0.0
0.0
0.0
0.0
0.0
0.0
0.0
0.0
0.0
0.0
0.0
0.0
0.0
0.0
0.0
0.0
0.0
0.0
0.0
0.0
0.0
0.0
1.0764560359012112
-0.2478251606841163
0.0031956328012552587
-0.01643230416841839
-0.02465540988781398
-0.009055989909470262
0.02412697104513302
0.033454135241972154
0.028268429252115798
-0.016736510779209162
0.021374808896241562
0.030094152137516334
0.0009363275463366982
-0.012142783294703358
-0.016708438666968525
1.1726573249415964
-0.0008952619081192688
-0.006812922413405106
-0.6389728976443159
0.002004867485305775
0.02194477943859087
1.3134144786607596
0.007994176935273673
0.0018310212821902286
-0.9961284711996037
-0.0147794277545134
1.3693611001718458
0.018379563411720742
-0.014773707113201988
-1.1606318471444168
0.10531652532673348
-0.0011785308098561506
-0.009425018933324553
0.20665411895996472
0.016039505376634344
0.2689072016713871
0.0
0.0
0.0
0.0
0.0
0.0
0.0
0.0
0.0
0.0
0.0
0.0
0.0
0.0
0.0
0.0
0.0
0.0
0.0
0.0
0.0
0.0
0.0
0.0
0.0
0.0
0.0
0.0
0.0
0.0
0.0
0.0
0.0
0.0
0.0
0.0
0.0
0.0
0.0
0.0
0.0
0.0
0.0
0.0
0.0
0.0
0.0
0.0
0.0
0.0
0.0
0.0
0.0
0.0
0.0
0.0
0.0
0.0
0.0
0.0
0.0
0.0
0.0
0.0
0.0
0.0
0.0
0.0
0.0
0.0
0.0
0.0
0.0
0.0
0.0
0.0
0.0
0.0
0.0
0.0
0.0
0.0
0.0
0.0
0.0
0.0
0.0
0.0
0.0
0.0
0.0
0.0
0.0
0.0
0.0
0.0
0.0
0.0
0.0
0.0
0.0
0.0
0.0
0.0
0.0
0.0
0.0
0.0
0.0
0.0
0.0
0.0
0.0
0.0
0.0
0.0
0.0
0.0
0.0
0.0
0.0
0.0
0.0
0.0
0.0
0.0
0.0
0.0
0.0
0.0
0.0
0.0
0.0
0.0
0.0
1.0704941027416561
-0.22214989354465964
0.0010327167147223865
-0.02284600254618989
-0.057031643842453725
-0.006997585026600274
0.016385870586566972
0.06746589369851486
0.02489417781471988
-0.01496158520053626
-0.012012302365301073
0.03967113019907284
-0.0005083133363370075
-0.000238936372705747
-0.026870708181783134
1.1730133789930497
-0.0032490123059391906
-0.010349098276259123
-0.5420107366522864
-0.0026711447415756705
0.021886625957580834
1.3097168726049324
0.020294813155996676
-0.001664610714839764
-0.9105496101598299
0.009180527644345578
1.3461580237154747
0.018828442936406016
0.008312002926352556
-1.056354222426045
0.0860322365584203
0.0012134118552401278
-0.007458495563127097
0.17902019423788662
-0.0020849758226625715
0.23305482291988228
0.0
0.0
0.0
0.0
0.0
0.0
0.0
0.0
0.0
0.0
0.0
0.0
0.0
0.0
0.0
0.0
0.0
0.0
0.0
0.0
0.0
0.0
0.0
0.0
0.0
0.0
0.0
0.0
0.0
0.0
0.0
0.0
0.0
0.0
0.0
0.0
0.0
0.0
0.0
0.0
0.0
0.0
0.0
0.0
0.0
0.0
0.0
0.0
0.0
0.0
0.0
0.0
0.0
0.0
0.0
0.0
0.0
0.0
0.0
0.0
0.0
0.0
0.0
0.0
0.0
0.0
0.0
0.0
0.0
0.0
0.0
0.0
0.0
0.0
0.0
0.0
0.0
0.0
0.0
0.0
0.0
0.0
0.0
0.0
0.0
0.0
0.0
0.0
0.0
0.0
0.0
0.0
0.0
0.0
0.0
0.0
0.0
0.0
0.0
0.0
0.0
0.0
0.0
0.0
0.0
0.0
0.0
0.0
0.0
0.0
0.0
0.0
0.0
0.0
0.0
0.0
0.0
0.0
0.0
0.0
0.0
0.0
0.0
0.0
0.0
0.0
0.0
0.0
0.0
0.0
0.0
0.0
0.0
0.0
0.0
1.0698160971992146
-0.2302710064441463
0.0017602695306760422
0.01602874326087597
-0.04900419463736083
-0.008196035464350515
-0.02434813507811752
0.06726906159633564
0.025704641752231094
-0.017812106554959795
-0.022687886882453052
0.05766425236175322
0.0004374643893593259
0.011991097410412727
-0.03174018892495415
1.1540929806113798
0.003367086897359364
-0.008466884437608702
-0.5769837470333976
-0.0011903077958348638
0.022778275412327992
1.2912438772771793
-0.007267154688362141
-0.0011439371915731764
-0.9514721119124071
0.015043711285944892
1.3327283846437517
0.01879883031624594
0.01485460873683656
-1.0783570557801658
0.09509808515393497
0.0005256484886276995
-0.008950941162924506
0.195109654310533
-0.016323974472087197
0.239697784124757
0.0
0.0
0.0
0.0
0.0
0.0
0.0
0.0
0.0
0.0
0.0
0.0
0.0
0.0
0.0
0.0
0.0
0.0
0.0
0.0
0.0
0.0
0.0
0.0
0.0
0.0
0.0
0.0
0.0
0.0
0.0
0.0
0.0
0.0
0.0
0.0
0.0
0.0
0.0
0.0
0.0
0.0
0.0
0.0
0.0
0.0
0.0
0.0
0.0
0.0
0.0
0.0
0.0
0.0
0.0
0.0
0.0
0.0
0.0
0.0
0.0
0.0
0.0
0.0
0.0
0.0
0.0
0.0
0.0
0.0
0.0
0.0
0.0
0.0
0.0
0.0
0.0
0.0
0.0
0.0
0.0
0.0
0.0
0.0
0.0
0.0
0.0
0.0
0.0
0.0
0.0
0.0
0.0
0.0
0.0
0.0
0.0
0.0
0.0
0.0
0.0
0.0
0.0
0.0
0.0
0.0
0.0
0.0
0.0
0.0
0.0
0.0
0.0
0.0
0.0
0.0
0.0
0.0
0.0
0.0
0.0
0.0
0.0
0.0
0.0
0.0
0.0
0.0
0.0
0.0
0.0
0.0
0.0
0.0
0.0
1.0799473467423653
-0.259942798105706
-0.016538803882531157
0.008117848705742661
-0.003918341485781171
0.02783194975199733
-0.011373840487569753
0.006480562196112512
0.02899593113143875
0.028178242160312287
-0.01016125520959277
0.0079506126967502
0.0038014450710349796
0.005298701791735729
-0.002539915270892412
1.374720178093007
-0.0012116452459467197
-0.014200142280376351
-1.2190601390741804
0.0014065239544840764
0.012759477667327747
1.3086487016033965
-0.0005290946675828911
0.0013209734390341433
-1.0425827996473722
-0.0008458354441861197
1.1486528183359175
0.012441983179112237
-0.0009395243132659841
-0.6583203869363102
0.2926662680588629
-0.0013065063853899862
-0.007021976464535387
0.22311844084897453
0.0005485732718449438
0.11883370439289628
0.0
0.0
0.0
0.0
0.0
0.0
0.0
0.0
0.0
0.0
0.0
0.0
0.0
0.0
0.0
0.0
0.0
0.0
0.0
0.0
0.0
0.0
0.0
0.0
0.0
0.0
0.0
0.0
0.0
0.0
0.0
0.0
0.0
0.0
0.0
0.0
0.0
0.0
0.0
0.0
0.0
0.0
0.0
0.0
0.0
0.0
0.0
0.0
0.0
0.0
0.0
0.0
0.0
0.0
0.0
0.0
0.0
0.0
0.0
0.0
0.0
0.0
0.0
0.0
0.0
0.0
0.0
0.0
0.0
0.0
0.0
0.0
0.0
0.0
0.0
0.0
0.0
0.0
0.0
0.0
0.0
0.0
0.0
0.0
0.0
0.0
0.0
0.0
0.0
0.0
0.0
0.0
0.0
0.0
0.0
0.0
0.0
0.0
0.0
0.0
0.0
0.0
0.0
0.0
0.0
0.0
0.0
0.0
0.0
0.0
0.0
0.0
0.0
0.0
0.0
0.0
0.0
0.0
0.0
0.0
0.0
0.0
0.0
0.0
0.0
0.0
0.0
0.0
0.0
0.0
0.0
0.0
0.0
0.0
0.0
1.0668486030882127
-0.22057022500330634
0.04129158960057455
0.008335170158135426
-0.007684863075496117
-0.05368713258602592
-0.012209538556313964
0.010626600229161013
0.022280370223916185
-0.0425570457194812
-0.011831729051583015
0.006944755235695133
0.032479173117531145
0.005411088538691497
-0.003662267608238023
1.3244645923371916
-0.006193553251571209
0.00636415982555976
-1.0186413134124452
0.005644464723254598
-0.026152413968276465
1.2841167621297491
-0.0028017197829903547
0.005558529439384554
-0.9424175900282041
0.010172543307920298
1.195336108326433
-0.028241142060925258
0.011722965072833456
-0.48439495993515724
0.22001415359091445
-0.002236188712511491
0.010303408193641053
0.1904740778831481
-0.003081003935972696
0.08789321123476103
0.0
0.0
0.0
0.0
0.0
0.0
0.0
0.0
0.0
0.0
0.0
0.0
0.0
0.0
0.0
0.0
0.0
0.0
0.0
0.0
0.0
0.0
0.0
0.0
0.0
0.0
0.0
0.0
0.0
0.0
0.0
0.0
0.0
0.0
0.0
0.0
0.0
0.0
0.0
0.0
0.0
0.0
0.0
0.0
0.0
0.0
0.0
0.0
0.0
0.0
0.0
0.0
0.0
0.0
0.0
0.0
0.0
0.0
0.0
0.0
0.0
0.0
0.0
0.0
0.0
0.0
0.0
0.0
0.0
0.0
0.0
0.0
0.0
0.0
0.0
0.0
0.0
0.0
0.0
0.0
0.0
0.0
0.0
0.0
0.0
0.0
0.0
0.0
0.0
0.0
0.0
0.0
0.0
0.0
0.0
0.0
0.0
0.0
0.0
0.0
0.0
0.0
0.0
0.0
0.0
0.0
0.0
0.0
0.0
0.0
0.0
0.0
0.0
0.0
0.0
0.0
0.0
0.0
0.0
0.0
0.0
0.0
0.0
0.0
0.0
0.0
0.0
0.0
0.0
0.0
0.0
0.0
0.0
0.0
0.0
1.0648675604434996
-0.1988088972673732
0.1328009668709244
0.0027684038115534573
-0.004261762308430375
-0.20161754111769345
-0.0031209877620993524
0.009082200947226752
0.029410188780329156
-0.2052717792921591
-0.0020882430772647493
0.01157751056995285
0.09288661113560882
0.0015870399350712454
-0.0033916275175133476
1.1958313669985228
0.0030998926768396697
-0.059799670262389575
-0.7889249459409471
-0.00846521452881272
0.010607379259939091
1.2628774242855678
-0.0057079085423278435
-0.008331276113944049
-0.9990785467781786
0.00217090658356069
0.838415171117231
0.010156460931653196
0.001761372990461498
-0.5360967618968508
0.173531999551213
0.004831817529518009
-0.002460239151126882
0.21501175088618163
-0.0008074275009441348
0.10583292960627974
0.0
0.0
0.0
0.0
0.0
0.0
0.0
0.0
0.0
0.0
0.0
0.0
0.0
0.0
0.0
0.0
0.0
0.0
0.0
0.0
0.0
0.0
0.0
0.0
0.0
0.0
0.0
0.0
0.0
0.0
0.0
0.0
0.0
0.0
0.0
0.0
0.0
0.0
0.0
0.0
0.0
0.0
0.0
0.0
0.0
0.0
0.0
0.0
0.0
0.0
0.0
0.0
0.0
0.0
0.0
0.0
0.0
0.0
0.0
0.0
0.0
0.0
0.0
0.0
0.0
0.0
0.0
0.0
0.0
0.0
0.0
0.0
0.0
0.0
0.0
0.0
0.0
0.0
0.0
0.0
0.0
0.0
0.0
0.0
0.0
0.0
0.0
0.0
0.0
0.0
0.0
0.0
0.0
0.0
0.0
0.0
0.0
0.0
0.0
0.0
0.0
0.0
0.0
0.0
0.0
0.0
0.0
0.0
0.0
0.0
0.0
0.0
0.0
0.0
0.0
0.0
0.0
0.0
0.0
0.0
0.0
0.0
0.0
0.0
0.0
0.0
0.0
0.0
0.0
0.0
0.0
0.0
0.0
0.0
0.0
1.0734442484189917
-0.2357902054559541
-0.07606867835855662
0.0038076417019168927
-0.009723867842107877
0.09968567725879618
-0.004749811981363438
0.012222356188709883
0.024794683230420583
0.07553574563096427
-0.0031735991929407866
0.008567757791632064
-0.03280109775093802
0.0006584925681985089
-0.004752067486628174
1.3804349771094182
0.003979258644707162
0.027834673095891896
-1.1961517304705156
-0.005618581040148946
-0.02339313831205648
1.2605993948041136
0.0112706781019749
-0.005311820195593434
-0.8490733551822716
0.002358655820540957
1.085595154933108
-0.02247489167302604
0.0034655006937696336
-0.6250121997827399
0.2803158336275197
0.003165744692280696
0.013141029605674974
0.17158133421365926
0.0011497659445045712
0.11170576924744614
0.0
0.0
0.0
0.0
0.0
0.0
0.0
0.0
0.0
0.0
0.0
0.0
0.0
0.0
0.0
0.0
0.0
0.0
0.0
0.0
0.0
0.0
0.0
0.0
0.0
0.0
0.0
0.0
0.0
0.0
0.0
0.0
0.0
0.0
0.0
0.0
0.0
0.0
0.0
0.0
0.0
0.0
0.0
0.0
0.0
0.0
0.0
0.0
0.0
0.0
0.0
0.0
0.0
0.0
0.0
0.0
0.0
0.0
0.0
0.0
0.0
0.0
0.0
0.0
0.0
0.0
0.0
0.0
0.0
0.0
0.0
0.0
0.0
0.0
0.0
0.0
0.0
0.0
0.0
0.0
0.0
0.0
0.0
0.0
0.0
0.0
0.0
0.0
0.0
0.0
0.0
0.0
0.0
0.0
0.0
0.0
0.0
0.0
0.0
0.0
0.0
0.0
0.0
0.0
0.0
0.0
0.0
0.0
0.0
0.0
0.0
0.0
0.0
0.0
0.0
0.0
0.0
0.0
0.0
0.0
0.0
0.0
0.0
0.0
0.0
0.0
0.0
0.0
0.0
0.0
0.0
0.0
0.0
0.0
0.0
1.0699361815001502
-0.23145449946235405
-0.012204725866017615
0.005768499989536017
-0.005008637917578878
0.011007597564842084
-0.007930782093149149
0.006915749533496814
0.02884019904076698
0.003943080984825171
-0.006736017089332111
0.008371730170239953
-0.015550213571580873
0.0027915330968435307
-0.00322052542848901
1.3102461208286973
-0.008382121754746105
0.01511254697276636
-1.0852189984539382
0.008077600743781704
-0.009566907307655751
1.2675220130698548
0.001705861984848429
0.008029800687218711
-0.9337825907778114
-0.001438568517862387
0.9421624191799872
-0.009809878896600486
-0.0014748346023424589
-0.5650216057305003
0.24928992230218416
-0.004589706656619539
0.004762455354777413
0.19508564797090297
0.0004888873674414862
0.10899802192480097
0.0
0.0
0.0
0.0
0.0
0.0
0.0
0.0
0.0
0.0
0.0
0.0
0.0
0.0
0.0
0.0
0.0
0.0
0.0
0.0
0.0
0.0
0.0
0.0
0.0
0.0
0.0
0.0
0.0
0.0
0.0
0.0
0.0
0.0
0.0
0.0
0.0
0.0
0.0
0.0
0.0
0.0
0.0
0.0
0.0
0.0
0.0
0.0
0.0
0.0
0.0
0.0
0.0
0.0
0.0
0.0
0.0
0.0
0.0
0.0
0.0
0.0
0.0
0.0
0.0
0.0
0.0
0.0
0.0
0.0
0.0
0.0
0.0
0.0
0.0
0.0
0.0
0.0
0.0
0.0
0.0
0.0
0.0
0.0
0.0
0.0
0.0
0.0
0.0
0.0
0.0
0.0
0.0
0.0
0.0
0.0
0.0
0.0
0.0
0.0
0.0
0.0
0.0
0.0
0.0
0.0
0.0
0.0
0.0
0.0
0.0
0.0
0.0
0.0
0.0
0.0
0.0
0.0
0.0
0.0
0.0
0.0
0.0
0.0
0.0
0.0
0.0
0.0
0.0
0.0
0.0
0.0
0.0
0.0
0.0
1.070817193152252
-0.23269892321974936
-0.006329221640440889
-0.004237126360210164
0.003644582285718235
-0.005115934092782422
0.004584666147290387
-0.012683673445325503
0.02453984288761302
-0.02104417454279494
0.001934207022485356
-0.02436069576080215
-0.0035073568888198906
-0.0012061838174064552
0.0035619933327909513
1.3221244453176368
0.007813244925850588
-0.01802344034586714
-1.1126469458045618
-0.00838663295772006
0.01580079951351787
1.2793722007372506
-0.004521588504853056
-0.008755864430448594
-0.9271038607621437
0.005304685030625078
1.1772134238934242
0.014079959821193585
0.005639646222201694
-0.5557853823458975
0.2544420398857525
0.0052515546070700265
-0.005478844382337978
0.18298716738986803
-0.0016817724131810191
0.09482556899913915
0.0
0.0
0.0
0.0
0.0
0.0
0.0
0.0
0.0
0.0
0.0
0.0
0.0
0.0
0.0
0.0
0.0
0.0
0.0
0.0
0.0
0.0
0.0
0.0
0.0
0.0
0.0
0.0
0.0
0.0
0.0
0.0
0.0
0.0
0.0
0.0
0.0
0.0
0.0
0.0
0.0
0.0
0.0
0.0
0.0
0.0
0.0
0.0
0.0
0.0
0.0
0.0
0.0
0.0
0.0
0.0
0.0
0.0
0.0
0.0
0.0
0.0
0.0
0.0
0.0
0.0
0.0
0.0
0.0
0.0
0.0
0.0
0.0
0.0
0.0
0.0
0.0
0.0
0.0
0.0
0.0
0.0
0.0
0.0
0.0
0.0
0.0
0.0
0.0
0.0
0.0
0.0
0.0
0.0
0.0
0.0
0.0
0.0
0.0
0.0
0.0
0.0
0.0
0.0
0.0
0.0
0.0
0.0
0.0
0.0
0.0
0.0
0.0
0.0
0.0
0.0
0.0
0.0
0.0
0.0
0.0
0.0
0.0
0.0
0.0
0.0
0.0
0.0
0.0
0.0
0.0
0.0
0.0
0.0
0.0
1.0759889421872293
-0.24139620327894995
0.0027561789997453175
0.0036468065845733726
-0.007023616680950749
0.01794392666589842
-0.004337620201541502
0.007231605720764904
0.0274162719797053
0.04678618073377467
-0.0027833077009626244
0.0028294733289085756
-0.033019019676630464
0.0021079336087285504
-0.002128944416900936
1.3574634843305962
-0.004085801172003124
0.01434760328067433
-1.1086715133366167
0.008066532522168815
-0.010693403432058749
1.2884480311427207
-0.0019232073313567534
0.008131263774791878
-0.9895973754711976
0.0027324697356718554
1.118906057324554
-0.009860231485918832
0.0028576957203737432
-0.6035457933603305
0.2554646996862263
-0.005089201842314676
0.004743892702507694
0.20831274366037167
-0.0012644076598490354
0.10867173015151652
0.0
0.0
0.0
0.0
0.0
0.0
0.0
0.0
0.0
0.0
0.0
0.0
0.0
0.0
0.0
0.0
0.0
0.0
0.0
0.0
0.0
0.0
0.0
0.0
0.0
0.0
0.0
0.0
0.0
0.0
0.0
0.0
0.0
0.0
0.0
0.0
0.0
0.0
0.0
0.0
0.0
0.0
0.0
0.0
0.0
0.0
0.0
0.0
0.0
0.0
0.0
0.0
0.0
0.0
0.0
0.0
0.0
0.0
0.0
0.0
0.0
0.0
0.0
0.0
0.0
0.0
0.0
0.0
0.0
0.0
0.0
0.0
0.0
0.0
0.0
0.0
0.0
0.0
0.0
0.0
0.0
0.0
0.0
0.0
0.0
0.0
0.0
0.0
0.0
0.0
0.0
0.0
0.0
0.0
0.0
0.0
0.0
0.0
0.0
0.0
0.0
0.0
0.0
0.0
0.0
0.0
0.0
0.0
0.0
0.0
0.0
0.0
0.0
0.0
0.0
0.0
0.0
0.0
0.0
0.0
0.0
0.0
0.0
0.0
0.0
0.0
0.0
0.0
0.0
0.0
0.0
0.0
0.0
0.0
0.0
1.063530349226161
-0.21187051926797687
-0.01353988627155476
-0.005117213996913704
0.0047545711179035
0.013522398149290536
0.006878591301203055
-0.010609027987806562
0.022013961993937535
0.006925780232113999
0.005545806557547585
-0.015467849926511101
-0.010377969931245404
-0.002511025575907293
0.0032241289273828968
1.3063398788790044
0.005690565876341763
-0.00835161939690149
-1.0259004785489654
-0.006863172237239267
0.015070372614606269
1.2523693082427025
-9.229984628354176e-05
-0.0069308648789920945
-0.8515907867597899
0.0009699786603760856
1.1528025821402554
0.014734896031767869
0.0020793087881492913
-0.4906399314473156
0.22186585967341257
0.004407179011984173
-0.006725033474118854
0.16526057156093774
0.00010049989227486643
0.08149634596763602
0.0
0.0
0.0
0.0
0.0
0.0
0.0
0.0
0.0
0.0
0.0
0.0
0.0
0.0
0.0
0.0
0.0
0.0
0.0
0.0
0.0
0.0
0.0
0.0
0.0
0.0
0.0
0.0
0.0
0.0
0.0
0.0
0.0
0.0
0.0
0.0
0.0
0.0
0.0
0.0
0.0
0.0
0.0
0.0
0.0
0.0
0.0
0.0
0.0
0.0
0.0
0.0
0.0
0.0
0.0
0.0
0.0
0.0
0.0
0.0
0.0
0.0
0.0
0.0
0.0
0.0
0.0
0.0
0.0
0.0
0.0
0.0
0.0
0.0
0.0
0.0
0.0
0.0
0.0
0.0
0.0
0.0
0.0
0.0
0.0
0.0
0.0
0.0
0.0
0.0
0.0
0.0
0.0
0.0
0.0
0.0
0.0
0.0
0.0
0.0
0.0
0.0
0.0
0.0
0.0
0.0
0.0
0.0
0.0
0.0
0.0
0.0
0.0
0.0
0.0
0.0
0.0
0.0
0.0
0.0
0.0
0.0
0.0
0.0
0.0
0.0
0.0
0.0
0.0
0.0
0.0
0.0
0.0
0.0
0.0
1.0799201255465714
-0.2421053528077261
-0.005925416173923489
0.016653230599780234
0.0620246061659093
0.00893253863656722
-0.024378949672568588
-0.06789803619989286
0.02932403780475734
0.00865202422485254
-0.0231713753600335
-0.03077683600765395
-0.0038811331749586007
0.009128392627628667
0.020566308399434668
1.1917467769838592
-0.0014101783800358804
-0.01861856061765077
-0.6188320670580457
0.007761611605672637
0.019388440085887956
1.3489631356130485
0.007287177702306344
0.007360407752574034
-0.9713936382135324
-0.007826594691667677
1.3779958799156782
0.01871505191535801
-0.008321409551888152
-1.1464842473791934
0.10106892024159453
-0.004989255248617343
-0.01058360810858098
0.19926493889932084
0.005926105305651278
0.2638187630156828
0.0
0.0
0.0
0.0
0.0
0.0
0.0
0.0
0.0
0.0
0.0
0.0
0.0
0.0
0.0
0.0
0.0
0.0
0.0
0.0
0.0
0.0
0.0
0.0
0.0
0.0
0.0
0.0
0.0
0.0
0.0
0.0
0.0
0.0
0.0
0.0
0.0
0.0
0.0
0.0
0.0
0.0
0.0
0.0
0.0
0.0
0.0
0.0
0.0
0.0
0.0
0.0
0.0
0.0
0.0
0.0
0.0
0.0
0.0
0.0
0.0
0.0
0.0
0.0
0.0
0.0
0.0
0.0
0.0
0.0
0.0
0.0
0.0
0.0
0.0
0.0
0.0
0.0
0.0
0.0
0.0
0.0
0.0
0.0
0.0
0.0
0.0
0.0
0.0
0.0
0.0
0.0
0.0
0.0
0.0
0.0
0.0
0.0
0.0
0.0
0.0
0.0
0.0
0.0
0.0
0.0
0.0
0.0
0.0
0.0
0.0
0.0
0.0
0.0
0.0
0.0
0.0
0.0
0.0
0.0
0.0
0.0
0.0
0.0
0.0
0.0
0.0
0.0
0.0
0.0
0.0
0.0
0.0
0.0
0.0
1.0672761061547096
-0.22083200379990067
-0.002384464154274185
0.0119636222023839
0.038604286484391175
0.0011412416477486862
-0.021268373435721057
-0.052052114198318164
0.025626188304977527
-0.0034591060495896726
-0.02651915965368222
-0.042712648019796046
-0.001465148396833006
0.014049220165995831
0.031038632692269027
1.0975269168665738
0.005664910129222418
-0.007004041769857633
-0.5147458247136765
-0.00996056900828201
0.00018616443322234895
1.2698791993488039
-0.008066572752765113
-0.008757058291158925
-0.9181775510388617
-0.02976609842833826
1.3198520712748598
0.0012820036273670766
-0.028767103876885983
-1.0294849072126966
0.09697718084282599
0.00014572332245038969
0.0010281289488814126
0.18601440909731196
0.022820546314050894
0.22809751305607665
0.0
0.0
0.0
0.0
0.0
0.0
0.0
0.0
0.0
0.0
0.0
0.0
0.0
0.0
0.0
0.0
0.0
0.0
0.0
0.0
0.0
0.0
0.0
0.0
0.0
0.0
0.0
0.0
0.0
0.0
0.0
0.0
0.0
0.0
0.0
0.0
0.0
0.0
0.0
0.0
0.0
0.0
0.0
0.0
0.0
0.0
0.0
0.0
0.0
0.0
0.0
0.0
0.0
0.0
0.0
0.0
0.0
0.0
0.0
0.0
0.0
0.0
0.0
0.0
0.0
0.0
0.0
0.0
0.0
0.0
0.0
0.0
0.0
0.0
0.0
0.0
0.0
0.0
0.0
0.0
0.0
0.0
0.0
0.0
0.0
0.0
0.0
0.0
0.0
0.0
0.0
0.0
0.0
0.0
0.0
0.0
0.0
0.0
0.0
0.0
0.0
0.0
0.0
0.0
0.0
0.0
0.0
0.0
0.0
0.0
0.0
0.0
0.0
0.0
0.0
0.0
0.0
0.0
0.0
0.0
0.0
0.0
0.0
0.0
0.0
0.0
0.0
0.0
0.0
0.0
0.0
0.0
0.0
0.0
0.0
1.0770207389561761
-0.2338052650090161
-0.017537701057848656
-0.0061059231672461805
0.051229193236431256
0.026318502403804078
0.008230939827902541
-0.054684146250230645
0.028285308401116344
0.0247299190778752
0.006467990920053597
-0.022593286807679094
-0.008744564460559651
-0.004975405089566124
0.014706807047914425
1.1762074609652646
0.0007796173068892551
-0.016159496257698483
-0.5790522258857806
-0.007553487037073921
0.017044398297945136
1.3315617556085286
-0.0016207098621899166
-0.007187358298318713
-0.9299076705010983
0.0003163511058407552
1.370387013172826
0.016428825235844175
0.00028837117699038854
-1.1280338662181217
0.09292417145953023
0.00499801075017278
-0.010588275953208132
0.1866533543588173
-0.0005331641308289855
0.2570256283449637
0.0
0.0
0.0
0.0
0.0
0.0
0.0
0.0
0.0
0.0
0.0
0.0
0.0
0.0
0.0
0.0
0.0
0.0
0.0
0.0
0.0
0.0
0.0
0.0
0.0
0.0
0.0
0.0
0.0
0.0
0.0
0.0
0.0
0.0
0.0
0.0
0.0
0.0
0.0
0.0
0.0
0.0
0.0
0.0
0.0
0.0
0.0
0.0
0.0
0.0
0.0
0.0
0.0
0.0
0.0
0.0
0.0
0.0
0.0
0.0
0.0
0.0
0.0
0.0
0.0
0.0
0.0
0.0
0.0
0.0
0.0
0.0
0.0
0.0
0.0
0.0
0.0
0.0
0.0
0.0
0.0
0.0
0.0
0.0
0.0
0.0
0.0
0.0
0.0
0.0
0.0
0.0
0.0
0.0
0.0
0.0
0.0
0.0
0.0
0.0
0.0
0.0
0.0
0.0
0.0
0.0
0.0
0.0
0.0
0.0
0.0
0.0
0.0
0.0
0.0
0.0
0.0
0.0
0.0
0.0
0.0
0.0
0.0
0.0
0.0
0.0
0.0
0.0
0.0
0.0
0.0
0.0
0.0
0.0
0.0
1.06879504576743
-0.2243103315817664
-0.009545461444735065
-0.007965833759759039
0.0380555879345729
0.011169238403017624
0.013221468927735448
-0.05097149715533626
0.025790023625761122
0.00598559810778673
0.015140904036188833
-0.040835126536653554
-0.003679731460095184
-0.011704992399005803
0.03126378460107579
1.0515229733131364
0.008969388874522323
-0.010391643450061647
-0.5319720643696579
0.010076902800584658
-0.004011405335195252
1.2797329635683086
-0.008682828773300904
0.007793697194627629
-0.9260086750018354
0.049251462341076586
1.332173630321246
-0.0017715290684321826
0.04825165792213561
-1.042977940227527
0.09939908253703722
-0.0021763146178194596
0.0011847283877436002
0.18967850652568596
-0.03354857305920567
0.23211080441164303
0.0
0.0
0.0
0.0
0.0
0.0
0.0
0.0
0.0
0.0
0.0
0.0
0.0
0.0
0.0
0.0
0.0
0.0
0.0
0.0
0.0
0.0
0.0
0.0
0.0
0.0
0.0
0.0
0.0
0.0
0.0
0.0
0.0
0.0
0.0
0.0
0.0
0.0
0.0
0.0
0.0
0.0
0.0
0.0
0.0
0.0
0.0
0.0
0.0
0.0
0.0
0.0
0.0
0.0
0.0
0.0
0.0
0.0
0.0
0.0
0.0
0.0
0.0
0.0
0.0
0.0
0.0
0.0
0.0
0.0
0.0
0.0
0.0
0.0
0.0
0.0
0.0
0.0
0.0
0.0
0.0
0.0
0.0
0.0
0.0
0.0
0.0
0.0
0.0
0.0
0.0
0.0
0.0
0.0
0.0
0.0
0.0
0.0
0.0
0.0
0.0
0.0
0.0
0.0
0.0
0.0
0.0
0.0
0.0
0.0
0.0
0.0
0.0
0.0
0.0
0.0
0.0
0.0
0.0
0.0
0.0
0.0
0.0
0.0
0.0
0.0
0.0
0.0
0.0
0.0
0.0
0.0
0.0
0.0
0.0
1.0730927184565584
-0.21967593738327226
-0.0022923904393019725
0.00607522695840252
-0.09644541476918851
0.003497961503397719
-0.00788180513602736
0.1166213208102689
0.02574572782832672
0.0037569687223780505
-0.005320080702049711
0.07324640011479826
-0.001506903645845707
0.0033505861250865947
-0.04424720572995015
1.192994229322969
-0.00524479440252271
0.007005801683346959
-0.5370058078302657
0.010423122026036458
-0.011981785126508205
1.3355228027959358
-0.012484228064560003
0.009383113481610023
-0.9386240112563448
0.013596290981035496
1.3409054727551715
-0.011541095795472148
0.013691905356331253
-1.0158905574165804
0.0817415962932719
-0.0056552190991599385
0.005938366047074579
0.1862450015983728
-0.0105738232931666
0.21643646625860224
0.0
0.0
0.0
0.0
0.0
0.0
0.0
0.0
0.0
0.0
0.0
0.0
0.0
0.0
0.0
0.0
0.0
0.0
0.0
0.0
0.0
0.0
0.0
0.0
0.0
0.0
0.0
0.0
0.0
0.0
0.0
0.0
0.0
0.0
0.0
0.0
0.0
0.0
0.0
0.0
0.0
0.0
0.0
0.0
0.0
0.0
0.0
0.0
0.0
0.0
0.0
0.0
0.0
0.0
0.0
0.0
0.0
0.0
0.0
0.0
0.0
0.0
0.0
0.0
0.0
0.0
0.0
0.0
0.0
0.0
0.0
0.0
0.0
0.0
0.0
0.0
0.0
0.0
0.0
0.0
0.0
0.0
0.0
0.0
0.0
0.0
0.0
0.0
0.0
0.0
0.0
0.0
0.0
0.0
0.0
0.0
0.0
0.0
0.0
0.0
0.0
0.0
0.0
0.0
0.0
0.0
0.0
0.0
0.0
0.0
0.0
0.0
0.0
0.0
0.0
0.0
0.0
0.0
0.0
0.0
0.0
0.0
0.0
0.0
0.0
0.0
0.0
0.0
0.0
0.0
0.0
0.0
0.0
0.0
0.0
1.0742523756006603
-0.24193356451351594
0.0028107535883093865
0.0012243194364431793
0.03049150021164081
-0.0027651510004708005
-0.008460455046921849
-0.038646174288782816
0.02911472426578848
-0.0004978442409816785
-0.01716053730298127
-0.027535657559060275
-0.00029368344442707575
0.008734648065436933
0.01244333256604638
0.9957457124257348
0.01675238743488482
0.017242911700087918
-0.6219773905667917
-0.00672675418882547
-0.001793208027897127
1.2711773895806397
0.018752209326057423
-0.007516647703248243
-0.9036397531081032
0.003829188749592695
1.3672041003234578
-0.0035166041498479565
0.0035259539835523507
-1.1918623385758818
0.11865306735577878
9.887194020622182e-05
0.0007879251796548511
0.18714145631818355
-0.008051246195266953
0.2857983523734141
0.0
0.0
0.0
0.0
0.0
0.0
0.0
0.0
0.0
0.0
0.0
0.0
0.0
0.0
0.0
0.0
0.0
0.0
0.0
0.0
0.0
0.0
0.0
0.0
0.0
0.0
0.0
0.0
0.0
0.0
0.0
0.0
0.0
0.0
0.0
0.0
0.0
0.0
0.0
0.0
0.0
0.0
0.0
0.0
0.0
0.0
0.0
0.0
0.0
0.0
0.0
0.0
0.0
0.0
0.0
0.0
0.0
0.0
0.0
0.0
0.0
0.0
0.0
0.0
0.0
0.0
0.0
0.0
0.0
0.0
0.0
0.0
0.0
0.0
0.0
0.0
0.0
0.0
0.0
0.0
0.0
0.0
0.0
0.0
0.0
0.0
0.0
0.0
0.0
0.0
0.0
0.0
0.0
0.0
0.0
0.0
0.0
0.0
0.0
0.0
0.0
0.0
0.0
0.0
0.0
0.0
0.0
0.0
0.0
0.0
0.0
0.0
0.0
0.0
0.0
0.0
0.0
0.0
0.0
0.0
0.0
0.0
0.0
0.0
0.0
0.0
0.0
0.0
0.0
0.0
0.0
0.0
0.0
0.0
0.0
1.0736747054010725
-0.21472453726985277
-0.002108321602669339
0.05387582410557392
-0.1097095431002261
0.003121489291679582
-0.063210073430407
0.13312658551033946
0.02666176644172618
0.002899373452414155
-0.032939036699388025
0.08330782935861042
-0.0011030673451783303
0.024015181212501586
-0.05161051942883299
1.183411275612363
0.0016352917941176608
0.004695448000294243
-0.5163078664610463
-0.004457972131615451
-0.006835777739130593
1.3385710139353661
-0.06912809419540276
-0.004218192647918734
-0.935194799867542
0.06801793828408556
1.3418126883227055
-0.0068341051594303474
0.06841263838953446
-0.9982128282413322
0.07764691055231837
0.0031758012325134423
0.004162677160672596
0.18927539591064577
-0.05026754373574906
0.21310843525706402
0.0
0.0
0.0
0.0
0.0
0.0
0.0
0.0
0.0
0.0
0.0
0.0
0.0
0.0
0.0
0.0
0.0
0.0
0.0
0.0
0.0
0.0
0.0
0.0
0.0
0.0
0.0
0.0
0.0
0.0
0.0
0.0
0.0
0.0
0.0
0.0
0.0
0.0
0.0
0.0
0.0
0.0
0.0
0.0
0.0
0.0
0.0
0.0
0.0
0.0
0.0
0.0
0.0
0.0
0.0
0.0
0.0
0.0
0.0
0.0
0.0
0.0
0.0
0.0
0.0
0.0
0.0
0.0
0.0
0.0
0.0
0.0
0.0
0.0
0.0
0.0
0.0
0.0
0.0
0.0
0.0
0.0
0.0
0.0
0.0
0.0
0.0
0.0
0.0
0.0
0.0
0.0
0.0
0.0
0.0
0.0
0.0
0.0
0.0
0.0
0.0
0.0
0.0
0.0
0.0
0.0
0.0
0.0
0.0
0.0
0.0
0.0
0.0
0.0
0.0
0.0
0.0
0.0
0.0
0.0
0.0
0.0
0.0
0.0
0.0
0.0
0.0
0.0
0.0
0.0
0.0
0.0
0.0
0.0
0.0
1.0748728563508598
-0.24163793755245985
-0.0055654662463987675
0.004499910342746091
0.0441313416683951
0.006220494520341592
-0.0005293147244525777
-0.05490600580880716
0.029274802252190816
0.0051946221670066605
0.007617533958833545
-0.0372893384668577
-0.0028805165939403336
-0.005404077545220709
0.019455047028944766
0.9570663659008771
-0.010179764537650487
-0.0011657219606755946
-0.6172866425669339
0.0021307587551113085
-0.0007727948432131476
1.268031848461899
-0.01876266839139407
0.0033090808746648573
-0.8862251719953722
-0.004678718327902375
1.3795829460372457
-0.0007000971132137435
-0.004207005629311799
-1.2088298654065956
0.11978647777703842
-0.0002931829721484996
0.0010134829090688877
0.18357422598205103
0.00728808652685563
0.2917253247129933
0.0
0.0
0.0
0.0
0.0
0.0
0.0
0.0
0.0
0.0
0.0
0.0
0.0
0.0
0.0
0.0
0.0
0.0
0.0
0.0
0.0
0.0
0.0
0.0
0.0
0.0
0.0
0.0
0.0
0.0
0.0
0.0
0.0
0.0
0.0
0.0
0.0
0.0
0.0
0.0
0.0
0.0
0.0
0.0
0.0
0.0
0.0
0.0
0.0
0.0
0.0
0.0
0.0
0.0
0.0
0.0
0.0
0.0
0.0
0.0
0.0
0.0
0.0
0.0
0.0
0.0
0.0
0.0
0.0
0.0
0.0
0.0
0.0
0.0
0.0
0.0
0.0
0.0
0.0
0.0
0.0
0.0
0.0
0.0
0.0
0.0
0.0
0.0
0.0
0.0
0.0
0.0
0.0
0.0
0.0
0.0
0.0
0.0
0.0
0.0
0.0
0.0
0.0
0.0
0.0
0.0
0.0
0.0
0.0
0.0
0.0
0.0
0.0
0.0
0.0
0.0
0.0
0.0
0.0
0.0
0.0
0.0
0.0
0.0
0.0
0.0
0.0
0.0
0.0
0.0
0.0
0.0
0.0
0.0
0.0
1.073106197939194
-0.20019788911911007
0.19699929879148903
-0.11623074278788811
-0.005391741503268454
-0.27135792667380493
0.14211708800769746
0.007543289142500375
0.030483899646158292
-0.2366691897393529
0.08900217330520839
0.006914787797732749
0.1266906664053384
-0.06780220235131079
-0.0037437463000068293
1.2447380142660254
-0.13106837546281408
-0.009436327437762772
-0.8682733928982775
0.11903320866583632
0.011395663794655649
1.3244962781947343
0.0010328781499762533
0.1163602023193259
-1.0450880626795473
-0.0016733267304355503
1.1381522897850067
0.01120225589509889
-0.00187742628739619
-0.5908089926226788
0.18917555468270578
-0.1024711140982741
-0.006507610045111732
0.24009995434997647
0.0018089539116811436
0.09410908400219387
0.0
0.0
0.0
0.0
0.0
0.0
0.0
0.0
0.0
0.0
0.0
0.0
0.0
0.0
0.0
0.0
0.0
0.0
0.0
0.0
0.0
0.0
0.0
0.0
0.0
0.0
0.0
0.0
0.0
0.0
0.0
0.0
0.0
0.0
0.0
0.0
0.0
0.0
0.0
0.0
0.0
0.0
0.0
0.0
0.0
0.0
0.0
0.0
0.0
0.0
0.0
0.0
0.0
0.0
0.0
0.0
0.0
0.0
0.0
0.0
0.0
0.0
0.0
0.0
0.0
0.0
0.0
0.0
0.0
0.0
0.0
0.0
0.0
0.0
0.0
0.0
0.0
0.0
0.0
0.0
0.0
0.0
0.0
0.0
0.0
0.0
0.0
0.0
0.0
0.0
0.0
0.0
0.0
0.0
0.0
0.0
0.0
0.0
0.0
0.0
0.0
0.0
0.0
0.0
0.0
0.0
0.0
0.0
0.0
0.0
0.0
0.0
0.0
0.0
0.0
0.0
0.0
0.0
0.0
0.0
0.0
0.0
0.0
0.0
0.0
0.0
0.0
0.0
0.0
0.0
0.0
0.0
0.0
0.0
0.0
1.0705098405570463
-0.1889683726521982
0.21289259863246132
-0.13263873714710894
-0.022427356679199255
-0.2891437332525329
0.17209917556010693
0.031211632349844826
0.03021749864396338
-0.245919007995526
0.13166112978870395
0.028405266019733148
0.1340579922506678
-0.08732839289163993
-0.014243614291095757
1.255992485693581
-0.13422490671710305
-0.025878096523149468
-0.8805561636692774
0.16937566815838626
0.02847924404031729
1.2878152395965479
0.0329841773788862
0.1682626538694971
-0.9672023909900063
-0.04297081608982556
1.1133820973203756
0.02839764152233927
-0.04346650349677465
-0.6001879298447513
0.20372565944340262
-0.1407929974749523
-0.024852729261818553
0.21905590228742738
0.030224882224145048
0.09824900121945802
0.0
0.0
0.0
0.0
0.0
0.0
0.0
0.0
0.0
0.0
0.0
0.0
0.0
0.0
0.0
0.0
0.0
0.0
0.0
0.0
0.0
0.0
0.0
0.0
0.0
0.0
0.0
0.0
0.0
0.0
0.0
0.0
0.0
0.0
0.0
0.0
0.0
0.0
0.0
0.0
0.0
0.0
0.0
0.0
0.0
0.0
0.0
0.0
0.0
0.0
0.0
0.0
0.0
0.0
0.0
0.0
0.0
0.0
0.0
0.0
0.0
0.0
0.0
0.0
0.0
0.0
0.0
0.0
0.0
0.0
0.0
0.0
0.0
0.0
0.0
0.0
0.0
0.0
0.0
0.0
0.0
0.0
0.0
0.0
0.0
0.0
0.0
0.0
0.0
0.0
0.0
0.0
0.0
0.0
0.0
0.0
0.0
0.0
0.0
0.0
0.0
0.0
0.0
0.0
0.0
0.0
0.0
0.0
0.0
0.0
0.0
0.0
0.0
0.0
0.0
0.0
0.0
0.0
0.0
0.0
0.0
0.0
0.0
0.0
0.0
0.0
0.0
0.0
0.0
0.0
0.0
0.0
0.0
0.0
0.0
1.0736620799261545
-0.20036551337616398
0.19043840233354833
0.10578933733720661
0.005237263558242098
-0.26098258441215577
-0.12868503579786558
-0.006697778557464749
0.031418297803302415
-0.22397640515185574
-0.07857367026587939
-0.004654665058858533
0.11867648956167105
0.061191697315954315
0.0022238227554813605
1.2448247742862575
0.10106016686436599
0.007325018823096778
-0.8381778521598796
-0.09102073537913957
-0.006877886273643705
1.3496673211124368
0.016860879995592323
-0.0885684797076413
-1.0709877683167115
-0.01497474312781156
1.1434199801918798
-0.0068705665573389856
-0.015952398908693047
-0.5622249120054089
0.17570221219660923
0.0811024900903912
0.0050234235897645306
0.24984888772057565
0.00956349926911016
0.09070510530982437
0.0
0.0
0.0
0.0
0.0
0.0
0.0
0.0
0.0
0.0
0.0
0.0
0.0
0.0
0.0
0.0
0.0
0.0
0.0
0.0
0.0
0.0
0.0
0.0
0.0
0.0
0.0
0.0
0.0
0.0
0.0
0.0
0.0
0.0
0.0
0.0
0.0
0.0
0.0
0.0
0.0
0.0
0.0
0.0
0.0
0.0
0.0
0.0
0.0
0.0
0.0
0.0
0.0
0.0
0.0
0.0
0.0
0.0
0.0
0.0
0.0
0.0
0.0
0.0
0.0
0.0
0.0
0.0
0.0
0.0
0.0
0.0
0.0
0.0
0.0
0.0
0.0
0.0
0.0
0.0
0.0
0.0
0.0
0.0
0.0
0.0
0.0
0.0
0.0
0.0
0.0
0.0
0.0
0.0
0.0
0.0
0.0
0.0
0.0
0.0
0.0
0.0
0.0
0.0
0.0
0.0
0.0
0.0
0.0
0.0
0.0
0.0
0.0
0.0
0.0
0.0
0.0
0.0
0.0
0.0
0.0
0.0
0.0
0.0
0.0
0.0
0.0
0.0
0.0
0.0
0.0
0.0
0.0
0.0
0.0
1.0741165074009604
-0.20255956187573115
0.15536319596271453
0.11576580880299764
-0.04861504095134832
-0.21121262094187895
-0.14833699727363542
0.06544160815424165
0.02980071056508632
-0.181334338624723
-0.10750318468573145
0.05332959028207084
0.09299027713816069
0.0792850432615282
-0.02286496917712062
1.2106349649129546
0.036261813435297406
-0.043875563796776935
-0.7602234647192193
-0.08096061316611189
0.05371676384085373
1.3726948724547876
-0.07776807956915774
-0.07954246710547164
-1.1113330275375748
0.06440124559003717
1.150169868020423
0.05466615265343798
0.06518419944868285
-0.5990300303232344
0.1520759383839661
0.0788326625295179
-0.029694898154921136
0.26370143730635287
-0.04460804301269872
0.10591558854131049
0.0
0.0
0.0
0.0
0.0
0.0
0.0
0.0
0.0
0.0
0.0
0.0
0.0
0.0
0.0
0.0
0.0
0.0
0.0
0.0
0.0
0.0
0.0
0.0
0.0
0.0
0.0
0.0
0.0
0.0
0.0
0.0
0.0
0.0
0.0
0.0
0.0
0.0
0.0
0.0
0.0
0.0
0.0
0.0
0.0
0.0
0.0
0.0
0.0
0.0
0.0
0.0
0.0
0.0
0.0
0.0
0.0
0.0
0.0
0.0
0.0
0.0
0.0
0.0
0.0
0.0
0.0
0.0
0.0
0.0
0.0
0.0
0.0
0.0
0.0
0.0
0.0
0.0
0.0
0.0
0.0
0.0
0.0
0.0
0.0
0.0
0.0
0.0
0.0
0.0
0.0
0.0
0.0
0.0
0.0
0.0
0.0
0.0
0.0
0.0
0.0
0.0
0.0
0.0
0.0
0.0
0.0
0.0
0.0
0.0
0.0
0.0
0.0
0.0
0.0
0.0
0.0
0.0
0.0
0.0
0.0
0.0
0.0
0.0
0.0
0.0
0.0
0.0
0.0
0.0
0.0
0.0
0.0
0.0
0.0
1.077256070253113
-0.24698021320107705
-0.027223966529009463
0.025554113320204297
0.01755315873178425
0.05137594720307825
-0.04736781542734135
-0.02707491796628456
0.02787591254500694
0.06557234038330939
-0.06105673809837569
-0.02695566044710129
-0.03897648699790398
0.0246050339254227
0.010189196178746269
1.3776187530105357
0.005149963013935032
-0.0013859157964107667
-1.1529231136959748
0.03301652330565601
0.006651481214929726
1.2831590110722138
-0.0021083635811337048
0.034327092507955
-0.9959810028396937
-0.0006249768568804649
1.1975981271553426
0.006215734363016521
0.0007086496836640922
-0.6565208868559754
0.26166439873202546
-0.024806014874461515
-0.004622212197693322
0.20714533180559302
-0.0005069721951232119
0.10536632739891695
0.0
0.0
0.0
0.0
0.0
0.0
0.0
0.0
0.0
0.0
0.0
0.0
0.0
0.0
0.0
0.0
0.0
0.0
0.0
0.0
0.0
0.0
0.0
0.0
0.0
0.0
0.0
0.0
0.0
0.0
0.0
0.0
0.0
0.0
0.0
0.0
0.0
0.0
0.0
0.0
0.0
0.0
0.0
0.0
0.0
0.0
0.0
0.0
0.0
0.0
0.0
0.0
0.0
0.0
0.0
0.0
0.0
0.0
0.0
0.0
0.0
0.0
0.0
0.0
0.0
0.0
0.0
0.0
0.0
0.0
0.0
0.0
0.0
0.0
0.0
0.0
0.0
0.0
0.0
0.0
0.0
0.0
0.0
0.0
0.0
0.0
0.0
0.0
0.0
0.0
0.0
0.0
0.0
0.0
0.0
0.0
0.0
0.0
0.0
0.0
0.0
0.0
0.0
0.0
0.0
0.0
0.0
0.0
0.0
0.0
0.0
0.0
0.0
0.0
0.0
0.0
0.0
0.0
0.0
0.0
0.0
0.0
0.0
0.0
0.0
0.0
0.0
0.0
0.0
0.0
0.0
0.0
0.0
0.0
0.0
1.0739461691943082
-0.22588964914292955
-0.1415568976946377
-0.03211000734979238
-0.04411024310298076
0.18350819151577663
0.036509304313196454
0.06259779368445416
0.02754465559191381
0.1408338880495726
0.019032728130131182
0.055105747557776585
-0.08549462257948687
-0.02262550700369471
-0.023389123288191035
1.3478849569033724
0.07934020256459698
0.07378598509012836
-1.080705500450627
-0.11674670272553647
-0.06540819537580789
1.2754115077388641
0.03144427429856281
-0.1159824154766223
-0.9213366012621442
-0.04464198121810162
1.1738999878033511
-0.0653079528070113
-0.046317239544382216
-0.644678530405397
0.2512867688745712
0.08566695369752313
0.04660935930541065
0.1886907233024144
0.02918370661337303
0.11000347092271169
0.0
0.0
0.0
0.0
0.0
0.0
0.0
0.0
0.0
0.0
0.0
0.0
0.0
0.0
0.0
0.0
0.0
0.0
0.0
0.0
0.0
0.0
0.0
0.0
0.0
0.0
0.0
0.0
0.0
0.0
0.0
0.0
0.0
0.0
0.0
0.0
0.0
0.0
0.0
0.0
0.0
0.0
0.0
0.0
0.0
0.0
0.0
0.0
0.0
0.0
0.0
0.0
0.0
0.0
0.0
0.0
0.0
0.0
0.0
0.0
0.0
0.0
0.0
0.0
0.0
0.0
0.0
0.0
0.0
0.0
0.0
0.0
0.0
0.0
0.0
0.0
0.0
0.0
0.0
0.0
0.0
0.0
0.0
0.0
0.0
0.0
0.0
0.0
0.0
0.0
0.0
0.0
0.0
0.0
0.0
0.0
0.0
0.0
0.0
0.0
0.0
0.0
0.0
0.0
0.0
0.0
0.0
0.0
0.0
0.0
0.0
0.0
0.0
0.0
0.0
0.0
0.0
0.0
0.0
0.0
0.0
0.0
0.0
0.0
0.0
0.0
0.0
0.0
0.0
0.0
0.0
0.0
0.0
0.0
0.0
1.0762372507936155
-0.22874848398734082
0.07158007751824798
-0.027153604968111634
0.01014924767481085
-0.07288024561015191
0.04963620974610927
-0.015699954563574172
0.027530969060476376
-0.019522241471993093
0.06338378097258386
-0.014969737465221023
0.01694743299298379
-0.021984765067615975
0.005362708416307699
1.4118868724035467
-0.030534487546859286
-0.006871192254784849
-1.1788207003792313
-0.0005407376091337783
0.014694025225064716
1.2546455282506204
0.003037900080817134
-0.0007870341543897084
-0.8640784990397072
-0.0008044702015474423
1.1944248866758
0.015128483861773073
-0.0006115514838555005
-0.563837863279697
0.275289746233505
-0.0008963889233095091
-0.008249449616826159
0.16453863683252898
-0.000487275342526935
0.08495734955211887
0.0
0.0
0.0
0.0
0.0
0.0
0.0
0.0
0.0
0.0
0.0
0.0
0.0
0.0
0.0
0.0
0.0
0.0
0.0
0.0
0.0
0.0
0.0
0.0
0.0
0.0
0.0
0.0
0.0
0.0
0.0
0.0
0.0
0.0
0.0
0.0
0.0
0.0
0.0
0.0
0.0
0.0
0.0
0.0
0.0
0.0
0.0
0.0
0.0
0.0
0.0
0.0
0.0
0.0
0.0
0.0
0.0
0.0
0.0
0.0
0.0
0.0
0.0
0.0
0.0
0.0
0.0
0.0
0.0
0.0
0.0
0.0
0.0
0.0
0.0
0.0
0.0
0.0
0.0
0.0
0.0
0.0
0.0
0.0
0.0
0.0
0.0
0.0
0.0
0.0
0.0
0.0
0.0
0.0
0.0
0.0
0.0
0.0
0.0
0.0
0.0
0.0
0.0
0.0
0.0
0.0
0.0
0.0
0.0
0.0
0.0
0.0
0.0
0.0
0.0
0.0
0.0
0.0
0.0
0.0
0.0
0.0
0.0
0.0
0.0
0.0
0.0
0.0
0.0
0.0
0.0
0.0
0.0
0.0
0.0
1.0712375085316705
-0.21972547433445455
0.09542581650818951
-0.04873940128628726
-0.00709726023205976
-0.1313129051138699
0.06615474033516798
0.002212009462943153
0.02727297586985248
-0.11283085218403485
0.0625619542782269
-0.004823168121523096
0.0643653082503169
-0.019223353356730085
-0.002371118156388568
1.3579661511716874
0.13161450181120304
0.07014456327512103
-1.1742196832081429
-0.08196691302646017
-0.027468246691250028
1.147251213582342
-0.11411973542754349
-0.07653417010548301
-0.7014783695360296
0.0030244188407947486
0.9148031231901618
-0.02569703172184264
-0.0018025090407346857
-0.5966958240461495
0.2788332569327469
0.032458882653648984
0.007615237812929978
0.13453328121819066
0.010709342473695673
0.11222632769830042
0.0
0.0
0.0
0.0
0.0
0.0
0.0
0.0
0.0
0.0
0.0
0.0
0.0
0.0
0.0
0.0
0.0
0.0
0.0
0.0
0.0
0.0
0.0
0.0
0.0
0.0
0.0
0.0
0.0
0.0
0.0
0.0
0.0
0.0
0.0
0.0
0.0
0.0
0.0
0.0
0.0
0.0
0.0
0.0
0.0
0.0
0.0
0.0
0.0
0.0
0.0
0.0
0.0
0.0
0.0
0.0
0.0
0.0
0.0
0.0
0.0
0.0
0.0
0.0
0.0
0.0
0.0
0.0
0.0
0.0
0.0
0.0
0.0
0.0
0.0
0.0
0.0
0.0
0.0
0.0
0.0
0.0
0.0
0.0
0.0
0.0
0.0
0.0
0.0
0.0
0.0
0.0
0.0
0.0
0.0
0.0
0.0
0.0
0.0
0.0
0.0
0.0
0.0
0.0
0.0
0.0
0.0
0.0
0.0
0.0
0.0
0.0
0.0
0.0
0.0
0.0
0.0
0.0
0.0
0.0
0.0
0.0
0.0
0.0
0.0
0.0
0.0
0.0
0.0
0.0
0.0
0.0
0.0
0.0
0.0
1.078671640392128
-0.248537609944439
-0.005822684634621332
0.03342760355973647
0.05338756581509333
0.0008744760858622856
-0.02991671007332306
-0.07518256013350624
0.02540670653073516
-0.010661519399054315
0.0008630695451241437
-0.06554021463799847
0.002835462346196602
0.00761815888849245
0.03998660002837628
1.2100956817820172
-0.07736639752433795
-0.04739555508617673
-0.7126429177575313
0.1099162358881033
0.049621594461967705
1.3260358886280534
0.058272442466784494
0.10938564146550829
-1.0288260383749748
-0.04646093458004445
1.3665980892472915
0.050188135928720574
-0.047671497214110445
-1.086500679876592
0.11974713465299294
-0.06682403481734102
-0.02942235460647629
0.21610353293787252
0.03267447636003822
0.23674897331722827
0.0
0.0
0.0
0.0
0.0
0.0
0.0
0.0
0.0
0.0
0.0
0.0
0.0
0.0
0.0
0.0
0.0
0.0
0.0
0.0
0.0
0.0
0.0
0.0
0.0
0.0
0.0
0.0
0.0
0.0
0.0
0.0
0.0
0.0
0.0
0.0
0.0
0.0
0.0
0.0
0.0
0.0
0.0
0.0
0.0
0.0
0.0
0.0
0.0
0.0
0.0
0.0
0.0
0.0
0.0
0.0
0.0
0.0
0.0
0.0
0.0
0.0
0.0
0.0
0.0
0.0
0.0
0.0
0.0
0.0
0.0
0.0
0.0
0.0
0.0
0.0
0.0
0.0
0.0
0.0
0.0
0.0
0.0
0.0
0.0
0.0
0.0
0.0
0.0
0.0
0.0
0.0
0.0
0.0
0.0
0.0
0.0
0.0
0.0
0.0
0.0
0.0
0.0
0.0
0.0
0.0
0.0
0.0
0.0
0.0
0.0
0.0
0.0
0.0
0.0
0.0
0.0
0.0
0.0
0.0
0.0
0.0
0.0
0.0
0.0
0.0
0.0
0.0
0.0
0.0
0.0
0.0
0.0
0.0
0.0
1.079252552300153
-0.25733999812740593
0.03192713094011754
-0.003248959787229758
-0.012549621199250117
-0.0523780501724186
0.005044690968273256
0.014374093944174656
0.02776597353088425
-0.060018245194350436
0.005681158214919751
0.0036537165206085684
0.018623702771853747
0.00029888471715325683
0.0016199550526623796
1.1886490445594395
0.007994986175583538
0.022200322497867055
-0.6813988310101396
-0.01123629262537538
-0.030581707074336686
1.3184011050276152
0.020123655081222293
-0.012145934583582542
-1.0010727982112009
-0.04767570559841267
1.4029152944490886
-0.03088866058969519
-0.04774128591117853
-1.2265158347325706
0.11588684056120442
0.0072483773941370835
0.01210757594287916
0.2081316792068084
0.032991582606611766
0.2935703903824402
0.0
0.0
0.0
0.0
0.0
0.0
0.0
0.0
0.0
0.0
0.0
0.0
0.0
0.0
0.0
0.0
0.0
0.0
0.0
0.0
0.0
0.0
0.0
0.0
0.0
0.0
0.0
0.0
0.0
0.0
0.0
0.0
0.0
0.0
0.0
0.0
0.0
0.0
0.0
0.0
0.0
0.0
0.0
0.0
0.0
0.0
0.0
0.0
0.0
0.0
0.0
0.0
0.0
0.0
0.0
0.0
0.0
0.0
0.0
0.0
0.0
0.0
0.0
0.0
0.0
0.0
0.0
0.0
0.0
0.0
0.0
0.0
0.0
0.0
0.0
0.0
0.0
0.0
0.0
0.0
0.0
0.0
0.0
0.0
0.0
0.0
0.0
0.0
0.0
0.0
0.0
0.0
0.0
0.0
0.0
0.0
0.0
0.0
0.0
0.0
0.0
0.0
0.0
0.0
0.0
0.0
0.0
0.0
0.0
0.0
0.0
0.0
0.0
0.0
0.0
0.0
0.0
0.0
0.0
0.0
0.0
0.0
0.0
0.0
0.0
0.0
0.0
0.0
0.0
0.0
0.0
0.0
0.0
0.0
0.0
1.0745034225651984
-0.22959704802341369
-0.01716470385425653
-0.017984709104509805
0.10178798005925353
0.019555068852645508
0.009358613652167037
-0.14210390600466777
0.029994064233942172
0.011468275102841754
-0.017637991839740883
-0.1277670235755009
-0.00567994115588974
0.000802009494478061
0.05653537806587645
1.1824184019396016
0.08288422252195085
-0.014459900026602995
-0.6821950081775853
-0.10817960158518623
0.01145491697523036
1.3216257569389886
-0.05519661015860356
-0.10847631120104086
-1.052359726335803
0.031037170979224732
1.2784624504706972
0.011397032750651351
0.033359128855548065
-0.9450501458183364
0.11327588774808406
0.06976711418081723
-0.003840924428815119
0.22537595324524026
-0.02028465715825643
0.20569396064756557
0.0
0.0
0.0
0.0
0.0
0.0
0.0
0.0
0.0
0.0
0.0
0.0
0.0
0.0
0.0
0.0
0.0
0.0
0.0
0.0
0.0
0.0
0.0
0.0
0.0
0.0
0.0
0.0
0.0
0.0
0.0
0.0
0.0
0.0
0.0
0.0
0.0
0.0
0.0
0.0
0.0
0.0
0.0
0.0
0.0
0.0
0.0
0.0
0.0
0.0
0.0
0.0
0.0
0.0
0.0
0.0
0.0
0.0
0.0
0.0
0.0
0.0
0.0
0.0
0.0
0.0
0.0
0.0
0.0
0.0
0.0
0.0
0.0
0.0
0.0
0.0
0.0
0.0
0.0
0.0
0.0
0.0
0.0
0.0
0.0
0.0
0.0
0.0
0.0
0.0
0.0
0.0
0.0
0.0
0.0
0.0
0.0
0.0
0.0
0.0
0.0
0.0
0.0
0.0
0.0
0.0
0.0
0.0
0.0
0.0
0.0
0.0
0.0
0.0
0.0
0.0
0.0
0.0
0.0
0.0
0.0
0.0
0.0
0.0
0.0
0.0
0.0
0.0
0.0
0.0
0.0
0.0
0.0
0.0
0.0
1.0753075516841675
-0.23837985875999818
-0.012105248149670018
-0.024658955800668066
-0.034091776893525945
0.016552830138406624
0.032586582658024534
0.03745552117133835
0.027199045149929376
0.013484912332658645
0.025160188348716174
0.015386559182438617
-0.007680895189044226
-0.013065727041720907
-0.010376553477053418
1.1797324362292296
-0.018399818287961802
0.0632272425985288
-0.6177062380367987
0.02081793801743041
-0.07983614639625929
1.2950308957519037
-0.045733601897129474
0.021207767400494223
-0.9422415840595382
0.0723725459866957
1.378241336423446
-0.07911238802851572
0.07217676914563737
-1.1433115420019948
0.10453491799912888
-0.013522161277146961
0.04689336001017844
0.19157113135419407
-0.04508771447100472
0.26886463607748484
0.0
0.0
0.0
0.0
0.0
0.0
0.0
0.0
0.0
0.0
0.0
0.0
0.0
0.0
0.0
0.0
0.0
0.0
0.0
0.0
0.0
0.0
0.0
0.0
0.0
0.0
0.0
0.0
0.0
0.0
0.0
0.0
0.0
0.0
0.0
0.0
0.0
0.0
0.0
0.0
0.0
0.0
0.0
0.0
0.0
0.0
0.0
0.0
0.0
0.0
0.0
0.0
0.0
0.0
0.0
0.0
0.0
0.0
0.0
0.0
0.0
0.0
0.0
0.0
0.0
0.0
0.0
0.0
0.0
0.0
0.0
0.0
0.0
0.0
0.0
0.0
0.0
0.0
0.0
0.0
0.0
0.0
0.0
0.0
0.0
0.0
0.0
0.0
0.0
0.0
0.0
0.0
0.0
0.0
0.0
0.0
0.0
0.0
0.0
0.0
0.0
0.0
0.0
0.0
0.0
0.0
0.0
0.0
0.0
0.0
0.0
0.0
0.0
0.0
0.0
0.0
0.0
0.0
0.0
0.0
0.0
0.0
0.0
0.0
0.0
0.0
0.0
0.0
0.0
0.0
0.0
0.0
0.0
0.0
0.0
1.082320468247542
-0.26648374272456393
0.007092169717983816
0.0010198607961623284
-0.003867776112096227
-0.01503552681651838
0.01000879496833504
0.0025227721382866113
0.02834640105445847
-0.021236815793653028
0.02759342263636309
0.0009748508724261737
0.01022621119407574
-0.010405036132809947
-0.004588601865256823
1.2095579197231636
-0.06955945196230448
0.0417274730188235
-0.7487457374691325
0.09187444390889034
-0.04031448378239999
1.3221919073017656
-0.024548384871895156
0.0919875422806161
-1.0391335646262483
0.007314671131066121
1.3914531950856832
-0.04043404572797188
0.00820735826738741
-1.2260532086485627
0.12860562302211415
-0.05988189989294926
0.02431920581094744
0.21710651625718186
-0.004782728124156338
0.29011118832338717
0.0
0.0
0.0
0.0
0.0
0.0
0.0
0.0
0.0
0.0
0.0
0.0
0.0
0.0
0.0
0.0
0.0
0.0
0.0
0.0
0.0
0.0
0.0
0.0
0.0
0.0
0.0
0.0
0.0
0.0
0.0
0.0
0.0
0.0
0.0
0.0
0.0
0.0
0.0
0.0
0.0
0.0
0.0
0.0
0.0
0.0
0.0
0.0
0.0
0.0
0.0
0.0
0.0
0.0
0.0
0.0
0.0
0.0
0.0
0.0
0.0
0.0
0.0
0.0
0.0
0.0
0.0
0.0
0.0
0.0
0.0
0.0
0.0
0.0
0.0
0.0
0.0
0.0
0.0
0.0
0.0
0.0
0.0
0.0
0.0
0.0
0.0
0.0
0.0
0.0
0.0
0.0
0.0
0.0
0.0
0.0
0.0
0.0
0.0
0.0
0.0
0.0
0.0
0.0
0.0
0.0
0.0
0.0
0.0
0.0
0.0
0.0
0.0
0.0
0.0
0.0
0.0
0.0
0.0
0.0
0.0
0.0
0.0
0.0
0.0
0.0
0.0
0.0
0.0
0.0
0.0
0.0
0.0
0.0
0.0
1.0741841008889257
-0.2407877876492206
0.048341122028504616
0.024711998986833864
-0.02459719978956326
-0.07181180777411962
-0.03102549580780623
0.04096507367554356
0.02460857381717461
-0.071154515242107
-0.020658394796886453
0.047227465942342735
0.026703592211097894
0.01312288623431298
-0.03095345303842733
1.174784968143764
0.01883407943795862
-0.01980539078898253
-0.6481269870847156
-0.015583257854516782
0.042267742487401484
1.3070436576323305
-0.03561147187826894
-0.017040977714759147
-0.9817874014686521
0.0664680097746221
1.3729810453233817
0.0412928642778362
0.06577283547928725
-1.1050477467184403
0.10701759074703068
0.013683983792383893
-0.023776953533379018
0.2033164552661912
-0.04354415555892103
0.2481947969148926
0.0
0.0
0.0
0.0
0.0
0.0
0.0
0.0
0.0
0.0
0.0
0.0
0.0
0.0
0.0
0.0
0.0
0.0
0.0
0.0
0.0
0.0
0.0
0.0
0.0
0.0
0.0
0.0
0.0
0.0
0.0
0.0
0.0
0.0
0.0
0.0
0.0
0.0
0.0
0.0
0.0
0.0
0.0
0.0
0.0
0.0
0.0
0.0
0.0
0.0
0.0
0.0
0.0
0.0
0.0
0.0
0.0
0.0
0.0
0.0
0.0
0.0
0.0
0.0
0.0
0.0
0.0
0.0
0.0
0.0
0.0
0.0
0.0
0.0
0.0
0.0
0.0
0.0
0.0
0.0
0.0
0.0
0.0
0.0
0.0
0.0
0.0
0.0
0.0
0.0
0.0
0.0
0.0
0.0
0.0
0.0
0.0
0.0
0.0
0.0
0.0
0.0
0.0
0.0
0.0
0.0
0.0
0.0
0.0
0.0
0.0
0.0
0.0
0.0
0.0
0.0
0.0
0.0
0.0
0.0
0.0
0.0
0.0
0.0
0.0
0.0
0.0
0.0
0.0
0.0
0.0
0.0
0.0
0.0
0.0
1.0766484514928412
-0.2447373271107327
-0.026279265511033257
0.0012441736135142024
-0.006381778504287019
0.035378478194613705
-0.015086467110088514
0.014289334089585836
0.028083896097203673
0.028913746556482354
-0.03387889560306606
0.0221641356144492
-0.011066390442764439
0.011574136887001223
-0.011399163974458743
1.198385633097265
0.06188405829553634
0.0012814960303503022
-0.6815622138718092
-0.0911839996700194
0.005335383936532911
1.2959001456719987
0.03263199995130737
-0.08986796934709389
-0.981303826348071
-0.0063857004577608095
1.3527436569019045
0.003627259041851289
-0.0069615147030398
-1.1205851429333313
0.11370130092484919
0.05456383291617591
-0.004175561321759096
0.2010388889226334
0.0018542391095050998
0.25758295378202645
0.0
0.0
0.0
0.0
0.0
0.0
0.0
0.0
0.0
0.0
0.0
0.0
0.0
0.0
0.0
0.0
0.0
0.0
0.0
0.0
0.0
0.0
0.0
0.0
0.0
0.0
0.0
0.0
0.0
0.0
0.0
0.0
0.0
0.0
0.0
0.0
0.0
0.0
0.0
0.0
0.0
0.0
0.0
0.0
0.0
0.0
0.0
0.0
0.0
0.0
0.0
0.0
0.0
0.0
0.0
0.0
0.0
0.0
0.0
0.0
0.0
0.0
0.0
0.0
0.0
0.0
0.0
0.0
0.0
0.0
0.0
0.0
0.0
0.0
0.0
0.0
0.0
0.0
0.0
0.0
0.0
0.0
0.0
0.0
0.0
0.0
0.0
0.0
0.0
0.0
0.0
0.0
0.0
0.0
0.0
0.0
0.0
0.0
0.0
0.0
0.0
0.0
0.0
0.0
0.0
0.0
0.0
0.0
0.0
0.0
0.0
0.0
0.0
0.0
0.0
0.0
0.0
0.0
0.0
0.0
0.0
0.0
0.0
0.0
0.0
0.0
0.0
0.0
0.0
0.0
0.0
0.0
0.0
0.0
0.0
1.080552289482881
-0.24987448300876922
0.005319031745778906
0.0205175546225522
0.09088702394503509
-0.011439301479290892
-0.026790353806663034
-0.11415653014713083
0.02921899411514156
-0.017185676007492646
-0.021821566782946774
-0.07880653628036849
0.0018841503040516283
0.010100729989925977
0.0459467461238235
1.1840615518106463
-0.011403189409523996
-0.06507695864612946
-0.6734473647118733
0.026763797751472473
0.07902610979406449
1.299806934052509
0.033604210498139796
0.02685148343767394
-0.9631349117633013
-0.05823127918861578
1.412437379540578
0.07957887337283828
-0.05751954214202115
-1.2392146142939247
0.11824274350713623
-0.013677276565708702
-0.0489779502918517
0.19821776090990878
0.04193103982158443
0.30880717614358144
0.0
0.0
0.0
0.0
0.0
0.0
0.0
0.0
0.0
0.0
0.0
0.0
0.0
0.0
0.0
0.0
0.0
0.0
0.0
0.0
0.0
0.0
0.0
0.0
0.0
0.0
0.0
0.0
0.0
0.0
0.0
0.0
0.0
0.0
0.0
0.0
0.0
0.0
0.0
0.0
0.0
0.0
0.0
0.0
0.0
0.0
0.0
0.0
0.0
0.0
0.0
0.0
0.0
0.0
0.0
0.0
0.0
0.0
0.0
0.0
0.0
0.0
0.0
0.0
0.0
0.0
0.0
0.0
0.0
0.0
0.0
0.0
0.0
0.0
0.0
0.0
0.0
0.0
0.0
0.0
0.0
0.0
0.0
0.0
0.0
0.0
0.0
0.0
0.0
0.0
0.0
0.0
0.0
0.0
0.0
0.0
0.0
0.0
0.0
0.0
0.0
0.0
0.0
0.0
0.0
0.0
0.0
0.0
0.0
0.0
0.0
0.0
0.0
0.0
0.0
0.0
0.0
0.0
0.0
0.0
0.0
0.0
0.0
0.0
0.0
0.0
0.0
0.0
0.0
0.0
0.0
0.0
0.0
0.0
0.0
1.0653541736242083
-0.15913219312120416
0.2878150429952578
-0.0008667904514619294
-0.011570672276666907
-0.3780815799873853
0.000823485385760594
0.015361615582886675
0.029549517343624914
-0.2896132352064267
5.161371525639615e-06
0.01250112685161188
0.18184764596539676
-0.0005798002944760641
-0.007224533321127021
1.3615701773642048
-0.0009423492909671491
-0.019499787270753802
-1.0866324993186172
0.0009045421650961675
0.024474840324335397
1.114804501461546
0.0020208213206083154
0.0008851198486073465
-0.5538933808530915
-0.001553348438052771
1.112316754330778
0.024573460127033375
-0.0015424229466274707
-0.5488313087442432
0.3041432577583697
-0.0011040947290049394
-0.0184285762608614
0.08218474989463687
0.00012081468941356107
0.07924469993098729
0.0
0.0
0.0
0.0
0.0
0.0
0.0
0.0
0.0
0.0
0.0
0.0
0.0
0.0
0.0
0.0
0.0
0.0
0.0
0.0
0.0
0.0
0.0
0.0
0.0
0.0
0.0
0.0
0.0
0.0
0.0
0.0
0.0
0.0
0.0
0.0
0.0
0.0
0.0
0.0
0.0
0.0
0.0
0.0
0.0
0.0
0.0
0.0
0.0
0.0
0.0
0.0
0.0
0.0
0.0
0.0
0.0
0.0
0.0
0.0
0.0
0.0
0.0
0.0
0.0
0.0
0.0
0.0
0.0
0.0
0.0
0.0
0.0
0.0
0.0
0.0
0.0
0.0
0.0
0.0
0.0
0.0
0.0
0.0
0.0
0.0
0.0
0.0
0.0
0.0
0.0
0.0
0.0
0.0
0.0
0.0
0.0
0.0
0.0
0.0
0.0
0.0
0.0
0.0
0.0
0.0
0.0
0.0
0.0
0.0
0.0
0.0
0.0
0.0
0.0
0.0
0.0
0.0
0.0
0.0
0.0
0.0
0.0
0.0
0.0
0.0
0.0
0.0
0.0
0.0
0.0
0.0
0.0
0.0
0.0
