0.5269888306159494
-0.0316638573044314
-0.18834049463802205
0.0020838188327060607
-0.013219595824724026
0.007892479340714006
4.608516938042404e-05
4.303746577029866e-05
0.08553803756340381
0.003252785393399119
-0.0008259089518203285
-0.048124404826488915
-0.0007493031812943587
-0.38554729390685677
-0.006840149027838896
-0.007954815974460447
0.14324005980342608
0.0028111993518775196
0.0008755796161518725
0.012558096351263467
0.00017269349883475505
-0.00027274526366797517
-0.0004416990115091593
-2.5409868331667756e-06
9.356849193552086e-06
-0.010284863622075195
4.230509262320788e-05
-3.710933710186685e-05
0.005107295198614718
-0.00023287000264648374
0.009676004199873179
9.375323078806625e-05
-0.00015843628405386943
-0.008575510119572253
-0.00024338398082975732
0.5108315237761566
0.006490718130229726
0.004534879730232898
-0.02166120742659772
-2.0840946673056755e-05
-2.1099953769639455e-05
0.3399326295508305
-0.0023718248655523327
-0.0011244852046787962
-0.0032310035837595143
-0.0006365548286808225
-0.7232510102642756
0.00047863466405172563
-0.03159133290540646
0.009037012337819242
-0.008915686086605394
0.9413812469936136
0.0018689410306483997
-4.757028684855797e-05
-0.04160496028007095
-0.00016525707279097538
-0.004465323204614409
0.019691973925007523
0.0008112432721359701
-0.0031857025720805525
0.008016353183227064
-0.010258253719472258
-0.03180889380672232
0.0004353821701135696
-0.005035531418501429
0.03527012104898372
0.789785216454127
-4.890586225941237e-05
-0.00015968576171993194
-0.0318262576179287
-0.00821368033081216
-0.0009203192887908363
0.019128485964219358
-0.003960977622739526
-0.001276697105625519
-0.007222562633780134
-0.0036446767642931794
-0.06955133301801236
-0.0017672814547110918
-0.02298781739597635
0.0002936237395565541
-1.292680521335756e-06
-1.6687303647643858e-07
-0.01208704528206005
0.00012982858893703978
-3.644009455414075e-05
0.00016763010320954236
3.444393395152528e-07
0.015906701972258304
1.5085374444519928e-07
0.0001518331231330388
-5.356047693590219e-05
7.44369336346129e-05
0.0005932913016509052
5.388537993484075e-06
-3.3982735938306986e-05
-0.0012123111625919419
-3.1659937834466224e-05
0.00012370797653401102
0.00018975009782031492
3.092400487198783e-05
0.0009184921893648505
-9.52112103522136e-06
9.533053779817668e-05
-0.0006263774062584815
0.00041357681595950995
-9.353844936876206e-05
-1.6418266333727856e-05
-0.0013672894689623334
6.486747018121018e-05
0.00011674757624315351
0.00017902737951286369
3.398640740012107e-05
0.0011272181059400568
1.3150291144123175e-06
0.0003063067446670095
0.9961990375141061
-0.0009074814902897495
-0.004323184592917493
-0.04978326008819329
-0.0038237885539805427
-0.5597336915350453
0.010299624838774012
0.02456972362199252
0.11414060538027856
0.015403867085952809
0.8965113834971181
0.004233189452461363
-0.0016002422853051165
0.0027047465194813746
0.007884300033467928
0.06434823493370749
-0.009172470446672949
0.0011195140290145265
-0.00847941031027773
0.8791248626714774
-7.308251576642482e-05
-0.0009756091692201877
0.02759659073935306
-0.009776874899388093
0.10973205863109112
-0.0035222389516667237
-0.0054477558898518765
0.8793924763545622
-0.0024384778722994147
0.1037513985478086
0.0014574935569297716
-0.0015279373855760577
0.0939440566980858
0.004733283787753244
1.0194592475415878
0.007781541837979012
-0.002825845110374514
-0.0006395755227398025
0.0010905898144158905
-0.8050215815907811
0.61361345229255
0.03643604615450105
0.06305669860762889
-0.133152941990051
0.014281242242987557
0.279817844054851
-0.026376149145297248
-0.005550459961336251
-0.01967823689437272
0.23437873356234265
-0.011247755397850306
-0.019183584513621652
0.2931583043556495
0.02447234547601831
0.7554946203807497
0.05316832533463231
0.2851391193987681
0.0010603113070368022
-6.227630519196268e-05
2.980812088354334e-06
-0.0003784162788155281
-7.256797090595993e-05
4.09457338450898e-05
0.009867540235583467
-0.0001459376325786041
-1.3630152000296352e-05
-0.0025337495291529715
-0.00013750923768872917
-0.0024774284614536317
5.132209431298557e-05
1.8100419226625617e-06
0.0005213347305799686
3.9618182232710495e-05
0.4779348227666861
-0.0003348667898692768
-3.447354975308241e-06
-3.076691750785722e-06
0.0008788947667573853
-1.8516219277331068e-05
-3.2479722925228034e-05
-0.005953401384805601
6.412563561406766e-05
2.1658319951370568e-05
0.0014835611092373481
-0.00024137110018743554
0.0020201157228342003
-3.501725083018325e-05
-7.2373409740972325e-06
-0.0006722619490685676
-0.00010238438622005527
0.39205481358112027
-1.7116346447081442e-05
3.4730422590156876e-06
0.1402734053606641
-1.865866428168555e-05
4.334095545970852e-06
0.0011194113895408135
-2.8607425594216657e-05
-5.6316794806335805e-06
-4.4914343519415696e-05
-1.282398519496366e-05
-0.000864046791764252
5.5641484334016996e-05
2.434133353721459e-06
4.888537008357569e-05
6.781652478041591e-06
0.3920009300095269
1.7264758251710246e-05
-1.7495143714770703e-05
0.13980581799581965
4.99525006021823e-05
1.5259493537187332e-05
0.00033992296535774994
-1.6148202265081167e-06
-4.9751818743439445e-05
2.1094687781101515e-06
-1.2705305620589259e-05
-0.00020844589427356799
2.5360978037182703e-06
4.2449560940875834e-05
-7.770598866636708e-07
0.3919466053948345
4.338658199672062e-06
4.7605706771460654e-05
0.13974238514597073
3.721143018778988e-06
1.1998175860018086e-06
0.0003540181067437626
1.3677480372078398e-05
-1.1906774139934759e-05
-3.873177233741854e-07
1.8786558801709176e-06
-0.0002763333793915089
-4.084425487848741e-06
3.790925630441116e-05
0.01438911611667563
-9.611647420328257e-06
-3.435188381691364e-06
0.00598909089883382
-0.00023518958205326996
8.247686004129491e-05
-0.0002649591486394208
3.723310219169387e-05
-0.001248980717902489
8.968085143442722e-05
-3.2431175373640606e-05
8.001388820342098e-05
-8.54881531436864e-06
0.015571826462719918
-2.0198073932547955e-05
-6.190773002742305e-05
0.001085377873144579
-3.1460116938180575e-05
9.933848094017395e-05
0.00010961382818767492
1.4305991149542105e-05
-0.0003716997293268433
8.890191464186226e-06
-2.5081498694493513e-05
-3.711597465537799e-05
0.01509053407832341
-6.361406950010633e-05
-4.455421058647741e-05
0.001667435335762396
-0.000182455371448072
-6.968139174210201e-05
2.0747504309603148e-05
1.2335735724993235e-05
-0.000548133113556963
6.201684493089531e-05
3.400155588612141e-05
0.22785197443228195
0.00025813306217838756
-0.000657979046421255
0.005399643498578748
0.0015937959539708306
-0.16146202503542084
-4.583386925893742e-05
0.00017485518732303834
-0.0014901528393882995
-0.0003893091103331664
0.24280514969156802
0.0007480873232206891
-0.0002441725809961082
0.0007388063082305316
-5.691608727956774e-05
-0.1711898019280002
-0.0002620393048320763
7.848301688175894e-05
-0.0002088270378956253
0.24549118721802649
0.00036890820469633485
-0.0005777780429673233
0.00017627182998873937
-0.0002780582163434877
-0.17229368171565876
-0.00010720143272624686
0.00017231671386193963
0.24113457837659819
-0.0021160921566853847
-0.0013999024677638092
7.29117543972668e-05
-9.845888870448931e-05
-0.17046239346395203
0.0005818276514378474
0.17613026990256164
-0.0004890882127407624
-0.00021208846250716555
0.00018676585235222995
0.0006202308987040404
-0.13016036761208694
0.028892328843046
7.707893999962447e-06
-4.638117200938102e-05
0.0002847699318347031
0.00011392688980479485
0.030294056182511266
0.0001001543524507153
-2.4237475288246353e-05
5.9799997610123485e-05
0.030340641409184473
2.8225573675057055e-05
-5.6202060720723075e-05
0.030242469348857066
-0.00016877949192285144
0.024325920153523438
0.8302787162977034
-0.03710388934943663
-0.00010690424244601685
-7.120570790121067e-06
-5.757365498260584e-06
-0.0008785237717284471
-8.53642511227897e-06
-4.040808486755736e-05
-0.004393389386270707
-8.807085640726758e-06
-5.284672721658243e-05
0.0011544530278152993
-0.00013691138985210462
0.0011624588875479977
-5.2202148726613855e-06
-1.1207201469442518e-05
-0.00020821232866026192
5.7030103997413215e-05
0.011564026840681191
-0.0005563613936820869
-8.904831658926992e-06
4.985947468211634e-05
0.000845358164858056
-9.155988377510219e-07
0.00014160295211376823
0.010584301321964388
3.8997736012768e-05
9.280901041240439e-05
-0.0025412663833749667
0.0002352968682244374
-0.003299118703155003
-2.907169916391488e-05
-2.2156064524099398e-05
0.0006398864883368035
-6.944625221066545e-05
0.3592937707454773
1.103571129480012e-05
1.6143473218649248e-06
0.1505579756992767
9.547573458956203e-06
6.886401716827581e-07
-0.0025608737241198244
-7.621307114281575e-06
-2.4047691355372157e-05
7.580042695886927e-05
-1.0242003609312826e-05
0.0011237240702150937
1.1840260333251534e-06
-1.0601406290996783e-05
-3.157956160445832e-05
3.7763318022478805e-06
0.3590342307133162
-2.104663601684016e-05
9.611823518399161e-06
0.15038089638474386
-2.2466929602287764e-05
2.4467002483597137e-05
-0.0004058289679185933
2.5863473523718347e-08
1.6096565879304193e-05
0.00012118001417010454
-1.3987809968003375e-05
0.00017782572815166006
3.8590141911241916e-07
-4.036501276319918e-06
-5.8966971555923485e-05
0.3590093943031627
1.195941714575671e-06
-2.261444341065304e-05
0.15019936778112464
-1.525042485587365e-05
1.1172597860735645e-05
-0.0005288994704078362
-2.68276196570507e-05
6.203753799901813e-05
1.1845707856734158e-05
-3.526309327740245e-06
0.00023240887010381547
1.9840692811258497e-05
-1.4132941804171707e-05
0.01772368126115447
-1.8141371232004018e-05
-1.0491519014080952e-05
-0.007439323819572046
6.485755294265153e-06
-0.00017693810967374084
0.00026555211786226347
-5.5386592046420835e-05
0.0020754998041154892
-5.563908845692483e-06
4.488757187131307e-05
-8.273908336725302e-05
1.906251279373425e-05
0.018880993879041186
-2.1089088365758762e-05
9.864881218451095e-05
-0.0008067577069711182
-1.5718985918737653e-05
0.00012539118188073425
0.0006528979744627029
-3.405385039506457e-05
0.00031180860200611695
6.3366709751038065e-06
-4.704446399160822e-05
-0.00023824828611501302
0.018364666965431955
-0.00011049107187861766
4.576351944999509e-05
-0.0013104862249062655
-0.00011426023223396778
0.00040387233744858925
4.812293572527694e-05
-1.5239606083415126e-05
0.00048315354219318943
4.9037220246892486e-05
-0.00013411430077986375
0.2316307281532125
-0.0016910560377930896
0.001958484123258982
0.003113034351215926
-8.33826293853767e-05
-0.19498965412369126
0.0005628741183029411
-0.0006912761505143991
-0.001204447457247907
2.885469464384149e-05
0.23662056360306274
0.0012715148744857083
0.00018939541055130224
-0.0006076034854947597
0.0005284961485184929
-0.2000402835583167
-0.0004087329233094467
-7.725962602540511e-05
0.0001970098446766054
0.23659913698789165
-0.0006393463770242504
0.0009484459837053496
-0.0006551105403793313
-0.00040782524236048385
-0.1999638866643027
0.00022221990137454332
-0.00033006443391896627
0.23591327689738834
-0.00125756352905731
-0.0011490486558710497
-7.984686540087412e-05
0.00022309137071824573
-0.19935898275950623
0.00039478561253222035
0.204475436469444
2.4824783106366325e-05
0.00021302385007443653
-0.00034574731591473023
0.0004231739134561524
-0.17497265288898806
0.04135230023902999
-0.00017076943058723034
0.0002324985814678567
0.00037223089439904856
-6.0013696473051076e-06
0.04239016511725316
0.00012560765657464894
3.454415779212015e-05
-6.792226351233323e-05
0.04234411336905253
-7.770896925564956e-05
0.00012195945079594758
0.042225928112628944
-0.00013014377394790554
0.037775827755400185
0.05312097602368593
0.28521463651252466
0.0011222971125967218
5.7435883758850614e-05
1.4092560194483757e-05
-0.00031314489522804573
7.213956683675403e-05
4.236891797169632e-05
0.009674603041311836
7.422681895013e-05
-8.726154349973387e-05
-0.0025791084810972073
0.00016506039090933157
-0.0024118658612418795
-2.852651276251105e-05
2.2283545319831835e-05
0.0005373202788921342
-5.1213306908742804e-05
0.47790994898636974
-0.00035106051579230366
3.897406369545352e-06
-2.882903841954566e-06
0.0008516573340257621
1.2943471854788289e-05
-2.1365853080335494e-05
-0.005918017706668645
-1.6208749691437135e-05
7.750656519178831e-05
0.001506976328068703
0.0001282460434125691
0.0020021990816576807
1.8606758766327138e-05
-3.350013440249742e-05
-0.0006697057017164437
8.767452655122183e-05
0.39205389825304837
1.1864039789442639e-05
1.579304991250215e-06
0.14021778603033958
1.0974078190202082e-05
3.740604734581611e-06
0.0009676278796666621
4.115653312723095e-05
2.0010717413087246e-05
-4.739505472797263e-05
1.0216625366361826e-05
-0.0008736756914167359
-5.408731281955104e-05
-8.276761016324126e-06
5.282092931778341e-05
-5.267820002789224e-06
0.3920001090039468
-1.0755243896505361e-05
9.85000562701228e-06
0.13980249754421847
-3.388179005952298e-05
-2.02060741253153e-05
0.0003580596087333762
2.7076507569980378e-06
4.8035115869822766e-05
1.9976939498204957e-06
1.4665695325194862e-05
-0.00021986349869346114
-2.5721457142535055e-06
-3.967778385873071e-05
-7.827344824008338e-06
0.39195319542603624
4.278762033749668e-06
-3.2152116252585276e-05
0.1397599556143167
4.211904857428008e-06
2.1167939283396837e-06
0.0003806147722816979
1.0346015938263684e-05
1.0463569835124062e-05
3.5525883330595875e-06
-2.543520410967435e-06
-0.00029658510679053646
6.531869021462479e-07
-3.549926513979275e-05
0.014544737667446317
1.7609710316781624e-05
-3.568393377398577e-06
0.008121421052639008
0.00010944252090219714
-5.891514855871644e-05
-0.00030518012278411475
-3.7191639116898216e-05
-0.001863646760158494
-5.0416453114836416e-05
6.4931129954977855e-06
9.214273818297238e-05
7.391673288820115e-06
0.015557166588610097
1.9431153073565868e-05
0.00010104787843940461
0.0012454462432692414
2.3002060610304272e-05
-0.00010498848200402039
0.00013250813507961447
-2.4505351606293922e-05
-0.0004312442946716665
-6.413364718347187e-06
2.7414513338143764e-05
-4.5658726386620465e-05
0.015078632564710162
-8.569322297354378e-05
2.0055289636370684e-05
0.001833483724134863
-0.0001878708093999946
7.88040024055295e-05
2.894490465595575e-05
-5.333876177073993e-06
-0.0006104260313265183
6.446962776383256e-05
-3.6165895470617027e-05
0.23245838417041026
-0.0011062834645695612
-0.0018940515373196388
0.005650715997540104
-0.000851093785425237
-0.16392477224980645
0.0003003548565599384
0.0005207873545918215
-0.001573944878754589
0.00018636961351085532
0.24283460649623922
-0.0008458920339096641
0.0002524993872347563
0.0008864652941305164
0.00029439105031613274
-0.17120189386353854
0.00027088347338109607
-7.773575351932955e-05
-0.0002551788721194768
0.24538905695731444
0.0004476017309163141
0.0006185363794887075
0.0005192576353569946
0.0002850893542118235
-0.17223879953965265
-0.00012847991602100484
-0.00018137905099747552
0.24098819851867176
0.001852900514036429
-0.0014833281998405327
-7.305151593748661e-05
-0.00012045935976545756
-0.17039152338498081
-0.0005071955148728167
0.1754922514522284
0.0002689578690897533
-0.00025442832128895384
-0.0001927244222414886
-0.0005412281399620874
-0.12976605170179045
0.029218336178643077
-7.884565895333616e-05
-0.00014172262529249104
0.00031348910391688814
-5.632396178031382e-05
0.030294156993138352
-9.410649431492203e-05
2.2967395853771317e-05
7.318329315784603e-05
0.030333131899561536
3.3952041664891165e-05
5.672702389434779e-05
0.030234480950131946
0.00014645752221580116
0.024264921938189184
0.0528603101963698
0.28489366412936656
-0.0002546499793052076
-7.852217366910965e-06
1.9921553945795543e-05
4.709418260441973e-05
1.4729128921182088e-06
-1.665870361689049e-05
0.0027827205043447836
-1.970811320367974e-05
4.727298882995908e-05
-0.0005183446099486873
6.20809531805152e-05
-0.0006134312809002507
6.445717694908818e-06
-2.0768184124442203e-05
-8.795708705485918e-05
-2.1624610812315398e-05
0.4780325750248221
1.0783325140224054e-05
-7.163499813342625e-07
-6.39755527620688e-06
-0.00026648147128954195
-1.8931770935019662e-05
1.381041847571112e-05
-0.0024727726958967706
-3.0783841286356056e-05
-2.2015092488137495e-05
-0.0014184035014497523
-2.821509429667268e-05
0.0005866318983159388
-1.4480214438470002e-06
9.14881265100525e-06
-0.0002880290924646297
2.454306100191459e-05
0.39175889807909314
-3.1546896267621568e-06
4.933264365007492e-06
0.139311639575491
-6.118309367385975e-07
6.669150047887273e-06
-0.00019611746689350294
2.1087902502601572e-05
1.4530511467512963e-05
-4.505383586407143e-05
5.986922864014699e-06
0.00017633767510678606
-3.4259974496279244e-06
-4.5401137533874695e-06
1.5550120262093326e-05
-9.5598203535446e-07
0.391852288230426
5.400509227652634e-06
-2.260453869092422e-07
0.13946786521244783
2.8347264364103298e-06
6.408645236540329e-07
-0.00028133344703231274
4.694138063818419e-06
1.2464926732061605e-05
8.212061291279935e-06
-1.1563104410140513e-05
0.0001949315393634018
-6.026082313455875e-07
3.314303776096086e-06
4.506154103914044e-06
0.39174458874050266
6.932647579537672e-06
3.0787115958176634e-06
0.13902170237193412
-3.841756008810306e-05
1.957550716222412e-06
-0.0001297192307053206
-7.560453181273217e-05
-7.961762020054875e-06
8.393675801344982e-06
8.102740170461677e-08
0.00014014940744087686
2.4683817654131835e-05
1.799183781854731e-05
0.014999971529169454
-7.214734258751048e-06
8.67664724380502e-06
0.00042260748722081304
9.478809033235272e-05
4.1074433031096603e-05
0.0005020948611532568
-5.384739060238921e-05
-6.780030459815323e-05
-3.120220752987908e-05
-1.5487244991023165e-05
-0.00015819722577091613
1.509984153476347e-05
0.015601878775769965
8.242977686141076e-06
8.46492384611075e-05
0.0014072672631405287
-4.138746080204725e-05
3.302979027577816e-05
3.351730568057772e-06
-2.7896756636852096e-05
-0.0004305148905504455
1.1767481462907768e-05
-1.2153666771784431e-05
-2.5719307151042787e-06
0.015212055502865645
0.0001313433142346852
-1.7824668287747505e-05
-0.0001653285141633249
0.0001050185626892293
2.1758931821977588e-05
-4.06911913203691e-05
5.410805177183586e-06
8.146728229478837e-05
-3.295170425521685e-05
-1.782553249844667e-06
0.23034060640870374
-0.0015609275932000738
0.0001602946931473272
-0.055478321565385055
0.00015943958132064195
-0.16332091599870874
0.0004713401076189983
-5.08769290416527e-05
0.0175998394772688
-3.4040629207838155e-05
0.14081817481162912
0.0005600669508843827
-0.00023263564289379094
0.00042067994535479876
0.0004962627013980945
-0.10823334094815434
-0.000176059759437581
5.761962005956781e-05
-0.0001440356274911829
0.24557394267361599
0.0004194067151497102
-0.000147783570155875
-5.287007738633752e-05
-0.00016909517264304533
-0.1717451258177324
-0.00011754436240560491
3.9264689336150806e-05
0.166515728168517
-9.688578779080037e-05
0.01702841985812295
7.640077216152615e-05
-0.00010742543168584086
-0.12441234650332013
6.366451634882267e-05
0.2421346745281811
-5.139825258426301e-05
-0.00013592510305251177
3.8719373454037504e-05
1.9836350754944517e-05
-0.1703979849914628
0.029098086090728524
-0.00014915080371293084
1.7464127608417642e-05
-0.00517938981594507
1.184585525748906e-05
0.020937880345766685
5.257762217787901e-05
-2.0219228856083346e-05
4.670216896262536e-05
0.03016722880902943
2.8454674961760185e-05
-1.0081966131622113e-05
0.02343655195117735
-1.612919270199929e-05
0.030119400630330244
0.05326463892094849
0.28432778537402614
-0.0001517706489794874
-3.4182912130024417e-06
-4.2954122353508844e-05
0.00019351705005513802
-2.6786894331321477e-05
7.131297597586287e-05
0.004029575875246752
0.00014460884858898178
1.215661466112633e-05
0.0018961615759786922
6.507061831795022e-05
-0.0009137874894313116
-4.331033999256491e-05
4.097983374848401e-06
-0.0006034854369385889
-8.516786706105277e-06
0.478244860778191
4.449102922847269e-06
-2.024992859696752e-06
8.572940003116133e-06
-0.0002742081904530577
7.314813255852795e-06
-6.050873026909816e-05
-0.0014442652239395222
-0.00012628566024007666
3.526173316060033e-06
0.0011854330733409816
-1.1696541837678567e-05
0.0010000373432914108
3.466746433638532e-05
3.4932384613712525e-05
0.0009860972170849173
7.049395593123839e-05
0.39175206142062263
-4.1018823490560735e-06
-6.403420221613225e-06
0.13910032870188405
-6.579004945801499e-06
-1.4907754124480888e-05
-0.00016469333647196202
3.2767303565587144e-05
-1.3272223213248787e-05
-0.0001296149082817293
2.407172862371755e-07
0.00011191396265175441
-1.3392341851684114e-06
1.5106217466995728e-05
2.2477353714970605e-05
4.00132358565594e-07
0.3917123156916311
-1.6440020155525176e-05
-6.045948280247456e-06
0.13888147688374544
-2.8380608472128754e-05
1.1124581172935867e-05
-0.0005569460596922896
3.7392984991385577e-06
1.4031316562718582e-05
-2.327790061313883e-05
-7.452588369025087e-06
0.00017707403510525528
-8.128956651371269e-07
3.0262152066052063e-07
1.8057900512979848e-05
0.39193518823141194
-1.528771355519274e-05
-2.7851914054633227e-05
0.13986150538991798
7.211664877834417e-05
2.336637742600339e-06
-9.067578613861758e-05
0.00013136580857749366
-7.468458829210496e-07
-2.368055333021325e-05
-2.3650040000739426e-07
7.954418568007572e-05
-4.240148980669421e-05
1.0974368714661447e-05
0.015189919905231698
2.0302297134219752e-05
2.0581795914222174e-07
0.0005499018417566225
-0.0001391036358863556
-0.00017459477178716508
0.0011750095869373857
-8.285620784265148e-06
-0.00011017368625648503
4.3514221898884105e-05
5.5660589709735985e-05
-0.0003821349824085089
2.5048189428159337e-06
0.015741378931054456
-5.8813061503806545e-06
-6.250367099806568e-05
0.0040103154636396115
-3.722984231179962e-05
-4.404161201583562e-05
-8.941861320075465e-05
1.711176738167839e-05
-0.0011858479338211722
1.24619604105483e-05
1.5706004462258445e-05
3.4945631932991244e-05
0.015304205289315274
-0.0003154939811776461
-1.1520042779174505e-06
-9.588443532627613e-05
-0.0005828372736656013
1.741972073079333e-05
9.850640475281211e-05
6.036289920982322e-07
3.191629116967587e-05
0.00018173996285057002
-8.142505532539257e-07
0.22953013382427118
0.00023520028096469
0.00021308518406270332
-0.06506722777474883
-0.0004772316063601789
-0.16210886753927128
-6.891629989620581e-05
-4.090631650335463e-05
0.01922258677530855
9.862561769250779e-05
0.16690873276033752
0.0008423790633637746
-0.0005216523516325781
0.00047884798051258716
-6.832720187707145e-05
-0.1250202733291687
-0.0002616093413876421
0.0001452003347533488
-0.0001456940970171478
0.2404395965294895
-2.761045300431591e-05
-0.00046203750181660454
-4.5313665012610976e-05
-0.00020598603598497142
-0.16939649125133524
-1.2781013845248693e-05
0.00013727859516715445
0.17578930132763607
-0.00014453856083681524
0.019504763739394942
0.0001423373638139999
5.5021326224604846e-06
-0.1302460415374332
3.7139504219375994e-05
0.23149669812205237
0.0001143231589409702
-0.00011556196392024218
0.00013776745230434254
4.1392152072446676e-05
-0.16438874977686063
0.02878688665375781
1.9730643003953484e-05
5.329843743733239e-06
-0.005451830828154688
-1.7481417386715648e-05
0.02357272385427156
6.135594192716676e-05
-3.905977066184011e-05
3.3076102867869394e-05
0.029966702315311296
7.229404190494613e-06
-4.087070826289467e-05
0.02436255808336943
-1.0683515112172337e-05
0.029299175249049767
0.05285119707054341
0.28489509222878684
-0.00024399208531734065
6.049286091318578e-06
3.641152362773026e-05
7.591551300584724e-05
6.8605016564979434e-06
-1.1365773559563143e-05
0.0026856379908961146
3.9784806017504555e-05
1.893283217445537e-05
-0.0006942470771210949
-8.02412800324626e-05
-0.0005849063046836523
-5.277681519167268e-06
-7.634995926735543e-06
-3.2236736189783106e-05
2.4700635551372646e-05
0.47803247288516015
1.1177703133566956e-05
5.614138980585831e-07
-8.065645286807913e-06
-0.0002768960000666385
1.2162817420386383e-05
2.4832865045992956e-05
-0.002400281910656827
9.891829674765323e-05
-1.298864024034669e-05
-0.0012331441542755583
4.255657671583318e-05
0.0005456501361694036
1.3686673548695419e-05
2.0373688107144577e-05
-0.00032067852038653185
-4.417919734734974e-05
0.391757273815301
-3.397673120207858e-06
5.968734983685374e-07
0.139313193132531
-1.1966317793082857e-05
-2.893488177277299e-07
-0.0002024646935617272
-3.252985160342992e-05
1.7378546357384866e-05
-2.9633454660555616e-05
-5.462945197243046e-06
0.0001708591210303389
5.838081135230188e-06
-1.246635554938615e-05
1.2265669461478581e-05
7.890671317666096e-07
0.39184792527357337
-1.5744478257037241e-06
-1.2833845758594226e-05
0.13944634597779684
4.019382949779895e-06
-4.79554310708021e-06
-0.0002474794150993743
-4.8452112428209694e-06
-2.5494375375198132e-05
3.9824820729768456e-07
1.1583861558035103e-05
0.0001802717236986798
6.065193773749594e-07
8.556893883922103e-08
-2.441039171703695e-06
0.39174227657468663
-1.5077240776082076e-07
3.6793430823219804e-06
0.1390157816442283
-4.9029502562177015e-05
-2.495733086434467e-06
-0.00012012666772830209
-9.862664303241578e-05
7.171418184923901e-06
1.4414844571633994e-05
4.691932549327038e-08
0.00013028702577809118
3.444090358250019e-05
-1.6318993887824365e-05
0.014981361506021116
-1.9471483242382957e-06
-4.927685800754313e-06
0.0005470026871354438
3.833265847614507e-06
0.00010938768389922045
0.00038780329824576894
4.5264436527096296e-05
-0.00011120391039871959
-1.0746179431783176e-06
-3.9516506687741344e-05
-0.00012038139983605737
-1.2647802712837224e-05
0.015610827567254739
-6.980555049947919e-06
-4.4204409262339674e-05
0.0012461748891690262
4.3888994350867105e-05
6.213353366978731e-05
0.0001621141816560886
1.569623943994357e-05
-0.00038093110941295845
-1.2387374443249226e-05
-1.813719832833852e-05
-5.334955826504689e-05
0.015213101458099437
0.0001540285738536422
1.6400747505485176e-05
-0.00015474617089886883
0.00020203355198909165
-3.09168171756677e-05
-4.794157503411742e-05
-4.852451713819992e-06
7.24677452714302e-05
-6.29728232908147e-05
5.0022690200888125e-06
0.2296702782951346
0.001581150011857751
-0.00018555215552709607
-0.055523632329899195
5.5604610369969646e-05
-0.16290625479844234
-0.00046852624555662764
6.434060602165263e-05
0.017584376968548573
-2.2729110329372244e-05
0.14137106972949057
-0.0009425376121275887
8.562873718292503e-05
-0.0011519750290156076
-0.0005020346778669992
-0.10856590918543887
0.00029741929818816323
-8.811334894031295e-06
0.0003505185626703021
0.2455593066769277
-0.0008565652537648377
0.0002321478061062997
5.425220221974292e-05
0.000274054437868928
-0.17174744119491964
0.00025052775198245933
-4.707039075556314e-05
0.1674202043957242
0.00040400374667223495
0.017062659771510363
-2.3313222109966567e-05
0.00027155793019539674
-0.12496542909530925
-0.00016142856192123673
0.24224110773211854
-2.4503647566152304e-06
0.0003548922934839721
-4.763517868026072e-05
-0.00011210217174112091
-0.17045007859707023
0.0290335444224723
0.00014727576544284912
-1.9160217212148495e-05
-0.005179826610494841
1.0801746923605459e-06
0.0209869080721569
-8.532087966366835e-05
9.689481807182763e-07
-0.00010769536167792173
0.03016867296821788
-7.889747577421636e-05
5.727644892273878e-06
0.023520033181138943
4.5538443181999816e-05
0.030124393345264216
1.051094852027218
0.022523919691796
-0.0002583342088723755
-2.208906038208329e-05
-6.368449932924928e-05
0.00033205379545140897
2.3057720498331312e-05
6.760806908078362e-05
-0.005200454096812074
0.00023573688491859468
-1.911082690512087e-05
-0.0018034935595872602
4.208235732491203e-06
0.0013436574127082721
-8.457027290603846e-05
8.156037377208602e-06
0.0005998457341408372
3.7421635254762045e-06
0.013586965498124805
0.0005876954762774863
4.697462862301054e-05
0.00013655731654255555
-0.00018438456781102075
-1.1406522175414638e-05
-2.9169527878969616e-05
0.006132798034931292
-0.00020018777386111657
2.681093065120229e-05
0.0005151508912097735
-1.5573035578673906e-05
-0.0018807896928081987
7.586167245297355e-05
-1.0005693393448116e-05
-0.00040849996525382765
5.277898801648577e-06
0.5558123487189783
-8.312725613071576e-06
-1.1390902765201412e-06
0.10042097970751562
1.4922386012410455e-05
2.1748150844842165e-06
0.0013319471357240067
0.00013456117964714452
0.00035030998313764344
0.0005393689232208905
-4.090871971385287e-05
-0.0005808855674512808
-5.474508237146765e-05
-0.00015751673250607626
-0.0002088879809266877
1.5380289551365007e-05
0.5562934864441594
3.4360014741686018e-06
1.4677692323724546e-05
0.09952579507750058
-6.4897792033785e-06
8.320780256221856e-05
0.0030192464011543152
-1.1850693239980228e-05
3.0374986169271177e-05
0.0001873974500318705
-2.462135113066943e-05
-0.0012254160381011546
4.278637777119218e-06
-1.7631652789958717e-05
-9.254494981015803e-05
0.5561811987650842
1.8689943018686405e-06
-6.44162977511215e-06
0.09996083590058069
-0.00026166263428291337
-8.457146154361067e-06
0.0017531422327735407
-0.0004023850985351152
7.924540261634985e-05
0.00010631482866444808
3.2409795510690772e-06
-0.0007441509684093544
0.00016561846695157162
-3.782936755045147e-05
0.005703296363483464
-5.784618659097019e-06
-3.9397347768566585e-07
-0.0006161524573885524
-5.8914261923879265e-05
-0.0001244859108549384
-0.00035669608938321967
2.3109019175734563e-05
0.00018913555157480587
2.2489812434884102e-05
4.686920357375291e-05
0.0001419417970466058
-8.775246661207779e-06
0.005886517775727959
7.654225049991633e-07
-6.479195537883474e-05
-0.00174159420223446
6.743598644740592e-06
-8.78532330065282e-07
-4.663760881556694e-05
2.421615949928001e-05
0.0006668596024529998
-2.5093357145298225e-06
4.3901592292755243e-07
1.3779841238310086e-05
0.0057622956148578
0.0001173679421846161
4.40893770446959e-06
-0.0009025795787373854
0.000167978493807527
-1.3377224943888233e-05
-4.386285638313056e-05
-1.7725613830008603e-06
0.000341989396381274
-6.439273785091726e-05
4.852034548984208e-06
0.25074319527103534
-0.000984224990602166
-0.0014959488688899897
-0.10845775341654207
-5.291294485511511e-06
-0.20212354767398227
0.0003668554400273193
0.0005767737430657836
0.03929645475156411
3.021431415558019e-06
0.1151116657028413
0.00031868663724417506
0.00017835737983868175
-0.0012615285083554981
0.00036463746957898487
-0.1037666961788287
-0.00011906134400967416
-5.315916125895038e-05
0.0004834813800134603
0.1548805136324175
-0.0019507496666272277
-0.000704693991004892
0.0005755967923158128
-0.0001215674798147263
-0.12950411694600894
0.0007623250052305091
0.0002712650832578636
0.14564040167547987
0.0009256480433841979
0.03913347956279618
-5.1304070672808245e-05
0.0007626383314948398
-0.12625512058553498
-0.0003354147329534654
0.196655454605209
1.980322184530199e-06
0.0004928043502315208
0.0002755356164321458
-0.00033927343114619455
-0.16180918691388624
0.04092287138924708
-0.0001352198188661538
-0.00022119679133986506
-0.013830033014432124
-6.173010302407477e-07
0.023501094793992112
4.500092229465777e-05
1.4092069018140087e-05
-0.00018834838131082118
0.02710891443545463
-0.0002966575506905785
-0.00010580436924278685
0.027578092195026636
0.00012268076898063382
0.03336108117796296
0.05322214503810194
0.28442704621273657
0.0003974890329583907
0.00030724882529297457
-0.0004207260354327059
-0.0009368128246020635
-0.0004221237032706326
0.000622486156850979
0.0012807837738265785
0.0009472635548901284
-0.0003799324681063371
-0.0015162222694831134
0.0007982949791187478
-0.0002997681286524228
-0.00023969870707689597
8.732897283686832e-05
0.00015538061728430263
-0.0003280832672185717
0.4782658702740881
-0.00012130100346256084
-7.76904959144485e-05
9.463818130990887e-05
0.0009602948263391398
0.0004995794221649652
-0.0007462134453339551
0.0004189140512701695
-0.0006905413070168784
0.0002545012316303181
0.0008136102340370117
0.00020999658402141958
0.0004924284671637732
0.00016232654906729366
-6.731127898974596e-05
-0.00040000006982522407
0.000534477488562358
0.3917561163403115
-1.0998031773542089e-06
2.765101432311542e-06
0.139064568444491
1.6992020066512995e-05
1.0239450362833001e-05
0.0011438134840432168
3.8067619358605296e-05
-8.592198674270592e-05
-4.501689617130317e-05
-3.90386037973536e-05
-0.00044921412822546613
-7.462419688231026e-05
0.00012402172248082016
2.63393778993288e-05
2.28781514628613e-05
0.39192323813189545
-0.00014315671952762625
1.8845032087849345e-05
0.13961130406023647
-0.00032172401852125003
-0.0003202724724785186
4.426020846804171e-05
-3.7200193531860256e-06
0.00011042287795531172
-0.0008308809184026048
0.00015042485003959445
-5.2030988092416964e-05
1.5840291257994906e-05
-8.48776534364992e-05
0.00040121019674299417
0.3918063019281973
8.64018188124122e-06
-0.0003144137077355681
0.1393694249139474
0.00042493061309426103
-6.50558336313383e-06
4.7706697347510405e-05
6.0392775714194864e-05
0.0005164331369010046
-0.00020331294544539502
1.6708711314956257e-05
-7.487305201604121e-05
-9.676323726456e-05
-0.0002636937162613378
0.015488784187821705
-6.472978232868402e-05
-1.867375879172876e-05
-0.004359202993181396
0.0004725272170945917
-0.0003596083644611944
0.00019304008047847255
2.6231409899896953e-05
0.001995685699313493
-0.00016905596388037947
0.0001524426287960208
-8.370969081542486e-05
-1.3281375831804121e-05
0.015774577808622882
0.00038895696757051083
0.0009770203139653835
-0.0003113816979059135
-0.00025457338824615063
8.235017740900883e-06
0.0026017788208437254
-0.0004458721086479939
2.334472879681729e-05
5.57776133701269e-05
2.056144814910192e-05
-0.0012288809043200155
0.01535701539785984
-0.0014417651290372095
-0.00024626183161333457
0.0001572189228898663
-0.0003343051795729232
-0.0015315280341852448
0.0006433871528391567
5.245456554148732e-05
-9.437591171199703e-05
-3.4568712834840036e-05
0.0006907828258534499
0.1532129549068865
0.004384146541221922
9.596701827051642e-07
0.019326482976763634
-0.002002062926137807
-0.11674327335690099
-0.0013044789220632918
-6.852775516453411e-06
-0.005886054497289586
0.0007984800199606766
0.24028716581798876
0.0028988897959477547
0.0009227258469725946
-0.0002619643926243941
-0.0012820624370805211
-0.1693453276281128
-0.0005709206419611863
-0.0002643192264199984
6.037179567056078e-05
0.2444209804883737
0.0004699169795163682
0.00321254806296063
-3.5159525222484645e-05
-0.0005511011890485726
-0.1711400603481011
-0.00011777870614311619
-0.001003509250970517
0.23627912691385608
-0.0042701647267621
-0.00548233546224924
-0.0002614785895189366
-0.00011145815747298665
-0.1676197812098173
0.001253738542510327
0.14401139611753272
0.0008154892468527483
6.924801452693963e-05
-0.0009779523873634285
0.001259357583976506
-0.11080648589995686
0.02248231413420487
0.00038245066845047347
1.5704603004184424e-05
0.001543792527887132
-0.00033675011247518224
0.03001244060759263
6.117098681566474e-05
7.170320650100792e-05
-4.477228885666013e-06
0.030132825611386437
2.6179212965547494e-05
0.0002833423817178824
0.029862719503957663
-0.0003416508821700555
0.021542976557117847
1.050229810192847
0.024627262182176608
0.0010653382567546994
0.0001983244543873399
0.0002930438565517718
-0.00080125334501543
-0.00016478127230817516
-0.0002307074300214202
0.0035865567267813984
0.0017596400315859815
-0.0001988342492383978
0.0019748033674453816
0.0008040678704773089
-0.001131134303442694
-0.0006794888103446412
6.942522679005133e-05
-0.0002985368272178211
-0.00033772659220075046
0.012973014043002419
-0.0015183627374243725
-0.0003089886405709174
-0.0004429311431164955
0.0006121325416826779
0.00012159066489539455
0.00016572321390859602
-0.0032776707691384377
-0.0018495888000454991
0.00022598627365976565
-0.0029432251971581325
-0.0006875168837575637
0.001275789385711179
0.0007537643817774817
-7.423856454442641e-05
0.0006682728443040847
0.0003141727480292664
0.5560815219170404
-7.078078531723319e-06
1.180614317216713e-05
0.10062202035687334
1.3045910685630877e-05
-6.361712052216295e-06
-0.005137471277800383
0.000947208830994665
-0.00013530911508290028
0.00024259479574541357
-6.053574028125469e-05
0.0024915815599229406
-0.0004237196915843521
8.560643993415712e-05
-0.00010252305626615743
4.2797631255155926e-05
0.5562434602263875
-4.265345914001453e-05
1.2971246631345966e-05
0.10032679885869793
5.4189799402642713e-05
0.001433714643169908
0.0002925359757779062
6.067679739666858e-05
-0.0004507235018480168
-0.0018384013840999384
-0.0006678097111651315
-9.840511371092604e-05
5.129341341630269e-07
0.00024208810815080892
0.0008646996494215298
0.5558559989408761
-6.359168263918191e-06
5.434278063795693e-05
0.10096746727460308
0.0007199501169023494
1.666514080767791e-05
-0.00014882250256089422
-0.00010128739953290273
-0.0007488309730952256
-0.00033830951434135907
1.979158394655846e-05
9.958800134524046e-05
7.701649593972482e-05
0.0003673764922498503
0.005751546224598704
-1.6906528113989738e-05
1.6407483232138744e-06
0.0023229073837026945
-0.0003927112313841825
2.1560804562462708e-05
-0.00013941225245134563
5.987726655497742e-06
-0.0011916793290081829
0.00018987535391599836
-4.572141034557322e-06
5.720898658701722e-05
-9.778652572895972e-06
0.00585552971849535
-2.50646961817982e-05
-0.000664881591891325
-0.00014578945029831855
-7.546018257265959e-05
0.00010856772301632188
0.0008789893884784862
0.0003205347770722325
8.499706547103456e-05
1.9021916313144996e-05
-6.837421693063698e-05
-0.00042453723246363765
0.005709253298600895
-0.000344708078104962
-5.9561185807903725e-05
4.2618733796835053e-05
-2.7830147792272445e-05
0.00035340906082515443
0.0001685642529074875
1.1726497424368027e-05
-2.6014128755193748e-06
-2.9343069039575916e-05
-0.00018468815988943477
0.11121059560226963
-0.003747620621626105
0.0009889410800443322
0.015868527224280178
0.0020620071510955513
-0.10048850305130054
0.0018215899130803004
-0.00035504288223791057
-0.005597465208523225
-0.0009046518816819492
0.20706710867292952
0.0006716341057925229
-0.0008129818442335888
0.002005387776341976
0.0018358678537027558
-0.1699735989448496
-0.0002696520565426912
0.00028493199655595287
-0.0007797095321463369
0.20173245207233897
0.0033016254647479986
-0.0035038789940140726
-0.0003536040216912657
-0.00026937472037756084
-0.16566835532535581
-0.0012504515852122151
0.0012993157757977178
0.26929575855050303
0.007308543677135189
-0.00564856954262259
0.00029993482706862373
-0.0012457495942036967
-0.21628710640110366
-0.0025983444848116143
0.10218932650054528
-0.000899580693562908
-0.0007758583490690722
0.0012653281252724491
-0.0026093739804225282
-0.09349413842886016
0.022830582014072492
-0.0008984338968888483
0.0001187129033525123
0.0018707483937562496
0.00039989957286115955
0.03497743287260606
0.0001039382616389424
-0.00010539444428334538
0.0003010945326775556
0.03408915348238063
0.00047132731795422936
-0.0004518044001873069
0.043576282799461186
0.0008985714674842862
0.021489869042942367
0.5196386947687432
-0.032272263182049066
-0.006620931171527845
0.023260926305569446
0.018781021600953483
-0.00034989503186649915
-0.0009177144304989337
-0.0008271566003964872
-0.02289727340228678
-0.005106385511199473
0.004983299538889987
-0.046549287700811307
0.026694696817953445
0.033501446319079
0.03806386401244688
-0.014743270022872955
0.16793809171703106
-0.07772835897681205
0.0008803693395088571
-0.0008986330166416059
-0.001488756164970911
-0.0015791891437962795
3.1615715228062094e-05
6.21048014632042e-05
5.553909143011475e-05
0.001775831629468181
0.0009026119423864015
-0.00039561682635547336
0.0055911494362032126
-0.0026190417414323638
-0.002636177175269898
-0.0010466052802461986
0.0006326574507120126
-0.00837367177873851
0.002197137355191297
0.8236106931375018
0.027047023661194734
-0.017765139080757407
-0.03526017580774904
-0.0008131038604882525
0.00046688991198819466
0.006020737533828828
0.010580519455947363
-0.007280622727941999
-0.0011429631809514616
0.00393053826872653
0.0958400844313745
-0.02201057304437983
0.026224980343555887
0.001031382532653214
-0.005407822126558253
0.8490750593350547
-0.08841386476190265
-0.000796782325221055
-0.03740684288566097
0.0019443297636144664
0.027373684792726456
-0.007252336813977117
0.004427450851721854
-0.01802027176492868
-0.048403635277710105
-0.07864529617192348
0.023710218832936503
-0.015100825734373567
0.052628493616709585
0.05624932272677502
0.6679809376609107
0.00046497184566133984
0.0019528511468351693
-0.027383488265259583
0.011951739752477514
0.004670849317331548
-0.005059228671325874
-0.015792293339845706
-0.01916796410841476
-0.039074301630202125
-0.02224638530142052
0.009804445142429275
0.03687097792018072
0.06466408179468523
0.0004745310520957398
2.674816402545829e-05
-1.5031028228762849e-05
0.0004533869881285745
8.450240932128666e-05
0.0006029231432308376
6.568015420129757e-05
-0.00023344530178788476
-0.0011847003238238233
0.00040628171760753067
-0.0005767790879713621
-6.832685306477233e-05
0.0003008756892742654
0.0005276394853059559
-5.917477488199488e-05
-0.0014246227706472396
0.0003541589328480468
-0.0002479140404336126
0.0011807967594427387
0.0020624121569199367
0.001601381034570712
-0.0005378695515650863
0.0003828125466100122
-0.0012266744512973086
-0.0021123125129912804
0.0003500191208728746
-0.0007071535590991072
-0.0002610413349659047
0.0002269234680698449
0.00027291306386161674
0.0014750078900868783
0.0008491252664491277
0.0004616511578531793
-0.0002821054767375725
-0.000842267602511988
-0.001211025673069931
1.0058350692179676
0.006412959805197039
-0.005355724146352289
-0.03905303059481695
0.01555490160698442
-0.7465882205539812
-0.018476116207730625
0.014387825431909838
0.11434186358975407
-0.041684517088961245
0.8624739554101206
0.00341557030778142
0.0004056248376364786
-0.004154829966493485
-0.023188109148890516
0.11752775217348865
0.002633508349343154
-0.0011401420872481308
0.008120082479658446
0.8525841316644334
0.000963802382523787
0.0030281584665128552
0.015040727442179408
0.00185382762564374
0.15412039801513022
-0.001653460919954688
-0.010565651575489405
0.8708477864761273
-0.013594254032858773
0.10158617153008244
-0.0025511832798683657
-0.0011798854405955933
0.1279951465183728
0.040756857264534097
0.9796283701081718
-0.039491541444424405
0.007821441684304705
-0.011940119590737867
0.040634179042603455
-0.6371601393960895
0.7152635337408934
-0.030492236978516905
-0.012545954873264471
-0.13463704933428614
0.03994307732534127
0.32390164185672576
-0.042084862930113445
0.01119895205653945
0.004005414396926807
0.3249598856856863
0.0074147429228970906
0.033618361034269156
0.24812697289449792
-0.03642696818492565
0.8299507059013117
1.0499689191891046
0.02522431359523186
0.00020724847133444737
-0.00019398382052189522
0.00026977683044576006
-0.00014404141553041062
0.00015699016568144168
-0.00021037399868404128
0.005577656294929866
-0.0014816531528643413
-0.00023929207196344367
0.0013011876856434353
-0.0017734583112260043
-0.002072091861878352
0.0005575744410737776
9.654308964231876e-05
-4.5351536668096e-05
0.0009623620629603657
0.012749479212741058
-0.00027261796526842266
0.00029677365023847294
-0.00041129730014216885
0.0001184840809972635
-0.00011958719803937047
0.0001426676254470948
-0.005088132857338474
0.0016062298491572669
0.00025211239595123683
-0.0021818690060309356
0.001668001063142481
0.002205102350060996
-0.0006310364439724419
-0.00010457990256035389
0.00039031639220421597
-0.0008879314239680474
0.5560262929556936
4.8435106664970896e-06
8.596970456954338e-06
0.10088307969770899
-3.329762691077593e-06
-4.405962234886799e-06
-0.0008391072924215685
-0.000736889429045272
-0.0002333582063557693
0.00014613684449153215
4.590175538451115e-05
0.0004560001631665414
0.000341289619942698
0.00013748959856724067
-5.377276801476684e-05
-3.6369044665652054e-05
0.5562966643659113
0.000277810442205842
-3.2393840160683847e-06
0.10034667804145986
-0.000246288023939267
-0.0012313908947812198
0.0003336536303945014
-3.5663614516918546e-05
0.0003968330110143358
-0.0016923474098907345
0.0005789482312835149
-0.00013959736066738386
-1.0502339697509317e-05
-0.0002207304030030134
0.000785014947936188
0.5558690972631094
-4.387052966550358e-06
-0.00024597999351485796
0.10103428865501136
0.0005557534348955501
-1.866060284964738e-05
-0.0002030048996472487
-0.0004362362597027958
0.0005787637461514624
-0.00026958459746227997
-1.766535143600669e-05
5.9296640553387014e-05
0.00016704578395500226
-0.0002881340351429039
0.0057046964257203925
1.0632387627089334e-05
3.840025530731157e-06
0.0003280800586973036
0.0002834896284559014
4.8552994260351e-05
-8.706618258802754e-05
9.65710554001107e-07
-0.00020392178400593434
-0.0001398059663805554
-2.6803251760884856e-05
3.509401854823485e-05
6.932468579776885e-06
0.005879056177608373
0.00011166736312214195
0.0005613569347141716
-0.0001483225152553527
6.18649534473897e-05
-8.10658247321497e-05
0.0008279808560621193
-0.0002681988556626384
5.984077782910196e-05
-1.3365862419772183e-05
5.696511675378941e-05
-0.0003957942313094219
0.005719399654286328
-0.0002599727240946849
5.8015484316958906e-05
0.00015822325825764306
0.0002314888629910466
-0.0002671952923240367
0.0001309685186116524
-1.1752533534277272e-05
-5.978371114577529e-05
-0.00011050423664774578
0.000140064049835722
0.10826850913287794
0.0020008872395045753
0.0019732337461070924
0.013099243710221488
-0.004093440790527522
-0.09768298885537968
-0.001100678053092006
-0.0007598150495896828
-0.004541124837755499
0.002002233595680843
0.2079980273047186
-0.03269800853199666
0.0005777220797637502
-0.0011518218892677976
-0.0011080441669933353
-0.17066924354535146
0.012329836144639509
-0.00019203446584636192
0.00043292338337851805
0.20936298560585143
6.150061179154077e-05
0.0031202479939845427
-0.0007610277913683186
0.012309764134762199
-0.17138985456564218
-2.5990496631645978e-05
-0.0011202071407082877
0.26748689102222345
-0.0032325078112828884
-0.004616823006784038
-0.00020103492233963815
-2.597965523796289e-05
-0.21507934900142267
0.001036118845227588
0.10399789053228453
0.0019970171735817525
0.0004263893590821223
-0.0010951911478716098
0.0010586419562359094
-0.09512160830196023
0.022154574620396487
0.0005934244302140207
0.00028864064651999406
0.0014781559708217098
-0.000983771460736718
0.03510148424204569
-0.004622680770639766
6.417184651321233e-05
-0.00015648855074045388
0.03515369872397493
1.0102081481988809e-05
0.00037046746970722437
0.04338451337442796
-0.00030533950505483526
0.021865006238356736
1.0514362212341068
0.021825654222608563
-0.0018258813095799547
0.00012668887653606402
-0.0006446818768855887
0.0015479770331782317
-0.00012375260223304704
0.000581224349056141
-0.001204951703733454
7.719195804465487e-05
0.0012362971293879573
0.0027165318681879936
0.00022440086420489765
-0.00035414171399211227
-4.62738688584118e-05
-0.0005620099302547003
-0.0014673075802571233
-0.00012886160679455202
0.014031116465253998
0.002928300212032138
-0.0002273738406646332
0.001020969053558501
-0.0010565864446650639
5.895144628378461e-05
-0.0004483835587401351
0.0027483530022113043
-9.516784930481679e-05
-0.0010111979206181957
-0.00246324505641633
-9.533522535047355e-05
-0.00023978570068481663
7.70730350694418e-05
0.0005137231688130551
0.001194448186528193
8.008877289058998e-05
0.5556073858186028
1.514005969759029e-05
-8.16888455469433e-06
0.10085574725679171
-1.680849563834242e-05
5.417874546959021e-05
0.003296947815343135
-0.0002566491996516899
6.0569622882505566e-05
0.005306600431307986
0.0002990159270848758
-0.001427293958735061
0.00016176336158155104
-0.00011523499000917856
-0.0025103481899154956
-0.00010629810908129519
0.5558488772269996
-6.100527887865287e-05
-1.8281650435086267e-05
0.10032773272270085
6.437556977789786e-05
0.0006956086636976014
0.012921718400040472
0.00021333235715114966
0.00023291074419095752
0.0005960894520868118
-0.0002765703594429298
-0.005960753369270258
-7.748098021260296e-05
-6.715877776316413e-05
-0.0002590579067377211
0.5565854525459037
5.495325332377771e-05
6.499213293543687e-05
0.09911653408105009
-0.0019794357735657383
0.00019461666468259916
-0.0019834774943574655
-0.0029989168295429247
-0.0008098880419548605
0.0008890310934486954
-7.287649685497387e-05
0.0007233322903287363
0.0014359127998686337
0.00039600013334930445
0.00563781507621138
2.8144614563814717e-07
-1.747980634377e-05
-0.0017344159456690214
0.00012248778659809355
-1.1813265656726323e-05
-0.0023831183154655244
-0.0001819044219463948
0.000621837766825447
-6.937616333895135e-05
1.0472871658523895e-05
0.0012267296703212369
6.82141719286358e-05
0.005753796329926176
-2.495126600877435e-05
-0.00035766475109054967
-0.006123512819267114
-0.00012459404441569487
-0.00011767747710281742
-0.0003812106245074235
0.00012876162804080396
0.0028199384128520886
4.882384072946155e-05
5.2050987326904585e-05
0.0001298776401985079
0.006009638032364093
0.0010428414589880382
-0.00011688424628153999
0.0011128002372958658
0.0015462596596841223
0.00034031101310627067
-0.0004991100275311967
4.7189813502672254e-05
-0.000591961397812692
-0.0007850613476616641
-0.0001595102319039452
0.2305783787233695
0.005368676430089281
-0.004684256833768247
-0.10142560781865656
0.0008365977366956623
-0.18798486000335363
-0.0019996499844829566
0.0016826200718946078
0.036389042613896874
-0.0003743588290278383
0.11602134036231113
0.0009907959578177767
-0.004602852463665699
-0.0012856660436171194
-0.001962997909374669
-0.10384791996544838
-0.00038150677825992524
0.0017999982923733674
0.000653984128950571
0.15910848997385796
0.0018786996832321715
0.0019305317679581633
0.0016535639325648596
-0.0003832968619455696
-0.13373528457192818
-0.0007993653683852129
-0.000741364611771709
0.14426527718704374
0.0002992670609117217
0.03627214721764202
0.0018166977356115124
-0.0008010406779234492
-0.12667326406410312
-0.00024390967167830268
0.1963152386214541
-0.0003777654501875522
0.0006937926482442365
-0.0007444253801294411
-0.0002568381376311201
-0.16179064904573037
0.03849831738116653
0.0007210765414975064
-0.0005746292495686619
-0.012559773518533964
0.0001763148555428441
0.02338488222300702
0.00014833036027794643
-0.0007210027094345753
-0.00034540386346534945
0.028152072226941986
0.00036798079940815974
0.00028588958085942534
0.02806237108681289
0.00016448841680051239
0.03344291435517656
0.5296039889070314
-0.03471322501594552
0.08986596963082819
-0.1323776956575372
-0.028929769767709355
-0.0022171469145676917
0.0036126645404255145
0.0010878675162040892
0.021359828654356712
-0.03887563598826668
0.0004071026005391058
-0.05008844926108626
-0.0027393040759946087
-0.11756315737051261
0.05868183811481563
0.009842743265854482
0.07504527134997373
0.021365815141273913
0.0009538417191705363
-0.0023505387617258518
0.004683436063276482
0.0018991283539155385
9.790941401225794e-05
-0.00019730722123371223
-7.450867503476386e-05
-0.0032569090157487345
0.003304420887259897
0.00013761840669637552
0.003094031426683942
0.0004514992091775535
0.005490971183361247
-0.0020706709305933144
-8.905794391840107e-05
-0.004627600618954951
-0.0006498367648798893
0.7347859827115889
0.19606303657587365
0.00011943117977845935
-0.030949475823556047
-0.002465397199996772
-6.061029933273027e-05
-0.01660102654219466
0.16352509714958852
-0.007298602406154878
-0.08279620483436964
0.002185203068226088
-0.04807479853188951
-0.1324988303856693
0.008764239792303062
0.08992514061194601
0.009131498856904665
0.9003775671844255
0.02135322440304485
-0.0024572265053629935
-0.03953221949717998
-0.0005188644597737193
0.034237043556250166
-0.139914483515379
0.0031693502709412573
0.09629468697363788
-0.0065235901841304185
-0.001630848309949538
0.14702818838420117
0.013208286813900365
-0.12502732299920621
0.01258880590892114
0.7971862406850913
-4.6964237793619505e-05
-0.0005215673955741118
-0.03460647336121346
-0.03661196022154588
0.0037040125482977653
0.00726145802757623
-0.06059818010878986
0.011373599658364078
0.03135583350839444
0.003910300813550529
-0.01201122968297315
0.0835876059550919
-0.05534993064936196
0.00040991430720655793
4.736225019803206e-05
1.994276941841405e-06
0.0008878366774023582
-0.004922597114083581
-0.000127124171127212
0.002153781571567558
2.0788416298765362e-05
0.0006583321897460555
0.004167059407634812
-0.00027944223722007765
-0.0025081672259765165
-3.913025083194728e-05
0.0005616081773640699
1.6320902941219854e-05
-3.092448421392385e-06
0.004603327930331606
1.2728932209058367e-05
-0.003530830434791428
1.949802611343814e-06
0.00024607231917810133
-0.004286065012316993
-6.781517313072719e-05
0.0033836255459488472
-0.0004283009453419697
0.0004632621119551589
0.001358280354221229
-1.2084402906129536e-05
0.0006793068515912105
0.002459461439325702
-0.0014223852932677347
-0.0014845842375665595
-2.663384987196768e-06
0.0004176263583483456
-0.0029409659175125393
0.0006592051915504508
0.9084592327487134
-0.0025883269540545066
0.0005200343370627883
0.10236843156876349
-0.003360331696072528
-0.09081854008465573
0.028934663305607435
-0.004296357584148352
-0.3915333904583155
0.017975770273753654
1.0378983663427275
0.0014644587627610363
0.013750647273557636
0.0018342135157207577
0.025350004484018224
-0.9068060080433946
0.0027205628840422207
-0.016935790882289657
-0.010246188580547547
0.8780520403991119
0.003226254806042557
-0.011419779924160633
-0.005892893504999968
0.00023882721548927881
0.10067904787114199
-0.012613159196462578
0.006072525226378249
1.0149076169583102
-0.005672263932055681
-0.3748039294954237
-0.02114293193848536
-0.008328941438549025
-0.7699170733703719
0.028328328878819815
0.8892980798941038
0.015380374331742708
-0.00834657364215189
0.004885320385093681
0.02480361262544381
0.06666090573433286
0.31993292620660185
0.0117733874207452
-0.014839281205587265
0.2423757480956051
0.0006126747630029606
0.5716166325527621
0.0018432093633928759
-0.032667091693635464
-0.007803240113449425
0.30278156914000254
-0.01646973165799111
0.06689326143993782
0.5309425578299445
-0.00012383982934183971
0.3052246823212814
0.515502798656297
-0.03664994760977139
0.0827122115419075
0.0071251566012228845
0.014949983754791922
-0.002462642767536041
-0.0005993684391636985
-0.000551344340466193
0.025946501767685416
0.004166920624613305
-0.003691598813459679
-0.032418526139115125
0.00018734220005116325
-0.13820347846506195
-0.021882587028399916
0.025914331616909973
-0.007111261067015648
0.02100012555103649
0.001012315770080085
-0.003002514884382056
-0.0013956560981098574
-0.0011719768091924573
0.00012550461059797363
5.212707565962099e-05
4.6415273261469146e-05
-0.004107820169774635
-0.00034043956994743126
0.0008684428536039403
0.00034400907254072965
0.00040546487670512106
0.006560620281071022
0.00022315839516527284
-0.0012960167965382252
-0.0028144085074432263
-0.00031171111055255517
0.6889239607889235
-0.03708221146049166
0.03199540810340988
-0.03068286792874214
0.0006459108416404795
-0.0009323500013512177
-0.01147132599948434
-0.022417516373000622
0.01690050255353378
-0.08486265512457042
-0.0004225745484849708
-0.046126061900323305
0.04209743905756631
-0.041773009484102466
0.07092793968649344
0.01418431813539465
0.7796586319842604
0.014464731544542832
0.0006730708706681029
-0.03743482850615081
-0.00028877120899095025
0.007965134964003438
-0.17784506465305633
0.0034188948575965394
0.00017919048448045106
0.019430767354179417
0.030181729081081785
0.14335840723031917
0.024305610899601756
0.01542450679659238
-0.04437548354138712
0.806495157704278
-0.0009535984885760856
-0.00028854146782981266
-0.03600731241381861
0.03518087692434762
-0.0012778366877220122
-0.005882816435024804
0.06498734745544302
-0.009824659526710886
-0.04855994266069437
0.006548880204705907
0.013326623428429371
-0.08288718513501524
0.03956955221568184
0.00041255447675847307
-1.628610235381684e-05
3.1284333757063755e-05
0.001176999431717134
0.0008818054991478987
-0.0003846165010229004
0.0019124522691553922
0.00013005772109869447
0.0006261128863464533
-0.0012366933854493622
0.0010287260396254305
-0.0020983543336568567
-0.000295420198350214
0.0005513098261073484
7.91556947212435e-06
1.3531055212905745e-05
0.00497342773090292
8.32610587462143e-05
0.0001756917723756328
-0.0005934951205010067
-0.00031451347733275957
-0.004350722291096952
-0.00037215014993065754
-0.0005522480122566573
0.0012384676950777987
0.0004908090673465289
-0.0013576713842163054
0.0001169324566327392
0.0012196497489021323
-0.002566653395260874
0.0004461195190584652
0.0016489706304472107
-0.00020609763223593475
-0.0002794474748893608
0.0030579002056103253
-0.0007761316715075374
0.9579764544146352
0.0003725529337431392
-0.005994746595344482
0.07344043560633925
-0.0009822646170736964
-0.20185448600612052
0.01812760472538377
0.015147234409210807
-0.4095339803646576
0.014546510509414579
1.0536172837512168
-0.0017779486119992253
-0.00018593181254804108
-0.000825021566820775
0.020259928144238316
-1.0656716414362577
0.00923099707748196
0.038346985511544834
-0.015586968067122318
0.9208886876299445
-0.010721718325840204
0.0011961662281779356
0.015739029682152048
0.010255069828483305
0.0012735640725704891
0.029765471933793947
-0.0015413825131771585
1.0435779746905163
-0.0037232801875838333
-0.3941449807386159
0.0335792216951335
0.027549476458878456
-0.8835449718444603
0.027337205151417892
0.9359144484542632
0.011738783750430637
-0.01501217508101409
-0.0012295686075654152
0.022630382632141767
-0.04439585702480516
0.27551411711167884
0.02560756939454384
0.01041865278924563
0.2702279544114856
-0.008742336341394475
0.5936431676856351
0.002112660816032349
0.02282405813674296
-0.00187360308328697
0.2433579660647005
-0.04054503649409303
-0.000888481520281995
0.5385257094286108
-0.008749009231256703
0.22421399577249143
0.5328328476834411
-0.03492751486630894
0.08971198301423366
0.13529951858855593
-0.028756866903221046
-0.0020921352619074195
-0.003675667109970169
0.0012182852029929037
0.02733629541980788
0.023434587804027067
0.003276801258971848
-0.03842764092786022
0.001882093112244257
-0.12420508051104631
-0.021186491615460757
-0.01405256088643651
0.062196251248856485
-0.01671987282921783
0.0009630146269249671
-0.002148974988021244
-0.004772690091692731
0.0023173261590361148
9.123623008877855e-05
0.00020311233369416933
-9.017382667687739e-05
-0.003822249989286975
-0.001828953779185451
-0.000536918645299343
0.0020654545246405
-0.0003174556578451318
0.006005807385215835
0.00037252374566611857
0.0007851618024017437
-0.003439538461786174
0.0004322902799988714
0.7373160087307822
-0.14536169939268456
-0.022761699598162096
-0.030969372455281908
0.001336358087269516
0.0005890117479291393
-0.019261799777687494
-0.16597862783102113
-0.006428695209577527
-0.08367652319684066
-0.0045702627725568695
-0.028906859229777995
0.13846278763578762
0.0034481881980140587
0.11521419674550706
-0.005745463840234668
0.8979234161573884
-0.021651971174475378
0.0013427278649237634
-0.039364446387683015
0.00040501916365177817
-0.03504439916101665
-0.14031270234399087
-0.004631256457940908
-0.1013947594286489
-0.004710925370346852
1.820481145636127e-05
0.15007504329279944
-0.0042771662396495855
0.13399776539325323
-0.0039152664456460085
0.8199836888554872
0.000601102939359518
0.0004148474216879599
-0.03580519215676113
-0.03992292277821607
-0.006047631611828851
0.016040394765177855
-0.06314500815911461
-0.008377707262747797
0.035667914982206964
-0.0034798248719434275
-0.048740498616651896
0.08918100300963527
0.048479182644519024
0.00040942918028660596
-1.240224398489403e-05
-1.8656844938769144e-05
0.0011093141027159353
0.0050338241030549605
-0.00022150395635782
0.002404997969852884
5.8496094390485354e-05
0.00027382710487572305
-0.0043724947293530695
-0.00010600059834456128
-0.003034812271643394
7.544960404635566e-06
0.0005586129879716906
-1.148876015475015e-05
3.843926991495104e-05
0.004677041108480954
5.825016841945524e-05
0.00369316176686845
-0.0001994903623204156
-0.0002708320231320306
-0.004440687482903497
-1.2317152019952391e-05
-0.0036120803600226807
-4.4094631852907115e-05
0.00048316804337741263
0.001546744081404755
8.557487000999351e-05
0.00012084342515401435
0.002661452826419608
0.0012882783053280726
-0.001657537091204395
-1.0418855649216984e-05
0.0013054919198273013
-0.0031472218938682827
-0.00045041395987445665
0.909549892974713
0.007360786144265918
0.004171999805696736
0.10897861802332079
0.0008045173152745058
-0.09294207900821588
-0.03757356587794285
-0.011524108446217544
-0.39732020884957264
-0.009330366491827034
1.0363901877074446
-0.0023642068172739683
-0.004882120744447261
0.0003886150872912926
-0.03565010369310761
-0.9017940436333689
0.0010206249478916189
0.00991022654596015
-0.0042594023222728775
0.878763576192585
0.009547981653803952
0.01190376125380733
-0.012614445508643842
0.0038790101888458934
0.09341415483093
-0.03160390496498574
-0.012152655071483151
1.0196942882210953
0.0008337687278678848
-0.3825850920012796
0.01149667249077729
-0.028139945281516705
-0.7768876577742857
-0.01613677113131363
0.8883642023313243
-0.006623104980202035
-0.0035608385993461337
-0.010945972861640719
-0.011444718955683296
0.06652240778802451
0.31961335940481
0.0036090075851272618
0.010133506022287606
0.2584426984866057
0.004362969317294152
0.563426800036064
0.002121313675690839
0.06434149279788497
0.0027292453930051483
0.31755325698963377
0.03359192385319649
-0.05018142869008933
0.5483288109533545
0.0014293332922560994
0.30809505582815067
1.0502698840486433
0.024476138668556857
-0.002730962268722278
-6.353559800955752e-05
-0.00037648581626173645
0.002037866630032818
1.0580104113535787e-06
0.00029880149389483867
0.002108271354172365
-0.002129862116446403
-0.00025260534628604014
0.00242561080734987
0.0021672568737523875
-0.0004792782707681596
0.0007629194460674006
1.056046340869711e-06
-0.0004932546773765963
-0.0011526596066949394
0.013521220949810366
0.004013414489117533
4.373933381659709e-05
0.000565085442462857
-0.0013713171800299356
-1.2742251694502216e-05
-0.00022255526969774112
-0.0008284498278471356
0.002226676931107394
0.00048797085660819085
-0.003616834476195285
-0.002590820613533309
-7.292860097426618e-05
-0.0008355245397918423
-7.16273233609287e-05
0.0009037458544756501
0.0012442052971630608
0.5553935834117495
-7.622938791982124e-05
2.1213115038338185e-05
0.10194043805798488
2.8641342323401487e-05
1.0678878203731837e-05
0.017573737507459997
-0.00041933523588013726
-0.0003194338732871348
-0.0028031318907825917
0.000897259811672655
-0.008588080436185596
0.0001466964873560338
0.00013718942668348565
0.0011305813784739222
-0.0004273394218800197
0.5561727011023804
-0.00026002412119887123
2.8516712560375162e-05
0.10065412370085478
0.00017367591087781974
0.0006918118340573262
-0.0021476833864123796
0.0033461080169856147
-0.0008117084294528474
0.0028403583134699205
-0.0002893691025373752
0.001026283082568875
-0.0013795087167734654
0.0003343596038342905
-0.0012903124761023408
0.5558087303135824
1.1009824530900122e-05
0.00017214974937150113
0.10131496636991674
-0.0014905147530752606
0.0011282919668022416
-0.0016492186991796415
0.0003732327021051345
4.790805947411356e-05
0.0006956564425688266
-0.0005489211109531018
0.0006503175693036782
-0.0001561507912230112
-1.990956065689588e-05
0.005669950920394089
-1.572586689225095e-05
-1.7140388684828977e-06
-0.007173015182094209
0.0003602952304659837
0.00015716465499293725
0.001603733884730377
-0.00031045398557489804
0.003640360421517482
-0.0001346508602573162
-0.00010018482373625854
-0.0006442806048023108
0.00016615233005127465
0.005854939547189056
-9.951819258180537e-05
-0.000419573098550024
0.000817344763982532
-0.0017091372173893438
0.00046620854120671493
-0.001416512051559243
0.0001617473089545975
-0.0005418519311664482
0.0007095245769755463
-0.000187326716161235
0.0006556450253834156
0.005715188209999928
0.0007018353795241439
-0.0004015683300604638
0.0009417044571250056
-0.000175657681412422
5.9854458796171776e-05
-0.0003401419015171189
0.00021962515577345816
-0.00047989410993890154
0.00010335346470789292
-1.156311706647807e-05
0.11625571598517978
0.012561904841451928
0.012943813306203793
0.036589746683575626
0.008937864473526545
-0.10438326578236844
-0.004779071484836043
-0.0048666816573076956
-0.013616948776881556
-0.0036803871971398602
0.216894053116344
0.06140451584425059
-0.011957174077272866
0.00493173472062941
-0.00481252607210412
-0.17768071881838016
-0.023034504219138427
0.004496000123511376
-0.0016976198598778309
0.17290570718422055
0.011499477123390802
0.01309282094160066
-0.004846675321073437
-0.022980874381647583
-0.144261451685539
-0.0042651059785162445
-0.0050612287167762365
0.26687409984219235
0.030933285694812365
-0.013396517434822114
0.004429063648828176
-0.004227005946270223
-0.21471643733545803
-0.011369119674409851
0.11337866546567485
-0.003645952125518451
-0.0016927333601258186
-0.005001613726307589
-0.01140969296822607
-0.10178678995724005
0.02359670663557441
0.0018308931420273687
0.0017875482470966339
0.0048703562596522625
0.0015129143091702612
0.036546183870725425
0.008570683836426882
-0.0016583326039733147
0.0005543120689838457
0.03017448393185211
0.0015663372717804008
0.0019268915768283065
0.04332985413070864
0.004127574024942963
0.02296672944450344
0.5003212643404683
-0.02763580167219001
0.030759685384889063
0.0007846738612200938
-0.017327293782437303
-0.0023312783058608583
-0.0004995641650571036
0.00026291915705414207
0.09786759533643272
-0.001530852141108064
0.0004923378836833495
-0.056636682097123685
-0.013312974134956367
-0.461807789237608
0.004378773881572458
-0.004588260216409453
0.23146238302703348
0.022758825831354218
0.0007291500686357646
-0.003564383623889134
-0.0011038828397596332
0.00032503888327979397
0.0001074289602991201
3.425842426639003e-05
-1.482385516021492e-05
-0.012602193604744679
2.3259256883199888e-05
-0.0002191017167294059
0.006588298142168581
0.00036878413074473333
0.014338209165732745
5.483729261842715e-06
0.00020212018325356016
-0.009921536237065976
-3.362333202296546e-05
0.3552970288051972
0.0035909568435356287
-0.008522606751367005
-0.013857200703445084
-2.5757346124402568e-05
0.0001549397803358929
-0.15913571048411007
-0.0012356458419301266
0.0005491202560342647
0.016193153592611923
0.02871668105381111
0.43817297654037113
0.01599239283097498
-0.005020383291000274
-0.02456235550904673
-0.03511337719843518
0.8865525994273371
0.03772006110419284
-2.933667624661319e-05
-0.03936999635227728
-0.0005489366785408956
0.01094474031929912
0.04777746360110134
0.020021446225962657
-0.0012063465699938298
0.042413767731368755
-0.01301740311605052
-0.18111228352878755
-0.06622339241148245
0.007317123474191036
0.0008466960387928141
0.6592902873173669
0.00015032844439427523
-0.0005348575290204524
-0.02685906936433638
-0.010374387066428105
0.02212153292032113
0.032434804995245564
0.017657371378213917
-0.013232153202264738
0.01670972425837175
-0.06945594079078365
-0.07072978962609733
-0.042856597004687594
0.05687785429371685
0.00016537524278695704
1.573480760329951e-06
-3.4955482171182116e-06
0.007737564524819623
0.0001612777161726248
-0.0001268026986276708
-0.0006247283477329183
-0.0009781189096414828
-0.009001774900885497
-0.00019724552058215193
4.61402197294781e-05
0.0005574759856292631
0.0010549499927862559
0.0005636097048182991
1.3934927426060911e-05
-0.0004210168970923358
-0.0016529478148500623
-0.0009109923060092306
0.00022093980782393946
-0.0011329754814779656
0.0005264658850832901
0.0037881926826524967
0.0013662045809230403
-0.00034892788475781526
0.0006903214050820515
0.00034429119034059917
0.0003292873912838614
-0.0009634239046712221
-0.0005939493624869534
-0.0004629728740537717
0.0005884131412190974
-0.0003367795154232047
0.0014366032668659905
0.00215023811595951
0.0008467735474523808
-0.0009730078869938982
0.9520783663708521
-0.00024241715450980933
5.3983626379490554e-05
-0.05267122244639155
-0.006854101899335057
-0.2593196731693139
0.0011792095583659649
-0.002053713687339155
0.12495017991506441
0.008347978873237237
0.9084200541819296
0.005178898335845557
-0.0009583015196815902
0.0036743163712642697
0.0011632761497909702
0.05265456775204311
-0.010653998453452856
-0.0020838273835286835
-0.012040307334980793
0.8905394606085957
0.00027416226959163634
-0.0003936317001519105
-0.0022840445948596032
-0.010586883165608775
0.13644215526637482
-0.0054842811465616054
-0.01399203649330297
0.9001969267949601
0.01226701537513573
0.11686259497212648
-0.0007154830634774937
-0.0039237190555831344
0.057105505234613406
-0.06360835146047374
0.9899301150760652
0.005451127978215564
-0.0027600282230192934
-0.005185340333029184
-0.06552206359851535
-0.6895650861537153
0.42701305552807417
0.002258139529162162
-0.0037348134480533106
-0.2067456303819049
0.002735449510940926
0.22275960807684791
0.014748723575795642
-0.0026132981252600766
-0.030117528187668597
0.17897233755258035
-0.004308703704361769
-0.032506157196667725
0.26322414872273614
0.08876510462117966
0.7607859944336077
1.0522727589316965
0.019915545452474585
-0.002694027048820818
-2.1907627803232203e-05
-0.0009900218299074863
0.0019263805124434636
7.829229967710415e-05
0.0008204375863697197
0.00027003005474301924
0.0020619530394530767
0.0016480341562120147
-0.0003185058227282026
-0.005532628297860896
0.0003229107088549696
-0.0008172740861757457
-0.000903771144631106
0.00037068422818338373
0.002559757240108265
0.015035712115454673
0.0036731643899094845
9.092165219214337e-05
0.0014905942096660493
-0.0015525748122406143
-7.123939641616082e-05
-0.0006423641773155972
0.0013539493071409708
-0.0024047512027845857
-0.0013107235842481587
-9.641151752778812e-05
0.004921768215135255
-0.0010375891017821407
0.0009462212623935003
0.0008379404964824394
-0.00033826991913729615
-0.002506890296999272
0.5556292430949921
5.353680186412653e-05
-3.356616497274674e-05
0.10059280130909073
-3.921979836363995e-05
9.603191004345994e-05
0.017728417266170228
-0.0001427517401985844
0.0005800178907901122
-0.0020804543659083846
-0.0010895337931362157
-0.008533415559215413
2.1336345632509318e-05
-0.0003021428091104783
0.0007795425944750784
0.0005453136714124987
0.5562198470184789
0.0004872603461421299
-3.759273092308909e-05
0.09953527839287818
-0.0004792722115019655
-0.0005953417093958615
-0.005692605330556337
-0.002662204878198
0.000805204911736689
0.005455433501266688
0.00025637443162491763
0.0025346036951003027
0.0011847381145997462
-0.00038130451757524265
-0.0025501503848829564
0.5560421968824356
9.977910142028787e-05
-0.0004811401832735011
0.09978184618301836
-0.0028546907913292096
-0.0021764779245698595
-0.003354540265169471
0.0004529855683108138
5.2929290666194667e-05
0.00134326800158205
0.0010046221505233231
0.0015822693233483384
-0.00017505738805328943
-2.815684196916815e-05
0.005848092461195478
8.919083946175844e-06
-5.073859493637279e-05
-0.007481487699889034
5.603122361391388e-06
-0.0003941045063294534
0.0012832168177760864
0.0004155259396311644
0.003983251934926337
1.1536915865267763e-05
0.00012377335430128613
-0.0005036123483073858
-0.0002510924525476483
0.0059525267880758325
0.00027370436585386277
0.0004097073447669678
0.0026164135207710957
0.0012585449994500064
-0.0004040433760156818
-0.0028135173403574273
-0.00018141311460416397
-0.0012872383462122004
-0.0005978726314985174
0.00019401015629531487
0.0013704317698889543
0.005850182788310063
0.001404843716073176
0.0009346281694519951
0.00148957550990059
-0.00019280633410464882
-0.00018880287928668753
-0.0007022323893856017
-0.0004759994391627273
-0.000767287067862011
0.000139462445471283
9.16703280937574e-05
0.1275749903724962
-0.0019502750393968868
0.0032123133783578455
0.020131321637013373
-0.007203418251320863
-0.11514757389020457
0.0007589163139648176
-0.0010107430061243655
-0.007131025790814218
0.0035139877194988608
0.16294809809588512
-0.014556620429697863
0.023142648619603967
-0.0025880594870393344
0.0007776843410914794
-0.13761166170634162
0.004973670656668089
-0.008524123325761019
0.0015382851413913055
0.13216661160535847
-0.000477728431392632
-0.007921376634284103
-0.001006283077113125
0.0049904476956037
-0.1137596862762535
0.0002809031314002973
0.0031244493619015656
0.26738308333836835
-0.012835523639553745
-0.00698431405301767
-0.00850056657620833
0.0002673761346062703
-0.21413358256310652
0.004525529634888938
0.11332583787321548
0.0034737088726079644
0.0015255890976170962
0.0030947885606670148
0.004536800752596245
-0.10345614150252713
0.02618846118702289
-0.0002943833632461797
0.00025873091080635935
0.0023630477527834103
-0.0017161622494217114
0.029169595943873795
-0.0015913027584927623
0.003112139382176465
-0.000875929911317342
0.024534984382874887
-0.0001402752347447965
-0.0012189769934906976
0.043062417149291446
-0.001547500743738989
0.023752660004041984
1.0517362574742766
0.021115976281941916
-0.002677192327199725
-0.00021090579598012
0.0004874065124564114
0.0020110637681749087
0.00020231275844429463
-0.00040539375315818777
-0.0021785550806207848
0.0018180060804359965
-0.0009574986656519059
0.0017729909467728343
0.005276402743278546
0.0014350913198598009
-0.0008439643288795477
0.00044011202381829547
-0.00019567495609255854
-0.0024438561743033447
0.0145168955546387
0.00377626483699137
0.0003212065390991339
-0.0007706084277708005
-0.001597651659938412
-0.00017799095298383198
0.00027825807181542354
0.0035208683436559643
-0.0019208205889373765
0.0009287114195307494
-0.002872526210404374
-0.004824848482206658
-0.002118805569707116
0.0008584470648837277
-0.00045867341089023215
0.0006370319402376432
0.0023867565460609914
0.5555230398674721
-6.714624627264193e-05
-9.256962280416614e-06
0.10081552646455683
7.332555353968691e-05
-1.8102396668656445e-05
0.018822056969582383
0.0005234115532020034
-0.0009201326643442618
-0.002147310468968117
0.0013053324561889527
-0.008980861191705328
-0.00023572172470699536
0.0004480136485969884
0.0008695070051923879
-0.0006296362718048652
0.5562198340926205
-0.00043845088440247194
7.697264718207553e-05
0.0996807767839598
0.00042505014101566074
-0.0004459331115555952
-0.005580614420737189
0.002638407051067281
0.0006289452527827814
-0.0021982190857400994
0.00021846953635295846
0.0025032925178208993
-0.0011787601175247283
-0.00023512841723659486
0.001035712219250704
0.5558995068504223
-1.9570810902988967e-05
0.00042590731612510195
0.10024566350241648
0.0008676199563601349
0.0019522690978785095
-0.004329949270407772
-0.00026262920416470945
0.0008817255916684021
-0.00042726763309138325
-0.0009268201692737178
0.00183090416796892
4.913440986875808e-05
-0.0004507428228045093
0.005799939695754689
-3.23584863781129e-05
1.2095004846399325e-05
-0.008161629574030535
-0.0003618466601276348
0.0004234967977302489
0.001259149940625297
-0.0005353165584846514
0.004269545597419953
0.00015072555449018493
-0.00018234977351816114
-0.0005060208949191011
0.0002915037727799557
0.005895719937268859
-0.0002310735731023137
0.00029660364315800585
0.0024842154616772274
-0.0012515862213920927
-0.00044106170298920154
0.0010990850257305488
-0.00014845417365259622
-0.00122473899696079
0.0005900900914557758
0.00017422815140563015
-0.000522426922958355
0.005787531291488569
-0.00039729645961030755
-0.0008063835576023113
0.002152149920899126
0.0002579605376121291
-0.00050699360909001
0.00019283100136617011
0.00042526447948201725
-0.0009842143015361743
-0.0001169591262237348
0.00025705904992394743
0.1286283674004695
0.00216541529830065
-0.0003063369631869566
0.03194441501660065
0.006077410672011545
-0.11573932469323865
-0.0007754760258467188
0.00015471136701746197
-0.011543206662136953
-0.0029262112222847554
0.15145941293376086
0.02955299753738829
0.018069888519991542
0.0076168285252744385
-0.0007811215015240298
-0.12846183942887957
-0.010805457369492736
-0.00668013362474492
-0.003246659591792467
0.14231377566573328
0.000926610345187312
-0.004003194377961853
0.00014401490915196498
-0.010781836646954056
-0.12146089912256436
-0.00041256074673632313
0.0017681606681282987
0.2727643172800195
0.01910502417299291
-0.011513349652945315
-0.006690990310340608
-0.0003844912654885479
-0.21824799598820394
-0.006820203308560657
0.11568294852231328
-0.002913879163939833
-0.003201719109316763
0.0017682620097819444
-0.006857288535896798
-0.10429148250672725
0.026248685247300438
0.0002736047647244
-7.698038223924663e-05
0.004049711991445519
0.001418450920230061
0.027349521269975183
0.0038453754976713397
0.0024650807015055296
0.0013864205885941794
0.025983103526768705
0.00016919204935889043
-0.0007942374316159844
0.043821302203797124
0.002382293375237452
0.023642047593539793
0.05370507548335508
0.28266190714019446
0.0007373049886476731
-5.368706572543524e-05
-0.0001420135527319177
-0.0019419668128028379
0.0003169821471567983
0.00044754190961883336
0.0034626182378699752
0.0004224234727717448
0.0002539614294063754
-0.00045022658357317163
-0.0003738907006084351
-0.0008356092204691094
-0.00025030235564618036
-5.295798288330682e-05
-0.0004370421637007527
9.41390243017979e-05
0.47886600819600905
-0.0002558131799664231
3.959131258075204e-05
5.68595657466346e-05
0.00183014048918097
-0.00023058609630984106
-0.0003807862202536334
-0.001898571853141147
-0.00027612271247394547
-0.000175523507566951
0.0010631274089313832
0.00022748882176511207
0.0006389160490056873
0.0003287990482268968
-3.335597713309546e-05
0.0008607043616062422
-7.739736162173636e-05
0.39150432534702007
-6.441305286660165e-05
4.850825433068982e-08
0.13841415796979967
-0.00016749209047053706
2.5141977252640104e-05
0.00031838515288396706
-0.00031932004624744793
-3.7898283787491574e-06
0.0006341548570489416
-2.6493184264528957e-05
-0.00011237614758307553
0.0001140509060434204
6.207464979652536e-06
-0.00022048941234764928
9.111842011748098e-06
0.391397417602949
4.355271092795794e-06
-0.00016671731838865266
0.13795967005903542
1.172018179724191e-06
-6.867360604622309e-05
0.0016286524765003146
-1.5967123569024375e-05
-4.936308437917358e-05
2.732488605264157e-07
5.4536197330352234e-05
-0.0006552778645937374
5.549774442045864e-06
-8.219228572284262e-06
5.836350641140161e-06
0.39162330545634716
2.5590934039427953e-05
-3.871013864508004e-07
0.1388795785473402
0.00018460035824944803
-2.5209135603608263e-05
0.00017487978778209318
0.00038304043896121836
5.015107434437437e-06
-6.83229565909934e-05
8.664474927126762e-06
-0.0001844002241803365
-0.00013640707515713207
-1.4114200633234502e-05
0.015660524587930037
0.0004921259318853414
-9.392933898395645e-05
-0.0016937883580220021
0.001082247363806412
-0.00017695948471944587
-0.0021603923730023457
0.0001491136485549622
0.0005709360131979686
-0.0004893237298296814
3.732000285401962e-05
0.0011822710277633825
-5.37799256244146e-05
0.01643685082764982
3.9220453961128536e-05
-0.00034187805465793074
-0.004412120068830601
6.207549200466428e-05
0.00033631864914525974
-0.0001294997846767476
3.388296285145613e-05
0.002509818405570157
-2.5919728570868963e-05
-0.00014389227665475635
3.782534968208356e-05
0.01534365554850641
-0.0005818324648967398
0.00010316932776569722
0.0019118553940307152
-0.0014627115712501926
-9.332689915985827e-05
0.0002938897955763112
-4.128333036262977e-05
-0.00037705979405005976
0.0006565814909485231
-1.0035413395285131e-05
0.23424266283604567
-0.0001613492979798536
-0.0018934502052824695
-0.055702541196253536
0.0021534503725565515
-0.16418571262557197
1.517344283297969e-06
0.0005181317859214135
0.01609533625781791
-0.0006146588463876983
0.1645219670440721
0.0010004698619027023
-0.0025673881526855438
-0.0019464879937224023
-4.574649736765123e-06
-0.12447735021879182
-0.0002898844468650661
0.0006032754351075378
0.0005912188900208002
0.243636072146088
-0.003577411825025115
0.0014805685538767598
0.0005293674714948198
-0.00028632748813187597
-0.17037532223153037
0.0010477685183647746
-0.0003098175412988019
0.17232757012847577
0.004159995222936621
0.01640112167814096
0.0005799113198236178
0.0010207535217734785
-0.12837146577709566
-0.0012414773844520682
0.24441145401191544
-0.0006099065021904903
0.0005189860007622201
-0.0003143298242766096
-0.0012142256465909535
-0.17072655168043654
0.02901186996074797
2.021724500112269e-05
-0.000134275962367898
-0.004484317028732631
0.0001646454591115506
0.02383816837626453
8.214660343298218e-05
-7.107500375218626e-05
-0.0001537724653883392
0.029952387816398217
-0.0002784704559253425
5.702341275738836e-05
0.024187035044727176
0.0003475598524703764
0.030018847315692584
1.0516003942485024
0.02131787401928316
0.001769300760885811
-0.00033355110775800626
0.0002753165154133015
-0.0014417072303022458
0.00022548577592379666
-0.00015101632439170747
-0.002445771633654252
-0.0006168305442998537
0.0016548177404963832
-0.008906732351719923
-0.0010054090228387596
0.0007020130294297438
0.00043976548052296934
-0.0005064879904713006
0.004455587365544456
0.0004234621462064675
0.014047437584963053
-0.0026173422541802853
0.0004599532981821573
-0.00032715901590271457
0.0011787907484690746
-0.00017938725485112564
0.0001536008178203467
0.003233961482777649
0.0005957443247487362
-0.0017087367782629287
0.008198889131292155
0.0012264581735931576
-0.0010356000667233302
-0.00038123256314602147
0.0006200056591819842
-0.004380638264878951
-0.00048775958947486935
0.5558480271475996
0.0002708016604522246
0.0001503781445132563
0.09999611546901693
-0.0002056016878089683
-7.155925649871293e-05
0.0013920729922735219
0.0017266743254054228
0.0022287549558683587
-0.0055126693885832485
-0.0006640135368593173
-0.0006921276137164606
-0.0008156661748190532
-0.0008711552231881549
0.0023694944270448905
0.00027034759594592476
0.5564613125018684
3.8677352483770845e-05
-0.00020626363384923708
0.098881661161518
-1.8284933225503286e-05
0.0013493741433112407
-0.013220884984526483
0.00045012494816073324
-0.00011412674642916941
0.0005210353363540332
-0.0005999720560038456
0.00588558770292035
-0.0001452889898914907
4.1765680622409375e-05
-0.0002687205842517491
0.5557266555872391
-6.98044853140915e-05
-1.6664195113480055e-05
0.10038933386669796
-0.00034816842907800917
-0.00028117277743899415
0.0008560741439552883
0.0017615170994516494
6.424799920834462e-05
6.931956616117592e-05
0.00012906904415136686
0.0001132350915250308
-0.0007657448708984074
-7.78142216714242e-05
0.005756733017267015
0.0001007872277467309
3.190315424810352e-05
-0.0002323376855012418
-0.0007587471217740181
-0.0012425844622160733
0.0028748411876590527
0.0003542005150095408
0.00018488923629640875
0.0003654188042143741
0.0004860718274302136
-0.0013875477246659935
-0.00014508341084748283
0.006041966422591813
1.601982377601255e-05
-0.0006492966790101009
0.006880224842210303
-0.0003274500548463737
6.415958290232648e-05
-0.00025482687239671405
0.000303975270331832
-0.003235101701554337
0.00010876122524458704
-3.0015794520456394e-05
0.0001399588268982643
0.005624988356793641
0.00039531579718448594
0.00013973928515753143
-0.0012080774126591956
-0.0007694965861299577
8.4557736320426e-05
-0.00010553374035069733
-6.666421070090109e-05
0.0003513284779864261
0.0003632991019800189
-1.9069924549418093e-05
0.1725976173624288
0.004425012525601203
-0.04979706879346604
-0.05386393882333359
0.012259845147036333
-0.14370593878340576
-0.001743042113039425
0.0186626452489674
0.019931072116857837
-0.004571653773406957
0.12033509556596442
-0.0007461976365932551
-0.0017292003250533698
0.0018606457179960083
-0.0017409992868543675
-0.10955358360700025
0.0001470776077533964
0.00045992201733377914
-0.0006285398923620091
0.226493806214776
0.0035960570597832133
-0.023070294508171323
0.018655388976912664
0.00018228335901097708
-0.18360903909305387
-0.0011993468204311165
0.008582106233291122
0.13334742067264488
-0.00937454899388317
0.02000679810593694
0.0004583354074564217
-0.0011572541593919017
-0.11738767285684114
0.0033654258040183966
0.17907477987314968
-0.004577001879537822
-0.0005607547073631191
0.008580214174771221
0.003357059982393784
-0.14884345345898864
0.030041584375742073
0.0006888458037582828
-0.006981551293346414
-0.007239658418852306
0.0017124024167842148
0.025096610081158044
-7.864390429723021e-07
-6.21993218130821e-05
0.00016746834706395626
0.03731353936082306
0.0003721882468488267
-0.0031809401977792393
0.026005965777988485
-0.0011705045268422915
0.03099847965287804
0.8300711088814949
-0.03625066353192258
0.0001083919384290704
-3.750672075028231e-05
-1.5234281947958541e-05
0.0002796102190188996
-0.0002067070046277805
4.149830864888955e-06
-0.0005482237894965695
0.000205470875024715
-9.692577854423552e-05
0.0028747387647580737
-0.00022644967589169357
-0.00010138683214191223
-9.185933929867899e-05
1.5148536003199578e-05
-0.0007086018315356269
1.9961535781628486e-05
0.010737722459100254
3.7084417049397295e-05
3.885396081207609e-05
1.9084808426962545e-06
-0.0003129312048443814
0.000382582256022429
-3.893505150052579e-05
0.0009934703848711436
-0.00035399817537728985
0.00020570162957394774
-0.006715773765905953
0.00048509643886938535
-0.0002362693860312953
0.0001662752491935832
-5.912150168862274e-05
0.001893312918299224
-0.00014308558911618838
0.359103247761837
1.738635193868709e-06
2.2359213846928697e-06
0.15021103094304572
-1.1243635263673939e-05
-3.1211160763516647e-06
0.00044287863217723814
-7.932731162335392e-05
7.931848656325303e-05
0.00018574114882229047
5.467515321442476e-06
-0.00021865161096013626
1.615519736836791e-05
-1.8035098910404782e-05
-6.938874358938075e-05
-4.1719668220402546e-06
0.3590649156694783
1.0645794543444078e-05
-1.1451539659225792e-05
0.1503523774937313
6.11684068227407e-06
-1.158073476282126e-05
-0.00010724808045763124
-1.7468799180898371e-06
-4.156326877378414e-05
8.847764279691548e-05
1.459067332850395e-05
-5.538153422533334e-06
-2.0161401340715177e-06
-5.257441726781822e-06
-1.909263413184328e-05
0.3591388945629072
-3.4905074550894944e-06
5.394684406786349e-06
0.1501852006835901
7.087751341961454e-07
1.0014292186346277e-05
-0.00046274509418392984
-1.6356985462311977e-05
-7.532945052286997e-05
-4.476867934974526e-06
-5.925194938384162e-06
0.00013788660219347286
-8.584101418338433e-08
1.66176880482224e-05
0.017872641671128876
-6.723954474533582e-05
-4.156504077590172e-05
0.0014187145670316187
3.086567622847518e-05
0.0002974964078022201
0.00031661934203327895
3.747014397596626e-05
-0.00043072943981921114
-0.00010068801624366885
-8.594807796185782e-05
-7.031018985498768e-06
-1.7070099970651373e-05
0.018668819873963075
-5.3830507024963895e-05
-3.2798488937130156e-05
-0.0012218114216674344
-2.8183709161600748e-06
-3.715224314917214e-06
0.0003352866466663928
1.6596894738096494e-05
0.00047272964639276176
-4.654749105924647e-06
-6.503997960217544e-05
-9.296812707400607e-05
0.01767656163269649
-9.994012395024344e-06
5.3310683456472206e-05
-0.0018422457747449346
-9.091430740409433e-05
-0.00027257479123431443
7.689385915422803e-06
-2.2800815837470208e-05
0.0005260268262817828
4.135440056345037e-05
6.840378063861565e-05
0.23587053532043656
-0.0007988842670745902
-0.00048558810623715564
-0.0037279953116543287
-0.0002791641599556373
-0.1991239541024661
0.00036361372014167756
0.00018056606884297684
0.0021776542162493637
0.00014319895797267117
0.21702601334768673
0.0005501340993356132
0.005716525392045857
-8.787076611560644e-06
0.00039551971154417514
-0.1836181106409399
-0.00020734871455088948
-0.0019752843274144253
-3.337248459615172e-07
0.23754098820513495
-0.0012355479764081358
-0.00019924803174385864
0.0001713230303765147
-0.000205670032196417
-0.2004720300744626
0.00044008629693268267
6.411345601444463e-05
0.2287182041682721
-0.0005103387067837365
0.002123171124640148
-0.0019779759194480965
0.0004600981498100404
-0.19236323982249998
0.0002595707698970014
0.23739775964244442
0.0001442770212319358
-4.060085288892883e-06
6.632960897962477e-05
0.0002630182244263593
-0.2004307099686865
0.04213814313585916
-0.00015948433813445885
-6.15731050841055e-05
-0.0010191690769837678
-6.426202273287358e-05
0.039192043977346304
7.474156407688083e-05
0.0006670480773880378
1.668919587954226e-06
0.04238984603071967
-0.00015853980358465915
-2.2077717422659588e-05
0.040751752125523254
-0.00011646834719068623
0.04240587971247755
0.05327665567452244
0.28503138642840187
0.0006166748751251499
1.3462002278074799e-05
-9.328201177121451e-07
-0.0007904725882771379
2.7675142226999074e-05
3.2715918115463322e-06
0.005104186079160978
0.000250624219506684
-0.00045178492833667337
0.0007437736700774991
0.00016497066905945472
-0.000937869179960007
-8.554504944299117e-05
0.00011326443182545654
-0.00016529575661400548
-5.108982131132739e-05
0.4780162891309437
-0.00017482767275174874
7.046605211357954e-06
2.704243933097425e-06
0.0010161885219530957
5.769005648736221e-06
8.829895396735748e-06
-0.0035546653314982735
-0.00022853446301127073
0.00033161731599130504
-0.0013799176537602753
-8.47055039356795e-05
0.0010054107014923124
3.8429877296105276e-05
-4.9308392341345044e-05
-0.000702898372261518
3.1184657268864204e-05
0.3919593917401303
5.692978039817869e-06
-8.772215795228072e-06
0.13991236432953696
1.1486944494089823e-05
-2.3653475679727113e-05
0.00028301301380919883
3.579487554453e-05
1.4220888232427928e-06
0.0003829962306788721
-4.392280194098039e-06
-0.0002375095605040301
-2.672933148001599e-05
-1.0046092634742257e-06
-0.0001431617460768689
3.463842604870554e-06
0.39216519406296124
-4.638143216570812e-06
1.245593218807584e-05
0.1404922572928124
-5.979249549203529e-06
4.23955304686758e-05
0.0012600230312202465
-1.4722119794447939e-05
-5.993478103993478e-05
-5.650091106643151e-05
-7.233381033173505e-06
-0.0005989131692401303
6.501678327824645e-06
1.5432946013719472e-05
1.312053749248883e-05
0.39187934283453163
-2.4191187031239318e-05
-5.6728136318993806e-06
0.13923183927050164
-1.0870705590559742e-05
-1.0155275539702967e-06
0.00019080021208734332
-3.2076531066560474e-05
1.281458923267515e-05
3.904872363168495e-06
2.2282216933065983e-06
-0.00021566908165406078
8.365867460718696e-06
-2.5227388844758788e-05
0.014728941776882706
8.792980764267166e-06
5.5137891426810424e-05
-0.0006120762554981612
-0.00018323397285915872
-8.697471265397325e-05
-0.001029692311646362
-5.834976793324112e-05
0.00011350824066125613
7.315579838732076e-05
2.630989142275795e-05
0.0006079470778241274
4.520483729354915e-06
0.015324683962371778
2.662935712607405e-05
-0.0002674478035445142
-0.003159829114226251
1.676911746860745e-05
8.48601620244781e-05
0.00026524871651267194
9.185048437294825e-05
0.001597923642310459
-1.7347715187543677e-05
-6.40005754942994e-05
-7.915056383446978e-05
0.01594322688875842
7.71826196506845e-05
-0.00010480782880778247
0.0011459091432049389
0.00029586770376945916
0.00019496169196310455
-4.1645791902100086e-05
1.7546403654749977e-05
-0.0002684831610551089
-0.00012765150443340184
-3.678384747204297e-05
0.23426391575856328
-0.004466764567507858
0.001086273604843085
-0.03793598828298096
0.0021863707283598125
-0.16613663165024878
0.0013393667035961996
-0.00028480981690970803
0.012309189866210907
-0.0006556994065305302
0.1688522805536132
0.0016347477455323821
0.0007380762381905216
-0.0026668968559460347
0.0013426342700034884
-0.1258435735580665
-0.000496170582416974
-0.0002892854216228226
0.0008301170310546441
0.24309666591772167
0.0019720671576077967
-0.0003068266735153355
-0.00028730925593447204
-0.0005000574533704752
-0.17060273129406622
-0.0005728406509760435
9.882053265749153e-05
0.17969988507293627
0.00538071017427812
0.011669534697449687
-0.00026414700711165995
-0.0005415111668421749
-0.13353561087579016
-0.001648891377818533
0.2362349973274367
-0.0006000135222306796
0.0008352297957730731
9.737299421452776e-05
-0.0015595462247207895
-0.16763016488956456
0.02961375989040117
-0.00038836706481629017
7.085212306224755e-05
-0.0035424696836461713
0.0001756751812144202
0.023632874008867613
0.00014491663118629448
9.421787920039098e-05
-0.0002586823000094465
0.030077828523674216
0.00014980671923381348
-2.7738943538378872e-05
0.025095878776923347
0.0004626419108420931
0.029877222129407216
1.0619108721560777
-0.20177727298324039
0.0357073428084698
0.0001199164732206468
0.0012076702806675642
-0.05458281354331748
-0.0006303987960854132
-0.0032779665876027653
0.03495268933431756
-0.06175993405257693
-0.001395731008347971
-0.004483340962239737
0.03051007943963049
-0.00017233966899276112
0.0009135660330848348
1.2076125471402273
0.0016152793226024208
0.0019429225217348833
-1.016472318062124
-0.0008052400031218264
0.010392457656796866
1.189685535031422
-0.0011963335263509309
-0.0007304087998086948
-0.886723554051325
0.0036393734403480944
1.15552670985343
0.012667988987436853
0.004045632503390517
-0.4064332229520459
0.24394272386114468
0.001252636659116547
-0.0056002586515745065
0.19212870553871675
-0.0011757900064542346
0.07541731269012969
0.0
0.0
0.0
0.0
0.0
0.0
0.0
0.0
0.0
0.0
0.0
0.0
0.0
0.0
0.0
0.0
0.0
0.0
0.0
0.0
0.0
0.0
0.0
0.0
0.0
0.0
0.0
0.0
0.0
0.0
0.0
0.0
0.0
0.0
0.0
0.0
0.0
0.0
0.0
0.0
0.0
0.0
0.0
0.0
0.0
0.0
0.0
0.0
0.0
0.0
0.0
0.0
0.0
0.0
0.0
0.0
0.0
0.0
0.0
0.0
0.0
0.0
0.0
0.0
0.0
0.0
0.0
0.0
0.0
0.0
0.0
0.0
0.0
0.0
0.0
0.0
0.0
0.0
0.0
0.0
0.0
0.0
0.0
0.0
0.0
0.0
0.0
0.0
0.0
0.0
0.0
0.0
0.0
0.0
0.0
0.0
0.0
0.0
0.0
0.0
0.0
0.0
0.0
0.0
0.0
0.0
0.0
0.0
0.0
0.0
0.0
0.0
0.0
0.0
0.0
0.0
0.0
0.0
0.0
0.0
0.0
0.0
0.0
0.0
0.0
0.0
0.0
0.0
0.0
0.0
0.0
0.0
0.0
0.0
0.0
1.0766585942855675
-0.2503958228032894
0.044856703615712014
-0.02379422354266112
-0.0013425210968163008
-0.062304092169096326
0.023119350752481345
0.0005826964094281938
0.03494738688572845
-0.05821370668847864
0.0015576190979619494
-0.0014767530985069605
0.04336761648515554
0.0007112997878529635
0.0002874667090217006
1.3079071772296609
-0.06361579707201195
-0.0009750265737998771
-1.1497380370417747
0.011925599410198938
0.002128295994732465
1.2742647007149137
-0.0016326538335669758
0.012276831656566917
-1.0206956156132363
-0.0011862946640548645
1.0148824240408374
0.0022058336639335123
-0.0014530825071793886
-0.6189284218994396
0.28354953580750264
0.003280554507456919
-0.0009309959585526708
0.23498911431029101
0.00041276817728181915
0.12092757223593152
0.0
0.0
0.0
0.0
0.0
0.0
0.0
0.0
0.0
0.0
0.0
0.0
0.0
0.0
0.0
0.0
0.0
0.0
0.0
0.0
0.0
0.0
0.0
0.0
0.0
0.0
0.0
0.0
0.0
0.0
0.0
0.0
0.0
0.0
0.0
0.0
0.0
0.0
0.0
0.0
0.0
0.0
0.0
0.0
0.0
0.0
0.0
0.0
0.0
0.0
0.0
0.0
0.0
0.0
0.0
0.0
0.0
0.0
0.0
0.0
0.0
0.0
0.0
0.0
0.0
0.0
0.0
0.0
0.0
0.0
0.0
0.0
0.0
0.0
0.0
0.0
0.0
0.0
0.0
0.0
0.0
0.0
0.0
0.0
0.0
0.0
0.0
0.0
0.0
0.0
0.0
0.0
0.0
0.0
0.0
0.0
0.0
0.0
0.0
0.0
0.0
0.0
0.0
0.0
0.0
0.0
0.0
0.0
0.0
0.0
0.0
0.0
0.0
0.0
0.0
0.0
0.0
0.0
0.0
0.0
0.0
0.0
0.0
0.0
0.0
0.0
0.0
0.0
0.0
0.0
0.0
0.0
0.0
0.0
0.0
1.0630657384727926
-0.20418222012669618
0.0226318779583054
-0.0017934035268191025
0.0007294693600024467
-0.04415864744632658
0.003173290310342914
0.001972853999902262
0.036887562100230045
-0.058567071006692104
0.003947611974754452
0.00662597185568415
0.023912238168317064
-0.0010088264627327085
-0.00013000672465980184
1.2256538886702675
0.0035343338477620374
-0.0071195463928622055
-1.0267329196284216
-0.004720679070096563
-0.004839151925493453
1.1972126649191974
0.00036530022805008906
-0.004954742028619957
-0.8912693348610361
-0.0034625101294699407
1.1612534477451328
-0.005951487945241268
-0.004060558865311208
-0.4248289601153966
0.2479013249776266
0.0022922918096779216
0.001465342992041081
0.193043338397065
0.0011676974818181556
0.07739944883941935
0.0
0.0
0.0
0.0
0.0
0.0
0.0
0.0
0.0
0.0
0.0
0.0
0.0
0.0
0.0
0.0
0.0
0.0
0.0
0.0
0.0
0.0
0.0
0.0
0.0
0.0
0.0
0.0
0.0
0.0
0.0
0.0
0.0
0.0
0.0
0.0
0.0
0.0
0.0
0.0
0.0
0.0
0.0
0.0
0.0
0.0
0.0
0.0
0.0
0.0
0.0
0.0
0.0
0.0
0.0
0.0
0.0
0.0
0.0
0.0
0.0
0.0
0.0
0.0
0.0
0.0
0.0
0.0
0.0
0.0
0.0
0.0
0.0
0.0
0.0
0.0
0.0
0.0
0.0
0.0
0.0
0.0
0.0
0.0
0.0
0.0
0.0
0.0
0.0
0.0
0.0
0.0
0.0
0.0
0.0
0.0
0.0
0.0
0.0
0.0
0.0
0.0
0.0
0.0
0.0
0.0
0.0
0.0
0.0
0.0
0.0
0.0
0.0
0.0
0.0
0.0
0.0
0.0
0.0
0.0
0.0
0.0
0.0
0.0
0.0
0.0
0.0
0.0
0.0
0.0
0.0
0.0
0.0
0.0
0.0
1.078934182866043
-0.2566561343141395
0.03363915779302215
0.023972934063842356
0.00034261688543813965
-0.044932271197852605
-0.023177099487912203
-0.0007936989138021887
0.03538425787592469
-0.039348113309714106
-0.0016786802158929573
-0.0013590504309155518
0.03549284742850617
-0.0007122978019060322
0.0005246217095735556
1.3296785055716538
0.057086538632581584
-0.0010279472429813084
-1.1917350012535644
-0.011971693299254463
0.004149217144709952
1.2831185582360565
0.00035683029937213996
-0.012269255687557854
-1.0321665603480155
0.0010429428482363705
1.0435106644870826
0.004422612645846986
0.00111111727742748
-0.6310723814088307
0.29751738975155495
-0.0026875102176234303
-0.002121067520064141
0.23936425945736933
-0.0006112534102126013
0.12421109581909452
0.0
0.0
0.0
0.0
0.0
0.0
0.0
0.0
0.0
0.0
0.0
0.0
0.0
0.0
0.0
0.0
0.0
0.0
0.0
0.0
0.0
0.0
0.0
0.0
0.0
0.0
0.0
0.0
0.0
0.0
0.0
0.0
0.0
0.0
0.0
0.0
0.0
0.0
0.0
0.0
0.0
0.0
0.0
0.0
0.0
0.0
0.0
0.0
0.0
0.0
0.0
0.0
0.0
0.0
0.0
0.0
0.0
0.0
0.0
0.0
0.0
0.0
0.0
0.0
0.0
0.0
0.0
0.0
0.0
0.0
0.0
0.0
0.0
0.0
0.0
0.0
0.0
0.0
0.0
0.0
0.0
0.0
0.0
0.0
0.0
0.0
0.0
0.0
0.0
0.0
0.0
0.0
0.0
0.0
0.0
0.0
0.0
0.0
0.0
0.0
0.0
0.0
0.0
0.0
0.0
0.0
0.0
0.0
0.0
0.0
0.0
0.0
0.0
0.0
0.0
0.0
0.0
0.0
0.0
0.0
0.0
0.0
0.0
0.0
0.0
0.0
0.0
0.0
0.0
0.0
0.0
0.0
0.0
0.0
0.0
1.0432444634567553
-0.13052489356871913
-0.12050155330347317
0.00019827279901738425
0.00123028773910416
0.18625222435611138
-0.00024640298317928034
-0.0024070291340020427
0.024153875975764693
0.2224750277252242
5.670264154430243e-05
-0.0025430329472823886
-0.09369181572558392
2.844379768620667e-05
0.00016834045161620066
1.054565477379288
-0.00021305419178839242
-0.0012914983125551544
-0.6260096497049312
-0.000562014968232435
-0.0014174609964205036
1.1144548066405249
0.00037258373522018986
-0.0005195121475756192
-0.7558891539506316
0.0005616775248652178
1.0936569672210226
-0.0012494906045809513
0.0010909984118414413
-0.23206724535177928
0.12587556536510547
0.00016661413696841994
0.00019263898676310294
0.14917412221953652
-0.00017255570747024603
0.04568036924262658
0.0
0.0
0.0
0.0
0.0
0.0
0.0
0.0
0.0
0.0
0.0
0.0
0.0
0.0
0.0
0.0
0.0
0.0
0.0
0.0
0.0
0.0
0.0
0.0
0.0
0.0
0.0
0.0
0.0
0.0
0.0
0.0
0.0
0.0
0.0
0.0
0.0
0.0
0.0
0.0
0.0
0.0
0.0
0.0
0.0
0.0
0.0
0.0
0.0
0.0
0.0
0.0
0.0
0.0
0.0
0.0
0.0
0.0
0.0
0.0
0.0
0.0
0.0
0.0
0.0
0.0
0.0
0.0
0.0
0.0
0.0
0.0
0.0
0.0
0.0
0.0
0.0
0.0
0.0
0.0
0.0
0.0
0.0
0.0
0.0
0.0
0.0
0.0
0.0
0.0
0.0
0.0
0.0
0.0
0.0
0.0
0.0
0.0
0.0
0.0
0.0
0.0
0.0
0.0
0.0
0.0
0.0
0.0
0.0
0.0
0.0
0.0
0.0
0.0
0.0
0.0
0.0
0.0
0.0
0.0
0.0
0.0
0.0
0.0
0.0
0.0
0.0
0.0
0.0
0.0
0.0
0.0
0.0
0.0
0.0
1.0577836102527236
-0.18058880800875543
-0.1373768941170057
-0.017927705436491758
-0.003723749261424643
0.21604079988817282
0.02423909637041649
0.003223590048206355
0.028722544229903214
0.2423838429889382
0.006763728124685021
-0.0007003680476379047
-0.11246430189853182
0.0006476016880021062
1.0981471578071388e-05
1.1010192132127918
0.14422163930656992
0.00905691756301543
-0.7344822911974578
-0.007305303754708236
0.0005529913180505717
1.1632456623642455
0.007110281313843379
-0.008738241149255907
-0.8953616533281991
-1.3195235730745333e-05
0.7258321867484478
0.0009774120945555014
0.00016399336095637967
-0.45913108318303114
0.1583358329385923
-0.011290353404605963
-0.0006066929829910609
0.19271717198907468
-0.0005264287674734904
0.0897009827285497
0.0
0.0
0.0
0.0
0.0
0.0
0.0
0.0
0.0
0.0
0.0
0.0
0.0
0.0
0.0
0.0
0.0
0.0
0.0
0.0
0.0
0.0
0.0
0.0
0.0
0.0
0.0
0.0
0.0
0.0
0.0
0.0
0.0
0.0
0.0
0.0
0.0
0.0
0.0
0.0
0.0
0.0
0.0
0.0
0.0
0.0
0.0
0.0
0.0
0.0
0.0
0.0
0.0
0.0
0.0
0.0
0.0
0.0
0.0
0.0
0.0
0.0
0.0
0.0
0.0
0.0
0.0
0.0
0.0
0.0
0.0
0.0
0.0
0.0
0.0
0.0
0.0
0.0
0.0
0.0
0.0
0.0
0.0
0.0
0.0
0.0
0.0
0.0
0.0
0.0
0.0
0.0
0.0
0.0
0.0
0.0
0.0
0.0
0.0
0.0
0.0
0.0
0.0
0.0
0.0
0.0
0.0
0.0
0.0
0.0
0.0
0.0
0.0
0.0
0.0
0.0
0.0
0.0
0.0
0.0
0.0
0.0
0.0
0.0
0.0
0.0
0.0
0.0
0.0
0.0
0.0
0.0
0.0
0.0
0.0
1.0434789072597042
-0.131231674620422
-0.1204236735534708
-0.00021213332029271166
0.0013173972352668682
0.18610200325312007
0.0002529472729963829
-0.0024037900353699286
0.024017942840557888
0.22184412094747438
0.00045262973558123787
-0.002903947308187129
-0.09344982903949436
-0.00020432706808361107
0.00045706467390518824
1.057046156218711
-0.002324498502263674
-0.0006663672693118957
-0.626398653168755
-0.0005765527508163619
-7.587355444595758e-05
1.1149983371295686
-0.0004722986113955893
-0.0005250423443621799
-0.7610708448828336
-0.0009160462451361916
1.0943425650852001
0.0006902417009940185
-0.0017555556055711841
-0.23311681642407472
0.12590047946529326
0.0004212956961649391
-0.0003144581778585775
0.1504791893699988
0.00033235781025191903
0.04571573256002223
0.0
0.0
0.0
0.0
0.0
0.0
0.0
0.0
0.0
0.0
0.0
0.0
0.0
0.0
0.0
0.0
0.0
0.0
0.0
0.0
0.0
0.0
0.0
0.0
0.0
0.0
0.0
0.0
0.0
0.0
0.0
0.0
0.0
0.0
0.0
0.0
0.0
0.0
0.0
0.0
0.0
0.0
0.0
0.0
0.0
0.0
0.0
0.0
0.0
0.0
0.0
0.0
0.0
0.0
0.0
0.0
0.0
0.0
0.0
0.0
0.0
0.0
0.0
0.0
0.0
0.0
0.0
0.0
0.0
0.0
0.0
0.0
0.0
0.0
0.0
0.0
0.0
0.0
0.0
0.0
0.0
0.0
0.0
0.0
0.0
0.0
0.0
0.0
0.0
0.0
0.0
0.0
0.0
0.0
0.0
0.0
0.0
0.0
0.0
0.0
0.0
0.0
0.0
0.0
0.0
0.0
0.0
0.0
0.0
0.0
0.0
0.0
0.0
0.0
0.0
0.0
0.0
0.0
0.0
0.0
0.0
0.0
0.0
0.0
0.0
0.0
0.0
0.0
0.0
0.0
0.0
0.0
0.0
0.0
0.0
1.058019200594995
-0.18121835236194525
-0.13769978037059807
0.01778749114567519
-0.0031464995704028956
0.21613636092324004
-0.02413018848770497
0.002519103569559709
0.02872671412957982
0.24093719647049588
-0.007202671238219966
-0.0009839745394943627
-0.11231015458181595
-0.0004113601694658727
5.015708001401157e-05
1.1071730690521304
-0.14080741213171347
0.0054585880737304734
-0.7358013845252279
0.007917795302832901
0.00015164025201290222
1.166461424804631
-0.007339288507645076
0.00916854136741663
-0.8969363797133278
-8.017959640820972e-05
0.7343282427160474
0.0007431530456751153
-0.00042941442647223354
-0.4629683081689743
0.15842790599232232
0.010781068504284175
-0.00027711159188507066
0.19328438173574142
0.0005401911084087438
0.09009680102662115
0.0
0.0
0.0
0.0
0.0
0.0
0.0
0.0
0.0
0.0
0.0
0.0
0.0
0.0
0.0
0.0
0.0
0.0
0.0
0.0
0.0
0.0
0.0
0.0
0.0
0.0
0.0
0.0
0.0
0.0
0.0
0.0
0.0
0.0
0.0
0.0
0.0
0.0
0.0
0.0
0.0
0.0
0.0
0.0
0.0
0.0
0.0
0.0
0.0
0.0
0.0
0.0
0.0
0.0
0.0
0.0
0.0
0.0
0.0
0.0
0.0
0.0
0.0
0.0
0.0
0.0
0.0
0.0
0.0
0.0
0.0
0.0
0.0
0.0
0.0
0.0
0.0
0.0
0.0
0.0
0.0
0.0
0.0
0.0
0.0
0.0
0.0
0.0
0.0
0.0
0.0
0.0
0.0
0.0
0.0
0.0
0.0
0.0
0.0
0.0
0.0
0.0
0.0
0.0
0.0
0.0
0.0
0.0
0.0
0.0
0.0
0.0
0.0
0.0
0.0
0.0
0.0
0.0
0.0
0.0
0.0
0.0
0.0
0.0
0.0
0.0
0.0
0.0
0.0
0.0
0.0
0.0
0.0
0.0
0.0
1.0663185639297776
-0.2204663342906646
-0.004961819730120373
0.002196314912978384
0.02829743121975624
-0.00023868427377697529
-0.002043049964842367
-0.028445129527588143
0.04000058021615918
-0.011979334712289404
0.0035347081084804908
-0.011729153363266055
-0.002744922664751624
0.004561953768682521
0.020367351107486248
1.1387603515814346
-0.007643151208627371
0.04877087239200463
-0.531676427779322
-0.006987295765476238
0.0004101229703362967
1.1687156497759328
-0.011147728144027657
-0.00431317693650904
-0.9162454216728361
-0.004479805905974995
1.2138180524897757
-0.003841755139825408
-0.0034985364692812562
-1.092025830727256
0.0926280872590756
0.0030261326401814425
-0.003744310555502289
0.20793146274173802
0.009434985440861238
0.27300250914838686
0.0
0.0
0.0
0.0
0.0
0.0
0.0
0.0
0.0
0.0
0.0
0.0
0.0
0.0
0.0
0.0
0.0
0.0
0.0
0.0
0.0
0.0
0.0
0.0
0.0
0.0
0.0
0.0
0.0
0.0
0.0
0.0
0.0
0.0
0.0
0.0
0.0
0.0
0.0
0.0
0.0
0.0
0.0
0.0
0.0
0.0
0.0
0.0
0.0
0.0
0.0
0.0
0.0
0.0
0.0
0.0
0.0
0.0
0.0
0.0
0.0
0.0
0.0
0.0
0.0
0.0
0.0
0.0
0.0
0.0
0.0
0.0
0.0
0.0
0.0
0.0
0.0
0.0
0.0
0.0
0.0
0.0
0.0
0.0
0.0
0.0
0.0
0.0
0.0
0.0
0.0
0.0
0.0
0.0
0.0
0.0
0.0
0.0
0.0
0.0
0.0
0.0
0.0
0.0
0.0
0.0
0.0
0.0
0.0
0.0
0.0
0.0
0.0
0.0
0.0
0.0
0.0
0.0
0.0
0.0
0.0
0.0
0.0
0.0
0.0
0.0
0.0
0.0
0.0
0.0
0.0
0.0
0.0
0.0
0.0
1.0657351163844322
-0.21314663975298415
0.0008332335770780195
-8.782694868456748e-05
0.026749878761267956
-0.008349984506486717
0.0009600879119762951
-0.035545327059787434
0.039516392893735326
-0.01668211666321163
0.0020916630793806888
-0.03046703719966034
-0.0018800817716110507
-0.0004334844481361164
0.025913202876970052
1.1709761249045485
-0.002709096058579723
0.016325329022440667
-0.4554568008931941
-0.002224574168354589
-0.018053232900218284
1.2086775911136018
-0.0003697705074121552
-0.0023275326982602927
-0.9153386829763946
0.0004561454610703536
1.2446312505966786
-0.014721949213590262
0.0005097602156387515
-1.0803434157804706
0.08224338120819841
0.0006841358205170132
0.003819325842741659
0.20516222668029216
-0.00020417451321084874
0.26648230472348683
0.0
0.0
0.0
0.0
0.0
0.0
0.0
0.0
0.0
0.0
0.0
0.0
0.0
0.0
0.0
0.0
0.0
0.0
0.0
0.0
0.0
0.0
0.0
0.0
0.0
0.0
0.0
0.0
0.0
0.0
0.0
0.0
0.0
0.0
0.0
0.0
0.0
0.0
0.0
0.0
0.0
0.0
0.0
0.0
0.0
0.0
0.0
0.0
0.0
0.0
0.0
0.0
0.0
0.0
0.0
0.0
0.0
0.0
0.0
0.0
0.0
0.0
0.0
0.0
0.0
0.0
0.0
0.0
0.0
0.0
0.0
0.0
0.0
0.0
0.0
0.0
0.0
0.0
0.0
0.0
0.0
0.0
0.0
0.0
0.0
0.0
0.0
0.0
0.0
0.0
0.0
0.0
0.0
0.0
0.0
0.0
0.0
0.0
0.0
0.0
0.0
0.0
0.0
0.0
0.0
0.0
0.0
0.0
0.0
0.0
0.0
0.0
0.0
0.0
0.0
0.0
0.0
0.0
0.0
0.0
0.0
0.0
0.0
0.0
0.0
0.0
0.0
0.0
0.0
0.0
0.0
0.0
0.0
0.0
0.0
1.0735999888385575
-0.23830376450394036
0.0021788269843264515
-0.002008205252988881
-0.0072898234312153525
-0.003500965930696708
0.0020676614411015946
0.009745343820643014
0.04037243210257155
-0.005280625559472545
-0.002733823814537555
0.003248571981014899
-0.0011066463073361589
-0.004699869343853508
0.01427634389838477
1.0343045689379717
0.0027972407363799226
0.07578064528825708
-0.5954162270314636
0.005464767447245377
-0.001788460051442232
1.1945742590582729
0.003073961391260248
0.003907435971104042
-0.9569185559481896
0.0019728075854860473
1.3134087089839075
-0.006826126157363353
0.002614170198512582
-1.1604692191188013
0.11204322580075236
-0.0025970738650257803
-0.004079221102425404
0.22139791738785236
-0.007655111604663067
0.28897882046380496
0.0
0.0
0.0
0.0
0.0
0.0
0.0
0.0
0.0
0.0
0.0
0.0
0.0
0.0
0.0
0.0
0.0
0.0
0.0
0.0
0.0
0.0
0.0
0.0
0.0
0.0
0.0
0.0
0.0
0.0
0.0
0.0
0.0
0.0
0.0
0.0
0.0
0.0
0.0
0.0
0.0
0.0
0.0
0.0
0.0
0.0
0.0
0.0
0.0
0.0
0.0
0.0
0.0
0.0
0.0
0.0
0.0
0.0
0.0
0.0
0.0
0.0
0.0
0.0
0.0
0.0
0.0
0.0
0.0
0.0
0.0
0.0
0.0
0.0
0.0
0.0
0.0
0.0
0.0
0.0
0.0
0.0
0.0
0.0
0.0
0.0
0.0
0.0
0.0
0.0
0.0
0.0
0.0
0.0
0.0
0.0
0.0
0.0
0.0
0.0
0.0
0.0
0.0
0.0
0.0
0.0
0.0
0.0
0.0
0.0
0.0
0.0
0.0
0.0
0.0
0.0
0.0
0.0
0.0
0.0
0.0
0.0
0.0
0.0
0.0
0.0
0.0
0.0
0.0
0.0
0.0
0.0
0.0
0.0
0.0
1.065277367354506
-0.21038531470202326
0.0016484197187655752
-0.0002500714344355831
0.02583260275298599
-0.00917977961449776
-0.0005188998545267979
-0.03475199802194294
0.040078554932910404
-0.0168603596255565
-0.001717946109763491
-0.030221502111650804
-0.0014537844040797194
0.00025651124866900705
0.025915843113465654
1.1698089245528478
0.003938110541596663
0.015737916387192373
-0.44451361799350125
0.002849654666653337
-0.01702552391713155
1.2096596597212652
-0.0005174237152275321
0.00288125628475686
-0.9078847824753409
-0.0004303633186073508
1.244007538589319
-0.014250896685614078
-0.000455137050574683
-1.0741986719100314
0.08118047649758252
-0.0008731404178768062
0.0035759075556732016
0.20272695967421328
0.0001312308348026977
0.2643647295365924
0.0
0.0
0.0
0.0
0.0
0.0
0.0
0.0
0.0
0.0
0.0
0.0
0.0
0.0
0.0
0.0
0.0
0.0
0.0
0.0
0.0
0.0
0.0
0.0
0.0
0.0
0.0
0.0
0.0
0.0
0.0
0.0
0.0
0.0
0.0
0.0
0.0
0.0
0.0
0.0
0.0
0.0
0.0
0.0
0.0
0.0
0.0
0.0
0.0
0.0
0.0
0.0
0.0
0.0
0.0
0.0
0.0
0.0
0.0
0.0
0.0
0.0
0.0
0.0
0.0
0.0
0.0
0.0
0.0
0.0
0.0
0.0
0.0
0.0
0.0
0.0
0.0
0.0
0.0
0.0
0.0
0.0
0.0
0.0
0.0
0.0
0.0
0.0
0.0
0.0
0.0
0.0
0.0
0.0
0.0
0.0
0.0
0.0
0.0
0.0
0.0
0.0
0.0
0.0
0.0
0.0
0.0
0.0
0.0
0.0
0.0
0.0
0.0
0.0
0.0
0.0
0.0
0.0
0.0
0.0
0.0
0.0
0.0
0.0
0.0
0.0
0.0
0.0
0.0
0.0
0.0
0.0
0.0
0.0
0.0
1.0631658071604115
-0.2045456969209487
-0.003971422285777433
0.0025137575572375245
-0.025185917052019138
0.0005210862884824456
-0.00257430376850786
0.027868369679689357
0.03946117112485327
-0.0066020666968527675
0.0028883033199527623
0.016000470030946966
-0.0045856530523321545
0.005245381000721943
-0.021977322042159617
1.1645303974869403
0.001047681907589689
-0.012163654866930239
-0.45057923554081986
7.375327357884435e-05
0.01665524952102522
1.191162784804917
0.006804991345959379
-0.001178103592543288
-0.8672342550446999
0.006741025720496962
1.2332870921066719
0.011459047028063166
0.005205809576816519
-1.0526077169303738
0.07881735702081126
0.0004348092151935868
-0.002490126511780426
0.19068298054086702
-0.010596080349559958
0.25677432950971246
0.0
0.0
0.0
0.0
0.0
0.0
0.0
0.0
0.0
0.0
0.0
0.0
0.0
0.0
0.0
0.0
0.0
0.0
0.0
0.0
0.0
0.0
0.0
0.0
0.0
0.0
0.0
0.0
0.0
0.0
0.0
0.0
0.0
0.0
0.0
0.0
0.0
0.0
0.0
0.0
0.0
0.0
0.0
0.0
0.0
0.0
0.0
0.0
0.0
0.0
0.0
0.0
0.0
0.0
0.0
0.0
0.0
0.0
0.0
0.0
0.0
0.0
0.0
0.0
0.0
0.0
0.0
0.0
0.0
0.0
0.0
0.0
0.0
0.0
0.0
0.0
0.0
0.0
0.0
0.0
0.0
0.0
0.0
0.0
0.0
0.0
0.0
0.0
0.0
0.0
0.0
0.0
0.0
0.0
0.0
0.0
0.0
0.0
0.0
0.0
0.0
0.0
0.0
0.0
0.0
0.0
0.0
0.0
0.0
0.0
0.0
0.0
0.0
0.0
0.0
0.0
0.0
0.0
0.0
0.0
0.0
0.0
0.0
0.0
0.0
0.0
0.0
0.0
0.0
0.0
0.0
0.0
0.0
0.0
0.0
1.065391827765106
-0.21414582124648956
-0.0015109859386122524
0.0003929559112569259
-0.0286565773928691
-0.008284201808490608
0.0006279925841051566
0.03558826800269113
0.039457158196111675
-0.022559830171465088
0.002414840040628748
0.02724010855067773
-0.0013808451161033432
-0.00032299474740194454
-0.024714133112956994
1.1583082128468063
-0.0030869505098866327
-0.03466915441082431
-0.46926170435139736
-0.002584139067760601
0.008014482626446228
1.205668952298506
-0.0010648597498811258
-0.0023909327237458208
-0.9222296115000488
-2.02950595827436e-05
1.2334503307795832
0.007520837167277728
-4.393161424211145e-05
-1.080189000822449
0.08470913410097954
0.0008130830837655292
-0.0004071784882670906
0.20716247631916024
-0.00010327935551487815
0.26660710013431943
0.0
0.0
0.0
0.0
0.0
0.0
0.0
0.0
0.0
0.0
0.0
0.0
0.0
0.0
0.0
0.0
0.0
0.0
0.0
0.0
0.0
0.0
0.0
0.0
0.0
0.0
0.0
0.0
0.0
0.0
0.0
0.0
0.0
0.0
0.0
0.0
0.0
0.0
0.0
0.0
0.0
0.0
0.0
0.0
0.0
0.0
0.0
0.0
0.0
0.0
0.0
0.0
0.0
0.0
0.0
0.0
0.0
0.0
0.0
0.0
0.0
0.0
0.0
0.0
0.0
0.0
0.0
0.0
0.0
0.0
0.0
0.0
0.0
0.0
0.0
0.0
0.0
0.0
0.0
0.0
0.0
0.0
0.0
0.0
0.0
0.0
0.0
0.0
0.0
0.0
0.0
0.0
0.0
0.0
0.0
0.0
0.0
0.0
0.0
0.0
0.0
0.0
0.0
0.0
0.0
0.0
0.0
0.0
0.0
0.0
0.0
0.0
0.0
0.0
0.0
0.0
0.0
0.0
0.0
0.0
0.0
0.0
0.0
0.0
0.0
0.0
0.0
0.0
0.0
0.0
0.0
0.0
0.0
0.0
0.0
1.0622693496807853
-0.19905652504820187
-0.0014555475548080699
-0.002252071835166199
-0.02600797934531166
-0.005223793030270291
0.0026969253125858706
0.027285983360663728
0.039919931084672566
-0.013948544079311086
-0.0018500060176068023
0.012628559691417835
-0.003297657615685524
-0.005243021322890583
-0.021816841702000253
1.1626266726114713
5.361561870121561e-05
-0.013834664718507979
-0.4196984147749184
0.00032726249638532416
0.01927313423166686
1.2013034200524608
-0.0063010838889106455
0.00134922870071263
-0.8511032639080813
-0.006918388658249208
1.2309398281634105
0.013416034680211015
-0.005061651647843926
-1.0400147395002683
0.07431857092423635
-0.0006488642036683098
-0.00367346482387519
0.186068012787237
0.010320836389424166
0.2527092509340354
0.0
0.0
0.0
0.0
0.0
0.0
0.0
0.0
0.0
0.0
0.0
0.0
0.0
0.0
0.0
0.0
0.0
0.0
0.0
0.0
0.0
0.0
0.0
0.0
0.0
0.0
0.0
0.0
0.0
0.0
0.0
0.0
0.0
0.0
0.0
0.0
0.0
0.0
0.0
0.0
0.0
0.0
0.0
0.0
0.0
0.0
0.0
0.0
0.0
0.0
0.0
0.0
0.0
0.0
0.0
0.0
0.0
0.0
0.0
0.0
0.0
0.0
0.0
0.0
0.0
0.0
0.0
0.0
0.0
0.0
0.0
0.0
0.0
0.0
0.0
0.0
0.0
0.0
0.0
0.0
0.0
0.0
0.0
0.0
0.0
0.0
0.0
0.0
0.0
0.0
0.0
0.0
0.0
0.0
0.0
0.0
0.0
0.0
0.0
0.0
0.0
0.0
0.0
0.0
0.0
0.0
0.0
0.0
0.0
0.0
0.0
0.0
0.0
0.0
0.0
0.0
0.0
0.0
0.0
0.0
0.0
0.0
0.0
0.0
0.0
0.0
0.0
0.0
0.0
0.0
0.0
0.0
0.0
0.0
0.0
1.0756123860350826
-0.2436656985027603
0.0022734194012602378
-0.00023961169557385468
0.004917566828652433
-0.006653612300856853
-0.0006678207038415989
-0.0009946357076272884
0.040090119157268254
-0.012162319423361722
-0.0023173419450695934
0.012254252538943793
0.0002652883181633608
0.0004911553813705366
-0.01965505855163642
1.1275559217204942
-0.002009196479596574
-0.050400119657103074
-0.5915873193342187
0.0012681200812617063
0.007551851669832513
1.2253140933725968
0.0009776259173880399
0.0011991144552418117
-0.9968077070972552
0.0007018170602866791
1.324628048108562
0.008867775489616644
0.0006599323679981687
-1.183042596728479
0.1104286355794929
-0.00032211013096038307
-0.0001057941498482426
0.23290228072661998
-0.0003851521719543164
0.29729754781508544
0.0
0.0
0.0
0.0
0.0
0.0
0.0
0.0
0.0
0.0
0.0
0.0
0.0
0.0
0.0
0.0
0.0
0.0
0.0
0.0
0.0
0.0
0.0
0.0
0.0
0.0
0.0
0.0
0.0
0.0
0.0
0.0
0.0
0.0
0.0
0.0
0.0
0.0
0.0
0.0
0.0
0.0
0.0
0.0
0.0
0.0
0.0
0.0
0.0
0.0
0.0
0.0
0.0
0.0
0.0
0.0
0.0
0.0
0.0
0.0
0.0
0.0
0.0
0.0
0.0
0.0
0.0
0.0
0.0
0.0
0.0
0.0
0.0
0.0
0.0
0.0
0.0
0.0
0.0
0.0
0.0
0.0
0.0
0.0
0.0
0.0
0.0
0.0
0.0
0.0
0.0
0.0
0.0
0.0
0.0
0.0
0.0
0.0
0.0
0.0
0.0
0.0
0.0
0.0
0.0
0.0
0.0
0.0
0.0
0.0
0.0
0.0
0.0
0.0
0.0
0.0
0.0
0.0
0.0
0.0
0.0
0.0
0.0
0.0
0.0
0.0
0.0
0.0
0.0
0.0
0.0
0.0
0.0
0.0
0.0
1.0832353303045514
-0.26448344152166775
-0.08179501187974322
0.005019392254428346
0.015271641655510603
0.10348308931783609
0.005768359576811143
-0.0184080428370309
0.03602885935184876
0.07770299385874299
0.024722408482819647
-0.013606493164015954
-0.041218620827599764
-0.006482551781558755
0.007656571216252761
1.3974547133853732
0.028524593169739487
0.009244210534904651
-1.3629922310511633
0.005580784139060381
0.0001893602663679905
1.2182047893652763
0.013646889170720829
0.0062291411730674385
-0.9628374305509724
0.01732942651433124
1.053974720497425
0.0008558264190457729
0.018143649244177107
-0.6924811266585389
0.36029779203580203
-0.008119145716085675
-0.0025978684079166602
0.21903538756518703
-0.004318602456146735
0.1406487641726626
0.0
0.0
0.0
0.0
0.0
0.0
0.0
0.0
0.0
0.0
0.0
0.0
0.0
0.0
0.0
0.0
0.0
0.0
0.0
0.0
0.0
0.0
0.0
0.0
0.0
0.0
0.0
0.0
0.0
0.0
0.0
0.0
0.0
0.0
0.0
0.0
0.0
0.0
0.0
0.0
0.0
0.0
0.0
0.0
0.0
0.0
0.0
0.0
0.0
0.0
0.0
0.0
0.0
0.0
0.0
0.0
0.0
0.0
0.0
0.0
0.0
0.0
0.0
0.0
0.0
0.0
0.0
0.0
0.0
0.0
0.0
0.0
0.0
0.0
0.0
0.0
0.0
0.0
0.0
0.0
0.0
0.0
0.0
0.0
0.0
0.0
0.0
0.0
0.0
0.0
0.0
0.0
0.0
0.0
0.0
0.0
0.0
0.0
0.0
0.0
0.0
0.0
0.0
0.0
0.0
0.0
0.0
0.0
0.0
0.0
0.0
0.0
0.0
0.0
0.0
0.0
0.0
0.0
0.0
0.0
0.0
0.0
0.0
0.0
0.0
0.0
0.0
0.0
0.0
0.0
0.0
0.0
0.0
0.0
0.0
1.0595894921993274
-0.19643394467229902
0.06137232694529581
0.001337398016480564
0.000433543533519656
-0.095290578913918
-0.0019430077130280715
-0.002993280401002691
0.03677681196522063
-0.11533223202911347
-0.0006722630772620506
-0.006589797712350074
0.05481667307923659
-1.3182147631553406e-06
0.0005857570454672507
1.1151164910019888
0.014470479988644362
0.005275611561436428
-0.9547022405478189
-0.0036811354249107198
0.001689635412566586
1.1429782753268047
0.016942201769760582
-0.0031938098244587675
-0.8707643066323396
0.0013554217020854652
1.114093721687409
0.0009045849271022504
0.00501927476025987
-0.4808127937963298
0.22606498787514814
0.0010159779341883924
-0.0010468021188606274
0.18726456973726582
-0.0027177955728656875
0.07763396740781164
0.0
0.0
0.0
0.0
0.0
0.0
0.0
0.0
0.0
0.0
0.0
0.0
0.0
0.0
0.0
0.0
0.0
0.0
0.0
0.0
0.0
0.0
0.0
0.0
0.0
0.0
0.0
0.0
0.0
0.0
0.0
0.0
0.0
0.0
0.0
0.0
0.0
0.0
0.0
0.0
0.0
0.0
0.0
0.0
0.0
0.0
0.0
0.0
0.0
0.0
0.0
0.0
0.0
0.0
0.0
0.0
0.0
0.0
0.0
0.0
0.0
0.0
0.0
0.0
0.0
0.0
0.0
0.0
0.0
0.0
0.0
0.0
0.0
0.0
0.0
0.0
0.0
0.0
0.0
0.0
0.0
0.0
0.0
0.0
0.0
0.0
0.0
0.0
0.0
0.0
0.0
0.0
0.0
0.0
0.0
0.0
0.0
0.0
0.0
0.0
0.0
0.0
0.0
0.0
0.0
0.0
0.0
0.0
0.0
0.0
0.0
0.0
0.0
0.0
0.0
0.0
0.0
0.0
0.0
0.0
0.0
0.0
0.0
0.0
0.0
0.0
0.0
0.0
0.0
0.0
0.0
0.0
0.0
0.0
0.0
1.0823705652870017
-0.2593025407930236
-0.08962471712177464
-0.006588169634546271
0.00754230566043454
0.11556597875562469
-0.0014066951167887465
-0.007934583260280856
0.037347255290686596
0.08987108724398588
-0.01735563453161181
-0.004125736781311258
-0.04783146241398261
0.005379869745931453
0.0021371403347169088
1.3917208128058998
-0.04140013895287896
0.012245219050816901
-1.3530830542435297
0.007075548149999677
-0.006273766480209931
1.2013990209807268
-0.0036733145922175857
0.006371257946804156
-0.9463766198299525
-0.01489757026898874
1.0466887220139354
-0.00585817934619028
-0.015458547472526611
-0.6855759693320278
0.3576318958217174
0.0006883517866352167
0.002559154158069548
0.21381542831284325
0.0027188745532739454
0.13879051140440324
0.0
0.0
0.0
0.0
0.0
0.0
0.0
0.0
0.0
0.0
0.0
0.0
0.0
0.0
0.0
0.0
0.0
0.0
0.0
0.0
0.0
0.0
0.0
0.0
0.0
0.0
0.0
0.0
0.0
0.0
0.0
0.0
0.0
0.0
0.0
0.0
0.0
0.0
0.0
0.0
0.0
0.0
0.0
0.0
0.0
0.0
0.0
0.0
0.0
0.0
0.0
0.0
0.0
0.0
0.0
0.0
0.0
0.0
0.0
0.0
0.0
0.0
0.0
0.0
0.0
0.0
0.0
0.0
0.0
0.0
0.0
0.0
0.0
0.0
0.0
0.0
0.0
0.0
0.0
0.0
0.0
0.0
0.0
0.0
0.0
0.0
0.0
0.0
0.0
0.0
0.0
0.0
0.0
0.0
0.0
0.0
0.0
0.0
0.0
0.0
0.0
0.0
0.0
0.0
0.0
0.0
0.0
0.0
0.0
0.0
0.0
0.0
0.0
0.0
0.0
0.0
0.0
0.0
0.0
0.0
0.0
0.0
0.0
0.0
0.0
0.0
0.0
0.0
0.0
0.0
0.0
0.0
0.0
0.0
0.0
1.082406049388084
-0.24935902870528667
-0.1424797077496452
0.0032333291445746457
0.0005324525167544555
0.17830147284266407
-0.004577104554040789
-0.0001250427489438606
0.0405636129295846
0.12852102981206778
-0.004588702087122941
0.0013282223334378747
-0.07752032971788272
0.0024897468623860932
8.519117844715379e-05
1.4050681250576864
-0.0037320004506885647
-0.009230174774628041
-1.3668956109979689
0.0032983301179347006
0.0026142139965501954
1.1907801496055312
-0.033291992487724346
0.0033243796678150027
-0.9211161772015339
0.0013720706524502383
1.0882803851188068
0.0021810948560025928
0.0004895332028343099
-0.6900190566841247
0.37353794175671473
-0.0022995740879874953
-0.001044062407831189
0.2033089883458618
0.005111055958802207
0.1348008053393406
0.0
0.0
0.0
0.0
0.0
0.0
0.0
0.0
0.0
0.0
0.0
0.0
0.0
0.0
0.0
0.0
0.0
0.0
0.0
0.0
0.0
0.0
0.0
0.0
0.0
0.0
0.0
0.0
0.0
0.0
0.0
0.0
0.0
0.0
0.0
0.0
0.0
0.0
0.0
0.0
0.0
0.0
0.0
0.0
0.0
0.0
0.0
0.0
0.0
0.0
0.0
0.0
0.0
0.0
0.0
0.0
0.0
0.0
0.0
0.0
0.0
0.0
0.0
0.0
0.0
0.0
0.0
0.0
0.0
0.0
0.0
0.0
0.0
0.0
0.0
0.0
0.0
0.0
0.0
0.0
0.0
0.0
0.0
0.0
0.0
0.0
0.0
0.0
0.0
0.0
0.0
0.0
0.0
0.0
0.0
0.0
0.0
0.0
0.0
0.0
0.0
0.0
0.0
0.0
0.0
0.0
0.0
0.0
0.0
0.0
0.0
0.0
0.0
0.0
0.0
0.0
0.0
0.0
0.0
0.0
0.0
0.0
0.0
0.0
0.0
0.0
0.0
0.0
0.0
0.0
0.0
0.0
0.0
0.0
0.0
1.0806921551175983
-0.2481186140573689
-0.061411445324987546
0.05096858204705286
0.0036086350165117093
0.08548420587103787
-0.07000330578028512
-0.006284969878735544
0.04693507539290481
0.08273000015633547
-0.062433384026065665
-0.009083949854407743
-0.03664247520293522
0.02648910425335322
0.0031464039862205556
1.2276185633633312
-0.12026690032903284
-0.019820980820933847
-1.1809502415059288
0.03674930606409646
0.011997662950412344
1.269984678655291
-0.0051675121118995235
0.03540239017358034
-1.0935562081749466
-0.006743945715888063
1.0267846034798522
0.011228757978714924
-0.007580410300001658
-0.6113755714233189
0.30954724620372176
-0.019053139645910912
-0.005519751592034262
0.25877945679571374
0.003343365798685827
0.1228852750933383
0.0
0.0
0.0
0.0
0.0
0.0
0.0
0.0
0.0
0.0
0.0
0.0
0.0
0.0
0.0
0.0
0.0
0.0
0.0
0.0
0.0
0.0
0.0
0.0
0.0
0.0
0.0
0.0
0.0
0.0
0.0
0.0
0.0
0.0
0.0
0.0
0.0
0.0
0.0
0.0
0.0
0.0
0.0
0.0
0.0
0.0
0.0
0.0
0.0
0.0
0.0
0.0
0.0
0.0
0.0
0.0
0.0
0.0
0.0
0.0
0.0
0.0
0.0
0.0
0.0
0.0
0.0
0.0
0.0
0.0
0.0
0.0
0.0
0.0
0.0
0.0
0.0
0.0
0.0
0.0
0.0
0.0
0.0
0.0
0.0
0.0
0.0
0.0
0.0
0.0
0.0
0.0
0.0
0.0
0.0
0.0
0.0
0.0
0.0
0.0
0.0
0.0
0.0
0.0
0.0
0.0
0.0
0.0
0.0
0.0
0.0
0.0
0.0
0.0
0.0
0.0
0.0
0.0
0.0
0.0
0.0
0.0
0.0
0.0
0.0
0.0
0.0
0.0
0.0
0.0
0.0
0.0
0.0
0.0
0.0
1.0686052777797053
-0.21034234593633674
-0.022180910382806444
-0.0019907193344032167
-0.0007067016950612036
0.06031474509300227
0.0018058515473585455
-0.001059482831038757
0.04914164331965801
0.09855073522193353
0.001928281682851189
-0.005097222608093456
-0.02521031876060812
-0.0005811795272474361
-0.0009027652766774326
1.1775071776104418
0.007870546832870683
-0.005812308721129254
-1.0832910203710773
-0.002399907990058384
-0.00507098090909712
1.1410871567220933
0.001063001022646154
-0.0018239311919382587
-0.9321687259123238
0.0042414832316265035
1.1733955493729593
-0.003694338198177252
0.0065107352218235146
-0.46934752998327633
0.2791976812091743
0.0011168830676276784
0.002841541142773969
0.21021238610886586
-0.0023175658050231937
0.08488017059520946
0.0
0.0
0.0
0.0
0.0
0.0
0.0
0.0
0.0
0.0
0.0
0.0
0.0
0.0
0.0
0.0
0.0
0.0
0.0
0.0
0.0
0.0
0.0
0.0
0.0
0.0
0.0
0.0
0.0
0.0
0.0
0.0
0.0
0.0
0.0
0.0
0.0
0.0
0.0
0.0
0.0
0.0
0.0
0.0
0.0
0.0
0.0
0.0
0.0
0.0
0.0
0.0
0.0
0.0
0.0
0.0
0.0
0.0
0.0
0.0
0.0
0.0
0.0
0.0
0.0
0.0
0.0
0.0
0.0
0.0
0.0
0.0
0.0
0.0
0.0
0.0
0.0
0.0
0.0
0.0
0.0
0.0
0.0
0.0
0.0
0.0
0.0
0.0
0.0
0.0
0.0
0.0
0.0
0.0
0.0
0.0
0.0
0.0
0.0
0.0
0.0
0.0
0.0
0.0
0.0
0.0
0.0
0.0
0.0
0.0
0.0
0.0
0.0
0.0
0.0
0.0
0.0
0.0
0.0
0.0
0.0
0.0
0.0
0.0
0.0
0.0
0.0
0.0
0.0
0.0
0.0
0.0
0.0
0.0
0.0
1.0809111702541063
-0.24806415428610842
-0.043865966331552125
-0.050614799210497566
0.006924131982906358
0.08598548599785273
0.06525655573435729
-0.007147500657770725
0.04709431056465918
0.11449671492803612
0.052095330516596615
-0.004030122996337326
-0.03172143802202036
-0.025096871386861185
0.00246385160378003
1.2695769828035024
0.11278196430368564
-0.008926552266115613
-1.147188863330404
-0.03495833262425548
0.014663831192914888
1.266039873703983
-0.0006637767189427322
-0.03163675556577002
-1.0947433209171167
0.005733022668064288
1.0127055153341564
0.014748734742930975
0.00607159569037254
-0.6207063344529375
0.30481129293544185
0.0154502239624075
-0.007202450519765955
0.2595481206205924
-0.0027620263186361946
0.12496618020474665
0.0
0.0
0.0
0.0
0.0
0.0
0.0
0.0
0.0
0.0
0.0
0.0
0.0
0.0
0.0
0.0
0.0
0.0
0.0
0.0
0.0
0.0
0.0
0.0
0.0
0.0
0.0
0.0
0.0
0.0
0.0
0.0
0.0
0.0
0.0
0.0
0.0
0.0
0.0
0.0
0.0
0.0
0.0
0.0
0.0
0.0
0.0
0.0
0.0
0.0
0.0
0.0
0.0
0.0
0.0
0.0
0.0
0.0
0.0
0.0
0.0
0.0
0.0
0.0
0.0
0.0
0.0
0.0
0.0
0.0
0.0
0.0
0.0
0.0
0.0
0.0
0.0
0.0
0.0
0.0
0.0
0.0
0.0
0.0
0.0
0.0
0.0
0.0
0.0
0.0
0.0
0.0
0.0
0.0
0.0
0.0
0.0
0.0
0.0
0.0
0.0
0.0
0.0
0.0
0.0
0.0
0.0
0.0
0.0
0.0
0.0
0.0
0.0
0.0
0.0
0.0
0.0
0.0
0.0
0.0
0.0
0.0
0.0
0.0
0.0
0.0
0.0
0.0
0.0
0.0
0.0
0.0
0.0
0.0
0.0
1.0649430990264592
-0.20318635900530937
-0.007857473602626225
-0.0027783521988186534
-0.0005479773741403017
0.03912906585359798
0.002842262990784147
-0.0005094292714895854
0.04384990923619378
0.07898131600873154
0.0010905152449238729
-0.00307068181331974
-0.008537207871765241
-0.0010214319902660134
8.971274866655847e-05
1.2263329955257942
0.0027517112150915344
0.010418577629741563
-1.022394874352952
-0.0039025779100079153
-0.004703068767427626
1.1826929003343087
-0.0007535291474797192
-0.0037394517646292145
-0.8788294581371542
-0.004550165059549225
1.1655964517168327
-0.003613893386364063
-0.005591711316840718
-0.47009110801193715
0.2560406149359825
0.0023426560982795783
0.0016953608897984957
0.18945941664580507
0.001782845245674799
0.08004126770795297
0.0
0.0
0.0
0.0
0.0
0.0
0.0
0.0
0.0
0.0
0.0
0.0
0.0
0.0
0.0
0.0
0.0
0.0
0.0
0.0
0.0
0.0
0.0
0.0
0.0
0.0
0.0
0.0
0.0
0.0
0.0
0.0
0.0
0.0
0.0
0.0
0.0
0.0
0.0
0.0
0.0
0.0
0.0
0.0
0.0
0.0
0.0
0.0
0.0
0.0
0.0
0.0
0.0
0.0
0.0
0.0
0.0
0.0
0.0
0.0
0.0
0.0
0.0
0.0
0.0
0.0
0.0
0.0
0.0
0.0
0.0
0.0
0.0
0.0
0.0
0.0
0.0
0.0
0.0
0.0
0.0
0.0
0.0
0.0
0.0
0.0
0.0
0.0
0.0
0.0
0.0
0.0
0.0
0.0
0.0
0.0
0.0
0.0
0.0
0.0
0.0
0.0
0.0
0.0
0.0
0.0
0.0
0.0
0.0
0.0
0.0
0.0
0.0
0.0
0.0
0.0
0.0
0.0
0.0
0.0
0.0
0.0
0.0
0.0
0.0
0.0
0.0
0.0
0.0
0.0
0.0
0.0
0.0
0.0
0.0
1.0773161187343239
-0.24322607299886145
0.020381507546476944
0.003405281861645956
-0.08354690432387157
-0.022445918254660427
-0.0005446091766624431
0.10104351965004332
0.03863089978422591
-0.009275700728906374
0.005696610096846654
0.061604694938363715
0.006178675738512357
0.0027733965012979277
-0.03174866314833891
1.049428062575879
0.004590040149231568
-0.10392933946432426
-0.6292664158349208
-0.009213560849373642
0.03100446308048369
1.1724558454566072
-0.02826156808285022
-0.008943324924869153
-0.9045358842303144
0.026459268024237793
1.3594604687751946
0.0357207704236196
0.02651701603657891
-1.2477400643129073
0.12195715023809539
0.004732459097729123
-0.01705529934609984
0.2033751538666946
-0.012109431864882494
0.3225505870273918
0.0
0.0
0.0
0.0
0.0
0.0
0.0
0.0
0.0
0.0
0.0
0.0
0.0
0.0
0.0
0.0
0.0
0.0
0.0
0.0
0.0
0.0
0.0
0.0
0.0
0.0
0.0
0.0
0.0
0.0
0.0
0.0
0.0
0.0
0.0
0.0
0.0
0.0
0.0
0.0
0.0
0.0
0.0
0.0
0.0
0.0
0.0
0.0
0.0
0.0
0.0
0.0
0.0
0.0
0.0
0.0
0.0
0.0
0.0
0.0
0.0
0.0
0.0
0.0
0.0
0.0
0.0
0.0
0.0
0.0
0.0
0.0
0.0
0.0
0.0
0.0
0.0
0.0
0.0
0.0
0.0
0.0
0.0
0.0
0.0
0.0
0.0
0.0
0.0
0.0
0.0
0.0
0.0
0.0
0.0
0.0
0.0
0.0
0.0
0.0
0.0
0.0
0.0
0.0
0.0
0.0
0.0
0.0
0.0
0.0
0.0
0.0
0.0
0.0
0.0
0.0
0.0
0.0
0.0
0.0
0.0
0.0
0.0
0.0
0.0
0.0
0.0
0.0
0.0
0.0
0.0
0.0
0.0
0.0
0.0
1.0809407942880387
-0.25952975749651214
-0.015500882024003867
0.005722107046385842
0.09424885087924635
0.018422431975135982
-0.006307661936865284
-0.11068549408544183
0.03652125915376603
0.012973731011710232
-0.002668570252602129
-0.06888481224800924
-0.005530571585542175
0.0016327579621360044
0.04448697362245323
0.9914418181364608
0.012111392120750436
-0.033541699939725604
-0.6454349945890048
-0.004348341038768036
0.019528175251185456
1.3255296187533157
0.0097863085830672
-0.004565056773409971
-1.091508405778148
-0.010306127664415365
1.282052406492567
0.02007655614434238
-0.010464561184411508
-1.167882087429197
0.13229542457500612
0.001651345394602732
-0.01096330586302659
0.2507923454867321
0.007895360091204555
0.29775642445282835
0.0
0.0
0.0
0.0
0.0
0.0
0.0
0.0
0.0
0.0
0.0
0.0
0.0
0.0
0.0
0.0
0.0
0.0
0.0
0.0
0.0
0.0
0.0
0.0
0.0
0.0
0.0
0.0
0.0
0.0
0.0
0.0
0.0
0.0
0.0
0.0
0.0
0.0
0.0
0.0
0.0
0.0
0.0
0.0
0.0
0.0
0.0
0.0
0.0
0.0
0.0
0.0
0.0
0.0
0.0
0.0
0.0
0.0
0.0
0.0
0.0
0.0
0.0
0.0
0.0
0.0
0.0
0.0
0.0
0.0
0.0
0.0
0.0
0.0
0.0
0.0
0.0
0.0
0.0
0.0
0.0
0.0
0.0
0.0
0.0
0.0
0.0
0.0
0.0
0.0
0.0
0.0
0.0
0.0
0.0
0.0
0.0
0.0
0.0
0.0
0.0
0.0
0.0
0.0
0.0
0.0
0.0
0.0
0.0
0.0
0.0
0.0
0.0
0.0
0.0
0.0
0.0
0.0
0.0
0.0
0.0
0.0
0.0
0.0
0.0
0.0
0.0
0.0
0.0
0.0
0.0
0.0
0.0
0.0
0.0
1.0656483161742445
-0.21165401000391992
-0.014286012028310185
0.010540723185659035
0.03210600845073289
0.03057649509854341
-0.017559477137822244
-0.03181568777175322
0.038093480674443056
0.04137713229727714
-0.02222156514627841
-0.01631319317476487
-0.00858224135461046
0.004729008754117878
0.026137424455793434
1.1723110527969998
0.0026015675598354718
0.015537072958188559
-0.4623449702090363
0.019998208283246388
0.016178799753020084
1.212534605052929
0.028555037102891957
0.017092558824785112
-0.9030345264346856
-0.05800403454219078
1.2439826731788934
0.012674367421413774
-0.0554733804025661
-1.0640740152417827
0.08314125990794516
-0.007927235988031116
-0.008322757390528401
0.19918674419391774
0.03170658288508564
0.25717168530541673
0.0
0.0
0.0
0.0
0.0
0.0
0.0
0.0
0.0
0.0
0.0
0.0
0.0
0.0
0.0
0.0
0.0
0.0
0.0
0.0
0.0
0.0
0.0
0.0
0.0
0.0
0.0
0.0
0.0
0.0
0.0
0.0
0.0
0.0
0.0
0.0
0.0
0.0
0.0
0.0
0.0
0.0
0.0
0.0
0.0
0.0
0.0
0.0
0.0
0.0
0.0
0.0
0.0
0.0
0.0
0.0
0.0
0.0
0.0
0.0
0.0
0.0
0.0
0.0
0.0
0.0
0.0
0.0
0.0
0.0
0.0
0.0
0.0
0.0
0.0
0.0
0.0
0.0
0.0
0.0
0.0
0.0
0.0
0.0
0.0
0.0
0.0
0.0
0.0
0.0
0.0
0.0
0.0
0.0
0.0
0.0
0.0
0.0
0.0
0.0
0.0
0.0
0.0
0.0
0.0
0.0
0.0
0.0
0.0
0.0
0.0
0.0
0.0
0.0
0.0
0.0
0.0
0.0
0.0
0.0
0.0
0.0
0.0
0.0
0.0
0.0
0.0
0.0
0.0
0.0
0.0
0.0
0.0
0.0
0.0
1.0803377720303369
-0.25861556808698516
0.003437502152213851
0.003752052592482863
0.0878508911590046
-0.01030673277168616
-0.005053788602283917
-0.10393967371421314
0.036237034543561045
-0.02033083241225212
-0.0037553504985701203
-0.0668781826837723
0.005931324310399637
0.003184566371099636
0.04263558567757808
0.9810930951020862
-0.015334933715635699
0.00011684130448654136
-0.645235250054591
0.004022525689837128
0.014868434497342296
1.322923362394897
0.010029087115876969
0.004339509413666929
-1.0887560790330524
-0.003247015683691701
1.2822727100530367
0.014213907967160268
-0.003397660045219258
-1.1648657457155047
0.1327919320677864
-0.0012975121391029785
-0.008871563796279165
0.24779264570167578
0.0012103631996416746
0.29730251978992894
0.0
0.0
0.0
0.0
0.0
0.0
0.0
0.0
0.0
0.0
0.0
0.0
0.0
0.0
0.0
0.0
0.0
0.0
0.0
0.0
0.0
0.0
0.0
0.0
0.0
0.0
0.0
0.0
0.0
0.0
0.0
0.0
0.0
0.0
0.0
0.0
0.0
0.0
0.0
0.0
0.0
0.0
0.0
0.0
0.0
0.0
0.0
0.0
0.0
0.0
0.0
0.0
0.0
0.0
0.0
0.0
0.0
0.0
0.0
0.0
0.0
0.0
0.0
0.0
0.0
0.0
0.0
0.0
0.0
0.0
0.0
0.0
0.0
0.0
0.0
0.0
0.0
0.0
0.0
0.0
0.0
0.0
0.0
0.0
0.0
0.0
0.0
0.0
0.0
0.0
0.0
0.0
0.0
0.0
0.0
0.0
0.0
0.0
0.0
0.0
0.0
0.0
0.0
0.0
0.0
0.0
0.0
0.0
0.0
0.0
0.0
0.0
0.0
0.0
0.0
0.0
0.0
0.0
0.0
0.0
0.0
0.0
0.0
0.0
0.0
0.0
0.0
0.0
0.0
0.0
0.0
0.0
0.0
0.0
0.0
1.066092565367939
-0.20774286227402247
-0.004108054843226567
-0.02033030649616025
-0.04288084486942015
0.009162030847748793
0.03197428686989433
0.048782230670833746
0.04105318038143241
0.013371007230075817
0.036316138697552486
0.03216480382834462
-0.0033407526393534727
-0.011716914633998824
-0.028101850733788368
1.1629522107237764
0.005729157965055353
-0.017842166718320153
-0.4275622277936138
-0.013972905355492563
-0.022785278514090256
1.210460374877424
0.06162550002879173
-0.01234090129215996
-0.9324652852566097
-0.05585861454267271
1.2287412571726752
-0.018603778663445238
-0.05444317351094312
-1.050294946981596
0.08131122193281452
0.006170280729571608
0.010070845033022377
0.2080928128305124
0.03133536370178566
0.25324050085560634
0.0
0.0
0.0
0.0
0.0
0.0
0.0
0.0
0.0
0.0
0.0
0.0
0.0
0.0
0.0
0.0
0.0
0.0
0.0
0.0
0.0
0.0
0.0
0.0
0.0
0.0
0.0
0.0
0.0
0.0
0.0
0.0
0.0
0.0
0.0
0.0
0.0
0.0
0.0
0.0
0.0
0.0
0.0
0.0
0.0
0.0
0.0
0.0
0.0
0.0
0.0
0.0
0.0
0.0
0.0
0.0
0.0
0.0
0.0
0.0
0.0
0.0
0.0
0.0
0.0
0.0
0.0
0.0
0.0
0.0
0.0
0.0
0.0
0.0
0.0
0.0
0.0
0.0
0.0
0.0
0.0
0.0
0.0
0.0
0.0
0.0
0.0
0.0
0.0
0.0
0.0
0.0
0.0
0.0
0.0
0.0
0.0
0.0
0.0
0.0
0.0
0.0
0.0
0.0
0.0
0.0
0.0
0.0
0.0
0.0
0.0
0.0
0.0
0.0
0.0
0.0
0.0
0.0
0.0
0.0
0.0
0.0
0.0
0.0
0.0
0.0
0.0
0.0
0.0
0.0
0.0
0.0
0.0
0.0
0.0
1.0864267272882278
-0.2746004087392656
0.003805155413559461
-0.0009087908315765891
0.0005208823420854755
0.0019980437380994406
0.0009437792832501909
0.0046115031681407
0.03548922997114787
0.0149497200350114
8.430558394204362e-05
0.014764796015966825
-0.002609838257239712
-0.000826939977431081
-0.006167329841719008
1.0504722813292684
0.02095040459916627
0.09562102769850458
-0.6986487385070567
-0.005666540451296813
-0.03855694878252994
1.3013640829244406
0.006027125605664697
-0.006083443131524642
-1.0552370284662986
-0.0036044237158264223
1.398896542503474
-0.04115785445134619
-0.003697489547952097
-1.2991077870750392
0.1431612112978564
0.0021003846950899932
0.02005552619941707
0.24057868848540054
0.0019510355218931685
0.33352996004472724
0.0
0.0
0.0
0.0
0.0
0.0
0.0
0.0
0.0
0.0
0.0
0.0
0.0
0.0
0.0
0.0
0.0
0.0
0.0
0.0
0.0
0.0
0.0
0.0
0.0
0.0
0.0
0.0
0.0
0.0
0.0
0.0
0.0
0.0
0.0
0.0
0.0
0.0
0.0
0.0
0.0
0.0
0.0
0.0
0.0
0.0
0.0
0.0
0.0
0.0
0.0
0.0
0.0
0.0
0.0
0.0
0.0
0.0
0.0
0.0
0.0
0.0
0.0
0.0
0.0
0.0
0.0
0.0
0.0
0.0
0.0
0.0
0.0
0.0
0.0
0.0
0.0
0.0
0.0
0.0
0.0
0.0
0.0
0.0
0.0
0.0
0.0
0.0
0.0
0.0
0.0
0.0
0.0
0.0
0.0
0.0
0.0
0.0
0.0
0.0
0.0
0.0
0.0
0.0
0.0
0.0
0.0
0.0
0.0
0.0
0.0
0.0
0.0
0.0
0.0
0.0
0.0
0.0
0.0
0.0
0.0
0.0
0.0
0.0
0.0
0.0
0.0
0.0
0.0
0.0
0.0
0.0
0.0
0.0
0.0
1.0659892222711824
-0.20505156095818505
-0.007429048348365405
0.025746786726806685
-0.03881418997975376
0.014005870222800788
-0.04186452928185472
0.04331147449325254
0.04272804286618821
0.018238874813354868
-0.05149731581000465
0.03032417846250708
-0.004043121304096168
0.015789127670190712
-0.029906107090294134
1.1611927118324947
0.004494189162309526
-0.01842152261744713
-0.44968557215285615
0.009528993203634938
-0.024745108490431773
1.2071370536752724
-0.04449656947598765
0.010566004612056944
-0.9074439725955596
0.07846829394264612
1.2276401517516828
-0.0193854249200621
0.07459365474579419
-1.0429478696066619
0.08456024644728219
-0.005528130472288254
0.010743303183911191
0.20192743712638556
-0.043228085297357936
0.2537758005369032
0.0
0.0
0.0
0.0
0.0
0.0
0.0
0.0
0.0
0.0
0.0
0.0
0.0
0.0
0.0
0.0
0.0
0.0
0.0
0.0
0.0
0.0
0.0
0.0
0.0
0.0
0.0
0.0
0.0
0.0
0.0
0.0
0.0
0.0
0.0
0.0
0.0
0.0
0.0
0.0
0.0
0.0
0.0
0.0
0.0
0.0
0.0
0.0
0.0
0.0
0.0
0.0
0.0
0.0
0.0
0.0
0.0
0.0
0.0
0.0
0.0
0.0
0.0
0.0
0.0
0.0
0.0
0.0
0.0
0.0
0.0
0.0
0.0
0.0
0.0
0.0
0.0
0.0
0.0
0.0
0.0
0.0
0.0
0.0
0.0
0.0
0.0
0.0
0.0
0.0
0.0
0.0
0.0
0.0
0.0
0.0
0.0
0.0
0.0
0.0
0.0
0.0
0.0
0.0
0.0
0.0
0.0
0.0
0.0
0.0
0.0
0.0
0.0
0.0
0.0
0.0
0.0
0.0
0.0
0.0
0.0
0.0
0.0
0.0
0.0
0.0
0.0
0.0
0.0
0.0
0.0
0.0
0.0
0.0
0.0
1.0808242293092931
-0.2635883929058104
-0.004130198561398176
-0.005914925830157265
-0.0893008796726341
0.0037358941673095564
0.006996963495247007
0.09936456658951816
0.03484006603088316
-3.805331965065395e-05
0.003734616301890587
0.0529444801069813
0.0004521706042720536
-0.002404518706424627
-0.04072959555493114
0.9907795910350979
-0.02099794231738779
0.02764260968830144
-0.664412681920107
0.006473634587072671
-0.011346476977309032
1.3224444556390096
0.012252648109780823
0.006876922308624271
-1.0921508048850388
-0.007293523222176945
1.2891702707919386
-0.012005218051754255
-0.007384381653118704
-1.1809261137139124
0.13539790695892953
-0.002446903934175521
0.005450559716753659
0.25067198609531927
0.005130408728927982
0.3007989204447151
0.0
0.0
0.0
0.0
0.0
0.0
0.0
0.0
0.0
0.0
0.0
0.0
0.0
0.0
0.0
0.0
0.0
0.0
0.0
0.0
0.0
0.0
0.0
0.0
0.0
0.0
0.0
0.0
0.0
0.0
0.0
0.0
0.0
0.0
0.0
0.0
0.0
0.0
0.0
0.0
0.0
0.0
0.0
0.0
0.0
0.0
0.0
0.0
0.0
0.0
0.0
0.0
0.0
0.0
0.0
0.0
0.0
0.0
0.0
0.0
0.0
0.0
0.0
0.0
0.0
0.0
0.0
0.0
0.0
0.0
0.0
0.0
0.0
0.0
0.0
0.0
0.0
0.0
0.0
0.0
0.0
0.0
0.0
0.0
0.0
0.0
0.0
0.0
0.0
0.0
0.0
0.0
0.0
0.0
0.0
0.0
0.0
0.0
0.0
0.0
0.0
0.0
0.0
0.0
0.0
0.0
0.0
0.0
0.0
0.0
0.0
0.0
0.0
0.0
0.0
0.0
0.0
0.0
0.0
0.0
0.0
0.0
0.0
0.0
0.0
0.0
0.0
0.0
0.0
0.0
0.0
0.0
0.0
0.0
0.0
1.0551358203567593
-0.15255150114045535
0.1450919502078426
0.06880060983168981
-0.001352368924093375
-0.2140647088579941
-0.09012867671493266
0.002862447872182024
0.032639515701792514
-0.20453654949946098
-0.08072374045464958
0.004168273945698623
0.11005493034161831
0.041180672931604725
-0.00039946533267238123
1.1611479957634274
0.05224874930696552
0.0013590407559034008
-0.6115600233361679
-0.10880073676490268
0.0065818473449293785
1.2036770239109778
-0.0019329519649316305
-0.11292629189491829
-0.8922033785863704
-0.007889663026952149
1.1239944500182184
0.006704856628089355
-0.00781885898611576
-0.28051305261961346
0.14291491106176546
0.060540862209694395
-0.0014151671013638589
0.2075826745079834
0.004011863079976183
0.06790461510971474
0.0
0.0
0.0
0.0
0.0
0.0
0.0
0.0
0.0
0.0
0.0
0.0
0.0
0.0
0.0
0.0
0.0
0.0
0.0
0.0
0.0
0.0
0.0
0.0
0.0
0.0
0.0
0.0
0.0
0.0
0.0
0.0
0.0
0.0
0.0
0.0
0.0
0.0
0.0
0.0
0.0
0.0
0.0
0.0
0.0
0.0
0.0
0.0
0.0
0.0
0.0
0.0
0.0
0.0
0.0
0.0
0.0
0.0
0.0
0.0
0.0
0.0
0.0
0.0
0.0
0.0
0.0
0.0
0.0
0.0
0.0
0.0
0.0
0.0
0.0
0.0
0.0
0.0
0.0
0.0
0.0
0.0
0.0
0.0
0.0
0.0
0.0
0.0
0.0
0.0
0.0
0.0
0.0
0.0
0.0
0.0
0.0
0.0
0.0
0.0
0.0
0.0
0.0
0.0
0.0
0.0
0.0
0.0
0.0
0.0
0.0
0.0
0.0
0.0
0.0
0.0
0.0
0.0
0.0
0.0
0.0
0.0
0.0
0.0
0.0
0.0
0.0
0.0
0.0
0.0
0.0
0.0
0.0
0.0
0.0
1.0741637380431484
-0.21597300374341177
0.17560774227537723
0.061889341365610376
0.0027201005791823375
-0.24828368663229478
-0.08030776017223504
-0.00043974078380580356
0.0362224859771476
-0.2546201890999957
-0.04810971073486624
0.0010909563199665894
0.1326751450149819
0.025048115672748186
0.0012146696340629712
1.0770240389308954
0.14594471450766278
-0.02991688134526482
-0.848357188642643
-0.038924695746071394
-0.004424519329894677
1.2995841835511317
-0.01666220039623005
-0.04398306835793314
-1.1238611966553775
0.004739633346307857
0.9252143196987156
-0.004855223503167984
0.004447589687194994
-0.5887480299678409
0.20408210997903448
0.025162680573501114
0.00336934737025858
0.27747314306642124
-0.0010776858600053333
0.12190054370579402
0.0
0.0
0.0
0.0
0.0
0.0
0.0
0.0
0.0
0.0
0.0
0.0
0.0
0.0
0.0
0.0
0.0
0.0
0.0
0.0
0.0
0.0
0.0
0.0
0.0
0.0
0.0
0.0
0.0
0.0
0.0
0.0
0.0
0.0
0.0
0.0
0.0
0.0
0.0
0.0
0.0
0.0
0.0
0.0
0.0
0.0
0.0
0.0
0.0
0.0
0.0
0.0
0.0
0.0
0.0
0.0
0.0
0.0
0.0
0.0
0.0
0.0
0.0
0.0
0.0
0.0
0.0
0.0
0.0
0.0
0.0
0.0
0.0
0.0
0.0
0.0
0.0
0.0
0.0
0.0
0.0
0.0
0.0
0.0
0.0
0.0
0.0
0.0
0.0
0.0
0.0
0.0
0.0
0.0
0.0
0.0
0.0
0.0
0.0
0.0
0.0
0.0
0.0
0.0
0.0
0.0
0.0
0.0
0.0
0.0
0.0
0.0
0.0
0.0
0.0
0.0
0.0
0.0
0.0
0.0
0.0
0.0
0.0
0.0
0.0
0.0
0.0
0.0
0.0
0.0
0.0
0.0
0.0
0.0
0.0
1.0545405704337245
-0.14997432761315305
0.15072598443361282
-0.06274998163743183
-0.0018604291369838403
-0.22127717071726277
0.08303184139439576
0.003801232258933426
0.0339084308107628
-0.2188878972588515
0.08240183766499981
0.003483725989371175
0.11862750650390515
-0.037369173717028664
0.0028596985751235746
1.1408676456824276
-0.02257981373656518
-0.010326746839991869
-0.6363582535748136
0.1173437157395042
-0.0021049231834000394
1.1860691488937247
0.0017169156868530086
0.12112514009809874
-0.8688212994646081
0.014878701763034949
1.1169900436941254
-0.0005769735191923259
0.01619203487748546
-0.27176521757529143
0.1532418939102056
-0.05982905343245548
0.002180942285823527
0.20367495926306797
-0.005011324959973676
0.06896392995462987
0.0
0.0
0.0
0.0
0.0
0.0
0.0
0.0
0.0
0.0
0.0
0.0
0.0
0.0
0.0
0.0
0.0
0.0
0.0
0.0
0.0
0.0
0.0
0.0
0.0
0.0
0.0
0.0
0.0
0.0
0.0
0.0
0.0
0.0
0.0
0.0
0.0
0.0
0.0
0.0
0.0
0.0
0.0
0.0
0.0
0.0
0.0
0.0
0.0
0.0
0.0
0.0
0.0
0.0
0.0
0.0
0.0
0.0
0.0
0.0
0.0
0.0
0.0
0.0
0.0
0.0
0.0
0.0
0.0
0.0
0.0
0.0
0.0
0.0
0.0
0.0
0.0
0.0
0.0
0.0
0.0
0.0
0.0
0.0
0.0
0.0
0.0
0.0
0.0
0.0
0.0
0.0
0.0
0.0
0.0
0.0
0.0
0.0
0.0
0.0
0.0
0.0
0.0
0.0
0.0
0.0
0.0
0.0
0.0
0.0
0.0
0.0
0.0
0.0
0.0
0.0
0.0
0.0
0.0
0.0
0.0
0.0
0.0
0.0
0.0
0.0
0.0
0.0
0.0
0.0
0.0
0.0
0.0
0.0
0.0
1.073201978520321
-0.2128521361904283
0.18030871684213096
-0.05787242115179039
-0.0034149757213205187
-0.25573380666420525
0.07607314502121879
0.01306725564393275
0.03622742562148168
-0.2649064323130337
0.0460874713891376
0.022603781887238748
0.13750575525892622
-0.023644944566426455
-0.005302182208958126
1.0850316457932314
-0.1612392523631555
-0.051076415814898635
-0.8669906668563843
0.04335816635106389
0.01089046164533342
1.2694035722431136
0.0332289160600722
0.048057901802198384
-1.1026751323073978
-0.007274502031860044
0.9614378384456312
0.01071463631838752
-0.006212241212799015
-0.5661999137117232
0.20980512719414773
-0.024281523202822255
-0.006019116369700559
0.27009666175816016
0.0013072002726537645
0.11784080777813988
0.0
0.0
0.0
0.0
0.0
0.0
0.0
0.0
0.0
0.0
0.0
0.0
0.0
0.0
0.0
0.0
0.0
0.0
0.0
0.0
0.0
0.0
0.0
0.0
0.0
0.0
0.0
0.0
0.0
0.0
0.0
0.0
0.0
0.0
0.0
0.0
0.0
0.0
0.0
0.0
0.0
0.0
0.0
0.0
0.0
0.0
0.0
0.0
0.0
0.0
0.0
0.0
0.0
0.0
0.0
0.0
0.0
0.0
0.0
0.0
0.0
0.0
0.0
0.0
0.0
0.0
0.0
0.0
0.0
0.0
0.0
0.0
0.0
0.0
0.0
0.0
0.0
0.0
0.0
0.0
0.0
0.0
0.0
0.0
0.0
0.0
0.0
0.0
0.0
0.0
0.0
0.0
0.0
0.0
0.0
0.0
0.0
0.0
0.0
0.0
0.0
0.0
0.0
0.0
0.0
0.0
0.0
0.0
0.0
0.0
0.0
0.0
0.0
0.0
0.0
0.0
0.0
0.0
0.0
0.0
0.0
0.0
0.0
0.0
0.0
0.0
0.0
0.0
0.0
0.0
0.0
0.0
0.0
0.0
0.0
1.067196246086141
-0.2080181293929573
0.036522481194103104
-0.018306607757683745
-0.0014176251587323181
-0.0519271678778935
0.013992039973119014
-4.779412137086852e-05
0.04337717958017005
-0.052532849234820794
-0.006967009936316755
-0.00361999718810696
0.014131062141944036
-0.01041442772584681
0.0007670167557083133
1.2532029776346232
-0.0011855398434113939
-0.009035078648685088
-1.150028457226731
-0.00047916555933121463
-0.009185379905269225
1.1870785760542666
-0.004110956467558217
-0.001790664689566562
-0.8210388553644131
-0.006998916105930534
1.1771964982246017
-0.01038663465152993
-0.007033002834291494
-0.44854439983697314
0.2929064142662271
0.006819793717245958
0.00527648201493057
0.17889736579366503
0.0027941023205589758
0.08395783220355496
0.0
0.0
0.0
0.0
0.0
0.0
0.0
0.0
0.0
0.0
0.0
0.0
0.0
0.0
0.0
0.0
0.0
0.0
0.0
0.0
0.0
0.0
0.0
0.0
0.0
0.0
0.0
0.0
0.0
0.0
0.0
0.0
0.0
0.0
0.0
0.0
0.0
0.0
0.0
0.0
0.0
0.0
0.0
0.0
0.0
0.0
0.0
0.0
0.0
0.0
0.0
0.0
0.0
0.0
0.0
0.0
0.0
0.0
0.0
0.0
0.0
0.0
0.0
0.0
0.0
0.0
0.0
0.0
0.0
0.0
0.0
0.0
0.0
0.0
0.0
0.0
0.0
0.0
0.0
0.0
0.0
0.0
0.0
0.0
0.0
0.0
0.0
0.0
0.0
0.0
0.0
0.0
0.0
0.0
0.0
0.0
0.0
0.0
0.0
0.0
0.0
0.0
0.0
0.0
0.0
0.0
0.0
0.0
0.0
0.0
0.0
0.0
0.0
0.0
0.0
0.0
0.0
0.0
0.0
0.0
0.0
0.0
0.0
0.0
0.0
0.0
0.0
0.0
0.0
0.0
0.0
0.0
0.0
0.0
0.0
1.074779271602323
-0.24481122782601764
0.049997761307024186
0.024014094662335648
-0.0030605174595419457
-0.05571842532734879
-0.01890017907624488
0.003297771384447269
0.03313653503334635
-0.025534109507665895
0.008044026349843077
0.0017388188869665096
0.01151046829694347
-0.0010621080469381278
-0.0008330307100172204
1.33395868898574
-0.12813649729133136
-0.002662503859492246
-1.222124414827993
0.06159558826563323
-0.005276878030260948
1.1634085852193266
-0.025688664041937023
0.060324359674021374
-0.8873960579246085
0.0006327667308596848
1.0129457833552062
-0.005885474707677247
-0.00017989261570921518
-0.6224053576045914
0.3072016866029922
-0.02630613478068215
0.0029671033360310277
0.19548360203273504
0.0007006239498386485
0.12116656400708545
0.0
0.0
0.0
0.0
0.0
0.0
0.0
0.0
0.0
0.0
0.0
0.0
0.0
0.0
0.0
0.0
0.0
0.0
0.0
0.0
0.0
0.0
0.0
0.0
0.0
0.0
0.0
0.0
0.0
0.0
0.0
0.0
0.0
0.0
0.0
0.0
0.0
0.0
0.0
0.0
0.0
0.0
0.0
0.0
0.0
0.0
0.0
0.0
0.0
0.0
0.0
0.0
0.0
0.0
0.0
0.0
0.0
0.0
0.0
0.0
0.0
0.0
0.0
0.0
0.0
0.0
0.0
0.0
0.0
0.0
0.0
0.0
0.0
0.0
0.0
0.0
0.0
0.0
0.0
0.0
0.0
0.0
0.0
0.0
0.0
0.0
0.0
0.0
0.0
0.0
0.0
0.0
0.0
0.0
0.0
0.0
0.0
0.0
0.0
0.0
0.0
0.0
0.0
0.0
0.0
0.0
0.0
0.0
0.0
0.0
0.0
0.0
0.0
0.0
0.0
0.0
0.0
0.0
0.0
0.0
0.0
0.0
0.0
0.0
0.0
0.0
0.0
0.0
0.0
0.0
0.0
0.0
0.0
0.0
0.0
1.0653625772849717
-0.20620828405609953
-0.034747264914284016
0.008775812790630548
-0.00320853139726349
0.04776411312872102
-0.00034559654851956125
0.008124489443271776
0.04390441187452877
0.04155332136466473
0.019277362680935724
0.012039965916589113
-0.03432032213237091
0.004682447900741404
-0.002883616360159239
1.1928059644285698
0.05880132678888371
0.00230694115139754
-1.0551213218084285
-0.02775159123341407
0.007218530077782802
1.1988181553929254
-0.0022399697135675133
-0.025583681451648
-0.8818788364728626
0.005357179207444961
1.1790117959029829
0.0085530930005018
0.004971672587448573
-0.4762806016871241
0.26378843056923784
0.007285491049083574
-0.0033345172505344594
0.1953633480504901
-0.0031648464148443236
0.08250584379033929
0.0
0.0
0.0
0.0
0.0
0.0
0.0
0.0
0.0
0.0
0.0
0.0
0.0
0.0
0.0
0.0
0.0
0.0
0.0
0.0
0.0
0.0
0.0
0.0
0.0
0.0
0.0
0.0
0.0
0.0
0.0
0.0
0.0
0.0
0.0
0.0
0.0
0.0
0.0
0.0
0.0
0.0
0.0
0.0
0.0
0.0
0.0
0.0
0.0
0.0
0.0
0.0
0.0
0.0
0.0
0.0
0.0
0.0
0.0
0.0
0.0
0.0
0.0
0.0
0.0
0.0
0.0
0.0
0.0
0.0
0.0
0.0
0.0
0.0
0.0
0.0
0.0
0.0
0.0
0.0
0.0
0.0
0.0
0.0
0.0
0.0
0.0
0.0
0.0
0.0
0.0
0.0
0.0
0.0
0.0
0.0
0.0
0.0
0.0
0.0
0.0
0.0
0.0
0.0
0.0
0.0
0.0
0.0
0.0
0.0
0.0
0.0
0.0
0.0
0.0
0.0
0.0
0.0
0.0
0.0
0.0
0.0
0.0
0.0
0.0
0.0
0.0
0.0
0.0
0.0
0.0
0.0
0.0
0.0
0.0
1.074197192908552
-0.24451007712384046
0.003909112773707556
-0.03839525567562903
-0.005560984283812384
0.0031808238087466306
0.03748658559297548
0.005095842799298737
0.03312872766408608
0.018932158203733042
0.005160457296681709
0.0003101714770903656
-0.015589448149065621
-0.007154255601163187
-0.001789993952877828
1.3176518294875472
0.15618460425616493
0.009483136432380041
-1.1975324681589237
-0.08479956666127539
-0.008040704917499022
1.161504139309009
0.03900082180146162
-0.08349917118982729
-0.9031594934549501
0.0006111106937332654
1.0476502213164172
-0.007925817809852128
0.0018944137331744606
-0.6253387056542261
0.29685944169690615
0.041263910373799784
0.004065754080746093
0.201634736329717
-0.0018319602990676971
0.11940040687656131
0.0
0.0
0.0
0.0
0.0
0.0
0.0
0.0
0.0
0.0
0.0
0.0
0.0
0.0
0.0
0.0
0.0
0.0
0.0
0.0
0.0
0.0
0.0
0.0
0.0
0.0
0.0
0.0
0.0
0.0
0.0
0.0
0.0
0.0
0.0
0.0
0.0
0.0
0.0
0.0
0.0
0.0
0.0
0.0
0.0
0.0
0.0
0.0
0.0
0.0
0.0
0.0
0.0
0.0
0.0
0.0
0.0
0.0
0.0
0.0
0.0
0.0
0.0
0.0
0.0
0.0
0.0
0.0
0.0
0.0
0.0
0.0
0.0
0.0
0.0
0.0
0.0
0.0
0.0
0.0
0.0
0.0
0.0
0.0
0.0
0.0
0.0
0.0
0.0
0.0
0.0
0.0
0.0
0.0
0.0
0.0
0.0
0.0
0.0
0.0
0.0
0.0
0.0
0.0
0.0
0.0
0.0
0.0
0.0
0.0
0.0
0.0
0.0
0.0
0.0
0.0
0.0
0.0
0.0
0.0
0.0
0.0
0.0
0.0
0.0
0.0
0.0
0.0
0.0
0.0
0.0
0.0
0.0
0.0
0.0
1.0809967420697466
-0.2607985038545514
0.06345621291147382
0.0034412009694126384
0.052119379219162904
-0.09608233369731256
-0.005374835934407493
-0.07312518677051935
0.036194722312116866
-0.09940072768883464
-0.006035434313052202
-0.06679670434562548
0.04165717171337091
0.0031079605814596472
0.03968863339735426
1.1701814732203433
-0.0005890230151338321
0.08102327335132854
-0.7397729010120117
-0.0022133433061119344
-0.06380793867642302
1.286509739512115
0.0008398047999451717
-0.002157790357116672
-1.0900286927727032
0.0017556763399351975
1.3095934523620727
-0.06512258487761013
0.0017739572452153732
-1.160564095894871
0.14035848476973214
0.001128324613639057
0.042072465703706236
0.2543728881242781
-0.0014561933374987977
0.28879315821465523
0.0
0.0
0.0
0.0
0.0
0.0
0.0
0.0
0.0
0.0
0.0
0.0
0.0
0.0
0.0
0.0
0.0
0.0
0.0
0.0
0.0
0.0
0.0
0.0
0.0
0.0
0.0
0.0
0.0
0.0
0.0
0.0
0.0
0.0
0.0
0.0
0.0
0.0
0.0
0.0
0.0
0.0
0.0
0.0
0.0
0.0
0.0
0.0
0.0
0.0
0.0
0.0
0.0
0.0
0.0
0.0
0.0
0.0
0.0
0.0
0.0
0.0
0.0
0.0
0.0
0.0
0.0
0.0
0.0
0.0
0.0
0.0
0.0
0.0
0.0
0.0
0.0
0.0
0.0
0.0
0.0
0.0
0.0
0.0
0.0
0.0
0.0
0.0
0.0
0.0
0.0
0.0
0.0
0.0
0.0
0.0
0.0
0.0
0.0
0.0
0.0
0.0
0.0
0.0
0.0
0.0
0.0
0.0
0.0
0.0
0.0
0.0
0.0
0.0
0.0
0.0
0.0
0.0
0.0
0.0
0.0
0.0
0.0
0.0
0.0
0.0
0.0
0.0
0.0
0.0
0.0
0.0
0.0
0.0
0.0
1.0716998024570317
-0.2273790569338174
0.030691499410042435
0.015345832513225112
0.019275844957000535
-0.051240312582066405
-0.02982466956289402
-0.01888870591196118
0.04177673887075234
-0.06109570253465276
-0.03487702850792278
-0.004406344449513017
0.020579572883037883
0.00631350565244905
0.006181152872690102
1.121029356137314
0.09709870911447963
0.023647302189399408
-0.5885641942484379
-0.036603357119618055
-0.00015204491165686252
1.2357160062397248
0.046993583387371175
-0.03986393626194718
-0.946288447413493
-0.037792644005669125
1.2431257006179022
-0.0023153268575233205
-0.03612893680856366
-1.12621463095052
0.1051444670255658
0.01554760191247245
0.005033369629478106
0.2077129085311941
0.016699507864067743
0.2872461820079063
0.0
0.0
0.0
0.0
0.0
0.0
0.0
0.0
0.0
0.0
0.0
0.0
0.0
0.0
0.0
0.0
0.0
0.0
0.0
0.0
0.0
0.0
0.0
0.0
0.0
0.0
0.0
0.0
0.0
0.0
0.0
0.0
0.0
0.0
0.0
0.0
0.0
0.0
0.0
0.0
0.0
0.0
0.0
0.0
0.0
0.0
0.0
0.0
0.0
0.0
0.0
0.0
0.0
0.0
0.0
0.0
0.0
0.0
0.0
0.0
0.0
0.0
0.0
0.0
0.0
0.0
0.0
0.0
0.0
0.0
0.0
0.0
0.0
0.0
0.0
0.0
0.0
0.0
0.0
0.0
0.0
0.0
0.0
0.0
0.0
0.0
0.0
0.0
0.0
0.0
0.0
0.0
0.0
0.0
0.0
0.0
0.0
0.0
0.0
0.0
0.0
0.0
0.0
0.0
0.0
0.0
0.0
0.0
0.0
0.0
0.0
0.0
0.0
0.0
0.0
0.0
0.0
0.0
0.0
0.0
0.0
0.0
0.0
0.0
0.0
0.0
0.0
0.0
0.0
0.0
0.0
0.0
0.0
0.0
0.0
1.0771438778318656
-0.25180615214676494
0.03222235149548311
0.0007342682684879726
0.006912827350496577
-0.057119546017550385
-0.0002113328771543706
-0.011258974635286084
0.03726751203000381
-0.07114171944504258
0.0010849351844819648
-0.011264249248019451
0.021650375152862597
-0.00046328409649575974
0.002646010836338905
1.1463985936236472
-0.0028064710115825167
0.06703287729652237
-0.6558894428254116
-0.00032410922048543617
-0.04204862980925498
1.2618092362699305
0.0005458676459154132
-0.0001986034685267862
-0.9878792785610387
0.002364926727230378
1.3161246790567123
-0.04423153404064656
0.002207237545002489
-1.2168932118109996
0.12098429342069189
0.00031897235630268234
0.02464839646944135
0.21864906284455332
-0.0009843581570284606
0.3138258628210209
0.0
0.0
0.0
0.0
0.0
0.0
0.0
0.0
0.0
0.0
0.0
0.0
0.0
0.0
0.0
0.0
0.0
0.0
0.0
0.0
0.0
0.0
0.0
0.0
0.0
0.0
0.0
0.0
0.0
0.0
0.0
0.0
0.0
0.0
0.0
0.0
0.0
0.0
0.0
0.0
0.0
0.0
0.0
0.0
0.0
0.0
0.0
0.0
0.0
0.0
0.0
0.0
0.0
0.0
0.0
0.0
0.0
0.0
0.0
0.0
0.0
0.0
0.0
0.0
0.0
0.0
0.0
0.0
0.0
0.0
0.0
0.0
0.0
0.0
0.0
0.0
0.0
0.0
0.0
0.0
0.0
0.0
0.0
0.0
0.0
0.0
0.0
0.0
0.0
0.0
0.0
0.0
0.0
0.0
0.0
0.0
0.0
0.0
0.0
0.0
0.0
0.0
0.0
0.0
0.0
0.0
0.0
0.0
0.0
0.0
0.0
0.0
0.0
0.0
0.0
0.0
0.0
0.0
0.0
0.0
0.0
0.0
0.0
0.0
0.0
0.0
0.0
0.0
0.0
0.0
0.0
0.0
0.0
0.0
0.0
1.0732135753684524
-0.22394386990946263
0.06537206936944251
-0.04805562339022824
0.0822231213884296
-0.09321782918474997
0.06290131739623744
-0.12404077209856038
0.04188645287742514
-0.08570486049148607
0.04502157982825411
-0.1294182962908349
0.044083950112004194
-0.024616688285372702
0.05216915599106414
1.1391484498149058
-0.094389073728437
0.06116890860154474
-0.6580810188849273
0.052597016764524614
-0.024124311705909132
1.2669236402590083
-0.08550175905737295
0.05369206317437297
-1.0161026047722856
0.08251381744595787
1.2327727630460368
-0.027654839126636882
0.08237868647709423
-1.0021578357577046
0.1181562614488326
-0.029630342738927486
0.017707344015226514
0.23445510956204468
-0.04462207517234639
0.2524151619733521
0.0
0.0
0.0
0.0
0.0
0.0
0.0
0.0
0.0
0.0
0.0
0.0
0.0
0.0
0.0
0.0
0.0
0.0
0.0
0.0
0.0
0.0
0.0
0.0
0.0
0.0
0.0
0.0
0.0
0.0
0.0
0.0
0.0
0.0
0.0
0.0
0.0
0.0
0.0
0.0
0.0
0.0
0.0
0.0
0.0
0.0
0.0
0.0
0.0
0.0
0.0
0.0
0.0
0.0
0.0
0.0
0.0
0.0
0.0
0.0
0.0
0.0
0.0
0.0
0.0
0.0
0.0
0.0
0.0
0.0
0.0
0.0
0.0
0.0
0.0
0.0
0.0
0.0
0.0
0.0
0.0
0.0
0.0
0.0
0.0
0.0
0.0
0.0
0.0
0.0
0.0
0.0
0.0
0.0
0.0
0.0
0.0
0.0
0.0
0.0
0.0
0.0
0.0
0.0
0.0
0.0
0.0
0.0
0.0
0.0
0.0
0.0
0.0
0.0
0.0
0.0
0.0
0.0
0.0
0.0
0.0
0.0
0.0
0.0
0.0
0.0
0.0
0.0
0.0
0.0
0.0
0.0
0.0
0.0
0.0
1.0763179088127162
-0.24830496146171904
0.03560239573471591
-0.003925890602259348
-0.061000567709842336
-0.058506170769327945
0.0044302814487123384
0.08210674617514843
0.036853039623080536
-0.069001356351003
0.0019745502823154313
0.06765275778953769
0.02287414438158791
-0.0013450097770668205
-0.0337025514379409
1.110366210222307
-0.0012428775795644323
-0.08555730602368349
-0.6590466883569339
0.0034140383006148
0.031114795603470587
1.2894562475786846
0.008252300995337303
0.0033818867058845138
-1.0353020572779115
-0.00671759070098101
1.263912170852183
0.03512565512146424
-0.006925933165247112
-1.1445021235301427
0.12326705011998933
-0.0014613903062815
-0.017984860844691752
0.23185554350204313
0.005003071534010519
0.2921910252338715
0.0
0.0
0.0
0.0
0.0
0.0
0.0
0.0
0.0
0.0
0.0
0.0
0.0
0.0
0.0
0.0
0.0
0.0
0.0
0.0
0.0
0.0
0.0
0.0
0.0
0.0
0.0
0.0
0.0
0.0
0.0
0.0
0.0
0.0
0.0
0.0
0.0
0.0
0.0
0.0
0.0
0.0
0.0
0.0
0.0
0.0
0.0
0.0
0.0
0.0
0.0
0.0
0.0
0.0
0.0
0.0
0.0
0.0
0.0
0.0
0.0
0.0
0.0
0.0
0.0
0.0
0.0
0.0
0.0
0.0
0.0
0.0
0.0
0.0
0.0
0.0
0.0
0.0
0.0
0.0
0.0
0.0
0.0
0.0
0.0
0.0
0.0
0.0
0.0
0.0
0.0
0.0
0.0
0.0
0.0
0.0
0.0
0.0
0.0
0.0
0.0
0.0
0.0
0.0
0.0
0.0
0.0
0.0
0.0
0.0
0.0
0.0
0.0
0.0
0.0
0.0
0.0
0.0
0.0
0.0
0.0
0.0
0.0
0.0
0.0
0.0
0.0
0.0
0.0
0.0
0.0
0.0
0.0
0.0
0.0
1.077302833402928
-0.24843118624001354
0.04894086815319692
0.03129596808423002
-0.026370787021340325
-0.07761689060868063
-0.04620138401059292
0.030247408096364368
0.036397781609542684
-0.08416880926993812
-0.04047746118388643
0.01869840599399576
0.03388097524306677
0.013570174718493333
-0.023540100400640283
1.1708123431776163
0.09157549134808554
-0.03968150472653077
-0.6781396127333778
-0.04193719965670263
0.03418219714572569
1.2829918969490315
-0.04166838991568922
-0.044602614897532214
-1.032387010264003
0.057452521397259815
1.3130610769385043
0.034663256752989764
0.05696733861620886
-1.1435888589784022
0.12396644148678657
0.022983299171272793
-0.02938796470842121
0.23643252176157176
-0.031034456523928083
0.28265169116363453
0.0
0.0
0.0
0.0
0.0
0.0
0.0
0.0
0.0
0.0
0.0
0.0
0.0
0.0
0.0
0.0
0.0
0.0
0.0
0.0
0.0
0.0
0.0
0.0
0.0
0.0
0.0
0.0
0.0
0.0
0.0
0.0
0.0
0.0
0.0
0.0
0.0
0.0
0.0
0.0
0.0
0.0
0.0
0.0
0.0
0.0
0.0
0.0
0.0
0.0
0.0
0.0
0.0
0.0
0.0
0.0
0.0
0.0
0.0
0.0
0.0
0.0
0.0
0.0
0.0
0.0
0.0
0.0
0.0
0.0
0.0
0.0
0.0
0.0
0.0
0.0
0.0
0.0
0.0
0.0
0.0
0.0
0.0
0.0
0.0
0.0
0.0
0.0
0.0
0.0
0.0
0.0
0.0
0.0
0.0
0.0
0.0
0.0
0.0
0.0
0.0
0.0
0.0
0.0
0.0
0.0
0.0
0.0
0.0
0.0
0.0
0.0
0.0
0.0
0.0
0.0
0.0
0.0
0.0
0.0
0.0
0.0
0.0
0.0
0.0
0.0
0.0
0.0
0.0
0.0
0.0
0.0
0.0
0.0
0.0
1.0786689668854235
-0.2443979732695709
0.06364428270153377
0.005733804646219224
-0.08325557218319407
-0.09375663205968991
-0.006984952842163522
0.13172644789763394
0.04092502139751476
-0.09270898949687534
-0.004293559514226717
0.14261438768755974
0.04299996291177388
0.0027013139266521997
-0.055932558436227006
1.132785302397387
0.0024808109811164988
-0.11692329025182839
-0.7178177547005227
-0.0036446647281256177
0.037249933068999354
1.2969598848716908
-0.013597493188850748
-0.003650850519058728
-1.1017567146857676
0.011472027689411888
1.248460627058337
0.041194200835374006
0.011561334739238142
-1.0579418631177524
0.1345225667466916
0.0024734080353841638
-0.01838392771604275
0.25749919230472074
-0.007860415315332915
0.26709448206979564
0.0
0.0
0.0
0.0
0.0
0.0
0.0
0.0
0.0
0.0
0.0
0.0
0.0
0.0
0.0
0.0
0.0
0.0
0.0
0.0
0.0
0.0
0.0
0.0
0.0
0.0
0.0
0.0
0.0
0.0
0.0
0.0
0.0
0.0
0.0
0.0
0.0
0.0
0.0
0.0
0.0
0.0
0.0
0.0
0.0
0.0
0.0
0.0
0.0
0.0
0.0
0.0
0.0
0.0
0.0
0.0
0.0
0.0
0.0
0.0
0.0
0.0
0.0
0.0
0.0
0.0
0.0
0.0
0.0
0.0
0.0
0.0
0.0
0.0
0.0
0.0
0.0
0.0
0.0
0.0
0.0
0.0
0.0
0.0
0.0
0.0
0.0
0.0
0.0
0.0
0.0
0.0
0.0
0.0
0.0
0.0
0.0
0.0
0.0
0.0
0.0
0.0
0.0
0.0
0.0
0.0
0.0
0.0
0.0
0.0
0.0
0.0
0.0
0.0
0.0
0.0
0.0
0.0
0.0
0.0
0.0
0.0
0.0
0.0
0.0
0.0
0.0
0.0
0.0
0.0
0.0
0.0
0.0
0.0
0.0
1.0715188417775323
-0.23063684000381687
0.02933111755415517
-0.019703100675670306
0.005539541132937918
-0.04667849366147099
0.03327315837292019
-0.006810806463257069
0.03951463090815867
-0.04998149613197279
0.034998717146042614
-0.001717025420940324
0.017937687673900464
-0.007664345741536996
0.0007586417017862963
1.1451901235920436
-0.07071095261164481
-0.011871709646202636
-0.5874377471094742
0.03517131534601366
0.0248681893000127
1.2312842777539164
0.049439791062568315
0.03692827849929751
-0.9106682202670442
-0.0375902820374437
1.2922620427122904
0.02509682511313218
-0.03606658036738585
-1.1691681079005147
0.10331997577705129
-0.01579369566817493
-0.017361832254204186
0.19671541842034232
0.017225324916371063
0.2965024466249474
0.0
0.0
0.0
0.0
0.0
0.0
0.0
0.0
0.0
0.0
0.0
0.0
0.0
0.0
0.0
0.0
0.0
0.0
0.0
0.0
0.0
0.0
0.0
0.0
0.0
0.0
0.0
0.0
0.0
0.0
0.0
0.0
0.0
0.0
0.0
0.0
0.0
0.0
0.0
0.0
0.0
0.0
0.0
0.0
0.0
0.0
0.0
0.0
0.0
0.0
0.0
0.0
0.0
0.0
0.0
0.0
0.0
0.0
0.0
0.0
0.0
0.0
0.0
0.0
0.0
0.0
0.0
0.0
0.0
0.0
0.0
0.0
0.0
0.0
0.0
0.0
0.0
0.0
0.0
0.0
0.0
0.0
0.0
0.0
0.0
0.0
0.0
0.0
0.0
0.0
0.0
0.0
0.0
0.0
0.0
0.0
0.0
0.0
0.0
0.0
0.0
0.0
0.0
0.0
0.0
0.0
0.0
0.0
0.0
0.0
0.0
0.0
0.0
0.0
0.0
0.0
0.0
0.0
0.0
0.0
0.0
0.0
0.0
0.0
0.0
0.0
0.0
0.0
0.0
0.0
0.0
0.0
0.0
0.0
0.0
0.5203232514639509
-0.032640629183763016
-0.13842950655389577
0.00798667926817398
0.007142107503600939
0.007718647770473656
-2.005602692231805e-05
9.807400279805086e-06
0.0904435796357857
0.0016137715360058191
0.003306893864295648
-0.046785710741955144
0.0066580214902562575
-0.42126169032902844
-0.008779410651299554
0.014834576782868567
0.1591994448478263
0.01859558765962173
0.0009006257208490234
0.013243429804348755
0.0001732278769123693
0.00013228824607830746
-0.00046365581525988585
-1.9221588526720425e-06
-4.478584676181719e-06
-0.00900988846992142
-1.828703197209775e-05
-2.526039291792078e-06
0.00540819244476254
0.00018943469162353995
0.0087308231036723
0.00019949830364802176
0.00014130845104608764
-0.008600952163702814
-0.00026950991580096655
0.5639866221200949
-0.0029908435227972417
-0.0035358935260913307
-0.022896648944241812
0.00011647949360180237
-1.0244197712544005e-05
0.2564784741731015
-0.004494951862125599
-0.002949946740284018
-0.0038034517539262064
0.00340945630042329
-0.9511932316841623
0.014052847935617603
0.022823970569340886
0.030633616636951393
0.021141603356652904
0.9477187862641794
-0.01037700561669838
0.00010548398292817152
-0.042740431403589206
-1.2907058446296106e-05
0.0017904773441693288
0.014563797238901534
0.0006363361246992388
-0.0008440271623189393
-0.011661474571314931
0.004802590224095756
-0.02951237546931902
0.0011144462837170397
-0.006117154099473014
-0.03994413003881072
0.7861452135629223
2.604154398782505e-05
-2.082617117139299e-05
-0.03287726175887662
0.007529202855078595
-0.00044030144421325183
0.016803875503757462
-0.0002631312685191724
-0.006591280854306089
0.012381707034944307
-0.0034959158354429783
-0.038731341426113966
-0.010056308622984386
-0.01950648263777579
0.0003096876241653832
-4.073536982731731e-06
5.494956438334481e-07
-0.013062666609049553
0.0002237388419116995
-5.711621978233006e-06
0.00015379393546709766
-6.569619172595955e-06
0.018347572453029794
-0.00013754703731552113
-7.308207027859351e-05
-0.00023579244337729153
-0.00016956557119719988
0.0006133380701784644
2.9735775419992265e-06
-2.1133348942355685e-05
-0.001304221291771198
1.2808464818628595e-05
0.00010632778524552519
-0.00019914098989713415
-0.00015255116461922375
0.000920620686953333
-4.512978282781649e-06
6.246058450335843e-05
0.000512615957144087
0.0004316546913636529
0.0001239085779521708
2.167377782950923e-05
-0.001449376940817525
1.7286681857947542e-05
0.00011457341270214057
-0.00011741070388972502
3.4999908687991e-05
0.00093240124700425
5.1591606553028474e-05
0.00029328338409785636
0.9888456144035772
0.0009512404162802699
0.003743854061625314
-0.04523834694667443
0.0020829024199672864
-0.4519520844974243
0.005897599726199408
-0.024031658319564886
0.10390372580672817
-0.012688620162513367
0.9042744179404109
-0.000491827115661076
-0.001587052038781761
-0.0025524605120015413
0.005816801868702615
0.04993007884556269
0.00896566212173509
0.001722511683101181
0.009956965653303434
0.8856044371722924
0.00011419217423367471
-0.0019182588261064896
-0.026346755675647225
0.009650710081609205
0.1042665361855704
0.002461584376434821
0.002134583690246888
0.8766535244092799
0.00030961909976854674
0.09943727284043091
0.0018854718774554443
0.0006291331772565609
0.10859325908065205
-0.008168609635536159
1.038216332896303
-0.0057879036872386415
0.0030101115127015698
0.0018359890600156067
-0.004432307226357186
-1.0868729909897024
0.8042256001353097
0.021326062792970835
-0.08010807836586098
-0.17612324444081087
-0.04074425065065157
0.27015845567603725
0.011836127530189524
-0.003120350038999642
0.01043091960014879
0.22131061657023043
0.006387696923880151
-0.004488236757214445
0.30334467294503087
-0.004626737119762428
0.487326328564022
0.05311604830209886
0.2905602480743746
0.0007575594502282014
-2.889911741819864e-05
-1.6473412033564337e-06
-0.0014124943761064854
1.2336064080717119e-05
-2.788297440502634e-05
-0.003123599751477026
0.00111798011194241
-0.00026240490103004077
-0.0004441197411642937
0.00021382772783418502
0.0016447913774551277
-0.0004015812691349633
0.00010013886962199866
-0.00017183637153638288
-9.460497466177545e-05
0.4763907173483617
-0.00043191575814947164
-2.135907743397844e-06
-3.170655718470703e-06
0.001204650514994004
-3.584072052641424e-05
7.664724028659245e-06
0.002956595899465537
-0.0008744396423838715
0.00019593941274463947
0.00022253693491090595
-0.00034802078800664615
-0.0015272572603551196
0.00029752182538592543
-7.127796052856962e-05
1.7519879414177282e-05
6.665272903023727e-05
0.393361896781469
6.612639761816631e-06
-2.8129794990899344e-06
0.14427407303472564
1.2246946734769456e-05
-5.825151585747596e-06
0.003913608919983341
-0.0002956470382159528
2.4061300613650484e-05
-0.0006847582723400508
-5.308837793658703e-06
-0.0013164772586258117
0.00010341003777093524
-3.436085618477863e-06
0.00023399679211051172
9.452141030599573e-07
0.3933966224287945
1.1808315409822561e-05
7.889181100220693e-06
0.14358526742720878
3.198898913960454e-05
-5.547827413459881e-05
0.000615683313209692
-8.58897558420959e-05
-2.0663159420507593e-05
3.031246672100035e-05
4.750432287847928e-06
-0.00020257505575322612
2.918867260243863e-05
1.794486505272949e-05
4.895620492746354e-06
0.3933156699100371
-6.13969176056221e-06
3.1630185488988766e-05
0.14353048087142456
-2.6016177243596522e-05
-9.529606110666455e-05
0.0014367229165420758
3.14279305259822e-05
-9.270733495757699e-06
2.9903001701887617e-06
3.231313195715995e-05
-0.00047559925989812396
-1.0539440939454947e-05
1.4127983601105446e-05
0.01462137778686456
7.4641007681340096e-06
-2.692418260324681e-06
-0.00770251988328265
0.0012563665514496783
9.425865974041164e-05
0.0023427664454573087
2.48063150971821e-05
0.003541787478975109
-0.00045259007952958187
-3.5312418723220325e-05
-0.0008570853283549331
-1.285590947647889e-05
0.01596867391265716
1.7808100733647253e-05
-2.1930157675917013e-05
0.0008172932467852842
9.382486052000561e-05
0.0001592689895177079
-8.824367446255895e-05
5.971441847355731e-06
-0.00026491284035221876
-3.382400130127843e-05
-4.8825404795321606e-05
2.5340228943087115e-05
0.015520305590245292
9.735438475627284e-05
0.00012074943584365655
0.00013719580335368325
-0.00024163150405369442
0.0001492123643053072
-3.276911472728683e-05
-4.3061038393332716e-05
3.9715075653121e-06
8.039946060979244e-05
-5.135855475148996e-05
0.08192603173128456
0.016129756146488435
-0.0006739381652141622
0.05645073408989558
0.0021738940674378843
-0.06629510230439264
-0.005800782831607941
0.00024900982522564196
-0.019780266927394263
-0.0007714715122318996
0.16650757021887772
0.028729082795755735
-0.004805265738161056
-6.719688180252543e-05
-0.005750885186316123
-0.12418813128265713
-0.010537996649614276
0.0017329968281654105
2.8494180677764317e-05
0.03720816814883543
-0.0002008952233693046
0.00043176172023190733
0.0002519862881547129
-0.010460340102919066
-0.030169951891737493
6.434993791602946e-05
-0.0001587478972487466
0.23513902181260077
0.0041057421338843636
-0.0189526276618616
0.001678114661909941
6.284774791874289e-05
-0.1707963097021536
-0.0013617026883809044
0.0695803309732568
-0.0007860880834547005
2.3449573762114228e-05
-0.00016451088101121286
-0.0014326606825647993
-0.05971377803470785
0.013533664173425716
0.0020640019693760276
-9.223709249653054e-05
0.0065586978518653045
0.0002774590159141545
0.02321593743559736
0.003831958630009324
-0.000604877585179348
-1.034084245193061e-05
0.006126585351319571
-1.955955255471146e-05
6.049574789771016e-05
0.031126270520533038
0.0004732865776579718
0.012882446778519206
0.8297951854920709
-0.032184184103912744
6.103912956199568e-05
-1.955215157872439e-05
8.731371753941084e-07
-0.0008265183662466114
-5.805956008040921e-05
7.363242864438498e-07
0.0036168386371303396
-8.54790430550128e-05
-0.00024495176183410153
0.0013481062966985726
-0.00026303794061668863
-0.002104432916714814
3.001041860222657e-05
7.46036673557517e-05
-0.00032828267103487453
0.00010398868677667006
0.009811654019528682
-9.727042998036206e-06
-1.1055176456719076e-05
-3.499417575773887e-05
0.00176253444320811
6.659664267375201e-05
-4.61938172679347e-05
-0.007247102307383985
0.0001978170067626245
0.0005136066451479537
-0.0028311565943569795
0.0004157872191246561
0.003955567310165122
-9.555173538520249e-05
-0.00021393787037400793
0.0008028191337547982
-0.0001797889730575445
0.36043369328292196
1.297171278602116e-05
1.2931434626170627e-05
0.15272750662506543
1.5813790005016007e-05
1.6581754469840928e-05
-0.0006913764642521964
-7.049959084490771e-05
-0.0001174797762875577
8.525115002326658e-05
-8.787035853339414e-06
-9.948102729065088e-05
3.5711307572897216e-05
5.9879401056846154e-05
-3.5796829110119964e-05
3.5221380819156368e-06
0.3604108251220459
-2.2311215306926185e-06
1.5610407532420467e-05
0.15301923422177718
4.2313294221618365e-06
-2.095887251423055e-06
-0.0002516484635393355
-3.34705280181381e-06
5.32202269171849e-06
-5.938691059932483e-05
-2.223442161428134e-06
3.0782159989593376e-05
1.0532616326202328e-06
3.567306501440665e-06
4.273333018848399e-05
0.3603826465547168
1.4910596032195705e-05
4.089556362618459e-06
0.15282506437239066
3.9077486980942475e-05
-5.56630314906372e-07
-0.00030516155104744127
-1.9827496213185482e-05
1.9339140371097333e-05
-1.9086707040646306e-05
-3.50079912875849e-08
5.9365384155231475e-05
8.738352723846816e-06
2.2074797099344904e-06
0.0176878402495238
1.207149042367066e-05
1.4909681729294421e-05
0.0074143276246392414
-0.00037288164999375986
-0.000867661521773471
0.00025557181536244397
-2.7989444509555377e-05
-0.004114695529147062
0.0001392178757998781
0.0003565199860538391
-8.583455772200971e-05
1.0651827336251747e-05
0.019196224919002688
2.6536480308457847e-05
-7.8027330064269e-05
-0.0005219224536789178
6.125268869134134e-06
9.05631010224275e-05
-9.104482653208082e-05
3.2195849719746116e-05
0.00017621651303150926
-2.154977490944047e-06
-3.175677285947773e-05
3.62900423278476e-05
0.018584192201393297
3.280635011875748e-05
2.7814137967845077e-05
-0.0007009346843142066
-0.00015060635237405725
0.0001696394799437407
-1.1232721221537865e-05
-1.058490231110044e-05
0.00024111548760466527
5.4720802619444707e-05
-6.765131746590311e-05
0.03293487847912892
0.003775197604366605
0.010401818161215375
0.008605106685401952
-0.001476276737818162
-0.03400655045085656
-0.001624347533679446
-0.004347116805850324
-0.0032355140531480876
0.0006717791371930067
0.2338398027756589
-0.0022437493985021937
1.3829481776931818e-05
-0.0016520632134688642
-0.0015876223091437055
-0.2009262616407242
0.000858070400153024
-2.258498979463829e-05
0.0006469366754914816
0.23387539278998493
0.0013074473012708505
-0.0008799772334671858
-0.004395079806029918
0.0008581459246920274
-0.20086922312763977
-0.00046984747554228704
0.00033838719935681567
0.23566554828123276
0.00335218580043694
-0.0035753609086158437
-1.8637034131647024e-05
-0.0004635224067747019
-0.20236097732259978
-0.0013578323693928562
0.05650848348813304
0.0006776869936105608
0.0006997570535709422
0.00036654392418061375
-0.001389856936759734
-0.05726479194226151
0.008832868147960641
0.0006827044148818139
0.0018319705426712812
0.001263215327049076
-0.00030501656372949534
0.04326250954703336
-0.0003262945710062972
1.6289082711327763e-05
-0.0002733212570631775
0.043212050266282526
0.0001639249239342811
-0.00013934113577412487
0.043548894917159464
0.0005608570471328027
0.01457356499541446
0.053082449478687885
0.29069516031009945
0.0007301306233719568
3.299600482903524e-05
3.979378797589465e-06
-0.0014788889544884
-1.575472457980321e-05
-1.902455299454242e-05
-0.004011193577472592
-0.0008367835059236457
-7.554605359527965e-05
-4.73466354669184e-05
-0.000223564172742463
0.0019597446052047694
0.00029982857177203085
2.7947791745243398e-05
-0.00031312834054702767
9.690986068462736e-05
0.4763492644116595
-0.0004409242971563335
8.452713897222048e-07
-9.210912832151982e-07
0.0011767851461177326
4.168554056796343e-05
9.387459377229219e-06
0.0033560647837252147
0.0006463188053211946
5.311322060714953e-05
-4.844831147241892e-05
0.000324089119818975
-0.0017147239075339
-0.000216838729066551
-1.9548636634986926e-05
0.00011577280151864517
-6.930395183927072e-05
0.3933719096328647
-6.181390890789569e-06
-2.639109381681639e-07
0.14432882802716407
-1.206609605198943e-05
-7.871072908296815e-07
0.004268651157102012
0.0002479506680633476
3.119915525643324e-05
-0.0007917088629900899
4.94896518359127e-06
-0.0013861616410705555
-9.092304833921521e-05
-9.576251073422772e-06
0.00026994026638051745
-4.6736002317605813e-07
0.3934224337590915
-1.0353433270060699e-05
-7.580722825103578e-06
0.14364206411946512
-2.5610368486753226e-05
4.416619167634631e-05
0.000662423392106499
6.983500385024911e-05
2.4052907862101583e-05
5.300586433268966e-05
-2.7031565745597618e-06
-0.00019443498921210015
-2.344697547808312e-05
-2.0050159936932858e-05
-5.178380006058464e-06
0.39334116296236665
-3.1895203480942114e-07
-2.5497364635784705e-05
0.1436017411752787
-4.419163859294588e-05
9.147568192521843e-05
0.0016539692786649036
4.438673352013862e-05
1.4922120347052545e-05
1.1236835827586251e-05
-3.06615697305307e-05
-0.0005247156904962392
-1.0600974556314473e-05
-1.668250071490674e-05
0.01463355484292307
-1.9055901850477126e-06
-5.541012548939725e-06
-0.008176949525352195
-0.0010004886333717824
-1.855001350724997e-05
0.0025492484702731148
-2.8226074045614492e-05
0.0037383139538268413
0.0003608721200536359
4.0430762097201464e-06
-0.0009350148017102044
1.3506506242727615e-05
0.0159997205539299
-2.080855207573011e-05
7.14432684408815e-05
0.0007011321072032434
-7.579642030176066e-05
-0.00016572240272939344
-0.00021529923103203515
-2.420613465223904e-05
-0.00022398784965794736
2.815971739422031e-05
5.140799752953685e-05
7.313334039585029e-05
0.01552386551603779
0.00016156163909670433
-0.00016787090329942986
-6.6950103643347e-05
-0.00029702300099578857
-0.00016773701330580047
-5.738257151222819e-05
5.9318155541948276e-05
8.45418857401847e-05
0.00010123903299149114
5.864209331330557e-05
0.07270911405078165
-0.01209751355622
0.0010214433939467412
0.06385441251674757
-0.0014075745771524927
-0.05965317927459718
0.004348936228448034
-0.0003949523698428731
-0.022424404900532942
0.0004983619986793177
0.1741575541526742
-0.020336287070908975
0.003712924742702647
-0.0006425131158839876
0.004319157791878807
-0.129580797581484
0.007489856843128996
-0.001336007998008556
0.00022110737201665116
0.03685870621652108
-0.0023806766055668818
-0.0004070363418203548
-0.0003980444397645596
0.007422340555374013
-0.02996067383506216
0.0008429780813662391
0.00015159793033742584
0.23285659063781755
-0.003895522723958139
-0.021596198894342795
-0.0012950529352328951
0.0008521318348622231
-0.16932355341009908
0.0012954164003617873
0.0693663869451609
0.0004988863907927654
0.0002327458744711864
0.00015606674320649505
0.0013611059871475653
-0.05957337822932633
0.012341571519024274
-0.0015493974533278994
0.00015362843506620653
0.007500857574497328
-0.00017561359646353815
0.024167169222155907
-0.002730142550815392
0.00046569274601628794
-8.037157097021082e-05
0.006097589812529337
-0.0003014155666322315
-5.808330549395572e-05
0.030890793296996375
-0.0004508834711869273
0.01286240426167791
0.05305853723929145
0.2879434445139879
-0.00020480522394527895
4.471863837947371e-06
2.318967845886718e-05
0.0001275584782196188
-3.7961122341039602e-06
1.389683347619216e-05
0.003989478777889112
9.011105962258561e-05
-0.0001801882793583468
0.002464272974998775
-0.0007355480590805674
-0.0010816231937962224
-3.410996377787814e-05
6.499112464989287e-05
-0.00100569938457753
0.0002595090764006761
0.4772265181143538
1.027202582653198e-05
-3.920639771090864e-06
-2.030153962218074e-06
-0.0002702605348750895
-4.536864712797278e-06
-5.917307310707463e-07
-0.003059837318698746
-6.975309542308413e-05
0.00014995374036989834
-0.002241660449126036
0.000576609662465516
0.0007319218114862032
3.348468996940711e-05
-5.26143276181932e-05
0.0008051913218789758
-0.0001887679997300263
0.3926543180219458
-3.595312741343796e-06
1.906888023370221e-07
0.141788896921961
-1.944151729492613e-05
2.02918593561441e-06
-0.0002518503581040312
0.00010061436450132052
4.169935654523246e-05
-5.675938963518096e-05
-7.3935674312166515e-06
0.00017555103198697587
-2.1558217330341636e-05
-1.579333357496264e-05
1.7321753365478907e-05
1.302727640141668e-06
0.392667642653697
-5.583559332927939e-06
-1.9056545291839655e-05
0.14162538738698655
-8.069942028725242e-06
8.922398510291874e-05
-0.0004281130905312513
-4.709484366030281e-06
3.464017014233251e-05
-3.9568761960271264e-05
-2.4911754744837906e-05
0.00020205862884481766
7.485578163570776e-07
-2.8112621844297707e-06
7.1185702396752395e-06
0.39268439280929573
2.1525363549973174e-06
-8.093086200539718e-06
0.1416502476617995
-8.670020932169062e-06
-7.055581020101626e-06
-8.052353112515219e-05
-6.874161899211639e-05
-9.905477242087737e-05
4.745275813590313e-06
1.572361767234565e-06
8.81274375990628e-05
2.034784203507656e-05
2.979116533565238e-05
0.01530928444411997
6.155452558289909e-05
-6.189354882663197e-06
0.0008239305627907216
-0.00030412093087262026
0.00017825696460177257
0.0005827877306004642
3.718974666065099e-05
-0.00022351523242521086
0.00011386765260910814
-5.99684074130487e-05
-0.00021161746363758394
-1.033402632279022e-05
0.01583545668724918
-2.7307104921545744e-05
-0.0004909934282014972
0.002455989022344093
2.0745096049631877e-05
-2.890226057767603e-05
0.00044275852809099554
0.00016831407931445214
-0.0008541114328966253
-6.797893436198711e-06
1.4007044719996525e-05
-0.00015220798490081852
0.015513346491541829
-0.00011959279681673749
3.824156642764204e-05
0.0006579136961180789
6.796428129243187e-05
0.0006859548714473833
4.3898282287305936e-05
-1.3037789208037056e-05
-0.0002301464411991248
-1.60664871390505e-05
-0.00023693875066628452
0.21762881378471016
0.0027570522275339156
0.0018733820550455274
-0.10209607578997303
0.003927577798141416
-0.1576271544347832
-0.0009354240299336539
-0.000662149236036349
0.03341476937665017
-0.0013927410982412683
0.09551949636790444
0.0010619326451770659
-0.001565299525639492
-0.0006671505467615526
-0.0009671662483410038
-0.07818041889303745
-0.00037510999802530497
0.0005450569406821726
0.00023820966647868327
0.07288959896101013
0.0009387226523670859
0.002372581218361618
-0.0006663997568396088
-0.00037407410425905783
-0.05694916175346652
-0.0003404126481183652
-0.0008487876582031804
0.11797622813731802
0.007623160597638766
0.03299115572690925
0.0005288427094542944
-0.00035828691435581836
-0.09286870134733519
-0.0026894700367339477
0.18907300429963655
-0.0013491214164586805
0.00023848246655690117
-0.0008478646695294953
-0.0026345946102754522
-0.13874967692966259
0.028694042983441727
0.00032701908126420533
0.00023578517083244616
-0.010511856419873497
0.0004773010170182582
0.016093653083838002
0.000131396479258301
-0.00018326089467941966
-8.454898379610803e-05
0.011140122471151353
0.00012877572446813235
0.00030263510461978375
0.01845396100139048
0.0009257297122408724
0.02553241809286394
0.05280331804003251
0.28846018082513136
-0.0002457041724410738
8.217316517861403e-06
-5.1865178106195515e-05
-6.172291163739513e-05
7.4850164287361515e-06
-3.689744698194592e-05
-0.0022827722603155154
0.0001467697827824908
-7.502749453627746e-05
0.0016407556656917212
0.0006434521070613048
0.001189714321513925
-4.818086134559508e-05
3.144221564701209e-05
-0.0006471749223005742
-0.00021913579054152685
0.47706603751602344
1.1942170463203142e-05
-2.2171672873720297e-06
6.316458499713843e-06
-0.0001898247066032753
-3.500987013145777e-06
-1.4008923539073493e-05
0.002120294993298617
-0.00011664364240156422
5.278328785292712e-05
0.0002250270828377545
-0.00043460000511235796
-0.0008335545386020885
4.619884799490432e-05
-7.199568742242044e-06
0.0005071216888426365
0.0001598353127414305
0.39265805514226304
-5.860551943483441e-06
-3.149591312379333e-06
0.14165153386947832
-9.480357666727e-06
-9.274938915442002e-06
0.00014603806477252195
3.5941464223048376e-05
-4.675980326676419e-06
-0.00014356616354367055
-7.64831661109152e-06
7.307318657107816e-05
-1.0801071177040255e-05
2.2809678469997572e-05
5.740961293645841e-05
2.391794469921542e-06
0.3926844534926539
1.0306247681777547e-06
-9.489307667899645e-06
0.14155510744601485
-3.62941038624624e-07
-2.3842892606351435e-05
-0.0002238925190297176
-2.096528816587359e-06
4.278550030598278e-05
-2.386625449358169e-05
9.083302254223175e-06
0.00017426107111005712
2.603022238780591e-07
-8.57916968887073e-06
2.267178256784446e-05
0.3927754155821156
-9.28298305703189e-06
-2.1211258206668305e-07
0.14204309276296323
3.852882455274521e-05
-1.0859468466664455e-06
-0.00010308635791933654
5.6357263736034066e-05
-9.936715292168489e-05
-2.3687742351512305e-05
-6.113529172963963e-08
0.00012021021013180948
-4.244809549667961e-05
2.6453078751335154e-05
0.015285006553120945
1.1222852997734755e-05
2.00473947207372e-06
-0.0010135737665615061
-3.724078464617469e-05
-0.00027380887761923174
0.0008981772850025254
3.216987999109328e-05
0.00040909922832625114
1.1822117358830327e-05
9.946597861411582e-05
-0.00031589726856359464
-1.2161683520772928e-05
0.015721985942674377
6.847018075683391e-06
-4.596444193350122e-05
0.0012122166246608741
3.19334589375803e-06
-7.58305370287792e-05
-9.976271985386408e-05
1.6222193421858914e-05
-0.0003861712848803489
-1.1422792885727818e-06
2.7508302967345535e-05
3.978891436006529e-05
0.015529440713737313
-5.3805945533601574e-05
7.747993094602579e-07
-0.0002127309101790245
-1.3722318607671474e-05
0.0006191167024661518
1.2503457364816476e-05
-6.072995836151975e-07
9.568952061959416e-05
-1.338379859831752e-05
-0.00020787486924174405
0.031256213453764364
-0.0003107121421776598
-0.006547212000506917
0.03908217321433515
0.010121477724771913
-0.026439744739006895
0.00012283350923697337
0.0023097594613416712
-0.016301441248485978
-0.0035520134709002586
0.10063865179443252
0.0017840491040010216
0.0011338600659233267
0.0009280381300653615
0.00012040016900342574
-0.08195659318281448
-0.0006328171347759072
-0.00042016771975232473
-0.00032823705114906436
0.22932810810778365
0.003015816484763705
0.0003782951681400213
0.002295964485538764
-0.0005594890355202187
-0.16502585155817123
-0.0010671225422379167
-0.00011486004128427992
0.06741715128765145
-0.013798727418533002
-0.016465102662187835
-0.00041047160037741985
-0.0010477595160112312
-0.05697456201640359
0.004820706228243365
0.23946864710291935
-0.0035909524451420505
-0.0002813229849730812
-0.00011469123100825382
0.004746437226634304
-0.17184867104276336
0.005613655793250642
-4.7499849123093846e-05
-0.0008106166327072317
0.006915440585780039
0.001261101837478536
0.016775561321534894
0.0001990947057580592
0.00015012835422153394
9.934871927802717e-05
0.029798539041349263
0.00037083602087129936
3.458152697275108e-05
0.012115380693216965
-0.001655718503721649
0.03096239853019893
0.053061619424465065
0.287950624884066
-0.00018997761941123772
-9.63002462881692e-06
2.8707430171120155e-05
0.0001276088874894717
2.3021927610463162e-06
2.023883371423423e-05
0.004005631752187504
-0.0001401297361920574
-0.00019780300319008522
0.0022840296712753963
0.000682072918855823
-0.0010843301781322478
5.571037888477633e-05
7.647756869509731e-05
-0.00094403736863823
-0.00024272042100896405
0.47722525035046376
7.09509459581957e-06
3.7958674385744694e-06
-1.0801274698990184e-06
-0.00025904122087998623
-3.7255253213422445e-07
-1.5365874567907316e-06
-0.003067094263313092
0.00014548316847956712
0.0001841976711201262
-0.002092913850157274
-0.000538961190348442
0.0007345475552053748
-4.518046154076138e-05
-5.6742798938770576e-05
0.0007596722075407654
0.00017515823487125723
0.39265758352523616
-4.8539151512836125e-09
-3.288302540635836e-06
0.14179430842608798
8.052502540892699e-06
-5.544762411438752e-06
-0.00023888011357154398
-9.314055221505788e-05
6.0326281738988454e-05
-4.819908594629868e-05
1.247588010346842e-05
0.00016636036786717447
2.1905251918688744e-05
-2.2282504436110562e-05
1.280106569169098e-05
-3.2482061493591647e-06
0.39267176549721217
5.443589433054987e-06
7.606891175497666e-06
0.14162904942442736
8.895166172421965e-06
-8.089871610740114e-05
-0.0004065462575450564
9.827499544529797e-06
-3.0812454458224595e-05
1.7024724462131332e-05
2.1016462744789274e-05
0.00018734049040657622
-2.4960956700428987e-06
4.705935887803242e-06
-9.327373917081468e-06
0.3926879872901162
-5.488510240841081e-06
8.854548829429779e-06
0.14166152815697464
-7.649454005567737e-06
6.351484486369538e-06
-6.145031396650879e-05
-7.05317078712598e-05
0.00010324922981934628
5.351002135426189e-06
-1.3277572939514753e-06
7.722892374691979e-05
2.5603017484040388e-05
-2.9838394248152104e-05
0.015316489675505633
-5.221962075651697e-05
-9.829549777122475e-06
0.0008088194401088217
0.00028929256974451125
0.00013794183806369043
0.0005500706226656179
-4.682610599088595e-05
-0.00022302979074230586
-0.00010708938477190465
-4.785121077626973e-05
-0.00019842974573333998
1.4751374467867008e-05
0.01584598355668083
2.525846695178282e-05
0.00047146118645932856
0.002414496902828014
-4.521759229345386e-05
1.2827554556173014e-05
0.00016531940399598769
-0.0001613274359181559
-0.0008393870565089608
1.523119473876709e-05
-6.556132951309016e-06
-5.6923323604260735e-05
0.015519752596836814
-0.00013921608108224417
-3.259914472396893e-05
0.0005877070611523818
8.086935089573634e-06
-0.0006993336361541527
5.025655467047847e-05
1.111279845492109e-05
-0.00020775564480542586
5.670618688882723e-06
0.0002416501408243558
0.21720978551828124
-0.002557997732974005
-0.0016299481659100986
-0.10220571800514165
-0.005106162714525412
-0.15736329467366222
0.0008667459727504809
0.0005579720360512746
0.033442218446969964
0.0017797705205406568
0.09447635022225269
-0.00011338423364847078
0.0018239138067974044
0.0017631952360930574
0.0008959982008199449
-0.07744873435102452
3.4051435077574774e-05
-0.0006384423023584714
-0.0006217253943573441
0.07603337700873067
0.0032005632132999047
-0.007838608930290961
0.0005568198223584997
3.5909282813957255e-05
-0.05923397676453215
-0.0011400947696409752
0.002762427458404585
0.11767670150479659
-0.006853565094601025
0.03304291456186276
-0.0006259535336817501
-0.0011572493867573908
-0.09267728177778661
0.0024293677888382026
0.18689924139134118
0.001737516669505655
-0.0005900856036461835
0.002782656409042758
0.002376649684362143
-0.13727019562432224
0.028652629429401246
-0.00030267559526895655
-0.00019067453188766434
-0.01052515753235637
-0.0006047035618141103
0.015967296485465167
-1.0144522369044379e-05
0.00021764817655763768
0.00020700103342790192
0.011554575583167312
0.00041113700270688724
-0.0009791391810574737
0.018424773866154546
-0.0008386841324700143
0.02528151002390653
1.0479071540874791
0.030007181448897025
-0.000141926445601205
-4.798095052704875e-06
1.1947985598938471e-05
0.0002900687458634872
9.587457317680816e-06
2.7157257262703888e-05
0.0015267554145576563
0.00020351417333041213
1.085469992999992e-05
-0.006148033456274197
3.781605243658681e-05
-0.0015234287160994344
-7.262956688586766e-05
2.2182308741074717e-07
0.0016240715408674042
-1.3293275866866e-05
0.010833384039626737
0.0005523621555118969
2.677913032636715e-05
6.673149779072813e-05
1.2129429595282306e-05
5.363172641110068e-06
3.314923613241896e-05
-0.00323018810726548
-0.00014498348791590901
-1.5147092841692434e-06
0.0025507592859609182
-7.834526653485222e-05
0.0018317734722978095
5.8150323006191134e-05
-6.941659196110629e-07
-0.0011918815439924528
3.2626811548362904e-05
0.5557959983805418
-6.663956321781907e-07
6.739514327259104e-06
0.10207926383019675
8.071415475886708e-06
-3.6660304121010946e-06
-0.00046484499297150245
7.712464212915841e-05
0.00013892296184834626
0.0007149376945516277
-4.951347012081296e-06
2.2526318333991567e-06
-3.81028640216536e-05
-9.092127090042112e-05
-0.0002903560378218669
3.0855453521622997e-06
0.5561807795482763
1.7070268137450969e-07
7.968516070181749e-06
0.1017079446181468
-3.377432265395941e-06
-1.855600734522698e-05
0.001089209207896204
-6.541353435151592e-06
0.00010775253852808196
0.0001280485054487147
1.1474593999115288e-05
-0.0006139288430456172
3.6109325361228654e-06
-4.381682176580021e-05
-7.990535290756698e-05
0.5561705290078229
-3.6275498066685873e-06
-3.3347177596591206e-06
0.10139306730428815
-1.4162614064964629e-05
1.4072304862724336e-06
-0.0001164012470877108
2.2371593982481476e-05
2.6234110653214774e-05
2.0277678054946435e-05
2.6681246326406044e-07
-0.00013250425753292554
1.7227761473272152e-05
-2.5931623494056338e-05
0.005670304429147454
-2.5100240901341696e-06
1.2425418564620986e-06
0.00028506487166962224
-1.8498970746607953e-05
7.77349735817369e-06
-0.0003889808001103078
2.6435962491342317e-06
-0.00015534795174154925
6.326661329521178e-06
-6.226303509367942e-06
0.00015767164692119523
-1.1838903246713262e-06
0.005804479978655021
-2.25127078609262e-06
-1.655098254111488e-05
-0.0005735189514822414
3.2801337684702954e-06
-3.505334848938125e-05
-2.4443181507086706e-06
6.7477584240412005e-06
0.00020781279930925952
-1.3742257198663651e-06
1.3844403607761317e-05
-1.8086465475043087e-06
0.00572590212370452
-1.806611356182869e-05
-1.0991101961619238e-06
6.159032949561922e-05
-6.595843232049185e-05
3.7738145066910236e-05
1.1335490567384123e-05
4.6757041482601204e-07
-4.37514892255933e-05
3.644192160014761e-05
-1.5389567842812337e-05
0.021078094153391562
0.00013795044611669786
-0.00014432985954320254
0.04323150338767199
0.00032539406297907845
-0.020852155952508417
-6.384164970489717e-05
6.699099134427992e-05
-0.02055252696060331
-0.00014036608780047956
0.07145424200070961
-7.260324384956642e-05
-0.0004989833217858733
-0.00039136034677423063
-6.566632689021652e-05
-0.0686138716635357
3.2654043339814474e-05
0.00021296981804465488
0.00017518631478052407
0.021879541859291425
-0.00031999175198339834
-0.0003505308246591779
6.390037744504092e-05
3.391323385621254e-05
-0.021068914529735742
0.00014078924176675486
0.0001600521990293223
0.05846399238660768
0.0008290655636898344
-0.02052276115669402
0.0002138992549811068
0.0001481802024092564
-0.056682329534828185
-0.000356668445360576
0.018748487644062013
-0.00013469561259957618
0.00016859275609558855
0.00015862358790156894
-0.0003469040528368587
-0.01842292756057025
0.005178784328242753
3.0106489615708748e-05
-2.975205837509276e-05
0.009797487900545666
5.7566107251949506e-05
0.016547394998944545
-1.520068876957208e-05
-9.027219283944802e-05
-7.511425996294673e-05
0.005077116524262583
-6.515884563619318e-05
-7.225885549235134e-05
0.013810209023244624
0.00014780812242693532
0.0045348196755112275
0.05342513556450311
0.2873294971462169
0.0004225110701437157
0.000273372895505573
-0.00038299241603259777
-0.0008385729331445533
-0.000591518251806586
0.000660872142220132
-0.0009358323759822045
0.0008315192059986411
9.736881039961858e-05
-0.002304681879562602
0.001870528709324313
0.00033037819186015665
-0.00022928408216736884
-7.220494124257707e-05
0.0004678825087913555
-0.0007815760548963564
0.477500222657974
-0.00013627011465456207
-9.182382177732325e-05
0.0001064203846229675
0.0008939083662425202
0.0005866706056551936
-0.0007386692733547308
0.0009907322826142755
-0.0006508462670199203
-0.00010399313300187424
0.001651484043062492
-0.0012306055597788947
-0.00018133773978736207
0.00012898783559530346
5.616524042431353e-05
-0.0002867887460690501
0.0006879528196448784
0.3926607238929889
5.07739194882321e-06
7.5565432326988146e-06
0.14152940605622627
3.4371069870507736e-05
1.0585435706724167e-05
0.0012228518175504469
8.578686451065503e-05
2.1366560507035877e-05
-2.6910881740435526e-05
-4.050851257324513e-05
-0.0004902161109273952
-6.61576444042996e-05
7.342889281220595e-05
3.981872227051648e-06
7.279405460657836e-06
0.3927087633368127
-4.681763843628593e-05
3.374944227748125e-05
0.14163650646196924
-0.0001846057658553923
-0.00044356049862251065
-0.00019169129286195503
-0.00021044806333238785
3.9611747722373524e-05
-0.001003004669193509
0.0001714004166502251
-3.658744267089632e-06
7.126291518188921e-05
-6.171210378900753e-05
0.0004163794180329286
0.39268395787259447
1.0821358473313115e-05
-0.00018505783959418045
0.14175984106413203
0.0005098550587133732
-0.00018454180819057976
-0.00011939068493608073
4.616617412922896e-05
0.000763162663695026
-0.00021192449207100864
6.0176989717132645e-05
-1.8301634308667175e-05
-8.000762715314855e-05
-0.0002860318948415087
0.01585757247217739
-5.679801807416809e-05
1.3606051691928957e-05
-0.004613453631520886
2.0341577226818753e-05
-0.00011249695820570922
0.00023560920598485056
-4.074848190378342e-05
0.0021944477003854926
-9.09905894723803e-06
6.782616860176957e-05
-9.863679804497137e-05
1.6380399373147517e-06
0.016109120152451098
0.0005208686966669883
0.0018573181075087846
0.0008389543003842726
0.0007461573477934064
0.00042082995374829476
0.003988853795807363
-0.0007870510903039358
-0.0003808663375437517
-0.00029808134555092593
-0.00010938879695049213
-0.0017755147684753898
0.015650914260478568
-0.0021405562548809176
0.0005980745651035803
0.0002360658872708485
-0.000395803810152886
-0.0032113446031657522
0.0009335062711644101
-0.00023481794991999364
-0.00012486614261215535
2.6134565003428813e-06
0.001328096087239609
0.0980251874846827
0.000999778800494546
-0.0005075516761669136
0.01643751620376254
-0.013606924258243138
-0.08098348306292262
-0.0003754894818406431
0.0001628114427511629
-0.005188740216459945
0.005175589143789599
0.17976352909315638
-0.07911508059026745
0.0006643140081899873
-0.0036718900476750537
-0.00039414953644610975
-0.13194786498192
0.027260275041014276
-0.00019343949573776247
0.001214323953906495
0.10556778679712853
-0.005890909154124078
-0.002655226138369813
0.00017415596115706898
0.027132882192584425
-0.08079912958614664
0.0020483612435584515
0.0010822025534189162
0.2249959275866958
-0.010758909237294808
-0.005003513817017758
-0.00022107058339762567
0.002017954212448842
-0.16276505584072748
0.003431609710295924
0.09739048023489033
0.005119381861943733
0.0012147534420013772
0.0010941984817248434
0.0034765869673303246
-0.08025338669151678
0.016860235785561783
0.0001495807402637342
-5.385662527883561e-05
0.0014668847052951497
-0.001958483663276207
0.024331729076039282
-0.009326917105498076
6.141187321862947e-05
-0.0003909792897337139
0.015508520970561615
-0.0006999098348083121
-0.00045246112760251723
0.029563663901131288
-0.0010774947713378142
0.016677784391469334
1.0472979181458082
0.03155355359257198
0.0012585183286415828
0.00026245193447485625
0.00032650330120274624
-0.0008434361674789918
-0.00017910929805993513
-0.00024070702887130403
0.0029187903000730568
0.0005693395216122934
0.00014392126429345624
-0.0032675741684097424
0.0007934168519281256
-0.00045662547333092805
-0.00022417818737181458
-5.305663966198546e-05
0.0018389005363981525
-0.0003589269155711999
0.01060955600794206
-0.0016646258751761363
-0.0003669626925219844
-0.0004920959386605437
0.0006050188911135457
0.00013672655915622617
0.0001422727536798674
-0.00033259798911174435
-0.00028238992302743896
-0.00012150589048102913
0.0037106681847180905
-0.0006481501587978931
0.00010563592692318796
0.00014622287314557163
6.242512874083136e-05
-0.0020676094249428233
0.0003172135361350148
0.5560790537174061
1.1881172274329827e-05
-8.588692016749289e-07
0.10222333371703787
1.22373323653152e-05
-8.283899886147764e-06
-0.005995539390738718
0.0009761640298474641
-6.484347402661842e-06
0.0001343420311307843
-0.00014860407170548914
0.0029188168410365983
-0.000465312080999552
5.199894379816988e-05
-6.457336189224338e-05
6.733488644279458e-05
0.5563486536381175
-9.580901855429955e-05
1.2040213058296617e-05
0.10219201413899787
7.825497886770429e-05
0.0013182962210763474
0.0007832253525177546
-0.00023905714766061316
-0.0006656999662368892
-0.0017660063356310716
-0.0006361353819981895
-0.0002874117894511514
0.0001101873652018243
0.00034276594188437364
0.0008696567117351693
0.5558641065140664
-7.872149742088793e-06
7.889374606583828e-05
0.10266711086986416
0.0007693279554688904
-0.0002972233033441545
0.0004454630853207674
-0.0008468078171986972
-0.0011521481690951033
-0.0003859315179360102
0.000137570826370374
-0.00011345750369916814
0.0003457111136352344
0.0005459208328292047
0.005732676879542516
-5.652165568463866e-06
-3.038715430580113e-06
0.0026006236731506475
-0.0004138355587136121
-1.0738087488127143e-06
-3.356643869761607e-05
4.670656084362916e-05
-0.0013485573806931613
0.00021481404698654732
5.749712259440389e-06
1.6111306219812394e-05
-2.7456991727692463e-05
0.005851455685720373
-3.3230966175244863e-05
-0.0005383211104720883
-0.000286942372227133
8.948788049887087e-05
0.00029044979822580346
0.000758432358957088
0.00027897583551057413
0.00015473477015386404
-4.7565574955986036e-05
-0.00014955756663061377
-0.00038554577772656625
0.005699428871781187
-0.00034455120633849025
0.00011625811457629172
-0.0001486432081042083
0.00036516484698413156
0.000509325387161795
0.00017168189557769498
-6.018927862990463e-05
8.329216481789715e-05
-0.00018901189506553566
-0.0002550403333919414
0.06269305690546631
-0.004203778277026227
-0.000562139143442022
-0.009338094148262813
0.0016435096865836042
-0.06114344256766073
0.0021127993759790784
0.0002889644875207001
0.004671354549467811
-0.0007760520069965238
0.01716551117322182
-0.0007267381135474228
-0.00010100768584463655
-8.75621243292748e-06
0.002086307476464051
-0.017132458248073766
0.0003505478228152782
4.871396604047157e-05
-9.235543490054789e-07
0.017438640419755028
-0.00036547283786354394
0.0019097149949021128
0.00028954634755800376
0.00034957893599037333
-0.017170374530201
0.0001688444902513067
-0.0009299627155717328
0.011751238945958871
-0.004552769390177287
0.004651634173584596
4.3184736786755384e-05
0.00016730462185529716
-0.012062303697113304
0.0021186522795016943
0.06480477894285197
-0.0007700049551674607
-4.268332275802412e-06
-0.0009219166398471703
0.0021444207269914876
-0.06303946033819763
0.014980395374477746
-0.001056075636315894
-0.00014954048482796736
-0.002348458905023677
0.0003666476101920633
0.0042813345351189625
-0.0001685913753637809
-1.9950783591762044e-05
4.728445598542226e-06
0.0042303624516058826
-7.719913891405497e-05
0.00045190416945491423
0.003106772231542164
-0.0010013974394115612
0.015401984647342336
0.5168100620054086
-0.033621438210137154
0.017837682539768092
0.05506844421208226
0.03481572210738776
-0.00047781218980190915
-0.0010081001908634063
-0.0008795391756674115
-0.008752373264463369
-0.004575980719273318
0.0036938838114667825
-0.04809630266872837
0.04031216492598749
0.14509413035541666
0.0335640839800934
-0.015174219386410665
0.17244911873946675
-0.05330590598917664
0.0009134050764699581
-0.0005972152391993998
-0.0009327110831547355
-0.0012806230386542272
2.4001064457070692e-05
4.7846442199283256e-05
4.9449457083705304e-05
0.0030037114843404827
0.0009381285335773387
-0.0005212648637750903
0.005580097544437275
-0.0021088640952647954
-0.0022457882936680763
-0.0011516865750472866
0.0007166579836888213
-0.008341291043209544
0.002236426330768924
0.8517352328507816
0.029589926728967507
-0.013253465106148722
-0.036722229523087895
-0.0008321959544438954
0.0004477103082031215
-0.01741575060339264
0.0021591688967724934
-0.009592540194851685
-0.0025295314837518903
0.005451749189665444
-0.017775306625585255
-0.012892230324278855
0.037203776290924744
0.0063029505946448
-0.01401304115365699
0.8624719261973506
-0.12789417480094498
-0.0008541909403048963
-0.03822009142022461
0.0022442963422906422
0.050824016399163216
-0.009783400534204957
0.004593273496555183
-0.020144938913869873
-0.0696873764237896
0.01516079790479805
0.03306730228961401
-0.023228668730222307
0.057956343567691186
0.027772571272358725
0.678760069487871
0.0004354492705941716
0.0022205820946643853
-0.028076762402755806
0.028163368522095424
0.004805156788073351
-0.005741919330650359
-0.014138318031383938
-0.05539537913315999
0.03403131790216118
-0.022745406178004995
0.016047568670661753
0.03352872867037203
-0.03896111444563044
0.000492376151419188
2.747504644847763e-05
-1.5117102562568643e-05
-4.2803912482388236e-05
4.867220403561792e-05
0.0006617229879948072
6.609827469305848e-05
-0.00026519907551006254
0.00011331976155917579
0.00044917411139745197
-0.0006409623498300127
-0.00014473499098975368
0.0003784452906216724
0.0005399522803712796
-6.150043236337087e-05
-0.0011125569294579444
0.000342126027533545
-0.00026984850244665454
0.0010551790655338245
0.0018241776700614702
0.0005105002678784402
-0.0006286080128868135
0.000435393012950334
-0.0012602340217356843
-0.0016053871927874056
0.000358922906712312
-0.0005445986067078388
-0.0002807421743241896
0.00020663055814713454
0.00032682867431824136
0.0009309291477140756
2.737238486924581e-05
0.0004493397996913332
-0.00036198210664506686
-0.0007789338228593745
7.875311702019354e-05
1.0213976517460566
0.0004798481539764221
-0.00461527326471394
-0.04502408611386051
0.029630524791136762
-0.884059119012938
-0.007153015223166588
0.013711287341605215
0.13336629593930094
-0.051851317506379516
0.87272699179372
-0.0016380804342865244
0.0013980058623108036
-0.0019264132482993295
-0.0014536510932212912
0.09670814706272425
0.01122330517911466
-0.004423227137882616
0.0006732023055613103
0.8671645750270666
0.0016071296862147362
0.004080102544564112
0.013461847651572144
0.011552937052805676
0.11446272499811752
-0.0029417091448457207
-0.01546818723415244
0.8844930048705164
-0.01592534512017399
0.11981864952727013
-0.0036656587892987505
-0.00289796515651404
0.1041137644693414
0.0492623277218444
1.0031671453367401
-0.055698124971034574
0.000831904075887346
-0.015207652364829842
0.050133043546259394
-0.7724266236024593
0.6344321603070107
0.037258997337577704
-0.022640189063196616
-0.07487341537446252
-0.06295402699870684
0.29982256098798094
-0.02400554357473217
0.008231209620773906
-0.027654608486967092
0.2821069332938869
0.006908491844721863
0.025443592770653223
0.25408423446390105
-0.010393207229375721
0.6676566382455152
1.047042051734607
0.03211993951898506
0.0003401900853955747
-0.00024088133301518845
0.0003316429493587761
-0.00020019483733923278
0.00016123615620541415
-0.00022815197582569304
0.0050366229362015305
-0.0001818606139905382
1.5886176003355597e-05
-0.0031257442205858774
-0.0012664570548457273
-0.0015406353151232641
5.423636501909353e-05
1.3077812046743365e-06
0.0018310037076333609
0.0010690669450672064
0.010431793372992139
-0.00039603206436584414
0.00033632744212526314
-0.0004773778363478137
0.00017415717854511926
-0.00012599899350177108
0.00014967800991521604
-0.0023862293358050232
-2.0884489375427692e-05
-3.3789349891487404e-07
0.0037300539347737407
0.002174746959051167
0.0011661808488428382
1.1606252556012172e-05
-3.8041643152658855e-06
-0.002071115054606406
-0.0011393501010361655
0.5560000079084293
-2.2815137677411515e-05
8.134444211310128e-06
0.10253194639557633
-3.3600413598859022e-06
-7.71077041302565e-06
-0.0015676124577141412
-0.0008591268103275917
-0.000207376319887293
-3.052857227560724e-06
0.0001635582315541946
0.0007436300484182944
0.00041254580124988247
0.0001371547136390745
-4.418965411225216e-06
-7.253123603636537e-05
0.5563998751617185
0.00033724771192763576
-2.9150326987354985e-06
0.10220853765254675
-0.0003408134165546827
-0.0011285891385225005
0.0002725567568549379
0.00023475363187823795
0.0006939835184836117
-0.0016147920977504652
0.0005461773406456884
-0.00012503631041247304
-0.00010812949135621286
-0.0003520912752767782
0.000789672733535265
0.5558958098397164
-7.71163360357566e-06
-0.0003392855225251448
0.10274788221147796
0.0007059326137183935
0.00027664590018504457
0.0002903255111993693
-0.00045197391485158505
0.0009714491367277274
-0.00034391399801112177
-0.0001279709123175948
-0.0001177218309902413
0.00018166836110315807
-0.0004585890140825163
0.005688927602220191
-2.6300907907975974e-06
2.1164738961055985e-06
0.0006780171502544085
0.0003493350758355528
7.914511080933735e-05
-3.51901071905166e-06
-5.511167562724928e-05
-0.0003585069971559355
-0.0001793831725317471
-3.874212045078451e-05
1.0600671268393065e-06
3.069722087861408e-05
0.005871154781255376
0.00010091739107549615
0.000449645209966317
-8.399821179766265e-05
-8.974268886505825e-05
-0.00029513038920478873
0.0007060585402456007
-0.00023135435675777986
4.169820846215442e-05
4.7736973344603015e-05
0.0001512071005667987
-0.00035684376511500946
0.005717575989507565
-0.0003128793005329196
-0.0001087307275291673
-7.213727122120023e-05
0.00021962942716403005
-0.00042659989032079593
0.0001558701941252028
5.6779737961670755e-05
3.577685521331375e-05
-0.00011140219140943015
0.00021047262563968157
0.059071649329866686
0.0037318668722022036
-0.00022004365253906646
-0.009312617348698402
-0.005932077833545546
-0.05765122813245603
-0.0018671792767155707
0.00012058838029519253
0.004657818325931217
0.002855722321483063
0.016199915657590346
0.0031780680948274875
-0.00023889278245210475
-2.0570497672014454e-05
-0.0018461258878060592
-0.016176572223228058
-0.0015120976473341633
0.00011677670386142304
-1.49899062977448e-05
0.015966019446489656
-0.00026647317371013106
-0.0023212754241942624
0.0001211382353839262
-0.0015089608914409948
-0.01575272120733889
0.00012258876729506342
0.001130378034798535
0.012177206923405052
0.004153053150694177
0.004628185239543373
0.00011882475038474276
0.00012126563899386543
-0.012490193555534414
-0.001924558108049417
0.0656718215771534
0.0028279590898119497
-9.534921834738542e-06
0.0011281311789987885
-0.0019551736945125483
-0.0639579365563912
0.014131773090056272
0.0009301948726151414
-6.588495590750896e-05
-0.0023379661085329703
-0.0013722741714427503
0.004044669579061955
0.0007172490630274432
-5.944033370615448e-05
1.6691046575002562e-05
0.0038893404944887484
-5.5591356633386976e-05
-0.0005530833819519063
0.003214758154197398
0.0009118595099095013
0.01564800152918501
1.0487779509333603
0.02820695915306274
-0.0019142809209856937
0.00024137180772799586
-0.000784670096998615
0.0015531567724400598
-0.0001759473827850475
0.0006359195477741355
0.005648180694922731
0.0002920392344160065
0.001875109187714358
-0.000785581824879626
0.0007072043891762198
-0.0032850704774222955
-0.00014668054902560032
-0.0008174088262371237
-0.0008299606518909703
-0.00032690068568046226
0.01173642352434873
0.003100620865599494
-0.00033858701626701205
0.0011418110537548052
-0.0009146824188783851
0.0001271907302932058
-0.0004637789521941021
-0.006138101293396638
-0.00037921251612792564
-0.001558823717321281
-0.0012129499451183734
-0.0006135760371237213
0.003342028041634749
0.00019645404386398052
0.000767848712951027
0.0007479034609801167
0.00029562626232630624
0.5556187999264357
-2.321015067233345e-05
-2.392178021833943e-05
0.10228185133812112
5.855994688674397e-06
3.533728973775375e-05
5.430952853698375e-05
-0.00030769534869130573
0.00021940922934722096
0.0070159270537237485
-1.8485907395371464e-05
-0.0003446096869883864
0.00017771467825405046
-0.00017244841144274886
-0.0032642063554187313
5.585621321455242e-06
0.5560233739232374
-4.558360272940462e-05
6.095284763452829e-06
0.10198871382110808
4.346474698125704e-05
0.0003731084565193344
0.01207832204936352
7.658257227669479e-05
-0.00024272327750593736
-0.0004532040155280736
-0.00018330141828860262
-0.005877019643831956
-3.7476475040882734e-05
0.00011760875927323047
0.00011140561022515355
0.5566163920838326
3.2629331584311836e-05
4.188360492659911e-05
0.10047959744877491
-0.0016750006493410192
8.543326075073651e-05
-0.002683141988266904
-0.003434934540306907
-0.0007765050274479105
0.0008227404611692312
-4.1287270748401956e-05
0.000988276228227385
0.0016392685936275821
0.0004036575768165974
0.0056310383698282545
-1.1374714505646814e-05
-2.2509788084446044e-05
-9.179750262295093e-05
0.0001557986865169653
-0.00022197285261958178
-0.003028046025514278
4.762956797090224e-06
-1.2399775375855123e-05
-8.364961378649507e-05
9.311855627516451e-05
0.0015184318139144486
-3.574495081932521e-06
0.005790448116476951
-1.829053393200188e-05
-0.00025191847615305574
-0.005227991699563724
-5.108800161515458e-05
0.00020065058230116017
1.1415771178382819e-05
0.00011351753393226275
0.0025541803909480713
2.1705851272868253e-05
-8.871296587409384e-05
-2.573805941790248e-05
0.005957044301157838
0.0009002302944310001
-5.1314689617161665e-05
0.0013104407017728848
0.001708473018021887
0.0004191219993577398
-0.0004608867254236581
2.1623547509809584e-05
-0.0007056479515545979
-0.0008740144789140154
-0.000201490936710031
0.026521615186516773
0.002041327171684448
-0.0005880649572035585
0.04669198616508524
0.0016963228310543001
-0.02592399279786991
-0.0008343293075478082
0.00019092884281346804
-0.022438172196455546
-0.0007974687337512948
0.06608603308185697
7.364910008374014e-05
-0.0034113022982424366
-0.0031917144268603075
-0.0008934901376779107
-0.06366235680355319
-3.5107519627302925e-05
0.0015155885862612583
0.0014872073279054761
0.03169374730489988
0.0006761794632840282
0.0007839191158269666
0.00020099772627664436
-3.724664820387536e-05
-0.03020805461771224
-0.0004545409440621808
-0.00034652694847861986
0.06889060230894747
0.003544526746066293
-0.022365803221798635
0.0014947513154722576
-0.00044152328290617156
-0.06675482512871976
-0.0016254958562625763
0.026374420640062114
-0.0007825024694515946
0.0014650315989758467
-0.0003414762310971419
-0.00159846186204016
-0.025608633426414222
0.006367057434894376
0.0003607054921207047
-4.8889668482476485e-05
0.010805446222341156
0.0003708481943629406
0.015414246651211728
1.8340675139658434e-05
-0.0006703859854968395
-0.000686446113675195
0.007209400898554023
0.0002799968437760502
0.00015100559332099862
0.016272379524467577
0.0007376770470087775
0.006229278680286625
0.5068488659591114
-0.03294554630260977
0.07128300800053487
-0.12758748477861426
-0.05962955581904051
-0.0019275333733625335
0.0034755156810339746
0.001215226376525972
0.018771197012284635
-0.044819315049425025
-0.0021167258944111934
-0.045067054626705724
-0.0035920461428690193
-0.1074317174882516
0.069326213684835
0.004432972203264499
0.059318541282892503
0.022891265339520985
0.00089543078060685
-0.002230402851203508
0.004446688920493561
0.0013634333021421458
8.955096000461273e-05
-0.00019449008620781992
-6.044344634342015e-05
-0.003456402537087422
0.002284685447022046
1.1238439176833756e-05
0.0027851717031108316
0.0005077581198962932
0.005493161356413244
-0.0005088323681520111
-2.6601628775410487e-05
-0.0045774412308919035
-0.0005301068919402964
0.7394072519493524
0.16641567734229193
0.003494280107822973
-0.030333768272217683
-0.0020990137383076
-3.1043501489491346e-05
-0.00562249131367421
0.13296589440054365
-0.0005056830444996007
-0.05763654776312159
0.00012688243866481957
0.018467822534898124
-0.26009931513750384
-0.012305224413235283
0.15285207571260104
-0.0016260753373971474
0.8589664451845592
0.023515060675773407
-0.0021263996737253734
-0.038102331004068624
-0.0005137066295004984
0.02114231570621523
-0.10866135219197912
-0.0016827134819644449
0.08260913635088762
-0.004351059419202738
-0.044825657147611095
0.19142738485582456
-0.00624131309850638
-0.16902669405709572
0.012180471391139008
0.7697386970955058
-1.8978648891043085e-05
-0.0005260448959514096
-0.033330315946449376
-0.04312711971087796
-0.0003105517664493317
0.005011539740746018
-0.07646266510149322
0.016162480231744575
0.04140603230145824
-0.04687727048261377
-0.0031720618569676083
0.06732557205245601
-0.04353037499306927
0.00039780424222013845
4.2203652902239023e-05
1.184185341487713e-06
0.001016639920860582
-0.005230661019683799
-0.00014516135827189936
0.0020491386132145215
-8.000699533871122e-05
0.0005041729391080898
0.004796122552131944
-0.00022657719273637753
-0.0026611692655072426
3.089414666648051e-05
0.0005425326135037592
1.4689274850518863e-05
-0.00010688235594310047
0.0045989821414754465
-7.224016651286323e-05
-0.0036643324800650504
-2.0481160267463616e-05
0.00045420288545651715
-0.004225057057625117
9.58588023709954e-05
0.0033443794625252913
-0.00042592034162826836
0.00044282874411318907
0.0012458561605930858
-9.152912467790469e-05
0.0006843781949921848
0.0022529259439405327
-0.0014040081370816605
-0.001218213672931543
0.00040938078523829164
0.00042726047201704773
-0.002111910982960587
0.0003976158817690637
0.878762423424688
0.007503516241080044
-0.0011056015148366242
0.08577440433249933
-0.0036395705130803447
0.0069282155905368206
-0.023150477728440595
0.0005954576910246823
-0.31076451815826395
0.012881569198281179
0.9921470520161336
-0.0010204363430518302
0.02488556404354254
0.00047838291525217924
-0.016833228545845038
-0.699676944276403
0.0015249027534678169
-0.07544794906312559
-0.0033548473755536873
0.8550794488240496
-0.0008223951180685554
-0.012716438905301514
0.0013966505761739273
0.00643562995523392
0.14611350464582631
0.0019900385417726454
0.00171786106505271
0.9667693523512243
-0.005612233205622676
-0.30515454544352527
-0.07272573539227684
-0.0008878701313273529
-0.5459899826604142
0.020064758393160576
0.865193506835081
0.013521752075900426
-0.0024277497569041573
0.0016925398508716484
0.022411175409808838
0.11957429160462507
0.41297149520272824
-0.18565295070594462
0.012527543906107101
0.5882988322081502
-0.0009265790273658183
0.8768128627557648
0.04055950938197515
-0.28472078740635415
0.015744155577808054
0.29044568156995854
0.031018891506605733
0.05806867152308089
0.894418342177607
-0.0011487089487117416
0.31458502960726437
0.4771312431671807
-0.03343553822715338
0.08625509247900687
0.028380125827612
0.0397212077046408
-0.0024190051421636083
-0.0007667415491378002
-0.0006028150763785216
0.04079317597261131
0.00438364528296139
-0.0018613141503335804
-0.003167977202131714
-0.004788150733094748
-0.12756060886037573
-0.014167835207657787
0.02884601498263829
0.050145205831910525
0.009858578269541613
0.0008945649746110131
-0.0027845093929658483
-0.0011961642331766568
-0.0006623680055778648
0.00011998608389822883
4.7990713692248386e-05
2.802231427103612e-05
-0.003731368833387907
-0.0005656852736104261
0.001025010997008546
0.001801333679963184
0.00014547130080339984
0.005672192721850642
0.00023774266483829112
-0.0012096278020293624
-0.00390809025997464
-0.00019487396734598503
0.6729528828377309
-0.01710272019271973
0.030463964609354126
-0.0292090315501951
0.000302258801941651
-0.0008933639387938534
-0.005522826270343221
-0.026040992408257062
0.00341050727502618
-0.05990476676824534
-0.001804335703068782
0.001459916514087751
0.053796371398788845
-0.03597664517159362
0.13039699409719882
0.012207448045890225
0.7861559552831268
0.01634578004737519
0.0002788800965920559
-0.03668753890874109
-0.00023620342006665945
0.0015686834041853583
-0.11581814585277483
-0.002291179738066119
-0.012970525728983955
0.009574242696277753
-0.01212604918984545
0.3512278993843479
0.006882116929626123
0.010275031006831801
-0.0445549929956039
0.7685415579005448
-0.0008933657221198968
-0.00023318957069211034
-0.033544965014262726
0.04270250667206762
-0.0004091046481376263
-0.0011288668815499431
0.07844261470218536
-0.016443761692201922
-0.04444599171243959
0.022132183112537063
0.03296361962234688
-0.07302335160109398
0.02079309368327043
0.00038569410732420466
-6.026952339189945e-06
2.8067430811796523e-05
0.0013206835914095297
0.0008089870783953329
-0.00040724489751627676
0.0020333218332912045
0.00011498669624896766
0.0005465614080363372
-0.00137218103116445
0.0010659610405557862
-0.0023050881053227165
-0.00022488370453206053
0.000525957007006574
5.844720194928244e-06
5.471169010766054e-05
0.005361573713142741
0.00010791624674157784
0.0003501119504869286
-0.0006240414812937827
-1.9874151281689202e-05
-0.005089123480767959
-0.00017610876904863517
-0.0006239609576927326
0.0013302508479783241
0.0004499836357467977
-0.0011908493520543827
8.450352657522574e-05
0.001421256590431632
-0.002257484455112317
0.0003983820178150919
0.0011625977968427184
-0.0002962979325533987
-0.00033889905439271953
0.0021904457282632597
-0.0004627085903793145
0.9014065303803903
0.0011537158793833808
-0.0028089922881381797
0.0581445702310949
-0.0030878368301339595
-0.013996967921247693
0.0036512936654837336
0.0074987657520583315
-0.27639722888042473
0.011737991900290802
0.966842039888042
-0.000942161169875989
0.00271849948773687
-0.002036924342084141
0.0017830738365565745
-0.5715867518811011
0.0037531384821459964
-0.005286161329293258
-0.0012342374609844407
0.8710840630515247
-0.008311229811544045
2.0893192632189677e-05
0.006540248143916974
0.003973828139758171
0.12980687668066357
0.022030363264940067
-0.00013656725410235494
0.9729188121694041
-0.006334652488626347
-0.27654488614117645
-0.0013662005687836583
0.024292440425322477
-0.5366124096674707
0.021825505855676254
0.8829191873492643
0.013457323189855229
-0.0009221986481315042
-0.0001770050659400343
0.025886628216131576
0.10144482052179057
0.4051313218379087
-0.06493984014463441
-0.030729845970375414
0.6922500602847331
-0.001892195381768684
1.3086613141079202
-0.007359998841203081
-0.1127755890366659
0.03775560071277198
0.26895373429816355
-0.07943240702375007
-0.00909621287160848
1.0061555959731714
0.008978504210124097
0.2807303969778437
0.5113990764324445
-0.033191064796880554
0.06945536887185813
0.13732117806545513
-0.05950141109538942
-0.0017757298370371455
-0.003607071543281723
0.0012694472382873809
0.026797905048879474
0.028591462338326712
0.00105946540692858
-0.031201138024048218
0.0038752419038555106
-0.09290564737325001
-0.03848252081074043
-0.017529691353501083
0.07337288789735058
-0.01832448841898536
0.0009059418832704323
-0.0020338580237620387
-0.004515953864460051
0.001621069937329868
8.230970693666096e-05
0.00019992332779591798
-6.899073622519863e-05
-0.0036987250464910713
-0.0011634486806856694
-0.0006666387359789282
0.0021662810969205054
-0.0002661710354442227
0.006107555886436741
-0.0010459153978926174
0.0008339751362996665
-0.00342104819428452
0.00021408642993890213
0.7417491139369057
-0.11685917845518597
-0.020223490963659937
-0.030376918959473663
0.0009739223895635486
0.0005924849600488908
-0.013113696764808155
-0.13830933047354765
0.0025262404800934137
-0.06427428354425427
-0.0016619013146183604
0.03120315900856351
0.27752556045176824
-0.03422355160847379
0.16255598290560141
4.339158017251641e-05
0.857821527840412
-0.027204167585159977
0.0009860243551095419
-0.038024847212247845
0.0003775159556182758
-0.021862365736075286
-0.10965214652718819
-0.0005902178245085848
-0.08638839235174955
0.0016223941393295812
0.04638102290391365
0.18274227360526354
0.003495075149679507
0.1820801967523148
-0.008210711586209665
0.7887741879908788
0.0005904253045846022
0.0003766031995405613
-0.03438273893071912
-0.04772770176078344
-0.0035217634830744596
0.015133813319967802
-0.08055758198875101
-0.015177241294942764
0.01056571828377347
0.023485242869551184
-0.04412388772346676
0.018338942317558365
0.03354757129460098
0.0003977418123407645
-6.7619489860671714e-06
-1.879438230339277e-05
0.0012195063347567657
0.005396412209038855
-0.00025707334598350045
0.002291536601632867
9.324341714073365e-05
0.00014520746854433767
-0.005129896059300503
1.2453789951616623e-06
-0.0030884551474241228
-5.949535829993479e-05
0.0005404737824415986
-8.646270731718124e-06
0.00015987156961109718
0.004566084754692797
8.995322583232511e-05
0.0038661201235326596
-0.00018832986267536776
-0.0005805972371312353
-0.004258351147909033
-9.387636010644372e-05
-0.003775625961165376
-0.00011598805495975277
0.0004610096571637083
0.0012413144683779062
0.00012133923674238593
0.00013440439530447993
0.002183706536509562
0.0012284456621118312
-0.0010880759392244159
-0.00024066457203659927
0.0013122815905799211
-0.0018052080311886484
-0.00010788931558619487
0.8808060722214772
-0.0004159436772151655
0.0031528623111527357
0.09512315310377123
0.0031919318200636718
-0.001130558465437647
-0.0017930521995787538
-0.009801298111897967
-0.3249841966492747
-0.009515605232252023
0.9893954271236923
0.00040431050207425913
-0.012668885482490715
0.0003172393260500881
-0.005842039785054499
-0.6963966084644866
-0.0012634399521692537
0.0466144970601535
-0.0023667993353250266
0.8554538820772841
0.006315395834149588
0.012311344515121026
-0.008994691979993929
-0.006044234842726901
0.14373393898181214
-0.01962234937558256
-0.006510094680347065
0.9739815852125876
0.004496858022332981
-0.3180827635430707
0.04532086464138375
-0.02215135088191408
-0.5640379405057399
-0.013646775588526384
0.8653918695108811
-0.010533690378337505
-0.0016921252224506428
-0.0061330955336534885
-0.017426337948298575
0.11695895956652706
0.396921913544908
0.15134040988217953
0.033561994336125583
0.5470705330725742
-0.019979118545090664
0.8921075943619496
-0.03678649242288994
0.23239422292514567
0.008268754339376402
0.3192256140675511
0.07608315296402293
-0.03796430423316614
0.8659546428388243
-0.03926346524661003
0.3171519674302051
1.0473325191004248
0.031366856275449745
-0.0030749851274317714
-7.031188137568576e-05
-0.0003502911869005663
0.0020702154290492634
-1.987663974350886e-05
0.0002740910058755577
0.0016921365362549245
-0.001130354252845546
0.0010566540001747302
-0.004087733781976169
-0.0004685581725929517
0.00031175508548782785
0.0004261875444388505
-0.0005191110058678242
0.0019957853236919213
-0.0006215519946310519
0.011151996570175245
0.00418834550129291
8.587341805334715e-06
0.0005538899192529077
-0.0012457380758446428
-4.5730835337763056e-05
-0.00016116270510330236
0.002776581573867098
0.0007520657751351792
-0.0010427767257048506
0.003610718536445647
-0.0015853752671748712
-0.0015398884924349718
-0.00032450641277435323
0.0005492871384417133
-0.002014373476913957
0.0008951101987806118
0.5554234907080964
-3.830231097705495e-05
-4.09894899858004e-05
0.10331906250636405
-2.6675693613392585e-06
1.6038379446121287e-05
0.019371867480502597
0.0006251172009201361
-0.0006257947621627572
-0.0005034549018997587
0.0010859877982525804
-0.009561949081092341
-0.00021717472428204324
0.0002332410565118588
0.0002727988640105145
-0.0005347481154284158
0.5562129059760348
-0.0002815737215581977
-3.968967896852487e-06
0.10261798430369781
0.00034075785022658
0.0004250953502618358
-0.004204166952059193
0.001345053825503641
1.2635337271922747e-05
0.002217763454498781
-0.00020609677975699892
0.001838768446310895
-0.0006720005688127587
5.503117344854972e-05
-0.0011191149406939128
0.5557684120035722
1.9099603201915284e-05
0.0003358030893987413
0.10298958532048076
-0.0015112747026322668
0.0013835328698217839
-0.0025740160345748314
0.0008877772812178268
0.0003701070341980473
0.0007517122996597897
-0.0006947111468242006
0.000966937397765595
-0.0003569011706980032
-0.00012624339982396777
0.005719015941852338
-2.8387288210628328e-06
-2.2727854525822164e-05
-0.007679359118079908
-0.00020046538131401447
0.00020278694814162722
6.298510198002208e-05
-0.0004185338152086057
0.003970203340518145
9.798586060040544e-05
-0.00011461818013168637
-4.053972057264284e-05
0.00021258860865248726
0.005854624318806221
-7.230720528788471e-05
-0.0002567025366026992
0.0018265172938849942
-0.000570743134225526
9.633353498449126e-05
-0.0009749891309796087
0.00010853251880211686
-0.000972315353552547
0.0002900635389102279
-3.878760770622837e-05
0.0004931544841846967
0.005706970544470196
0.0006722524662253091
-0.000601097237483131
0.0012721396162840458
-0.0003508708064900442
-7.228879018548345e-05
-0.00033817286125276363
0.00030639961483358905
-0.000674023111651664
0.00017761129483803587
4.0424793258501466e-05
0.06437584149078093
0.005371166493481894
-0.004419841057956885
-0.01047598746290387
0.0022862426324913483
-0.062443891541912155
-0.00236645927442609
0.002050769171683107
0.005143060713216336
-0.0010967995581587812
0.027278694029541167
-0.007577725490945043
0.00030905120787277267
-0.00042121641559949153
-0.0023028711361307618
-0.026721352694590136
0.0035372865484606247
-0.00015914710883216008
0.00028837143325464683
0.027836941268609396
0.0002986133361356482
-0.0011510315566905013
0.0020799674017884582
0.0035547844899035336
-0.026923426180591604
-0.00015867720886298165
0.0005188624483663778
0.010720677105264264
-0.010019347589520586
0.005113075670298147
-0.00015384487060897387
-0.00014224658585990335
-0.011053701600738553
0.004723080048541463
0.06375522266128104
-0.0010889333096553281
0.00026685225033639423
0.0004966567546029483
0.0047299935000178475
-0.06166104909733512
0.015237310961696192
0.0010143917500661749
-0.0009747142534454745
-0.002529826087047979
0.000524912880759047
0.006560323276031437
-0.0016632855966902125
7.826036348959206e-05
-0.00017153824768247218
0.006518920714311276
7.496688674204756e-05
-0.00022255355673753268
0.0028576629979567905
-0.002234467963984936
0.014972583635709032
0.4749687529673313
-0.029785897534891224
0.04749079371546938
0.018933118485835974
-0.01025291773394079
-0.0025012991988893384
-0.0006180795667859576
0.00022882489534969266
0.0901572983367285
0.0006786373665095421
0.0008446134813839828
-0.05104531198225666
-0.008041545405961558
-0.4410667229651944
0.002041455390495986
-0.005827978467537692
0.2314507397559371
0.01391598305432184
0.0007654827139676118
-0.0034551610738693143
-0.0009421194929708665
0.0003919620862630885
0.00011335298744802623
3.540480346606648e-05
-1.7974361326741396e-05
-0.011720004304504098
0.00016523596409049842
-9.576303242294491e-05
0.006892206970763218
0.0004668488692356822
0.015276389634645058
-9.001838570178383e-05
0.00015253033063843656
-0.010589364902376271
-0.00027827393356994964
0.36000118239373197
-0.003585866414322454
-0.013624545435903088
-0.014200276392152081
1.0774264729934445e-05
0.00020611401061580584
-0.16116566944448613
-0.0005560794250363048
-0.002878805472906855
0.01110772308257052
0.027396162325819484
0.47271112751444666
0.018223232643186413
-0.012712538023663658
-0.034561100124569026
-0.050252105274184916
0.8636574566554193
0.01861460649897929
2.821162327928739e-05
-0.040760348627852855
-0.0003735676368864493
0.008578238763102385
0.040483471256849785
0.016373021320446844
-0.001702803084639248
0.03582773170798526
-0.024998465814423325
-0.15370324333004584
-0.06350010443906048
0.011463706372801313
-0.03053824740495469
0.6720569878354636
0.00022124125871178632
-0.0003784882262212205
-0.028172567233414665
-0.011990264171133528
0.018733448199273098
0.02943001364497951
0.015613041487027952
-0.019224219573076844
0.005183517761957503
-0.06837276846243855
-0.09224464138934857
-0.04921823459067348
0.028295548040776372
0.00017139191197536237
1.0447077493070933e-06
-4.614000099321881e-06
0.008098928008847706
0.00013651323373269184
-0.00020005637476509596
-0.0005928278552932667
-0.0010190614320846176
-0.009500668010265258
-0.0002624996427720563
0.00012281472734668392
0.000766829922588095
0.0012683223560757708
0.0005926164141010113
1.0802746224586446e-05
-0.0003775432570768943
-0.0015899371342558768
-0.000924920157902827
0.0002665075483260157
-0.0012353875214259006
0.0006583934066645483
0.0037815995288235328
0.00143097756766519
-0.00036538283831512563
0.0012290916211053914
0.0003648742041241518
0.00035847953913961694
-0.0009798882285174959
-0.0006062729769915629
-0.0004951327011561662
0.0005901804626257968
-0.0002551366330098639
0.001504487779782643
0.0023582375906002124
0.00094844733120905
-0.0007565218196485118
0.9563576873411588
0.00044198572477763953
0.0004422945366941275
-0.050309555792051555
-0.005953015953663836
-0.29282779048111773
0.001365283411275025
-0.0035329442741608014
0.12878712775787823
-0.008291821851280167
0.9191226530470394
0.004303444470308785
-0.0017359195943541799
8.758841886697023e-05
0.0015130253470955987
0.045818409277184995
-0.00840668441741855
0.0038758670611653083
0.021664554133354053
0.902565501847902
-0.0012564840579857672
-0.0021747600630954785
-0.003549475360319446
-0.008715244204216481
0.1222941082570716
0.001892922941657341
0.009888394002035401
0.9065884410576366
0.015466297931423624
0.12007743326265953
0.0029741534688779514
0.0006516276502832501
0.050044562642252856
-0.10565305314530518
1.0023466682457602
-0.005171930758842841
0.013079674512897052
0.00044463013591158136
-0.10373032580691371
-1.0231105558713534
0.4605041504291048
0.004485339063938146
-0.0033333364470229643
-0.21798826437316404
-0.013562172246030648
0.2271681314467753
0.020866926617725177
0.00647495088336067
0.02394401322094933
0.17609022514734127
0.002631031737792031
0.0022782784743070107
0.2692448775701466
0.01140300966791894
0.47677222089502025
1.0500709135438744
0.025221061321544835
-0.0031035184041284056
-5.162922043484515e-05
-0.0010428738573939043
0.002030428677363323
8.872449047888585e-05
0.0008184481355626961
0.003068728181814695
0.0001762030692933278
0.00290231150875017
-0.00229637521581455
-0.005009544284640819
0.00037537643198917123
-0.00029253697907354926
-0.0014535922757887235
0.001125937989035855
0.0026095229390288126
0.013156109149703617
0.003813254851686334
0.00011494792849887423
0.0015808041797854403
-0.0015312205338310811
-7.284132959632819e-05
-0.0005869682564748383
0.0027901225974388557
-0.0009028237491151378
-0.0027642161631738554
0.0021191666214002876
0.005008228339734397
-0.001679751450231492
0.0004088187261906271
0.0014582378726071114
-0.0012515971586785875
-0.002622546762726754
0.5555815166170212
6.225300693803438e-05
-0.0001048072323992123
0.10154631913155031
3.8530273182574285e-05
0.00010193180460545717
0.02080608686961577
-0.00020105289827250798
-0.00018131067403984673
0.0001679007307081686
-0.001366882069042525
-0.009886533786547141
4.3453993346300606e-05
-6.455559138673949e-05
-2.2752097797950844e-05
0.0006603099731008766
0.5563460321103513
0.0005261279212843515
4.278189023863533e-05
0.10108246470092677
-0.0005160115301726188
-0.0005897297881363995
-0.005879236035283267
-0.0024255254378510917
0.0005483391045098653
0.0052425340807360195
0.000262848272937388
0.0027445716676853336
0.001133220319757596
-0.0002892770822105495
-0.0025539554368727065
0.5561090380315715
0.00011482374019956041
-0.0005149431236460964
0.10125633392821767
-0.003110282540787257
-0.0025175925292376593
-0.004747792894028383
0.0018503916235675221
-5.918129012836879e-06
0.001499004249569722
0.0011827598662341923
0.002100832615658477
-0.0006947701528757559
-8.071468715434928e-06
0.00582474086101188
1.3613877263989445e-05
-6.823000751688116e-05
-0.008933628551549479
-3.3334028872550675e-05
-0.00013228674655008923
-0.00016391847053232248
0.0005504871145774263
0.004695358481289288
2.3627067556385205e-05
2.691226937768605e-05
5.853425358285359e-05
-0.0003109025179451247
0.005949456356433574
0.0002467040387179222
0.00043238124314381446
0.0026069228070736963
0.0010623612734791102
-0.0003982106022723694
-0.002502393928134182
-0.00020120579588634504
-0.001348797020786463
-0.0005412195291856278
0.00019166034704266597
0.0012744638219065233
0.00584402881605945
0.0015090135005793267
0.0011172980652333613
0.0021106335039899086
-0.0006477955301347883
-0.00019348083569766927
-0.000759381953643672
-0.0005697239337189278
-0.00107802370973318
0.0003275483825269249
0.00010166709080020928
0.08366764131268606
-0.005218749055185374
-0.0047589730151811425
-0.00807467284195661
-0.0071422628127447724
-0.08022741170421521
0.0021673757780643847
0.0022449518189985532
0.003933722316048365
0.0035901395295312713
0.04438015573628115
0.012871092168653078
-0.0018968461329092585
-0.004434258358197245
0.0021450489458089616
-0.04227926291989136
-0.0060793981408657286
0.000878701261289937
0.002343214567723904
0.04698666766346429
0.0003582400424461135
8.272864275311813e-05
0.0022776529614923864
-0.00609946630981455
-0.04437606857033049
-0.00019110431577619446
-2.286564758909249e-05
0.017482738327153222
0.006118273807513753
0.003916995680799128
0.0009092958185716786
-0.00017821530100532737
-0.01757755671671226
-0.002862682401337536
0.08152984268000786
0.0035375436543396174
0.0023421874439740354
-2.7217676451582137e-05
-0.0028696901981416067
-0.0781808066392137
0.019364879360439385
-0.0008810906615554771
-0.0010845575967655817
-0.0019283445716038457
-0.0017897419546716994
0.010099253054496314
0.002891730325089145
-0.00042156399423423635
-0.0012402945120851276
0.010494457349473303
9.068945143522739e-05
2.3395453327588127e-06
0.0044286613917594725
0.0013491860574386808
0.018838316542336867
1.0496556674733002
0.026138407686568377
-0.0031427449486601264
-0.0002561539845064302
0.0005082804706070545
0.0021166265204530963
0.00022311805315067685
-0.00039333094245906826
0.000998795385207241
0.0006988888991920666
-0.0011716198828514981
-0.002242779393789638
0.004200952622639401
0.0015319300240973035
-0.0006021013654729895
0.0004923077658846953
0.0015434930269246066
-0.0024210557711670765
0.012814449151700748
0.003914331698758698
0.0003825051601131217
-0.0007857229563880696
-0.0015794858552576493
-0.00016328770026485627
0.0002572831263706556
0.004986036674431716
-0.001360234972723633
0.0008892638199866094
0.003328513447718749
-0.004843627366466503
-0.0028380084513895277
0.0006881453049617355
-0.0004482603275192074
-0.0018628445008085377
0.002495991304680729
0.5555528075339723
-5.8630312494262854e-05
-9.39221779302634e-06
0.1016400630677223
0.00012177517615617112
-1.4578328402754038e-06
0.02155760869322516
-6.094435216102157e-05
-0.0005975305768714323
-0.0003901881930111923
0.0014118611009913866
-0.010252476796724053
-4.0129184463480984e-05
0.0003572773979959497
0.00019859982693205518
-0.0006716936048953997
0.5563077365165718
-0.0005004074010486956
0.00012940917224428704
0.10127463538162833
0.0005194186839871358
-0.000487714031264778
-0.006120222653867056
0.0025165804368197093
-0.0004292130973600093
-0.002444254821719611
0.00023928473225096644
0.0028345995418253295
-0.001166971173100587
0.00014395522340902953
0.0011618597733231858
0.5558255644970418
-3.92595306528444e-06
0.0005205075724663746
0.101912721919968
0.0011656247228025876
0.002563195193018793
-0.0033624388474385895
-0.0004926899604709597
0.0010394314116317915
-0.0005433314609321798
-0.0011972438749983882
0.0014984075780917427
0.00014453069240516912
-0.0005169525244845445
0.005816149839479395
-1.9623226003297604e-05
1.1070249636086119e-05
-0.009361986433336635
-0.00011672250779107783
0.0002771518889223748
2.0093840680396586e-05
-0.0005523205988204308
0.004888799203681177
5.219264744241458e-05
-0.00013144448197633426
-2.4575709293434026e-05
0.00030281266175040373
0.005900390852358009
-0.0002121617680554308
0.0003490805755143534
0.0026468884916762067
-0.0011087473932841706
-1.2281913855717743e-06
0.0011561631781090397
-0.00017282436652191793
-0.0013500331017819568
0.000553148726852752
-7.699932525027875e-06
-0.000564032550144137
0.005752532323246097
-0.0005376556379410294
-0.0011257779142012248
0.0014698260493247075
0.0002387068177366861
-0.0006022700184404345
0.00025364994278525785
0.0005651578254524106
-0.000762177733895879
-0.0001164482444864265
0.00030490951984343264
0.08560509990929221
1.0626054361302097e-05
6.956288874589847e-05
-0.01180739782386209
0.007629774011832926
-0.08165018128679112
1.9344784040242685e-05
-5.175844053581914e-06
0.005553705561380818
-0.003672294714526571
0.046453173981915674
-0.013350218169282897
-0.001247870673342143
0.0005823518940317764
4.58089952908893e-05
-0.04400857254644506
0.006250898991237685
0.0005349729532794704
-0.000435063240314496
0.044259225727164626
8.115471776359749e-05
-0.0033902383594585
-8.556801882714043e-06
0.006254794987912014
-0.04187066212415006
-1.7308962173592236e-05
0.001628431293905662
0.013451128607974473
-0.01038877729881403
0.005588379148831972
0.0005771007920896008
-2.221264333317766e-05
-0.013599626094495993
0.004816792403705928
0.07596981390733593
-0.0036153288795174074
-0.0004395024505032774
0.0016109377651715143
0.004852820869655793
-0.07255234844048357
0.019613505627302203
-3.2109200762858066e-05
-1.2349956179163899e-05
-0.002650143844796345
0.0017521656471194435
0.0104533521790365
-0.002938608842688792
-0.00024815517961812106
0.0002902183029772756
0.00991810050232565
2.1775985661071473e-06
-0.0007804100133725481
0.003450677516138643
-0.0022562034158780126
0.017407929704181153
0.05376137634382065
0.2868825082157941
0.0006055250386654257
-0.00012139584358325314
-0.00015707861013078092
-0.0018162399047984311
0.00029384978008464553
0.0004160572106032718
-0.0025440744853788243
0.000672976418436677
0.0007817665347373531
0.008030516163015386
-6.834064528684086e-05
0.0011492903393282546
-0.00034859990347001083
-0.00024016218872011872
-0.003384107317784312
1.7669361419970405e-06
0.4777411827542301
-0.0002718524713676611
5.97816686914866e-05
6.911151626211225e-05
0.0016230881631358876
-0.0002728135093673311
-0.0003821645336186161
0.001723850780669646
-0.000567159109474383
-0.0005914709712249563
-0.005416648651038141
3.235800864866735e-05
-0.0007972031487302647
0.0003523666084130992
0.0001427686582036467
0.0025776471477559106
2.517558048096902e-06
0.3926369231233122
-3.141215211273738e-05
7.237547416130314e-07
0.14155447135359805
-0.0001254984197801868
2.7324777493148145e-05
-0.0004202630000022067
-0.00039267717403887296
7.54894491813651e-05
0.0013122516262725056
-1.871626674070362e-05
7.576993076797796e-05
0.00014240687981200914
-2.0124791509279303e-06
-0.0003710149958495662
7.699109270277036e-06
0.39270465463909443
3.7805072920075914e-06
-0.0001239682602876675
0.14150739910153912
-3.5771207148540193e-06
-0.0003564233656379605
0.002616679347037607
-2.040144046854717e-05
3.551691199654365e-05
4.457775945790228e-05
0.00011078933949632678
-0.0007496985186846786
7.3741149428935855e-06
1.3593935859358982e-05
-8.460023210536005e-07
0.3926919855445656
2.701508986771769e-05
-3.874886816819019e-06
0.14172800088013798
0.0002518217622781237
-1.972667682756679e-05
0.0004551453481674232
0.0004466876782934873
-6.614553242707134e-06
-8.652270706445353e-05
7.859467671642664e-06
-0.0001962941121336934
-0.00015946869700550183
1.6581464325368396e-05
0.01582280019018885
0.00039690548082837405
-7.003930927153399e-05
0.0023570953286426435
0.0013069504567131706
-0.0006393401282128138
-0.006123796301772514
4.9109676113130265e-05
-0.0007897018273953889
-0.0005933648508183576
0.00020387422250535132
0.0025756252070326677
-2.5822800918137273e-05
0.016671752091577313
3.371388560178393e-05
0.001674470349435425
-0.010908225448715989
7.284423562207168e-05
-0.00038623944519596226
-0.0003718369211827832
-0.0006588619896759709
0.0048315753921258885
-2.943194998653253e-05
9.196384844773914e-05
0.00012126805784233057
0.01563492769583392
-0.0010951255045228
7.665223623325782e-05
-0.0003574059658095839
-0.001718374845166562
-0.00019687150350887125
0.0004941704040920174
-3.515356743804455e-05
0.0003921016244073752
0.0007792056759034855
4.069138476411541e-05
0.07150279632896772
-0.0005520100721184491
0.00971230485298379
-0.010201422032946054
-0.003639810357122828
-0.057565078878101646
0.00014960937605246514
-0.0034125997199167778
0.002390824665816504
0.0013074071257253355
0.11364337540591457
-0.0005585485950940206
0.0036445155807789957
-0.0011173096531187177
0.00017739989622356234
-0.09336582485183254
0.00023199350780440549
-0.0015620407530500882
0.0003485966189187763
0.197720328125489
-0.006007750496180936
-0.017539858812994805
-0.003394239355259603
0.0002108852638879258
-0.14442715648019155
0.001972518313692445
0.005773620494075445
0.1063927161908155
-2.573917303183904e-05
0.0023930576828169146
-0.001560334192028509
0.0019340760524328504
-0.08666196964856819
0.00012082825612384857
0.16463305818554158
0.0012976351593642738
0.000307161503716972
0.0057841551043105845
9.783245060395913e-05
-0.12315361490502982
0.011630926524359736
-4.265000005058682e-05
0.0011984520794659434
-0.00023480382273378822
-0.0004696960137894362
0.0193360868857491
-8.481646764847457e-05
0.0006791630414302138
-9.244529847580958e-05
0.026471647873880184
-0.0006145414379318917
-0.0018920766955759507
0.017784732810453334
-8.07124447543101e-05
0.0231014835024171
1.0490052469691944
0.02761151980229267
0.0019041291017951496
-0.00031920903652170194
0.0001971566191475184
-0.001408362975892846
0.00019725127258186993
-7.849857578304782e-05
0.001120062218293191
-1.4229140314312268e-05
0.0016588064119779284
-0.010167218654660136
0.0005814871085054667
-0.0009956167786263552
0.0004098165505506063
-0.00036317064580666076
0.005634806917667992
-2.713681229968277e-05
0.011714281987435767
-0.002691024763805107
0.0004355760530790287
-0.00018724395836414832
0.0010225947461318051
-0.00018408966284739694
0.0001308832777786787
-0.0029500830134140676
0.0006374248227812166
-0.00022492032912550336
0.011781215277261309
0.00011563972063852548
0.0014994819318890722
-0.00040814532548556586
7.241367253328786e-05
-0.006001745412023604
-7.676863133144907e-05
0.5559439992845225
0.00027322823674684135
6.160420080605339e-05
0.10139115014326108
-0.00026160919132688467
-7.712524350239825e-05
0.004265792913443354
0.002094706662759336
0.0002886837683415839
-0.006431025678873971
-0.00031118478766923197
-0.0017367353452559745
-0.0009586377394924456
-0.00021539334294426988
0.002946757615788844
0.00014307913013550166
0.5566226704038624
1.8653870168673268e-05
-0.00026105887933734555
0.10017849082823496
-7.721483723452006e-05
0.0015432233811958585
-0.012161088468273601
-0.0003236497894918085
-9.578837226878071e-05
0.0005451042801178445
-0.0007111205327342517
0.005700676004809886
0.00014955827261744185
3.671527013499859e-05
-0.0003359777842052056
0.5556450213987856
-7.864496717015318e-05
-7.15023583669502e-05
0.10205948017721453
0.0009152834208306683
-0.00021868121964417907
-0.0023395631363979483
0.0017601833311422965
0.0005156535234272521
-0.0004067164212048682
0.00010113781581389069
0.0012629234215710207
-0.0007555287209834271
-0.00022903095577026458
0.005745556278609865
8.025678556600744e-05
-2.1247039946633243e-06
-0.0016805220217806546
-0.0008786081547219474
-0.00026698798393530595
0.0031527026113148744
0.00012478440071940798
0.0008216691613930801
0.00043174339313378654
0.00012748622083059622
-0.001551164412965493
-6.518752947408442e-05
0.006022739950278142
4.2161900217184894e-06
-0.0007711830227585118
0.005861951066332709
0.00014712140779599603
7.063765902267032e-05
-0.0003457895220077506
0.00037110050882228256
-0.002922743694673478
-7.58737487675299e-05
-3.463438324531025e-05
0.00017761682562188118
0.00559234063279256
-0.0003891783455482908
0.00010060206298287454
0.0010077319831237586
-0.000653735011092102
-0.0002266358068344219
0.0001973924931330365
-5.417714253469832e-05
-0.00051933745090452
0.00033267077189005933
0.00010791826060179781
0.030253694849601005
0.0006027780873753144
0.0025924126901058185
0.020311265321693195
-0.0007701437418071645
-0.029438569710018535
-0.00029502427716222206
-0.0011440156465752898
-0.009613574677568806
0.00031051101709836376
0.08135341778960592
0.0019133214006482784
0.001448481519707858
-0.000314174192004444
-0.0002941630600403666
-0.07849316758960963
-0.0009037455497285165
-0.0007917541855823461
0.00022565974302729956
0.019886455732477847
-0.0014618354653070124
0.0017180702678562013
-0.0011582870217692358
-0.0009193776425063518
-0.019308797820164286
0.0006916637268350768
-0.0008069653694097892
0.0695108196668617
0.00448742052663185
-0.009583835022239823
-0.0008070195790067207
0.00066942887602581
-0.06648468198269583
-0.0020924136595554883
0.028985288720984353
0.00031050010810737506
0.00018413081177019107
-0.0007978912334621577
-0.002078266122514498
-0.02778398755420906
0.007179486279166628
0.00014335452734531279
0.0005070639766032115
0.004557260107797006
-0.00011939998097315197
0.019040362591991683
0.00043828541882394846
0.0004386266781856487
-0.00012636983966646638
0.004691993903550084
-0.0003183021173940339
0.00037436776654588906
0.015984338227938898
0.000974932008743984
0.0066707492846053654
0.8295800659907049
-0.031109932539848766
8.659429922911137e-05
-1.2477998086614876e-05
-1.4646168097333535e-05
0.00023695955158131802
-0.00013908782764241972
1.7527966572846515e-05
-0.0024819996514592727
3.393422350971989e-05
-1.3830860193210674e-05
-0.0013066731889021439
-0.00041525548499007935
0.0008656082564125799
-9.069183138382549e-05
-1.3154275056497816e-05
0.0009084781858941043
0.00011781355533663467
0.009117724292956469
5.3532207596474796e-05
3.3421755584006465e-05
-1.526105513779378e-05
-0.00023988705966121527
0.00028289481977015243
-8.85676380473821e-05
0.0050734281971519714
-0.000308834600973928
3.152801783580235e-05
0.0025349413463060695
0.0008648704720714502
-0.0019707212955741463
0.00016707644922612765
4.510452950940404e-06
-0.0017353889800781784
-0.00030971749024243545
0.3605407900000662
3.3401686050805115e-05
-9.252859042925675e-08
0.1530516616639436
2.6973595899746127e-05
-2.9798303319447867e-06
0.0001815867862277484
5.174174829655777e-05
7.735891135528657e-05
-0.0001550168171128215
-3.7796140992112586e-05
-8.707571323103954e-05
-6.223153747925218e-05
-1.522890355953096e-05
7.92108339868842e-05
1.602644116284242e-05
0.3605664998357979
1.1275659547936692e-05
2.7448659008147998e-05
0.15320084755025876
8.505782958733388e-06
3.8125034702922656e-05
-3.213900429461559e-05
-1.641205041826242e-05
-2.515935525872465e-06
5.9016355481333e-05
-1.1865791224532611e-05
-1.9553415755619226e-05
7.339162843760296e-06
-3.066309672390811e-05
-5.2945203824267355e-06
0.3604949148962298
-3.831904756838524e-06
8.378031400091445e-06
0.15284337340168605
-3.1221137637506445e-05
-1.0388476746162885e-06
-0.00040942708074790925
-5.770004713499425e-05
-8.021542531803053e-05
3.5978593594229265e-06
1.1737620630962537e-06
0.00010581912783497311
1.0478564821917089e-05
1.9041232084396043e-05
0.018316788914021095
-2.8388790156170362e-05
-3.0666923268312735e-05
0.00015369057406735707
0.0009047109516895477
0.00030498824867860946
-0.001703210149026
-0.0002168829495657181
9.593062541888057e-05
-0.00048235898133405715
-8.962799672793142e-05
0.0008533395370146594
8.311867916577071e-05
0.018803738571503394
-5.219456502970136e-05
0.00026878308371048145
-0.0004943202100185612
-7.612907964507342e-05
0.00024168986597850403
0.00018903505722157925
-0.00010345954776876012
0.000285414516009683
2.6096534330421565e-05
-0.00016997033114215734
-4.148100357368539e-05
0.01800360799394122
3.1553271298997164e-06
1.9465415444954203e-05
-0.0018542654651075917
7.433563229035156e-05
-0.00031784582910297955
2.0399471247288854e-06
-1.191648418877765e-05
0.0005475508592120023
-1.8620656196352824e-05
9.196282999032065e-05
0.19291344773357222
-0.008539326139653417
-0.0003704035415195232
-0.16357378850849585
-0.005637982000287983
-0.166987464659178
0.003504732790193678
0.0001482117859908603
0.06792052996411804
0.0023469171355339122
0.054329983194724235
-0.0010642121736831268
0.003144349747047524
-0.0003854091150928098
0.003463211307822748
-0.05461055826172231
0.00047156254458039453
-0.00116995717039509
0.00017129795531666196
0.23111642663350254
-0.001443553642414508
-0.0013731528647277858
0.0001688317656592768
0.0003854144528879121
-0.1989696193222405
0.0005977165415243994
0.00048564994814740445
0.07354844958332235
-0.011663142032668055
0.0685393192446718
-0.0011868467755516232
0.0005584517861455757
-0.06800685101936842
0.00482356553738515
0.23005126167709627
0.0023887463103210976
0.00015463042488283627
0.0004877176624461385
0.004865994663194094
-0.19837767063836356
0.0362406749997457
-0.0014052070499516003
-6.48569411820176e-05
-0.02831653165579348
-0.0009864927260870655
0.013787196050905502
-0.00017665844994563457
0.0004210115017526379
-7.022243664291938e-05
0.042898665529535
-0.0002247984900193423
-0.00017012022986294671
0.015929721516896374
-0.001998543188114152
0.04284666223397269
0.05292927062554702
0.2891874176888366
0.0005576593595816139
-1.0194097006262677e-05
-1.3234963545096305e-05
-0.0010082767540036818
2.6646195642208246e-06
-3.3321377145997844e-05
0.0040780156149204366
-0.00010515075439980092
-2.6120837255826827e-05
-0.0046109065184914665
0.000594347582392732
-0.0007418052657068204
3.558862603787726e-05
7.386362035315955e-07
0.0017779785450145167
-0.00018681559570072674
0.47683225052813494
-0.00021852051715379525
9.436822663783062e-06
5.4137196656938835e-06
0.0010781527612781995
-2.804039220565294e-06
1.9351927659776884e-05
-0.002801251766891508
8.34459435232938e-05
0.00014647615236300623
0.0035838412544172225
-0.00044809138019139493
0.00046975519264101586
-1.8914136393298283e-05
-6.5775256545018715e-06
-0.0014973296698995386
0.0001445641608819953
0.39294545027816963
-7.228131525566335e-06
-5.759198945695564e-06
0.1427332433577764
-1.0230835410620596e-05
-2.0290865049007355e-05
0.00038053179222261014
5.403658926811493e-05
-4.472283590816762e-05
0.0005948031510423859
2.7971975721699577e-05
-0.00021811348748867874
-2.2596518081865296e-05
2.1045291353852278e-05
-0.00020939369231136676
-6.852101155631115e-06
0.39299351256579895
-2.1809619126846288e-07
-1.004006420439472e-05
0.14264280012403052
7.592186915620219e-06
1.854817268604516e-05
0.001616024719780495
-3.463991695761432e-05
-7.503064973044783e-05
2.438423097129518e-05
-1.0850196154461029e-05
-0.0006590959334530337
1.4519021458698357e-05
2.354508572505946e-05
2.703107940204714e-06
0.39295838999249266
-2.068948087139817e-05
7.618129837502856e-06
0.1422170840319973
5.026305220463587e-06
-1.9951270816332595e-05
0.000235736627255183
4.3910205437160655e-05
0.00014187605545260744
-5.385922728654772e-06
8.490356446950655e-06
-0.00018352238757364552
-1.8051073264984663e-05
-4.128333370970386e-05
0.014949173041132007
-3.342009517483861e-06
2.1523438198682503e-05
-0.0014218748722414328
-0.0003867256068683405
-0.0001574234673551249
-0.0022306467614899798
-0.00025448828556866434
0.00043235317256701223
0.00015391588592313256
5.73929576634316e-05
0.0010643227532996856
6.983461814648647e-05
0.015522538967893462
-1.3281712856316345e-05
-3.3593654714066885e-05
-0.0058266716858932895
9.615877375183764e-05
0.00014095613570004923
-0.00032262072279270733
2.1458958041737573e-05
0.0026835434932171737
-5.003750499960989e-05
-7.069952203607905e-05
0.00010664775551001009
0.016108987631442057
6.651306162765956e-05
3.367038539616925e-05
-0.0004517210715601907
8.808691080578645e-05
-0.000704526060070793
-4.244630600802061e-05
-2.4350981218527113e-05
0.0002784742460585021
-5.775003374110162e-05
0.00025577503967828905
0.22748048532727083
-0.0069123158853280735
-0.0021012768133144956
-0.09246205147289342
-0.0014195406527372314
-0.164913799985218
0.002338166342085997
0.0007685938528951
0.030593757770797626
0.0005440261593063175
0.06491913830958854
-0.0011588037792737752
0.0022942281894352884
-0.0007818502284026307
0.002312188061324021
-0.05499865184972956
0.0004750618916349094
-0.0007647126238067138
0.00023725946242425598
0.03588112154418898
8.648481332728433e-05
0.007633075464541372
0.0007245600623055281
0.0004779520076258124
-0.029620793344180038
1.8400082658919104e-05
-0.0027123083150288546
0.0946029153429084
-0.006428178214374372
0.029619707994777637
-0.000754488720775534
-2.269990556866703e-06
-0.07754519369918536
0.002308319865251692
0.23788123302197753
0.0004955653152828806
0.0003235455051308545
-0.002708489542292228
0.0022019949193782763
-0.17154542939789297
0.030052235284703705
-0.0007676308275342042
-0.00026669765347115933
-0.009472771074180313
-0.00019029320463832228
0.011710737051512685
-0.00019829483667319666
0.0002433980741574271
-9.88098839187089e-05
0.006123988804692402
-2.2525873174697652e-05
0.0009625316748129381
0.016056904822104263
-0.0007988022507234686
0.031070341425794828
1.0642550860889148
-0.2148403127521982
0.03872118939399108
0.0004285050650358184
0.0037785071611390547
-0.05371525465985147
-0.0005569395414857651
-0.003722400640241442
0.029182402958998245
-0.04937969129924563
-0.0006195636284277426
-0.002212519006169061
0.026701880446706572
-0.00023366145751654732
0.0009481718494685433
1.2773258564742984
-0.001295361060703714
-0.026372548973700005
-1.0080281765926968
-0.002142162459779448
0.004042287335507878
1.2446706082091814
-0.006053867557421878
-0.0021963642833724793
-0.8869172988477547
0.001123475670651934
0.9713273259023572
0.001521739055443544
0.0005907739145253691
-0.5459331554336304
0.22895845457914601
0.0021876888388617875
-0.0013382856123513131
0.18221356759706273
7.61228327765635e-05
0.09873267109158675
0.0
0.0
0.0
0.0
0.0
0.0
0.0
0.0
0.0
0.0
0.0
0.0
0.0
0.0
0.0
0.0
0.0
0.0
0.0
0.0
0.0
0.0
0.0
0.0
0.0
0.0
0.0
0.0
0.0
0.0
0.0
0.0
0.0
0.0
0.0
0.0
0.0
0.0
0.0
0.0
0.0
0.0
0.0
0.0
0.0
0.0
0.0
0.0
0.0
0.0
0.0
0.0
0.0
0.0
0.0
0.0
0.0
0.0
0.0
0.0
0.0
0.0
0.0
0.0
0.0
0.0
0.0
0.0
0.0
0.0
0.0
0.0
0.0
0.0
0.0
0.0
0.0
0.0
0.0
0.0
0.0
0.0
0.0
0.0
0.0
0.0
0.0
0.0
0.0
0.0
0.0
0.0
0.0
0.0
0.0
0.0
0.0
0.0
0.0
0.0
0.0
0.0
0.0
0.0
0.0
0.0
0.0
0.0
0.0
0.0
0.0
0.0
0.0
0.0
0.0
0.0
0.0
0.0
0.0
0.0
0.0
0.0
0.0
0.0
0.0
0.0
0.0
0.0
0.0
0.0
0.0
0.0
0.0
0.0
0.0
1.0752799538335354
-0.23028286636348583
0.04350623894371111
-0.021918690566407266
-0.0006380379682697048
-0.06513065774520643
0.016457496782226026
0.0012508084279149677
0.027216010715407822
-0.06458865977420616
-0.010517380313527924
0.0017476465179458614
0.03954168049541726
0.002448180534651142
-0.00043758710679089934
1.359758953373909
-0.03754267952946089
0.00017498740942679695
-1.066115497863104
-0.009348946713614886
0.002315136224807949
1.309499247159759
-0.0007444505446323145
-0.010575777835321638
-0.98193361526112
-0.0012924458742757765
1.2023774471493154
0.002306856106231558
-0.0011120040115272206
-0.5459690982040735
0.23514689289405288
0.008625311854410584
-0.0008908509891061534
0.20206996947376685
8.883723457302744e-05
0.0878397230708795
0.0
0.0
0.0
0.0
0.0
0.0
0.0
0.0
0.0
0.0
0.0
0.0
0.0
0.0
0.0
0.0
0.0
0.0
0.0
0.0
0.0
0.0
0.0
0.0
0.0
0.0
0.0
0.0
0.0
0.0
0.0
0.0
0.0
0.0
0.0
0.0
0.0
0.0
0.0
0.0
0.0
0.0
0.0
0.0
0.0
0.0
0.0
0.0
0.0
0.0
0.0
0.0
0.0
0.0
0.0
0.0
0.0
0.0
0.0
0.0
0.0
0.0
0.0
0.0
0.0
0.0
0.0
0.0
0.0
0.0
0.0
0.0
0.0
0.0
0.0
0.0
0.0
0.0
0.0
0.0
0.0
0.0
0.0
0.0
0.0
0.0
0.0
0.0
0.0
0.0
0.0
0.0
0.0
0.0
0.0
0.0
0.0
0.0
0.0
0.0
0.0
0.0
0.0
0.0
0.0
0.0
0.0
0.0
0.0
0.0
0.0
0.0
0.0
0.0
0.0
0.0
0.0
0.0
0.0
0.0
0.0
0.0
0.0
0.0
0.0
0.0
0.0
0.0
0.0
0.0
0.0
0.0
0.0
0.0
0.0
1.065175714035457
-0.22003312053055665
0.03942531818261905
-0.0024251003304074587
-0.00253887913504871
-0.04124837837427052
0.0025082473566303246
-0.00033963049658147944
0.030648585660431833
-0.020025616483202332
0.001186116234501245
-0.0064152441726917815
0.012974163854203523
-0.0005145153676846284
0.0005322740191176832
1.2345093004062064
0.011448380943233272
0.0038975982335817602
-1.0520602153644814
-0.001967114237440737
0.001965784930939185
1.2517740992424562
0.00800915465110831
-0.0016894982518545268
-0.8947098274206178
-0.0009671576504417124
1.0235326424792925
0.002947244943299743
-0.00035478740716637344
-0.5444414237265527
0.2515207395243679
0.000138462842991134
-0.00150890011059055
0.18362570275559306
-0.00037568030442357563
0.09701301944420211
0.0
0.0
0.0
0.0
0.0
0.0
0.0
0.0
0.0
0.0
0.0
0.0
0.0
0.0
0.0
0.0
0.0
0.0
0.0
0.0
0.0
0.0
0.0
0.0
0.0
0.0
0.0
0.0
0.0
0.0
0.0
0.0
0.0
0.0
0.0
0.0
0.0
0.0
0.0
0.0
0.0
0.0
0.0
0.0
0.0
0.0
0.0
0.0
0.0
0.0
0.0
0.0
0.0
0.0
0.0
0.0
0.0
0.0
0.0
0.0
0.0
0.0
0.0
0.0
0.0
0.0
0.0
0.0
0.0
0.0
0.0
0.0
0.0
0.0
0.0
0.0
0.0
0.0
0.0
0.0
0.0
0.0
0.0
0.0
0.0
0.0
0.0
0.0
0.0
0.0
0.0
0.0
0.0
0.0
0.0
0.0
0.0
0.0
0.0
0.0
0.0
0.0
0.0
0.0
0.0
0.0
0.0
0.0
0.0
0.0
0.0
0.0
0.0
0.0
0.0
0.0
0.0
0.0
0.0
0.0
0.0
0.0
0.0
0.0
0.0
0.0
0.0
0.0
0.0
0.0
0.0
0.0
0.0
0.0
0.0
1.0780654566858712
-0.23808203182631052
0.030695605490254935
0.022101948932521816
6.81610109002671e-05
-0.0492886396581225
-0.01647673037668379
-0.0007931534089020702
0.02759793188687284
-0.053482333230953395
0.010546032011223557
-0.0018462578724472698
0.03452504081048977
-0.002287467421640013
0.00017358056464095633
1.379116199610466
0.036543050019261725
-0.003918239385220214
-1.1062694554027463
0.009797835276509183
0.0020780119168629374
1.3186732780506807
0.000618129625614406
0.010984163318299019
-0.9991715293195622
0.0018726491870461495
1.2067808422224942
0.0018101266395154077
0.0018775225516143535
-0.5716417927283384
0.24766279522646956
-0.009028834425778016
-0.0009954218624301226
0.2072622031524579
-0.00021478678139198856
0.09306252047036204
0.0
0.0
0.0
0.0
0.0
0.0
0.0
0.0
0.0
0.0
0.0
0.0
0.0
0.0
0.0
0.0
0.0
0.0
0.0
0.0
0.0
0.0
0.0
0.0
0.0
0.0
0.0
0.0
0.0
0.0
0.0
0.0
0.0
0.0
0.0
0.0
0.0
0.0
0.0
0.0
0.0
0.0
0.0
0.0
0.0
0.0
0.0
0.0
0.0
0.0
0.0
0.0
0.0
0.0
0.0
0.0
0.0
0.0
0.0
0.0
0.0
0.0
0.0
0.0
0.0
0.0
0.0
0.0
0.0
0.0
0.0
0.0
0.0
0.0
0.0
0.0
0.0
0.0
0.0
0.0
0.0
0.0
0.0
0.0
0.0
0.0
0.0
0.0
0.0
0.0
0.0
0.0
0.0
0.0
0.0
0.0
0.0
0.0
0.0
0.0
0.0
0.0
0.0
0.0
0.0
0.0
0.0
0.0
0.0
0.0
0.0
0.0
0.0
0.0
0.0
0.0
0.0
0.0
0.0
0.0
0.0
0.0
0.0
0.0
0.0
0.0
0.0
0.0
0.0
0.0
0.0
0.0
0.0
0.0
0.0
1.0481454148308047
-0.15567690782708343
-0.1221335239042976
0.00014551846714611576
0.003039201432876097
0.19543214204250203
7.103274871723244e-05
-0.0025306423280916845
0.02217372801337384
0.20889799063588657
4.008953862168153e-05
-0.0007509288599895085
-0.08430249145917584
0.0001510704930718652
0.000416463866305077
1.133602402482416
0.003264700711330543
0.0042720137892463825
-0.6224828269019379
0.0005889059605820876
0.0002703192962181712
1.1619611806385512
-0.0055753099367953675
0.0004989943857803012
-0.7905405579438003
-0.00011071123186916363
0.6680186604062142
0.00015790596068039639
-0.0006762810608430867
-0.42414192566661224
0.11938897777016684
-0.0004981567359849347
-0.00037076832656753153
0.14852670815887764
0.00044602702282419283
0.07824567110073584
0.0
0.0
0.0
0.0
0.0
0.0
0.0
0.0
0.0
0.0
0.0
0.0
0.0
0.0
0.0
0.0
0.0
0.0
0.0
0.0
0.0
0.0
0.0
0.0
0.0
0.0
0.0
0.0
0.0
0.0
0.0
0.0
0.0
0.0
0.0
0.0
0.0
0.0
0.0
0.0
0.0
0.0
0.0
0.0
0.0
0.0
0.0
0.0
0.0
0.0
0.0
0.0
0.0
0.0
0.0
0.0
0.0
0.0
0.0
0.0
0.0
0.0
0.0
0.0
0.0
0.0
0.0
0.0
0.0
0.0
0.0
0.0
0.0
0.0
0.0
0.0
0.0
0.0
0.0
0.0
0.0
0.0
0.0
0.0
0.0
0.0
0.0
0.0
0.0
0.0
0.0
0.0
0.0
0.0
0.0
0.0
0.0
0.0
0.0
0.0
0.0
0.0
0.0
0.0
0.0
0.0
0.0
0.0
0.0
0.0
0.0
0.0
0.0
0.0
0.0
0.0
0.0
0.0
0.0
0.0
0.0
0.0
0.0
0.0
0.0
0.0
0.0
0.0
0.0
0.0
0.0
0.0
0.0
0.0
0.0
1.051476254737489
-0.14919888368561385
-0.14780070252163352
-0.020085814719166484
-0.0026113862004672195
0.20864085626526185
0.016591319619876407
0.0038613795019082266
0.020716066429560424
0.1939386005254579
-0.007507449243492865
0.004139466400473666
-0.0846194959737783
0.002263175270719068
-0.0010597377043738345
1.1720744198451216
0.042181226164849074
-0.0014429293681013314
-0.6588407080633318
0.007519744870567884
-0.002362468303831872
1.226799614102813
-0.0010172326535888448
0.009452619874730103
-0.7921927562467288
-0.0009187816988675899
1.1206640293865462
-0.002658060865416741
-0.0010465196732522474
-0.32908605254031775
0.11893862172845272
-0.004539704382788138
0.0007320447182127454
0.14336829745645266
0.00011993010695899472
0.04980798991784223
0.0
0.0
0.0
0.0
0.0
0.0
0.0
0.0
0.0
0.0
0.0
0.0
0.0
0.0
0.0
0.0
0.0
0.0
0.0
0.0
0.0
0.0
0.0
0.0
0.0
0.0
0.0
0.0
0.0
0.0
0.0
0.0
0.0
0.0
0.0
0.0
0.0
0.0
0.0
0.0
0.0
0.0
0.0
0.0
0.0
0.0
0.0
0.0
0.0
0.0
0.0
0.0
0.0
0.0
0.0
0.0
0.0
0.0
0.0
0.0
0.0
0.0
0.0
0.0
0.0
0.0
0.0
0.0
0.0
0.0
0.0
0.0
0.0
0.0
0.0
0.0
0.0
0.0
0.0
0.0
0.0
0.0
0.0
0.0
0.0
0.0
0.0
0.0
0.0
0.0
0.0
0.0
0.0
0.0
0.0
0.0
0.0
0.0
0.0
0.0
0.0
0.0
0.0
0.0
0.0
0.0
0.0
0.0
0.0
0.0
0.0
0.0
0.0
0.0
0.0
0.0
0.0
0.0
0.0
0.0
0.0
0.0
0.0
0.0
0.0
0.0
0.0
0.0
0.0
0.0
0.0
0.0
0.0
0.0
0.0
1.048297414478511
-0.15628539451405066
-0.1220552466022974
-7.117301790310179e-05
0.0028008639714568444
0.19559445196085498
6.807064636276823e-05
-0.0018469998163994088
0.022200803581116105
0.20978494415970692
-5.028044847558349e-05
0.0018324075093629766
-0.0843938732795876
-0.0001221587888169279
-0.000193905313975478
1.1355235310051395
-0.0002178398094006572
-0.0033408533219258445
-0.6274880558899003
-0.0001008529382587741
-0.00022840098068481777
1.1753865467733187
0.00901910327502955
-0.0001444146663282197
-0.7876839578973499
0.00012294623103937895
0.6546095904473281
-0.0010743173537939104
0.0010113815756691217
-0.4231443054431613
0.12004294472873862
0.00020708627248102075
0.0001288809099698297
0.14742587199864285
-0.0007081998710243289
0.07925601561729988
0.0
0.0
0.0
0.0
0.0
0.0
0.0
0.0
0.0
0.0
0.0
0.0
0.0
0.0
0.0
0.0
0.0
0.0
0.0
0.0
0.0
0.0
0.0
0.0
0.0
0.0
0.0
0.0
0.0
0.0
0.0
0.0
0.0
0.0
0.0
0.0
0.0
0.0
0.0
0.0
0.0
0.0
0.0
0.0
0.0
0.0
0.0
0.0
0.0
0.0
0.0
0.0
0.0
0.0
0.0
0.0
0.0
0.0
0.0
0.0
0.0
0.0
0.0
0.0
0.0
0.0
0.0
0.0
0.0
0.0
0.0
0.0
0.0
0.0
0.0
0.0
0.0
0.0
0.0
0.0
0.0
0.0
0.0
0.0
0.0
0.0
0.0
0.0
0.0
0.0
0.0
0.0
0.0
0.0
0.0
0.0
0.0
0.0
0.0
0.0
0.0
0.0
0.0
0.0
0.0
0.0
0.0
0.0
0.0
0.0
0.0
0.0
0.0
0.0
0.0
0.0
0.0
0.0
0.0
0.0
0.0
0.0
0.0
0.0
0.0
0.0
0.0
0.0
0.0
0.0
0.0
0.0
0.0
0.0
0.0
1.0519923792069306
-0.15117916339502876
-0.14822108255640942
0.02011179347779595
-0.002094733103622334
0.20920178916820992
-0.016585012479809397
0.0030195238462501542
0.02090336089358656
0.1950920398784645
0.007612100093223966
0.002584275535761701
-0.08569134616510236
-0.002377844816903598
-0.0006184645989323749
1.1727058611430135
-0.042279344616426684
0.0009221800101496898
-0.6670339804568302
-0.007762677340476092
0.0003183119421966015
1.2286982453343156
0.0011789019237660214
-0.009501768544966397
-0.7986836903326671
0.0008985098250423288
1.1205590119277884
-0.00015065783408456284
0.00120171465429693
-0.33912256477092745
0.12099186462931605
0.004865344442354612
0.0003463845569691753
0.14530096950363877
-0.00028294531247697284
0.05108252505275785
0.0
0.0
0.0
0.0
0.0
0.0
0.0
0.0
0.0
0.0
0.0
0.0
0.0
0.0
0.0
0.0
0.0
0.0
0.0
0.0
0.0
0.0
0.0
0.0
0.0
0.0
0.0
0.0
0.0
0.0
0.0
0.0
0.0
0.0
0.0
0.0
0.0
0.0
0.0
0.0
0.0
0.0
0.0
0.0
0.0
0.0
0.0
0.0
0.0
0.0
0.0
0.0
0.0
0.0
0.0
0.0
0.0
0.0
0.0
0.0
0.0
0.0
0.0
0.0
0.0
0.0
0.0
0.0
0.0
0.0
0.0
0.0
0.0
0.0
0.0
0.0
0.0
0.0
0.0
0.0
0.0
0.0
0.0
0.0
0.0
0.0
0.0
0.0
0.0
0.0
0.0
0.0
0.0
0.0
0.0
0.0
0.0
0.0
0.0
0.0
0.0
0.0
0.0
0.0
0.0
0.0
0.0
0.0
0.0
0.0
0.0
0.0
0.0
0.0
0.0
0.0
0.0
0.0
0.0
0.0
0.0
0.0
0.0
0.0
0.0
0.0
0.0
0.0
0.0
0.0
0.0
0.0
0.0
0.0
0.0
1.0647855061152747
-0.2192887711482414
-0.0052465787721868076
0.012601483706103568
0.018626852283078536
0.00034799078381779307
-0.005713119678842577
-0.03272051450180696
0.026147235741346884
-0.011751638654511686
0.014185512380652916
-0.039756563601741034
-0.0029091138428152335
-0.010562098416720043
0.025688396486476552
1.1441958109919208
0.010654741793392614
0.003517622156461131
-0.5115527996125793
0.007976296279041707
-0.01834654887700926
1.2318510491187358
0.06762577872232722
0.0050798119623827985
-0.8925492722086693
0.006986710769102008
1.29949182002512
-0.01417004706747689
0.005426953896119054
-1.0468143072346296
0.09035896382874084
-0.0007177809620557798
0.004525960947094273
0.18406885616071494
-0.01893781507249402
0.23663038247585527
0.0
0.0
0.0
0.0
0.0
0.0
0.0
0.0
0.0
0.0
0.0
0.0
0.0
0.0
0.0
0.0
0.0
0.0
0.0
0.0
0.0
0.0
0.0
0.0
0.0
0.0
0.0
0.0
0.0
0.0
0.0
0.0
0.0
0.0
0.0
0.0
0.0
0.0
0.0
0.0
0.0
0.0
0.0
0.0
0.0
0.0
0.0
0.0
0.0
0.0
0.0
0.0
0.0
0.0
0.0
0.0
0.0
0.0
0.0
0.0
0.0
0.0
0.0
0.0
0.0
0.0
0.0
0.0
0.0
0.0
0.0
0.0
0.0
0.0
0.0
0.0
0.0
0.0
0.0
0.0
0.0
0.0
0.0
0.0
0.0
0.0
0.0
0.0
0.0
0.0
0.0
0.0
0.0
0.0
0.0
0.0
0.0
0.0
0.0
0.0
0.0
0.0
0.0
0.0
0.0
0.0
0.0
0.0
0.0
0.0
0.0
0.0
0.0
0.0
0.0
0.0
0.0
0.0
0.0
0.0
0.0
0.0
0.0
0.0
0.0
0.0
0.0
0.0
0.0
0.0
0.0
0.0
0.0
0.0
0.0
1.0683489606379133
-0.23176501400620583
0.0007823467950201614
-0.000500303766244759
0.032099932826629
-0.009711576098039009
0.00033243331777102004
-0.03949501918295463
0.025789465156910912
-0.02728678068510543
-0.00019912637074034258
-0.027247693210723574
0.0017684138122577029
-0.0006040774820465786
0.016754855188519765
1.0298781131726016
0.00031032670321630424
0.035675877682254706
-0.6194727373474299
-0.00013945765486935504
-0.0026276797417417144
1.2835465230070882
0.0028921384109404486
-1.2162199482407883e-05
-0.9225232235932698
0.00225431912383003
1.3166891332648725
-0.0060430703584076085
0.0021704249286999804
-1.086626399978516
0.1077993516406287
2.4035141376968403e-05
-0.0006022782231713437
0.1879154000318779
-0.00135909005568817
0.24786750949503503
0.0
0.0
0.0
0.0
0.0
0.0
0.0
0.0
0.0
0.0
0.0
0.0
0.0
0.0
0.0
0.0
0.0
0.0
0.0
0.0
0.0
0.0
0.0
0.0
0.0
0.0
0.0
0.0
0.0
0.0
0.0
0.0
0.0
0.0
0.0
0.0
0.0
0.0
0.0
0.0
0.0
0.0
0.0
0.0
0.0
0.0
0.0
0.0
0.0
0.0
0.0
0.0
0.0
0.0
0.0
0.0
0.0
0.0
0.0
0.0
0.0
0.0
0.0
0.0
0.0
0.0
0.0
0.0
0.0
0.0
0.0
0.0
0.0
0.0
0.0
0.0
0.0
0.0
0.0
0.0
0.0
0.0
0.0
0.0
0.0
0.0
0.0
0.0
0.0
0.0
0.0
0.0
0.0
0.0
0.0
0.0
0.0
0.0
0.0
0.0
0.0
0.0
0.0
0.0
0.0
0.0
0.0
0.0
0.0
0.0
0.0
0.0
0.0
0.0
0.0
0.0
0.0
0.0
0.0
0.0
0.0
0.0
0.0
0.0
0.0
0.0
0.0
0.0
0.0
0.0
0.0
0.0
0.0
0.0
0.0
1.0708932926745682
-0.2246471455804635
-0.0023530405989052746
-0.01164850029092673
-0.014822132472735887
-0.004032887796910037
0.0055679135046963245
-0.002315322709911994
0.02656693723929345
-0.01584370145099469
-0.012117334673487572
-0.04070974915259105
-0.00046572882278423766
0.00989400514488874
0.02091778478286802
1.1915705123193094
-0.009441893072014929
0.0010400856138978935
-0.522264955283852
-0.005959909609936299
-0.025986694205196295
1.2648862889568286
-0.05716613344048912
-0.0042634218479140635
-0.9169281764044978
-0.0039959036159841164
1.3564369186545662
-0.02150884193386108
-0.003909852666971498
-1.0735703304170867
0.08513655574198928
0.00037203659346317955
0.008735198953602242
0.1860073545407136
0.017238664044260256
0.24372005862932647
0.0
0.0
0.0
0.0
0.0
0.0
0.0
0.0
0.0
0.0
0.0
0.0
0.0
0.0
0.0
0.0
0.0
0.0
0.0
0.0
0.0
0.0
0.0
0.0
0.0
0.0
0.0
0.0
0.0
0.0
0.0
0.0
0.0
0.0
0.0
0.0
0.0
0.0
0.0
0.0
0.0
0.0
0.0
0.0
0.0
0.0
0.0
0.0
0.0
0.0
0.0
0.0
0.0
0.0
0.0
0.0
0.0
0.0
0.0
0.0
0.0
0.0
0.0
0.0
0.0
0.0
0.0
0.0
0.0
0.0
0.0
0.0
0.0
0.0
0.0
0.0
0.0
0.0
0.0
0.0
0.0
0.0
0.0
0.0
0.0
0.0
0.0
0.0
0.0
0.0
0.0
0.0
0.0
0.0
0.0
0.0
0.0
0.0
0.0
0.0
0.0
0.0
0.0
0.0
0.0
0.0
0.0
0.0
0.0
0.0
0.0
0.0
0.0
0.0
0.0
0.0
0.0
0.0
0.0
0.0
0.0
0.0
0.0
0.0
0.0
0.0
0.0
0.0
0.0
0.0
0.0
0.0
0.0
0.0
0.0
1.0681709687759329
-0.23102549707806713
0.0020358084052451214
0.00017726224643893764
0.031886067812994676
-0.010106234611052532
-3.0539627804387395e-05
-0.038512159244893374
0.025991702452757247
-0.025283963557256733
0.00020252213173371848
-0.0253611261273576
0.002530628916510471
0.00047403821196531366
0.016760983535227605
1.00983141868711
-0.0020885376781189097
0.030594051842406395
-0.6180481426162643
-0.0002867323418526207
-0.003337460279293592
1.281871200436064
-0.0027477074149995745
-0.0003424240643408362
-0.9197701955610285
-0.0016916552212389877
1.3164474005887672
-0.006225278398837771
-0.0016338935608218184
-1.0816051459474005
0.10927425279072571
0.00031016372891374037
0.0006307342591822276
0.18675458001984915
0.0009458177159351092
0.24660308148180232
0.0
0.0
0.0
0.0
0.0
0.0
0.0
0.0
0.0
0.0
0.0
0.0
0.0
0.0
0.0
0.0
0.0
0.0
0.0
0.0
0.0
0.0
0.0
0.0
0.0
0.0
0.0
0.0
0.0
0.0
0.0
0.0
0.0
0.0
0.0
0.0
0.0
0.0
0.0
0.0
0.0
0.0
0.0
0.0
0.0
0.0
0.0
0.0
0.0
0.0
0.0
0.0
0.0
0.0
0.0
0.0
0.0
0.0
0.0
0.0
0.0
0.0
0.0
0.0
0.0
0.0
0.0
0.0
0.0
0.0
0.0
0.0
0.0
0.0
0.0
0.0
0.0
0.0
0.0
0.0
0.0
0.0
0.0
0.0
0.0
0.0
0.0
0.0
0.0
0.0
0.0
0.0
0.0
0.0
0.0
0.0
0.0
0.0
0.0
0.0
0.0
0.0
0.0
0.0
0.0
0.0
0.0
0.0
0.0
0.0
0.0
0.0
0.0
0.0
0.0
0.0
0.0
0.0
0.0
0.0
0.0
0.0
0.0
0.0
0.0
0.0
0.0
0.0
0.0
0.0
0.0
0.0
0.0
0.0
0.0
1.0651582668643167
-0.22387412771040158
-0.006460384801917896
0.013755065171117915
-0.018991038923569088
-0.0011420597652123375
-0.005366439362247403
0.02751833714455177
0.027071065646485853
-0.019981998278963693
0.017387010110267644
0.026976311282973696
-0.0012843210446441084
-0.011313719870578708
-0.019397301958345076
1.0295867657204527
-0.016351386579307577
-0.04998043074052071
-0.5586514714990347
-0.0003623235108177388
-0.001875465897699336
1.2229803022600556
-0.0731931518832419
0.0008604001970387153
-0.8950277774490265
-0.00951540472447368
1.2887672070970555
0.0035955946133298215
-0.007279064810185594
-1.0621767946914609
0.09887263650623976
0.001994614037731753
0.003987717654689766
0.18499308320058933
0.020109160531162212
0.2432945103597001
0.0
0.0
0.0
0.0
0.0
0.0
0.0
0.0
0.0
0.0
0.0
0.0
0.0
0.0
0.0
0.0
0.0
0.0
0.0
0.0
0.0
0.0
0.0
0.0
0.0
0.0
0.0
0.0
0.0
0.0
0.0
0.0
0.0
0.0
0.0
0.0
0.0
0.0
0.0
0.0
0.0
0.0
0.0
0.0
0.0
0.0
0.0
0.0
0.0
0.0
0.0
0.0
0.0
0.0
0.0
0.0
0.0
0.0
0.0
0.0
0.0
0.0
0.0
0.0
0.0
0.0
0.0
0.0
0.0
0.0
0.0
0.0
0.0
0.0
0.0
0.0
0.0
0.0
0.0
0.0
0.0
0.0
0.0
0.0
0.0
0.0
0.0
0.0
0.0
0.0
0.0
0.0
0.0
0.0
0.0
0.0
0.0
0.0
0.0
0.0
0.0
0.0
0.0
0.0
0.0
0.0
0.0
0.0
0.0
0.0
0.0
0.0
0.0
0.0
0.0
0.0
0.0
0.0
0.0
0.0
0.0
0.0
0.0
0.0
0.0
0.0
0.0
0.0
0.0
0.0
0.0
0.0
0.0
0.0
0.0
1.0671998273118044
-0.22645720397034186
0.003369036264708535
-0.00020883933943996393
-0.030561581537684707
-0.00695994586939085
0.00013287260267709304
0.04314895161345217
0.025052067047994418
-0.014080111057731501
1.1738068889279984e-06
0.03866952243731149
-0.000617963785134492
-0.00040871642727098947
-0.021833974977120158
1.0222339307074035
0.0030997265605008113
-0.015079071844761486
-0.5929469849476326
0.0007358112666732933
0.012437925561611558
1.282530845216114
-0.0026857213886936917
0.0005262205603280605
-0.9130449669408593
-0.0014668121041193191
1.3237656470417547
0.013007433245549437
-0.0013951759208026947
-1.056987565230891
0.10588991957140147
-0.0005035390583286662
-0.004562489731525411
0.18465437302779655
0.0008621086577773082
0.23664900672391992
0.0
0.0
0.0
0.0
0.0
0.0
0.0
0.0
0.0
0.0
0.0
0.0
0.0
0.0
0.0
0.0
0.0
0.0
0.0
0.0
0.0
0.0
0.0
0.0
0.0
0.0
0.0
0.0
0.0
0.0
0.0
0.0
0.0
0.0
0.0
0.0
0.0
0.0
0.0
0.0
0.0
0.0
0.0
0.0
0.0
0.0
0.0
0.0
0.0
0.0
0.0
0.0
0.0
0.0
0.0
0.0
0.0
0.0
0.0
0.0
0.0
0.0
0.0
0.0
0.0
0.0
0.0
0.0
0.0
0.0
0.0
0.0
0.0
0.0
0.0
0.0
0.0
0.0
0.0
0.0
0.0
0.0
0.0
0.0
0.0
0.0
0.0
0.0
0.0
0.0
0.0
0.0
0.0
0.0
0.0
0.0
0.0
0.0
0.0
0.0
0.0
0.0
0.0
0.0
0.0
0.0
0.0
0.0
0.0
0.0
0.0
0.0
0.0
0.0
0.0
0.0
0.0
0.0
0.0
0.0
0.0
0.0
0.0
0.0
0.0
0.0
0.0
0.0
0.0
0.0
0.0
0.0
0.0
0.0
0.0
1.065101376595647
-0.22442342696316253
-0.0022695387638576535
-0.013995283798341349
-0.01975250014578806
-0.005980514253982204
0.00503896422017909
0.028388846216182005
0.026649033843814368
-0.02440968024826158
-0.018650828446436354
0.026768810038633045
0.0013854476563105226
0.011121772043651343
-0.019492604987175186
0.9851763198245764
0.012575936775573924
-0.05637968048497223
-0.5558138714326475
-0.00010032998466365651
-0.00032972962662361743
1.2210105451173412
0.07129260749703212
-0.0010722127800825722
-0.8981033960486178
0.00892237938104096
1.2888854054044323
0.0058536640904683565
0.0063781968829461095
-1.0584604457624585
0.09900873998257459
-0.001420650094012077
0.002680386094520169
0.1860131811478612
-0.019428245300337908
0.24228916918802476
0.0
0.0
0.0
0.0
0.0
0.0
0.0
0.0
0.0
0.0
0.0
0.0
0.0
0.0
0.0
0.0
0.0
0.0
0.0
0.0
0.0
0.0
0.0
0.0
0.0
0.0
0.0
0.0
0.0
0.0
0.0
0.0
0.0
0.0
0.0
0.0
0.0
0.0
0.0
0.0
0.0
0.0
0.0
0.0
0.0
0.0
0.0
0.0
0.0
0.0
0.0
0.0
0.0
0.0
0.0
0.0
0.0
0.0
0.0
0.0
0.0
0.0
0.0
0.0
0.0
0.0
0.0
0.0
0.0
0.0
0.0
0.0
0.0
0.0
0.0
0.0
0.0
0.0
0.0
0.0
0.0
0.0
0.0
0.0
0.0
0.0
0.0
0.0
0.0
0.0
0.0
0.0
0.0
0.0
0.0
0.0
0.0
0.0
0.0
0.0
0.0
0.0
0.0
0.0
0.0
0.0
0.0
0.0
0.0
0.0
0.0
0.0
0.0
0.0
0.0
0.0
0.0
0.0
0.0
0.0
0.0
0.0
0.0
0.0
0.0
0.0
0.0
0.0
0.0
0.0
0.0
0.0
0.0
0.0
0.0
1.0758887469248597
-0.24015435733302748
0.0012209503786201072
0.0002252203691896184
0.0031902874049671015
-0.007887034441654492
-0.0005246374943161203
0.01393613691834359
0.026790439438706955
-0.018532037248747912
-0.0008293997435806667
0.04267833156159469
0.0006451345771808486
0.0005455818457253949
-0.018729679277488108
1.1486625666943209
-0.0008662457425538487
-0.009436413149551605
-0.6324433039991947
0.00010940919246438953
0.01777613855313724
1.3106056533306485
0.002117877903248355
0.00018289070219336626
-0.970186498010372
0.0014255861115523509
1.3864527424043085
0.016856142365267446
0.0014329311329316576
-1.1178642608472313
0.10484797692632683
7.406212613619063e-06
-0.007520531735037604
0.19822235303966484
-0.0011762669171490293
0.25510718134019483
0.0
0.0
0.0
0.0
0.0
0.0
0.0
0.0
0.0
0.0
0.0
0.0
0.0
0.0
0.0
0.0
0.0
0.0
0.0
0.0
0.0
0.0
0.0
0.0
0.0
0.0
0.0
0.0
0.0
0.0
0.0
0.0
0.0
0.0
0.0
0.0
0.0
0.0
0.0
0.0
0.0
0.0
0.0
0.0
0.0
0.0
0.0
0.0
0.0
0.0
0.0
0.0
0.0
0.0
0.0
0.0
0.0
0.0
0.0
0.0
0.0
0.0
0.0
0.0
0.0
0.0
0.0
0.0
0.0
0.0
0.0
0.0
0.0
0.0
0.0
0.0
0.0
0.0
0.0
0.0
0.0
0.0
0.0
0.0
0.0
0.0
0.0
0.0
0.0
0.0
0.0
0.0
0.0
0.0
0.0
0.0
0.0
0.0
0.0
0.0
0.0
0.0
0.0
0.0
0.0
0.0
0.0
0.0
0.0
0.0
0.0
0.0
0.0
0.0
0.0
0.0
0.0
0.0
0.0
0.0
0.0
0.0
0.0
0.0
0.0
0.0
0.0
0.0
0.0
0.0
0.0
0.0
0.0
0.0
0.0
1.0797365881779675
-0.22767453279780117
-0.08350349658759171
0.0038729652202864045
0.010984636297577826
0.1034337976412325
-0.007282251731273391
-0.017758237761185007
0.03492176997141844
0.06815855577228229
-0.009059023648396797
-0.018802810969291754
-0.019873742995327095
-0.01434878275012813
0.006834689543488473
1.4407437886718153
0.009136593001523065
-0.000980899108385191
-1.194148530037849
-0.0107703923620323
-0.0022950183635746324
1.297568545824832
0.003680424661365565
-0.010879082289987869
-0.8505539072292926
0.0045593368008616
1.2093845588833225
-0.0027248993744415795
0.003962179805037002
-0.592065645501471
0.2881751000679196
-0.009409103774598382
0.0011809728394405342
0.16860081946986136
-0.0026246488432637265
0.09281321111478077
0.0
0.0
0.0
0.0
0.0
0.0
0.0
0.0
0.0
0.0
0.0
0.0
0.0
0.0
0.0
0.0
0.0
0.0
0.0
0.0
0.0
0.0
0.0
0.0
0.0
0.0
0.0
0.0
0.0
0.0
0.0
0.0
0.0
0.0
0.0
0.0
0.0
0.0
0.0
0.0
0.0
0.0
0.0
0.0
0.0
0.0
0.0
0.0
0.0
0.0
0.0
0.0
0.0
0.0
0.0
0.0
0.0
0.0
0.0
0.0
0.0
0.0
0.0
0.0
0.0
0.0
0.0
0.0
0.0
0.0
0.0
0.0
0.0
0.0
0.0
0.0
0.0
0.0
0.0
0.0
0.0
0.0
0.0
0.0
0.0
0.0
0.0
0.0
0.0
0.0
0.0
0.0
0.0
0.0
0.0
0.0
0.0
0.0
0.0
0.0
0.0
0.0
0.0
0.0
0.0
0.0
0.0
0.0
0.0
0.0
0.0
0.0
0.0
0.0
0.0
0.0
0.0
0.0
0.0
0.0
0.0
0.0
0.0
0.0
0.0
0.0
0.0
0.0
0.0
0.0
0.0
0.0
0.0
0.0
0.0
1.0571843000356393
-0.1841574491185449
0.0631461231615236
0.0025893053306904083
0.003179467893924195
-0.08910565544084453
-0.0014722888609497169
-0.0005348626387828941
0.03632568767106144
-0.09067623219442313
0.0010091195224922942
0.006909328294765463
0.04834347984189917
0.00039000316169660054
-0.001346495869350774
1.166230609326897
-0.008464096792785581
0.004644340627976516
-0.8822442180464577
-0.009589959473481855
0.005266345287555435
1.1579899775175297
-0.016998157720784023
-0.010034159267930706
-0.8237918405562275
-0.005438484016537292
1.1534333216413644
0.006271169511608901
-0.00921813459162643
-0.44437810210529216
0.20529317661305507
0.005118424942841005
-0.0019729838329573387
0.17540450092017698
0.0021439596167136875
0.07026799935858047
0.0
0.0
0.0
0.0
0.0
0.0
0.0
0.0
0.0
0.0
0.0
0.0
0.0
0.0
0.0
0.0
0.0
0.0
0.0
0.0
0.0
0.0
0.0
0.0
0.0
0.0
0.0
0.0
0.0
0.0
0.0
0.0
0.0
0.0
0.0
0.0
0.0
0.0
0.0
0.0
0.0
0.0
0.0
0.0
0.0
0.0
0.0
0.0
0.0
0.0
0.0
0.0
0.0
0.0
0.0
0.0
0.0
0.0
0.0
0.0
0.0
0.0
0.0
0.0
0.0
0.0
0.0
0.0
0.0
0.0
0.0
0.0
0.0
0.0
0.0
0.0
0.0
0.0
0.0
0.0
0.0
0.0
0.0
0.0
0.0
0.0
0.0
0.0
0.0
0.0
0.0
0.0
0.0
0.0
0.0
0.0
0.0
0.0
0.0
0.0
0.0
0.0
0.0
0.0
0.0
0.0
0.0
0.0
0.0
0.0
0.0
0.0
0.0
0.0
0.0
0.0
0.0
0.0
0.0
0.0
0.0
0.0
0.0
0.0
0.0
0.0
0.0
0.0
0.0
0.0
0.0
0.0
0.0
0.0
0.0
1.0784911927759036
-0.2242104408818134
-0.09125545107042063
-0.006502093111492434
0.004110234928415914
0.11127573565871433
0.008593015485516291
-0.007904663996656708
0.033115142008809786
0.0702469554636104
0.006429281348473627
-0.010087063085355365
-0.025253993555675293
0.012433362470512854
0.0029232376235577735
1.436092683138544
-0.020608717628838525
0.0036050090747963524
-1.180653081434035
0.019108268010743987
-0.007919936106332438
1.2884269754557351
-0.003337708238273009
0.01919923890447843
-0.831262502757014
-0.005799925624562153
1.2066809291117147
-0.00815970774740166
-0.005395589401557957
-0.5828573267091022
0.28286256833063644
0.0023528758383040615
0.003814800904314085
0.1617798276019027
0.002178264204190071
0.08943122036729614
0.0
0.0
0.0
0.0
0.0
0.0
0.0
0.0
0.0
0.0
0.0
0.0
0.0
0.0
0.0
0.0
0.0
0.0
0.0
0.0
0.0
0.0
0.0
0.0
0.0
0.0
0.0
0.0
0.0
0.0
0.0
0.0
0.0
0.0
0.0
0.0
0.0
0.0
0.0
0.0
0.0
0.0
0.0
0.0
0.0
0.0
0.0
0.0
0.0
0.0
0.0
0.0
0.0
0.0
0.0
0.0
0.0
0.0
0.0
0.0
0.0
0.0
0.0
0.0
0.0
0.0
0.0
0.0
0.0
0.0
0.0
0.0
0.0
0.0
0.0
0.0
0.0
0.0
0.0
0.0
0.0
0.0
0.0
0.0
0.0
0.0
0.0
0.0
0.0
0.0
0.0
0.0
0.0
0.0
0.0
0.0
0.0
0.0
0.0
0.0
0.0
0.0
0.0
0.0
0.0
0.0
0.0
0.0
0.0
0.0
0.0
0.0
0.0
0.0
0.0
0.0
0.0
0.0
0.0
0.0
0.0
0.0
0.0
0.0
0.0
0.0
0.0
0.0
0.0
0.0
0.0
0.0
0.0
0.0
0.0
1.0787988461505864
-0.2195295478349269
-0.1409584474490162
0.0031282329089358492
0.0005184522197142856
0.17734237274889528
-0.004705347972878778
-0.00033731177721737664
0.04100505563442879
0.12044197787621816
-0.004589509465028896
0.0004563295353519777
-0.05133939950265762
0.0020641127667200576
-0.0003928570212667208
1.439310180223044
-0.004027229932651241
-0.004506903523657034
-1.2186082450728124
0.0023346058938254702
0.003155167235031659
1.251214341111457
-0.00032727728970816843
0.002318177841916357
-0.8244985450610159
0.005316131109967138
1.1916057169158516
0.0032823802441328555
0.006091422714413028
-0.5996685185670627
0.31451428985867524
-0.0016407160677586363
-0.002494125084056156
0.1659755390153972
-0.0032851801546265307
0.09539012904199642
0.0
0.0
0.0
0.0
0.0
0.0
0.0
0.0
0.0
0.0
0.0
0.0
0.0
0.0
0.0
0.0
0.0
0.0
0.0
0.0
0.0
0.0
0.0
0.0
0.0
0.0
0.0
0.0
0.0
0.0
0.0
0.0
0.0
0.0
0.0
0.0
0.0
0.0
0.0
0.0
0.0
0.0
0.0
0.0
0.0
0.0
0.0
0.0
0.0
0.0
0.0
0.0
0.0
0.0
0.0
0.0
0.0
0.0
0.0
0.0
0.0
0.0
0.0
0.0
0.0
0.0
0.0
0.0
0.0
0.0
0.0
0.0
0.0
0.0
0.0
0.0
0.0
0.0
0.0
0.0
0.0
0.0
0.0
0.0
0.0
0.0
0.0
0.0
0.0
0.0
0.0
0.0
0.0
0.0
0.0
0.0
0.0
0.0
0.0
0.0
0.0
0.0
0.0
0.0
0.0
0.0
0.0
0.0
0.0
0.0
0.0
0.0
0.0
0.0
0.0
0.0
0.0
0.0
0.0
0.0
0.0
0.0
0.0
0.0
0.0
0.0
0.0
0.0
0.0
0.0
0.0
0.0
0.0
0.0
0.0
1.0745663182625138
-0.21271346062275207
-0.06210795190515279
0.05562627463743119
0.003445799372478439
0.08272199905059788
-0.07491619928426908
-0.006754183205559158
0.04320645404899495
0.06659058983665914
-0.060723333617443816
-0.008228084354596881
-0.020447632678849297
0.009369020526667847
0.0035212194487846105
1.345396494006699
-0.06366238406137265
-0.003697627848842512
-1.0086043731470777
0.04543317719705328
0.00914550759101173
1.3303892957994659
0.009939254679125513
0.04570178934433801
-0.9316835240960586
-0.002461218690574893
1.1891355640329537
0.009857827373303395
-0.0017153318875102077
-0.517839518464687
0.24549972201815035
-0.013820260069759019
-0.00569312080184574
0.20380585019796535
-0.00019222567708875466
0.08758478696761639
0.0
0.0
0.0
0.0
0.0
0.0
0.0
0.0
0.0
0.0
0.0
0.0
0.0
0.0
0.0
0.0
0.0
0.0
0.0
0.0
0.0
0.0
0.0
0.0
0.0
0.0
0.0
0.0
0.0
0.0
0.0
0.0
0.0
0.0
0.0
0.0
0.0
0.0
0.0
0.0
0.0
0.0
0.0
0.0
0.0
0.0
0.0
0.0
0.0
0.0
0.0
0.0
0.0
0.0
0.0
0.0
0.0
0.0
0.0
0.0
0.0
0.0
0.0
0.0
0.0
0.0
0.0
0.0
0.0
0.0
0.0
0.0
0.0
0.0
0.0
0.0
0.0
0.0
0.0
0.0
0.0
0.0
0.0
0.0
0.0
0.0
0.0
0.0
0.0
0.0
0.0
0.0
0.0
0.0
0.0
0.0
0.0
0.0
0.0
0.0
0.0
0.0
0.0
0.0
0.0
0.0
0.0
0.0
0.0
0.0
0.0
0.0
0.0
0.0
0.0
0.0
0.0
0.0
0.0
0.0
0.0
0.0
0.0
0.0
0.0
0.0
0.0
0.0
0.0
0.0
0.0
0.0
0.0
0.0
0.0
1.066654299046395
-0.20825988311330226
-0.027545438201893428
0.00038798188477710724
0.002569457618724158
0.012494418715984352
0.003566368576812591
0.0007804091958221061
0.042879799643129844
-0.020745861632261907
0.010032022361839074
0.008955760079471579
-0.03502688314649843
-0.0006346933766401635
-0.002762154102179139
1.2908012870628887
0.00045083577871523413
-0.010098930367802322
-1.0510743670047267
-0.006900184029500681
-0.003280867311232108
1.1962187763045031
-0.016938832137595793
-0.00752957295242359
-0.8593410915121527
0.0009568669263378125
1.1327293970042622
-0.004901190562900108
-0.0014383760552978218
-0.5186211504496415
0.24486939022011497
0.002860733141275521
0.0034402322385480586
0.19286132811320766
0.0012185108973823008
0.08787905041111188
0.0
0.0
0.0
0.0
0.0
0.0
0.0
0.0
0.0
0.0
0.0
0.0
0.0
0.0
0.0
0.0
0.0
0.0
0.0
0.0
0.0
0.0
0.0
0.0
0.0
0.0
0.0
0.0
0.0
0.0
0.0
0.0
0.0
0.0
0.0
0.0
0.0
0.0
0.0
0.0
0.0
0.0
0.0
0.0
0.0
0.0
0.0
0.0
0.0
0.0
0.0
0.0
0.0
0.0
0.0
0.0
0.0
0.0
0.0
0.0
0.0
0.0
0.0
0.0
0.0
0.0
0.0
0.0
0.0
0.0
0.0
0.0
0.0
0.0
0.0
0.0
0.0
0.0
0.0
0.0
0.0
0.0
0.0
0.0
0.0
0.0
0.0
0.0
0.0
0.0
0.0
0.0
0.0
0.0
0.0
0.0
0.0
0.0
0.0
0.0
0.0
0.0
0.0
0.0
0.0
0.0
0.0
0.0
0.0
0.0
0.0
0.0
0.0
0.0
0.0
0.0
0.0
0.0
0.0
0.0
0.0
0.0
0.0
0.0
0.0
0.0
0.0
0.0
0.0
0.0
0.0
0.0
0.0
0.0
0.0
1.0761295905248036
-0.22585966798849563
-0.04908501535724066
-0.053509596141159785
0.003655999022581805
0.052127978536078964
0.07296731708851016
-0.008145149281656213
0.03294826477707564
0.021543500935871745
0.06067880978167281
-0.011565533664224876
-0.03620134413113493
-0.008204462725134387
0.0026497004037026595
1.373869050077735
0.038199487924288456
-0.0057510746149644024
-1.083387093357277
-0.049515044976428384
0.007838477966353886
1.3393029863933297
-0.008029201831648704
-0.052386853975755945
-0.9399514020627951
0.0029712845818253477
1.1954170834128315
0.00785380339563676
0.0027408766296698464
-0.5376120748013136
0.2412586849790192
0.01690050220454767
-0.005231012845740684
0.20676633311900403
-0.0007366802563206784
0.09117799997300438
0.0
0.0
0.0
0.0
0.0
0.0
0.0
0.0
0.0
0.0
0.0
0.0
0.0
0.0
0.0
0.0
0.0
0.0
0.0
0.0
0.0
0.0
0.0
0.0
0.0
0.0
0.0
0.0
0.0
0.0
0.0
0.0
0.0
0.0
0.0
0.0
0.0
0.0
0.0
0.0
0.0
0.0
0.0
0.0
0.0
0.0
0.0
0.0
0.0
0.0
0.0
0.0
0.0
0.0
0.0
0.0
0.0
0.0
0.0
0.0
0.0
0.0
0.0
0.0
0.0
0.0
0.0
0.0
0.0
0.0
0.0
0.0
0.0
0.0
0.0
0.0
0.0
0.0
0.0
0.0
0.0
0.0
0.0
0.0
0.0
0.0
0.0
0.0
0.0
0.0
0.0
0.0
0.0
0.0
0.0
0.0
0.0
0.0
0.0
0.0
0.0
0.0
0.0
0.0
0.0
0.0
0.0
0.0
0.0
0.0
0.0
0.0
0.0
0.0
0.0
0.0
0.0
0.0
0.0
0.0
0.0
0.0
0.0
0.0
0.0
0.0
0.0
0.0
0.0
0.0
0.0
0.0
0.0
0.0
0.0
1.0663823225878297
-0.22083199141113471
-0.012527724825592815
-0.0024356881805147326
0.0017883437328829344
-0.0005669393967141507
0.0035964453771943367
0.0009224760497578662
0.03401746081624172
-0.021132249646892233
0.0038033616946047447
0.006773802091382794
-0.01664721169162027
-0.0013080425979321221
-0.001296044017916553
1.2873827457484506
-0.0005998960740705495
-0.0009154156128457682
-1.0812905335350051
-0.0037734327258317005
-0.004558927509967973
1.1477497483447041
0.011178292848242281
-0.0039502637433274975
-0.896659064746746
-0.003661297119980487
1.1158606855063944
-0.005649445932655121
-0.002630312743952515
-0.5465010552430655
0.2493164864229892
0.003117635823500284
0.0030120905033999947
0.1992173776980296
-2.6637347310007626e-05
0.0896439085047923
0.0
0.0
0.0
0.0
0.0
0.0
0.0
0.0
0.0
0.0
0.0
0.0
0.0
0.0
0.0
0.0
0.0
0.0
0.0
0.0
0.0
0.0
0.0
0.0
0.0
0.0
0.0
0.0
0.0
0.0
0.0
0.0
0.0
0.0
0.0
0.0
0.0
0.0
0.0
0.0
0.0
0.0
0.0
0.0
0.0
0.0
0.0
0.0
0.0
0.0
0.0
0.0
0.0
0.0
0.0
0.0
0.0
0.0
0.0
0.0
0.0
0.0
0.0
0.0
0.0
0.0
0.0
0.0
0.0
0.0
0.0
0.0
0.0
0.0
0.0
0.0
0.0
0.0
0.0
0.0
0.0
0.0
0.0
0.0
0.0
0.0
0.0
0.0
0.0
0.0
0.0
0.0
0.0
0.0
0.0
0.0
0.0
0.0
0.0
0.0
0.0
0.0
0.0
0.0
0.0
0.0
0.0
0.0
0.0
0.0
0.0
0.0
0.0
0.0
0.0
0.0
0.0
0.0
0.0
0.0
0.0
0.0
0.0
0.0
0.0
0.0
0.0
0.0
0.0
0.0
0.0
0.0
0.0
0.0
0.0
1.0743337760097602
-0.2231233754555973
0.016712825155317555
-0.0011453252300498188
-0.08665492721636577
-0.02232359375275631
0.00024466799770036883
0.0921453062255585
0.03200251418874951
-0.016578142460059946
-0.0013203842560334474
0.03260679398802532
0.00890025816469794
0.007867110806517575
-0.016291623936489048
1.1896119604120519
0.006960082142356159
-0.03299178478733837
-0.5546526083067175
-0.006807967453701807
0.04472561287343364
1.2441618678193287
-0.034379083988730616
-0.00711181096629423
-0.8476382976305273
0.025508981150437177
1.3963142897191707
0.04179349671765194
0.02560492220125829
-1.143616962935969
0.09023503225050353
0.0036842582704566746
-0.02756058184421294
0.17028600522061652
-0.00474401531604399
0.2746439305955346
0.0
0.0
0.0
0.0
0.0
0.0
0.0
0.0
0.0
0.0
0.0
0.0
0.0
0.0
0.0
0.0
0.0
0.0
0.0
0.0
0.0
0.0
0.0
0.0
0.0
0.0
0.0
0.0
0.0
0.0
0.0
0.0
0.0
0.0
0.0
0.0
0.0
0.0
0.0
0.0
0.0
0.0
0.0
0.0
0.0
0.0
0.0
0.0
0.0
0.0
0.0
0.0
0.0
0.0
0.0
0.0
0.0
0.0
0.0
0.0
0.0
0.0
0.0
0.0
0.0
0.0
0.0
0.0
0.0
0.0
0.0
0.0
0.0
0.0
0.0
0.0
0.0
0.0
0.0
0.0
0.0
0.0
0.0
0.0
0.0
0.0
0.0
0.0
0.0
0.0
0.0
0.0
0.0
0.0
0.0
0.0
0.0
0.0
0.0
0.0
0.0
0.0
0.0
0.0
0.0
0.0
0.0
0.0
0.0
0.0
0.0
0.0
0.0
0.0
0.0
0.0
0.0
0.0
0.0
0.0
0.0
0.0
0.0
0.0
0.0
0.0
0.0
0.0
0.0
0.0
0.0
0.0
0.0
0.0
0.0
1.0776999142908013
-0.22673861217415237
-0.012325253176810273
0.0053604417845347
0.09316551333898315
0.01756613581696949
-0.005901081706937118
-0.11363990642446672
0.03284248242061923
0.015046543108930163
-0.0021976417784838574
-0.07261847841283828
-0.005872148459368995
0.0012592028086840304
0.026765114035987532
1.2069548892031383
0.0021363029498057836
-0.009659018918952288
-0.5577708032069539
-0.003913607384021079
0.02047689271280287
1.3592467786135312
0.005641599286528161
-0.0037655175770113913
-0.9752434356828946
-0.007617139866442315
1.3566224341897364
0.019947811612970934
-0.007673723758987441
-1.0438272184750064
0.08748048028098321
0.0027684299501569616
-0.012760276125324325
0.19838451024429307
0.007571273142068961
0.24003674539965775
0.0
0.0
0.0
0.0
0.0
0.0
0.0
0.0
0.0
0.0
0.0
0.0
0.0
0.0
0.0
0.0
0.0
0.0
0.0
0.0
0.0
0.0
0.0
0.0
0.0
0.0
0.0
0.0
0.0
0.0
0.0
0.0
0.0
0.0
0.0
0.0
0.0
0.0
0.0
0.0
0.0
0.0
0.0
0.0
0.0
0.0
0.0
0.0
0.0
0.0
0.0
0.0
0.0
0.0
0.0
0.0
0.0
0.0
0.0
0.0
0.0
0.0
0.0
0.0
0.0
0.0
0.0
0.0
0.0
0.0
0.0
0.0
0.0
0.0
0.0
0.0
0.0
0.0
0.0
0.0
0.0
0.0
0.0
0.0
0.0
0.0
0.0
0.0
0.0
0.0
0.0
0.0
0.0
0.0
0.0
0.0
0.0
0.0
0.0
0.0
0.0
0.0
0.0
0.0
0.0
0.0
0.0
0.0
0.0
0.0
0.0
0.0
0.0
0.0
0.0
0.0
0.0
0.0
0.0
0.0
0.0
0.0
0.0
0.0
0.0
0.0
0.0
0.0
0.0
0.0
0.0
0.0
0.0
0.0
0.0
1.068130076308356
-0.2163327464589032
-0.018866568736712427
0.01538163646363703
0.02583226132228522
0.02843996995144717
-0.020755776559611853
-0.05504896077737467
0.04058123541954871
0.031653853223262626
-0.01603058268410184
-0.07574226243809201
-0.0089258294523408
-0.0009563951987250335
0.02435615028900551
1.0565538994468313
-0.036726725728865595
-0.020897465669720457
-0.5516366390028893
0.0007376420625851855
0.003218495074159708
1.2159219252070044
0.12126569766120684
0.0038791884231547708
-0.9266585683472133
-0.028035873827858927
1.2525510740413663
0.006525321241006727
-0.031072184196098217
-1.043642700241744
0.09784684428782675
-0.0004721478842592149
-0.0019800071686691487
0.20085788513179648
0.0059322357430893775
0.2545456817509205
0.0
0.0
0.0
0.0
0.0
0.0
0.0
0.0
0.0
0.0
0.0
0.0
0.0
0.0
0.0
0.0
0.0
0.0
0.0
0.0
0.0
0.0
0.0
0.0
0.0
0.0
0.0
0.0
0.0
0.0
0.0
0.0
0.0
0.0
0.0
0.0
0.0
0.0
0.0
0.0
0.0
0.0
0.0
0.0
0.0
0.0
0.0
0.0
0.0
0.0
0.0
0.0
0.0
0.0
0.0
0.0
0.0
0.0
0.0
0.0
0.0
0.0
0.0
0.0
0.0
0.0
0.0
0.0
0.0
0.0
0.0
0.0
0.0
0.0
0.0
0.0
0.0
0.0
0.0
0.0
0.0
0.0
0.0
0.0
0.0
0.0
0.0
0.0
0.0
0.0
0.0
0.0
0.0
0.0
0.0
0.0
0.0
0.0
0.0
0.0
0.0
0.0
0.0
0.0
0.0
0.0
0.0
0.0
0.0
0.0
0.0
0.0
0.0
0.0
0.0
0.0
0.0
0.0
0.0
0.0
0.0
0.0
0.0
0.0
0.0
0.0
0.0
0.0
0.0
0.0
0.0
0.0
0.0
0.0
0.0
1.0769104684108308
-0.22423782289617902
0.0051065105767761675
0.003533154286879887
0.08685132551503578
-0.00882540257283596
-0.003906809352745882
-0.10744964086920802
0.03275391999918716
-0.00901581999775933
-0.001506381272224243
-0.07155218231129445
0.0037365530289458822
0.003052685268367472
0.02434811679660383
1.2071750620026511
-0.001979733846120096
-0.003766382226323738
-0.5568967750719362
0.004410336990999636
0.01196646797398074
1.3547967670726941
0.005190871066277329
0.004184675720690164
-0.9665648667503028
-0.005428224511951422
1.3557585301898305
0.012468171873195287
-0.005391790891361988
-1.0306393850364344
0.08533091500301454
-0.0031117329527453443
-0.007509448239919646
0.19457516523697527
0.0021336052960012186
0.23824777309529474
0.0
0.0
0.0
0.0
0.0
0.0
0.0
0.0
0.0
0.0
0.0
0.0
0.0
0.0
0.0
0.0
0.0
0.0
0.0
0.0
0.0
0.0
0.0
0.0
0.0
0.0
0.0
0.0
0.0
0.0
0.0
0.0
0.0
0.0
0.0
0.0
0.0
0.0
0.0
0.0
0.0
0.0
0.0
0.0
0.0
0.0
0.0
0.0
0.0
0.0
0.0
0.0
0.0
0.0
0.0
0.0
0.0
0.0
0.0
0.0
0.0
0.0
0.0
0.0
0.0
0.0
0.0
0.0
0.0
0.0
0.0
0.0
0.0
0.0
0.0
0.0
0.0
0.0
0.0
0.0
0.0
0.0
0.0
0.0
0.0
0.0
0.0
0.0
0.0
0.0
0.0
0.0
0.0
0.0
0.0
0.0
0.0
0.0
0.0
0.0
0.0
0.0
0.0
0.0
0.0
0.0
0.0
0.0
0.0
0.0
0.0
0.0
0.0
0.0
0.0
0.0
0.0
0.0
0.0
0.0
0.0
0.0
0.0
0.0
0.0
0.0
0.0
0.0
0.0
0.0
0.0
0.0
0.0
0.0
0.0
1.0680797275815777
-0.21519014927789937
-0.005608861879511781
-0.02665394383430345
-0.042530455329662646
0.007840842132089024
0.03645303605458202
0.06470538815374927
0.04003468355860358
0.006889086069054994
0.031052629121204402
0.06366665345596707
-0.002292463055903387
-0.005575219925725381
-0.022886599643980793
1.0288416695313947
0.025289906561799597
0.02928647775323186
-0.5410120067822991
-0.0016888150775170752
0.0007072153304045433
1.2408381205912569
0.11427988953230689
-0.0036295426177649533
-0.93735320533046
-0.037579159759388255
1.2534353052293463
-0.0035093455681600057
-0.03957183940774395
-1.027467758772627
0.0974898556452093
0.0020892102974133598
0.00191017356738204
0.20327069169415735
0.013312279889826265
0.24822231509040457
0.0
0.0
0.0
0.0
0.0
0.0
0.0
0.0
0.0
0.0
0.0
0.0
0.0
0.0
0.0
0.0
0.0
0.0
0.0
0.0
0.0
0.0
0.0
0.0
0.0
0.0
0.0
0.0
0.0
0.0
0.0
0.0
0.0
0.0
0.0
0.0
0.0
0.0
0.0
0.0
0.0
0.0
0.0
0.0
0.0
0.0
0.0
0.0
0.0
0.0
0.0
0.0
0.0
0.0
0.0
0.0
0.0
0.0
0.0
0.0
0.0
0.0
0.0
0.0
0.0
0.0
0.0
0.0
0.0
0.0
0.0
0.0
0.0
0.0
0.0
0.0
0.0
0.0
0.0
0.0
0.0
0.0
0.0
0.0
0.0
0.0
0.0
0.0
0.0
0.0
0.0
0.0
0.0
0.0
0.0
0.0
0.0
0.0
0.0
0.0
0.0
0.0
0.0
0.0
0.0
0.0
0.0
0.0
0.0
0.0
0.0
0.0
0.0
0.0
0.0
0.0
0.0
0.0
0.0
0.0
0.0
0.0
0.0
0.0
0.0
0.0
0.0
0.0
0.0
0.0
0.0
0.0
0.0
0.0
0.0
1.0850739046177642
-0.24904364595650363
-0.00018246820816171668
-0.0008685468852922781
-0.00213866502060069
0.0010828999709877785
0.000940995633530441
0.006367331419300305
0.02917617924695044
0.0020092057523020497
0.00032196951517991193
0.013108683682226804
0.0001006079302613052
-0.0005729546461865434
-0.004987280084538137
1.2310838313889871
0.004499012739760213
0.032712647943560755
-0.6361022599090846
-0.007012800661131498
-0.045287346521362515
1.3504634866589902
0.004174128129819119
-0.00669537526940121
-0.9755875171161188
-0.003430496563043705
1.4409996691527867
-0.0436538760103596
-0.0034280988420037654
-1.1960885416230898
0.10181041713883451
0.004232068160552514
0.028063433760962854
0.19490273485421855
0.0024387131395352552
0.2762862171653976
0.0
0.0
0.0
0.0
0.0
0.0
0.0
0.0
0.0
0.0
0.0
0.0
0.0
0.0
0.0
0.0
0.0
0.0
0.0
0.0
0.0
0.0
0.0
0.0
0.0
0.0
0.0
0.0
0.0
0.0
0.0
0.0
0.0
0.0
0.0
0.0
0.0
0.0
0.0
0.0
0.0
0.0
0.0
0.0
0.0
0.0
0.0
0.0
0.0
0.0
0.0
0.0
0.0
0.0
0.0
0.0
0.0
0.0
0.0
0.0
0.0
0.0
0.0
0.0
0.0
0.0
0.0
0.0
0.0
0.0
0.0
0.0
0.0
0.0
0.0
0.0
0.0
0.0
0.0
0.0
0.0
0.0
0.0
0.0
0.0
0.0
0.0
0.0
0.0
0.0
0.0
0.0
0.0
0.0
0.0
0.0
0.0
0.0
0.0
0.0
0.0
0.0
0.0
0.0
0.0
0.0
0.0
0.0
0.0
0.0
0.0
0.0
0.0
0.0
0.0
0.0
0.0
0.0
0.0
0.0
0.0
0.0
0.0
0.0
0.0
0.0
0.0
0.0
0.0
0.0
0.0
0.0
0.0
0.0
0.0
1.0681709114119384
-0.21260640918483906
-0.008628366241125996
0.031066014533367322
-0.03506094576866513
0.013559004508740733
-0.04479895830402897
0.058724549041775397
0.0423869722707248
0.014705447772765844
-0.04430568371469574
0.06509267073250607
-0.0029990119256884293
0.005607475495540661
-0.02365138406891076
1.0878759527483928
0.00031941246984516737
0.027711411928936544
-0.505640626331464
0.010356553784827761
-0.004308270603232962
1.2104550510448067
-0.17384896668024563
0.009105354519593312
-0.9363339140643344
0.031363087669610566
1.212190330694498
-0.009346053001856989
0.03605877281876348
-1.058554828550897
0.09475507108084988
-0.0036894297213721427
0.0028595483768594993
0.2021350349676147
-0.006073793628680775
0.25905577773074995
0.0
0.0
0.0
0.0
0.0
0.0
0.0
0.0
0.0
0.0
0.0
0.0
0.0
0.0
0.0
0.0
0.0
0.0
0.0
0.0
0.0
0.0
0.0
0.0
0.0
0.0
0.0
0.0
0.0
0.0
0.0
0.0
0.0
0.0
0.0
0.0
0.0
0.0
0.0
0.0
0.0
0.0
0.0
0.0
0.0
0.0
0.0
0.0
0.0
0.0
0.0
0.0
0.0
0.0
0.0
0.0
0.0
0.0
0.0
0.0
0.0
0.0
0.0
0.0
0.0
0.0
0.0
0.0
0.0
0.0
0.0
0.0
0.0
0.0
0.0
0.0
0.0
0.0
0.0
0.0
0.0
0.0
0.0
0.0
0.0
0.0
0.0
0.0
0.0
0.0
0.0
0.0
0.0
0.0
0.0
0.0
0.0
0.0
0.0
0.0
0.0
0.0
0.0
0.0
0.0
0.0
0.0
0.0
0.0
0.0
0.0
0.0
0.0
0.0
0.0
0.0
0.0
0.0
0.0
0.0
0.0
0.0
0.0
0.0
0.0
0.0
0.0
0.0
0.0
0.0
0.0
0.0
0.0
0.0
0.0
1.0774514962366855
-0.22525579151386158
-0.002911530184501497
-0.005260898632224205
-0.08358964463439889
0.004002244732999112
0.005929348380722474
0.10831231600849045
0.03346904096444918
0.0033951382529255063
0.0025559000580213523
0.07967923492935855
-0.0005212900282097813
-0.0020233220485987736
-0.026464995613911718
1.2101885326179835
-0.004922623183422042
0.005374532538362951
-0.5660497452449231
0.007558867643977608
-0.012788014202852178
1.3592375297401587
0.006538260774078613
0.0072682703780291655
-0.9714360219641285
-0.006592430019204962
1.3662092116195135
-0.012255380581865299
-0.006636382095406394
-1.0294671146792633
0.08691021775415199
-0.004365558132337377
0.008050656757114052
0.1963316826604835
0.00545400198686911
0.2390765700784556
0.0
0.0
0.0
0.0
0.0
0.0
0.0
0.0
0.0
0.0
0.0
0.0
0.0
0.0
0.0
0.0
0.0
0.0
0.0
0.0
0.0
0.0
0.0
0.0
0.0
0.0
0.0
0.0
0.0
0.0
0.0
0.0
0.0
0.0
0.0
0.0
0.0
0.0
0.0
0.0
0.0
0.0
0.0
0.0
0.0
0.0
0.0
0.0
0.0
0.0
0.0
0.0
0.0
0.0
0.0
0.0
0.0
0.0
0.0
0.0
0.0
0.0
0.0
0.0
0.0
0.0
0.0
0.0
0.0
0.0
0.0
0.0
0.0
0.0
0.0
0.0
0.0
0.0
0.0
0.0
0.0
0.0
0.0
0.0
0.0
0.0
0.0
0.0
0.0
0.0
0.0
0.0
0.0
0.0
0.0
0.0
0.0
0.0
0.0
0.0
0.0
0.0
0.0
0.0
0.0
0.0
0.0
0.0
0.0
0.0
0.0
0.0
0.0
0.0
0.0
0.0
0.0
0.0
0.0
0.0
0.0
0.0
0.0
0.0
0.0
0.0
0.0
0.0
0.0
0.0
0.0
0.0
0.0
0.0
0.0
1.0636601398493009
-0.19369501828746888
0.16953108497454467
0.07501785694612724
-0.002307189876649309
-0.23197672595632493
-0.09877353971718537
0.0033859476850091334
0.028001398045971557
-0.21899889345793108
-0.07722447370603942
0.0037089040654518066
0.10828883223465746
0.049735742461598724
-0.00022803277042115328
1.0970010702896817
0.06625353585886298
-0.021928576439039713
-0.7738979985333594
-0.10107764844741343
0.0021632728061399898
1.2671027369105077
0.01817954686697219
-0.09662532099719884
-0.9698904808179921
-0.0035814406956283756
0.7163496886892065
0.0021697152702443664
-0.0035451367410000425
-0.5064269695578731
0.16544217103421688
0.0711392788931353
0.000585126956526394
0.2066083726224075
0.0012503651761360856
0.10757852508208302
0.0
0.0
0.0
0.0
0.0
0.0
0.0
0.0
0.0
0.0
0.0
0.0
0.0
0.0
0.0
0.0
0.0
0.0
0.0
0.0
0.0
0.0
0.0
0.0
0.0
0.0
0.0
0.0
0.0
0.0
0.0
0.0
0.0
0.0
0.0
0.0
0.0
0.0
0.0
0.0
0.0
0.0
0.0
0.0
0.0
0.0
0.0
0.0
0.0
0.0
0.0
0.0
0.0
0.0
0.0
0.0
0.0
0.0
0.0
0.0
0.0
0.0
0.0
0.0
0.0
0.0
0.0
0.0
0.0
0.0
0.0
0.0
0.0
0.0
0.0
0.0
0.0
0.0
0.0
0.0
0.0
0.0
0.0
0.0
0.0
0.0
0.0
0.0
0.0
0.0
0.0
0.0
0.0
0.0
0.0
0.0
0.0
0.0
0.0
0.0
0.0
0.0
0.0
0.0
0.0
0.0
0.0
0.0
0.0
0.0
0.0
0.0
0.0
0.0
0.0
0.0
0.0
0.0
0.0
0.0
0.0
0.0
0.0
0.0
0.0
0.0
0.0
0.0
0.0
0.0
0.0
0.0
0.0
0.0
0.0
1.0680456751791412
-0.18574757185954577
0.17249608802778185
0.05955118580404692
0.00011429885395053266
-0.23967718612053107
-0.06456709615469232
-0.0010269690135752572
0.02600452204720616
-0.19739155363608143
-0.021534845643279444
-0.0015283826709864242
0.0958125186161588
0.023418526962505497
-0.0002842023543015706
1.2381137318561195
0.059257213824364656
-0.0008801046875886538
-0.7028392016331788
-0.02820164327254985
0.0026174527314876354
1.3415279464805279
-0.0024993422252698825
-0.023121738039290553
-1.021469851151596
0.00862049829034243
1.156511605703681
0.0027768283424145727
0.00871564317822847
-0.46677181969592924
0.14205355091056412
0.03253873343254936
-0.0012198815905008263
0.22057422732041254
-0.0033143807558661024
0.07546695803659552
0.0
0.0
0.0
0.0
0.0
0.0
0.0
0.0
0.0
0.0
0.0
0.0
0.0
0.0
0.0
0.0
0.0
0.0
0.0
0.0
0.0
0.0
0.0
0.0
0.0
0.0
0.0
0.0
0.0
0.0
0.0
0.0
0.0
0.0
0.0
0.0
0.0
0.0
0.0
0.0
0.0
0.0
0.0
0.0
0.0
0.0
0.0
0.0
0.0
0.0
0.0
0.0
0.0
0.0
0.0
0.0
0.0
0.0
0.0
0.0
0.0
0.0
0.0
0.0
0.0
0.0
0.0
0.0
0.0
0.0
0.0
0.0
0.0
0.0
0.0
0.0
0.0
0.0
0.0
0.0
0.0
0.0
0.0
0.0
0.0
0.0
0.0
0.0
0.0
0.0
0.0
0.0
0.0
0.0
0.0
0.0
0.0
0.0
0.0
0.0
0.0
0.0
0.0
0.0
0.0
0.0
0.0
0.0
0.0
0.0
0.0
0.0
0.0
0.0
0.0
0.0
0.0
0.0
0.0
0.0
0.0
0.0
0.0
0.0
0.0
0.0
0.0
0.0
0.0
0.0
0.0
0.0
0.0
0.0
0.0
1.0624845322480625
-0.18828598070420366
0.17098533180918202
-0.06595348095121284
-0.004637122148000295
-0.23886112302287277
0.08787698913408441
0.002182701540094245
0.028010707516437326
-0.2294862180196362
0.07080449350155413
-0.00386278276725646
0.11041909448486495
-0.04380820633978963
0.002526386984787424
1.1182018193784264
-0.05926124002069586
-0.012941052844805633
-0.7737847804845
0.09363063695018922
0.000592578440004204
1.253663415933282
-0.04240995360556178
0.08962450915187242
-0.9455359604985503
0.006629737725739951
0.7124943574512579
-0.000850730779439145
0.0051755627765382
-0.48630647101067814
0.16556603364627978
-0.06375691183637697
0.002093427064619141
0.1978149213151305
0.00011829114107434587
0.10510315244615476
0.0
0.0
0.0
0.0
0.0
0.0
0.0
0.0
0.0
0.0
0.0
0.0
0.0
0.0
0.0
0.0
0.0
0.0
0.0
0.0
0.0
0.0
0.0
0.0
0.0
0.0
0.0
0.0
0.0
0.0
0.0
0.0
0.0
0.0
0.0
0.0
0.0
0.0
0.0
0.0
0.0
0.0
0.0
0.0
0.0
0.0
0.0
0.0
0.0
0.0
0.0
0.0
0.0
0.0
0.0
0.0
0.0
0.0
0.0
0.0
0.0
0.0
0.0
0.0
0.0
0.0
0.0
0.0
0.0
0.0
0.0
0.0
0.0
0.0
0.0
0.0
0.0
0.0
0.0
0.0
0.0
0.0
0.0
0.0
0.0
0.0
0.0
0.0
0.0
0.0
0.0
0.0
0.0
0.0
0.0
0.0
0.0
0.0
0.0
0.0
0.0
0.0
0.0
0.0
0.0
0.0
0.0
0.0
0.0
0.0
0.0
0.0
0.0
0.0
0.0
0.0
0.0
0.0
0.0
0.0
0.0
0.0
0.0
0.0
0.0
0.0
0.0
0.0
0.0
0.0
0.0
0.0
0.0
0.0
0.0
1.0678400366292982
-0.18662018252260407
0.1779978133713855
-0.058289706327495715
-0.008714775176773399
-0.2487573898510585
0.06382787414564163
0.012426712236695878
0.026175158351526517
-0.20952817800595216
0.023104411329885062
0.011661674511264817
0.10058899009551721
-0.022255055481242285
-0.00421156852845537
1.2433774496366532
-0.0625248031967725
-0.012348916934144603
-0.7339317353097181
0.02968972542939702
0.018361131977892662
1.3276086565175744
0.006243397328147312
0.024801754078465233
-1.003989332649271
-0.00836867906673807
1.1525502949054496
0.018528686104590783
-0.009139511888695488
-0.48420340704148024
0.14979742402070212
-0.03326829075781036
-0.008384269722922055
0.21386700354920096
0.006494094077549585
0.07863938259596719
0.0
0.0
0.0
0.0
0.0
0.0
0.0
0.0
0.0
0.0
0.0
0.0
0.0
0.0
0.0
0.0
0.0
0.0
0.0
0.0
0.0
0.0
0.0
0.0
0.0
0.0
0.0
0.0
0.0
0.0
0.0
0.0
0.0
0.0
0.0
0.0
0.0
0.0
0.0
0.0
0.0
0.0
0.0
0.0
0.0
0.0
0.0
0.0
0.0
0.0
0.0
0.0
0.0
0.0
0.0
0.0
0.0
0.0
0.0
0.0
0.0
0.0
0.0
0.0
0.0
0.0
0.0
0.0
0.0
0.0
0.0
0.0
0.0
0.0
0.0
0.0
0.0
0.0
0.0
0.0
0.0
0.0
0.0
0.0
0.0
0.0
0.0
0.0
0.0
0.0
0.0
0.0
0.0
0.0
0.0
0.0
0.0
0.0
0.0
0.0
0.0
0.0
0.0
0.0
0.0
0.0
0.0
0.0
0.0
0.0
0.0
0.0
0.0
0.0
0.0
0.0
0.0
0.0
0.0
0.0
0.0
0.0
0.0
0.0
0.0
0.0
0.0
0.0
0.0
0.0
0.0
0.0
0.0
0.0
0.0
1.0694039452058648
-0.230910225504986
0.040497461331127055
-0.017021750428320877
0.0005320587803931955
-0.049788372891088215
0.01998047941580795
0.0006323210624761628
0.027506209261603763
-0.03355398499134718
0.012367512231219322
0.00299179936638391
0.014591445729564438
-0.0022033100447316715
-0.0003038658740936216
1.342342460265239
0.02886428477490664
0.013071448698670274
-1.144252484854419
-0.0014720140711364411
-0.0027760874716232274
1.2397897285793162
0.014634997247582965
2.8312463479534112e-05
-0.853852852910193
-0.005993448281182008
1.0015928592059897
-0.0015713282284214487
-0.006206060935529585
-0.593891001329806
0.2702160877423499
-0.006037960144105721
0.0013436776204608246
0.1696984907097394
0.0005905935341796772
0.11014160338290942
0.0
0.0
0.0
0.0
0.0
0.0
0.0
0.0
0.0
0.0
0.0
0.0
0.0
0.0
0.0
0.0
0.0
0.0
0.0
0.0
0.0
0.0
0.0
0.0
0.0
0.0
0.0
0.0
0.0
0.0
0.0
0.0
0.0
0.0
0.0
0.0
0.0
0.0
0.0
0.0
0.0
0.0
0.0
0.0
0.0
0.0
0.0
0.0
0.0
0.0
0.0
0.0
0.0
0.0
0.0
0.0
0.0
0.0
0.0
0.0
0.0
0.0
0.0
0.0
0.0
0.0
0.0
0.0
0.0
0.0
0.0
0.0
0.0
0.0
0.0
0.0
0.0
0.0
0.0
0.0
0.0
0.0
0.0
0.0
0.0
0.0
0.0
0.0
0.0
0.0
0.0
0.0
0.0
0.0
0.0
0.0
0.0
0.0
0.0
0.0
0.0
0.0
0.0
0.0
0.0
0.0
0.0
0.0
0.0
0.0
0.0
0.0
0.0
0.0
0.0
0.0
0.0
0.0
0.0
0.0
0.0
0.0
0.0
0.0
0.0
0.0
0.0
0.0
0.0
0.0
0.0
0.0
0.0
0.0
0.0
1.0721407338392095
-0.217974952466168
0.047364159718061176
0.01821312042179746
-0.0021454373531610955
-0.04813081769465427
-0.015334748756281097
0.003448887166204308
0.025216612856446097
-0.011558723564768357
0.003735389232550003
0.003381802543845387
0.005579241259481233
0.00040385846916343596
-0.0008324142850035623
1.3887591451252685
-0.06933076868822662
0.0029310008769110473
-1.0965630350608921
0.04720097444361016
-0.004103607667649806
1.2655524044724744
-0.0030573298487224006
0.047433360412196486
-0.8137150311112515
0.004711286407214689
1.1952394025095538
-0.0036273302377960812
0.005447240490653881
-0.5546061501592929
0.24580281956662
-0.027029458672415914
0.0016072769452910736
0.15027735271655107
-0.0025741462114945617
0.08139214543292457
0.0
0.0
0.0
0.0
0.0
0.0
0.0
0.0
0.0
0.0
0.0
0.0
0.0
0.0
0.0
0.0
0.0
0.0
0.0
0.0
0.0
0.0
0.0
0.0
0.0
0.0
0.0
0.0
0.0
0.0
0.0
0.0
0.0
0.0
0.0
0.0
0.0
0.0
0.0
0.0
0.0
0.0
0.0
0.0
0.0
0.0
0.0
0.0
0.0
0.0
0.0
0.0
0.0
0.0
0.0
0.0
0.0
0.0
0.0
0.0
0.0
0.0
0.0
0.0
0.0
0.0
0.0
0.0
0.0
0.0
0.0
0.0
0.0
0.0
0.0
0.0
0.0
0.0
0.0
0.0
0.0
0.0
0.0
0.0
0.0
0.0
0.0
0.0
0.0
0.0
0.0
0.0
0.0
0.0
0.0
0.0
0.0
0.0
0.0
0.0
0.0
0.0
0.0
0.0
0.0
0.0
0.0
0.0
0.0
0.0
0.0
0.0
0.0
0.0
0.0
0.0
0.0
0.0
0.0
0.0
0.0
0.0
0.0
0.0
0.0
0.0
0.0
0.0
0.0
0.0
0.0
0.0
0.0
0.0
0.0
1.0659886835935477
-0.22389644812949788
-0.046906353109523916
0.0042648849422018895
-0.00593715409093256
0.054475805274821223
-0.005193009309928908
0.007712073468446869
0.028998827817099497
0.033085834146369675
-0.002949938154256721
0.007104398324209933
-0.018482840720613396
-0.0028669335028550414
-0.0012745185321649832
1.264567583840741
-0.005524065962510691
-0.010683345743704506
-1.0477828525234785
-0.028887995592241214
0.0026496536976802036
1.2608743792632184
-0.0028352679449500477
-0.030823485124386225
-0.9054539657326991
0.007308383958963346
1.0534741585567846
0.001172856850654845
0.007772035082370406
-0.5589081557060949
0.24876008462685764
0.025951256749363417
-0.0015276497660027142
0.1798907545401316
-0.0028029290003380803
0.10055993248225462
0.0
0.0
0.0
0.0
0.0
0.0
0.0
0.0
0.0
0.0
0.0
0.0
0.0
0.0
0.0
0.0
0.0
0.0
0.0
0.0
0.0
0.0
0.0
0.0
0.0
0.0
0.0
0.0
0.0
0.0
0.0
0.0
0.0
0.0
0.0
0.0
0.0
0.0
0.0
0.0
0.0
0.0
0.0
0.0
0.0
0.0
0.0
0.0
0.0
0.0
0.0
0.0
0.0
0.0
0.0
0.0
0.0
0.0
0.0
0.0
0.0
0.0
0.0
0.0
0.0
0.0
0.0
0.0
0.0
0.0
0.0
0.0
0.0
0.0
0.0
0.0
0.0
0.0
0.0
0.0
0.0
0.0
0.0
0.0
0.0
0.0
0.0
0.0
0.0
0.0
0.0
0.0
0.0
0.0
0.0
0.0
0.0
0.0
0.0
0.0
0.0
0.0
0.0
0.0
0.0
0.0
0.0
0.0
0.0
0.0
0.0
0.0
0.0
0.0
0.0
0.0
0.0
0.0
0.0
0.0
0.0
0.0
0.0
0.0
0.0
0.0
0.0
0.0
0.0
0.0
0.0
0.0
0.0
0.0
0.0
1.071976456533444
-0.22062749400218257
0.0033033658309385575
-0.03324964784704979
-0.003855033372988048
0.007115854676433187
0.03337632472043556
0.005920918053267485
0.02502271852077617
0.025654256203116337
0.006480128170474598
0.005840100964234498
-0.01635402097963197
-0.006408580620288901
-0.0024959264510839084
1.3794819718620421
0.09111911004434212
0.005689483566439728
-1.084827428767853
-0.06616172294235148
-0.008252861647533135
1.2714525476558207
0.003864073010400282
-0.06627290818790611
-0.8339758544691531
-0.004957810859506785
1.1978725614918349
-0.008193253223683961
-0.006054842892572533
-0.5743429813822594
0.2396427134969337
0.038956802610785025
0.004325985055461346
0.15698533168571727
0.0036768912933089885
0.0862161567686473
0.0
0.0
0.0
0.0
0.0
0.0
0.0
0.0
0.0
0.0
0.0
0.0
0.0
0.0
0.0
0.0
0.0
0.0
0.0
0.0
0.0
0.0
0.0
0.0
0.0
0.0
0.0
0.0
0.0
0.0
0.0
0.0
0.0
0.0
0.0
0.0
0.0
0.0
0.0
0.0
0.0
0.0
0.0
0.0
0.0
0.0
0.0
0.0
0.0
0.0
0.0
0.0
0.0
0.0
0.0
0.0
0.0
0.0
0.0
0.0
0.0
0.0
0.0
0.0
0.0
0.0
0.0
0.0
0.0
0.0
0.0
0.0
0.0
0.0
0.0
0.0
0.0
0.0
0.0
0.0
0.0
0.0
0.0
0.0
0.0
0.0
0.0
0.0
0.0
0.0
0.0
0.0
0.0
0.0
0.0
0.0
0.0
0.0
0.0
0.0
0.0
0.0
0.0
0.0
0.0
0.0
0.0
0.0
0.0
0.0
0.0
0.0
0.0
0.0
0.0
0.0
0.0
0.0
0.0
0.0
0.0
0.0
0.0
0.0
0.0
0.0
0.0
0.0
0.0
0.0
0.0
0.0
0.0
0.0
0.0
1.0805146695042709
-0.24419487758224448
0.06574737770584446
0.003783821263887865
0.055224675361982
-0.09282966581535158
-0.005046976486644463
-0.06959816407649433
0.027142380320206393
-0.08151493191213385
-0.00403866769542107
-0.05023863420649929
0.036594956762134076
0.0022458114985782654
0.030180715500700787
1.2293969492661545
0.00023144119060309313
0.046369618233045834
-0.7123413195346804
-0.000913469208054411
-0.05752079718602435
1.3578064052761756
-0.00024465495092108674
-0.0009131862713207973
-1.0098197260681374
0.0020143688231416563
1.374879944224818
-0.056735779958315066
0.0020016451772926695
-1.0800872289285675
0.11674426494584669
0.0005657157295110636
0.041740755378314676
0.20413138010460746
-0.0014564447287975933
0.236857638716382
0.0
0.0
0.0
0.0
0.0
0.0
0.0
0.0
0.0
0.0
0.0
0.0
0.0
0.0
0.0
0.0
0.0
0.0
0.0
0.0
0.0
0.0
0.0
0.0
0.0
0.0
0.0
0.0
0.0
0.0
0.0
0.0
0.0
0.0
0.0
0.0
0.0
0.0
0.0
0.0
0.0
0.0
0.0
0.0
0.0
0.0
0.0
0.0
0.0
0.0
0.0
0.0
0.0
0.0
0.0
0.0
0.0
0.0
0.0
0.0
0.0
0.0
0.0
0.0
0.0
0.0
0.0
0.0
0.0
0.0
0.0
0.0
0.0
0.0
0.0
0.0
0.0
0.0
0.0
0.0
0.0
0.0
0.0
0.0
0.0
0.0
0.0
0.0
0.0
0.0
0.0
0.0
0.0
0.0
0.0
0.0
0.0
0.0
0.0
0.0
0.0
0.0
0.0
0.0
0.0
0.0
0.0
0.0
0.0
0.0
0.0
0.0
0.0
0.0
0.0
0.0
0.0
0.0
0.0
0.0
0.0
0.0
0.0
0.0
0.0
0.0
0.0
0.0
0.0
0.0
0.0
0.0
0.0
0.0
0.0
1.0703221194717392
-0.22455483882583493
0.03003361386135973
0.030014794849815347
0.012738347029656434
-0.05258651163721503
-0.020902049945157833
-0.016030316607154836
0.031443393684816974
-0.059690770942669
0.014143801321291605
-0.010995110750322869
0.015145019106831022
-0.006134471291559619
0.009620252740537797
1.1800112835962588
0.058661226380726336
-0.008705760174698866
-0.5561388493103178
-0.034080677019742475
-0.0065329503650130814
1.2508121555515785
0.08202929880893597
-0.03184731094874776
-0.9199852314226411
-0.001577039850775295
1.3108688545865215
-0.005343647890948749
-0.004397050546266181
-1.0904496841556242
0.09399034269847263
0.017417402500051908
0.012457789723651025
0.1925392086108332
-0.007358177475282052
0.25328716235921844
0.0
0.0
0.0
0.0
0.0
0.0
0.0
0.0
0.0
0.0
0.0
0.0
0.0
0.0
0.0
0.0
0.0
0.0
0.0
0.0
0.0
0.0
0.0
0.0
0.0
0.0
0.0
0.0
0.0
0.0
0.0
0.0
0.0
0.0
0.0
0.0
0.0
0.0
0.0
0.0
0.0
0.0
0.0
0.0
0.0
0.0
0.0
0.0
0.0
0.0
0.0
0.0
0.0
0.0
0.0
0.0
0.0
0.0
0.0
0.0
0.0
0.0
0.0
0.0
0.0
0.0
0.0
0.0
0.0
0.0
0.0
0.0
0.0
0.0
0.0
0.0
0.0
0.0
0.0
0.0
0.0
0.0
0.0
0.0
0.0
0.0
0.0
0.0
0.0
0.0
0.0
0.0
0.0
0.0
0.0
0.0
0.0
0.0
0.0
0.0
0.0
0.0
0.0
0.0
0.0
0.0
0.0
0.0
0.0
0.0
0.0
0.0
0.0
0.0
0.0
0.0
0.0
0.0
0.0
0.0
0.0
0.0
0.0
0.0
0.0
0.0
0.0
0.0
0.0
0.0
0.0
0.0
0.0
0.0
0.0
1.0774416947247516
-0.24368344095785271
0.037465159083203234
0.0003100849666628811
0.007853030383074241
-0.05235910987350598
-0.00012849463886592874
-0.0029512400176002346
0.02636848403366722
-0.04632750257717046
0.0005598433219922224
0.007766649494161027
0.020277456814280517
-0.0002992136145876167
-0.0014255212679757452
1.188374295394698
0.000924026211216349
0.02602540460526916
-0.6760480382684484
0.0017759671742713107
-0.04036879358354614
1.3198418310925668
-0.003369079138497137
0.0016678191139879554
-0.9238754630583141
7.481407064033893e-05
1.3876033986830532
-0.03864417742504481
0.00025039443389375407
-1.1689612498488056
0.10838598728688995
-0.00029630170935004936
0.027481025429267957
0.18267544696825722
0.00038217762862454053
0.2687227253693023
0.0
0.0
0.0
0.0
0.0
0.0
0.0
0.0
0.0
0.0
0.0
0.0
0.0
0.0
0.0
0.0
0.0
0.0
0.0
0.0
0.0
0.0
0.0
0.0
0.0
0.0
0.0
0.0
0.0
0.0
0.0
0.0
0.0
0.0
0.0
0.0
0.0
0.0
0.0
0.0
0.0
0.0
0.0
0.0
0.0
0.0
0.0
0.0
0.0
0.0
0.0
0.0
0.0
0.0
0.0
0.0
0.0
0.0
0.0
0.0
0.0
0.0
0.0
0.0
0.0
0.0
0.0
0.0
0.0
0.0
0.0
0.0
0.0
0.0
0.0
0.0
0.0
0.0
0.0
0.0
0.0
0.0
0.0
0.0
0.0
0.0
0.0
0.0
0.0
0.0
0.0
0.0
0.0
0.0
0.0
0.0
0.0
0.0
0.0
0.0
0.0
0.0
0.0
0.0
0.0
0.0
0.0
0.0
0.0
0.0
0.0
0.0
0.0
0.0
0.0
0.0
0.0
0.0
0.0
0.0
0.0
0.0
0.0
0.0
0.0
0.0
0.0
0.0
0.0
0.0
0.0
0.0
0.0
0.0
0.0
1.072465515505868
-0.22715481984072694
0.06590493111261346
-0.056462507605730405
0.08267340032523007
-0.09691596920500856
0.056834810834772945
-0.10731660568982254
0.029003392854765386
-0.09271397497867462
0.00805050096576087
-0.08495677685272049
0.036928173026781856
-0.00894710764975506
0.05114746336966224
1.1802486063611584
-0.08689075868961836
-0.004431376579110554
-0.6427744636404429
0.03762733405549676
-0.027259913270437423
1.2827770312616649
-0.11760197469719093
0.037708522594293935
-1.000757535158185
0.03700078972185915
1.299896804032807
-0.024746384543876634
0.03811080059423368
-0.9998330970185895
0.10673659034501627
-0.024581366609772712
0.0295663168001761
0.21673928002173076
-0.019150447297254243
0.22120228453241886
0.0
0.0
0.0
0.0
0.0
0.0
0.0
0.0
0.0
0.0
0.0
0.0
0.0
0.0
0.0
0.0
0.0
0.0
0.0
0.0
0.0
0.0
0.0
0.0
0.0
0.0
0.0
0.0
0.0
0.0
0.0
0.0
0.0
0.0
0.0
0.0
0.0
0.0
0.0
0.0
0.0
0.0
0.0
0.0
0.0
0.0
0.0
0.0
0.0
0.0
0.0
0.0
0.0
0.0
0.0
0.0
0.0
0.0
0.0
0.0
0.0
0.0
0.0
0.0
0.0
0.0
0.0
0.0
0.0
0.0
0.0
0.0
0.0
0.0
0.0
0.0
0.0
0.0
0.0
0.0
0.0
0.0
0.0
0.0
0.0
0.0
0.0
0.0
0.0
0.0
0.0
0.0
0.0
0.0
0.0
0.0
0.0
0.0
0.0
0.0
0.0
0.0
0.0
0.0
0.0
0.0
0.0
0.0
0.0
0.0
0.0
0.0
0.0
0.0
0.0
0.0
0.0
0.0
0.0
0.0
0.0
0.0
0.0
0.0
0.0
0.0
0.0
0.0
0.0
0.0
0.0
0.0
0.0
0.0
0.0
1.0751452674637783
-0.23431417456465126
0.03748245185119138
-0.003951722482426321
-0.0682352620118119
-0.05493959450771462
0.0037572218463103758
0.07309645082130585
0.027675304805153955
-0.04984177224154593
0.0003679486780209829
0.03242536364179585
0.018881305154329675
-0.0012655476799392387
-0.02016136894415444
1.2073520877793118
-0.0010502059007810006
-0.02146237594515978
-0.6260822273909914
0.0025085620512886823
0.03562612025873367
1.3330288465913147
0.004057550395233037
0.002453766423711734
-0.9570817660657519
-0.008453213400562721
1.3406226724238968
0.03252045202165765
-0.008366133225285127
-1.0898425622268542
0.09948578284819158
-0.0013777997985807769
-0.0258586864248092
0.19111292446307193
0.005517443880171825
0.2460835069453764
0.0
0.0
0.0
0.0
0.0
0.0
0.0
0.0
0.0
0.0
0.0
0.0
0.0
0.0
0.0
0.0
0.0
0.0
0.0
0.0
0.0
0.0
0.0
0.0
0.0
0.0
0.0
0.0
0.0
0.0
0.0
0.0
0.0
0.0
0.0
0.0
0.0
0.0
0.0
0.0
0.0
0.0
0.0
0.0
0.0
0.0
0.0
0.0
0.0
0.0
0.0
0.0
0.0
0.0
0.0
0.0
0.0
0.0
0.0
0.0
0.0
0.0
0.0
0.0
0.0
0.0
0.0
0.0
0.0
0.0
0.0
0.0
0.0
0.0
0.0
0.0
0.0
0.0
0.0
0.0
0.0
0.0
0.0
0.0
0.0
0.0
0.0
0.0
0.0
0.0
0.0
0.0
0.0
0.0
0.0
0.0
0.0
0.0
0.0
0.0
0.0
0.0
0.0
0.0
0.0
0.0
0.0
0.0
0.0
0.0
0.0
0.0
0.0
0.0
0.0
0.0
0.0
0.0
0.0
0.0
0.0
0.0
0.0
0.0
0.0
0.0
0.0
0.0
0.0
0.0
0.0
0.0
0.0
0.0
0.0
1.0775754390992671
-0.24428053487555992
0.05045844249849236
0.04399854345645457
-0.016804135284466476
-0.0756870499660745
-0.038025855134814726
0.032874345972632134
0.02876842733265095
-0.07203103172774952
0.005182087545745152
0.043550428744754614
0.030739784498640663
0.0008128105218196152
-0.02942264420386852
1.21071045168866
0.06859499553666112
-0.016952389551121612
-0.6703920811546173
-0.037167488581410446
0.039917603346204554
1.2937942141279946
-0.09668114509059131
-0.03563886208737886
-1.021801817949807
0.017286059593867028
1.350222294997494
0.04004357351906579
0.018469604262125232
-1.0934986281140269
0.11111686675507425
0.021838397895218832
-0.031759516714344814
0.2202884154437281
-0.003123983822777031
0.24862076272233266
0.0
0.0
0.0
0.0
0.0
0.0
0.0
0.0
0.0
0.0
0.0
0.0
0.0
0.0
0.0
0.0
0.0
0.0
0.0
0.0
0.0
0.0
0.0
0.0
0.0
0.0
0.0
0.0
0.0
0.0
0.0
0.0
0.0
0.0
0.0
0.0
0.0
0.0
0.0
0.0
0.0
0.0
0.0
0.0
0.0
0.0
0.0
0.0
0.0
0.0
0.0
0.0
0.0
0.0
0.0
0.0
0.0
0.0
0.0
0.0
0.0
0.0
0.0
0.0
0.0
0.0
0.0
0.0
0.0
0.0
0.0
0.0
0.0
0.0
0.0
0.0
0.0
0.0
0.0
0.0
0.0
0.0
0.0
0.0
0.0
0.0
0.0
0.0
0.0
0.0
0.0
0.0
0.0
0.0
0.0
0.0
0.0
0.0
0.0
0.0
0.0
0.0
0.0
0.0
0.0
0.0
0.0
0.0
0.0
0.0
0.0
0.0
0.0
0.0
0.0
0.0
0.0
0.0
0.0
0.0
0.0
0.0
0.0
0.0
0.0
0.0
0.0
0.0
0.0
0.0
0.0
0.0
0.0
0.0
0.0
1.0768559642987963
-0.2352892946145737
0.06647067510942543
0.005548205532071301
-0.09455941359779327
-0.09355629406409782
-0.006201197775184852
0.11088954437194948
0.025343594650496744
-0.0822509144631136
-0.0026326026632907096
0.06565375357814165
0.03533917893238929
0.0023131356363474214
-0.04163015248271652
1.2106253786404282
0.0033906638217631267
-0.026837397679070632
-0.6835618214879493
-0.0020511740449883488
0.03593707195736798
1.3594941680491548
-0.0096771877138175
-0.0020394320714687076
-1.0107869630627155
0.010821226037685597
1.3424198484661223
0.03299691266103297
0.01084492293040857
-1.0171681418632443
0.10983261008290959
0.0016537550576444875
-0.031026605383766316
0.20597386315261135
-0.007536491517493253
0.2161452608783863
0.0
0.0
0.0
0.0
0.0
0.0
0.0
0.0
0.0
0.0
0.0
0.0
0.0
0.0
0.0
0.0
0.0
0.0
0.0
0.0
0.0
0.0
0.0
0.0
0.0
0.0
0.0
0.0
0.0
0.0
0.0
0.0
0.0
0.0
0.0
0.0
0.0
0.0
0.0
0.0
0.0
0.0
0.0
0.0
0.0
0.0
0.0
0.0
0.0
0.0
0.0
0.0
0.0
0.0
0.0
0.0
0.0
0.0
0.0
0.0
0.0
0.0
0.0
0.0
0.0
0.0
0.0
0.0
0.0
0.0
0.0
0.0
0.0
0.0
0.0
0.0
0.0
0.0
0.0
0.0
0.0
0.0
0.0
0.0
0.0
0.0
0.0
0.0
0.0
0.0
0.0
0.0
0.0
0.0
0.0
0.0
0.0
0.0
0.0
0.0
0.0
0.0
0.0
0.0
0.0
0.0
0.0
0.0
0.0
0.0
0.0
0.0
0.0
0.0
0.0
0.0
0.0
0.0
0.0
0.0
0.0
0.0
0.0
0.0
0.0
0.0
0.0
0.0
0.0
0.0
0.0
0.0
0.0
0.0
0.0
1.071912176455987
-0.2342352079953786
0.030945882608761355
-0.03438356394780007
0.015143517108345418
-0.04645994258075748
0.025281086970058445
-0.012402011071423715
0.027873059966529334
-0.04603476514818092
-0.013104316770488319
0.00337735404172814
0.017563233977852588
0.0034164619400382846
-0.005579962595487487
1.1582351231299293
-0.04240964647168203
-0.005861108975066719
-0.6220053403056066
0.0330537633357265
0.021245581173340876
1.240813562773893
0.08572293263310347
0.03161403757970904
-0.9026496756939539
-0.0047953528792352
1.3515240998646365
0.02105216873595428
-0.007757946673200841
-1.1393263955676662
0.09930600876259862
-0.01757984357675111
-0.01630594971074393
0.18678625641248692
-0.005855101162520292
0.2655764137651936
0.0
0.0
0.0
0.0
0.0
0.0
0.0
0.0
0.0
0.0
0.0
0.0
0.0
0.0
0.0
0.0
0.0
0.0
0.0
0.0
0.0
0.0
0.0
0.0
0.0
0.0
0.0
0.0
0.0
0.0
0.0
0.0
0.0
0.0
0.0
0.0
0.0
0.0
0.0
0.0
0.0
0.0
0.0
0.0
0.0
0.0
0.0
0.0
0.0
0.0
0.0
0.0
0.0
0.0
0.0
0.0
0.0
0.0
0.0
0.0
0.0
0.0
0.0
0.0
0.0
0.0
0.0
0.0
0.0
0.0
0.0
0.0
0.0
0.0
0.0
0.0
0.0
0.0
0.0
0.0
0.0
0.0
0.0
0.0
0.0
0.0
0.0
0.0
0.0
0.0
0.0
0.0
0.0
0.0
0.0
0.0
0.0
0.0
0.0
0.0
0.0
0.0
0.0
0.0
0.0
0.0
0.0
0.0
0.0
0.0
0.0
0.0
0.0
0.0
0.0
0.0
0.0
0.0
0.0
0.0
0.0
0.0
0.0
0.0
0.0
0.0
0.0
0.0
0.0
0.0
0.0
0.0
0.0
0.0
0.0
