0.05328984265392508
0.2857185656020386
0.0009150123309086246
3.195021058157029e-05
8.624426692158878e-06
-0.0004791884107826297
-2.060515322643581e-05
1.2639012382730241e-05
0.009220797803682469
2.92613442172289e-05
5.072123087440326e-05
-6.946767034618239e-05
-0.0001024341157426677
-0.002337784143550386
-2.075642620835749e-06
-1.0262674243673843e-05
-0.00023951747031778544
7.074091867444536e-06
0.4777429751809079
-0.00033019339277621433
-2.0248411848396027e-06
-1.167090295036661e-06
0.0008425903058765038
3.410177765892283e-05
-2.632689718494708e-06
-0.005617413734249043
7.5182559650201584e-06
-3.4943571294438874e-05
0.0003966901301482549
-0.00035073059884993806
0.001814197677121046
6.933171586781123e-05
2.1136599584350874e-05
0.0006979063661087083
-0.00012706266456582007
0.3922845561540548
-7.814293580131078e-06
-1.2566156030012988e-06
0.14092451925764132
-1.82312153503785e-05
-3.196396956451637e-06
0.0009230013666877751
1.8111528301778013e-05
-1.3322289071437457e-05
1.8648920501739944e-06
-2.5741476268207425e-05
-0.0007509715059052608
-1.3522163674208019e-05
-4.242715222979362e-06
-1.686468715362555e-05
9.130361162423358e-06
0.39219708100462874
4.0233783736292186e-05
-2.0485902928377694e-05
0.1402261706487738
8.872161697109449e-05
-1.927642473848962e-05
0.0003292628576091642
3.31359018659187e-07
1.4111852603945454e-05
3.220863249180445e-06
1.1348944268996962e-05
-0.00020057193040822976
3.3763018066875205e-07
-9.931209418237068e-06
-3.7213062157004637e-06
0.3921452618630301
-3.683384775279549e-06
8.707195130798927e-05
0.14043562662967363
2.07186458465224e-06
1.6151464357484828e-06
0.0002802258493893926
-3.468907287128006e-06
6.345672361457016e-05
-2.201823903619884e-06
7.893006400862055e-08
-0.00015598969809494924
3.3929554087355668e-06
-2.9093539925769778e-05
0.01454676718474833
-4.5268184707504355e-06
-9.576052040292832e-06
0.006109909459854442
7.207934355576256e-05
0.00022261591856412993
-0.00012778905459582445
0.00013700917192336856
-0.0012836800392836793
-2.023715264891573e-05
-6.771477822442275e-05
1.780996384911583e-05
-3.7648355331871595e-05
0.015662422077818674
5.823604039619577e-07
2.6044860147615087e-05
0.0007763644743788462
5.50048173358247e-06
4.427031804627516e-05
4.09041633750858e-05
-5.7068005574224665e-06
-0.0002677525749409719
-1.6975660277596242e-06
-1.7656096791037874e-05
-1.4096418314294804e-05
0.01509658058814485
-1.6595272479455827e-05
3.8054439641775824e-06
0.0010532711539239818
-2.4364168495683144e-05
-0.0001816227633618004
4.797936083197407e-06
-1.7535503130831563e-06
-0.0003362369524453848
8.983288234937415e-06
5.045989744290032e-05
0.2282825316828682
0.0006470958795400358
0.001102704266883845
0.005539696603659515
0.002632094394189371
-0.16236952050745881
-0.0001767664830581598
-0.00031841690522153875
-0.0018364149255249507
-0.000656132226666488
0.24105986634910068
-0.0011320211304893665
0.0003141612647922846
0.0006617534060487837
-0.0001709925499456406
-0.17062749833095855
0.00024376602651812854
-7.380571511621992e-05
-0.0001894976848043691
0.24172672180686436
-4.7820984311171266e-05
0.0012052029431705137
-0.0002905617807897152
0.00021475004352434048
-0.17110712263178446
1.7203463071526157e-06
-0.00032602469596870276
0.23925397262295128
-6.29282991776133e-05
-0.0017296762994450689
-6.783684110459909e-05
5.440874285485727e-06
-0.1698249498951777
2.5636542657190637e-05
0.17399377786649178
-0.0007819243591241584
-0.00019107105430325028
-0.0003714213972435884
1.2464435069355742e-05
-0.1292525896782004
0.02915694022798178
4.462534059515199e-05
8.29618780020494e-05
0.0004989118073661965
0.00018317487540747362
0.030304268621080238
-2.3801679200507327e-05
1.1343424217867644e-05
5.3693385468591416e-05
0.030378928919574166
3.0121320513326652e-06
9.82613432375674e-05
0.03025556161269262
-6.749948752779611e-06
0.024273647989522532
0.9991040946183382
0.03207221399092541
0.0013713533674594488
0.00017086233332164018
-7.901136397591072e-06
-0.012860932686267075
-0.0012260942148460154
6.799729134917442e-05
0.01804336178283339
-0.001056282110893598
-0.0009535096433674584
0.00024442514769884176
9.62932596984801e-05
-0.02911914161219851
0.002166732252520711
0.0019206876892711253
-0.0017665220254200259
-0.00019260655908658853
0.5477275164014044
-0.014119408090643739
-0.001038025577737362
6.670700054345799e-05
-0.09253389986813856
-0.0038139732473386635
-0.000612553617044027
0.390376441695067
-0.001438249728481652
-0.003282688149805895
-0.1554295787667453
-0.00021278870328000644
-1.0268604296135877
-0.0005718196041047637
0.005609514160599687
0.36486702615580235
0.0007423950715504136
0.9967149561802079
2.4195163892608728e-05
1.9200263466644493e-05
0.07720282098076463
-0.00017163736626084716
-0.00010687307850942978
0.03841885160468256
0.002880917520265382
-0.00038860505651493074
-0.001796435293489967
-1.9088192139364346e-05
-0.06172661643638111
-0.005039500792685769
0.0006694360932800129
0.0030848715375095875
4.02718430045631e-05
0.9956648028425887
1.2014377903304484e-06
-0.00013756600829498687
0.10026850436674345
-1.4745143071315881e-05
-0.0009966599512625102
0.007252789773902793
-1.6022605223903387e-05
0.0020176475769557558
-4.217891947879436e-05
0.001670449250933317
-0.010792876767193118
3.193836461249549e-05
-0.003475743204478082
5.9217975806353966e-05
0.9957981781207021
-9.023239389522209e-05
-1.4230050607042548e-05
0.09712118708069081
-0.00018437785412020414
-1.6823783503283653e-05
0.010724428299954859
6.590896648909418e-05
0.0024702655261413823
0.00034024123324075784
3.344687935569947e-05
-0.016961226307012713
-0.00010920705800161981
-0.004190500436219521
0.4861022172449614
-0.002892108731314011
0.00020346045693424557
0.7960239017208028
0.0072832956584984775
-0.005306492463187533
-0.007435101550942052
-0.0018298056554691027
-1.9364275779673314
-0.03071273475837135
0.015742474356985815
0.02282460094415284
0.0051175971389453975
0.7905983183945889
-0.0008221957073551167
-9.956835831191049e-05
0.0028907464844953983
-0.0007482128574092764
-0.007623312523272448
0.0014923720787892794
0.003186516087547078
-0.07106810928579696
0.0021071091302767063
0.01008138185365885
-0.0034261337078956393
0.6585825579595506
-0.0014814375071052466
-0.0008044757362329191
0.03284483855330479
-0.0004295850955912048
-0.02346359872094418
0.003936179911693037
0.002206490393441079
-0.1598866327058546
0.00036393844871805
0.0558975465950446
1.6833566247908207
0.0054537067453717765
-0.00824455421749894
-0.2722578444125009
-0.002096014525487323
-3.6868504290060784
-0.021005322162508153
0.013307363310511456
0.47471751580099353
0.006132090291121819
0.9845720358837066
-0.0010972722479119417
-0.0012569616290100559
0.0008688088424142642
-0.01886053178071851
-1.1984804483442149
0.0036959736092510988
0.006066045321623424
-0.0004293497020153754
0.8976385837340963
0.000942371952137864
0.004246117196638611
0.015124759804945799
0.0036594020169878165
-0.8926665612030166
-0.003557411048570321
-0.01082637965579363
0.9405328029587638
0.0005560782197318545
0.4715162277229043
0.006514024685170467
-0.0031947158494278773
-1.061990133296873
-0.0016942633660162994
2.1485212935180593
0.006046278199215538
-0.00103667539912546
-0.012959583499602429
-0.0016565881767868253
-5.36923760565851
4.476132671749335
0.0637697907573763
-0.02453551570848176
-0.752990976564129
-0.017322007623002525
2.4397542001886556
-0.010990359886064413
-0.021328670854931044
-0.0005040197119236846
2.1795546206950958
0.00989860025503775
0.033564499415450325
2.321097991425768
0.004897769037556784
5.759601109346584
1.048446457694285
0.028591360119597797
0.0033205291464473608
-3.422628773534445e-05
3.700019399761213e-06
-0.0021793880779911734
6.318846695011385e-05
-9.456250940089403e-06
0.008929303722181231
-0.000403281322202322
4.63716132563839e-05
0.0003761922380747678
-0.00012138235191322536
-0.004319604586863755
0.00015501884220974177
-1.1819644549433306e-05
0.00029052761550383025
2.734280164971295e-05
0.012220680419804068
-0.00499724221923051
0.00012755489674557826
-1.8381224473093642e-05
0.0010402662700585309
-9.652098889922525e-06
5.117366100502444e-07
-0.0063773415375784764
0.00041657686045286536
-5.0532404647442524e-05
-0.0011259142784086251
4.566791492655993e-05
0.0032424945174018547
-0.0001585093855289569
1.8457167392001417e-05
7.741203782371578e-06
-1.5137935030756542e-05
0.555000648963818
-5.25508736329139e-07
1.1968903045861052e-06
0.10377975683669739
-5.396392310250043e-06
-2.176246667525757e-06
-0.013223554826268205
0.0003494371377273267
-0.00020887600789095453
7.947910367634007e-05
4.903957766531924e-06
0.006632035648422539
-0.000163537807315574
8.47886709706464e-05
-7.594263281522292e-05
-4.049359929954639e-06
0.5563976961922117
-1.3010342969313996e-05
-5.646410902131032e-06
0.10125868210005434
1.9777957316979787e-06
-0.00013911476860308306
-0.0013470745023031533
-3.573283187240003e-05
-2.982904201567899e-05
-2.8550688697801383e-05
6.684785114266146e-05
0.0009552128523966691
1.2444563064713856e-05
-1.3812269105693019e-05
1.3801803416664011e-05
0.5559884069647412
-2.0618796979727225e-06
1.8388961931327283e-06
0.10187853717850548
-5.6038220137678154e-05
2.8185677036358893e-05
0.0002248833214351438
-1.025431225506281e-05
0.0003279770175025572
1.9659215421966414e-05
-1.129741594707948e-05
0.00045909394859011346
-1.9317113893506015e-06
-0.00014699977491486733
0.005494421525378578
-1.4344804227430534e-08
-4.004344172718923e-07
0.003967480047025702
-0.00011357977725601898
0.00010526069057089461
2.4482084562275727e-05
-3.8022518465864683e-06
-0.001929281744189383
4.285516242201385e-05
-4.1522102265004685e-05
-7.173778142203075e-06
1.9765528488974864e-06
0.005920099344405173
-1.5867726166929066e-06
4.6439212476073635e-05
-0.0005563066649735203
2.7450306809951173e-05
7.815894064493783e-05
1.1242302653007789e-05
-1.4120789030835598e-05
0.0002704534282585123
-1.0290842163911454e-05
-3.5060729484230935e-05
-3.25499889125901e-06
0.005776771086955178
3.2752022989920766e-05
-8.680736733157277e-06
-0.0016446002981828855
1.999624905397764e-05
-0.0001248294524101389
-1.430143824769755e-05
3.1206442216624175e-06
0.0006712805509097462
-8.021079958336147e-06
4.154683180475077e-05
0.10345048889328393
0.001032991176649721
-0.0023603231202354654
0.0182108074595105
0.0004772111259252247
-0.09241340055018515
-0.00042489103969006964
0.0008879933763973396
-0.006493422041670088
-0.00019122833058841896
0.24196512298488945
0.006253785564458691
-0.00011172220210316469
0.0011824810367233969
-0.00042448004646138224
-0.19705059704553748
-0.0023464447470188496
5.523392924599838e-05
-0.00044285756931569285
0.23027730073796898
0.0011380270445214002
-0.00033458978619988595
0.0008884762266609886
-0.0023403929080843466
-0.1880814201458399
-0.0004338189779975616
0.00011946935740904589
0.2642835013872031
4.679145770117306e-05
-0.006581393602211086
5.505963123135058e-05
-0.00043518162882395995
-0.21351904418953843
-1.6818972426992398e-05
0.10938368421170125
-0.00018882804937975212
-0.0004469293716010998
0.00012252819318441232
-1.9078600929221436e-05
-0.09939352967670176
0.02074436174166235
0.00017355258253840688
-0.0003330464546351978
0.0022356998987361695
7.514624300853983e-05
0.04022934132672074
0.0008774770617932519
-2.5880938492281555e-05
0.0001666084021359644
0.03848374053685212
0.00016600455455069565
-4.370689619803686e-05
0.04326545865259101
6.742370244148627e-06
0.0227093902576148
0.0532113990958732
0.28576865948413144
0.0011212277727117893
-4.934841357418657e-05
-8.313416844091227e-06
-0.0005101391130775282
1.6521069221177384e-05
-7.5796304957153265e-06
0.008768827533948441
-9.208837465956702e-05
7.263286016549296e-05
-0.0021394214703834343
1.9355455033605976e-05
-0.002240386381890634
2.6129148918188304e-05
-2.2887068250031264e-05
0.00032559730791296466
-7.1935633985966505e-06
0.4777247413943084
-0.0003589739627636705
5.878489567818809e-06
3.023534688073116e-07
0.0010155285252576958
-3.929589389477543e-05
-1.4186751529292427e-06
-0.005168448402156049
8.34470495600548e-05
-4.163907145638744e-05
0.0010526086911868697
-4.078657670755797e-05
0.0016155514242327776
-2.2459053544790844e-05
2.6039748146030268e-05
-0.0007791111813821665
9.54469856275745e-07
0.392276246313973
1.841848072949601e-06
2.3658609581939368e-06
0.14095159200329022
3.804214292588482e-07
2.4485610323994318e-06
0.001247016886030087
3.25060520768998e-06
4.397534122247989e-06
-0.00011933060014525865
-7.303412546330124e-06
-0.000911325422931194
8.182365554219406e-06
5.8946735821203614e-06
8.139787167609641e-05
1.985686110641123e-06
0.3922086497013671
2.142554605932386e-06
4.900996660087758e-07
0.14043328781958542
4.263697561264864e-06
2.877449986991469e-05
0.00037461599776313645
-1.3098092332043472e-07
-3.151250686616947e-05
-4.1266068362322575e-06
-1.6675437649508558e-05
-0.0002215210340594044
-2.6386287965952224e-07
1.8504613950920103e-05
3.237544651570052e-06
0.3921026573441447
2.1766575535490573e-06
4.197307552860176e-06
0.14012226455701546
9.278710013769893e-06
-1.723075267962934e-06
0.00039114467848180845
4.545067292842041e-06
-0.00012716310635760639
-1.4343202415042641e-06
2.2116265038807736e-07
-0.00030602794742106483
-4.2436107307025885e-06
5.1197997536222574e-05
0.014502925787411356
9.421801113366476e-06
-4.036020375474648e-06
0.005427787688890727
-0.0003133438764730588
-0.00014591460128162944
8.839082730669795e-05
4.95692768059602e-05
-0.0010962613077614173
9.907299008141506e-05
4.139891945734625e-05
-2.90277467751778e-05
-1.5058819241967495e-05
0.015642745175019422
2.063159255417371e-06
3.032657838742722e-05
0.0011220082901666492
7.075140527827297e-07
-3.760095090727041e-05
1.3653605332295617e-05
-1.1270727374917839e-05
-0.00039169719139631057
-4.5126019983325507e-07
1.975267751534731e-05
-2.0022785061063387e-06
0.015205077111552487
-7.57545465618769e-05
1.2561197194006763e-05
0.0017600127753351247
1.2670970046244615e-05
0.00046508260167218247
2.1497033894862416e-05
-3.987821556768617e-06
-0.0005876193729546031
-4.646713609753839e-06
-0.00013253454990813505
0.22278772177287798
-0.0016829813215449476
-0.00017747493634912676
0.011031872226547543
0.00049146040455293
-0.1591238286325482
0.0005124068458412318
3.392659048780344e-05
-0.003070528142400634
-0.0001421633965457033
0.24039995518269475
0.000193270389460971
0.0003570369105209256
-0.00044092348285283185
0.0004889087353717012
-0.17060428322524807
-5.980955636344887e-05
-0.00010570015972274571
0.0001337858196057535
0.24510387296251113
-7.572975483283601e-05
-0.0005003177218817268
3.9996231740183996e-05
-6.400339214765513e-05
-0.17262994235386273
2.1905044004715627e-05
0.00014736812499860268
0.23837970325618857
-0.00013047920195927599
-0.002906386888914634
-0.00010286409555711964
2.379392282296952e-05
-0.16937087647086035
4.0252198076666194e-05
0.1631954750399228
-0.0001476587750177769
0.00012650653355451163
0.0001440464274203999
4.216151854349047e-05
-0.12271767578297207
0.02868616142902015
-0.00014844445306172983
-6.874565086823328e-06
0.0006852129523413112
4.197694086140064e-05
0.03038507886371496
2.029986970940541e-05
3.017670436212149e-05
-3.842664799387864e-05
0.03050598440380295
-6.898517957296452e-06
-4.257164202778897e-05
0.030196173751962967
-1.2925220488563297e-05
0.023287079009956024
0.9980707346820936
0.04373276604479279
-0.0004111311130507088
3.639273674717039e-05
-2.8034016202674025e-05
0.0025704533752326808
-0.00031549921257530047
0.00015992616052631467
-0.0024325257305207043
0.00033012069331077814
-2.8858919232581154e-05
-0.0022332683884330414
-0.0003719077096487291
0.00655826734976558
-0.0006895310961433697
3.144717309710277e-05
0.0033917885847643894
0.000624853653493272
0.5514546836998544
0.0020153088771046926
-0.0002659531949986255
0.00020061499969716197
0.03561357643456181
0.0006640167595257344
0.003948187931168603
0.16074118981732743
0.0013662576128402625
-0.0040767512876030984
-0.06777057770910114
0.005135053203539795
-0.4153655193150301
-0.0037411684226583866
0.010406657448367641
0.1189731489390938
-0.00736224490455379
0.9947930215261697
-4.508285067847906e-06
-2.0951314230362986e-06
0.11043255358638483
1.0716785582980627e-05
1.8199198292242692e-05
-0.005840928632507616
0.000700694718266725
-0.0009149330952548719
0.00128748507434515
0.0001473881875760229
0.010226869686236125
-0.0012037574296492274
0.0016341347411969011
-0.0026373579246748175
-0.000282573667195047
0.9944466997879167
-3.348691352888009e-05
7.1328251880841985e-06
0.11645125181716856
0.00033652376457084314
-0.00036812560547135184
-0.0032968929825819577
0.00013590587110604807
0.0001857779915380256
-0.0005798699434185729
0.0006542148562447147
0.004971296167688296
-0.00025307428522651173
-0.00028823756898835415
0.0010146036379725747
0.9947677356366379
2.421899147561149e-05
0.00033661339281353564
0.11271721482214064
-0.00031172346247215093
0.0001303127116020924
-0.005846641806682556
-0.0002245372564514559
0.0011992226422071883
0.0006502681412999315
-0.0002370679780963808
0.010198796042981986
0.0005622313527709959
-0.002174475032347475
0.6954456177356755
0.0015004214315330181
0.0041083043374703
0.08727353850885824
-0.008150178352235766
0.004903767669441643
0.05642702590483503
0.009590084010350004
-0.20388181921545742
0.01966052415561807
-0.006373207504286083
-0.18550591265606597
-0.026585841766685048
0.8346800704615809
-0.003687097235591623
0.003077371519559999
0.14992983375362867
0.002169436783307185
0.0031188193265007207
0.005263282228129881
-0.0052250364519881385
-0.4564059083685216
-0.006950167721095605
-0.007365790276630407
-0.010692586263383898
0.7328964230157421
-0.0134765206795681
0.0015488132480771734
-0.009650620166384096
-0.015346053424682309
-0.004427604421934061
0.03927550141826736
-0.004787981535786886
0.04176000731971296
0.04589023794435632
0.0021665746996952975
1.107171396842262
-0.0004265964436008426
-0.00039634409465833355
0.8366468950397579
-0.0031735062027084164
-1.7054001783893045
0.0006302282066538585
-0.0009760709490117328
-1.3264288606875807
0.016143394791799357
1.8257205090695579
-0.006561696673595336
0.00047370523666799655
-0.004678513801566716
0.00047083857494887877
-3.498206472394745
0.013716635794831272
-0.0022008847957593032
0.014357792954773064
0.9664465012034584
0.013650440111840766
0.002450338455288272
-0.0013419799622398382
0.013354792647485781
-1.3427744105463226
-0.040351451671648386
-0.005931565038271674
1.8642586510283992
-0.018787192270819528
-1.3219531479477211
-0.002149622865171873
-0.03984151186097741
-3.9829004265055703
0.051581096828386935
1.002904512328278
0.016511860657021375
0.014355241984161937
-0.0055766535203112
0.05280018951200252
-1.4295434105130205
2.854637720232188
0.00011524079873379239
0.00784902032941886
1.5780037513431147
-0.055454158670473375
3.064497092612548
-0.03125765307254335
0.008307249542844923
-0.04303215416363436
2.7845043904422226
0.11593886711618871
0.013748376989828733
4.011897685575156
-0.14196199490755165
2.79836288329239
0.9981476839409402
0.04304131546115146
-0.00022473932718430496
6.48299664434425e-05
-7.135375519286839e-06
0.0010498441241813669
-0.00034022118747851864
0.000139365164405398
-0.0028041960478637235
0.0005608629526174037
-0.00028074009366948745
-0.002058346331242328
-1.3483151326899299e-05
0.007179294349633383
-0.0012731903325300532
0.0005569984444837321
0.0029822331090612413
0.00011478298775984787
0.5493499564786963
0.0009105124846873558
-0.0003528808837672305
1.854112907246407e-05
0.03869657745815662
-0.007917929835688434
-0.004459119423897459
0.16835470503729044
0.008169306475217209
0.00409898953964108
-0.06465705727180153
-0.005868454733078325
-0.43138286817437255
-0.023866403123237012
-0.00995746986029112
0.10810929065525873
0.008693013617909385
0.9948751841328087
-4.5176389254247225e-05
-3.5429933732071595e-06
0.10928196705956446
0.0002579375905926018
4.457225518537865e-05
-0.001456329415366755
-0.00023525835970800678
0.00017020915548251445
0.00029830366389740724
0.00016687310849214729
0.002355342063673573
0.0007023762715958591
-0.00030079794282124214
-0.0008290040639733858
-0.0003023961742969188
0.9945524393939065
2.6641556812644283e-05
0.000245640401771564
0.1149682116101434
-0.00027508711746840954
-0.0008293395310589853
-0.0016896730871640347
0.00016235406967392136
-0.00045473889991685544
-0.0002716582225636711
0.0014929135836919392
0.0023729948693458104
-0.0002904429688463931
0.0010216983250706043
0.000492336587296423
0.9948884800499387
4.1949521908237684e-05
-0.0002783736388267011
0.11104025141871847
0.0005847497218818634
0.00016706426465966373
-0.0020663903410097742
0.0005715330319431412
0.0017070815851152092
-0.0011316959286931279
-0.0003032468422240115
0.0034487306363224076
-0.0011672130124293053
-0.00303278648853599
0.6830515287873418
0.018686696858832643
-0.003942521001985736
0.07584454005255375
-0.046383041414944814
-0.008085773488983285
0.04956775020893471
-0.0019524291718243602
-0.195517121993169
0.13283236843151136
0.017816309925542735
-0.15960749810562247
0.004027116142165686
0.8500122052281904
0.004613221379802258
-0.00854383460412331
0.04416048842163621
-0.0004699128154756662
-0.00015859602476462698
-0.000836147995522909
0.028023935569422162
-0.1644583506909646
0.0005983898854463213
0.010469717050835554
0.0023963311517511106
0.7296400501644247
0.012008531311083922
-0.0008087603575511878
-0.021181409065905495
0.012749536822476133
-0.004308189073751567
-0.036637687845207476
0.001446153567577239
0.053807103083683964
-0.03955731055243894
0.00012272156538462465
1.1141939947473551
-0.001409151725413162
0.0014020637106954346
0.8232411329539433
0.002522940487917562
-1.7215219156085064
-0.0016733512560717907
-0.0034429700391180726
-1.2926968530865812
-0.012595809764667334
1.8835756923591347
-0.0030416908988767028
-0.022251370935533754
0.004289485943427441
-0.0021080865109459196
-3.8501404586527945
0.011675466947783045
0.06258276413190814
-0.01679814627636783
0.9725195460419283
-0.0090474433164471
-0.005360534389841063
-0.002832686527685829
0.012791087496777546
-1.3668773292992324
0.027340697335279808
0.0175476379682443
1.8516284194637773
0.012369576723394234
-1.2873490964839374
0.06274642248995596
0.026076596251868582
-3.866962972992339
-0.0320921099858294
1.015704646326741
-0.013286032030596868
-0.01515209075868667
0.01789340982156287
-0.0339377808237825
-1.4781804816668114
2.858467572209988
0.017430885097054784
0.006523088332681975
1.4803058566558933
0.04336285979936827
3.594252032190648
-0.03835947061974529
-0.17259170591137218
0.05126191485232151
2.8129883159932074
-0.07789396053821887
-0.05602031352013335
3.80384262681872
0.08604989411035682
2.8493032060054104
0.8304354045452245
-0.038092613212483986
0.00014546940199528974
-1.894576102708923e-06
4.925410192344128e-06
0.0003623734627873199
-2.8602978308240978e-06
2.2380603830636265e-05
-0.001612484754536844
4.1855835786982166e-07
5.567452687821374e-05
-0.00035482784350786875
-3.4406446590908875e-05
0.00021792280561012983
2.639985970985366e-06
-1.6744353277803943e-05
0.000238849929192582
3.145647840459346e-06
0.01180572103598962
8.972841685434596e-05
1.5579300239504083e-05
2.1484862364166626e-06
-0.00036495586634119413
1.9020301057897993e-05
-3.391645410035289e-05
0.0033553397559563597
1.4636687067900264e-05
-0.00011749023070274933
0.00043247185589421057
8.82725858433192e-05
-0.0009142093725613066
-5.613573608691912e-06
4.027660975631944e-05
-0.000382380456779646
-4.539468497809523e-05
0.3588528240856722
5.675022597816233e-07
-7.560744764043192e-07
0.14993852983096617
-8.51320971994353e-09
1.6640239303730404e-06
-2.6088129719742097e-05
5.770298975696094e-06
1.0868758382872052e-05
-0.0003200008950586329
3.055414838605104e-05
-0.000101002538991056
-7.064233112235137e-06
-1.2472836108649538e-05
0.00013417476793574378
-1.2170497866087523e-05
0.35885446128150766
1.3818497450924422e-05
-2.2089506645947971e-07
0.15012555331223323
1.834584323376031e-05
-4.886029688549239e-06
-0.0006945660601541092
1.1968362786766094e-05
-6.508979414652083e-07
2.1079946583428614e-05
3.2845144216898234e-06
0.0002059473345313674
-5.828678013469412e-06
1.2462719820550153e-06
-1.3590741858032386e-05
0.3588228002338951
1.4679276182622304e-06
1.829196826491877e-05
0.14990724945848732
5.376867985934164e-05
7.445581266891637e-06
0.00017556974863401002
5.596518003342698e-05
3.7388555752034306e-05
-2.135369110929517e-05
-4.075493291181526e-06
-0.0001446066426963528
-2.214413899527139e-05
-2.203102032056273e-05
0.018340193407433494
-3.5604343529481055e-06
1.5426899702421947e-05
-0.0007737263396144255
-4.990524483455133e-05
4.032466258656201e-07
-0.0016507507402300846
0.0001581460641965467
0.00020407745421917873
1.3432684217091923e-05
-8.963995120395707e-06
0.0006078462184543863
-5.6207971851631166e-05
0.018982403830217084
2.2902634766214823e-05
-1.36495842073235e-05
-0.00405833686099534
5.724461623436628e-05
-3.246744972561467e-05
6.28573268055784e-05
8.118023421944467e-06
0.0014666295212392426
-2.174073717357538e-05
1.323021030822409e-05
-2.659460007613658e-05
0.018550896219126062
0.0002969089585978344
2.8196130488812985e-05
0.00032697015035344074
0.0003305454882158838
0.00014927628619840943
-0.00010571328849261669
-1.0693227893052923e-05
-0.00013968182043777184
-0.00011746370206541496
-6.49236792331246e-05
0.22739376189655958
-0.0002733856347745277
0.0003944491134135341
-0.037592721840561366
0.00037102788058872874
-0.19266986111638826
9.84441455891123e-05
-0.00014646924907163862
0.014119515011572265
-0.00010634129968448272
0.17318196120985807
0.00035686016439554906
-0.0005826846220411844
8.488935810814641e-05
9.750607007557188e-05
-0.1528537066762417
-0.0001446764359809949
0.00020840273169335413
-3.0188834244907482e-05
0.2370997131058738
0.001711073421390001
0.00010624007031383279
-0.00013479799051642672
-0.00014098075946082205
-0.19961961370398662
-0.0005864993631559652
-3.882567489409479e-05
0.19043057741809438
0.0008400209436679922
0.014142367708275299
0.0002098930595289085
-0.0006176205417701992
-0.16541125919555372
-0.0002879833560766107
0.23534703516879907
-9.648355130348171e-05
-2.287011466586717e-05
-3.966815209768547e-05
-0.0002650289223453872
-0.19852281572253022
0.040953608904979906
-3.4933727900683887e-05
4.940201390910938e-05
-0.005109341547579117
2.156592200356852e-05
0.033885604190944586
5.856759560300804e-05
-7.441098693883704e-05
7.626172364744598e-06
0.04214459828950275
0.0002107288032060586
1.4389782625602736e-05
0.036141702300340355
8.917259082452431e-05
0.04199807537295081
0.8304364465011811
-0.03808806415800382
0.0001141930980776237
9.791892348716864e-06
-8.661941242551394e-06
0.00029720388288969604
3.858648237887435e-05
-3.037965313845108e-05
-0.0017104063221781906
0.00023806093838726937
-5.556693267354714e-05
-0.0005159786686212549
3.468134245247275e-05
0.00025930101866204086
-8.446680884837554e-05
1.0678328445990146e-05
0.0002814682627256039
-6.271551252140218e-07
0.011813015664682914
3.599941071136218e-05
-6.951655672473841e-06
-9.364899033026514e-06
-0.0003551560500947718
-7.472629228998015e-05
3.291135919260066e-05
0.003527816331958468
-0.00045447986305770276
0.00011655962495456322
0.0006869804055906957
-8.976132239202572e-05
-0.000963846190635127
0.00016671879884395363
-3.668961025247231e-05
-0.00047571865464316105
4.518789097852571e-05
0.35885061689750636
1.4606730184630577e-06
1.3994526440891884e-06
0.14992986465927327
-1.1240719366948707e-05
-2.035263061935775e-06
-5.850772640151828e-05
-0.00014154626904764938
-1.3342908005739703e-05
-0.0002413100010196578
-6.928914062531742e-06
-5.153338202497979e-05
5.5362209774041226e-05
1.773149881672308e-05
9.780972624904438e-05
2.84939688986662e-06
0.3588648736722726
-1.4716122659232561e-05
-1.1794967067758058e-05
0.15017416377415893
-1.940743720432084e-05
-5.146208284616072e-05
-0.0003657411584960283
-1.5307160906773e-05
-4.058967486329085e-05
-1.7428789317749348e-05
2.3795669553880318e-05
0.00010383291144136741
5.856562689130593e-06
2.196718242177689e-05
1.4625211162203435e-05
0.35883217293838404
-1.9130969376021694e-06
-1.9323311494967554e-05
0.1499195772371587
-5.2218861331596596e-05
-4.336574698497802e-06
0.00012346867012455275
-4.537001717394306e-05
4.168679354656713e-05
1.8799319167550686e-05
1.932487617103115e-06
-9.423884071065535e-05
1.2822153267055582e-05
-2.5999696287271018e-05
0.018329250883257472
-7.124284923311476e-05
-2.133749233887662e-05
-0.0007288040648523376
-0.0008158054519945327
6.544956409176123e-06
-0.0012723356105695193
-3.321285038011738e-05
0.00021355630062715923
0.00028915530245060084
9.835480783029196e-06
0.00046657660998899845
1.1538885984099983e-05
0.019072404734822038
-2.41157944105393e-05
-0.00023226690393668444
-0.002247489638279275
-8.03638192872033e-05
-0.0002547480075540844
-3.5219633692201526e-05
8.49376744012515e-05
0.0008284869860976128
2.8317233308124407e-05
0.00010194417548667368
1.8069138839069933e-05
0.018544542875819817
-0.0002991680963956065
-2.031945949838275e-05
0.0002455079629356025
-0.000297597924698252
0.00014565293271486565
0.00010614789859251562
6.930857378307222e-06
-9.089909630902759e-05
0.00010286671817792719
-6.366292494147812e-05
0.22790836940925394
-0.001119715633867065
-0.00034951456314738657
-0.037358262266632976
-0.0003240841922851774
-0.19301800172951641
0.0004085917671260944
0.00013195573370521478
0.014067122608553717
8.734832555046525e-05
0.1804131055494114
-0.0004645168796589751
0.000107035604763731
0.00022988942198013147
0.0004162417127769799
-0.15816916752221852
0.00018546354239772956
-3.884924412464936e-06
-7.663181872437076e-05
0.23746707429429953
-0.0017543388836557322
0.0009087718510462456
0.00011834994382143923
0.0001805827746606856
-0.19987241853653354
0.0006040198621914763
-0.00032156427427038563
0.1883086514802598
-0.0005516409008132817
0.014035537932207295
1.603043625991618e-07
0.0006371705066936847
-0.16390087890341098
0.00018602993467128247
0.2358783226931003
7.808774327899379e-05
-8.629663346336488e-05
-0.0003246539130362808
0.00016308573115356753
-0.19888974267399295
0.04101173841667211
-0.00015086525749862531
-4.400357241036344e-05
-0.005084477698490309
-1.3966400609566433e-05
0.0348553054654443
-7.32848622567895e-05
-1.2257973794957087e-05
2.9339485051666758e-05
0.04218763176497233
-0.00021825061549125867
0.00011392644844430776
0.03587606351398136
-5.3113300695909644e-05
0.042061952454139684
1.0507022686648053
0.023482459511001974
0.0008290670303734641
-0.00013477439031209254
-0.0007746855488043917
-0.0006308675603599248
0.00010354284011992189
0.000606515621244762
0.002663142747362316
0.0007298844030020331
-0.00037806298731491936
0.0010261759354168838
-0.0002776990157160148
-0.0008086065527709484
-0.00020348854160856647
0.00019775874171586258
-7.579369679415612e-05
0.0002103795366342866
0.013277640937231577
-0.001185450420690559
0.00016637250984240297
0.001133710621231895
0.0004936947094866017
-0.00010786174231420428
-0.00048263625678450473
-0.002355664028871992
-0.000837320318041383
0.00032998811024566706
-0.0018221060876052989
0.00036578245865669036
0.0009609667303633821
0.000267954573549275
-0.000176000385240182
0.00024679580120819935
-0.00021692566586730403
0.5560560475212866
5.1538537753711386e-05
2.2081071900235248e-05
0.10029932688777625
-3.81539789357781e-05
-2.566867362831733e-05
-0.004249659856110297
-0.0007053697716408094
-3.55923806965416e-05
0.00021074478105877263
-0.00011734906449640457
0.0019759713535548898
0.0003431200938128018
-7.34946993971905e-06
-8.92016250742884e-05
4.98376071366175e-05
0.5561741102623637
6.143442269646451e-05
-3.8717216683702294e-05
0.10004783998948177
-4.662758674668028e-05
-0.0008758407142891698
-4.446459074887125e-05
-0.00023743626969025398
9.137925371935082e-05
0.004825345788497887
0.0004158345059031635
2.544415173497168e-05
9.592519956659287e-05
-4.1846216809380743e-05
-0.0021943111637560725
0.555851632344162
-2.6037183700334036e-05
-4.669398399609208e-05
0.10059312123629528
-0.0020912326654021034
-5.3897832364691104e-05
3.806057947247772e-05
0.0007149511118040424
0.000799979750140981
0.0009871202495457772
2.554412407753368e-05
1.0187173319859057e-05
-0.00028769640692693225
-0.00037936656220538393
0.005726222263080907
1.440747504391303e-05
8.324121701848642e-06
0.0019819080025746593
0.0002100721357249499
-5.268586999382645e-06
-0.00012377710896796181
6.17283770328738e-05
-0.000942457483350161
-0.00011224362697912217
-1.77028897155258e-05
5.413015613199163e-05
-3.0021502127306046e-05
0.005843661182194626
2.3132631730310517e-05
0.00041272173147147617
5.2499087719523126e-05
0.00013246056281980805
-6.417828713296798e-05
-0.0024095288622727707
-0.00021043424619663427
1.158381248524126e-05
-5.731714296602382e-05
3.56790543491788e-05
0.0011475320451194125
0.005687689489284892
0.0009702366375855416
3.345275032214199e-05
-2.5304469354117668e-05
-0.0003460121971133018
-0.00044039573319934553
-0.0004886463762805639
-1.920539410132434e-05
2.6760459283741184e-05
0.00018279388252456194
0.000223637091322263
0.12189347143230356
-0.016121245265982232
0.0007375352880825171
0.01870534534035565
-0.0005215568986786695
-0.10870448703730536
0.005876729757126753
-0.0004644076631330066
-0.006638210597595028
0.00028687957061741863
0.2128706154716033
-0.015861236150539425
-0.0018353822639019545
0.0030255137075421963
0.005887969636758035
-0.17398092070645277
0.005956768375252152
0.000676393519489126
-0.001136316507805172
0.16679849838308256
0.0046857679056590724
0.0031174241665848134
-0.0004597281754990604
0.0059409917042013444
-0.13858369815492913
-0.00177120347816796
-0.00115759957039283
0.26583063700188014
0.003434213246020671
-0.006468974182219835
0.0006977117964626539
-0.001763888485983796
-0.21328941451294603
-0.001287250678494264
0.10905732280778185
0.00029576240465981963
-0.0011347348046505286
-0.001165965260914881
-0.0012839312791247041
-0.0989101837490014
0.024381407479050977
-0.002103667226440631
0.00028195408933323493
0.0021665592340566887
-0.0001588822196949996
0.03565197981497561
-0.0022205111768973393
-0.0002593013292031042
0.00041671646657894266
0.028835228986685967
0.0006636595418288975
0.00042098013555029305
0.042931571754617565
0.00047672259075354174
0.022544002177534925
0.8301631853684037
-0.03675574392162352
7.392822613092055e-05
2.2859848342417662e-05
-6.800012460028381e-05
0.00036455858575771644
3.728758592823681e-05
-0.00019415897490121064
-0.0009851719627852918
9.924494898370462e-05
-0.00011145876079766281
0.0011707625726856098
3.783944742974657e-05
0.0002819950984677809
-1.1665044078105394e-05
7.259898531225948e-06
-0.00016210197362030162
-2.7399006650573236e-05
0.010913136772702255
-5.233513334626461e-06
2.4677803457597215e-05
-1.6666555499632514e-06
-0.0005738401618700435
4.225783487117462e-06
0.0002343694934647166
0.0020191816984132267
-0.0002269221681314567
0.0002489980367067193
-0.002502267510309908
-7.198102539541536e-05
-0.0006514267082258823
6.574041239167667e-05
-7.112077478670347e-05
0.0006321006041783254
3.8373015697657767e-05
0.35899577413282957
-4.578011005793275e-06
5.900934104970693e-06
0.1500690979593071
1.864731639416457e-06
1.0629887083092233e-06
0.00010240203267779721
-5.473329561474825e-05
-5.253121623017316e-05
1.5552927392377396e-05
-1.7720351738504493e-05
-1.0698508047297645e-05
-2.0577055588456775e-07
4.451448701424239e-05
-5.03183089413783e-06
7.082995218300602e-06
0.3589889894429596
2.1625595698832153e-06
1.9884188128857863e-06
0.15015974058715675
-1.5891003735755374e-06
-6.038998839616039e-05
8.687092669162601e-05
-7.5768051741643315e-06
1.580781855301935e-05
6.323119038953325e-05
2.977416399922539e-05
-3.7822056558524965e-05
3.7365107053160753e-06
-2.354545353729332e-05
-1.97326969446545e-05
0.3589732954583321
8.769549551639871e-07
-1.4284340280324438e-06
0.14999107045464935
-3.498976984865572e-05
-5.128118881672404e-07
0.00012785775280186747
-0.0001852208932982341
-9.167448144310112e-06
4.9304327820024996e-06
1.209554702580382e-06
-5.277618112215489e-05
2.932958932817536e-05
-1.4257103465642256e-05
0.01811479220587984
4.9185398031657246e-05
-4.886673082921711e-05
-0.0005601936434000797
-0.0001844674162037892
-8.098245512051015e-05
0.00011346787518633179
-9.416041226650615e-05
0.0004181659635359422
2.9703771840632904e-05
1.1082324074004013e-05
-4.248013688470608e-05
3.4050205680975406e-05
0.018464416919589645
-2.2795799115816326e-05
-0.00016025876963884689
0.0002376988538295851
-3.8802936935516495e-05
-8.301226083109669e-06
0.0008765620306337707
3.4979840106752555e-05
-7.122084170782731e-05
1.5742465099875144e-05
-6.698824145620727e-07
-0.00042731188100123213
0.01793798880815634
-0.00023257020524360516
2.5127415027302175e-06
0.00040530106173584815
-0.0007352716676797988
-0.0001448314769183918
0.00010291245819295513
9.942436997881772e-07
-0.0001226166320959219
0.00018741706377115437
5.1969335386079453e-05
0.21158470784963068
-0.0032042107738521042
0.0003787362364055643
0.006867595168006683
-0.0010212123233224123
-0.17998531476720758
0.001202319584513996
-0.00016632939634994977
-0.002567653669873397
0.0003547283503816818
0.23640118091282944
0.0002708028974777202
0.0003137263995058821
-0.00015794901244915033
0.0011811903816799376
-0.1995217332537021
-9.983335681244137e-05
-0.00010700727449615461
4.3697860958007346e-05
0.23723077984396165
0.00014674434472089704
0.0008841507248985343
-0.000173219991171906
-0.00010016088735465855
-0.1999826846350601
-3.356921777472447e-05
-0.00032146629832726834
0.23496178462532685
0.0006383180823856515
-0.0025283670764976013
-0.00010853577729949626
-3.5653013945138764e-05
-0.19871548952139073
-0.0002173834728032436
0.21346404661220325
0.00035323077125865016
5.14031163198204e-05
-0.00032888351389726597
-0.0002255992279781542
-0.1810593452003197
0.0385869927023432
-0.0004299026356224147
6.548907134929015e-05
0.0008762329823218111
-0.00011937355635509623
0.04220881964170938
3.6170825499927103e-05
3.567436074538284e-05
-1.4637112656849645e-05
0.04224862513836932
6.854432574928589e-06
0.00011597398655751852
0.04210395546961854
7.527380789599097e-05
0.03871943457126194
1.0504809891125535
0.024018047814412646
0.0009723420036242457
-0.0002309543029080101
0.00031059144999709567
-0.0007128874590437546
0.00017291851885733268
-0.00021759900818175732
0.0017659207915769084
-0.0007656071159091438
8.063003974024063e-05
0.0014974987269848496
-0.0007243935851452563
-0.00026391188060702645
0.000200538611331323
-5.947351116614281e-05
-0.0003380795541203375
0.0004015619648562016
0.013117519518112061
-0.0013409071501930467
0.0003597731527722991
-0.0004582598978565933
0.0005834198618597632
-0.00010633970446009148
0.00013854259337236593
-0.0016306291486820332
0.0008838469179693522
-3.871294750118864e-05
-0.002322965418734435
0.0006909638028791962
0.0004521899066196611
-0.0002771024855353977
2.9813528635618997e-05
0.0004827183761920264
-0.00037182380262291975
0.5561527183273441
-8.526667325632509e-05
-2.204201422524314e-05
0.10028809117719727
6.319413840783363e-05
2.3880166093495513e-05
-0.004701713296187156
0.0008730790753509003
0.0004326820552022373
0.0002652644527749498
-7.547805483978882e-05
0.0022032598015450464
-0.0004363725959893391
-0.00013227254958258358
-0.000104430748653855
3.2640755202614114e-05
0.5560864914343308
0.0001272564011673736
6.358226859328574e-05
0.10033470464027236
-0.00010534898607389632
0.0002680696848967365
0.0007525848796913558
0.0001986900961855153
5.091123263590009e-05
-0.0006928611334012099
-0.00010801151716297662
-0.00026252248650443543
-7.555537002664019e-05
-3.0398814683992755e-05
0.0003835956787464906
0.5558318082959279
2.408290212918484e-05
-0.00010478535770197975
0.10080403103691962
0.00042544736920185623
-2.2637551092119604e-05
-0.0001585415670767502
-0.0001689472499743159
0.0006354264298137509
-0.00023552090274402756
8.289284269745433e-06
8.29398352020728e-05
3.4031225376019266e-06
-0.0003061925963809474
0.005769110254598877
-2.5616526952824265e-05
-6.8390991250013065e-06
0.002185284520704208
-0.0002764550446772569
-0.00032266716661488384
-0.00017414542792630575
4.252168141017828e-05
-0.001084552206972946
0.0001419333128373573
0.00012808193633146857
7.520626984135862e-05
-1.7047261363493878e-05
0.005804341810210556
4.805732797417165e-05
-0.00015440684703003007
-0.0004244506047594474
-0.00011124340726323756
9.725357699767937e-06
0.00019519135600745626
7.023658298830624e-05
0.00018292997021382743
4.387786952456394e-05
-1.4738568360149031e-05
-0.00011982301723991235
0.005672289931601608
-0.00011903330857267351
2.118709329688156e-05
0.00010188258290567552
0.00023292533467900205
-0.00023926062355808812
7.430277006859686e-05
-6.342836617714162e-06
-3.262671066278658e-05
-7.725797386023438e-05
0.00010892045720509199
0.12043604220940174
0.02053566751219477
-0.005091323865609524
0.02245251977931051
1.1996905927176475e-05
-0.10776582664214607
-0.0075173471752072365
0.0018359212416060753
-0.008163414859459279
0.00016233377646988342
0.22647166476722388
-0.011955674088828312
0.0019842219529315162
0.0098407938933859
-0.007522828289129818
-0.1842182848275022
0.00452915658464249
-0.0007355265916100668
-0.0036679900032817086
0.15738244288051684
0.0017855693348113693
-0.003631198622151781
0.0018350722462482619
0.0045274965061481
-0.13148364546372399
-0.0006841700990951208
0.0013431177679087795
0.2718213880252233
-0.00043726322777586725
-0.00784298963452892
-0.0007668059387668945
-0.0006605567687254963
-0.21781967289996124
0.00012289685762398165
0.10775425298467527
0.0001669009586279062
-0.003626709085441796
0.0013509654298247099
0.00012433679450375354
-0.0974924080054192
0.02426166592723016
0.0027056750763039374
-0.0006289333726052129
0.002732411766723141
-0.00015124273434278306
0.0375801996355587
-0.001709587215434694
0.0002859024847434588
0.0013267687787713086
0.027503911570688815
0.0002496738287848501
-0.000485898381180484
0.043779668504881616
-2.5891912245909766e-05
0.02216389063205198
0.053241772556173156
0.2835765004081794
0.00020727329707709053
-0.00010012874749260986
0.0005594828343300383
-0.0004343771224609692
0.00029921616599173586
-0.0010104888949492065
0.001129328142738322
7.574551877700866e-06
0.0001908061073505081
-0.0012078584163227376
7.80413698667642e-05
-0.0002749332836574339
1.5155921387546812e-05
-4.253674327961189e-05
8.214902089356e-05
2.752405873361588e-05
0.4785139658669997
-6.358667392460988e-05
3.9061064616890354e-05
-0.0001384667835878652
0.0004481325964730517
-0.0002750448291610953
0.0010901886330221412
0.0005151923880953209
-6.102953349164862e-05
-0.00011987636211928083
0.0005857408830453057
-6.273632808686485e-06
0.0008593507213327519
-2.046079767013695e-05
-4.854446056885421e-06
-0.0002907099332766864
-1.1393507490916187e-05
0.3914456102683441
2.213846786666749e-06
1.1260137332844692e-05
0.13808841908107777
9.905687967178452e-06
2.3883083275982232e-05
0.0004006783192815696
-7.955346555212867e-05
0.0001608258769308304
-3.3127241858937307e-05
1.2717265878318352e-05
-0.00017904405551691106
2.965052755461199e-05
-0.00017165056185225588
1.5194293673566766e-05
-3.437223962113526e-06
0.39168586667484456
-3.9832152749541915e-06
1.0277625095965309e-05
0.13900447289386264
-1.0159839250967108e-05
3.116023425437948e-05
7.840650958673335e-05
1.193568877857801e-05
-2.039192069204235e-05
0.0010989095083381597
-2.4703520548235803e-05
-4.327382374774817e-05
-3.5159872417130227e-06
1.2123039318782939e-05
-0.0004910630928025843
0.391583239892775
2.4385783821271744e-05
-1.0111166038576104e-05
0.13875613312140597
-0.0005177237607346256
1.614923059964097e-05
4.851727814167959e-05
-9.618901110719153e-05
-0.00016286014629796162
0.0002239858511878248
-4.504802119260102e-06
-4.489993190717625e-05
0.00011652328209656912
7.495572245830342e-05
0.015560844684461738
-4.320740992278222e-05
-2.3299863100564436e-05
-0.0007813083946433001
0.00038740351996108865
0.0006778139063681446
0.00021849284575401934
-7.926650296377319e-05
0.0004996429936450056
-0.00014786293950582238
-0.00019872349914786666
-6.89589836231663e-05
2.862896569615453e-05
0.015520751232695291
-3.523923914897495e-05
0.00012202999057429508
-4.278741501123319e-05
-5.0251742259558495e-05
0.00017616249753051686
-0.003026478261134914
3.174877252107964e-05
2.891620819297246e-05
2.279866342293767e-05
-5.622203209565486e-05
0.001479761830953922
0.01519423256317638
0.001594020746911392
-9.743766854843902e-05
0.00032208101298152286
0.00023778303324577973
0.00031886150699065544
-0.0007303517807555663
3.5148081722967447e-05
-6.896639949433475e-05
4.9457607974975625e-05
-0.00024172614251166235
0.18094159739935795
0.005651557028885563
0.0006690936096637537
0.015609561602559968
-0.000131028387407717
-0.1332472284423215
-0.0015805586146863497
-0.0002121308273182352
-0.004547983122206223
-2.0748449785836996e-05
0.24258797619584554
-0.0008419690584966039
0.00022582539497329688
-0.0005266055549402605
-0.001573988401239729
-0.16962107520281983
0.00023162214594938876
-6.406305663852975e-05
0.0001368619321391701
0.2455593579063081
0.0003033811710520797
-0.0018093396730979082
-0.00022337567150802686
0.00023774087164712396
-0.17071051778167123
-6.364141014494255e-05
0.0005290421706816064
0.23833616540671387
-0.00030735310729110516
-0.004175727120817346
-6.609189951891328e-05
-6.072168788466745e-05
-0.16803257602500624
9.852942667420456e-05
0.1739265683042766
-2.1068955978418865e-05
0.00015900554041580655
0.0005322360850285601
9.957814712997562e-05
-0.12900500145626548
0.024841691840349615
0.0004156489601265732
5.844539786476728e-05
0.0011005480476452747
4.299073969212289e-05
0.02982038785544128
-6.96045953342373e-05
2.0285582622229195e-05
-4.399676903389032e-05
0.02984271450441674
1.0337843716456675e-05
-0.00014734168095181083
0.029747145861950305
-3.3249185181025414e-05
0.024199018408134276
0.05329463567340291
0.28494214142658003
-0.0003419452980559375
0.0005241832608617264
0.0004739916329994763
0.0002638924581088223
-0.0008476743672505606
-0.000760378207290719
0.00266094604119374
-0.0014465625099157834
-0.00018596221118233642
-0.0021178261299597293
0.0005211532236049802
-0.0003397609331884055
0.00031868571461165715
3.2465131351311563e-05
0.0008211847620150593
-0.00010825790705686669
0.4781006569769611
5.5544366453594434e-05
-0.00014588034884696068
-0.00011079862932264641
-0.0004552420529913899
0.0009480195394917135
0.000921346086956118
-0.0019433610357044227
0.00016679201832624913
0.00013097922012438504
0.0006765748730973202
-0.0003434454229511826
0.0006149591770226183
-0.00010300605005371312
-5.830334666640461e-06
-0.0012497924546448751
6.345748610548806e-05
0.3919758473082722
-5.142648652633119e-05
-9.326114394551329e-06
0.13991360024736743
-0.00012422433835008426
-1.1039210589049834e-05
-0.0002775495811962082
0.0009181442019874974
7.42030255941808e-05
-0.0003300128191950445
-1.7159429736655365e-05
0.00019064930395206565
-0.0004145243977386922
-0.00016162844872575526
0.00013064329972492414
1.1296924442095603e-05
0.39215409379219923
3.0120548259020133e-06
-0.0001308782571064887
0.14036504022206905
9.272286168468806e-06
0.00022711440457810807
-0.000656575853408388
4.316037675839606e-05
0.000696414478043199
0.00013245643552882918
-1.9344759776558694e-05
0.0003413437814519772
-6.78141626407704e-06
-0.00033394527637390834
-0.00013446193900345594
0.39189587500189715
-1.2389536285903807e-05
1.1059983769378892e-05
0.13931994370883294
-0.00039261415343425034
-2.6899811132102187e-05
-6.336682558242487e-05
-0.0008021336632345074
0.0001174000219386809
0.000165056637233584
1.4556386122932953e-05
9.507312557285983e-05
0.00037320627094997427
-0.00012750930566392932
0.015022936149193845
0.0004548641621257877
1.3985892120791907e-06
0.0005902467402089993
-0.0030001693912294998
0.0010509478242287313
0.0011470563436077465
-2.9596060697642922e-05
-0.0001621228373255217
0.0012715076873174302
-0.0003353470566678237
-0.0005085735176895209
-5.881824757135485e-06
0.015549875332666479
-2.8305627282601175e-05
-0.001830314462466663
0.0016025953071570668
-0.0004264327351253955
-0.0017478418159516482
-9.605927084152027e-05
0.0006279289214179723
-0.0006855325725163663
0.00011374462850472277
0.0008003714316929713
4.8306928413886475e-06
0.016119135994415314
0.0014375223705301652
0.0002646692871355428
-7.195268271380493e-05
0.0030482865959690145
-3.2550802552172483e-06
-0.0007067188721075536
-9.694004508357399e-05
0.00014165164383886042
-0.0014334323206426475
-9.190663785823983e-05
0.22496675681959738
-0.004269986804788564
0.00022148566976701122
-0.06968343681919159
0.00012668106249562008
-0.16111148782882073
0.0012282128265908472
-4.229519517129396e-05
0.02184376958283254
-3.641992531009288e-05
0.14907200200356288
0.007057176754022463
-0.018428024511278333
0.0012070696385806383
0.0011586419381609547
-0.11350673195479498
-0.0021350083694080977
0.005599710404321162
-0.00042626093063119757
0.24282947754141068
0.0001330881161234816
0.00022180721984185417
-5.891988666877784e-05
-0.002155316172441855
-0.17062013200203446
-4.5182128500874724e-05
-6.244810177478468e-05
0.15776947831448157
-0.0004918718887201561
0.02108606167415302
0.005657669759907509
-1.540295171938765e-05
-0.12027037860969876
0.00010819239538973549
0.23683091350700664
-2.5833103378300828e-05
-0.0003900105735617411
-3.5872700121249425e-05
0.0001445927772817644
-0.1680102050856711
0.02900093473458301
-0.00032512766506500354
1.358647838671954e-07
-0.006247889366392527
1.474494446496418e-05
0.021810684293166877
0.0006383671507128321
-0.001656500148650138
0.00013284288234681517
0.03015251951979494
-1.4464756106364389e-05
1.593601713205416e-05
0.023166247190640636
-2.612899397098237e-05
0.029965895941322408
0.8303469720442602
-0.03767300353126932
4.338280690353755e-05
-9.017194814192316e-05
0.00014259885171547508
0.0001315887540743287
-0.00047093315570526464
0.00046488431310661273
-0.0011915861229783804
-0.0006045251090484138
-2.2802010514190954e-05
-5.7132334453013564e-05
0.0002712363395264326
0.0003239499681929776
0.000285598025318214
-7.477596311645883e-08
0.0002826226017119373
-1.0410030654402987e-05
0.011515948959604604
4.764679873405019e-05
3.315818650430451e-05
0.00011073838410808775
-0.0001319156252888053
0.0008058017130280035
-0.0005035551428732299
0.0023229595658363273
0.0006408992463324619
7.11990383181137e-05
-0.000463543609061097
-0.0005829966149647273
-0.0007175328615566423
-0.00041635208760105145
-6.224041214052469e-06
-0.0002587648792948688
0.00017403860379984202
0.35884511925154955
-3.926479815637593e-05
-1.320920116294582e-06
0.14989600694938468
5.1015064109790094e-05
-5.5936455344807195e-06
3.660292089930112e-05
-0.0001250679570702735
5.595292983430623e-05
3.9000259000889616e-05
1.0551165459662055e-05
-4.935330818016623e-05
2.2120371421262976e-05
-8.645637440853529e-05
-7.870007877403463e-06
-3.5089206875938283e-06
0.35888549859019875
-2.2871923572199335e-05
5.263524599803057e-05
0.15019053475625624
-1.9417110732526258e-05
4.5474894330223896e-05
-2.8350892523019634e-05
2.924332952622275e-05
-0.0003854605199204281
2.888959977621202e-05
-1.6565975660600693e-05
-1.5430320327164526e-05
-1.0043295239960574e-05
0.00011685638043529707
-7.469692341901593e-05
0.3589008776727051
-5.26769879890126e-06
-1.869625841386531e-05
0.1499014532915819
-6.712168867011416e-05
5.0590734437912235e-05
6.607707167403269e-06
-0.00015365375201752883
-6.187455116302639e-05
5.061802259353133e-05
-1.7611640421100914e-05
-3.663691240171654e-05
0.00010139020015286951
1.4683505975660999e-05
0.01831463010386777
0.0005006038986270793
-2.582174851353472e-05
-0.00010657084643255629
0.0005329424609767251
-4.4482085970009444e-05
5.475128499657604e-05
6.763960030719224e-07
1.6125920922322154e-05
-0.0003902120578956113
-3.7016309146769286e-05
1.424923460749128e-05
8.551486319397286e-06
0.0190676574485881
3.17331772026584e-05
0.0002534069033405513
-0.0005481224242028177
0.00010794206641824837
-0.0010583113714881637
-0.0001240548903104655
-0.00011545356991779797
0.00020285721369378302
-2.9637331842931668e-05
0.00019859244940059184
-1.2797561993571234e-05
0.01812061405485888
0.0004250285767982248
0.00018925302190792194
-9.054927426754351e-05
0.0005768985196551461
-0.00016802275389845472
-0.0002502901296772914
-5.990988326714501e-05
-1.137705357735588e-05
-0.000389776710194224
5.651332694864815e-05
0.23138015665737582
-0.0030785448769194562
0.00022543221740292289
-0.021665529463784125
0.001083808092145791
-0.19543393334495074
0.0009853672837279628
-9.651956374988694e-05
0.008520614897312331
-0.000449980517407055
0.19162303969772432
0.0011779937652752997
-0.013108538770113566
0.002258204098689518
0.001012596396807006
-0.16617399483768264
-0.00042687785062568923
0.004532428919062981
-0.0008160225862167054
0.2373879789346669
0.0008606604563221089
-0.000954408554471811
-9.641654807802796e-05
-0.0003940646737154445
-0.19984908428840567
-0.00034489130116473166
0.00039690328196976215
0.20713312221831726
0.002712936260513552
0.00845260652563476
0.004535269043688677
-0.00034432503817670245
-0.17727095842341778
-0.0010237407517246758
0.236316196367228
-0.00045407836202940375
-0.000810439815313345
0.00039849794977914974
-0.001038069238250263
-0.1992195230470591
0.04140660334127529
-0.00031044969059362815
3.757133036873124e-05
-0.003177743428456769
0.00017992677466484295
0.03627247982113174
0.00013775656328288708
-0.0015047939712800593
0.0002807472185654051
0.04217692112729758
0.00012980481953188454
-0.00015269909601526376
0.03818038491546091
0.0003773674568223036
0.04211332866928583
0.053302547550514556
0.2848606966225404
-0.0003726521788249251
-0.00047422010639882104
0.00037956609970063725
0.00033827785184340116
0.0007910001321623632
-0.0006468169107869152
0.00263992171563245
0.0010379550682258498
-0.0001703423700005278
-0.0021919766733536736
-0.0004212647540248219
-0.00030693651631052374
-0.00018227573384233892
3.452980960896295e-05
0.0008735282967304556
8.457216209248818e-05
0.4781326341326193
6.736824179017025e-05
0.00013610062701387664
-8.840404490780851e-05
-0.0005185499098775089
-0.0008650443277934003
0.0007730294132066894
-0.0019045383688451453
-0.0003516469614359295
0.00011437406690855663
0.0007867123181854612
0.000287202637434174
0.0006052592907393602
-9.008311900273411e-05
-1.4421812027076934e-05
-0.0013226204414642823
-4.015480921721431e-05
0.3919522632475041
9.519193793454357e-05
-5.825311679974458e-06
0.13984207967734708
0.0002213344172438341
-7.445085577640318e-06
-0.0002703076385443087
-0.0008613466456224172
6.59043764691104e-05
-0.0003144022387704253
1.9490862678938645e-05
0.0001894493609009723
0.0003771460261323005
-0.00013391407293124238
0.00012064226460027614
-1.1063067558894953e-05
0.39213668808707536
-4.353367158751761e-06
0.00023201261148898683
0.14031155398392003
-1.4199163639115029e-05
-0.00021746311907184677
-0.0007109125662134884
-2.875669952418125e-05
-0.0006233514255844378
0.00010514299766799747
1.9388831864893458e-05
0.0003604011903325465
3.1521274570748072e-06
0.00029451958200179987
-0.00010662706900130115
0.391874846780433
-8.576764248154316e-06
-1.6056708424081784e-05
0.13923710820714197
-0.00031463968897381324
5.370790574547278e-06
-0.00010375559579782923
-0.0006461609382342787
-0.0001235283935646427
0.00013086192090178947
-6.348485729574566e-06
0.00012247071104875995
0.00030071499843873994
0.00012136680941057142
0.015023605129685608
-0.0005175679552008596
-4.924802863455956e-06
0.0005981449621895814
0.002946423165837855
0.0006710251379868105
0.0012207266707816972
-1.3388395495332701e-05
-0.00015416048004301093
-0.0012163481329939196
-0.00022387629877818565
-0.0005170826480323548
1.7938681462271673e-05
0.015568654382835912
3.127662594615307e-05
0.0017910947490204282
0.0018952904334820682
0.00030070980166718893
0.0015811394407477717
-0.0002757631093090395
-0.000599302589246608
-0.0007914936170051325
-7.59003322476606e-05
-0.0007151632884683683
5.777325165619911e-05
0.016195150668113535
0.001226179505083334
-8.008719653136043e-05
-0.00026344977083285254
0.002604636438855169
-2.5630236447507214e-05
-0.0006149599948889164
3.5884261716026425e-05
0.00014938353157366958
-0.00124465302204749
7.544566201557754e-05
0.22486364606571937
0.0036813119273526517
0.0003669179799694266
-0.06969549827484423
0.001079780253844454
-0.16101121612574182
-0.0010310740119147022
-0.00011183090768373669
0.021788789871865555
-0.00034573468071727524
0.14847726464305133
-0.0057025931317955525
0.014715237329667043
0.002623285989271568
-0.0009676855278161848
-0.11312769986052629
0.001716196696569115
-0.004395172829262041
-0.0008622424088245099
0.24338359671954826
0.001076915650462551
-0.0019109045560227952
-0.00011578028310287436
0.0017512112478225423
-0.17084637832111893
-0.00034540718332955243
0.00045106664378962704
0.15826496942354767
0.002026727317640525
0.021013640864230486
-0.004425529013819338
-0.00032659478058447687
-0.12066784304861289
-0.0005939096007641416
0.2355322461070491
-0.00034103215118340847
-0.0008287782030121278
0.0004240734479598728
-0.0006157138006369675
-0.16718991147501946
0.028979382030751684
0.00026042229938087974
2.6362994849154435e-05
-0.006194955727144909
0.00010214901245929179
0.02174738282846416
-0.0005153433089744316
0.0012576282461377935
0.0002674782115390185
0.030168680273625355
8.702351454919718e-05
-9.10168233266678e-05
0.02325186459599711
0.00017481582741002617
0.029836186339622116
0.8303322819634026
-0.03759974048735219
5.297326964245174e-05
8.531039914357108e-05
0.0001316248808284499
0.00020031332318293422
0.00044977011773281124
0.00043419082934795304
-0.0012473423079132264
0.00048438827460192853
-2.871797906387227e-05
-4.150535805595238e-05
-0.0002631043571432955
0.00034468480247263505
-0.00022083897806271638
2.846489332973738e-06
0.00026663408690344643
1.2295972925633445e-05
0.011455239745751692
3.9833938882315734e-05
-3.3189419915209006e-05
9.641327473450588e-05
-0.000259208259484786
-0.0007735727990716825
-0.0004761158929775708
0.0024586124026616026
-0.0005703782041121363
8.411525740801627e-05
-0.0004379635583624252
0.0005651247877302473
-0.0007475220425853488
0.00031910206265292835
-1.6295638723242153e-05
-0.00024468304117680295
-0.000166161139936761
0.35884220827386226
3.742847338373052e-05
1.2051566280717066e-06
0.14986638392988913
-2.619412535751302e-05
-2.4402581807161076e-06
6.21659516904875e-05
0.00015517686910871092
5.0167797723266746e-05
2.7195241129699415e-05
-1.9373290542450263e-05
-5.117955588501119e-05
-3.725161675513846e-05
-7.858437004752969e-05
-4.592964404813305e-06
6.36228479137615e-06
0.3588887892263989
1.9606921719274596e-05
-2.728238708488219e-05
0.15017472815823757
1.4187544752848103e-05
-1.375254773965528e-07
3.190404214157809e-05
-3.8367787217643415e-05
0.0004739640316178699
2.8401573077683423e-05
3.178635797680201e-07
-2.8551737076554934e-05
1.3053462033863026e-05
-0.00015143899871416914
-6.849932777743696e-05
0.3589019388204674
-2.1262318081084027e-06
1.3324875463525052e-05
0.14989841792862935
-7.147899877992005e-05
-5.129597508081565e-05
6.117205942529261e-05
-0.00016774428988326276
2.96289371574508e-06
4.7730003321863853e-05
1.7497558063873906e-05
-4.698067246316268e-05
9.88392805763806e-05
7.436200833038404e-06
0.018257124454252868
-0.0003451044433813383
-2.3017455852280673e-05
-1.369479286568091e-05
-0.0003422182147382436
-1.740653372312787e-05
-3.8291424142178264e-05
-3.441980517623704e-05
-4.157374659710107e-06
0.0003111327543474612
-4.253313396651127e-05
5.3650686737410376e-05
7.307756236128572e-07
0.01901354560446271
-4.253974024599042e-05
-3.353037016901452e-05
-0.0004357181097967661
-0.0001436575524057966
0.0015058216616384238
-7.019016975001582e-05
4.29110312245098e-05
0.00020684245835686402
4.00179246726771e-05
-0.0003531156626141967
-2.6819922439096988e-05
0.01811956408265107
0.00034329212608047655
-0.00018230476187897603
7.554660964623951e-05
0.00039583550184641575
-3.859976246353544e-05
-0.00022084641907889595
5.44007549191359e-05
-4.262586423174446e-05
-0.0003243879826813277
2.1555898984769276e-06
0.23223876650585418
0.002342103731812966
0.0009736495878258357
-0.01943770220429305
-0.0012351203615019427
-0.19599915038390672
-0.0007142805106728778
-0.00035212496577578735
0.007758664585906569
0.0004961468169735148
0.19474752461191444
-0.0008503933278168159
0.011774890828810718
0.002147019577676022
-0.0007378729751674675
-0.16833321175672813
0.0003112385373077383
-0.004073806164575399
-0.0007818238182049356
0.2373807549585799
0.0018438944703253169
0.0011336625459787831
-0.000341376480112157
0.0002892421622129369
-0.1998239960103132
-0.0006587088810219221
-0.0004479592949075041
0.2092121791782537
-0.002735972400952336
0.007680011604416262
-0.004076652417895878
-0.000679215701893218
-0.17869122631677026
0.0010247318307651065
0.2362905116922546
0.0004971361949094945
-0.0007730173841292668
-0.00045069286272275596
0.0010339338507646956
-0.19919581396276925
0.041494239094942625
0.00022058371064903143
0.00012010378264706116
-0.0029136544220778812
-0.00019269525832433864
0.03663058642749163
-0.00010209444880889454
0.0013692219026650264
0.0002695290433494732
0.042165512356752824
0.00023420404295903264
0.00017174620660640223
0.03841837970781207
-0.0003746420860076577
0.04210613501736596
0.9996273113222258
0.026416848427594772
-0.000640744255024275
-5.188371710865117e-06
-2.4105667925733516e-06
0.006324093880508374
3.6343346588581852e-06
9.348335801566888e-05
-0.003846658841124884
0.0020339842642149884
-0.001768713310797947
-0.006565202417568139
0.0004961063638840952
0.010229048403186844
-0.003448863539626185
0.0035903598557826006
0.010175436327700503
-0.0010040913769185492
0.5109496239517441
0.006741832426839322
0.00016767887503873824
8.43518561042411e-05
0.01934359351989009
0.015254540740635586
-0.002159750419672154
0.15124400908345703
0.024837669713657598
0.0009643801630344938
-0.18408326657866492
-0.006413050342555777
-0.44618426752401735
-0.06826672776827625
-0.00814352749079501
0.48194203797963253
0.01860623754438529
0.9969007312065019
0.00011586874218000049
2.7796153804475557e-05
0.07833156277817975
-0.0011739876693713468
-0.0001429442881630088
-0.03961596576047103
0.0006839329874706417
-0.0004944337927299001
0.004017983423591319
0.0006152377813494385
0.0657533577887564
-0.0012222224631433275
0.0007752789116476496
-0.00693073123647543
-0.0010556265123980954
0.9962939356881599
-2.0381697414989766e-07
-0.0011896673256791448
0.09114165033891072
-4.4175617964453395e-05
3.0298166693233497e-05
0.011419651925454598
0.0006184114379697819
0.0015338322150265803
0.00010157379492668693
0.00012695537594490741
-0.020157701850311533
-0.0010687318233853038
-0.002753724364705127
-7.968828903353802e-05
0.996787882141599
-0.00013767896062501716
-3.7464273967705394e-05
0.08150669639481145
-0.00015131064948752053
0.0006261063892106465
0.0035315365325309304
0.000246426363645804
-0.0007828575684752093
0.00012864996519485134
-0.0010799560670261916
-0.006476343391828406
-0.00040489931527204395
0.0009710194653254297
0.5166799499067009
-0.0249046242996989
-0.0029876572952820405
-0.9351349237506488
0.002426952578490396
-0.021164907334319707
0.06430385533158986
0.02129199046509135
2.270677808796786
-0.006160014843862763
0.046289668779889596
-0.16742994462991836
-0.05447853151509427
0.6549938362001881
0.0028211722657656654
0.02868807494633583
0.34473847465989504
0.018535335345972716
0.008746469438171468
0.008383398537948247
-0.06064418525288767
-0.8290373159378509
-0.04716935010602194
-0.02589499633667305
-0.013132343928736773
0.5212650255287298
-0.018867731909879747
0.015778766054542002
0.18165813568523959
0.002417743442766067
-0.07581891936744223
0.04106173598902328
-0.03966621187739122
-0.411161306021108
-0.00531805006412418
0.16915555454078962
1.502551387235883
-0.031211360720761708
0.019967339196293288
-0.32058325463768056
0.005757363014641635
-3.292729512898524
0.0752591210476079
-0.04138196654429518
0.6742404850868042
-0.006572408588339329
0.9123489785638612
0.012518793453391987
0.006335715804358651
-0.021882599251140906
0.07497953229002466
-0.9155986279241874
-0.028223983436749388
-0.013319811667764341
0.04671139551536534
0.8550294111170673
-0.009323936399314238
-0.041871623763488505
-0.041444649723697435
-0.02802883577836558
-0.6992796100685799
0.021078119320969667
0.08663652408341047
0.840985678016013
0.030164696328810574
0.6748465231708749
-0.013137165372300409
0.02128628062219008
-0.6170561336187973
-0.06843072344225697
1.8994385283287403
-0.00719615987544091
0.04653302478419047
0.0879984330369078
-0.06843521548447029
-5.125620947938733
4.503057875760785
-0.17809509761230588
0.08011760763865752
-1.405351530729342
-0.0013817366224374225
2.147922546677056
0.0639730541465798
0.0303760272474104
-0.09507421161832333
1.9606982538140691
-0.04826531375597515
-0.1722572609622714
1.84244986981684
0.15465248257389888
6.5616547249086
0.8300260007268037
-0.035958173771863014
0.0001738036824504269
0.0001386481568347165
2.3274118063756865e-05
0.0007721934385373547
0.0007304937450217763
7.739787278170803e-05
-0.0035928967314826123
-0.0011102396070185737
0.00012660256117997209
0.001860370888334234
-0.0006086535831986617
0.0010860811549851133
0.0001381141479811347
-9.193045228265816e-06
-0.0003813111948883402
0.00017125462709965099
0.010898571787027758
0.0006865110711095426
-2.8469436867826922e-05
4.801342272853585e-05
-0.00037106154166194924
-0.0012308247196913477
-5.225292068089545e-05
0.00837513596564599
0.0024512980260470827
-0.0002549606782544585
-0.004041991878282305
0.0013488512475095494
-0.0027667949906646384
-0.0007495211760697014
6.984758562780777e-05
0.0012138581436868631
-0.0004269002561949511
0.3593748295093428
6.700980262440857e-05
7.578220742037046e-07
0.15062283267296722
2.3029630252201335e-05
8.164228357275768e-06
0.0023713438506714254
0.0002372657682850674
0.00010645454396413366
-0.00011528629417620893
7.466397096204659e-05
-0.001176080042574566
-8.033161542766337e-05
-5.7150297591226326e-05
4.806355248057393e-05
-2.6611097066258856e-05
0.35917009001469447
1.9130136325118906e-05
2.6286698856791954e-05
0.15045005132270256
4.804057737067358e-06
-0.00023661903039410884
0.00010229850944062474
5.843619329713632e-05
4.417775972958894e-05
0.00010443392715981834
8.386405597921788e-05
-0.00016874526048649062
-2.2495034823916748e-05
1.7664811492137944e-05
-5.432906135957342e-05
0.35920221005532604
7.470587732067371e-06
4.924291238258418e-06
0.1504021910946808
2.769760152878023e-06
4.1879461551752435e-05
0.0004314614387655345
-3.235749600223197e-05
0.0008087064214293883
6.641501324737421e-06
-1.6725910657215096e-05
-0.0003014512402083521
2.527007785420907e-05
-0.0003020752666067215
0.017489085543854123
-0.0003465989178375814
5.6468427724373513e-05
0.006392148691486331
0.000770559748033966
0.00023411344791717846
-0.0003830490674536531
0.000338301688057667
-0.001858677509872713
-0.0002509713369284826
-6.410037021907545e-05
0.00011027441456586376
-0.00010590655088820967
0.018377743804404777
-9.607675854101039e-05
-0.0002992160510026847
-0.0003958977680368307
0.0002625649118853986
-6.751819111278203e-05
0.00022826009360658666
-3.0188941690157052e-05
-6.0450617828159786e-05
-8.713015905432916e-05
7.61724174766316e-05
-5.844697570047182e-05
0.01788365147366421
5.017281144991455e-05
0.00017330798906070808
0.0009619349751574249
-9.301746970838004e-05
0.0023087384510781218
-7.966227662748015e-06
-5.637332386985805e-05
-0.0005042628377203088
4.787552826878544e-05
-0.0005172772388689692
0.2317347829024058
-5.5422218756909e-05
-0.0005202518188214584
0.002149012865416808
-9.143764219744985e-05
-0.19546579941114348
-7.550757831039731e-05
0.0002366228955445719
-0.0009936317237690413
6.455998324418928e-05
0.2355279648941246
-0.00037321796366802576
-8.321367038638711e-05
0.00026756951989855937
-8.602448345661526e-05
-0.19942037376585053
0.00010019008697311045
-3.576440083853684e-05
-0.00011774124490240117
0.2359528832050783
0.0003254166060384497
0.0027985079067145207
0.0002349623580339727
9.998530497898803e-05
-0.19977492457056295
-0.00012409615779807409
-0.0011758916383260783
0.236491454403054
-0.0007056354795017417
-0.0009632297092772307
-3.8885272396945296e-05
-0.00012197145509633916
-0.20006693880566712
0.00019619770113775984
0.23008527946689294
6.830326971248733e-05
-0.00011959068525613227
-0.0012064037897205047
0.00020903940487851616
-0.1927205101491387
0.04144441341391781
7.252844666343132e-05
-9.602823845102636e-05
0.00037546200687287197
-3.0059492242151165e-05
0.04229981894233903
-2.4370813318742113e-05
4.021342218620077e-05
4.8641470197635104e-05
0.04235987871954513
4.5107242342369385e-05
0.0004730264660694659
0.0424019951385929
-5.870447661575225e-05
0.04073820462951272
1.0518864227868967
0.020797237140166718
-0.0025049138112156174
-0.0006901345977229933
7.680632095257239e-05
0.0018068917512041116
0.0005836804212104186
-7.990392858991565e-05
0.0008183870136495609
0.000450872868468989
-0.0001380764247364363
0.0010933508325769708
0.000737071236842501
8.032668075559598e-05
-0.00032465590672464803
0.00015367472772553182
-5.113040073260907e-05
-0.0003592412301646439
0.014605724522878102
0.003445904333177897
0.0010900111765608234
-0.00013898873373044922
-0.001411743403406906
-0.00040839828547007464
6.078872259051329e-05
0.0013210428292106827
-4.988809690639168e-05
0.00011153313368632119
-0.001710225997787815
-0.0007439996555484224
-0.0008825784817056236
0.00022353072978490256
-0.00014398007289357246
0.0002637316800317968
0.00037117462820607044
0.5555342335681521
1.4871001143315388e-05
-3.698404915977996e-06
0.10088619296163767
5.265311082186938e-05
-5.581066823960041e-06
0.0177968077376624
0.0006107535107139837
0.000230876473602047
-0.0015571466887625666
0.0003164059681097825
-0.008496048212648027
-0.0003342443842020808
-0.00013381641991195
0.0006341051062262652
-0.000136443131841092
0.5562670310504468
-5.391479030104205e-05
5.651370283476601e-05
0.0995573853440085
4.821489080846472e-05
-0.0018049317913570997
-0.004926356126796882
0.0006431517214852608
0.00022367396155103543
-0.0006812451620229037
0.0008774620431300714
0.002288909575671705
-0.00026781283188388196
-0.00017892847003667301
0.00033638922183298957
0.5560628596800233
-6.446411234780165e-06
4.8157172247508235e-05
0.09984915245036086
0.0008651521311657668
0.0004971940161300717
-0.004475012972316458
9.30946503519633e-06
0.002813264379424976
-0.0004011176084720019
-0.00021281953309410325
0.00196409382001665
5.482162291482136e-06
-0.0013723116975936534
0.005748836714331283
-1.9337010293600012e-05
7.264315583240811e-06
-0.007539190383520444
-0.0002604786754593245
-2.7763026059934997e-05
0.000878081895541943
-0.00014815261406106445
0.003907067931841113
9.748208047815566e-05
5.203415826534783e-05
-0.0003437059479897525
7.005337944602453e-05
0.00593168889550731
-2.9045267958943683e-05
0.0008580952962046394
0.002083810698796821
-0.00033560973800577867
2.8094103055171926e-07
0.0003253979456813099
-0.00042951513571003555
-0.0010543097684766855
0.0001454736525386282
1.4684595501104688e-06
-0.00017086844901197546
0.00583885617586535
-0.00040763372158390506
-0.00024192545199755764
0.0021807415581806423
-2.144743327735429e-05
-0.0013833704217816323
0.00020326458578276185
0.00010996842057132083
-0.001026296457166436
-3.2492750583632657e-06
0.0006798492982997486
0.12492087566640897
0.0032745624541769356
0.0005471915640503017
0.023186708735955023
0.001144200185319525
-0.11234540072052246
-0.001085621528610216
-0.000366153305692519
-0.008320940759222628
-0.0005213478567609582
0.16433718175086437
0.011837321524420436
-0.006293478566945442
0.001985793536182298
-0.001077161650175467
-0.1381538339861419
-0.004434719888173881
0.002338412794481084
-0.000800734008813672
0.1438735548068487
0.009448819493877712
0.001629465335873337
-0.00035500865799431683
-0.004419089751770794
-0.12254631358955521
-0.003506953678499106
-0.00031952040819294516
0.27712701530444717
0.005213294384028881
-0.008280360553799899
0.0023405139575890742
-0.0035079275836395873
-0.22115957963210764
-0.0018929739867225193
0.11513928194649542
-0.0005195683442052318
-0.0008070050265700053
-0.0003271566561828987
-0.0018935705084803017
-0.10456264582026562
0.02544273290466929
0.0003305323855927881
0.00023042362496733922
0.002874641832985928
0.00024115143276159313
0.02915044816254169
0.001637809480144788
-0.0008769124686833301
0.0003315228413978477
0.02615375255156973
0.0012950656543304182
-3.646008946772192e-05
0.04430907225266802
0.0006762720922184602
0.02387176163073137
0.0536491793156447
0.2848419277824653
-0.0013027728579389588
0.00020981324616247722
-4.473900275537181e-05
0.0011858034829974914
-0.0006173575397635742
2.7035914900132214e-05
0.005088751285176829
-0.00159039661955043
3.120560991250123e-05
-0.0015411201677826866
0.00012900059087816388
-0.0016956748626801347
0.00035375811380568376
-1.1116036765486133e-05
0.00021175746605446585
-5.8488700868778155e-05
0.47815530904448883
0.0003215792172424567
-7.993518259895055e-05
1.0304397536038137e-05
-0.0018644517196279406
0.0005309913508852185
-4.427117141678963e-05
-0.002353301447588162
0.0011098220124158673
-2.7408808704945643e-05
0.0007726475864609977
7.561535017741952e-05
0.0012896931826600756
-0.00018330656456374856
-3.7283239106797704e-05
-0.0008294144488378728
0.00010192105081061608
0.3921549806121952
-2.169920876168032e-06
4.55791379932466e-06
0.14051402303220645
-5.704120723339031e-05
1.6452601238689783e-05
-0.002713216711851326
-1.926479793125501e-05
-1.0982709573014777e-05
0.0002322005072075763
5.5242392842485515e-05
0.0014806027860570301
-1.8890011222632433e-05
2.2374183761950873e-05
-9.73441423249142e-05
-2.5779448396147217e-05
0.39221162052305525
-2.317712992395661e-05
-6.0412428749738434e-05
0.1404206962605202
-6.0170134212512836e-05
-0.00024168052313493964
-0.00022123156905611572
-2.1772174107208262e-05
2.883001253375367e-05
-3.7622425315061836e-05
7.514274065327659e-05
0.00026512646269061127
-3.379573976891223e-06
-7.869106376968981e-06
2.24019579135449e-05
0.39203797786323624
1.7323517691052586e-05
-5.8277829194693944e-05
0.13989666156458572
2.121064618458462e-05
-1.997120459029457e-05
-0.0002595815616423352
1.012463827827737e-05
0.000580398959004195
-5.538488987228288e-06
-3.3379739345972554e-06
0.00031746539811718154
-1.0694631146030287e-05
-0.00021279412180758836
0.015374101736348768
0.00020707679942309645
3.2006228562522238e-06
0.0027041573887669613
0.0009469947593019972
-0.0003680666534535968
-0.0012621704789022416
-0.0001287943762735896
-0.002358989180532469
-0.0002564445776624437
9.280807846329354e-05
0.00043749934655321624
5.797783085836926e-05
0.015880828483877084
7.36398401690672e-05
0.0009887080340771006
0.0009618230817653945
0.00031339400215513603
-3.764541225722331e-05
-4.113968139369913e-05
-0.00040644773750216263
5.3777779899640945e-05
-7.460730102165896e-05
3.486422588602763e-05
8.150813878464048e-07
0.015588179334869003
-0.00014057635236368917
0.00035432701885482583
5.996225931366336e-05
7.197514291928619e-05
-0.002108373526421293
3.95013304121662e-05
-8.970591319404968e-05
0.0002823667875570114
-2.8584382881563263e-05
0.0008837502894307153
0.18161771228191476
-0.0008719727617481704
0.0006735464698007887
0.014438622278960596
-0.0013084734675690255
-0.1350014791602407
0.00031955949841231735
-0.00016603731225110947
-0.004367769564923914
0.00037826116455032575
0.22859057665304294
0.0027031552402082947
0.0006036459626462204
-0.0011582439015875236
0.00035511122578558475
-0.1633503841524269
-0.000712197808489767
-0.00020441456299902125
0.00031548940829296103
0.24223660280350184
2.1115709628805415e-05
-0.01069866803951949
-0.00018439376137445665
-0.0007249740369193697
-0.17056555383555508
2.3698386904647063e-05
0.0033080181187575804
0.24033973252978935
-0.003859660216236005
-0.0039054540939490847
-0.0001795181232538842
1.8959556225769077e-05
-0.17065373512144327
0.0011888742982512786
0.13973158313362352
0.0004031939673219149
0.00038895138693088285
0.003156500672346676
0.0012219461834105708
-0.1083547953782924
0.02542570581181148
-0.00012640287272984717
5.2967610308206136e-05
0.0010766954731505798
-0.00011883216297842552
0.029358000998364428
0.00018703717959027712
6.614502066475677e-05
-0.0001143563676057378
0.030233345366477937
-1.6153637929354448e-05
-0.0009141256463205706
0.030432302652544558
-0.0003653248934413281
0.021198738418278712
0.9995441965395718
0.028913052376419675
-0.0003595657963462375
1.1281197172377575e-07
-0.00015035378976062462
0.0023148249179867006
0.00010639957200644439
0.001255823113208753
0.002365511263688354
-0.0010032402940351186
8.053998747324636e-06
-0.00029645670743184125
-0.000140524874329711
-0.00134332119750154
0.0025769652783078382
-3.183369924808941e-05
0.003201006612621146
-0.0001358343400329753
0.49938797692990833
0.002287103637101166
0.00010766363087952934
0.0011124566555418811
0.01334735857197827
-0.00028110074825507964
0.04764413813746128
0.2558915149404377
0.04018141045497212
-0.004986063059134005
0.18049931916250064
-0.022571324120088953
-0.6413084207143371
-0.10281362744082276
0.016492144018353225
-0.4418340652900856
0.05995574074285381
0.9967369335724561
0.00010418263985376676
1.847716147269472e-06
0.08351022804057037
-0.0008305461207666637
-2.9067692787190657e-05
-0.009029739931560275
0.0011570580191450504
0.0012745648247540905
-0.003074399557736489
-0.00024931620961882596
0.015144179435096675
-0.001812781130379989
-0.002338641058668811
0.00498674845014732
0.00040729619113032177
0.9964942725481107
-7.905810807390138e-05
-0.0008215704810915995
0.08836841367106994
0.0006632129284150791
0.0013235496446507044
-0.006655045665462546
-0.00022496653305386591
0.004434711126644711
0.0013594837637337315
-0.002103501638826084
0.011538555514369338
0.00034837085251072355
-0.007305050548585004
-0.0024800989013858956
0.9960836062440243
-2.3508493796055287e-05
0.0006597906241000573
0.09542520949218702
0.002149014268563839
-0.00026659229055340085
0.00025320584647192223
0.0037904055224479397
-0.00598991834591232
-0.003118255901656258
0.0004436224204312782
-0.00023681720195787355
-0.005493936927137276
0.010101139832516775
0.49441079992318876
-0.031243988166828517
-0.001591426613641957
-0.11546084285176225
0.029401697846348756
0.012373565327212321
-0.034674065261353554
-0.012872066706236909
0.3005555763987724
-0.05990086247729364
-0.04023306913533311
0.07141143978726947
0.030673208009067622
0.5712571702685685
0.01669982387460641
0.050091083886975904
0.005744452142253349
-0.010340772491570095
0.12160816544589662
0.007758387923614232
-0.11463123400232783
0.029100550296550426
0.023793745965966555
-0.2855835011055435
-0.028321321427254572
0.7023336263842659
0.12374513742124055
-0.012956423411904436
0.14986161475435905
0.19650325426581772
-0.17210565574340064
-0.26600371265885403
0.03093069913867163
-0.32820281200915574
-0.4152381414956756
0.41874333237865446
1.0047765025516533
-0.03316945815627198
-0.06878462882671232
0.9244803572424682
-0.01332972316024688
-1.2690798887762562
0.06646700376716203
0.1473997042223314
-1.8641646300339378
0.019941508175802952
1.8482418223924986
0.036187373122548404
-0.04061198254246832
-0.15099490021792566
0.06707869278885692
-5.020483274121263
-0.08846452155931499
0.08105406086957039
0.3422238391147149
0.8814022908861909
-0.12518214164901137
-0.06578274140126525
0.14775534177799443
-0.08760487434722365
-0.8737634433265634
0.27563403710253165
0.15078627142121254
1.9301954450141365
-0.01510294262176359
-1.8614764545492162
0.08095446388571802
0.2751793819569792
-5.050899929545535
0.018772364479560266
0.9101853317101949
0.019464687935687564
0.3415822776825007
0.1497519821806894
0.01845923734581215
-0.9419080696586382
2.4645071855814837
-0.13047083411800514
-0.3140109626005414
3.631105157415376
-0.01935875131903352
6.589172506838957
0.2129699792732186
-0.15916281200747362
-0.7720049819333037
2.193100802474012
-0.597662634738223
-0.3421728955880332
6.234959618103794
-0.007064277267828215
2.2091773812153286
1.0000202947203962
0.017819336272788033
-0.0005545183471889297
-9.475230674568978e-05
0.00011693168326727454
0.0036038206296876867
0.0013384768149141114
-0.0012774728576415324
0.07484721039665207
0.0010000640228263061
-0.0004623280342134941
0.09240424628071928
-0.0173869851919021
-0.14605958934586116
0.0017821992448975438
0.0004002340762546133
-0.18359140144757288
0.03362659526271295
0.4474203199779378
0.003611313436399426
0.0015429102956142516
-0.0009601075821949601
0.07281642515938942
-0.0014507314775046645
-0.03272052868720928
0.2673891276410888
0.11471917356806287
-0.020151293272569086
0.1149133200267891
0.006109518908710205
-0.6296262766589509
-0.2319957432460304
0.03508575166271764
-0.25276600634209795
-0.025431078487239002
0.9991060855762974
0.00035104224986737243
-4.518091062203883e-05
0.0328868128002211
-0.003888730433236519
0.0004315815243113018
-0.008328163388976503
-0.002475844580731485
-0.0006386088586614368
-0.0058977241678670085
0.00017173735780032535
0.013887528532883338
0.004256859016632071
0.0012331040918643877
0.007862685799523487
-0.00035797346569727527
0.999152937211579
-0.00021531815518290498
-0.0037356207564687273
0.03627228963846452
0.0019774946344603425
0.0008352536825475508
-0.010095509838460765
-7.802513594979018e-05
0.001084705289982051
-0.0006817083155483214
-0.0012472596356135966
0.013755595971738376
0.00042395856716850606
-0.0009997985968732716
0.0007876984488157033
0.9975419183003412
0.0004214453497023091
0.0021754759396934767
0.07068709138462018
-0.0015308794903828372
0.0001895404422639115
0.0016505935424795464
-0.002917266166004952
-0.005608757988323775
0.002116969527996655
-0.00033132419185191204
-0.0022750951296652564
0.003952805644798066
0.009366790353267016
0.43609735316538767
-0.11458679619167073
0.01237809204646705
-0.04454941376349366
0.0205107345753185
-0.012717212425078115
-0.18049095758367828
0.018704132194679143
0.10006748832751014
0.012650890965697945
0.03598316848306115
0.2862443306727639
-0.04729732313720351
0.5259884989470318
-0.014865379178679871
-0.03199750086549946
-0.16752557581278696
0.004962944829640122
0.09318789536928372
-0.005182006140429405
0.08102337783397405
0.15349863844957962
0.005565485987097385
-0.1182337973321552
-0.009625904200439366
0.6544668762312477
-0.07618290609137177
0.018316334329477834
0.24023050949104485
-0.1398023264685635
-0.1391304209882389
0.15247869249475235
-0.046980934846707914
-0.5488362469750573
0.2497640497305052
0.36877195671785135
1.3320689462241204
0.03030684311609148
0.010952333411376552
0.46990704978860715
0.060887177024272474
-1.4953469996333126
-0.10459925302234897
-0.023760839877634117
-0.980014778158193
-0.05962418958950433
1.8505649995648048
-0.03201503733874749
-0.24301106341802178
0.0838917609658165
-0.0545581005579857
-3.447369493079809
0.027776169104841472
0.31926765561301707
-0.13795121787012482
1.0544037421863923
0.011736922276550094
-0.11704891108123262
-0.03211258138620815
0.041684538224389625
-1.0398106691090727
-0.01715128785788693
0.27301998488642254
1.9439524274090465
-0.0023116369403485652
-0.9889223048280524
0.2790620078698034
-0.010430214635632184
-3.882687570444559
0.006693015448506873
1.0904451261616352
-0.05174461617259299
-0.12643776534076256
0.27150683251016633
-0.0018802880184166574
-1.1373554452380665
1.5407797659024511
0.12289694033108428
0.06951316644111905
1.6130156260753812
-0.05370755043303535
2.712730504977127
0.035703774976987665
0.11163328722870726
0.11057002163139877
1.8349896549404106
-0.03331011692628148
-0.6147936756916699
3.4282564091185446
-0.021845523000293705
1.8856908373968013
1.0536823440177474
0.016352918927942637
0.0033436497848580303
0.00020119825663447263
-0.0014906538764610563
-0.0027343778388680146
-0.0001643354629150321
0.0011104062978333743
0.002447667050739074
-0.0007801660878420788
-0.002695968092890847
-0.008415451088266926
0.0009031831979263471
-0.001279751035869086
0.000267698357569981
0.0013515009460075126
0.003949932582554934
-0.0003456511217799829
0.015758330418909942
-0.004860318662465354
-0.0002932750955718968
0.0020899232694700865
0.0023714471607632556
0.000152546130243333
-0.0009382615591105297
-0.0020955967258797087
0.0007141941464144573
0.002374750424681665
0.008474807063289912
-0.0008426068460298745
0.0012122956770043432
-0.0003206322923495412
-0.0012686732559487627
-0.004349682803272922
0.000347727651583776
0.5558620907403868
-6.60324318640804e-05
5.2278329900000746e-05
0.09871279474205663
3.169415004913099e-05
-0.0001399954951655982
-0.0010990969207753136
-0.0010739043809358346
-0.000796887231465598
-0.009851426032286083
7.015555698213879e-05
0.0007072925358340129
0.0005097721423334905
0.00027549286042030267
0.004340949917067002
-3.878230557679945e-05
0.556114090826614
-2.8951843461062815e-05
3.3053215657428544e-05
0.09810045278246965
4.047330027097138e-05
-0.000913008762645709
-0.017720053146875442
3.564448958703628e-05
0.0006533065156748857
-0.001725622146333774
0.0003990988532527943
0.008063022587787252
-2.720879616705111e-05
-0.0002779487715245722
0.0006744098046781069
0.5559292889828126
-0.00013733409846143033
4.173623126356073e-05
0.09871096686935132
-0.00312345518025506
5.697049591805821e-05
0.002137372856068906
-0.006048937254444202
-0.0014610694088717834
0.0014832704527239793
-3.232689003317012e-05
-0.0006174353647456401
0.0028154909901214062
0.0006170570295287215
0.00584854374721838
-1.0503910330431302e-06
5.6788704737764604e-05
0.0006194420612092945
0.0005412921678062182
0.000486810186835506
0.005029756206324708
-3.586330585557712e-05
-0.00037598185898261177
-0.00028776537531453433
-0.00020651078068862727
-0.0024919555243934086
2.030004250250033e-05
0.006079312591686481
-2.082249518325824e-05
0.00041872912697030553
0.009068613143042465
1.3293796696916483e-07
-0.00022677264283630852
0.0009809260899103758
-0.00020105475720859814
-0.004542031624858225
7.074982253091351e-06
9.531740594238537e-05
-0.00043965333232820036
0.005786107049977075
0.0013613666198864466
-8.360304686658632e-06
-0.001244507589386214
0.002771129454159106
0.0007657997018944415
-0.0007198324554469439
8.702422977678404e-06
0.0004931036842886348
-0.0014219321590783888
-0.0003211249703681702
0.1474456347819556
0.0005374956779214189
0.012750159312845174
-0.010613795949662152
0.004260747523192503
-0.12520798702911623
-0.00040383954302485703
-0.00461201707615932
0.002964720567699028
-0.0016868699411803677
0.13185256575311727
-0.0009297029896151585
-0.00032189217732725645
-0.0007309279861871371
-0.0003931288108801374
-0.11993838444266548
0.0003534134452732995
5.052501291167799e-05
-9.835651939682591e-05
0.15432893686613022
0.006203968280355769
0.0059110640716410305
-0.004609120637678578
0.00035438984841271843
-0.1295781306112166
-0.0019414597577242215
-0.0023039927632992688
0.13174136213165494
0.0021912918924528032
0.002964556386610884
5.7615495110784324e-05
-0.00195080254210964
-0.11811222797028023
-0.0008546781930320681
0.1420728967399053
-0.0016862713521605696
-0.00011184167914765478
-0.002301480653992726
-0.0008616320498554281
-0.12080109098921786
0.026696092185213863
0.00025029830514834586
0.0016130106958693808
-0.0004951256390674163
0.0006708959810112165
0.02748875385191003
-0.00013641692653705855
1.321426359655868e-05
0.0002357989057537028
0.027260315629003412
0.0005020940515444791
0.000896958468105437
0.026652813616051235
0.00033191698634102814
0.025741031698936143
1.0536221747356678
0.016479786088707468
0.0029712896366668757
-0.00047531386955990726
0.0015784249117776084
-0.002473054048016672
0.00030321694411658963
-0.0010902294077839558
0.0022152281143966463
-0.0007004796501668924
0.0029215122415416545
-0.01033901763212252
-0.0015650077276428535
-0.001161956589553353
0.0002361809480597085
-0.0014133796049514411
0.004797160632488953
0.0006859024326642441
0.01575744430429314
-0.00433791340668661
0.0005486203694226044
-0.002123057181504801
0.0021520524338320057
-0.00031087622550833463
0.0009504880328903016
-0.0016221673807604376
8.306471354520848e-05
-0.002661760950191633
0.010212999890056345
0.0014479760689484248
0.0010563342447138494
-3.167163107791691e-05
0.0013635819935988321
-0.00512809851690039
-0.0006508100495057708
0.5557960204956394
0.00040332063369260477
1.638595285045069e-05
0.098839142356602
-0.00033638008623964905
9.821214982860176e-05
0.00026054704393507376
0.003745395912710789
0.0024560447917179764
-0.009389786729689181
0.0005622325401660013
0.00011516325023926575
-0.0016467284833311185
-0.0009757136606952776
0.004099201664811677
-0.00024366217003517123
0.5562613871728284
5.6319595576912306e-05
-0.000332409834633898
0.0978845411324395
-9.229265785014461e-05
0.0033207695673832223
-0.016340814136781436
0.0007173123888358226
0.0002606017793234189
0.0032965829049996184
-0.0014506853198332113
0.007430585236457085
-0.0003116548323389151
-0.00013587956816165926
-0.0013802505102403777
0.5558281149061743
9.231077799286597e-05
-9.213534111259832e-05
0.09898627340381845
0.003942994441646031
0.0001706681644134166
0.0006473109398711467
0.007404855109834758
-0.0008095983303731931
-0.00182344880922879
-9.278912356326617e-05
5.159295330838631e-06
-0.0034002338811924956
0.00042027246583251304
0.005831947086702472
0.00014393606393967086
-3.6841783021351665e-05
5.560238679130454e-05
-0.0018207438366798809
-0.0014597522272696587
0.004884207530118353
-0.00024172746696455883
-0.00011308493340125924
0.0008838130462432212
0.0006211316329647668
-0.002387169713339606
0.00010736968188733823
0.00615013792414553
3.6412118763170674e-05
-0.001672244218780888
0.008480134718048715
-0.0003297751662682008
-1.1595952165483171e-05
-0.0018831060066964438
0.0007571959638650645
-0.0042616004719505645
0.00014728236709391689
3.7795912816788777e-05
0.0008470764142886169
0.005747061801730533
-0.0017041858326477327
-6.644384372044427e-05
-0.0004377813053862617
-0.0033295649329330586
0.0002731468065944706
0.0008834328741128361
4.003378411258553e-05
0.00012253069213761887
0.001700641053779806
-0.0001348289028236126
0.14182235712887026
0.0017755323501737815
-0.015905561483693816
-0.014750702876185143
-0.005124739561553997
-0.12100536343557017
-0.0004216600017236823
0.005844751868744261
0.004736645517230168
0.0019506282132675363
0.1345306068991166
-0.0005992981780460899
-0.0011406586928061346
0.0021451605816295667
-0.00042130297293597053
-0.1221457381306991
7.119386954605291e-05
0.00022684048410769622
-0.00024418056515357193
0.157167670031195
-0.0032477652385796375
0.022097971471596742
0.005837751800156721
7.762955260516588e-05
-0.13173048532373866
0.0010757140983240626
-0.008473260022725153
0.13212944503116997
-0.0016745038860676567
0.004716653977033255
0.00023575598770490038
0.001084887507119269
-0.11842911249156753
0.0008286081566515922
0.14419008390564425
0.001940906464178041
-0.00023101024050900366
-0.008467795557493663
0.0008309286977684713
-0.12274072511906563
0.025913537989058457
1.6090000890010515e-05
-0.002106609582804021
-0.0012591083218049214
-0.0007389492946880509
0.027944921632070675
5.3577528110221805e-05
2.6779915605046986e-05
-0.00021822539028049543
0.027659324763542794
-0.00032093061197811183
0.0032361738351314494
0.02672159135943602
-0.0004069171188108526
0.026180996063200575
1.0737668751451168
-0.2387927009627786
0.016324695097625082
0.019992151111235076
0.0022546599542827136
-0.03155033546709396
-0.025151609544049037
-2.8819001392105394e-05
0.04043969953730499
-0.046872727532125825
-0.0181704592581013
0.00489460168363499
0.041520652915635975
0.014579404120756789
-0.00034592944544013386
1.274015930646276
-0.0021685555173194546
-0.011129951374197287
-1.1367466683085372
-0.011823708648224494
-0.0022186990942192593
1.210919443165427
0.004084264122430011
-0.0118401426391381
-0.9698619911444448
-4.783893444111574e-05
1.088237871524377
-0.0028692138382378587
0.0002060786862437998
-0.5661378492524075
0.28660842502405337
0.016049406751837553
0.00204694976867857
0.23125665710782778
-0.00042645608607483197
0.1055241595293297
0.0
0.0
0.0
0.0
0.0
0.0
0.0
0.0
0.0
0.0
0.0
0.0
0.0
0.0
0.0
0.0
0.0
0.0
0.0
0.0
0.0
0.0
0.0
0.0
0.0
0.0
0.0
0.0
0.0
0.0
0.0
0.0
0.0
0.0
0.0
0.0
0.0
0.0
0.0
0.0
0.0
0.0
0.0
0.0
0.0
0.0
0.0
0.0
0.0
0.0
0.0
0.0
0.0
0.0
0.0
0.0
0.0
0.0
0.0
0.0
0.0
0.0
0.0
0.0
0.0
0.0
0.0
0.0
0.0
0.0
0.0
0.0
0.0
0.0
0.0
0.0
0.0
0.0
0.0
0.0
0.0
0.0
0.0
0.0
0.0
0.0
0.0
0.0
0.0
0.0
0.0
0.0
0.0
0.0
0.0
0.0
0.0
0.0
0.0
0.0
0.0
0.0
0.0
0.0
0.0
0.0
0.0
0.0
0.0
0.0
0.0
0.0
0.0
0.0
0.0
0.0
0.0
0.0
0.0
0.0
0.0
0.0
0.0
0.0
0.0
0.0
0.0
0.0
0.0
0.0
0.0
0.0
0.0
0.0
0.0
1.0712777787279508
-0.22233567287517841
0.02760642568893868
0.019317519687561208
0.0019389552678120547
-0.050019356667861524
-0.022253912945984732
-0.0037742265985468886
0.04874158124613964
-0.06894076342547305
-0.01249537475868918
-0.004732904322076917
0.03502556092725499
0.013565307079424667
0.001288238788515638
1.1715144081035973
0.002623072121809851
-0.006120491739560779
-1.1020957768410304
-0.013472908359229768
0.009668306912059482
1.1875079106597655
-3.0908407420672404e-05
-0.013229979317861927
-0.9399455599734824
0.00023413297215982672
1.1501132907960483
0.00984854131456818
0.0002863143613693039
-0.5206690835106977
0.29298502363592793
0.01573593571900305
-0.00548565984339446
0.222754932881913
-0.00010473844000543511
0.0942609739064354
0.0
0.0
0.0
0.0
0.0
0.0
0.0
0.0
0.0
0.0
0.0
0.0
0.0
0.0
0.0
0.0
0.0
0.0
0.0
0.0
0.0
0.0
0.0
0.0
0.0
0.0
0.0
0.0
0.0
0.0
0.0
0.0
0.0
0.0
0.0
0.0
0.0
0.0
0.0
0.0
0.0
0.0
0.0
0.0
0.0
0.0
0.0
0.0
0.0
0.0
0.0
0.0
0.0
0.0
0.0
0.0
0.0
0.0
0.0
0.0
0.0
0.0
0.0
0.0
0.0
0.0
0.0
0.0
0.0
0.0
0.0
0.0
0.0
0.0
0.0
0.0
0.0
0.0
0.0
0.0
0.0
0.0
0.0
0.0
0.0
0.0
0.0
0.0
0.0
0.0
0.0
0.0
0.0
0.0
0.0
0.0
0.0
0.0
0.0
0.0
0.0
0.0
0.0
0.0
0.0
0.0
0.0
0.0
0.0
0.0
0.0
0.0
0.0
0.0
0.0
0.0
0.0
0.0
0.0
0.0
0.0
0.0
0.0
0.0
0.0
0.0
0.0
0.0
0.0
0.0
0.0
0.0
0.0
0.0
0.0
1.0738972033736967
-0.23976759752420138
0.014287549298419567
-0.019232713223442516
-0.006328296799791692
-0.029521130640692336
0.02380982062423915
0.007738765047578165
0.04003459290452925
-0.04619764388377178
0.016483032271444986
0.006196869506415995
0.041556118253389424
-0.013997221215446491
-0.0027723326487752945
1.28127835546496
-0.0013485878219259193
0.03392909708491953
-1.1384703026717735
0.014609398996021528
-0.005920851186248822
1.205988548233274
-0.0001956372002536228
0.01460719307393022
-0.9727296646823012
-6.302866268671919e-05
1.0826457474089586
-0.003753041163365333
-0.0001427503326089021
-0.5722529776677565
0.28647708637923497
-0.017758962141967205
0.0020719422769161196
0.23227172442380864
-1.2048782716638916e-05
0.10683045037219518
0.0
0.0
0.0
0.0
0.0
0.0
0.0
0.0
0.0
0.0
0.0
0.0
0.0
0.0
0.0
0.0
0.0
0.0
0.0
0.0
0.0
0.0
0.0
0.0
0.0
0.0
0.0
0.0
0.0
0.0
0.0
0.0
0.0
0.0
0.0
0.0
0.0
0.0
0.0
0.0
0.0
0.0
0.0
0.0
0.0
0.0
0.0
0.0
0.0
0.0
0.0
0.0
0.0
0.0
0.0
0.0
0.0
0.0
0.0
0.0
0.0
0.0
0.0
0.0
0.0
0.0
0.0
0.0
0.0
0.0
0.0
0.0
0.0
0.0
0.0
0.0
0.0
0.0
0.0
0.0
0.0
0.0
0.0
0.0
0.0
0.0
0.0
0.0
0.0
0.0
0.0
0.0
0.0
0.0
0.0
0.0
0.0
0.0
0.0
0.0
0.0
0.0
0.0
0.0
0.0
0.0
0.0
0.0
0.0
0.0
0.0
0.0
0.0
0.0
0.0
0.0
0.0
0.0
0.0
0.0
0.0
0.0
0.0
0.0
0.0
0.0
0.0
0.0
0.0
0.0
0.0
0.0
0.0
0.0
0.0
1.0717082054347995
-0.224247673054559
0.023527719000297122
-0.01882076476100122
0.0019651064329341467
-0.034081375444983075
0.0213910850733123
-0.004315674007806708
0.04699568310864115
-0.035000185477443144
0.010953804349271536
-0.005552367716251469
0.029554346881720914
-0.012843081076121674
0.0003481338312312799
1.2335693284586537
-0.008597273148076868
-0.01802152443510177
-1.1270321229618596
0.018353330165550925
0.0006448603875165888
1.2020523759582238
-0.0014162215107709143
0.018288901620553473
-0.9387712293121984
-0.00047444274281134596
1.1830100449519136
-0.002918654518460268
-0.0004536147731225757
-0.502197052737118
0.2929925150874915
-0.01886028599658493
0.001997496712709998
0.22145401411188487
0.0002306919180346232
0.09181788125012573
0.0
0.0
0.0
0.0
0.0
0.0
0.0
0.0
0.0
0.0
0.0
0.0
0.0
0.0
0.0
0.0
0.0
0.0
0.0
0.0
0.0
0.0
0.0
0.0
0.0
0.0
0.0
0.0
0.0
0.0
0.0
0.0
0.0
0.0
0.0
0.0
0.0
0.0
0.0
0.0
0.0
0.0
0.0
0.0
0.0
0.0
0.0
0.0
0.0
0.0
0.0
0.0
0.0
0.0
0.0
0.0
0.0
0.0
0.0
0.0
0.0
0.0
0.0
0.0
0.0
0.0
0.0
0.0
0.0
0.0
0.0
0.0
0.0
0.0
0.0
0.0
0.0
0.0
0.0
0.0
0.0
0.0
0.0
0.0
0.0
0.0
0.0
0.0
0.0
0.0
0.0
0.0
0.0
0.0
0.0
0.0
0.0
0.0
0.0
0.0
0.0
0.0
0.0
0.0
0.0
0.0
0.0
0.0
0.0
0.0
0.0
0.0
0.0
0.0
0.0
0.0
0.0
0.0
0.0
0.0
0.0
0.0
0.0
0.0
0.0
0.0
0.0
0.0
0.0
0.0
0.0
0.0
0.0
0.0
0.0
1.053704034262846
-0.16827394295780948
-0.13212256888140222
0.020415284210962094
-0.00032997789470874173
0.1968144531618839
-0.02307237706249847
-0.0009230862099394964
0.031315960026617254
0.23933512498816495
-0.013683956225415569
0.0003522488254903521
-0.12265152892622883
0.013387335318867533
9.330389716850536e-05
0.928936090771566
-0.0009027656125239593
-0.03437881527266984
-0.6922082925518035
0.009869456561627197
0.0031335531772446186
1.054616189951185
0.00018578176292037216
0.008937762821886987
-0.840996306091832
-0.0003161762798226832
1.0148616176117016
0.001353632722908098
-0.0003258864567902056
-0.42527048708784915
0.1616124164132045
-0.014991288440033213
0.0003342808996378029
0.1926691821289734
0.00012429062753225271
0.06866293348870998
0.0
0.0
0.0
0.0
0.0
0.0
0.0
0.0
0.0
0.0
0.0
0.0
0.0
0.0
0.0
0.0
0.0
0.0
0.0
0.0
0.0
0.0
0.0
0.0
0.0
0.0
0.0
0.0
0.0
0.0
0.0
0.0
0.0
0.0
0.0
0.0
0.0
0.0
0.0
0.0
0.0
0.0
0.0
0.0
0.0
0.0
0.0
0.0
0.0
0.0
0.0
0.0
0.0
0.0
0.0
0.0
0.0
0.0
0.0
0.0
0.0
0.0
0.0
0.0
0.0
0.0
0.0
0.0
0.0
0.0
0.0
0.0
0.0
0.0
0.0
0.0
0.0
0.0
0.0
0.0
0.0
0.0
0.0
0.0
0.0
0.0
0.0
0.0
0.0
0.0
0.0
0.0
0.0
0.0
0.0
0.0
0.0
0.0
0.0
0.0
0.0
0.0
0.0
0.0
0.0
0.0
0.0
0.0
0.0
0.0
0.0
0.0
0.0
0.0
0.0
0.0
0.0
0.0
0.0
0.0
0.0
0.0
0.0
0.0
0.0
0.0
0.0
0.0
0.0
0.0
0.0
0.0
0.0
0.0
0.0
1.053775853155657
-0.16896784858199465
-0.13049196836755
0.020836578119987077
-0.0007787590850614856
0.19648032421041725
-0.02334453609494123
0.001118477945265771
0.03149794524684047
0.24005145573434572
-0.013764961064038466
0.002736004654571797
-0.12279728031084074
0.013348446089268077
-0.0009995899654639557
0.9409799806839606
-0.0005607631506605029
-0.01106694592361035
-0.6999191010534274
0.01085522176953547
-0.002239536188052864
1.0512440656644157
0.009694366036553784
0.009847878771152242
-0.8409324184222942
0.0003640293050331582
0.9749554718515061
-0.0030931420479202963
0.0012799299226258828
-0.4232022776311304
0.16243486982796537
-0.015096287285872048
0.0017754876651707595
0.1932775247127118
-0.0008390549398256222
0.0697227784442736
0.0
0.0
0.0
0.0
0.0
0.0
0.0
0.0
0.0
0.0
0.0
0.0
0.0
0.0
0.0
0.0
0.0
0.0
0.0
0.0
0.0
0.0
0.0
0.0
0.0
0.0
0.0
0.0
0.0
0.0
0.0
0.0
0.0
0.0
0.0
0.0
0.0
0.0
0.0
0.0
0.0
0.0
0.0
0.0
0.0
0.0
0.0
0.0
0.0
0.0
0.0
0.0
0.0
0.0
0.0
0.0
0.0
0.0
0.0
0.0
0.0
0.0
0.0
0.0
0.0
0.0
0.0
0.0
0.0
0.0
0.0
0.0
0.0
0.0
0.0
0.0
0.0
0.0
0.0
0.0
0.0
0.0
0.0
0.0
0.0
0.0
0.0
0.0
0.0
0.0
0.0
0.0
0.0
0.0
0.0
0.0
0.0
0.0
0.0
0.0
0.0
0.0
0.0
0.0
0.0
0.0
0.0
0.0
0.0
0.0
0.0
0.0
0.0
0.0
0.0
0.0
0.0
0.0
0.0
0.0
0.0
0.0
0.0
0.0
0.0
0.0
0.0
0.0
0.0
0.0
0.0
0.0
0.0
0.0
0.0
1.0537632604265974
-0.16842129590609844
-0.1315331286395473
-0.02048428907926794
-0.0023909692883206765
0.1969888845748881
0.022974369009415452
0.0036381661406271306
0.03143127167827798
0.24030672997695846
0.013713212990197692
0.005385423255984513
-0.12290917182434277
-0.013425273222830006
-0.0013397752000263536
0.9361158561484669
-0.0011095119272978749
-0.0133652783955283
-0.6939397853913896
-0.009952597047116723
-0.0003496769205295894
1.0401659862647055
0.0018814156936186415
-0.009030679353002984
-0.8439787414575299
0.0002444311809706439
1.0357914414129348
-0.0011490243257818397
0.00044408097343228423
-0.4291773301501333
0.16168703206873702
0.015128563687994031
0.0011834671156119702
0.19451572511372442
-0.0001897716788220416
0.06906933836702434
0.0
0.0
0.0
0.0
0.0
0.0
0.0
0.0
0.0
0.0
0.0
0.0
0.0
0.0
0.0
0.0
0.0
0.0
0.0
0.0
0.0
0.0
0.0
0.0
0.0
0.0
0.0
0.0
0.0
0.0
0.0
0.0
0.0
0.0
0.0
0.0
0.0
0.0
0.0
0.0
0.0
0.0
0.0
0.0
0.0
0.0
0.0
0.0
0.0
0.0
0.0
0.0
0.0
0.0
0.0
0.0
0.0
0.0
0.0
0.0
0.0
0.0
0.0
0.0
0.0
0.0
0.0
0.0
0.0
0.0
0.0
0.0
0.0
0.0
0.0
0.0
0.0
0.0
0.0
0.0
0.0
0.0
0.0
0.0
0.0
0.0
0.0
0.0
0.0
0.0
0.0
0.0
0.0
0.0
0.0
0.0
0.0
0.0
0.0
0.0
0.0
0.0
0.0
0.0
0.0
0.0
0.0
0.0
0.0
0.0
0.0
0.0
0.0
0.0
0.0
0.0
0.0
0.0
0.0
0.0
0.0
0.0
0.0
0.0
0.0
0.0
0.0
0.0
0.0
0.0
0.0
0.0
0.0
0.0
0.0
1.0540527835414486
-0.16963377591985523
-0.1287355932989188
-0.020468559343307262
0.002508236602391985
0.1967038224339837
0.02324351508201995
-0.0036368198307747245
0.03141442271038431
0.23147390961293374
0.013443338369284644
-0.005398872601377266
-0.11992833570594791
-0.013132031165200172
0.0013789003115103739
1.0049420171354804
0.008857378254090822
0.012565382792156122
-0.6965771129786043
-0.010973205160279376
0.0004926694936453276
1.0517190650073776
-0.003116320175163479
-0.010360305020701552
-0.8436141359003305
-0.00034373311120666794
0.9386576463046326
0.001267041122342112
-0.0005698076207158436
-0.42927279295748794
0.1581659115387038
0.014603660864248982
-0.0011940722558434513
0.19422341391222275
0.0003279313801381415
0.07223845302289021
0.0
0.0
0.0
0.0
0.0
0.0
0.0
0.0
0.0
0.0
0.0
0.0
0.0
0.0
0.0
0.0
0.0
0.0
0.0
0.0
0.0
0.0
0.0
0.0
0.0
0.0
0.0
0.0
0.0
0.0
0.0
0.0
0.0
0.0
0.0
0.0
0.0
0.0
0.0
0.0
0.0
0.0
0.0
0.0
0.0
0.0
0.0
0.0
0.0
0.0
0.0
0.0
0.0
0.0
0.0
0.0
0.0
0.0
0.0
0.0
0.0
0.0
0.0
0.0
0.0
0.0
0.0
0.0
0.0
0.0
0.0
0.0
0.0
0.0
0.0
0.0
0.0
0.0
0.0
0.0
0.0
0.0
0.0
0.0
0.0
0.0
0.0
0.0
0.0
0.0
0.0
0.0
0.0
0.0
0.0
0.0
0.0
0.0
0.0
0.0
0.0
0.0
0.0
0.0
0.0
0.0
0.0
0.0
0.0
0.0
0.0
0.0
0.0
0.0
0.0
0.0
0.0
0.0
0.0
0.0
0.0
0.0
0.0
0.0
0.0
0.0
0.0
0.0
0.0
0.0
0.0
0.0
0.0
0.0
0.0
1.078688425159552
-0.25058073463892827
-0.0011422281723246189
0.020943529580615166
0.036010512919594076
-0.008433833940698871
-0.028325662111318182
-0.04617702266741658
0.04422765595645399
-0.024687610833220543
-0.022357332511531186
-0.0369294991339012
0.002814201913325743
0.0010553108772644525
0.01147087125708008
1.1233683461561415
-0.01659112909406212
0.05418131772611315
-0.6198211061986303
-0.0026216073506348785
-0.003344122628242712
1.2824842968432364
0.07063503235876015
-0.0018708871391345913
-1.019801236948485
-0.007088446418995886
1.2771603908953435
-0.0067581682867991245
-0.007412614196953572
-1.206874438135452
0.11953020926248346
0.0028733367001255836
-0.0006328453074857534
0.23277986227956524
-0.007045615235518706
0.3211336789111313
0.0
0.0
0.0
0.0
0.0
0.0
0.0
0.0
0.0
0.0
0.0
0.0
0.0
0.0
0.0
0.0
0.0
0.0
0.0
0.0
0.0
0.0
0.0
0.0
0.0
0.0
0.0
0.0
0.0
0.0
0.0
0.0
0.0
0.0
0.0
0.0
0.0
0.0
0.0
0.0
0.0
0.0
0.0
0.0
0.0
0.0
0.0
0.0
0.0
0.0
0.0
0.0
0.0
0.0
0.0
0.0
0.0
0.0
0.0
0.0
0.0
0.0
0.0
0.0
0.0
0.0
0.0
0.0
0.0
0.0
0.0
0.0
0.0
0.0
0.0
0.0
0.0
0.0
0.0
0.0
0.0
0.0
0.0
0.0
0.0
0.0
0.0
0.0
0.0
0.0
0.0
0.0
0.0
0.0
0.0
0.0
0.0
0.0
0.0
0.0
0.0
0.0
0.0
0.0
0.0
0.0
0.0
0.0
0.0
0.0
0.0
0.0
0.0
0.0
0.0
0.0
0.0
0.0
0.0
0.0
0.0
0.0
0.0
0.0
0.0
0.0
0.0
0.0
0.0
0.0
0.0
0.0
0.0
0.0
0.0
1.0761641589230895
-0.23863237351796837
-0.0005235494607786653
-0.018110136344993116
0.02535515001755209
-0.007415038832276179
0.015285209516810418
-0.033080040906035335
0.0504991820471953
-0.019291171734193133
-0.0026990182302333247
-0.029547752257865496
0.0007517448061451937
-0.013329297289015727
0.01638878621095495
1.1807032120149061
-0.005710092734675781
0.05714408614918638
-0.573633114475151
0.0012534155962414415
-0.007611963260406472
1.2467816926456452
0.009444925496820054
0.001031667408918548
-0.9940874767074425
0.00801274224297555
1.251278702956596
-0.010689126667139903
0.008269226375090422
-1.1778588806552819
0.10459814838820136
-0.0006055913477125011
0.00031180568024535653
0.23481223367349968
-0.016630675242392694
0.31583907395997074
0.0
0.0
0.0
0.0
0.0
0.0
0.0
0.0
0.0
0.0
0.0
0.0
0.0
0.0
0.0
0.0
0.0
0.0
0.0
0.0
0.0
0.0
0.0
0.0
0.0
0.0
0.0
0.0
0.0
0.0
0.0
0.0
0.0
0.0
0.0
0.0
0.0
0.0
0.0
0.0
0.0
0.0
0.0
0.0
0.0
0.0
0.0
0.0
0.0
0.0
0.0
0.0
0.0
0.0
0.0
0.0
0.0
0.0
0.0
0.0
0.0
0.0
0.0
0.0
0.0
0.0
0.0
0.0
0.0
0.0
0.0
0.0
0.0
0.0
0.0
0.0
0.0
0.0
0.0
0.0
0.0
0.0
0.0
0.0
0.0
0.0
0.0
0.0
0.0
0.0
0.0
0.0
0.0
0.0
0.0
0.0
0.0
0.0
0.0
0.0
0.0
0.0
0.0
0.0
0.0
0.0
0.0
0.0
0.0
0.0
0.0
0.0
0.0
0.0
0.0
0.0
0.0
0.0
0.0
0.0
0.0
0.0
0.0
0.0
0.0
0.0
0.0
0.0
0.0
0.0
0.0
0.0
0.0
0.0
0.0
1.0729030360714402
-0.23916372044219758
-0.0017389460892204241
-0.02133990802699169
0.05895593013278359
-0.007547983489478046
0.02887393713907063
-0.07295153286580008
0.039836892073922985
-0.024999534780292557
0.022190309610512864
-0.05340972691064376
0.002601475539246697
-0.0012171674267315654
0.02836484071772838
1.030096061078122
0.02197576420002885
0.05382656143947763
-0.5921421847854833
0.0034154396072584516
-0.0037639752268954314
1.25471618873542
-0.07503609812721175
0.002277320837065568
-0.9868082691742648
0.00848158220336015
1.2392820239545856
-0.0068445574492318915
0.00859616681079952
-1.1421556282007006
0.11481327922159641
-0.0034291047482200247
-0.0007557354940654832
0.2224012211234063
0.00622388885379088
0.2935408282609847
0.0
0.0
0.0
0.0
0.0
0.0
0.0
0.0
0.0
0.0
0.0
0.0
0.0
0.0
0.0
0.0
0.0
0.0
0.0
0.0
0.0
0.0
0.0
0.0
0.0
0.0
0.0
0.0
0.0
0.0
0.0
0.0
0.0
0.0
0.0
0.0
0.0
0.0
0.0
0.0
0.0
0.0
0.0
0.0
0.0
0.0
0.0
0.0
0.0
0.0
0.0
0.0
0.0
0.0
0.0
0.0
0.0
0.0
0.0
0.0
0.0
0.0
0.0
0.0
0.0
0.0
0.0
0.0
0.0
0.0
0.0
0.0
0.0
0.0
0.0
0.0
0.0
0.0
0.0
0.0
0.0
0.0
0.0
0.0
0.0
0.0
0.0
0.0
0.0
0.0
0.0
0.0
0.0
0.0
0.0
0.0
0.0
0.0
0.0
0.0
0.0
0.0
0.0
0.0
0.0
0.0
0.0
0.0
0.0
0.0
0.0
0.0
0.0
0.0
0.0
0.0
0.0
0.0
0.0
0.0
0.0
0.0
0.0
0.0
0.0
0.0
0.0
0.0
0.0
0.0
0.0
0.0
0.0
0.0
0.0
1.0705069659814002
-0.22720130590757104
-0.0008474077995927773
0.018005625926181244
0.048465525301992204
-0.006385428804424739
-0.014755983742927518
-0.059322661002305516
0.045899059717173014
-0.017378752535122978
0.003479238359416912
-0.04477606556055229
0.0001622903054613028
0.012826486346349456
0.033365430600060704
1.1431682538211536
0.00754667867575198
0.06385062867149684
-0.5401114114003891
-0.0008913227959040789
-0.00616439452992084
1.2155937947236581
-0.010325517825784065
-0.0006583873440081656
-0.9652445086659445
-0.006642732895198088
1.2105036678752938
-0.009465068208492635
-0.0071232495682624995
-1.1156184861858445
0.0969822152892583
0.0003133616375017114
-0.0006403266308479823
0.22628417961914432
0.015869390062504492
0.2896598601551925
0.0
0.0
0.0
0.0
0.0
0.0
0.0
0.0
0.0
0.0
0.0
0.0
0.0
0.0
0.0
0.0
0.0
0.0
0.0
0.0
0.0
0.0
0.0
0.0
0.0
0.0
0.0
0.0
0.0
0.0
0.0
0.0
0.0
0.0
0.0
0.0
0.0
0.0
0.0
0.0
0.0
0.0
0.0
0.0
0.0
0.0
0.0
0.0
0.0
0.0
0.0
0.0
0.0
0.0
0.0
0.0
0.0
0.0
0.0
0.0
0.0
0.0
0.0
0.0
0.0
0.0
0.0
0.0
0.0
0.0
0.0
0.0
0.0
0.0
0.0
0.0
0.0
0.0
0.0
0.0
0.0
0.0
0.0
0.0
0.0
0.0
0.0
0.0
0.0
0.0
0.0
0.0
0.0
0.0
0.0
0.0
0.0
0.0
0.0
0.0
0.0
0.0
0.0
0.0
0.0
0.0
0.0
0.0
0.0
0.0
0.0
0.0
0.0
0.0
0.0
0.0
0.0
0.0
0.0
0.0
0.0
0.0
0.0
0.0
0.0
0.0
0.0
0.0
0.0
0.0
0.0
0.0
0.0
0.0
0.0
1.078714941971834
-0.25064198057133424
-0.0006997618690089993
0.021693025399848145
-0.03434943571006402
-0.0067184728840729065
-0.028927023845187503
0.04504825656496066
0.04442481710626309
-0.01947841344875961
-0.02212395568434846
0.037613615057896704
0.0024183294381334205
0.0016169552206290352
-0.01049976678430953
1.1112500349474574
-0.018599384322101953
-0.05092249467495863
-0.6264781155249195
-0.0030777418723290356
0.006036452219717995
1.2815958714033868
-0.07450333895434016
-0.002238591198633076
-1.0197399973180596
0.00730378702956689
1.2789571220330365
0.009137373055284323
0.007961083938439611
-1.2052374654896854
0.12086606771704564
0.0030930010638515392
-0.0008767596177351381
0.23255536205117514
0.0064755172055691885
0.32065994130057485
0.0
0.0
0.0
0.0
0.0
0.0
0.0
0.0
0.0
0.0
0.0
0.0
0.0
0.0
0.0
0.0
0.0
0.0
0.0
0.0
0.0
0.0
0.0
0.0
0.0
0.0
0.0
0.0
0.0
0.0
0.0
0.0
0.0
0.0
0.0
0.0
0.0
0.0
0.0
0.0
0.0
0.0
0.0
0.0
0.0
0.0
0.0
0.0
0.0
0.0
0.0
0.0
0.0
0.0
0.0
0.0
0.0
0.0
0.0
0.0
0.0
0.0
0.0
0.0
0.0
0.0
0.0
0.0
0.0
0.0
0.0
0.0
0.0
0.0
0.0
0.0
0.0
0.0
0.0
0.0
0.0
0.0
0.0
0.0
0.0
0.0
0.0
0.0
0.0
0.0
0.0
0.0
0.0
0.0
0.0
0.0
0.0
0.0
0.0
0.0
0.0
0.0
0.0
0.0
0.0
0.0
0.0
0.0
0.0
0.0
0.0
0.0
0.0
0.0
0.0
0.0
0.0
0.0
0.0
0.0
0.0
0.0
0.0
0.0
0.0
0.0
0.0
0.0
0.0
0.0
0.0
0.0
0.0
0.0
0.0
1.0759134865214093
-0.23803654479769346
-0.00040900836913842966
-0.017982288186840223
-0.026539314719273364
-0.009544227760573797
0.015105962061922946
0.03366484973476426
0.05032169339803272
-0.024187322188359707
-0.0030209519108353447
0.02854741319774272
0.0013180964374288095
-0.013260509122173861
-0.016946186966750515
1.178257682522507
-0.006333988617686345
-0.062241957513717805
-0.5692801946984271
0.0006085957806460469
0.0036119911550921667
1.2436415589100716
-0.006667323797329465
0.0007122861887836733
-0.9915152045512483
-0.007578656845372279
1.2497919572328202
0.007384550203786835
-0.007926569420743462
-1.1770121833400213
0.10404522543591382
-0.00043214473560111537
0.0015621405625480997
0.2342469610564998
0.016268511996387854
0.3151833022654955
0.0
0.0
0.0
0.0
0.0
0.0
0.0
0.0
0.0
0.0
0.0
0.0
0.0
0.0
0.0
0.0
0.0
0.0
0.0
0.0
0.0
0.0
0.0
0.0
0.0
0.0
0.0
0.0
0.0
0.0
0.0
0.0
0.0
0.0
0.0
0.0
0.0
0.0
0.0
0.0
0.0
0.0
0.0
0.0
0.0
0.0
0.0
0.0
0.0
0.0
0.0
0.0
0.0
0.0
0.0
0.0
0.0
0.0
0.0
0.0
0.0
0.0
0.0
0.0
0.0
0.0
0.0
0.0
0.0
0.0
0.0
0.0
0.0
0.0
0.0
0.0
0.0
0.0
0.0
0.0
0.0
0.0
0.0
0.0
0.0
0.0
0.0
0.0
0.0
0.0
0.0
0.0
0.0
0.0
0.0
0.0
0.0
0.0
0.0
0.0
0.0
0.0
0.0
0.0
0.0
0.0
0.0
0.0
0.0
0.0
0.0
0.0
0.0
0.0
0.0
0.0
0.0
0.0
0.0
0.0
0.0
0.0
0.0
0.0
0.0
0.0
0.0
0.0
0.0
0.0
0.0
0.0
0.0
0.0
0.0
1.0732222512131875
-0.2396097482146895
-0.0012772166530391315
-0.02064744945258975
-0.058601141314724325
-0.006218836514216996
0.027632106011128872
0.0730482102221815
0.04008012916540444
-0.01985382019881319
0.020506039117661846
0.05433718437003891
0.0020522362935462436
-0.0006242675901188478
-0.0283163438286191
1.0538456192493983
0.02361993747020199
-0.055359086519823325
-0.5921537547686868
0.0030581452390269852
0.00514504749238796
1.2574715448269655
0.07572367144322814
0.0019396838043584498
-0.9914323816640922
-0.007114703972178072
1.2409614099431947
0.008213196344498434
-0.007275364290119428
-1.1443939203427744
0.11382027367130493
-0.0033610617791722613
-3.716235590796672e-05
0.22388051696152506
-0.007428808876456276
0.2947542630836075
0.0
0.0
0.0
0.0
0.0
0.0
0.0
0.0
0.0
0.0
0.0
0.0
0.0
0.0
0.0
0.0
0.0
0.0
0.0
0.0
0.0
0.0
0.0
0.0
0.0
0.0
0.0
0.0
0.0
0.0
0.0
0.0
0.0
0.0
0.0
0.0
0.0
0.0
0.0
0.0
0.0
0.0
0.0
0.0
0.0
0.0
0.0
0.0
0.0
0.0
0.0
0.0
0.0
0.0
0.0
0.0
0.0
0.0
0.0
0.0
0.0
0.0
0.0
0.0
0.0
0.0
0.0
0.0
0.0
0.0
0.0
0.0
0.0
0.0
0.0
0.0
0.0
0.0
0.0
0.0
0.0
0.0
0.0
0.0
0.0
0.0
0.0
0.0
0.0
0.0
0.0
0.0
0.0
0.0
0.0
0.0
0.0
0.0
0.0
0.0
0.0
0.0
0.0
0.0
0.0
0.0
0.0
0.0
0.0
0.0
0.0
0.0
0.0
0.0
0.0
0.0
0.0
0.0
0.0
0.0
0.0
0.0
0.0
0.0
0.0
0.0
0.0
0.0
0.0
0.0
0.0
0.0
0.0
0.0
0.0
1.0703282486324732
-0.22668989473042933
-0.000509853614021612
0.0179425168619482
-0.04915523483639342
-0.008112571299266194
-0.014541484630119617
0.05992765220163164
0.045834375323771805
-0.020843106498211108
0.003960432086649587
0.0448832364226848
0.0005609587689399587
0.012778185539640035
-0.033873068427738524
1.139353720574125
0.007379943698300606
-0.06825011282152596
-0.5370998730052778
-0.0004724334187698251
0.0029801703783755864
1.2120290595822403
0.008278251793319499
-0.0004495262546263144
-0.9631478158716191
0.006525899263834295
1.2102372156108672
0.006977045721745829
0.00706686746079238
-1.1145842773791022
0.09671537937103712
0.0002314054332348304
0.00211122610521855
0.22584158176766733
-0.015773512449461242
0.2890024898410328
0.0
0.0
0.0
0.0
0.0
0.0
0.0
0.0
0.0
0.0
0.0
0.0
0.0
0.0
0.0
0.0
0.0
0.0
0.0
0.0
0.0
0.0
0.0
0.0
0.0
0.0
0.0
0.0
0.0
0.0
0.0
0.0
0.0
0.0
0.0
0.0
0.0
0.0
0.0
0.0
0.0
0.0
0.0
0.0
0.0
0.0
0.0
0.0
0.0
0.0
0.0
0.0
0.0
0.0
0.0
0.0
0.0
0.0
0.0
0.0
0.0
0.0
0.0
0.0
0.0
0.0
0.0
0.0
0.0
0.0
0.0
0.0
0.0
0.0
0.0
0.0
0.0
0.0
0.0
0.0
0.0
0.0
0.0
0.0
0.0
0.0
0.0
0.0
0.0
0.0
0.0
0.0
0.0
0.0
0.0
0.0
0.0
0.0
0.0
0.0
0.0
0.0
0.0
0.0
0.0
0.0
0.0
0.0
0.0
0.0
0.0
0.0
0.0
0.0
0.0
0.0
0.0
0.0
0.0
0.0
0.0
0.0
0.0
0.0
0.0
0.0
0.0
0.0
0.0
0.0
0.0
0.0
0.0
0.0
0.0
1.0773175915276343
-0.24497071968242767
0.0014820140376447443
0.002348561328623081
-0.008217774450084123
-0.0332277521177149
-0.003520651286961328
0.016002509253603595
0.04315274307979189
-0.08008729890880603
-0.0039753536292094875
0.01967643044099461
0.01944828508269615
0.0020486140522957374
-0.006696926863391002
1.3062092312131481
-0.004603483612199226
0.008401614068259804
-1.1672506829858604
0.005931179725131918
0.020251843832109387
1.246752437734806
0.0016692689579630572
0.006056499050767179
-1.0419892528042163
-0.0007067201467703622
1.20451226559859
0.022261768775151788
-0.0006827021174770551
-0.5588018699790529
0.30737714358428914
-0.00478516985251194
-0.009919827584404416
0.24329087080803863
0.00019213474044005332
0.10643206722241004
0.0
0.0
0.0
0.0
0.0
0.0
0.0
0.0
0.0
0.0
0.0
0.0
0.0
0.0
0.0
0.0
0.0
0.0
0.0
0.0
0.0
0.0
0.0
0.0
0.0
0.0
0.0
0.0
0.0
0.0
0.0
0.0
0.0
0.0
0.0
0.0
0.0
0.0
0.0
0.0
0.0
0.0
0.0
0.0
0.0
0.0
0.0
0.0
0.0
0.0
0.0
0.0
0.0
0.0
0.0
0.0
0.0
0.0
0.0
0.0
0.0
0.0
0.0
0.0
0.0
0.0
0.0
0.0
0.0
0.0
0.0
0.0
0.0
0.0
0.0
0.0
0.0
0.0
0.0
0.0
0.0
0.0
0.0
0.0
0.0
0.0
0.0
0.0
0.0
0.0
0.0
0.0
0.0
0.0
0.0
0.0
0.0
0.0
0.0
0.0
0.0
0.0
0.0
0.0
0.0
0.0
0.0
0.0
0.0
0.0
0.0
0.0
0.0
0.0
0.0
0.0
0.0
0.0
0.0
0.0
0.0
0.0
0.0
0.0
0.0
0.0
0.0
0.0
0.0
0.0
0.0
0.0
0.0
0.0
0.0
1.0719183008383375
-0.23225996456346165
0.028901979665640253
0.007414801406614857
-0.004865637940685655
-0.06252064722108665
-0.00974749397823579
0.0065443987603112245
0.04359679054472908
-0.0965416334205516
-0.008602498937015864
0.006216995192197948
0.04656203690417987
0.005393778293584658
-0.0033059253613266703
1.1604937185792963
-0.001728633055215895
0.029286582309141267
-1.071578584801582
0.0020341895636123613
-0.009160280011330376
1.1895683317909562
-0.005480114734174915
0.0022037069743090997
-0.9808836163700201
8.850197775831143e-05
1.0889905559927524
-0.0058990736382034305
-0.0003331549530241668
-0.561006138648908
0.28505747464055103
-0.0023259124582351754
0.0037337854302293134
0.23562174101653488
0.0001656875219066935
0.10350556444177551
0.0
0.0
0.0
0.0
0.0
0.0
0.0
0.0
0.0
0.0
0.0
0.0
0.0
0.0
0.0
0.0
0.0
0.0
0.0
0.0
0.0
0.0
0.0
0.0
0.0
0.0
0.0
0.0
0.0
0.0
0.0
0.0
0.0
0.0
0.0
0.0
0.0
0.0
0.0
0.0
0.0
0.0
0.0
0.0
0.0
0.0
0.0
0.0
0.0
0.0
0.0
0.0
0.0
0.0
0.0
0.0
0.0
0.0
0.0
0.0
0.0
0.0
0.0
0.0
0.0
0.0
0.0
0.0
0.0
0.0
0.0
0.0
0.0
0.0
0.0
0.0
0.0
0.0
0.0
0.0
0.0
0.0
0.0
0.0
0.0
0.0
0.0
0.0
0.0
0.0
0.0
0.0
0.0
0.0
0.0
0.0
0.0
0.0
0.0
0.0
0.0
0.0
0.0
0.0
0.0
0.0
0.0
0.0
0.0
0.0
0.0
0.0
0.0
0.0
0.0
0.0
0.0
0.0
0.0
0.0
0.0
0.0
0.0
0.0
0.0
0.0
0.0
0.0
0.0
0.0
0.0
0.0
0.0
0.0
0.0
1.0805408441679738
-0.24611836792241742
-0.12108610280463983
0.0031672876153713025
-0.009469070661611987
0.15769992749994208
-0.004824026793638253
0.016657969129142372
0.040375069283021495
0.12220058210826155
-0.0056610927313533125
0.021726762338217534
-0.06361127585964156
0.0026002246354230084
-0.006963064145676166
1.3876846622976902
-0.00286465624564464
0.006478423894819729
-1.3295400235368238
0.012988430391263728
-0.003297057676058676
1.197272562413925
-0.008799813022444692
0.01335104227385022
-0.9222590773906487
0.001677291699028154
1.094243889184332
-0.003165655369561724
0.0014252267295764864
-0.6591944723207954
0.3553614087700049
-0.009013404585890759
0.002674226935971977
0.2066991626300149
0.0007440019954546686
0.12870274098310874
0.0
0.0
0.0
0.0
0.0
0.0
0.0
0.0
0.0
0.0
0.0
0.0
0.0
0.0
0.0
0.0
0.0
0.0
0.0
0.0
0.0
0.0
0.0
0.0
0.0
0.0
0.0
0.0
0.0
0.0
0.0
0.0
0.0
0.0
0.0
0.0
0.0
0.0
0.0
0.0
0.0
0.0
0.0
0.0
0.0
0.0
0.0
0.0
0.0
0.0
0.0
0.0
0.0
0.0
0.0
0.0
0.0
0.0
0.0
0.0
0.0
0.0
0.0
0.0
0.0
0.0
0.0
0.0
0.0
0.0
0.0
0.0
0.0
0.0
0.0
0.0
0.0
0.0
0.0
0.0
0.0
0.0
0.0
0.0
0.0
0.0
0.0
0.0
0.0
0.0
0.0
0.0
0.0
0.0
0.0
0.0
0.0
0.0
0.0
0.0
0.0
0.0
0.0
0.0
0.0
0.0
0.0
0.0
0.0
0.0
0.0
0.0
0.0
0.0
0.0
0.0
0.0
0.0
0.0
0.0
0.0
0.0
0.0
0.0
0.0
0.0
0.0
0.0
0.0
0.0
0.0
0.0
0.0
0.0
0.0
1.0726240643770089
-0.2173595985378758
-0.07505254293734968
-0.0016693774427573873
0.0021818997060843136
0.08967015333631581
0.003963611209407296
-0.005060423054600523
0.04979856556960222
0.06702722656032173
0.007022319215024411
-0.005725916154812239
-0.03911339771314437
-0.002332532363068707
0.0033285870677352983
1.2532552018009464
0.0036877090732892323
-0.0012258007672567108
-1.2329374295740065
-0.009521906652358011
-0.01690969717826859
1.1731377729061925
0.005227017223028641
-0.00979896840214242
-0.8516629297772285
0.0013782842439504649
1.1773450416450932
-0.01743546237435353
0.001973678112910632
-0.46740187569430414
0.3306641997878138
0.006007758405559721
0.009908373287321677
0.19534905335586916
-0.0007156747478577954
0.09624219257994335
0.0
0.0
0.0
0.0
0.0
0.0
0.0
0.0
0.0
0.0
0.0
0.0
0.0
0.0
0.0
0.0
0.0
0.0
0.0
0.0
0.0
0.0
0.0
0.0
0.0
0.0
0.0
0.0
0.0
0.0
0.0
0.0
0.0
0.0
0.0
0.0
0.0
0.0
0.0
0.0
0.0
0.0
0.0
0.0
0.0
0.0
0.0
0.0
0.0
0.0
0.0
0.0
0.0
0.0
0.0
0.0
0.0
0.0
0.0
0.0
0.0
0.0
0.0
0.0
0.0
0.0
0.0
0.0
0.0
0.0
0.0
0.0
0.0
0.0
0.0
0.0
0.0
0.0
0.0
0.0
0.0
0.0
0.0
0.0
0.0
0.0
0.0
0.0
0.0
0.0
0.0
0.0
0.0
0.0
0.0
0.0
0.0
0.0
0.0
0.0
0.0
0.0
0.0
0.0
0.0
0.0
0.0
0.0
0.0
0.0
0.0
0.0
0.0
0.0
0.0
0.0
0.0
0.0
0.0
0.0
0.0
0.0
0.0
0.0
0.0
0.0
0.0
0.0
0.0
0.0
0.0
0.0
0.0
0.0
0.0
1.073738276723485
-0.22135328201947913
-0.024000785666546547
0.0025715829531163244
-0.002388863919984555
0.05780069206777376
-0.002178407161139902
0.006716967912025012
0.0520839754844066
0.09812621976941388
-2.8838097681442847e-05
0.011107706831895933
-0.029171214696002597
0.0007712216804095207
-0.0035179843073597588
1.2034397556675525
-0.0012652751692719213
-0.012180010636114959
-1.1258914132262667
0.004417749788199709
-0.017354047400480882
1.176762824575945
0.0015292752431172508
0.004370451026997868
-1.0130909057286535
-0.0010504420371677302
1.1910524478558213
-0.01909063430856753
-0.0008432235517988382
-0.480413006090057
0.2964867758034594
-0.0026566366038981385
0.00835948525946107
0.23832121196506034
4.139295217719027e-05
0.09597796999707536
0.0
0.0
0.0
0.0
0.0
0.0
0.0
0.0
0.0
0.0
0.0
0.0
0.0
0.0
0.0
0.0
0.0
0.0
0.0
0.0
0.0
0.0
0.0
0.0
0.0
0.0
0.0
0.0
0.0
0.0
0.0
0.0
0.0
0.0
0.0
0.0
0.0
0.0
0.0
0.0
0.0
0.0
0.0
0.0
0.0
0.0
0.0
0.0
0.0
0.0
0.0
0.0
0.0
0.0
0.0
0.0
0.0
0.0
0.0
0.0
0.0
0.0
0.0
0.0
0.0
0.0
0.0
0.0
0.0
0.0
0.0
0.0
0.0
0.0
0.0
0.0
0.0
0.0
0.0
0.0
0.0
0.0
0.0
0.0
0.0
0.0
0.0
0.0
0.0
0.0
0.0
0.0
0.0
0.0
0.0
0.0
0.0
0.0
0.0
0.0
0.0
0.0
0.0
0.0
0.0
0.0
0.0
0.0
0.0
0.0
0.0
0.0
0.0
0.0
0.0
0.0
0.0
0.0
0.0
0.0
0.0
0.0
0.0
0.0
0.0
0.0
0.0
0.0
0.0
0.0
0.0
0.0
0.0
0.0
0.0
1.0734915076038738
-0.22414018527609925
0.004255649966240261
-0.0019794083606791157
0.0036730421657560353
0.02226153681519639
0.001461140191687152
-0.008698226155583064
0.05143962648180794
0.06240950697809159
-0.0010668347028016912
-0.011675887466092081
-0.016625987497583636
-0.0005801546963629837
0.005220540536226264
1.155440390614254
0.011433236251613556
-0.0007005707354896576
-1.104037124305064
-0.0011485723980713342
0.01803747234173636
1.180399866917674
-0.006991805398359556
-0.0008660196005768863
-0.9355537535031797
-0.00017723304844585654
1.1891359402018105
0.01857393363176555
-0.0006376861635784665
-0.5312970157341226
0.3058752422677543
0.0009282273622612081
-0.011006794361809038
0.2228806957860116
0.0004119189626685549
0.09620849335413623
0.0
0.0
0.0
0.0
0.0
0.0
0.0
0.0
0.0
0.0
0.0
0.0
0.0
0.0
0.0
0.0
0.0
0.0
0.0
0.0
0.0
0.0
0.0
0.0
0.0
0.0
0.0
0.0
0.0
0.0
0.0
0.0
0.0
0.0
0.0
0.0
0.0
0.0
0.0
0.0
0.0
0.0
0.0
0.0
0.0
0.0
0.0
0.0
0.0
0.0
0.0
0.0
0.0
0.0
0.0
0.0
0.0
0.0
0.0
0.0
0.0
0.0
0.0
0.0
0.0
0.0
0.0
0.0
0.0
0.0
0.0
0.0
0.0
0.0
0.0
0.0
0.0
0.0
0.0
0.0
0.0
0.0
0.0
0.0
0.0
0.0
0.0
0.0
0.0
0.0
0.0
0.0
0.0
0.0
0.0
0.0
0.0
0.0
0.0
0.0
0.0
0.0
0.0
0.0
0.0
0.0
0.0
0.0
0.0
0.0
0.0
0.0
0.0
0.0
0.0
0.0
0.0
0.0
0.0
0.0
0.0
0.0
0.0
0.0
0.0
0.0
0.0
0.0
0.0
0.0
0.0
0.0
0.0
0.0
0.0
1.074132812165889
-0.24889819873842506
-0.008609151076891811
0.0024216160892932908
-0.0005891173242196217
0.0013556393713962678
-0.003779191020097813
0.006374350979890887
0.03245409086296737
-0.013625316093942077
-0.00415752146599391
0.014933509801391864
-0.010095144590027728
0.002213411419222089
-0.002299302298974653
1.2857210491016056
-0.0034862898194583016
0.004427356973583341
-1.1917286010450172
0.004521465328382503
-0.009738885935574081
1.225664158478276
-0.007956284367965971
0.004488468060884678
-1.0102876702899937
0.0005098602373607565
1.0997508375199199
-0.009899716524367368
-8.724020452683832e-05
-0.5580413648314808
0.29530095990456273
-0.003511158373248192
0.005419154506849995
0.23389844767349469
0.00017491891342582124
0.11023879201404492
0.0
0.0
0.0
0.0
0.0
0.0
0.0
0.0
0.0
0.0
0.0
0.0
0.0
0.0
0.0
0.0
0.0
0.0
0.0
0.0
0.0
0.0
0.0
0.0
0.0
0.0
0.0
0.0
0.0
0.0
0.0
0.0
0.0
0.0
0.0
0.0
0.0
0.0
0.0
0.0
0.0
0.0
0.0
0.0
0.0
0.0
0.0
0.0
0.0
0.0
0.0
0.0
0.0
0.0
0.0
0.0
0.0
0.0
0.0
0.0
0.0
0.0
0.0
0.0
0.0
0.0
0.0
0.0
0.0
0.0
0.0
0.0
0.0
0.0
0.0
0.0
0.0
0.0
0.0
0.0
0.0
0.0
0.0
0.0
0.0
0.0
0.0
0.0
0.0
0.0
0.0
0.0
0.0
0.0
0.0
0.0
0.0
0.0
0.0
0.0
0.0
0.0
0.0
0.0
0.0
0.0
0.0
0.0
0.0
0.0
0.0
0.0
0.0
0.0
0.0
0.0
0.0
0.0
0.0
0.0
0.0
0.0
0.0
0.0
0.0
0.0
0.0
0.0
0.0
0.0
0.0
0.0
0.0
0.0
0.0
1.0677614044691675
-0.21357780517770644
-0.012770911043190012
-0.0013200898636296437
0.003011983407011718
0.03422030898614546
0.002998489109492092
-0.008555418911697567
0.04637014285932821
0.057774701135656054
0.0048160867443929065
-0.014057679280180646
-0.016083085079579125
-0.0007604218389002226
0.006093734261241341
1.147980059159781
0.0128141257417859
-0.00033603118167069637
-1.0599878133162983
-0.0030304371508312507
0.017012402274166324
1.1338471894981992
0.007214606030237816
-0.0027643104923423317
-0.9064408734757193
0.00021578607600983285
1.1186866439161716
0.017199777563612333
0.000656369945110095
-0.5008075286508441
0.27809614381276004
0.0003862854324096492
-0.010360463639006176
0.21066942928555815
-0.0005147047379409997
0.08949585452134748
0.0
0.0
0.0
0.0
0.0
0.0
0.0
0.0
0.0
0.0
0.0
0.0
0.0
0.0
0.0
0.0
0.0
0.0
0.0
0.0
0.0
0.0
0.0
0.0
0.0
0.0
0.0
0.0
0.0
0.0
0.0
0.0
0.0
0.0
0.0
0.0
0.0
0.0
0.0
0.0
0.0
0.0
0.0
0.0
0.0
0.0
0.0
0.0
0.0
0.0
0.0
0.0
0.0
0.0
0.0
0.0
0.0
0.0
0.0
0.0
0.0
0.0
0.0
0.0
0.0
0.0
0.0
0.0
0.0
0.0
0.0
0.0
0.0
0.0
0.0
0.0
0.0
0.0
0.0
0.0
0.0
0.0
0.0
0.0
0.0
0.0
0.0
0.0
0.0
0.0
0.0
0.0
0.0
0.0
0.0
0.0
0.0
0.0
0.0
0.0
0.0
0.0
0.0
0.0
0.0
0.0
0.0
0.0
0.0
0.0
0.0
0.0
0.0
0.0
0.0
0.0
0.0
0.0
0.0
0.0
0.0
0.0
0.0
0.0
0.0
0.0
0.0
0.0
0.0
0.0
0.0
0.0
0.0
0.0
0.0
1.0812356087024244
-0.26092932558312676
-0.009603864166738613
0.01168958258662112
0.04602105583896118
0.009910441369756379
-0.015923923557848177
-0.05736123890996112
0.036439955628591834
0.004055607585263561
-0.013467593567177675
-0.04052534232440051
-0.002347176590571468
0.006648211698112019
0.024029917791586277
1.063493938341819
-0.008416145073081987
-0.028584747797296424
-0.6472776835670573
0.001985748044660101
0.024593999412603054
1.3004713457849524
0.013306495262688605
0.0021660127620959334
-1.0435173967063986
-0.02196923363486917
1.3405341119257912
0.02467650260118498
-0.02198034254554959
-1.224499126781271
0.12901514876829595
-0.0005380468859252213
-0.012594165330725564
0.23750698300412995
0.015113113525957088
0.3126826650097866
0.0
0.0
0.0
0.0
0.0
0.0
0.0
0.0
0.0
0.0
0.0
0.0
0.0
0.0
0.0
0.0
0.0
0.0
0.0
0.0
0.0
0.0
0.0
0.0
0.0
0.0
0.0
0.0
0.0
0.0
0.0
0.0
0.0
0.0
0.0
0.0
0.0
0.0
0.0
0.0
0.0
0.0
0.0
0.0
0.0
0.0
0.0
0.0
0.0
0.0
0.0
0.0
0.0
0.0
0.0
0.0
0.0
0.0
0.0
0.0
0.0
0.0
0.0
0.0
0.0
0.0
0.0
0.0
0.0
0.0
0.0
0.0
0.0
0.0
0.0
0.0
0.0
0.0
0.0
0.0
0.0
0.0
0.0
0.0
0.0
0.0
0.0
0.0
0.0
0.0
0.0
0.0
0.0
0.0
0.0
0.0
0.0
0.0
0.0
0.0
0.0
0.0
0.0
0.0
0.0
0.0
0.0
0.0
0.0
0.0
0.0
0.0
0.0
0.0
0.0
0.0
0.0
0.0
0.0
0.0
0.0
0.0
0.0
0.0
0.0
0.0
0.0
0.0
0.0
0.0
0.0
0.0
0.0
0.0
0.0
1.0666837484994562
-0.20542268597153004
-0.000607960232180956
0.016696547173311857
0.0412539487683458
-1.7652139977102527e-06
-0.028818627046450024
-0.053525250798942096
0.04685636717129317
-0.0008338233818662808
-0.03794939687316261
-0.04626170105417045
0.0011745299197199566
0.012538401778535997
0.028936561303351118
1.1692347708494433
0.0027683732115162075
0.0038896831312103066
-0.4342008803446103
-0.0018885723197418114
0.0030385650241625817
1.176417919056407
0.03142506147452011
-0.0018514323762526814
-0.9220893847625271
-0.04925401108916394
1.174163095885365
0.0016282191787570287
-0.050160038116315586
-1.0450088155820336
0.08254359368391583
-0.00028294511321293745
-0.0006414765307119204
0.21568020505210964
0.029141393608066127
0.2675099236412214
0.0
0.0
0.0
0.0
0.0
0.0
0.0
0.0
0.0
0.0
0.0
0.0
0.0
0.0
0.0
0.0
0.0
0.0
0.0
0.0
0.0
0.0
0.0
0.0
0.0
0.0
0.0
0.0
0.0
0.0
0.0
0.0
0.0
0.0
0.0
0.0
0.0
0.0
0.0
0.0
0.0
0.0
0.0
0.0
0.0
0.0
0.0
0.0
0.0
0.0
0.0
0.0
0.0
0.0
0.0
0.0
0.0
0.0
0.0
0.0
0.0
0.0
0.0
0.0
0.0
0.0
0.0
0.0
0.0
0.0
0.0
0.0
0.0
0.0
0.0
0.0
0.0
0.0
0.0
0.0
0.0
0.0
0.0
0.0
0.0
0.0
0.0
0.0
0.0
0.0
0.0
0.0
0.0
0.0
0.0
0.0
0.0
0.0
0.0
0.0
0.0
0.0
0.0
0.0
0.0
0.0
0.0
0.0
0.0
0.0
0.0
0.0
0.0
0.0
0.0
0.0
0.0
0.0
0.0
0.0
0.0
0.0
0.0
0.0
0.0
0.0
0.0
0.0
0.0
0.0
0.0
0.0
0.0
0.0
0.0
1.0800888640467234
-0.25716627261372715
-0.01669812493514746
-0.012287035522510894
0.034377442799877846
0.021003064893879986
0.01835968460227506
-0.04219678846844298
0.03620361801912877
0.016159418541561398
0.018667078981391465
-0.02877274686424882
-0.00750496347942939
-0.008309488006393213
0.01645281365559115
1.0654935236360012
0.01275574865150563
-0.014742309137013692
-0.6188174319282258
-0.003134270693825817
0.025587540625352533
1.282405542980784
-0.009717121619780372
-0.0034075327421495783
-1.0216934354056804
0.019678882915011776
1.3367569680475597
0.02501318152229169
0.01961486656743964
-1.2283415576762435
0.12283864205548506
0.0011307203642094844
-0.014902255364265093
0.23071234410990954
-0.0133609001881604
0.31364622838119066
0.0
0.0
0.0
0.0
0.0
0.0
0.0
0.0
0.0
0.0
0.0
0.0
0.0
0.0
0.0
0.0
0.0
0.0
0.0
0.0
0.0
0.0
0.0
0.0
0.0
0.0
0.0
0.0
0.0
0.0
0.0
0.0
0.0
0.0
0.0
0.0
0.0
0.0
0.0
0.0
0.0
0.0
0.0
0.0
0.0
0.0
0.0
0.0
0.0
0.0
0.0
0.0
0.0
0.0
0.0
0.0
0.0
0.0
0.0
0.0
0.0
0.0
0.0
0.0
0.0
0.0
0.0
0.0
0.0
0.0
0.0
0.0
0.0
0.0
0.0
0.0
0.0
0.0
0.0
0.0
0.0
0.0
0.0
0.0
0.0
0.0
0.0
0.0
0.0
0.0
0.0
0.0
0.0
0.0
0.0
0.0
0.0
0.0
0.0
0.0
0.0
0.0
0.0
0.0
0.0
0.0
0.0
0.0
0.0
0.0
0.0
0.0
0.0
0.0
0.0
0.0
0.0
0.0
0.0
0.0
0.0
0.0
0.0
0.0
0.0
0.0
0.0
0.0
0.0
0.0
0.0
0.0
0.0
0.0
0.0
1.0679528836621301
-0.20623377281660712
-0.0035921377426890856
-0.0268156515681581
0.047362635365439984
0.0061977728278531
0.04168273078454138
-0.06296339727519973
0.04809674629222658
0.007369889866946115
0.04811965265771895
-0.05695570570102021
-0.002534565221894655
-0.01788741954369956
0.03436404984456304
1.1603747350865847
-0.0020132522814884047
0.017118451578655047
-0.4202879141739752
-0.001742440907043881
0.007633449885653719
1.1815835407838828
-0.05258171605622397
-0.0014680768525851262
-0.9330153842566854
0.06834323507931936
1.1951966005070047
0.006395128988539214
0.06921147858763324
-1.0604691572041995
0.08364082918474028
0.0014701874935702706
-0.0034180459964076064
0.22027298693398545
-0.04095584297512038
0.27353057613985665
0.0
0.0
0.0
0.0
0.0
0.0
0.0
0.0
0.0
0.0
0.0
0.0
0.0
0.0
0.0
0.0
0.0
0.0
0.0
0.0
0.0
0.0
0.0
0.0
0.0
0.0
0.0
0.0
0.0
0.0
0.0
0.0
0.0
0.0
0.0
0.0
0.0
0.0
0.0
0.0
0.0
0.0
0.0
0.0
0.0
0.0
0.0
0.0
0.0
0.0
0.0
0.0
0.0
0.0
0.0
0.0
0.0
0.0
0.0
0.0
0.0
0.0
0.0
0.0
0.0
0.0
0.0
0.0
0.0
0.0
0.0
0.0
0.0
0.0
0.0
0.0
0.0
0.0
0.0
0.0
0.0
0.0
0.0
0.0
0.0
0.0
0.0
0.0
0.0
0.0
0.0
0.0
0.0
0.0
0.0
0.0
0.0
0.0
0.0
0.0
0.0
0.0
0.0
0.0
0.0
0.0
0.0
0.0
0.0
0.0
0.0
0.0
0.0
0.0
0.0
0.0
0.0
0.0
0.0
0.0
0.0
0.0
0.0
0.0
0.0
0.0
0.0
0.0
0.0
0.0
0.0
0.0
0.0
0.0
0.0
1.0766583886911174
-0.24388012516953136
-0.0028928593160639626
-0.02456616259804532
-0.10364305037765792
0.00124624502881789
0.0326295445819349
0.13317945367558898
0.03809550159900399
-0.0038435522381243758
0.02518868361679198
0.104487637542927
0.00240664549446108
-0.015109001232326407
-0.05193975249330364
0.9618146530092938
-0.0028386398088983615
0.01884017359787883
-0.6278720390276835
-0.001601476003736585
-0.009162237055125292
1.3040110565699006
0.045326466542411833
-0.0014551803863701173
-1.0522200212892217
-0.03671518822029497
1.2489171296232882
-0.009557554821313678
-0.03718625778713839
-1.0892209477786623
0.12675850251201987
0.000774292029822421
0.004185218670841622
0.238171270675956
0.023898408397604196
0.2769096574050212
0.0
0.0
0.0
0.0
0.0
0.0
0.0
0.0
0.0
0.0
0.0
0.0
0.0
0.0
0.0
0.0
0.0
0.0
0.0
0.0
0.0
0.0
0.0
0.0
0.0
0.0
0.0
0.0
0.0
0.0
0.0
0.0
0.0
0.0
0.0
0.0
0.0
0.0
0.0
0.0
0.0
0.0
0.0
0.0
0.0
0.0
0.0
0.0
0.0
0.0
0.0
0.0
0.0
0.0
0.0
0.0
0.0
0.0
0.0
0.0
0.0
0.0
0.0
0.0
0.0
0.0
0.0
0.0
0.0
0.0
0.0
0.0
0.0
0.0
0.0
0.0
0.0
0.0
0.0
0.0
0.0
0.0
0.0
0.0
0.0
0.0
0.0
0.0
0.0
0.0
0.0
0.0
0.0
0.0
0.0
0.0
0.0
0.0
0.0
0.0
0.0
0.0
0.0
0.0
0.0
0.0
0.0
0.0
0.0
0.0
0.0
0.0
0.0
0.0
0.0
0.0
0.0
0.0
0.0
0.0
0.0
0.0
0.0
0.0
0.0
0.0
0.0
0.0
0.0
0.0
0.0
0.0
0.0
0.0
0.0
1.0712126262396326
-0.22169689252427038
0.0024343735988576463
-0.005841386048560603
0.05548717855678944
-0.009335688276875895
0.0026971280395130665
-0.07150975214589797
0.04160778154080792
-0.017258902224778404
-0.007078380844328019
-0.057743638134620315
0.004437827158928104
-0.004308069227939059
0.020265105685132685
1.170649015807426
0.0037519038355183455
-0.007219276647493319
-0.481303712330123
-0.0006378092286719758
-0.020751330233798763
1.1755290200995159
-0.0044887361023653195
3.7740076631771486e-05
-0.8492566358336322
0.018228096109704644
1.309291843098857
-0.01853697210379474
0.018295777123610947
-1.1981695985628036
0.09316301555083194
-0.0004163201013253821
0.009245684862806337
0.19281447764028514
-0.0059514541388179295
0.3085884644806496
0.0
0.0
0.0
0.0
0.0
0.0
0.0
0.0
0.0
0.0
0.0
0.0
0.0
0.0
0.0
0.0
0.0
0.0
0.0
0.0
0.0
0.0
0.0
0.0
0.0
0.0
0.0
0.0
0.0
0.0
0.0
0.0
0.0
0.0
0.0
0.0
0.0
0.0
0.0
0.0
0.0
0.0
0.0
0.0
0.0
0.0
0.0
0.0
0.0
0.0
0.0
0.0
0.0
0.0
0.0
0.0
0.0
0.0
0.0
0.0
0.0
0.0
0.0
0.0
0.0
0.0
0.0
0.0
0.0
0.0
0.0
0.0
0.0
0.0
0.0
0.0
0.0
0.0
0.0
0.0
0.0
0.0
0.0
0.0
0.0
0.0
0.0
0.0
0.0
0.0
0.0
0.0
0.0
0.0
0.0
0.0
0.0
0.0
0.0
0.0
0.0
0.0
0.0
0.0
0.0
0.0
0.0
0.0
0.0
0.0
0.0
0.0
0.0
0.0
0.0
0.0
0.0
0.0
0.0
0.0
0.0
0.0
0.0
0.0
0.0
0.0
0.0
0.0
0.0
0.0
0.0
0.0
0.0
0.0
0.0
1.075766568478521
-0.24125397637130144
-0.009232052542104128
0.011155751312779056
-0.1000425467574803
0.010162180840621348
-0.015512060677869977
0.12910625093560524
0.03780008737452763
0.005460010178030047
-0.013403729916383863
0.10217727426807371
-0.002112669575903988
0.007369672139242483
-0.04921135739055035
0.9318342761920348
0.0021268195009321307
0.025040903998354107
-0.6019942754992573
0.0029365360275812823
-0.011524413849081556
1.298338154177907
-0.015685878878910972
0.002728365563579681
-1.044433644095843
0.011019314903913693
1.2457656913349064
-0.012197238853157658
0.01120206527528069
-1.081590914404513
0.12195856615581749
-0.0012631516814747587
0.00644752872647281
0.2352270036482188
-0.00743642810848948
0.2735882383699662
0.0
0.0
0.0
0.0
0.0
0.0
0.0
0.0
0.0
0.0
0.0
0.0
0.0
0.0
0.0
0.0
0.0
0.0
0.0
0.0
0.0
0.0
0.0
0.0
0.0
0.0
0.0
0.0
0.0
0.0
0.0
0.0
0.0
0.0
0.0
0.0
0.0
0.0
0.0
0.0
0.0
0.0
0.0
0.0
0.0
0.0
0.0
0.0
0.0
0.0
0.0
0.0
0.0
0.0
0.0
0.0
0.0
0.0
0.0
0.0
0.0
0.0
0.0
0.0
0.0
0.0
0.0
0.0
0.0
0.0
0.0
0.0
0.0
0.0
0.0
0.0
0.0
0.0
0.0
0.0
0.0
0.0
0.0
0.0
0.0
0.0
0.0
0.0
0.0
0.0
0.0
0.0
0.0
0.0
0.0
0.0
0.0
0.0
0.0
0.0
0.0
0.0
0.0
0.0
0.0
0.0
0.0
0.0
0.0
0.0
0.0
0.0
0.0
0.0
0.0
0.0
0.0
0.0
0.0
0.0
0.0
0.0
0.0
0.0
0.0
0.0
0.0
0.0
0.0
0.0
0.0
0.0
0.0
0.0
0.0
1.0721276216397468
-0.22312023795281305
0.0005726069147073263
-0.0013429087665966862
0.05076314446022945
-0.0022881181589886356
0.007261915775719474
-0.06429728254118108
0.04290077378444678
-0.004919597033913265
0.016712633121351496
-0.04920717541632818
0.0007116952658188839
-0.00012524120471797337
0.015057596034757127
1.1666665773852996
-0.0026667208824202922
-0.015203475508999472
-0.4706298081650818
-0.0016190828973478427
-0.016741318032478116
1.170249135774767
0.011474379045526426
-0.0013829902926334433
-0.8640176512230124
-0.02574464943065078
1.318364380094184
-0.015398809847860476
-0.02551315007095502
-1.2107257443988837
0.09325470685141518
0.0009220546292422688
0.008909957925253943
0.19789953292345336
0.011412600718450228
0.31330227021025636
0.0
0.0
0.0
0.0
0.0
0.0
0.0
0.0
0.0
0.0
0.0
0.0
0.0
0.0
0.0
0.0
0.0
0.0
0.0
0.0
0.0
0.0
0.0
0.0
0.0
0.0
0.0
0.0
0.0
0.0
0.0
0.0
0.0
0.0
0.0
0.0
0.0
0.0
0.0
0.0
0.0
0.0
0.0
0.0
0.0
0.0
0.0
0.0
0.0
0.0
0.0
0.0
0.0
0.0
0.0
0.0
0.0
0.0
0.0
0.0
0.0
0.0
0.0
0.0
0.0
0.0
0.0
0.0
0.0
0.0
0.0
0.0
0.0
0.0
0.0
0.0
0.0
0.0
0.0
0.0
0.0
0.0
0.0
0.0
0.0
0.0
0.0
0.0
0.0
0.0
0.0
0.0
0.0
0.0
0.0
0.0
0.0
0.0
0.0
0.0
0.0
0.0
0.0
0.0
0.0
0.0
0.0
0.0
0.0
0.0
0.0
0.0
0.0
0.0
0.0
0.0
0.0
0.0
0.0
0.0
0.0
0.0
0.0
0.0
0.0
0.0
0.0
0.0
0.0
0.0
0.0
0.0
0.0
0.0
0.0
1.0764357290264166
-0.2140709899125047
0.18938544023314247
-0.10334295418759915
0.009707787659385875
-0.2583823705071422
0.1405945114149007
-0.013357639251129804
0.039378990820773424
-0.22996161851453967
0.11400127727991488
-0.00934972680480528
0.14017125016914184
-0.06141231004759885
0.004857944711774788
1.1834422436414052
-0.1360730978593236
0.02626890503495168
-0.8698219818788022
0.13052896272787567
-0.009377366347622176
1.3269916660929677
-0.053770674641011665
0.13200733424522354
-1.1081742274623945
0.015933699303948
1.0169071503756513
-0.00867520399742807
0.014088992685345698
-0.6391266057207889
0.21098802862500124
-0.08679889496112253
0.005638517022452742
0.28133856870303
-0.007572687016959042
0.12564717437106157
0.0
0.0
0.0
0.0
0.0
0.0
0.0
0.0
0.0
0.0
0.0
0.0
0.0
0.0
0.0
0.0
0.0
0.0
0.0
0.0
0.0
0.0
0.0
0.0
0.0
0.0
0.0
0.0
0.0
0.0
0.0
0.0
0.0
0.0
0.0
0.0
0.0
0.0
0.0
0.0
0.0
0.0
0.0
0.0
0.0
0.0
0.0
0.0
0.0
0.0
0.0
0.0
0.0
0.0
0.0
0.0
0.0
0.0
0.0
0.0
0.0
0.0
0.0
0.0
0.0
0.0
0.0
0.0
0.0
0.0
0.0
0.0
0.0
0.0
0.0
0.0
0.0
0.0
0.0
0.0
0.0
0.0
0.0
0.0
0.0
0.0
0.0
0.0
0.0
0.0
0.0
0.0
0.0
0.0
0.0
0.0
0.0
0.0
0.0
0.0
0.0
0.0
0.0
0.0
0.0
0.0
0.0
0.0
0.0
0.0
0.0
0.0
0.0
0.0
0.0
0.0
0.0
0.0
0.0
0.0
0.0
0.0
0.0
0.0
0.0
0.0
0.0
0.0
0.0
0.0
0.0
0.0
0.0
0.0
0.0
1.0717548380641004
-0.20176217384526213
0.1856093515656408
-0.13243427936306307
-0.014042403299063875
-0.2600295063241944
0.1729075772140699
0.020239694867810645
0.036475381012656946
-0.2490335802033786
0.12519592715696964
0.015504617791207473
0.141469580432855
-0.07719675945054483
-0.008404355349204324
1.1200209036557585
-0.24039528688312864
-0.041474691483297646
-0.8846048483398908
0.14190404446775567
0.01710336526571611
1.2469479977300948
0.06556551626903795
0.14086972129347256
-1.0316410932553968
-0.019278830345887593
0.9881477287752702
0.01590544569972644
-0.01755499529872383
-0.6207602376228645
0.21643021274913407
-0.10119219522040854
-0.010695763266465331
0.25569193561237863
0.01178705286000506
0.12074434126580592
0.0
0.0
0.0
0.0
0.0
0.0
0.0
0.0
0.0
0.0
0.0
0.0
0.0
0.0
0.0
0.0
0.0
0.0
0.0
0.0
0.0
0.0
0.0
0.0
0.0
0.0
0.0
0.0
0.0
0.0
0.0
0.0
0.0
0.0
0.0
0.0
0.0
0.0
0.0
0.0
0.0
0.0
0.0
0.0
0.0
0.0
0.0
0.0
0.0
0.0
0.0
0.0
0.0
0.0
0.0
0.0
0.0
0.0
0.0
0.0
0.0
0.0
0.0
0.0
0.0
0.0
0.0
0.0
0.0
0.0
0.0
0.0
0.0
0.0
0.0
0.0
0.0
0.0
0.0
0.0
0.0
0.0
0.0
0.0
0.0
0.0
0.0
0.0
0.0
0.0
0.0
0.0
0.0
0.0
0.0
0.0
0.0
0.0
0.0
0.0
0.0
0.0
0.0
0.0
0.0
0.0
0.0
0.0
0.0
0.0
0.0
0.0
0.0
0.0
0.0
0.0
0.0
0.0
0.0
0.0
0.0
0.0
0.0
0.0
0.0
0.0
0.0
0.0
0.0
0.0
0.0
0.0
0.0
0.0
0.0
1.0760747096440728
-0.2097326273320042
0.1991594479354089
0.10563817352215878
0.006592883911616992
-0.2716383242319565
-0.14536283556326784
-0.009669507904316877
0.04094231513470479
-0.24079123324138152
-0.11923845247630915
-0.004681621439578027
0.14778995872743028
0.06253261755767306
0.0023865302655234804
1.1955330635258676
0.1628161087769497
0.038317026268029436
-0.8971834686733011
-0.13748860263821316
-0.0026618194927256244
1.3105394342075336
0.04263482458494766
-0.13949216823408217
-1.0822804581601895
-0.014896195891126583
0.9961528244295046
-0.0013631427952384598
-0.013513673843165284
-0.6212725088234059
0.22091677683888758
0.09216620704602535
0.0014896286313644015
0.27595970067938647
0.006738885999588095
0.12556630424983772
0.0
0.0
0.0
0.0
0.0
0.0
0.0
0.0
0.0
0.0
0.0
0.0
0.0
0.0
0.0
0.0
0.0
0.0
0.0
0.0
0.0
0.0
0.0
0.0
0.0
0.0
0.0
0.0
0.0
0.0
0.0
0.0
0.0
0.0
0.0
0.0
0.0
0.0
0.0
0.0
0.0
0.0
0.0
0.0
0.0
0.0
0.0
0.0
0.0
0.0
0.0
0.0
0.0
0.0
0.0
0.0
0.0
0.0
0.0
0.0
0.0
0.0
0.0
0.0
0.0
0.0
0.0
0.0
0.0
0.0
0.0
0.0
0.0
0.0
0.0
0.0
0.0
0.0
0.0
0.0
0.0
0.0
0.0
0.0
0.0
0.0
0.0
0.0
0.0
0.0
0.0
0.0
0.0
0.0
0.0
0.0
0.0
0.0
0.0
0.0
0.0
0.0
0.0
0.0
0.0
0.0
0.0
0.0
0.0
0.0
0.0
0.0
0.0
0.0
0.0
0.0
0.0
0.0
0.0
0.0
0.0
0.0
0.0
0.0
0.0
0.0
0.0
0.0
0.0
0.0
0.0
0.0
0.0
0.0
0.0
1.074023047747476
-0.20870074376239
0.17568041069672863
0.12460199968925678
-0.015918078378754294
-0.2479754120487454
-0.15943505410025482
0.020373882117232917
0.03843568868577904
-0.24118219229620086
-0.110759073912828
0.01049119771095331
0.13429897423183002
0.06902699504074344
-0.0067923210211488765
1.1213754049811766
0.17891161935180272
-0.04338977398251749
-0.8713469744745324
-0.09895544525940314
0.013524676351470321
1.2838647296029415
-0.08149415238905344
-0.09831323352422999
-1.09694501871111
0.021492032525702455
0.9723446079540154
0.011975478806502515
0.018766978785238243
-0.6080377957503328
0.2076248942619266
0.0756795402612846
-0.008488829585663547
0.2784654521448649
-0.010726552283032367
0.12433251866933229
0.0
0.0
0.0
0.0
0.0
0.0
0.0
0.0
0.0
0.0
0.0
0.0
0.0
0.0
0.0
0.0
0.0
0.0
0.0
0.0
0.0
0.0
0.0
0.0
0.0
0.0
0.0
0.0
0.0
0.0
0.0
0.0
0.0
0.0
0.0
0.0
0.0
0.0
0.0
0.0
0.0
0.0
0.0
0.0
0.0
0.0
0.0
0.0
0.0
0.0
0.0
0.0
0.0
0.0
0.0
0.0
0.0
0.0
0.0
0.0
0.0
0.0
0.0
0.0
0.0
0.0
0.0
0.0
0.0
0.0
0.0
0.0
0.0
0.0
0.0
0.0
0.0
0.0
0.0
0.0
0.0
0.0
0.0
0.0
0.0
0.0
0.0
0.0
0.0
0.0
0.0
0.0
0.0
0.0
0.0
0.0
0.0
0.0
0.0
0.0
0.0
0.0
0.0
0.0
0.0
0.0
0.0
0.0
0.0
0.0
0.0
0.0
0.0
0.0
0.0
0.0
0.0
0.0
0.0
0.0
0.0
0.0
0.0
0.0
0.0
0.0
0.0
0.0
0.0
0.0
0.0
0.0
0.0
0.0
0.0
1.0762914908723324
-0.2419628031694928
0.020924412437435404
0.028278573107562734
0.021855549114930803
-0.03687693808552666
-0.025088192279755714
-0.029387862078596123
0.039425459792971046
-0.04235563802254664
-0.0012823949145272955
-0.02768402707353669
0.0031216381543131048
0.02246082757748294
0.012992672414659096
1.3466996575259977
0.004602239742486483
0.014006541925380873
-1.21376419139482
-0.023404184281509813
0.0028148526095125173
1.253618125143568
-0.04742767047927634
-0.024530107262885778
-0.8789583578726756
0.0015122348142546118
1.066108834403114
0.004478228005326159
-0.0013276928444031337
-0.6424045840695349
0.3056562341124358
0.0001785911830630148
-0.00524234477328132
0.1950191391537542
0.003625151140446696
0.12099911130242316
0.0
0.0
0.0
0.0
0.0
0.0
0.0
0.0
0.0
0.0
0.0
0.0
0.0
0.0
0.0
0.0
0.0
0.0
0.0
0.0
0.0
0.0
0.0
0.0
0.0
0.0
0.0
0.0
0.0
0.0
0.0
0.0
0.0
0.0
0.0
0.0
0.0
0.0
0.0
0.0
0.0
0.0
0.0
0.0
0.0
0.0
0.0
0.0
0.0
0.0
0.0
0.0
0.0
0.0
0.0
0.0
0.0
0.0
0.0
0.0
0.0
0.0
0.0
0.0
0.0
0.0
0.0
0.0
0.0
0.0
0.0
0.0
0.0
0.0
0.0
0.0
0.0
0.0
0.0
0.0
0.0
0.0
0.0
0.0
0.0
0.0
0.0
0.0
0.0
0.0
0.0
0.0
0.0
0.0
0.0
0.0
0.0
0.0
0.0
0.0
0.0
0.0
0.0
0.0
0.0
0.0
0.0
0.0
0.0
0.0
0.0
0.0
0.0
0.0
0.0
0.0
0.0
0.0
0.0
0.0
0.0
0.0
0.0
0.0
0.0
0.0
0.0
0.0
0.0
0.0
0.0
0.0
0.0
0.0
0.0
1.070966978045373
-0.2283650633061613
-0.06974937768293318
0.018601995214150513
-0.01327715394217088
0.10326346393283009
-0.02507594310820849
0.02462458536866057
0.04172631086132833
0.10729324969035069
-0.028397382288090835
0.03133910836784149
-0.052041524609273374
0.0254871709184301
-0.011281477860536999
1.1933559510975478
0.15304547332572463
0.05737929363483612
-1.0623781428890149
-0.00784764418935273
-0.029239998458114484
1.1642789028402722
0.056066173002100775
-0.006252502734397052
-0.963642584086502
-0.003240177105752456
1.099914895106966
-0.027040378549947196
-0.0014726633358891298
-0.5885015373184934
0.27044121798762794
-0.012623914017015066
0.01533493859778393
0.22519884969438828
-0.0016339312473524457
0.10662464319974474
0.0
0.0
0.0
0.0
0.0
0.0
0.0
0.0
0.0
0.0
0.0
0.0
0.0
0.0
0.0
0.0
0.0
0.0
0.0
0.0
0.0
0.0
0.0
0.0
0.0
0.0
0.0
0.0
0.0
0.0
0.0
0.0
0.0
0.0
0.0
0.0
0.0
0.0
0.0
0.0
0.0
0.0
0.0
0.0
0.0
0.0
0.0
0.0
0.0
0.0
0.0
0.0
0.0
0.0
0.0
0.0
0.0
0.0
0.0
0.0
0.0
0.0
0.0
0.0
0.0
0.0
0.0
0.0
0.0
0.0
0.0
0.0
0.0
0.0
0.0
0.0
0.0
0.0
0.0
0.0
0.0
0.0
0.0
0.0
0.0
0.0
0.0
0.0
0.0
0.0
0.0
0.0
0.0
0.0
0.0
0.0
0.0
0.0
0.0
0.0
0.0
0.0
0.0
0.0
0.0
0.0
0.0
0.0
0.0
0.0
0.0
0.0
0.0
0.0
0.0
0.0
0.0
0.0
0.0
0.0
0.0
0.0
0.0
0.0
0.0
0.0
0.0
0.0
0.0
0.0
0.0
0.0
0.0
0.0
0.0
1.0780785253518899
-0.24529482827353039
0.031590595402465844
-0.01815231428534319
0.013942601473339564
-0.04722588113469639
0.009140225828468563
-0.020527365719788984
0.039576866002532324
-0.043883328366759754
-0.015888688651394152
-0.02291383693093229
0.007510738664819666
-0.014894586390097652
0.009895883258257583
1.373829299831181
-0.015566480008945689
-0.02765524025692503
-1.2513409988982085
0.04412416459098134
0.020477280662976327
1.2368035566422673
0.03559284591485315
0.04522085043048683
-0.8679931899771678
-0.005604676973982323
1.0404403563970406
0.020608818726981868
-0.0037582925783271656
-0.6456509268769022
0.31845797785832036
-0.014446237875173362
-0.012332153504522344
0.19405006192554963
-0.0003815898088356595
0.12484327013129166
0.0
0.0
0.0
0.0
0.0
0.0
0.0
0.0
0.0
0.0
0.0
0.0
0.0
0.0
0.0
0.0
0.0
0.0
0.0
0.0
0.0
0.0
0.0
0.0
0.0
0.0
0.0
0.0
0.0
0.0
0.0
0.0
0.0
0.0
0.0
0.0
0.0
0.0
0.0
0.0
0.0
0.0
0.0
0.0
0.0
0.0
0.0
0.0
0.0
0.0
0.0
0.0
0.0
0.0
0.0
0.0
0.0
0.0
0.0
0.0
0.0
0.0
0.0
0.0
0.0
0.0
0.0
0.0
0.0
0.0
0.0
0.0
0.0
0.0
0.0
0.0
0.0
0.0
0.0
0.0
0.0
0.0
0.0
0.0
0.0
0.0
0.0
0.0
0.0
0.0
0.0
0.0
0.0
0.0
0.0
0.0
0.0
0.0
0.0
0.0
0.0
0.0
0.0
0.0
0.0
0.0
0.0
0.0
0.0
0.0
0.0
0.0
0.0
0.0
0.0
0.0
0.0
0.0
0.0
0.0
0.0
0.0
0.0
0.0
0.0
0.0
0.0
0.0
0.0
0.0
0.0
0.0
0.0
0.0
0.0
1.069156500367547
-0.219986480760734
0.026976937913903418
-0.016289604713312873
-0.006721797992219303
-0.03004577827458702
0.023683746953306134
0.018143831087621503
0.04138456872766504
-0.019888778808816693
0.022829888115294947
0.029305485646856085
0.015139314954246225
-0.024184893380197803
-0.009179009921137668
1.2283829627556386
-0.10951253568872155
0.02601699521545976
-1.1488977877363515
-0.010790105763249326
-0.01240357462436504
1.1081916632551165
-0.04564439300885641
-0.01669922875361704
-0.8244440482471672
0.0023937109884978195
1.1571179482346008
-0.00947889019998521
0.0021272481181308367
-0.5255905361638284
0.2983818720196068
0.024662122480626984
0.004938746122635921
0.1817328782022204
0.0013665576629493833
0.09226063966998625
0.0
0.0
0.0
0.0
0.0
0.0
0.0
0.0
0.0
0.0
0.0
0.0
0.0
0.0
0.0
0.0
0.0
0.0
0.0
0.0
0.0
0.0
0.0
0.0
0.0
0.0
0.0
0.0
0.0
0.0
0.0
0.0
0.0
0.0
0.0
0.0
0.0
0.0
0.0
0.0
0.0
0.0
0.0
0.0
0.0
0.0
0.0
0.0
0.0
0.0
0.0
0.0
0.0
0.0
0.0
0.0
0.0
0.0
0.0
0.0
0.0
0.0
0.0
0.0
0.0
0.0
0.0
0.0
0.0
0.0
0.0
0.0
0.0
0.0
0.0
0.0
0.0
0.0
0.0
0.0
0.0
0.0
0.0
0.0
0.0
0.0
0.0
0.0
0.0
0.0
0.0
0.0
0.0
0.0
0.0
0.0
0.0
0.0
0.0
0.0
0.0
0.0
0.0
0.0
0.0
0.0
0.0
0.0
0.0
0.0
0.0
0.0
0.0
0.0
0.0
0.0
0.0
0.0
0.0
0.0
0.0
0.0
0.0
0.0
0.0
0.0
0.0
0.0
0.0
0.0
0.0
0.0
0.0
0.0
0.0
1.076351098915712
-0.24308737266081484
0.0539792545958019
0.008618200916211037
0.04530152591003273
-0.08270416007592116
-0.021411717949854484
-0.05290524057268908
0.043142169805115746
-0.08446073969884099
-0.031277244597072186
-0.032811690581994256
0.042428980430120125
-0.0010833807358949475
0.026242114713387818
1.1549589169790873
0.06065040339567669
0.07045304459778406
-0.6710153861819741
-0.017765204967829684
-0.007154778786045991
1.2835245070573338
0.036060029442314866
-0.019828028641690917
-0.9943971639127323
-0.07279331319332016
1.2819926045204966
-0.009564594265315592
-0.07166168359103976
-1.1279798153330294
0.12306995329066849
-0.00020499379882563763
0.006879481432229053
0.22860355451001296
0.03052378495301817
0.29226192817618524
0.0
0.0
0.0
0.0
0.0
0.0
0.0
0.0
0.0
0.0
0.0
0.0
0.0
0.0
0.0
0.0
0.0
0.0
0.0
0.0
0.0
0.0
0.0
0.0
0.0
0.0
0.0
0.0
0.0
0.0
0.0
0.0
0.0
0.0
0.0
0.0
0.0
0.0
0.0
0.0
0.0
0.0
0.0
0.0
0.0
0.0
0.0
0.0
0.0
0.0
0.0
0.0
0.0
0.0
0.0
0.0
0.0
0.0
0.0
0.0
0.0
0.0
0.0
0.0
0.0
0.0
0.0
0.0
0.0
0.0
0.0
0.0
0.0
0.0
0.0
0.0
0.0
0.0
0.0
0.0
0.0
0.0
0.0
0.0
0.0
0.0
0.0
0.0
0.0
0.0
0.0
0.0
0.0
0.0
0.0
0.0
0.0
0.0
0.0
0.0
0.0
0.0
0.0
0.0
0.0
0.0
0.0
0.0
0.0
0.0
0.0
0.0
0.0
0.0
0.0
0.0
0.0
0.0
0.0
0.0
0.0
0.0
0.0
0.0
0.0
0.0
0.0
0.0
0.0
0.0
0.0
0.0
0.0
0.0
0.0
1.0783563008835313
-0.2490063078828767
0.03301239371040899
0.009932172701623072
0.0013323033963887902
-0.05257460270086196
-0.016788955405042178
-0.014854209131201371
0.046154340931989876
-0.05595714763897854
-0.021868804265572424
-0.037448953442092814
0.03029993863087751
0.0030495800229986556
0.009428700922290149
1.1699570676289544
-0.02359178731593667
-0.015707145426021977
-0.6389882447720148
-0.0394143467946051
-0.04746382065558252
1.2787722305447735
0.022157136974369655
-0.03781771575440108
-1.00215131032256
-0.0722632778631036
1.3339762247634304
-0.045349596255432015
-0.07136368247152883
-1.1862394399331273
0.11982681946245223
0.018848162342612346
0.03311803481453776
0.2353848515663122
0.03839451844751496
0.32014597926268656
0.0
0.0
0.0
0.0
0.0
0.0
0.0
0.0
0.0
0.0
0.0
0.0
0.0
0.0
0.0
0.0
0.0
0.0
0.0
0.0
0.0
0.0
0.0
0.0
0.0
0.0
0.0
0.0
0.0
0.0
0.0
0.0
0.0
0.0
0.0
0.0
0.0
0.0
0.0
0.0
0.0
0.0
0.0
0.0
0.0
0.0
0.0
0.0
0.0
0.0
0.0
0.0
0.0
0.0
0.0
0.0
0.0
0.0
0.0
0.0
0.0
0.0
0.0
0.0
0.0
0.0
0.0
0.0
0.0
0.0
0.0
0.0
0.0
0.0
0.0
0.0
0.0
0.0
0.0
0.0
0.0
0.0
0.0
0.0
0.0
0.0
0.0
0.0
0.0
0.0
0.0
0.0
0.0
0.0
0.0
0.0
0.0
0.0
0.0
0.0
0.0
0.0
0.0
0.0
0.0
0.0
0.0
0.0
0.0
0.0
0.0
0.0
0.0
0.0
0.0
0.0
0.0
0.0
0.0
0.0
0.0
0.0
0.0
0.0
0.0
0.0
0.0
0.0
0.0
0.0
0.0
0.0
0.0
0.0
0.0
1.0783211844425944
-0.24397624696941916
0.043916526122645884
-0.034669513426666895
0.07764227988919026
-0.06148329357526759
0.054060065045601964
-0.09810035718165641
0.04108670588663608
-0.05533329827137236
0.05582578423555569
-0.07351126816278666
0.030437408711921562
-0.015011533391176904
0.057841142717009075
1.1349283805676635
-0.08873609207347004
0.09197961023544911
-0.6868896620384635
0.02562372230269326
-0.06479931634975666
1.2984280283912382
-0.04015939125581995
0.02903811345267831
-1.0307705024600895
0.10367171924921209
1.304908225606194
-0.06588963401266323
0.10282177419646885
-1.0982446345112087
0.12762471865137753
-0.007456089989636236
0.044426616736715954
0.24364936052183195
-0.05319184019362293
0.2751344653697227
0.0
0.0
0.0
0.0
0.0
0.0
0.0
0.0
0.0
0.0
0.0
0.0
0.0
0.0
0.0
0.0
0.0
0.0
0.0
0.0
0.0
0.0
0.0
0.0
0.0
0.0
0.0
0.0
0.0
0.0
0.0
0.0
0.0
0.0
0.0
0.0
0.0
0.0
0.0
0.0
0.0
0.0
0.0
0.0
0.0
0.0
0.0
0.0
0.0
0.0
0.0
0.0
0.0
0.0
0.0
0.0
0.0
0.0
0.0
0.0
0.0
0.0
0.0
0.0
0.0
0.0
0.0
0.0
0.0
0.0
0.0
0.0
0.0
0.0
0.0
0.0
0.0
0.0
0.0
0.0
0.0
0.0
0.0
0.0
0.0
0.0
0.0
0.0
0.0
0.0
0.0
0.0
0.0
0.0
0.0
0.0
0.0
0.0
0.0
0.0
0.0
0.0
0.0
0.0
0.0
0.0
0.0
0.0
0.0
0.0
0.0
0.0
0.0
0.0
0.0
0.0
0.0
0.0
0.0
0.0
0.0
0.0
0.0
0.0
0.0
0.0
0.0
0.0
0.0
0.0
0.0
0.0
0.0
0.0
0.0
1.0786428799262338
-0.2455675704633995
-0.016157217087309852
-0.018648776720459587
-0.06175913347611693
0.016762335626820713
0.03510452504575845
0.08504404420859202
0.0411406473305313
0.003886331864513209
0.046868927139010565
0.07329104890299787
-0.0032411772183152596
-0.013025675093766634
-0.027262359491278417
1.112787974640641
-0.00442526158576399
0.09759343285992277
-0.6422177257424551
0.0255929106910451
-0.07256955397267623
1.2325757190175461
-0.03467902282137057
0.025331666368398776
-0.958742876944439
0.058123979742546156
1.3557747391627166
-0.0750169197073282
0.05754999664903256
-1.2362495485078226
0.12364703863023385
-0.01316044794655715
0.04742022255162598
0.21904251317112144
-0.032760577177849345
0.3185468438964061
0.0
0.0
0.0
0.0
0.0
0.0
0.0
0.0
0.0
0.0
0.0
0.0
0.0
0.0
0.0
0.0
0.0
0.0
0.0
0.0
0.0
0.0
0.0
0.0
0.0
0.0
0.0
0.0
0.0
0.0
0.0
0.0
0.0
0.0
0.0
0.0
0.0
0.0
0.0
0.0
0.0
0.0
0.0
0.0
0.0
0.0
0.0
0.0
0.0
0.0
0.0
0.0
0.0
0.0
0.0
0.0
0.0
0.0
0.0
0.0
0.0
0.0
0.0
0.0
0.0
0.0
0.0
0.0
0.0
0.0
0.0
0.0
0.0
0.0
0.0
0.0
0.0
0.0
0.0
0.0
0.0
0.0
0.0
0.0
0.0
0.0
0.0
0.0
0.0
0.0
0.0
0.0
0.0
0.0
0.0
0.0
0.0
0.0
0.0
0.0
0.0
0.0
0.0
0.0
0.0
0.0
0.0
0.0
0.0
0.0
0.0
0.0
0.0
0.0
0.0
0.0
0.0
0.0
0.0
0.0
0.0
0.0
0.0
0.0
0.0
0.0
0.0
0.0
0.0
0.0
0.0
0.0
0.0
0.0
0.0
1.077545100797116
-0.2444977348823537
0.0579683278808989
0.00946732728949765
-0.028184073757273713
-0.08323729481301238
-0.020258619845457
0.04537702560830115
0.044223971917527624
-0.07607063566190006
-0.027467695371012964
0.048927333599098705
0.04433348787104628
-0.0015263995816748575
-0.021541001031498468
1.184818293280967
0.04656760014760067
-0.06869010880801006
-0.6866500065694212
-0.019431241579114227
0.036497238936728044
1.2932779163430261
-0.018183509902739172
-0.02086220220995276
-1.0030276261876292
0.07111495012046232
1.3262995689794554
0.0388236895850272
0.06977901481550436
-1.1201727048257122
0.12482779176509842
0.002079893088314678
-0.025008618394492893
0.23001100278741693
-0.03115368325578358
0.2907600587404361
0.0
0.0
0.0
0.0
0.0
0.0
0.0
0.0
0.0
0.0
0.0
0.0
0.0
0.0
0.0
0.0
0.0
0.0
0.0
0.0
0.0
0.0
0.0
0.0
0.0
0.0
0.0
0.0
0.0
0.0
0.0
0.0
0.0
0.0
0.0
0.0
0.0
0.0
0.0
0.0
0.0
0.0
0.0
0.0
0.0
0.0
0.0
0.0
0.0
0.0
0.0
0.0
0.0
0.0
0.0
0.0
0.0
0.0
0.0
0.0
0.0
0.0
0.0
0.0
0.0
0.0
0.0
0.0
0.0
0.0
0.0
0.0
0.0
0.0
0.0
0.0
0.0
0.0
0.0
0.0
0.0
0.0
0.0
0.0
0.0
0.0
0.0
0.0
0.0
0.0
0.0
0.0
0.0
0.0
0.0
0.0
0.0
0.0
0.0
0.0
0.0
0.0
0.0
0.0
0.0
0.0
0.0
0.0
0.0
0.0
0.0
0.0
0.0
0.0
0.0
0.0
0.0
0.0
0.0
0.0
0.0
0.0
0.0
0.0
0.0
0.0
0.0
0.0
0.0
0.0
0.0
0.0
0.0
0.0
0.0
1.0758455485285223
-0.243902559065873
0.03925240554959483
0.004389238832262077
-0.016721653846763496
-0.06933382341634067
-0.013461886203594363
0.02120347910165802
0.04431420847818854
-0.08568062151042594
-0.026352862087793232
0.021684791217393175
0.038841758895532014
0.0022865799141183743
-0.014840735058363842
1.124762239170221
-0.0234140390183603
-0.0017677105064112719
-0.6305261751866764
-0.03614774701625438
0.008926227752507078
1.2549992801586098
-0.04409064217849091
-0.03496090319912003
-0.9759790755790662
0.07651606262518337
1.271512912335106
0.00891981471284875
0.07686963541731241
-1.1769141694931657
0.119895706289296
0.015897616781478906
-0.01078008197171114
0.22903471268286096
-0.038721271554453
0.3134426562308257
0.0
0.0
0.0
0.0
0.0
0.0
0.0
0.0
0.0
0.0
0.0
0.0
0.0
0.0
0.0
0.0
0.0
0.0
0.0
0.0
0.0
0.0
0.0
0.0
0.0
0.0
0.0
0.0
0.0
0.0
0.0
0.0
0.0
0.0
0.0
0.0
0.0
0.0
0.0
0.0
0.0
0.0
0.0
0.0
0.0
0.0
0.0
0.0
0.0
0.0
0.0
0.0
0.0
0.0
0.0
0.0
0.0
0.0
0.0
0.0
0.0
0.0
0.0
0.0
0.0
0.0
0.0
0.0
0.0
0.0
0.0
0.0
0.0
0.0
0.0
0.0
0.0
0.0
0.0
0.0
0.0
0.0
0.0
0.0
0.0
0.0
0.0
0.0
0.0
0.0
0.0
0.0
0.0
0.0
0.0
0.0
0.0
0.0
0.0
0.0
0.0
0.0
0.0
0.0
0.0
0.0
0.0
0.0
0.0
0.0
0.0
0.0
0.0
0.0
0.0
0.0
0.0
0.0
0.0
0.0
0.0
0.0
0.0
0.0
0.0
0.0
0.0
0.0
0.0
0.0
0.0
0.0
0.0
0.0
0.0
1.078441252701263
-0.24568995945173266
0.039768216297183454
-0.027787746503232243
-0.058197433415252825
-0.05794758930307844
0.047066898395220616
0.07111399357700846
0.04134797061355731
-0.05569316411194264
0.05351237555176344
0.049357748770543164
0.03015501781206726
-0.011604893967186891
-0.04559452637526794
1.143755034651103
-0.07092007833888136
-0.10298230544380235
-0.6812458768475008
0.02497267859971611
0.06771501586451616
1.2918318384219507
0.03612197436926698
0.02748420751253456
-1.0151754325350044
-0.0848983003182833
1.3115052130108387
0.06947221774624338
-0.08385784511669858
-1.1301591675745182
0.12629926078157544
-0.00684955624807836
-0.04502513664292512
0.2368582371598745
0.04140599848741167
0.28354398987786916
0.0
0.0
0.0
0.0
0.0
0.0
0.0
0.0
0.0
0.0
0.0
0.0
0.0
0.0
0.0
0.0
0.0
0.0
0.0
0.0
0.0
0.0
0.0
0.0
0.0
0.0
0.0
0.0
0.0
0.0
0.0
0.0
0.0
0.0
0.0
0.0
0.0
0.0
0.0
0.0
0.0
0.0
0.0
0.0
0.0
0.0
0.0
0.0
0.0
0.0
0.0
0.0
0.0
0.0
0.0
0.0
0.0
0.0
0.0
0.0
0.0
0.0
0.0
0.0
0.0
0.0
0.0
0.0
0.0
0.0
0.0
0.0
0.0
0.0
0.0
0.0
0.0
0.0
0.0
0.0
0.0
0.0
0.0
0.0
0.0
0.0
0.0
0.0
0.0
0.0
0.0
0.0
0.0
0.0
0.0
0.0
0.0
0.0
0.0
0.0
0.0
0.0
0.0
0.0
0.0
0.0
0.0
0.0
0.0
0.0
0.0
0.0
0.0
0.0
0.0
0.0
0.0
0.0
0.0
0.0
0.0
0.0
0.0
0.0
0.0
0.0
0.0
0.0
0.0
0.0
0.0
0.0
0.0
0.0
0.0
1.0799060476025497
-0.25050921427995076
-0.0020157688774269664
-0.014392779927622133
0.056667560123436544
-0.00556525367746948
0.02655458854476553
-0.07818914310549158
0.04049037149758209
-0.01969728786354746
0.03454886339996878
-0.0674865115584167
0.006200848441877707
-0.008544073121264022
0.022877205460103155
1.127607666426324
-0.004917521037871745
-0.05644012637366794
-0.6463935747321351
0.03654655536992549
0.062205238180059484
1.2535762192737132
0.038505111989554655
0.03588138249783847
-0.9802028840108155
-0.06967094817169439
1.3695179724917876
0.06279517961116637
-0.06904271604443052
-1.2461872363517652
0.1250494036939147
-0.016025985486457037
-0.04329202624149794
0.22757977378945063
0.04080713378192778
0.3212804893302129
0.0
0.0
0.0
0.0
0.0
0.0
0.0
0.0
0.0
0.0
0.0
0.0
0.0
0.0
0.0
0.0
0.0
0.0
0.0
0.0
0.0
0.0
0.0
0.0
0.0
0.0
0.0
0.0
0.0
0.0
0.0
0.0
0.0
0.0
0.0
0.0
0.0
0.0
0.0
0.0
0.0
0.0
0.0
0.0
0.0
0.0
0.0
0.0
0.0
0.0
0.0
0.0
0.0
0.0
0.0
0.0
0.0
0.0
0.0
0.0
0.0
0.0
0.0
0.0
0.0
0.0
0.0
0.0
0.0
0.0
0.0
0.0
0.0
0.0
0.0
0.0
0.0
0.0
0.0
0.0
0.0
0.0
0.0
0.0
0.0
0.0
0.0
0.0
0.0
0.0
0.0
0.0
0.0
0.0
0.0
0.0
0.0
0.0
0.0
0.0
0.0
0.0
0.0
0.0
0.0
0.0
0.0
0.0
0.0
0.0
0.0
0.0
0.0
0.0
0.0
0.0
0.0
0.0
0.0
0.0
0.0
0.0
0.0
0.0
0.0
0.0
0.0
0.0
0.0
0.0
0.0
0.0
0.0
0.0
0.0
1.076351098915712
-0.24308737266081484
0.0539792545958019
0.008618200916211037
0.04530152591003273
-0.08270416007592116
-0.021411717949854484
-0.05290524057268908
0.043142169805115746
-0.08446073969884099
-0.031277244597072186
-0.032811690581994256
0.042428980430120125
-0.0010833807358949475
0.026242114713387818
1.1549589169790873
0.06065040339567669
0.07045304459778406
-0.6710153861819741
-0.017765204967829684
-0.007154778786045991
1.2835245070573338
0.036060029442314866
-0.019828028641690917
-0.9943971639127323
-0.07279331319332016
1.2819926045204966
-0.009564594265315592
-0.07166168359103976
-1.1279798153330294
0.12306995329066849
-0.00020499379882563763
0.006879481432229053
0.22860355451001296
0.03052378495301817
0.29226192817618524
0.0
0.0
0.0
0.0
0.0
0.0
0.0
0.0
0.0
0.0
0.0
0.0
0.0
0.0
0.0
0.0
0.0
0.0
0.0
0.0
0.0
0.0
0.0
0.0
0.0
0.0
0.0
0.0
0.0
0.0
0.0
0.0
0.0
0.0
0.0
0.0
0.0
0.0
0.0
0.0
0.0
0.0
0.0
0.0
0.0
0.0
0.0
0.0
0.0
0.0
0.0
0.0
0.0
0.0
0.0
0.0
0.0
0.0
0.0
0.0
0.0
0.0
0.0
0.0
0.0
0.0
0.0
0.0
0.0
0.0
0.0
0.0
0.0
0.0
0.0
0.0
0.0
0.0
0.0
0.0
0.0
0.0
0.0
0.0
0.0
0.0
0.0
0.0
0.0
0.0
0.0
0.0
0.0
0.0
0.0
0.0
0.0
0.0
0.0
0.0
0.0
0.0
0.0
0.0
0.0
0.0
0.0
0.0
0.0
0.0
0.0
0.0
0.0
0.0
0.0
0.0
0.0
0.0
0.0
0.0
0.0
0.0
0.0
0.0
0.0
0.0
0.0
0.0
0.0
0.0
0.0
0.0
0.0
0.0
0.0
0.05280166175846776
0.29116545876418226
0.0006410028119598454
4.278131190097572e-05
-1.6875292503875035e-07
-0.0012808833215680806
-4.277246679454516e-05
-9.413613513468655e-06
-0.003309888019024984
0.00012956310949160666
-0.00016786786456720896
-0.005881663205842784
-9.701562735761802e-05
0.0017838952769766337
-3.708575197590978e-05
5.586784407015136e-05
0.001854541827915578
2.122118993433128e-05
0.4761439084719128
-0.00040670747584084375
-1.0312777530405709e-05
-1.4454193998125472e-06
0.0010588188643926293
5.5128684262423e-05
2.013424586381117e-06
0.002889233402280536
1.6207659873500835e-05
0.00011235982055978662
0.004547743903476835
-9.980906298887293e-05
-0.0016232787165886076
2.1601706704911184e-06
-3.8615571310894096e-05
-0.001050410277221921
-1.9344711678783318e-05
0.3933876145598551
-2.0351454062056867e-06
-8.209280268677753e-07
0.14434664448108397
-4.7736206091471364e-06
-1.9052609513570198e-06
0.003691371415554227
4.087894209982161e-05
5.1293197926495585e-05
0.001078466095866171
7.883428269244276e-08
-0.0012584531267184086
-2.5264966213706053e-05
-1.2009959378573637e-05
-0.0003587843691181396
1.4677751566543391e-06
0.3934048155468546
9.284737854079832e-06
-4.919867080276536e-06
0.14352063622974326
2.9660984188410725e-05
-4.9182552992125904e-05
0.001214364836238636
-9.222334294845002e-05
3.599008115882799e-05
1.9259181561797782e-05
2.0448143590564987e-05
-0.00036860135793634493
3.2625795357406245e-05
-2.0725111671350975e-05
-3.9757871972004285e-06
0.39341390972041035
-1.856345648221457e-06
2.9595113719927074e-05
0.143905921085349
1.219840957179525e-05
-0.00010124328489697406
0.0002076327713718862
-4.010377637925899e-06
0.00011049017591414491
-3.076655966800237e-06
3.5947183520609496e-05
-6.906023982059813e-05
1.8515178975828816e-07
-4.559028077485256e-05
0.01465887026338481
-1.3447999196851888e-05
-5.123283842616677e-07
-0.006764101060960199
8.871126639662522e-05
-0.00020951074351549192
-0.004292754690551371
-1.0612851321198479e-05
0.003262446326977013
-2.698670275219154e-05
7.541489926597643e-05
0.001524454147798663
-7.664580946289859e-07
0.015876668938714963
-3.6392904716837156e-06
8.348409261800798e-05
0.00026065693026949523
1.5052549550085432e-05
0.0001541806740532262
-2.349644237857849e-05
-3.3794972758049305e-05
-6.104111320417535e-05
-5.346869731986718e-06
-5.4807121854569016e-05
8.67529804745735e-06
0.015526488645998041
-7.456664362590666e-05
9.014501236797763e-05
0.0010160461644682847
-1.47349567392572e-05
-0.00028288503366518845
2.796085537909235e-05
-3.190541510921377e-05
-0.0003118632623714709
6.379875879077962e-06
0.00010533262191400578
0.053798239452038675
0.002256332929578478
-0.004021117756697588
-0.09364486310711996
0.0024743019303820786
-0.044897211373315746
-0.0007758430791419762
0.00139071711694203
0.034072929632586936
-0.0009568627409192393
0.02457770564314901
0.03814639619892933
-0.016914779543128783
0.00024375098284828964
-0.0006965380845516875
-0.020626823304529095
-0.013588344565115458
0.006058666815477579
-7.558051069810545e-05
0.23414570026644105
0.0006792990441421599
0.0038980637417853716
0.001363437098417796
-0.01362761140857057
-0.1703281521321175
-0.0002397782188264389
-0.0012841354014686715
0.22563446599672576
-0.0006187288578114265
0.03214770564284541
0.006046031488259289
-0.00025281706180227105
-0.16398556710108922
0.00016026580017030156
0.06652688049319677
-0.0009303698291158844
-8.518893402590119e-05
-0.0013724025622981963
0.0002130406809397524
-0.05739456435165592
0.009497945732578087
0.0002371729615668492
-0.00047054585560262125
-0.011789934891538721
0.0003570187295244551
0.004346167134384772
0.004854138105675671
-0.0021656424694174795
2.6471171240410243e-05
0.03106327669448951
8.943807443870693e-05
0.000451879256100295
0.029910179510977564
-5.4280142891492985e-05
0.012447612493124142
0.999090019351274
0.017297665035383047
0.0004444727157664314
0.00011562189138945896
-4.771635523765831e-06
-0.004059050533459609
-0.0006984267117247474
1.4008675938426198e-05
0.00819409459198893
-0.0005944362353199324
-0.0007163067739385312
-0.00026999472238608353
9.757644496752614e-05
-0.012662840992917701
0.00133197137251692
0.0015879719109017805
-0.0002717716236240944
-0.00019961859287568365
0.39258856122627983
-0.011082660064632863
-0.000819041195698648
4.060488923942562e-05
-0.19896813195284302
-0.009832571202865384
0.001122395741266735
0.3555388649426988
0.010902585711453578
0.011117419269507057
-0.17906008913188637
-3.095966694287682e-05
-0.5194212176550204
-0.00999438414706249
-0.011062630539214573
0.29310195168097164
-5.6393262406975144e-05
1.001048721998945
-4.711462511438238e-06
-8.715217652207479e-06
-0.005738942609542449
0.0001276218134124914
0.00017575062515709736
-0.005412084633048292
0.0010503524987248566
0.0004191958291546456
0.0002525847438676031
1.2592547670467815e-05
0.036888426163597984
-0.000848918355240698
-0.0009167338510830153
-0.0010281323331721708
-2.8397722159059893e-05
1.0010376481505658
2.586701977710237e-06
8.059527827940741e-05
0.009626278322242002
-2.9367672647485643e-05
-0.0007307540918280301
0.003194246496066858
1.703317131123962e-05
0.001112176179636641
-7.87598272803314e-06
0.0009288651543293071
0.003604551444092061
-3.933588556363405e-05
-0.0014166768326694412
-4.03627672385091e-05
1.0008804845274377
0.00017765470898599485
-2.9704312000622853e-05
0.008989706168611208
0.00026073166705214
1.350098775212345e-05
0.0030667708362539323
8.793380576561558e-05
0.0007891009038686936
-0.00048232747695080324
-3.8896456022080254e-05
0.0050990178559842635
-0.0001110318826512528
-0.0004764163238926423
0.3283947152285782
-0.002328123395763987
-0.00037325368902735236
0.9537778969060444
0.028821366319531173
0.0008366574582418615
-0.021768926166102244
-0.00021066824347301986
-1.3171312958728851
-0.02786179138462278
-0.007748459354902123
0.02768400902828129
0.0006158072029964154
0.6464375779313708
-0.0001479782437062776
-0.007077514231446168
0.007925182338762483
0.00012972657149233247
0.00271979030355295
-2.8660968438325206e-05
0.0005811991761693231
-0.028817347493375986
7.741997292390535e-06
-0.0016332031061294173
-0.0005076472629004702
0.5446534070657505
-0.0030211433008165006
-0.00015935700026355377
0.06054240869424192
-0.001452557977950307
0.01157973577540608
0.000606855750941867
3.4759708319389806e-05
-0.08853298597700729
0.0020829205542899566
0.005373233242503975
2.271362777125853
-0.03256607817409815
-0.04623974618095521
-0.4480625941035953
-0.00037199092990395136
-5.8912828526949115
0.011740390588263878
0.014800533882315038
0.6737723206272045
0.001649789979795003
0.959029494440967
0.002190590364776361
0.0032200507384669546
6.796279126125853e-05
0.008409215945044417
-2.361660501068067
-3.1552687920338544e-05
0.00022412083093534258
0.003767370402149032
0.8435745329196105
-5.303441169103275e-05
-0.009844800424400434
0.007500846808647845
-9.549406303439704e-05
-2.034937658132934
0.0007892599644968926
-0.005865434285044496
0.7115726761333769
5.084469430216576e-05
0.6954131597314994
-0.00227548823660659
0.001384627089377234
-2.1256863322732924
-0.00017963356718442994
3.0018877558338173
0.0019477358459550544
0.005548023669640837
0.0009102082111889179
-0.00016023037251308361
-7.7719845614654774
3.94367352634523
0.017585595820340347
0.03407376237568522
-1.0648273689239862
-0.00320930679138843
1.4858094575229155
-0.0021557905160959926
-0.0017945607843709414
-0.010464240139692795
1.2413004367213207
-0.0018936210395920881
0.017720290439385222
1.594319606038989
0.00030535829025515085
5.164961776024894
1.0451421953253477
0.03616171692407691
0.0034760591624788516
-8.386649932590973e-05
1.3722249651580843e-05
-0.001981528641657941
8.053640214809875e-05
-1.5112388675041632e-05
0.010934610599410848
-9.599719555150292e-05
2.20838747382542e-05
-0.0026167512889614035
-0.0003242389327713723
-0.005001265905480976
5.159244305018369e-05
6.660498752951129e-06
0.0015309644056473878
6.665612486523545e-05
0.009732882672445462
-0.004811614199176698
0.0001761667355808085
-3.096353489226581e-05
0.0009065506658561913
-2.3950834914240567e-05
2.6037160888263417e-06
-0.007122219332477525
7.483789821123552e-05
3.3915613257134354e-05
0.0028831559753204478
7.90519446388353e-05
0.0036667190308166966
-3.364310584404405e-05
-1.649305655902392e-05
-0.0016457799526907913
-3.1382502158033524e-05
0.5548447229909055
2.9235166069158602e-06
9.047436539953101e-07
0.10544767367492786
-1.2356673275335384e-05
-3.4592615498164917e-06
-0.01417384624215616
0.0002530067393850143
-6.849024160559565e-05
0.00046591368976221955
6.672571127280507e-06
0.007191015135933907
-0.00014206421902103326
3.8930869068356655e-05
-0.00019249686314559846
-3.7618583562771747e-06
0.5564261622034045
-5.769502245443913e-06
-1.2627648283895183e-05
0.10331681879165402
1.4950732285070317e-05
-0.00022687526229699096
-0.002796122165054656
1.7161880714176786e-05
0.0001925466760823305
-5.292480503595388e-05
0.00010573235984774016
0.0015326978409152222
-7.020060081359017e-06
-0.00010241182224888783
2.7682115271976443e-05
0.5559219281082521
-3.7284336907252366e-06
1.4178035609285738e-05
0.10383214519420739
-7.112723297460658e-06
1.2998990262376566e-05
-0.0034510454088095507
1.3659839231210234e-06
0.00042818949854370305
3.0556246558247918e-06
-4.797293764334422e-06
0.0018042286283491919
-4.846879381871581e-06
-0.0002089560610618428
0.005552000273015592
4.3643135167448755e-08
-8.189675513190363e-07
0.003968066301407282
-3.864958266090801e-05
2.342719340247866e-05
-0.00012807010978915437
-4.905595849240408e-06
-0.002014490603000455
1.6129655301598206e-05
-9.181188166806786e-06
6.161669628422745e-05
2.6713838218771615e-06
0.005912191793132425
3.0235501513674245e-06
6.845371962323221e-05
-0.0002199816306458288
-8.844987928283751e-06
-2.1353719128637204e-05
1.5504706455230807e-05
-2.82062838553452e-05
0.00011625803529280424
4.158655540233238e-06
8.218610531266265e-06
-6.196540359158971e-06
0.005772900311998078
1.0325803712332716e-05
-6.7814823792434355e-06
-4.431926816102089e-05
9.166269464760814e-06
-0.00012544235563556735
-4.685540056402037e-06
3.0658756969916694e-06
2.4725247480013497e-05
-4.92768323645578e-06
5.0747417791809795e-05
0.044198326494795125
6.424431368028303e-05
0.0005708542398004824
-0.006139437563509782
-3.0091575141982936e-05
-0.043372881257795357
-3.3067546733910925e-05
-0.0002565806779718454
0.0031498912584164533
1.3108603038037363e-05
0.013470500454033576
-0.0001182036054700952
2.6613208754269646e-07
-0.00012199783420534127
-3.1609939361157966e-05
-0.013559470123886853
5.215622032849456e-05
9.174722394648088e-07
5.3709493535076404e-05
0.015589639967935907
2.9934328059805824e-06
0.0002574548957117649
-0.00025391593850349845
5.052467354006572e-05
-0.015296196618488555
-3.2204535311722573e-06
-0.0001134908086032995
0.00786457934778437
4.1768916114681284e-05
0.003167016732954894
9.935188481639998e-07
-2.3457426005176076e-06
-0.008390366579114187
-1.911424443464126e-05
0.058063597770685337
1.732373518419858e-05
5.3518346348066016e-05
-0.00011630697706770179
-1.985624349629558e-05
-0.05744016621993342
0.010693968821350049
1.6229423956009388e-05
0.0001134462807281318
-0.0016447098760509285
-7.601300424917716e-06
0.0034163513367745477
-2.204592678238658e-05
-1.0258884001606763e-06
-2.3408672099696115e-05
0.003756065020734807
2.007516880688118e-06
5.0914706826154946e-05
0.0022437011678104668
8.966510410191955e-06
0.014266866018089793
0.05269448096489762
0.2910091495033773
0.0008146274528572082
-5.8802032001000425e-05
-3.999690988155403e-06
-0.0013715495589777444
4.122263936173318e-05
9.700465187952312e-06
-0.00475070453769681
-0.0002523950142093317
-0.00012702845754974452
0.0003098279243388755
-2.6358350360295074e-05
0.0022149303129816948
8.693789656350443e-05
5.250550801596887e-05
-0.0004825893632309417
9.484881624962197e-06
0.47617841667375704
-0.00043573774852411086
1.233446229603178e-05
8.106502759498424e-07
0.0011984787773760268
-6.378464874538254e-05
-8.290495743591133e-06
0.0034085033264084513
0.00018516485816892175
0.0001393853384823925
-0.00024843418465744473
1.604132121535609e-05
-0.001849290410854633
-5.278958855933187e-05
-4.2331972122321875e-05
0.0001611597844201752
-6.506465121126808e-06
0.393315522001331
-3.2567534141010393e-06
-3.0823492341584013e-06
0.14419762460272778
-5.787250816453035e-06
-6.488599555208604e-06
0.0040725113406913024
5.3669012878525805e-05
-3.201505112622296e-05
-0.0009981062262382065
3.447823505672437e-06
-0.0014205297451359113
-3.509623887154001e-06
8.651584658173428e-06
0.00034054819407143533
-1.0309027677496777e-06
0.39336390170296787
-5.200192779798858e-07
-4.911917011634958e-06
0.14356943813491316
-8.588028126403567e-09
0.00011553164236566914
0.00028086975726881785
1.6199651133161637e-06
-4.3185987438182484e-05
-1.1468364314347074e-05
-4.3661776424303595e-05
-0.00010249695043644283
-5.162498514852524e-07
2.4450095835647426e-05
4.266614846326956e-06
0.3932926791992347
-6.981445133477565e-06
1.3692455563077698e-07
0.14347807228593984
-5.171704642084023e-06
-1.0322600284946507e-05
0.0016116688559017762
6.566126588550656e-06
-0.00017473594614430844
1.3355521094964615e-07
3.7084979657746763e-06
-0.0005396097421034303
-2.3388926137832835e-06
7.106014727442407e-05
0.014621200596332304
3.585222530485202e-06
-1.5952476128264593e-06
-0.007224616807954864
-0.000473019726245996
0.0001223599299396849
0.0033198337941934978
-1.2868562598123212e-05
0.003399459701880028
0.0001629414974864646
-4.5550458552074346e-05
-0.0012168925881414477
4.682165530180113e-06
0.01584921846159646
-1.309065900561251e-06
-0.00020262045102891987
0.0008701925534937698
-2.30582500427836e-05
-6.6807311930098e-05
3.0162885992472056e-05
7.514856342575585e-05
-0.00029598392104479657
8.87762431060764e-06
2.4723500084468597e-05
-1.1283637939980696e-05
0.015419671725359078
3.856339658469197e-05
3.0000181009422048e-05
-0.00017553928364676
-3.693332188633496e-05
0.0004047079928678807
-1.5269354836071203e-05
-9.819640907674404e-06
0.00012068472504346351
1.1988503327449212e-05
-0.00014632742857762833
0.057360762035927375
-0.004669132055690171
-0.001781520447182803
0.09056398100025163
3.185439523118497e-06
-0.0478531227210436
0.0016318200275990302
0.0006960859701238626
-0.0320313180124405
-2.250835117811952e-06
0.23902212634016978
0.0016102303802426787
0.001462671916237189
0.00022402847087859518
0.0016399084799969047
-0.17369937981186523
-0.0005713267294982143
-0.0005044671866760004
-5.7569210984370075e-05
0.030464371032186518
0.0013824485642722883
0.001249607702481068
0.0006994932897118105
-0.0005725124367160782
-0.025072097716894445
-0.0004984334352794332
-0.00047469930469007707
0.22758609940251978
0.00011033284254372894
-0.03093388301310238
-0.0004882095871784634
-0.000516051605344076
-0.16552215551932853
-3.55776510747893e-05
0.06670893972506081
-1.0008064526850785e-06
-9.445242803191435e-05
-0.00047768727541699934
-3.923005308524364e-05
-0.05743017245076027
0.010093161487056038
-0.0005716933240553001
-0.000271852256412514
0.010854538253967526
8.330230486644407e-07
0.031663505601718
0.00020308883508984269
0.00016808531981749562
2.5662436389954018e-05
0.005165216081597572
0.00018595593648336608
0.0001803799452266979
0.030202717736898706
1.2617804309879117e-05
0.012428863012716552
0.9980852194433587
0.030695597342636993
-0.0004588137077327424
2.4411630100185763e-05
-4.3253992354681854e-05
0.0035528005761169008
-0.00016264866062404924
0.00034072403548363154
-0.0013387255616544467
0.00028389374658765944
-0.0005412163448120725
-0.006247541414272428
-0.00010111480498347053
0.0033976933276682283
-0.0006200764382202019
0.0012189802741246068
0.012615937127198136
2.9241819036469527e-06
0.4229167986178324
0.0026415154476379134
-0.00017382301055705955
0.00022649096828545576
0.011652680047931952
-0.0012602999329719869
-0.0034015012040828282
0.20013373874412704
-0.0007847247593199085
0.0004554564188338551
-0.135840491977964
0.0002354774086394093
-0.3313335542854282
-0.0008608289368037832
-0.0002733844416444683
0.13170599554196247
-0.002185974883285822
0.9991215358505896
7.040310960922429e-07
-1.2272785069952771e-05
0.03672995297244334
-2.7692990870466503e-05
0.00010546007100103866
-0.009291747463839026
0.00022042915707597605
-0.0005394279693791183
-0.00028808040598670673
-7.060993222841526e-05
0.01751905255834416
-0.00023506530622677504
0.0008001083718679207
-4.155146544030969e-06
0.00016809754752571409
0.9991482464457936
-2.1651259248672704e-05
-3.053989929899832e-05
0.0388798349736703
0.00022899362417370288
-0.00018969825584262755
-0.00550565110739985
-6.628670963372709e-05
0.0001693373561248224
-0.00053062258884975
0.00027760823519477234
0.008909353956268495
0.00016911075912798816
-0.00020643801416704886
0.0008771966223182714
0.9993709733961085
0.00010282943074259434
0.00022451995670606318
0.034955715131659175
0.0006346286820157216
-8.722188210089303e-05
-0.005423731098986858
0.0010907021200872843
0.0004875955742612115
-0.0013081926625878957
0.00018893672055607955
0.009542134389506358
-0.002196381633142502
-0.0006197223356886894
0.5586038665909391
0.001573663179578061
-0.0006022013586602674
0.04635078563494773
-0.0008649532277634457
-0.0016868424981494993
-0.023975122065322246
-0.00040808127389867563
-0.06081323546318056
0.007664570060448329
0.000247311772620799
-0.01917556806075846
0.0007086181506257639
0.6848569015088031
-0.00020592271652884427
0.0005126352477870157
-0.01455765324172711
0.000185679745391922
-0.0020146765263227367
0.0018363968678283022
0.0013853941025438344
-0.08475371801327
0.00038380446654536404
0.006590535816870394
-0.004822955668719332
0.6019639970783324
-0.004144942896653378
-0.0002638656325396245
-0.008424476010260962
-0.00760007727987178
0.006825986562928938
0.0027119212497399964
0.0007504372804402945
0.004394306332534293
0.004191361268013051
-0.0083385674748436
1.0973173217726735
-0.00019000828013826737
-0.0026876056173918287
1.5700501895073127
0.000899356414479629
-2.9805952943779666
-0.000830719493420334
0.0009681227315869347
-1.8990697066952742
-0.0062958974642902885
2.82060991037463
-0.005762671896208656
0.0007701812293517726
0.002539028754478506
-0.0006535947422697352
-6.862924773780459
0.005035059514657193
0.0011451760739443152
0.003389531703930049
0.9460279687048263
0.004493937884143275
0.0067100031646632665
0.0017126734624163219
0.005536208592853282
-2.358882786150347
-0.0036630602970106297
-0.003993653556320348
2.6261090306945767
-0.007985569613149158
-1.899124135734644
0.0016150046114556441
-0.005038435670372017
-6.768854340660537
0.0017736350366530376
1.0305783079187647
-0.007665053541015196
0.004052025032488605
-0.0038427002584946325
-0.0021833133587941056
-2.6223113529122366
2.062720137172538
0.0019954800306569865
5.80539654835795e-05
2.39201307304676
0.016555448274350598
4.380624639783856
-0.005163647732109776
-0.004347256449741934
-0.011842348810007234
1.4859437020993895
0.0022355671848678753
-2.265056766312352e-05
4.520578143715895
0.013031003722280273
1.6984971135279257
0.9981683760811582
0.029748157598961968
-0.0002675902557585257
8.821371816207635e-05
2.4006123031160756e-05
0.0020686217426644127
-0.0007287903114849559
-0.00022378808101006762
0.0012681408052128032
-0.0008262618487288934
0.00030845067661055
-0.0027561450890026496
-0.00022813373938851712
-0.002446660296189087
0.0014726548184495836
-0.0007271996251089722
0.005266095290451116
0.0007100291458666663
0.42203928454071904
0.001565147173445712
-0.0005941491986790079
-0.0001099699561685508
0.008115277183503496
0.0007337854228442586
0.004824628568716852
0.19420941722130083
-0.0010020381709189682
0.0007251361562111978
-0.13367588435358846
-0.0010581277796251633
-0.32998684891139474
-0.0029572555350842293
-0.0009714568576814357
0.12045007126488394
0.0031103478064306144
0.9992901522850139
-6.571254469833868e-05
5.844589490214697e-06
0.033915420787900594
0.0005393781462910104
-3.452984206567215e-05
-0.006443770345432551
0.00222281733731604
0.0005058738843713445
0.00011715176742878249
9.207657726698289e-06
0.012692527039801511
-0.004098052527944867
-0.0009226857016959285
-0.000925972011170132
0.00010659980375725358
0.9993170322220644
1.3523390791934527e-05
0.0005460048751093549
0.03609304886989517
-0.00014177419920761013
-0.00019620727676452251
-0.001940900520865965
-6.595299283251875e-05
0.001461091627972603
0.0004114860681572008
0.00016842785127064582
0.0021924770649039025
0.00015806274876851932
-0.0026662875229355224
-0.000859342876508131
0.9994584689649869
-3.4455353314496435e-05
-0.00013621607214373119
0.03370788420878412
-0.000418924415712182
-8.719162165147862e-05
-0.0027685465105777825
-0.0008116748670109228
0.0012069467289099484
0.0009520584063775557
0.0002010894820197724
0.0048945741430394185
0.0017266690438179303
-0.0018089219302006472
0.5556421004948884
0.006889569861642112
-0.0002228904965524057
0.05666109404403816
0.0007867775262854424
-0.004857812456864502
-0.029946845174969025
0.0069570097554572915
-0.06367084698212049
-0.0056445221377472345
0.004049752273502762
-0.0009766371400060595
-0.005451248559426027
0.6818752196415327
0.0002308870854882405
0.002565628076597262
-0.024069659880225164
0.0014665321395969492
-0.0023652507276331882
-0.008991120605263265
-0.002081841971730385
-0.04966578455734054
-0.00143352515860416
-0.0015808189740824062
0.009021990321144115
0.5996835508015054
0.0050966987449559305
0.0004947800544707597
0.0023631248839691907
0.007449681558257074
0.009263262044808925
-0.0029145704881415407
0.0009189683438481413
0.0007765915810360581
-0.003386552591698241
-0.010819994666490598
1.0950557913077064
-0.010286243111764754
0.0007457226569016791
1.5866356066363498
0.006218374253631949
-2.9746257490748924
0.004589241447929565
-0.0011501466995492943
-1.9244719498552088
0.00048679036191521196
2.8458582170197038
0.005601458289911543
-0.00016660036911160894
-0.008201601122678436
0.005899763052655391
-6.9826004123887495
-0.005715093898863286
0.015287322491168983
-0.004116613526269455
0.9422446737086259
-0.007447728598253775
0.027331927496709117
-0.002197592169732936
-0.008383130021378485
-2.3563658032752866
-0.001134991074991437
-0.02014599140692453
2.625605136820467
0.007530612716376571
-1.9266197799877312
0.016056795304846303
0.0015511694570099785
-6.789563847099317
-0.0008470188657461084
1.0419273809679566
0.001333029940009017
-0.007913644307002072
-0.020451273201603358
0.0036470944459833345
-2.6336277689460474
2.0590883071461263
0.0005682738582092263
0.0030022685498769476
2.4309743554667937
-0.012374651123508487
4.480941105969293
0.00997585662736325
-0.039808404718075896
0.021211256976165924
1.4894206918733581
0.009553408221628805
0.009917053046017178
4.548133273930457
-0.01452905625261399
1.6977556047746174
0.8300752499967492
-0.034942431958644084
0.00014878842982956434
7.812434270920293e-07
6.456080314861512e-06
0.0003262646789702755
7.321331379547757e-06
4.37912678608105e-06
-0.0017204936022884578
5.693145829742559e-05
-1.1724270030764488e-05
0.0002870683872297921
-5.329479981233684e-05
0.00036820051994025497
-1.4815359642994445e-05
1.7217280345248475e-05
0.00021587795143127302
1.4725482100039884e-05
0.010360050295028247
0.0002345884869003888
7.1489265953291226e-06
2.9129109428286553e-05
-8.186212239054369e-05
-7.145015244874237e-06
3.7467645627641964e-05
0.003977715059104213
-7.229463212268717e-05
2.5161200591060914e-05
-0.00010086673618968302
0.00013563857872708794
-0.001228390289833476
3.001357170989671e-05
-1.0451532354815971e-05
-0.00022145559906709607
-5.650283182716606e-05
0.3595582412898069
-3.7030401995847113e-06
-4.9686395297304125e-06
0.15124456538117004
-4.6757729858694945e-06
-5.577332259336323e-06
9.336402423540338e-05
3.9248810542183215e-06
2.6081284455653043e-05
-0.00020434682956042518
-2.010491994922352e-06
-0.00017046224153091484
-2.945118416182521e-06
-1.8774174981688465e-05
7.401340607557036e-05
1.5566078636963857e-06
0.359518767283843
9.855852344725096e-06
-4.847733933481441e-06
0.15128845222747017
1.0918587663963608e-05
-6.349987117824717e-06
-0.0002981560178215596
-3.8300839484902065e-07
2.6062098342253866e-06
1.2740551938833044e-05
3.5146092723255325e-06
8.522590294159125e-07
9.190782945885213e-07
-1.3355555566747061e-06
-1.2540451737688372e-05
0.35958885000324026
-5.460629128003198e-06
1.0985934692436912e-05
0.15133266397895165
-1.665797636430704e-05
1.6254505512299366e-06
0.00020726293080405666
-3.1825050329600765e-05
3.793563302404808e-05
1.4191869964982589e-05
5.466735646499837e-08
-0.00018053745303513164
2.7650416886198974e-05
-1.7081931140419727e-05
0.01839225950345296
-6.1277964266186165e-06
-3.4042831300302808e-06
-9.409078889835378e-05
-7.744686295771207e-05
5.625139234047357e-05
-0.0007422829762361199
-3.4089254798727238e-06
-2.1038980898241942e-05
2.9596012435564208e-05
-2.340420931276383e-05
0.0003156672804377511
1.6978896802029153e-06
0.018876334390027887
2.615254226174741e-06
-2.748016763299795e-05
-0.0016487815322913661
3.719716443700179e-08
-2.446316281843351e-05
1.995872842034039e-06
1.1668587453987618e-05
0.0006474783825431889
3.954796977912806e-07
7.201339491756885e-06
-5.131176434101271e-06
0.018619816666529197
-9.231338776911832e-05
-3.546375672921035e-07
0.00040101455323102777
-0.00017710385318856972
0.00015737900388979902
4.344543932076025e-05
1.636341419854471e-07
-0.00018518809831847844
8.398871196193107e-05
-5.76141604992785e-05
0.2009465558059078
-0.0001056708487182083
-0.0006985224028772513
-0.1370033716417235
-0.001173744173717932
-0.17277020167884435
4.310018599789099e-05
0.0002915971765280062
0.05411533005492051
0.0004842832768824967
0.08803034481613636
-0.00011006306674638052
-0.00011070194438100547
-0.0004448245320214331
4.449801378298938e-05
-0.0844369272580393
4.13142410278505e-05
5.3371862993266815e-05
0.00017041697022167663
0.23690758740004547
-0.001382844703117274
-4.952727618360965e-06
0.0002749210970183773
3.075194005899524e-05
-0.20127376410338083
0.0005271117891054193
2.84310741427226e-06
0.10536940271114881
-0.0023054730210615272
0.05480408529804556
5.0881632924049044e-05
0.000566831419460139
-0.09705177873002668
0.000920646719199017
0.2367424683421544
0.0004786379472803417
0.00017783919375122012
3.0616610116445124e-06
0.000898139040951001
-0.20121474013337992
0.03728589213943988
-1.8313751413062718e-05
-0.00011488178788048157
-0.021346972644837373
-0.00019810103383669558
0.02033249438718287
-9.87602422612675e-06
-2.4125234350930314e-05
-6.80665438854391e-05
0.04286554236799078
-0.00021529152720472497
-1.9115484187319486e-06
0.0225772595549059
-0.0003571192238934466
0.042884188465203976
0.8300652792098466
-0.034774869753507534
9.586121746101092e-05
1.1712120962360256e-05
-9.217212579062133e-06
0.00021334590042464103
2.35231427829205e-05
-1.1050703388569203e-05
-0.0018935158339855552
3.833737158967761e-05
9.116477271873328e-06
-0.00020612234724329043
3.168350413157283e-05
0.0003862093492480441
-2.9188102979998493e-05
-2.3109350249675564e-05
0.00033986839306990183
-4.840044177072131e-06
0.010337867719276056
0.00015075087926653605
4.63655236421429e-05
-3.236486200792948e-05
-6.122331073086505e-05
3.167315237431525e-05
-3.347962964254648e-05
0.0040617152619861875
-4.6802522261787314e-05
-1.803325029886274e-05
0.0004111767393253981
-8.778326573937943e-05
-0.001273830229266345
2.0522551569677065e-05
1.0875369440568181e-05
-0.00042484212654248605
3.8379177355851244e-05
0.3596282880397855
1.7170989448721056e-05
6.265208928999408e-06
0.15137950595624175
1.4053964081075164e-05
6.2398040574211665e-06
3.0244508390686568e-05
4.061384111291884e-05
-2.472278470474687e-05
-0.00010693746129851845
1.432356610357113e-05
-0.00010483433848232991
-3.943523155976092e-05
2.1866037129874178e-05
3.85250868620653e-05
-6.276775710766919e-06
0.3595857263763172
-9.995824782741116e-06
1.4067198236641762e-05
0.15142090249733509
-1.103103693394209e-05
-1.5908617716830822e-05
-0.00020925232305848155
4.175035617573873e-06
3.1324962734012635e-05
-7.724404367469041e-06
9.3449513401764e-06
1.1648695829074104e-05
-2.619104387692889e-06
-2.6837089334623907e-05
1.2778665417309556e-05
0.35962648725601754
6.2079760823515305e-06
-1.104908498612284e-05
0.15139676922588596
8.813691801196995e-06
-4.269647315219804e-06
0.0001220877396104774
2.273310853314333e-05
6.688788917734135e-05
-1.1167538113302756e-05
7.995775197722192e-07
-0.00010893673992264278
-2.543824322810418e-05
-3.965273400576891e-05
0.01840295199556607
-1.1820437909961651e-05
3.4442521321086326e-07
-0.00022374788879713777
0.00012506856417867062
-2.9749528257100287e-05
-0.0003766984893102893
7.553687761206051e-05
3.552449218491573e-05
-5.481552749449971e-05
1.673813644351159e-05
0.00017236532204182464
-2.794167034879558e-05
0.018898747309588272
-2.5267179380159347e-06
-3.098942177945221e-05
-0.0012647438296292265
1.7719496781355606e-05
0.00011732495261607804
3.067772425829795e-05
1.5241447868351262e-05
0.0005130891800940879
-7.287985287529672e-06
-5.382013183991844e-05
-5.1565809122802986e-06
0.01861804753330843
5.045254410999205e-05
-2.512437071564693e-05
0.00023461498308073933
0.00011626397935439526
0.00024123271787070285
-2.6024871124079095e-05
1.0049901549113285e-05
-0.00011235153540619577
-5.872462248297415e-05
-9.384950251806823e-05
0.19912996258263777
-0.0010266496762232889
0.0011976695267966971
-0.1397881115990936
0.0015059556321495569
-0.17142779554720738
0.0004149459602629642
-0.0004927701302487376
0.0553305683701713
-0.00062191645999992
0.08425083464588908
0.0003971790342504095
0.000671227727510279
0.0012800373796661324
0.0004105739779712527
-0.08122379413914868
-0.00016435218689353495
-0.00025251029448743287
-0.0004914847158403518
0.23666815229918248
0.002192212284887197
-0.0007178964896409492
-0.000470908634536771
-0.0001459236185071765
-0.20121190813319306
-0.0008434785377135012
0.00023825343042808492
0.10533577811448616
0.002951567736180963
0.05606364268090637
-0.00025879871121667407
-0.0008963759021761832
-0.09696941028442285
-0.001180163437290519
0.2362704505084583
-0.0006176731813511106
-0.0005111476830187988
0.00024102522299385116
-0.0011585664363300606
-0.20098294583789755
0.037043249662727235
-0.00016530295608364366
0.00019358027556753244
-0.02189020273544621
0.00025514620935977847
0.01966115262444927
5.913388784436079e-05
9.709886260316367e-05
0.00019545930913265848
0.04288192764217666
0.00034380539310637393
-7.71698272114639e-05
0.022551673697547556
0.0004614743716938029
0.042869809058348585
1.0476790437202026
0.030593963252607385
0.0007522902081188828
-0.0001897276846904301
-0.0008472514850408087
-0.0005590265301114528
0.00012650744436545197
0.0006085500279411514
0.0037539149914712837
0.0002272817739818707
-0.00032588410921003525
-0.004360617249805496
6.140191421180449e-05
-0.0007197711222524234
2.6702948369473453e-06
0.00020269480895278882
0.001854502337632521
0.0002153873650109022
0.010770197442401847
-0.0010776364063678238
0.00022297138813535822
0.0012275771183173
0.0003577557138412054
-0.00012494565033049584
-0.00041304227525013624
-0.000992386932627203
9.427831774328155e-05
0.0003291096361464328
0.003078710202199382
0.0005486038021564801
0.0004302567287138273
-6.331451943601064e-05
-0.00018663698259246348
-0.0017423678717600872
-0.0003032655961859452
0.5560507157808257
2.6106520276640838e-05
3.0677094877438335e-05
0.1017988186121283
-2.7267623560137815e-05
-3.207483514159551e-05
-0.0038073023442176477
-0.0007651829552871492
-0.0005006783476555073
9.293746297861613e-05
-7.261463144686763e-05
0.0018855384788009045
0.0003708047422231203
0.00014728520774085217
-4.407589620156603e-05
3.989525970842816e-05
0.5562577444663014
6.505259742286683e-05
-2.814331180281753e-05
0.10199392789736902
-8.905421219165569e-05
-0.0008462767616012855
0.0006968138652836764
-3.918187522599964e-05
-0.00010566021361224442
0.0040869874881621394
0.00041633930992985386
-0.00025123690522604154
2.3073103653552173e-05
3.071574208877856e-05
-0.002036631915416458
0.5558835304593666
-3.257515688017704e-05
-8.754496706147707e-05
0.10219321272156309
-0.0021780804340353977
-3.1947678599297805e-05
0.00044345067958260825
0.0012829258359022475
0.0008468165757043978
0.001085700527269252
1.9252170524422373e-05
-0.00013020358071199305
-0.0005177701578738074
-0.00041164655663423555
0.005704873016163103
3.920584089202189e-06
8.733286805385955e-06
0.0016814503916039265
0.00019391089866255436
0.0001528446332736005
-1.817967587392037e-05
3.068095242071736e-05
-0.0008480865763212755
-0.00010368610695537385
-8.986264437344231e-05
1.1025929524647296e-05
-1.7184614528447562e-05
0.0058304713706046965
1.912490906206002e-05
0.0003775990396900196
-0.000261512011650398
1.529783777645024e-05
-4.6049528072101176e-05
-0.001781779898495788
-0.00019765215447122383
0.0001415306807897581
-9.34528552072384e-06
2.6990099611850294e-05
0.0009201483146593376
0.00568470272372123
0.0009516152654003424
9.487691532646392e-06
-0.00017597726539083115
-0.0005338098691951524
-0.0004480141919454537
-0.0004920828084042832
-6.542321621660586e-06
9.558902275694578e-05
0.00027288799410228755
0.00023260066042880232
0.06558110666799787
0.003151146927349636
0.0028828714088608718
-0.006727200975301632
-0.0015002820229500467
-0.06345288685005945
-0.0015169933158090143
-0.0014527992068277763
0.0034986749405421735
0.0007128150781150133
0.017672897108573345
0.0011473141675785565
0.00036999535560142236
-0.0010612553980098689
-0.0015496456325090804
-0.017525459244366548
-0.0005474848447918487
-0.00016450359604877987
0.0005123073321874368
0.02063561691486151
-0.0002519034929445452
-0.0010585893550594493
-0.0014547993838353098
-0.0005450130110038973
-0.01996958871598553
0.00012422743040202045
0.0005143502419724739
0.01106676967990599
-0.001103774097266418
0.0034776387587890857
-0.00016804551367806115
0.00012655276247582777
-0.011431489848029833
0.0005133099031223277
0.06690392358418756
0.0007068491558466385
0.0005087196326101822
0.0005163578325832548
0.000515679868177902
-0.06485593502403057
0.015421972839228786
0.000751184549907809
0.000737468071145733
-0.0018224221875518776
-0.0003385487209219974
0.004350917464685319
0.00026029804149536325
7.359667957040133e-05
-0.00024708401753616746
0.004835800295686863
-6.246014374186126e-05
-0.0002524806904540128
0.002959290578624517
-0.0002390676462960948
0.01578765677648772
0.8297932537486483
-0.03245114086348221
4.388075444963936e-05
1.8929308522927124e-05
-5.6934935334514675e-05
0.00031523644135592846
3.190337447658123e-05
-0.00016306986359070004
0.0010175874271564607
0.00018570027217251116
-0.0002619165946574932
0.0013551358961751204
-4.721413760755107e-05
-0.0004040426896838114
-5.3434724318831466e-05
7.812471649371351e-05
-0.00027352640365304676
-7.543131099312611e-06
0.009682874300339487
-2.2445253346497643e-05
8.383701265820516e-06
-3.377001514773487e-05
-0.0005416895229038623
-1.4461028082767842e-05
0.00014553234515135967
-0.0021946585286673637
-0.0003887562641535591
0.000552314280732806
-0.0027981327953861945
5.574973671289907e-06
0.00099139321000646
0.00014377481096531275
-0.0001899438020974846
0.0008116094724448232
1.3257595503544261e-05
0.3602075358304213
-8.149221047493363e-06
4.561989390680325e-06
0.15243275907249326
-7.526960738185283e-06
1.523130466418629e-06
-9.854058924429508e-05
-0.00012554740383079654
-7.544688780386795e-05
-6.273247229309569e-06
-5.2605642489437455e-06
0.00011436979737189951
3.967327160278606e-05
5.8077886741818265e-05
4.907581054918974e-06
2.6113312224940822e-06
0.36027846529525925
9.41888736430669e-06
-7.285482225657132e-06
0.1526538631832772
7.239516092002081e-06
1.3389780818446604e-05
3.592775934789604e-05
-1.4155653828881193e-05
1.3840550882863748e-05
0.00016912649984496278
1.1407679335293596e-06
-7.370357656316437e-06
5.963370205193239e-06
-1.839315147139825e-05
-6.36526848511975e-05
0.3602676188059534
1.0858804057225706e-06
7.365876774460394e-06
0.15252509028730044
-7.089664113111931e-05
-6.429468974553962e-06
8.283143616668086e-05
-0.00020147253288763095
-5.884865991740142e-05
1.9197506262996127e-05
2.8533213805941126e-06
-2.898616106658966e-05
3.97017483689382e-05
1.451009112925499e-05
0.018464724141736118
2.003940850351459e-05
-4.2149310683650084e-05
-0.0017079447303731297
-0.0005838180532417447
-0.0002120218275206375
3.9873251989852374e-06
-1.2850580668997827e-05
0.0009702954207138311
0.00019430445269837254
6.226238652612797e-05
-1.959895428588379e-06
6.393503730007001e-06
0.018778270164447105
-1.6051733063128164e-05
0.00015985405459996224
1.9043022661581474e-05
-7.011650816053335e-05
1.332062129837441e-05
0.0008808584349706364
-9.051543761981465e-05
1.1733302424094615e-05
2.7963906568601073e-05
-7.28198747074886e-06
-0.0005028578268066022
0.018286770079093604
-4.2675232980952267e-05
-1.6460405547138916e-05
0.00020701245231039591
-0.0009366814969314133
-0.0001625185144304159
4.0319816128719765e-05
6.473620744396562e-06
-5.129870031216201e-05
0.0002757565906305583
7.346460786480377e-05
0.05201515064422105
-0.0134277360167303
0.003561497319967218
0.007998133924329087
0.00016051765260337124
-0.05236413478107027
0.005485945719203432
-0.0014422131611804253
-0.0029341440777238344
-8.484923951146555e-05
0.23114139736816994
0.00025131665130372305
0.00027335907984809015
0.0011208477320792962
0.0055305042288418
-0.19858838747144197
-0.00010669331924112777
-9.009877712329555e-05
-0.0004789744568567972
0.23502352293836792
0.00012487771804603451
0.005742535841524855
-0.0014607711649349802
-0.00010814920969944182
-0.2013154230025889
-3.410886234761796e-05
-0.002331036916373419
0.23514650778977547
0.00037466602839475677
-0.0034227825735132097
-0.00010686364453132258
-2.9317102932057596e-05
-0.20185799823599054
-0.00015323960212561722
0.04847075990081025
-8.732155423208823e-05
-0.00044875853709260547
-0.0023633308703981566
-0.00014270186887256457
-0.0492539299632069
0.013248268835895551
-0.0022346459052796763
0.0005796369138792479
0.0011815917219388386
4.631083310270445e-05
0.04274591841199443
4.5183075417962935e-05
3.3816528562925114e-05
0.00018851482728633918
0.043202897456731525
7.463975556547728e-06
0.0009517577017546
0.04340869994692558
5.677465192528461e-05
0.012567697790051492
1.0474168241357207
0.031201842905598236
0.0009127693959911163
-0.00019994121568325053
0.0003349669417636386
-0.0006322284318558077
0.0001418100760071238
-0.0002005365025446151
0.002457470387352622
-0.0002368350745666157
7.965941934803594e-05
-0.004938190630976164
-0.0003308311566763536
3.624578431774388e-05
-2.6834964456627633e-05
-9.853680871797409e-05
0.0018561185610903484
0.0003686370267558273
0.010611729402729291
-0.0012238298059107
0.00031974603174869806
-0.0004317240297819324
0.00045024578350314295
-6.635264180072809e-05
0.00018078288229483473
0.00038293511568617694
-0.00016145887713411064
-0.00031947817081887727
0.0026485125903496073
0.0007248155180519609
-0.0003406081996469271
9.718154948073494e-05
0.00014820350238207406
-0.0015169318336088074
-0.00039929569300975335
0.5561610531931599
-3.88544104141685e-05
-6.683386133564241e-06
0.10181373749864296
4.213894579428905e-05
2.30547506614064e-05
-0.004436379241291164
0.0008179668544008871
-0.0001339698073404028
5.5041061015795806e-05
-4.522711973661051e-06
0.0021845713122635706
-0.00043087603505304625
4.749538074114275e-05
-3.844472604230669e-05
2.028951688343601e-06
0.5561857201151037
0.00013433835428517448
4.32284187838086e-05
0.10234196554048552
-0.00013586961452632094
-1.913371983539046e-05
0.0006416215675345593
-1.1509802852533411e-05
-8.108433038973305e-05
-0.001353193464880686
3.419171490640727e-06
-0.0002547078120634639
3.916106702471484e-06
2.0527488009469632e-05
0.0006033460100581948
0.5558371562946822
2.1938735294710053e-05
-0.00013346692565608873
0.10241129823318552
0.0009830948846469268
-7.948005216602428e-06
0.0003712373340822356
0.0005977315268274465
0.0006234837935691054
-0.00043238807079756965
9.800020943293799e-07
-0.00010646792252711874
-0.00026250868669648483
-0.00031059348970536405
0.00574792487943105
-7.121849428616772e-06
-1.8286439708443155e-06
0.001959644151826369
-0.00024508645171378654
-1.0386057567329e-05
-1.7650405038242392e-05
4.41473202842962e-06
-0.0010191296758741795
0.00012605041530773297
4.376616045731579e-06
1.0683207431998757e-05
-2.6575311722774736e-06
0.005806799776951791
3.7425713215627834e-05
8.967198454010804e-07
-0.00023617173166798924
5.8577935364098e-06
9.816478402005397e-05
0.0005462281046356389
5.59726510054286e-06
0.00012310162048420462
-2.6709888082708002e-06
-5.114314609673087e-05
-0.0002687000690165992
0.005666235647437519
-0.000407666220115094
3.0699141809332853e-06
-0.0001107624085569494
-0.00019405949316674383
-0.00019611117635532992
0.00019586703092748975
-8.389226870791359e-07
6.079428807082318e-05
9.398017420288479e-05
9.665370999808921e-05
0.06466382506585486
-0.003755465245479968
0.0018997424633380635
-0.005392897151065036
-0.001957947354642585
-0.06290042143163932
0.0018042077937161058
-0.0009734002256018691
0.0028887634077967113
0.000970602450462419
0.01695768187005728
0.0012975013428939705
-0.00039583464580017784
-0.002797743376525322
0.0018365220709526647
-0.016878721258724784
-0.0006043225903747094
0.0001778913215775411
0.0013466946946258163
0.021034767147908317
-1.389976973979403e-05
0.0011721870105981676
-0.000984429055903473
-0.0006067343633545735
-0.020352272440198993
1.5136820800467074e-05
-0.0005718562807565135
0.00983385880841777
0.0003587641070691101
0.00285330197361332
0.00018292562870252332
1.7633351464360625e-05
-0.010208690788691145
-0.00017521940426343892
0.0636172948905253
0.0009658874125224801
0.001332921355162367
-0.0005741728510628149
-0.0001746291877707405
-0.061733331805424604
0.015370784800569942
-0.0008879780726842215
0.0005065642287238329
-0.0015361623957980753
-0.00048159803337642805
0.004206610289337975
0.0002821590236888945
-8.129508844136323e-05
-0.0006448772684674605
0.00492749514362564
-1.3123181383477245e-05
0.0002818952408260824
0.0026555851998663403
8.668118442984698e-05
0.015040354642018694
0.05335872081098278
0.2880200054464304
0.0001878291354306613
-8.619940328798724e-05
0.00048430072012445053
-0.0005103801538619208
0.0002464837736884584
-0.0008695400929329326
-0.00014213160932912582
0.00012720448428194404
-0.00020192842438295752
-0.0013738950753150712
-0.0002500646426981157
5.338903056614748e-06
-3.675806898225579e-05
0.00010585799296626111
0.00021175290480551816
0.00013722497295614856
0.47732071792431774
-8.42036139685465e-05
4.2150508777730986e-05
-0.00015582006309380775
0.00046407016562615414
-0.00022607818713208034
0.0009322434766496227
0.0007114578692262836
-0.00015094298024376733
0.0001831064860213365
0.0009818549759740705
0.00023251755059694793
0.00011367563991583579
2.0191450848523283e-05
-9.270783868638695e-05
-0.0001237824345391039
-9.300322404430128e-05
0.3927819318106997
4.959161525582788e-06
-4.691225546233271e-07
0.14171669428164363
1.6502553644332256e-05
8.628939541365162e-06
0.0007316013619617532
-1.1925901395007154e-05
0.0001328058729156871
-2.163968282125749e-05
1.3410018607980029e-05
-0.0002341496735027976
2.1927025484627414e-05
-0.00011742633477291957
1.5526216731655066e-06
-5.252985196392243e-06
0.3928484172906026
-1.0793735914853204e-05
1.6201162498422998e-05
0.14206970072520927
-1.8351616095717507e-05
0.00010653583371891673
-2.6358236683103476e-05
9.57945760825119e-06
-2.3112700283499993e-05
0.0013159278047467457
-3.0103956802514737e-05
-1.4378114389881834e-05
-3.752091791325534e-06
1.047765183897544e-05
-0.0005251739260219779
0.39280289238589444
1.020732536683319e-05
-1.814332839180392e-05
0.14209093584597954
-0.0006073192117057327
1.7236304706016348e-05
0.00010990580400475076
-0.00012974410980996396
-0.0002597266369509469
0.00024873472639205384
-6.494613632093112e-06
-4.901582540462562e-05
0.00010600557616332142
9.202111834600009e-05
0.015941612397085754
-2.052178110218351e-05
-3.229544376939377e-05
-0.0026679437426954888
-4.234610213644861e-05
-0.00024269483529883819
0.0001415972244855843
-4.325004435720501e-05
0.0011754216589175159
-1.8518741506907858e-05
0.000112971649464766
-5.671892715572201e-05
2.1837339426220757e-05
0.015898866493043
-4.093318561683097e-05
-0.0004964383042175406
0.0006406190078693767
-3.3027561887204415e-05
0.0001878575268957866
-0.004680786308386017
0.00023835844669800542
-0.00020155048888498135
1.7754068134922288e-05
-6.346134699510583e-05
0.002186369623245244
0.015530927246853343
0.002071583350601671
-7.4973987797826e-05
-8.806739010143195e-05
0.0005527879459552728
0.0010349450121889398
-0.0009730744093786415
3.279088977244275e-05
6.283772497851472e-05
-5.833821205952312e-05
-0.0005009662099615111
0.09915364289768246
0.005784056682500453
-0.00029112777607752957
0.014186564991560097
-0.0001635639498844272
-0.08180765988243294
-0.0019422402922930448
0.00018164318795048904
-0.004627251624992957
-2.6710618769866176e-05
0.1354804297235236
-0.0033332751670425887
0.00032305424904812633
0.002365965257353465
-0.001919873526054349
-0.10194933625018177
0.0012759618228531118
-8.874467825048272e-05
-0.000797107790718258
0.07131185954451844
-0.0006348916623297651
-0.0007663362322121534
0.0001857425691381875
0.00126799219911648
-0.056377056341813205
0.0002115366789161915
0.00022892223257334595
0.23996581114902835
-0.0009651174323855617
-0.004460437733791105
-0.00012153315828019971
0.00021971620172780464
-0.17268029963054707
0.0003243959237172991
0.0812689271884792
-2.6796578671246384e-05
-0.0007934031285428114
0.00022859018104991763
0.00032622958238226046
-0.06849608587802435
0.016999123620724917
0.0006182498690888787
-0.00010459512759106418
0.0013601965181086135
5.331902077308598e-05
0.01924635311774137
-0.0004850285412758964
3.482089727028773e-05
0.0002613972199990524
0.011155446933477087
-7.136473579498904e-05
-5.859264599558975e-05
0.031195797399048125
-0.00011020499769182624
0.014524820485905018
0.05315842704494844
0.28795738373479807
-0.0003264526138931134
0.00046101068394703587
0.0003725727283752175
0.00028232879338897505
-0.0006503983095594249
-0.0008981593062551827
0.0014885808114038644
0.0019359226595467103
0.0005002492845819677
-0.0037200175828661316
0.0002502701536019251
-3.212516062195002e-05
-0.0008003810982627401
-0.00021372031553864147
0.0015338160006173795
-3.805137956723414e-05
0.47725075463063393
6.525328015996336e-05
-0.00013022843959607447
-0.00011739512014595048
-0.0004387699737828341
0.0007713199141107573
0.000893069518788128
-0.0010195885060864255
-0.0015168310946251729
-0.0003952698609673917
0.002597723441927366
-0.00018490839060701734
-4.7886152932428354e-05
0.0006952824486824939
0.00015259598052721227
-0.0013434438156406246
-1.882575267480117e-05
0.39275823744456984
-4.213670604887654e-05
6.325622071316972e-06
0.14211510351122694
-0.00014179694671048862
1.0415131346435143e-05
-0.000346501076138309
0.0009372635907082833
0.00025524314025709494
-0.0003679885801268178
-1.800809445288312e-05
0.0001969534338386134
-0.0004243760852682987
-0.00011963023606807888
0.00013028157784617683
4.3802282188886634e-06
0.39279335250201963
5.671026582722518e-06
-0.00014324336093388606
0.1420668071167231
2.0734994387262827e-05
0.00013131203576775667
-0.0008836569868418656
-8.292150227898174e-05
0.0007295375059318881
0.00010870489406311667
-8.712416582637061e-06
0.00039405626293529745
2.7262360663149707e-05
-0.0003390112099528692
-9.510354839938949e-05
0.3927133096096873
1.0057104147749256e-05
2.2217553226523377e-05
0.1415322253491723
-0.00047845618304550176
-1.599180730200395e-05
0.00010395361585255267
-0.0009958019345274176
0.00011934901887479593
0.00019044662571185333
1.6209155629004785e-06
4.3703023305222266e-05
0.0003581889088395746
-0.00010724941520999978
0.01524726138547595
0.00038969815522737756
2.3871405507294355e-05
0.0010031032610683139
-0.0031831799622625695
-0.0016817811577104077
0.0012675890227495656
0.00010169176874779414
-0.0003239203176329553
0.001418467468419785
0.0006208386277573308
-0.0006028010862108581
-5.078771470863092e-05
0.015629415113052974
-3.740279277082122e-05
-0.0010029180775691982
0.0029797140674197855
0.00046767576435303645
-0.0021470903617238947
-0.000256827098882478
0.00041759398008655056
-0.001251433081157842
-0.00018058130947411658
0.000966120092621927
6.386118832599173e-05
0.01628570310148636
0.0017951679827596006
-2.473588195404668e-05
-0.0007399312364865806
0.004577137673692739
-0.00012531679000468777
-0.0008798120076519757
5.162472440264258e-06
0.0003752637583055824
-0.002067879492349444
-3.250719535109137e-05
0.21599014056087
0.010839324259460935
0.0017441142177028832
-0.10821903292558936
-0.002648847675759131
-0.15748643329102788
-0.0038318238325339704
-0.0006032417695286714
0.03529586350897731
0.0008842300832225464
0.06854465557771235
-0.006588833043849813
0.0036563702291941657
-0.0005733029423796734
-0.0037886744658405355
-0.058448542367466175
0.0024793038800775304
-0.0016911925906994347
0.00016228599436646918
0.08560258724451147
0.0016110887391505607
0.02825633471615383
-0.0005830117792405317
0.002447526171620662
-0.06683588741656499
-0.00046695718822237106
-0.009562989081553498
0.11308613988202879
-0.003910031391953241
0.034450230652602554
-0.0017300359563604793
-0.0004830583915773274
-0.09075903247137496
0.001271402065992476
0.2346081070933981
0.0008636828976066067
0.00013057870722248723
-0.009602038466169426
0.0012578398169012636
-0.1687548853471905
0.028871836250629095
0.0013278910425264727
0.0001921783304978237
-0.010811517569645001
-0.00028073176656273787
0.012530037396034288
-0.0009226356288200884
0.0007793279406524544
-3.603852459995036e-05
0.013077299287918058
0.00011480296781191864
0.0032500217035833375
0.018424435976939404
-0.00040104502454230855
0.0305096081138716
0.8299618841212678
-0.0337379873673324
3.020103631802168e-05
-3.682883721302403e-05
0.00011941732931553509
6.934775207331687e-05
-0.0003361214348782238
0.00045862091026263656
-0.00177927090294613
-0.0010978921956780845
-2.6202589936358835e-05
-0.0010030657779507347
0.00037047079950037917
0.0006357051212193114
0.0007211088393532995
-1.728111516173561e-05
0.0008552011322137214
-0.00010198856198549475
0.01006225763267512
8.773394823201242e-05
4.366009168503447e-05
1.9714319202689113e-05
1.517544863140158e-05
0.0006417977972025363
-0.0006523144984430101
0.003962665542187314
0.0024299116332580084
5.584008381715937e-05
0.002465715684491566
-0.0008206799386775668
-0.0015211644778262644
-0.0012512388067587453
5.5017038872512795e-06
-0.0015342067604086815
0.00029421256706059186
0.35989269858480655
-9.432996011014773e-05
5.917729809426738e-06
0.1518824469165504
-1.8819078855444774e-05
1.1648223609217276e-06
4.994746719819204e-05
2.240724891112888e-05
6.307239504860037e-05
1.1182196759985284e-05
2.5145889519565167e-05
-5.426093972381331e-05
-8.631432762719207e-05
-7.068072241363745e-05
-2.6429977540122566e-06
-8.18846159823139e-06
0.35988746112665493
-9.468729116114736e-06
-1.8373082493507957e-05
0.15198894674982433
-7.3162318421984925e-06
0.00015470912469127185
6.136562685430248e-05
1.9894240000150927e-05
-4.52497801970177e-05
-3.0001720905141595e-05
-6.474880623660994e-05
-5.8091904568626834e-05
-6.158945222928271e-06
-5.4329198084389685e-05
-3.483211694539464e-05
0.3599352867833087
1.236751184222896e-06
-8.725644092931627e-06
0.1518690324634867
0.00019151800277875008
7.077943066962521e-06
8.031579121785503e-07
0.000306402453111703
-9.085705504266106e-05
-0.00010729131388860871
4.3822002639750367e-07
-3.5792306414882534e-05
-0.00017275585553651476
3.371478186668856e-05
0.018476731941053336
0.00046189271660504694
-3.212677028266804e-05
-9.95418192720897e-05
0.0017002228001845414
2.6175452753873047e-05
-0.00010133976107903146
9.396979431139545e-05
2.9129321652196684e-05
-0.0009133729351934225
-3.604037685401033e-05
7.454722536992147e-05
-2.5957816222259963e-05
0.018971152690740626
2.952230819684937e-05
0.001117587522742632
-6.468537425324749e-05
6.308615611090194e-05
0.0008991588917845927
-0.0003985038040808107
-0.00047330973461979077
3.594315181013341e-05
-1.4454844197312701e-05
-0.0005677754104835627
0.00010254119700739482
0.018272892823910668
0.0015933162367382297
1.0337162722167905e-05
-0.00016665065430470792
0.0027100972187119256
-0.00031625132626228496
-0.0008130463268328103
1.5041235024300091e-05
2.2019701783440273e-05
-0.001396993740273906
0.0001299231621819702
0.1919121813645441
0.022055634942566037
0.0029457776153465507
-0.15365516558317666
0.008585343580538758
-0.16577285307904202
-0.00923265260227783
-0.0011956155727305727
0.0621066429472217
-0.0034693660887552026
0.0673257107036387
0.002027269031746475
0.002438813306831181
0.0030354234321225233
-0.009280251982008448
-0.0665948312457886
-0.0008446573170334494
-0.001736790870814343
-0.0011637314060442222
0.23487035543918713
0.005678666296430044
0.0018486465154007225
-0.0012012731941957707
-0.0007566367058607214
-0.20048138677904512
-0.0022792171444712007
-0.000534639878480684
0.09812928654913386
0.015584633357867679
0.06257520153233553
-0.0017268136384194215
-0.002297311611241747
-0.09002072283443949
-0.006269583633958529
0.2353032749866346
-0.0035175385845548444
-0.0011765490372987633
-0.0005362232160359948
-0.006309144826337367
-0.20087277639332982
0.03593065957770157
0.0038741145777683936
0.0004827208784176501
-0.025042012008059326
0.0014077052865692679
0.016548861886235642
0.0003115970766640622
0.0010608659022418004
0.00043601956906898177
0.04288254770747363
0.0009114106503071357
0.00014423838090144085
0.020878104563352692
0.0025130766427663813
0.04298628131035268
0.05317054641560336
0.28785574287679433
-0.00034962952547717226
-0.0004228144897664697
0.0003032289970512538
0.0003324671087207254
0.0005734218603101447
-0.0007791931496310218
0.0015213632545652519
-0.002118927740307209
0.0002854637547146586
-0.003776632001293205
-0.0003131126518088969
-1.7481008091849718e-05
0.0008979845076985424
-0.00012946063715181397
0.001589434413592476
6.71702057179533e-05
0.47728977493848734
7.671183207617346e-05
0.00012029427891187345
-9.601583147411235e-05
-0.00048766849556068864
-0.0006898659510971112
0.0007686843097000518
-0.0010282304946300812
0.0015244365322592533
-0.00026830976237213883
0.0026668872342645858
0.00023417662950660472
-6.172179782319172e-05
-0.0007760414098988066
9.718483212198622e-05
-0.0013923102103369999
4.654586573638162e-06
0.39273563040830595
4.9056549533850614e-05
5.805167715975728e-06
0.14204559098542166
0.00017433551001483886
7.29586525187959e-06
-0.000327973281094256
-0.0008193062434389426
0.00015502607168273072
-0.00033703938266699816
7.310099956730291e-06
0.00019244497851225408
0.0003807202694273544
-7.927449558972177e-05
0.00012104108284092696
-1.629006068487205e-06
0.39277044136268635
-9.00047589470465e-06
0.00017641491232047785
0.1420004824745354
-2.8953072673474405e-05
-0.00010640639509542016
-0.0009106698208298399
0.00010454950504709478
-0.0006349260083485654
8.070460678940102e-05
5.509224231342667e-06
0.00040810799544993407
-3.5680591078913676e-05
0.00029836289857787263
-7.641190597672564e-05
0.39269093194164434
6.887557861181917e-06
-3.075383362373716e-05
0.14143684792962843
-0.00037352181123816386
3.098020773319888e-05
-1.2245252266698586e-05
-0.000774286028652281
-0.0001380971753733029
0.00015095253951196
-7.956282693733273e-06
8.886211960651259e-05
0.00027929257067435
0.00011194367884838383
0.015247961483234566
-0.0004490931812464209
2.3109560326154177e-05
0.0009757446787273677
0.0026893968457220984
-0.0015396320253092868
0.0012329430414344542
5.584777053001743e-05
-0.0003013940944067492
-0.0012053724808572814
0.0005600820978262047
-0.0005723651410594807
-3.552569830272789e-06
0.015628095428601364
4.3709331981984286e-05
0.0008795336874703899
0.0031209949610334045
-0.00047324096893888967
0.0018539975957858044
-0.00031046249199403867
-0.00036024420273922484
-0.0013125107816903472
0.0001822712093190843
-0.0008325346736273182
7.621225959019627e-05
0.016364722378650276
0.0014717269867567783
-2.872407728370514e-05
-0.00047445802971942655
0.003814336621575232
7.28879261540962e-05
-0.0007413991753930745
1.354251527877137e-05
0.0002228202664055383
-0.0017534294132533243
2.3714522823138736e-05
0.21653731531787215
-0.010220579782069575
0.0035211831095032396
-0.10737852660896736
0.0026601667389245572
-0.15780339812868904
0.0036647012942593224
-0.0012105139645829316
0.034939504329435954
-0.0008915304879223429
0.0689198617579967
0.004972331031394816
-0.006283411683143539
-0.0018023921254039206
0.0036437701634525507
-0.0587058444059502
-0.0018795329045827292
0.002699269760686574
0.0006148417754984136
0.08258607146363031
0.0009379476424095168
0.00686159726877095
-0.001193915713851826
-0.0018583812192528085
-0.0647422326535805
-0.00024201142630989465
-0.0024167639816296523
0.11340993357773319
0.004970589337553462
0.034054373613024935
0.0027198518984214463
-0.00026143477205039806
-0.09109274545107661
-0.001614792814612551
0.23613917688496314
-0.000873945991380235
0.0005580296783534464
-0.0024283946336261476
-0.0016166149054793158
-0.16973534921397054
0.028917439152854645
-0.0012985383152395319
0.0004016733967016036
-0.01064272582708264
0.0002859533627960492
0.012571053148600679
0.0007040068910344761
-0.0011618891195910438
-0.00019342446847568368
0.012714379609334551
4.430643725019682e-05
0.0008474271527372272
0.018508899996482423
0.0005169922917677265
0.030665970633471328
0.829933083084087
-0.033505217553967966
3.2897319777805134e-05
2.579812526991476e-05
0.0001064010168571403
0.00013292500849054436
0.0002917127512691002
0.0004225886902130364
-0.0017363800031907704
0.000672358173407853
-1.5596995893494872e-06
-0.0008609273109935837
-0.00032198246762592524
0.0006141273493736707
-0.0005012430303277598
-1.6635611729031074e-05
0.0007828672339693723
8.060354628058541e-05
0.00996602484307581
6.118107226537306e-05
-4.571226926110221e-05
-2.6616490214106474e-06
-0.0001357079570733722
-0.0005809679110477387
-0.0006288894863946299
0.003879275749215489
-0.0016764133718248251
3.062444949444828e-06
0.0022103744282930046
0.0007231186474047423
-0.0014709753754451008
0.0008524857026610378
1.8557137412998507e-05
-0.0014026407696128389
-0.0002543336432367664
0.35993933496422226
9.706744441538722e-05
3.5366265742110334e-06
0.15195234842277142
4.728002649929207e-05
-1.449415095192672e-07
4.024174923481278e-05
1.1093119309597624e-05
3.2456618925023864e-05
-1.2192431528648431e-05
-3.848137176784718e-05
-3.493094016718216e-05
7.14199271917566e-05
-4.897466677165503e-05
1.4677644061731966e-05
1.3369031153863018e-05
0.35993801198882436
9.077168412756935e-06
4.703355164314095e-05
0.15206545953066425
5.881004451952441e-06
-0.00013605789958311763
1.8527811071933964e-05
-3.197798187817679e-05
6.675074442227604e-05
-5.366522916041484e-05
5.5818709265067806e-05
-1.375773905666911e-05
1.0883289992111954e-05
4.748368754468832e-05
-1.6293292519425103e-05
0.35998809209146654
2.2733766910350987e-07
7.323734931341152e-06
0.15196918127347164
0.00019160904662301117
-1.0170637366012278e-05
7.82788080400216e-05
0.0003067780971944926
3.652971621482119e-05
-0.0001119085642686287
1.3625615770280075e-06
-5.517698993304076e-05
-0.00018130618320922796
-1.3148335992475089e-05
0.018434807710006017
-0.0002997485679226354
-2.5303728777193627e-05
-0.00020291177925760583
-0.0015279192650784236
-6.554010436816325e-05
-0.000302788026440294
-0.00016100389100161692
8.468838704225758e-05
0.0008303969126883164
4.275331355014481e-06
0.00016599165915501187
4.863551624088962e-05
0.018927539831905406
-3.259022228778579e-05
-0.0010992397113885844
-0.0005857717472333686
-0.00011599682451701148
-0.0008304616662518867
-0.0004563171011194097
0.00046925192823889196
0.0002977653900299845
3.207951085835217e-05
0.0005388518198006244
0.00012997120624466994
0.01829066947865049
0.0015177899182912884
-2.8727014696264653e-06
0.00015641073593795278
0.0025751841701389016
0.00010183293419689494
-0.0007818724178217282
-1.788345312480673e-05
-7.098608779577786e-05
-0.0013413017067070365
-6.512986796411903e-05
0.1911796489728237
-0.021717473299253134
0.0021518069963302267
-0.15560474625149823
-0.009055924567365535
-0.16520833547257852
0.009015391254429003
-0.0008660356974042219
0.0630077410039786
0.003664379725663033
0.06364900271647182
-0.0033973052607591207
0.0013199469839962781
0.0027104625451738725
0.0090596703969745
-0.06326366475973115
0.0014134658424043464
4.468943398479655e-06
-0.0010467384717011085
0.23448309758983477
0.00451787726760975
-0.0018960570893334955
-0.0008865473940286815
0.0013128664357154032
-0.2002956385601235
-0.001825677735158153
0.0005611859177338833
0.09657555191062925
-0.01639758352075353
0.0634789640318634
-4.823139465890216e-06
-0.0018153221459133607
-0.08864356149868069
0.006606547430800256
0.23517179968259974
0.0037162301328536144
-0.0010558463693670639
0.000563914099162705
0.006650312072809835
-0.20087947320435376
0.03582215619269212
-0.003742035473290269
0.00035185328486672234
-0.025451349576814955
-0.0014899092094852818
0.015797692631002315
-0.0005425121919943952
-0.00025829014967149297
0.00039359482857554383
0.042870452760305065
0.0007221929099505311
-0.00015294317636524912
0.02057611678418176
-0.0026546388473178036
0.04301135180463449
0.9995357497008245
0.010324705145893516
-0.0001177920499291594
1.8331005844050163e-05
8.537878712266637e-06
0.0016986971340919965
-0.00015137616583392325
-7.228139168177914e-05
-0.006812812940048361
0.0004902443600342727
-0.0012316306853833545
0.0014702727850017683
0.0010057463258548649
0.017300123623257453
-0.00043227826432201645
0.0027595921666688315
-0.005592907496213679
-0.002030964942210959
0.35669951688947754
0.004698773677635785
0.00012111662217138537
-4.090154660090815e-05
0.11969148210274369
0.012495011757866208
-0.002094560099627936
0.11633315903632957
0.04013762576137921
0.010287093654522763
-0.24835274526912543
0.0017364484452954436
-0.1658171750167814
-0.05951331562510349
-0.004929827905723869
0.37801982313807564
-0.0067721704961166106
1.0017159827589046
7.898020312358439e-06
-2.172083283844376e-05
-0.012941062370736129
-0.00045357438438194076
0.00028844311189949964
0.007215624737664543
0.0003467758597686224
-0.0004468690958126054
-0.0001311631342317154
-0.00020311276692264182
-0.03649557302907046
-0.0007184153543459626
0.00045711894255052814
0.0017897904154345582
0.0006378732210150608
1.0019614733021147
2.7878515139028222e-05
-0.0004755596911057695
-0.008389258787856554
-0.0003643382965581913
-0.0005664268730996155
0.0001252681933707306
-0.00015648098102543127
0.0006581237876963605
5.885035942375399e-05
0.0016328965021687012
0.003470708638691225
0.0005753190713430815
-0.0008405738625722011
0.00015092743221664434
1.0017843889875218
0.00028451962489336514
-0.0003603025597926077
-0.009245490591659297
-0.0003086119238907939
-0.00011336759478266178
-0.0006558237055168406
-0.0002519027895083503
0.0013870898830435597
0.0003799296186481763
0.0005237590249638976
0.001545462544950409
0.0006625498282628575
-0.0036102873554481035
0.3265301836768685
-0.01659396771396628
-0.0031427054600061347
-1.0576321117994691
-0.002895231077152554
-0.03299456094850905
0.04707203170833033
0.01089334353798084
1.4485200350712928
0.00604388228756873
0.058873201481287135
-0.06415107770493252
-0.013520694393349814
0.5061186790189051
-0.0023455091490401916
0.035839947132347325
0.3865189692045332
0.01183844347785699
0.03332814156321975
0.0184982511395515
-0.04839226375943862
-0.5420755353189098
-0.01574420340641101
-0.04452976700005139
-0.02380628716145975
0.4127012336480226
-0.016511192020085212
0.013853402513040677
0.22511186112488035
0.011676179048620318
-0.05832518460409509
0.0332745043553315
-0.018187244689392576
-0.3284401014146776
-0.015100082825035848
0.08732598479062548
1.851200283355126
-0.06305353036067878
-0.01930375151187945
-0.5615458066100819
0.019434466070485462
-4.87330568722628
0.0655462851515482
-0.048786903989379266
0.7630590439322985
-0.029433768804833234
0.7454026487910582
0.01757393510580724
0.021447805092305386
-0.03304155128888864
0.06358326019736138
-2.0485524757968947
-0.0181067050465465
-0.018368236301906385
0.041242528835633674
0.7983357750322746
-0.013516260949714833
-0.05806751939634608
-0.05922269960050647
-0.01799796149134151
-1.9100730972597029
0.018912149509848625
0.10872001417602661
0.5417097463898464
0.03551528095278898
0.761099858788925
-0.017229310323722588
0.02024972658422078
-1.610498299686475
-0.03405634791518372
2.3227686153388256
-0.02774079687366639
0.046496552608801346
0.10507652962401592
-0.03527970876874019
-5.638521832402617
3.2813872691529355
-0.06326764613186707
0.1507060929550734
-1.0587568555138374
0.04008942718655085
1.4183812110655507
0.019208083777942003
0.008559894082696456
-0.05794048032051115
1.1670812892461089
-0.026591405589511143
-0.17238491503499648
1.2033922462989222
0.032822058916088526
3.5342734468047494
0.8294916380926147
-0.030611330910102166
2.5277773132994774e-05
2.7847091154885607e-05
1.0713192505400076e-05
0.0007242053899441435
0.0004641721783212376
8.160205231414651e-05
0.003036626780552919
-0.0013618130567911667
0.0003684462651258331
0.0017751658998949537
0.00020980474327227225
-0.001386797765268702
0.0003619927795698519
-0.0001268318454694861
-0.000491268407159628
-8.873982318505656e-05
0.009078930247242916
0.00016516345402708358
-0.00011890128451166921
5.66062524427203e-06
-0.001188389767760677
-0.001019601529258059
-0.00013433200013089969
-0.004527077815549093
0.00282581755403581
-0.0006905840453884197
-0.0037226717006025667
-0.00029677471611630176
0.0024605711233594623
-0.0009710815866884855
0.0002710787506407474
0.001199321678364606
0.0001698237567516796
0.3606224466796534
4.1311079492987826e-05
-6.223232347170871e-06
0.15304210444013888
1.879136438419902e-05
-6.714430141982165e-06
0.0004967714811623689
0.0001768393183570942
3.834255232145583e-05
-0.00010232247620947256
-1.5708786953314645e-06
2.9841523297128775e-05
-3.288931415999727e-05
-7.99555593825135e-06
4.463766611130135e-05
2.836133979666811e-06
0.36071584772224485
-1.8790607185681123e-05
1.8220738605682643e-05
0.15342254543473222
-2.79461598118424e-05
-6.480964014867464e-05
-6.284194972079818e-05
2.4584685063003074e-05
-1.58807775171167e-05
-2.2340097522391173e-05
-6.792509439510412e-05
-1.2121418837910834e-05
-8.255413017986966e-06
5.677684858084067e-05
2.0001800080286647e-05
0.3607098135253003
-6.538415372855755e-06
-2.743370811108269e-05
0.15333547493034583
2.0252993795275963e-05
2.6445949946010242e-05
0.0001807632143732566
1.5558998251371958e-05
1.7635476758511406e-05
-7.487491469836143e-06
-9.14882271743549e-06
-0.00011755637740542378
-1.6337221846972302e-06
0.000149554450448933
0.01762705704193107
-0.0002623254182120367
1.2038574223610748e-05
-0.0073129978460241135
0.0008589517201949441
-0.00027630141526367177
-0.00013024745756047066
-5.636728591755702e-05
0.0039992496333367015
-0.00030403334469750323
0.00016140529748483022
1.31546571210698e-05
3.386573013259856e-05
0.018654410223163345
-7.964390939943942e-05
0.0013812559772337753
-0.0009095404578437554
0.00017535444872199783
-0.0003141300105003328
-0.0005399112435092109
-0.0007755626980816825
0.00018612979269844442
-6.392471390225406e-05
0.00016393356091003338
0.0002706016361175742
0.018183492035072513
6.135852306187022e-05
0.00016737800805535267
0.00024264859910404696
0.00013985261231965807
-0.003202807602508005
-1.7489775295566544e-05
-6.097874173326972e-05
-0.00021316709702165118
-4.028696798764631e-05
0.0017121786988981316
0.025766260480850144
0.010580224463585345
-0.018946119218421615
0.016417258894406164
-0.0002832219850008534
-0.026683403221824758
-0.004387161704893895
0.007944096048142904
-0.006623733073579963
0.00010070461697485994
0.23535704234844823
0.00044174234030645566
-5.619751077130526e-05
0.007472513485648417
-0.004549224267267194
-0.20257548949010654
-0.00018015470917656401
-4.292361253795899e-07
-0.0030833837556702532
0.23598981390653767
0.00041430180723235155
0.01497905782996937
0.007957090819744654
-0.000164149127028306
-0.2029557292524352
-0.00018947558528265403
-0.0063653631062139965
0.23537982821692366
0.002200434859031028
-0.006997096901579005
4.433472350719441e-06
-0.00020848071404857047
-0.2028647963595969
-0.0008925899782070072
0.038195743642635255
7.689326850795354e-05
-0.0031242147880910977
-0.006006885293867668
-0.0009105696917882625
-0.039485671008636175
0.006950194744782354
0.0018794128377964039
-0.003319803617308452
0.0027528668961089566
-1.8644261267008092e-05
0.043674286642392965
6.323538865022434e-05
5.7649781273468395e-06
0.00128108460884142
0.0437120718157391
9.042301790980528e-05
0.002510749795121948
0.04379341978743788
0.0003647131111381393
0.010246857922730297
1.049395144326221
0.026674338203100313
-0.002919421628488092
-0.0007836801691997884
0.00010739341399683845
0.0019088432615248312
0.0005951982514012333
-9.501520216648478e-05
0.005422020353916757
0.002430115329399207
-0.0002700199148214797
-0.001785796581427794
0.0002924584920526628
-0.0005439349734063972
-0.0011115975240359602
0.0002749621633141057
0.0010561964561493142
-0.00030140598623108733
0.0125541968709626
0.003600771387108796
0.0011831082346748373
-0.00018560099899416415
-0.0013722777626818973
-0.00043011838796354687
5.615869307475444e-05
0.001082347847286798
-0.0022017084524271757
0.0005847368272553981
0.0023157850337182486
-0.0006960045986853397
-0.0008482422000472145
0.00111080498670808
-0.00034492789688598266
-0.0013487847896920023
0.00036491717794161156
0.555525754231369
-6.308739102576597e-05
4.033205776750644e-05
0.10183255645389125
5.002291923719175e-05
-4.438023237371524e-05
0.020001807164480818
0.0003707883326840276
0.000588125772683645
-0.0001803644947776012
0.00020947020570558764
-0.009589453504026723
-0.00026494125952023065
-0.00026193904315280635
9.522093671710606e-05
-0.00010345887104317403
0.556309970074927
-3.987531561919138e-05
5.4920696507672795e-05
0.10135544861728046
7.401549066853052e-05
-0.0022254069074564655
-0.006180474028797692
0.0003036651211094644
6.142205558686741e-06
-0.0010037485543939655
0.001059191474387762
0.0028660381624465714
-0.0001469258769678351
-0.00010279487024801698
0.00047783916717422626
0.5560388058774365
-4.7439630337743486e-05
7.338618436628189e-05
0.10156404866263993
0.0008037319883476
0.0003659764472701601
-0.003961237104868646
-0.0004368509482996101
0.0031798408514265982
-0.0003919340508319068
-0.0001761542554135964
0.0018098860171792313
0.00016921823499533445
-0.0015466682685270003
0.005749108223629803
-4.694132672709723e-05
1.9930385426791097e-05
-0.008448311674934707
-0.0002859705478315796
-0.0002313228383630148
-5.702861269868474e-05
-8.526105399503702e-05
0.004412937069383468
0.00011717088099281702
0.0001372781923777395
1.7598681728057046e-05
4.355464167141779e-05
0.005912874973407099
-2.3104496882967735e-05
0.001042626711978828
0.0027339697849977414
-0.00013622018209032724
-0.0001021735846124747
0.00045143886539234835
-0.0005183491246066266
-0.001385789227222171
6.71510313364203e-05
5.3514357136473406e-05
-0.00023004007861818405
0.0058079714569149645
-0.0003559220662510676
-0.00017106635683720035
0.0017851162123591283
0.00018171699990392957
-0.001477917523138667
0.00018964844149272497
8.324012677144615e-05
-0.0009254698067289275
-9.22387302891226e-05
0.0007386198931592536
0.0740014238964558
-0.00332770055798492
0.0006153527034657841
-0.008077351820244157
0.0014074887650751622
-0.07146881853518315
0.001551641736277391
-0.0004320640816027632
0.003923410730909868
-0.0006550333834943106
0.03680230605653355
-0.0030898380301058416
-0.00035315213900836544
0.0005354674571680013
0.0015675513162298283
-0.035456661969195266
0.001420288598074533
0.00022124863462008094
-0.0002822046568131866
0.04374337193324119
-0.0011670939112564491
-0.004938241783480015
-0.0004502641191739073
0.0014120921982643793
-0.04128576792792939
0.0005290921849634471
0.002361229188917966
0.014042671190141975
-0.0014293790553117222
0.00393990722614262
0.00019929983159095756
0.0005398708514306185
-0.01432906998658216
0.0006555114746230328
0.07840031494137023
-0.0006430546029991776
-0.0002726386243454917
0.002363577212471457
0.0006537325210247702
-0.07526817051471305
0.01736092261506142
-0.0007317609339353719
0.00028711384109360815
-0.0019302142533659714
0.0003013939208360114
0.0085581366134806
-0.0006502145385702787
-0.00012170038392949817
0.0001445630377509056
0.009757143819697996
-0.0002440086984840166
-0.0011394712529335432
0.0036626556160024447
-0.0003011179556721382
0.01815025837849531
0.05354124898276935
0.28812727284536255
-0.0010370789897054845
0.00020719810819704008
-3.265258191381713e-05
0.0016894974093420497
-0.00043605650855815803
6.558354310514683e-05
0.0010530634741596698
-0.0018349111929542277
0.00039808748211352617
-0.0009203785035687367
0.00013430244553236728
-0.0005318692642248971
0.0004635637880698875
-0.00013271513187719264
0.00011625877189840415
-7.671263593336363e-05
0.47723016411950464
0.0003449449984671395
-7.926444742142365e-05
1.4680894032210158e-05
-0.0018755716836250306
0.00042387292448164764
-5.8086714632218343e-05
-0.0005224526474494427
0.0013128859324350256
-0.00030740562249181446
0.0006052836169907231
-0.0001199035737709303
0.00017366862970308439
-0.0002256979509024686
8.262516109516302e-05
-0.00016984938685628975
6.88915124982457e-05
0.3929953194651575
-9.782938759134608e-06
5.369991720062814e-06
0.14296629239274222
-9.134550024283259e-05
2.197840578744216e-05
-0.00423810746511785
-0.00013789031923445148
-9.807797365456508e-05
0.0005515437258462304
4.821287301151058e-05
0.001667507628245944
7.035642891561573e-06
3.349347586672294e-05
-0.0001915769340943436
-1.6638673944845723e-05
0.3929522523988723
-4.308135826653072e-07
-9.335536057571104e-05
0.14237668170848997
-1.2588905952456729e-05
-0.0002028704582135962
-0.00031371237303906465
0.00011673039735992284
6.710771738128458e-05
-0.00014308719844278339
6.634557567611901e-05
0.00022368805295194994
-4.117986492654699e-05
-2.2930490263108043e-05
4.705899365438432e-05
0.39291421588048103
2.142144085024728e-05
-1.190541006636436e-05
0.1423287299668481
-9.706461664122975e-06
1.5437504688771238e-05
0.0002562830993242368
2.2593206266623755e-05
0.0006231749813912593
4.045607683530155e-06
-6.616592936539757e-06
3.229251122137622e-05
-9.10636781875905e-06
-0.0002456913506723359
0.015464018492139731
0.0002296678932753578
-2.2590114670612645e-05
0.01321225205955245
0.0015771896047207864
0.00010738466900095294
-0.003031682740279436
-8.907419523798007e-05
-0.00625709104120821
-0.0004872798083684929
-5.5919117393420916e-05
0.0010921550863143017
4.605369509139962e-05
0.015999491418934118
5.497400462870457e-05
0.0008671740859204013
0.001953752725603478
-0.0004227836722315489
-0.0003423711421238783
0.0004089846531677
-0.00039860232983952057
-0.00029703275983710125
0.00016504368882264673
0.00011340942215232902
-0.00016462708992272132
0.015755332085510502
8.84628106398148e-05
0.00010262624724797297
-0.0006664065913706233
-8.127067879953294e-05
-0.0020814946454873217
-3.6444563182093116e-05
-1.4132321906632792e-05
0.0004698190697717985
1.5825916498851978e-05
0.000919079468923701
0.07809200484645913
-0.010978401011421253
0.00381330827976573
0.04430731404592441
-0.0011748318741447977
-0.0661527904197852
0.0036949604944215477
-0.0014432510254717072
-0.015377084922692977
0.00046287862102607606
0.23577604578486014
-0.016302542060308463
0.0011859386872217269
0.00756621349975189
0.0036836691827820374
-0.17024897492996927
0.005559648080188823
-0.000429295820225423
-0.002542361325154657
0.0739875023741885
0.0029802677500002177
0.0023856498886002356
-0.0014346707552912816
0.005562512158154022
-0.059201362400516724
-0.0010536568074754377
-0.001235897736110515
0.23756836803559467
-0.0009413051219072933
-0.0143917430179153
-0.000391992575532908
-0.000994237868582516
-0.17134558933603625
0.0003010091163734069
0.0777511756733511
0.00045089115832878783
-0.0025288833286062126
-0.0012415397266097093
0.00027176680424567526
-0.066205930336668
0.014141176582544594
-0.0012373056244708934
0.0005462076068381151
0.0049265360707180916
-0.00018011277075168802
0.03092073140543232
-0.0018903473476888375
0.00014419166978912515
0.0008369903353808991
0.011864981574194217
0.0003504534189782688
0.0006262656959121285
0.031026657891835077
-7.778160626966066e-05
0.014178354705182574
0.9994876034546499
0.012298072917783408
-0.00020727010853787027
4.895338784333223e-05
-2.3117158034032508e-05
0.0007657184220752015
-0.00040545080817090006
0.0002877333442063433
-0.001203837737063164
-0.0019528961296402495
-0.0003036782367832467
0.0014427578910645947
0.0006964357252732872
0.005172250805984803
0.004643102956197002
0.0007993496063297978
-0.0011996378970608652
-0.0019105648131141873
0.35848192276818425
0.0015252726359161462
-0.0002566722919040668
0.0007291970255973159
0.02188796258195788
-0.006876261295649158
0.04406087097166905
0.2867116906569831
0.03816312031696882
0.011918204420237779
0.1025459176304181
-0.03445051083046045
-0.4344583586187459
-0.047911224480448836
-0.023487183962718844
-0.13612240113812074
0.04760634679756705
1.0016192934418875
-3.9361598600299514e-05
-1.0897730960753864e-05
-0.005889449307879071
0.00010647494234025728
0.00014231672984045917
-0.00042570863940803966
-0.0001667664004636184
0.0006384765940034384
0.0009472954770371879
0.00011966622397788214
-0.004184230503558298
0.0010841560554921649
-0.0006097546718303159
-0.0028785424017640747
-0.0004044470123029816
1.0018340250347437
1.3994360146727301e-05
0.00011972385807891709
-0.006742255651917443
1.882023672013872e-05
-0.0013591299215420874
-0.0012234384684735465
0.000246040797632557
-0.00040899376581977247
0.0009379583052495972
0.0034733153005929744
-0.0005042169638362168
-0.0005816984660311602
0.0028185982555554868
-0.0011027772290342422
1.0016746261959457
0.00011053077931841377
2.3410310199335417e-05
-0.0012408415327119092
-0.0019701314708742822
9.358608313390652e-05
-0.000712787330637815
-0.0035655942441686563
0.0008770098463333787
0.005725710738928226
-0.0003815116332448099
0.0016791851066715855
0.010000226364220297
-0.005257633837596334
0.384759903084029
-0.024336704432682793
0.0008746302771363123
-0.15479394576757682
0.044287494506206254
0.013279877124676926
-0.03325437898637072
-0.009012362426991471
0.195266559657244
-0.04508201936029731
-0.021498847553957985
0.0340013694612903
0.011448192543470067
0.4599165496649991
0.013900033563387251
0.03818273061689727
0.011311464289762447
-0.004089415850317915
0.09638430237805341
0.01923819903428222
-0.04700688579306544
-0.07485266417250552
0.0048664048512675135
-0.1258604790285398
-0.02494385922521402
0.5651519178123818
0.1396181130123127
-0.011319503769375395
0.17564781639177204
0.21405954833412985
-0.1891936791956857
-0.18770456307282068
0.014313917311153774
-0.2827459326331432
-0.28719987668411007
0.26055155873541014
0.8618606801431423
-0.05411257984263952
-0.11852990685147623
1.5946296284268158
-0.045125389832966226
-2.3136488844890613
0.05826779176166863
0.11364752237655462
-1.9432529013432263
0.059167418554765344
2.179219323310492
0.029195180066535067
-0.040548090161994135
-0.19393976323650156
0.058280132409718056
-5.500970594687036
-0.04123618113261639
0.0479263467395491
0.2356151578886979
0.7395642539906186
-0.18733012353051473
-0.09100924019195662
0.1103332420438573
-0.03887173972643713
-1.958713441720346
0.1765880774371386
0.11803059752611589
2.341823979176773
-0.06873215799474132
-1.957357004543629
0.049659363132916905
0.185807838204491
-6.146591513016599
0.07896173649268809
0.7028039066267282
0.05802870575344033
0.2324586199974925
0.11647059296201775
0.07622887944543358
-1.9766397468584256
1.588577396588048
-0.06301111742889368
-0.10110187517653574
2.458965694255407
-0.07798378407348926
3.559199947831354
0.05565471163373457
-0.061640914115885855
-0.29000041431174417
1.3080236975748183
-0.17523584221097144
-0.1533574815518713
4.143329431888615
-0.08706742914643831
1.398934323279986
0.9999150910859275
0.007273118284374227
-0.0005968281329402569
7.270932886682194e-05
4.099092245722122e-05
0.004716545017321549
-0.0010636960409231612
-0.0006878964775636168
0.033286091114455255
0.009638668415080692
-0.0012532609808627525
0.023231870660288825
-0.0032800746864648602
-0.06699696140195288
-0.019966646648731712
0.0026786048890315977
-0.05005460007695078
0.008171130150231028
0.3380008834701411
0.004483826137470934
0.00011825846906858827
-0.00080834770004986
0.06299707715372482
-0.00940032346845459
-0.036352484423647066
0.18733071425535114
0.1890896277550702
-0.042701977437627235
0.06845865970059069
0.027147894033003724
-0.44734077881391443
-0.2780579645800213
0.06673977430772735
-0.03305014671154819
-0.053208434847045016
1.0022663037435096
0.0002756301186952331
-2.540918661800958e-05
-0.026090056162500014
-0.0043761807016803374
0.00045396279282203245
-0.007190212829006734
0.0010763263597761345
-0.0006199094392760418
-0.002300513905501158
5.730669391493906e-06
0.010799969628325964
-0.004177573106668334
0.0005065738983859156
-0.000586828967772543
0.00014809802499872747
1.0022373987897062
-1.1749987507308966e-05
-0.0043013238131762235
-0.01860560492866907
0.00041373298859960305
-0.002484177595575559
-0.011064463953073925
-0.0001379990266063022
0.0030506333544555514
-0.0011902429656551637
0.005033628450021978
0.015551615539337572
0.00031861569561990685
-0.005188366538895537
0.0013299631258594472
1.0019232205114663
0.00045325292652623216
0.00046168016590640386
-0.005580701879848196
0.0008932324927191881
-3.254181270195468e-05
-0.005112844152378124
0.0005978638334041653
0.0001703654793454837
-0.002695061098022342
0.00026694910312522043
0.013135389381122247
-0.004143794000746465
-0.005160990773112267
0.363495347046997
-0.1100805058541639
0.015172701237845454
-0.09107704135512887
0.02735942368989529
-0.023593433711990176
-0.3002503354510184
0.014178706813851846
0.12514256836682022
-0.039821980782971125
0.03441862622092415
0.4110496897096075
-0.020456820951951053
0.46401848958487835
-0.016655470862684665
-0.012016895074038851
-0.37552551026736825
0.00942852739421559
0.13656433245769004
-0.04332195197394033
0.06079683527474217
0.5193035832483749
-0.016000497689584538
-0.21980134577638075
0.06541893112891634
0.5128055350371357
-0.10414817982410907
0.01014338183458149
0.30029130020802475
-0.20734091936130467
-0.1512410087150654
0.16065797627942585
-0.014577318420726145
-0.467221305836787
0.27963379171543556
0.2222789418045222
1.6551360431412383
-0.034330565880223436
0.04997498471911304
0.711267639515655
0.2112543490720029
-2.432218040915273
-0.16702559002460315
-0.03412225919276931
-1.9158982859016738
-0.09198716714457562
2.2220985617675537
-0.020382585965508924
-0.4186339286042155
0.18702479014035006
-0.20327730602668803
-6.392691665585518
0.04687637826268809
0.6571984797742032
-0.27579107010126613
0.6820384546412919
0.043514992729080784
-0.2292125391031523
-0.029981371172049562
0.03511387539607419
-1.9799324455843323
-0.04030732659290391
0.3226508037536941
2.510483549837364
0.0025533229122115006
-1.8527138105464769
0.6626778835151224
-0.05065179723905664
-6.531871213643566
-0.08889667099656674
0.7092970460782473
-0.10856995313233553
-0.2839731015803031
0.3271156977346219
-0.07696915147600265
-2.0461979980778415
1.6826589624297466
0.31009332099015585
0.018524624660030267
2.529073095988963
0.14140040960552674
4.645915195672284
-0.07807819330408929
-0.9101656904055353
0.39593490790149755
1.4418836959202537
0.032599923300247705
-0.4598589857715448
4.618521676625612
0.10048202417892968
1.4957168003814494
1.0520196199474723
0.020490676964668695
0.003392543152527093
0.0002052080295578815
-0.0016060281179448052
-0.0026258616853835582
-0.00016485909483046393
0.0011083014901950813
0.004282776714701054
-0.0008286312955513144
-0.004212693669256506
-0.009505417387076172
0.0008023027684155697
-0.0022874589749387513
0.0002839046036026959
0.0020140437339770554
0.00470347933395314
-0.0002950053854939953
0.014115717058399495
-0.004802579297302216
-0.0003096018984006467
0.0021500272629071822
0.0021985516375787814
0.00013888772209036922
-0.0009732821703549493
-0.005355503086970907
0.0007225966159501371
0.004272983261286972
0.010663311516988374
-0.0005213173333620349
0.002640227792799101
-0.00033329003545862803
-0.0020957298757759433
-0.005337375863662064
0.00023816108141072224
0.5557966814248894
-7.943391966356176e-05
7.528726074783578e-05
0.09973708685390034
4.216298719549381e-05
-0.00012241916299224798
0.0004398639999687546
-0.001275029374153649
-0.00021521264794281529
-0.011356847902326037
0.00010204556831105076
0.00015019271763550026
0.0006015568645094731
9.962278379149455e-05
0.005041670841867202
-4.646903672393989e-05
0.5561165627374122
-1.4002423094089856e-05
4.406362479871177e-05
0.09902839006092626
2.0622181135633572e-05
-0.0009787627217348873
-0.01934499759660823
0.00018878141992750654
0.0006369409256417296
-0.0013832633535893612
0.00042939534852780715
0.008782868496284681
-8.471843971015338e-05
-0.00028200108877521964
0.000606873587841072
0.5559052110455369
-0.00011374953626897012
2.225644613141602e-05
0.09971524482775389
-0.004014436891968772
9.154238503314812e-05
0.0009447076543163739
-0.0069682270709309725
-0.0008390027986768763
0.0018451825761505156
-4.097371674607692e-05
-0.00023821099450810237
0.0031841825765718847
0.0004213336705868689
0.0057849108657302235
-1.8062020369143623e-06
6.550557283298095e-05
1.3770128850762591e-05
0.0006179310028126678
0.00017434268755080597
0.005581450640985296
-5.046355466985563e-05
-9.543823881655555e-05
-0.000322322118089298
-9.935655177480211e-05
-0.0027702526151062836
2.6740127887523323e-05
0.006031879292703819
-1.3992450043115327e-05
0.00041652290956348666
0.009699885998545103
-0.00010279287589224379
-0.00020646972830939248
0.0007172958918439009
-0.00020961260410558882
-0.004872311598886656
4.933945955382132e-05
8.841238996727758e-05
-0.0003552820847470302
0.005739264966601526
0.0018889236743961117
-3.221674914302287e-05
-0.00022425497516012703
0.0031661882610841147
0.0004431099490075957
-0.0009515866928826811
1.8162177453269076e-05
0.00011766743426890405
-0.0016118187910619127
-0.00020116174281582336
0.05443949016416277
0.0038242558010349163
-0.005697773723659275
0.020426099631355703
0.0022607130940186337
-0.05094166880879733
-0.00172127942299596
0.0026636413896931705
-0.00975210494525168
-0.0010067831008049486
0.10373008242750784
0.0011262368840358212
0.00038345569637764803
0.004073902693355643
-0.0017363508905830168
-0.09811994489948017
-0.00045991820729313906
-0.0001914595986917334
-0.0019887213823835065
0.05149979110291705
-0.006743154714193903
0.0023773973963527677
0.00266971844129832
-0.00046182632374891416
-0.04728019065670747
0.0032902539593587924
-0.0010116289032423382
0.09502818454521673
0.00041414747864965715
-0.009767313741674406
-0.00018833369331100285
0.0032777075347694314
-0.08924664219970116
-0.00019325456661201568
0.052070536584505736
-0.0010083111141489705
-0.001978834168528173
-0.0010192879323845648
-0.00017788211253050567
-0.04831516610669895
0.011946605113328426
0.0007894777579204918
-0.0012587590411157947
0.004718662428569144
0.00044970762877679087
0.02335563705409522
0.00018612003806754533
9.536212533408274e-05
0.0009756352113134227
0.010867135212996027
-0.0016101219689895838
0.0004342496250651961
0.021076600010914583
8.092167877667111e-05
0.01122427604114931
1.0520423983311515
0.020441722839404614
0.0031988422321142735
-0.0004673062579359415
0.0016809535093277846
-0.0024667048696244394
0.0002867019046394971
-0.001073449053783028
0.0038806600492407002
-0.0009842916363418644
0.0043779652574528856
-0.01151587363028074
-0.0017074079925795706
-0.0020455079306236474
0.00019313165745862514
-0.002036202320304094
0.005585573570591667
0.0007435490536441289
0.014186981285982085
-0.004475182483558734
0.0005142042406640628
-0.0021514759221413536
0.002089906595387034
-0.00025868878485606694
0.0009965437189274296
-0.0045269700955635934
-0.0002729433130038503
-0.0043373357506331905
0.012319750076370964
0.0014142186579669306
0.0023029283490199302
0.0001115234839445519
0.0021078858747674506
-0.00609309314218981
-0.0006706736752466818
0.5558580768740986
0.00042698400359808195
-3.3141181588471094e-05
0.09969754739699417
-0.00027766461208611986
9.762276226589757e-05
0.0011002422063831928
0.003827962802414344
0.0009417381721607034
-0.010437643981433797
0.0005185851554528
-0.0001894183941110451
-0.0017326552135649054
-0.0005071777359379546
0.004618329345793819
-0.00024304021040314652
0.556288571307458
6.435565356365364e-05
-0.00027157670747199325
0.09880624595677828
-7.793421435856821e-05
0.0034465233857229934
-0.018165049508652078
0.0007461331929079556
0.0002485150989974084
0.002952899412227513
-0.001541666791795357
0.008243948543822304
-0.0003409065952224723
-0.00012869233953754358
-0.0013530231144988952
0.555784823771078
8.370020577387582e-05
-7.94272380426992e-05
0.09998288094695548
0.004802777618820302
0.00020398765642615037
2.9528701575621592e-05
0.00852978978395594
-0.0011696716027941524
-0.002188901503390633
-0.00010696652535939778
0.00020841675732094988
-0.0038459225104311924
0.0005522826749845603
0.005802911878785715
0.00012484140875991854
-5.8464584289392166e-05
-0.0001955611734837317
-0.0017828587074430928
-0.0006771194911348324
0.005177639932188661
-0.00022642117544816875
1.9540245593357546e-05
0.0008918791549094933
0.00034490795550346106
-0.0025669579461179083
0.00011019349038232559
0.006091281501795314
3.555098808442115e-05
-0.0017126816158336078
0.009223601216610422
-0.0003622142120192358
-1.0672349116777773e-05
-0.001645719156397356
0.0008049710876340092
-0.004638293877697738
0.0001695218875842085
3.0645224838462046e-05
0.0007887976924320564
0.0056993617053559585
-0.0021954708867966744
-8.798146433378622e-05
0.0002848468209045434
-0.003781088686488794
0.0005266508884214155
0.0011040964883116682
5.0072734015357926e-05
-0.0001493586711590323
0.0019209253763323472
-0.0002461742514276063
0.053685231677960375
-0.004818322158648922
0.007956980330271209
0.021213958461952332
-1.5390827621965115e-05
-0.050313191049349656
0.0022373731360969705
-0.0035418304279745405
-0.00997814490667282
1.7206783068553866e-05
0.10441386351260312
0.001528786606766776
0.002494601279731728
-0.007576000502380128
0.002229173009137553
-0.09876846765926081
-0.0007884502532716617
-0.0012374253812851182
0.003661559342841057
0.049620654564479005
0.0038325920385606596
-0.00018739248824638954
-0.0035378927814569555
-0.0007920491451391832
-0.04558145090639384
-0.0017914884862371037
0.00010292533175656885
0.0953751174097304
-0.003685714961737347
-0.009970068274639074
-0.001219445367234921
-0.0017742586410652563
-0.08945178380968907
0.001705639029470205
0.052616475261575556
2.570837492153523e-05
0.0036481942891969624
9.493203800854246e-05
0.0016918367938549676
-0.04889221516465583
0.011818459932714197
-0.0010512289039020391
0.001581738190697023
0.004741171833029575
-1.696669268012262e-05
0.023513292583677764
0.0004071548666232459
0.0006125145676609639
-0.0017827222991898058
0.010481744948158895
0.0008335356077810857
-4.854124686735061e-05
0.02110701234985919
-0.0007846497240561978
0.011376480641218623
1.0733040031656214
-0.23154325503024523
0.01994442742574379
0.02331001524745746
0.0005468390580846724
-0.04347962318132314
-0.030955601156558613
-0.00030246917885208373
0.028037561561827587
-0.06375069196753766
-0.02311298627974759
0.0003469406865795786
0.03634401000232791
0.013163980489615347
0.0005161941615822012
1.349012884185211
0.015317178292279042
-0.0014547221781569444
-1.0740865953757965
-0.010969491251097155
-0.0010722274115926237
1.2831905047518881
-0.0003255271055317576
-0.01082164231083145
-0.9749981112372987
-5.7509831706022535e-05
1.1844809548132735
-0.0006785277872262356
-0.0003329632166741255
-0.5593601637391433
0.24136489911685854
0.01262330524997115
0.0004351765498555871
0.20317774184561982
0.000324476703823281
0.08989981785234977
0.0
0.0
0.0
0.0
0.0
0.0
0.0
0.0
0.0
0.0
0.0
0.0
0.0
0.0
0.0
0.0
0.0
0.0
0.0
0.0
0.0
0.0
0.0
0.0
0.0
0.0
0.0
0.0
0.0
0.0
0.0
0.0
0.0
0.0
0.0
0.0
0.0
0.0
0.0
0.0
0.0
0.0
0.0
0.0
0.0
0.0
0.0
0.0
0.0
0.0
0.0
0.0
0.0
0.0
0.0
0.0
0.0
0.0
0.0
0.0
0.0
0.0
0.0
0.0
0.0
0.0
0.0
0.0
0.0
0.0
0.0
0.0
0.0
0.0
0.0
0.0
0.0
0.0
0.0
0.0
0.0
0.0
0.0
0.0
0.0
0.0
0.0
0.0
0.0
0.0
0.0
0.0
0.0
0.0
0.0
0.0
0.0
0.0
0.0
0.0
0.0
0.0
0.0
0.0
0.0
0.0
0.0
0.0
0.0
0.0
0.0
0.0
0.0
0.0
0.0
0.0
0.0
0.0
0.0
0.0
0.0
0.0
0.0
0.0
0.0
0.0
0.0
0.0
0.0
0.0
0.0
0.0
0.0
0.0
0.0
1.0698155072883961
-0.22899374175099207
0.03223602943334315
0.02143408308188417
0.0023292692883404706
-0.04669681530489872
-0.029307955009016284
-0.00448416953601782
0.026616175836884925
-0.04468371952883014
-0.022884641112480432
-0.005938008984987288
0.03254840586867668
0.012518885857246368
0.0002447940466397343
1.3290055150496753
0.015439752469289404
-0.011159402912493224
-1.0667857488985595
-0.013308573053413026
0.010156479034473113
1.2675892531318569
-0.0004991120501304086
-0.013148277842047792
-0.9496575173913357
-0.0002906171428866327
1.1663186900981635
0.009914716960845508
-0.0003414888889751255
-0.5458760879381797
0.23737168412874038
0.014875166621548206
-0.0036509468985313435
0.19843497518681374
0.00014838594865860958
0.09308341727776918
0.0
0.0
0.0
0.0
0.0
0.0
0.0
0.0
0.0
0.0
0.0
0.0
0.0
0.0
0.0
0.0
0.0
0.0
0.0
0.0
0.0
0.0
0.0
0.0
0.0
0.0
0.0
0.0
0.0
0.0
0.0
0.0
0.0
0.0
0.0
0.0
0.0
0.0
0.0
0.0
0.0
0.0
0.0
0.0
0.0
0.0
0.0
0.0
0.0
0.0
0.0
0.0
0.0
0.0
0.0
0.0
0.0
0.0
0.0
0.0
0.0
0.0
0.0
0.0
0.0
0.0
0.0
0.0
0.0
0.0
0.0
0.0
0.0
0.0
0.0
0.0
0.0
0.0
0.0
0.0
0.0
0.0
0.0
0.0
0.0
0.0
0.0
0.0
0.0
0.0
0.0
0.0
0.0
0.0
0.0
0.0
0.0
0.0
0.0
0.0
0.0
0.0
0.0
0.0
0.0
0.0
0.0
0.0
0.0
0.0
0.0
0.0
0.0
0.0
0.0
0.0
0.0
0.0
0.0
0.0
0.0
0.0
0.0
0.0
0.0
0.0
0.0
0.0
0.0
0.0
0.0
0.0
0.0
0.0
0.0
1.0732477141866148
-0.23077444352872878
0.018371960544246765
-0.02235891367742454
-0.004918855264392063
-0.04190306307256078
0.029639018366684845
0.007773203330076072
0.027832169502601145
-0.063359823667101
0.021813310380046514
0.0074610988827923524
0.036050170012517355
-0.012558966628667064
-0.0030293365829920514
1.351679756010982
-0.017714260331449894
0.004757262930461379
-1.07276632890758
0.013399517419734348
-0.0110098640348649
1.2849014862434127
-7.738306380052925e-05
0.01328755429217612
-0.9692126841059152
0.0003481439812292481
1.1851321259596452
-0.012719458991465891
0.0003995456906814277
-0.557123608863948
0.24074974937386023
-0.014211649790730196
0.006373097267853213
0.2009730444330665
0.00018643183015199029
0.08936511764320648
0.0
0.0
0.0
0.0
0.0
0.0
0.0
0.0
0.0
0.0
0.0
0.0
0.0
0.0
0.0
0.0
0.0
0.0
0.0
0.0
0.0
0.0
0.0
0.0
0.0
0.0
0.0
0.0
0.0
0.0
0.0
0.0
0.0
0.0
0.0
0.0
0.0
0.0
0.0
0.0
0.0
0.0
0.0
0.0
0.0
0.0
0.0
0.0
0.0
0.0
0.0
0.0
0.0
0.0
0.0
0.0
0.0
0.0
0.0
0.0
0.0
0.0
0.0
0.0
0.0
0.0
0.0
0.0
0.0
0.0
0.0
0.0
0.0
0.0
0.0
0.0
0.0
0.0
0.0
0.0
0.0
0.0
0.0
0.0
0.0
0.0
0.0
0.0
0.0
0.0
0.0
0.0
0.0
0.0
0.0
0.0
0.0
0.0
0.0
0.0
0.0
0.0
0.0
0.0
0.0
0.0
0.0
0.0
0.0
0.0
0.0
0.0
0.0
0.0
0.0
0.0
0.0
0.0
0.0
0.0
0.0
0.0
0.0
0.0
0.0
0.0
0.0
0.0
0.0
0.0
0.0
0.0
0.0
0.0
0.0
1.0727260092782307
-0.23866005516153643
0.02582486669800631
-0.02086058293370187
-0.00015610454925351898
-0.03544254769229007
0.027813988535355938
-0.006411822673965542
0.029896500347936596
-0.03165387786653061
0.02048273897898036
-0.017266541710574387
0.020335237740750668
-0.011878719358343715
0.0014337751815396535
1.3326387355701703
-0.018831381462596296
0.012303485799164866
-1.1241283866259255
0.01818368046232542
0.009317869873155294
1.274859926315613
0.0002418427584036882
0.017858085825754908
-0.9674983615236991
0.0001836604390280395
1.12672161792568
0.013075133465502726
0.00016499472694347353
-0.595439483908105
0.26278237580766656
-0.017113275250866363
-0.003745340434004979
0.2037562428706727
-0.0004215318458936497
0.10234903363483422
0.0
0.0
0.0
0.0
0.0
0.0
0.0
0.0
0.0
0.0
0.0
0.0
0.0
0.0
0.0
0.0
0.0
0.0
0.0
0.0
0.0
0.0
0.0
0.0
0.0
0.0
0.0
0.0
0.0
0.0
0.0
0.0
0.0
0.0
0.0
0.0
0.0
0.0
0.0
0.0
0.0
0.0
0.0
0.0
0.0
0.0
0.0
0.0
0.0
0.0
0.0
0.0
0.0
0.0
0.0
0.0
0.0
0.0
0.0
0.0
0.0
0.0
0.0
0.0
0.0
0.0
0.0
0.0
0.0
0.0
0.0
0.0
0.0
0.0
0.0
0.0
0.0
0.0
0.0
0.0
0.0
0.0
0.0
0.0
0.0
0.0
0.0
0.0
0.0
0.0
0.0
0.0
0.0
0.0
0.0
0.0
0.0
0.0
0.0
0.0
0.0
0.0
0.0
0.0
0.0
0.0
0.0
0.0
0.0
0.0
0.0
0.0
0.0
0.0
0.0
0.0
0.0
0.0
0.0
0.0
0.0
0.0
0.0
0.0
0.0
0.0
0.0
0.0
0.0
0.0
0.0
0.0
0.0
0.0
0.0
1.0496437489351624
-0.15166034427792252
-0.13268516346214235
0.022765528931872628
0.0007573771896739161
0.2035711781861247
-0.030681105149586118
-0.0009621304104038075
0.02170296679238431
0.20714009762680735
-0.023278754754396926
-0.0020278469934949888
-0.08632841526147464
0.011957525903201571
0.0011827821835149524
1.151302691110568
-0.013650009240682263
0.00046350471961090277
-0.6345822019016727
0.0155396341867544
0.004055774541325286
1.1907749720381713
0.00011035030850641432
0.01632726228955899
-0.8028961665203538
0.00018451552589750133
1.1085617520438358
0.005759855166106297
0.00022431033586555078
-0.3987704117066216
0.11729334662865112
-0.01641928602618843
-0.002212395843183483
0.14887993515434694
0.00016278209233915394
0.05649072775061567
0.0
0.0
0.0
0.0
0.0
0.0
0.0
0.0
0.0
0.0
0.0
0.0
0.0
0.0
0.0
0.0
0.0
0.0
0.0
0.0
0.0
0.0
0.0
0.0
0.0
0.0
0.0
0.0
0.0
0.0
0.0
0.0
0.0
0.0
0.0
0.0
0.0
0.0
0.0
0.0
0.0
0.0
0.0
0.0
0.0
0.0
0.0
0.0
0.0
0.0
0.0
0.0
0.0
0.0
0.0
0.0
0.0
0.0
0.0
0.0
0.0
0.0
0.0
0.0
0.0
0.0
0.0
0.0
0.0
0.0
0.0
0.0
0.0
0.0
0.0
0.0
0.0
0.0
0.0
0.0
0.0
0.0
0.0
0.0
0.0
0.0
0.0
0.0
0.0
0.0
0.0
0.0
0.0
0.0
0.0
0.0
0.0
0.0
0.0
0.0
0.0
0.0
0.0
0.0
0.0
0.0
0.0
0.0
0.0
0.0
0.0
0.0
0.0
0.0
0.0
0.0
0.0
0.0
0.0
0.0
0.0
0.0
0.0
0.0
0.0
0.0
0.0
0.0
0.0
0.0
0.0
0.0
0.0
0.0
0.0
1.04897633467941
-0.1488036296313269
-0.1322217825801416
0.022866985729216506
-0.00044051503667112896
0.20153539292008316
-0.03080110494044137
0.000773568534814592
0.02126924871958968
0.20280254978449408
-0.02347174898863362
0.0002185319265196016
-0.08402856508545814
0.012008639940673676
-0.0006361719598505376
1.1535251944304359
-0.011596529221333685
0.00107534065121082
-0.6228662225484236
0.015625523470868593
5.20970112395588e-06
1.19580494287252
-0.00130759070585155
0.016450760265583245
-0.7900424549893643
-0.0012519151419597033
1.1105872670749994
0.0007305105116078934
-0.002136222232164024
-0.38212524511095325
0.1140870401556095
-0.016612914284067824
0.00027161348123501904
0.1446394293344943
0.00024308201509412846
0.054186768447870834
0.0
0.0
0.0
0.0
0.0
0.0
0.0
0.0
0.0
0.0
0.0
0.0
0.0
0.0
0.0
0.0
0.0
0.0
0.0
0.0
0.0
0.0
0.0
0.0
0.0
0.0
0.0
0.0
0.0
0.0
0.0
0.0
0.0
0.0
0.0
0.0
0.0
0.0
0.0
0.0
0.0
0.0
0.0
0.0
0.0
0.0
0.0
0.0
0.0
0.0
0.0
0.0
0.0
0.0
0.0
0.0
0.0
0.0
0.0
0.0
0.0
0.0
0.0
0.0
0.0
0.0
0.0
0.0
0.0
0.0
0.0
0.0
0.0
0.0
0.0
0.0
0.0
0.0
0.0
0.0
0.0
0.0
0.0
0.0
0.0
0.0
0.0
0.0
0.0
0.0
0.0
0.0
0.0
0.0
0.0
0.0
0.0
0.0
0.0
0.0
0.0
0.0
0.0
0.0
0.0
0.0
0.0
0.0
0.0
0.0
0.0
0.0
0.0
0.0
0.0
0.0
0.0
0.0
0.0
0.0
0.0
0.0
0.0
0.0
0.0
0.0
0.0
0.0
0.0
0.0
0.0
0.0
0.0
0.0
0.0
1.0498264516883187
-0.15275722323390084
-0.13269773829671982
-0.0226808371010265
-0.0020811341973047673
0.2037000005360775
0.030647462982416288
0.003187671698766029
0.021721543558663053
0.2076957687161991
0.02306362662084098
0.0025837758677350617
-0.08674600961720022
-0.011908214447892394
-0.0008034890178108829
1.152198424037004
0.014135660884308541
0.00033472161256392944
-0.6384203549544976
-0.014999248102189455
0.0009991068554932507
1.1928903354546865
-0.0005512917482842267
-0.015819428276839548
-0.8008527193542747
-0.00047382626783678113
1.106179962737241
0.0017450020700632695
-0.0006932672892379026
-0.41180853252274796
0.11824962797340258
0.016235856851542968
2.4788134965802424e-05
0.1482369818660723
0.00021401803947357101
0.05835572330689712
0.0
0.0
0.0
0.0
0.0
0.0
0.0
0.0
0.0
0.0
0.0
0.0
0.0
0.0
0.0
0.0
0.0
0.0
0.0
0.0
0.0
0.0
0.0
0.0
0.0
0.0
0.0
0.0
0.0
0.0
0.0
0.0
0.0
0.0
0.0
0.0
0.0
0.0
0.0
0.0
0.0
0.0
0.0
0.0
0.0
0.0
0.0
0.0
0.0
0.0
0.0
0.0
0.0
0.0
0.0
0.0
0.0
0.0
0.0
0.0
0.0
0.0
0.0
0.0
0.0
0.0
0.0
0.0
0.0
0.0
0.0
0.0
0.0
0.0
0.0
0.0
0.0
0.0
0.0
0.0
0.0
0.0
0.0
0.0
0.0
0.0
0.0
0.0
0.0
0.0
0.0
0.0
0.0
0.0
0.0
0.0
0.0
0.0
0.0
0.0
0.0
0.0
0.0
0.0
0.0
0.0
0.0
0.0
0.0
0.0
0.0
0.0
0.0
0.0
0.0
0.0
0.0
0.0
0.0
0.0
0.0
0.0
0.0
0.0
0.0
0.0
0.0
0.0
0.0
0.0
0.0
0.0
0.0
0.0
0.0
1.0498252135045962
-0.15179542018275666
-0.13371498752509098
-0.02284615570838577
0.002024187488332387
0.2032014648909158
0.030721289466968667
-0.00320342112175016
0.021689711806667594
0.20905782629403963
0.023389262246141858
-0.002543649061316976
-0.0873452758381482
-0.012181210679078876
0.0007216627500588797
1.1545766012476162
0.012285978659124754
-0.0011338657909607545
-0.6503628919394071
-0.016058561131822465
-0.0012632782806319947
1.199604361065453
0.00029196082257554876
-0.016613811678888757
-0.7981932381785066
0.0005997500185050901
1.1092786266216725
-0.0019885591754909317
0.0008503938006312412
-0.38981427499230514
0.12044392373694328
0.017135812158011406
9.671891717345917e-05
0.14683751355783914
-0.00014026497677311465
0.055210239295945714
0.0
0.0
0.0
0.0
0.0
0.0
0.0
0.0
0.0
0.0
0.0
0.0
0.0
0.0
0.0
0.0
0.0
0.0
0.0
0.0
0.0
0.0
0.0
0.0
0.0
0.0
0.0
0.0
0.0
0.0
0.0
0.0
0.0
0.0
0.0
0.0
0.0
0.0
0.0
0.0
0.0
0.0
0.0
0.0
0.0
0.0
0.0
0.0
0.0
0.0
0.0
0.0
0.0
0.0
0.0
0.0
0.0
0.0
0.0
0.0
0.0
0.0
0.0
0.0
0.0
0.0
0.0
0.0
0.0
0.0
0.0
0.0
0.0
0.0
0.0
0.0
0.0
0.0
0.0
0.0
0.0
0.0
0.0
0.0
0.0
0.0
0.0
0.0
0.0
0.0
0.0
0.0
0.0
0.0
0.0
0.0
0.0
0.0
0.0
0.0
0.0
0.0
0.0
0.0
0.0
0.0
0.0
0.0
0.0
0.0
0.0
0.0
0.0
0.0
0.0
0.0
0.0
0.0
0.0
0.0
0.0
0.0
0.0
0.0
0.0
0.0
0.0
0.0
0.0
0.0
0.0
0.0
0.0
0.0
0.0
1.0784350460336718
-0.24494499064816405
0.0014764378270124472
0.023522604944237163
0.0327713376022173
-0.006878811702761774
-0.017210185732223937
-0.03457960721409262
0.02796699992559379
-0.014337384716873115
0.011152929742144425
-0.014468140886237227
0.00024901341718935546
0.000186338088730273
0.013170220161070157
1.1951076730795913
0.0013936719856599503
0.007195502033175684
-0.6378078690658862
0.00046023655113908564
-0.02226608983191492
1.3332260080943321
0.01953041797962289
-0.00012806741009663687
-0.9729899435229389
0.010885052301478694
1.3844144840971961
-0.01903995710708355
0.009948935253873203
-1.1547539320066196
0.10218223041296923
-0.0004983474926396961
0.008559642704519498
0.19588884765892564
-0.0038542527376034287
0.26719827282766323
0.0
0.0
0.0
0.0
0.0
0.0
0.0
0.0
0.0
0.0
0.0
0.0
0.0
0.0
0.0
0.0
0.0
0.0
0.0
0.0
0.0
0.0
0.0
0.0
0.0
0.0
0.0
0.0
0.0
0.0
0.0
0.0
0.0
0.0
0.0
0.0
0.0
0.0
0.0
0.0
0.0
0.0
0.0
0.0
0.0
0.0
0.0
0.0
0.0
0.0
0.0
0.0
0.0
0.0
0.0
0.0
0.0
0.0
0.0
0.0
0.0
0.0
0.0
0.0
0.0
0.0
0.0
0.0
0.0
0.0
0.0
0.0
0.0
0.0
0.0
0.0
0.0
0.0
0.0
0.0
0.0
0.0
0.0
0.0
0.0
0.0
0.0
0.0
0.0
0.0
0.0
0.0
0.0
0.0
0.0
0.0
0.0
0.0
0.0
0.0
0.0
0.0
0.0
0.0
0.0
0.0
0.0
0.0
0.0
0.0
0.0
0.0
0.0
0.0
0.0
0.0
0.0
0.0
0.0
0.0
0.0
0.0
0.0
0.0
0.0
0.0
0.0
0.0
0.0
0.0
0.0
0.0
0.0
0.0
0.0
1.0767242345762926
-0.24859522564887826
0.0015738741058628387
-0.01675866780374271
0.024077356228089444
-0.006982361914751237
0.02500336274088999
-0.03214594629193533
0.028346345826490975
-0.01513577177029613
0.022755990515220294
-0.028242872557525098
0.0008563175320678067
-0.012505381541487656
0.01572788468525377
1.1767836598087271
-0.003951784787869414
0.010627652009584373
-0.6409860176554976
9.105733812687553e-05
-0.021539246718865195
1.3156785503991744
-0.008502376930332707
0.0003612592794949813
-0.9982612667949383
0.013592364390264584
1.370406212940852
-0.018616232142321755
0.013652313368584443
-1.1642012082030209
0.10559555013587116
-1.434119205632625e-05
0.008744536307614828
0.20727498762432128
-0.015505766197652007
0.2703928573086326
0.0
0.0
0.0
0.0
0.0
0.0
0.0
0.0
0.0
0.0
0.0
0.0
0.0
0.0
0.0
0.0
0.0
0.0
0.0
0.0
0.0
0.0
0.0
0.0
0.0
0.0
0.0
0.0
0.0
0.0
0.0
0.0
0.0
0.0
0.0
0.0
0.0
0.0
0.0
0.0
0.0
0.0
0.0
0.0
0.0
0.0
0.0
0.0
0.0
0.0
0.0
0.0
0.0
0.0
0.0
0.0
0.0
0.0
0.0
0.0
0.0
0.0
0.0
0.0
0.0
0.0
0.0
0.0
0.0
0.0
0.0
0.0
0.0
0.0
0.0
0.0
0.0
0.0
0.0
0.0
0.0
0.0
0.0
0.0
0.0
0.0
0.0
0.0
0.0
0.0
0.0
0.0
0.0
0.0
0.0
0.0
0.0
0.0
0.0
0.0
0.0
0.0
0.0
0.0
0.0
0.0
0.0
0.0
0.0
0.0
0.0
0.0
0.0
0.0
0.0
0.0
0.0
0.0
0.0
0.0
0.0
0.0
0.0
0.0
0.0
0.0
0.0
0.0
0.0
0.0
0.0
0.0
0.0
0.0
0.0
1.0705959631237991
-0.2223172372658338
0.0004085996216301956
-0.023296799041920217
0.05677022309838175
-0.005949888895228986
0.017731821152495546
-0.06758978929636882
0.024919783702982253
-0.013592189671064105
-0.009859563270676556
-0.04054960961624607
-0.0008390797482286386
-0.000934766178156891
0.027255391127696357
1.1785318211757128
-0.001471878930621555
0.007983924173144235
-0.5426012068684087
-0.0014467709521937327
-0.02063363310065367
1.3104343177718323
-0.02099815777033937
-0.00048250331550581333
-0.9099385677533357
-0.0095863101869517
1.346830561225683
-0.017572179640033547
-0.008662670181178209
-1.0558816077864142
0.08714034844862976
0.0008350342586528386
0.007112141316088108
0.178789691860322
0.0023937859479003986
0.23263886777715773
0.0
0.0
0.0
0.0
0.0
0.0
0.0
0.0
0.0
0.0
0.0
0.0
0.0
0.0
0.0
0.0
0.0
0.0
0.0
0.0
0.0
0.0
0.0
0.0
0.0
0.0
0.0
0.0
0.0
0.0
0.0
0.0
0.0
0.0
0.0
0.0
0.0
0.0
0.0
0.0
0.0
0.0
0.0
0.0
0.0
0.0
0.0
0.0
0.0
0.0
0.0
0.0
0.0
0.0
0.0
0.0
0.0
0.0
0.0
0.0
0.0
0.0
0.0
0.0
0.0
0.0
0.0
0.0
0.0
0.0
0.0
0.0
0.0
0.0
0.0
0.0
0.0
0.0
0.0
0.0
0.0
0.0
0.0
0.0
0.0
0.0
0.0
0.0
0.0
0.0
0.0
0.0
0.0
0.0
0.0
0.0
0.0
0.0
0.0
0.0
0.0
0.0
0.0
0.0
0.0
0.0
0.0
0.0
0.0
0.0
0.0
0.0
0.0
0.0
0.0
0.0
0.0
0.0
0.0
0.0
0.0
0.0
0.0
0.0
0.0
0.0
0.0
0.0
0.0
0.0
0.0
0.0
0.0
0.0
0.0
1.0700858278840197
-0.23135556154926692
0.0006009114557855126
0.016349446864495645
0.048918338503123056
-0.006820438610601503
-0.024869340605206208
-0.06637323615843409
0.025780646689834708
-0.017099746941225437
-0.0232242713633913
-0.05574128832310814
0.0002315343668953599
0.012184050244772662
0.03087311219314012
1.1550779592152676
0.0054923826448834735
0.011690708703959652
-0.5806753307931607
0.00032187997693317434
-0.021433385016271095
1.2934594087951363
0.007279320822135141
1.7801943776835235e-05
-0.9544608311493767
-0.014085738460385664
1.3328025737460794
-0.018218891783457803
-0.01394195416213936
-1.082602242499267
0.09565829361218821
-0.00034721504193774993
0.008126690808964146
0.1960485822188085
0.015774393280740734
0.2414599468463508
0.0
0.0
0.0
0.0
0.0
0.0
0.0
0.0
0.0
0.0
0.0
0.0
0.0
0.0
0.0
0.0
0.0
0.0
0.0
0.0
0.0
0.0
0.0
0.0
0.0
0.0
0.0
0.0
0.0
0.0
0.0
0.0
0.0
0.0
0.0
0.0
0.0
0.0
0.0
0.0
0.0
0.0
0.0
0.0
0.0
0.0
0.0
0.0
0.0
0.0
0.0
0.0
0.0
0.0
0.0
0.0
0.0
0.0
0.0
0.0
0.0
0.0
0.0
0.0
0.0
0.0
0.0
0.0
0.0
0.0
0.0
0.0
0.0
0.0
0.0
0.0
0.0
0.0
0.0
0.0
0.0
0.0
0.0
0.0
0.0
0.0
0.0
0.0
0.0
0.0
0.0
0.0
0.0
0.0
0.0
0.0
0.0
0.0
0.0
0.0
0.0
0.0
0.0
0.0
0.0
0.0
0.0
0.0
0.0
0.0
0.0
0.0
0.0
0.0
0.0
0.0
0.0
0.0
0.0
0.0
0.0
0.0
0.0
0.0
0.0
0.0
0.0
0.0
0.0
0.0
0.0
0.0
0.0
0.0
0.0
1.07807482962267
-0.24347810091611588
0.0007085690831883473
0.024093279188610837
-0.03129692852466676
-0.005816746520383915
-0.018341736714970434
0.032033582987907844
0.027778946246013726
-0.013212284815436539
0.009754103789715725
0.01164379513642692
0.0007080484210796813
0.0010357107501481131
-0.011451767586244957
1.197431319148527
0.0016394629499142486
-0.008578707095905257
-0.625926894699743
0.0002827938448921628
0.022469999936483267
1.333474816848578
-0.019415270365284714
-0.0003859843937476765
-0.9666894622550817
-0.007531044881694154
1.3829627295224258
0.01949585729975505
-0.0069066972271655085
-1.152057874987312
0.10057537553441982
-0.0008119861626580363
-0.008437488337861912
0.193633996607665
0.0016605325989754853
0.2664808273906852
0.0
0.0
0.0
0.0
0.0
0.0
0.0
0.0
0.0
0.0
0.0
0.0
0.0
0.0
0.0
0.0
0.0
0.0
0.0
0.0
0.0
0.0
0.0
0.0
0.0
0.0
0.0
0.0
0.0
0.0
0.0
0.0
0.0
0.0
0.0
0.0
0.0
0.0
0.0
0.0
0.0
0.0
0.0
0.0
0.0
0.0
0.0
0.0
0.0
0.0
0.0
0.0
0.0
0.0
0.0
0.0
0.0
0.0
0.0
0.0
0.0
0.0
0.0
0.0
0.0
0.0
0.0
0.0
0.0
0.0
0.0
0.0
0.0
0.0
0.0
0.0
0.0
0.0
0.0
0.0
0.0
0.0
0.0
0.0
0.0
0.0
0.0
0.0
0.0
0.0
0.0
0.0
0.0
0.0
0.0
0.0
0.0
0.0
0.0
0.0
0.0
0.0
0.0
0.0
0.0
0.0
0.0
0.0
0.0
0.0
0.0
0.0
0.0
0.0
0.0
0.0
0.0
0.0
0.0
0.0
0.0
0.0
0.0
0.0
0.0
0.0
0.0
0.0
0.0
0.0
0.0
0.0
0.0
0.0
0.0
1.0764674284729399
-0.24753165904897034
0.002647810402270289
-0.01661353269723051
-0.02447463168149856
-0.008354090170301469
0.024467250143964774
0.033551619260581866
0.02831378383138947
-0.016131405677473835
0.02182337762516169
0.03068920062544398
0.0007001559014503831
-0.012292104185709328
-0.016817868026905974
1.174477447839065
-0.00110308733121192
-0.007379063817699204
-0.6380507799726545
0.0017082007026592264
0.022227296052514348
1.3137186552859248
0.008015517629153033
0.0016181656859697259
-0.9954306153008547
-0.014851283969759281
1.370379692149385
0.01869883967698675
-0.014829141698616969
-1.1593499448002393
0.10502175412598894
-0.0008729470955200383
-0.00951721393832247
0.20638052140214438
0.016189370258749888
0.2684163799047118
0.0
0.0
0.0
0.0
0.0
0.0
0.0
0.0
0.0
0.0
0.0
0.0
0.0
0.0
0.0
0.0
0.0
0.0
0.0
0.0
0.0
0.0
0.0
0.0
0.0
0.0
0.0
0.0
0.0
0.0
0.0
0.0
0.0
0.0
0.0
0.0
0.0
0.0
0.0
0.0
0.0
0.0
0.0
0.0
0.0
0.0
0.0
0.0
0.0
0.0
0.0
0.0
0.0
0.0
0.0
0.0
0.0
0.0
0.0
0.0
0.0
0.0
0.0
0.0
0.0
0.0
0.0
0.0
0.0
0.0
0.0
0.0
0.0
0.0
0.0
0.0
0.0
0.0
0.0
0.0
0.0
0.0
0.0
0.0
0.0
0.0
0.0
0.0
0.0
0.0
0.0
0.0
0.0
0.0
0.0
0.0
0.0
0.0
0.0
0.0
0.0
0.0
0.0
0.0
0.0
0.0
0.0
0.0
0.0
0.0
0.0
0.0
0.0
0.0
0.0
0.0
0.0
0.0
0.0
0.0
0.0
0.0
0.0
0.0
0.0
0.0
0.0
0.0
0.0
0.0
0.0
0.0
0.0
0.0
0.0
1.0714209655148577
-0.22577873346416977
0.00025389394123887833
-0.02264335208773146
-0.05757788675827461
-0.005889109998601497
0.016136046717695154
0.0677948691055333
0.02517580631082982
-0.014286663770627657
-0.012265928113177168
0.039401601580054305
-0.0002879824550124495
2.5001097998830323e-06
-0.027113621224983384
1.177922632012606
-0.0007303129069274503
-0.009769379432915254
-0.5622150623851753
-0.0013391689450269978
0.02098101418943632
1.3129352507287284
0.02053468438783105
-0.0004080284445234848
-0.9218902820504458
0.010604393085065522
1.348002003743219
0.017995271922547226
0.009693047855072036
-1.0673126919749834
0.08918265266074449
0.0007698463152320184
-0.007448309517118677
0.18246651931355334
-0.0034264737485978653
0.2368437906679422
0.0
0.0
0.0
0.0
0.0
0.0
0.0
0.0
0.0
0.0
0.0
0.0
0.0
0.0
0.0
0.0
0.0
0.0
0.0
0.0
0.0
0.0
0.0
0.0
0.0
0.0
0.0
0.0
0.0
0.0
0.0
0.0
0.0
0.0
0.0
0.0
0.0
0.0
0.0
0.0
0.0
0.0
0.0
0.0
0.0
0.0
0.0
0.0
0.0
0.0
0.0
0.0
0.0
0.0
0.0
0.0
0.0
0.0
0.0
0.0
0.0
0.0
0.0
0.0
0.0
0.0
0.0
0.0
0.0
0.0
0.0
0.0
0.0
0.0
0.0
0.0
0.0
0.0
0.0
0.0
0.0
0.0
0.0
0.0
0.0
0.0
0.0
0.0
0.0
0.0
0.0
0.0
0.0
0.0
0.0
0.0
0.0
0.0
0.0
0.0
0.0
0.0
0.0
0.0
0.0
0.0
0.0
0.0
0.0
0.0
0.0
0.0
0.0
0.0
0.0
0.0
0.0
0.0
0.0
0.0
0.0
0.0
0.0
0.0
0.0
0.0
0.0
0.0
0.0
0.0
0.0
0.0
0.0
0.0
0.0
1.0698619964621163
-0.23036253055763764
0.0013745534305718778
0.016202476215357895
-0.04901843938813159
-0.007748814221431309
-0.024580916566725557
0.06725368504320772
0.02574636835207315
-0.01756340134462571
-0.022846763372388782
0.057625136943285374
0.0002839686106062184
0.01209256345002276
-0.03173475339640648
1.1542925846730705
0.0035265860977015933
-0.008528120676521884
-0.5772566151566374
-0.0007220019278121753
0.022720951043799814
1.2914858439653956
-0.0073370397420929
-0.0008124659969476371
-0.9517128708581439
0.015017838993569368
1.3330045935686516
0.01886167232019808
0.0148245267956151
-1.0787124777120147
0.09519079976924327
0.0003364951818750413
-0.008816754718853438
0.195193708913347
-0.01632595502819347
0.23985397242435524
0.0
0.0
0.0
0.0
0.0
0.0
0.0
0.0
0.0
0.0
0.0
0.0
0.0
0.0
0.0
0.0
0.0
0.0
0.0
0.0
0.0
0.0
0.0
0.0
0.0
0.0
0.0
0.0
0.0
0.0
0.0
0.0
0.0
0.0
0.0
0.0
0.0
0.0
0.0
0.0
0.0
0.0
0.0
0.0
0.0
0.0
0.0
0.0
0.0
0.0
0.0
0.0
0.0
0.0
0.0
0.0
0.0
0.0
0.0
0.0
0.0
0.0
0.0
0.0
0.0
0.0
0.0
0.0
0.0
0.0
0.0
0.0
0.0
0.0
0.0
0.0
0.0
0.0
0.0
0.0
0.0
0.0
0.0
0.0
0.0
0.0
0.0
0.0
0.0
0.0
0.0
0.0
0.0
0.0
0.0
0.0
0.0
0.0
0.0
0.0
0.0
0.0
0.0
0.0
0.0
0.0
0.0
0.0
0.0
0.0
0.0
0.0
0.0
0.0
0.0
0.0
0.0
0.0
0.0
0.0
0.0
0.0
0.0
0.0
0.0
0.0
0.0
0.0
0.0
0.0
0.0
0.0
0.0
0.0
0.0
1.0784724188061818
-0.2568646247435878
0.010299918587360419
0.002555603809960752
-0.008200319498123866
-0.006199938288863707
-0.0037858301371914236
0.016927397117520466
0.028130831448482715
0.003821498412228475
-0.0038119504927966626
0.024501871067916077
0.014424286906872526
0.001537122670505056
-0.005752069751337842
1.367364368668528
-0.0049269842492870785
-0.018908997966331845
-1.2082034209043675
0.0070541130277829225
0.008235733017918658
1.3129776025255822
0.0009221997331167288
0.006927986662173935
-1.035567612171109
-0.0009306704043259684
1.1693210515266041
0.006513429643246036
-0.000940569924376069
-0.6407036830477727
0.2871207483439444
-0.004783433838853602
-0.0017596293970946544
0.22278585287972427
0.00042168171636095664
0.11527004600869853
0.0
0.0
0.0
0.0
0.0
0.0
0.0
0.0
0.0
0.0
0.0
0.0
0.0
0.0
0.0
0.0
0.0
0.0
0.0
0.0
0.0
0.0
0.0
0.0
0.0
0.0
0.0
0.0
0.0
0.0
0.0
0.0
0.0
0.0
0.0
0.0
0.0
0.0
0.0
0.0
0.0
0.0
0.0
0.0
0.0
0.0
0.0
0.0
0.0
0.0
0.0
0.0
0.0
0.0
0.0
0.0
0.0
0.0
0.0
0.0
0.0
0.0
0.0
0.0
0.0
0.0
0.0
0.0
0.0
0.0
0.0
0.0
0.0
0.0
0.0
0.0
0.0
0.0
0.0
0.0
0.0
0.0
0.0
0.0
0.0
0.0
0.0
0.0
0.0
0.0
0.0
0.0
0.0
0.0
0.0
0.0
0.0
0.0
0.0
0.0
0.0
0.0
0.0
0.0
0.0
0.0
0.0
0.0
0.0
0.0
0.0
0.0
0.0
0.0
0.0
0.0
0.0
0.0
0.0
0.0
0.0
0.0
0.0
0.0
0.0
0.0
0.0
0.0
0.0
0.0
0.0
0.0
0.0
0.0
0.0
1.0682972588554254
-0.22420775731820952
0.03937156480253172
0.00688054970674341
-0.005139667458266148
-0.05156920228121313
-0.010368655087841416
0.006111904308510111
0.02283817959176101
-0.04149263869081362
-0.010521047860482973
0.0019135371050849562
0.03235015630781696
0.004649087496630211
-0.002452360911647193
1.3312857038483847
-0.00552180482126674
0.0015409177401187468
-1.0329465387993157
0.004549582780511488
-0.017337678206116244
1.2895880441064214
-0.00085203552874986
0.0044153550498008485
-0.9575256969861801
0.0004257396057576066
1.201663411657994
-0.020725950558068765
0.0007919394285886784
-0.491736759906915
0.2250945912558786
-0.0013441693288733106
0.006392356411785931
0.19555801917715682
-0.0004022318689671982
0.09035724284479443
0.0
0.0
0.0
0.0
0.0
0.0
0.0
0.0
0.0
0.0
0.0
0.0
0.0
0.0
0.0
0.0
0.0
0.0
0.0
0.0
0.0
0.0
0.0
0.0
0.0
0.0
0.0
0.0
0.0
0.0
0.0
0.0
0.0
0.0
0.0
0.0
0.0
0.0
0.0
0.0
0.0
0.0
0.0
0.0
0.0
0.0
0.0
0.0
0.0
0.0
0.0
0.0
0.0
0.0
0.0
0.0
0.0
0.0
0.0
0.0
0.0
0.0
0.0
0.0
0.0
0.0
0.0
0.0
0.0
0.0
0.0
0.0
0.0
0.0
0.0
0.0
0.0
0.0
0.0
0.0
0.0
0.0
0.0
0.0
0.0
0.0
0.0
0.0
0.0
0.0
0.0
0.0
0.0
0.0
0.0
0.0
0.0
0.0
0.0
0.0
0.0
0.0
0.0
0.0
0.0
0.0
0.0
0.0
0.0
0.0
0.0
0.0
0.0
0.0
0.0
0.0
0.0
0.0
0.0
0.0
0.0
0.0
0.0
0.0
0.0
0.0
0.0
0.0
0.0
0.0
0.0
0.0
0.0
0.0
0.0
1.0779993802179721
-0.23041174839167694
-0.12102511224321573
0.0032661677585139356
-0.009915666714220006
0.1404461509197958
-0.004551072680461623
0.015965745111276
0.028497208165383432
0.07619506121027228
-0.004240846672901906
0.016480621863647495
-0.04718663332869699
0.0015446603848834495
-0.00501401934681689
1.426351626496445
-0.007512487579223622
0.00368416958267867
-1.2150630433822172
0.008179559296803834
-0.0013604269128868326
1.2674888341512278
4.0639437216895746e-05
0.008175800894211625
-0.8629557542014925
0.002677128865300302
1.189124827378625
-0.0015347993404557338
0.0029108384116645486
-0.5906297257901953
0.29741342679603444
-0.005542552345723704
0.002818287853316627
0.1672129223661286
-0.001358524113910907
0.09687737050744173
0.0
0.0
0.0
0.0
0.0
0.0
0.0
0.0
0.0
0.0
0.0
0.0
0.0
0.0
0.0
0.0
0.0
0.0
0.0
0.0
0.0
0.0
0.0
0.0
0.0
0.0
0.0
0.0
0.0
0.0
0.0
0.0
0.0
0.0
0.0
0.0
0.0
0.0
0.0
0.0
0.0
0.0
0.0
0.0
0.0
0.0
0.0
0.0
0.0
0.0
0.0
0.0
0.0
0.0
0.0
0.0
0.0
0.0
0.0
0.0
0.0
0.0
0.0
0.0
0.0
0.0
0.0
0.0
0.0
0.0
0.0
0.0
0.0
0.0
0.0
0.0
0.0
0.0
0.0
0.0
0.0
0.0
0.0
0.0
0.0
0.0
0.0
0.0
0.0
0.0
0.0
0.0
0.0
0.0
0.0
0.0
0.0
0.0
0.0
0.0
0.0
0.0
0.0
0.0
0.0
0.0
0.0
0.0
0.0
0.0
0.0
0.0
0.0
0.0
0.0
0.0
0.0
0.0
0.0
0.0
0.0
0.0
0.0
0.0
0.0
0.0
0.0
0.0
0.0
0.0
0.0
0.0
0.0
0.0
0.0
1.0736232303969673
-0.2354590323590637
-0.07602128215832958
-0.002014133878962485
0.003683236431622241
0.10026161180419449
0.0035998394800444465
-0.006558852309669663
0.02533117575313333
0.07764597896417721
0.004452759558354943
-0.009521025867375774
-0.03338222809381651
-0.0021913158075213004
0.0019348471341088358
1.3779620757839144
0.007053864705285756
0.015196480918188756
-1.1971509962869193
-0.007120282924369191
-0.01141668044321736
1.2597526247151576
-0.0038921924852481117
-0.00694471082325376
-0.8493117848211872
-0.003539972182634698
1.075152922539513
-0.010980532873262965
-0.004155999298313919
-0.6249140820271325
0.2816409309965555
0.00401032447253293
0.005028298213063139
0.17221038161508956
0.0007321040214862328
0.1123376399431297
0.0
0.0
0.0
0.0
0.0
0.0
0.0
0.0
0.0
0.0
0.0
0.0
0.0
0.0
0.0
0.0
0.0
0.0
0.0
0.0
0.0
0.0
0.0
0.0
0.0
0.0
0.0
0.0
0.0
0.0
0.0
0.0
0.0
0.0
0.0
0.0
0.0
0.0
0.0
0.0
0.0
0.0
0.0
0.0
0.0
0.0
0.0
0.0
0.0
0.0
0.0
0.0
0.0
0.0
0.0
0.0
0.0
0.0
0.0
0.0
0.0
0.0
0.0
0.0
0.0
0.0
0.0
0.0
0.0
0.0
0.0
0.0
0.0
0.0
0.0
0.0
0.0
0.0
0.0
0.0
0.0
0.0
0.0
0.0
0.0
0.0
0.0
0.0
0.0
0.0
0.0
0.0
0.0
0.0
0.0
0.0
0.0
0.0
0.0
0.0
0.0
0.0
0.0
0.0
0.0
0.0
0.0
0.0
0.0
0.0
0.0
0.0
0.0
0.0
0.0
0.0
0.0
0.0
0.0
0.0
0.0
0.0
0.0
0.0
0.0
0.0
0.0
0.0
0.0
0.0
0.0
0.0
0.0
0.0
0.0
1.0722572231303562
-0.23271975340869097
-0.030897208737091078
0.002362645271237556
-0.004149579977859137
0.041261382116775595
-0.0035502445562316004
0.006792950262713621
0.026376560546658726
0.037658308291767945
-0.0032915364885102404
0.007876804804594227
-0.025251741775094413
0.0007672621690831845
-0.001106524822781426
1.33273573360376
-0.003742307209468168
0.010750789435603536
-1.08429070787833
0.003204132494640231
-0.00847133849498928
1.282325651426055
-0.000964718176293508
0.0032621238540537635
-0.9734157992584092
-0.0007463447836342293
1.1269031940730216
-0.007077808309158468
-0.0009773689667849086
-0.5390266921284164
0.24768901895697987
-0.0016148581069085738
0.002600892379649197
0.20123611441234565
0.0007560263924653945
0.10489811564557186
0.0
0.0
0.0
0.0
0.0
0.0
0.0
0.0
0.0
0.0
0.0
0.0
0.0
0.0
0.0
0.0
0.0
0.0
0.0
0.0
0.0
0.0
0.0
0.0
0.0
0.0
0.0
0.0
0.0
0.0
0.0
0.0
0.0
0.0
0.0
0.0
0.0
0.0
0.0
0.0
0.0
0.0
0.0
0.0
0.0
0.0
0.0
0.0
0.0
0.0
0.0
0.0
0.0
0.0
0.0
0.0
0.0
0.0
0.0
0.0
0.0
0.0
0.0
0.0
0.0
0.0
0.0
0.0
0.0
0.0
0.0
0.0
0.0
0.0
0.0
0.0
0.0
0.0
0.0
0.0
0.0
0.0
0.0
0.0
0.0
0.0
0.0
0.0
0.0
0.0
0.0
0.0
0.0
0.0
0.0
0.0
0.0
0.0
0.0
0.0
0.0
0.0
0.0
0.0
0.0
0.0
0.0
0.0
0.0
0.0
0.0
0.0
0.0
0.0
0.0
0.0
0.0
0.0
0.0
0.0
0.0
0.0
0.0
0.0
0.0
0.0
0.0
0.0
0.0
0.0
0.0
0.0
0.0
0.0
0.0
1.0721514126668494
-0.23667244789235628
-0.009109795659007101
-0.001909223755521222
0.0032241505025020433
-0.0015289149403282173
0.0016685317818412228
-0.011313746371429862
0.024923652296278055
-0.018286565609171912
-0.0001187525749805692
-0.021648105655104596
-0.005255964293695281
-0.00010519771219813065
0.0028132723682422114
1.3261260494486165
0.004173488938490718
-0.015050022517212795
-1.1240003954869393
-0.00388373458486596
0.014660718111336011
1.2867131100579097
-0.0002662735684685742
-0.004053870689776844
-0.9478100104897427
0.0010876157372038484
1.1842645562971095
0.014323094890841477
0.0015403706159481667
-0.5655840777204639
0.25914085802133524
0.0024256555542349744
-0.005128312170146209
0.18928467191825332
-0.0005039994326791494
0.09747018598478588
0.0
0.0
0.0
0.0
0.0
0.0
0.0
0.0
0.0
0.0
0.0
0.0
0.0
0.0
0.0
0.0
0.0
0.0
0.0
0.0
0.0
0.0
0.0
0.0
0.0
0.0
0.0
0.0
0.0
0.0
0.0
0.0
0.0
0.0
0.0
0.0
0.0
0.0
0.0
0.0
0.0
0.0
0.0
0.0
0.0
0.0
0.0
0.0
0.0
0.0
0.0
0.0
0.0
0.0
0.0
0.0
0.0
0.0
0.0
0.0
0.0
0.0
0.0
0.0
0.0
0.0
0.0
0.0
0.0
0.0
0.0
0.0
0.0
0.0
0.0
0.0
0.0
0.0
0.0
0.0
0.0
0.0
0.0
0.0
0.0
0.0
0.0
0.0
0.0
0.0
0.0
0.0
0.0
0.0
0.0
0.0
0.0
0.0
0.0
0.0
0.0
0.0
0.0
0.0
0.0
0.0
0.0
0.0
0.0
0.0
0.0
0.0
0.0
0.0
0.0
0.0
0.0
0.0
0.0
0.0
0.0
0.0
0.0
0.0
0.0
0.0
0.0
0.0
0.0
0.0
0.0
0.0
0.0
0.0
0.0
1.0732159961128578
-0.23084667488354274
0.0038738503521925025
0.0030001092935947058
-0.003072527706044188
0.012037825214836529
-0.0039013508266385133
0.004612540098461626
0.025314281247944388
0.0357740999669469
-0.0030701376064551727
0.0035205357048925866
-0.02357948701092073
0.0018669399131705385
-0.0015347591795604777
1.3598800789464711
-0.002421513925129121
0.004673326024076876
-1.0751010266970935
0.005504856229161997
-0.008706401420439063
1.2866622160201722
-0.000218658508798108
0.005545673732162496
-0.9705657777529493
0.0021071209225124662
1.1802192248800016
-0.008611602256826226
0.0026501059087619167
-0.539665725115833
0.23825094778449035
-0.0035743267357666235
0.0040519514770213675
0.20078108514004467
-0.0011202635306926778
0.0939165453312501
0.0
0.0
0.0
0.0
0.0
0.0
0.0
0.0
0.0
0.0
0.0
0.0
0.0
0.0
0.0
0.0
0.0
0.0
0.0
0.0
0.0
0.0
0.0
0.0
0.0
0.0
0.0
0.0
0.0
0.0
0.0
0.0
0.0
0.0
0.0
0.0
0.0
0.0
0.0
0.0
0.0
0.0
0.0
0.0
0.0
0.0
0.0
0.0
0.0
0.0
0.0
0.0
0.0
0.0
0.0
0.0
0.0
0.0
0.0
0.0
0.0
0.0
0.0
0.0
0.0
0.0
0.0
0.0
0.0
0.0
0.0
0.0
0.0
0.0
0.0
0.0
0.0
0.0
0.0
0.0
0.0
0.0
0.0
0.0
0.0
0.0
0.0
0.0
0.0
0.0
0.0
0.0
0.0
0.0
0.0
0.0
0.0
0.0
0.0
0.0
0.0
0.0
0.0
0.0
0.0
0.0
0.0
0.0
0.0
0.0
0.0
0.0
0.0
0.0
0.0
0.0
0.0
0.0
0.0
0.0
0.0
0.0
0.0
0.0
0.0
0.0
0.0
0.0
0.0
0.0
0.0
0.0
0.0
0.0
0.0
1.0649668434649517
-0.2165711433220227
-0.016198500494675125
-0.001687892180916418
0.004650030319143503
0.01685407393589198
0.0023882594862428795
-0.009471786945852812
0.022568205084167473
0.009144110999951875
0.0022391488322423265
-0.012862424033557657
-0.011935356532595805
-0.0008921621494804145
0.0031867725184900495
1.3101066011182443
0.000666537372223903
-0.007562676163580062
-1.0381181790137295
-0.003052990594077403
0.012862661741332753
1.2576441558801976
0.00031131628270443675
-0.0032539517690856157
-0.8749855239987473
-0.0007117316865231288
1.1607519426313253
0.01279460834685232
-0.0011270425075525937
-0.5065804618244104
0.22653555978405543
0.0023929661173579826
-0.006123155240086479
0.17215671684965506
0.00040608576274391483
0.08509800871828546
0.0
0.0
0.0
0.0
0.0
0.0
0.0
0.0
0.0
0.0
0.0
0.0
0.0
0.0
0.0
0.0
0.0
0.0
0.0
0.0
0.0
0.0
0.0
0.0
0.0
0.0
0.0
0.0
0.0
0.0
0.0
0.0
0.0
0.0
0.0
0.0
0.0
0.0
0.0
0.0
0.0
0.0
0.0
0.0
0.0
0.0
0.0
0.0
0.0
0.0
0.0
0.0
0.0
0.0
0.0
0.0
0.0
0.0
0.0
0.0
0.0
0.0
0.0
0.0
0.0
0.0
0.0
0.0
0.0
0.0
0.0
0.0
0.0
0.0
0.0
0.0
0.0
0.0
0.0
0.0
0.0
0.0
0.0
0.0
0.0
0.0
0.0
0.0
0.0
0.0
0.0
0.0
0.0
0.0
0.0
0.0
0.0
0.0
0.0
0.0
0.0
0.0
0.0
0.0
0.0
0.0
0.0
0.0
0.0
0.0
0.0
0.0
0.0
0.0
0.0
0.0
0.0
0.0
0.0
0.0
0.0
0.0
0.0
0.0
0.0
0.0
0.0
0.0
0.0
0.0
0.0
0.0
0.0
0.0
0.0
1.0803972371325634
-0.24345733210192283
-0.0060221272877567815
0.012390006523778828
0.046624508263894464
0.010244979036830894
-0.014429591110987022
-0.05108406122375364
0.029042499765243333
0.011558102470197163
-0.007587332426546782
-0.023544455393920895
-0.003986691874149516
0.005028850077970449
0.015331935890217942
1.196681336483013
0.00015017535283557294
-0.021859055138283928
-0.621965683091759
0.005161503914503169
0.017757226105476694
1.346204478124294
0.01339211502966732
0.0050255337668362095
-0.9635443189905367
-0.01861352461606127
1.3931168384390489
0.017810315058283205
-0.018795176779292246
-1.1624101863651308
0.10148232744047045
-0.0017869946367939536
-0.010854396490456405
0.19671049165246235
0.012274377530275805
0.2676848830469317
0.0
0.0
0.0
0.0
0.0
0.0
0.0
0.0
0.0
0.0
0.0
0.0
0.0
0.0
0.0
0.0
0.0
0.0
0.0
0.0
0.0
0.0
0.0
0.0
0.0
0.0
0.0
0.0
0.0
0.0
0.0
0.0
0.0
0.0
0.0
0.0
0.0
0.0
0.0
0.0
0.0
0.0
0.0
0.0
0.0
0.0
0.0
0.0
0.0
0.0
0.0
0.0
0.0
0.0
0.0
0.0
0.0
0.0
0.0
0.0
0.0
0.0
0.0
0.0
0.0
0.0
0.0
0.0
0.0
0.0
0.0
0.0
0.0
0.0
0.0
0.0
0.0
0.0
0.0
0.0
0.0
0.0
0.0
0.0
0.0
0.0
0.0
0.0
0.0
0.0
0.0
0.0
0.0
0.0
0.0
0.0
0.0
0.0
0.0
0.0
0.0
0.0
0.0
0.0
0.0
0.0
0.0
0.0
0.0
0.0
0.0
0.0
0.0
0.0
0.0
0.0
0.0
0.0
0.0
0.0
0.0
0.0
0.0
0.0
0.0
0.0
0.0
0.0
0.0
0.0
0.0
0.0
0.0
0.0
0.0
1.0674341890655725
-0.22207165641536603
9.149374912287067e-05
0.01932509459762316
0.04188652492397269
-0.000934962353795256
-0.02887913359474393
-0.05484520864463814
0.025436267183079612
-0.002835244678947711
-0.028347884918337608
-0.042028427124797256
0.00018233589938851388
0.015502315682277909
0.030891627579436337
1.0009311145723645
0.0031787598860960726
-0.011650814265880289
-0.5428112786533559
-0.0014513053889360682
-0.0011936317585729862
1.2762004214906222
0.016046719215272003
-0.001439068423817311
-0.9222832999304351
-0.05046251291320703
1.319185797501413
0.00026634564907646686
-0.04949978259443066
-1.0166748575543776
0.102463637681894
-0.00016373719709411374
0.0022285553613820416
0.18689195032301698
0.032700858588365134
0.22379115333031308
0.0
0.0
0.0
0.0
0.0
0.0
0.0
0.0
0.0
0.0
0.0
0.0
0.0
0.0
0.0
0.0
0.0
0.0
0.0
0.0
0.0
0.0
0.0
0.0
0.0
0.0
0.0
0.0
0.0
0.0
0.0
0.0
0.0
0.0
0.0
0.0
0.0
0.0
0.0
0.0
0.0
0.0
0.0
0.0
0.0
0.0
0.0
0.0
0.0
0.0
0.0
0.0
0.0
0.0
0.0
0.0
0.0
0.0
0.0
0.0
0.0
0.0
0.0
0.0
0.0
0.0
0.0
0.0
0.0
0.0
0.0
0.0
0.0
0.0
0.0
0.0
0.0
0.0
0.0
0.0
0.0
0.0
0.0
0.0
0.0
0.0
0.0
0.0
0.0
0.0
0.0
0.0
0.0
0.0
0.0
0.0
0.0
0.0
0.0
0.0
0.0
0.0
0.0
0.0
0.0
0.0
0.0
0.0
0.0
0.0
0.0
0.0
0.0
0.0
0.0
0.0
0.0
0.0
0.0
0.0
0.0
0.0
0.0
0.0
0.0
0.0
0.0
0.0
0.0
0.0
0.0
0.0
0.0
0.0
0.0
1.0794758261780024
-0.24118871558965935
-0.013950148018137348
-0.013854137831997806
0.03484683664992049
0.021505828331105696
0.017293682072844374
-0.0362945699743108
0.028726293894959263
0.021536829010176894
0.011596454420335373
-0.013242431659028081
-0.007667474137988035
-0.00568835892180454
0.008698168039674985
1.180253804490902
0.0022537362650612734
-0.01953583223213791
-0.6104940544799662
-0.005192148455608647
0.016226616018312424
1.3355410441028308
-0.00991201611332444
-0.005005575258960237
-0.941069742941117
0.01491315795843257
1.3923924213245993
0.016755518048315876
0.01510202903375522
-1.1672252498408977
0.09980254595470692
0.0023466399383648626
-0.010713372354833469
0.19047078870045397
-0.009915651662554294
0.26904591835014346
0.0
0.0
0.0
0.0
0.0
0.0
0.0
0.0
0.0
0.0
0.0
0.0
0.0
0.0
0.0
0.0
0.0
0.0
0.0
0.0
0.0
0.0
0.0
0.0
0.0
0.0
0.0
0.0
0.0
0.0
0.0
0.0
0.0
0.0
0.0
0.0
0.0
0.0
0.0
0.0
0.0
0.0
0.0
0.0
0.0
0.0
0.0
0.0
0.0
0.0
0.0
0.0
0.0
0.0
0.0
0.0
0.0
0.0
0.0
0.0
0.0
0.0
0.0
0.0
0.0
0.0
0.0
0.0
0.0
0.0
0.0
0.0
0.0
0.0
0.0
0.0
0.0
0.0
0.0
0.0
0.0
0.0
0.0
0.0
0.0
0.0
0.0
0.0
0.0
0.0
0.0
0.0
0.0
0.0
0.0
0.0
0.0
0.0
0.0
0.0
0.0
0.0
0.0
0.0
0.0
0.0
0.0
0.0
0.0
0.0
0.0
0.0
0.0
0.0
0.0
0.0
0.0
0.0
0.0
0.0
0.0
0.0
0.0
0.0
0.0
0.0
0.0
0.0
0.0
0.0
0.0
0.0
0.0
0.0
0.0
1.0690914632314272
-0.22439617154825303
-0.0045385701542617445
-0.02992078304218801
0.04894647484814256
0.005035717859502724
0.04168023154357157
-0.0643148250325116
0.025864058076293987
0.0024182691235961175
0.036403535932321714
-0.04986989218610223
-0.0019948729554527304
-0.019839686676271208
0.035177907105214
0.9827218193419406
0.00017693584015653248
-0.008632647385220432
-0.5435415219497184
-5.3884164418956126e-05
-0.004466681755924662
1.282942056164884
-0.0320413520051913
-0.00036915398856730326
-0.9286028176325622
0.07071045827503254
1.330788320367172
-0.003284325891929326
0.06986327693309019
-1.0347743501764324
0.10425017221226424
0.000982250518691941
0.0018040904183416761
0.19058128800093505
-0.043350620840525926
0.230499068386752
0.0
0.0
0.0
0.0
0.0
0.0
0.0
0.0
0.0
0.0
0.0
0.0
0.0
0.0
0.0
0.0
0.0
0.0
0.0
0.0
0.0
0.0
0.0
0.0
0.0
0.0
0.0
0.0
0.0
0.0
0.0
0.0
0.0
0.0
0.0
0.0
0.0
0.0
0.0
0.0
0.0
0.0
0.0
0.0
0.0
0.0
0.0
0.0
0.0
0.0
0.0
0.0
0.0
0.0
0.0
0.0
0.0
0.0
0.0
0.0
0.0
0.0
0.0
0.0
0.0
0.0
0.0
0.0
0.0
0.0
0.0
0.0
0.0
0.0
0.0
0.0
0.0
0.0
0.0
0.0
0.0
0.0
0.0
0.0
0.0
0.0
0.0
0.0
0.0
0.0
0.0
0.0
0.0
0.0
0.0
0.0
0.0
0.0
0.0
0.0
0.0
0.0
0.0
0.0
0.0
0.0
0.0
0.0
0.0
0.0
0.0
0.0
0.0
0.0
0.0
0.0
0.0
0.0
0.0
0.0
0.0
0.0
0.0
0.0
0.0
0.0
0.0
0.0
0.0
0.0
0.0
0.0
0.0
0.0
0.0
1.0736447557444428
-0.21946971523738523
-0.0004082543477575222
-0.024907902635096683
-0.09876814685737448
0.00024563202680941447
0.029750758878928824
0.11938017117044655
0.02611333785427067
6.21776037081282e-05
0.016823916850802298
0.07480791624453663
-0.0009446662489172065
-0.011474574919922929
-0.04469505705281154
1.193607871486559
0.0005261302924909977
0.006768033607674182
-0.5364863806346974
0.0007702945041822791
-0.01226703300934169
1.3392212814846114
0.02943046289348122
0.0006659530117655691
-0.9419519623514321
-0.031285782996028945
1.342296688033386
-0.011952882689811605
-0.03140417944910307
-1.013108328578658
0.08192826940393648
-0.0003220152948053358
0.005485568148700364
0.1881625392623799
0.022517970113093817
0.21561378675201015
0.0
0.0
0.0
0.0
0.0
0.0
0.0
0.0
0.0
0.0
0.0
0.0
0.0
0.0
0.0
0.0
0.0
0.0
0.0
0.0
0.0
0.0
0.0
0.0
0.0
0.0
0.0
0.0
0.0
0.0
0.0
0.0
0.0
0.0
0.0
0.0
0.0
0.0
0.0
0.0
0.0
0.0
0.0
0.0
0.0
0.0
0.0
0.0
0.0
0.0
0.0
0.0
0.0
0.0
0.0
0.0
0.0
0.0
0.0
0.0
0.0
0.0
0.0
0.0
0.0
0.0
0.0
0.0
0.0
0.0
0.0
0.0
0.0
0.0
0.0
0.0
0.0
0.0
0.0
0.0
0.0
0.0
0.0
0.0
0.0
0.0
0.0
0.0
0.0
0.0
0.0
0.0
0.0
0.0
0.0
0.0
0.0
0.0
0.0
0.0
0.0
0.0
0.0
0.0
0.0
0.0
0.0
0.0
0.0
0.0
0.0
0.0
0.0
0.0
0.0
0.0
0.0
0.0
0.0
0.0
0.0
0.0
0.0
0.0
0.0
0.0
0.0
0.0
0.0
0.0
0.0
0.0
0.0
0.0
0.0
1.0735480010952942
-0.23818053599513533
0.007799983167676586
-0.006971168378383956
0.05700089222711743
-0.007602752293495814
0.006310009842823507
-0.06956014862797608
0.027889751057316947
-0.0020184496820205735
0.0014923747132714667
-0.04512054685982492
0.0028240862696183736
0.0017229903180994862
0.02444097386289603
1.0341755681709532
0.006438172171432505
0.02494881541631474
-0.6258950975525224
0.0026993158060019317
-0.002160175549812536
1.2605165570284944
0.00900572778664274
0.0019862319988617665
-0.8606206156503289
0.014996192249348176
1.3781976685169877
-0.004512317758207358
0.014563798951795711
-1.2005672013658262
0.11568249398158857
-0.00042534478400969416
0.0024279554646879833
0.17550859725642007
-0.012350305736889151
0.2869734084493062
0.0
0.0
0.0
0.0
0.0
0.0
0.0
0.0
0.0
0.0
0.0
0.0
0.0
0.0
0.0
0.0
0.0
0.0
0.0
0.0
0.0
0.0
0.0
0.0
0.0
0.0
0.0
0.0
0.0
0.0
0.0
0.0
0.0
0.0
0.0
0.0
0.0
0.0
0.0
0.0
0.0
0.0
0.0
0.0
0.0
0.0
0.0
0.0
0.0
0.0
0.0
0.0
0.0
0.0
0.0
0.0
0.0
0.0
0.0
0.0
0.0
0.0
0.0
0.0
0.0
0.0
0.0
0.0
0.0
0.0
0.0
0.0
0.0
0.0
0.0
0.0
0.0
0.0
0.0
0.0
0.0
0.0
0.0
0.0
0.0
0.0
0.0
0.0
0.0
0.0
0.0
0.0
0.0
0.0
0.0
0.0
0.0
0.0
0.0
0.0
0.0
0.0
0.0
0.0
0.0
0.0
0.0
0.0
0.0
0.0
0.0
0.0
0.0
0.0
0.0
0.0
0.0
0.0
0.0
0.0
0.0
0.0
0.0
0.0
0.0
0.0
0.0
0.0
0.0
0.0
0.0
0.0
0.0
0.0
0.0
1.0725419589188996
-0.21580472711154305
-0.006460911371849924
0.011466445437651905
-0.09524676559595555
0.009392576974605465
-0.014407420366953588
0.11487497875237318
0.02549230805260566
0.008277615616108173
-0.009688615074729404
0.07151068633031468
-0.0034039090359424613
0.005337637412228741
-0.042555302734663736
1.1841554671145957
-0.0009596188762001507
0.008922691092807973
-0.507947109866056
-0.00016458227379518474
-0.01331711220307176
1.3346845702631405
-0.008898538631210305
-2.2319849642320666e-05
-0.9296291913546924
0.009137284697825244
1.3395249727492007
-0.01278714147271021
0.009120618073602031
-1.00415068465604
0.07710970802122503
0.00015958500349640738
0.007565407944150017
0.18424020667110536
-0.007152798473174739
0.21171053253319544
0.0
0.0
0.0
0.0
0.0
0.0
0.0
0.0
0.0
0.0
0.0
0.0
0.0
0.0
0.0
0.0
0.0
0.0
0.0
0.0
0.0
0.0
0.0
0.0
0.0
0.0
0.0
0.0
0.0
0.0
0.0
0.0
0.0
0.0
0.0
0.0
0.0
0.0
0.0
0.0
0.0
0.0
0.0
0.0
0.0
0.0
0.0
0.0
0.0
0.0
0.0
0.0
0.0
0.0
0.0
0.0
0.0
0.0
0.0
0.0
0.0
0.0
0.0
0.0
0.0
0.0
0.0
0.0
0.0
0.0
0.0
0.0
0.0
0.0
0.0
0.0
0.0
0.0
0.0
0.0
0.0
0.0
0.0
0.0
0.0
0.0
0.0
0.0
0.0
0.0
0.0
0.0
0.0
0.0
0.0
0.0
0.0
0.0
0.0
0.0
0.0
0.0
0.0
0.0
0.0
0.0
0.0
0.0
0.0
0.0
0.0
0.0
0.0
0.0
0.0
0.0
0.0
0.0
0.0
0.0
0.0
0.0
0.0
0.0
0.0
0.0
0.0
0.0
0.0
0.0
0.0
0.0
0.0
0.0
0.0
1.0743615507060373
-0.2389711613133852
0.0023798548672321574
-0.00044259653314934224
0.051709571710792844
-0.0017018280981837837
0.0040762621967895644
-0.06169122984139966
0.028341888677198373
0.0013756694116135858
0.007476627379882664
-0.03706003495139003
0.00043417572323823793
-0.005439239125941646
0.02096640496953742
1.031265382234221
0.001821773004940754
0.013349887041723024
-0.6204544418771873
0.0006245970872110091
-0.0004387377338073992
1.2652362400959052
-0.0028045848522505103
0.00035119445477758277
-0.861938018697457
-0.023494140748252124
1.3867573197135918
-0.0016523120949288135
-0.023318585499445963
-1.2100489100742655
0.11456294535885742
0.0001578103972543693
0.0020375190066438433
0.17711872298609668
0.01737079758265448
0.29035518424650963
0.0
0.0
0.0
0.0
0.0
0.0
0.0
0.0
0.0
0.0
0.0
0.0
0.0
0.0
0.0
0.0
0.0
0.0
0.0
0.0
0.0
0.0
0.0
0.0
0.0
0.0
0.0
0.0
0.0
0.0
0.0
0.0
0.0
0.0
0.0
0.0
0.0
0.0
0.0
0.0
0.0
0.0
0.0
0.0
0.0
0.0
0.0
0.0
0.0
0.0
0.0
0.0
0.0
0.0
0.0
0.0
0.0
0.0
0.0
0.0
0.0
0.0
0.0
0.0
0.0
0.0
0.0
0.0
0.0
0.0
0.0
0.0
0.0
0.0
0.0
0.0
0.0
0.0
0.0
0.0
0.0
0.0
0.0
0.0
0.0
0.0
0.0
0.0
0.0
0.0
0.0
0.0
0.0
0.0
0.0
0.0
0.0
0.0
0.0
0.0
0.0
0.0
0.0
0.0
0.0
0.0
0.0
0.0
0.0
0.0
0.0
0.0
0.0
0.0
0.0
0.0
0.0
0.0
0.0
0.0
0.0
0.0
0.0
0.0
0.0
0.0
0.0
0.0
0.0
0.0
0.0
0.0
0.0
0.0
0.0
1.0748494918841325
-0.20697385251013795
0.18888302257576745
-0.10054020730492941
0.009906678500878861
-0.26044194312007307
0.11984537598593978
-0.013922087180247705
0.03006526637075261
-0.22661912488481223
0.0681389251011803
-0.011847105284464136
0.11941794868382077
-0.05715691741117028
0.005803662413412919
1.247656056071503
-0.10410285847185441
0.01189313127194696
-0.8524235385215173
0.09107753931064537
-0.01184854451858548
1.35016356626795
-0.02023392297272976
0.08862688948955778
-1.090180880214495
0.019117069356444374
1.1549803803889094
-0.011966704582093597
0.02007552807956456
-0.595569356416615
0.18018195823874583
-0.08058026172628457
0.008572011454407018
0.25240163988479536
-0.0133168006479049
0.09363065254723006
0.0
0.0
0.0
0.0
0.0
0.0
0.0
0.0
0.0
0.0
0.0
0.0
0.0
0.0
0.0
0.0
0.0
0.0
0.0
0.0
0.0
0.0
0.0
0.0
0.0
0.0
0.0
0.0
0.0
0.0
0.0
0.0
0.0
0.0
0.0
0.0
0.0
0.0
0.0
0.0
0.0
0.0
0.0
0.0
0.0
0.0
0.0
0.0
0.0
0.0
0.0
0.0
0.0
0.0
0.0
0.0
0.0
0.0
0.0
0.0
0.0
0.0
0.0
0.0
0.0
0.0
0.0
0.0
0.0
0.0
0.0
0.0
0.0
0.0
0.0
0.0
0.0
0.0
0.0
0.0
0.0
0.0
0.0
0.0
0.0
0.0
0.0
0.0
0.0
0.0
0.0
0.0
0.0
0.0
0.0
0.0
0.0
0.0
0.0
0.0
0.0
0.0
0.0
0.0
0.0
0.0
0.0
0.0
0.0
0.0
0.0
0.0
0.0
0.0
0.0
0.0
0.0
0.0
0.0
0.0
0.0
0.0
0.0
0.0
0.0
0.0
0.0
0.0
0.0
0.0
0.0
0.0
0.0
0.0
0.0
1.067050104145915
-0.1784214650770491
0.18575523271136832
-0.1271155992335946
-0.014915930223356903
-0.25234128652722376
0.1625911240344819
0.02058506464986534
0.02764245933229933
-0.20798776052770357
0.11727095708662312
0.01771612645413135
0.11076314879533432
-0.07767073111080473
-0.008775725436293654
1.236480342136094
-0.12018933111589605
-0.019094244752300153
-0.7641311660754714
0.14783507579082716
0.020531025123101905
1.3071680958064023
0.024673649706030726
0.14705438305522434
-0.9341622148713715
-0.02695191200859004
1.1350832309477519
0.020942895040718286
-0.027783239647145574
-0.5329388252292826
0.16308454626605384
-0.11982599070651861
-0.013657892789571916
0.2051018474706257
0.018500932741537943
0.08030224082571409
0.0
0.0
0.0
0.0
0.0
0.0
0.0
0.0
0.0
0.0
0.0
0.0
0.0
0.0
0.0
0.0
0.0
0.0
0.0
0.0
0.0
0.0
0.0
0.0
0.0
0.0
0.0
0.0
0.0
0.0
0.0
0.0
0.0
0.0
0.0
0.0
0.0
0.0
0.0
0.0
0.0
0.0
0.0
0.0
0.0
0.0
0.0
0.0
0.0
0.0
0.0
0.0
0.0
0.0
0.0
0.0
0.0
0.0
0.0
0.0
0.0
0.0
0.0
0.0
0.0
0.0
0.0
0.0
0.0
0.0
0.0
0.0
0.0
0.0
0.0
0.0
0.0
0.0
0.0
0.0
0.0
0.0
0.0
0.0
0.0
0.0
0.0
0.0
0.0
0.0
0.0
0.0
0.0
0.0
0.0
0.0
0.0
0.0
0.0
0.0
0.0
0.0
0.0
0.0
0.0
0.0
0.0
0.0
0.0
0.0
0.0
0.0
0.0
0.0
0.0
0.0
0.0
0.0
0.0
0.0
0.0
0.0
0.0
0.0
0.0
0.0
0.0
0.0
0.0
0.0
0.0
0.0
0.0
0.0
0.0
1.0742420591374473
-0.20209535944079188
0.19990778482300792
0.10377244823510315
0.0073764897507773205
-0.27388604001755523
-0.12488857902250178
-0.00940481108282673
0.03130500385188478
-0.23590900123281583
-0.07341615689454603
-0.007116117161632272
0.12639342728522007
0.05935377229866147
0.00436002860816306
1.2566008889488867
0.11665727670664924
0.00820925287345972
-0.8768149741632378
-0.10090416662498689
-0.00935566969323073
1.3379064461200068
0.01796293603057983
-0.09800294340054663
-1.0613162056775072
-0.018172958635581028
1.1434323088842553
-0.009795916046707799
-0.01866662845844591
-0.5706555682134077
0.1889881490102413
0.08965896253206943
0.007364226672816249
0.2454597882118332
0.011288808336639483
0.09126492093362673
0.0
0.0
0.0
0.0
0.0
0.0
0.0
0.0
0.0
0.0
0.0
0.0
0.0
0.0
0.0
0.0
0.0
0.0
0.0
0.0
0.0
0.0
0.0
0.0
0.0
0.0
0.0
0.0
0.0
0.0
0.0
0.0
0.0
0.0
0.0
0.0
0.0
0.0
0.0
0.0
0.0
0.0
0.0
0.0
0.0
0.0
0.0
0.0
0.0
0.0
0.0
0.0
0.0
0.0
0.0
0.0
0.0
0.0
0.0
0.0
0.0
0.0
0.0
0.0
0.0
0.0
0.0
0.0
0.0
0.0
0.0
0.0
0.0
0.0
0.0
0.0
0.0
0.0
0.0
0.0
0.0
0.0
0.0
0.0
0.0
0.0
0.0
0.0
0.0
0.0
0.0
0.0
0.0
0.0
0.0
0.0
0.0
0.0
0.0
0.0
0.0
0.0
0.0
0.0
0.0
0.0
0.0
0.0
0.0
0.0
0.0
0.0
0.0
0.0
0.0
0.0
0.0
0.0
0.0
0.0
0.0
0.0
0.0
0.0
0.0
0.0
0.0
0.0
0.0
0.0
0.0
0.0
0.0
0.0
0.0
1.069401106449845
-0.18508014924805524
0.1773226980716777
0.11824853418573181
-0.015106713693754548
-0.24089486123132975
-0.15104767158286653
0.020198302316710992
0.02905877911821177
-0.1994791439035309
-0.10598895631015531
0.015795886905615928
0.10346272347687364
0.07180899938610731
-0.008615829277680558
1.2332484013413096
0.0897521614704514
-0.017774014887217082
-0.7605858562043573
-0.10535388717751698
0.01684231642903881
1.339447644231594
-0.030362244496337787
-0.10447057676334992
-0.9971543268618497
0.03069848960740982
1.136443552681286
0.01735050900905363
0.031934221555949625
-0.5204249722959589
0.15657744434510387
0.09548680194934256
-0.012615606468312396
0.2262855640542859
-0.02030001125227593
0.08295430401771113
0.0
0.0
0.0
0.0
0.0
0.0
0.0
0.0
0.0
0.0
0.0
0.0
0.0
0.0
0.0
0.0
0.0
0.0
0.0
0.0
0.0
0.0
0.0
0.0
0.0
0.0
0.0
0.0
0.0
0.0
0.0
0.0
0.0
0.0
0.0
0.0
0.0
0.0
0.0
0.0
0.0
0.0
0.0
0.0
0.0
0.0
0.0
0.0
0.0
0.0
0.0
0.0
0.0
0.0
0.0
0.0
0.0
0.0
0.0
0.0
0.0
0.0
0.0
0.0
0.0
0.0
0.0
0.0
0.0
0.0
0.0
0.0
0.0
0.0
0.0
0.0
0.0
0.0
0.0
0.0
0.0
0.0
0.0
0.0
0.0
0.0
0.0
0.0
0.0
0.0
0.0
0.0
0.0
0.0
0.0
0.0
0.0
0.0
0.0
0.0
0.0
0.0
0.0
0.0
0.0
0.0
0.0
0.0
0.0
0.0
0.0
0.0
0.0
0.0
0.0
0.0
0.0
0.0
0.0
0.0
0.0
0.0
0.0
0.0
0.0
0.0
0.0
0.0
0.0
0.0
0.0
0.0
0.0
0.0
0.0
1.0766299793648688
-0.24131478698582345
0.028382639228636673
0.021285213387736847
0.019885326023576785
-0.017381925850485737
-0.04360635902249663
-0.03087182801067085
0.02732215073976476
0.020039702874027808
-0.06145579076014476
-0.029852399792192147
-0.009770388888154558
0.022635121198313374
0.011653256085517916
1.3919938724925824
0.02441304604181538
-0.0004232207986777166
-1.169721844154954
0.016914557270611405
0.008137422396400893
1.2654027440610203
-0.007193401441202066
0.018015909537089394
-0.9380016609364907
0.0021586481409652638
1.204663375609669
0.006777451997670263
0.004706310510304802
-0.6368310654692728
0.2687411149223735
-0.01338525446625968
-0.004833075657172608
0.18742938020137828
-0.0016151367913413454
0.09927605306690682
0.0
0.0
0.0
0.0
0.0
0.0
0.0
0.0
0.0
0.0
0.0
0.0
0.0
0.0
0.0
0.0
0.0
0.0
0.0
0.0
0.0
0.0
0.0
0.0
0.0
0.0
0.0
0.0
0.0
0.0
0.0
0.0
0.0
0.0
0.0
0.0
0.0
0.0
0.0
0.0
0.0
0.0
0.0
0.0
0.0
0.0
0.0
0.0
0.0
0.0
0.0
0.0
0.0
0.0
0.0
0.0
0.0
0.0
0.0
0.0
0.0
0.0
0.0
0.0
0.0
0.0
0.0
0.0
0.0
0.0
0.0
0.0
0.0
0.0
0.0
0.0
0.0
0.0
0.0
0.0
0.0
0.0
0.0
0.0
0.0
0.0
0.0
0.0
0.0
0.0
0.0
0.0
0.0
0.0
0.0
0.0
0.0
0.0
0.0
0.0
0.0
0.0
0.0
0.0
0.0
0.0
0.0
0.0
0.0
0.0
0.0
0.0
0.0
0.0
0.0
0.0
0.0
0.0
0.0
0.0
0.0
0.0
0.0
0.0
0.0
0.0
0.0
0.0
0.0
0.0
0.0
0.0
0.0
0.0
0.0
1.0679293018490679
-0.21619781912114902
-0.07480249696088193
0.020657880193622965
-0.017180311843127287
0.09040857979943129
-0.031071094477627362
0.02386666121461564
0.024247287850248156
0.056616294108218106
-0.031006170715872323
0.019409984593696278
-0.04070318530857121
0.006406816968751127
-0.008110298335825744
1.3257118914743606
0.006217785566014019
0.024895469635532345
-0.9954380817879037
-0.03150119603016111
-0.030177073691634394
1.296113323880956
0.011897233816953595
-0.032497191408331724
-0.884025925195342
-0.01207838043553719
1.1789526130564956
-0.03187542655016215
-0.013426484826721659
-0.5718322028079765
0.21784189349086766
0.026572221985959637
0.01770903269343392
0.17024736102316687
0.00728177176800189
0.08790528706836787
0.0
0.0
0.0
0.0
0.0
0.0
0.0
0.0
0.0
0.0
0.0
0.0
0.0
0.0
0.0
0.0
0.0
0.0
0.0
0.0
0.0
0.0
0.0
0.0
0.0
0.0
0.0
0.0
0.0
0.0
0.0
0.0
0.0
0.0
0.0
0.0
0.0
0.0
0.0
0.0
0.0
0.0
0.0
0.0
0.0
0.0
0.0
0.0
0.0
0.0
0.0
0.0
0.0
0.0
0.0
0.0
0.0
0.0
0.0
0.0
0.0
0.0
0.0
0.0
0.0
0.0
0.0
0.0
0.0
0.0
0.0
0.0
0.0
0.0
0.0
0.0
0.0
0.0
0.0
0.0
0.0
0.0
0.0
0.0
0.0
0.0
0.0
0.0
0.0
0.0
0.0
0.0
0.0
0.0
0.0
0.0
0.0
0.0
0.0
0.0
0.0
0.0
0.0
0.0
0.0
0.0
0.0
0.0
0.0
0.0
0.0
0.0
0.0
0.0
0.0
0.0
0.0
0.0
0.0
0.0
0.0
0.0
0.0
0.0
0.0
0.0
0.0
0.0
0.0
0.0
0.0
0.0
0.0
0.0
0.0
1.0777401191062135
-0.24030051591506985
0.037319707952315706
-0.010103138848796284
0.013207147021594083
-0.02683264203668191
0.027736787672170728
-0.020928989175578165
0.027436544774600006
0.01712802343469056
0.0464136161628914
-0.02057654569093702
-0.005281854599725912
-0.015570142929188107
0.007448856568422833
1.4106918674761828
-0.037020098934442296
-0.013862608417299572
-1.1969917998751987
0.0015938654482075222
0.024739821347861984
1.2633415088926188
0.007291615671955335
0.000561632302469453
-0.9127188722779251
-0.004512125647239634
1.2076694274232604
0.02445024736638407
-0.006234399999254217
-0.6145159994623572
0.2783033624660974
0.001405844216512951
-0.0147321691404495
0.1792607480825245
0.0032253043909744126
0.09579810697528401
0.0
0.0
0.0
0.0
0.0
0.0
0.0
0.0
0.0
0.0
0.0
0.0
0.0
0.0
0.0
0.0
0.0
0.0
0.0
0.0
0.0
0.0
0.0
0.0
0.0
0.0
0.0
0.0
0.0
0.0
0.0
0.0
0.0
0.0
0.0
0.0
0.0
0.0
0.0
0.0
0.0
0.0
0.0
0.0
0.0
0.0
0.0
0.0
0.0
0.0
0.0
0.0
0.0
0.0
0.0
0.0
0.0
0.0
0.0
0.0
0.0
0.0
0.0
0.0
0.0
0.0
0.0
0.0
0.0
0.0
0.0
0.0
0.0
0.0
0.0
0.0
0.0
0.0
0.0
0.0
0.0
0.0
0.0
0.0
0.0
0.0
0.0
0.0
0.0
0.0
0.0
0.0
0.0
0.0
0.0
0.0
0.0
0.0
0.0
0.0
0.0
0.0
0.0
0.0
0.0
0.0
0.0
0.0
0.0
0.0
0.0
0.0
0.0
0.0
0.0
0.0
0.0
0.0
0.0
0.0
0.0
0.0
0.0
0.0
0.0
0.0
0.0
0.0
0.0
0.0
0.0
0.0
0.0
0.0
0.0
1.068392861391696
-0.2200386406305315
0.023967080136824647
-0.02087729316441277
-0.013982906701181077
-0.040278543785854604
0.03201696504574061
0.014605335315652772
0.02607050641970611
-0.04467569634604025
0.03463757708207294
0.00426328390048331
0.019911629454283642
-0.008208060703598037
-0.0054971173048327816
1.3367500148778255
0.017517866039549232
0.0008150388177347743
-1.1215680562422614
0.003970975854168968
-0.01613832120613924
1.2468401276861527
-0.004468564609611089
0.00911208148981417
-0.7755511954567442
0.009135837010245798
1.1224987245874523
-0.019139674451063862
0.009258361564632615
-0.5845667123843175
0.2593861181692867
-0.0113862476830656
0.008970302153374937
0.1438762146374595
-0.005530508942816807
0.09521521105825988
0.0
0.0
0.0
0.0
0.0
0.0
0.0
0.0
0.0
0.0
0.0
0.0
0.0
0.0
0.0
0.0
0.0
0.0
0.0
0.0
0.0
0.0
0.0
0.0
0.0
0.0
0.0
0.0
0.0
0.0
0.0
0.0
0.0
0.0
0.0
0.0
0.0
0.0
0.0
0.0
0.0
0.0
0.0
0.0
0.0
0.0
0.0
0.0
0.0
0.0
0.0
0.0
0.0
0.0
0.0
0.0
0.0
0.0
0.0
0.0
0.0
0.0
0.0
0.0
0.0
0.0
0.0
0.0
0.0
0.0
0.0
0.0
0.0
0.0
0.0
0.0
0.0
0.0
0.0
0.0
0.0
0.0
0.0
0.0
0.0
0.0
0.0
0.0
0.0
0.0
0.0
0.0
0.0
0.0
0.0
0.0
0.0
0.0
0.0
0.0
0.0
0.0
0.0
0.0
0.0
0.0
0.0
0.0
0.0
0.0
0.0
0.0
0.0
0.0
0.0
0.0
0.0
0.0
0.0
0.0
0.0
0.0
0.0
0.0
0.0
0.0
0.0
0.0
0.0
0.0
0.0
0.0
0.0
0.0
0.0
1.0775831918144205
-0.24618981375836285
0.057124364286258916
0.014622977062420005
0.03782908707270496
-0.08560916604142196
-0.0030481927266947178
-0.05711862905979252
0.026668065958496336
-0.08425500464194913
0.026858696222467865
-0.05759328196607852
0.037369977978588376
-0.005952291356129968
0.03433927810061217
1.203101819135143
0.024500794383228663
0.009279505158728905
-0.6952708610992816
-0.0049671425312704225
-0.0291976849521318
1.315065473158676
0.057252384624835354
-0.0034565317048494216
-1.0126905618831112
-0.018330978940697837
1.3688747881443282
-0.02763590528940485
-0.019646877143814467
-1.118577184669487
0.11177009673994094
0.000942675856834609
0.02184647761343969
0.20811963579704124
0.009224607390816836
0.24803333968742872
0.0
0.0
0.0
0.0
0.0
0.0
0.0
0.0
0.0
0.0
0.0
0.0
0.0
0.0
0.0
0.0
0.0
0.0
0.0
0.0
0.0
0.0
0.0
0.0
0.0
0.0
0.0
0.0
0.0
0.0
0.0
0.0
0.0
0.0
0.0
0.0
0.0
0.0
0.0
0.0
0.0
0.0
0.0
0.0
0.0
0.0
0.0
0.0
0.0
0.0
0.0
0.0
0.0
0.0
0.0
0.0
0.0
0.0
0.0
0.0
0.0
0.0
0.0
0.0
0.0
0.0
0.0
0.0
0.0
0.0
0.0
0.0
0.0
0.0
0.0
0.0
0.0
0.0
0.0
0.0
0.0
0.0
0.0
0.0
0.0
0.0
0.0
0.0
0.0
0.0
0.0
0.0
0.0
0.0
0.0
0.0
0.0
0.0
0.0
0.0
0.0
0.0
0.0
0.0
0.0
0.0
0.0
0.0
0.0
0.0
0.0
0.0
0.0
0.0
0.0
0.0
0.0
0.0
0.0
0.0
0.0
0.0
0.0
0.0
0.0
0.0
0.0
0.0
0.0
0.0
0.0
0.0
0.0
0.0
0.0
1.0800641275924565
-0.26174578842607066
0.03623107916011929
0.007768663504395066
0.0027051319437399746
-0.0573338307471412
-0.010442055225350433
-0.0014145822709905526
0.027914068099448578
-0.06246717703135063
-0.0076668419830632
-0.0007459821344126948
0.022028303077657775
0.0071949543458704425
0.007094396334591993
1.1872222884525765
0.013615763016203881
0.032590063557359994
-0.6966424070786807
-0.012467781520895331
-0.03374511987409233
1.3270683643217787
0.024218265038866246
-0.013749395482811736
-1.0303851012456748
-0.051343592158607676
1.3943061336165699
-0.03497888821485234
-0.05164160168629714
-1.2335007857351674
0.11968002080009385
0.009722988210896552
0.017040149684584
0.21759419685859716
0.03609362875808653
0.2971996703654266
0.0
0.0
0.0
0.0
0.0
0.0
0.0
0.0
0.0
0.0
0.0
0.0
0.0
0.0
0.0
0.0
0.0
0.0
0.0
0.0
0.0
0.0
0.0
0.0
0.0
0.0
0.0
0.0
0.0
0.0
0.0
0.0
0.0
0.0
0.0
0.0
0.0
0.0
0.0
0.0
0.0
0.0
0.0
0.0
0.0
0.0
0.0
0.0
0.0
0.0
0.0
0.0
0.0
0.0
0.0
0.0
0.0
0.0
0.0
0.0
0.0
0.0
0.0
0.0
0.0
0.0
0.0
0.0
0.0
0.0
0.0
0.0
0.0
0.0
0.0
0.0
0.0
0.0
0.0
0.0
0.0
0.0
0.0
0.0
0.0
0.0
0.0
0.0
0.0
0.0
0.0
0.0
0.0
0.0
0.0
0.0
0.0
0.0
0.0
0.0
0.0
0.0
0.0
0.0
0.0
0.0
0.0
0.0
0.0
0.0
0.0
0.0
0.0
0.0
0.0
0.0
0.0
0.0
0.0
0.0
0.0
0.0
0.0
0.0
0.0
0.0
0.0
0.0
0.0
0.0
0.0
0.0
0.0
0.0
0.0
1.079048181360966
-0.24458701116909543
0.04347277475675759
-0.04042017575218389
0.07661567990621064
-0.06403633587870738
0.03577612601616578
-0.10599096583291484
0.029876068095493275
-0.06087464550671093
-0.0040492789520454615
-0.09382771663496974
0.028333022444205894
-0.006943326099999972
0.04974107667256477
1.203764945683749
-0.03307721733967506
0.04788655071954165
-0.6913398760006182
0.020272480974563405
-0.07305943708688198
1.3266201079464022
-0.08317960330297265
0.017774939306592765
-1.04538863201385
0.038702916569979984
1.3491402328777653
-0.07269861765673466
0.040117958426393895
-1.0905229002841161
0.11348264765477056
-0.012059276782154372
0.05026210021740194
0.22285984930482006
-0.02579569729371929
0.24769323237823296
0.0
0.0
0.0
0.0
0.0
0.0
0.0
0.0
0.0
0.0
0.0
0.0
0.0
0.0
0.0
0.0
0.0
0.0
0.0
0.0
0.0
0.0
0.0
0.0
0.0
0.0
0.0
0.0
0.0
0.0
0.0
0.0
0.0
0.0
0.0
0.0
0.0
0.0
0.0
0.0
0.0
0.0
0.0
0.0
0.0
0.0
0.0
0.0
0.0
0.0
0.0
0.0
0.0
0.0
0.0
0.0
0.0
0.0
0.0
0.0
0.0
0.0
0.0
0.0
0.0
0.0
0.0
0.0
0.0
0.0
0.0
0.0
0.0
0.0
0.0
0.0
0.0
0.0
0.0
0.0
0.0
0.0
0.0
0.0
0.0
0.0
0.0
0.0
0.0
0.0
0.0
0.0
0.0
0.0
0.0
0.0
0.0
0.0
0.0
0.0
0.0
0.0
0.0
0.0
0.0
0.0
0.0
0.0
0.0
0.0
0.0
0.0
0.0
0.0
0.0
0.0
0.0
0.0
0.0
0.0
0.0
0.0
0.0
0.0
0.0
0.0
0.0
0.0
0.0
0.0
0.0
0.0
0.0
0.0
0.0
1.077701602530013
-0.24229995222823272
-0.012860314398037767
-0.020614203423708864
-0.06317733080737564
0.016610761971503376
0.028684545286344943
0.07400704964899132
0.027920479076852096
0.011973474497788539
0.02456380303405762
0.04094198091077671
-0.008120180076848671
-0.013090291204955664
-0.024967714401543314
1.185603704686816
-0.011866170550066002
0.059779807430860754
-0.6335516946109909
0.016714612927877702
-0.08109874511802995
1.2955005814923783
-0.027548682388768314
0.017033401669179084
-0.94109290342744
0.05140175335873429
1.3982864230644152
-0.079553851650707
0.05132276369096257
-1.1861209668834278
0.10846828184729607
-0.010063686985698721
0.04893636652618116
0.19086753639723866
-0.03233386471489814
0.2849176447219067
0.0
0.0
0.0
0.0
0.0
0.0
0.0
0.0
0.0
0.0
0.0
0.0
0.0
0.0
0.0
0.0
0.0
0.0
0.0
0.0
0.0
0.0
0.0
0.0
0.0
0.0
0.0
0.0
0.0
0.0
0.0
0.0
0.0
0.0
0.0
0.0
0.0
0.0
0.0
0.0
0.0
0.0
0.0
0.0
0.0
0.0
0.0
0.0
0.0
0.0
0.0
0.0
0.0
0.0
0.0
0.0
0.0
0.0
0.0
0.0
0.0
0.0
0.0
0.0
0.0
0.0
0.0
0.0
0.0
0.0
0.0
0.0
0.0
0.0
0.0
0.0
0.0
0.0
0.0
0.0
0.0
0.0
0.0
0.0
0.0
0.0
0.0
0.0
0.0
0.0
0.0
0.0
0.0
0.0
0.0
0.0
0.0
0.0
0.0
0.0
0.0
0.0
0.0
0.0
0.0
0.0
0.0
0.0
0.0
0.0
0.0
0.0
0.0
0.0
0.0
0.0
0.0
0.0
0.0
0.0
0.0
0.0
0.0
0.0
0.0
0.0
0.0
0.0
0.0
0.0
0.0
0.0
0.0
0.0
0.0
1.0799449068159825
-0.25915912951329434
0.059094482293549126
0.013958582113387213
-0.03125860879064504
-0.0889898581298793
-0.0023023554170078873
0.036558075328999025
0.028037236140150894
-0.08888745142895321
0.027281532634656457
0.024986578487366774
0.041611900958518876
-0.007320532429587095
-0.019324486034767413
1.2066940538075421
0.02766491292596103
-0.027731785354573713
-0.7395442324851995
-0.002140689767906728
0.045049713140912
1.3212686858156757
-0.0522772194885396
-0.001251487322216408
-1.0415086285458786
0.018460277656291116
1.3687051167707285
0.04349382264495658
0.0198687286400903
-1.1850298908543881
0.12451885835767627
-0.0004955849093464597
-0.03219287720166633
0.21779237312530217
-0.010202532010467424
0.27522003547334073
0.0
0.0
0.0
0.0
0.0
0.0
0.0
0.0
0.0
0.0
0.0
0.0
0.0
0.0
0.0
0.0
0.0
0.0
0.0
0.0
0.0
0.0
0.0
0.0
0.0
0.0
0.0
0.0
0.0
0.0
0.0
0.0
0.0
0.0
0.0
0.0
0.0
0.0
0.0
0.0
0.0
0.0
0.0
0.0
0.0
0.0
0.0
0.0
0.0
0.0
0.0
0.0
0.0
0.0
0.0
0.0
0.0
0.0
0.0
0.0
0.0
0.0
0.0
0.0
0.0
0.0
0.0
0.0
0.0
0.0
0.0
0.0
0.0
0.0
0.0
0.0
0.0
0.0
0.0
0.0
0.0
0.0
0.0
0.0
0.0
0.0
0.0
0.0
0.0
0.0
0.0
0.0
0.0
0.0
0.0
0.0
0.0
0.0
0.0
0.0
0.0
0.0
0.0
0.0
0.0
0.0
0.0
0.0
0.0
0.0
0.0
0.0
0.0
0.0
0.0
0.0
0.0
0.0
0.0
0.0
0.0
0.0
0.0
0.0
0.0
0.0
0.0
0.0
0.0
0.0
0.0
0.0
0.0
0.0
0.0
1.0754148855456145
-0.2414618774916209
0.047405379251283915
0.005342108743288302
-0.009813925668481455
-0.0728067556506864
-0.005678698290828971
0.022874963199893253
0.025666942347404024
-0.07421403935478274
-0.0012132314184388105
0.035543617317912314
0.024918092057877997
0.006007996257098383
-0.023077442128650025
1.1850348278271723
0.007560019012620872
-0.0035019241730648337
-0.6349639978232787
-0.013815013752269713
0.017468194025607876
1.311570312958506
-0.026463252200462854
-0.014584793975916504
-0.9770518531364545
0.05776281237819454
1.3830703286730124
0.01702995956668698
0.0569009277730571
-1.1274649590032235
0.10513937320463955
0.008788248091274407
-0.007441473841232008
0.20010822241550785
-0.037024238967070654
0.25643303746679036
0.0
0.0
0.0
0.0
0.0
0.0
0.0
0.0
0.0
0.0
0.0
0.0
0.0
0.0
0.0
0.0
0.0
0.0
0.0
0.0
0.0
0.0
0.0
0.0
0.0
0.0
0.0
0.0
0.0
0.0
0.0
0.0
0.0
0.0
0.0
0.0
0.0
0.0
0.0
0.0
0.0
0.0
0.0
0.0
0.0
0.0
0.0
0.0
0.0
0.0
0.0
0.0
0.0
0.0
0.0
0.0
0.0
0.0
0.0
0.0
0.0
0.0
0.0
0.0
0.0
0.0
0.0
0.0
0.0
0.0
0.0
0.0
0.0
0.0
0.0
0.0
0.0
0.0
0.0
0.0
0.0
0.0
0.0
0.0
0.0
0.0
0.0
0.0
0.0
0.0
0.0
0.0
0.0
0.0
0.0
0.0
0.0
0.0
0.0
0.0
0.0
0.0
0.0
0.0
0.0
0.0
0.0
0.0
0.0
0.0
0.0
0.0
0.0
0.0
0.0
0.0
0.0
0.0
0.0
0.0
0.0
0.0
0.0
0.0
0.0
0.0
0.0
0.0
0.0
0.0
0.0
0.0
0.0
0.0
0.0
1.079099524424918
-0.2473791595196579
0.04041130684083353
-0.034765896092733416
-0.0570658047313992
-0.06002590678795325
0.02911218138292008
0.08020144995566225
0.029196284522883652
-0.05770469579053647
-0.0070170641536547685
0.07312679046451845
0.026979140201425833
-0.003914301672183477
-0.03948825400995487
1.2052964885381754
-0.029892121213393425
-0.05080388661501517
-0.6926737964821337
0.013964591930333722
0.07856170276233554
1.3224252860364056
0.06903936053412257
0.01214779593751264
-1.031397051171513
-0.027334792047997276
1.3605246089244445
0.07756960330202671
-0.028837797675991258
-1.1157438792215988
0.1143077266808761
-0.00829158146428389
-0.05258492832243828
0.21724845394718306
0.01717467058454528
0.2551302885872523
0.0
0.0
0.0
0.0
0.0
0.0
0.0
0.0
0.0
0.0
0.0
0.0
0.0
0.0
0.0
0.0
0.0
0.0
0.0
0.0
0.0
0.0
0.0
0.0
0.0
0.0
0.0
0.0
0.0
0.0
0.0
0.0
0.0
0.0
0.0
0.0
0.0
0.0
0.0
0.0
0.0
0.0
0.0
0.0
0.0
0.0
0.0
0.0
0.0
0.0
0.0
0.0
0.0
0.0
0.0
0.0
0.0
0.0
0.0
0.0
0.0
0.0
0.0
0.0
0.0
0.0
0.0
0.0
0.0
0.0
0.0
0.0
0.0
0.0
0.0
0.0
0.0
0.0
0.0
0.0
0.0
0.0
0.0
0.0
0.0
0.0
0.0
0.0
0.0
0.0
0.0
0.0
0.0
0.0
0.0
0.0
0.0
0.0
0.0
0.0
0.0
0.0
0.0
0.0
0.0
0.0
0.0
0.0
0.0
0.0
0.0
0.0
0.0
0.0
0.0
0.0
0.0
0.0
0.0
0.0
0.0
0.0
0.0
0.0
0.0
0.0
0.0
0.0
0.0
0.0
0.0
0.0
0.0
0.0
0.0
1.079755393072686
-0.24942512980889645
0.0027383603210519507
-0.015276854657108959
0.05833845312250493
-0.005711538691278878
0.022074868807519105
-0.06830386981673447
0.028292153865708082
-0.008280647352724796
0.019882548977211825
-0.03749199630328326
0.0007142393922357332
-0.010184052875884109
0.02203643773486521
1.1871519971774007
-0.011919166598153768
-0.0484652724920425
-0.6533009877813386
0.022185479878788654
0.06399848601467656
1.307885577391809
0.034600401300023925
0.02269045556134777
-0.9797635013210017
-0.06098997917717957
1.4054477839436657
0.06365939950193517
-0.06076228418164035
-1.2055599006379847
0.11244868153680913
-0.013016313412618073
-0.03946879847701115
0.202735109738328
0.03936855032230868
0.2917828692015988
0.0
0.0
0.0
0.0
0.0
0.0
0.0
0.0
0.0
0.0
0.0
0.0
0.0
0.0
0.0
0.0
0.0
0.0
0.0
0.0
0.0
0.0
0.0
0.0
0.0
0.0
0.0
0.0
0.0
0.0
0.0
0.0
0.0
0.0
0.0
0.0
0.0
0.0
0.0
0.0
0.0
0.0
0.0
0.0
0.0
0.0
0.0
0.0
0.0
0.0
0.0
0.0
0.0
0.0
0.0
0.0
0.0
0.0
0.0
0.0
0.0
0.0
0.0
0.0
0.0
0.0
0.0
0.0
0.0
0.0
0.0
0.0
0.0
0.0
0.0
0.0
0.0
0.0
0.0
0.0
0.0
0.0
0.0
0.0
0.0
0.0
0.0
0.0
0.0
0.0
0.0
0.0
0.0
0.0
0.0
0.0
0.0
0.0
0.0
0.0
0.0
0.0
0.0
0.0
0.0
0.0
0.0
0.0
0.0
0.0
0.0
0.0
0.0
0.0
0.0
0.0
0.0
0.0
0.0
0.0
0.0
0.0
0.0
0.0
0.0
0.0
0.0
0.0
0.0
0.0
0.0
0.0
0.0
0.0
0.0
1.0775831918144205
-0.24618981375836285
0.057124364286258916
0.014622977062420005
0.03782908707270496
-0.08560916604142196
-0.0030481927266947178
-0.05711862905979252
0.026668065958496336
-0.08425500464194913
0.026858696222467865
-0.05759328196607852
0.037369977978588376
-0.005952291356129968
0.03433927810061217
1.203101819135143
0.024500794383228663
0.009279505158728905
-0.6952708610992816
-0.0049671425312704225
-0.0291976849521318
1.315065473158676
0.057252384624835354
-0.0034565317048494216
-1.0126905618831112
-0.018330978940697837
1.3688747881443282
-0.02763590528940485
-0.019646877143814467
-1.118577184669487
0.11177009673994094
0.000942675856834609
0.02184647761343969
0.20811963579704124
0.009224607390816836
0.24803333968742872
0.0
0.0
0.0
0.0
0.0
0.0
0.0
0.0
0.0
0.0
0.0
0.0
0.0
0.0
0.0
0.0
0.0
0.0
0.0
0.0
0.0
0.0
0.0
0.0
0.0
0.0
0.0
0.0
0.0
0.0
0.0
0.0
0.0
0.0
0.0
0.0
0.0
0.0
0.0
0.0
0.0
0.0
0.0
0.0
0.0
0.0
0.0
0.0
0.0
0.0
0.0
0.0
0.0
0.0
0.0
0.0
0.0
0.0
0.0
0.0
0.0
0.0
0.0
0.0
0.0
0.0
0.0
0.0
0.0
0.0
0.0
0.0
0.0
0.0
0.0
0.0
0.0
0.0
0.0
0.0
0.0
0.0
0.0
0.0
0.0
0.0
0.0
0.0
0.0
0.0
0.0
0.0
0.0
0.0
0.0
0.0
0.0
0.0
0.0
0.0
0.0
0.0
0.0
0.0
0.0
0.0
0.0
0.0
0.0
0.0
0.0
0.0
0.0
0.0
0.0
0.0
0.0
0.0
0.0
0.0
0.0
0.0
0.0
0.0
0.0
0.0
0.0
0.0
0.0
0.0
0.0
0.0
0.0
0.0
0.0
