
  =-------------------------------------------------------------------------------=

                                 Hubbard U parameters:

       site n.  type  label  spin  new_type  new_label  manifold  Hubbard U (eV)
         1        1   Ti       1      1         Ti         3d       5.6741
         2        1   Ti       1      1         Ti         3d       5.6741

  =-------------------------------------------------------------------------------=


          chi0 matrix :
   -0.407684    0.001697    0.003988    0.000232    0.000585    0.000232    0.003988    0.001697
    0.000305    0.000010    0.000254    0.000021    0.000047    0.000021    0.000254    0.000010
    0.000002    0.000010    0.000004    0.000021    0.000015    0.000021    0.000004    0.000010
    0.000305    0.001697    0.000254    0.000232    0.000047    0.000232    0.000254    0.001697
    0.000305    0.000010    0.000254    0.000021    0.000047    0.000021    0.000254    0.000010
    0.000196    0.000023    0.000098    0.000007    0.000036    0.000007    0.000098    0.000023
    0.000001    0.000023    0.000002    0.000007    0.000005    0.000007    0.000002    0.000023
    0.000196    0.000010    0.000098    0.000021    0.000036    0.000021    0.000098    0.000010
    0.000002    0.000010    0.000004    0.000021    0.000015    0.000021    0.000004    0.000010
    0.000001    0.000023    0.000002    0.000007    0.000005    0.000007    0.000002    0.000023
    0.000016    0.000023    0.000009    0.000007    0.000003    0.000007    0.000009    0.000023
    0.000001    0.000010    0.000002    0.000021    0.000005    0.000021    0.000002    0.000010
    0.000305    0.001697    0.000254    0.000232    0.000047    0.000232    0.000254    0.001697
    0.000196    0.000010    0.000098    0.000021    0.000036    0.000021    0.000098    0.000010
    0.000001    0.000010    0.000002    0.000021    0.000005    0.000021    0.000002    0.000010
    0.000196    0.001697    0.000098    0.000232    0.000036    0.000232    0.000098    0.001697

    0.001697   -0.407684    0.001697    0.003988    0.000232    0.000585    0.000232    0.003988
    0.001697    0.000305    0.001697    0.000254    0.000232    0.000047    0.000232    0.000254
    0.000010    0.000002    0.000010    0.000004    0.000021    0.000015    0.000021    0.000004
    0.000010    0.000305    0.000010    0.000254    0.000021    0.000047    0.000021    0.000254
    0.001697    0.000305    0.001697    0.000254    0.000232    0.000047    0.000232    0.000254
    0.001697    0.000196    0.001697    0.000098    0.000232    0.000036    0.000232    0.000098
    0.000010    0.000001    0.000010    0.000002    0.000021    0.000005    0.000021    0.000002
    0.000010    0.000196    0.000010    0.000098    0.000021    0.000036    0.000021    0.000098
    0.000010    0.000002    0.000010    0.000004    0.000021    0.000015    0.000021    0.000004
    0.000010    0.000001    0.000010    0.000002    0.000021    0.000005    0.000021    0.000002
    0.000023    0.000016    0.000023    0.000009    0.000007    0.000003    0.000007    0.000009
    0.000023    0.000001    0.000023    0.000002    0.000007    0.000005    0.000007    0.000002
    0.000010    0.000305    0.000010    0.000254    0.000021    0.000047    0.000021    0.000254
    0.000010    0.000196    0.000010    0.000098    0.000021    0.000036    0.000021    0.000098
    0.000023    0.000001    0.000023    0.000002    0.000007    0.000005    0.000007    0.000002
    0.000023    0.000196    0.000023    0.000098    0.000007    0.000036    0.000007    0.000098

    0.003988    0.001697   -0.407684    0.001697    0.003988    0.000232    0.000585    0.000232
    0.000254    0.000010    0.000305    0.000010    0.000254    0.000021    0.000047    0.000021
    0.000004    0.000010    0.000002    0.000010    0.000004    0.000021    0.000015    0.000021
    0.000254    0.001697    0.000305    0.001697    0.000254    0.000232    0.000047    0.000232
    0.000254    0.000010    0.000305    0.000010    0.000254    0.000021    0.000047    0.000021
    0.000098    0.000023    0.000196    0.000023    0.000098    0.000007    0.000036    0.000007
    0.000002    0.000023    0.000001    0.000023    0.000002    0.000007    0.000005    0.000007
    0.000098    0.000010    0.000196    0.000010    0.000098    0.000021    0.000036    0.000021
    0.000004    0.000010    0.000002    0.000010    0.000004    0.000021    0.000015    0.000021
    0.000002    0.000023    0.000001    0.000023    0.000002    0.000007    0.000005    0.000007
    0.000009    0.000023    0.000016    0.000023    0.000009    0.000007    0.000003    0.000007
    0.000002    0.000010    0.000001    0.000010    0.000002    0.000021    0.000005    0.000021
    0.000254    0.001697    0.000305    0.001697    0.000254    0.000232    0.000047    0.000232
    0.000098    0.000010    0.000196    0.000010    0.000098    0.000021    0.000036    0.000021
    0.000002    0.000010    0.000001    0.000010    0.000002    0.000021    0.000005    0.000021
    0.000098    0.001697    0.000196    0.001697    0.000098    0.000232    0.000036    0.000232

    0.000232    0.003988    0.001697   -0.407684    0.001697    0.003988    0.000232    0.000585
    0.000232    0.000254    0.001697    0.000305    0.001697    0.000254    0.000232    0.000047
    0.000021    0.000004    0.000010    0.000002    0.000010    0.000004    0.000021    0.000015
    0.000021    0.000254    0.000010    0.000305    0.000010    0.000254    0.000021    0.000047
    0.000232    0.000254    0.001697    0.000305    0.001697    0.000254    0.000232    0.000047
    0.000232    0.000098    0.001697    0.000196    0.001697    0.000098    0.000232    0.000036
    0.000021    0.000002    0.000010    0.000001    0.000010    0.000002    0.000021    0.000005
    0.000021    0.000098    0.000010    0.000196    0.000010    0.000098    0.000021    0.000036
    0.000021    0.000004    0.000010    0.000002    0.000010    0.000004    0.000021    0.000015
    0.000021    0.000002    0.000010    0.000001    0.000010    0.000002    0.000021    0.000005
    0.000007    0.000009    0.000023    0.000016    0.000023    0.000009    0.000007    0.000003
    0.000007    0.000002    0.000023    0.000001    0.000023    0.000002    0.000007    0.000005
    0.000021    0.000254    0.000010    0.000305    0.000010    0.000254    0.000021    0.000047
    0.000021    0.000098    0.000010    0.000196    0.000010    0.000098    0.000021    0.000036
    0.000007    0.000002    0.000023    0.000001    0.000023    0.000002    0.000007    0.000005
    0.000007    0.000098    0.000023    0.000196    0.000023    0.000098    0.000007    0.000036

    0.000585    0.000232    0.003988    0.001697   -0.407684    0.001697    0.003988    0.000232
    0.000047    0.000021    0.000254    0.000010    0.000305    0.000010    0.000254    0.000021
    0.000015    0.000021    0.000004    0.000010    0.000002    0.000010    0.000004    0.000021
    0.000047    0.000232    0.000254    0.001697    0.000305    0.001697    0.000254    0.000232
    0.000047    0.000021    0.000254    0.000010    0.000305    0.000010    0.000254    0.000021
    0.000036    0.000007    0.000098    0.000023    0.000196    0.000023    0.000098    0.000007
    0.000005    0.000007    0.000002    0.000023    0.000001    0.000023    0.000002    0.000007
    0.000036    0.000021    0.000098    0.000010    0.000196    0.000010    0.000098    0.000021
    0.000015    0.000021    0.000004    0.000010    0.000002    0.000010    0.000004    0.000021
    0.000005    0.000007    0.000002    0.000023    0.000001    0.000023    0.000002    0.000007
    0.000003    0.000007    0.000009    0.000023    0.000016    0.000023    0.000009    0.000007
    0.000005    0.000021    0.000002    0.000010    0.000001    0.000010    0.000002    0.000021
    0.000047    0.000232    0.000254    0.001697    0.000305    0.001697    0.000254    0.000232
    0.000036    0.000021    0.000098    0.000010    0.000196    0.000010    0.000098    0.000021
    0.000005    0.000021    0.000002    0.000010    0.000001    0.000010    0.000002    0.000021
    0.000036    0.000232    0.000098    0.001697    0.000196    0.001697    0.000098    0.000232

    0.000232    0.000585    0.000232    0.003988    0.001697   -0.407684    0.001697    0.003988
    0.000232    0.000047    0.000232    0.000254    0.001697    0.000305    0.001697    0.000254
    0.000021    0.000015    0.000021    0.000004    0.000010    0.000002    0.000010    0.000004
    0.000021    0.000047    0.000021    0.000254    0.000010    0.000305    0.000010    0.000254
    0.000232    0.000047    0.000232    0.000254    0.001697    0.000305    0.001697    0.000254
    0.000232    0.000036    0.000232    0.000098    0.001697    0.000196    0.001697    0.000098
    0.000021    0.000005    0.000021    0.000002    0.000010    0.000001    0.000010    0.000002
    0.000021    0.000036    0.000021    0.000098    0.000010    0.000196    0.000010    0.000098
    0.000021    0.000015    0.000021    0.000004    0.000010    0.000002    0.000010    0.000004
    0.000021    0.000005    0.000021    0.000002    0.000010    0.000001    0.000010    0.000002
    0.000007    0.000003    0.000007    0.000009    0.000023    0.000016    0.000023    0.000009
    0.000007    0.000005    0.000007    0.000002    0.000023    0.000001    0.000023    0.000002
    0.000021    0.000047    0.000021    0.000254    0.000010    0.000305    0.000010    0.000254
    0.000021    0.000036    0.000021    0.000098    0.000010    0.000196    0.000010    0.000098
    0.000007    0.000005    0.000007    0.000002    0.000023    0.000001    0.000023    0.000002
    0.000007    0.000036    0.000007    0.000098    0.000023    0.000196    0.000023    0.000098

    0.003988    0.000232    0.000585    0.000232    0.003988    0.001697   -0.407684    0.001697
    0.000254    0.000021    0.000047    0.000021    0.000254    0.000010    0.000305    0.000010
    0.000004    0.000021    0.000015    0.000021    0.000004    0.000010    0.000002    0.000010
    0.000254    0.000232    0.000047    0.000232    0.000254    0.001697    0.000305    0.001697
    0.000254    0.000021    0.000047    0.000021    0.000254    0.000010    0.000305    0.000010
    0.000098    0.000007    0.000036    0.000007    0.000098    0.000023    0.000196    0.000023
    0.000002    0.000007    0.000005    0.000007    0.000002    0.000023    0.000001    0.000023
    0.000098    0.000021    0.000036    0.000021    0.000098    0.000010    0.000196    0.000010
    0.000004    0.000021    0.000015    0.000021    0.000004    0.000010    0.000002    0.000010
    0.000002    0.000007    0.000005    0.000007    0.000002    0.000023    0.000001    0.000023
    0.000009    0.000007    0.000003    0.000007    0.000009    0.000023    0.000016    0.000023
    0.000002    0.000021    0.000005    0.000021    0.000002    0.000010    0.000001    0.000010
    0.000254    0.000232    0.000047    0.000232    0.000254    0.001697    0.000305    0.001697
    0.000098    0.000021    0.000036    0.000021    0.000098    0.000010    0.000196    0.000010
    0.000002    0.000021    0.000005    0.000021    0.000002    0.000010    0.000001    0.000010
    0.000098    0.000232    0.000036    0.000232    0.000098    0.001697    0.000196    0.001697

    0.001697    0.003988    0.000232    0.000585    0.000232    0.003988    0.001697   -0.407684
    0.001697    0.000254    0.000232    0.000047    0.000232    0.000254    0.001697    0.000305
    0.000010    0.000004    0.000021    0.000015    0.000021    0.000004    0.000010    0.000002
    0.000010    0.000254    0.000021    0.000047    0.000021    0.000254    0.000010    0.000305
    0.001697    0.000254    0.000232    0.000047    0.000232    0.000254    0.001697    0.000305
    0.001697    0.000098    0.000232    0.000036    0.000232    0.000098    0.001697    0.000196
    0.000010    0.000002    0.000021    0.000005    0.000021    0.000002    0.000010    0.000001
    0.000010    0.000098    0.000021    0.000036    0.000021    0.000098    0.000010    0.000196
    0.000010    0.000004    0.000021    0.000015    0.000021    0.000004    0.000010    0.000002
    0.000010    0.000002    0.000021    0.000005    0.000021    0.000002    0.000010    0.000001
    0.000023    0.000009    0.000007    0.000003    0.000007    0.000009    0.000023    0.000016
    0.000023    0.000002    0.000007    0.000005    0.000007    0.000002    0.000023    0.000001
    0.000010    0.000254    0.000021    0.000047    0.000021    0.000254    0.000010    0.000305
    0.000010    0.000098    0.000021    0.000036    0.000021    0.000098    0.000010    0.000196
    0.000023    0.000002    0.000007    0.000005    0.000007    0.000002    0.000023    0.000001
    0.000023    0.000098    0.000007    0.000036    0.000007    0.000098    0.000023    0.000196

    0.000305    0.001697    0.000254    0.000232    0.000047    0.000232    0.000254    0.001697
   -0.407684    0.001697    0.003988    0.000232    0.000585    0.000232    0.003988    0.001697
    0.000305    0.000010    0.000254    0.000021    0.000047    0.000021    0.000254    0.000010
    0.000002    0.000010    0.000004    0.000021    0.000015    0.000021    0.000004    0.000010
    0.000196    0.000010    0.000098    0.000021    0.000036    0.000021    0.000098    0.000010
    0.000305    0.000010    0.000254    0.000021    0.000047    0.000021    0.000254    0.000010
    0.000196    0.000023    0.000098    0.000007    0.000036    0.000007    0.000098    0.000023
    0.000001    0.000023    0.000002    0.000007    0.000005    0.000007    0.000002    0.000023
    0.000001    0.000010    0.000002    0.000021    0.000005    0.000021    0.000002    0.000010
    0.000002    0.000010    0.000004    0.000021    0.000015    0.000021    0.000004    0.000010
    0.000001    0.000023    0.000002    0.000007    0.000005    0.000007    0.000002    0.000023
    0.000016    0.000023    0.000009    0.000007    0.000003    0.000007    0.000009    0.000023
    0.000196    0.001697    0.000098    0.000232    0.000036    0.000232    0.000098    0.001697
    0.000305    0.001697    0.000254    0.000232    0.000047    0.000232    0.000254    0.001697
    0.000196    0.000010    0.000098    0.000021    0.000036    0.000021    0.000098    0.000010
    0.000001    0.000010    0.000002    0.000021    0.000005    0.000021    0.000002    0.000010

    0.000010    0.000305    0.000010    0.000254    0.000021    0.000047    0.000021    0.000254
    0.001697   -0.407684    0.001697    0.003988    0.000232    0.000585    0.000232    0.003988
    0.001697    0.000305    0.001697    0.000254    0.000232    0.000047    0.000232    0.000254
    0.000010    0.000002    0.000010    0.000004    0.000021    0.000015    0.000021    0.000004
    0.000010    0.000196    0.000010    0.000098    0.000021    0.000036    0.000021    0.000098
    0.001697    0.000305    0.001697    0.000254    0.000232    0.000047    0.000232    0.000254
    0.001697    0.000196    0.001697    0.000098    0.000232    0.000036    0.000232    0.000098
    0.000010    0.000001    0.000010    0.000002    0.000021    0.000005    0.000021    0.000002
    0.000023    0.000001    0.000023    0.000002    0.000007    0.000005    0.000007    0.000002
    0.000010    0.000002    0.000010    0.000004    0.000021    0.000015    0.000021    0.000004
    0.000010    0.000001    0.000010    0.000002    0.000021    0.000005    0.000021    0.000002
    0.000023    0.000016    0.000023    0.000009    0.000007    0.000003    0.000007    0.000009
    0.000023    0.000196    0.000023    0.000098    0.000007    0.000036    0.000007    0.000098
    0.000010    0.000305    0.000010    0.000254    0.000021    0.000047    0.000021    0.000254
    0.000010    0.000196    0.000010    0.000098    0.000021    0.000036    0.000021    0.000098
    0.000023    0.000001    0.000023    0.000002    0.000007    0.000005    0.000007    0.000002

    0.000254    0.001697    0.000305    0.001697    0.000254    0.000232    0.000047    0.000232
    0.003988    0.001697   -0.407684    0.001697    0.003988    0.000232    0.000585    0.000232
    0.000254    0.000010    0.000305    0.000010    0.000254    0.000021    0.000047    0.000021
    0.000004    0.000010    0.000002    0.000010    0.000004    0.000021    0.000015    0.000021
    0.000098    0.000010    0.000196    0.000010    0.000098    0.000021    0.000036    0.000021
    0.000254    0.000010    0.000305    0.000010    0.000254    0.000021    0.000047    0.000021
    0.000098    0.000023    0.000196    0.000023    0.000098    0.000007    0.000036    0.000007
    0.000002    0.000023    0.000001    0.000023    0.000002    0.000007    0.000005    0.000007
    0.000002    0.000010    0.000001    0.000010    0.000002    0.000021    0.000005    0.000021
    0.000004    0.000010    0.000002    0.000010    0.000004    0.000021    0.000015    0.000021
    0.000002    0.000023    0.000001    0.000023    0.000002    0.000007    0.000005    0.000007
    0.000009    0.000023    0.000016    0.000023    0.000009    0.000007    0.000003    0.000007
    0.000098    0.001697    0.000196    0.001697    0.000098    0.000232    0.000036    0.000232
    0.000254    0.001697    0.000305    0.001697    0.000254    0.000232    0.000047    0.000232
    0.000098    0.000010    0.000196    0.000010    0.000098    0.000021    0.000036    0.000021
    0.000002    0.000010    0.000001    0.000010    0.000002    0.000021    0.000005    0.000021

    0.000021    0.000254    0.000010    0.000305    0.000010    0.000254    0.000021    0.000047
    0.000232    0.003988    0.001697   -0.407684    0.001697    0.003988    0.000232    0.000585
    0.000232    0.000254    0.001697    0.000305    0.001697    0.000254    0.000232    0.000047
    0.000021    0.000004    0.000010    0.000002    0.000010    0.000004    0.000021    0.000015
    0.000021    0.000098    0.000010    0.000196    0.000010    0.000098    0.000021    0.000036
    0.000232    0.000254    0.001697    0.000305    0.001697    0.000254    0.000232    0.000047
    0.000232    0.000098    0.001697    0.000196    0.001697    0.000098    0.000232    0.000036
    0.000021    0.000002    0.000010    0.000001    0.000010    0.000002    0.000021    0.000005
    0.000007    0.000002    0.000023    0.000001    0.000023    0.000002    0.000007    0.000005
    0.000021    0.000004    0.000010    0.000002    0.000010    0.000004    0.000021    0.000015
    0.000021    0.000002    0.000010    0.000001    0.000010    0.000002    0.000021    0.000005
    0.000007    0.000009    0.000023    0.000016    0.000023    0.000009    0.000007    0.000003
    0.000007    0.000098    0.000023    0.000196    0.000023    0.000098    0.000007    0.000036
    0.000021    0.000254    0.000010    0.000305    0.000010    0.000254    0.000021    0.000047
    0.000021    0.000098    0.000010    0.000196    0.000010    0.000098    0.000021    0.000036
    0.000007    0.000002    0.000023    0.000001    0.000023    0.000002    0.000007    0.000005

    0.000047    0.000232    0.000254    0.001697    0.000305    0.001697    0.000254    0.000232
    0.000585    0.000232    0.003988    0.001697   -0.407684    0.001697    0.003988    0.000232
    0.000047    0.000021    0.000254    0.000010    0.000305    0.000010    0.000254    0.000021
    0.000015    0.000021    0.000004    0.000010    0.000002    0.000010    0.000004    0.000021
    0.000036    0.000021    0.000098    0.000010    0.000196    0.000010    0.000098    0.000021
    0.000047    0.000021    0.000254    0.000010    0.000305    0.000010    0.000254    0.000021
    0.000036    0.000007    0.000098    0.000023    0.000196    0.000023    0.000098    0.000007
    0.000005    0.000007    0.000002    0.000023    0.000001    0.000023    0.000002    0.000007
    0.000005    0.000021    0.000002    0.000010    0.000001    0.000010    0.000002    0.000021
    0.000015    0.000021    0.000004    0.000010    0.000002    0.000010    0.000004    0.000021
    0.000005    0.000007    0.000002    0.000023    0.000001    0.000023    0.000002    0.000007
    0.000003    0.000007    0.000009    0.000023    0.000016    0.000023    0.000009    0.000007
    0.000036    0.000232    0.000098    0.001697    0.000196    0.001697    0.000098    0.000232
    0.000047    0.000232    0.000254    0.001697    0.000305    0.001697    0.000254    0.000232
    0.000036    0.000021    0.000098    0.000010    0.000196    0.000010    0.000098    0.000021
    0.000005    0.000021    0.000002    0.000010    0.000001    0.000010    0.000002    0.000021

    0.000021    0.000047    0.000021    0.000254    0.000010    0.000305    0.000010    0.000254
    0.000232    0.000585    0.000232    0.003988    0.001697   -0.407684    0.001697    0.003988
    0.000232    0.000047    0.000232    0.000254    0.001697    0.000305    0.001697    0.000254
    0.000021    0.000015    0.000021    0.000004    0.000010    0.000002    0.000010    0.000004
    0.000021    0.000036    0.000021    0.000098    0.000010    0.000196    0.000010    0.000098
    0.000232    0.000047    0.000232    0.000254    0.001697    0.000305    0.001697    0.000254
    0.000232    0.000036    0.000232    0.000098    0.001697    0.000196    0.001697    0.000098
    0.000021    0.000005    0.000021    0.000002    0.000010    0.000001    0.000010    0.000002
    0.000007    0.000005    0.000007    0.000002    0.000023    0.000001    0.000023    0.000002
    0.000021    0.000015    0.000021    0.000004    0.000010    0.000002    0.000010    0.000004
    0.000021    0.000005    0.000021    0.000002    0.000010    0.000001    0.000010    0.000002
    0.000007    0.000003    0.000007    0.000009    0.000023    0.000016    0.000023    0.000009
    0.000007    0.000036    0.000007    0.000098    0.000023    0.000196    0.000023    0.000098
    0.000021    0.000047    0.000021    0.000254    0.000010    0.000305    0.000010    0.000254
    0.000021    0.000036    0.000021    0.000098    0.000010    0.000196    0.000010    0.000098
    0.000007    0.000005    0.000007    0.000002    0.000023    0.000001    0.000023    0.000002

    0.000254    0.000232    0.000047    0.000232    0.000254    0.001697    0.000305    0.001697
    0.003988    0.000232    0.000585    0.000232    0.003988    0.001697   -0.407684    0.001697
    0.000254    0.000021    0.000047    0.000021    0.000254    0.000010    0.000305    0.000010
    0.000004    0.000021    0.000015    0.000021    0.000004    0.000010    0.000002    0.000010
    0.000098    0.000021    0.000036    0.000021    0.000098    0.000010    0.000196    0.000010
    0.000254    0.000021    0.000047    0.000021    0.000254    0.000010    0.000305    0.000010
    0.000098    0.000007    0.000036    0.000007    0.000098    0.000023    0.000196    0.000023
    0.000002    0.000007    0.000005    0.000007    0.000002    0.000023    0.000001    0.000023
    0.000002    0.000021    0.000005    0.000021    0.000002    0.000010    0.000001    0.000010
    0.000004    0.000021    0.000015    0.000021    0.000004    0.000010    0.000002    0.000010
    0.000002    0.000007    0.000005    0.000007    0.000002    0.000023    0.000001    0.000023
    0.000009    0.000007    0.000003    0.000007    0.000009    0.000023    0.000016    0.000023
    0.000098    0.000232    0.000036    0.000232    0.000098    0.001697    0.000196    0.001697
    0.000254    0.000232    0.000047    0.000232    0.000254    0.001697    0.000305    0.001697
    0.000098    0.000021    0.000036    0.000021    0.000098    0.000010    0.000196    0.000010
    0.000002    0.000021    0.000005    0.000021    0.000002    0.000010    0.000001    0.000010

    0.000010    0.000254    0.000021    0.000047    0.000021    0.000254    0.000010    0.000305
    0.001697    0.003988    0.000232    0.000585    0.000232    0.003988    0.001697   -0.407684
    0.001697    0.000254    0.000232    0.000047    0.000232    0.000254    0.001697    0.000305
    0.000010    0.000004    0.000021    0.000015    0.000021    0.000004    0.000010    0.000002
    0.000010    0.000098    0.000021    0.000036    0.000021    0.000098    0.000010    0.000196
    0.001697    0.000254    0.000232    0.000047    0.000232    0.000254    0.001697    0.000305
    0.001697    0.000098    0.000232    0.000036    0.000232    0.000098    0.001697    0.000196
    0.000010    0.000002    0.000021    0.000005    0.000021    0.000002    0.000010    0.000001
    0.000023    0.000002    0.000007    0.000005    0.000007    0.000002    0.000023    0.000001
    0.000010    0.000004    0.000021    0.000015    0.000021    0.000004    0.000010    0.000002
    0.000010    0.000002    0.000021    0.000005    0.000021    0.000002    0.000010    0.000001
    0.000023    0.000009    0.000007    0.000003    0.000007    0.000009    0.000023    0.000016
    0.000023    0.000098    0.000007    0.000036    0.000007    0.000098    0.000023    0.000196
    0.000010    0.000254    0.000021    0.000047    0.000021    0.000254    0.000010    0.000305
    0.000010    0.000098    0.000021    0.000036    0.000021    0.000098    0.000010    0.000196
    0.000023    0.000002    0.000007    0.000005    0.000007    0.000002    0.000023    0.000001

    0.000002    0.000010    0.000004    0.000021    0.000015    0.000021    0.000004    0.000010
    0.000305    0.001697    0.000254    0.000232    0.000047    0.000232    0.000254    0.001697
   -0.407684    0.001697    0.003988    0.000232    0.000585    0.000232    0.003988    0.001697
    0.000305    0.000010    0.000254    0.000021    0.000047    0.000021    0.000254    0.000010
    0.000001    0.000023    0.000002    0.000007    0.000005    0.000007    0.000002    0.000023
    0.000196    0.000010    0.000098    0.000021    0.000036    0.000021    0.000098    0.000010
    0.000305    0.000010    0.000254    0.000021    0.000047    0.000021    0.000254    0.000010
    0.000196    0.000023    0.000098    0.000007    0.000036    0.000007    0.000098    0.000023
    0.000016    0.000023    0.000009    0.000007    0.000003    0.000007    0.000009    0.000023
    0.000001    0.000010    0.000002    0.000021    0.000005    0.000021    0.000002    0.000010
    0.000002    0.000010    0.000004    0.000021    0.000015    0.000021    0.000004    0.000010
    0.000001    0.000023    0.000002    0.000007    0.000005    0.000007    0.000002    0.000023
    0.000001    0.000010    0.000002    0.000021    0.000005    0.000021    0.000002    0.000010
    0.000196    0.001697    0.000098    0.000232    0.000036    0.000232    0.000098    0.001697
    0.000305    0.001697    0.000254    0.000232    0.000047    0.000232    0.000254    0.001697
    0.000196    0.000010    0.000098    0.000021    0.000036    0.000021    0.000098    0.000010

    0.000010    0.000002    0.000010    0.000004    0.000021    0.000015    0.000021    0.000004
    0.000010    0.000305    0.000010    0.000254    0.000021    0.000047    0.000021    0.000254
    0.001697   -0.407684    0.001697    0.003988    0.000232    0.000585    0.000232    0.003988
    0.001697    0.000305    0.001697    0.000254    0.000232    0.000047    0.000232    0.000254
    0.000010    0.000001    0.000010    0.000002    0.000021    0.000005    0.000021    0.000002
    0.000010    0.000196    0.000010    0.000098    0.000021    0.000036    0.000021    0.000098
    0.001697    0.000305    0.001697    0.000254    0.000232    0.000047    0.000232    0.000254
    0.001697    0.000196    0.001697    0.000098    0.000232    0.000036    0.000232    0.000098
    0.000023    0.000016    0.000023    0.000009    0.000007    0.000003    0.000007    0.000009
    0.000023    0.000001    0.000023    0.000002    0.000007    0.000005    0.000007    0.000002
    0.000010    0.000002    0.000010    0.000004    0.000021    0.000015    0.000021    0.000004
    0.000010    0.000001    0.000010    0.000002    0.000021    0.000005    0.000021    0.000002
    0.000023    0.000001    0.000023    0.000002    0.000007    0.000005    0.000007    0.000002
    0.000023    0.000196    0.000023    0.000098    0.000007    0.000036    0.000007    0.000098
    0.000010    0.000305    0.000010    0.000254    0.000021    0.000047    0.000021    0.000254
    0.000010    0.000196    0.000010    0.000098    0.000021    0.000036    0.000021    0.000098

    0.000004    0.000010    0.000002    0.000010    0.000004    0.000021    0.000015    0.000021
    0.000254    0.001697    0.000305    0.001697    0.000254    0.000232    0.000047    0.000232
    0.003988    0.001697   -0.407684    0.001697    0.003988    0.000232    0.000585    0.000232
    0.000254    0.000010    0.000305    0.000010    0.000254    0.000021    0.000047    0.000021
    0.000002    0.000023    0.000001    0.000023    0.000002    0.000007    0.000005    0.000007
    0.000098    0.000010    0.000196    0.000010    0.000098    0.000021    0.000036    0.000021
    0.000254    0.000010    0.000305    0.000010    0.000254    0.000021    0.000047    0.000021
    0.000098    0.000023    0.000196    0.000023    0.000098    0.000007    0.000036    0.000007
    0.000009    0.000023    0.000016    0.000023    0.000009    0.000007    0.000003    0.000007
    0.000002    0.000010    0.000001    0.000010    0.000002    0.000021    0.000005    0.000021
    0.000004    0.000010    0.000002    0.000010    0.000004    0.000021    0.000015    0.000021
    0.000002    0.000023    0.000001    0.000023    0.000002    0.000007    0.000005    0.000007
    0.000002    0.000010    0.000001    0.000010    0.000002    0.000021    0.000005    0.000021
    0.000098    0.001697    0.000196    0.001697    0.000098    0.000232    0.000036    0.000232
    0.000254    0.001697    0.000305    0.001697    0.000254    0.000232    0.000047    0.000232
    0.000098    0.000010    0.000196    0.000010    0.000098    0.000021    0.000036    0.000021

    0.000021    0.000004    0.000010    0.000002    0.000010    0.000004    0.000021    0.000015
    0.000021    0.000254    0.000010    0.000305    0.000010    0.000254    0.000021    0.000047
    0.000232    0.003988    0.001697   -0.407684    0.001697    0.003988    0.000232    0.000585
    0.000232    0.000254    0.001697    0.000305    0.001697    0.000254    0.000232    0.000047
    0.000021    0.000002    0.000010    0.000001    0.000010    0.000002    0.000021    0.000005
    0.000021    0.000098    0.000010    0.000196    0.000010    0.000098    0.000021    0.000036
    0.000232    0.000254    0.001697    0.000305    0.001697    0.000254    0.000232    0.000047
    0.000232    0.000098    0.001697    0.000196    0.001697    0.000098    0.000232    0.000036
    0.000007    0.000009    0.000023    0.000016    0.000023    0.000009    0.000007    0.000003
    0.000007    0.000002    0.000023    0.000001    0.000023    0.000002    0.000007    0.000005
    0.000021    0.000004    0.000010    0.000002    0.000010    0.000004    0.000021    0.000015
    0.000021    0.000002    0.000010    0.000001    0.000010    0.000002    0.000021    0.000005
    0.000007    0.000002    0.000023    0.000001    0.000023    0.000002    0.000007    0.000005
    0.000007    0.000098    0.000023    0.000196    0.000023    0.000098    0.000007    0.000036
    0.000021    0.000254    0.000010    0.000305    0.000010    0.000254    0.000021    0.000047
    0.000021    0.000098    0.000010    0.000196    0.000010    0.000098    0.000021    0.000036

    0.000015    0.000021    0.000004    0.000010    0.000002    0.000010    0.000004    0.000021
    0.000047    0.000232    0.000254    0.001697    0.000305    0.001697    0.000254    0.000232
    0.000585    0.000232    0.003988    0.001697   -0.407684    0.001697    0.003988    0.000232
    0.000047    0.000021    0.000254    0.000010    0.000305    0.000010    0.000254    0.000021
    0.000005    0.000007    0.000002    0.000023    0.000001    0.000023    0.000002    0.000007
    0.000036    0.000021    0.000098    0.000010    0.000196    0.000010    0.000098    0.000021
    0.000047    0.000021    0.000254    0.000010    0.000305    0.000010    0.000254    0.000021
    0.000036    0.000007    0.000098    0.000023    0.000196    0.000023    0.000098    0.000007
    0.000003    0.000007    0.000009    0.000023    0.000016    0.000023    0.000009    0.000007
    0.000005    0.000021    0.000002    0.000010    0.000001    0.000010    0.000002    0.000021
    0.000015    0.000021    0.000004    0.000010    0.000002    0.000010    0.000004    0.000021
    0.000005    0.000007    0.000002    0.000023    0.000001    0.000023    0.000002    0.000007
    0.000005    0.000021    0.000002    0.000010    0.000001    0.000010    0.000002    0.000021
    0.000036    0.000232    0.000098    0.001697    0.000196    0.001697    0.000098    0.000232
    0.000047    0.000232    0.000254    0.001697    0.000305    0.001697    0.000254    0.000232
    0.000036    0.000021    0.000098    0.000010    0.000196    0.000010    0.000098    0.000021

    0.000021    0.000015    0.000021    0.000004    0.000010    0.000002    0.000010    0.000004
    0.000021    0.000047    0.000021    0.000254    0.000010    0.000305    0.000010    0.000254
    0.000232    0.000585    0.000232    0.003988    0.001697   -0.407684    0.001697    0.003988
    0.000232    0.000047    0.000232    0.000254    0.001697    0.000305    0.001697    0.000254
    0.000021    0.000005    0.000021    0.000002    0.000010    0.000001    0.000010    0.000002
    0.000021    0.000036    0.000021    0.000098    0.000010    0.000196    0.000010    0.000098
    0.000232    0.000047    0.000232    0.000254    0.001697    0.000305    0.001697    0.000254
    0.000232    0.000036    0.000232    0.000098    0.001697    0.000196    0.001697    0.000098
    0.000007    0.000003    0.000007    0.000009    0.000023    0.000016    0.000023    0.000009
    0.000007    0.000005    0.000007    0.000002    0.000023    0.000001    0.000023    0.000002
    0.000021    0.000015    0.000021    0.000004    0.000010    0.000002    0.000010    0.000004
    0.000021    0.000005    0.000021    0.000002    0.000010    0.000001    0.000010    0.000002
    0.000007    0.000005    0.000007    0.000002    0.000023    0.000001    0.000023    0.000002
    0.000007    0.000036    0.000007    0.000098    0.000023    0.000196    0.000023    0.000098
    0.000021    0.000047    0.000021    0.000254    0.000010    0.000305    0.000010    0.000254
    0.000021    0.000036    0.000021    0.000098    0.000010    0.000196    0.000010    0.000098

    0.000004    0.000021    0.000015    0.000021    0.000004    0.000010    0.000002    0.000010
    0.000254    0.000232    0.000047    0.000232    0.000254    0.001697    0.000305    0.001697
    0.003988    0.000232    0.000585    0.000232    0.003988    0.001697   -0.407684    0.001697
    0.000254    0.000021    0.000047    0.000021    0.000254    0.000010    0.000305    0.000010
    0.000002    0.000007    0.000005    0.000007    0.000002    0.000023    0.000001    0.000023
    0.000098    0.000021    0.000036    0.000021    0.000098    0.000010    0.000196    0.000010
    0.000254    0.000021    0.000047    0.000021    0.000254    0.000010    0.000305    0.000010
    0.000098    0.000007    0.000036    0.000007    0.000098    0.000023    0.000196    0.000023
    0.000009    0.000007    0.000003    0.000007    0.000009    0.000023    0.000016    0.000023
    0.000002    0.000021    0.000005    0.000021    0.000002    0.000010    0.000001    0.000010
    0.000004    0.000021    0.000015    0.000021    0.000004    0.000010    0.000002    0.000010
    0.000002    0.000007    0.000005    0.000007    0.000002    0.000023    0.000001    0.000023
    0.000002    0.000021    0.000005    0.000021    0.000002    0.000010    0.000001    0.000010
    0.000098    0.000232    0.000036    0.000232    0.000098    0.001697    0.000196    0.001697
    0.000254    0.000232    0.000047    0.000232    0.000254    0.001697    0.000305    0.001697
    0.000098    0.000021    0.000036    0.000021    0.000098    0.000010    0.000196    0.000010

    0.000010    0.000004    0.000021    0.000015    0.000021    0.000004    0.000010    0.000002
    0.000010    0.000254    0.000021    0.000047    0.000021    0.000254    0.000010    0.000305
    0.001697    0.003988    0.000232    0.000585    0.000232    0.003988    0.001697   -0.407684
    0.001697    0.000254    0.000232    0.000047    0.000232    0.000254    0.001697    0.000305
    0.000010    0.000002    0.000021    0.000005    0.000021    0.000002    0.000010    0.000001
    0.000010    0.000098    0.000021    0.000036    0.000021    0.000098    0.000010    0.000196
    0.001697    0.000254    0.000232    0.000047    0.000232    0.000254    0.001697    0.000305
    0.001697    0.000098    0.000232    0.000036    0.000232    0.000098    0.001697    0.000196
    0.000023    0.000009    0.000007    0.000003    0.000007    0.000009    0.000023    0.000016
    0.000023    0.000002    0.000007    0.000005    0.000007    0.000002    0.000023    0.000001
    0.000010    0.000004    0.000021    0.000015    0.000021    0.000004    0.000010    0.000002
    0.000010    0.000002    0.000021    0.000005    0.000021    0.000002    0.000010    0.000001
    0.000023    0.000002    0.000007    0.000005    0.000007    0.000002    0.000023    0.000001
    0.000023    0.000098    0.000007    0.000036    0.000007    0.000098    0.000023    0.000196
    0.000010    0.000254    0.000021    0.000047    0.000021    0.000254    0.000010    0.000305
    0.000010    0.000098    0.000021    0.000036    0.000021    0.000098    0.000010    0.000196

    0.000305    0.000010    0.000254    0.000021    0.000047    0.000021    0.000254    0.000010
    0.000002    0.000010    0.000004    0.000021    0.000015    0.000021    0.000004    0.000010
    0.000305    0.001697    0.000254    0.000232    0.000047    0.000232    0.000254    0.001697
   -0.407684    0.001697    0.003988    0.000232    0.000585    0.000232    0.003988    0.001697
    0.000196    0.000023    0.000098    0.000007    0.000036    0.000007    0.000098    0.000023
    0.000001    0.000023    0.000002    0.000007    0.000005    0.000007    0.000002    0.000023
    0.000196    0.000010    0.000098    0.000021    0.000036    0.000021    0.000098    0.000010
    0.000305    0.000010    0.000254    0.000021    0.000047    0.000021    0.000254    0.000010
    0.000001    0.000023    0.000002    0.000007    0.000005    0.000007    0.000002    0.000023
    0.000016    0.000023    0.000009    0.000007    0.000003    0.000007    0.000009    0.000023
    0.000001    0.000010    0.000002    0.000021    0.000005    0.000021    0.000002    0.000010
    0.000002    0.000010    0.000004    0.000021    0.000015    0.000021    0.000004    0.000010
    0.000196    0.000010    0.000098    0.000021    0.000036    0.000021    0.000098    0.000010
    0.000001    0.000010    0.000002    0.000021    0.000005    0.000021    0.000002    0.000010
    0.000196    0.001697    0.000098    0.000232    0.000036    0.000232    0.000098    0.001697
    0.000305    0.001697    0.000254    0.000232    0.000047    0.000232    0.000254    0.001697

    0.001697    0.000305    0.001697    0.000254    0.000232    0.000047    0.000232    0.000254
    0.000010    0.000002    0.000010    0.000004    0.000021    0.000015    0.000021    0.000004
    0.000010    0.000305    0.000010    0.000254    0.000021    0.000047    0.000021    0.000254
    0.001697   -0.407684    0.001697    0.003988    0.000232    0.000585    0.000232    0.003988
    0.001697    0.000196    0.001697    0.000098    0.000232    0.000036    0.000232    0.000098
    0.000010    0.000001    0.000010    0.000002    0.000021    0.000005    0.000021    0.000002
    0.000010    0.000196    0.000010    0.000098    0.000021    0.000036    0.000021    0.000098
    0.001697    0.000305    0.001697    0.000254    0.000232    0.000047    0.000232    0.000254
    0.000010    0.000001    0.000010    0.000002    0.000021    0.000005    0.000021    0.000002
    0.000023    0.000016    0.000023    0.000009    0.000007    0.000003    0.000007    0.000009
    0.000023    0.000001    0.000023    0.000002    0.000007    0.000005    0.000007    0.000002
    0.000010    0.000002    0.000010    0.000004    0.000021    0.000015    0.000021    0.000004
    0.000010    0.000196    0.000010    0.000098    0.000021    0.000036    0.000021    0.000098
    0.000023    0.000001    0.000023    0.000002    0.000007    0.000005    0.000007    0.000002
    0.000023    0.000196    0.000023    0.000098    0.000007    0.000036    0.000007    0.000098
    0.000010    0.000305    0.000010    0.000254    0.000021    0.000047    0.000021    0.000254

    0.000254    0.000010    0.000305    0.000010    0.000254    0.000021    0.000047    0.000021
    0.000004    0.000010    0.000002    0.000010    0.000004    0.000021    0.000015    0.000021
    0.000254    0.001697    0.000305    0.001697    0.000254    0.000232    0.000047    0.000232
    0.003988    0.001697   -0.407684    0.001697    0.003988    0.000232    0.000585    0.000232
    0.000098    0.000023    0.000196    0.000023    0.000098    0.000007    0.000036    0.000007
    0.000002    0.000023    0.000001    0.000023    0.000002    0.000007    0.000005    0.000007
    0.000098    0.000010    0.000196    0.000010    0.000098    0.000021    0.000036    0.000021
    0.000254    0.000010    0.000305    0.000010    0.000254    0.000021    0.000047    0.000021
    0.000002    0.000023    0.000001    0.000023    0.000002    0.000007    0.000005    0.000007
    0.000009    0.000023    0.000016    0.000023    0.000009    0.000007    0.000003    0.000007
    0.000002    0.000010    0.000001    0.000010    0.000002    0.000021    0.000005    0.000021
    0.000004    0.000010    0.000002    0.000010    0.000004    0.000021    0.000015    0.000021
    0.000098    0.000010    0.000196    0.000010    0.000098    0.000021    0.000036    0.000021
    0.000002    0.000010    0.000001    0.000010    0.000002    0.000021    0.000005    0.000021
    0.000098    0.001697    0.000196    0.001697    0.000098    0.000232    0.000036    0.000232
    0.000254    0.001697    0.000305    0.001697    0.000254    0.000232    0.000047    0.000232

    0.000232    0.000254    0.001697    0.000305    0.001697    0.000254    0.000232    0.000047
    0.000021    0.000004    0.000010    0.000002    0.000010    0.000004    0.000021    0.000015
    0.000021    0.000254    0.000010    0.000305    0.000010    0.000254    0.000021    0.000047
    0.000232    0.003988    0.001697   -0.407684    0.001697    0.003988    0.000232    0.000585
    0.000232    0.000098    0.001697    0.000196    0.001697    0.000098    0.000232    0.000036
    0.000021    0.000002    0.000010    0.000001    0.000010    0.000002    0.000021    0.000005
    0.000021    0.000098    0.000010    0.000196    0.000010    0.000098    0.000021    0.000036
    0.000232    0.000254    0.001697    0.000305    0.001697    0.000254    0.000232    0.000047
    0.000021    0.000002    0.000010    0.000001    0.000010    0.000002    0.000021    0.000005
    0.000007    0.000009    0.000023    0.000016    0.000023    0.000009    0.000007    0.000003
    0.000007    0.000002    0.000023    0.000001    0.000023    0.000002    0.000007    0.000005
    0.000021    0.000004    0.000010    0.000002    0.000010    0.000004    0.000021    0.000015
    0.000021    0.000098    0.000010    0.000196    0.000010    0.000098    0.000021    0.000036
    0.000007    0.000002    0.000023    0.000001    0.000023    0.000002    0.000007    0.000005
    0.000007    0.000098    0.000023    0.000196    0.000023    0.000098    0.000007    0.000036
    0.000021    0.000254    0.000010    0.000305    0.000010    0.000254    0.000021    0.000047

    0.000047    0.000021    0.000254    0.000010    0.000305    0.000010    0.000254    0.000021
    0.000015    0.000021    0.000004    0.000010    0.000002    0.000010    0.000004    0.000021
    0.000047    0.000232    0.000254    0.001697    0.000305    0.001697    0.000254    0.000232
    0.000585    0.000232    0.003988    0.001697   -0.407684    0.001697    0.003988    0.000232
    0.000036    0.000007    0.000098    0.000023    0.000196    0.000023    0.000098    0.000007
    0.000005    0.000007    0.000002    0.000023    0.000001    0.000023    0.000002    0.000007
    0.000036    0.000021    0.000098    0.000010    0.000196    0.000010    0.000098    0.000021
    0.000047    0.000021    0.000254    0.000010    0.000305    0.000010    0.000254    0.000021
    0.000005    0.000007    0.000002    0.000023    0.000001    0.000023    0.000002    0.000007
    0.000003    0.000007    0.000009    0.000023    0.000016    0.000023    0.000009    0.000007
    0.000005    0.000021    0.000002    0.000010    0.000001    0.000010    0.000002    0.000021
    0.000015    0.000021    0.000004    0.000010    0.000002    0.000010    0.000004    0.000021
    0.000036    0.000021    0.000098    0.000010    0.000196    0.000010    0.000098    0.000021
    0.000005    0.000021    0.000002    0.000010    0.000001    0.000010    0.000002    0.000021
    0.000036    0.000232    0.000098    0.001697    0.000196    0.001697    0.000098    0.000232
    0.000047    0.000232    0.000254    0.001697    0.000305    0.001697    0.000254    0.000232

    0.000232    0.000047    0.000232    0.000254    0.001697    0.000305    0.001697    0.000254
    0.000021    0.000015    0.000021    0.000004    0.000010    0.000002    0.000010    0.000004
    0.000021    0.000047    0.000021    0.000254    0.000010    0.000305    0.000010    0.000254
    0.000232    0.000585    0.000232    0.003988    0.001697   -0.407684    0.001697    0.003988
    0.000232    0.000036    0.000232    0.000098    0.001697    0.000196    0.001697    0.000098
    0.000021    0.000005    0.000021    0.000002    0.000010    0.000001    0.000010    0.000002
    0.000021    0.000036    0.000021    0.000098    0.000010    0.000196    0.000010    0.000098
    0.000232    0.000047    0.000232    0.000254    0.001697    0.000305    0.001697    0.000254
    0.000021    0.000005    0.000021    0.000002    0.000010    0.000001    0.000010    0.000002
    0.000007    0.000003    0.000007    0.000009    0.000023    0.000016    0.000023    0.000009
    0.000007    0.000005    0.000007    0.000002    0.000023    0.000001    0.000023    0.000002
    0.000021    0.000015    0.000021    0.000004    0.000010    0.000002    0.000010    0.000004
    0.000021    0.000036    0.000021    0.000098    0.000010    0.000196    0.000010    0.000098
    0.000007    0.000005    0.000007    0.000002    0.000023    0.000001    0.000023    0.000002
    0.000007    0.000036    0.000007    0.000098    0.000023    0.000196    0.000023    0.000098
    0.000021    0.000047    0.000021    0.000254    0.000010    0.000305    0.000010    0.000254

    0.000254    0.000021    0.000047    0.000021    0.000254    0.000010    0.000305    0.000010
    0.000004    0.000021    0.000015    0.000021    0.000004    0.000010    0.000002    0.000010
    0.000254    0.000232    0.000047    0.000232    0.000254    0.001697    0.000305    0.001697
    0.003988    0.000232    0.000585    0.000232    0.003988    0.001697   -0.407684    0.001697
    0.000098    0.000007    0.000036    0.000007    0.000098    0.000023    0.000196    0.000023
    0.000002    0.000007    0.000005    0.000007    0.000002    0.000023    0.000001    0.000023
    0.000098    0.000021    0.000036    0.000021    0.000098    0.000010    0.000196    0.000010
    0.000254    0.000021    0.000047    0.000021    0.000254    0.000010    0.000305    0.000010
    0.000002    0.000007    0.000005    0.000007    0.000002    0.000023    0.000001    0.000023
    0.000009    0.000007    0.000003    0.000007    0.000009    0.000023    0.000016    0.000023
    0.000002    0.000021    0.000005    0.000021    0.000002    0.000010    0.000001    0.000010
    0.000004    0.000021    0.000015    0.000021    0.000004    0.000010    0.000002    0.000010
    0.000098    0.000021    0.000036    0.000021    0.000098    0.000010    0.000196    0.000010
    0.000002    0.000021    0.000005    0.000021    0.000002    0.000010    0.000001    0.000010
    0.000098    0.000232    0.000036    0.000232    0.000098    0.001697    0.000196    0.001697
    0.000254    0.000232    0.000047    0.000232    0.000254    0.001697    0.000305    0.001697

    0.001697    0.000254    0.000232    0.000047    0.000232    0.000254    0.001697    0.000305
    0.000010    0.000004    0.000021    0.000015    0.000021    0.000004    0.000010    0.000002
    0.000010    0.000254    0.000021    0.000047    0.000021    0.000254    0.000010    0.000305
    0.001697    0.003988    0.000232    0.000585    0.000232    0.003988    0.001697   -0.407684
    0.001697    0.000098    0.000232    0.000036    0.000232    0.000098    0.001697    0.000196
    0.000010    0.000002    0.000021    0.000005    0.000021    0.000002    0.000010    0.000001
    0.000010    0.000098    0.000021    0.000036    0.000021    0.000098    0.000010    0.000196
    0.001697    0.000254    0.000232    0.000047    0.000232    0.000254    0.001697    0.000305
    0.000010    0.000002    0.000021    0.000005    0.000021    0.000002    0.000010    0.000001
    0.000023    0.000009    0.000007    0.000003    0.000007    0.000009    0.000023    0.000016
    0.000023    0.000002    0.000007    0.000005    0.000007    0.000002    0.000023    0.000001
    0.000010    0.000004    0.000021    0.000015    0.000021    0.000004    0.000010    0.000002
    0.000010    0.000098    0.000021    0.000036    0.000021    0.000098    0.000010    0.000196
    0.000023    0.000002    0.000007    0.000005    0.000007    0.000002    0.000023    0.000001
    0.000023    0.000098    0.000007    0.000036    0.000007    0.000098    0.000023    0.000196
    0.000010    0.000254    0.000021    0.000047    0.000021    0.000254    0.000010    0.000305

    0.000305    0.001697    0.000254    0.000232    0.000047    0.000232    0.000254    0.001697
    0.000196    0.000010    0.000098    0.000021    0.000036    0.000021    0.000098    0.000010
    0.000001    0.000010    0.000002    0.000021    0.000005    0.000021    0.000002    0.000010
    0.000196    0.001697    0.000098    0.000232    0.000036    0.000232    0.000098    0.001697
   -0.407684    0.001697    0.003988    0.000232    0.000585    0.000232    0.003988    0.001697
    0.000305    0.000010    0.000254    0.000021    0.000047    0.000021    0.000254    0.000010
    0.000002    0.000010    0.000004    0.000021    0.000015    0.000021    0.000004    0.000010
    0.000305    0.001697    0.000254    0.000232    0.000047    0.000232    0.000254    0.001697
    0.000305    0.000010    0.000254    0.000021    0.000047    0.000021    0.000254    0.000010
    0.000196    0.000023    0.000098    0.000007    0.000036    0.000007    0.000098    0.000023
    0.000001    0.000023    0.000002    0.000007    0.000005    0.000007    0.000002    0.000023
    0.000196    0.000010    0.000098    0.000021    0.000036    0.000021    0.000098    0.000010
    0.000002    0.000010    0.000004    0.000021    0.000015    0.000021    0.000004    0.000010
    0.000001    0.000023    0.000002    0.000007    0.000005    0.000007    0.000002    0.000023
    0.000016    0.000023    0.000009    0.000007    0.000003    0.000007    0.000009    0.000023
    0.000001    0.000010    0.000002    0.000021    0.000005    0.000021    0.000002    0.000010

    0.000010    0.000305    0.000010    0.000254    0.000021    0.000047    0.000021    0.000254
    0.000010    0.000196    0.000010    0.000098    0.000021    0.000036    0.000021    0.000098
    0.000023    0.000001    0.000023    0.000002    0.000007    0.000005    0.000007    0.000002
    0.000023    0.000196    0.000023    0.000098    0.000007    0.000036    0.000007    0.000098
    0.001697   -0.407684    0.001697    0.003988    0.000232    0.000585    0.000232    0.003988
    0.001697    0.000305    0.001697    0.000254    0.000232    0.000047    0.000232    0.000254
    0.000010    0.000002    0.000010    0.000004    0.000021    0.000015    0.000021    0.000004
    0.000010    0.000305    0.000010    0.000254    0.000021    0.000047    0.000021    0.000254
    0.001697    0.000305    0.001697    0.000254    0.000232    0.000047    0.000232    0.000254
    0.001697    0.000196    0.001697    0.000098    0.000232    0.000036    0.000232    0.000098
    0.000010    0.000001    0.000010    0.000002    0.000021    0.000005    0.000021    0.000002
    0.000010    0.000196    0.000010    0.000098    0.000021    0.000036    0.000021    0.000098
    0.000010    0.000002    0.000010    0.000004    0.000021    0.000015    0.000021    0.000004
    0.000010    0.000001    0.000010    0.000002    0.000021    0.000005    0.000021    0.000002
    0.000023    0.000016    0.000023    0.000009    0.000007    0.000003    0.000007    0.000009
    0.000023    0.000001    0.000023    0.000002    0.000007    0.000005    0.000007    0.000002

    0.000254    0.001697    0.000305    0.001697    0.000254    0.000232    0.000047    0.000232
    0.000098    0.000010    0.000196    0.000010    0.000098    0.000021    0.000036    0.000021
    0.000002    0.000010    0.000001    0.000010    0.000002    0.000021    0.000005    0.000021
    0.000098    0.001697    0.000196    0.001697    0.000098    0.000232    0.000036    0.000232
    0.003988    0.001697   -0.407684    0.001697    0.003988    0.000232    0.000585    0.000232
    0.000254    0.000010    0.000305    0.000010    0.000254    0.000021    0.000047    0.000021
    0.000004    0.000010    0.000002    0.000010    0.000004    0.000021    0.000015    0.000021
    0.000254    0.001697    0.000305    0.001697    0.000254    0.000232    0.000047    0.000232
    0.000254    0.000010    0.000305    0.000010    0.000254    0.000021    0.000047    0.000021
    0.000098    0.000023    0.000196    0.000023    0.000098    0.000007    0.000036    0.000007
    0.000002    0.000023    0.000001    0.000023    0.000002    0.000007    0.000005    0.000007
    0.000098    0.000010    0.000196    0.000010    0.000098    0.000021    0.000036    0.000021
    0.000004    0.000010    0.000002    0.000010    0.000004    0.000021    0.000015    0.000021
    0.000002    0.000023    0.000001    0.000023    0.000002    0.000007    0.000005    0.000007
    0.000009    0.000023    0.000016    0.000023    0.000009    0.000007    0.000003    0.000007
    0.000002    0.000010    0.000001    0.000010    0.000002    0.000021    0.000005    0.000021

    0.000021    0.000254    0.000010    0.000305    0.000010    0.000254    0.000021    0.000047
    0.000021    0.000098    0.000010    0.000196    0.000010    0.000098    0.000021    0.000036
    0.000007    0.000002    0.000023    0.000001    0.000023    0.000002    0.000007    0.000005
    0.000007    0.000098    0.000023    0.000196    0.000023    0.000098    0.000007    0.000036
    0.000232    0.003988    0.001697   -0.407684    0.001697    0.003988    0.000232    0.000585
    0.000232    0.000254    0.001697    0.000305    0.001697    0.000254    0.000232    0.000047
    0.000021    0.000004    0.000010    0.000002    0.000010    0.000004    0.000021    0.000015
    0.000021    0.000254    0.000010    0.000305    0.000010    0.000254    0.000021    0.000047
    0.000232    0.000254    0.001697    0.000305    0.001697    0.000254    0.000232    0.000047
    0.000232    0.000098    0.001697    0.000196    0.001697    0.000098    0.000232    0.000036
    0.000021    0.000002    0.000010    0.000001    0.000010    0.000002    0.000021    0.000005
    0.000021    0.000098    0.000010    0.000196    0.000010    0.000098    0.000021    0.000036
    0.000021    0.000004    0.000010    0.000002    0.000010    0.000004    0.000021    0.000015
    0.000021    0.000002    0.000010    0.000001    0.000010    0.000002    0.000021    0.000005
    0.000007    0.000009    0.000023    0.000016    0.000023    0.000009    0.000007    0.000003
    0.000007    0.000002    0.000023    0.000001    0.000023    0.000002    0.000007    0.000005

    0.000047    0.000232    0.000254    0.001697    0.000305    0.001697    0.000254    0.000232
    0.000036    0.000021    0.000098    0.000010    0.000196    0.000010    0.000098    0.000021
    0.000005    0.000021    0.000002    0.000010    0.000001    0.000010    0.000002    0.000021
    0.000036    0.000232    0.000098    0.001697    0.000196    0.001697    0.000098    0.000232
    0.000585    0.000232    0.003988    0.001697   -0.407684    0.001697    0.003988    0.000232
    0.000047    0.000021    0.000254    0.000010    0.000305    0.000010    0.000254    0.000021
    0.000015    0.000021    0.000004    0.000010    0.000002    0.000010    0.000004    0.000021
    0.000047    0.000232    0.000254    0.001697    0.000305    0.001697    0.000254    0.000232
    0.000047    0.000021    0.000254    0.000010    0.000305    0.000010    0.000254    0.000021
    0.000036    0.000007    0.000098    0.000023    0.000196    0.000023    0.000098    0.000007
    0.000005    0.000007    0.000002    0.000023    0.000001    0.000023    0.000002    0.000007
    0.000036    0.000021    0.000098    0.000010    0.000196    0.000010    0.000098    0.000021
    0.000015    0.000021    0.000004    0.000010    0.000002    0.000010    0.000004    0.000021
    0.000005    0.000007    0.000002    0.000023    0.000001    0.000023    0.000002    0.000007
    0.000003    0.000007    0.000009    0.000023    0.000016    0.000023    0.000009    0.000007
    0.000005    0.000021    0.000002    0.000010    0.000001    0.000010    0.000002    0.000021

    0.000021    0.000047    0.000021    0.000254    0.000010    0.000305    0.000010    0.000254
    0.000021    0.000036    0.000021    0.000098    0.000010    0.000196    0.000010    0.000098
    0.000007    0.000005    0.000007    0.000002    0.000023    0.000001    0.000023    0.000002
    0.000007    0.000036    0.000007    0.000098    0.000023    0.000196    0.000023    0.000098
    0.000232    0.000585    0.000232    0.003988    0.001697   -0.407684    0.001697    0.003988
    0.000232    0.000047    0.000232    0.000254    0.001697    0.000305    0.001697    0.000254
    0.000021    0.000015    0.000021    0.000004    0.000010    0.000002    0.000010    0.000004
    0.000021    0.000047    0.000021    0.000254    0.000010    0.000305    0.000010    0.000254
    0.000232    0.000047    0.000232    0.000254    0.001697    0.000305    0.001697    0.000254
    0.000232    0.000036    0.000232    0.000098    0.001697    0.000196    0.001697    0.000098
    0.000021    0.000005    0.000021    0.000002    0.000010    0.000001    0.000010    0.000002
    0.000021    0.000036    0.000021    0.000098    0.000010    0.000196    0.000010    0.000098
    0.000021    0.000015    0.000021    0.000004    0.000010    0.000002    0.000010    0.000004
    0.000021    0.000005    0.000021    0.000002    0.000010    0.000001    0.000010    0.000002
    0.000007    0.000003    0.000007    0.000009    0.000023    0.000016    0.000023    0.000009
    0.000007    0.000005    0.000007    0.000002    0.000023    0.000001    0.000023    0.000002

    0.000254    0.000232    0.000047    0.000232    0.000254    0.001697    0.000305    0.001697
    0.000098    0.000021    0.000036    0.000021    0.000098    0.000010    0.000196    0.000010
    0.000002    0.000021    0.000005    0.000021    0.000002    0.000010    0.000001    0.000010
    0.000098    0.000232    0.000036    0.000232    0.000098    0.001697    0.000196    0.001697
    0.003988    0.000232    0.000585    0.000232    0.003988    0.001697   -0.407684    0.001697
    0.000254    0.000021    0.000047    0.000021    0.000254    0.000010    0.000305    0.000010
    0.000004    0.000021    0.000015    0.000021    0.000004    0.000010    0.000002    0.000010
    0.000254    0.000232    0.000047    0.000232    0.000254    0.001697    0.000305    0.001697
    0.000254    0.000021    0.000047    0.000021    0.000254    0.000010    0.000305    0.000010
    0.000098    0.000007    0.000036    0.000007    0.000098    0.000023    0.000196    0.000023
    0.000002    0.000007    0.000005    0.000007    0.000002    0.000023    0.000001    0.000023
    0.000098    0.000021    0.000036    0.000021    0.000098    0.000010    0.000196    0.000010
    0.000004    0.000021    0.000015    0.000021    0.000004    0.000010    0.000002    0.000010
    0.000002    0.000007    0.000005    0.000007    0.000002    0.000023    0.000001    0.000023
    0.000009    0.000007    0.000003    0.000007    0.000009    0.000023    0.000016    0.000023
    0.000002    0.000021    0.000005    0.000021    0.000002    0.000010    0.000001    0.000010

    0.000010    0.000254    0.000021    0.000047    0.000021    0.000254    0.000010    0.000305
    0.000010    0.000098    0.000021    0.000036    0.000021    0.000098    0.000010    0.000196
    0.000023    0.000002    0.000007    0.000005    0.000007    0.000002    0.000023    0.000001
    0.000023    0.000098    0.000007    0.000036    0.000007    0.000098    0.000023    0.000196
    0.001697    0.003988    0.000232    0.000585    0.000232    0.003988    0.001697   -0.407684
    0.001697    0.000254    0.000232    0.000047    0.000232    0.000254    0.001697    0.000305
    0.000010    0.000004    0.000021    0.000015    0.000021    0.000004    0.000010    0.000002
    0.000010    0.000254    0.000021    0.000047    0.000021    0.000254    0.000010    0.000305
    0.001697    0.000254    0.000232    0.000047    0.000232    0.000254    0.001697    0.000305
    0.001697    0.000098    0.000232    0.000036    0.000232    0.000098    0.001697    0.000196
    0.000010    0.000002    0.000021    0.000005    0.000021    0.000002    0.000010    0.000001
    0.000010    0.000098    0.000021    0.000036    0.000021    0.000098    0.000010    0.000196
    0.000010    0.000004    0.000021    0.000015    0.000021    0.000004    0.000010    0.000002
    0.000010    0.000002    0.000021    0.000005    0.000021    0.000002    0.000010    0.000001
    0.000023    0.000009    0.000007    0.000003    0.000007    0.000009    0.000023    0.000016
    0.000023    0.000002    0.000007    0.000005    0.000007    0.000002    0.000023    0.000001

    0.000196    0.001697    0.000098    0.000232    0.000036    0.000232    0.000098    0.001697
    0.000305    0.001697    0.000254    0.000232    0.000047    0.000232    0.000254    0.001697
    0.000196    0.000010    0.000098    0.000021    0.000036    0.000021    0.000098    0.000010
    0.000001    0.000010    0.000002    0.000021    0.000005    0.000021    0.000002    0.000010
    0.000305    0.001697    0.000254    0.000232    0.000047    0.000232    0.000254    0.001697
   -0.407684    0.001697    0.003988    0.000232    0.000585    0.000232    0.003988    0.001697
    0.000305    0.000010    0.000254    0.000021    0.000047    0.000021    0.000254    0.000010
    0.000002    0.000010    0.000004    0.000021    0.000015    0.000021    0.000004    0.000010
    0.000196    0.000010    0.000098    0.000021    0.000036    0.000021    0.000098    0.000010
    0.000305    0.000010    0.000254    0.000021    0.000047    0.000021    0.000254    0.000010
    0.000196    0.000023    0.000098    0.000007    0.000036    0.000007    0.000098    0.000023
    0.000001    0.000023    0.000002    0.000007    0.000005    0.000007    0.000002    0.000023
    0.000001    0.000010    0.000002    0.000021    0.000005    0.000021    0.000002    0.000010
    0.000002    0.000010    0.000004    0.000021    0.000015    0.000021    0.000004    0.000010
    0.000001    0.000023    0.000002    0.000007    0.000005    0.000007    0.000002    0.000023
    0.000016    0.000023    0.000009    0.000007    0.000003    0.000007    0.000009    0.000023

    0.000023    0.000196    0.000023    0.000098    0.000007    0.000036    0.000007    0.000098
    0.000010    0.000305    0.000010    0.000254    0.000021    0.000047    0.000021    0.000254
    0.000010    0.000196    0.000010    0.000098    0.000021    0.000036    0.000021    0.000098
    0.000023    0.000001    0.000023    0.000002    0.000007    0.000005    0.000007    0.000002
    0.000010    0.000305    0.000010    0.000254    0.000021    0.000047    0.000021    0.000254
    0.001697   -0.407684    0.001697    0.003988    0.000232    0.000585    0.000232    0.003988
    0.001697    0.000305    0.001697    0.000254    0.000232    0.000047    0.000232    0.000254
    0.000010    0.000002    0.000010    0.000004    0.000021    0.000015    0.000021    0.000004
    0.000010    0.000196    0.000010    0.000098    0.000021    0.000036    0.000021    0.000098
    0.001697    0.000305    0.001697    0.000254    0.000232    0.000047    0.000232    0.000254
    0.001697    0.000196    0.001697    0.000098    0.000232    0.000036    0.000232    0.000098
    0.000010    0.000001    0.000010    0.000002    0.000021    0.000005    0.000021    0.000002
    0.000023    0.000001    0.000023    0.000002    0.000007    0.000005    0.000007    0.000002
    0.000010    0.000002    0.000010    0.000004    0.000021    0.000015    0.000021    0.000004
    0.000010    0.000001    0.000010    0.000002    0.000021    0.000005    0.000021    0.000002
    0.000023    0.000016    0.000023    0.000009    0.000007    0.000003    0.000007    0.000009

    0.000098    0.001697    0.000196    0.001697    0.000098    0.000232    0.000036    0.000232
    0.000254    0.001697    0.000305    0.001697    0.000254    0.000232    0.000047    0.000232
    0.000098    0.000010    0.000196    0.000010    0.000098    0.000021    0.000036    0.000021
    0.000002    0.000010    0.000001    0.000010    0.000002    0.000021    0.000005    0.000021
    0.000254    0.001697    0.000305    0.001697    0.000254    0.000232    0.000047    0.000232
    0.003988    0.001697   -0.407684    0.001697    0.003988    0.000232    0.000585    0.000232
    0.000254    0.000010    0.000305    0.000010    0.000254    0.000021    0.000047    0.000021
    0.000004    0.000010    0.000002    0.000010    0.000004    0.000021    0.000015    0.000021
    0.000098    0.000010    0.000196    0.000010    0.000098    0.000021    0.000036    0.000021
    0.000254    0.000010    0.000305    0.000010    0.000254    0.000021    0.000047    0.000021
    0.000098    0.000023    0.000196    0.000023    0.000098    0.000007    0.000036    0.000007
    0.000002    0.000023    0.000001    0.000023    0.000002    0.000007    0.000005    0.000007
    0.000002    0.000010    0.000001    0.000010    0.000002    0.000021    0.000005    0.000021
    0.000004    0.000010    0.000002    0.000010    0.000004    0.000021    0.000015    0.000021
    0.000002    0.000023    0.000001    0.000023    0.000002    0.000007    0.000005    0.000007
    0.000009    0.000023    0.000016    0.000023    0.000009    0.000007    0.000003    0.000007

    0.000007    0.000098    0.000023    0.000196    0.000023    0.000098    0.000007    0.000036
    0.000021    0.000254    0.000010    0.000305    0.000010    0.000254    0.000021    0.000047
    0.000021    0.000098    0.000010    0.000196    0.000010    0.000098    0.000021    0.000036
    0.000007    0.000002    0.000023    0.000001    0.000023    0.000002    0.000007    0.000005
    0.000021    0.000254    0.000010    0.000305    0.000010    0.000254    0.000021    0.000047
    0.000232    0.003988    0.001697   -0.407684    0.001697    0.003988    0.000232    0.000585
    0.000232    0.000254    0.001697    0.000305    0.001697    0.000254    0.000232    0.000047
    0.000021    0.000004    0.000010    0.000002    0.000010    0.000004    0.000021    0.000015
    0.000021    0.000098    0.000010    0.000196    0.000010    0.000098    0.000021    0.000036
    0.000232    0.000254    0.001697    0.000305    0.001697    0.000254    0.000232    0.000047
    0.000232    0.000098    0.001697    0.000196    0.001697    0.000098    0.000232    0.000036
    0.000021    0.000002    0.000010    0.000001    0.000010    0.000002    0.000021    0.000005
    0.000007    0.000002    0.000023    0.000001    0.000023    0.000002    0.000007    0.000005
    0.000021    0.000004    0.000010    0.000002    0.000010    0.000004    0.000021    0.000015
    0.000021    0.000002    0.000010    0.000001    0.000010    0.000002    0.000021    0.000005
    0.000007    0.000009    0.000023    0.000016    0.000023    0.000009    0.000007    0.000003

    0.000036    0.000232    0.000098    0.001697    0.000196    0.001697    0.000098    0.000232
    0.000047    0.000232    0.000254    0.001697    0.000305    0.001697    0.000254    0.000232
    0.000036    0.000021    0.000098    0.000010    0.000196    0.000010    0.000098    0.000021
    0.000005    0.000021    0.000002    0.000010    0.000001    0.000010    0.000002    0.000021
    0.000047    0.000232    0.000254    0.001697    0.000305    0.001697    0.000254    0.000232
    0.000585    0.000232    0.003988    0.001697   -0.407684    0.001697    0.003988    0.000232
    0.000047    0.000021    0.000254    0.000010    0.000305    0.000010    0.000254    0.000021
    0.000015    0.000021    0.000004    0.000010    0.000002    0.000010    0.000004    0.000021
    0.000036    0.000021    0.000098    0.000010    0.000196    0.000010    0.000098    0.000021
    0.000047    0.000021    0.000254    0.000010    0.000305    0.000010    0.000254    0.000021
    0.000036    0.000007    0.000098    0.000023    0.000196    0.000023    0.000098    0.000007
    0.000005    0.000007    0.000002    0.000023    0.000001    0.000023    0.000002    0.000007
    0.000005    0.000021    0.000002    0.000010    0.000001    0.000010    0.000002    0.000021
    0.000015    0.000021    0.000004    0.000010    0.000002    0.000010    0.000004    0.000021
    0.000005    0.000007    0.000002    0.000023    0.000001    0.000023    0.000002    0.000007
    0.000003    0.000007    0.000009    0.000023    0.000016    0.000023    0.000009    0.000007

    0.000007    0.000036    0.000007    0.000098    0.000023    0.000196    0.000023    0.000098
    0.000021    0.000047    0.000021    0.000254    0.000010    0.000305    0.000010    0.000254
    0.000021    0.000036    0.000021    0.000098    0.000010    0.000196    0.000010    0.000098
    0.000007    0.000005    0.000007    0.000002    0.000023    0.000001    0.000023    0.000002
    0.000021    0.000047    0.000021    0.000254    0.000010    0.000305    0.000010    0.000254
    0.000232    0.000585    0.000232    0.003988    0.001697   -0.407684    0.001697    0.003988
    0.000232    0.000047    0.000232    0.000254    0.001697    0.000305    0.001697    0.000254
    0.000021    0.000015    0.000021    0.000004    0.000010    0.000002    0.000010    0.000004
    0.000021    0.000036    0.000021    0.000098    0.000010    0.000196    0.000010    0.000098
    0.000232    0.000047    0.000232    0.000254    0.001697    0.000305    0.001697    0.000254
    0.000232    0.000036    0.000232    0.000098    0.001697    0.000196    0.001697    0.000098
    0.000021    0.000005    0.000021    0.000002    0.000010    0.000001    0.000010    0.000002
    0.000007    0.000005    0.000007    0.000002    0.000023    0.000001    0.000023    0.000002
    0.000021    0.000015    0.000021    0.000004    0.000010    0.000002    0.000010    0.000004
    0.000021    0.000005    0.000021    0.000002    0.000010    0.000001    0.000010    0.000002
    0.000007    0.000003    0.000007    0.000009    0.000023    0.000016    0.000023    0.000009

    0.000098    0.000232    0.000036    0.000232    0.000098    0.001697    0.000196    0.001697
    0.000254    0.000232    0.000047    0.000232    0.000254    0.001697    0.000305    0.001697
    0.000098    0.000021    0.000036    0.000021    0.000098    0.000010    0.000196    0.000010
    0.000002    0.000021    0.000005    0.000021    0.000002    0.000010    0.000001    0.000010
    0.000254    0.000232    0.000047    0.000232    0.000254    0.001697    0.000305    0.001697
    0.003988    0.000232    0.000585    0.000232    0.003988    0.001697   -0.407684    0.001697
    0.000254    0.000021    0.000047    0.000021    0.000254    0.000010    0.000305    0.000010
    0.000004    0.000021    0.000015    0.000021    0.000004    0.000010    0.000002    0.000010
    0.000098    0.000021    0.000036    0.000021    0.000098    0.000010    0.000196    0.000010
    0.000254    0.000021    0.000047    0.000021    0.000254    0.000010    0.000305    0.000010
    0.000098    0.000007    0.000036    0.000007    0.000098    0.000023    0.000196    0.000023
    0.000002    0.000007    0.000005    0.000007    0.000002    0.000023    0.000001    0.000023
    0.000002    0.000021    0.000005    0.000021    0.000002    0.000010    0.000001    0.000010
    0.000004    0.000021    0.000015    0.000021    0.000004    0.000010    0.000002    0.000010
    0.000002    0.000007    0.000005    0.000007    0.000002    0.000023    0.000001    0.000023
    0.000009    0.000007    0.000003    0.000007    0.000009    0.000023    0.000016    0.000023

    0.000023    0.000098    0.000007    0.000036    0.000007    0.000098    0.000023    0.000196
    0.000010    0.000254    0.000021    0.000047    0.000021    0.000254    0.000010    0.000305
    0.000010    0.000098    0.000021    0.000036    0.000021    0.000098    0.000010    0.000196
    0.000023    0.000002    0.000007    0.000005    0.000007    0.000002    0.000023    0.000001
    0.000010    0.000254    0.000021    0.000047    0.000021    0.000254    0.000010    0.000305
    0.001697    0.003988    0.000232    0.000585    0.000232    0.003988    0.001697   -0.407684
    0.001697    0.000254    0.000232    0.000047    0.000232    0.000254    0.001697    0.000305
    0.000010    0.000004    0.000021    0.000015    0.000021    0.000004    0.000010    0.000002
    0.000010    0.000098    0.000021    0.000036    0.000021    0.000098    0.000010    0.000196
    0.001697    0.000254    0.000232    0.000047    0.000232    0.000254    0.001697    0.000305
    0.001697    0.000098    0.000232    0.000036    0.000232    0.000098    0.001697    0.000196
    0.000010    0.000002    0.000021    0.000005    0.000021    0.000002    0.000010    0.000001
    0.000023    0.000002    0.000007    0.000005    0.000007    0.000002    0.000023    0.000001
    0.000010    0.000004    0.000021    0.000015    0.000021    0.000004    0.000010    0.000002
    0.000010    0.000002    0.000021    0.000005    0.000021    0.000002    0.000010    0.000001
    0.000023    0.000009    0.000007    0.000003    0.000007    0.000009    0.000023    0.000016

    0.000001    0.000010    0.000002    0.000021    0.000005    0.000021    0.000002    0.000010
    0.000196    0.001697    0.000098    0.000232    0.000036    0.000232    0.000098    0.001697
    0.000305    0.001697    0.000254    0.000232    0.000047    0.000232    0.000254    0.001697
    0.000196    0.000010    0.000098    0.000021    0.000036    0.000021    0.000098    0.000010
    0.000002    0.000010    0.000004    0.000021    0.000015    0.000021    0.000004    0.000010
    0.000305    0.001697    0.000254    0.000232    0.000047    0.000232    0.000254    0.001697
   -0.407684    0.001697    0.003988    0.000232    0.000585    0.000232    0.003988    0.001697
    0.000305    0.000010    0.000254    0.000021    0.000047    0.000021    0.000254    0.000010
    0.000001    0.000023    0.000002    0.000007    0.000005    0.000007    0.000002    0.000023
    0.000196    0.000010    0.000098    0.000021    0.000036    0.000021    0.000098    0.000010
    0.000305    0.000010    0.000254    0.000021    0.000047    0.000021    0.000254    0.000010
    0.000196    0.000023    0.000098    0.000007    0.000036    0.000007    0.000098    0.000023
    0.000016    0.000023    0.000009    0.000007    0.000003    0.000007    0.000009    0.000023
    0.000001    0.000010    0.000002    0.000021    0.000005    0.000021    0.000002    0.000010
    0.000002    0.000010    0.000004    0.000021    0.000015    0.000021    0.000004    0.000010
    0.000001    0.000023    0.000002    0.000007    0.000005    0.000007    0.000002    0.000023

    0.000023    0.000001    0.000023    0.000002    0.000007    0.000005    0.000007    0.000002
    0.000023    0.000196    0.000023    0.000098    0.000007    0.000036    0.000007    0.000098
    0.000010    0.000305    0.000010    0.000254    0.000021    0.000047    0.000021    0.000254
    0.000010    0.000196    0.000010    0.000098    0.000021    0.000036    0.000021    0.000098
    0.000010    0.000002    0.000010    0.000004    0.000021    0.000015    0.000021    0.000004
    0.000010    0.000305    0.000010    0.000254    0.000021    0.000047    0.000021    0.000254
    0.001697   -0.407684    0.001697    0.003988    0.000232    0.000585    0.000232    0.003988
    0.001697    0.000305    0.001697    0.000254    0.000232    0.000047    0.000232    0.000254
    0.000010    0.000001    0.000010    0.000002    0.000021    0.000005    0.000021    0.000002
    0.000010    0.000196    0.000010    0.000098    0.000021    0.000036    0.000021    0.000098
    0.001697    0.000305    0.001697    0.000254    0.000232    0.000047    0.000232    0.000254
    0.001697    0.000196    0.001697    0.000098    0.000232    0.000036    0.000232    0.000098
    0.000023    0.000016    0.000023    0.000009    0.000007    0.000003    0.000007    0.000009
    0.000023    0.000001    0.000023    0.000002    0.000007    0.000005    0.000007    0.000002
    0.000010    0.000002    0.000010    0.000004    0.000021    0.000015    0.000021    0.000004
    0.000010    0.000001    0.000010    0.000002    0.000021    0.000005    0.000021    0.000002

    0.000002    0.000010    0.000001    0.000010    0.000002    0.000021    0.000005    0.000021
    0.000098    0.001697    0.000196    0.001697    0.000098    0.000232    0.000036    0.000232
    0.000254    0.001697    0.000305    0.001697    0.000254    0.000232    0.000047    0.000232
    0.000098    0.000010    0.000196    0.000010    0.000098    0.000021    0.000036    0.000021
    0.000004    0.000010    0.000002    0.000010    0.000004    0.000021    0.000015    0.000021
    0.000254    0.001697    0.000305    0.001697    0.000254    0.000232    0.000047    0.000232
    0.003988    0.001697   -0.407684    0.001697    0.003988    0.000232    0.000585    0.000232
    0.000254    0.000010    0.000305    0.000010    0.000254    0.000021    0.000047    0.000021
    0.000002    0.000023    0.000001    0.000023    0.000002    0.000007    0.000005    0.000007
    0.000098    0.000010    0.000196    0.000010    0.000098    0.000021    0.000036    0.000021
    0.000254    0.000010    0.000305    0.000010    0.000254    0.000021    0.000047    0.000021
    0.000098    0.000023    0.000196    0.000023    0.000098    0.000007    0.000036    0.000007
    0.000009    0.000023    0.000016    0.000023    0.000009    0.000007    0.000003    0.000007
    0.000002    0.000010    0.000001    0.000010    0.000002    0.000021    0.000005    0.000021
    0.000004    0.000010    0.000002    0.000010    0.000004    0.000021    0.000015    0.000021
    0.000002    0.000023    0.000001    0.000023    0.000002    0.000007    0.000005    0.000007

    0.000007    0.000002    0.000023    0.000001    0.000023    0.000002    0.000007    0.000005
    0.000007    0.000098    0.000023    0.000196    0.000023    0.000098    0.000007    0.000036
    0.000021    0.000254    0.000010    0.000305    0.000010    0.000254    0.000021    0.000047
    0.000021    0.000098    0.000010    0.000196    0.000010    0.000098    0.000021    0.000036
    0.000021    0.000004    0.000010    0.000002    0.000010    0.000004    0.000021    0.000015
    0.000021    0.000254    0.000010    0.000305    0.000010    0.000254    0.000021    0.000047
    0.000232    0.003988    0.001697   -0.407684    0.001697    0.003988    0.000232    0.000585
    0.000232    0.000254    0.001697    0.000305    0.001697    0.000254    0.000232    0.000047
    0.000021    0.000002    0.000010    0.000001    0.000010    0.000002    0.000021    0.000005
    0.000021    0.000098    0.000010    0.000196    0.000010    0.000098    0.000021    0.000036
    0.000232    0.000254    0.001697    0.000305    0.001697    0.000254    0.000232    0.000047
    0.000232    0.000098    0.001697    0.000196    0.001697    0.000098    0.000232    0.000036
    0.000007    0.000009    0.000023    0.000016    0.000023    0.000009    0.000007    0.000003
    0.000007    0.000002    0.000023    0.000001    0.000023    0.000002    0.000007    0.000005
    0.000021    0.000004    0.000010    0.000002    0.000010    0.000004    0.000021    0.000015
    0.000021    0.000002    0.000010    0.000001    0.000010    0.000002    0.000021    0.000005

    0.000005    0.000021    0.000002    0.000010    0.000001    0.000010    0.000002    0.000021
    0.000036    0.000232    0.000098    0.001697    0.000196    0.001697    0.000098    0.000232
    0.000047    0.000232    0.000254    0.001697    0.000305    0.001697    0.000254    0.000232
    0.000036    0.000021    0.000098    0.000010    0.000196    0.000010    0.000098    0.000021
    0.000015    0.000021    0.000004    0.000010    0.000002    0.000010    0.000004    0.000021
    0.000047    0.000232    0.000254    0.001697    0.000305    0.001697    0.000254    0.000232
    0.000585    0.000232    0.003988    0.001697   -0.407684    0.001697    0.003988    0.000232
    0.000047    0.000021    0.000254    0.000010    0.000305    0.000010    0.000254    0.000021
    0.000005    0.000007    0.000002    0.000023    0.000001    0.000023    0.000002    0.000007
    0.000036    0.000021    0.000098    0.000010    0.000196    0.000010    0.000098    0.000021
    0.000047    0.000021    0.000254    0.000010    0.000305    0.000010    0.000254    0.000021
    0.000036    0.000007    0.000098    0.000023    0.000196    0.000023    0.000098    0.000007
    0.000003    0.000007    0.000009    0.000023    0.000016    0.000023    0.000009    0.000007
    0.000005    0.000021    0.000002    0.000010    0.000001    0.000010    0.000002    0.000021
    0.000015    0.000021    0.000004    0.000010    0.000002    0.000010    0.000004    0.000021
    0.000005    0.000007    0.000002    0.000023    0.000001    0.000023    0.000002    0.000007

    0.000007    0.000005    0.000007    0.000002    0.000023    0.000001    0.000023    0.000002
    0.000007    0.000036    0.000007    0.000098    0.000023    0.000196    0.000023    0.000098
    0.000021    0.000047    0.000021    0.000254    0.000010    0.000305    0.000010    0.000254
    0.000021    0.000036    0.000021    0.000098    0.000010    0.000196    0.000010    0.000098
    0.000021    0.000015    0.000021    0.000004    0.000010    0.000002    0.000010    0.000004
    0.000021    0.000047    0.000021    0.000254    0.000010    0.000305    0.000010    0.000254
    0.000232    0.000585    0.000232    0.003988    0.001697   -0.407684    0.001697    0.003988
    0.000232    0.000047    0.000232    0.000254    0.001697    0.000305    0.001697    0.000254
    0.000021    0.000005    0.000021    0.000002    0.000010    0.000001    0.000010    0.000002
    0.000021    0.000036    0.000021    0.000098    0.000010    0.000196    0.000010    0.000098
    0.000232    0.000047    0.000232    0.000254    0.001697    0.000305    0.001697    0.000254
    0.000232    0.000036    0.000232    0.000098    0.001697    0.000196    0.001697    0.000098
    0.000007    0.000003    0.000007    0.000009    0.000023    0.000016    0.000023    0.000009
    0.000007    0.000005    0.000007    0.000002    0.000023    0.000001    0.000023    0.000002
    0.000021    0.000015    0.000021    0.000004    0.000010    0.000002    0.000010    0.000004
    0.000021    0.000005    0.000021    0.000002    0.000010    0.000001    0.000010    0.000002

    0.000002    0.000021    0.000005    0.000021    0.000002    0.000010    0.000001    0.000010
    0.000098    0.000232    0.000036    0.000232    0.000098    0.001697    0.000196    0.001697
    0.000254    0.000232    0.000047    0.000232    0.000254    0.001697    0.000305    0.001697
    0.000098    0.000021    0.000036    0.000021    0.000098    0.000010    0.000196    0.000010
    0.000004    0.000021    0.000015    0.000021    0.000004    0.000010    0.000002    0.000010
    0.000254    0.000232    0.000047    0.000232    0.000254    0.001697    0.000305    0.001697
    0.003988    0.000232    0.000585    0.000232    0.003988    0.001697   -0.407684    0.001697
    0.000254    0.000021    0.000047    0.000021    0.000254    0.000010    0.000305    0.000010
    0.000002    0.000007    0.000005    0.000007    0.000002    0.000023    0.000001    0.000023
    0.000098    0.000021    0.000036    0.000021    0.000098    0.000010    0.000196    0.000010
    0.000254    0.000021    0.000047    0.000021    0.000254    0.000010    0.000305    0.000010
    0.000098    0.000007    0.000036    0.000007    0.000098    0.000023    0.000196    0.000023
    0.000009    0.000007    0.000003    0.000007    0.000009    0.000023    0.000016    0.000023
    0.000002    0.000021    0.000005    0.000021    0.000002    0.000010    0.000001    0.000010
    0.000004    0.000021    0.000015    0.000021    0.000004    0.000010    0.000002    0.000010
    0.000002    0.000007    0.000005    0.000007    0.000002    0.000023    0.000001    0.000023

    0.000023    0.000002    0.000007    0.000005    0.000007    0.000002    0.000023    0.000001
    0.000023    0.000098    0.000007    0.000036    0.000007    0.000098    0.000023    0.000196
    0.000010    0.000254    0.000021    0.000047    0.000021    0.000254    0.000010    0.000305
    0.000010    0.000098    0.000021    0.000036    0.000021    0.000098    0.000010    0.000196
    0.000010    0.000004    0.000021    0.000015    0.000021    0.000004    0.000010    0.000002
    0.000010    0.000254    0.000021    0.000047    0.000021    0.000254    0.000010    0.000305
    0.001697    0.003988    0.000232    0.000585    0.000232    0.003988    0.001697   -0.407684
    0.001697    0.000254    0.000232    0.000047    0.000232    0.000254    0.001697    0.000305
    0.000010    0.000002    0.000021    0.000005    0.000021    0.000002    0.000010    0.000001
    0.000010    0.000098    0.000021    0.000036    0.000021    0.000098    0.000010    0.000196
    0.001697    0.000254    0.000232    0.000047    0.000232    0.000254    0.001697    0.000305
    0.001697    0.000098    0.000232    0.000036    0.000232    0.000098    0.001697    0.000196
    0.000023    0.000009    0.000007    0.000003    0.000007    0.000009    0.000023    0.000016
    0.000023    0.000002    0.000007    0.000005    0.000007    0.000002    0.000023    0.000001
    0.000010    0.000004    0.000021    0.000015    0.000021    0.000004    0.000010    0.000002
    0.000010    0.000002    0.000021    0.000005    0.000021    0.000002    0.000010    0.000001

    0.000196    0.000010    0.000098    0.000021    0.000036    0.000021    0.000098    0.000010
    0.000001    0.000010    0.000002    0.000021    0.000005    0.000021    0.000002    0.000010
    0.000196    0.001697    0.000098    0.000232    0.000036    0.000232    0.000098    0.001697
    0.000305    0.001697    0.000254    0.000232    0.000047    0.000232    0.000254    0.001697
    0.000305    0.000010    0.000254    0.000021    0.000047    0.000021    0.000254    0.000010
    0.000002    0.000010    0.000004    0.000021    0.000015    0.000021    0.000004    0.000010
    0.000305    0.001697    0.000254    0.000232    0.000047    0.000232    0.000254    0.001697
   -0.407684    0.001697    0.003988    0.000232    0.000585    0.000232    0.003988    0.001697
    0.000196    0.000023    0.000098    0.000007    0.000036    0.000007    0.000098    0.000023
    0.000001    0.000023    0.000002    0.000007    0.000005    0.000007    0.000002    0.000023
    0.000196    0.000010    0.000098    0.000021    0.000036    0.000021    0.000098    0.000010
    0.000305    0.000010    0.000254    0.000021    0.000047    0.000021    0.000254    0.000010
    0.000001    0.000023    0.000002    0.000007    0.000005    0.000007    0.000002    0.000023
    0.000016    0.000023    0.000009    0.000007    0.000003    0.000007    0.000009    0.000023
    0.000001    0.000010    0.000002    0.000021    0.000005    0.000021    0.000002    0.000010
    0.000002    0.000010    0.000004    0.000021    0.000015    0.000021    0.000004    0.000010

    0.000010    0.000196    0.000010    0.000098    0.000021    0.000036    0.000021    0.000098
    0.000023    0.000001    0.000023    0.000002    0.000007    0.000005    0.000007    0.000002
    0.000023    0.000196    0.000023    0.000098    0.000007    0.000036    0.000007    0.000098
    0.000010    0.000305    0.000010    0.000254    0.000021    0.000047    0.000021    0.000254
    0.001697    0.000305    0.001697    0.000254    0.000232    0.000047    0.000232    0.000254
    0.000010    0.000002    0.000010    0.000004    0.000021    0.000015    0.000021    0.000004
    0.000010    0.000305    0.000010    0.000254    0.000021    0.000047    0.000021    0.000254
    0.001697   -0.407684    0.001697    0.003988    0.000232    0.000585    0.000232    0.003988
    0.001697    0.000196    0.001697    0.000098    0.000232    0.000036    0.000232    0.000098
    0.000010    0.000001    0.000010    0.000002    0.000021    0.000005    0.000021    0.000002
    0.000010    0.000196    0.000010    0.000098    0.000021    0.000036    0.000021    0.000098
    0.001697    0.000305    0.001697    0.000254    0.000232    0.000047    0.000232    0.000254
    0.000010    0.000001    0.000010    0.000002    0.000021    0.000005    0.000021    0.000002
    0.000023    0.000016    0.000023    0.000009    0.000007    0.000003    0.000007    0.000009
    0.000023    0.000001    0.000023    0.000002    0.000007    0.000005    0.000007    0.000002
    0.000010    0.000002    0.000010    0.000004    0.000021    0.000015    0.000021    0.000004

    0.000098    0.000010    0.000196    0.000010    0.000098    0.000021    0.000036    0.000021
    0.000002    0.000010    0.000001    0.000010    0.000002    0.000021    0.000005    0.000021
    0.000098    0.001697    0.000196    0.001697    0.000098    0.000232    0.000036    0.000232
    0.000254    0.001697    0.000305    0.001697    0.000254    0.000232    0.000047    0.000232
    0.000254    0.000010    0.000305    0.000010    0.000254    0.000021    0.000047    0.000021
    0.000004    0.000010    0.000002    0.000010    0.000004    0.000021    0.000015    0.000021
    0.000254    0.001697    0.000305    0.001697    0.000254    0.000232    0.000047    0.000232
    0.003988    0.001697   -0.407684    0.001697    0.003988    0.000232    0.000585    0.000232
    0.000098    0.000023    0.000196    0.000023    0.000098    0.000007    0.000036    0.000007
    0.000002    0.000023    0.000001    0.000023    0.000002    0.000007    0.000005    0.000007
    0.000098    0.000010    0.000196    0.000010    0.000098    0.000021    0.000036    0.000021
    0.000254    0.000010    0.000305    0.000010    0.000254    0.000021    0.000047    0.000021
    0.000002    0.000023    0.000001    0.000023    0.000002    0.000007    0.000005    0.000007
    0.000009    0.000023    0.000016    0.000023    0.000009    0.000007    0.000003    0.000007
    0.000002    0.000010    0.000001    0.000010    0.000002    0.000021    0.000005    0.000021
    0.000004    0.000010    0.000002    0.000010    0.000004    0.000021    0.000015    0.000021

    0.000021    0.000098    0.000010    0.000196    0.000010    0.000098    0.000021    0.000036
    0.000007    0.000002    0.000023    0.000001    0.000023    0.000002    0.000007    0.000005
    0.000007    0.000098    0.000023    0.000196    0.000023    0.000098    0.000007    0.000036
    0.000021    0.000254    0.000010    0.000305    0.000010    0.000254    0.000021    0.000047
    0.000232    0.000254    0.001697    0.000305    0.001697    0.000254    0.000232    0.000047
    0.000021    0.000004    0.000010    0.000002    0.000010    0.000004    0.000021    0.000015
    0.000021    0.000254    0.000010    0.000305    0.000010    0.000254    0.000021    0.000047
    0.000232    0.003988    0.001697   -0.407684    0.001697    0.003988    0.000232    0.000585
    0.000232    0.000098    0.001697    0.000196    0.001697    0.000098    0.000232    0.000036
    0.000021    0.000002    0.000010    0.000001    0.000010    0.000002    0.000021    0.000005
    0.000021    0.000098    0.000010    0.000196    0.000010    0.000098    0.000021    0.000036
    0.000232    0.000254    0.001697    0.000305    0.001697    0.000254    0.000232    0.000047
    0.000021    0.000002    0.000010    0.000001    0.000010    0.000002    0.000021    0.000005
    0.000007    0.000009    0.000023    0.000016    0.000023    0.000009    0.000007    0.000003
    0.000007    0.000002    0.000023    0.000001    0.000023    0.000002    0.000007    0.000005
    0.000021    0.000004    0.000010    0.000002    0.000010    0.000004    0.000021    0.000015

    0.000036    0.000021    0.000098    0.000010    0.000196    0.000010    0.000098    0.000021
    0.000005    0.000021    0.000002    0.000010    0.000001    0.000010    0.000002    0.000021
    0.000036    0.000232    0.000098    0.001697    0.000196    0.001697    0.000098    0.000232
    0.000047    0.000232    0.000254    0.001697    0.000305    0.001697    0.000254    0.000232
    0.000047    0.000021    0.000254    0.000010    0.000305    0.000010    0.000254    0.000021
    0.000015    0.000021    0.000004    0.000010    0.000002    0.000010    0.000004    0.000021
    0.000047    0.000232    0.000254    0.001697    0.000305    0.001697    0.000254    0.000232
    0.000585    0.000232    0.003988    0.001697   -0.407684    0.001697    0.003988    0.000232
    0.000036    0.000007    0.000098    0.000023    0.000196    0.000023    0.000098    0.000007
    0.000005    0.000007    0.000002    0.000023    0.000001    0.000023    0.000002    0.000007
    0.000036    0.000021    0.000098    0.000010    0.000196    0.000010    0.000098    0.000021
    0.000047    0.000021    0.000254    0.000010    0.000305    0.000010    0.000254    0.000021
    0.000005    0.000007    0.000002    0.000023    0.000001    0.000023    0.000002    0.000007
    0.000003    0.000007    0.000009    0.000023    0.000016    0.000023    0.000009    0.000007
    0.000005    0.000021    0.000002    0.000010    0.000001    0.000010    0.000002    0.000021
    0.000015    0.000021    0.000004    0.000010    0.000002    0.000010    0.000004    0.000021

    0.000021    0.000036    0.000021    0.000098    0.000010    0.000196    0.000010    0.000098
    0.000007    0.000005    0.000007    0.000002    0.000023    0.000001    0.000023    0.000002
    0.000007    0.000036    0.000007    0.000098    0.000023    0.000196    0.000023    0.000098
    0.000021    0.000047    0.000021    0.000254    0.000010    0.000305    0.000010    0.000254
    0.000232    0.000047    0.000232    0.000254    0.001697    0.000305    0.001697    0.000254
    0.000021    0.000015    0.000021    0.000004    0.000010    0.000002    0.000010    0.000004
    0.000021    0.000047    0.000021    0.000254    0.000010    0.000305    0.000010    0.000254
    0.000232    0.000585    0.000232    0.003988    0.001697   -0.407684    0.001697    0.003988
    0.000232    0.000036    0.000232    0.000098    0.001697    0.000196    0.001697    0.000098
    0.000021    0.000005    0.000021    0.000002    0.000010    0.000001    0.000010    0.000002
    0.000021    0.000036    0.000021    0.000098    0.000010    0.000196    0.000010    0.000098
    0.000232    0.000047    0.000232    0.000254    0.001697    0.000305    0.001697    0.000254
    0.000021    0.000005    0.000021    0.000002    0.000010    0.000001    0.000010    0.000002
    0.000007    0.000003    0.000007    0.000009    0.000023    0.000016    0.000023    0.000009
    0.000007    0.000005    0.000007    0.000002    0.000023    0.000001    0.000023    0.000002
    0.000021    0.000015    0.000021    0.000004    0.000010    0.000002    0.000010    0.000004

    0.000098    0.000021    0.000036    0.000021    0.000098    0.000010    0.000196    0.000010
    0.000002    0.000021    0.000005    0.000021    0.000002    0.000010    0.000001    0.000010
    0.000098    0.000232    0.000036    0.000232    0.000098    0.001697    0.000196    0.001697
    0.000254    0.000232    0.000047    0.000232    0.000254    0.001697    0.000305    0.001697
    0.000254    0.000021    0.000047    0.000021    0.000254    0.000010    0.000305    0.000010
    0.000004    0.000021    0.000015    0.000021    0.000004    0.000010    0.000002    0.000010
    0.000254    0.000232    0.000047    0.000232    0.000254    0.001697    0.000305    0.001697
    0.003988    0.000232    0.000585    0.000232    0.003988    0.001697   -0.407684    0.001697
    0.000098    0.000007    0.000036    0.000007    0.000098    0.000023    0.000196    0.000023
    0.000002    0.000007    0.000005    0.000007    0.000002    0.000023    0.000001    0.000023
    0.000098    0.000021    0.000036    0.000021    0.000098    0.000010    0.000196    0.000010
    0.000254    0.000021    0.000047    0.000021    0.000254    0.000010    0.000305    0.000010
    0.000002    0.000007    0.000005    0.000007    0.000002    0.000023    0.000001    0.000023
    0.000009    0.000007    0.000003    0.000007    0.000009    0.000023    0.000016    0.000023
    0.000002    0.000021    0.000005    0.000021    0.000002    0.000010    0.000001    0.000010
    0.000004    0.000021    0.000015    0.000021    0.000004    0.000010    0.000002    0.000010

    0.000010    0.000098    0.000021    0.000036    0.000021    0.000098    0.000010    0.000196
    0.000023    0.000002    0.000007    0.000005    0.000007    0.000002    0.000023    0.000001
    0.000023    0.000098    0.000007    0.000036    0.000007    0.000098    0.000023    0.000196
    0.000010    0.000254    0.000021    0.000047    0.000021    0.000254    0.000010    0.000305
    0.001697    0.000254    0.000232    0.000047    0.000232    0.000254    0.001697    0.000305
    0.000010    0.000004    0.000021    0.000015    0.000021    0.000004    0.000010    0.000002
    0.000010    0.000254    0.000021    0.000047    0.000021    0.000254    0.000010    0.000305
    0.001697    0.003988    0.000232    0.000585    0.000232    0.003988    0.001697   -0.407684
    0.001697    0.000098    0.000232    0.000036    0.000232    0.000098    0.001697    0.000196
    0.000010    0.000002    0.000021    0.000005    0.000021    0.000002    0.000010    0.000001
    0.000010    0.000098    0.000021    0.000036    0.000021    0.000098    0.000010    0.000196
    0.001697    0.000254    0.000232    0.000047    0.000232    0.000254    0.001697    0.000305
    0.000010    0.000002    0.000021    0.000005    0.000021    0.000002    0.000010    0.000001
    0.000023    0.000009    0.000007    0.000003    0.000007    0.000009    0.000023    0.000016
    0.000023    0.000002    0.000007    0.000005    0.000007    0.000002    0.000023    0.000001
    0.000010    0.000004    0.000021    0.000015    0.000021    0.000004    0.000010    0.000002

    0.000002    0.000010    0.000004    0.000021    0.000015    0.000021    0.000004    0.000010
    0.000001    0.000023    0.000002    0.000007    0.000005    0.000007    0.000002    0.000023
    0.000016    0.000023    0.000009    0.000007    0.000003    0.000007    0.000009    0.000023
    0.000001    0.000010    0.000002    0.000021    0.000005    0.000021    0.000002    0.000010
    0.000305    0.001697    0.000254    0.000232    0.000047    0.000232    0.000254    0.001697
    0.000196    0.000010    0.000098    0.000021    0.000036    0.000021    0.000098    0.000010
    0.000001    0.000010    0.000002    0.000021    0.000005    0.000021    0.000002    0.000010
    0.000196    0.001697    0.000098    0.000232    0.000036    0.000232    0.000098    0.001697
   -0.407684    0.001697    0.003988    0.000232    0.000585    0.000232    0.003988    0.001697
    0.000305    0.000010    0.000254    0.000021    0.000047    0.000021    0.000254    0.000010
    0.000002    0.000010    0.000004    0.000021    0.000015    0.000021    0.000004    0.000010
    0.000305    0.001697    0.000254    0.000232    0.000047    0.000232    0.000254    0.001697
    0.000305    0.000010    0.000254    0.000021    0.000047    0.000021    0.000254    0.000010
    0.000196    0.000023    0.000098    0.000007    0.000036    0.000007    0.000098    0.000023
    0.000001    0.000023    0.000002    0.000007    0.000005    0.000007    0.000002    0.000023
    0.000196    0.000010    0.000098    0.000021    0.000036    0.000021    0.000098    0.000010

    0.000010    0.000002    0.000010    0.000004    0.000021    0.000015    0.000021    0.000004
    0.000010    0.000001    0.000010    0.000002    0.000021    0.000005    0.000021    0.000002
    0.000023    0.000016    0.000023    0.000009    0.000007    0.000003    0.000007    0.000009
    0.000023    0.000001    0.000023    0.000002    0.000007    0.000005    0.000007    0.000002
    0.000010    0.000305    0.000010    0.000254    0.000021    0.000047    0.000021    0.000254
    0.000010    0.000196    0.000010    0.000098    0.000021    0.000036    0.000021    0.000098
    0.000023    0.000001    0.000023    0.000002    0.000007    0.000005    0.000007    0.000002
    0.000023    0.000196    0.000023    0.000098    0.000007    0.000036    0.000007    0.000098
    0.001697   -0.407684    0.001697    0.003988    0.000232    0.000585    0.000232    0.003988
    0.001697    0.000305    0.001697    0.000254    0.000232    0.000047    0.000232    0.000254
    0.000010    0.000002    0.000010    0.000004    0.000021    0.000015    0.000021    0.000004
    0.000010    0.000305    0.000010    0.000254    0.000021    0.000047    0.000021    0.000254
    0.001697    0.000305    0.001697    0.000254    0.000232    0.000047    0.000232    0.000254
    0.001697    0.000196    0.001697    0.000098    0.000232    0.000036    0.000232    0.000098
    0.000010    0.000001    0.000010    0.000002    0.000021    0.000005    0.000021    0.000002
    0.000010    0.000196    0.000010    0.000098    0.000021    0.000036    0.000021    0.000098

    0.000004    0.000010    0.000002    0.000010    0.000004    0.000021    0.000015    0.000021
    0.000002    0.000023    0.000001    0.000023    0.000002    0.000007    0.000005    0.000007
    0.000009    0.000023    0.000016    0.000023    0.000009    0.000007    0.000003    0.000007
    0.000002    0.000010    0.000001    0.000010    0.000002    0.000021    0.000005    0.000021
    0.000254    0.001697    0.000305    0.001697    0.000254    0.000232    0.000047    0.000232
    0.000098    0.000010    0.000196    0.000010    0.000098    0.000021    0.000036    0.000021
    0.000002    0.000010    0.000001    0.000010    0.000002    0.000021    0.000005    0.000021
    0.000098    0.001697    0.000196    0.001697    0.000098    0.000232    0.000036    0.000232
    0.003988    0.001697   -0.407684    0.001697    0.003988    0.000232    0.000585    0.000232
    0.000254    0.000010    0.000305    0.000010    0.000254    0.000021    0.000047    0.000021
    0.000004    0.000010    0.000002    0.000010    0.000004    0.000021    0.000015    0.000021
    0.000254    0.001697    0.000305    0.001697    0.000254    0.000232    0.000047    0.000232
    0.000254    0.000010    0.000305    0.000010    0.000254    0.000021    0.000047    0.000021
    0.000098    0.000023    0.000196    0.000023    0.000098    0.000007    0.000036    0.000007
    0.000002    0.000023    0.000001    0.000023    0.000002    0.000007    0.000005    0.000007
    0.000098    0.000010    0.000196    0.000010    0.000098    0.000021    0.000036    0.000021

    0.000021    0.000004    0.000010    0.000002    0.000010    0.000004    0.000021    0.000015
    0.000021    0.000002    0.000010    0.000001    0.000010    0.000002    0.000021    0.000005
    0.000007    0.000009    0.000023    0.000016    0.000023    0.000009    0.000007    0.000003
    0.000007    0.000002    0.000023    0.000001    0.000023    0.000002    0.000007    0.000005
    0.000021    0.000254    0.000010    0.000305    0.000010    0.000254    0.000021    0.000047
    0.000021    0.000098    0.000010    0.000196    0.000010    0.000098    0.000021    0.000036
    0.000007    0.000002    0.000023    0.000001    0.000023    0.000002    0.000007    0.000005
    0.000007    0.000098    0.000023    0.000196    0.000023    0.000098    0.000007    0.000036
    0.000232    0.003988    0.001697   -0.407684    0.001697    0.003988    0.000232    0.000585
    0.000232    0.000254    0.001697    0.000305    0.001697    0.000254    0.000232    0.000047
    0.000021    0.000004    0.000010    0.000002    0.000010    0.000004    0.000021    0.000015
    0.000021    0.000254    0.000010    0.000305    0.000010    0.000254    0.000021    0.000047
    0.000232    0.000254    0.001697    0.000305    0.001697    0.000254    0.000232    0.000047
    0.000232    0.000098    0.001697    0.000196    0.001697    0.000098    0.000232    0.000036
    0.000021    0.000002    0.000010    0.000001    0.000010    0.000002    0.000021    0.000005
    0.000021    0.000098    0.000010    0.000196    0.000010    0.000098    0.000021    0.000036

    0.000015    0.000021    0.000004    0.000010    0.000002    0.000010    0.000004    0.000021
    0.000005    0.000007    0.000002    0.000023    0.000001    0.000023    0.000002    0.000007
    0.000003    0.000007    0.000009    0.000023    0.000016    0.000023    0.000009    0.000007
    0.000005    0.000021    0.000002    0.000010    0.000001    0.000010    0.000002    0.000021
    0.000047    0.000232    0.000254    0.001697    0.000305    0.001697    0.000254    0.000232
    0.000036    0.000021    0.000098    0.000010    0.000196    0.000010    0.000098    0.000021
    0.000005    0.000021    0.000002    0.000010    0.000001    0.000010    0.000002    0.000021
    0.000036    0.000232    0.000098    0.001697    0.000196    0.001697    0.000098    0.000232
    0.000585    0.000232    0.003988    0.001697   -0.407684    0.001697    0.003988    0.000232
    0.000047    0.000021    0.000254    0.000010    0.000305    0.000010    0.000254    0.000021
    0.000015    0.000021    0.000004    0.000010    0.000002    0.000010    0.000004    0.000021
    0.000047    0.000232    0.000254    0.001697    0.000305    0.001697    0.000254    0.000232
    0.000047    0.000021    0.000254    0.000010    0.000305    0.000010    0.000254    0.000021
    0.000036    0.000007    0.000098    0.000023    0.000196    0.000023    0.000098    0.000007
    0.000005    0.000007    0.000002    0.000023    0.000001    0.000023    0.000002    0.000007
    0.000036    0.000021    0.000098    0.000010    0.000196    0.000010    0.000098    0.000021

    0.000021    0.000015    0.000021    0.000004    0.000010    0.000002    0.000010    0.000004
    0.000021    0.000005    0.000021    0.000002    0.000010    0.000001    0.000010    0.000002
    0.000007    0.000003    0.000007    0.000009    0.000023    0.000016    0.000023    0.000009
    0.000007    0.000005    0.000007    0.000002    0.000023    0.000001    0.000023    0.000002
    0.000021    0.000047    0.000021    0.000254    0.000010    0.000305    0.000010    0.000254
    0.000021    0.000036    0.000021    0.000098    0.000010    0.000196    0.000010    0.000098
    0.000007    0.000005    0.000007    0.000002    0.000023    0.000001    0.000023    0.000002
    0.000007    0.000036    0.000007    0.000098    0.000023    0.000196    0.000023    0.000098
    0.000232    0.000585    0.000232    0.003988    0.001697   -0.407684    0.001697    0.003988
    0.000232    0.000047    0.000232    0.000254    0.001697    0.000305    0.001697    0.000254
    0.000021    0.000015    0.000021    0.000004    0.000010    0.000002    0.000010    0.000004
    0.000021    0.000047    0.000021    0.000254    0.000010    0.000305    0.000010    0.000254
    0.000232    0.000047    0.000232    0.000254    0.001697    0.000305    0.001697    0.000254
    0.000232    0.000036    0.000232    0.000098    0.001697    0.000196    0.001697    0.000098
    0.000021    0.000005    0.000021    0.000002    0.000010    0.000001    0.000010    0.000002
    0.000021    0.000036    0.000021    0.000098    0.000010    0.000196    0.000010    0.000098

    0.000004    0.000021    0.000015    0.000021    0.000004    0.000010    0.000002    0.000010
    0.000002    0.000007    0.000005    0.000007    0.000002    0.000023    0.000001    0.000023
    0.000009    0.000007    0.000003    0.000007    0.000009    0.000023    0.000016    0.000023
    0.000002    0.000021    0.000005    0.000021    0.000002    0.000010    0.000001    0.000010
    0.000254    0.000232    0.000047    0.000232    0.000254    0.001697    0.000305    0.001697
    0.000098    0.000021    0.000036    0.000021    0.000098    0.000010    0.000196    0.000010
    0.000002    0.000021    0.000005    0.000021    0.000002    0.000010    0.000001    0.000010
    0.000098    0.000232    0.000036    0.000232    0.000098    0.001697    0.000196    0.001697
    0.003988    0.000232    0.000585    0.000232    0.003988    0.001697   -0.407684    0.001697
    0.000254    0.000021    0.000047    0.000021    0.000254    0.000010    0.000305    0.000010
    0.000004    0.000021    0.000015    0.000021    0.000004    0.000010    0.000002    0.000010
    0.000254    0.000232    0.000047    0.000232    0.000254    0.001697    0.000305    0.001697
    0.000254    0.000021    0.000047    0.000021    0.000254    0.000010    0.000305    0.000010
    0.000098    0.000007    0.000036    0.000007    0.000098    0.000023    0.000196    0.000023
    0.000002    0.000007    0.000005    0.000007    0.000002    0.000023    0.000001    0.000023
    0.000098    0.000021    0.000036    0.000021    0.000098    0.000010    0.000196    0.000010

    0.000010    0.000004    0.000021    0.000015    0.000021    0.000004    0.000010    0.000002
    0.000010    0.000002    0.000021    0.000005    0.000021    0.000002    0.000010    0.000001
    0.000023    0.000009    0.000007    0.000003    0.000007    0.000009    0.000023    0.000016
    0.000023    0.000002    0.000007    0.000005    0.000007    0.000002    0.000023    0.000001
    0.000010    0.000254    0.000021    0.000047    0.000021    0.000254    0.000010    0.000305
    0.000010    0.000098    0.000021    0.000036    0.000021    0.000098    0.000010    0.000196
    0.000023    0.000002    0.000007    0.000005    0.000007    0.000002    0.000023    0.000001
    0.000023    0.000098    0.000007    0.000036    0.000007    0.000098    0.000023    0.000196
    0.001697    0.003988    0.000232    0.000585    0.000232    0.003988    0.001697   -0.407684
    0.001697    0.000254    0.000232    0.000047    0.000232    0.000254    0.001697    0.000305
    0.000010    0.000004    0.000021    0.000015    0.000021    0.000004    0.000010    0.000002
    0.000010    0.000254    0.000021    0.000047    0.000021    0.000254    0.000010    0.000305
    0.001697    0.000254    0.000232    0.000047    0.000232    0.000254    0.001697    0.000305
    0.001697    0.000098    0.000232    0.000036    0.000232    0.000098    0.001697    0.000196
    0.000010    0.000002    0.000021    0.000005    0.000021    0.000002    0.000010    0.000001
    0.000010    0.000098    0.000021    0.000036    0.000021    0.000098    0.000010    0.000196

    0.000001    0.000010    0.000002    0.000021    0.000005    0.000021    0.000002    0.000010
    0.000002    0.000010    0.000004    0.000021    0.000015    0.000021    0.000004    0.000010
    0.000001    0.000023    0.000002    0.000007    0.000005    0.000007    0.000002    0.000023
    0.000016    0.000023    0.000009    0.000007    0.000003    0.000007    0.000009    0.000023
    0.000196    0.001697    0.000098    0.000232    0.000036    0.000232    0.000098    0.001697
    0.000305    0.001697    0.000254    0.000232    0.000047    0.000232    0.000254    0.001697
    0.000196    0.000010    0.000098    0.000021    0.000036    0.000021    0.000098    0.000010
    0.000001    0.000010    0.000002    0.000021    0.000005    0.000021    0.000002    0.000010
    0.000305    0.001697    0.000254    0.000232    0.000047    0.000232    0.000254    0.001697
   -0.407684    0.001697    0.003988    0.000232    0.000585    0.000232    0.003988    0.001697
    0.000305    0.000010    0.000254    0.000021    0.000047    0.000021    0.000254    0.000010
    0.000002    0.000010    0.000004    0.000021    0.000015    0.000021    0.000004    0.000010
    0.000196    0.000010    0.000098    0.000021    0.000036    0.000021    0.000098    0.000010
    0.000305    0.000010    0.000254    0.000021    0.000047    0.000021    0.000254    0.000010
    0.000196    0.000023    0.000098    0.000007    0.000036    0.000007    0.000098    0.000023
    0.000001    0.000023    0.000002    0.000007    0.000005    0.000007    0.000002    0.000023

    0.000023    0.000001    0.000023    0.000002    0.000007    0.000005    0.000007    0.000002
    0.000010    0.000002    0.000010    0.000004    0.000021    0.000015    0.000021    0.000004
    0.000010    0.000001    0.000010    0.000002    0.000021    0.000005    0.000021    0.000002
    0.000023    0.000016    0.000023    0.000009    0.000007    0.000003    0.000007    0.000009
    0.000023    0.000196    0.000023    0.000098    0.000007    0.000036    0.000007    0.000098
    0.000010    0.000305    0.000010    0.000254    0.000021    0.000047    0.000021    0.000254
    0.000010    0.000196    0.000010    0.000098    0.000021    0.000036    0.000021    0.000098
    0.000023    0.000001    0.000023    0.000002    0.000007    0.000005    0.000007    0.000002
    0.000010    0.000305    0.000010    0.000254    0.000021    0.000047    0.000021    0.000254
    0.001697   -0.407684    0.001697    0.003988    0.000232    0.000585    0.000232    0.003988
    0.001697    0.000305    0.001697    0.000254    0.000232    0.000047    0.000232    0.000254
    0.000010    0.000002    0.000010    0.000004    0.000021    0.000015    0.000021    0.000004
    0.000010    0.000196    0.000010    0.000098    0.000021    0.000036    0.000021    0.000098
    0.001697    0.000305    0.001697    0.000254    0.000232    0.000047    0.000232    0.000254
    0.001697    0.000196    0.001697    0.000098    0.000232    0.000036    0.000232    0.000098
    0.000010    0.000001    0.000010    0.000002    0.000021    0.000005    0.000021    0.000002

    0.000002    0.000010    0.000001    0.000010    0.000002    0.000021    0.000005    0.000021
    0.000004    0.000010    0.000002    0.000010    0.000004    0.000021    0.000015    0.000021
    0.000002    0.000023    0.000001    0.000023    0.000002    0.000007    0.000005    0.000007
    0.000009    0.000023    0.000016    0.000023    0.000009    0.000007    0.000003    0.000007
    0.000098    0.001697    0.000196    0.001697    0.000098    0.000232    0.000036    0.000232
    0.000254    0.001697    0.000305    0.001697    0.000254    0.000232    0.000047    0.000232
    0.000098    0.000010    0.000196    0.000010    0.000098    0.000021    0.000036    0.000021
    0.000002    0.000010    0.000001    0.000010    0.000002    0.000021    0.000005    0.000021
    0.000254    0.001697    0.000305    0.001697    0.000254    0.000232    0.000047    0.000232
    0.003988    0.001697   -0.407684    0.001697    0.003988    0.000232    0.000585    0.000232
    0.000254    0.000010    0.000305    0.000010    0.000254    0.000021    0.000047    0.000021
    0.000004    0.000010    0.000002    0.000010    0.000004    0.000021    0.000015    0.000021
    0.000098    0.000010    0.000196    0.000010    0.000098    0.000021    0.000036    0.000021
    0.000254    0.000010    0.000305    0.000010    0.000254    0.000021    0.000047    0.000021
    0.000098    0.000023    0.000196    0.000023    0.000098    0.000007    0.000036    0.000007
    0.000002    0.000023    0.000001    0.000023    0.000002    0.000007    0.000005    0.000007

    0.000007    0.000002    0.000023    0.000001    0.000023    0.000002    0.000007    0.000005
    0.000021    0.000004    0.000010    0.000002    0.000010    0.000004    0.000021    0.000015
    0.000021    0.000002    0.000010    0.000001    0.000010    0.000002    0.000021    0.000005
    0.000007    0.000009    0.000023    0.000016    0.000023    0.000009    0.000007    0.000003
    0.000007    0.000098    0.000023    0.000196    0.000023    0.000098    0.000007    0.000036
    0.000021    0.000254    0.000010    0.000305    0.000010    0.000254    0.000021    0.000047
    0.000021    0.000098    0.000010    0.000196    0.000010    0.000098    0.000021    0.000036
    0.000007    0.000002    0.000023    0.000001    0.000023    0.000002    0.000007    0.000005
    0.000021    0.000254    0.000010    0.000305    0.000010    0.000254    0.000021    0.000047
    0.000232    0.003988    0.001697   -0.407684    0.001697    0.003988    0.000232    0.000585
    0.000232    0.000254    0.001697    0.000305    0.001697    0.000254    0.000232    0.000047
    0.000021    0.000004    0.000010    0.000002    0.000010    0.000004    0.000021    0.000015
    0.000021    0.000098    0.000010    0.000196    0.000010    0.000098    0.000021    0.000036
    0.000232    0.000254    0.001697    0.000305    0.001697    0.000254    0.000232    0.000047
    0.000232    0.000098    0.001697    0.000196    0.001697    0.000098    0.000232    0.000036
    0.000021    0.000002    0.000010    0.000001    0.000010    0.000002    0.000021    0.000005

    0.000005    0.000021    0.000002    0.000010    0.000001    0.000010    0.000002    0.000021
    0.000015    0.000021    0.000004    0.000010    0.000002    0.000010    0.000004    0.000021
    0.000005    0.000007    0.000002    0.000023    0.000001    0.000023    0.000002    0.000007
    0.000003    0.000007    0.000009    0.000023    0.000016    0.000023    0.000009    0.000007
    0.000036    0.000232    0.000098    0.001697    0.000196    0.001697    0.000098    0.000232
    0.000047    0.000232    0.000254    0.001697    0.000305    0.001697    0.000254    0.000232
    0.000036    0.000021    0.000098    0.000010    0.000196    0.000010    0.000098    0.000021
    0.000005    0.000021    0.000002    0.000010    0.000001    0.000010    0.000002    0.000021
    0.000047    0.000232    0.000254    0.001697    0.000305    0.001697    0.000254    0.000232
    0.000585    0.000232    0.003988    0.001697   -0.407684    0.001697    0.003988    0.000232
    0.000047    0.000021    0.000254    0.000010    0.000305    0.000010    0.000254    0.000021
    0.000015    0.000021    0.000004    0.000010    0.000002    0.000010    0.000004    0.000021
    0.000036    0.000021    0.000098    0.000010    0.000196    0.000010    0.000098    0.000021
    0.000047    0.000021    0.000254    0.000010    0.000305    0.000010    0.000254    0.000021
    0.000036    0.000007    0.000098    0.000023    0.000196    0.000023    0.000098    0.000007
    0.000005    0.000007    0.000002    0.000023    0.000001    0.000023    0.000002    0.000007

    0.000007    0.000005    0.000007    0.000002    0.000023    0.000001    0.000023    0.000002
    0.000021    0.000015    0.000021    0.000004    0.000010    0.000002    0.000010    0.000004
    0.000021    0.000005    0.000021    0.000002    0.000010    0.000001    0.000010    0.000002
    0.000007    0.000003    0.000007    0.000009    0.000023    0.000016    0.000023    0.000009
    0.000007    0.000036    0.000007    0.000098    0.000023    0.000196    0.000023    0.000098
    0.000021    0.000047    0.000021    0.000254    0.000010    0.000305    0.000010    0.000254
    0.000021    0.000036    0.000021    0.000098    0.000010    0.000196    0.000010    0.000098
    0.000007    0.000005    0.000007    0.000002    0.000023    0.000001    0.000023    0.000002
    0.000021    0.000047    0.000021    0.000254    0.000010    0.000305    0.000010    0.000254
    0.000232    0.000585    0.000232    0.003988    0.001697   -0.407684    0.001697    0.003988
    0.000232    0.000047    0.000232    0.000254    0.001697    0.000305    0.001697    0.000254
    0.000021    0.000015    0.000021    0.000004    0.000010    0.000002    0.000010    0.000004
    0.000021    0.000036    0.000021    0.000098    0.000010    0.000196    0.000010    0.000098
    0.000232    0.000047    0.000232    0.000254    0.001697    0.000305    0.001697    0.000254
    0.000232    0.000036    0.000232    0.000098    0.001697    0.000196    0.001697    0.000098
    0.000021    0.000005    0.000021    0.000002    0.000010    0.000001    0.000010    0.000002

    0.000002    0.000021    0.000005    0.000021    0.000002    0.000010    0.000001    0.000010
    0.000004    0.000021    0.000015    0.000021    0.000004    0.000010    0.000002    0.000010
    0.000002    0.000007    0.000005    0.000007    0.000002    0.000023    0.000001    0.000023
    0.000009    0.000007    0.000003    0.000007    0.000009    0.000023    0.000016    0.000023
    0.000098    0.000232    0.000036    0.000232    0.000098    0.001697    0.000196    0.001697
    0.000254    0.000232    0.000047    0.000232    0.000254    0.001697    0.000305    0.001697
    0.000098    0.000021    0.000036    0.000021    0.000098    0.000010    0.000196    0.000010
    0.000002    0.000021    0.000005    0.000021    0.000002    0.000010    0.000001    0.000010
    0.000254    0.000232    0.000047    0.000232    0.000254    0.001697    0.000305    0.001697
    0.003988    0.000232    0.000585    0.000232    0.003988    0.001697   -0.407684    0.001697
    0.000254    0.000021    0.000047    0.000021    0.000254    0.000010    0.000305    0.000010
    0.000004    0.000021    0.000015    0.000021    0.000004    0.000010    0.000002    0.000010
    0.000098    0.000021    0.000036    0.000021    0.000098    0.000010    0.000196    0.000010
    0.000254    0.000021    0.000047    0.000021    0.000254    0.000010    0.000305    0.000010
    0.000098    0.000007    0.000036    0.000007    0.000098    0.000023    0.000196    0.000023
    0.000002    0.000007    0.000005    0.000007    0.000002    0.000023    0.000001    0.000023

    0.000023    0.000002    0.000007    0.000005    0.000007    0.000002    0.000023    0.000001
    0.000010    0.000004    0.000021    0.000015    0.000021    0.000004    0.000010    0.000002
    0.000010    0.000002    0.000021    0.000005    0.000021    0.000002    0.000010    0.000001
    0.000023    0.000009    0.000007    0.000003    0.000007    0.000009    0.000023    0.000016
    0.000023    0.000098    0.000007    0.000036    0.000007    0.000098    0.000023    0.000196
    0.000010    0.000254    0.000021    0.000047    0.000021    0.000254    0.000010    0.000305
    0.000010    0.000098    0.000021    0.000036    0.000021    0.000098    0.000010    0.000196
    0.000023    0.000002    0.000007    0.000005    0.000007    0.000002    0.000023    0.000001
    0.000010    0.000254    0.000021    0.000047    0.000021    0.000254    0.000010    0.000305
    0.001697    0.003988    0.000232    0.000585    0.000232    0.003988    0.001697   -0.407684
    0.001697    0.000254    0.000232    0.000047    0.000232    0.000254    0.001697    0.000305
    0.000010    0.000004    0.000021    0.000015    0.000021    0.000004    0.000010    0.000002
    0.000010    0.000098    0.000021    0.000036    0.000021    0.000098    0.000010    0.000196
    0.001697    0.000254    0.000232    0.000047    0.000232    0.000254    0.001697    0.000305
    0.001697    0.000098    0.000232    0.000036    0.000232    0.000098    0.001697    0.000196
    0.000010    0.000002    0.000021    0.000005    0.000021    0.000002    0.000010    0.000001

    0.000016    0.000023    0.000009    0.000007    0.000003    0.000007    0.000009    0.000023
    0.000001    0.000010    0.000002    0.000021    0.000005    0.000021    0.000002    0.000010
    0.000002    0.000010    0.000004    0.000021    0.000015    0.000021    0.000004    0.000010
    0.000001    0.000023    0.000002    0.000007    0.000005    0.000007    0.000002    0.000023
    0.000001    0.000010    0.000002    0.000021    0.000005    0.000021    0.000002    0.000010
    0.000196    0.001697    0.000098    0.000232    0.000036    0.000232    0.000098    0.001697
    0.000305    0.001697    0.000254    0.000232    0.000047    0.000232    0.000254    0.001697
    0.000196    0.000010    0.000098    0.000021    0.000036    0.000021    0.000098    0.000010
    0.000002    0.000010    0.000004    0.000021    0.000015    0.000021    0.000004    0.000010
    0.000305    0.001697    0.000254    0.000232    0.000047    0.000232    0.000254    0.001697
   -0.407684    0.001697    0.003988    0.000232    0.000585    0.000232    0.003988    0.001697
    0.000305    0.000010    0.000254    0.000021    0.000047    0.000021    0.000254    0.000010
    0.000001    0.000023    0.000002    0.000007    0.000005    0.000007    0.000002    0.000023
    0.000196    0.000010    0.000098    0.000021    0.000036    0.000021    0.000098    0.000010
    0.000305    0.000010    0.000254    0.000021    0.000047    0.000021    0.000254    0.000010
    0.000196    0.000023    0.000098    0.000007    0.000036    0.000007    0.000098    0.000023

    0.000023    0.000016    0.000023    0.000009    0.000007    0.000003    0.000007    0.000009
    0.000023    0.000001    0.000023    0.000002    0.000007    0.000005    0.000007    0.000002
    0.000010    0.000002    0.000010    0.000004    0.000021    0.000015    0.000021    0.000004
    0.000010    0.000001    0.000010    0.000002    0.000021    0.000005    0.000021    0.000002
    0.000023    0.000001    0.000023    0.000002    0.000007    0.000005    0.000007    0.000002
    0.000023    0.000196    0.000023    0.000098    0.000007    0.000036    0.000007    0.000098
    0.000010    0.000305    0.000010    0.000254    0.000021    0.000047    0.000021    0.000254
    0.000010    0.000196    0.000010    0.000098    0.000021    0.000036    0.000021    0.000098
    0.000010    0.000002    0.000010    0.000004    0.000021    0.000015    0.000021    0.000004
    0.000010    0.000305    0.000010    0.000254    0.000021    0.000047    0.000021    0.000254
    0.001697   -0.407684    0.001697    0.003988    0.000232    0.000585    0.000232    0.003988
    0.001697    0.000305    0.001697    0.000254    0.000232    0.000047    0.000232    0.000254
    0.000010    0.000001    0.000010    0.000002    0.000021    0.000005    0.000021    0.000002
    0.000010    0.000196    0.000010    0.000098    0.000021    0.000036    0.000021    0.000098
    0.001697    0.000305    0.001697    0.000254    0.000232    0.000047    0.000232    0.000254
    0.001697    0.000196    0.001697    0.000098    0.000232    0.000036    0.000232    0.000098

    0.000009    0.000023    0.000016    0.000023    0.000009    0.000007    0.000003    0.000007
    0.000002    0.000010    0.000001    0.000010    0.000002    0.000021    0.000005    0.000021
    0.000004    0.000010    0.000002    0.000010    0.000004    0.000021    0.000015    0.000021
    0.000002    0.000023    0.000001    0.000023    0.000002    0.000007    0.000005    0.000007
    0.000002    0.000010    0.000001    0.000010    0.000002    0.000021    0.000005    0.000021
    0.000098    0.001697    0.000196    0.001697    0.000098    0.000232    0.000036    0.000232
    0.000254    0.001697    0.000305    0.001697    0.000254    0.000232    0.000047    0.000232
    0.000098    0.000010    0.000196    0.000010    0.000098    0.000021    0.000036    0.000021
    0.000004    0.000010    0.000002    0.000010    0.000004    0.000021    0.000015    0.000021
    0.000254    0.001697    0.000305    0.001697    0.000254    0.000232    0.000047    0.000232
    0.003988    0.001697   -0.407684    0.001697    0.003988    0.000232    0.000585    0.000232
    0.000254    0.000010    0.000305    0.000010    0.000254    0.000021    0.000047    0.000021
    0.000002    0.000023    0.000001    0.000023    0.000002    0.000007    0.000005    0.000007
    0.000098    0.000010    0.000196    0.000010    0.000098    0.000021    0.000036    0.000021
    0.000254    0.000010    0.000305    0.000010    0.000254    0.000021    0.000047    0.000021
    0.000098    0.000023    0.000196    0.000023    0.000098    0.000007    0.000036    0.000007

    0.000007    0.000009    0.000023    0.000016    0.000023    0.000009    0.000007    0.000003
    0.000007    0.000002    0.000023    0.000001    0.000023    0.000002    0.000007    0.000005
    0.000021    0.000004    0.000010    0.000002    0.000010    0.000004    0.000021    0.000015
    0.000021    0.000002    0.000010    0.000001    0.000010    0.000002    0.000021    0.000005
    0.000007    0.000002    0.000023    0.000001    0.000023    0.000002    0.000007    0.000005
    0.000007    0.000098    0.000023    0.000196    0.000023    0.000098    0.000007    0.000036
    0.000021    0.000254    0.000010    0.000305    0.000010    0.000254    0.000021    0.000047
    0.000021    0.000098    0.000010    0.000196    0.000010    0.000098    0.000021    0.000036
    0.000021    0.000004    0.000010    0.000002    0.000010    0.000004    0.000021    0.000015
    0.000021    0.000254    0.000010    0.000305    0.000010    0.000254    0.000021    0.000047
    0.000232    0.003988    0.001697   -0.407684    0.001697    0.003988    0.000232    0.000585
    0.000232    0.000254    0.001697    0.000305    0.001697    0.000254    0.000232    0.000047
    0.000021    0.000002    0.000010    0.000001    0.000010    0.000002    0.000021    0.000005
    0.000021    0.000098    0.000010    0.000196    0.000010    0.000098    0.000021    0.000036
    0.000232    0.000254    0.001697    0.000305    0.001697    0.000254    0.000232    0.000047
    0.000232    0.000098    0.001697    0.000196    0.001697    0.000098    0.000232    0.000036

    0.000003    0.000007    0.000009    0.000023    0.000016    0.000023    0.000009    0.000007
    0.000005    0.000021    0.000002    0.000010    0.000001    0.000010    0.000002    0.000021
    0.000015    0.000021    0.000004    0.000010    0.000002    0.000010    0.000004    0.000021
    0.000005    0.000007    0.000002    0.000023    0.000001    0.000023    0.000002    0.000007
    0.000005    0.000021    0.000002    0.000010    0.000001    0.000010    0.000002    0.000021
    0.000036    0.000232    0.000098    0.001697    0.000196    0.001697    0.000098    0.000232
    0.000047    0.000232    0.000254    0.001697    0.000305    0.001697    0.000254    0.000232
    0.000036    0.000021    0.000098    0.000010    0.000196    0.000010    0.000098    0.000021
    0.000015    0.000021    0.000004    0.000010    0.000002    0.000010    0.000004    0.000021
    0.000047    0.000232    0.000254    0.001697    0.000305    0.001697    0.000254    0.000232
    0.000585    0.000232    0.003988    0.001697   -0.407684    0.001697    0.003988    0.000232
    0.000047    0.000021    0.000254    0.000010    0.000305    0.000010    0.000254    0.000021
    0.000005    0.000007    0.000002    0.000023    0.000001    0.000023    0.000002    0.000007
    0.000036    0.000021    0.000098    0.000010    0.000196    0.000010    0.000098    0.000021
    0.000047    0.000021    0.000254    0.000010    0.000305    0.000010    0.000254    0.000021
    0.000036    0.000007    0.000098    0.000023    0.000196    0.000023    0.000098    0.000007

    0.000007    0.000003    0.000007    0.000009    0.000023    0.000016    0.000023    0.000009
    0.000007    0.000005    0.000007    0.000002    0.000023    0.000001    0.000023    0.000002
    0.000021    0.000015    0.000021    0.000004    0.000010    0.000002    0.000010    0.000004
    0.000021    0.000005    0.000021    0.000002    0.000010    0.000001    0.000010    0.000002
    0.000007    0.000005    0.000007    0.000002    0.000023    0.000001    0.000023    0.000002
    0.000007    0.000036    0.000007    0.000098    0.000023    0.000196    0.000023    0.000098
    0.000021    0.000047    0.000021    0.000254    0.000010    0.000305    0.000010    0.000254
    0.000021    0.000036    0.000021    0.000098    0.000010    0.000196    0.000010    0.000098
    0.000021    0.000015    0.000021    0.000004    0.000010    0.000002    0.000010    0.000004
    0.000021    0.000047    0.000021    0.000254    0.000010    0.000305    0.000010    0.000254
    0.000232    0.000585    0.000232    0.003988    0.001697   -0.407684    0.001697    0.003988
    0.000232    0.000047    0.000232    0.000254    0.001697    0.000305    0.001697    0.000254
    0.000021    0.000005    0.000021    0.000002    0.000010    0.000001    0.000010    0.000002
    0.000021    0.000036    0.000021    0.000098    0.000010    0.000196    0.000010    0.000098
    0.000232    0.000047    0.000232    0.000254    0.001697    0.000305    0.001697    0.000254
    0.000232    0.000036    0.000232    0.000098    0.001697    0.000196    0.001697    0.000098

    0.000009    0.000007    0.000003    0.000007    0.000009    0.000023    0.000016    0.000023
    0.000002    0.000021    0.000005    0.000021    0.000002    0.000010    0.000001    0.000010
    0.000004    0.000021    0.000015    0.000021    0.000004    0.000010    0.000002    0.000010
    0.000002    0.000007    0.000005    0.000007    0.000002    0.000023    0.000001    0.000023
    0.000002    0.000021    0.000005    0.000021    0.000002    0.000010    0.000001    0.000010
    0.000098    0.000232    0.000036    0.000232    0.000098    0.001697    0.000196    0.001697
    0.000254    0.000232    0.000047    0.000232    0.000254    0.001697    0.000305    0.001697
    0.000098    0.000021    0.000036    0.000021    0.000098    0.000010    0.000196    0.000010
    0.000004    0.000021    0.000015    0.000021    0.000004    0.000010    0.000002    0.000010
    0.000254    0.000232    0.000047    0.000232    0.000254    0.001697    0.000305    0.001697
    0.003988    0.000232    0.000585    0.000232    0.003988    0.001697   -0.407684    0.001697
    0.000254    0.000021    0.000047    0.000021    0.000254    0.000010    0.000305    0.000010
    0.000002    0.000007    0.000005    0.000007    0.000002    0.000023    0.000001    0.000023
    0.000098    0.000021    0.000036    0.000021    0.000098    0.000010    0.000196    0.000010
    0.000254    0.000021    0.000047    0.000021    0.000254    0.000010    0.000305    0.000010
    0.000098    0.000007    0.000036    0.000007    0.000098    0.000023    0.000196    0.000023

    0.000023    0.000009    0.000007    0.000003    0.000007    0.000009    0.000023    0.000016
    0.000023    0.000002    0.000007    0.000005    0.000007    0.000002    0.000023    0.000001
    0.000010    0.000004    0.000021    0.000015    0.000021    0.000004    0.000010    0.000002
    0.000010    0.000002    0.000021    0.000005    0.000021    0.000002    0.000010    0.000001
    0.000023    0.000002    0.000007    0.000005    0.000007    0.000002    0.000023    0.000001
    0.000023    0.000098    0.000007    0.000036    0.000007    0.000098    0.000023    0.000196
    0.000010    0.000254    0.000021    0.000047    0.000021    0.000254    0.000010    0.000305
    0.000010    0.000098    0.000021    0.000036    0.000021    0.000098    0.000010    0.000196
    0.000010    0.000004    0.000021    0.000015    0.000021    0.000004    0.000010    0.000002
    0.000010    0.000254    0.000021    0.000047    0.000021    0.000254    0.000010    0.000305
    0.001697    0.003988    0.000232    0.000585    0.000232    0.003988    0.001697   -0.407684
    0.001697    0.000254    0.000232    0.000047    0.000232    0.000254    0.001697    0.000305
    0.000010    0.000002    0.000021    0.000005    0.000021    0.000002    0.000010    0.000001
    0.000010    0.000098    0.000021    0.000036    0.000021    0.000098    0.000010    0.000196
    0.001697    0.000254    0.000232    0.000047    0.000232    0.000254    0.001697    0.000305
    0.001697    0.000098    0.000232    0.000036    0.000232    0.000098    0.001697    0.000196

    0.000001    0.000023    0.000002    0.000007    0.000005    0.000007    0.000002    0.000023
    0.000016    0.000023    0.000009    0.000007    0.000003    0.000007    0.000009    0.000023
    0.000001    0.000010    0.000002    0.000021    0.000005    0.000021    0.000002    0.000010
    0.000002    0.000010    0.000004    0.000021    0.000015    0.000021    0.000004    0.000010
    0.000196    0.000010    0.000098    0.000021    0.000036    0.000021    0.000098    0.000010
    0.000001    0.000010    0.000002    0.000021    0.000005    0.000021    0.000002    0.000010
    0.000196    0.001697    0.000098    0.000232    0.000036    0.000232    0.000098    0.001697
    0.000305    0.001697    0.000254    0.000232    0.000047    0.000232    0.000254    0.001697
    0.000305    0.000010    0.000254    0.000021    0.000047    0.000021    0.000254    0.000010
    0.000002    0.000010    0.000004    0.000021    0.000015    0.000021    0.000004    0.000010
    0.000305    0.001697    0.000254    0.000232    0.000047    0.000232    0.000254    0.001697
   -0.407684    0.001697    0.003988    0.000232    0.000585    0.000232    0.003988    0.001697
    0.000196    0.000023    0.000098    0.000007    0.000036    0.000007    0.000098    0.000023
    0.000001    0.000023    0.000002    0.000007    0.000005    0.000007    0.000002    0.000023
    0.000196    0.000010    0.000098    0.000021    0.000036    0.000021    0.000098    0.000010
    0.000305    0.000010    0.000254    0.000021    0.000047    0.000021    0.000254    0.000010

    0.000010    0.000001    0.000010    0.000002    0.000021    0.000005    0.000021    0.000002
    0.000023    0.000016    0.000023    0.000009    0.000007    0.000003    0.000007    0.000009
    0.000023    0.000001    0.000023    0.000002    0.000007    0.000005    0.000007    0.000002
    0.000010    0.000002    0.000010    0.000004    0.000021    0.000015    0.000021    0.000004
    0.000010    0.000196    0.000010    0.000098    0.000021    0.000036    0.000021    0.000098
    0.000023    0.000001    0.000023    0.000002    0.000007    0.000005    0.000007    0.000002
    0.000023    0.000196    0.000023    0.000098    0.000007    0.000036    0.000007    0.000098
    0.000010    0.000305    0.000010    0.000254    0.000021    0.000047    0.000021    0.000254
    0.001697    0.000305    0.001697    0.000254    0.000232    0.000047    0.000232    0.000254
    0.000010    0.000002    0.000010    0.000004    0.000021    0.000015    0.000021    0.000004
    0.000010    0.000305    0.000010    0.000254    0.000021    0.000047    0.000021    0.000254
    0.001697   -0.407684    0.001697    0.003988    0.000232    0.000585    0.000232    0.003988
    0.001697    0.000196    0.001697    0.000098    0.000232    0.000036    0.000232    0.000098
    0.000010    0.000001    0.000010    0.000002    0.000021    0.000005    0.000021    0.000002
    0.000010    0.000196    0.000010    0.000098    0.000021    0.000036    0.000021    0.000098
    0.001697    0.000305    0.001697    0.000254    0.000232    0.000047    0.000232    0.000254

    0.000002    0.000023    0.000001    0.000023    0.000002    0.000007    0.000005    0.000007
    0.000009    0.000023    0.000016    0.000023    0.000009    0.000007    0.000003    0.000007
    0.000002    0.000010    0.000001    0.000010    0.000002    0.000021    0.000005    0.000021
    0.000004    0.000010    0.000002    0.000010    0.000004    0.000021    0.000015    0.000021
    0.000098    0.000010    0.000196    0.000010    0.000098    0.000021    0.000036    0.000021
    0.000002    0.000010    0.000001    0.000010    0.000002    0.000021    0.000005    0.000021
    0.000098    0.001697    0.000196    0.001697    0.000098    0.000232    0.000036    0.000232
    0.000254    0.001697    0.000305    0.001697    0.000254    0.000232    0.000047    0.000232
    0.000254    0.000010    0.000305    0.000010    0.000254    0.000021    0.000047    0.000021
    0.000004    0.000010    0.000002    0.000010    0.000004    0.000021    0.000015    0.000021
    0.000254    0.001697    0.000305    0.001697    0.000254    0.000232    0.000047    0.000232
    0.003988    0.001697   -0.407684    0.001697    0.003988    0.000232    0.000585    0.000232
    0.000098    0.000023    0.000196    0.000023    0.000098    0.000007    0.000036    0.000007
    0.000002    0.000023    0.000001    0.000023    0.000002    0.000007    0.000005    0.000007
    0.000098    0.000010    0.000196    0.000010    0.000098    0.000021    0.000036    0.000021
    0.000254    0.000010    0.000305    0.000010    0.000254    0.000021    0.000047    0.000021

    0.000021    0.000002    0.000010    0.000001    0.000010    0.000002    0.000021    0.000005
    0.000007    0.000009    0.000023    0.000016    0.000023    0.000009    0.000007    0.000003
    0.000007    0.000002    0.000023    0.000001    0.000023    0.000002    0.000007    0.000005
    0.000021    0.000004    0.000010    0.000002    0.000010    0.000004    0.000021    0.000015
    0.000021    0.000098    0.000010    0.000196    0.000010    0.000098    0.000021    0.000036
    0.000007    0.000002    0.000023    0.000001    0.000023    0.000002    0.000007    0.000005
    0.000007    0.000098    0.000023    0.000196    0.000023    0.000098    0.000007    0.000036
    0.000021    0.000254    0.000010    0.000305    0.000010    0.000254    0.000021    0.000047
    0.000232    0.000254    0.001697    0.000305    0.001697    0.000254    0.000232    0.000047
    0.000021    0.000004    0.000010    0.000002    0.000010    0.000004    0.000021    0.000015
    0.000021    0.000254    0.000010    0.000305    0.000010    0.000254    0.000021    0.000047
    0.000232    0.003988    0.001697   -0.407684    0.001697    0.003988    0.000232    0.000585
    0.000232    0.000098    0.001697    0.000196    0.001697    0.000098    0.000232    0.000036
    0.000021    0.000002    0.000010    0.000001    0.000010    0.000002    0.000021    0.000005
    0.000021    0.000098    0.000010    0.000196    0.000010    0.000098    0.000021    0.000036
    0.000232    0.000254    0.001697    0.000305    0.001697    0.000254    0.000232    0.000047

    0.000005    0.000007    0.000002    0.000023    0.000001    0.000023    0.000002    0.000007
    0.000003    0.000007    0.000009    0.000023    0.000016    0.000023    0.000009    0.000007
    0.000005    0.000021    0.000002    0.000010    0.000001    0.000010    0.000002    0.000021
    0.000015    0.000021    0.000004    0.000010    0.000002    0.000010    0.000004    0.000021
    0.000036    0.000021    0.000098    0.000010    0.000196    0.000010    0.000098    0.000021
    0.000005    0.000021    0.000002    0.000010    0.000001    0.000010    0.000002    0.000021
    0.000036    0.000232    0.000098    0.001697    0.000196    0.001697    0.000098    0.000232
    0.000047    0.000232    0.000254    0.001697    0.000305    0.001697    0.000254    0.000232
    0.000047    0.000021    0.000254    0.000010    0.000305    0.000010    0.000254    0.000021
    0.000015    0.000021    0.000004    0.000010    0.000002    0.000010    0.000004    0.000021
    0.000047    0.000232    0.000254    0.001697    0.000305    0.001697    0.000254    0.000232
    0.000585    0.000232    0.003988    0.001697   -0.407684    0.001697    0.003988    0.000232
    0.000036    0.000007    0.000098    0.000023    0.000196    0.000023    0.000098    0.000007
    0.000005    0.000007    0.000002    0.000023    0.000001    0.000023    0.000002    0.000007
    0.000036    0.000021    0.000098    0.000010    0.000196    0.000010    0.000098    0.000021
    0.000047    0.000021    0.000254    0.000010    0.000305    0.000010    0.000254    0.000021

    0.000021    0.000005    0.000021    0.000002    0.000010    0.000001    0.000010    0.000002
    0.000007    0.000003    0.000007    0.000009    0.000023    0.000016    0.000023    0.000009
    0.000007    0.000005    0.000007    0.000002    0.000023    0.000001    0.000023    0.000002
    0.000021    0.000015    0.000021    0.000004    0.000010    0.000002    0.000010    0.000004
    0.000021    0.000036    0.000021    0.000098    0.000010    0.000196    0.000010    0.000098
    0.000007    0.000005    0.000007    0.000002    0.000023    0.000001    0.000023    0.000002
    0.000007    0.000036    0.000007    0.000098    0.000023    0.000196    0.000023    0.000098
    0.000021    0.000047    0.000021    0.000254    0.000010    0.000305    0.000010    0.000254
    0.000232    0.000047    0.000232    0.000254    0.001697    0.000305    0.001697    0.000254
    0.000021    0.000015    0.000021    0.000004    0.000010    0.000002    0.000010    0.000004
    0.000021    0.000047    0.000021    0.000254    0.000010    0.000305    0.000010    0.000254
    0.000232    0.000585    0.000232    0.003988    0.001697   -0.407684    0.001697    0.003988
    0.000232    0.000036    0.000232    0.000098    0.001697    0.000196    0.001697    0.000098
    0.000021    0.000005    0.000021    0.000002    0.000010    0.000001    0.000010    0.000002
    0.000021    0.000036    0.000021    0.000098    0.000010    0.000196    0.000010    0.000098
    0.000232    0.000047    0.000232    0.000254    0.001697    0.000305    0.001697    0.000254

    0.000002    0.000007    0.000005    0.000007    0.000002    0.000023    0.000001    0.000023
    0.000009    0.000007    0.000003    0.000007    0.000009    0.000023    0.000016    0.000023
    0.000002    0.000021    0.000005    0.000021    0.000002    0.000010    0.000001    0.000010
    0.000004    0.000021    0.000015    0.000021    0.000004    0.000010    0.000002    0.000010
    0.000098    0.000021    0.000036    0.000021    0.000098    0.000010    0.000196    0.000010
    0.000002    0.000021    0.000005    0.000021    0.000002    0.000010    0.000001    0.000010
    0.000098    0.000232    0.000036    0.000232    0.000098    0.001697    0.000196    0.001697
    0.000254    0.000232    0.000047    0.000232    0.000254    0.001697    0.000305    0.001697
    0.000254    0.000021    0.000047    0.000021    0.000254    0.000010    0.000305    0.000010
    0.000004    0.000021    0.000015    0.000021    0.000004    0.000010    0.000002    0.000010
    0.000254    0.000232    0.000047    0.000232    0.000254    0.001697    0.000305    0.001697
    0.003988    0.000232    0.000585    0.000232    0.003988    0.001697   -0.407684    0.001697
    0.000098    0.000007    0.000036    0.000007    0.000098    0.000023    0.000196    0.000023
    0.000002    0.000007    0.000005    0.000007    0.000002    0.000023    0.000001    0.000023
    0.000098    0.000021    0.000036    0.000021    0.000098    0.000010    0.000196    0.000010
    0.000254    0.000021    0.000047    0.000021    0.000254    0.000010    0.000305    0.000010

    0.000010    0.000002    0.000021    0.000005    0.000021    0.000002    0.000010    0.000001
    0.000023    0.000009    0.000007    0.000003    0.000007    0.000009    0.000023    0.000016
    0.000023    0.000002    0.000007    0.000005    0.000007    0.000002    0.000023    0.000001
    0.000010    0.000004    0.000021    0.000015    0.000021    0.000004    0.000010    0.000002
    0.000010    0.000098    0.000021    0.000036    0.000021    0.000098    0.000010    0.000196
    0.000023    0.000002    0.000007    0.000005    0.000007    0.000002    0.000023    0.000001
    0.000023    0.000098    0.000007    0.000036    0.000007    0.000098    0.000023    0.000196
    0.000010    0.000254    0.000021    0.000047    0.000021    0.000254    0.000010    0.000305
    0.001697    0.000254    0.000232    0.000047    0.000232    0.000254    0.001697    0.000305
    0.000010    0.000004    0.000021    0.000015    0.000021    0.000004    0.000010    0.000002
    0.000010    0.000254    0.000021    0.000047    0.000021    0.000254    0.000010    0.000305
    0.001697    0.003988    0.000232    0.000585    0.000232    0.003988    0.001697   -0.407684
    0.001697    0.000098    0.000232    0.000036    0.000232    0.000098    0.001697    0.000196
    0.000010    0.000002    0.000021    0.000005    0.000021    0.000002    0.000010    0.000001
    0.000010    0.000098    0.000021    0.000036    0.000021    0.000098    0.000010    0.000196
    0.001697    0.000254    0.000232    0.000047    0.000232    0.000254    0.001697    0.000305

    0.000305    0.000010    0.000254    0.000021    0.000047    0.000021    0.000254    0.000010
    0.000196    0.000023    0.000098    0.000007    0.000036    0.000007    0.000098    0.000023
    0.000001    0.000023    0.000002    0.000007    0.000005    0.000007    0.000002    0.000023
    0.000196    0.000010    0.000098    0.000021    0.000036    0.000021    0.000098    0.000010
    0.000002    0.000010    0.000004    0.000021    0.000015    0.000021    0.000004    0.000010
    0.000001    0.000023    0.000002    0.000007    0.000005    0.000007    0.000002    0.000023
    0.000016    0.000023    0.000009    0.000007    0.000003    0.000007    0.000009    0.000023
    0.000001    0.000010    0.000002    0.000021    0.000005    0.000021    0.000002    0.000010
    0.000305    0.001697    0.000254    0.000232    0.000047    0.000232    0.000254    0.001697
    0.000196    0.000010    0.000098    0.000021    0.000036    0.000021    0.000098    0.000010
    0.000001    0.000010    0.000002    0.000021    0.000005    0.000021    0.000002    0.000010
    0.000196    0.001697    0.000098    0.000232    0.000036    0.000232    0.000098    0.001697
   -0.407684    0.001697    0.003988    0.000232    0.000585    0.000232    0.003988    0.001697
    0.000305    0.000010    0.000254    0.000021    0.000047    0.000021    0.000254    0.000010
    0.000002    0.000010    0.000004    0.000021    0.000015    0.000021    0.000004    0.000010
    0.000305    0.001697    0.000254    0.000232    0.000047    0.000232    0.000254    0.001697

    0.001697    0.000305    0.001697    0.000254    0.000232    0.000047    0.000232    0.000254
    0.001697    0.000196    0.001697    0.000098    0.000232    0.000036    0.000232    0.000098
    0.000010    0.000001    0.000010    0.000002    0.000021    0.000005    0.000021    0.000002
    0.000010    0.000196    0.000010    0.000098    0.000021    0.000036    0.000021    0.000098
    0.000010    0.000002    0.000010    0.000004    0.000021    0.000015    0.000021    0.000004
    0.000010    0.000001    0.000010    0.000002    0.000021    0.000005    0.000021    0.000002
    0.000023    0.000016    0.000023    0.000009    0.000007    0.000003    0.000007    0.000009
    0.000023    0.000001    0.000023    0.000002    0.000007    0.000005    0.000007    0.000002
    0.000010    0.000305    0.000010    0.000254    0.000021    0.000047    0.000021    0.000254
    0.000010    0.000196    0.000010    0.000098    0.000021    0.000036    0.000021    0.000098
    0.000023    0.000001    0.000023    0.000002    0.000007    0.000005    0.000007    0.000002
    0.000023    0.000196    0.000023    0.000098    0.000007    0.000036    0.000007    0.000098
    0.001697   -0.407684    0.001697    0.003988    0.000232    0.000585    0.000232    0.003988
    0.001697    0.000305    0.001697    0.000254    0.000232    0.000047    0.000232    0.000254
    0.000010    0.000002    0.000010    0.000004    0.000021    0.000015    0.000021    0.000004
    0.000010    0.000305    0.000010    0.000254    0.000021    0.000047    0.000021    0.000254

    0.000254    0.000010    0.000305    0.000010    0.000254    0.000021    0.000047    0.000021
    0.000098    0.000023    0.000196    0.000023    0.000098    0.000007    0.000036    0.000007
    0.000002    0.000023    0.000001    0.000023    0.000002    0.000007    0.000005    0.000007
    0.000098    0.000010    0.000196    0.000010    0.000098    0.000021    0.000036    0.000021
    0.000004    0.000010    0.000002    0.000010    0.000004    0.000021    0.000015    0.000021
    0.000002    0.000023    0.000001    0.000023    0.000002    0.000007    0.000005    0.000007
    0.000009    0.000023    0.000016    0.000023    0.000009    0.000007    0.000003    0.000007
    0.000002    0.000010    0.000001    0.000010    0.000002    0.000021    0.000005    0.000021
    0.000254    0.001697    0.000305    0.001697    0.000254    0.000232    0.000047    0.000232
    0.000098    0.000010    0.000196    0.000010    0.000098    0.000021    0.000036    0.000021
    0.000002    0.000010    0.000001    0.000010    0.000002    0.000021    0.000005    0.000021
    0.000098    0.001697    0.000196    0.001697    0.000098    0.000232    0.000036    0.000232
    0.003988    0.001697   -0.407684    0.001697    0.003988    0.000232    0.000585    0.000232
    0.000254    0.000010    0.000305    0.000010    0.000254    0.000021    0.000047    0.000021
    0.000004    0.000010    0.000002    0.000010    0.000004    0.000021    0.000015    0.000021
    0.000254    0.001697    0.000305    0.001697    0.000254    0.000232    0.000047    0.000232

    0.000232    0.000254    0.001697    0.000305    0.001697    0.000254    0.000232    0.000047
    0.000232    0.000098    0.001697    0.000196    0.001697    0.000098    0.000232    0.000036
    0.000021    0.000002    0.000010    0.000001    0.000010    0.000002    0.000021    0.000005
    0.000021    0.000098    0.000010    0.000196    0.000010    0.000098    0.000021    0.000036
    0.000021    0.000004    0.000010    0.000002    0.000010    0.000004    0.000021    0.000015
    0.000021    0.000002    0.000010    0.000001    0.000010    0.000002    0.000021    0.000005
    0.000007    0.000009    0.000023    0.000016    0.000023    0.000009    0.000007    0.000003
    0.000007    0.000002    0.000023    0.000001    0.000023    0.000002    0.000007    0.000005
    0.000021    0.000254    0.000010    0.000305    0.000010    0.000254    0.000021    0.000047
    0.000021    0.000098    0.000010    0.000196    0.000010    0.000098    0.000021    0.000036
    0.000007    0.000002    0.000023    0.000001    0.000023    0.000002    0.000007    0.000005
    0.000007    0.000098    0.000023    0.000196    0.000023    0.000098    0.000007    0.000036
    0.000232    0.003988    0.001697   -0.407684    0.001697    0.003988    0.000232    0.000585
    0.000232    0.000254    0.001697    0.000305    0.001697    0.000254    0.000232    0.000047
    0.000021    0.000004    0.000010    0.000002    0.000010    0.000004    0.000021    0.000015
    0.000021    0.000254    0.000010    0.000305    0.000010    0.000254    0.000021    0.000047

    0.000047    0.000021    0.000254    0.000010    0.000305    0.000010    0.000254    0.000021
    0.000036    0.000007    0.000098    0.000023    0.000196    0.000023    0.000098    0.000007
    0.000005    0.000007    0.000002    0.000023    0.000001    0.000023    0.000002    0.000007
    0.000036    0.000021    0.000098    0.000010    0.000196    0.000010    0.000098    0.000021
    0.000015    0.000021    0.000004    0.000010    0.000002    0.000010    0.000004    0.000021
    0.000005    0.000007    0.000002    0.000023    0.000001    0.000023    0.000002    0.000007
    0.000003    0.000007    0.000009    0.000023    0.000016    0.000023    0.000009    0.000007
    0.000005    0.000021    0.000002    0.000010    0.000001    0.000010    0.000002    0.000021
    0.000047    0.000232    0.000254    0.001697    0.000305    0.001697    0.000254    0.000232
    0.000036    0.000021    0.000098    0.000010    0.000196    0.000010    0.000098    0.000021
    0.000005    0.000021    0.000002    0.000010    0.000001    0.000010    0.000002    0.000021
    0.000036    0.000232    0.000098    0.001697    0.000196    0.001697    0.000098    0.000232
    0.000585    0.000232    0.003988    0.001697   -0.407684    0.001697    0.003988    0.000232
    0.000047    0.000021    0.000254    0.000010    0.000305    0.000010    0.000254    0.000021
    0.000015    0.000021    0.000004    0.000010    0.000002    0.000010    0.000004    0.000021
    0.000047    0.000232    0.000254    0.001697    0.000305    0.001697    0.000254    0.000232

    0.000232    0.000047    0.000232    0.000254    0.001697    0.000305    0.001697    0.000254
    0.000232    0.000036    0.000232    0.000098    0.001697    0.000196    0.001697    0.000098
    0.000021    0.000005    0.000021    0.000002    0.000010    0.000001    0.000010    0.000002
    0.000021    0.000036    0.000021    0.000098    0.000010    0.000196    0.000010    0.000098
    0.000021    0.000015    0.000021    0.000004    0.000010    0.000002    0.000010    0.000004
    0.000021    0.000005    0.000021    0.000002    0.000010    0.000001    0.000010    0.000002
    0.000007    0.000003    0.000007    0.000009    0.000023    0.000016    0.000023    0.000009
    0.000007    0.000005    0.000007    0.000002    0.000023    0.000001    0.000023    0.000002
    0.000021    0.000047    0.000021    0.000254    0.000010    0.000305    0.000010    0.000254
    0.000021    0.000036    0.000021    0.000098    0.000010    0.000196    0.000010    0.000098
    0.000007    0.000005    0.000007    0.000002    0.000023    0.000001    0.000023    0.000002
    0.000007    0.000036    0.000007    0.000098    0.000023    0.000196    0.000023    0.000098
    0.000232    0.000585    0.000232    0.003988    0.001697   -0.407684    0.001697    0.003988
    0.000232    0.000047    0.000232    0.000254    0.001697    0.000305    0.001697    0.000254
    0.000021    0.000015    0.000021    0.000004    0.000010    0.000002    0.000010    0.000004
    0.000021    0.000047    0.000021    0.000254    0.000010    0.000305    0.000010    0.000254

    0.000254    0.000021    0.000047    0.000021    0.000254    0.000010    0.000305    0.000010
    0.000098    0.000007    0.000036    0.000007    0.000098    0.000023    0.000196    0.000023
    0.000002    0.000007    0.000005    0.000007    0.000002    0.000023    0.000001    0.000023
    0.000098    0.000021    0.000036    0.000021    0.000098    0.000010    0.000196    0.000010
    0.000004    0.000021    0.000015    0.000021    0.000004    0.000010    0.000002    0.000010
    0.000002    0.000007    0.000005    0.000007    0.000002    0.000023    0.000001    0.000023
    0.000009    0.000007    0.000003    0.000007    0.000009    0.000023    0.000016    0.000023
    0.000002    0.000021    0.000005    0.000021    0.000002    0.000010    0.000001    0.000010
    0.000254    0.000232    0.000047    0.000232    0.000254    0.001697    0.000305    0.001697
    0.000098    0.000021    0.000036    0.000021    0.000098    0.000010    0.000196    0.000010
    0.000002    0.000021    0.000005    0.000021    0.000002    0.000010    0.000001    0.000010
    0.000098    0.000232    0.000036    0.000232    0.000098    0.001697    0.000196    0.001697
    0.003988    0.000232    0.000585    0.000232    0.003988    0.001697   -0.407684    0.001697
    0.000254    0.000021    0.000047    0.000021    0.000254    0.000010    0.000305    0.000010
    0.000004    0.000021    0.000015    0.000021    0.000004    0.000010    0.000002    0.000010
    0.000254    0.000232    0.000047    0.000232    0.000254    0.001697    0.000305    0.001697

    0.001697    0.000254    0.000232    0.000047    0.000232    0.000254    0.001697    0.000305
    0.001697    0.000098    0.000232    0.000036    0.000232    0.000098    0.001697    0.000196
    0.000010    0.000002    0.000021    0.000005    0.000021    0.000002    0.000010    0.000001
    0.000010    0.000098    0.000021    0.000036    0.000021    0.000098    0.000010    0.000196
    0.000010    0.000004    0.000021    0.000015    0.000021    0.000004    0.000010    0.000002
    0.000010    0.000002    0.000021    0.000005    0.000021    0.000002    0.000010    0.000001
    0.000023    0.000009    0.000007    0.000003    0.000007    0.000009    0.000023    0.000016
    0.000023    0.000002    0.000007    0.000005    0.000007    0.000002    0.000023    0.000001
    0.000010    0.000254    0.000021    0.000047    0.000021    0.000254    0.000010    0.000305
    0.000010    0.000098    0.000021    0.000036    0.000021    0.000098    0.000010    0.000196
    0.000023    0.000002    0.000007    0.000005    0.000007    0.000002    0.000023    0.000001
    0.000023    0.000098    0.000007    0.000036    0.000007    0.000098    0.000023    0.000196
    0.001697    0.003988    0.000232    0.000585    0.000232    0.003988    0.001697   -0.407684
    0.001697    0.000254    0.000232    0.000047    0.000232    0.000254    0.001697    0.000305
    0.000010    0.000004    0.000021    0.000015    0.000021    0.000004    0.000010    0.000002
    0.000010    0.000254    0.000021    0.000047    0.000021    0.000254    0.000010    0.000305

    0.000196    0.000010    0.000098    0.000021    0.000036    0.000021    0.000098    0.000010
    0.000305    0.000010    0.000254    0.000021    0.000047    0.000021    0.000254    0.000010
    0.000196    0.000023    0.000098    0.000007    0.000036    0.000007    0.000098    0.000023
    0.000001    0.000023    0.000002    0.000007    0.000005    0.000007    0.000002    0.000023
    0.000001    0.000010    0.000002    0.000021    0.000005    0.000021    0.000002    0.000010
    0.000002    0.000010    0.000004    0.000021    0.000015    0.000021    0.000004    0.000010
    0.000001    0.000023    0.000002    0.000007    0.000005    0.000007    0.000002    0.000023
    0.000016    0.000023    0.000009    0.000007    0.000003    0.000007    0.000009    0.000023
    0.000196    0.001697    0.000098    0.000232    0.000036    0.000232    0.000098    0.001697
    0.000305    0.001697    0.000254    0.000232    0.000047    0.000232    0.000254    0.001697
    0.000196    0.000010    0.000098    0.000021    0.000036    0.000021    0.000098    0.000010
    0.000001    0.000010    0.000002    0.000021    0.000005    0.000021    0.000002    0.000010
    0.000305    0.001697    0.000254    0.000232    0.000047    0.000232    0.000254    0.001697
   -0.407684    0.001697    0.003988    0.000232    0.000585    0.000232    0.003988    0.001697
    0.000305    0.000010    0.000254    0.000021    0.000047    0.000021    0.000254    0.000010
    0.000002    0.000010    0.000004    0.000021    0.000015    0.000021    0.000004    0.000010

    0.000010    0.000196    0.000010    0.000098    0.000021    0.000036    0.000021    0.000098
    0.001697    0.000305    0.001697    0.000254    0.000232    0.000047    0.000232    0.000254
    0.001697    0.000196    0.001697    0.000098    0.000232    0.000036    0.000232    0.000098
    0.000010    0.000001    0.000010    0.000002    0.000021    0.000005    0.000021    0.000002
    0.000023    0.000001    0.000023    0.000002    0.000007    0.000005    0.000007    0.000002
    0.000010    0.000002    0.000010    0.000004    0.000021    0.000015    0.000021    0.000004
    0.000010    0.000001    0.000010    0.000002    0.000021    0.000005    0.000021    0.000002
    0.000023    0.000016    0.000023    0.000009    0.000007    0.000003    0.000007    0.000009
    0.000023    0.000196    0.000023    0.000098    0.000007    0.000036    0.000007    0.000098
    0.000010    0.000305    0.000010    0.000254    0.000021    0.000047    0.000021    0.000254
    0.000010    0.000196    0.000010    0.000098    0.000021    0.000036    0.000021    0.000098
    0.000023    0.000001    0.000023    0.000002    0.000007    0.000005    0.000007    0.000002
    0.000010    0.000305    0.000010    0.000254    0.000021    0.000047    0.000021    0.000254
    0.001697   -0.407684    0.001697    0.003988    0.000232    0.000585    0.000232    0.003988
    0.001697    0.000305    0.001697    0.000254    0.000232    0.000047    0.000232    0.000254
    0.000010    0.000002    0.000010    0.000004    0.000021    0.000015    0.000021    0.000004

    0.000098    0.000010    0.000196    0.000010    0.000098    0.000021    0.000036    0.000021
    0.000254    0.000010    0.000305    0.000010    0.000254    0.000021    0.000047    0.000021
    0.000098    0.000023    0.000196    0.000023    0.000098    0.000007    0.000036    0.000007
    0.000002    0.000023    0.000001    0.000023    0.000002    0.000007    0.000005    0.000007
    0.000002    0.000010    0.000001    0.000010    0.000002    0.000021    0.000005    0.000021
    0.000004    0.000010    0.000002    0.000010    0.000004    0.000021    0.000015    0.000021
    0.000002    0.000023    0.000001    0.000023    0.000002    0.000007    0.000005    0.000007
    0.000009    0.000023    0.000016    0.000023    0.000009    0.000007    0.000003    0.000007
    0.000098    0.001697    0.000196    0.001697    0.000098    0.000232    0.000036    0.000232
    0.000254    0.001697    0.000305    0.001697    0.000254    0.000232    0.000047    0.000232
    0.000098    0.000010    0.000196    0.000010    0.000098    0.000021    0.000036    0.000021
    0.000002    0.000010    0.000001    0.000010    0.000002    0.000021    0.000005    0.000021
    0.000254    0.001697    0.000305    0.001697    0.000254    0.000232    0.000047    0.000232
    0.003988    0.001697   -0.407684    0.001697    0.003988    0.000232    0.000585    0.000232
    0.000254    0.000010    0.000305    0.000010    0.000254    0.000021    0.000047    0.000021
    0.000004    0.000010    0.000002    0.000010    0.000004    0.000021    0.000015    0.000021

    0.000021    0.000098    0.000010    0.000196    0.000010    0.000098    0.000021    0.000036
    0.000232    0.000254    0.001697    0.000305    0.001697    0.000254    0.000232    0.000047
    0.000232    0.000098    0.001697    0.000196    0.001697    0.000098    0.000232    0.000036
    0.000021    0.000002    0.000010    0.000001    0.000010    0.000002    0.000021    0.000005
    0.000007    0.000002    0.000023    0.000001    0.000023    0.000002    0.000007    0.000005
    0.000021    0.000004    0.000010    0.000002    0.000010    0.000004    0.000021    0.000015
    0.000021    0.000002    0.000010    0.000001    0.000010    0.000002    0.000021    0.000005
    0.000007    0.000009    0.000023    0.000016    0.000023    0.000009    0.000007    0.000003
    0.000007    0.000098    0.000023    0.000196    0.000023    0.000098    0.000007    0.000036
    0.000021    0.000254    0.000010    0.000305    0.000010    0.000254    0.000021    0.000047
    0.000021    0.000098    0.000010    0.000196    0.000010    0.000098    0.000021    0.000036
    0.000007    0.000002    0.000023    0.000001    0.000023    0.000002    0.000007    0.000005
    0.000021    0.000254    0.000010    0.000305    0.000010    0.000254    0.000021    0.000047
    0.000232    0.003988    0.001697   -0.407684    0.001697    0.003988    0.000232    0.000585
    0.000232    0.000254    0.001697    0.000305    0.001697    0.000254    0.000232    0.000047
    0.000021    0.000004    0.000010    0.000002    0.000010    0.000004    0.000021    0.000015

    0.000036    0.000021    0.000098    0.000010    0.000196    0.000010    0.000098    0.000021
    0.000047    0.000021    0.000254    0.000010    0.000305    0.000010    0.000254    0.000021
    0.000036    0.000007    0.000098    0.000023    0.000196    0.000023    0.000098    0.000007
    0.000005    0.000007    0.000002    0.000023    0.000001    0.000023    0.000002    0.000007
    0.000005    0.000021    0.000002    0.000010    0.000001    0.000010    0.000002    0.000021
    0.000015    0.000021    0.000004    0.000010    0.000002    0.000010    0.000004    0.000021
    0.000005    0.000007    0.000002    0.000023    0.000001    0.000023    0.000002    0.000007
    0.000003    0.000007    0.000009    0.000023    0.000016    0.000023    0.000009    0.000007
    0.000036    0.000232    0.000098    0.001697    0.000196    0.001697    0.000098    0.000232
    0.000047    0.000232    0.000254    0.001697    0.000305    0.001697    0.000254    0.000232
    0.000036    0.000021    0.000098    0.000010    0.000196    0.000010    0.000098    0.000021
    0.000005    0.000021    0.000002    0.000010    0.000001    0.000010    0.000002    0.000021
    0.000047    0.000232    0.000254    0.001697    0.000305    0.001697    0.000254    0.000232
    0.000585    0.000232    0.003988    0.001697   -0.407684    0.001697    0.003988    0.000232
    0.000047    0.000021    0.000254    0.000010    0.000305    0.000010    0.000254    0.000021
    0.000015    0.000021    0.000004    0.000010    0.000002    0.000010    0.000004    0.000021

    0.000021    0.000036    0.000021    0.000098    0.000010    0.000196    0.000010    0.000098
    0.000232    0.000047    0.000232    0.000254    0.001697    0.000305    0.001697    0.000254
    0.000232    0.000036    0.000232    0.000098    0.001697    0.000196    0.001697    0.000098
    0.000021    0.000005    0.000021    0.000002    0.000010    0.000001    0.000010    0.000002
    0.000007    0.000005    0.000007    0.000002    0.000023    0.000001    0.000023    0.000002
    0.000021    0.000015    0.000021    0.000004    0.000010    0.000002    0.000010    0.000004
    0.000021    0.000005    0.000021    0.000002    0.000010    0.000001    0.000010    0.000002
    0.000007    0.000003    0.000007    0.000009    0.000023    0.000016    0.000023    0.000009
    0.000007    0.000036    0.000007    0.000098    0.000023    0.000196    0.000023    0.000098
    0.000021    0.000047    0.000021    0.000254    0.000010    0.000305    0.000010    0.000254
    0.000021    0.000036    0.000021    0.000098    0.000010    0.000196    0.000010    0.000098
    0.000007    0.000005    0.000007    0.000002    0.000023    0.000001    0.000023    0.000002
    0.000021    0.000047    0.000021    0.000254    0.000010    0.000305    0.000010    0.000254
    0.000232    0.000585    0.000232    0.003988    0.001697   -0.407684    0.001697    0.003988
    0.000232    0.000047    0.000232    0.000254    0.001697    0.000305    0.001697    0.000254
    0.000021    0.000015    0.000021    0.000004    0.000010    0.000002    0.000010    0.000004

    0.000098    0.000021    0.000036    0.000021    0.000098    0.000010    0.000196    0.000010
    0.000254    0.000021    0.000047    0.000021    0.000254    0.000010    0.000305    0.000010
    0.000098    0.000007    0.000036    0.000007    0.000098    0.000023    0.000196    0.000023
    0.000002    0.000007    0.000005    0.000007    0.000002    0.000023    0.000001    0.000023
    0.000002    0.000021    0.000005    0.000021    0.000002    0.000010    0.000001    0.000010
    0.000004    0.000021    0.000015    0.000021    0.000004    0.000010    0.000002    0.000010
    0.000002    0.000007    0.000005    0.000007    0.000002    0.000023    0.000001    0.000023
    0.000009    0.000007    0.000003    0.000007    0.000009    0.000023    0.000016    0.000023
    0.000098    0.000232    0.000036    0.000232    0.000098    0.001697    0.000196    0.001697
    0.000254    0.000232    0.000047    0.000232    0.000254    0.001697    0.000305    0.001697
    0.000098    0.000021    0.000036    0.000021    0.000098    0.000010    0.000196    0.000010
    0.000002    0.000021    0.000005    0.000021    0.000002    0.000010    0.000001    0.000010
    0.000254    0.000232    0.000047    0.000232    0.000254    0.001697    0.000305    0.001697
    0.003988    0.000232    0.000585    0.000232    0.003988    0.001697   -0.407684    0.001697
    0.000254    0.000021    0.000047    0.000021    0.000254    0.000010    0.000305    0.000010
    0.000004    0.000021    0.000015    0.000021    0.000004    0.000010    0.000002    0.000010

    0.000010    0.000098    0.000021    0.000036    0.000021    0.000098    0.000010    0.000196
    0.001697    0.000254    0.000232    0.000047    0.000232    0.000254    0.001697    0.000305
    0.001697    0.000098    0.000232    0.000036    0.000232    0.000098    0.001697    0.000196
    0.000010    0.000002    0.000021    0.000005    0.000021    0.000002    0.000010    0.000001
    0.000023    0.000002    0.000007    0.000005    0.000007    0.000002    0.000023    0.000001
    0.000010    0.000004    0.000021    0.000015    0.000021    0.000004    0.000010    0.000002
    0.000010    0.000002    0.000021    0.000005    0.000021    0.000002    0.000010    0.000001
    0.000023    0.000009    0.000007    0.000003    0.000007    0.000009    0.000023    0.000016
    0.000023    0.000098    0.000007    0.000036    0.000007    0.000098    0.000023    0.000196
    0.000010    0.000254    0.000021    0.000047    0.000021    0.000254    0.000010    0.000305
    0.000010    0.000098    0.000021    0.000036    0.000021    0.000098    0.000010    0.000196
    0.000023    0.000002    0.000007    0.000005    0.000007    0.000002    0.000023    0.000001
    0.000010    0.000254    0.000021    0.000047    0.000021    0.000254    0.000010    0.000305
    0.001697    0.003988    0.000232    0.000585    0.000232    0.003988    0.001697   -0.407684
    0.001697    0.000254    0.000232    0.000047    0.000232    0.000254    0.001697    0.000305
    0.000010    0.000004    0.000021    0.000015    0.000021    0.000004    0.000010    0.000002

    0.000001    0.000023    0.000002    0.000007    0.000005    0.000007    0.000002    0.000023
    0.000196    0.000010    0.000098    0.000021    0.000036    0.000021    0.000098    0.000010
    0.000305    0.000010    0.000254    0.000021    0.000047    0.000021    0.000254    0.000010
    0.000196    0.000023    0.000098    0.000007    0.000036    0.000007    0.000098    0.000023
    0.000016    0.000023    0.000009    0.000007    0.000003    0.000007    0.000009    0.000023
    0.000001    0.000010    0.000002    0.000021    0.000005    0.000021    0.000002    0.000010
    0.000002    0.000010    0.000004    0.000021    0.000015    0.000021    0.000004    0.000010
    0.000001    0.000023    0.000002    0.000007    0.000005    0.000007    0.000002    0.000023
    0.000001    0.000010    0.000002    0.000021    0.000005    0.000021    0.000002    0.000010
    0.000196    0.001697    0.000098    0.000232    0.000036    0.000232    0.000098    0.001697
    0.000305    0.001697    0.000254    0.000232    0.000047    0.000232    0.000254    0.001697
    0.000196    0.000010    0.000098    0.000021    0.000036    0.000021    0.000098    0.000010
    0.000002    0.000010    0.000004    0.000021    0.000015    0.000021    0.000004    0.000010
    0.000305    0.001697    0.000254    0.000232    0.000047    0.000232    0.000254    0.001697
   -0.407684    0.001697    0.003988    0.000232    0.000585    0.000232    0.003988    0.001697
    0.000305    0.000010    0.000254    0.000021    0.000047    0.000021    0.000254    0.000010

    0.000010    0.000001    0.000010    0.000002    0.000021    0.000005    0.000021    0.000002
    0.000010    0.000196    0.000010    0.000098    0.000021    0.000036    0.000021    0.000098
    0.001697    0.000305    0.001697    0.000254    0.000232    0.000047    0.000232    0.000254
    0.001697    0.000196    0.001697    0.000098    0.000232    0.000036    0.000232    0.000098
    0.000023    0.000016    0.000023    0.000009    0.000007    0.000003    0.000007    0.000009
    0.000023    0.000001    0.000023    0.000002    0.000007    0.000005    0.000007    0.000002
    0.000010    0.000002    0.000010    0.000004    0.000021    0.000015    0.000021    0.000004
    0.000010    0.000001    0.000010    0.000002    0.000021    0.000005    0.000021    0.000002
    0.000023    0.000001    0.000023    0.000002    0.000007    0.000005    0.000007    0.000002
    0.000023    0.000196    0.000023    0.000098    0.000007    0.000036    0.000007    0.000098
    0.000010    0.000305    0.000010    0.000254    0.000021    0.000047    0.000021    0.000254
    0.000010    0.000196    0.000010    0.000098    0.000021    0.000036    0.000021    0.000098
    0.000010    0.000002    0.000010    0.000004    0.000021    0.000015    0.000021    0.000004
    0.000010    0.000305    0.000010    0.000254    0.000021    0.000047    0.000021    0.000254
    0.001697   -0.407684    0.001697    0.003988    0.000232    0.000585    0.000232    0.003988
    0.001697    0.000305    0.001697    0.000254    0.000232    0.000047    0.000232    0.000254

    0.000002    0.000023    0.000001    0.000023    0.000002    0.000007    0.000005    0.000007
    0.000098    0.000010    0.000196    0.000010    0.000098    0.000021    0.000036    0.000021
    0.000254    0.000010    0.000305    0.000010    0.000254    0.000021    0.000047    0.000021
    0.000098    0.000023    0.000196    0.000023    0.000098    0.000007    0.000036    0.000007
    0.000009    0.000023    0.000016    0.000023    0.000009    0.000007    0.000003    0.000007
    0.000002    0.000010    0.000001    0.000010    0.000002    0.000021    0.000005    0.000021
    0.000004    0.000010    0.000002    0.000010    0.000004    0.000021    0.000015    0.000021
    0.000002    0.000023    0.000001    0.000023    0.000002    0.000007    0.000005    0.000007
    0.000002    0.000010    0.000001    0.000010    0.000002    0.000021    0.000005    0.000021
    0.000098    0.001697    0.000196    0.001697    0.000098    0.000232    0.000036    0.000232
    0.000254    0.001697    0.000305    0.001697    0.000254    0.000232    0.000047    0.000232
    0.000098    0.000010    0.000196    0.000010    0.000098    0.000021    0.000036    0.000021
    0.000004    0.000010    0.000002    0.000010    0.000004    0.000021    0.000015    0.000021
    0.000254    0.001697    0.000305    0.001697    0.000254    0.000232    0.000047    0.000232
    0.003988    0.001697   -0.407684    0.001697    0.003988    0.000232    0.000585    0.000232
    0.000254    0.000010    0.000305    0.000010    0.000254    0.000021    0.000047    0.000021

    0.000021    0.000002    0.000010    0.000001    0.000010    0.000002    0.000021    0.000005
    0.000021    0.000098    0.000010    0.000196    0.000010    0.000098    0.000021    0.000036
    0.000232    0.000254    0.001697    0.000305    0.001697    0.000254    0.000232    0.000047
    0.000232    0.000098    0.001697    0.000196    0.001697    0.000098    0.000232    0.000036
    0.000007    0.000009    0.000023    0.000016    0.000023    0.000009    0.000007    0.000003
    0.000007    0.000002    0.000023    0.000001    0.000023    0.000002    0.000007    0.000005
    0.000021    0.000004    0.000010    0.000002    0.000010    0.000004    0.000021    0.000015
    0.000021    0.000002    0.000010    0.000001    0.000010    0.000002    0.000021    0.000005
    0.000007    0.000002    0.000023    0.000001    0.000023    0.000002    0.000007    0.000005
    0.000007    0.000098    0.000023    0.000196    0.000023    0.000098    0.000007    0.000036
    0.000021    0.000254    0.000010    0.000305    0.000010    0.000254    0.000021    0.000047
    0.000021    0.000098    0.000010    0.000196    0.000010    0.000098    0.000021    0.000036
    0.000021    0.000004    0.000010    0.000002    0.000010    0.000004    0.000021    0.000015
    0.000021    0.000254    0.000010    0.000305    0.000010    0.000254    0.000021    0.000047
    0.000232    0.003988    0.001697   -0.407684    0.001697    0.003988    0.000232    0.000585
    0.000232    0.000254    0.001697    0.000305    0.001697    0.000254    0.000232    0.000047

    0.000005    0.000007    0.000002    0.000023    0.000001    0.000023    0.000002    0.000007
    0.000036    0.000021    0.000098    0.000010    0.000196    0.000010    0.000098    0.000021
    0.000047    0.000021    0.000254    0.000010    0.000305    0.000010    0.000254    0.000021
    0.000036    0.000007    0.000098    0.000023    0.000196    0.000023    0.000098    0.000007
    0.000003    0.000007    0.000009    0.000023    0.000016    0.000023    0.000009    0.000007
    0.000005    0.000021    0.000002    0.000010    0.000001    0.000010    0.000002    0.000021
    0.000015    0.000021    0.000004    0.000010    0.000002    0.000010    0.000004    0.000021
    0.000005    0.000007    0.000002    0.000023    0.000001    0.000023    0.000002    0.000007
    0.000005    0.000021    0.000002    0.000010    0.000001    0.000010    0.000002    0.000021
    0.000036    0.000232    0.000098    0.001697    0.000196    0.001697    0.000098    0.000232
    0.000047    0.000232    0.000254    0.001697    0.000305    0.001697    0.000254    0.000232
    0.000036    0.000021    0.000098    0.000010    0.000196    0.000010    0.000098    0.000021
    0.000015    0.000021    0.000004    0.000010    0.000002    0.000010    0.000004    0.000021
    0.000047    0.000232    0.000254    0.001697    0.000305    0.001697    0.000254    0.000232
    0.000585    0.000232    0.003988    0.001697   -0.407684    0.001697    0.003988    0.000232
    0.000047    0.000021    0.000254    0.000010    0.000305    0.000010    0.000254    0.000021

    0.000021    0.000005    0.000021    0.000002    0.000010    0.000001    0.000010    0.000002
    0.000021    0.000036    0.000021    0.000098    0.000010    0.000196    0.000010    0.000098
    0.000232    0.000047    0.000232    0.000254    0.001697    0.000305    0.001697    0.000254
    0.000232    0.000036    0.000232    0.000098    0.001697    0.000196    0.001697    0.000098
    0.000007    0.000003    0.000007    0.000009    0.000023    0.000016    0.000023    0.000009
    0.000007    0.000005    0.000007    0.000002    0.000023    0.000001    0.000023    0.000002
    0.000021    0.000015    0.000021    0.000004    0.000010    0.000002    0.000010    0.000004
    0.000021    0.000005    0.000021    0.000002    0.000010    0.000001    0.000010    0.000002
    0.000007    0.000005    0.000007    0.000002    0.000023    0.000001    0.000023    0.000002
    0.000007    0.000036    0.000007    0.000098    0.000023    0.000196    0.000023    0.000098
    0.000021    0.000047    0.000021    0.000254    0.000010    0.000305    0.000010    0.000254
    0.000021    0.000036    0.000021    0.000098    0.000010    0.000196    0.000010    0.000098
    0.000021    0.000015    0.000021    0.000004    0.000010    0.000002    0.000010    0.000004
    0.000021    0.000047    0.000021    0.000254    0.000010    0.000305    0.000010    0.000254
    0.000232    0.000585    0.000232    0.003988    0.001697   -0.407684    0.001697    0.003988
    0.000232    0.000047    0.000232    0.000254    0.001697    0.000305    0.001697    0.000254

    0.000002    0.000007    0.000005    0.000007    0.000002    0.000023    0.000001    0.000023
    0.000098    0.000021    0.000036    0.000021    0.000098    0.000010    0.000196    0.000010
    0.000254    0.000021    0.000047    0.000021    0.000254    0.000010    0.000305    0.000010
    0.000098    0.000007    0.000036    0.000007    0.000098    0.000023    0.000196    0.000023
    0.000009    0.000007    0.000003    0.000007    0.000009    0.000023    0.000016    0.000023
    0.000002    0.000021    0.000005    0.000021    0.000002    0.000010    0.000001    0.000010
    0.000004    0.000021    0.000015    0.000021    0.000004    0.000010    0.000002    0.000010
    0.000002    0.000007    0.000005    0.000007    0.000002    0.000023    0.000001    0.000023
    0.000002    0.000021    0.000005    0.000021    0.000002    0.000010    0.000001    0.000010
    0.000098    0.000232    0.000036    0.000232    0.000098    0.001697    0.000196    0.001697
    0.000254    0.000232    0.000047    0.000232    0.000254    0.001697    0.000305    0.001697
    0.000098    0.000021    0.000036    0.000021    0.000098    0.000010    0.000196    0.000010
    0.000004    0.000021    0.000015    0.000021    0.000004    0.000010    0.000002    0.000010
    0.000254    0.000232    0.000047    0.000232    0.000254    0.001697    0.000305    0.001697
    0.003988    0.000232    0.000585    0.000232    0.003988    0.001697   -0.407684    0.001697
    0.000254    0.000021    0.000047    0.000021    0.000254    0.000010    0.000305    0.000010

    0.000010    0.000002    0.000021    0.000005    0.000021    0.000002    0.000010    0.000001
    0.000010    0.000098    0.000021    0.000036    0.000021    0.000098    0.000010    0.000196
    0.001697    0.000254    0.000232    0.000047    0.000232    0.000254    0.001697    0.000305
    0.001697    0.000098    0.000232    0.000036    0.000232    0.000098    0.001697    0.000196
    0.000023    0.000009    0.000007    0.000003    0.000007    0.000009    0.000023    0.000016
    0.000023    0.000002    0.000007    0.000005    0.000007    0.000002    0.000023    0.000001
    0.000010    0.000004    0.000021    0.000015    0.000021    0.000004    0.000010    0.000002
    0.000010    0.000002    0.000021    0.000005    0.000021    0.000002    0.000010    0.000001
    0.000023    0.000002    0.000007    0.000005    0.000007    0.000002    0.000023    0.000001
    0.000023    0.000098    0.000007    0.000036    0.000007    0.000098    0.000023    0.000196
    0.000010    0.000254    0.000021    0.000047    0.000021    0.000254    0.000010    0.000305
    0.000010    0.000098    0.000021    0.000036    0.000021    0.000098    0.000010    0.000196
    0.000010    0.000004    0.000021    0.000015    0.000021    0.000004    0.000010    0.000002
    0.000010    0.000254    0.000021    0.000047    0.000021    0.000254    0.000010    0.000305
    0.001697    0.003988    0.000232    0.000585    0.000232    0.003988    0.001697   -0.407684
    0.001697    0.000254    0.000232    0.000047    0.000232    0.000254    0.001697    0.000305

    0.000196    0.000023    0.000098    0.000007    0.000036    0.000007    0.000098    0.000023
    0.000001    0.000023    0.000002    0.000007    0.000005    0.000007    0.000002    0.000023
    0.000196    0.000010    0.000098    0.000021    0.000036    0.000021    0.000098    0.000010
    0.000305    0.000010    0.000254    0.000021    0.000047    0.000021    0.000254    0.000010
    0.000001    0.000023    0.000002    0.000007    0.000005    0.000007    0.000002    0.000023
    0.000016    0.000023    0.000009    0.000007    0.000003    0.000007    0.000009    0.000023
    0.000001    0.000010    0.000002    0.000021    0.000005    0.000021    0.000002    0.000010
    0.000002    0.000010    0.000004    0.000021    0.000015    0.000021    0.000004    0.000010
    0.000196    0.000010    0.000098    0.000021    0.000036    0.000021    0.000098    0.000010
    0.000001    0.000010    0.000002    0.000021    0.000005    0.000021    0.000002    0.000010
    0.000196    0.001697    0.000098    0.000232    0.000036    0.000232    0.000098    0.001697
    0.000305    0.001697    0.000254    0.000232    0.000047    0.000232    0.000254    0.001697
    0.000305    0.000010    0.000254    0.000021    0.000047    0.000021    0.000254    0.000010
    0.000002    0.000010    0.000004    0.000021    0.000015    0.000021    0.000004    0.000010
    0.000305    0.001697    0.000254    0.000232    0.000047    0.000232    0.000254    0.001697
   -0.407684    0.001697    0.003988    0.000232    0.000585    0.000232    0.003988    0.001697

    0.001697    0.000196    0.001697    0.000098    0.000232    0.000036    0.000232    0.000098
    0.000010    0.000001    0.000010    0.000002    0.000021    0.000005    0.000021    0.000002
    0.000010    0.000196    0.000010    0.000098    0.000021    0.000036    0.000021    0.000098
    0.001697    0.000305    0.001697    0.000254    0.000232    0.000047    0.000232    0.000254
    0.000010    0.000001    0.000010    0.000002    0.000021    0.000005    0.000021    0.000002
    0.000023    0.000016    0.000023    0.000009    0.000007    0.000003    0.000007    0.000009
    0.000023    0.000001    0.000023    0.000002    0.000007    0.000005    0.000007    0.000002
    0.000010    0.000002    0.000010    0.000004    0.000021    0.000015    0.000021    0.000004
    0.000010    0.000196    0.000010    0.000098    0.000021    0.000036    0.000021    0.000098
    0.000023    0.000001    0.000023    0.000002    0.000007    0.000005    0.000007    0.000002
    0.000023    0.000196    0.000023    0.000098    0.000007    0.000036    0.000007    0.000098
    0.000010    0.000305    0.000010    0.000254    0.000021    0.000047    0.000021    0.000254
    0.001697    0.000305    0.001697    0.000254    0.000232    0.000047    0.000232    0.000254
    0.000010    0.000002    0.000010    0.000004    0.000021    0.000015    0.000021    0.000004
    0.000010    0.000305    0.000010    0.000254    0.000021    0.000047    0.000021    0.000254
    0.001697   -0.407684    0.001697    0.003988    0.000232    0.000585    0.000232    0.003988

    0.000098    0.000023    0.000196    0.000023    0.000098    0.000007    0.000036    0.000007
    0.000002    0.000023    0.000001    0.000023    0.000002    0.000007    0.000005    0.000007
    0.000098    0.000010    0.000196    0.000010    0.000098    0.000021    0.000036    0.000021
    0.000254    0.000010    0.000305    0.000010    0.000254    0.000021    0.000047    0.000021
    0.000002    0.000023    0.000001    0.000023    0.000002    0.000007    0.000005    0.000007
    0.000009    0.000023    0.000016    0.000023    0.000009    0.000007    0.000003    0.000007
    0.000002    0.000010    0.000001    0.000010    0.000002    0.000021    0.000005    0.000021
    0.000004    0.000010    0.000002    0.000010    0.000004    0.000021    0.000015    0.000021
    0.000098    0.000010    0.000196    0.000010    0.000098    0.000021    0.000036    0.000021
    0.000002    0.000010    0.000001    0.000010    0.000002    0.000021    0.000005    0.000021
    0.000098    0.001697    0.000196    0.001697    0.000098    0.000232    0.000036    0.000232
    0.000254    0.001697    0.000305    0.001697    0.000254    0.000232    0.000047    0.000232
    0.000254    0.000010    0.000305    0.000010    0.000254    0.000021    0.000047    0.000021
    0.000004    0.000010    0.000002    0.000010    0.000004    0.000021    0.000015    0.000021
    0.000254    0.001697    0.000305    0.001697    0.000254    0.000232    0.000047    0.000232
    0.003988    0.001697   -0.407684    0.001697    0.003988    0.000232    0.000585    0.000232

    0.000232    0.000098    0.001697    0.000196    0.001697    0.000098    0.000232    0.000036
    0.000021    0.000002    0.000010    0.000001    0.000010    0.000002    0.000021    0.000005
    0.000021    0.000098    0.000010    0.000196    0.000010    0.000098    0.000021    0.000036
    0.000232    0.000254    0.001697    0.000305    0.001697    0.000254    0.000232    0.000047
    0.000021    0.000002    0.000010    0.000001    0.000010    0.000002    0.000021    0.000005
    0.000007    0.000009    0.000023    0.000016    0.000023    0.000009    0.000007    0.000003
    0.000007    0.000002    0.000023    0.000001    0.000023    0.000002    0.000007    0.000005
    0.000021    0.000004    0.000010    0.000002    0.000010    0.000004    0.000021    0.000015
    0.000021    0.000098    0.000010    0.000196    0.000010    0.000098    0.000021    0.000036
    0.000007    0.000002    0.000023    0.000001    0.000023    0.000002    0.000007    0.000005
    0.000007    0.000098    0.000023    0.000196    0.000023    0.000098    0.000007    0.000036
    0.000021    0.000254    0.000010    0.000305    0.000010    0.000254    0.000021    0.000047
    0.000232    0.000254    0.001697    0.000305    0.001697    0.000254    0.000232    0.000047
    0.000021    0.000004    0.000010    0.000002    0.000010    0.000004    0.000021    0.000015
    0.000021    0.000254    0.000010    0.000305    0.000010    0.000254    0.000021    0.000047
    0.000232    0.003988    0.001697   -0.407684    0.001697    0.003988    0.000232    0.000585

    0.000036    0.000007    0.000098    0.000023    0.000196    0.000023    0.000098    0.000007
    0.000005    0.000007    0.000002    0.000023    0.000001    0.000023    0.000002    0.000007
    0.000036    0.000021    0.000098    0.000010    0.000196    0.000010    0.000098    0.000021
    0.000047    0.000021    0.000254    0.000010    0.000305    0.000010    0.000254    0.000021
    0.000005    0.000007    0.000002    0.000023    0.000001    0.000023    0.000002    0.000007
    0.000003    0.000007    0.000009    0.000023    0.000016    0.000023    0.000009    0.000007
    0.000005    0.000021    0.000002    0.000010    0.000001    0.000010    0.000002    0.000021
    0.000015    0.000021    0.000004    0.000010    0.000002    0.000010    0.000004    0.000021
    0.000036    0.000021    0.000098    0.000010    0.000196    0.000010    0.000098    0.000021
    0.000005    0.000021    0.000002    0.000010    0.000001    0.000010    0.000002    0.000021
    0.000036    0.000232    0.000098    0.001697    0.000196    0.001697    0.000098    0.000232
    0.000047    0.000232    0.000254    0.001697    0.000305    0.001697    0.000254    0.000232
    0.000047    0.000021    0.000254    0.000010    0.000305    0.000010    0.000254    0.000021
    0.000015    0.000021    0.000004    0.000010    0.000002    0.000010    0.000004    0.000021
    0.000047    0.000232    0.000254    0.001697    0.000305    0.001697    0.000254    0.000232
    0.000585    0.000232    0.003988    0.001697   -0.407684    0.001697    0.003988    0.000232

    0.000232    0.000036    0.000232    0.000098    0.001697    0.000196    0.001697    0.000098
    0.000021    0.000005    0.000021    0.000002    0.000010    0.000001    0.000010    0.000002
    0.000021    0.000036    0.000021    0.000098    0.000010    0.000196    0.000010    0.000098
    0.000232    0.000047    0.000232    0.000254    0.001697    0.000305    0.001697    0.000254
    0.000021    0.000005    0.000021    0.000002    0.000010    0.000001    0.000010    0.000002
    0.000007    0.000003    0.000007    0.000009    0.000023    0.000016    0.000023    0.000009
    0.000007    0.000005    0.000007    0.000002    0.000023    0.000001    0.000023    0.000002
    0.000021    0.000015    0.000021    0.000004    0.000010    0.000002    0.000010    0.000004
    0.000021    0.000036    0.000021    0.000098    0.000010    0.000196    0.000010    0.000098
    0.000007    0.000005    0.000007    0.000002    0.000023    0.000001    0.000023    0.000002
    0.000007    0.000036    0.000007    0.000098    0.000023    0.000196    0.000023    0.000098
    0.000021    0.000047    0.000021    0.000254    0.000010    0.000305    0.000010    0.000254
    0.000232    0.000047    0.000232    0.000254    0.001697    0.000305    0.001697    0.000254
    0.000021    0.000015    0.000021    0.000004    0.000010    0.000002    0.000010    0.000004
    0.000021    0.000047    0.000021    0.000254    0.000010    0.000305    0.000010    0.000254
    0.000232    0.000585    0.000232    0.003988    0.001697   -0.407684    0.001697    0.003988

    0.000098    0.000007    0.000036    0.000007    0.000098    0.000023    0.000196    0.000023
    0.000002    0.000007    0.000005    0.000007    0.000002    0.000023    0.000001    0.000023
    0.000098    0.000021    0.000036    0.000021    0.000098    0.000010    0.000196    0.000010
    0.000254    0.000021    0.000047    0.000021    0.000254    0.000010    0.000305    0.000010
    0.000002    0.000007    0.000005    0.000007    0.000002    0.000023    0.000001    0.000023
    0.000009    0.000007    0.000003    0.000007    0.000009    0.000023    0.000016    0.000023
    0.000002    0.000021    0.000005    0.000021    0.000002    0.000010    0.000001    0.000010
    0.000004    0.000021    0.000015    0.000021    0.000004    0.000010    0.000002    0.000010
    0.000098    0.000021    0.000036    0.000021    0.000098    0.000010    0.000196    0.000010
    0.000002    0.000021    0.000005    0.000021    0.000002    0.000010    0.000001    0.000010
    0.000098    0.000232    0.000036    0.000232    0.000098    0.001697    0.000196    0.001697
    0.000254    0.000232    0.000047    0.000232    0.000254    0.001697    0.000305    0.001697
    0.000254    0.000021    0.000047    0.000021    0.000254    0.000010    0.000305    0.000010
    0.000004    0.000021    0.000015    0.000021    0.000004    0.000010    0.000002    0.000010
    0.000254    0.000232    0.000047    0.000232    0.000254    0.001697    0.000305    0.001697
    0.003988    0.000232    0.000585    0.000232    0.003988    0.001697   -0.407684    0.001697

    0.001697    0.000098    0.000232    0.000036    0.000232    0.000098    0.001697    0.000196
    0.000010    0.000002    0.000021    0.000005    0.000021    0.000002    0.000010    0.000001
    0.000010    0.000098    0.000021    0.000036    0.000021    0.000098    0.000010    0.000196
    0.001697    0.000254    0.000232    0.000047    0.000232    0.000254    0.001697    0.000305
    0.000010    0.000002    0.000021    0.000005    0.000021    0.000002    0.000010    0.000001
    0.000023    0.000009    0.000007    0.000003    0.000007    0.000009    0.000023    0.000016
    0.000023    0.000002    0.000007    0.000005    0.000007    0.000002    0.000023    0.000001
    0.000010    0.000004    0.000021    0.000015    0.000021    0.000004    0.000010    0.000002
    0.000010    0.000098    0.000021    0.000036    0.000021    0.000098    0.000010    0.000196
    0.000023    0.000002    0.000007    0.000005    0.000007    0.000002    0.000023    0.000001
    0.000023    0.000098    0.000007    0.000036    0.000007    0.000098    0.000023    0.000196
    0.000010    0.000254    0.000021    0.000047    0.000021    0.000254    0.000010    0.000305
    0.001697    0.000254    0.000232    0.000047    0.000232    0.000254    0.001697    0.000305
    0.000010    0.000004    0.000021    0.000015    0.000021    0.000004    0.000010    0.000002
    0.000010    0.000254    0.000021    0.000047    0.000021    0.000254    0.000010    0.000305
    0.001697    0.003988    0.000232    0.000585    0.000232    0.003988    0.001697   -0.407684


          chi matrix :
   -0.123036   -0.000172    0.000069   -0.000002    0.000051   -0.000002    0.000069   -0.000172
    0.000048    0.000000    0.000004   -0.000000    0.000004   -0.000000    0.000004    0.000000
   -0.000012    0.000000   -0.000012   -0.000000   -0.000010   -0.000000   -0.000012    0.000000
    0.000048   -0.000172    0.000004   -0.000002    0.000004   -0.000002    0.000004   -0.000172
    0.000048    0.000000    0.000004   -0.000000    0.000004   -0.000000    0.000004    0.000000
    0.000006   -0.000002   -0.000002   -0.000000    0.000004   -0.000000   -0.000002   -0.000002
    0.000004   -0.000002    0.000004   -0.000000    0.000004   -0.000000    0.000004   -0.000002
    0.000006    0.000000   -0.000002   -0.000000    0.000004   -0.000000   -0.000002    0.000000
   -0.000012    0.000000   -0.000012   -0.000000   -0.000010   -0.000000   -0.000012    0.000000
    0.000004   -0.000002    0.000004   -0.000000    0.000004   -0.000000    0.000004   -0.000002
   -0.000009   -0.000002   -0.000010   -0.000000   -0.000012   -0.000000   -0.000010   -0.000002
    0.000004    0.000000    0.000004   -0.000000    0.000004   -0.000000    0.000004    0.000000
    0.000048   -0.000172    0.000004   -0.000002    0.000004   -0.000002    0.000004   -0.000172
    0.000006    0.000000   -0.000002   -0.000000    0.000004   -0.000000   -0.000002    0.000000
    0.000004    0.000000    0.000004   -0.000000    0.000004   -0.000000    0.000004    0.000000
    0.000006   -0.000172   -0.000002   -0.000002    0.000004   -0.000002   -0.000002   -0.000172

   -0.000172   -0.123036   -0.000172    0.000069   -0.000002    0.000051   -0.000002    0.000069
   -0.000172    0.000048   -0.000172    0.000004   -0.000002    0.000004   -0.000002    0.000004
    0.000000   -0.000012    0.000000   -0.000012   -0.000000   -0.000010   -0.000000   -0.000012
    0.000000    0.000048    0.000000    0.000004   -0.000000    0.000004   -0.000000    0.000004
   -0.000172    0.000048   -0.000172    0.000004   -0.000002    0.000004   -0.000002    0.000004
   -0.000172    0.000006   -0.000172   -0.000002   -0.000002    0.000004   -0.000002   -0.000002
    0.000000    0.000004    0.000000    0.000004   -0.000000    0.000004   -0.000000    0.000004
    0.000000    0.000006    0.000000   -0.000002   -0.000000    0.000004   -0.000000   -0.000002
    0.000000   -0.000012    0.000000   -0.000012   -0.000000   -0.000010   -0.000000   -0.000012
    0.000000    0.000004    0.000000    0.000004   -0.000000    0.000004   -0.000000    0.000004
   -0.000002   -0.000009   -0.000002   -0.000010   -0.000000   -0.000012   -0.000000   -0.000010
   -0.000002    0.000004   -0.000002    0.000004   -0.000000    0.000004   -0.000000    0.000004
    0.000000    0.000048    0.000000    0.000004   -0.000000    0.000004   -0.000000    0.000004
    0.000000    0.000006    0.000000   -0.000002   -0.000000    0.000004   -0.000000   -0.000002
   -0.000002    0.000004   -0.000002    0.000004   -0.000000    0.000004   -0.000000    0.000004
   -0.000002    0.000006   -0.000002   -0.000002   -0.000000    0.000004   -0.000000   -0.000002

    0.000069   -0.000172   -0.123036   -0.000172    0.000069   -0.000002    0.000051   -0.000002
    0.000004    0.000000    0.000048    0.000000    0.000004   -0.000000    0.000004   -0.000000
   -0.000012    0.000000   -0.000012    0.000000   -0.000012   -0.000000   -0.000010   -0.000000
    0.000004   -0.000172    0.000048   -0.000172    0.000004   -0.000002    0.000004   -0.000002
    0.000004    0.000000    0.000048    0.000000    0.000004   -0.000000    0.000004   -0.000000
   -0.000002   -0.000002    0.000006   -0.000002   -0.000002   -0.000000    0.000004   -0.000000
    0.000004   -0.000002    0.000004   -0.000002    0.000004   -0.000000    0.000004   -0.000000
   -0.000002    0.000000    0.000006    0.000000   -0.000002   -0.000000    0.000004   -0.000000
   -0.000012    0.000000   -0.000012    0.000000   -0.000012   -0.000000   -0.000010   -0.000000
    0.000004   -0.000002    0.000004   -0.000002    0.000004   -0.000000    0.000004   -0.000000
   -0.000010   -0.000002   -0.000009   -0.000002   -0.000010   -0.000000   -0.000012   -0.000000
    0.000004    0.000000    0.000004    0.000000    0.000004   -0.000000    0.000004   -0.000000
    0.000004   -0.000172    0.000048   -0.000172    0.000004   -0.000002    0.000004   -0.000002
   -0.000002    0.000000    0.000006    0.000000   -0.000002   -0.000000    0.000004   -0.000000
    0.000004    0.000000    0.000004    0.000000    0.000004   -0.000000    0.000004   -0.000000
   -0.000002   -0.000172    0.000006   -0.000172   -0.000002   -0.000002    0.000004   -0.000002

   -0.000002    0.000069   -0.000172   -0.123036   -0.000172    0.000069   -0.000002    0.000051
   -0.000002    0.000004   -0.000172    0.000048   -0.000172    0.000004   -0.000002    0.000004
   -0.000000   -0.000012    0.000000   -0.000012    0.000000   -0.000012   -0.000000   -0.000010
   -0.000000    0.000004    0.000000    0.000048    0.000000    0.000004   -0.000000    0.000004
   -0.000002    0.000004   -0.000172    0.000048   -0.000172    0.000004   -0.000002    0.000004
   -0.000002   -0.000002   -0.000172    0.000006   -0.000172   -0.000002   -0.000002    0.000004
   -0.000000    0.000004    0.000000    0.000004    0.000000    0.000004   -0.000000    0.000004
   -0.000000   -0.000002    0.000000    0.000006    0.000000   -0.000002   -0.000000    0.000004
   -0.000000   -0.000012    0.000000   -0.000012    0.000000   -0.000012   -0.000000   -0.000010
   -0.000000    0.000004    0.000000    0.000004    0.000000    0.000004   -0.000000    0.000004
   -0.000000   -0.000010   -0.000002   -0.000009   -0.000002   -0.000010   -0.000000   -0.000012
   -0.000000    0.000004   -0.000002    0.000004   -0.000002    0.000004   -0.000000    0.000004
   -0.000000    0.000004    0.000000    0.000048    0.000000    0.000004   -0.000000    0.000004
   -0.000000   -0.000002    0.000000    0.000006    0.000000   -0.000002   -0.000000    0.000004
   -0.000000    0.000004   -0.000002    0.000004   -0.000002    0.000004   -0.000000    0.000004
   -0.000000   -0.000002   -0.000002    0.000006   -0.000002   -0.000002   -0.000000    0.000004

    0.000051   -0.000002    0.000069   -0.000172   -0.123036   -0.000172    0.000069   -0.000002
    0.000004   -0.000000    0.000004    0.000000    0.000048    0.000000    0.000004   -0.000000
   -0.000010   -0.000000   -0.000012    0.000000   -0.000012    0.000000   -0.000012   -0.000000
    0.000004   -0.000002    0.000004   -0.000172    0.000048   -0.000172    0.000004   -0.000002
    0.000004   -0.000000    0.000004    0.000000    0.000048    0.000000    0.000004   -0.000000
    0.000004   -0.000000   -0.000002   -0.000002    0.000006   -0.000002   -0.000002   -0.000000
    0.000004   -0.000000    0.000004   -0.000002    0.000004   -0.000002    0.000004   -0.000000
    0.000004   -0.000000   -0.000002    0.000000    0.000006    0.000000   -0.000002   -0.000000
   -0.000010   -0.000000   -0.000012    0.000000   -0.000012    0.000000   -0.000012   -0.000000
    0.000004   -0.000000    0.000004   -0.000002    0.000004   -0.000002    0.000004   -0.000000
   -0.000012   -0.000000   -0.000010   -0.000002   -0.000009   -0.000002   -0.000010   -0.000000
    0.000004   -0.000000    0.000004    0.000000    0.000004    0.000000    0.000004   -0.000000
    0.000004   -0.000002    0.000004   -0.000172    0.000048   -0.000172    0.000004   -0.000002
    0.000004   -0.000000   -0.000002    0.000000    0.000006    0.000000   -0.000002   -0.000000
    0.000004   -0.000000    0.000004    0.000000    0.000004    0.000000    0.000004   -0.000000
    0.000004   -0.000002   -0.000002   -0.000172    0.000006   -0.000172   -0.000002   -0.000002

   -0.000002    0.000051   -0.000002    0.000069   -0.000172   -0.123036   -0.000172    0.000069
   -0.000002    0.000004   -0.000002    0.000004   -0.000172    0.000048   -0.000172    0.000004
   -0.000000   -0.000010   -0.000000   -0.000012    0.000000   -0.000012    0.000000   -0.000012
   -0.000000    0.000004   -0.000000    0.000004    0.000000    0.000048    0.000000    0.000004
   -0.000002    0.000004   -0.000002    0.000004   -0.000172    0.000048   -0.000172    0.000004
   -0.000002    0.000004   -0.000002   -0.000002   -0.000172    0.000006   -0.000172   -0.000002
   -0.000000    0.000004   -0.000000    0.000004    0.000000    0.000004    0.000000    0.000004
   -0.000000    0.000004   -0.000000   -0.000002    0.000000    0.000006    0.000000   -0.000002
   -0.000000   -0.000010   -0.000000   -0.000012    0.000000   -0.000012    0.000000   -0.000012
   -0.000000    0.000004   -0.000000    0.000004    0.000000    0.000004    0.000000    0.000004
   -0.000000   -0.000012   -0.000000   -0.000010   -0.000002   -0.000009   -0.000002   -0.000010
   -0.000000    0.000004   -0.000000    0.000004   -0.000002    0.000004   -0.000002    0.000004
   -0.000000    0.000004   -0.000000    0.000004    0.000000    0.000048    0.000000    0.000004
   -0.000000    0.000004   -0.000000   -0.000002    0.000000    0.000006    0.000000   -0.000002
   -0.000000    0.000004   -0.000000    0.000004   -0.000002    0.000004   -0.000002    0.000004
   -0.000000    0.000004   -0.000000   -0.000002   -0.000002    0.000006   -0.000002   -0.000002

    0.000069   -0.000002    0.000051   -0.000002    0.000069   -0.000172   -0.123036   -0.000172
    0.000004   -0.000000    0.000004   -0.000000    0.000004    0.000000    0.000048    0.000000
   -0.000012   -0.000000   -0.000010   -0.000000   -0.000012    0.000000   -0.000012    0.000000
    0.000004   -0.000002    0.000004   -0.000002    0.000004   -0.000172    0.000048   -0.000172
    0.000004   -0.000000    0.000004   -0.000000    0.000004    0.000000    0.000048    0.000000
   -0.000002   -0.000000    0.000004   -0.000000   -0.000002   -0.000002    0.000006   -0.000002
    0.000004   -0.000000    0.000004   -0.000000    0.000004   -0.000002    0.000004   -0.000002
   -0.000002   -0.000000    0.000004   -0.000000   -0.000002    0.000000    0.000006    0.000000
   -0.000012   -0.000000   -0.000010   -0.000000   -0.000012    0.000000   -0.000012    0.000000
    0.000004   -0.000000    0.000004   -0.000000    0.000004   -0.000002    0.000004   -0.000002
   -0.000010   -0.000000   -0.000012   -0.000000   -0.000010   -0.000002   -0.000009   -0.000002
    0.000004   -0.000000    0.000004   -0.000000    0.000004    0.000000    0.000004    0.000000
    0.000004   -0.000002    0.000004   -0.000002    0.000004   -0.000172    0.000048   -0.000172
   -0.000002   -0.000000    0.000004   -0.000000   -0.000002    0.000000    0.000006    0.000000
    0.000004   -0.000000    0.000004   -0.000000    0.000004    0.000000    0.000004    0.000000
   -0.000002   -0.000002    0.000004   -0.000002   -0.000002   -0.000172    0.000006   -0.000172

   -0.000172    0.000069   -0.000002    0.000051   -0.000002    0.000069   -0.000172   -0.123036
   -0.000172    0.000004   -0.000002    0.000004   -0.000002    0.000004   -0.000172    0.000048
    0.000000   -0.000012   -0.000000   -0.000010   -0.000000   -0.000012    0.000000   -0.000012
    0.000000    0.000004   -0.000000    0.000004   -0.000000    0.000004    0.000000    0.000048
   -0.000172    0.000004   -0.000002    0.000004   -0.000002    0.000004   -0.000172    0.000048
   -0.000172   -0.000002   -0.000002    0.000004   -0.000002   -0.000002   -0.000172    0.000006
    0.000000    0.000004   -0.000000    0.000004   -0.000000    0.000004    0.000000    0.000004
    0.000000   -0.000002   -0.000000    0.000004   -0.000000   -0.000002    0.000000    0.000006
    0.000000   -0.000012   -0.000000   -0.000010   -0.000000   -0.000012    0.000000   -0.000012
    0.000000    0.000004   -0.000000    0.000004   -0.000000    0.000004    0.000000    0.000004
   -0.000002   -0.000010   -0.000000   -0.000012   -0.000000   -0.000010   -0.000002   -0.000009
   -0.000002    0.000004   -0.000000    0.000004   -0.000000    0.000004   -0.000002    0.000004
    0.000000    0.000004   -0.000000    0.000004   -0.000000    0.000004    0.000000    0.000048
    0.000000   -0.000002   -0.000000    0.000004   -0.000000   -0.000002    0.000000    0.000006
   -0.000002    0.000004   -0.000000    0.000004   -0.000000    0.000004   -0.000002    0.000004
   -0.000002   -0.000002   -0.000000    0.000004   -0.000000   -0.000002   -0.000002    0.000006

    0.000048   -0.000172    0.000004   -0.000002    0.000004   -0.000002    0.000004   -0.000172
   -0.123036   -0.000172    0.000069   -0.000002    0.000051   -0.000002    0.000069   -0.000172
    0.000048    0.000000    0.000004   -0.000000    0.000004   -0.000000    0.000004    0.000000
   -0.000012    0.000000   -0.000012   -0.000000   -0.000010   -0.000000   -0.000012    0.000000
    0.000006    0.000000   -0.000002   -0.000000    0.000004   -0.000000   -0.000002    0.000000
    0.000048    0.000000    0.000004   -0.000000    0.000004   -0.000000    0.000004    0.000000
    0.000006   -0.000002   -0.000002   -0.000000    0.000004   -0.000000   -0.000002   -0.000002
    0.000004   -0.000002    0.000004   -0.000000    0.000004   -0.000000    0.000004   -0.000002
    0.000004    0.000000    0.000004   -0.000000    0.000004   -0.000000    0.000004    0.000000
   -0.000012    0.000000   -0.000012   -0.000000   -0.000010   -0.000000   -0.000012    0.000000
    0.000004   -0.000002    0.000004   -0.000000    0.000004   -0.000000    0.000004   -0.000002
   -0.000009   -0.000002   -0.000010   -0.000000   -0.000012   -0.000000   -0.000010   -0.000002
    0.000006   -0.000172   -0.000002   -0.000002    0.000004   -0.000002   -0.000002   -0.000172
    0.000048   -0.000172    0.000004   -0.000002    0.000004   -0.000002    0.000004   -0.000172
    0.000006    0.000000   -0.000002   -0.000000    0.000004   -0.000000   -0.000002    0.000000
    0.000004    0.000000    0.000004   -0.000000    0.000004   -0.000000    0.000004    0.000000

    0.000000    0.000048    0.000000    0.000004   -0.000000    0.000004   -0.000000    0.000004
   -0.000172   -0.123036   -0.000172    0.000069   -0.000002    0.000051   -0.000002    0.000069
   -0.000172    0.000048   -0.000172    0.000004   -0.000002    0.000004   -0.000002    0.000004
    0.000000   -0.000012    0.000000   -0.000012   -0.000000   -0.000010   -0.000000   -0.000012
    0.000000    0.000006    0.000000   -0.000002   -0.000000    0.000004   -0.000000   -0.000002
   -0.000172    0.000048   -0.000172    0.000004   -0.000002    0.000004   -0.000002    0.000004
   -0.000172    0.000006   -0.000172   -0.000002   -0.000002    0.000004   -0.000002   -0.000002
    0.000000    0.000004    0.000000    0.000004   -0.000000    0.000004   -0.000000    0.000004
   -0.000002    0.000004   -0.000002    0.000004   -0.000000    0.000004   -0.000000    0.000004
    0.000000   -0.000012    0.000000   -0.000012   -0.000000   -0.000010   -0.000000   -0.000012
    0.000000    0.000004    0.000000    0.000004   -0.000000    0.000004   -0.000000    0.000004
   -0.000002   -0.000009   -0.000002   -0.000010   -0.000000   -0.000012   -0.000000   -0.000010
   -0.000002    0.000006   -0.000002   -0.000002   -0.000000    0.000004   -0.000000   -0.000002
    0.000000    0.000048    0.000000    0.000004   -0.000000    0.000004   -0.000000    0.000004
    0.000000    0.000006    0.000000   -0.000002   -0.000000    0.000004   -0.000000   -0.000002
   -0.000002    0.000004   -0.000002    0.000004   -0.000000    0.000004   -0.000000    0.000004

    0.000004   -0.000172    0.000048   -0.000172    0.000004   -0.000002    0.000004   -0.000002
    0.000069   -0.000172   -0.123036   -0.000172    0.000069   -0.000002    0.000051   -0.000002
    0.000004    0.000000    0.000048    0.000000    0.000004   -0.000000    0.000004   -0.000000
   -0.000012    0.000000   -0.000012    0.000000   -0.000012   -0.000000   -0.000010   -0.000000
   -0.000002    0.000000    0.000006    0.000000   -0.000002   -0.000000    0.000004   -0.000000
    0.000004    0.000000    0.000048    0.000000    0.000004   -0.000000    0.000004   -0.000000
   -0.000002   -0.000002    0.000006   -0.000002   -0.000002   -0.000000    0.000004   -0.000000
    0.000004   -0.000002    0.000004   -0.000002    0.000004   -0.000000    0.000004   -0.000000
    0.000004    0.000000    0.000004    0.000000    0.000004   -0.000000    0.000004   -0.000000
   -0.000012    0.000000   -0.000012    0.000000   -0.000012   -0.000000   -0.000010   -0.000000
    0.000004   -0.000002    0.000004   -0.000002    0.000004   -0.000000    0.000004   -0.000000
   -0.000010   -0.000002   -0.000009   -0.000002   -0.000010   -0.000000   -0.000012   -0.000000
   -0.000002   -0.000172    0.000006   -0.000172   -0.000002   -0.000002    0.000004   -0.000002
    0.000004   -0.000172    0.000048   -0.000172    0.000004   -0.000002    0.000004   -0.000002
   -0.000002    0.000000    0.000006    0.000000   -0.000002   -0.000000    0.000004   -0.000000
    0.000004    0.000000    0.000004    0.000000    0.000004   -0.000000    0.000004   -0.000000

   -0.000000    0.000004    0.000000    0.000048    0.000000    0.000004   -0.000000    0.000004
   -0.000002    0.000069   -0.000172   -0.123036   -0.000172    0.000069   -0.000002    0.000051
   -0.000002    0.000004   -0.000172    0.000048   -0.000172    0.000004   -0.000002    0.000004
   -0.000000   -0.000012    0.000000   -0.000012    0.000000   -0.000012   -0.000000   -0.000010
   -0.000000   -0.000002    0.000000    0.000006    0.000000   -0.000002   -0.000000    0.000004
   -0.000002    0.000004   -0.000172    0.000048   -0.000172    0.000004   -0.000002    0.000004
   -0.000002   -0.000002   -0.000172    0.000006   -0.000172   -0.000002   -0.000002    0.000004
   -0.000000    0.000004    0.000000    0.000004    0.000000    0.000004   -0.000000    0.000004
   -0.000000    0.000004   -0.000002    0.000004   -0.000002    0.000004   -0.000000    0.000004
   -0.000000   -0.000012    0.000000   -0.000012    0.000000   -0.000012   -0.000000   -0.000010
   -0.000000    0.000004    0.000000    0.000004    0.000000    0.000004   -0.000000    0.000004
   -0.000000   -0.000010   -0.000002   -0.000009   -0.000002   -0.000010   -0.000000   -0.000012
   -0.000000   -0.000002   -0.000002    0.000006   -0.000002   -0.000002   -0.000000    0.000004
   -0.000000    0.000004    0.000000    0.000048    0.000000    0.000004   -0.000000    0.000004
   -0.000000   -0.000002    0.000000    0.000006    0.000000   -0.000002   -0.000000    0.000004
   -0.000000    0.000004   -0.000002    0.000004   -0.000002    0.000004   -0.000000    0.000004

    0.000004   -0.000002    0.000004   -0.000172    0.000048   -0.000172    0.000004   -0.000002
    0.000051   -0.000002    0.000069   -0.000172   -0.123036   -0.000172    0.000069   -0.000002
    0.000004   -0.000000    0.000004    0.000000    0.000048    0.000000    0.000004   -0.000000
   -0.000010   -0.000000   -0.000012    0.000000   -0.000012    0.000000   -0.000012   -0.000000
    0.000004   -0.000000   -0.000002    0.000000    0.000006    0.000000   -0.000002   -0.000000
    0.000004   -0.000000    0.000004    0.000000    0.000048    0.000000    0.000004   -0.000000
    0.000004   -0.000000   -0.000002   -0.000002    0.000006   -0.000002   -0.000002   -0.000000
    0.000004   -0.000000    0.000004   -0.000002    0.000004   -0.000002    0.000004   -0.000000
    0.000004   -0.000000    0.000004    0.000000    0.000004    0.000000    0.000004   -0.000000
   -0.000010   -0.000000   -0.000012    0.000000   -0.000012    0.000000   -0.000012   -0.000000
    0.000004   -0.000000    0.000004   -0.000002    0.000004   -0.000002    0.000004   -0.000000
   -0.000012   -0.000000   -0.000010   -0.000002   -0.000009   -0.000002   -0.000010   -0.000000
    0.000004   -0.000002   -0.000002   -0.000172    0.000006   -0.000172   -0.000002   -0.000002
    0.000004   -0.000002    0.000004   -0.000172    0.000048   -0.000172    0.000004   -0.000002
    0.000004   -0.000000   -0.000002    0.000000    0.000006    0.000000   -0.000002   -0.000000
    0.000004   -0.000000    0.000004    0.000000    0.000004    0.000000    0.000004   -0.000000

   -0.000000    0.000004   -0.000000    0.000004    0.000000    0.000048    0.000000    0.000004
   -0.000002    0.000051   -0.000002    0.000069   -0.000172   -0.123036   -0.000172    0.000069
   -0.000002    0.000004   -0.000002    0.000004   -0.000172    0.000048   -0.000172    0.000004
   -0.000000   -0.000010   -0.000000   -0.000012    0.000000   -0.000012    0.000000   -0.000012
   -0.000000    0.000004   -0.000000   -0.000002    0.000000    0.000006    0.000000   -0.000002
   -0.000002    0.000004   -0.000002    0.000004   -0.000172    0.000048   -0.000172    0.000004
   -0.000002    0.000004   -0.000002   -0.000002   -0.000172    0.000006   -0.000172   -0.000002
   -0.000000    0.000004   -0.000000    0.000004    0.000000    0.000004    0.000000    0.000004
   -0.000000    0.000004   -0.000000    0.000004   -0.000002    0.000004   -0.000002    0.000004
   -0.000000   -0.000010   -0.000000   -0.000012    0.000000   -0.000012    0.000000   -0.000012
   -0.000000    0.000004   -0.000000    0.000004    0.000000    0.000004    0.000000    0.000004
   -0.000000   -0.000012   -0.000000   -0.000010   -0.000002   -0.000009   -0.000002   -0.000010
   -0.000000    0.000004   -0.000000   -0.000002   -0.000002    0.000006   -0.000002   -0.000002
   -0.000000    0.000004   -0.000000    0.000004    0.000000    0.000048    0.000000    0.000004
   -0.000000    0.000004   -0.000000   -0.000002    0.000000    0.000006    0.000000   -0.000002
   -0.000000    0.000004   -0.000000    0.000004   -0.000002    0.000004   -0.000002    0.000004

    0.000004   -0.000002    0.000004   -0.000002    0.000004   -0.000172    0.000048   -0.000172
    0.000069   -0.000002    0.000051   -0.000002    0.000069   -0.000172   -0.123036   -0.000172
    0.000004   -0.000000    0.000004   -0.000000    0.000004    0.000000    0.000048    0.000000
   -0.000012   -0.000000   -0.000010   -0.000000   -0.000012    0.000000   -0.000012    0.000000
   -0.000002   -0.000000    0.000004   -0.000000   -0.000002    0.000000    0.000006    0.000000
    0.000004   -0.000000    0.000004   -0.000000    0.000004    0.000000    0.000048    0.000000
   -0.000002   -0.000000    0.000004   -0.000000   -0.000002   -0.000002    0.000006   -0.000002
    0.000004   -0.000000    0.000004   -0.000000    0.000004   -0.000002    0.000004   -0.000002
    0.000004   -0.000000    0.000004   -0.000000    0.000004    0.000000    0.000004    0.000000
   -0.000012   -0.000000   -0.000010   -0.000000   -0.000012    0.000000   -0.000012    0.000000
    0.000004   -0.000000    0.000004   -0.000000    0.000004   -0.000002    0.000004   -0.000002
   -0.000010   -0.000000   -0.000012   -0.000000   -0.000010   -0.000002   -0.000009   -0.000002
   -0.000002   -0.000002    0.000004   -0.000002   -0.000002   -0.000172    0.000006   -0.000172
    0.000004   -0.000002    0.000004   -0.000002    0.000004   -0.000172    0.000048   -0.000172
   -0.000002   -0.000000    0.000004   -0.000000   -0.000002    0.000000    0.000006    0.000000
    0.000004   -0.000000    0.000004   -0.000000    0.000004    0.000000    0.000004    0.000000

    0.000000    0.000004   -0.000000    0.000004   -0.000000    0.000004    0.000000    0.000048
   -0.000172    0.000069   -0.000002    0.000051   -0.000002    0.000069   -0.000172   -0.123036
   -0.000172    0.000004   -0.000002    0.000004   -0.000002    0.000004   -0.000172    0.000048
    0.000000   -0.000012   -0.000000   -0.000010   -0.000000   -0.000012    0.000000   -0.000012
    0.000000   -0.000002   -0.000000    0.000004   -0.000000   -0.000002    0.000000    0.000006
   -0.000172    0.000004   -0.000002    0.000004   -0.000002    0.000004   -0.000172    0.000048
   -0.000172   -0.000002   -0.000002    0.000004   -0.000002   -0.000002   -0.000172    0.000006
    0.000000    0.000004   -0.000000    0.000004   -0.000000    0.000004    0.000000    0.000004
   -0.000002    0.000004   -0.000000    0.000004   -0.000000    0.000004   -0.000002    0.000004
    0.000000   -0.000012   -0.000000   -0.000010   -0.000000   -0.000012    0.000000   -0.000012
    0.000000    0.000004   -0.000000    0.000004   -0.000000    0.000004    0.000000    0.000004
   -0.000002   -0.000010   -0.000000   -0.000012   -0.000000   -0.000010   -0.000002   -0.000009
   -0.000002   -0.000002   -0.000000    0.000004   -0.000000   -0.000002   -0.000002    0.000006
    0.000000    0.000004   -0.000000    0.000004   -0.000000    0.000004    0.000000    0.000048
    0.000000   -0.000002   -0.000000    0.000004   -0.000000   -0.000002    0.000000    0.000006
   -0.000002    0.000004   -0.000000    0.000004   -0.000000    0.000004   -0.000002    0.000004

   -0.000012    0.000000   -0.000012   -0.000000   -0.000010   -0.000000   -0.000012    0.000000
    0.000048   -0.000172    0.000004   -0.000002    0.000004   -0.000002    0.000004   -0.000172
   -0.123036   -0.000172    0.000069   -0.000002    0.000051   -0.000002    0.000069   -0.000172
    0.000048    0.000000    0.000004   -0.000000    0.000004   -0.000000    0.000004    0.000000
    0.000004   -0.000002    0.000004   -0.000000    0.000004   -0.000000    0.000004   -0.000002
    0.000006    0.000000   -0.000002   -0.000000    0.000004   -0.000000   -0.000002    0.000000
    0.000048    0.000000    0.000004   -0.000000    0.000004   -0.000000    0.000004    0.000000
    0.000006   -0.000002   -0.000002   -0.000000    0.000004   -0.000000   -0.000002   -0.000002
   -0.000009   -0.000002   -0.000010   -0.000000   -0.000012   -0.000000   -0.000010   -0.000002
    0.000004    0.000000    0.000004   -0.000000    0.000004   -0.000000    0.000004    0.000000
   -0.000012    0.000000   -0.000012   -0.000000   -0.000010   -0.000000   -0.000012    0.000000
    0.000004   -0.000002    0.000004   -0.000000    0.000004   -0.000000    0.000004   -0.000002
    0.000004    0.000000    0.000004   -0.000000    0.000004   -0.000000    0.000004    0.000000
    0.000006   -0.000172   -0.000002   -0.000002    0.000004   -0.000002   -0.000002   -0.000172
    0.000048   -0.000172    0.000004   -0.000002    0.000004   -0.000002    0.000004   -0.000172
    0.000006    0.000000   -0.000002   -0.000000    0.000004   -0.000000   -0.000002    0.000000

    0.000000   -0.000012    0.000000   -0.000012   -0.000000   -0.000010   -0.000000   -0.000012
    0.000000    0.000048    0.000000    0.000004   -0.000000    0.000004   -0.000000    0.000004
   -0.000172   -0.123036   -0.000172    0.000069   -0.000002    0.000051   -0.000002    0.000069
   -0.000172    0.000048   -0.000172    0.000004   -0.000002    0.000004   -0.000002    0.000004
    0.000000    0.000004    0.000000    0.000004   -0.000000    0.000004   -0.000000    0.000004
    0.000000    0.000006    0.000000   -0.000002   -0.000000    0.000004   -0.000000   -0.000002
   -0.000172    0.000048   -0.000172    0.000004   -0.000002    0.000004   -0.000002    0.000004
   -0.000172    0.000006   -0.000172   -0.000002   -0.000002    0.000004   -0.000002   -0.000002
   -0.000002   -0.000009   -0.000002   -0.000010   -0.000000   -0.000012   -0.000000   -0.000010
   -0.000002    0.000004   -0.000002    0.000004   -0.000000    0.000004   -0.000000    0.000004
    0.000000   -0.000012    0.000000   -0.000012   -0.000000   -0.000010   -0.000000   -0.000012
    0.000000    0.000004    0.000000    0.000004   -0.000000    0.000004   -0.000000    0.000004
   -0.000002    0.000004   -0.000002    0.000004   -0.000000    0.000004   -0.000000    0.000004
   -0.000002    0.000006   -0.000002   -0.000002   -0.000000    0.000004   -0.000000   -0.000002
    0.000000    0.000048    0.000000    0.000004   -0.000000    0.000004   -0.000000    0.000004
    0.000000    0.000006    0.000000   -0.000002   -0.000000    0.000004   -0.000000   -0.000002

   -0.000012    0.000000   -0.000012    0.000000   -0.000012   -0.000000   -0.000010   -0.000000
    0.000004   -0.000172    0.000048   -0.000172    0.000004   -0.000002    0.000004   -0.000002
    0.000069   -0.000172   -0.123036   -0.000172    0.000069   -0.000002    0.000051   -0.000002
    0.000004    0.000000    0.000048    0.000000    0.000004   -0.000000    0.000004   -0.000000
    0.000004   -0.000002    0.000004   -0.000002    0.000004   -0.000000    0.000004   -0.000000
   -0.000002    0.000000    0.000006    0.000000   -0.000002   -0.000000    0.000004   -0.000000
    0.000004    0.000000    0.000048    0.000000    0.000004   -0.000000    0.000004   -0.000000
   -0.000002   -0.000002    0.000006   -0.000002   -0.000002   -0.000000    0.000004   -0.000000
   -0.000010   -0.000002   -0.000009   -0.000002   -0.000010   -0.000000   -0.000012   -0.000000
    0.000004    0.000000    0.000004    0.000000    0.000004   -0.000000    0.000004   -0.000000
   -0.000012    0.000000   -0.000012    0.000000   -0.000012   -0.000000   -0.000010   -0.000000
    0.000004   -0.000002    0.000004   -0.000002    0.000004   -0.000000    0.000004   -0.000000
    0.000004    0.000000    0.000004    0.000000    0.000004   -0.000000    0.000004   -0.000000
   -0.000002   -0.000172    0.000006   -0.000172   -0.000002   -0.000002    0.000004   -0.000002
    0.000004   -0.000172    0.000048   -0.000172    0.000004   -0.000002    0.000004   -0.000002
   -0.000002    0.000000    0.000006    0.000000   -0.000002   -0.000000    0.000004   -0.000000

   -0.000000   -0.000012    0.000000   -0.000012    0.000000   -0.000012   -0.000000   -0.000010
   -0.000000    0.000004    0.000000    0.000048    0.000000    0.000004   -0.000000    0.000004
   -0.000002    0.000069   -0.000172   -0.123036   -0.000172    0.000069   -0.000002    0.000051
   -0.000002    0.000004   -0.000172    0.000048   -0.000172    0.000004   -0.000002    0.000004
   -0.000000    0.000004    0.000000    0.000004    0.000000    0.000004   -0.000000    0.000004
   -0.000000   -0.000002    0.000000    0.000006    0.000000   -0.000002   -0.000000    0.000004
   -0.000002    0.000004   -0.000172    0.000048   -0.000172    0.000004   -0.000002    0.000004
   -0.000002   -0.000002   -0.000172    0.000006   -0.000172   -0.000002   -0.000002    0.000004
   -0.000000   -0.000010   -0.000002   -0.000009   -0.000002   -0.000010   -0.000000   -0.000012
   -0.000000    0.000004   -0.000002    0.000004   -0.000002    0.000004   -0.000000    0.000004
   -0.000000   -0.000012    0.000000   -0.000012    0.000000   -0.000012   -0.000000   -0.000010
   -0.000000    0.000004    0.000000    0.000004    0.000000    0.000004   -0.000000    0.000004
   -0.000000    0.000004   -0.000002    0.000004   -0.000002    0.000004   -0.000000    0.000004
   -0.000000   -0.000002   -0.000002    0.000006   -0.000002   -0.000002   -0.000000    0.000004
   -0.000000    0.000004    0.000000    0.000048    0.000000    0.000004   -0.000000    0.000004
   -0.000000   -0.000002    0.000000    0.000006    0.000000   -0.000002   -0.000000    0.000004

   -0.000010   -0.000000   -0.000012    0.000000   -0.000012    0.000000   -0.000012   -0.000000
    0.000004   -0.000002    0.000004   -0.000172    0.000048   -0.000172    0.000004   -0.000002
    0.000051   -0.000002    0.000069   -0.000172   -0.123036   -0.000172    0.000069   -0.000002
    0.000004   -0.000000    0.000004    0.000000    0.000048    0.000000    0.000004   -0.000000
    0.000004   -0.000000    0.000004   -0.000002    0.000004   -0.000002    0.000004   -0.000000
    0.000004   -0.000000   -0.000002    0.000000    0.000006    0.000000   -0.000002   -0.000000
    0.000004   -0.000000    0.000004    0.000000    0.000048    0.000000    0.000004   -0.000000
    0.000004   -0.000000   -0.000002   -0.000002    0.000006   -0.000002   -0.000002   -0.000000
   -0.000012   -0.000000   -0.000010   -0.000002   -0.000009   -0.000002   -0.000010   -0.000000
    0.000004   -0.000000    0.000004    0.000000    0.000004    0.000000    0.000004   -0.000000
   -0.000010   -0.000000   -0.000012    0.000000   -0.000012    0.000000   -0.000012   -0.000000
    0.000004   -0.000000    0.000004   -0.000002    0.000004   -0.000002    0.000004   -0.000000
    0.000004   -0.000000    0.000004    0.000000    0.000004    0.000000    0.000004   -0.000000
    0.000004   -0.000002   -0.000002   -0.000172    0.000006   -0.000172   -0.000002   -0.000002
    0.000004   -0.000002    0.000004   -0.000172    0.000048   -0.000172    0.000004   -0.000002
    0.000004   -0.000000   -0.000002    0.000000    0.000006    0.000000   -0.000002   -0.000000

   -0.000000   -0.000010   -0.000000   -0.000012    0.000000   -0.000012    0.000000   -0.000012
   -0.000000    0.000004   -0.000000    0.000004    0.000000    0.000048    0.000000    0.000004
   -0.000002    0.000051   -0.000002    0.000069   -0.000172   -0.123036   -0.000172    0.000069
   -0.000002    0.000004   -0.000002    0.000004   -0.000172    0.000048   -0.000172    0.000004
   -0.000000    0.000004   -0.000000    0.000004    0.000000    0.000004    0.000000    0.000004
   -0.000000    0.000004   -0.000000   -0.000002    0.000000    0.000006    0.000000   -0.000002
   -0.000002    0.000004   -0.000002    0.000004   -0.000172    0.000048   -0.000172    0.000004
   -0.000002    0.000004   -0.000002   -0.000002   -0.000172    0.000006   -0.000172   -0.000002
   -0.000000   -0.000012   -0.000000   -0.000010   -0.000002   -0.000009   -0.000002   -0.000010
   -0.000000    0.000004   -0.000000    0.000004   -0.000002    0.000004   -0.000002    0.000004
   -0.000000   -0.000010   -0.000000   -0.000012    0.000000   -0.000012    0.000000   -0.000012
   -0.000000    0.000004   -0.000000    0.000004    0.000000    0.000004    0.000000    0.000004
   -0.000000    0.000004   -0.000000    0.000004   -0.000002    0.000004   -0.000002    0.000004
   -0.000000    0.000004   -0.000000   -0.000002   -0.000002    0.000006   -0.000002   -0.000002
   -0.000000    0.000004   -0.000000    0.000004    0.000000    0.000048    0.000000    0.000004
   -0.000000    0.000004   -0.000000   -0.000002    0.000000    0.000006    0.000000   -0.000002

   -0.000012   -0.000000   -0.000010   -0.000000   -0.000012    0.000000   -0.000012    0.000000
    0.000004   -0.000002    0.000004   -0.000002    0.000004   -0.000172    0.000048   -0.000172
    0.000069   -0.000002    0.000051   -0.000002    0.000069   -0.000172   -0.123036   -0.000172
    0.000004   -0.000000    0.000004   -0.000000    0.000004    0.000000    0.000048    0.000000
    0.000004   -0.000000    0.000004   -0.000000    0.000004   -0.000002    0.000004   -0.000002
   -0.000002   -0.000000    0.000004   -0.000000   -0.000002    0.000000    0.000006    0.000000
    0.000004   -0.000000    0.000004   -0.000000    0.000004    0.000000    0.000048    0.000000
   -0.000002   -0.000000    0.000004   -0.000000   -0.000002   -0.000002    0.000006   -0.000002
   -0.000010   -0.000000   -0.000012   -0.000000   -0.000010   -0.000002   -0.000009   -0.000002
    0.000004   -0.000000    0.000004   -0.000000    0.000004    0.000000    0.000004    0.000000
   -0.000012   -0.000000   -0.000010   -0.000000   -0.000012    0.000000   -0.000012    0.000000
    0.000004   -0.000000    0.000004   -0.000000    0.000004   -0.000002    0.000004   -0.000002
    0.000004   -0.000000    0.000004   -0.000000    0.000004    0.000000    0.000004    0.000000
   -0.000002   -0.000002    0.000004   -0.000002   -0.000002   -0.000172    0.000006   -0.000172
    0.000004   -0.000002    0.000004   -0.000002    0.000004   -0.000172    0.000048   -0.000172
   -0.000002   -0.000000    0.000004   -0.000000   -0.000002    0.000000    0.000006    0.000000

    0.000000   -0.000012   -0.000000   -0.000010   -0.000000   -0.000012    0.000000   -0.000012
    0.000000    0.000004   -0.000000    0.000004   -0.000000    0.000004    0.000000    0.000048
   -0.000172    0.000069   -0.000002    0.000051   -0.000002    0.000069   -0.000172   -0.123036
   -0.000172    0.000004   -0.000002    0.000004   -0.000002    0.000004   -0.000172    0.000048
    0.000000    0.000004   -0.000000    0.000004   -0.000000    0.000004    0.000000    0.000004
    0.000000   -0.000002   -0.000000    0.000004   -0.000000   -0.000002    0.000000    0.000006
   -0.000172    0.000004   -0.000002    0.000004   -0.000002    0.000004   -0.000172    0.000048
   -0.000172   -0.000002   -0.000002    0.000004   -0.000002   -0.000002   -0.000172    0.000006
   -0.000002   -0.000010   -0.000000   -0.000012   -0.000000   -0.000010   -0.000002   -0.000009
   -0.000002    0.000004   -0.000000    0.000004   -0.000000    0.000004   -0.000002    0.000004
    0.000000   -0.000012   -0.000000   -0.000010   -0.000000   -0.000012    0.000000   -0.000012
    0.000000    0.000004   -0.000000    0.000004   -0.000000    0.000004    0.000000    0.000004
   -0.000002    0.000004   -0.000000    0.000004   -0.000000    0.000004   -0.000002    0.000004
   -0.000002   -0.000002   -0.000000    0.000004   -0.000000   -0.000002   -0.000002    0.000006
    0.000000    0.000004   -0.000000    0.000004   -0.000000    0.000004    0.000000    0.000048
    0.000000   -0.000002   -0.000000    0.000004   -0.000000   -0.000002    0.000000    0.000006

    0.000048    0.000000    0.000004   -0.000000    0.000004   -0.000000    0.000004    0.000000
   -0.000012    0.000000   -0.000012   -0.000000   -0.000010   -0.000000   -0.000012    0.000000
    0.000048   -0.000172    0.000004   -0.000002    0.000004   -0.000002    0.000004   -0.000172
   -0.123036   -0.000172    0.000069   -0.000002    0.000051   -0.000002    0.000069   -0.000172
    0.000006   -0.000002   -0.000002   -0.000000    0.000004   -0.000000   -0.000002   -0.000002
    0.000004   -0.000002    0.000004   -0.000000    0.000004   -0.000000    0.000004   -0.000002
    0.000006    0.000000   -0.000002   -0.000000    0.000004   -0.000000   -0.000002    0.000000
    0.000048    0.000000    0.000004   -0.000000    0.000004   -0.000000    0.000004    0.000000
    0.000004   -0.000002    0.000004   -0.000000    0.000004   -0.000000    0.000004   -0.000002
   -0.000009   -0.000002   -0.000010   -0.000000   -0.000012   -0.000000   -0.000010   -0.000002
    0.000004    0.000000    0.000004   -0.000000    0.000004   -0.000000    0.000004    0.000000
   -0.000012    0.000000   -0.000012   -0.000000   -0.000010   -0.000000   -0.000012    0.000000
    0.000006    0.000000   -0.000002   -0.000000    0.000004   -0.000000   -0.000002    0.000000
    0.000004    0.000000    0.000004   -0.000000    0.000004   -0.000000    0.000004    0.000000
    0.000006   -0.000172   -0.000002   -0.000002    0.000004   -0.000002   -0.000002   -0.000172
    0.000048   -0.000172    0.000004   -0.000002    0.000004   -0.000002    0.000004   -0.000172

   -0.000172    0.000048   -0.000172    0.000004   -0.000002    0.000004   -0.000002    0.000004
    0.000000   -0.000012    0.000000   -0.000012   -0.000000   -0.000010   -0.000000   -0.000012
    0.000000    0.000048    0.000000    0.000004   -0.000000    0.000004   -0.000000    0.000004
   -0.000172   -0.123036   -0.000172    0.000069   -0.000002    0.000051   -0.000002    0.000069
   -0.000172    0.000006   -0.000172   -0.000002   -0.000002    0.000004   -0.000002   -0.000002
    0.000000    0.000004    0.000000    0.000004   -0.000000    0.000004   -0.000000    0.000004
    0.000000    0.000006    0.000000   -0.000002   -0.000000    0.000004   -0.000000   -0.000002
   -0.000172    0.000048   -0.000172    0.000004   -0.000002    0.000004   -0.000002    0.000004
    0.000000    0.000004    0.000000    0.000004   -0.000000    0.000004   -0.000000    0.000004
   -0.000002   -0.000009   -0.000002   -0.000010   -0.000000   -0.000012   -0.000000   -0.000010
   -0.000002    0.000004   -0.000002    0.000004   -0.000000    0.000004   -0.000000    0.000004
    0.000000   -0.000012    0.000000   -0.000012   -0.000000   -0.000010   -0.000000   -0.000012
    0.000000    0.000006    0.000000   -0.000002   -0.000000    0.000004   -0.000000   -0.000002
   -0.000002    0.000004   -0.000002    0.000004   -0.000000    0.000004   -0.000000    0.000004
   -0.000002    0.000006   -0.000002   -0.000002   -0.000000    0.000004   -0.000000   -0.000002
    0.000000    0.000048    0.000000    0.000004   -0.000000    0.000004   -0.000000    0.000004

    0.000004    0.000000    0.000048    0.000000    0.000004   -0.000000    0.000004   -0.000000
   -0.000012    0.000000   -0.000012    0.000000   -0.000012   -0.000000   -0.000010   -0.000000
    0.000004   -0.000172    0.000048   -0.000172    0.000004   -0.000002    0.000004   -0.000002
    0.000069   -0.000172   -0.123036   -0.000172    0.000069   -0.000002    0.000051   -0.000002
   -0.000002   -0.000002    0.000006   -0.000002   -0.000002   -0.000000    0.000004   -0.000000
    0.000004   -0.000002    0.000004   -0.000002    0.000004   -0.000000    0.000004   -0.000000
   -0.000002    0.000000    0.000006    0.000000   -0.000002   -0.000000    0.000004   -0.000000
    0.000004    0.000000    0.000048    0.000000    0.000004   -0.000000    0.000004   -0.000000
    0.000004   -0.000002    0.000004   -0.000002    0.000004   -0.000000    0.000004   -0.000000
   -0.000010   -0.000002   -0.000009   -0.000002   -0.000010   -0.000000   -0.000012   -0.000000
    0.000004    0.000000    0.000004    0.000000    0.000004   -0.000000    0.000004   -0.000000
   -0.000012    0.000000   -0.000012    0.000000   -0.000012   -0.000000   -0.000010   -0.000000
   -0.000002    0.000000    0.000006    0.000000   -0.000002   -0.000000    0.000004   -0.000000
    0.000004    0.000000    0.000004    0.000000    0.000004   -0.000000    0.000004   -0.000000
   -0.000002   -0.000172    0.000006   -0.000172   -0.000002   -0.000002    0.000004   -0.000002
    0.000004   -0.000172    0.000048   -0.000172    0.000004   -0.000002    0.000004   -0.000002

   -0.000002    0.000004   -0.000172    0.000048   -0.000172    0.000004   -0.000002    0.000004
   -0.000000   -0.000012    0.000000   -0.000012    0.000000   -0.000012   -0.000000   -0.000010
   -0.000000    0.000004    0.000000    0.000048    0.000000    0.000004   -0.000000    0.000004
   -0.000002    0.000069   -0.000172   -0.123036   -0.000172    0.000069   -0.000002    0.000051
   -0.000002   -0.000002   -0.000172    0.000006   -0.000172   -0.000002   -0.000002    0.000004
   -0.000000    0.000004    0.000000    0.000004    0.000000    0.000004   -0.000000    0.000004
   -0.000000   -0.000002    0.000000    0.000006    0.000000   -0.000002   -0.000000    0.000004
   -0.000002    0.000004   -0.000172    0.000048   -0.000172    0.000004   -0.000002    0.000004
   -0.000000    0.000004    0.000000    0.000004    0.000000    0.000004   -0.000000    0.000004
   -0.000000   -0.000010   -0.000002   -0.000009   -0.000002   -0.000010   -0.000000   -0.000012
   -0.000000    0.000004   -0.000002    0.000004   -0.000002    0.000004   -0.000000    0.000004
   -0.000000   -0.000012    0.000000   -0.000012    0.000000   -0.000012   -0.000000   -0.000010
   -0.000000   -0.000002    0.000000    0.000006    0.000000   -0.000002   -0.000000    0.000004
   -0.000000    0.000004   -0.000002    0.000004   -0.000002    0.000004   -0.000000    0.000004
   -0.000000   -0.000002   -0.000002    0.000006   -0.000002   -0.000002   -0.000000    0.000004
   -0.000000    0.000004    0.000000    0.000048    0.000000    0.000004   -0.000000    0.000004

    0.000004   -0.000000    0.000004    0.000000    0.000048    0.000000    0.000004   -0.000000
   -0.000010   -0.000000   -0.000012    0.000000   -0.000012    0.000000   -0.000012   -0.000000
    0.000004   -0.000002    0.000004   -0.000172    0.000048   -0.000172    0.000004   -0.000002
    0.000051   -0.000002    0.000069   -0.000172   -0.123036   -0.000172    0.000069   -0.000002
    0.000004   -0.000000   -0.000002   -0.000002    0.000006   -0.000002   -0.000002   -0.000000
    0.000004   -0.000000    0.000004   -0.000002    0.000004   -0.000002    0.000004   -0.000000
    0.000004   -0.000000   -0.000002    0.000000    0.000006    0.000000   -0.000002   -0.000000
    0.000004   -0.000000    0.000004    0.000000    0.000048    0.000000    0.000004   -0.000000
    0.000004   -0.000000    0.000004   -0.000002    0.000004   -0.000002    0.000004   -0.000000
   -0.000012   -0.000000   -0.000010   -0.000002   -0.000009   -0.000002   -0.000010   -0.000000
    0.000004   -0.000000    0.000004    0.000000    0.000004    0.000000    0.000004   -0.000000
   -0.000010   -0.000000   -0.000012    0.000000   -0.000012    0.000000   -0.000012   -0.000000
    0.000004   -0.000000   -0.000002    0.000000    0.000006    0.000000   -0.000002   -0.000000
    0.000004   -0.000000    0.000004    0.000000    0.000004    0.000000    0.000004   -0.000000
    0.000004   -0.000002   -0.000002   -0.000172    0.000006   -0.000172   -0.000002   -0.000002
    0.000004   -0.000002    0.000004   -0.000172    0.000048   -0.000172    0.000004   -0.000002

   -0.000002    0.000004   -0.000002    0.000004   -0.000172    0.000048   -0.000172    0.000004
   -0.000000   -0.000010   -0.000000   -0.000012    0.000000   -0.000012    0.000000   -0.000012
   -0.000000    0.000004   -0.000000    0.000004    0.000000    0.000048    0.000000    0.000004
   -0.000002    0.000051   -0.000002    0.000069   -0.000172   -0.123036   -0.000172    0.000069
   -0.000002    0.000004   -0.000002   -0.000002   -0.000172    0.000006   -0.000172   -0.000002
   -0.000000    0.000004   -0.000000    0.000004    0.000000    0.000004    0.000000    0.000004
   -0.000000    0.000004   -0.000000   -0.000002    0.000000    0.000006    0.000000   -0.000002
   -0.000002    0.000004   -0.000002    0.000004   -0.000172    0.000048   -0.000172    0.000004
   -0.000000    0.000004   -0.000000    0.000004    0.000000    0.000004    0.000000    0.000004
   -0.000000   -0.000012   -0.000000   -0.000010   -0.000002   -0.000009   -0.000002   -0.000010
   -0.000000    0.000004   -0.000000    0.000004   -0.000002    0.000004   -0.000002    0.000004
   -0.000000   -0.000010   -0.000000   -0.000012    0.000000   -0.000012    0.000000   -0.000012
   -0.000000    0.000004   -0.000000   -0.000002    0.000000    0.000006    0.000000   -0.000002
   -0.000000    0.000004   -0.000000    0.000004   -0.000002    0.000004   -0.000002    0.000004
   -0.000000    0.000004   -0.000000   -0.000002   -0.000002    0.000006   -0.000002   -0.000002
   -0.000000    0.000004   -0.000000    0.000004    0.000000    0.000048    0.000000    0.000004

    0.000004   -0.000000    0.000004   -0.000000    0.000004    0.000000    0.000048    0.000000
   -0.000012   -0.000000   -0.000010   -0.000000   -0.000012    0.000000   -0.000012    0.000000
    0.000004   -0.000002    0.000004   -0.000002    0.000004   -0.000172    0.000048   -0.000172
    0.000069   -0.000002    0.000051   -0.000002    0.000069   -0.000172   -0.123036   -0.000172
   -0.000002   -0.000000    0.000004   -0.000000   -0.000002   -0.000002    0.000006   -0.000002
    0.000004   -0.000000    0.000004   -0.000000    0.000004   -0.000002    0.000004   -0.000002
   -0.000002   -0.000000    0.000004   -0.000000   -0.000002    0.000000    0.000006    0.000000
    0.000004   -0.000000    0.000004   -0.000000    0.000004    0.000000    0.000048    0.000000
    0.000004   -0.000000    0.000004   -0.000000    0.000004   -0.000002    0.000004   -0.000002
   -0.000010   -0.000000   -0.000012   -0.000000   -0.000010   -0.000002   -0.000009   -0.000002
    0.000004   -0.000000    0.000004   -0.000000    0.000004    0.000000    0.000004    0.000000
   -0.000012   -0.000000   -0.000010   -0.000000   -0.000012    0.000000   -0.000012    0.000000
   -0.000002   -0.000000    0.000004   -0.000000   -0.000002    0.000000    0.000006    0.000000
    0.000004   -0.000000    0.000004   -0.000000    0.000004    0.000000    0.000004    0.000000
   -0.000002   -0.000002    0.000004   -0.000002   -0.000002   -0.000172    0.000006   -0.000172
    0.000004   -0.000002    0.000004   -0.000002    0.000004   -0.000172    0.000048   -0.000172

   -0.000172    0.000004   -0.000002    0.000004   -0.000002    0.000004   -0.000172    0.000048
    0.000000   -0.000012   -0.000000   -0.000010   -0.000000   -0.000012    0.000000   -0.000012
    0.000000    0.000004   -0.000000    0.000004   -0.000000    0.000004    0.000000    0.000048
   -0.000172    0.000069   -0.000002    0.000051   -0.000002    0.000069   -0.000172   -0.123036
   -0.000172   -0.000002   -0.000002    0.000004   -0.000002   -0.000002   -0.000172    0.000006
    0.000000    0.000004   -0.000000    0.000004   -0.000000    0.000004    0.000000    0.000004
    0.000000   -0.000002   -0.000000    0.000004   -0.000000   -0.000002    0.000000    0.000006
   -0.000172    0.000004   -0.000002    0.000004   -0.000002    0.000004   -0.000172    0.000048
    0.000000    0.000004   -0.000000    0.000004   -0.000000    0.000004    0.000000    0.000004
   -0.000002   -0.000010   -0.000000   -0.000012   -0.000000   -0.000010   -0.000002   -0.000009
   -0.000002    0.000004   -0.000000    0.000004   -0.000000    0.000004   -0.000002    0.000004
    0.000000   -0.000012   -0.000000   -0.000010   -0.000000   -0.000012    0.000000   -0.000012
    0.000000   -0.000002   -0.000000    0.000004   -0.000000   -0.000002    0.000000    0.000006
   -0.000002    0.000004   -0.000000    0.000004   -0.000000    0.000004   -0.000002    0.000004
   -0.000002   -0.000002   -0.000000    0.000004   -0.000000   -0.000002   -0.000002    0.000006
    0.000000    0.000004   -0.000000    0.000004   -0.000000    0.000004    0.000000    0.000048

    0.000048   -0.000172    0.000004   -0.000002    0.000004   -0.000002    0.000004   -0.000172
    0.000006    0.000000   -0.000002   -0.000000    0.000004   -0.000000   -0.000002    0.000000
    0.000004    0.000000    0.000004   -0.000000    0.000004   -0.000000    0.000004    0.000000
    0.000006   -0.000172   -0.000002   -0.000002    0.000004   -0.000002   -0.000002   -0.000172
   -0.123036   -0.000172    0.000069   -0.000002    0.000051   -0.000002    0.000069   -0.000172
    0.000048    0.000000    0.000004   -0.000000    0.000004   -0.000000    0.000004    0.000000
   -0.000012    0.000000   -0.000012   -0.000000   -0.000010   -0.000000   -0.000012    0.000000
    0.000048   -0.000172    0.000004   -0.000002    0.000004   -0.000002    0.000004   -0.000172
    0.000048    0.000000    0.000004   -0.000000    0.000004   -0.000000    0.000004    0.000000
    0.000006   -0.000002   -0.000002   -0.000000    0.000004   -0.000000   -0.000002   -0.000002
    0.000004   -0.000002    0.000004   -0.000000    0.000004   -0.000000    0.000004   -0.000002
    0.000006    0.000000   -0.000002   -0.000000    0.000004   -0.000000   -0.000002    0.000000
   -0.000012    0.000000   -0.000012   -0.000000   -0.000010   -0.000000   -0.000012    0.000000
    0.000004   -0.000002    0.000004   -0.000000    0.000004   -0.000000    0.000004   -0.000002
   -0.000009   -0.000002   -0.000010   -0.000000   -0.000012   -0.000000   -0.000010   -0.000002
    0.000004    0.000000    0.000004   -0.000000    0.000004   -0.000000    0.000004    0.000000

    0.000000    0.000048    0.000000    0.000004   -0.000000    0.000004   -0.000000    0.000004
    0.000000    0.000006    0.000000   -0.000002   -0.000000    0.000004   -0.000000   -0.000002
   -0.000002    0.000004   -0.000002    0.000004   -0.000000    0.000004   -0.000000    0.000004
   -0.000002    0.000006   -0.000002   -0.000002   -0.000000    0.000004   -0.000000   -0.000002
   -0.000172   -0.123036   -0.000172    0.000069   -0.000002    0.000051   -0.000002    0.000069
   -0.000172    0.000048   -0.000172    0.000004   -0.000002    0.000004   -0.000002    0.000004
    0.000000   -0.000012    0.000000   -0.000012   -0.000000   -0.000010   -0.000000   -0.000012
    0.000000    0.000048    0.000000    0.000004   -0.000000    0.000004   -0.000000    0.000004
   -0.000172    0.000048   -0.000172    0.000004   -0.000002    0.000004   -0.000002    0.000004
   -0.000172    0.000006   -0.000172   -0.000002   -0.000002    0.000004   -0.000002   -0.000002
    0.000000    0.000004    0.000000    0.000004   -0.000000    0.000004   -0.000000    0.000004
    0.000000    0.000006    0.000000   -0.000002   -0.000000    0.000004   -0.000000   -0.000002
    0.000000   -0.000012    0.000000   -0.000012   -0.000000   -0.000010   -0.000000   -0.000012
    0.000000    0.000004    0.000000    0.000004   -0.000000    0.000004   -0.000000    0.000004
   -0.000002   -0.000009   -0.000002   -0.000010   -0.000000   -0.000012   -0.000000   -0.000010
   -0.000002    0.000004   -0.000002    0.000004   -0.000000    0.000004   -0.000000    0.000004

    0.000004   -0.000172    0.000048   -0.000172    0.000004   -0.000002    0.000004   -0.000002
   -0.000002    0.000000    0.000006    0.000000   -0.000002   -0.000000    0.000004   -0.000000
    0.000004    0.000000    0.000004    0.000000    0.000004   -0.000000    0.000004   -0.000000
   -0.000002   -0.000172    0.000006   -0.000172   -0.000002   -0.000002    0.000004   -0.000002
    0.000069   -0.000172   -0.123036   -0.000172    0.000069   -0.000002    0.000051   -0.000002
    0.000004    0.000000    0.000048    0.000000    0.000004   -0.000000    0.000004   -0.000000
   -0.000012    0.000000   -0.000012    0.000000   -0.000012   -0.000000   -0.000010   -0.000000
    0.000004   -0.000172    0.000048   -0.000172    0.000004   -0.000002    0.000004   -0.000002
    0.000004    0.000000    0.000048    0.000000    0.000004   -0.000000    0.000004   -0.000000
   -0.000002   -0.000002    0.000006   -0.000002   -0.000002   -0.000000    0.000004   -0.000000
    0.000004   -0.000002    0.000004   -0.000002    0.000004   -0.000000    0.000004   -0.000000
   -0.000002    0.000000    0.000006    0.000000   -0.000002   -0.000000    0.000004   -0.000000
   -0.000012    0.000000   -0.000012    0.000000   -0.000012   -0.000000   -0.000010   -0.000000
    0.000004   -0.000002    0.000004   -0.000002    0.000004   -0.000000    0.000004   -0.000000
   -0.000010   -0.000002   -0.000009   -0.000002   -0.000010   -0.000000   -0.000012   -0.000000
    0.000004    0.000000    0.000004    0.000000    0.000004   -0.000000    0.000004   -0.000000

   -0.000000    0.000004    0.000000    0.000048    0.000000    0.000004   -0.000000    0.000004
   -0.000000   -0.000002    0.000000    0.000006    0.000000   -0.000002   -0.000000    0.000004
   -0.000000    0.000004   -0.000002    0.000004   -0.000002    0.000004   -0.000000    0.000004
   -0.000000   -0.000002   -0.000002    0.000006   -0.000002   -0.000002   -0.000000    0.000004
   -0.000002    0.000069   -0.000172   -0.123036   -0.000172    0.000069   -0.000002    0.000051
   -0.000002    0.000004   -0.000172    0.000048   -0.000172    0.000004   -0.000002    0.000004
   -0.000000   -0.000012    0.000000   -0.000012    0.000000   -0.000012   -0.000000   -0.000010
   -0.000000    0.000004    0.000000    0.000048    0.000000    0.000004   -0.000000    0.000004
   -0.000002    0.000004   -0.000172    0.000048   -0.000172    0.000004   -0.000002    0.000004
   -0.000002   -0.000002   -0.000172    0.000006   -0.000172   -0.000002   -0.000002    0.000004
   -0.000000    0.000004    0.000000    0.000004    0.000000    0.000004   -0.000000    0.000004
   -0.000000   -0.000002    0.000000    0.000006    0.000000   -0.000002   -0.000000    0.000004
   -0.000000   -0.000012    0.000000   -0.000012    0.000000   -0.000012   -0.000000   -0.000010
   -0.000000    0.000004    0.000000    0.000004    0.000000    0.000004   -0.000000    0.000004
   -0.000000   -0.000010   -0.000002   -0.000009   -0.000002   -0.000010   -0.000000   -0.000012
   -0.000000    0.000004   -0.000002    0.000004   -0.000002    0.000004   -0.000000    0.000004

    0.000004   -0.000002    0.000004   -0.000172    0.000048   -0.000172    0.000004   -0.000002
    0.000004   -0.000000   -0.000002    0.000000    0.000006    0.000000   -0.000002   -0.000000
    0.000004   -0.000000    0.000004    0.000000    0.000004    0.000000    0.000004   -0.000000
    0.000004   -0.000002   -0.000002   -0.000172    0.000006   -0.000172   -0.000002   -0.000002
    0.000051   -0.000002    0.000069   -0.000172   -0.123036   -0.000172    0.000069   -0.000002
    0.000004   -0.000000    0.000004    0.000000    0.000048    0.000000    0.000004   -0.000000
   -0.000010   -0.000000   -0.000012    0.000000   -0.000012    0.000000   -0.000012   -0.000000
    0.000004   -0.000002    0.000004   -0.000172    0.000048   -0.000172    0.000004   -0.000002
    0.000004   -0.000000    0.000004    0.000000    0.000048    0.000000    0.000004   -0.000000
    0.000004   -0.000000   -0.000002   -0.000002    0.000006   -0.000002   -0.000002   -0.000000
    0.000004   -0.000000    0.000004   -0.000002    0.000004   -0.000002    0.000004   -0.000000
    0.000004   -0.000000   -0.000002    0.000000    0.000006    0.000000   -0.000002   -0.000000
   -0.000010   -0.000000   -0.000012    0.000000   -0.000012    0.000000   -0.000012   -0.000000
    0.000004   -0.000000    0.000004   -0.000002    0.000004   -0.000002    0.000004   -0.000000
   -0.000012   -0.000000   -0.000010   -0.000002   -0.000009   -0.000002   -0.000010   -0.000000
    0.000004   -0.000000    0.000004    0.000000    0.000004    0.000000    0.000004   -0.000000

   -0.000000    0.000004   -0.000000    0.000004    0.000000    0.000048    0.000000    0.000004
   -0.000000    0.000004   -0.000000   -0.000002    0.000000    0.000006    0.000000   -0.000002
   -0.000000    0.000004   -0.000000    0.000004   -0.000002    0.000004   -0.000002    0.000004
   -0.000000    0.000004   -0.000000   -0.000002   -0.000002    0.000006   -0.000002   -0.000002
   -0.000002    0.000051   -0.000002    0.000069   -0.000172   -0.123036   -0.000172    0.000069
   -0.000002    0.000004   -0.000002    0.000004   -0.000172    0.000048   -0.000172    0.000004
   -0.000000   -0.000010   -0.000000   -0.000012    0.000000   -0.000012    0.000000   -0.000012
   -0.000000    0.000004   -0.000000    0.000004    0.000000    0.000048    0.000000    0.000004
   -0.000002    0.000004   -0.000002    0.000004   -0.000172    0.000048   -0.000172    0.000004
   -0.000002    0.000004   -0.000002   -0.000002   -0.000172    0.000006   -0.000172   -0.000002
   -0.000000    0.000004   -0.000000    0.000004    0.000000    0.000004    0.000000    0.000004
   -0.000000    0.000004   -0.000000   -0.000002    0.000000    0.000006    0.000000   -0.000002
   -0.000000   -0.000010   -0.000000   -0.000012    0.000000   -0.000012    0.000000   -0.000012
   -0.000000    0.000004   -0.000000    0.000004    0.000000    0.000004    0.000000    0.000004
   -0.000000   -0.000012   -0.000000   -0.000010   -0.000002   -0.000009   -0.000002   -0.000010
   -0.000000    0.000004   -0.000000    0.000004   -0.000002    0.000004   -0.000002    0.000004

    0.000004   -0.000002    0.000004   -0.000002    0.000004   -0.000172    0.000048   -0.000172
   -0.000002   -0.000000    0.000004   -0.000000   -0.000002    0.000000    0.000006    0.000000
    0.000004   -0.000000    0.000004   -0.000000    0.000004    0.000000    0.000004    0.000000
   -0.000002   -0.000002    0.000004   -0.000002   -0.000002   -0.000172    0.000006   -0.000172
    0.000069   -0.000002    0.000051   -0.000002    0.000069   -0.000172   -0.123036   -0.000172
    0.000004   -0.000000    0.000004   -0.000000    0.000004    0.000000    0.000048    0.000000
   -0.000012   -0.000000   -0.000010   -0.000000   -0.000012    0.000000   -0.000012    0.000000
    0.000004   -0.000002    0.000004   -0.000002    0.000004   -0.000172    0.000048   -0.000172
    0.000004   -0.000000    0.000004   -0.000000    0.000004    0.000000    0.000048    0.000000
   -0.000002   -0.000000    0.000004   -0.000000   -0.000002   -0.000002    0.000006   -0.000002
    0.000004   -0.000000    0.000004   -0.000000    0.000004   -0.000002    0.000004   -0.000002
   -0.000002   -0.000000    0.000004   -0.000000   -0.000002    0.000000    0.000006    0.000000
   -0.000012   -0.000000   -0.000010   -0.000000   -0.000012    0.000000   -0.000012    0.000000
    0.000004   -0.000000    0.000004   -0.000000    0.000004   -0.000002    0.000004   -0.000002
   -0.000010   -0.000000   -0.000012   -0.000000   -0.000010   -0.000002   -0.000009   -0.000002
    0.000004   -0.000000    0.000004   -0.000000    0.000004    0.000000    0.000004    0.000000

    0.000000    0.000004   -0.000000    0.000004   -0.000000    0.000004    0.000000    0.000048
    0.000000   -0.000002   -0.000000    0.000004   -0.000000   -0.000002    0.000000    0.000006
   -0.000002    0.000004   -0.000000    0.000004   -0.000000    0.000004   -0.000002    0.000004
   -0.000002   -0.000002   -0.000000    0.000004   -0.000000   -0.000002   -0.000002    0.000006
   -0.000172    0.000069   -0.000002    0.000051   -0.000002    0.000069   -0.000172   -0.123036
   -0.000172    0.000004   -0.000002    0.000004   -0.000002    0.000004   -0.000172    0.000048
    0.000000   -0.000012   -0.000000   -0.000010   -0.000000   -0.000012    0.000000   -0.000012
    0.000000    0.000004   -0.000000    0.000004   -0.000000    0.000004    0.000000    0.000048
   -0.000172    0.000004   -0.000002    0.000004   -0.000002    0.000004   -0.000172    0.000048
   -0.000172   -0.000002   -0.000002    0.000004   -0.000002   -0.000002   -0.000172    0.000006
    0.000000    0.000004   -0.000000    0.000004   -0.000000    0.000004    0.000000    0.000004
    0.000000   -0.000002   -0.000000    0.000004   -0.000000   -0.000002    0.000000    0.000006
    0.000000   -0.000012   -0.000000   -0.000010   -0.000000   -0.000012    0.000000   -0.000012
    0.000000    0.000004   -0.000000    0.000004   -0.000000    0.000004    0.000000    0.000004
   -0.000002   -0.000010   -0.000000   -0.000012   -0.000000   -0.000010   -0.000002   -0.000009
   -0.000002    0.000004   -0.000000    0.000004   -0.000000    0.000004   -0.000002    0.000004

    0.000006   -0.000172   -0.000002   -0.000002    0.000004   -0.000002   -0.000002   -0.000172
    0.000048   -0.000172    0.000004   -0.000002    0.000004   -0.000002    0.000004   -0.000172
    0.000006    0.000000   -0.000002   -0.000000    0.000004   -0.000000   -0.000002    0.000000
    0.000004    0.000000    0.000004   -0.000000    0.000004   -0.000000    0.000004    0.000000
    0.000048   -0.000172    0.000004   -0.000002    0.000004   -0.000002    0.000004   -0.000172
   -0.123036   -0.000172    0.000069   -0.000002    0.000051   -0.000002    0.000069   -0.000172
    0.000048    0.000000    0.000004   -0.000000    0.000004   -0.000000    0.000004    0.000000
   -0.000012    0.000000   -0.000012   -0.000000   -0.000010   -0.000000   -0.000012    0.000000
    0.000006    0.000000   -0.000002   -0.000000    0.000004   -0.000000   -0.000002    0.000000
    0.000048    0.000000    0.000004   -0.000000    0.000004   -0.000000    0.000004    0.000000
    0.000006   -0.000002   -0.000002   -0.000000    0.000004   -0.000000   -0.000002   -0.000002
    0.000004   -0.000002    0.000004   -0.000000    0.000004   -0.000000    0.000004   -0.000002
    0.000004    0.000000    0.000004   -0.000000    0.000004   -0.000000    0.000004    0.000000
   -0.000012    0.000000   -0.000012   -0.000000   -0.000010   -0.000000   -0.000012    0.000000
    0.000004   -0.000002    0.000004   -0.000000    0.000004   -0.000000    0.000004   -0.000002
   -0.000009   -0.000002   -0.000010   -0.000000   -0.000012   -0.000000   -0.000010   -0.000002

   -0.000002    0.000006   -0.000002   -0.000002   -0.000000    0.000004   -0.000000   -0.000002
    0.000000    0.000048    0.000000    0.000004   -0.000000    0.000004   -0.000000    0.000004
    0.000000    0.000006    0.000000   -0.000002   -0.000000    0.000004   -0.000000   -0.000002
   -0.000002    0.000004   -0.000002    0.000004   -0.000000    0.000004   -0.000000    0.000004
    0.000000    0.000048    0.000000    0.000004   -0.000000    0.000004   -0.000000    0.000004
   -0.000172   -0.123036   -0.000172    0.000069   -0.000002    0.000051   -0.000002    0.000069
   -0.000172    0.000048   -0.000172    0.000004   -0.000002    0.000004   -0.000002    0.000004
    0.000000   -0.000012    0.000000   -0.000012   -0.000000   -0.000010   -0.000000   -0.000012
    0.000000    0.000006    0.000000   -0.000002   -0.000000    0.000004   -0.000000   -0.000002
   -0.000172    0.000048   -0.000172    0.000004   -0.000002    0.000004   -0.000002    0.000004
   -0.000172    0.000006   -0.000172   -0.000002   -0.000002    0.000004   -0.000002   -0.000002
    0.000000    0.000004    0.000000    0.000004   -0.000000    0.000004   -0.000000    0.000004
   -0.000002    0.000004   -0.000002    0.000004   -0.000000    0.000004   -0.000000    0.000004
    0.000000   -0.000012    0.000000   -0.000012   -0.000000   -0.000010   -0.000000   -0.000012
    0.000000    0.000004    0.000000    0.000004   -0.000000    0.000004   -0.000000    0.000004
   -0.000002   -0.000009   -0.000002   -0.000010   -0.000000   -0.000012   -0.000000   -0.000010

   -0.000002   -0.000172    0.000006   -0.000172   -0.000002   -0.000002    0.000004   -0.000002
    0.000004   -0.000172    0.000048   -0.000172    0.000004   -0.000002    0.000004   -0.000002
   -0.000002    0.000000    0.000006    0.000000   -0.000002   -0.000000    0.000004   -0.000000
    0.000004    0.000000    0.000004    0.000000    0.000004   -0.000000    0.000004   -0.000000
    0.000004   -0.000172    0.000048   -0.000172    0.000004   -0.000002    0.000004   -0.000002
    0.000069   -0.000172   -0.123036   -0.000172    0.000069   -0.000002    0.000051   -0.000002
    0.000004    0.000000    0.000048    0.000000    0.000004   -0.000000    0.000004   -0.000000
   -0.000012    0.000000   -0.000012    0.000000   -0.000012   -0.000000   -0.000010   -0.000000
   -0.000002    0.000000    0.000006    0.000000   -0.000002   -0.000000    0.000004   -0.000000
    0.000004    0.000000    0.000048    0.000000    0.000004   -0.000000    0.000004   -0.000000
   -0.000002   -0.000002    0.000006   -0.000002   -0.000002   -0.000000    0.000004   -0.000000
    0.000004   -0.000002    0.000004   -0.000002    0.000004   -0.000000    0.000004   -0.000000
    0.000004    0.000000    0.000004    0.000000    0.000004   -0.000000    0.000004   -0.000000
   -0.000012    0.000000   -0.000012    0.000000   -0.000012   -0.000000   -0.000010   -0.000000
    0.000004   -0.000002    0.000004   -0.000002    0.000004   -0.000000    0.000004   -0.000000
   -0.000010   -0.000002   -0.000009   -0.000002   -0.000010   -0.000000   -0.000012   -0.000000

   -0.000000   -0.000002   -0.000002    0.000006   -0.000002   -0.000002   -0.000000    0.000004
   -0.000000    0.000004    0.000000    0.000048    0.000000    0.000004   -0.000000    0.000004
   -0.000000   -0.000002    0.000000    0.000006    0.000000   -0.000002   -0.000000    0.000004
   -0.000000    0.000004   -0.000002    0.000004   -0.000002    0.000004   -0.000000    0.000004
   -0.000000    0.000004    0.000000    0.000048    0.000000    0.000004   -0.000000    0.000004
   -0.000002    0.000069   -0.000172   -0.123036   -0.000172    0.000069   -0.000002    0.000051
   -0.000002    0.000004   -0.000172    0.000048   -0.000172    0.000004   -0.000002    0.000004
   -0.000000   -0.000012    0.000000   -0.000012    0.000000   -0.000012   -0.000000   -0.000010
   -0.000000   -0.000002    0.000000    0.000006    0.000000   -0.000002   -0.000000    0.000004
   -0.000002    0.000004   -0.000172    0.000048   -0.000172    0.000004   -0.000002    0.000004
   -0.000002   -0.000002   -0.000172    0.000006   -0.000172   -0.000002   -0.000002    0.000004
   -0.000000    0.000004    0.000000    0.000004    0.000000    0.000004   -0.000000    0.000004
   -0.000000    0.000004   -0.000002    0.000004   -0.000002    0.000004   -0.000000    0.000004
   -0.000000   -0.000012    0.000000   -0.000012    0.000000   -0.000012   -0.000000   -0.000010
   -0.000000    0.000004    0.000000    0.000004    0.000000    0.000004   -0.000000    0.000004
   -0.000000   -0.000010   -0.000002   -0.000009   -0.000002   -0.000010   -0.000000   -0.000012

    0.000004   -0.000002   -0.000002   -0.000172    0.000006   -0.000172   -0.000002   -0.000002
    0.000004   -0.000002    0.000004   -0.000172    0.000048   -0.000172    0.000004   -0.000002
    0.000004   -0.000000   -0.000002    0.000000    0.000006    0.000000   -0.000002   -0.000000
    0.000004   -0.000000    0.000004    0.000000    0.000004    0.000000    0.000004   -0.000000
    0.000004   -0.000002    0.000004   -0.000172    0.000048   -0.000172    0.000004   -0.000002
    0.000051   -0.000002    0.000069   -0.000172   -0.123036   -0.000172    0.000069   -0.000002
    0.000004   -0.000000    0.000004    0.000000    0.000048    0.000000    0.000004   -0.000000
   -0.000010   -0.000000   -0.000012    0.000000   -0.000012    0.000000   -0.000012   -0.000000
    0.000004   -0.000000   -0.000002    0.000000    0.000006    0.000000   -0.000002   -0.000000
    0.000004   -0.000000    0.000004    0.000000    0.000048    0.000000    0.000004   -0.000000
    0.000004   -0.000000   -0.000002   -0.000002    0.000006   -0.000002   -0.000002   -0.000000
    0.000004   -0.000000    0.000004   -0.000002    0.000004   -0.000002    0.000004   -0.000000
    0.000004   -0.000000    0.000004    0.000000    0.000004    0.000000    0.000004   -0.000000
   -0.000010   -0.000000   -0.000012    0.000000   -0.000012    0.000000   -0.000012   -0.000000
    0.000004   -0.000000    0.000004   -0.000002    0.000004   -0.000002    0.000004   -0.000000
   -0.000012   -0.000000   -0.000010   -0.000002   -0.000009   -0.000002   -0.000010   -0.000000

   -0.000000    0.000004   -0.000000   -0.000002   -0.000002    0.000006   -0.000002   -0.000002
   -0.000000    0.000004   -0.000000    0.000004    0.000000    0.000048    0.000000    0.000004
   -0.000000    0.000004   -0.000000   -0.000002    0.000000    0.000006    0.000000   -0.000002
   -0.000000    0.000004   -0.000000    0.000004   -0.000002    0.000004   -0.000002    0.000004
   -0.000000    0.000004   -0.000000    0.000004    0.000000    0.000048    0.000000    0.000004
   -0.000002    0.000051   -0.000002    0.000069   -0.000172   -0.123036   -0.000172    0.000069
   -0.000002    0.000004   -0.000002    0.000004   -0.000172    0.000048   -0.000172    0.000004
   -0.000000   -0.000010   -0.000000   -0.000012    0.000000   -0.000012    0.000000   -0.000012
   -0.000000    0.000004   -0.000000   -0.000002    0.000000    0.000006    0.000000   -0.000002
   -0.000002    0.000004   -0.000002    0.000004   -0.000172    0.000048   -0.000172    0.000004
   -0.000002    0.000004   -0.000002   -0.000002   -0.000172    0.000006   -0.000172   -0.000002
   -0.000000    0.000004   -0.000000    0.000004    0.000000    0.000004    0.000000    0.000004
   -0.000000    0.000004   -0.000000    0.000004   -0.000002    0.000004   -0.000002    0.000004
   -0.000000   -0.000010   -0.000000   -0.000012    0.000000   -0.000012    0.000000   -0.000012
   -0.000000    0.000004   -0.000000    0.000004    0.000000    0.000004    0.000000    0.000004
   -0.000000   -0.000012   -0.000000   -0.000010   -0.000002   -0.000009   -0.000002   -0.000010

   -0.000002   -0.000002    0.000004   -0.000002   -0.000002   -0.000172    0.000006   -0.000172
    0.000004   -0.000002    0.000004   -0.000002    0.000004   -0.000172    0.000048   -0.000172
   -0.000002   -0.000000    0.000004   -0.000000   -0.000002    0.000000    0.000006    0.000000
    0.000004   -0.000000    0.000004   -0.000000    0.000004    0.000000    0.000004    0.000000
    0.000004   -0.000002    0.000004   -0.000002    0.000004   -0.000172    0.000048   -0.000172
    0.000069   -0.000002    0.000051   -0.000002    0.000069   -0.000172   -0.123036   -0.000172
    0.000004   -0.000000    0.000004   -0.000000    0.000004    0.000000    0.000048    0.000000
   -0.000012   -0.000000   -0.000010   -0.000000   -0.000012    0.000000   -0.000012    0.000000
   -0.000002   -0.000000    0.000004   -0.000000   -0.000002    0.000000    0.000006    0.000000
    0.000004   -0.000000    0.000004   -0.000000    0.000004    0.000000    0.000048    0.000000
   -0.000002   -0.000000    0.000004   -0.000000   -0.000002   -0.000002    0.000006   -0.000002
    0.000004   -0.000000    0.000004   -0.000000    0.000004   -0.000002    0.000004   -0.000002
    0.000004   -0.000000    0.000004   -0.000000    0.000004    0.000000    0.000004    0.000000
   -0.000012   -0.000000   -0.000010   -0.000000   -0.000012    0.000000   -0.000012    0.000000
    0.000004   -0.000000    0.000004   -0.000000    0.000004   -0.000002    0.000004   -0.000002
   -0.000010   -0.000000   -0.000012   -0.000000   -0.000010   -0.000002   -0.000009   -0.000002

   -0.000002   -0.000002   -0.000000    0.000004   -0.000000   -0.000002   -0.000002    0.000006
    0.000000    0.000004   -0.000000    0.000004   -0.000000    0.000004    0.000000    0.000048
    0.000000   -0.000002   -0.000000    0.000004   -0.000000   -0.000002    0.000000    0.000006
   -0.000002    0.000004   -0.000000    0.000004   -0.000000    0.000004   -0.000002    0.000004
    0.000000    0.000004   -0.000000    0.000004   -0.000000    0.000004    0.000000    0.000048
   -0.000172    0.000069   -0.000002    0.000051   -0.000002    0.000069   -0.000172   -0.123036
   -0.000172    0.000004   -0.000002    0.000004   -0.000002    0.000004   -0.000172    0.000048
    0.000000   -0.000012   -0.000000   -0.000010   -0.000000   -0.000012    0.000000   -0.000012
    0.000000   -0.000002   -0.000000    0.000004   -0.000000   -0.000002    0.000000    0.000006
   -0.000172    0.000004   -0.000002    0.000004   -0.000002    0.000004   -0.000172    0.000048
   -0.000172   -0.000002   -0.000002    0.000004   -0.000002   -0.000002   -0.000172    0.000006
    0.000000    0.000004   -0.000000    0.000004   -0.000000    0.000004    0.000000    0.000004
   -0.000002    0.000004   -0.000000    0.000004   -0.000000    0.000004   -0.000002    0.000004
    0.000000   -0.000012   -0.000000   -0.000010   -0.000000   -0.000012    0.000000   -0.000012
    0.000000    0.000004   -0.000000    0.000004   -0.000000    0.000004    0.000000    0.000004
   -0.000002   -0.000010   -0.000000   -0.000012   -0.000000   -0.000010   -0.000002   -0.000009

    0.000004    0.000000    0.000004   -0.000000    0.000004   -0.000000    0.000004    0.000000
    0.000006   -0.000172   -0.000002   -0.000002    0.000004   -0.000002   -0.000002   -0.000172
    0.000048   -0.000172    0.000004   -0.000002    0.000004   -0.000002    0.000004   -0.000172
    0.000006    0.000000   -0.000002   -0.000000    0.000004   -0.000000   -0.000002    0.000000
   -0.000012    0.000000   -0.000012   -0.000000   -0.000010   -0.000000   -0.000012    0.000000
    0.000048   -0.000172    0.000004   -0.000002    0.000004   -0.000002    0.000004   -0.000172
   -0.123036   -0.000172    0.000069   -0.000002    0.000051   -0.000002    0.000069   -0.000172
    0.000048    0.000000    0.000004   -0.000000    0.000004   -0.000000    0.000004    0.000000
    0.000004   -0.000002    0.000004   -0.000000    0.000004   -0.000000    0.000004   -0.000002
    0.000006    0.000000   -0.000002   -0.000000    0.000004   -0.000000   -0.000002    0.000000
    0.000048    0.000000    0.000004   -0.000000    0.000004   -0.000000    0.000004    0.000000
    0.000006   -0.000002   -0.000002   -0.000000    0.000004   -0.000000   -0.000002   -0.000002
   -0.000009   -0.000002   -0.000010   -0.000000   -0.000012   -0.000000   -0.000010   -0.000002
    0.000004    0.000000    0.000004   -0.000000    0.000004   -0.000000    0.000004    0.000000
   -0.000012    0.000000   -0.000012   -0.000000   -0.000010   -0.000000   -0.000012    0.000000
    0.000004   -0.000002    0.000004   -0.000000    0.000004   -0.000000    0.000004   -0.000002

   -0.000002    0.000004   -0.000002    0.000004   -0.000000    0.000004   -0.000000    0.000004
   -0.000002    0.000006   -0.000002   -0.000002   -0.000000    0.000004   -0.000000   -0.000002
    0.000000    0.000048    0.000000    0.000004   -0.000000    0.000004   -0.000000    0.000004
    0.000000    0.000006    0.000000   -0.000002   -0.000000    0.000004   -0.000000   -0.000002
    0.000000   -0.000012    0.000000   -0.000012   -0.000000   -0.000010   -0.000000   -0.000012
    0.000000    0.000048    0.000000    0.000004   -0.000000    0.000004   -0.000000    0.000004
   -0.000172   -0.123036   -0.000172    0.000069   -0.000002    0.000051   -0.000002    0.000069
   -0.000172    0.000048   -0.000172    0.000004   -0.000002    0.000004   -0.000002    0.000004
    0.000000    0.000004    0.000000    0.000004   -0.000000    0.000004   -0.000000    0.000004
    0.000000    0.000006    0.000000   -0.000002   -0.000000    0.000004   -0.000000   -0.000002
   -0.000172    0.000048   -0.000172    0.000004   -0.000002    0.000004   -0.000002    0.000004
   -0.000172    0.000006   -0.000172   -0.000002   -0.000002    0.000004   -0.000002   -0.000002
   -0.000002   -0.000009   -0.000002   -0.000010   -0.000000   -0.000012   -0.000000   -0.000010
   -0.000002    0.000004   -0.000002    0.000004   -0.000000    0.000004   -0.000000    0.000004
    0.000000   -0.000012    0.000000   -0.000012   -0.000000   -0.000010   -0.000000   -0.000012
    0.000000    0.000004    0.000000    0.000004   -0.000000    0.000004   -0.000000    0.000004

    0.000004    0.000000    0.000004    0.000000    0.000004   -0.000000    0.000004   -0.000000
   -0.000002   -0.000172    0.000006   -0.000172   -0.000002   -0.000002    0.000004   -0.000002
    0.000004   -0.000172    0.000048   -0.000172    0.000004   -0.000002    0.000004   -0.000002
   -0.000002    0.000000    0.000006    0.000000   -0.000002   -0.000000    0.000004   -0.000000
   -0.000012    0.000000   -0.000012    0.000000   -0.000012   -0.000000   -0.000010   -0.000000
    0.000004   -0.000172    0.000048   -0.000172    0.000004   -0.000002    0.000004   -0.000002
    0.000069   -0.000172   -0.123036   -0.000172    0.000069   -0.000002    0.000051   -0.000002
    0.000004    0.000000    0.000048    0.000000    0.000004   -0.000000    0.000004   -0.000000
    0.000004   -0.000002    0.000004   -0.000002    0.000004   -0.000000    0.000004   -0.000000
   -0.000002    0.000000    0.000006    0.000000   -0.000002   -0.000000    0.000004   -0.000000
    0.000004    0.000000    0.000048    0.000000    0.000004   -0.000000    0.000004   -0.000000
   -0.000002   -0.000002    0.000006   -0.000002   -0.000002   -0.000000    0.000004   -0.000000
   -0.000010   -0.000002   -0.000009   -0.000002   -0.000010   -0.000000   -0.000012   -0.000000
    0.000004    0.000000    0.000004    0.000000    0.000004   -0.000000    0.000004   -0.000000
   -0.000012    0.000000   -0.000012    0.000000   -0.000012   -0.000000   -0.000010   -0.000000
    0.000004   -0.000002    0.000004   -0.000002    0.000004   -0.000000    0.000004   -0.000000

   -0.000000    0.000004   -0.000002    0.000004   -0.000002    0.000004   -0.000000    0.000004
   -0.000000   -0.000002   -0.000002    0.000006   -0.000002   -0.000002   -0.000000    0.000004
   -0.000000    0.000004    0.000000    0.000048    0.000000    0.000004   -0.000000    0.000004
   -0.000000   -0.000002    0.000000    0.000006    0.000000   -0.000002   -0.000000    0.000004
   -0.000000   -0.000012    0.000000   -0.000012    0.000000   -0.000012   -0.000000   -0.000010
   -0.000000    0.000004    0.000000    0.000048    0.000000    0.000004   -0.000000    0.000004
   -0.000002    0.000069   -0.000172   -0.123036   -0.000172    0.000069   -0.000002    0.000051
   -0.000002    0.000004   -0.000172    0.000048   -0.000172    0.000004   -0.000002    0.000004
   -0.000000    0.000004    0.000000    0.000004    0.000000    0.000004   -0.000000    0.000004
   -0.000000   -0.000002    0.000000    0.000006    0.000000   -0.000002   -0.000000    0.000004
   -0.000002    0.000004   -0.000172    0.000048   -0.000172    0.000004   -0.000002    0.000004
   -0.000002   -0.000002   -0.000172    0.000006   -0.000172   -0.000002   -0.000002    0.000004
   -0.000000   -0.000010   -0.000002   -0.000009   -0.000002   -0.000010   -0.000000   -0.000012
   -0.000000    0.000004   -0.000002    0.000004   -0.000002    0.000004   -0.000000    0.000004
   -0.000000   -0.000012    0.000000   -0.000012    0.000000   -0.000012   -0.000000   -0.000010
   -0.000000    0.000004    0.000000    0.000004    0.000000    0.000004   -0.000000    0.000004

    0.000004   -0.000000    0.000004    0.000000    0.000004    0.000000    0.000004   -0.000000
    0.000004   -0.000002   -0.000002   -0.000172    0.000006   -0.000172   -0.000002   -0.000002
    0.000004   -0.000002    0.000004   -0.000172    0.000048   -0.000172    0.000004   -0.000002
    0.000004   -0.000000   -0.000002    0.000000    0.000006    0.000000   -0.000002   -0.000000
   -0.000010   -0.000000   -0.000012    0.000000   -0.000012    0.000000   -0.000012   -0.000000
    0.000004   -0.000002    0.000004   -0.000172    0.000048   -0.000172    0.000004   -0.000002
    0.000051   -0.000002    0.000069   -0.000172   -0.123036   -0.000172    0.000069   -0.000002
    0.000004   -0.000000    0.000004    0.000000    0.000048    0.000000    0.000004   -0.000000
    0.000004   -0.000000    0.000004   -0.000002    0.000004   -0.000002    0.000004   -0.000000
    0.000004   -0.000000   -0.000002    0.000000    0.000006    0.000000   -0.000002   -0.000000
    0.000004   -0.000000    0.000004    0.000000    0.000048    0.000000    0.000004   -0.000000
    0.000004   -0.000000   -0.000002   -0.000002    0.000006   -0.000002   -0.000002   -0.000000
   -0.000012   -0.000000   -0.000010   -0.000002   -0.000009   -0.000002   -0.000010   -0.000000
    0.000004   -0.000000    0.000004    0.000000    0.000004    0.000000    0.000004   -0.000000
   -0.000010   -0.000000   -0.000012    0.000000   -0.000012    0.000000   -0.000012   -0.000000
    0.000004   -0.000000    0.000004   -0.000002    0.000004   -0.000002    0.000004   -0.000000

   -0.000000    0.000004   -0.000000    0.000004   -0.000002    0.000004   -0.000002    0.000004
   -0.000000    0.000004   -0.000000   -0.000002   -0.000002    0.000006   -0.000002   -0.000002
   -0.000000    0.000004   -0.000000    0.000004    0.000000    0.000048    0.000000    0.000004
   -0.000000    0.000004   -0.000000   -0.000002    0.000000    0.000006    0.000000   -0.000002
   -0.000000   -0.000010   -0.000000   -0.000012    0.000000   -0.000012    0.000000   -0.000012
   -0.000000    0.000004   -0.000000    0.000004    0.000000    0.000048    0.000000    0.000004
   -0.000002    0.000051   -0.000002    0.000069   -0.000172   -0.123036   -0.000172    0.000069
   -0.000002    0.000004   -0.000002    0.000004   -0.000172    0.000048   -0.000172    0.000004
   -0.000000    0.000004   -0.000000    0.000004    0.000000    0.000004    0.000000    0.000004
   -0.000000    0.000004   -0.000000   -0.000002    0.000000    0.000006    0.000000   -0.000002
   -0.000002    0.000004   -0.000002    0.000004   -0.000172    0.000048   -0.000172    0.000004
   -0.000002    0.000004   -0.000002   -0.000002   -0.000172    0.000006   -0.000172   -0.000002
   -0.000000   -0.000012   -0.000000   -0.000010   -0.000002   -0.000009   -0.000002   -0.000010
   -0.000000    0.000004   -0.000000    0.000004   -0.000002    0.000004   -0.000002    0.000004
   -0.000000   -0.000010   -0.000000   -0.000012    0.000000   -0.000012    0.000000   -0.000012
   -0.000000    0.000004   -0.000000    0.000004    0.000000    0.000004    0.000000    0.000004

    0.000004   -0.000000    0.000004   -0.000000    0.000004    0.000000    0.000004    0.000000
   -0.000002   -0.000002    0.000004   -0.000002   -0.000002   -0.000172    0.000006   -0.000172
    0.000004   -0.000002    0.000004   -0.000002    0.000004   -0.000172    0.000048   -0.000172
   -0.000002   -0.000000    0.000004   -0.000000   -0.000002    0.000000    0.000006    0.000000
   -0.000012   -0.000000   -0.000010   -0.000000   -0.000012    0.000000   -0.000012    0.000000
    0.000004   -0.000002    0.000004   -0.000002    0.000004   -0.000172    0.000048   -0.000172
    0.000069   -0.000002    0.000051   -0.000002    0.000069   -0.000172   -0.123036   -0.000172
    0.000004   -0.000000    0.000004   -0.000000    0.000004    0.000000    0.000048    0.000000
    0.000004   -0.000000    0.000004   -0.000000    0.000004   -0.000002    0.000004   -0.000002
   -0.000002   -0.000000    0.000004   -0.000000   -0.000002    0.000000    0.000006    0.000000
    0.000004   -0.000000    0.000004   -0.000000    0.000004    0.000000    0.000048    0.000000
   -0.000002   -0.000000    0.000004   -0.000000   -0.000002   -0.000002    0.000006   -0.000002
   -0.000010   -0.000000   -0.000012   -0.000000   -0.000010   -0.000002   -0.000009   -0.000002
    0.000004   -0.000000    0.000004   -0.000000    0.000004    0.000000    0.000004    0.000000
   -0.000012   -0.000000   -0.000010   -0.000000   -0.000012    0.000000   -0.000012    0.000000
    0.000004   -0.000000    0.000004   -0.000000    0.000004   -0.000002    0.000004   -0.000002

   -0.000002    0.000004   -0.000000    0.000004   -0.000000    0.000004   -0.000002    0.000004
   -0.000002   -0.000002   -0.000000    0.000004   -0.000000   -0.000002   -0.000002    0.000006
    0.000000    0.000004   -0.000000    0.000004   -0.000000    0.000004    0.000000    0.000048
    0.000000   -0.000002   -0.000000    0.000004   -0.000000   -0.000002    0.000000    0.000006
    0.000000   -0.000012   -0.000000   -0.000010   -0.000000   -0.000012    0.000000   -0.000012
    0.000000    0.000004   -0.000000    0.000004   -0.000000    0.000004    0.000000    0.000048
   -0.000172    0.000069   -0.000002    0.000051   -0.000002    0.000069   -0.000172   -0.123036
   -0.000172    0.000004   -0.000002    0.000004   -0.000002    0.000004   -0.000172    0.000048
    0.000000    0.000004   -0.000000    0.000004   -0.000000    0.000004    0.000000    0.000004
    0.000000   -0.000002   -0.000000    0.000004   -0.000000   -0.000002    0.000000    0.000006
   -0.000172    0.000004   -0.000002    0.000004   -0.000002    0.000004   -0.000172    0.000048
   -0.000172   -0.000002   -0.000002    0.000004   -0.000002   -0.000002   -0.000172    0.000006
   -0.000002   -0.000010   -0.000000   -0.000012   -0.000000   -0.000010   -0.000002   -0.000009
   -0.000002    0.000004   -0.000000    0.000004   -0.000000    0.000004   -0.000002    0.000004
    0.000000   -0.000012   -0.000000   -0.000010   -0.000000   -0.000012    0.000000   -0.000012
    0.000000    0.000004   -0.000000    0.000004   -0.000000    0.000004    0.000000    0.000004

    0.000006    0.000000   -0.000002   -0.000000    0.000004   -0.000000   -0.000002    0.000000
    0.000004    0.000000    0.000004   -0.000000    0.000004   -0.000000    0.000004    0.000000
    0.000006   -0.000172   -0.000002   -0.000002    0.000004   -0.000002   -0.000002   -0.000172
    0.000048   -0.000172    0.000004   -0.000002    0.000004   -0.000002    0.000004   -0.000172
    0.000048    0.000000    0.000004   -0.000000    0.000004   -0.000000    0.000004    0.000000
   -0.000012    0.000000   -0.000012   -0.000000   -0.000010   -0.000000   -0.000012    0.000000
    0.000048   -0.000172    0.000004   -0.000002    0.000004   -0.000002    0.000004   -0.000172
   -0.123036   -0.000172    0.000069   -0.000002    0.000051   -0.000002    0.000069   -0.000172
    0.000006   -0.000002   -0.000002   -0.000000    0.000004   -0.000000   -0.000002   -0.000002
    0.000004   -0.000002    0.000004   -0.000000    0.000004   -0.000000    0.000004   -0.000002
    0.000006    0.000000   -0.000002   -0.000000    0.000004   -0.000000   -0.000002    0.000000
    0.000048    0.000000    0.000004   -0.000000    0.000004   -0.000000    0.000004    0.000000
    0.000004   -0.000002    0.000004   -0.000000    0.000004   -0.000000    0.000004   -0.000002
   -0.000009   -0.000002   -0.000010   -0.000000   -0.000012   -0.000000   -0.000010   -0.000002
    0.000004    0.000000    0.000004   -0.000000    0.000004   -0.000000    0.000004    0.000000
   -0.000012    0.000000   -0.000012   -0.000000   -0.000010   -0.000000   -0.000012    0.000000

    0.000000    0.000006    0.000000   -0.000002   -0.000000    0.000004   -0.000000   -0.000002
   -0.000002    0.000004   -0.000002    0.000004   -0.000000    0.000004   -0.000000    0.000004
   -0.000002    0.000006   -0.000002   -0.000002   -0.000000    0.000004   -0.000000   -0.000002
    0.000000    0.000048    0.000000    0.000004   -0.000000    0.000004   -0.000000    0.000004
   -0.000172    0.000048   -0.000172    0.000004   -0.000002    0.000004   -0.000002    0.000004
    0.000000   -0.000012    0.000000   -0.000012   -0.000000   -0.000010   -0.000000   -0.000012
    0.000000    0.000048    0.000000    0.000004   -0.000000    0.000004   -0.000000    0.000004
   -0.000172   -0.123036   -0.000172    0.000069   -0.000002    0.000051   -0.000002    0.000069
   -0.000172    0.000006   -0.000172   -0.000002   -0.000002    0.000004   -0.000002   -0.000002
    0.000000    0.000004    0.000000    0.000004   -0.000000    0.000004   -0.000000    0.000004
    0.000000    0.000006    0.000000   -0.000002   -0.000000    0.000004   -0.000000   -0.000002
   -0.000172    0.000048   -0.000172    0.000004   -0.000002    0.000004   -0.000002    0.000004
    0.000000    0.000004    0.000000    0.000004   -0.000000    0.000004   -0.000000    0.000004
   -0.000002   -0.000009   -0.000002   -0.000010   -0.000000   -0.000012   -0.000000   -0.000010
   -0.000002    0.000004   -0.000002    0.000004   -0.000000    0.000004   -0.000000    0.000004
    0.000000   -0.000012    0.000000   -0.000012   -0.000000   -0.000010   -0.000000   -0.000012

   -0.000002    0.000000    0.000006    0.000000   -0.000002   -0.000000    0.000004   -0.000000
    0.000004    0.000000    0.000004    0.000000    0.000004   -0.000000    0.000004   -0.000000
   -0.000002   -0.000172    0.000006   -0.000172   -0.000002   -0.000002    0.000004   -0.000002
    0.000004   -0.000172    0.000048   -0.000172    0.000004   -0.000002    0.000004   -0.000002
    0.000004    0.000000    0.000048    0.000000    0.000004   -0.000000    0.000004   -0.000000
   -0.000012    0.000000   -0.000012    0.000000   -0.000012   -0.000000   -0.000010   -0.000000
    0.000004   -0.000172    0.000048   -0.000172    0.000004   -0.000002    0.000004   -0.000002
    0.000069   -0.000172   -0.123036   -0.000172    0.000069   -0.000002    0.000051   -0.000002
   -0.000002   -0.000002    0.000006   -0.000002   -0.000002   -0.000000    0.000004   -0.000000
    0.000004   -0.000002    0.000004   -0.000002    0.000004   -0.000000    0.000004   -0.000000
   -0.000002    0.000000    0.000006    0.000000   -0.000002   -0.000000    0.000004   -0.000000
    0.000004    0.000000    0.000048    0.000000    0.000004   -0.000000    0.000004   -0.000000
    0.000004   -0.000002    0.000004   -0.000002    0.000004   -0.000000    0.000004   -0.000000
   -0.000010   -0.000002   -0.000009   -0.000002   -0.000010   -0.000000   -0.000012   -0.000000
    0.000004    0.000000    0.000004    0.000000    0.000004   -0.000000    0.000004   -0.000000
   -0.000012    0.000000   -0.000012    0.000000   -0.000012   -0.000000   -0.000010   -0.000000

   -0.000000   -0.000002    0.000000    0.000006    0.000000   -0.000002   -0.000000    0.000004
   -0.000000    0.000004   -0.000002    0.000004   -0.000002    0.000004   -0.000000    0.000004
   -0.000000   -0.000002   -0.000002    0.000006   -0.000002   -0.000002   -0.000000    0.000004
   -0.000000    0.000004    0.000000    0.000048    0.000000    0.000004   -0.000000    0.000004
   -0.000002    0.000004   -0.000172    0.000048   -0.000172    0.000004   -0.000002    0.000004
   -0.000000   -0.000012    0.000000   -0.000012    0.000000   -0.000012   -0.000000   -0.000010
   -0.000000    0.000004    0.000000    0.000048    0.000000    0.000004   -0.000000    0.000004
   -0.000002    0.000069   -0.000172   -0.123036   -0.000172    0.000069   -0.000002    0.000051
   -0.000002   -0.000002   -0.000172    0.000006   -0.000172   -0.000002   -0.000002    0.000004
   -0.000000    0.000004    0.000000    0.000004    0.000000    0.000004   -0.000000    0.000004
   -0.000000   -0.000002    0.000000    0.000006    0.000000   -0.000002   -0.000000    0.000004
   -0.000002    0.000004   -0.000172    0.000048   -0.000172    0.000004   -0.000002    0.000004
   -0.000000    0.000004    0.000000    0.000004    0.000000    0.000004   -0.000000    0.000004
   -0.000000   -0.000010   -0.000002   -0.000009   -0.000002   -0.000010   -0.000000   -0.000012
   -0.000000    0.000004   -0.000002    0.000004   -0.000002    0.000004   -0.000000    0.000004
   -0.000000   -0.000012    0.000000   -0.000012    0.000000   -0.000012   -0.000000   -0.000010

    0.000004   -0.000000   -0.000002    0.000000    0.000006    0.000000   -0.000002   -0.000000
    0.000004   -0.000000    0.000004    0.000000    0.000004    0.000000    0.000004   -0.000000
    0.000004   -0.000002   -0.000002   -0.000172    0.000006   -0.000172   -0.000002   -0.000002
    0.000004   -0.000002    0.000004   -0.000172    0.000048   -0.000172    0.000004   -0.000002
    0.000004   -0.000000    0.000004    0.000000    0.000048    0.000000    0.000004   -0.000000
   -0.000010   -0.000000   -0.000012    0.000000   -0.000012    0.000000   -0.000012   -0.000000
    0.000004   -0.000002    0.000004   -0.000172    0.000048   -0.000172    0.000004   -0.000002
    0.000051   -0.000002    0.000069   -0.000172   -0.123036   -0.000172    0.000069   -0.000002
    0.000004   -0.000000   -0.000002   -0.000002    0.000006   -0.000002   -0.000002   -0.000000
    0.000004   -0.000000    0.000004   -0.000002    0.000004   -0.000002    0.000004   -0.000000
    0.000004   -0.000000   -0.000002    0.000000    0.000006    0.000000   -0.000002   -0.000000
    0.000004   -0.000000    0.000004    0.000000    0.000048    0.000000    0.000004   -0.000000
    0.000004   -0.000000    0.000004   -0.000002    0.000004   -0.000002    0.000004   -0.000000
   -0.000012   -0.000000   -0.000010   -0.000002   -0.000009   -0.000002   -0.000010   -0.000000
    0.000004   -0.000000    0.000004    0.000000    0.000004    0.000000    0.000004   -0.000000
   -0.000010   -0.000000   -0.000012    0.000000   -0.000012    0.000000   -0.000012   -0.000000

   -0.000000    0.000004   -0.000000   -0.000002    0.000000    0.000006    0.000000   -0.000002
   -0.000000    0.000004   -0.000000    0.000004   -0.000002    0.000004   -0.000002    0.000004
   -0.000000    0.000004   -0.000000   -0.000002   -0.000002    0.000006   -0.000002   -0.000002
   -0.000000    0.000004   -0.000000    0.000004    0.000000    0.000048    0.000000    0.000004
   -0.000002    0.000004   -0.000002    0.000004   -0.000172    0.000048   -0.000172    0.000004
   -0.000000   -0.000010   -0.000000   -0.000012    0.000000   -0.000012    0.000000   -0.000012
   -0.000000    0.000004   -0.000000    0.000004    0.000000    0.000048    0.000000    0.000004
   -0.000002    0.000051   -0.000002    0.000069   -0.000172   -0.123036   -0.000172    0.000069
   -0.000002    0.000004   -0.000002   -0.000002   -0.000172    0.000006   -0.000172   -0.000002
   -0.000000    0.000004   -0.000000    0.000004    0.000000    0.000004    0.000000    0.000004
   -0.000000    0.000004   -0.000000   -0.000002    0.000000    0.000006    0.000000   -0.000002
   -0.000002    0.000004   -0.000002    0.000004   -0.000172    0.000048   -0.000172    0.000004
   -0.000000    0.000004   -0.000000    0.000004    0.000000    0.000004    0.000000    0.000004
   -0.000000   -0.000012   -0.000000   -0.000010   -0.000002   -0.000009   -0.000002   -0.000010
   -0.000000    0.000004   -0.000000    0.000004   -0.000002    0.000004   -0.000002    0.000004
   -0.000000   -0.000010   -0.000000   -0.000012    0.000000   -0.000012    0.000000   -0.000012

   -0.000002   -0.000000    0.000004   -0.000000   -0.000002    0.000000    0.000006    0.000000
    0.000004   -0.000000    0.000004   -0.000000    0.000004    0.000000    0.000004    0.000000
   -0.000002   -0.000002    0.000004   -0.000002   -0.000002   -0.000172    0.000006   -0.000172
    0.000004   -0.000002    0.000004   -0.000002    0.000004   -0.000172    0.000048   -0.000172
    0.000004   -0.000000    0.000004   -0.000000    0.000004    0.000000    0.000048    0.000000
   -0.000012   -0.000000   -0.000010   -0.000000   -0.000012    0.000000   -0.000012    0.000000
    0.000004   -0.000002    0.000004   -0.000002    0.000004   -0.000172    0.000048   -0.000172
    0.000069   -0.000002    0.000051   -0.000002    0.000069   -0.000172   -0.123036   -0.000172
   -0.000002   -0.000000    0.000004   -0.000000   -0.000002   -0.000002    0.000006   -0.000002
    0.000004   -0.000000    0.000004   -0.000000    0.000004   -0.000002    0.000004   -0.000002
   -0.000002   -0.000000    0.000004   -0.000000   -0.000002    0.000000    0.000006    0.000000
    0.000004   -0.000000    0.000004   -0.000000    0.000004    0.000000    0.000048    0.000000
    0.000004   -0.000000    0.000004   -0.000000    0.000004   -0.000002    0.000004   -0.000002
   -0.000010   -0.000000   -0.000012   -0.000000   -0.000010   -0.000002   -0.000009   -0.000002
    0.000004   -0.000000    0.000004   -0.000000    0.000004    0.000000    0.000004    0.000000
   -0.000012   -0.000000   -0.000010   -0.000000   -0.000012    0.000000   -0.000012    0.000000

    0.000000   -0.000002   -0.000000    0.000004   -0.000000   -0.000002    0.000000    0.000006
   -0.000002    0.000004   -0.000000    0.000004   -0.000000    0.000004   -0.000002    0.000004
   -0.000002   -0.000002   -0.000000    0.000004   -0.000000   -0.000002   -0.000002    0.000006
    0.000000    0.000004   -0.000000    0.000004   -0.000000    0.000004    0.000000    0.000048
   -0.000172    0.000004   -0.000002    0.000004   -0.000002    0.000004   -0.000172    0.000048
    0.000000   -0.000012   -0.000000   -0.000010   -0.000000   -0.000012    0.000000   -0.000012
    0.000000    0.000004   -0.000000    0.000004   -0.000000    0.000004    0.000000    0.000048
   -0.000172    0.000069   -0.000002    0.000051   -0.000002    0.000069   -0.000172   -0.123036
   -0.000172   -0.000002   -0.000002    0.000004   -0.000002   -0.000002   -0.000172    0.000006
    0.000000    0.000004   -0.000000    0.000004   -0.000000    0.000004    0.000000    0.000004
    0.000000   -0.000002   -0.000000    0.000004   -0.000000   -0.000002    0.000000    0.000006
   -0.000172    0.000004   -0.000002    0.000004   -0.000002    0.000004   -0.000172    0.000048
    0.000000    0.000004   -0.000000    0.000004   -0.000000    0.000004    0.000000    0.000004
   -0.000002   -0.000010   -0.000000   -0.000012   -0.000000   -0.000010   -0.000002   -0.000009
   -0.000002    0.000004   -0.000000    0.000004   -0.000000    0.000004   -0.000002    0.000004
    0.000000   -0.000012   -0.000000   -0.000010   -0.000000   -0.000012    0.000000   -0.000012

   -0.000012    0.000000   -0.000012   -0.000000   -0.000010   -0.000000   -0.000012    0.000000
    0.000004   -0.000002    0.000004   -0.000000    0.000004   -0.000000    0.000004   -0.000002
   -0.000009   -0.000002   -0.000010   -0.000000   -0.000012   -0.000000   -0.000010   -0.000002
    0.000004    0.000000    0.000004   -0.000000    0.000004   -0.000000    0.000004    0.000000
    0.000048   -0.000172    0.000004   -0.000002    0.000004   -0.000002    0.000004   -0.000172
    0.000006    0.000000   -0.000002   -0.000000    0.000004   -0.000000   -0.000002    0.000000
    0.000004    0.000000    0.000004   -0.000000    0.000004   -0.000000    0.000004    0.000000
    0.000006   -0.000172   -0.000002   -0.000002    0.000004   -0.000002   -0.000002   -0.000172
   -0.123036   -0.000172    0.000069   -0.000002    0.000051   -0.000002    0.000069   -0.000172
    0.000048    0.000000    0.000004   -0.000000    0.000004   -0.000000    0.000004    0.000000
   -0.000012    0.000000   -0.000012   -0.000000   -0.000010   -0.000000   -0.000012    0.000000
    0.000048   -0.000172    0.000004   -0.000002    0.000004   -0.000002    0.000004   -0.000172
    0.000048    0.000000    0.000004   -0.000000    0.000004   -0.000000    0.000004    0.000000
    0.000006   -0.000002   -0.000002   -0.000000    0.000004   -0.000000   -0.000002   -0.000002
    0.000004   -0.000002    0.000004   -0.000000    0.000004   -0.000000    0.000004   -0.000002
    0.000006    0.000000   -0.000002   -0.000000    0.000004   -0.000000   -0.000002    0.000000

    0.000000   -0.000012    0.000000   -0.000012   -0.000000   -0.000010   -0.000000   -0.000012
    0.000000    0.000004    0.000000    0.000004   -0.000000    0.000004   -0.000000    0.000004
   -0.000002   -0.000009   -0.000002   -0.000010   -0.000000   -0.000012   -0.000000   -0.000010
   -0.000002    0.000004   -0.000002    0.000004   -0.000000    0.000004   -0.000000    0.000004
    0.000000    0.000048    0.000000    0.000004   -0.000000    0.000004   -0.000000    0.000004
    0.000000    0.000006    0.000000   -0.000002   -0.000000    0.000004   -0.000000   -0.000002
   -0.000002    0.000004   -0.000002    0.000004   -0.000000    0.000004   -0.000000    0.000004
   -0.000002    0.000006   -0.000002   -0.000002   -0.000000    0.000004   -0.000000   -0.000002
   -0.000172   -0.123036   -0.000172    0.000069   -0.000002    0.000051   -0.000002    0.000069
   -0.000172    0.000048   -0.000172    0.000004   -0.000002    0.000004   -0.000002    0.000004
    0.000000   -0.000012    0.000000   -0.000012   -0.000000   -0.000010   -0.000000   -0.000012
    0.000000    0.000048    0.000000    0.000004   -0.000000    0.000004   -0.000000    0.000004
   -0.000172    0.000048   -0.000172    0.000004   -0.000002    0.000004   -0.000002    0.000004
   -0.000172    0.000006   -0.000172   -0.000002   -0.000002    0.000004   -0.000002   -0.000002
    0.000000    0.000004    0.000000    0.000004   -0.000000    0.000004   -0.000000    0.000004
    0.000000    0.000006    0.000000   -0.000002   -0.000000    0.000004   -0.000000   -0.000002

   -0.000012    0.000000   -0.000012    0.000000   -0.000012   -0.000000   -0.000010   -0.000000
    0.000004   -0.000002    0.000004   -0.000002    0.000004   -0.000000    0.000004   -0.000000
   -0.000010   -0.000002   -0.000009   -0.000002   -0.000010   -0.000000   -0.000012   -0.000000
    0.000004    0.000000    0.000004    0.000000    0.000004   -0.000000    0.000004   -0.000000
    0.000004   -0.000172    0.000048   -0.000172    0.000004   -0.000002    0.000004   -0.000002
   -0.000002    0.000000    0.000006    0.000000   -0.000002   -0.000000    0.000004   -0.000000
    0.000004    0.000000    0.000004    0.000000    0.000004   -0.000000    0.000004   -0.000000
   -0.000002   -0.000172    0.000006   -0.000172   -0.000002   -0.000002    0.000004   -0.000002
    0.000069   -0.000172   -0.123036   -0.000172    0.000069   -0.000002    0.000051   -0.000002
    0.000004    0.000000    0.000048    0.000000    0.000004   -0.000000    0.000004   -0.000000
   -0.000012    0.000000   -0.000012    0.000000   -0.000012   -0.000000   -0.000010   -0.000000
    0.000004   -0.000172    0.000048   -0.000172    0.000004   -0.000002    0.000004   -0.000002
    0.000004    0.000000    0.000048    0.000000    0.000004   -0.000000    0.000004   -0.000000
   -0.000002   -0.000002    0.000006   -0.000002   -0.000002   -0.000000    0.000004   -0.000000
    0.000004   -0.000002    0.000004   -0.000002    0.000004   -0.000000    0.000004   -0.000000
   -0.000002    0.000000    0.000006    0.000000   -0.000002   -0.000000    0.000004   -0.000000

   -0.000000   -0.000012    0.000000   -0.000012    0.000000   -0.000012   -0.000000   -0.000010
   -0.000000    0.000004    0.000000    0.000004    0.000000    0.000004   -0.000000    0.000004
   -0.000000   -0.000010   -0.000002   -0.000009   -0.000002   -0.000010   -0.000000   -0.000012
   -0.000000    0.000004   -0.000002    0.000004   -0.000002    0.000004   -0.000000    0.000004
   -0.000000    0.000004    0.000000    0.000048    0.000000    0.000004   -0.000000    0.000004
   -0.000000   -0.000002    0.000000    0.000006    0.000000   -0.000002   -0.000000    0.000004
   -0.000000    0.000004   -0.000002    0.000004   -0.000002    0.000004   -0.000000    0.000004
   -0.000000   -0.000002   -0.000002    0.000006   -0.000002   -0.000002   -0.000000    0.000004
   -0.000002    0.000069   -0.000172   -0.123036   -0.000172    0.000069   -0.000002    0.000051
   -0.000002    0.000004   -0.000172    0.000048   -0.000172    0.000004   -0.000002    0.000004
   -0.000000   -0.000012    0.000000   -0.000012    0.000000   -0.000012   -0.000000   -0.000010
   -0.000000    0.000004    0.000000    0.000048    0.000000    0.000004   -0.000000    0.000004
   -0.000002    0.000004   -0.000172    0.000048   -0.000172    0.000004   -0.000002    0.000004
   -0.000002   -0.000002   -0.000172    0.000006   -0.000172   -0.000002   -0.000002    0.000004
   -0.000000    0.000004    0.000000    0.000004    0.000000    0.000004   -0.000000    0.000004
   -0.000000   -0.000002    0.000000    0.000006    0.000000   -0.000002   -0.000000    0.000004

   -0.000010   -0.000000   -0.000012    0.000000   -0.000012    0.000000   -0.000012   -0.000000
    0.000004   -0.000000    0.000004   -0.000002    0.000004   -0.000002    0.000004   -0.000000
   -0.000012   -0.000000   -0.000010   -0.000002   -0.000009   -0.000002   -0.000010   -0.000000
    0.000004   -0.000000    0.000004    0.000000    0.000004    0.000000    0.000004   -0.000000
    0.000004   -0.000002    0.000004   -0.000172    0.000048   -0.000172    0.000004   -0.000002
    0.000004   -0.000000   -0.000002    0.000000    0.000006    0.000000   -0.000002   -0.000000
    0.000004   -0.000000    0.000004    0.000000    0.000004    0.000000    0.000004   -0.000000
    0.000004   -0.000002   -0.000002   -0.000172    0.000006   -0.000172   -0.000002   -0.000002
    0.000051   -0.000002    0.000069   -0.000172   -0.123036   -0.000172    0.000069   -0.000002
    0.000004   -0.000000    0.000004    0.000000    0.000048    0.000000    0.000004   -0.000000
   -0.000010   -0.000000   -0.000012    0.000000   -0.000012    0.000000   -0.000012   -0.000000
    0.000004   -0.000002    0.000004   -0.000172    0.000048   -0.000172    0.000004   -0.000002
    0.000004   -0.000000    0.000004    0.000000    0.000048    0.000000    0.000004   -0.000000
    0.000004   -0.000000   -0.000002   -0.000002    0.000006   -0.000002   -0.000002   -0.000000
    0.000004   -0.000000    0.000004   -0.000002    0.000004   -0.000002    0.000004   -0.000000
    0.000004   -0.000000   -0.000002    0.000000    0.000006    0.000000   -0.000002   -0.000000

   -0.000000   -0.000010   -0.000000   -0.000012    0.000000   -0.000012    0.000000   -0.000012
   -0.000000    0.000004   -0.000000    0.000004    0.000000    0.000004    0.000000    0.000004
   -0.000000   -0.000012   -0.000000   -0.000010   -0.000002   -0.000009   -0.000002   -0.000010
   -0.000000    0.000004   -0.000000    0.000004   -0.000002    0.000004   -0.000002    0.000004
   -0.000000    0.000004   -0.000000    0.000004    0.000000    0.000048    0.000000    0.000004
   -0.000000    0.000004   -0.000000   -0.000002    0.000000    0.000006    0.000000   -0.000002
   -0.000000    0.000004   -0.000000    0.000004   -0.000002    0.000004   -0.000002    0.000004
   -0.000000    0.000004   -0.000000   -0.000002   -0.000002    0.000006   -0.000002   -0.000002
   -0.000002    0.000051   -0.000002    0.000069   -0.000172   -0.123036   -0.000172    0.000069
   -0.000002    0.000004   -0.000002    0.000004   -0.000172    0.000048   -0.000172    0.000004
   -0.000000   -0.000010   -0.000000   -0.000012    0.000000   -0.000012    0.000000   -0.000012
   -0.000000    0.000004   -0.000000    0.000004    0.000000    0.000048    0.000000    0.000004
   -0.000002    0.000004   -0.000002    0.000004   -0.000172    0.000048   -0.000172    0.000004
   -0.000002    0.000004   -0.000002   -0.000002   -0.000172    0.000006   -0.000172   -0.000002
   -0.000000    0.000004   -0.000000    0.000004    0.000000    0.000004    0.000000    0.000004
   -0.000000    0.000004   -0.000000   -0.000002    0.000000    0.000006    0.000000   -0.000002

   -0.000012   -0.000000   -0.000010   -0.000000   -0.000012    0.000000   -0.000012    0.000000
    0.000004   -0.000000    0.000004   -0.000000    0.000004   -0.000002    0.000004   -0.000002
   -0.000010   -0.000000   -0.000012   -0.000000   -0.000010   -0.000002   -0.000009   -0.000002
    0.000004   -0.000000    0.000004   -0.000000    0.000004    0.000000    0.000004    0.000000
    0.000004   -0.000002    0.000004   -0.000002    0.000004   -0.000172    0.000048   -0.000172
   -0.000002   -0.000000    0.000004   -0.000000   -0.000002    0.000000    0.000006    0.000000
    0.000004   -0.000000    0.000004   -0.000000    0.000004    0.000000    0.000004    0.000000
   -0.000002   -0.000002    0.000004   -0.000002   -0.000002   -0.000172    0.000006   -0.000172
    0.000069   -0.000002    0.000051   -0.000002    0.000069   -0.000172   -0.123036   -0.000172
    0.000004   -0.000000    0.000004   -0.000000    0.000004    0.000000    0.000048    0.000000
   -0.000012   -0.000000   -0.000010   -0.000000   -0.000012    0.000000   -0.000012    0.000000
    0.000004   -0.000002    0.000004   -0.000002    0.000004   -0.000172    0.000048   -0.000172
    0.000004   -0.000000    0.000004   -0.000000    0.000004    0.000000    0.000048    0.000000
   -0.000002   -0.000000    0.000004   -0.000000   -0.000002   -0.000002    0.000006   -0.000002
    0.000004   -0.000000    0.000004   -0.000000    0.000004   -0.000002    0.000004   -0.000002
   -0.000002   -0.000000    0.000004   -0.000000   -0.000002    0.000000    0.000006    0.000000

    0.000000   -0.000012   -0.000000   -0.000010   -0.000000   -0.000012    0.000000   -0.000012
    0.000000    0.000004   -0.000000    0.000004   -0.000000    0.000004    0.000000    0.000004
   -0.000002   -0.000010   -0.000000   -0.000012   -0.000000   -0.000010   -0.000002   -0.000009
   -0.000002    0.000004   -0.000000    0.000004   -0.000000    0.000004   -0.000002    0.000004
    0.000000    0.000004   -0.000000    0.000004   -0.000000    0.000004    0.000000    0.000048
    0.000000   -0.000002   -0.000000    0.000004   -0.000000   -0.000002    0.000000    0.000006
   -0.000002    0.000004   -0.000000    0.000004   -0.000000    0.000004   -0.000002    0.000004
   -0.000002   -0.000002   -0.000000    0.000004   -0.000000   -0.000002   -0.000002    0.000006
   -0.000172    0.000069   -0.000002    0.000051   -0.000002    0.000069   -0.000172   -0.123036
   -0.000172    0.000004   -0.000002    0.000004   -0.000002    0.000004   -0.000172    0.000048
    0.000000   -0.000012   -0.000000   -0.000010   -0.000000   -0.000012    0.000000   -0.000012
    0.000000    0.000004   -0.000000    0.000004   -0.000000    0.000004    0.000000    0.000048
   -0.000172    0.000004   -0.000002    0.000004   -0.000002    0.000004   -0.000172    0.000048
   -0.000172   -0.000002   -0.000002    0.000004   -0.000002   -0.000002   -0.000172    0.000006
    0.000000    0.000004   -0.000000    0.000004   -0.000000    0.000004    0.000000    0.000004
    0.000000   -0.000002   -0.000000    0.000004   -0.000000   -0.000002    0.000000    0.000006

    0.000004    0.000000    0.000004   -0.000000    0.000004   -0.000000    0.000004    0.000000
   -0.000012    0.000000   -0.000012   -0.000000   -0.000010   -0.000000   -0.000012    0.000000
    0.000004   -0.000002    0.000004   -0.000000    0.000004   -0.000000    0.000004   -0.000002
   -0.000009   -0.000002   -0.000010   -0.000000   -0.000012   -0.000000   -0.000010   -0.000002
    0.000006   -0.000172   -0.000002   -0.000002    0.000004   -0.000002   -0.000002   -0.000172
    0.000048   -0.000172    0.000004   -0.000002    0.000004   -0.000002    0.000004   -0.000172
    0.000006    0.000000   -0.000002   -0.000000    0.000004   -0.000000   -0.000002    0.000000
    0.000004    0.000000    0.000004   -0.000000    0.000004   -0.000000    0.000004    0.000000
    0.000048   -0.000172    0.000004   -0.000002    0.000004   -0.000002    0.000004   -0.000172
   -0.123036   -0.000172    0.000069   -0.000002    0.000051   -0.000002    0.000069   -0.000172
    0.000048    0.000000    0.000004   -0.000000    0.000004   -0.000000    0.000004    0.000000
   -0.000012    0.000000   -0.000012   -0.000000   -0.000010   -0.000000   -0.000012    0.000000
    0.000006    0.000000   -0.000002   -0.000000    0.000004   -0.000000   -0.000002    0.000000
    0.000048    0.000000    0.000004   -0.000000    0.000004   -0.000000    0.000004    0.000000
    0.000006   -0.000002   -0.000002   -0.000000    0.000004   -0.000000   -0.000002   -0.000002
    0.000004   -0.000002    0.000004   -0.000000    0.000004   -0.000000    0.000004   -0.000002

   -0.000002    0.000004   -0.000002    0.000004   -0.000000    0.000004   -0.000000    0.000004
    0.000000   -0.000012    0.000000   -0.000012   -0.000000   -0.000010   -0.000000   -0.000012
    0.000000    0.000004    0.000000    0.000004   -0.000000    0.000004   -0.000000    0.000004
   -0.000002   -0.000009   -0.000002   -0.000010   -0.000000   -0.000012   -0.000000   -0.000010
   -0.000002    0.000006   -0.000002   -0.000002   -0.000000    0.000004   -0.000000   -0.000002
    0.000000    0.000048    0.000000    0.000004   -0.000000    0.000004   -0.000000    0.000004
    0.000000    0.000006    0.000000   -0.000002   -0.000000    0.000004   -0.000000   -0.000002
   -0.000002    0.000004   -0.000002    0.000004   -0.000000    0.000004   -0.000000    0.000004
    0.000000    0.000048    0.000000    0.000004   -0.000000    0.000004   -0.000000    0.000004
   -0.000172   -0.123036   -0.000172    0.000069   -0.000002    0.000051   -0.000002    0.000069
   -0.000172    0.000048   -0.000172    0.000004   -0.000002    0.000004   -0.000002    0.000004
    0.000000   -0.000012    0.000000   -0.000012   -0.000000   -0.000010   -0.000000   -0.000012
    0.000000    0.000006    0.000000   -0.000002   -0.000000    0.000004   -0.000000   -0.000002
   -0.000172    0.000048   -0.000172    0.000004   -0.000002    0.000004   -0.000002    0.000004
   -0.000172    0.000006   -0.000172   -0.000002   -0.000002    0.000004   -0.000002   -0.000002
    0.000000    0.000004    0.000000    0.000004   -0.000000    0.000004   -0.000000    0.000004

    0.000004    0.000000    0.000004    0.000000    0.000004   -0.000000    0.000004   -0.000000
   -0.000012    0.000000   -0.000012    0.000000   -0.000012   -0.000000   -0.000010   -0.000000
    0.000004   -0.000002    0.000004   -0.000002    0.000004   -0.000000    0.000004   -0.000000
   -0.000010   -0.000002   -0.000009   -0.000002   -0.000010   -0.000000   -0.000012   -0.000000
   -0.000002   -0.000172    0.000006   -0.000172   -0.000002   -0.000002    0.000004   -0.000002
    0.000004   -0.000172    0.000048   -0.000172    0.000004   -0.000002    0.000004   -0.000002
   -0.000002    0.000000    0.000006    0.000000   -0.000002   -0.000000    0.000004   -0.000000
    0.000004    0.000000    0.000004    0.000000    0.000004   -0.000000    0.000004   -0.000000
    0.000004   -0.000172    0.000048   -0.000172    0.000004   -0.000002    0.000004   -0.000002
    0.000069   -0.000172   -0.123036   -0.000172    0.000069   -0.000002    0.000051   -0.000002
    0.000004    0.000000    0.000048    0.000000    0.000004   -0.000000    0.000004   -0.000000
   -0.000012    0.000000   -0.000012    0.000000   -0.000012   -0.000000   -0.000010   -0.000000
   -0.000002    0.000000    0.000006    0.000000   -0.000002   -0.000000    0.000004   -0.000000
    0.000004    0.000000    0.000048    0.000000    0.000004   -0.000000    0.000004   -0.000000
   -0.000002   -0.000002    0.000006   -0.000002   -0.000002   -0.000000    0.000004   -0.000000
    0.000004   -0.000002    0.000004   -0.000002    0.000004   -0.000000    0.000004   -0.000000

   -0.000000    0.000004   -0.000002    0.000004   -0.000002    0.000004   -0.000000    0.000004
   -0.000000   -0.000012    0.000000   -0.000012    0.000000   -0.000012   -0.000000   -0.000010
   -0.000000    0.000004    0.000000    0.000004    0.000000    0.000004   -0.000000    0.000004
   -0.000000   -0.000010   -0.000002   -0.000009   -0.000002   -0.000010   -0.000000   -0.000012
   -0.000000   -0.000002   -0.000002    0.000006   -0.000002   -0.000002   -0.000000    0.000004
   -0.000000    0.000004    0.000000    0.000048    0.000000    0.000004   -0.000000    0.000004
   -0.000000   -0.000002    0.000000    0.000006    0.000000   -0.000002   -0.000000    0.000004
   -0.000000    0.000004   -0.000002    0.000004   -0.000002    0.000004   -0.000000    0.000004
   -0.000000    0.000004    0.000000    0.000048    0.000000    0.000004   -0.000000    0.000004
   -0.000002    0.000069   -0.000172   -0.123036   -0.000172    0.000069   -0.000002    0.000051
   -0.000002    0.000004   -0.000172    0.000048   -0.000172    0.000004   -0.000002    0.000004
   -0.000000   -0.000012    0.000000   -0.000012    0.000000   -0.000012   -0.000000   -0.000010
   -0.000000   -0.000002    0.000000    0.000006    0.000000   -0.000002   -0.000000    0.000004
   -0.000002    0.000004   -0.000172    0.000048   -0.000172    0.000004   -0.000002    0.000004
   -0.000002   -0.000002   -0.000172    0.000006   -0.000172   -0.000002   -0.000002    0.000004
   -0.000000    0.000004    0.000000    0.000004    0.000000    0.000004   -0.000000    0.000004

    0.000004   -0.000000    0.000004    0.000000    0.000004    0.000000    0.000004   -0.000000
   -0.000010   -0.000000   -0.000012    0.000000   -0.000012    0.000000   -0.000012   -0.000000
    0.000004   -0.000000    0.000004   -0.000002    0.000004   -0.000002    0.000004   -0.000000
   -0.000012   -0.000000   -0.000010   -0.000002   -0.000009   -0.000002   -0.000010   -0.000000
    0.000004   -0.000002   -0.000002   -0.000172    0.000006   -0.000172   -0.000002   -0.000002
    0.000004   -0.000002    0.000004   -0.000172    0.000048   -0.000172    0.000004   -0.000002
    0.000004   -0.000000   -0.000002    0.000000    0.000006    0.000000   -0.000002   -0.000000
    0.000004   -0.000000    0.000004    0.000000    0.000004    0.000000    0.000004   -0.000000
    0.000004   -0.000002    0.000004   -0.000172    0.000048   -0.000172    0.000004   -0.000002
    0.000051   -0.000002    0.000069   -0.000172   -0.123036   -0.000172    0.000069   -0.000002
    0.000004   -0.000000    0.000004    0.000000    0.000048    0.000000    0.000004   -0.000000
   -0.000010   -0.000000   -0.000012    0.000000   -0.000012    0.000000   -0.000012   -0.000000
    0.000004   -0.000000   -0.000002    0.000000    0.000006    0.000000   -0.000002   -0.000000
    0.000004   -0.000000    0.000004    0.000000    0.000048    0.000000    0.000004   -0.000000
    0.000004   -0.000000   -0.000002   -0.000002    0.000006   -0.000002   -0.000002   -0.000000
    0.000004   -0.000000    0.000004   -0.000002    0.000004   -0.000002    0.000004   -0.000000

   -0.000000    0.000004   -0.000000    0.000004   -0.000002    0.000004   -0.000002    0.000004
   -0.000000   -0.000010   -0.000000   -0.000012    0.000000   -0.000012    0.000000   -0.000012
   -0.000000    0.000004   -0.000000    0.000004    0.000000    0.000004    0.000000    0.000004
   -0.000000   -0.000012   -0.000000   -0.000010   -0.000002   -0.000009   -0.000002   -0.000010
   -0.000000    0.000004   -0.000000   -0.000002   -0.000002    0.000006   -0.000002   -0.000002
   -0.000000    0.000004   -0.000000    0.000004    0.000000    0.000048    0.000000    0.000004
   -0.000000    0.000004   -0.000000   -0.000002    0.000000    0.000006    0.000000   -0.000002
   -0.000000    0.000004   -0.000000    0.000004   -0.000002    0.000004   -0.000002    0.000004
   -0.000000    0.000004   -0.000000    0.000004    0.000000    0.000048    0.000000    0.000004
   -0.000002    0.000051   -0.000002    0.000069   -0.000172   -0.123036   -0.000172    0.000069
   -0.000002    0.000004   -0.000002    0.000004   -0.000172    0.000048   -0.000172    0.000004
   -0.000000   -0.000010   -0.000000   -0.000012    0.000000   -0.000012    0.000000   -0.000012
   -0.000000    0.000004   -0.000000   -0.000002    0.000000    0.000006    0.000000   -0.000002
   -0.000002    0.000004   -0.000002    0.000004   -0.000172    0.000048   -0.000172    0.000004
   -0.000002    0.000004   -0.000002   -0.000002   -0.000172    0.000006   -0.000172   -0.000002
   -0.000000    0.000004   -0.000000    0.000004    0.000000    0.000004    0.000000    0.000004

    0.000004   -0.000000    0.000004   -0.000000    0.000004    0.000000    0.000004    0.000000
   -0.000012   -0.000000   -0.000010   -0.000000   -0.000012    0.000000   -0.000012    0.000000
    0.000004   -0.000000    0.000004   -0.000000    0.000004   -0.000002    0.000004   -0.000002
   -0.000010   -0.000000   -0.000012   -0.000000   -0.000010   -0.000002   -0.000009   -0.000002
   -0.000002   -0.000002    0.000004   -0.000002   -0.000002   -0.000172    0.000006   -0.000172
    0.000004   -0.000002    0.000004   -0.000002    0.000004   -0.000172    0.000048   -0.000172
   -0.000002   -0.000000    0.000004   -0.000000   -0.000002    0.000000    0.000006    0.000000
    0.000004   -0.000000    0.000004   -0.000000    0.000004    0.000000    0.000004    0.000000
    0.000004   -0.000002    0.000004   -0.000002    0.000004   -0.000172    0.000048   -0.000172
    0.000069   -0.000002    0.000051   -0.000002    0.000069   -0.000172   -0.123036   -0.000172
    0.000004   -0.000000    0.000004   -0.000000    0.000004    0.000000    0.000048    0.000000
   -0.000012   -0.000000   -0.000010   -0.000000   -0.000012    0.000000   -0.000012    0.000000
   -0.000002   -0.000000    0.000004   -0.000000   -0.000002    0.000000    0.000006    0.000000
    0.000004   -0.000000    0.000004   -0.000000    0.000004    0.000000    0.000048    0.000000
   -0.000002   -0.000000    0.000004   -0.000000   -0.000002   -0.000002    0.000006   -0.000002
    0.000004   -0.000000    0.000004   -0.000000    0.000004   -0.000002    0.000004   -0.000002

   -0.000002    0.000004   -0.000000    0.000004   -0.000000    0.000004   -0.000002    0.000004
    0.000000   -0.000012   -0.000000   -0.000010   -0.000000   -0.000012    0.000000   -0.000012
    0.000000    0.000004   -0.000000    0.000004   -0.000000    0.000004    0.000000    0.000004
   -0.000002   -0.000010   -0.000000   -0.000012   -0.000000   -0.000010   -0.000002   -0.000009
   -0.000002   -0.000002   -0.000000    0.000004   -0.000000   -0.000002   -0.000002    0.000006
    0.000000    0.000004   -0.000000    0.000004   -0.000000    0.000004    0.000000    0.000048
    0.000000   -0.000002   -0.000000    0.000004   -0.000000   -0.000002    0.000000    0.000006
   -0.000002    0.000004   -0.000000    0.000004   -0.000000    0.000004   -0.000002    0.000004
    0.000000    0.000004   -0.000000    0.000004   -0.000000    0.000004    0.000000    0.000048
   -0.000172    0.000069   -0.000002    0.000051   -0.000002    0.000069   -0.000172   -0.123036
   -0.000172    0.000004   -0.000002    0.000004   -0.000002    0.000004   -0.000172    0.000048
    0.000000   -0.000012   -0.000000   -0.000010   -0.000000   -0.000012    0.000000   -0.000012
    0.000000   -0.000002   -0.000000    0.000004   -0.000000   -0.000002    0.000000    0.000006
   -0.000172    0.000004   -0.000002    0.000004   -0.000002    0.000004   -0.000172    0.000048
   -0.000172   -0.000002   -0.000002    0.000004   -0.000002   -0.000002   -0.000172    0.000006
    0.000000    0.000004   -0.000000    0.000004   -0.000000    0.000004    0.000000    0.000004

   -0.000009   -0.000002   -0.000010   -0.000000   -0.000012   -0.000000   -0.000010   -0.000002
    0.000004    0.000000    0.000004   -0.000000    0.000004   -0.000000    0.000004    0.000000
   -0.000012    0.000000   -0.000012   -0.000000   -0.000010   -0.000000   -0.000012    0.000000
    0.000004   -0.000002    0.000004   -0.000000    0.000004   -0.000000    0.000004   -0.000002
    0.000004    0.000000    0.000004   -0.000000    0.000004   -0.000000    0.000004    0.000000
    0.000006   -0.000172   -0.000002   -0.000002    0.000004   -0.000002   -0.000002   -0.000172
    0.000048   -0.000172    0.000004   -0.000002    0.000004   -0.000002    0.000004   -0.000172
    0.000006    0.000000   -0.000002   -0.000000    0.000004   -0.000000   -0.000002    0.000000
   -0.000012    0.000000   -0.000012   -0.000000   -0.000010   -0.000000   -0.000012    0.000000
    0.000048   -0.000172    0.000004   -0.000002    0.000004   -0.000002    0.000004   -0.000172
   -0.123036   -0.000172    0.000069   -0.000002    0.000051   -0.000002    0.000069   -0.000172
    0.000048    0.000000    0.000004   -0.000000    0.000004   -0.000000    0.000004    0.000000
    0.000004   -0.000002    0.000004   -0.000000    0.000004   -0.000000    0.000004   -0.000002
    0.000006    0.000000   -0.000002   -0.000000    0.000004   -0.000000   -0.000002    0.000000
    0.000048    0.000000    0.000004   -0.000000    0.000004   -0.000000    0.000004    0.000000
    0.000006   -0.000002   -0.000002   -0.000000    0.000004   -0.000000   -0.000002   -0.000002

   -0.000002   -0.000009   -0.000002   -0.000010   -0.000000   -0.000012   -0.000000   -0.000010
   -0.000002    0.000004   -0.000002    0.000004   -0.000000    0.000004   -0.000000    0.000004
    0.000000   -0.000012    0.000000   -0.000012   -0.000000   -0.000010   -0.000000   -0.000012
    0.000000    0.000004    0.000000    0.000004   -0.000000    0.000004   -0.000000    0.000004
   -0.000002    0.000004   -0.000002    0.000004   -0.000000    0.000004   -0.000000    0.000004
   -0.000002    0.000006   -0.000002   -0.000002   -0.000000    0.000004   -0.000000   -0.000002
    0.000000    0.000048    0.000000    0.000004   -0.000000    0.000004   -0.000000    0.000004
    0.000000    0.000006    0.000000   -0.000002   -0.000000    0.000004   -0.000000   -0.000002
    0.000000   -0.000012    0.000000   -0.000012   -0.000000   -0.000010   -0.000000   -0.000012
    0.000000    0.000048    0.000000    0.000004   -0.000000    0.000004   -0.000000    0.000004
   -0.000172   -0.123036   -0.000172    0.000069   -0.000002    0.000051   -0.000002    0.000069
   -0.000172    0.000048   -0.000172    0.000004   -0.000002    0.000004   -0.000002    0.000004
    0.000000    0.000004    0.000000    0.000004   -0.000000    0.000004   -0.000000    0.000004
    0.000000    0.000006    0.000000   -0.000002   -0.000000    0.000004   -0.000000   -0.000002
   -0.000172    0.000048   -0.000172    0.000004   -0.000002    0.000004   -0.000002    0.000004
   -0.000172    0.000006   -0.000172   -0.000002   -0.000002    0.000004   -0.000002   -0.000002

   -0.000010   -0.000002   -0.000009   -0.000002   -0.000010   -0.000000   -0.000012   -0.000000
    0.000004    0.000000    0.000004    0.000000    0.000004   -0.000000    0.000004   -0.000000
   -0.000012    0.000000   -0.000012    0.000000   -0.000012   -0.000000   -0.000010   -0.000000
    0.000004   -0.000002    0.000004   -0.000002    0.000004   -0.000000    0.000004   -0.000000
    0.000004    0.000000    0.000004    0.000000    0.000004   -0.000000    0.000004   -0.000000
   -0.000002   -0.000172    0.000006   -0.000172   -0.000002   -0.000002    0.000004   -0.000002
    0.000004   -0.000172    0.000048   -0.000172    0.000004   -0.000002    0.000004   -0.000002
   -0.000002    0.000000    0.000006    0.000000   -0.000002   -0.000000    0.000004   -0.000000
   -0.000012    0.000000   -0.000012    0.000000   -0.000012   -0.000000   -0.000010   -0.000000
    0.000004   -0.000172    0.000048   -0.000172    0.000004   -0.000002    0.000004   -0.000002
    0.000069   -0.000172   -0.123036   -0.000172    0.000069   -0.000002    0.000051   -0.000002
    0.000004    0.000000    0.000048    0.000000    0.000004   -0.000000    0.000004   -0.000000
    0.000004   -0.000002    0.000004   -0.000002    0.000004   -0.000000    0.000004   -0.000000
   -0.000002    0.000000    0.000006    0.000000   -0.000002   -0.000000    0.000004   -0.000000
    0.000004    0.000000    0.000048    0.000000    0.000004   -0.000000    0.000004   -0.000000
   -0.000002   -0.000002    0.000006   -0.000002   -0.000002   -0.000000    0.000004   -0.000000

   -0.000000   -0.000010   -0.000002   -0.000009   -0.000002   -0.000010   -0.000000   -0.000012
   -0.000000    0.000004   -0.000002    0.000004   -0.000002    0.000004   -0.000000    0.000004
   -0.000000   -0.000012    0.000000   -0.000012    0.000000   -0.000012   -0.000000   -0.000010
   -0.000000    0.000004    0.000000    0.000004    0.000000    0.000004   -0.000000    0.000004
   -0.000000    0.000004   -0.000002    0.000004   -0.000002    0.000004   -0.000000    0.000004
   -0.000000   -0.000002   -0.000002    0.000006   -0.000002   -0.000002   -0.000000    0.000004
   -0.000000    0.000004    0.000000    0.000048    0.000000    0.000004   -0.000000    0.000004
   -0.000000   -0.000002    0.000000    0.000006    0.000000   -0.000002   -0.000000    0.000004
   -0.000000   -0.000012    0.000000   -0.000012    0.000000   -0.000012   -0.000000   -0.000010
   -0.000000    0.000004    0.000000    0.000048    0.000000    0.000004   -0.000000    0.000004
   -0.000002    0.000069   -0.000172   -0.123036   -0.000172    0.000069   -0.000002    0.000051
   -0.000002    0.000004   -0.000172    0.000048   -0.000172    0.000004   -0.000002    0.000004
   -0.000000    0.000004    0.000000    0.000004    0.000000    0.000004   -0.000000    0.000004
   -0.000000   -0.000002    0.000000    0.000006    0.000000   -0.000002   -0.000000    0.000004
   -0.000002    0.000004   -0.000172    0.000048   -0.000172    0.000004   -0.000002    0.000004
   -0.000002   -0.000002   -0.000172    0.000006   -0.000172   -0.000002   -0.000002    0.000004

   -0.000012   -0.000000   -0.000010   -0.000002   -0.000009   -0.000002   -0.000010   -0.000000
    0.000004   -0.000000    0.000004    0.000000    0.000004    0.000000    0.000004   -0.000000
   -0.000010   -0.000000   -0.000012    0.000000   -0.000012    0.000000   -0.000012   -0.000000
    0.000004   -0.000000    0.000004   -0.000002    0.000004   -0.000002    0.000004   -0.000000
    0.000004   -0.000000    0.000004    0.000000    0.000004    0.000000    0.000004   -0.000000
    0.000004   -0.000002   -0.000002   -0.000172    0.000006   -0.000172   -0.000002   -0.000002
    0.000004   -0.000002    0.000004   -0.000172    0.000048   -0.000172    0.000004   -0.000002
    0.000004   -0.000000   -0.000002    0.000000    0.000006    0.000000   -0.000002   -0.000000
   -0.000010   -0.000000   -0.000012    0.000000   -0.000012    0.000000   -0.000012   -0.000000
    0.000004   -0.000002    0.000004   -0.000172    0.000048   -0.000172    0.000004   -0.000002
    0.000051   -0.000002    0.000069   -0.000172   -0.123036   -0.000172    0.000069   -0.000002
    0.000004   -0.000000    0.000004    0.000000    0.000048    0.000000    0.000004   -0.000000
    0.000004   -0.000000    0.000004   -0.000002    0.000004   -0.000002    0.000004   -0.000000
    0.000004   -0.000000   -0.000002    0.000000    0.000006    0.000000   -0.000002   -0.000000
    0.000004   -0.000000    0.000004    0.000000    0.000048    0.000000    0.000004   -0.000000
    0.000004   -0.000000   -0.000002   -0.000002    0.000006   -0.000002   -0.000002   -0.000000

   -0.000000   -0.000012   -0.000000   -0.000010   -0.000002   -0.000009   -0.000002   -0.000010
   -0.000000    0.000004   -0.000000    0.000004   -0.000002    0.000004   -0.000002    0.000004
   -0.000000   -0.000010   -0.000000   -0.000012    0.000000   -0.000012    0.000000   -0.000012
   -0.000000    0.000004   -0.000000    0.000004    0.000000    0.000004    0.000000    0.000004
   -0.000000    0.000004   -0.000000    0.000004   -0.000002    0.000004   -0.000002    0.000004
   -0.000000    0.000004   -0.000000   -0.000002   -0.000002    0.000006   -0.000002   -0.000002
   -0.000000    0.000004   -0.000000    0.000004    0.000000    0.000048    0.000000    0.000004
   -0.000000    0.000004   -0.000000   -0.000002    0.000000    0.000006    0.000000   -0.000002
   -0.000000   -0.000010   -0.000000   -0.000012    0.000000   -0.000012    0.000000   -0.000012
   -0.000000    0.000004   -0.000000    0.000004    0.000000    0.000048    0.000000    0.000004
   -0.000002    0.000051   -0.000002    0.000069   -0.000172   -0.123036   -0.000172    0.000069
   -0.000002    0.000004   -0.000002    0.000004   -0.000172    0.000048   -0.000172    0.000004
   -0.000000    0.000004   -0.000000    0.000004    0.000000    0.000004    0.000000    0.000004
   -0.000000    0.000004   -0.000000   -0.000002    0.000000    0.000006    0.000000   -0.000002
   -0.000002    0.000004   -0.000002    0.000004   -0.000172    0.000048   -0.000172    0.000004
   -0.000002    0.000004   -0.000002   -0.000002   -0.000172    0.000006   -0.000172   -0.000002

   -0.000010   -0.000000   -0.000012   -0.000000   -0.000010   -0.000002   -0.000009   -0.000002
    0.000004   -0.000000    0.000004   -0.000000    0.000004    0.000000    0.000004    0.000000
   -0.000012   -0.000000   -0.000010   -0.000000   -0.000012    0.000000   -0.000012    0.000000
    0.000004   -0.000000    0.000004   -0.000000    0.000004   -0.000002    0.000004   -0.000002
    0.000004   -0.000000    0.000004   -0.000000    0.000004    0.000000    0.000004    0.000000
   -0.000002   -0.000002    0.000004   -0.000002   -0.000002   -0.000172    0.000006   -0.000172
    0.000004   -0.000002    0.000004   -0.000002    0.000004   -0.000172    0.000048   -0.000172
   -0.000002   -0.000000    0.000004   -0.000000   -0.000002    0.000000    0.000006    0.000000
   -0.000012   -0.000000   -0.000010   -0.000000   -0.000012    0.000000   -0.000012    0.000000
    0.000004   -0.000002    0.000004   -0.000002    0.000004   -0.000172    0.000048   -0.000172
    0.000069   -0.000002    0.000051   -0.000002    0.000069   -0.000172   -0.123036   -0.000172
    0.000004   -0.000000    0.000004   -0.000000    0.000004    0.000000    0.000048    0.000000
    0.000004   -0.000000    0.000004   -0.000000    0.000004   -0.000002    0.000004   -0.000002
   -0.000002   -0.000000    0.000004   -0.000000   -0.000002    0.000000    0.000006    0.000000
    0.000004   -0.000000    0.000004   -0.000000    0.000004    0.000000    0.000048    0.000000
   -0.000002   -0.000000    0.000004   -0.000000   -0.000002   -0.000002    0.000006   -0.000002

   -0.000002   -0.000010   -0.000000   -0.000012   -0.000000   -0.000010   -0.000002   -0.000009
   -0.000002    0.000004   -0.000000    0.000004   -0.000000    0.000004   -0.000002    0.000004
    0.000000   -0.000012   -0.000000   -0.000010   -0.000000   -0.000012    0.000000   -0.000012
    0.000000    0.000004   -0.000000    0.000004   -0.000000    0.000004    0.000000    0.000004
   -0.000002    0.000004   -0.000000    0.000004   -0.000000    0.000004   -0.000002    0.000004
   -0.000002   -0.000002   -0.000000    0.000004   -0.000000   -0.000002   -0.000002    0.000006
    0.000000    0.000004   -0.000000    0.000004   -0.000000    0.000004    0.000000    0.000048
    0.000000   -0.000002   -0.000000    0.000004   -0.000000   -0.000002    0.000000    0.000006
    0.000000   -0.000012   -0.000000   -0.000010   -0.000000   -0.000012    0.000000   -0.000012
    0.000000    0.000004   -0.000000    0.000004   -0.000000    0.000004    0.000000    0.000048
   -0.000172    0.000069   -0.000002    0.000051   -0.000002    0.000069   -0.000172   -0.123036
   -0.000172    0.000004   -0.000002    0.000004   -0.000002    0.000004   -0.000172    0.000048
    0.000000    0.000004   -0.000000    0.000004   -0.000000    0.000004    0.000000    0.000004
    0.000000   -0.000002   -0.000000    0.000004   -0.000000   -0.000002    0.000000    0.000006
   -0.000172    0.000004   -0.000002    0.000004   -0.000002    0.000004   -0.000172    0.000048
   -0.000172   -0.000002   -0.000002    0.000004   -0.000002   -0.000002   -0.000172    0.000006

    0.000004   -0.000002    0.000004   -0.000000    0.000004   -0.000000    0.000004   -0.000002
   -0.000009   -0.000002   -0.000010   -0.000000   -0.000012   -0.000000   -0.000010   -0.000002
    0.000004    0.000000    0.000004   -0.000000    0.000004   -0.000000    0.000004    0.000000
   -0.000012    0.000000   -0.000012   -0.000000   -0.000010   -0.000000   -0.000012    0.000000
    0.000006    0.000000   -0.000002   -0.000000    0.000004   -0.000000   -0.000002    0.000000
    0.000004    0.000000    0.000004   -0.000000    0.000004   -0.000000    0.000004    0.000000
    0.000006   -0.000172   -0.000002   -0.000002    0.000004   -0.000002   -0.000002   -0.000172
    0.000048   -0.000172    0.000004   -0.000002    0.000004   -0.000002    0.000004   -0.000172
    0.000048    0.000000    0.000004   -0.000000    0.000004   -0.000000    0.000004    0.000000
   -0.000012    0.000000   -0.000012   -0.000000   -0.000010   -0.000000   -0.000012    0.000000
    0.000048   -0.000172    0.000004   -0.000002    0.000004   -0.000002    0.000004   -0.000172
   -0.123036   -0.000172    0.000069   -0.000002    0.000051   -0.000002    0.000069   -0.000172
    0.000006   -0.000002   -0.000002   -0.000000    0.000004   -0.000000   -0.000002   -0.000002
    0.000004   -0.000002    0.000004   -0.000000    0.000004   -0.000000    0.000004   -0.000002
    0.000006    0.000000   -0.000002   -0.000000    0.000004   -0.000000   -0.000002    0.000000
    0.000048    0.000000    0.000004   -0.000000    0.000004   -0.000000    0.000004    0.000000

    0.000000    0.000004    0.000000    0.000004   -0.000000    0.000004   -0.000000    0.000004
   -0.000002   -0.000009   -0.000002   -0.000010   -0.000000   -0.000012   -0.000000   -0.000010
   -0.000002    0.000004   -0.000002    0.000004   -0.000000    0.000004   -0.000000    0.000004
    0.000000   -0.000012    0.000000   -0.000012   -0.000000   -0.000010   -0.000000   -0.000012
    0.000000    0.000006    0.000000   -0.000002   -0.000000    0.000004   -0.000000   -0.000002
   -0.000002    0.000004   -0.000002    0.000004   -0.000000    0.000004   -0.000000    0.000004
   -0.000002    0.000006   -0.000002   -0.000002   -0.000000    0.000004   -0.000000   -0.000002
    0.000000    0.000048    0.000000    0.000004   -0.000000    0.000004   -0.000000    0.000004
   -0.000172    0.000048   -0.000172    0.000004   -0.000002    0.000004   -0.000002    0.000004
    0.000000   -0.000012    0.000000   -0.000012   -0.000000   -0.000010   -0.000000   -0.000012
    0.000000    0.000048    0.000000    0.000004   -0.000000    0.000004   -0.000000    0.000004
   -0.000172   -0.123036   -0.000172    0.000069   -0.000002    0.000051   -0.000002    0.000069
   -0.000172    0.000006   -0.000172   -0.000002   -0.000002    0.000004   -0.000002   -0.000002
    0.000000    0.000004    0.000000    0.000004   -0.000000    0.000004   -0.000000    0.000004
    0.000000    0.000006    0.000000   -0.000002   -0.000000    0.000004   -0.000000   -0.000002
   -0.000172    0.000048   -0.000172    0.000004   -0.000002    0.000004   -0.000002    0.000004

    0.000004   -0.000002    0.000004   -0.000002    0.000004   -0.000000    0.000004   -0.000000
   -0.000010   -0.000002   -0.000009   -0.000002   -0.000010   -0.000000   -0.000012   -0.000000
    0.000004    0.000000    0.000004    0.000000    0.000004   -0.000000    0.000004   -0.000000
   -0.000012    0.000000   -0.000012    0.000000   -0.000012   -0.000000   -0.000010   -0.000000
   -0.000002    0.000000    0.000006    0.000000   -0.000002   -0.000000    0.000004   -0.000000
    0.000004    0.000000    0.000004    0.000000    0.000004   -0.000000    0.000004   -0.000000
   -0.000002   -0.000172    0.000006   -0.000172   -0.000002   -0.000002    0.000004   -0.000002
    0.000004   -0.000172    0.000048   -0.000172    0.000004   -0.000002    0.000004   -0.000002
    0.000004    0.000000    0.000048    0.000000    0.000004   -0.000000    0.000004   -0.000000
   -0.000012    0.000000   -0.000012    0.000000   -0.000012   -0.000000   -0.000010   -0.000000
    0.000004   -0.000172    0.000048   -0.000172    0.000004   -0.000002    0.000004   -0.000002
    0.000069   -0.000172   -0.123036   -0.000172    0.000069   -0.000002    0.000051   -0.000002
   -0.000002   -0.000002    0.000006   -0.000002   -0.000002   -0.000000    0.000004   -0.000000
    0.000004   -0.000002    0.000004   -0.000002    0.000004   -0.000000    0.000004   -0.000000
   -0.000002    0.000000    0.000006    0.000000   -0.000002   -0.000000    0.000004   -0.000000
    0.000004    0.000000    0.000048    0.000000    0.000004   -0.000000    0.000004   -0.000000

   -0.000000    0.000004    0.000000    0.000004    0.000000    0.000004   -0.000000    0.000004
   -0.000000   -0.000010   -0.000002   -0.000009   -0.000002   -0.000010   -0.000000   -0.000012
   -0.000000    0.000004   -0.000002    0.000004   -0.000002    0.000004   -0.000000    0.000004
   -0.000000   -0.000012    0.000000   -0.000012    0.000000   -0.000012   -0.000000   -0.000010
   -0.000000   -0.000002    0.000000    0.000006    0.000000   -0.000002   -0.000000    0.000004
   -0.000000    0.000004   -0.000002    0.000004   -0.000002    0.000004   -0.000000    0.000004
   -0.000000   -0.000002   -0.000002    0.000006   -0.000002   -0.000002   -0.000000    0.000004
   -0.000000    0.000004    0.000000    0.000048    0.000000    0.000004   -0.000000    0.000004
   -0.000002    0.000004   -0.000172    0.000048   -0.000172    0.000004   -0.000002    0.000004
   -0.000000   -0.000012    0.000000   -0.000012    0.000000   -0.000012   -0.000000   -0.000010
   -0.000000    0.000004    0.000000    0.000048    0.000000    0.000004   -0.000000    0.000004
   -0.000002    0.000069   -0.000172   -0.123036   -0.000172    0.000069   -0.000002    0.000051
   -0.000002   -0.000002   -0.000172    0.000006   -0.000172   -0.000002   -0.000002    0.000004
   -0.000000    0.000004    0.000000    0.000004    0.000000    0.000004   -0.000000    0.000004
   -0.000000   -0.000002    0.000000    0.000006    0.000000   -0.000002   -0.000000    0.000004
   -0.000002    0.000004   -0.000172    0.000048   -0.000172    0.000004   -0.000002    0.000004

    0.000004   -0.000000    0.000004   -0.000002    0.000004   -0.000002    0.000004   -0.000000
   -0.000012   -0.000000   -0.000010   -0.000002   -0.000009   -0.000002   -0.000010   -0.000000
    0.000004   -0.000000    0.000004    0.000000    0.000004    0.000000    0.000004   -0.000000
   -0.000010   -0.000000   -0.000012    0.000000   -0.000012    0.000000   -0.000012   -0.000000
    0.000004   -0.000000   -0.000002    0.000000    0.000006    0.000000   -0.000002   -0.000000
    0.000004   -0.000000    0.000004    0.000000    0.000004    0.000000    0.000004   -0.000000
    0.000004   -0.000002   -0.000002   -0.000172    0.000006   -0.000172   -0.000002   -0.000002
    0.000004   -0.000002    0.000004   -0.000172    0.000048   -0.000172    0.000004   -0.000002
    0.000004   -0.000000    0.000004    0.000000    0.000048    0.000000    0.000004   -0.000000
   -0.000010   -0.000000   -0.000012    0.000000   -0.000012    0.000000   -0.000012   -0.000000
    0.000004   -0.000002    0.000004   -0.000172    0.000048   -0.000172    0.000004   -0.000002
    0.000051   -0.000002    0.000069   -0.000172   -0.123036   -0.000172    0.000069   -0.000002
    0.000004   -0.000000   -0.000002   -0.000002    0.000006   -0.000002   -0.000002   -0.000000
    0.000004   -0.000000    0.000004   -0.000002    0.000004   -0.000002    0.000004   -0.000000
    0.000004   -0.000000   -0.000002    0.000000    0.000006    0.000000   -0.000002   -0.000000
    0.000004   -0.000000    0.000004    0.000000    0.000048    0.000000    0.000004   -0.000000

   -0.000000    0.000004   -0.000000    0.000004    0.000000    0.000004    0.000000    0.000004
   -0.000000   -0.000012   -0.000000   -0.000010   -0.000002   -0.000009   -0.000002   -0.000010
   -0.000000    0.000004   -0.000000    0.000004   -0.000002    0.000004   -0.000002    0.000004
   -0.000000   -0.000010   -0.000000   -0.000012    0.000000   -0.000012    0.000000   -0.000012
   -0.000000    0.000004   -0.000000   -0.000002    0.000000    0.000006    0.000000   -0.000002
   -0.000000    0.000004   -0.000000    0.000004   -0.000002    0.000004   -0.000002    0.000004
   -0.000000    0.000004   -0.000000   -0.000002   -0.000002    0.000006   -0.000002   -0.000002
   -0.000000    0.000004   -0.000000    0.000004    0.000000    0.000048    0.000000    0.000004
   -0.000002    0.000004   -0.000002    0.000004   -0.000172    0.000048   -0.000172    0.000004
   -0.000000   -0.000010   -0.000000   -0.000012    0.000000   -0.000012    0.000000   -0.000012
   -0.000000    0.000004   -0.000000    0.000004    0.000000    0.000048    0.000000    0.000004
   -0.000002    0.000051   -0.000002    0.000069   -0.000172   -0.123036   -0.000172    0.000069
   -0.000002    0.000004   -0.000002   -0.000002   -0.000172    0.000006   -0.000172   -0.000002
   -0.000000    0.000004   -0.000000    0.000004    0.000000    0.000004    0.000000    0.000004
   -0.000000    0.000004   -0.000000   -0.000002    0.000000    0.000006    0.000000   -0.000002
   -0.000002    0.000004   -0.000002    0.000004   -0.000172    0.000048   -0.000172    0.000004

    0.000004   -0.000000    0.000004   -0.000000    0.000004   -0.000002    0.000004   -0.000002
   -0.000010   -0.000000   -0.000012   -0.000000   -0.000010   -0.000002   -0.000009   -0.000002
    0.000004   -0.000000    0.000004   -0.000000    0.000004    0.000000    0.000004    0.000000
   -0.000012   -0.000000   -0.000010   -0.000000   -0.000012    0.000000   -0.000012    0.000000
   -0.000002   -0.000000    0.000004   -0.000000   -0.000002    0.000000    0.000006    0.000000
    0.000004   -0.000000    0.000004   -0.000000    0.000004    0.000000    0.000004    0.000000
   -0.000002   -0.000002    0.000004   -0.000002   -0.000002   -0.000172    0.000006   -0.000172
    0.000004   -0.000002    0.000004   -0.000002    0.000004   -0.000172    0.000048   -0.000172
    0.000004   -0.000000    0.000004   -0.000000    0.000004    0.000000    0.000048    0.000000
   -0.000012   -0.000000   -0.000010   -0.000000   -0.000012    0.000000   -0.000012    0.000000
    0.000004   -0.000002    0.000004   -0.000002    0.000004   -0.000172    0.000048   -0.000172
    0.000069   -0.000002    0.000051   -0.000002    0.000069   -0.000172   -0.123036   -0.000172
   -0.000002   -0.000000    0.000004   -0.000000   -0.000002   -0.000002    0.000006   -0.000002
    0.000004   -0.000000    0.000004   -0.000000    0.000004   -0.000002    0.000004   -0.000002
   -0.000002   -0.000000    0.000004   -0.000000   -0.000002    0.000000    0.000006    0.000000
    0.000004   -0.000000    0.000004   -0.000000    0.000004    0.000000    0.000048    0.000000

    0.000000    0.000004   -0.000000    0.000004   -0.000000    0.000004    0.000000    0.000004
   -0.000002   -0.000010   -0.000000   -0.000012   -0.000000   -0.000010   -0.000002   -0.000009
   -0.000002    0.000004   -0.000000    0.000004   -0.000000    0.000004   -0.000002    0.000004
    0.000000   -0.000012   -0.000000   -0.000010   -0.000000   -0.000012    0.000000   -0.000012
    0.000000   -0.000002   -0.000000    0.000004   -0.000000   -0.000002    0.000000    0.000006
   -0.000002    0.000004   -0.000000    0.000004   -0.000000    0.000004   -0.000002    0.000004
   -0.000002   -0.000002   -0.000000    0.000004   -0.000000   -0.000002   -0.000002    0.000006
    0.000000    0.000004   -0.000000    0.000004   -0.000000    0.000004    0.000000    0.000048
   -0.000172    0.000004   -0.000002    0.000004   -0.000002    0.000004   -0.000172    0.000048
    0.000000   -0.000012   -0.000000   -0.000010   -0.000000   -0.000012    0.000000   -0.000012
    0.000000    0.000004   -0.000000    0.000004   -0.000000    0.000004    0.000000    0.000048
   -0.000172    0.000069   -0.000002    0.000051   -0.000002    0.000069   -0.000172   -0.123036
   -0.000172   -0.000002   -0.000002    0.000004   -0.000002   -0.000002   -0.000172    0.000006
    0.000000    0.000004   -0.000000    0.000004   -0.000000    0.000004    0.000000    0.000004
    0.000000   -0.000002   -0.000000    0.000004   -0.000000   -0.000002    0.000000    0.000006
   -0.000172    0.000004   -0.000002    0.000004   -0.000002    0.000004   -0.000172    0.000048

    0.000048    0.000000    0.000004   -0.000000    0.000004   -0.000000    0.000004    0.000000
    0.000006   -0.000002   -0.000002   -0.000000    0.000004   -0.000000   -0.000002   -0.000002
    0.000004   -0.000002    0.000004   -0.000000    0.000004   -0.000000    0.000004   -0.000002
    0.000006    0.000000   -0.000002   -0.000000    0.000004   -0.000000   -0.000002    0.000000
   -0.000012    0.000000   -0.000012   -0.000000   -0.000010   -0.000000   -0.000012    0.000000
    0.000004   -0.000002    0.000004   -0.000000    0.000004   -0.000000    0.000004   -0.000002
   -0.000009   -0.000002   -0.000010   -0.000000   -0.000012   -0.000000   -0.000010   -0.000002
    0.000004    0.000000    0.000004   -0.000000    0.000004   -0.000000    0.000004    0.000000
    0.000048   -0.000172    0.000004   -0.000002    0.000004   -0.000002    0.000004   -0.000172
    0.000006    0.000000   -0.000002   -0.000000    0.000004   -0.000000   -0.000002    0.000000
    0.000004    0.000000    0.000004   -0.000000    0.000004   -0.000000    0.000004    0.000000
    0.000006   -0.000172   -0.000002   -0.000002    0.000004   -0.000002   -0.000002   -0.000172
   -0.123036   -0.000172    0.000069   -0.000002    0.000051   -0.000002    0.000069   -0.000172
    0.000048    0.000000    0.000004   -0.000000    0.000004   -0.000000    0.000004    0.000000
   -0.000012    0.000000   -0.000012   -0.000000   -0.000010   -0.000000   -0.000012    0.000000
    0.000048   -0.000172    0.000004   -0.000002    0.000004   -0.000002    0.000004   -0.000172

   -0.000172    0.000048   -0.000172    0.000004   -0.000002    0.000004   -0.000002    0.000004
   -0.000172    0.000006   -0.000172   -0.000002   -0.000002    0.000004   -0.000002   -0.000002
    0.000000    0.000004    0.000000    0.000004   -0.000000    0.000004   -0.000000    0.000004
    0.000000    0.000006    0.000000   -0.000002   -0.000000    0.000004   -0.000000   -0.000002
    0.000000   -0.000012    0.000000   -0.000012   -0.000000   -0.000010   -0.000000   -0.000012
    0.000000    0.000004    0.000000    0.000004   -0.000000    0.000004   -0.000000    0.000004
   -0.000002   -0.000009   -0.000002   -0.000010   -0.000000   -0.000012   -0.000000   -0.000010
   -0.000002    0.000004   -0.000002    0.000004   -0.000000    0.000004   -0.000000    0.000004
    0.000000    0.000048    0.000000    0.000004   -0.000000    0.000004   -0.000000    0.000004
    0.000000    0.000006    0.000000   -0.000002   -0.000000    0.000004   -0.000000   -0.000002
   -0.000002    0.000004   -0.000002    0.000004   -0.000000    0.000004   -0.000000    0.000004
   -0.000002    0.000006   -0.000002   -0.000002   -0.000000    0.000004   -0.000000   -0.000002
   -0.000172   -0.123036   -0.000172    0.000069   -0.000002    0.000051   -0.000002    0.000069
   -0.000172    0.000048   -0.000172    0.000004   -0.000002    0.000004   -0.000002    0.000004
    0.000000   -0.000012    0.000000   -0.000012   -0.000000   -0.000010   -0.000000   -0.000012
    0.000000    0.000048    0.000000    0.000004   -0.000000    0.000004   -0.000000    0.000004

    0.000004    0.000000    0.000048    0.000000    0.000004   -0.000000    0.000004   -0.000000
   -0.000002   -0.000002    0.000006   -0.000002   -0.000002   -0.000000    0.000004   -0.000000
    0.000004   -0.000002    0.000004   -0.000002    0.000004   -0.000000    0.000004   -0.000000
   -0.000002    0.000000    0.000006    0.000000   -0.000002   -0.000000    0.000004   -0.000000
   -0.000012    0.000000   -0.000012    0.000000   -0.000012   -0.000000   -0.000010   -0.000000
    0.000004   -0.000002    0.000004   -0.000002    0.000004   -0.000000    0.000004   -0.000000
   -0.000010   -0.000002   -0.000009   -0.000002   -0.000010   -0.000000   -0.000012   -0.000000
    0.000004    0.000000    0.000004    0.000000    0.000004   -0.000000    0.000004   -0.000000
    0.000004   -0.000172    0.000048   -0.000172    0.000004   -0.000002    0.000004   -0.000002
   -0.000002    0.000000    0.000006    0.000000   -0.000002   -0.000000    0.000004   -0.000000
    0.000004    0.000000    0.000004    0.000000    0.000004   -0.000000    0.000004   -0.000000
   -0.000002   -0.000172    0.000006   -0.000172   -0.000002   -0.000002    0.000004   -0.000002
    0.000069   -0.000172   -0.123036   -0.000172    0.000069   -0.000002    0.000051   -0.000002
    0.000004    0.000000    0.000048    0.000000    0.000004   -0.000000    0.000004   -0.000000
   -0.000012    0.000000   -0.000012    0.000000   -0.000012   -0.000000   -0.000010   -0.000000
    0.000004   -0.000172    0.000048   -0.000172    0.000004   -0.000002    0.000004   -0.000002

   -0.000002    0.000004   -0.000172    0.000048   -0.000172    0.000004   -0.000002    0.000004
   -0.000002   -0.000002   -0.000172    0.000006   -0.000172   -0.000002   -0.000002    0.000004
   -0.000000    0.000004    0.000000    0.000004    0.000000    0.000004   -0.000000    0.000004
   -0.000000   -0.000002    0.000000    0.000006    0.000000   -0.000002   -0.000000    0.000004
   -0.000000   -0.000012    0.000000   -0.000012    0.000000   -0.000012   -0.000000   -0.000010
   -0.000000    0.000004    0.000000    0.000004    0.000000    0.000004   -0.000000    0.000004
   -0.000000   -0.000010   -0.000002   -0.000009   -0.000002   -0.000010   -0.000000   -0.000012
   -0.000000    0.000004   -0.000002    0.000004   -0.000002    0.000004   -0.000000    0.000004
   -0.000000    0.000004    0.000000    0.000048    0.000000    0.000004   -0.000000    0.000004
   -0.000000   -0.000002    0.000000    0.000006    0.000000   -0.000002   -0.000000    0.000004
   -0.000000    0.000004   -0.000002    0.000004   -0.000002    0.000004   -0.000000    0.000004
   -0.000000   -0.000002   -0.000002    0.000006   -0.000002   -0.000002   -0.000000    0.000004
   -0.000002    0.000069   -0.000172   -0.123036   -0.000172    0.000069   -0.000002    0.000051
   -0.000002    0.000004   -0.000172    0.000048   -0.000172    0.000004   -0.000002    0.000004
   -0.000000   -0.000012    0.000000   -0.000012    0.000000   -0.000012   -0.000000   -0.000010
   -0.000000    0.000004    0.000000    0.000048    0.000000    0.000004   -0.000000    0.000004

    0.000004   -0.000000    0.000004    0.000000    0.000048    0.000000    0.000004   -0.000000
    0.000004   -0.000000   -0.000002   -0.000002    0.000006   -0.000002   -0.000002   -0.000000
    0.000004   -0.000000    0.000004   -0.000002    0.000004   -0.000002    0.000004   -0.000000
    0.000004   -0.000000   -0.000002    0.000000    0.000006    0.000000   -0.000002   -0.000000
   -0.000010   -0.000000   -0.000012    0.000000   -0.000012    0.000000   -0.000012   -0.000000
    0.000004   -0.000000    0.000004   -0.000002    0.000004   -0.000002    0.000004   -0.000000
   -0.000012   -0.000000   -0.000010   -0.000002   -0.000009   -0.000002   -0.000010   -0.000000
    0.000004   -0.000000    0.000004    0.000000    0.000004    0.000000    0.000004   -0.000000
    0.000004   -0.000002    0.000004   -0.000172    0.000048   -0.000172    0.000004   -0.000002
    0.000004   -0.000000   -0.000002    0.000000    0.000006    0.000000   -0.000002   -0.000000
    0.000004   -0.000000    0.000004    0.000000    0.000004    0.000000    0.000004   -0.000000
    0.000004   -0.000002   -0.000002   -0.000172    0.000006   -0.000172   -0.000002   -0.000002
    0.000051   -0.000002    0.000069   -0.000172   -0.123036   -0.000172    0.000069   -0.000002
    0.000004   -0.000000    0.000004    0.000000    0.000048    0.000000    0.000004   -0.000000
   -0.000010   -0.000000   -0.000012    0.000000   -0.000012    0.000000   -0.000012   -0.000000
    0.000004   -0.000002    0.000004   -0.000172    0.000048   -0.000172    0.000004   -0.000002

   -0.000002    0.000004   -0.000002    0.000004   -0.000172    0.000048   -0.000172    0.000004
   -0.000002    0.000004   -0.000002   -0.000002   -0.000172    0.000006   -0.000172   -0.000002
   -0.000000    0.000004   -0.000000    0.000004    0.000000    0.000004    0.000000    0.000004
   -0.000000    0.000004   -0.000000   -0.000002    0.000000    0.000006    0.000000   -0.000002
   -0.000000   -0.000010   -0.000000   -0.000012    0.000000   -0.000012    0.000000   -0.000012
   -0.000000    0.000004   -0.000000    0.000004    0.000000    0.000004    0.000000    0.000004
   -0.000000   -0.000012   -0.000000   -0.000010   -0.000002   -0.000009   -0.000002   -0.000010
   -0.000000    0.000004   -0.000000    0.000004   -0.000002    0.000004   -0.000002    0.000004
   -0.000000    0.000004   -0.000000    0.000004    0.000000    0.000048    0.000000    0.000004
   -0.000000    0.000004   -0.000000   -0.000002    0.000000    0.000006    0.000000   -0.000002
   -0.000000    0.000004   -0.000000    0.000004   -0.000002    0.000004   -0.000002    0.000004
   -0.000000    0.000004   -0.000000   -0.000002   -0.000002    0.000006   -0.000002   -0.000002
   -0.000002    0.000051   -0.000002    0.000069   -0.000172   -0.123036   -0.000172    0.000069
   -0.000002    0.000004   -0.000002    0.000004   -0.000172    0.000048   -0.000172    0.000004
   -0.000000   -0.000010   -0.000000   -0.000012    0.000000   -0.000012    0.000000   -0.000012
   -0.000000    0.000004   -0.000000    0.000004    0.000000    0.000048    0.000000    0.000004

    0.000004   -0.000000    0.000004   -0.000000    0.000004    0.000000    0.000048    0.000000
   -0.000002   -0.000000    0.000004   -0.000000   -0.000002   -0.000002    0.000006   -0.000002
    0.000004   -0.000000    0.000004   -0.000000    0.000004   -0.000002    0.000004   -0.000002
   -0.000002   -0.000000    0.000004   -0.000000   -0.000002    0.000000    0.000006    0.000000
   -0.000012   -0.000000   -0.000010   -0.000000   -0.000012    0.000000   -0.000012    0.000000
    0.000004   -0.000000    0.000004   -0.000000    0.000004   -0.000002    0.000004   -0.000002
   -0.000010   -0.000000   -0.000012   -0.000000   -0.000010   -0.000002   -0.000009   -0.000002
    0.000004   -0.000000    0.000004   -0.000000    0.000004    0.000000    0.000004    0.000000
    0.000004   -0.000002    0.000004   -0.000002    0.000004   -0.000172    0.000048   -0.000172
   -0.000002   -0.000000    0.000004   -0.000000   -0.000002    0.000000    0.000006    0.000000
    0.000004   -0.000000    0.000004   -0.000000    0.000004    0.000000    0.000004    0.000000
   -0.000002   -0.000002    0.000004   -0.000002   -0.000002   -0.000172    0.000006   -0.000172
    0.000069   -0.000002    0.000051   -0.000002    0.000069   -0.000172   -0.123036   -0.000172
    0.000004   -0.000000    0.000004   -0.000000    0.000004    0.000000    0.000048    0.000000
   -0.000012   -0.000000   -0.000010   -0.000000   -0.000012    0.000000   -0.000012    0.000000
    0.000004   -0.000002    0.000004   -0.000002    0.000004   -0.000172    0.000048   -0.000172

   -0.000172    0.000004   -0.000002    0.000004   -0.000002    0.000004   -0.000172    0.000048
   -0.000172   -0.000002   -0.000002    0.000004   -0.000002   -0.000002   -0.000172    0.000006
    0.000000    0.000004   -0.000000    0.000004   -0.000000    0.000004    0.000000    0.000004
    0.000000   -0.000002   -0.000000    0.000004   -0.000000   -0.000002    0.000000    0.000006
    0.000000   -0.000012   -0.000000   -0.000010   -0.000000   -0.000012    0.000000   -0.000012
    0.000000    0.000004   -0.000000    0.000004   -0.000000    0.000004    0.000000    0.000004
   -0.000002   -0.000010   -0.000000   -0.000012   -0.000000   -0.000010   -0.000002   -0.000009
   -0.000002    0.000004   -0.000000    0.000004   -0.000000    0.000004   -0.000002    0.000004
    0.000000    0.000004   -0.000000    0.000004   -0.000000    0.000004    0.000000    0.000048
    0.000000   -0.000002   -0.000000    0.000004   -0.000000   -0.000002    0.000000    0.000006
   -0.000002    0.000004   -0.000000    0.000004   -0.000000    0.000004   -0.000002    0.000004
   -0.000002   -0.000002   -0.000000    0.000004   -0.000000   -0.000002   -0.000002    0.000006
   -0.000172    0.000069   -0.000002    0.000051   -0.000002    0.000069   -0.000172   -0.123036
   -0.000172    0.000004   -0.000002    0.000004   -0.000002    0.000004   -0.000172    0.000048
    0.000000   -0.000012   -0.000000   -0.000010   -0.000000   -0.000012    0.000000   -0.000012
    0.000000    0.000004   -0.000000    0.000004   -0.000000    0.000004    0.000000    0.000048

    0.000006    0.000000   -0.000002   -0.000000    0.000004   -0.000000   -0.000002    0.000000
    0.000048    0.000000    0.000004   -0.000000    0.000004   -0.000000    0.000004    0.000000
    0.000006   -0.000002   -0.000002   -0.000000    0.000004   -0.000000   -0.000002   -0.000002
    0.000004   -0.000002    0.000004   -0.000000    0.000004   -0.000000    0.000004   -0.000002
    0.000004    0.000000    0.000004   -0.000000    0.000004   -0.000000    0.000004    0.000000
   -0.000012    0.000000   -0.000012   -0.000000   -0.000010   -0.000000   -0.000012    0.000000
    0.000004   -0.000002    0.000004   -0.000000    0.000004   -0.000000    0.000004   -0.000002
   -0.000009   -0.000002   -0.000010   -0.000000   -0.000012   -0.000000   -0.000010   -0.000002
    0.000006   -0.000172   -0.000002   -0.000002    0.000004   -0.000002   -0.000002   -0.000172
    0.000048   -0.000172    0.000004   -0.000002    0.000004   -0.000002    0.000004   -0.000172
    0.000006    0.000000   -0.000002   -0.000000    0.000004   -0.000000   -0.000002    0.000000
    0.000004    0.000000    0.000004   -0.000000    0.000004   -0.000000    0.000004    0.000000
    0.000048   -0.000172    0.000004   -0.000002    0.000004   -0.000002    0.000004   -0.000172
   -0.123036   -0.000172    0.000069   -0.000002    0.000051   -0.000002    0.000069   -0.000172
    0.000048    0.000000    0.000004   -0.000000    0.000004   -0.000000    0.000004    0.000000
   -0.000012    0.000000   -0.000012   -0.000000   -0.000010   -0.000000   -0.000012    0.000000

    0.000000    0.000006    0.000000   -0.000002   -0.000000    0.000004   -0.000000   -0.000002
   -0.000172    0.000048   -0.000172    0.000004   -0.000002    0.000004   -0.000002    0.000004
   -0.000172    0.000006   -0.000172   -0.000002   -0.000002    0.000004   -0.000002   -0.000002
    0.000000    0.000004    0.000000    0.000004   -0.000000    0.000004   -0.000000    0.000004
   -0.000002    0.000004   -0.000002    0.000004   -0.000000    0.000004   -0.000000    0.000004
    0.000000   -0.000012    0.000000   -0.000012   -0.000000   -0.000010   -0.000000   -0.000012
    0.000000    0.000004    0.000000    0.000004   -0.000000    0.000004   -0.000000    0.000004
   -0.000002   -0.000009   -0.000002   -0.000010   -0.000000   -0.000012   -0.000000   -0.000010
   -0.000002    0.000006   -0.000002   -0.000002   -0.000000    0.000004   -0.000000   -0.000002
    0.000000    0.000048    0.000000    0.000004   -0.000000    0.000004   -0.000000    0.000004
    0.000000    0.000006    0.000000   -0.000002   -0.000000    0.000004   -0.000000   -0.000002
   -0.000002    0.000004   -0.000002    0.000004   -0.000000    0.000004   -0.000000    0.000004
    0.000000    0.000048    0.000000    0.000004   -0.000000    0.000004   -0.000000    0.000004
   -0.000172   -0.123036   -0.000172    0.000069   -0.000002    0.000051   -0.000002    0.000069
   -0.000172    0.000048   -0.000172    0.000004   -0.000002    0.000004   -0.000002    0.000004
    0.000000   -0.000012    0.000000   -0.000012   -0.000000   -0.000010   -0.000000   -0.000012

   -0.000002    0.000000    0.000006    0.000000   -0.000002   -0.000000    0.000004   -0.000000
    0.000004    0.000000    0.000048    0.000000    0.000004   -0.000000    0.000004   -0.000000
   -0.000002   -0.000002    0.000006   -0.000002   -0.000002   -0.000000    0.000004   -0.000000
    0.000004   -0.000002    0.000004   -0.000002    0.000004   -0.000000    0.000004   -0.000000
    0.000004    0.000000    0.000004    0.000000    0.000004   -0.000000    0.000004   -0.000000
   -0.000012    0.000000   -0.000012    0.000000   -0.000012   -0.000000   -0.000010   -0.000000
    0.000004   -0.000002    0.000004   -0.000002    0.000004   -0.000000    0.000004   -0.000000
   -0.000010   -0.000002   -0.000009   -0.000002   -0.000010   -0.000000   -0.000012   -0.000000
   -0.000002   -0.000172    0.000006   -0.000172   -0.000002   -0.000002    0.000004   -0.000002
    0.000004   -0.000172    0.000048   -0.000172    0.000004   -0.000002    0.000004   -0.000002
   -0.000002    0.000000    0.000006    0.000000   -0.000002   -0.000000    0.000004   -0.000000
    0.000004    0.000000    0.000004    0.000000    0.000004   -0.000000    0.000004   -0.000000
    0.000004   -0.000172    0.000048   -0.000172    0.000004   -0.000002    0.000004   -0.000002
    0.000069   -0.000172   -0.123036   -0.000172    0.000069   -0.000002    0.000051   -0.000002
    0.000004    0.000000    0.000048    0.000000    0.000004   -0.000000    0.000004   -0.000000
   -0.000012    0.000000   -0.000012    0.000000   -0.000012   -0.000000   -0.000010   -0.000000

   -0.000000   -0.000002    0.000000    0.000006    0.000000   -0.000002   -0.000000    0.000004
   -0.000002    0.000004   -0.000172    0.000048   -0.000172    0.000004   -0.000002    0.000004
   -0.000002   -0.000002   -0.000172    0.000006   -0.000172   -0.000002   -0.000002    0.000004
   -0.000000    0.000004    0.000000    0.000004    0.000000    0.000004   -0.000000    0.000004
   -0.000000    0.000004   -0.000002    0.000004   -0.000002    0.000004   -0.000000    0.000004
   -0.000000   -0.000012    0.000000   -0.000012    0.000000   -0.000012   -0.000000   -0.000010
   -0.000000    0.000004    0.000000    0.000004    0.000000    0.000004   -0.000000    0.000004
   -0.000000   -0.000010   -0.000002   -0.000009   -0.000002   -0.000010   -0.000000   -0.000012
   -0.000000   -0.000002   -0.000002    0.000006   -0.000002   -0.000002   -0.000000    0.000004
   -0.000000    0.000004    0.000000    0.000048    0.000000    0.000004   -0.000000    0.000004
   -0.000000   -0.000002    0.000000    0.000006    0.000000   -0.000002   -0.000000    0.000004
   -0.000000    0.000004   -0.000002    0.000004   -0.000002    0.000004   -0.000000    0.000004
   -0.000000    0.000004    0.000000    0.000048    0.000000    0.000004   -0.000000    0.000004
   -0.000002    0.000069   -0.000172   -0.123036   -0.000172    0.000069   -0.000002    0.000051
   -0.000002    0.000004   -0.000172    0.000048   -0.000172    0.000004   -0.000002    0.000004
   -0.000000   -0.000012    0.000000   -0.000012    0.000000   -0.000012   -0.000000   -0.000010

    0.000004   -0.000000   -0.000002    0.000000    0.000006    0.000000   -0.000002   -0.000000
    0.000004   -0.000000    0.000004    0.000000    0.000048    0.000000    0.000004   -0.000000
    0.000004   -0.000000   -0.000002   -0.000002    0.000006   -0.000002   -0.000002   -0.000000
    0.000004   -0.000000    0.000004   -0.000002    0.000004   -0.000002    0.000004   -0.000000
    0.000004   -0.000000    0.000004    0.000000    0.000004    0.000000    0.000004   -0.000000
   -0.000010   -0.000000   -0.000012    0.000000   -0.000012    0.000000   -0.000012   -0.000000
    0.000004   -0.000000    0.000004   -0.000002    0.000004   -0.000002    0.000004   -0.000000
   -0.000012   -0.000000   -0.000010   -0.000002   -0.000009   -0.000002   -0.000010   -0.000000
    0.000004   -0.000002   -0.000002   -0.000172    0.000006   -0.000172   -0.000002   -0.000002
    0.000004   -0.000002    0.000004   -0.000172    0.000048   -0.000172    0.000004   -0.000002
    0.000004   -0.000000   -0.000002    0.000000    0.000006    0.000000   -0.000002   -0.000000
    0.000004   -0.000000    0.000004    0.000000    0.000004    0.000000    0.000004   -0.000000
    0.000004   -0.000002    0.000004   -0.000172    0.000048   -0.000172    0.000004   -0.000002
    0.000051   -0.000002    0.000069   -0.000172   -0.123036   -0.000172    0.000069   -0.000002
    0.000004   -0.000000    0.000004    0.000000    0.000048    0.000000    0.000004   -0.000000
   -0.000010   -0.000000   -0.000012    0.000000   -0.000012    0.000000   -0.000012   -0.000000

   -0.000000    0.000004   -0.000000   -0.000002    0.000000    0.000006    0.000000   -0.000002
   -0.000002    0.000004   -0.000002    0.000004   -0.000172    0.000048   -0.000172    0.000004
   -0.000002    0.000004   -0.000002   -0.000002   -0.000172    0.000006   -0.000172   -0.000002
   -0.000000    0.000004   -0.000000    0.000004    0.000000    0.000004    0.000000    0.000004
   -0.000000    0.000004   -0.000000    0.000004   -0.000002    0.000004   -0.000002    0.000004
   -0.000000   -0.000010   -0.000000   -0.000012    0.000000   -0.000012    0.000000   -0.000012
   -0.000000    0.000004   -0.000000    0.000004    0.000000    0.000004    0.000000    0.000004
   -0.000000   -0.000012   -0.000000   -0.000010   -0.000002   -0.000009   -0.000002   -0.000010
   -0.000000    0.000004   -0.000000   -0.000002   -0.000002    0.000006   -0.000002   -0.000002
   -0.000000    0.000004   -0.000000    0.000004    0.000000    0.000048    0.000000    0.000004
   -0.000000    0.000004   -0.000000   -0.000002    0.000000    0.000006    0.000000   -0.000002
   -0.000000    0.000004   -0.000000    0.000004   -0.000002    0.000004   -0.000002    0.000004
   -0.000000    0.000004   -0.000000    0.000004    0.000000    0.000048    0.000000    0.000004
   -0.000002    0.000051   -0.000002    0.000069   -0.000172   -0.123036   -0.000172    0.000069
   -0.000002    0.000004   -0.000002    0.000004   -0.000172    0.000048   -0.000172    0.000004
   -0.000000   -0.000010   -0.000000   -0.000012    0.000000   -0.000012    0.000000   -0.000012

   -0.000002   -0.000000    0.000004   -0.000000   -0.000002    0.000000    0.000006    0.000000
    0.000004   -0.000000    0.000004   -0.000000    0.000004    0.000000    0.000048    0.000000
   -0.000002   -0.000000    0.000004   -0.000000   -0.000002   -0.000002    0.000006   -0.000002
    0.000004   -0.000000    0.000004   -0.000000    0.000004   -0.000002    0.000004   -0.000002
    0.000004   -0.000000    0.000004   -0.000000    0.000004    0.000000    0.000004    0.000000
   -0.000012   -0.000000   -0.000010   -0.000000   -0.000012    0.000000   -0.000012    0.000000
    0.000004   -0.000000    0.000004   -0.000000    0.000004   -0.000002    0.000004   -0.000002
   -0.000010   -0.000000   -0.000012   -0.000000   -0.000010   -0.000002   -0.000009   -0.000002
   -0.000002   -0.000002    0.000004   -0.000002   -0.000002   -0.000172    0.000006   -0.000172
    0.000004   -0.000002    0.000004   -0.000002    0.000004   -0.000172    0.000048   -0.000172
   -0.000002   -0.000000    0.000004   -0.000000   -0.000002    0.000000    0.000006    0.000000
    0.000004   -0.000000    0.000004   -0.000000    0.000004    0.000000    0.000004    0.000000
    0.000004   -0.000002    0.000004   -0.000002    0.000004   -0.000172    0.000048   -0.000172
    0.000069   -0.000002    0.000051   -0.000002    0.000069   -0.000172   -0.123036   -0.000172
    0.000004   -0.000000    0.000004   -0.000000    0.000004    0.000000    0.000048    0.000000
   -0.000012   -0.000000   -0.000010   -0.000000   -0.000012    0.000000   -0.000012    0.000000

    0.000000   -0.000002   -0.000000    0.000004   -0.000000   -0.000002    0.000000    0.000006
   -0.000172    0.000004   -0.000002    0.000004   -0.000002    0.000004   -0.000172    0.000048
   -0.000172   -0.000002   -0.000002    0.000004   -0.000002   -0.000002   -0.000172    0.000006
    0.000000    0.000004   -0.000000    0.000004   -0.000000    0.000004    0.000000    0.000004
   -0.000002    0.000004   -0.000000    0.000004   -0.000000    0.000004   -0.000002    0.000004
    0.000000   -0.000012   -0.000000   -0.000010   -0.000000   -0.000012    0.000000   -0.000012
    0.000000    0.000004   -0.000000    0.000004   -0.000000    0.000004    0.000000    0.000004
   -0.000002   -0.000010   -0.000000   -0.000012   -0.000000   -0.000010   -0.000002   -0.000009
   -0.000002   -0.000002   -0.000000    0.000004   -0.000000   -0.000002   -0.000002    0.000006
    0.000000    0.000004   -0.000000    0.000004   -0.000000    0.000004    0.000000    0.000048
    0.000000   -0.000002   -0.000000    0.000004   -0.000000   -0.000002    0.000000    0.000006
   -0.000002    0.000004   -0.000000    0.000004   -0.000000    0.000004   -0.000002    0.000004
    0.000000    0.000004   -0.000000    0.000004   -0.000000    0.000004    0.000000    0.000048
   -0.000172    0.000069   -0.000002    0.000051   -0.000002    0.000069   -0.000172   -0.123036
   -0.000172    0.000004   -0.000002    0.000004   -0.000002    0.000004   -0.000172    0.000048
    0.000000   -0.000012   -0.000000   -0.000010   -0.000000   -0.000012    0.000000   -0.000012

    0.000004   -0.000002    0.000004   -0.000000    0.000004   -0.000000    0.000004   -0.000002
    0.000006    0.000000   -0.000002   -0.000000    0.000004   -0.000000   -0.000002    0.000000
    0.000048    0.000000    0.000004   -0.000000    0.000004   -0.000000    0.000004    0.000000
    0.000006   -0.000002   -0.000002   -0.000000    0.000004   -0.000000   -0.000002   -0.000002
   -0.000009   -0.000002   -0.000010   -0.000000   -0.000012   -0.000000   -0.000010   -0.000002
    0.000004    0.000000    0.000004   -0.000000    0.000004   -0.000000    0.000004    0.000000
   -0.000012    0.000000   -0.000012   -0.000000   -0.000010   -0.000000   -0.000012    0.000000
    0.000004   -0.000002    0.000004   -0.000000    0.000004   -0.000000    0.000004   -0.000002
    0.000004    0.000000    0.000004   -0.000000    0.000004   -0.000000    0.000004    0.000000
    0.000006   -0.000172   -0.000002   -0.000002    0.000004   -0.000002   -0.000002   -0.000172
    0.000048   -0.000172    0.000004   -0.000002    0.000004   -0.000002    0.000004   -0.000172
    0.000006    0.000000   -0.000002   -0.000000    0.000004   -0.000000   -0.000002    0.000000
   -0.000012    0.000000   -0.000012   -0.000000   -0.000010   -0.000000   -0.000012    0.000000
    0.000048   -0.000172    0.000004   -0.000002    0.000004   -0.000002    0.000004   -0.000172
   -0.123036   -0.000172    0.000069   -0.000002    0.000051   -0.000002    0.000069   -0.000172
    0.000048    0.000000    0.000004   -0.000000    0.000004   -0.000000    0.000004    0.000000

    0.000000    0.000004    0.000000    0.000004   -0.000000    0.000004   -0.000000    0.000004
    0.000000    0.000006    0.000000   -0.000002   -0.000000    0.000004   -0.000000   -0.000002
   -0.000172    0.000048   -0.000172    0.000004   -0.000002    0.000004   -0.000002    0.000004
   -0.000172    0.000006   -0.000172   -0.000002   -0.000002    0.000004   -0.000002   -0.000002
   -0.000002   -0.000009   -0.000002   -0.000010   -0.000000   -0.000012   -0.000000   -0.000010
   -0.000002    0.000004   -0.000002    0.000004   -0.000000    0.000004   -0.000000    0.000004
    0.000000   -0.000012    0.000000   -0.000012   -0.000000   -0.000010   -0.000000   -0.000012
    0.000000    0.000004    0.000000    0.000004   -0.000000    0.000004   -0.000000    0.000004
   -0.000002    0.000004   -0.000002    0.000004   -0.000000    0.000004   -0.000000    0.000004
   -0.000002    0.000006   -0.000002   -0.000002   -0.000000    0.000004   -0.000000   -0.000002
    0.000000    0.000048    0.000000    0.000004   -0.000000    0.000004   -0.000000    0.000004
    0.000000    0.000006    0.000000   -0.000002   -0.000000    0.000004   -0.000000   -0.000002
    0.000000   -0.000012    0.000000   -0.000012   -0.000000   -0.000010   -0.000000   -0.000012
    0.000000    0.000048    0.000000    0.000004   -0.000000    0.000004   -0.000000    0.000004
   -0.000172   -0.123036   -0.000172    0.000069   -0.000002    0.000051   -0.000002    0.000069
   -0.000172    0.000048   -0.000172    0.000004   -0.000002    0.000004   -0.000002    0.000004

    0.000004   -0.000002    0.000004   -0.000002    0.000004   -0.000000    0.000004   -0.000000
   -0.000002    0.000000    0.000006    0.000000   -0.000002   -0.000000    0.000004   -0.000000
    0.000004    0.000000    0.000048    0.000000    0.000004   -0.000000    0.000004   -0.000000
   -0.000002   -0.000002    0.000006   -0.000002   -0.000002   -0.000000    0.000004   -0.000000
   -0.000010   -0.000002   -0.000009   -0.000002   -0.000010   -0.000000   -0.000012   -0.000000
    0.000004    0.000000    0.000004    0.000000    0.000004   -0.000000    0.000004   -0.000000
   -0.000012    0.000000   -0.000012    0.000000   -0.000012   -0.000000   -0.000010   -0.000000
    0.000004   -0.000002    0.000004   -0.000002    0.000004   -0.000000    0.000004   -0.000000
    0.000004    0.000000    0.000004    0.000000    0.000004   -0.000000    0.000004   -0.000000
   -0.000002   -0.000172    0.000006   -0.000172   -0.000002   -0.000002    0.000004   -0.000002
    0.000004   -0.000172    0.000048   -0.000172    0.000004   -0.000002    0.000004   -0.000002
   -0.000002    0.000000    0.000006    0.000000   -0.000002   -0.000000    0.000004   -0.000000
   -0.000012    0.000000   -0.000012    0.000000   -0.000012   -0.000000   -0.000010   -0.000000
    0.000004   -0.000172    0.000048   -0.000172    0.000004   -0.000002    0.000004   -0.000002
    0.000069   -0.000172   -0.123036   -0.000172    0.000069   -0.000002    0.000051   -0.000002
    0.000004    0.000000    0.000048    0.000000    0.000004   -0.000000    0.000004   -0.000000

   -0.000000    0.000004    0.000000    0.000004    0.000000    0.000004   -0.000000    0.000004
   -0.000000   -0.000002    0.000000    0.000006    0.000000   -0.000002   -0.000000    0.000004
   -0.000002    0.000004   -0.000172    0.000048   -0.000172    0.000004   -0.000002    0.000004
   -0.000002   -0.000002   -0.000172    0.000006   -0.000172   -0.000002   -0.000002    0.000004
   -0.000000   -0.000010   -0.000002   -0.000009   -0.000002   -0.000010   -0.000000   -0.000012
   -0.000000    0.000004   -0.000002    0.000004   -0.000002    0.000004   -0.000000    0.000004
   -0.000000   -0.000012    0.000000   -0.000012    0.000000   -0.000012   -0.000000   -0.000010
   -0.000000    0.000004    0.000000    0.000004    0.000000    0.000004   -0.000000    0.000004
   -0.000000    0.000004   -0.000002    0.000004   -0.000002    0.000004   -0.000000    0.000004
   -0.000000   -0.000002   -0.000002    0.000006   -0.000002   -0.000002   -0.000000    0.000004
   -0.000000    0.000004    0.000000    0.000048    0.000000    0.000004   -0.000000    0.000004
   -0.000000   -0.000002    0.000000    0.000006    0.000000   -0.000002   -0.000000    0.000004
   -0.000000   -0.000012    0.000000   -0.000012    0.000000   -0.000012   -0.000000   -0.000010
   -0.000000    0.000004    0.000000    0.000048    0.000000    0.000004   -0.000000    0.000004
   -0.000002    0.000069   -0.000172   -0.123036   -0.000172    0.000069   -0.000002    0.000051
   -0.000002    0.000004   -0.000172    0.000048   -0.000172    0.000004   -0.000002    0.000004

    0.000004   -0.000000    0.000004   -0.000002    0.000004   -0.000002    0.000004   -0.000000
    0.000004   -0.000000   -0.000002    0.000000    0.000006    0.000000   -0.000002   -0.000000
    0.000004   -0.000000    0.000004    0.000000    0.000048    0.000000    0.000004   -0.000000
    0.000004   -0.000000   -0.000002   -0.000002    0.000006   -0.000002   -0.000002   -0.000000
   -0.000012   -0.000000   -0.000010   -0.000002   -0.000009   -0.000002   -0.000010   -0.000000
    0.000004   -0.000000    0.000004    0.000000    0.000004    0.000000    0.000004   -0.000000
   -0.000010   -0.000000   -0.000012    0.000000   -0.000012    0.000000   -0.000012   -0.000000
    0.000004   -0.000000    0.000004   -0.000002    0.000004   -0.000002    0.000004   -0.000000
    0.000004   -0.000000    0.000004    0.000000    0.000004    0.000000    0.000004   -0.000000
    0.000004   -0.000002   -0.000002   -0.000172    0.000006   -0.000172   -0.000002   -0.000002
    0.000004   -0.000002    0.000004   -0.000172    0.000048   -0.000172    0.000004   -0.000002
    0.000004   -0.000000   -0.000002    0.000000    0.000006    0.000000   -0.000002   -0.000000
   -0.000010   -0.000000   -0.000012    0.000000   -0.000012    0.000000   -0.000012   -0.000000
    0.000004   -0.000002    0.000004   -0.000172    0.000048   -0.000172    0.000004   -0.000002
    0.000051   -0.000002    0.000069   -0.000172   -0.123036   -0.000172    0.000069   -0.000002
    0.000004   -0.000000    0.000004    0.000000    0.000048    0.000000    0.000004   -0.000000

   -0.000000    0.000004   -0.000000    0.000004    0.000000    0.000004    0.000000    0.000004
   -0.000000    0.000004   -0.000000   -0.000002    0.000000    0.000006    0.000000   -0.000002
   -0.000002    0.000004   -0.000002    0.000004   -0.000172    0.000048   -0.000172    0.000004
   -0.000002    0.000004   -0.000002   -0.000002   -0.000172    0.000006   -0.000172   -0.000002
   -0.000000   -0.000012   -0.000000   -0.000010   -0.000002   -0.000009   -0.000002   -0.000010
   -0.000000    0.000004   -0.000000    0.000004   -0.000002    0.000004   -0.000002    0.000004
   -0.000000   -0.000010   -0.000000   -0.000012    0.000000   -0.000012    0.000000   -0.000012
   -0.000000    0.000004   -0.000000    0.000004    0.000000    0.000004    0.000000    0.000004
   -0.000000    0.000004   -0.000000    0.000004   -0.000002    0.000004   -0.000002    0.000004
   -0.000000    0.000004   -0.000000   -0.000002   -0.000002    0.000006   -0.000002   -0.000002
   -0.000000    0.000004   -0.000000    0.000004    0.000000    0.000048    0.000000    0.000004
   -0.000000    0.000004   -0.000000   -0.000002    0.000000    0.000006    0.000000   -0.000002
   -0.000000   -0.000010   -0.000000   -0.000012    0.000000   -0.000012    0.000000   -0.000012
   -0.000000    0.000004   -0.000000    0.000004    0.000000    0.000048    0.000000    0.000004
   -0.000002    0.000051   -0.000002    0.000069   -0.000172   -0.123036   -0.000172    0.000069
   -0.000002    0.000004   -0.000002    0.000004   -0.000172    0.000048   -0.000172    0.000004

    0.000004   -0.000000    0.000004   -0.000000    0.000004   -0.000002    0.000004   -0.000002
   -0.000002   -0.000000    0.000004   -0.000000   -0.000002    0.000000    0.000006    0.000000
    0.000004   -0.000000    0.000004   -0.000000    0.000004    0.000000    0.000048    0.000000
   -0.000002   -0.000000    0.000004   -0.000000   -0.000002   -0.000002    0.000006   -0.000002
   -0.000010   -0.000000   -0.000012   -0.000000   -0.000010   -0.000002   -0.000009   -0.000002
    0.000004   -0.000000    0.000004   -0.000000    0.000004    0.000000    0.000004    0.000000
   -0.000012   -0.000000   -0.000010   -0.000000   -0.000012    0.000000   -0.000012    0.000000
    0.000004   -0.000000    0.000004   -0.000000    0.000004   -0.000002    0.000004   -0.000002
    0.000004   -0.000000    0.000004   -0.000000    0.000004    0.000000    0.000004    0.000000
   -0.000002   -0.000002    0.000004   -0.000002   -0.000002   -0.000172    0.000006   -0.000172
    0.000004   -0.000002    0.000004   -0.000002    0.000004   -0.000172    0.000048   -0.000172
   -0.000002   -0.000000    0.000004   -0.000000   -0.000002    0.000000    0.000006    0.000000
   -0.000012   -0.000000   -0.000010   -0.000000   -0.000012    0.000000   -0.000012    0.000000
    0.000004   -0.000002    0.000004   -0.000002    0.000004   -0.000172    0.000048   -0.000172
    0.000069   -0.000002    0.000051   -0.000002    0.000069   -0.000172   -0.123036   -0.000172
    0.000004   -0.000000    0.000004   -0.000000    0.000004    0.000000    0.000048    0.000000

    0.000000    0.000004   -0.000000    0.000004   -0.000000    0.000004    0.000000    0.000004
    0.000000   -0.000002   -0.000000    0.000004   -0.000000   -0.000002    0.000000    0.000006
   -0.000172    0.000004   -0.000002    0.000004   -0.000002    0.000004   -0.000172    0.000048
   -0.000172   -0.000002   -0.000002    0.000004   -0.000002   -0.000002   -0.000172    0.000006
   -0.000002   -0.000010   -0.000000   -0.000012   -0.000000   -0.000010   -0.000002   -0.000009
   -0.000002    0.000004   -0.000000    0.000004   -0.000000    0.000004   -0.000002    0.000004
    0.000000   -0.000012   -0.000000   -0.000010   -0.000000   -0.000012    0.000000   -0.000012
    0.000000    0.000004   -0.000000    0.000004   -0.000000    0.000004    0.000000    0.000004
   -0.000002    0.000004   -0.000000    0.000004   -0.000000    0.000004   -0.000002    0.000004
   -0.000002   -0.000002   -0.000000    0.000004   -0.000000   -0.000002   -0.000002    0.000006
    0.000000    0.000004   -0.000000    0.000004   -0.000000    0.000004    0.000000    0.000048
    0.000000   -0.000002   -0.000000    0.000004   -0.000000   -0.000002    0.000000    0.000006
    0.000000   -0.000012   -0.000000   -0.000010   -0.000000   -0.000012    0.000000   -0.000012
    0.000000    0.000004   -0.000000    0.000004   -0.000000    0.000004    0.000000    0.000048
   -0.000172    0.000069   -0.000002    0.000051   -0.000002    0.000069   -0.000172   -0.123036
   -0.000172    0.000004   -0.000002    0.000004   -0.000002    0.000004   -0.000172    0.000048

    0.000006   -0.000002   -0.000002   -0.000000    0.000004   -0.000000   -0.000002   -0.000002
    0.000004   -0.000002    0.000004   -0.000000    0.000004   -0.000000    0.000004   -0.000002
    0.000006    0.000000   -0.000002   -0.000000    0.000004   -0.000000   -0.000002    0.000000
    0.000048    0.000000    0.000004   -0.000000    0.000004   -0.000000    0.000004    0.000000
    0.000004   -0.000002    0.000004   -0.000000    0.000004   -0.000000    0.000004   -0.000002
   -0.000009   -0.000002   -0.000010   -0.000000   -0.000012   -0.000000   -0.000010   -0.000002
    0.000004    0.000000    0.000004   -0.000000    0.000004   -0.000000    0.000004    0.000000
   -0.000012    0.000000   -0.000012   -0.000000   -0.000010   -0.000000   -0.000012    0.000000
    0.000006    0.000000   -0.000002   -0.000000    0.000004   -0.000000   -0.000002    0.000000
    0.000004    0.000000    0.000004   -0.000000    0.000004   -0.000000    0.000004    0.000000
    0.000006   -0.000172   -0.000002   -0.000002    0.000004   -0.000002   -0.000002   -0.000172
    0.000048   -0.000172    0.000004   -0.000002    0.000004   -0.000002    0.000004   -0.000172
    0.000048    0.000000    0.000004   -0.000000    0.000004   -0.000000    0.000004    0.000000
   -0.000012    0.000000   -0.000012   -0.000000   -0.000010   -0.000000   -0.000012    0.000000
    0.000048   -0.000172    0.000004   -0.000002    0.000004   -0.000002    0.000004   -0.000172
   -0.123036   -0.000172    0.000069   -0.000002    0.000051   -0.000002    0.000069   -0.000172

   -0.000172    0.000006   -0.000172   -0.000002   -0.000002    0.000004   -0.000002   -0.000002
    0.000000    0.000004    0.000000    0.000004   -0.000000    0.000004   -0.000000    0.000004
    0.000000    0.000006    0.000000   -0.000002   -0.000000    0.000004   -0.000000   -0.000002
   -0.000172    0.000048   -0.000172    0.000004   -0.000002    0.000004   -0.000002    0.000004
    0.000000    0.000004    0.000000    0.000004   -0.000000    0.000004   -0.000000    0.000004
   -0.000002   -0.000009   -0.000002   -0.000010   -0.000000   -0.000012   -0.000000   -0.000010
   -0.000002    0.000004   -0.000002    0.000004   -0.000000    0.000004   -0.000000    0.000004
    0.000000   -0.000012    0.000000   -0.000012   -0.000000   -0.000010   -0.000000   -0.000012
    0.000000    0.000006    0.000000   -0.000002   -0.000000    0.000004   -0.000000   -0.000002
   -0.000002    0.000004   -0.000002    0.000004   -0.000000    0.000004   -0.000000    0.000004
   -0.000002    0.000006   -0.000002   -0.000002   -0.000000    0.000004   -0.000000   -0.000002
    0.000000    0.000048    0.000000    0.000004   -0.000000    0.000004   -0.000000    0.000004
   -0.000172    0.000048   -0.000172    0.000004   -0.000002    0.000004   -0.000002    0.000004
    0.000000   -0.000012    0.000000   -0.000012   -0.000000   -0.000010   -0.000000   -0.000012
    0.000000    0.000048    0.000000    0.000004   -0.000000    0.000004   -0.000000    0.000004
   -0.000172   -0.123036   -0.000172    0.000069   -0.000002    0.000051   -0.000002    0.000069

   -0.000002   -0.000002    0.000006   -0.000002   -0.000002   -0.000000    0.000004   -0.000000
    0.000004   -0.000002    0.000004   -0.000002    0.000004   -0.000000    0.000004   -0.000000
   -0.000002    0.000000    0.000006    0.000000   -0.000002   -0.000000    0.000004   -0.000000
    0.000004    0.000000    0.000048    0.000000    0.000004   -0.000000    0.000004   -0.000000
    0.000004   -0.000002    0.000004   -0.000002    0.000004   -0.000000    0.000004   -0.000000
   -0.000010   -0.000002   -0.000009   -0.000002   -0.000010   -0.000000   -0.000012   -0.000000
    0.000004    0.000000    0.000004    0.000000    0.000004   -0.000000    0.000004   -0.000000
   -0.000012    0.000000   -0.000012    0.000000   -0.000012   -0.000000   -0.000010   -0.000000
   -0.000002    0.000000    0.000006    0.000000   -0.000002   -0.000000    0.000004   -0.000000
    0.000004    0.000000    0.000004    0.000000    0.000004   -0.000000    0.000004   -0.000000
   -0.000002   -0.000172    0.000006   -0.000172   -0.000002   -0.000002    0.000004   -0.000002
    0.000004   -0.000172    0.000048   -0.000172    0.000004   -0.000002    0.000004   -0.000002
    0.000004    0.000000    0.000048    0.000000    0.000004   -0.000000    0.000004   -0.000000
   -0.000012    0.000000   -0.000012    0.000000   -0.000012   -0.000000   -0.000010   -0.000000
    0.000004   -0.000172    0.000048   -0.000172    0.000004   -0.000002    0.000004   -0.000002
    0.000069   -0.000172   -0.123036   -0.000172    0.000069   -0.000002    0.000051   -0.000002

   -0.000002   -0.000002   -0.000172    0.000006   -0.000172   -0.000002   -0.000002    0.000004
   -0.000000    0.000004    0.000000    0.000004    0.000000    0.000004   -0.000000    0.000004
   -0.000000   -0.000002    0.000000    0.000006    0.000000   -0.000002   -0.000000    0.000004
   -0.000002    0.000004   -0.000172    0.000048   -0.000172    0.000004   -0.000002    0.000004
   -0.000000    0.000004    0.000000    0.000004    0.000000    0.000004   -0.000000    0.000004
   -0.000000   -0.000010   -0.000002   -0.000009   -0.000002   -0.000010   -0.000000   -0.000012
   -0.000000    0.000004   -0.000002    0.000004   -0.000002    0.000004   -0.000000    0.000004
   -0.000000   -0.000012    0.000000   -0.000012    0.000000   -0.000012   -0.000000   -0.000010
   -0.000000   -0.000002    0.000000    0.000006    0.000000   -0.000002   -0.000000    0.000004
   -0.000000    0.000004   -0.000002    0.000004   -0.000002    0.000004   -0.000000    0.000004
   -0.000000   -0.000002   -0.000002    0.000006   -0.000002   -0.000002   -0.000000    0.000004
   -0.000000    0.000004    0.000000    0.000048    0.000000    0.000004   -0.000000    0.000004
   -0.000002    0.000004   -0.000172    0.000048   -0.000172    0.000004   -0.000002    0.000004
   -0.000000   -0.000012    0.000000   -0.000012    0.000000   -0.000012   -0.000000   -0.000010
   -0.000000    0.000004    0.000000    0.000048    0.000000    0.000004   -0.000000    0.000004
   -0.000002    0.000069   -0.000172   -0.123036   -0.000172    0.000069   -0.000002    0.000051

    0.000004   -0.000000   -0.000002   -0.000002    0.000006   -0.000002   -0.000002   -0.000000
    0.000004   -0.000000    0.000004   -0.000002    0.000004   -0.000002    0.000004   -0.000000
    0.000004   -0.000000   -0.000002    0.000000    0.000006    0.000000   -0.000002   -0.000000
    0.000004   -0.000000    0.000004    0.000000    0.000048    0.000000    0.000004   -0.000000
    0.000004   -0.000000    0.000004   -0.000002    0.000004   -0.000002    0.000004   -0.000000
   -0.000012   -0.000000   -0.000010   -0.000002   -0.000009   -0.000002   -0.000010   -0.000000
    0.000004   -0.000000    0.000004    0.000000    0.000004    0.000000    0.000004   -0.000000
   -0.000010   -0.000000   -0.000012    0.000000   -0.000012    0.000000   -0.000012   -0.000000
    0.000004   -0.000000   -0.000002    0.000000    0.000006    0.000000   -0.000002   -0.000000
    0.000004   -0.000000    0.000004    0.000000    0.000004    0.000000    0.000004   -0.000000
    0.000004   -0.000002   -0.000002   -0.000172    0.000006   -0.000172   -0.000002   -0.000002
    0.000004   -0.000002    0.000004   -0.000172    0.000048   -0.000172    0.000004   -0.000002
    0.000004   -0.000000    0.000004    0.000000    0.000048    0.000000    0.000004   -0.000000
   -0.000010   -0.000000   -0.000012    0.000000   -0.000012    0.000000   -0.000012   -0.000000
    0.000004   -0.000002    0.000004   -0.000172    0.000048   -0.000172    0.000004   -0.000002
    0.000051   -0.000002    0.000069   -0.000172   -0.123036   -0.000172    0.000069   -0.000002

   -0.000002    0.000004   -0.000002   -0.000002   -0.000172    0.000006   -0.000172   -0.000002
   -0.000000    0.000004   -0.000000    0.000004    0.000000    0.000004    0.000000    0.000004
   -0.000000    0.000004   -0.000000   -0.000002    0.000000    0.000006    0.000000   -0.000002
   -0.000002    0.000004   -0.000002    0.000004   -0.000172    0.000048   -0.000172    0.000004
   -0.000000    0.000004   -0.000000    0.000004    0.000000    0.000004    0.000000    0.000004
   -0.000000   -0.000012   -0.000000   -0.000010   -0.000002   -0.000009   -0.000002   -0.000010
   -0.000000    0.000004   -0.000000    0.000004   -0.000002    0.000004   -0.000002    0.000004
   -0.000000   -0.000010   -0.000000   -0.000012    0.000000   -0.000012    0.000000   -0.000012
   -0.000000    0.000004   -0.000000   -0.000002    0.000000    0.000006    0.000000   -0.000002
   -0.000000    0.000004   -0.000000    0.000004   -0.000002    0.000004   -0.000002    0.000004
   -0.000000    0.000004   -0.000000   -0.000002   -0.000002    0.000006   -0.000002   -0.000002
   -0.000000    0.000004   -0.000000    0.000004    0.000000    0.000048    0.000000    0.000004
   -0.000002    0.000004   -0.000002    0.000004   -0.000172    0.000048   -0.000172    0.000004
   -0.000000   -0.000010   -0.000000   -0.000012    0.000000   -0.000012    0.000000   -0.000012
   -0.000000    0.000004   -0.000000    0.000004    0.000000    0.000048    0.000000    0.000004
   -0.000002    0.000051   -0.000002    0.000069   -0.000172   -0.123036   -0.000172    0.000069

   -0.000002   -0.000000    0.000004   -0.000000   -0.000002   -0.000002    0.000006   -0.000002
    0.000004   -0.000000    0.000004   -0.000000    0.000004   -0.000002    0.000004   -0.000002
   -0.000002   -0.000000    0.000004   -0.000000   -0.000002    0.000000    0.000006    0.000000
    0.000004   -0.000000    0.000004   -0.000000    0.000004    0.000000    0.000048    0.000000
    0.000004   -0.000000    0.000004   -0.000000    0.000004   -0.000002    0.000004   -0.000002
   -0.000010   -0.000000   -0.000012   -0.000000   -0.000010   -0.000002   -0.000009   -0.000002
    0.000004   -0.000000    0.000004   -0.000000    0.000004    0.000000    0.000004    0.000000
   -0.000012   -0.000000   -0.000010   -0.000000   -0.000012    0.000000   -0.000012    0.000000
   -0.000002   -0.000000    0.000004   -0.000000   -0.000002    0.000000    0.000006    0.000000
    0.000004   -0.000000    0.000004   -0.000000    0.000004    0.000000    0.000004    0.000000
   -0.000002   -0.000002    0.000004   -0.000002   -0.000002   -0.000172    0.000006   -0.000172
    0.000004   -0.000002    0.000004   -0.000002    0.000004   -0.000172    0.000048   -0.000172
    0.000004   -0.000000    0.000004   -0.000000    0.000004    0.000000    0.000048    0.000000
   -0.000012   -0.000000   -0.000010   -0.000000   -0.000012    0.000000   -0.000012    0.000000
    0.000004   -0.000002    0.000004   -0.000002    0.000004   -0.000172    0.000048   -0.000172
    0.000069   -0.000002    0.000051   -0.000002    0.000069   -0.000172   -0.123036   -0.000172

   -0.000172   -0.000002   -0.000002    0.000004   -0.000002   -0.000002   -0.000172    0.000006
    0.000000    0.000004   -0.000000    0.000004   -0.000000    0.000004    0.000000    0.000004
    0.000000   -0.000002   -0.000000    0.000004   -0.000000   -0.000002    0.000000    0.000006
   -0.000172    0.000004   -0.000002    0.000004   -0.000002    0.000004   -0.000172    0.000048
    0.000000    0.000004   -0.000000    0.000004   -0.000000    0.000004    0.000000    0.000004
   -0.000002   -0.000010   -0.000000   -0.000012   -0.000000   -0.000010   -0.000002   -0.000009
   -0.000002    0.000004   -0.000000    0.000004   -0.000000    0.000004   -0.000002    0.000004
    0.000000   -0.000012   -0.000000   -0.000010   -0.000000   -0.000012    0.000000   -0.000012
    0.000000   -0.000002   -0.000000    0.000004   -0.000000   -0.000002    0.000000    0.000006
   -0.000002    0.000004   -0.000000    0.000004   -0.000000    0.000004   -0.000002    0.000004
   -0.000002   -0.000002   -0.000000    0.000004   -0.000000   -0.000002   -0.000002    0.000006
    0.000000    0.000004   -0.000000    0.000004   -0.000000    0.000004    0.000000    0.000048
   -0.000172    0.000004   -0.000002    0.000004   -0.000002    0.000004   -0.000172    0.000048
    0.000000   -0.000012   -0.000000   -0.000010   -0.000000   -0.000012    0.000000   -0.000012
    0.000000    0.000004   -0.000000    0.000004   -0.000000    0.000004    0.000000    0.000048
   -0.000172    0.000069   -0.000002    0.000051   -0.000002    0.000069   -0.000172   -0.123036


        chi0^{-1} matrix :
   -2.453737   -0.010536   -0.024326   -0.001715   -0.004113   -0.001715   -0.024326   -0.010536
   -0.002092   -0.000119   -0.001704   -0.000168   -0.000414   -0.000168   -0.001704   -0.000119
   -0.000032   -0.000119   -0.000043   -0.000168   -0.000108   -0.000168   -0.000043   -0.000119
   -0.002092   -0.010536   -0.001704   -0.001715   -0.000414   -0.001715   -0.001704   -0.010536
   -0.002092   -0.000119   -0.001704   -0.000168   -0.000414   -0.000168   -0.001704   -0.000119
   -0.001312   -0.000164   -0.000691   -0.000059   -0.000286   -0.000059   -0.000691   -0.000164
   -0.000023   -0.000164   -0.000030   -0.000059   -0.000044   -0.000059   -0.000030   -0.000164
   -0.001312   -0.000119   -0.000691   -0.000168   -0.000286   -0.000168   -0.000691   -0.000119
   -0.000032   -0.000119   -0.000043   -0.000168   -0.000108   -0.000168   -0.000043   -0.000119
   -0.000023   -0.000164   -0.000030   -0.000059   -0.000044   -0.000059   -0.000030   -0.000164
   -0.000115   -0.000164   -0.000068   -0.000059   -0.000029   -0.000059   -0.000068   -0.000164
   -0.000023   -0.000119   -0.000030   -0.000168   -0.000044   -0.000168   -0.000030   -0.000119
   -0.002092   -0.010536   -0.001704   -0.001715   -0.000414   -0.001715   -0.001704   -0.010536
   -0.001312   -0.000119   -0.000691   -0.000168   -0.000286   -0.000168   -0.000691   -0.000119
   -0.000023   -0.000119   -0.000030   -0.000168   -0.000044   -0.000168   -0.000030   -0.000119
   -0.001312   -0.010536   -0.000691   -0.001715   -0.000286   -0.001715   -0.000691   -0.010536

   -0.010536   -2.453737   -0.010536   -0.024326   -0.001715   -0.004113   -0.001715   -0.024326
   -0.010536   -0.002092   -0.010536   -0.001704   -0.001715   -0.000414   -0.001715   -0.001704
   -0.000119   -0.000032   -0.000119   -0.000043   -0.000168   -0.000108   -0.000168   -0.000043
   -0.000119   -0.002092   -0.000119   -0.001704   -0.000168   -0.000414   -0.000168   -0.001704
   -0.010536   -0.002092   -0.010536   -0.001704   -0.001715   -0.000414   -0.001715   -0.001704
   -0.010536   -0.001312   -0.010536   -0.000691   -0.001715   -0.000286   -0.001715   -0.000691
   -0.000119   -0.000023   -0.000119   -0.000030   -0.000168   -0.000044   -0.000168   -0.000030
   -0.000119   -0.001312   -0.000119   -0.000691   -0.000168   -0.000286   -0.000168   -0.000691
   -0.000119   -0.000032   -0.000119   -0.000043   -0.000168   -0.000108   -0.000168   -0.000043
   -0.000119   -0.000023   -0.000119   -0.000030   -0.000168   -0.000044   -0.000168   -0.000030
   -0.000164   -0.000115   -0.000164   -0.000068   -0.000059   -0.000029   -0.000059   -0.000068
   -0.000164   -0.000023   -0.000164   -0.000030   -0.000059   -0.000044   -0.000059   -0.000030
   -0.000119   -0.002092   -0.000119   -0.001704   -0.000168   -0.000414   -0.000168   -0.001704
   -0.000119   -0.001312   -0.000119   -0.000691   -0.000168   -0.000286   -0.000168   -0.000691
   -0.000164   -0.000023   -0.000164   -0.000030   -0.000059   -0.000044   -0.000059   -0.000030
   -0.000164   -0.001312   -0.000164   -0.000691   -0.000059   -0.000286   -0.000059   -0.000691

   -0.024326   -0.010536   -2.453737   -0.010536   -0.024326   -0.001715   -0.004113   -0.001715
   -0.001704   -0.000119   -0.002092   -0.000119   -0.001704   -0.000168   -0.000414   -0.000168
   -0.000043   -0.000119   -0.000032   -0.000119   -0.000043   -0.000168   -0.000108   -0.000168
   -0.001704   -0.010536   -0.002092   -0.010536   -0.001704   -0.001715   -0.000414   -0.001715
   -0.001704   -0.000119   -0.002092   -0.000119   -0.001704   -0.000168   -0.000414   -0.000168
   -0.000691   -0.000164   -0.001312   -0.000164   -0.000691   -0.000059   -0.000286   -0.000059
   -0.000030   -0.000164   -0.000023   -0.000164   -0.000030   -0.000059   -0.000044   -0.000059
   -0.000691   -0.000119   -0.001312   -0.000119   -0.000691   -0.000168   -0.000286   -0.000168
   -0.000043   -0.000119   -0.000032   -0.000119   -0.000043   -0.000168   -0.000108   -0.000168
   -0.000030   -0.000164   -0.000023   -0.000164   -0.000030   -0.000059   -0.000044   -0.000059
   -0.000068   -0.000164   -0.000115   -0.000164   -0.000068   -0.000059   -0.000029   -0.000059
   -0.000030   -0.000119   -0.000023   -0.000119   -0.000030   -0.000168   -0.000044   -0.000168
   -0.001704   -0.010536   -0.002092   -0.010536   -0.001704   -0.001715   -0.000414   -0.001715
   -0.000691   -0.000119   -0.001312   -0.000119   -0.000691   -0.000168   -0.000286   -0.000168
   -0.000030   -0.000119   -0.000023   -0.000119   -0.000030   -0.000168   -0.000044   -0.000168
   -0.000691   -0.010536   -0.001312   -0.010536   -0.000691   -0.001715   -0.000286   -0.001715

   -0.001715   -0.024326   -0.010536   -2.453737   -0.010536   -0.024326   -0.001715   -0.004113
   -0.001715   -0.001704   -0.010536   -0.002092   -0.010536   -0.001704   -0.001715   -0.000414
   -0.000168   -0.000043   -0.000119   -0.000032   -0.000119   -0.000043   -0.000168   -0.000108
   -0.000168   -0.001704   -0.000119   -0.002092   -0.000119   -0.001704   -0.000168   -0.000414
   -0.001715   -0.001704   -0.010536   -0.002092   -0.010536   -0.001704   -0.001715   -0.000414
   -0.001715   -0.000691   -0.010536   -0.001312   -0.010536   -0.000691   -0.001715   -0.000286
   -0.000168   -0.000030   -0.000119   -0.000023   -0.000119   -0.000030   -0.000168   -0.000044
   -0.000168   -0.000691   -0.000119   -0.001312   -0.000119   -0.000691   -0.000168   -0.000286
   -0.000168   -0.000043   -0.000119   -0.000032   -0.000119   -0.000043   -0.000168   -0.000108
   -0.000168   -0.000030   -0.000119   -0.000023   -0.000119   -0.000030   -0.000168   -0.000044
   -0.000059   -0.000068   -0.000164   -0.000115   -0.000164   -0.000068   -0.000059   -0.000029
   -0.000059   -0.000030   -0.000164   -0.000023   -0.000164   -0.000030   -0.000059   -0.000044
   -0.000168   -0.001704   -0.000119   -0.002092   -0.000119   -0.001704   -0.000168   -0.000414
   -0.000168   -0.000691   -0.000119   -0.001312   -0.000119   -0.000691   -0.000168   -0.000286
   -0.000059   -0.000030   -0.000164   -0.000023   -0.000164   -0.000030   -0.000059   -0.000044
   -0.000059   -0.000691   -0.000164   -0.001312   -0.000164   -0.000691   -0.000059   -0.000286

   -0.004113   -0.001715   -0.024326   -0.010536   -2.453737   -0.010536   -0.024326   -0.001715
   -0.000414   -0.000168   -0.001704   -0.000119   -0.002092   -0.000119   -0.001704   -0.000168
   -0.000108   -0.000168   -0.000043   -0.000119   -0.000032   -0.000119   -0.000043   -0.000168
   -0.000414   -0.001715   -0.001704   -0.010536   -0.002092   -0.010536   -0.001704   -0.001715
   -0.000414   -0.000168   -0.001704   -0.000119   -0.002092   -0.000119   -0.001704   -0.000168
   -0.000286   -0.000059   -0.000691   -0.000164   -0.001312   -0.000164   -0.000691   -0.000059
   -0.000044   -0.000059   -0.000030   -0.000164   -0.000023   -0.000164   -0.000030   -0.000059
   -0.000286   -0.000168   -0.000691   -0.000119   -0.001312   -0.000119   -0.000691   -0.000168
   -0.000108   -0.000168   -0.000043   -0.000119   -0.000032   -0.000119   -0.000043   -0.000168
   -0.000044   -0.000059   -0.000030   -0.000164   -0.000023   -0.000164   -0.000030   -0.000059
   -0.000029   -0.000059   -0.000068   -0.000164   -0.000115   -0.000164   -0.000068   -0.000059
   -0.000044   -0.000168   -0.000030   -0.000119   -0.000023   -0.000119   -0.000030   -0.000168
   -0.000414   -0.001715   -0.001704   -0.010536   -0.002092   -0.010536   -0.001704   -0.001715
   -0.000286   -0.000168   -0.000691   -0.000119   -0.001312   -0.000119   -0.000691   -0.000168
   -0.000044   -0.000168   -0.000030   -0.000119   -0.000023   -0.000119   -0.000030   -0.000168
   -0.000286   -0.001715   -0.000691   -0.010536   -0.001312   -0.010536   -0.000691   -0.001715

   -0.001715   -0.004113   -0.001715   -0.024326   -0.010536   -2.453737   -0.010536   -0.024326
   -0.001715   -0.000414   -0.001715   -0.001704   -0.010536   -0.002092   -0.010536   -0.001704
   -0.000168   -0.000108   -0.000168   -0.000043   -0.000119   -0.000032   -0.000119   -0.000043
   -0.000168   -0.000414   -0.000168   -0.001704   -0.000119   -0.002092   -0.000119   -0.001704
   -0.001715   -0.000414   -0.001715   -0.001704   -0.010536   -0.002092   -0.010536   -0.001704
   -0.001715   -0.000286   -0.001715   -0.000691   -0.010536   -0.001312   -0.010536   -0.000691
   -0.000168   -0.000044   -0.000168   -0.000030   -0.000119   -0.000023   -0.000119   -0.000030
   -0.000168   -0.000286   -0.000168   -0.000691   -0.000119   -0.001312   -0.000119   -0.000691
   -0.000168   -0.000108   -0.000168   -0.000043   -0.000119   -0.000032   -0.000119   -0.000043
   -0.000168   -0.000044   -0.000168   -0.000030   -0.000119   -0.000023   -0.000119   -0.000030
   -0.000059   -0.000029   -0.000059   -0.000068   -0.000164   -0.000115   -0.000164   -0.000068
   -0.000059   -0.000044   -0.000059   -0.000030   -0.000164   -0.000023   -0.000164   -0.000030
   -0.000168   -0.000414   -0.000168   -0.001704   -0.000119   -0.002092   -0.000119   -0.001704
   -0.000168   -0.000286   -0.000168   -0.000691   -0.000119   -0.001312   -0.000119   -0.000691
   -0.000059   -0.000044   -0.000059   -0.000030   -0.000164   -0.000023   -0.000164   -0.000030
   -0.000059   -0.000286   -0.000059   -0.000691   -0.000164   -0.001312   -0.000164   -0.000691

   -0.024326   -0.001715   -0.004113   -0.001715   -0.024326   -0.010536   -2.453737   -0.010536
   -0.001704   -0.000168   -0.000414   -0.000168   -0.001704   -0.000119   -0.002092   -0.000119
   -0.000043   -0.000168   -0.000108   -0.000168   -0.000043   -0.000119   -0.000032   -0.000119
   -0.001704   -0.001715   -0.000414   -0.001715   -0.001704   -0.010536   -0.002092   -0.010536
   -0.001704   -0.000168   -0.000414   -0.000168   -0.001704   -0.000119   -0.002092   -0.000119
   -0.000691   -0.000059   -0.000286   -0.000059   -0.000691   -0.000164   -0.001312   -0.000164
   -0.000030   -0.000059   -0.000044   -0.000059   -0.000030   -0.000164   -0.000023   -0.000164
   -0.000691   -0.000168   -0.000286   -0.000168   -0.000691   -0.000119   -0.001312   -0.000119
   -0.000043   -0.000168   -0.000108   -0.000168   -0.000043   -0.000119   -0.000032   -0.000119
   -0.000030   -0.000059   -0.000044   -0.000059   -0.000030   -0.000164   -0.000023   -0.000164
   -0.000068   -0.000059   -0.000029   -0.000059   -0.000068   -0.000164   -0.000115   -0.000164
   -0.000030   -0.000168   -0.000044   -0.000168   -0.000030   -0.000119   -0.000023   -0.000119
   -0.001704   -0.001715   -0.000414   -0.001715   -0.001704   -0.010536   -0.002092   -0.010536
   -0.000691   -0.000168   -0.000286   -0.000168   -0.000691   -0.000119   -0.001312   -0.000119
   -0.000030   -0.000168   -0.000044   -0.000168   -0.000030   -0.000119   -0.000023   -0.000119
   -0.000691   -0.001715   -0.000286   -0.001715   -0.000691   -0.010536   -0.001312   -0.010536

   -0.010536   -0.024326   -0.001715   -0.004113   -0.001715   -0.024326   -0.010536   -2.453737
   -0.010536   -0.001704   -0.001715   -0.000414   -0.001715   -0.001704   -0.010536   -0.002092
   -0.000119   -0.000043   -0.000168   -0.000108   -0.000168   -0.000043   -0.000119   -0.000032
   -0.000119   -0.001704   -0.000168   -0.000414   -0.000168   -0.001704   -0.000119   -0.002092
   -0.010536   -0.001704   -0.001715   -0.000414   -0.001715   -0.001704   -0.010536   -0.002092
   -0.010536   -0.000691   -0.001715   -0.000286   -0.001715   -0.000691   -0.010536   -0.001312
   -0.000119   -0.000030   -0.000168   -0.000044   -0.000168   -0.000030   -0.000119   -0.000023
   -0.000119   -0.000691   -0.000168   -0.000286   -0.000168   -0.000691   -0.000119   -0.001312
   -0.000119   -0.000043   -0.000168   -0.000108   -0.000168   -0.000043   -0.000119   -0.000032
   -0.000119   -0.000030   -0.000168   -0.000044   -0.000168   -0.000030   -0.000119   -0.000023
   -0.000164   -0.000068   -0.000059   -0.000029   -0.000059   -0.000068   -0.000164   -0.000115
   -0.000164   -0.000030   -0.000059   -0.000044   -0.000059   -0.000030   -0.000164   -0.000023
   -0.000119   -0.001704   -0.000168   -0.000414   -0.000168   -0.001704   -0.000119   -0.002092
   -0.000119   -0.000691   -0.000168   -0.000286   -0.000168   -0.000691   -0.000119   -0.001312
   -0.000164   -0.000030   -0.000059   -0.000044   -0.000059   -0.000030   -0.000164   -0.000023
   -0.000164   -0.000691   -0.000059   -0.000286   -0.000059   -0.000691   -0.000164   -0.001312

   -0.002092   -0.010536   -0.001704   -0.001715   -0.000414   -0.001715   -0.001704   -0.010536
   -2.453737   -0.010536   -0.024326   -0.001715   -0.004113   -0.001715   -0.024326   -0.010536
   -0.002092   -0.000119   -0.001704   -0.000168   -0.000414   -0.000168   -0.001704   -0.000119
   -0.000032   -0.000119   -0.000043   -0.000168   -0.000108   -0.000168   -0.000043   -0.000119
   -0.001312   -0.000119   -0.000691   -0.000168   -0.000286   -0.000168   -0.000691   -0.000119
   -0.002092   -0.000119   -0.001704   -0.000168   -0.000414   -0.000168   -0.001704   -0.000119
   -0.001312   -0.000164   -0.000691   -0.000059   -0.000286   -0.000059   -0.000691   -0.000164
   -0.000023   -0.000164   -0.000030   -0.000059   -0.000044   -0.000059   -0.000030   -0.000164
   -0.000023   -0.000119   -0.000030   -0.000168   -0.000044   -0.000168   -0.000030   -0.000119
   -0.000032   -0.000119   -0.000043   -0.000168   -0.000108   -0.000168   -0.000043   -0.000119
   -0.000023   -0.000164   -0.000030   -0.000059   -0.000044   -0.000059   -0.000030   -0.000164
   -0.000115   -0.000164   -0.000068   -0.000059   -0.000029   -0.000059   -0.000068   -0.000164
   -0.001312   -0.010536   -0.000691   -0.001715   -0.000286   -0.001715   -0.000691   -0.010536
   -0.002092   -0.010536   -0.001704   -0.001715   -0.000414   -0.001715   -0.001704   -0.010536
   -0.001312   -0.000119   -0.000691   -0.000168   -0.000286   -0.000168   -0.000691   -0.000119
   -0.000023   -0.000119   -0.000030   -0.000168   -0.000044   -0.000168   -0.000030   -0.000119

   -0.000119   -0.002092   -0.000119   -0.001704   -0.000168   -0.000414   -0.000168   -0.001704
   -0.010536   -2.453737   -0.010536   -0.024326   -0.001715   -0.004113   -0.001715   -0.024326
   -0.010536   -0.002092   -0.010536   -0.001704   -0.001715   -0.000414   -0.001715   -0.001704
   -0.000119   -0.000032   -0.000119   -0.000043   -0.000168   -0.000108   -0.000168   -0.000043
   -0.000119   -0.001312   -0.000119   -0.000691   -0.000168   -0.000286   -0.000168   -0.000691
   -0.010536   -0.002092   -0.010536   -0.001704   -0.001715   -0.000414   -0.001715   -0.001704
   -0.010536   -0.001312   -0.010536   -0.000691   -0.001715   -0.000286   -0.001715   -0.000691
   -0.000119   -0.000023   -0.000119   -0.000030   -0.000168   -0.000044   -0.000168   -0.000030
   -0.000164   -0.000023   -0.000164   -0.000030   -0.000059   -0.000044   -0.000059   -0.000030
   -0.000119   -0.000032   -0.000119   -0.000043   -0.000168   -0.000108   -0.000168   -0.000043
   -0.000119   -0.000023   -0.000119   -0.000030   -0.000168   -0.000044   -0.000168   -0.000030
   -0.000164   -0.000115   -0.000164   -0.000068   -0.000059   -0.000029   -0.000059   -0.000068
   -0.000164   -0.001312   -0.000164   -0.000691   -0.000059   -0.000286   -0.000059   -0.000691
   -0.000119   -0.002092   -0.000119   -0.001704   -0.000168   -0.000414   -0.000168   -0.001704
   -0.000119   -0.001312   -0.000119   -0.000691   -0.000168   -0.000286   -0.000168   -0.000691
   -0.000164   -0.000023   -0.000164   -0.000030   -0.000059   -0.000044   -0.000059   -0.000030

   -0.001704   -0.010536   -0.002092   -0.010536   -0.001704   -0.001715   -0.000414   -0.001715
   -0.024326   -0.010536   -2.453737   -0.010536   -0.024326   -0.001715   -0.004113   -0.001715
   -0.001704   -0.000119   -0.002092   -0.000119   -0.001704   -0.000168   -0.000414   -0.000168
   -0.000043   -0.000119   -0.000032   -0.000119   -0.000043   -0.000168   -0.000108   -0.000168
   -0.000691   -0.000119   -0.001312   -0.000119   -0.000691   -0.000168   -0.000286   -0.000168
   -0.001704   -0.000119   -0.002092   -0.000119   -0.001704   -0.000168   -0.000414   -0.000168
   -0.000691   -0.000164   -0.001312   -0.000164   -0.000691   -0.000059   -0.000286   -0.000059
   -0.000030   -0.000164   -0.000023   -0.000164   -0.000030   -0.000059   -0.000044   -0.000059
   -0.000030   -0.000119   -0.000023   -0.000119   -0.000030   -0.000168   -0.000044   -0.000168
   -0.000043   -0.000119   -0.000032   -0.000119   -0.000043   -0.000168   -0.000108   -0.000168
   -0.000030   -0.000164   -0.000023   -0.000164   -0.000030   -0.000059   -0.000044   -0.000059
   -0.000068   -0.000164   -0.000115   -0.000164   -0.000068   -0.000059   -0.000029   -0.000059
   -0.000691   -0.010536   -0.001312   -0.010536   -0.000691   -0.001715   -0.000286   -0.001715
   -0.001704   -0.010536   -0.002092   -0.010536   -0.001704   -0.001715   -0.000414   -0.001715
   -0.000691   -0.000119   -0.001312   -0.000119   -0.000691   -0.000168   -0.000286   -0.000168
   -0.000030   -0.000119   -0.000023   -0.000119   -0.000030   -0.000168   -0.000044   -0.000168

   -0.000168   -0.001704   -0.000119   -0.002092   -0.000119   -0.001704   -0.000168   -0.000414
   -0.001715   -0.024326   -0.010536   -2.453737   -0.010536   -0.024326   -0.001715   -0.004113
   -0.001715   -0.001704   -0.010536   -0.002092   -0.010536   -0.001704   -0.001715   -0.000414
   -0.000168   -0.000043   -0.000119   -0.000032   -0.000119   -0.000043   -0.000168   -0.000108
   -0.000168   -0.000691   -0.000119   -0.001312   -0.000119   -0.000691   -0.000168   -0.000286
   -0.001715   -0.001704   -0.010536   -0.002092   -0.010536   -0.001704   -0.001715   -0.000414
   -0.001715   -0.000691   -0.010536   -0.001312   -0.010536   -0.000691   -0.001715   -0.000286
   -0.000168   -0.000030   -0.000119   -0.000023   -0.000119   -0.000030   -0.000168   -0.000044
   -0.000059   -0.000030   -0.000164   -0.000023   -0.000164   -0.000030   -0.000059   -0.000044
   -0.000168   -0.000043   -0.000119   -0.000032   -0.000119   -0.000043   -0.000168   -0.000108
   -0.000168   -0.000030   -0.000119   -0.000023   -0.000119   -0.000030   -0.000168   -0.000044
   -0.000059   -0.000068   -0.000164   -0.000115   -0.000164   -0.000068   -0.000059   -0.000029
   -0.000059   -0.000691   -0.000164   -0.001312   -0.000164   -0.000691   -0.000059   -0.000286
   -0.000168   -0.001704   -0.000119   -0.002092   -0.000119   -0.001704   -0.000168   -0.000414
   -0.000168   -0.000691   -0.000119   -0.001312   -0.000119   -0.000691   -0.000168   -0.000286
   -0.000059   -0.000030   -0.000164   -0.000023   -0.000164   -0.000030   -0.000059   -0.000044

   -0.000414   -0.001715   -0.001704   -0.010536   -0.002092   -0.010536   -0.001704   -0.001715
   -0.004113   -0.001715   -0.024326   -0.010536   -2.453737   -0.010536   -0.024326   -0.001715
   -0.000414   -0.000168   -0.001704   -0.000119   -0.002092   -0.000119   -0.001704   -0.000168
   -0.000108   -0.000168   -0.000043   -0.000119   -0.000032   -0.000119   -0.000043   -0.000168
   -0.000286   -0.000168   -0.000691   -0.000119   -0.001312   -0.000119   -0.000691   -0.000168
   -0.000414   -0.000168   -0.001704   -0.000119   -0.002092   -0.000119   -0.001704   -0.000168
   -0.000286   -0.000059   -0.000691   -0.000164   -0.001312   -0.000164   -0.000691   -0.000059
   -0.000044   -0.000059   -0.000030   -0.000164   -0.000023   -0.000164   -0.000030   -0.000059
   -0.000044   -0.000168   -0.000030   -0.000119   -0.000023   -0.000119   -0.000030   -0.000168
   -0.000108   -0.000168   -0.000043   -0.000119   -0.000032   -0.000119   -0.000043   -0.000168
   -0.000044   -0.000059   -0.000030   -0.000164   -0.000023   -0.000164   -0.000030   -0.000059
   -0.000029   -0.000059   -0.000068   -0.000164   -0.000115   -0.000164   -0.000068   -0.000059
   -0.000286   -0.001715   -0.000691   -0.010536   -0.001312   -0.010536   -0.000691   -0.001715
   -0.000414   -0.001715   -0.001704   -0.010536   -0.002092   -0.010536   -0.001704   -0.001715
   -0.000286   -0.000168   -0.000691   -0.000119   -0.001312   -0.000119   -0.000691   -0.000168
   -0.000044   -0.000168   -0.000030   -0.000119   -0.000023   -0.000119   -0.000030   -0.000168

   -0.000168   -0.000414   -0.000168   -0.001704   -0.000119   -0.002092   -0.000119   -0.001704
   -0.001715   -0.004113   -0.001715   -0.024326   -0.010536   -2.453737   -0.010536   -0.024326
   -0.001715   -0.000414   -0.001715   -0.001704   -0.010536   -0.002092   -0.010536   -0.001704
   -0.000168   -0.000108   -0.000168   -0.000043   -0.000119   -0.000032   -0.000119   -0.000043
   -0.000168   -0.000286   -0.000168   -0.000691   -0.000119   -0.001312   -0.000119   -0.000691
   -0.001715   -0.000414   -0.001715   -0.001704   -0.010536   -0.002092   -0.010536   -0.001704
   -0.001715   -0.000286   -0.001715   -0.000691   -0.010536   -0.001312   -0.010536   -0.000691
   -0.000168   -0.000044   -0.000168   -0.000030   -0.000119   -0.000023   -0.000119   -0.000030
   -0.000059   -0.000044   -0.000059   -0.000030   -0.000164   -0.000023   -0.000164   -0.000030
   -0.000168   -0.000108   -0.000168   -0.000043   -0.000119   -0.000032   -0.000119   -0.000043
   -0.000168   -0.000044   -0.000168   -0.000030   -0.000119   -0.000023   -0.000119   -0.000030
   -0.000059   -0.000029   -0.000059   -0.000068   -0.000164   -0.000115   -0.000164   -0.000068
   -0.000059   -0.000286   -0.000059   -0.000691   -0.000164   -0.001312   -0.000164   -0.000691
   -0.000168   -0.000414   -0.000168   -0.001704   -0.000119   -0.002092   -0.000119   -0.001704
   -0.000168   -0.000286   -0.000168   -0.000691   -0.000119   -0.001312   -0.000119   -0.000691
   -0.000059   -0.000044   -0.000059   -0.000030   -0.000164   -0.000023   -0.000164   -0.000030

   -0.001704   -0.001715   -0.000414   -0.001715   -0.001704   -0.010536   -0.002092   -0.010536
   -0.024326   -0.001715   -0.004113   -0.001715   -0.024326   -0.010536   -2.453737   -0.010536
   -0.001704   -0.000168   -0.000414   -0.000168   -0.001704   -0.000119   -0.002092   -0.000119
   -0.000043   -0.000168   -0.000108   -0.000168   -0.000043   -0.000119   -0.000032   -0.000119
   -0.000691   -0.000168   -0.000286   -0.000168   -0.000691   -0.000119   -0.001312   -0.000119
   -0.001704   -0.000168   -0.000414   -0.000168   -0.001704   -0.000119   -0.002092   -0.000119
   -0.000691   -0.000059   -0.000286   -0.000059   -0.000691   -0.000164   -0.001312   -0.000164
   -0.000030   -0.000059   -0.000044   -0.000059   -0.000030   -0.000164   -0.000023   -0.000164
   -0.000030   -0.000168   -0.000044   -0.000168   -0.000030   -0.000119   -0.000023   -0.000119
   -0.000043   -0.000168   -0.000108   -0.000168   -0.000043   -0.000119   -0.000032   -0.000119
   -0.000030   -0.000059   -0.000044   -0.000059   -0.000030   -0.000164   -0.000023   -0.000164
   -0.000068   -0.000059   -0.000029   -0.000059   -0.000068   -0.000164   -0.000115   -0.000164
   -0.000691   -0.001715   -0.000286   -0.001715   -0.000691   -0.010536   -0.001312   -0.010536
   -0.001704   -0.001715   -0.000414   -0.001715   -0.001704   -0.010536   -0.002092   -0.010536
   -0.000691   -0.000168   -0.000286   -0.000168   -0.000691   -0.000119   -0.001312   -0.000119
   -0.000030   -0.000168   -0.000044   -0.000168   -0.000030   -0.000119   -0.000023   -0.000119

   -0.000119   -0.001704   -0.000168   -0.000414   -0.000168   -0.001704   -0.000119   -0.002092
   -0.010536   -0.024326   -0.001715   -0.004113   -0.001715   -0.024326   -0.010536   -2.453737
   -0.010536   -0.001704   -0.001715   -0.000414   -0.001715   -0.001704   -0.010536   -0.002092
   -0.000119   -0.000043   -0.000168   -0.000108   -0.000168   -0.000043   -0.000119   -0.000032
   -0.000119   -0.000691   -0.000168   -0.000286   -0.000168   -0.000691   -0.000119   -0.001312
   -0.010536   -0.001704   -0.001715   -0.000414   -0.001715   -0.001704   -0.010536   -0.002092
   -0.010536   -0.000691   -0.001715   -0.000286   -0.001715   -0.000691   -0.010536   -0.001312
   -0.000119   -0.000030   -0.000168   -0.000044   -0.000168   -0.000030   -0.000119   -0.000023
   -0.000164   -0.000030   -0.000059   -0.000044   -0.000059   -0.000030   -0.000164   -0.000023
   -0.000119   -0.000043   -0.000168   -0.000108   -0.000168   -0.000043   -0.000119   -0.000032
   -0.000119   -0.000030   -0.000168   -0.000044   -0.000168   -0.000030   -0.000119   -0.000023
   -0.000164   -0.000068   -0.000059   -0.000029   -0.000059   -0.000068   -0.000164   -0.000115
   -0.000164   -0.000691   -0.000059   -0.000286   -0.000059   -0.000691   -0.000164   -0.001312
   -0.000119   -0.001704   -0.000168   -0.000414   -0.000168   -0.001704   -0.000119   -0.002092
   -0.000119   -0.000691   -0.000168   -0.000286   -0.000168   -0.000691   -0.000119   -0.001312
   -0.000164   -0.000030   -0.000059   -0.000044   -0.000059   -0.000030   -0.000164   -0.000023

   -0.000032   -0.000119   -0.000043   -0.000168   -0.000108   -0.000168   -0.000043   -0.000119
   -0.002092   -0.010536   -0.001704   -0.001715   -0.000414   -0.001715   -0.001704   -0.010536
   -2.453737   -0.010536   -0.024326   -0.001715   -0.004113   -0.001715   -0.024326   -0.010536
   -0.002092   -0.000119   -0.001704   -0.000168   -0.000414   -0.000168   -0.001704   -0.000119
   -0.000023   -0.000164   -0.000030   -0.000059   -0.000044   -0.000059   -0.000030   -0.000164
   -0.001312   -0.000119   -0.000691   -0.000168   -0.000286   -0.000168   -0.000691   -0.000119
   -0.002092   -0.000119   -0.001704   -0.000168   -0.000414   -0.000168   -0.001704   -0.000119
   -0.001312   -0.000164   -0.000691   -0.000059   -0.000286   -0.000059   -0.000691   -0.000164
   -0.000115   -0.000164   -0.000068   -0.000059   -0.000029   -0.000059   -0.000068   -0.000164
   -0.000023   -0.000119   -0.000030   -0.000168   -0.000044   -0.000168   -0.000030   -0.000119
   -0.000032   -0.000119   -0.000043   -0.000168   -0.000108   -0.000168   -0.000043   -0.000119
   -0.000023   -0.000164   -0.000030   -0.000059   -0.000044   -0.000059   -0.000030   -0.000164
   -0.000023   -0.000119   -0.000030   -0.000168   -0.000044   -0.000168   -0.000030   -0.000119
   -0.001312   -0.010536   -0.000691   -0.001715   -0.000286   -0.001715   -0.000691   -0.010536
   -0.002092   -0.010536   -0.001704   -0.001715   -0.000414   -0.001715   -0.001704   -0.010536
   -0.001312   -0.000119   -0.000691   -0.000168   -0.000286   -0.000168   -0.000691   -0.000119

   -0.000119   -0.000032   -0.000119   -0.000043   -0.000168   -0.000108   -0.000168   -0.000043
   -0.000119   -0.002092   -0.000119   -0.001704   -0.000168   -0.000414   -0.000168   -0.001704
   -0.010536   -2.453737   -0.010536   -0.024326   -0.001715   -0.004113   -0.001715   -0.024326
   -0.010536   -0.002092   -0.010536   -0.001704   -0.001715   -0.000414   -0.001715   -0.001704
   -0.000119   -0.000023   -0.000119   -0.000030   -0.000168   -0.000044   -0.000168   -0.000030
   -0.000119   -0.001312   -0.000119   -0.000691   -0.000168   -0.000286   -0.000168   -0.000691
   -0.010536   -0.002092   -0.010536   -0.001704   -0.001715   -0.000414   -0.001715   -0.001704
   -0.010536   -0.001312   -0.010536   -0.000691   -0.001715   -0.000286   -0.001715   -0.000691
   -0.000164   -0.000115   -0.000164   -0.000068   -0.000059   -0.000029   -0.000059   -0.000068
   -0.000164   -0.000023   -0.000164   -0.000030   -0.000059   -0.000044   -0.000059   -0.000030
   -0.000119   -0.000032   -0.000119   -0.000043   -0.000168   -0.000108   -0.000168   -0.000043
   -0.000119   -0.000023   -0.000119   -0.000030   -0.000168   -0.000044   -0.000168   -0.000030
   -0.000164   -0.000023   -0.000164   -0.000030   -0.000059   -0.000044   -0.000059   -0.000030
   -0.000164   -0.001312   -0.000164   -0.000691   -0.000059   -0.000286   -0.000059   -0.000691
   -0.000119   -0.002092   -0.000119   -0.001704   -0.000168   -0.000414   -0.000168   -0.001704
   -0.000119   -0.001312   -0.000119   -0.000691   -0.000168   -0.000286   -0.000168   -0.000691

   -0.000043   -0.000119   -0.000032   -0.000119   -0.000043   -0.000168   -0.000108   -0.000168
   -0.001704   -0.010536   -0.002092   -0.010536   -0.001704   -0.001715   -0.000414   -0.001715
   -0.024326   -0.010536   -2.453737   -0.010536   -0.024326   -0.001715   -0.004113   -0.001715
   -0.001704   -0.000119   -0.002092   -0.000119   -0.001704   -0.000168   -0.000414   -0.000168
   -0.000030   -0.000164   -0.000023   -0.000164   -0.000030   -0.000059   -0.000044   -0.000059
   -0.000691   -0.000119   -0.001312   -0.000119   -0.000691   -0.000168   -0.000286   -0.000168
   -0.001704   -0.000119   -0.002092   -0.000119   -0.001704   -0.000168   -0.000414   -0.000168
   -0.000691   -0.000164   -0.001312   -0.000164   -0.000691   -0.000059   -0.000286   -0.000059
   -0.000068   -0.000164   -0.000115   -0.000164   -0.000068   -0.000059   -0.000029   -0.000059
   -0.000030   -0.000119   -0.000023   -0.000119   -0.000030   -0.000168   -0.000044   -0.000168
   -0.000043   -0.000119   -0.000032   -0.000119   -0.000043   -0.000168   -0.000108   -0.000168
   -0.000030   -0.000164   -0.000023   -0.000164   -0.000030   -0.000059   -0.000044   -0.000059
   -0.000030   -0.000119   -0.000023   -0.000119   -0.000030   -0.000168   -0.000044   -0.000168
   -0.000691   -0.010536   -0.001312   -0.010536   -0.000691   -0.001715   -0.000286   -0.001715
   -0.001704   -0.010536   -0.002092   -0.010536   -0.001704   -0.001715   -0.000414   -0.001715
   -0.000691   -0.000119   -0.001312   -0.000119   -0.000691   -0.000168   -0.000286   -0.000168

   -0.000168   -0.000043   -0.000119   -0.000032   -0.000119   -0.000043   -0.000168   -0.000108
   -0.000168   -0.001704   -0.000119   -0.002092   -0.000119   -0.001704   -0.000168   -0.000414
   -0.001715   -0.024326   -0.010536   -2.453737   -0.010536   -0.024326   -0.001715   -0.004113
   -0.001715   -0.001704   -0.010536   -0.002092   -0.010536   -0.001704   -0.001715   -0.000414
   -0.000168   -0.000030   -0.000119   -0.000023   -0.000119   -0.000030   -0.000168   -0.000044
   -0.000168   -0.000691   -0.000119   -0.001312   -0.000119   -0.000691   -0.000168   -0.000286
   -0.001715   -0.001704   -0.010536   -0.002092   -0.010536   -0.001704   -0.001715   -0.000414
   -0.001715   -0.000691   -0.010536   -0.001312   -0.010536   -0.000691   -0.001715   -0.000286
   -0.000059   -0.000068   -0.000164   -0.000115   -0.000164   -0.000068   -0.000059   -0.000029
   -0.000059   -0.000030   -0.000164   -0.000023   -0.000164   -0.000030   -0.000059   -0.000044
   -0.000168   -0.000043   -0.000119   -0.000032   -0.000119   -0.000043   -0.000168   -0.000108
   -0.000168   -0.000030   -0.000119   -0.000023   -0.000119   -0.000030   -0.000168   -0.000044
   -0.000059   -0.000030   -0.000164   -0.000023   -0.000164   -0.000030   -0.000059   -0.000044
   -0.000059   -0.000691   -0.000164   -0.001312   -0.000164   -0.000691   -0.000059   -0.000286
   -0.000168   -0.001704   -0.000119   -0.002092   -0.000119   -0.001704   -0.000168   -0.000414
   -0.000168   -0.000691   -0.000119   -0.001312   -0.000119   -0.000691   -0.000168   -0.000286

   -0.000108   -0.000168   -0.000043   -0.000119   -0.000032   -0.000119   -0.000043   -0.000168
   -0.000414   -0.001715   -0.001704   -0.010536   -0.002092   -0.010536   -0.001704   -0.001715
   -0.004113   -0.001715   -0.024326   -0.010536   -2.453737   -0.010536   -0.024326   -0.001715
   -0.000414   -0.000168   -0.001704   -0.000119   -0.002092   -0.000119   -0.001704   -0.000168
   -0.000044   -0.000059   -0.000030   -0.000164   -0.000023   -0.000164   -0.000030   -0.000059
   -0.000286   -0.000168   -0.000691   -0.000119   -0.001312   -0.000119   -0.000691   -0.000168
   -0.000414   -0.000168   -0.001704   -0.000119   -0.002092   -0.000119   -0.001704   -0.000168
   -0.000286   -0.000059   -0.000691   -0.000164   -0.001312   -0.000164   -0.000691   -0.000059
   -0.000029   -0.000059   -0.000068   -0.000164   -0.000115   -0.000164   -0.000068   -0.000059
   -0.000044   -0.000168   -0.000030   -0.000119   -0.000023   -0.000119   -0.000030   -0.000168
   -0.000108   -0.000168   -0.000043   -0.000119   -0.000032   -0.000119   -0.000043   -0.000168
   -0.000044   -0.000059   -0.000030   -0.000164   -0.000023   -0.000164   -0.000030   -0.000059
   -0.000044   -0.000168   -0.000030   -0.000119   -0.000023   -0.000119   -0.000030   -0.000168
   -0.000286   -0.001715   -0.000691   -0.010536   -0.001312   -0.010536   -0.000691   -0.001715
   -0.000414   -0.001715   -0.001704   -0.010536   -0.002092   -0.010536   -0.001704   -0.001715
   -0.000286   -0.000168   -0.000691   -0.000119   -0.001312   -0.000119   -0.000691   -0.000168

   -0.000168   -0.000108   -0.000168   -0.000043   -0.000119   -0.000032   -0.000119   -0.000043
   -0.000168   -0.000414   -0.000168   -0.001704   -0.000119   -0.002092   -0.000119   -0.001704
   -0.001715   -0.004113   -0.001715   -0.024326   -0.010536   -2.453737   -0.010536   -0.024326
   -0.001715   -0.000414   -0.001715   -0.001704   -0.010536   -0.002092   -0.010536   -0.001704
   -0.000168   -0.000044   -0.000168   -0.000030   -0.000119   -0.000023   -0.000119   -0.000030
   -0.000168   -0.000286   -0.000168   -0.000691   -0.000119   -0.001312   -0.000119   -0.000691
   -0.001715   -0.000414   -0.001715   -0.001704   -0.010536   -0.002092   -0.010536   -0.001704
   -0.001715   -0.000286   -0.001715   -0.000691   -0.010536   -0.001312   -0.010536   -0.000691
   -0.000059   -0.000029   -0.000059   -0.000068   -0.000164   -0.000115   -0.000164   -0.000068
   -0.000059   -0.000044   -0.000059   -0.000030   -0.000164   -0.000023   -0.000164   -0.000030
   -0.000168   -0.000108   -0.000168   -0.000043   -0.000119   -0.000032   -0.000119   -0.000043
   -0.000168   -0.000044   -0.000168   -0.000030   -0.000119   -0.000023   -0.000119   -0.000030
   -0.000059   -0.000044   -0.000059   -0.000030   -0.000164   -0.000023   -0.000164   -0.000030
   -0.000059   -0.000286   -0.000059   -0.000691   -0.000164   -0.001312   -0.000164   -0.000691
   -0.000168   -0.000414   -0.000168   -0.001704   -0.000119   -0.002092   -0.000119   -0.001704
   -0.000168   -0.000286   -0.000168   -0.000691   -0.000119   -0.001312   -0.000119   -0.000691

   -0.000043   -0.000168   -0.000108   -0.000168   -0.000043   -0.000119   -0.000032   -0.000119
   -0.001704   -0.001715   -0.000414   -0.001715   -0.001704   -0.010536   -0.002092   -0.010536
   -0.024326   -0.001715   -0.004113   -0.001715   -0.024326   -0.010536   -2.453737   -0.010536
   -0.001704   -0.000168   -0.000414   -0.000168   -0.001704   -0.000119   -0.002092   -0.000119
   -0.000030   -0.000059   -0.000044   -0.000059   -0.000030   -0.000164   -0.000023   -0.000164
   -0.000691   -0.000168   -0.000286   -0.000168   -0.000691   -0.000119   -0.001312   -0.000119
   -0.001704   -0.000168   -0.000414   -0.000168   -0.001704   -0.000119   -0.002092   -0.000119
   -0.000691   -0.000059   -0.000286   -0.000059   -0.000691   -0.000164   -0.001312   -0.000164
   -0.000068   -0.000059   -0.000029   -0.000059   -0.000068   -0.000164   -0.000115   -0.000164
   -0.000030   -0.000168   -0.000044   -0.000168   -0.000030   -0.000119   -0.000023   -0.000119
   -0.000043   -0.000168   -0.000108   -0.000168   -0.000043   -0.000119   -0.000032   -0.000119
   -0.000030   -0.000059   -0.000044   -0.000059   -0.000030   -0.000164   -0.000023   -0.000164
   -0.000030   -0.000168   -0.000044   -0.000168   -0.000030   -0.000119   -0.000023   -0.000119
   -0.000691   -0.001715   -0.000286   -0.001715   -0.000691   -0.010536   -0.001312   -0.010536
   -0.001704   -0.001715   -0.000414   -0.001715   -0.001704   -0.010536   -0.002092   -0.010536
   -0.000691   -0.000168   -0.000286   -0.000168   -0.000691   -0.000119   -0.001312   -0.000119

   -0.000119   -0.000043   -0.000168   -0.000108   -0.000168   -0.000043   -0.000119   -0.000032
   -0.000119   -0.001704   -0.000168   -0.000414   -0.000168   -0.001704   -0.000119   -0.002092
   -0.010536   -0.024326   -0.001715   -0.004113   -0.001715   -0.024326   -0.010536   -2.453737
   -0.010536   -0.001704   -0.001715   -0.000414   -0.001715   -0.001704   -0.010536   -0.002092
   -0.000119   -0.000030   -0.000168   -0.000044   -0.000168   -0.000030   -0.000119   -0.000023
   -0.000119   -0.000691   -0.000168   -0.000286   -0.000168   -0.000691   -0.000119   -0.001312
   -0.010536   -0.001704   -0.001715   -0.000414   -0.001715   -0.001704   -0.010536   -0.002092
   -0.010536   -0.000691   -0.001715   -0.000286   -0.001715   -0.000691   -0.010536   -0.001312
   -0.000164   -0.000068   -0.000059   -0.000029   -0.000059   -0.000068   -0.000164   -0.000115
   -0.000164   -0.000030   -0.000059   -0.000044   -0.000059   -0.000030   -0.000164   -0.000023
   -0.000119   -0.000043   -0.000168   -0.000108   -0.000168   -0.000043   -0.000119   -0.000032
   -0.000119   -0.000030   -0.000168   -0.000044   -0.000168   -0.000030   -0.000119   -0.000023
   -0.000164   -0.000030   -0.000059   -0.000044   -0.000059   -0.000030   -0.000164   -0.000023
   -0.000164   -0.000691   -0.000059   -0.000286   -0.000059   -0.000691   -0.000164   -0.001312
   -0.000119   -0.001704   -0.000168   -0.000414   -0.000168   -0.001704   -0.000119   -0.002092
   -0.000119   -0.000691   -0.000168   -0.000286   -0.000168   -0.000691   -0.000119   -0.001312

   -0.002092   -0.000119   -0.001704   -0.000168   -0.000414   -0.000168   -0.001704   -0.000119
   -0.000032   -0.000119   -0.000043   -0.000168   -0.000108   -0.000168   -0.000043   -0.000119
   -0.002092   -0.010536   -0.001704   -0.001715   -0.000414   -0.001715   -0.001704   -0.010536
   -2.453737   -0.010536   -0.024326   -0.001715   -0.004113   -0.001715   -0.024326   -0.010536
   -0.001312   -0.000164   -0.000691   -0.000059   -0.000286   -0.000059   -0.000691   -0.000164
   -0.000023   -0.000164   -0.000030   -0.000059   -0.000044   -0.000059   -0.000030   -0.000164
   -0.001312   -0.000119   -0.000691   -0.000168   -0.000286   -0.000168   -0.000691   -0.000119
   -0.002092   -0.000119   -0.001704   -0.000168   -0.000414   -0.000168   -0.001704   -0.000119
   -0.000023   -0.000164   -0.000030   -0.000059   -0.000044   -0.000059   -0.000030   -0.000164
   -0.000115   -0.000164   -0.000068   -0.000059   -0.000029   -0.000059   -0.000068   -0.000164
   -0.000023   -0.000119   -0.000030   -0.000168   -0.000044   -0.000168   -0.000030   -0.000119
   -0.000032   -0.000119   -0.000043   -0.000168   -0.000108   -0.000168   -0.000043   -0.000119
   -0.001312   -0.000119   -0.000691   -0.000168   -0.000286   -0.000168   -0.000691   -0.000119
   -0.000023   -0.000119   -0.000030   -0.000168   -0.000044   -0.000168   -0.000030   -0.000119
   -0.001312   -0.010536   -0.000691   -0.001715   -0.000286   -0.001715   -0.000691   -0.010536
   -0.002092   -0.010536   -0.001704   -0.001715   -0.000414   -0.001715   -0.001704   -0.010536

   -0.010536   -0.002092   -0.010536   -0.001704   -0.001715   -0.000414   -0.001715   -0.001704
   -0.000119   -0.000032   -0.000119   -0.000043   -0.000168   -0.000108   -0.000168   -0.000043
   -0.000119   -0.002092   -0.000119   -0.001704   -0.000168   -0.000414   -0.000168   -0.001704
   -0.010536   -2.453737   -0.010536   -0.024326   -0.001715   -0.004113   -0.001715   -0.024326
   -0.010536   -0.001312   -0.010536   -0.000691   -0.001715   -0.000286   -0.001715   -0.000691
   -0.000119   -0.000023   -0.000119   -0.000030   -0.000168   -0.000044   -0.000168   -0.000030
   -0.000119   -0.001312   -0.000119   -0.000691   -0.000168   -0.000286   -0.000168   -0.000691
   -0.010536   -0.002092   -0.010536   -0.001704   -0.001715   -0.000414   -0.001715   -0.001704
   -0.000119   -0.000023   -0.000119   -0.000030   -0.000168   -0.000044   -0.000168   -0.000030
   -0.000164   -0.000115   -0.000164   -0.000068   -0.000059   -0.000029   -0.000059   -0.000068
   -0.000164   -0.000023   -0.000164   -0.000030   -0.000059   -0.000044   -0.000059   -0.000030
   -0.000119   -0.000032   -0.000119   -0.000043   -0.000168   -0.000108   -0.000168   -0.000043
   -0.000119   -0.001312   -0.000119   -0.000691   -0.000168   -0.000286   -0.000168   -0.000691
   -0.000164   -0.000023   -0.000164   -0.000030   -0.000059   -0.000044   -0.000059   -0.000030
   -0.000164   -0.001312   -0.000164   -0.000691   -0.000059   -0.000286   -0.000059   -0.000691
   -0.000119   -0.002092   -0.000119   -0.001704   -0.000168   -0.000414   -0.000168   -0.001704

   -0.001704   -0.000119   -0.002092   -0.000119   -0.001704   -0.000168   -0.000414   -0.000168
   -0.000043   -0.000119   -0.000032   -0.000119   -0.000043   -0.000168   -0.000108   -0.000168
   -0.001704   -0.010536   -0.002092   -0.010536   -0.001704   -0.001715   -0.000414   -0.001715
   -0.024326   -0.010536   -2.453737   -0.010536   -0.024326   -0.001715   -0.004113   -0.001715
   -0.000691   -0.000164   -0.001312   -0.000164   -0.000691   -0.000059   -0.000286   -0.000059
   -0.000030   -0.000164   -0.000023   -0.000164   -0.000030   -0.000059   -0.000044   -0.000059
   -0.000691   -0.000119   -0.001312   -0.000119   -0.000691   -0.000168   -0.000286   -0.000168
   -0.001704   -0.000119   -0.002092   -0.000119   -0.001704   -0.000168   -0.000414   -0.000168
   -0.000030   -0.000164   -0.000023   -0.000164   -0.000030   -0.000059   -0.000044   -0.000059
   -0.000068   -0.000164   -0.000115   -0.000164   -0.000068   -0.000059   -0.000029   -0.000059
   -0.000030   -0.000119   -0.000023   -0.000119   -0.000030   -0.000168   -0.000044   -0.000168
   -0.000043   -0.000119   -0.000032   -0.000119   -0.000043   -0.000168   -0.000108   -0.000168
   -0.000691   -0.000119   -0.001312   -0.000119   -0.000691   -0.000168   -0.000286   -0.000168
   -0.000030   -0.000119   -0.000023   -0.000119   -0.000030   -0.000168   -0.000044   -0.000168
   -0.000691   -0.010536   -0.001312   -0.010536   -0.000691   -0.001715   -0.000286   -0.001715
   -0.001704   -0.010536   -0.002092   -0.010536   -0.001704   -0.001715   -0.000414   -0.001715

   -0.001715   -0.001704   -0.010536   -0.002092   -0.010536   -0.001704   -0.001715   -0.000414
   -0.000168   -0.000043   -0.000119   -0.000032   -0.000119   -0.000043   -0.000168   -0.000108
   -0.000168   -0.001704   -0.000119   -0.002092   -0.000119   -0.001704   -0.000168   -0.000414
   -0.001715   -0.024326   -0.010536   -2.453737   -0.010536   -0.024326   -0.001715   -0.004113
   -0.001715   -0.000691   -0.010536   -0.001312   -0.010536   -0.000691   -0.001715   -0.000286
   -0.000168   -0.000030   -0.000119   -0.000023   -0.000119   -0.000030   -0.000168   -0.000044
   -0.000168   -0.000691   -0.000119   -0.001312   -0.000119   -0.000691   -0.000168   -0.000286
   -0.001715   -0.001704   -0.010536   -0.002092   -0.010536   -0.001704   -0.001715   -0.000414
   -0.000168   -0.000030   -0.000119   -0.000023   -0.000119   -0.000030   -0.000168   -0.000044
   -0.000059   -0.000068   -0.000164   -0.000115   -0.000164   -0.000068   -0.000059   -0.000029
   -0.000059   -0.000030   -0.000164   -0.000023   -0.000164   -0.000030   -0.000059   -0.000044
   -0.000168   -0.000043   -0.000119   -0.000032   -0.000119   -0.000043   -0.000168   -0.000108
   -0.000168   -0.000691   -0.000119   -0.001312   -0.000119   -0.000691   -0.000168   -0.000286
   -0.000059   -0.000030   -0.000164   -0.000023   -0.000164   -0.000030   -0.000059   -0.000044
   -0.000059   -0.000691   -0.000164   -0.001312   -0.000164   -0.000691   -0.000059   -0.000286
   -0.000168   -0.001704   -0.000119   -0.002092   -0.000119   -0.001704   -0.000168   -0.000414

   -0.000414   -0.000168   -0.001704   -0.000119   -0.002092   -0.000119   -0.001704   -0.000168
   -0.000108   -0.000168   -0.000043   -0.000119   -0.000032   -0.000119   -0.000043   -0.000168
   -0.000414   -0.001715   -0.001704   -0.010536   -0.002092   -0.010536   -0.001704   -0.001715
   -0.004113   -0.001715   -0.024326   -0.010536   -2.453737   -0.010536   -0.024326   -0.001715
   -0.000286   -0.000059   -0.000691   -0.000164   -0.001312   -0.000164   -0.000691   -0.000059
   -0.000044   -0.000059   -0.000030   -0.000164   -0.000023   -0.000164   -0.000030   -0.000059
   -0.000286   -0.000168   -0.000691   -0.000119   -0.001312   -0.000119   -0.000691   -0.000168
   -0.000414   -0.000168   -0.001704   -0.000119   -0.002092   -0.000119   -0.001704   -0.000168
   -0.000044   -0.000059   -0.000030   -0.000164   -0.000023   -0.000164   -0.000030   -0.000059
   -0.000029   -0.000059   -0.000068   -0.000164   -0.000115   -0.000164   -0.000068   -0.000059
   -0.000044   -0.000168   -0.000030   -0.000119   -0.000023   -0.000119   -0.000030   -0.000168
   -0.000108   -0.000168   -0.000043   -0.000119   -0.000032   -0.000119   -0.000043   -0.000168
   -0.000286   -0.000168   -0.000691   -0.000119   -0.001312   -0.000119   -0.000691   -0.000168
   -0.000044   -0.000168   -0.000030   -0.000119   -0.000023   -0.000119   -0.000030   -0.000168
   -0.000286   -0.001715   -0.000691   -0.010536   -0.001312   -0.010536   -0.000691   -0.001715
   -0.000414   -0.001715   -0.001704   -0.010536   -0.002092   -0.010536   -0.001704   -0.001715

   -0.001715   -0.000414   -0.001715   -0.001704   -0.010536   -0.002092   -0.010536   -0.001704
   -0.000168   -0.000108   -0.000168   -0.000043   -0.000119   -0.000032   -0.000119   -0.000043
   -0.000168   -0.000414   -0.000168   -0.001704   -0.000119   -0.002092   -0.000119   -0.001704
   -0.001715   -0.004113   -0.001715   -0.024326   -0.010536   -2.453737   -0.010536   -0.024326
   -0.001715   -0.000286   -0.001715   -0.000691   -0.010536   -0.001312   -0.010536   -0.000691
   -0.000168   -0.000044   -0.000168   -0.000030   -0.000119   -0.000023   -0.000119   -0.000030
   -0.000168   -0.000286   -0.000168   -0.000691   -0.000119   -0.001312   -0.000119   -0.000691
   -0.001715   -0.000414   -0.001715   -0.001704   -0.010536   -0.002092   -0.010536   -0.001704
   -0.000168   -0.000044   -0.000168   -0.000030   -0.000119   -0.000023   -0.000119   -0.000030
   -0.000059   -0.000029   -0.000059   -0.000068   -0.000164   -0.000115   -0.000164   -0.000068
   -0.000059   -0.000044   -0.000059   -0.000030   -0.000164   -0.000023   -0.000164   -0.000030
   -0.000168   -0.000108   -0.000168   -0.000043   -0.000119   -0.000032   -0.000119   -0.000043
   -0.000168   -0.000286   -0.000168   -0.000691   -0.000119   -0.001312   -0.000119   -0.000691
   -0.000059   -0.000044   -0.000059   -0.000030   -0.000164   -0.000023   -0.000164   -0.000030
   -0.000059   -0.000286   -0.000059   -0.000691   -0.000164   -0.001312   -0.000164   -0.000691
   -0.000168   -0.000414   -0.000168   -0.001704   -0.000119   -0.002092   -0.000119   -0.001704

   -0.001704   -0.000168   -0.000414   -0.000168   -0.001704   -0.000119   -0.002092   -0.000119
   -0.000043   -0.000168   -0.000108   -0.000168   -0.000043   -0.000119   -0.000032   -0.000119
   -0.001704   -0.001715   -0.000414   -0.001715   -0.001704   -0.010536   -0.002092   -0.010536
   -0.024326   -0.001715   -0.004113   -0.001715   -0.024326   -0.010536   -2.453737   -0.010536
   -0.000691   -0.000059   -0.000286   -0.000059   -0.000691   -0.000164   -0.001312   -0.000164
   -0.000030   -0.000059   -0.000044   -0.000059   -0.000030   -0.000164   -0.000023   -0.000164
   -0.000691   -0.000168   -0.000286   -0.000168   -0.000691   -0.000119   -0.001312   -0.000119
   -0.001704   -0.000168   -0.000414   -0.000168   -0.001704   -0.000119   -0.002092   -0.000119
   -0.000030   -0.000059   -0.000044   -0.000059   -0.000030   -0.000164   -0.000023   -0.000164
   -0.000068   -0.000059   -0.000029   -0.000059   -0.000068   -0.000164   -0.000115   -0.000164
   -0.000030   -0.000168   -0.000044   -0.000168   -0.000030   -0.000119   -0.000023   -0.000119
   -0.000043   -0.000168   -0.000108   -0.000168   -0.000043   -0.000119   -0.000032   -0.000119
   -0.000691   -0.000168   -0.000286   -0.000168   -0.000691   -0.000119   -0.001312   -0.000119
   -0.000030   -0.000168   -0.000044   -0.000168   -0.000030   -0.000119   -0.000023   -0.000119
   -0.000691   -0.001715   -0.000286   -0.001715   -0.000691   -0.010536   -0.001312   -0.010536
   -0.001704   -0.001715   -0.000414   -0.001715   -0.001704   -0.010536   -0.002092   -0.010536

   -0.010536   -0.001704   -0.001715   -0.000414   -0.001715   -0.001704   -0.010536   -0.002092
   -0.000119   -0.000043   -0.000168   -0.000108   -0.000168   -0.000043   -0.000119   -0.000032
   -0.000119   -0.001704   -0.000168   -0.000414   -0.000168   -0.001704   -0.000119   -0.002092
   -0.010536   -0.024326   -0.001715   -0.004113   -0.001715   -0.024326   -0.010536   -2.453737
   -0.010536   -0.000691   -0.001715   -0.000286   -0.001715   -0.000691   -0.010536   -0.001312
   -0.000119   -0.000030   -0.000168   -0.000044   -0.000168   -0.000030   -0.000119   -0.000023
   -0.000119   -0.000691   -0.000168   -0.000286   -0.000168   -0.000691   -0.000119   -0.001312
   -0.010536   -0.001704   -0.001715   -0.000414   -0.001715   -0.001704   -0.010536   -0.002092
   -0.000119   -0.000030   -0.000168   -0.000044   -0.000168   -0.000030   -0.000119   -0.000023
   -0.000164   -0.000068   -0.000059   -0.000029   -0.000059   -0.000068   -0.000164   -0.000115
   -0.000164   -0.000030   -0.000059   -0.000044   -0.000059   -0.000030   -0.000164   -0.000023
   -0.000119   -0.000043   -0.000168   -0.000108   -0.000168   -0.000043   -0.000119   -0.000032
   -0.000119   -0.000691   -0.000168   -0.000286   -0.000168   -0.000691   -0.000119   -0.001312
   -0.000164   -0.000030   -0.000059   -0.000044   -0.000059   -0.000030   -0.000164   -0.000023
   -0.000164   -0.000691   -0.000059   -0.000286   -0.000059   -0.000691   -0.000164   -0.001312
   -0.000119   -0.001704   -0.000168   -0.000414   -0.000168   -0.001704   -0.000119   -0.002092

   -0.002092   -0.010536   -0.001704   -0.001715   -0.000414   -0.001715   -0.001704   -0.010536
   -0.001312   -0.000119   -0.000691   -0.000168   -0.000286   -0.000168   -0.000691   -0.000119
   -0.000023   -0.000119   -0.000030   -0.000168   -0.000044   -0.000168   -0.000030   -0.000119
   -0.001312   -0.010536   -0.000691   -0.001715   -0.000286   -0.001715   -0.000691   -0.010536
   -2.453737   -0.010536   -0.024326   -0.001715   -0.004113   -0.001715   -0.024326   -0.010536
   -0.002092   -0.000119   -0.001704   -0.000168   -0.000414   -0.000168   -0.001704   -0.000119
   -0.000032   -0.000119   -0.000043   -0.000168   -0.000108   -0.000168   -0.000043   -0.000119
   -0.002092   -0.010536   -0.001704   -0.001715   -0.000414   -0.001715   -0.001704   -0.010536
   -0.002092   -0.000119   -0.001704   -0.000168   -0.000414   -0.000168   -0.001704   -0.000119
   -0.001312   -0.000164   -0.000691   -0.000059   -0.000286   -0.000059   -0.000691   -0.000164
   -0.000023   -0.000164   -0.000030   -0.000059   -0.000044   -0.000059   -0.000030   -0.000164
   -0.001312   -0.000119   -0.000691   -0.000168   -0.000286   -0.000168   -0.000691   -0.000119
   -0.000032   -0.000119   -0.000043   -0.000168   -0.000108   -0.000168   -0.000043   -0.000119
   -0.000023   -0.000164   -0.000030   -0.000059   -0.000044   -0.000059   -0.000030   -0.000164
   -0.000115   -0.000164   -0.000068   -0.000059   -0.000029   -0.000059   -0.000068   -0.000164
   -0.000023   -0.000119   -0.000030   -0.000168   -0.000044   -0.000168   -0.000030   -0.000119

   -0.000119   -0.002092   -0.000119   -0.001704   -0.000168   -0.000414   -0.000168   -0.001704
   -0.000119   -0.001312   -0.000119   -0.000691   -0.000168   -0.000286   -0.000168   -0.000691
   -0.000164   -0.000023   -0.000164   -0.000030   -0.000059   -0.000044   -0.000059   -0.000030
   -0.000164   -0.001312   -0.000164   -0.000691   -0.000059   -0.000286   -0.000059   -0.000691
   -0.010536   -2.453737   -0.010536   -0.024326   -0.001715   -0.004113   -0.001715   -0.024326
   -0.010536   -0.002092   -0.010536   -0.001704   -0.001715   -0.000414   -0.001715   -0.001704
   -0.000119   -0.000032   -0.000119   -0.000043   -0.000168   -0.000108   -0.000168   -0.000043
   -0.000119   -0.002092   -0.000119   -0.001704   -0.000168   -0.000414   -0.000168   -0.001704
   -0.010536   -0.002092   -0.010536   -0.001704   -0.001715   -0.000414   -0.001715   -0.001704
   -0.010536   -0.001312   -0.010536   -0.000691   -0.001715   -0.000286   -0.001715   -0.000691
   -0.000119   -0.000023   -0.000119   -0.000030   -0.000168   -0.000044   -0.000168   -0.000030
   -0.000119   -0.001312   -0.000119   -0.000691   -0.000168   -0.000286   -0.000168   -0.000691
   -0.000119   -0.000032   -0.000119   -0.000043   -0.000168   -0.000108   -0.000168   -0.000043
   -0.000119   -0.000023   -0.000119   -0.000030   -0.000168   -0.000044   -0.000168   -0.000030
   -0.000164   -0.000115   -0.000164   -0.000068   -0.000059   -0.000029   -0.000059   -0.000068
   -0.000164   -0.000023   -0.000164   -0.000030   -0.000059   -0.000044   -0.000059   -0.000030

   -0.001704   -0.010536   -0.002092   -0.010536   -0.001704   -0.001715   -0.000414   -0.001715
   -0.000691   -0.000119   -0.001312   -0.000119   -0.000691   -0.000168   -0.000286   -0.000168
   -0.000030   -0.000119   -0.000023   -0.000119   -0.000030   -0.000168   -0.000044   -0.000168
   -0.000691   -0.010536   -0.001312   -0.010536   -0.000691   -0.001715   -0.000286   -0.001715
   -0.024326   -0.010536   -2.453737   -0.010536   -0.024326   -0.001715   -0.004113   -0.001715
   -0.001704   -0.000119   -0.002092   -0.000119   -0.001704   -0.000168   -0.000414   -0.000168
   -0.000043   -0.000119   -0.000032   -0.000119   -0.000043   -0.000168   -0.000108   -0.000168
   -0.001704   -0.010536   -0.002092   -0.010536   -0.001704   -0.001715   -0.000414   -0.001715
   -0.001704   -0.000119   -0.002092   -0.000119   -0.001704   -0.000168   -0.000414   -0.000168
   -0.000691   -0.000164   -0.001312   -0.000164   -0.000691   -0.000059   -0.000286   -0.000059
   -0.000030   -0.000164   -0.000023   -0.000164   -0.000030   -0.000059   -0.000044   -0.000059
   -0.000691   -0.000119   -0.001312   -0.000119   -0.000691   -0.000168   -0.000286   -0.000168
   -0.000043   -0.000119   -0.000032   -0.000119   -0.000043   -0.000168   -0.000108   -0.000168
   -0.000030   -0.000164   -0.000023   -0.000164   -0.000030   -0.000059   -0.000044   -0.000059
   -0.000068   -0.000164   -0.000115   -0.000164   -0.000068   -0.000059   -0.000029   -0.000059
   -0.000030   -0.000119   -0.000023   -0.000119   -0.000030   -0.000168   -0.000044   -0.000168

   -0.000168   -0.001704   -0.000119   -0.002092   -0.000119   -0.001704   -0.000168   -0.000414
   -0.000168   -0.000691   -0.000119   -0.001312   -0.000119   -0.000691   -0.000168   -0.000286
   -0.000059   -0.000030   -0.000164   -0.000023   -0.000164   -0.000030   -0.000059   -0.000044
   -0.000059   -0.000691   -0.000164   -0.001312   -0.000164   -0.000691   -0.000059   -0.000286
   -0.001715   -0.024326   -0.010536   -2.453737   -0.010536   -0.024326   -0.001715   -0.004113
   -0.001715   -0.001704   -0.010536   -0.002092   -0.010536   -0.001704   -0.001715   -0.000414
   -0.000168   -0.000043   -0.000119   -0.000032   -0.000119   -0.000043   -0.000168   -0.000108
   -0.000168   -0.001704   -0.000119   -0.002092   -0.000119   -0.001704   -0.000168   -0.000414
   -0.001715   -0.001704   -0.010536   -0.002092   -0.010536   -0.001704   -0.001715   -0.000414
   -0.001715   -0.000691   -0.010536   -0.001312   -0.010536   -0.000691   -0.001715   -0.000286
   -0.000168   -0.000030   -0.000119   -0.000023   -0.000119   -0.000030   -0.000168   -0.000044
   -0.000168   -0.000691   -0.000119   -0.001312   -0.000119   -0.000691   -0.000168   -0.000286
   -0.000168   -0.000043   -0.000119   -0.000032   -0.000119   -0.000043   -0.000168   -0.000108
   -0.000168   -0.000030   -0.000119   -0.000023   -0.000119   -0.000030   -0.000168   -0.000044
   -0.000059   -0.000068   -0.000164   -0.000115   -0.000164   -0.000068   -0.000059   -0.000029
   -0.000059   -0.000030   -0.000164   -0.000023   -0.000164   -0.000030   -0.000059   -0.000044

   -0.000414   -0.001715   -0.001704   -0.010536   -0.002092   -0.010536   -0.001704   -0.001715
   -0.000286   -0.000168   -0.000691   -0.000119   -0.001312   -0.000119   -0.000691   -0.000168
   -0.000044   -0.000168   -0.000030   -0.000119   -0.000023   -0.000119   -0.000030   -0.000168
   -0.000286   -0.001715   -0.000691   -0.010536   -0.001312   -0.010536   -0.000691   -0.001715
   -0.004113   -0.001715   -0.024326   -0.010536   -2.453737   -0.010536   -0.024326   -0.001715
   -0.000414   -0.000168   -0.001704   -0.000119   -0.002092   -0.000119   -0.001704   -0.000168
   -0.000108   -0.000168   -0.000043   -0.000119   -0.000032   -0.000119   -0.000043   -0.000168
   -0.000414   -0.001715   -0.001704   -0.010536   -0.002092   -0.010536   -0.001704   -0.001715
   -0.000414   -0.000168   -0.001704   -0.000119   -0.002092   -0.000119   -0.001704   -0.000168
   -0.000286   -0.000059   -0.000691   -0.000164   -0.001312   -0.000164   -0.000691   -0.000059
   -0.000044   -0.000059   -0.000030   -0.000164   -0.000023   -0.000164   -0.000030   -0.000059
   -0.000286   -0.000168   -0.000691   -0.000119   -0.001312   -0.000119   -0.000691   -0.000168
   -0.000108   -0.000168   -0.000043   -0.000119   -0.000032   -0.000119   -0.000043   -0.000168
   -0.000044   -0.000059   -0.000030   -0.000164   -0.000023   -0.000164   -0.000030   -0.000059
   -0.000029   -0.000059   -0.000068   -0.000164   -0.000115   -0.000164   -0.000068   -0.000059
   -0.000044   -0.000168   -0.000030   -0.000119   -0.000023   -0.000119   -0.000030   -0.000168

   -0.000168   -0.000414   -0.000168   -0.001704   -0.000119   -0.002092   -0.000119   -0.001704
   -0.000168   -0.000286   -0.000168   -0.000691   -0.000119   -0.001312   -0.000119   -0.000691
   -0.000059   -0.000044   -0.000059   -0.000030   -0.000164   -0.000023   -0.000164   -0.000030
   -0.000059   -0.000286   -0.000059   -0.000691   -0.000164   -0.001312   -0.000164   -0.000691
   -0.001715   -0.004113   -0.001715   -0.024326   -0.010536   -2.453737   -0.010536   -0.024326
   -0.001715   -0.000414   -0.001715   -0.001704   -0.010536   -0.002092   -0.010536   -0.001704
   -0.000168   -0.000108   -0.000168   -0.000043   -0.000119   -0.000032   -0.000119   -0.000043
   -0.000168   -0.000414   -0.000168   -0.001704   -0.000119   -0.002092   -0.000119   -0.001704
   -0.001715   -0.000414   -0.001715   -0.001704   -0.010536   -0.002092   -0.010536   -0.001704
   -0.001715   -0.000286   -0.001715   -0.000691   -0.010536   -0.001312   -0.010536   -0.000691
   -0.000168   -0.000044   -0.000168   -0.000030   -0.000119   -0.000023   -0.000119   -0.000030
   -0.000168   -0.000286   -0.000168   -0.000691   -0.000119   -0.001312   -0.000119   -0.000691
   -0.000168   -0.000108   -0.000168   -0.000043   -0.000119   -0.000032   -0.000119   -0.000043
   -0.000168   -0.000044   -0.000168   -0.000030   -0.000119   -0.000023   -0.000119   -0.000030
   -0.000059   -0.000029   -0.000059   -0.000068   -0.000164   -0.000115   -0.000164   -0.000068
   -0.000059   -0.000044   -0.000059   -0.000030   -0.000164   -0.000023   -0.000164   -0.000030

   -0.001704   -0.001715   -0.000414   -0.001715   -0.001704   -0.010536   -0.002092   -0.010536
   -0.000691   -0.000168   -0.000286   -0.000168   -0.000691   -0.000119   -0.001312   -0.000119
   -0.000030   -0.000168   -0.000044   -0.000168   -0.000030   -0.000119   -0.000023   -0.000119
   -0.000691   -0.001715   -0.000286   -0.001715   -0.000691   -0.010536   -0.001312   -0.010536
   -0.024326   -0.001715   -0.004113   -0.001715   -0.024326   -0.010536   -2.453737   -0.010536
   -0.001704   -0.000168   -0.000414   -0.000168   -0.001704   -0.000119   -0.002092   -0.000119
   -0.000043   -0.000168   -0.000108   -0.000168   -0.000043   -0.000119   -0.000032   -0.000119
   -0.001704   -0.001715   -0.000414   -0.001715   -0.001704   -0.010536   -0.002092   -0.010536
   -0.001704   -0.000168   -0.000414   -0.000168   -0.001704   -0.000119   -0.002092   -0.000119
   -0.000691   -0.000059   -0.000286   -0.000059   -0.000691   -0.000164   -0.001312   -0.000164
   -0.000030   -0.000059   -0.000044   -0.000059   -0.000030   -0.000164   -0.000023   -0.000164
   -0.000691   -0.000168   -0.000286   -0.000168   -0.000691   -0.000119   -0.001312   -0.000119
   -0.000043   -0.000168   -0.000108   -0.000168   -0.000043   -0.000119   -0.000032   -0.000119
   -0.000030   -0.000059   -0.000044   -0.000059   -0.000030   -0.000164   -0.000023   -0.000164
   -0.000068   -0.000059   -0.000029   -0.000059   -0.000068   -0.000164   -0.000115   -0.000164
   -0.000030   -0.000168   -0.000044   -0.000168   -0.000030   -0.000119   -0.000023   -0.000119

   -0.000119   -0.001704   -0.000168   -0.000414   -0.000168   -0.001704   -0.000119   -0.002092
   -0.000119   -0.000691   -0.000168   -0.000286   -0.000168   -0.000691   -0.000119   -0.001312
   -0.000164   -0.000030   -0.000059   -0.000044   -0.000059   -0.000030   -0.000164   -0.000023
   -0.000164   -0.000691   -0.000059   -0.000286   -0.000059   -0.000691   -0.000164   -0.001312
   -0.010536   -0.024326   -0.001715   -0.004113   -0.001715   -0.024326   -0.010536   -2.453737
   -0.010536   -0.001704   -0.001715   -0.000414   -0.001715   -0.001704   -0.010536   -0.002092
   -0.000119   -0.000043   -0.000168   -0.000108   -0.000168   -0.000043   -0.000119   -0.000032
   -0.000119   -0.001704   -0.000168   -0.000414   -0.000168   -0.001704   -0.000119   -0.002092
   -0.010536   -0.001704   -0.001715   -0.000414   -0.001715   -0.001704   -0.010536   -0.002092
   -0.010536   -0.000691   -0.001715   -0.000286   -0.001715   -0.000691   -0.010536   -0.001312
   -0.000119   -0.000030   -0.000168   -0.000044   -0.000168   -0.000030   -0.000119   -0.000023
   -0.000119   -0.000691   -0.000168   -0.000286   -0.000168   -0.000691   -0.000119   -0.001312
   -0.000119   -0.000043   -0.000168   -0.000108   -0.000168   -0.000043   -0.000119   -0.000032
   -0.000119   -0.000030   -0.000168   -0.000044   -0.000168   -0.000030   -0.000119   -0.000023
   -0.000164   -0.000068   -0.000059   -0.000029   -0.000059   -0.000068   -0.000164   -0.000115
   -0.000164   -0.000030   -0.000059   -0.000044   -0.000059   -0.000030   -0.000164   -0.000023

   -0.001312   -0.010536   -0.000691   -0.001715   -0.000286   -0.001715   -0.000691   -0.010536
   -0.002092   -0.010536   -0.001704   -0.001715   -0.000414   -0.001715   -0.001704   -0.010536
   -0.001312   -0.000119   -0.000691   -0.000168   -0.000286   -0.000168   -0.000691   -0.000119
   -0.000023   -0.000119   -0.000030   -0.000168   -0.000044   -0.000168   -0.000030   -0.000119
   -0.002092   -0.010536   -0.001704   -0.001715   -0.000414   -0.001715   -0.001704   -0.010536
   -2.453737   -0.010536   -0.024326   -0.001715   -0.004113   -0.001715   -0.024326   -0.010536
   -0.002092   -0.000119   -0.001704   -0.000168   -0.000414   -0.000168   -0.001704   -0.000119
   -0.000032   -0.000119   -0.000043   -0.000168   -0.000108   -0.000168   -0.000043   -0.000119
   -0.001312   -0.000119   -0.000691   -0.000168   -0.000286   -0.000168   -0.000691   -0.000119
   -0.002092   -0.000119   -0.001704   -0.000168   -0.000414   -0.000168   -0.001704   -0.000119
   -0.001312   -0.000164   -0.000691   -0.000059   -0.000286   -0.000059   -0.000691   -0.000164
   -0.000023   -0.000164   -0.000030   -0.000059   -0.000044   -0.000059   -0.000030   -0.000164
   -0.000023   -0.000119   -0.000030   -0.000168   -0.000044   -0.000168   -0.000030   -0.000119
   -0.000032   -0.000119   -0.000043   -0.000168   -0.000108   -0.000168   -0.000043   -0.000119
   -0.000023   -0.000164   -0.000030   -0.000059   -0.000044   -0.000059   -0.000030   -0.000164
   -0.000115   -0.000164   -0.000068   -0.000059   -0.000029   -0.000059   -0.000068   -0.000164

   -0.000164   -0.001312   -0.000164   -0.000691   -0.000059   -0.000286   -0.000059   -0.000691
   -0.000119   -0.002092   -0.000119   -0.001704   -0.000168   -0.000414   -0.000168   -0.001704
   -0.000119   -0.001312   -0.000119   -0.000691   -0.000168   -0.000286   -0.000168   -0.000691
   -0.000164   -0.000023   -0.000164   -0.000030   -0.000059   -0.000044   -0.000059   -0.000030
   -0.000119   -0.002092   -0.000119   -0.001704   -0.000168   -0.000414   -0.000168   -0.001704
   -0.010536   -2.453737   -0.010536   -0.024326   -0.001715   -0.004113   -0.001715   -0.024326
   -0.010536   -0.002092   -0.010536   -0.001704   -0.001715   -0.000414   -0.001715   -0.001704
   -0.000119   -0.000032   -0.000119   -0.000043   -0.000168   -0.000108   -0.000168   -0.000043
   -0.000119   -0.001312   -0.000119   -0.000691   -0.000168   -0.000286   -0.000168   -0.000691
   -0.010536   -0.002092   -0.010536   -0.001704   -0.001715   -0.000414   -0.001715   -0.001704
   -0.010536   -0.001312   -0.010536   -0.000691   -0.001715   -0.000286   -0.001715   -0.000691
   -0.000119   -0.000023   -0.000119   -0.000030   -0.000168   -0.000044   -0.000168   -0.000030
   -0.000164   -0.000023   -0.000164   -0.000030   -0.000059   -0.000044   -0.000059   -0.000030
   -0.000119   -0.000032   -0.000119   -0.000043   -0.000168   -0.000108   -0.000168   -0.000043
   -0.000119   -0.000023   -0.000119   -0.000030   -0.000168   -0.000044   -0.000168   -0.000030
   -0.000164   -0.000115   -0.000164   -0.000068   -0.000059   -0.000029   -0.000059   -0.000068

   -0.000691   -0.010536   -0.001312   -0.010536   -0.000691   -0.001715   -0.000286   -0.001715
   -0.001704   -0.010536   -0.002092   -0.010536   -0.001704   -0.001715   -0.000414   -0.001715
   -0.000691   -0.000119   -0.001312   -0.000119   -0.000691   -0.000168   -0.000286   -0.000168
   -0.000030   -0.000119   -0.000023   -0.000119   -0.000030   -0.000168   -0.000044   -0.000168
   -0.001704   -0.010536   -0.002092   -0.010536   -0.001704   -0.001715   -0.000414   -0.001715
   -0.024326   -0.010536   -2.453737   -0.010536   -0.024326   -0.001715   -0.004113   -0.001715
   -0.001704   -0.000119   -0.002092   -0.000119   -0.001704   -0.000168   -0.000414   -0.000168
   -0.000043   -0.000119   -0.000032   -0.000119   -0.000043   -0.000168   -0.000108   -0.000168
   -0.000691   -0.000119   -0.001312   -0.000119   -0.000691   -0.000168   -0.000286   -0.000168
   -0.001704   -0.000119   -0.002092   -0.000119   -0.001704   -0.000168   -0.000414   -0.000168
   -0.000691   -0.000164   -0.001312   -0.000164   -0.000691   -0.000059   -0.000286   -0.000059
   -0.000030   -0.000164   -0.000023   -0.000164   -0.000030   -0.000059   -0.000044   -0.000059
   -0.000030   -0.000119   -0.000023   -0.000119   -0.000030   -0.000168   -0.000044   -0.000168
   -0.000043   -0.000119   -0.000032   -0.000119   -0.000043   -0.000168   -0.000108   -0.000168
   -0.000030   -0.000164   -0.000023   -0.000164   -0.000030   -0.000059   -0.000044   -0.000059
   -0.000068   -0.000164   -0.000115   -0.000164   -0.000068   -0.000059   -0.000029   -0.000059

   -0.000059   -0.000691   -0.000164   -0.001312   -0.000164   -0.000691   -0.000059   -0.000286
   -0.000168   -0.001704   -0.000119   -0.002092   -0.000119   -0.001704   -0.000168   -0.000414
   -0.000168   -0.000691   -0.000119   -0.001312   -0.000119   -0.000691   -0.000168   -0.000286
   -0.000059   -0.000030   -0.000164   -0.000023   -0.000164   -0.000030   -0.000059   -0.000044
   -0.000168   -0.001704   -0.000119   -0.002092   -0.000119   -0.001704   -0.000168   -0.000414
   -0.001715   -0.024326   -0.010536   -2.453737   -0.010536   -0.024326   -0.001715   -0.004113
   -0.001715   -0.001704   -0.010536   -0.002092   -0.010536   -0.001704   -0.001715   -0.000414
   -0.000168   -0.000043   -0.000119   -0.000032   -0.000119   -0.000043   -0.000168   -0.000108
   -0.000168   -0.000691   -0.000119   -0.001312   -0.000119   -0.000691   -0.000168   -0.000286
   -0.001715   -0.001704   -0.010536   -0.002092   -0.010536   -0.001704   -0.001715   -0.000414
   -0.001715   -0.000691   -0.010536   -0.001312   -0.010536   -0.000691   -0.001715   -0.000286
   -0.000168   -0.000030   -0.000119   -0.000023   -0.000119   -0.000030   -0.000168   -0.000044
   -0.000059   -0.000030   -0.000164   -0.000023   -0.000164   -0.000030   -0.000059   -0.000044
   -0.000168   -0.000043   -0.000119   -0.000032   -0.000119   -0.000043   -0.000168   -0.000108
   -0.000168   -0.000030   -0.000119   -0.000023   -0.000119   -0.000030   -0.000168   -0.000044
   -0.000059   -0.000068   -0.000164   -0.000115   -0.000164   -0.000068   -0.000059   -0.000029

   -0.000286   -0.001715   -0.000691   -0.010536   -0.001312   -0.010536   -0.000691   -0.001715
   -0.000414   -0.001715   -0.001704   -0.010536   -0.002092   -0.010536   -0.001704   -0.001715
   -0.000286   -0.000168   -0.000691   -0.000119   -0.001312   -0.000119   -0.000691   -0.000168
   -0.000044   -0.000168   -0.000030   -0.000119   -0.000023   -0.000119   -0.000030   -0.000168
   -0.000414   -0.001715   -0.001704   -0.010536   -0.002092   -0.010536   -0.001704   -0.001715
   -0.004113   -0.001715   -0.024326   -0.010536   -2.453737   -0.010536   -0.024326   -0.001715
   -0.000414   -0.000168   -0.001704   -0.000119   -0.002092   -0.000119   -0.001704   -0.000168
   -0.000108   -0.000168   -0.000043   -0.000119   -0.000032   -0.000119   -0.000043   -0.000168
   -0.000286   -0.000168   -0.000691   -0.000119   -0.001312   -0.000119   -0.000691   -0.000168
   -0.000414   -0.000168   -0.001704   -0.000119   -0.002092   -0.000119   -0.001704   -0.000168
   -0.000286   -0.000059   -0.000691   -0.000164   -0.001312   -0.000164   -0.000691   -0.000059
   -0.000044   -0.000059   -0.000030   -0.000164   -0.000023   -0.000164   -0.000030   -0.000059
   -0.000044   -0.000168   -0.000030   -0.000119   -0.000023   -0.000119   -0.000030   -0.000168
   -0.000108   -0.000168   -0.000043   -0.000119   -0.000032   -0.000119   -0.000043   -0.000168
   -0.000044   -0.000059   -0.000030   -0.000164   -0.000023   -0.000164   -0.000030   -0.000059
   -0.000029   -0.000059   -0.000068   -0.000164   -0.000115   -0.000164   -0.000068   -0.000059

   -0.000059   -0.000286   -0.000059   -0.000691   -0.000164   -0.001312   -0.000164   -0.000691
   -0.000168   -0.000414   -0.000168   -0.001704   -0.000119   -0.002092   -0.000119   -0.001704
   -0.000168   -0.000286   -0.000168   -0.000691   -0.000119   -0.001312   -0.000119   -0.000691
   -0.000059   -0.000044   -0.000059   -0.000030   -0.000164   -0.000023   -0.000164   -0.000030
   -0.000168   -0.000414   -0.000168   -0.001704   -0.000119   -0.002092   -0.000119   -0.001704
   -0.001715   -0.004113   -0.001715   -0.024326   -0.010536   -2.453737   -0.010536   -0.024326
   -0.001715   -0.000414   -0.001715   -0.001704   -0.010536   -0.002092   -0.010536   -0.001704
   -0.000168   -0.000108   -0.000168   -0.000043   -0.000119   -0.000032   -0.000119   -0.000043
   -0.000168   -0.000286   -0.000168   -0.000691   -0.000119   -0.001312   -0.000119   -0.000691
   -0.001715   -0.000414   -0.001715   -0.001704   -0.010536   -0.002092   -0.010536   -0.001704
   -0.001715   -0.000286   -0.001715   -0.000691   -0.010536   -0.001312   -0.010536   -0.000691
   -0.000168   -0.000044   -0.000168   -0.000030   -0.000119   -0.000023   -0.000119   -0.000030
   -0.000059   -0.000044   -0.000059   -0.000030   -0.000164   -0.000023   -0.000164   -0.000030
   -0.000168   -0.000108   -0.000168   -0.000043   -0.000119   -0.000032   -0.000119   -0.000043
   -0.000168   -0.000044   -0.000168   -0.000030   -0.000119   -0.000023   -0.000119   -0.000030
   -0.000059   -0.000029   -0.000059   -0.000068   -0.000164   -0.000115   -0.000164   -0.000068

   -0.000691   -0.001715   -0.000286   -0.001715   -0.000691   -0.010536   -0.001312   -0.010536
   -0.001704   -0.001715   -0.000414   -0.001715   -0.001704   -0.010536   -0.002092   -0.010536
   -0.000691   -0.000168   -0.000286   -0.000168   -0.000691   -0.000119   -0.001312   -0.000119
   -0.000030   -0.000168   -0.000044   -0.000168   -0.000030   -0.000119   -0.000023   -0.000119
   -0.001704   -0.001715   -0.000414   -0.001715   -0.001704   -0.010536   -0.002092   -0.010536
   -0.024326   -0.001715   -0.004113   -0.001715   -0.024326   -0.010536   -2.453737   -0.010536
   -0.001704   -0.000168   -0.000414   -0.000168   -0.001704   -0.000119   -0.002092   -0.000119
   -0.000043   -0.000168   -0.000108   -0.000168   -0.000043   -0.000119   -0.000032   -0.000119
   -0.000691   -0.000168   -0.000286   -0.000168   -0.000691   -0.000119   -0.001312   -0.000119
   -0.001704   -0.000168   -0.000414   -0.000168   -0.001704   -0.000119   -0.002092   -0.000119
   -0.000691   -0.000059   -0.000286   -0.000059   -0.000691   -0.000164   -0.001312   -0.000164
   -0.000030   -0.000059   -0.000044   -0.000059   -0.000030   -0.000164   -0.000023   -0.000164
   -0.000030   -0.000168   -0.000044   -0.000168   -0.000030   -0.000119   -0.000023   -0.000119
   -0.000043   -0.000168   -0.000108   -0.000168   -0.000043   -0.000119   -0.000032   -0.000119
   -0.000030   -0.000059   -0.000044   -0.000059   -0.000030   -0.000164   -0.000023   -0.000164
   -0.000068   -0.000059   -0.000029   -0.000059   -0.000068   -0.000164   -0.000115   -0.000164

   -0.000164   -0.000691   -0.000059   -0.000286   -0.000059   -0.000691   -0.000164   -0.001312
   -0.000119   -0.001704   -0.000168   -0.000414   -0.000168   -0.001704   -0.000119   -0.002092
   -0.000119   -0.000691   -0.000168   -0.000286   -0.000168   -0.000691   -0.000119   -0.001312
   -0.000164   -0.000030   -0.000059   -0.000044   -0.000059   -0.000030   -0.000164   -0.000023
   -0.000119   -0.001704   -0.000168   -0.000414   -0.000168   -0.001704   -0.000119   -0.002092
   -0.010536   -0.024326   -0.001715   -0.004113   -0.001715   -0.024326   -0.010536   -2.453737
   -0.010536   -0.001704   -0.001715   -0.000414   -0.001715   -0.001704   -0.010536   -0.002092
   -0.000119   -0.000043   -0.000168   -0.000108   -0.000168   -0.000043   -0.000119   -0.000032
   -0.000119   -0.000691   -0.000168   -0.000286   -0.000168   -0.000691   -0.000119   -0.001312
   -0.010536   -0.001704   -0.001715   -0.000414   -0.001715   -0.001704   -0.010536   -0.002092
   -0.010536   -0.000691   -0.001715   -0.000286   -0.001715   -0.000691   -0.010536   -0.001312
   -0.000119   -0.000030   -0.000168   -0.000044   -0.000168   -0.000030   -0.000119   -0.000023
   -0.000164   -0.000030   -0.000059   -0.000044   -0.000059   -0.000030   -0.000164   -0.000023
   -0.000119   -0.000043   -0.000168   -0.000108   -0.000168   -0.000043   -0.000119   -0.000032
   -0.000119   -0.000030   -0.000168   -0.000044   -0.000168   -0.000030   -0.000119   -0.000023
   -0.000164   -0.000068   -0.000059   -0.000029   -0.000059   -0.000068   -0.000164   -0.000115

   -0.000023   -0.000119   -0.000030   -0.000168   -0.000044   -0.000168   -0.000030   -0.000119
   -0.001312   -0.010536   -0.000691   -0.001715   -0.000286   -0.001715   -0.000691   -0.010536
   -0.002092   -0.010536   -0.001704   -0.001715   -0.000414   -0.001715   -0.001704   -0.010536
   -0.001312   -0.000119   -0.000691   -0.000168   -0.000286   -0.000168   -0.000691   -0.000119
   -0.000032   -0.000119   -0.000043   -0.000168   -0.000108   -0.000168   -0.000043   -0.000119
   -0.002092   -0.010536   -0.001704   -0.001715   -0.000414   -0.001715   -0.001704   -0.010536
   -2.453737   -0.010536   -0.024326   -0.001715   -0.004113   -0.001715   -0.024326   -0.010536
   -0.002092   -0.000119   -0.001704   -0.000168   -0.000414   -0.000168   -0.001704   -0.000119
   -0.000023   -0.000164   -0.000030   -0.000059   -0.000044   -0.000059   -0.000030   -0.000164
   -0.001312   -0.000119   -0.000691   -0.000168   -0.000286   -0.000168   -0.000691   -0.000119
   -0.002092   -0.000119   -0.001704   -0.000168   -0.000414   -0.000168   -0.001704   -0.000119
   -0.001312   -0.000164   -0.000691   -0.000059   -0.000286   -0.000059   -0.000691   -0.000164
   -0.000115   -0.000164   -0.000068   -0.000059   -0.000029   -0.000059   -0.000068   -0.000164
   -0.000023   -0.000119   -0.000030   -0.000168   -0.000044   -0.000168   -0.000030   -0.000119
   -0.000032   -0.000119   -0.000043   -0.000168   -0.000108   -0.000168   -0.000043   -0.000119
   -0.000023   -0.000164   -0.000030   -0.000059   -0.000044   -0.000059   -0.000030   -0.000164

   -0.000164   -0.000023   -0.000164   -0.000030   -0.000059   -0.000044   -0.000059   -0.000030
   -0.000164   -0.001312   -0.000164   -0.000691   -0.000059   -0.000286   -0.000059   -0.000691
   -0.000119   -0.002092   -0.000119   -0.001704   -0.000168   -0.000414   -0.000168   -0.001704
   -0.000119   -0.001312   -0.000119   -0.000691   -0.000168   -0.000286   -0.000168   -0.000691
   -0.000119   -0.000032   -0.000119   -0.000043   -0.000168   -0.000108   -0.000168   -0.000043
   -0.000119   -0.002092   -0.000119   -0.001704   -0.000168   -0.000414   -0.000168   -0.001704
   -0.010536   -2.453737   -0.010536   -0.024326   -0.001715   -0.004113   -0.001715   -0.024326
   -0.010536   -0.002092   -0.010536   -0.001704   -0.001715   -0.000414   -0.001715   -0.001704
   -0.000119   -0.000023   -0.000119   -0.000030   -0.000168   -0.000044   -0.000168   -0.000030
   -0.000119   -0.001312   -0.000119   -0.000691   -0.000168   -0.000286   -0.000168   -0.000691
   -0.010536   -0.002092   -0.010536   -0.001704   -0.001715   -0.000414   -0.001715   -0.001704
   -0.010536   -0.001312   -0.010536   -0.000691   -0.001715   -0.000286   -0.001715   -0.000691
   -0.000164   -0.000115   -0.000164   -0.000068   -0.000059   -0.000029   -0.000059   -0.000068
   -0.000164   -0.000023   -0.000164   -0.000030   -0.000059   -0.000044   -0.000059   -0.000030
   -0.000119   -0.000032   -0.000119   -0.000043   -0.000168   -0.000108   -0.000168   -0.000043
   -0.000119   -0.000023   -0.000119   -0.000030   -0.000168   -0.000044   -0.000168   -0.000030

   -0.000030   -0.000119   -0.000023   -0.000119   -0.000030   -0.000168   -0.000044   -0.000168
   -0.000691   -0.010536   -0.001312   -0.010536   -0.000691   -0.001715   -0.000286   -0.001715
   -0.001704   -0.010536   -0.002092   -0.010536   -0.001704   -0.001715   -0.000414   -0.001715
   -0.000691   -0.000119   -0.001312   -0.000119   -0.000691   -0.000168   -0.000286   -0.000168
   -0.000043   -0.000119   -0.000032   -0.000119   -0.000043   -0.000168   -0.000108   -0.000168
   -0.001704   -0.010536   -0.002092   -0.010536   -0.001704   -0.001715   -0.000414   -0.001715
   -0.024326   -0.010536   -2.453737   -0.010536   -0.024326   -0.001715   -0.004113   -0.001715
   -0.001704   -0.000119   -0.002092   -0.000119   -0.001704   -0.000168   -0.000414   -0.000168
   -0.000030   -0.000164   -0.000023   -0.000164   -0.000030   -0.000059   -0.000044   -0.000059
   -0.000691   -0.000119   -0.001312   -0.000119   -0.000691   -0.000168   -0.000286   -0.000168
   -0.001704   -0.000119   -0.002092   -0.000119   -0.001704   -0.000168   -0.000414   -0.000168
   -0.000691   -0.000164   -0.001312   -0.000164   -0.000691   -0.000059   -0.000286   -0.000059
   -0.000068   -0.000164   -0.000115   -0.000164   -0.000068   -0.000059   -0.000029   -0.000059
   -0.000030   -0.000119   -0.000023   -0.000119   -0.000030   -0.000168   -0.000044   -0.000168
   -0.000043   -0.000119   -0.000032   -0.000119   -0.000043   -0.000168   -0.000108   -0.000168
   -0.000030   -0.000164   -0.000023   -0.000164   -0.000030   -0.000059   -0.000044   -0.000059

   -0.000059   -0.000030   -0.000164   -0.000023   -0.000164   -0.000030   -0.000059   -0.000044
   -0.000059   -0.000691   -0.000164   -0.001312   -0.000164   -0.000691   -0.000059   -0.000286
   -0.000168   -0.001704   -0.000119   -0.002092   -0.000119   -0.001704   -0.000168   -0.000414
   -0.000168   -0.000691   -0.000119   -0.001312   -0.000119   -0.000691   -0.000168   -0.000286
   -0.000168   -0.000043   -0.000119   -0.000032   -0.000119   -0.000043   -0.000168   -0.000108
   -0.000168   -0.001704   -0.000119   -0.002092   -0.000119   -0.001704   -0.000168   -0.000414
   -0.001715   -0.024326   -0.010536   -2.453737   -0.010536   -0.024326   -0.001715   -0.004113
   -0.001715   -0.001704   -0.010536   -0.002092   -0.010536   -0.001704   -0.001715   -0.000414
   -0.000168   -0.000030   -0.000119   -0.000023   -0.000119   -0.000030   -0.000168   -0.000044
   -0.000168   -0.000691   -0.000119   -0.001312   -0.000119   -0.000691   -0.000168   -0.000286
   -0.001715   -0.001704   -0.010536   -0.002092   -0.010536   -0.001704   -0.001715   -0.000414
   -0.001715   -0.000691   -0.010536   -0.001312   -0.010536   -0.000691   -0.001715   -0.000286
   -0.000059   -0.000068   -0.000164   -0.000115   -0.000164   -0.000068   -0.000059   -0.000029
   -0.000059   -0.000030   -0.000164   -0.000023   -0.000164   -0.000030   -0.000059   -0.000044
   -0.000168   -0.000043   -0.000119   -0.000032   -0.000119   -0.000043   -0.000168   -0.000108
   -0.000168   -0.000030   -0.000119   -0.000023   -0.000119   -0.000030   -0.000168   -0.000044

   -0.000044   -0.000168   -0.000030   -0.000119   -0.000023   -0.000119   -0.000030   -0.000168
   -0.000286   -0.001715   -0.000691   -0.010536   -0.001312   -0.010536   -0.000691   -0.001715
   -0.000414   -0.001715   -0.001704   -0.010536   -0.002092   -0.010536   -0.001704   -0.001715
   -0.000286   -0.000168   -0.000691   -0.000119   -0.001312   -0.000119   -0.000691   -0.000168
   -0.000108   -0.000168   -0.000043   -0.000119   -0.000032   -0.000119   -0.000043   -0.000168
   -0.000414   -0.001715   -0.001704   -0.010536   -0.002092   -0.010536   -0.001704   -0.001715
   -0.004113   -0.001715   -0.024326   -0.010536   -2.453737   -0.010536   -0.024326   -0.001715
   -0.000414   -0.000168   -0.001704   -0.000119   -0.002092   -0.000119   -0.001704   -0.000168
   -0.000044   -0.000059   -0.000030   -0.000164   -0.000023   -0.000164   -0.000030   -0.000059
   -0.000286   -0.000168   -0.000691   -0.000119   -0.001312   -0.000119   -0.000691   -0.000168
   -0.000414   -0.000168   -0.001704   -0.000119   -0.002092   -0.000119   -0.001704   -0.000168
   -0.000286   -0.000059   -0.000691   -0.000164   -0.001312   -0.000164   -0.000691   -0.000059
   -0.000029   -0.000059   -0.000068   -0.000164   -0.000115   -0.000164   -0.000068   -0.000059
   -0.000044   -0.000168   -0.000030   -0.000119   -0.000023   -0.000119   -0.000030   -0.000168
   -0.000108   -0.000168   -0.000043   -0.000119   -0.000032   -0.000119   -0.000043   -0.000168
   -0.000044   -0.000059   -0.000030   -0.000164   -0.000023   -0.000164   -0.000030   -0.000059

   -0.000059   -0.000044   -0.000059   -0.000030   -0.000164   -0.000023   -0.000164   -0.000030
   -0.000059   -0.000286   -0.000059   -0.000691   -0.000164   -0.001312   -0.000164   -0.000691
   -0.000168   -0.000414   -0.000168   -0.001704   -0.000119   -0.002092   -0.000119   -0.001704
   -0.000168   -0.000286   -0.000168   -0.000691   -0.000119   -0.001312   -0.000119   -0.000691
   -0.000168   -0.000108   -0.000168   -0.000043   -0.000119   -0.000032   -0.000119   -0.000043
   -0.000168   -0.000414   -0.000168   -0.001704   -0.000119   -0.002092   -0.000119   -0.001704
   -0.001715   -0.004113   -0.001715   -0.024326   -0.010536   -2.453737   -0.010536   -0.024326
   -0.001715   -0.000414   -0.001715   -0.001704   -0.010536   -0.002092   -0.010536   -0.001704
   -0.000168   -0.000044   -0.000168   -0.000030   -0.000119   -0.000023   -0.000119   -0.000030
   -0.000168   -0.000286   -0.000168   -0.000691   -0.000119   -0.001312   -0.000119   -0.000691
   -0.001715   -0.000414   -0.001715   -0.001704   -0.010536   -0.002092   -0.010536   -0.001704
   -0.001715   -0.000286   -0.001715   -0.000691   -0.010536   -0.001312   -0.010536   -0.000691
   -0.000059   -0.000029   -0.000059   -0.000068   -0.000164   -0.000115   -0.000164   -0.000068
   -0.000059   -0.000044   -0.000059   -0.000030   -0.000164   -0.000023   -0.000164   -0.000030
   -0.000168   -0.000108   -0.000168   -0.000043   -0.000119   -0.000032   -0.000119   -0.000043
   -0.000168   -0.000044   -0.000168   -0.000030   -0.000119   -0.000023   -0.000119   -0.000030

   -0.000030   -0.000168   -0.000044   -0.000168   -0.000030   -0.000119   -0.000023   -0.000119
   -0.000691   -0.001715   -0.000286   -0.001715   -0.000691   -0.010536   -0.001312   -0.010536
   -0.001704   -0.001715   -0.000414   -0.001715   -0.001704   -0.010536   -0.002092   -0.010536
   -0.000691   -0.000168   -0.000286   -0.000168   -0.000691   -0.000119   -0.001312   -0.000119
   -0.000043   -0.000168   -0.000108   -0.000168   -0.000043   -0.000119   -0.000032   -0.000119
   -0.001704   -0.001715   -0.000414   -0.001715   -0.001704   -0.010536   -0.002092   -0.010536
   -0.024326   -0.001715   -0.004113   -0.001715   -0.024326   -0.010536   -2.453737   -0.010536
   -0.001704   -0.000168   -0.000414   -0.000168   -0.001704   -0.000119   -0.002092   -0.000119
   -0.000030   -0.000059   -0.000044   -0.000059   -0.000030   -0.000164   -0.000023   -0.000164
   -0.000691   -0.000168   -0.000286   -0.000168   -0.000691   -0.000119   -0.001312   -0.000119
   -0.001704   -0.000168   -0.000414   -0.000168   -0.001704   -0.000119   -0.002092   -0.000119
   -0.000691   -0.000059   -0.000286   -0.000059   -0.000691   -0.000164   -0.001312   -0.000164
   -0.000068   -0.000059   -0.000029   -0.000059   -0.000068   -0.000164   -0.000115   -0.000164
   -0.000030   -0.000168   -0.000044   -0.000168   -0.000030   -0.000119   -0.000023   -0.000119
   -0.000043   -0.000168   -0.000108   -0.000168   -0.000043   -0.000119   -0.000032   -0.000119
   -0.000030   -0.000059   -0.000044   -0.000059   -0.000030   -0.000164   -0.000023   -0.000164

   -0.000164   -0.000030   -0.000059   -0.000044   -0.000059   -0.000030   -0.000164   -0.000023
   -0.000164   -0.000691   -0.000059   -0.000286   -0.000059   -0.000691   -0.000164   -0.001312
   -0.000119   -0.001704   -0.000168   -0.000414   -0.000168   -0.001704   -0.000119   -0.002092
   -0.000119   -0.000691   -0.000168   -0.000286   -0.000168   -0.000691   -0.000119   -0.001312
   -0.000119   -0.000043   -0.000168   -0.000108   -0.000168   -0.000043   -0.000119   -0.000032
   -0.000119   -0.001704   -0.000168   -0.000414   -0.000168   -0.001704   -0.000119   -0.002092
   -0.010536   -0.024326   -0.001715   -0.004113   -0.001715   -0.024326   -0.010536   -2.453737
   -0.010536   -0.001704   -0.001715   -0.000414   -0.001715   -0.001704   -0.010536   -0.002092
   -0.000119   -0.000030   -0.000168   -0.000044   -0.000168   -0.000030   -0.000119   -0.000023
   -0.000119   -0.000691   -0.000168   -0.000286   -0.000168   -0.000691   -0.000119   -0.001312
   -0.010536   -0.001704   -0.001715   -0.000414   -0.001715   -0.001704   -0.010536   -0.002092
   -0.010536   -0.000691   -0.001715   -0.000286   -0.001715   -0.000691   -0.010536   -0.001312
   -0.000164   -0.000068   -0.000059   -0.000029   -0.000059   -0.000068   -0.000164   -0.000115
   -0.000164   -0.000030   -0.000059   -0.000044   -0.000059   -0.000030   -0.000164   -0.000023
   -0.000119   -0.000043   -0.000168   -0.000108   -0.000168   -0.000043   -0.000119   -0.000032
   -0.000119   -0.000030   -0.000168   -0.000044   -0.000168   -0.000030   -0.000119   -0.000023

   -0.001312   -0.000119   -0.000691   -0.000168   -0.000286   -0.000168   -0.000691   -0.000119
   -0.000023   -0.000119   -0.000030   -0.000168   -0.000044   -0.000168   -0.000030   -0.000119
   -0.001312   -0.010536   -0.000691   -0.001715   -0.000286   -0.001715   -0.000691   -0.010536
   -0.002092   -0.010536   -0.001704   -0.001715   -0.000414   -0.001715   -0.001704   -0.010536
   -0.002092   -0.000119   -0.001704   -0.000168   -0.000414   -0.000168   -0.001704   -0.000119
   -0.000032   -0.000119   -0.000043   -0.000168   -0.000108   -0.000168   -0.000043   -0.000119
   -0.002092   -0.010536   -0.001704   -0.001715   -0.000414   -0.001715   -0.001704   -0.010536
   -2.453737   -0.010536   -0.024326   -0.001715   -0.004113   -0.001715   -0.024326   -0.010536
   -0.001312   -0.000164   -0.000691   -0.000059   -0.000286   -0.000059   -0.000691   -0.000164
   -0.000023   -0.000164   -0.000030   -0.000059   -0.000044   -0.000059   -0.000030   -0.000164
   -0.001312   -0.000119   -0.000691   -0.000168   -0.000286   -0.000168   -0.000691   -0.000119
   -0.002092   -0.000119   -0.001704   -0.000168   -0.000414   -0.000168   -0.001704   -0.000119
   -0.000023   -0.000164   -0.000030   -0.000059   -0.000044   -0.000059   -0.000030   -0.000164
   -0.000115   -0.000164   -0.000068   -0.000059   -0.000029   -0.000059   -0.000068   -0.000164
   -0.000023   -0.000119   -0.000030   -0.000168   -0.000044   -0.000168   -0.000030   -0.000119
   -0.000032   -0.000119   -0.000043   -0.000168   -0.000108   -0.000168   -0.000043   -0.000119

   -0.000119   -0.001312   -0.000119   -0.000691   -0.000168   -0.000286   -0.000168   -0.000691
   -0.000164   -0.000023   -0.000164   -0.000030   -0.000059   -0.000044   -0.000059   -0.000030
   -0.000164   -0.001312   -0.000164   -0.000691   -0.000059   -0.000286   -0.000059   -0.000691
   -0.000119   -0.002092   -0.000119   -0.001704   -0.000168   -0.000414   -0.000168   -0.001704
   -0.010536   -0.002092   -0.010536   -0.001704   -0.001715   -0.000414   -0.001715   -0.001704
   -0.000119   -0.000032   -0.000119   -0.000043   -0.000168   -0.000108   -0.000168   -0.000043
   -0.000119   -0.002092   -0.000119   -0.001704   -0.000168   -0.000414   -0.000168   -0.001704
   -0.010536   -2.453737   -0.010536   -0.024326   -0.001715   -0.004113   -0.001715   -0.024326
   -0.010536   -0.001312   -0.010536   -0.000691   -0.001715   -0.000286   -0.001715   -0.000691
   -0.000119   -0.000023   -0.000119   -0.000030   -0.000168   -0.000044   -0.000168   -0.000030
   -0.000119   -0.001312   -0.000119   -0.000691   -0.000168   -0.000286   -0.000168   -0.000691
   -0.010536   -0.002092   -0.010536   -0.001704   -0.001715   -0.000414   -0.001715   -0.001704
   -0.000119   -0.000023   -0.000119   -0.000030   -0.000168   -0.000044   -0.000168   -0.000030
   -0.000164   -0.000115   -0.000164   -0.000068   -0.000059   -0.000029   -0.000059   -0.000068
   -0.000164   -0.000023   -0.000164   -0.000030   -0.000059   -0.000044   -0.000059   -0.000030
   -0.000119   -0.000032   -0.000119   -0.000043   -0.000168   -0.000108   -0.000168   -0.000043

   -0.000691   -0.000119   -0.001312   -0.000119   -0.000691   -0.000168   -0.000286   -0.000168
   -0.000030   -0.000119   -0.000023   -0.000119   -0.000030   -0.000168   -0.000044   -0.000168
   -0.000691   -0.010536   -0.001312   -0.010536   -0.000691   -0.001715   -0.000286   -0.001715
   -0.001704   -0.010536   -0.002092   -0.010536   -0.001704   -0.001715   -0.000414   -0.001715
   -0.001704   -0.000119   -0.002092   -0.000119   -0.001704   -0.000168   -0.000414   -0.000168
   -0.000043   -0.000119   -0.000032   -0.000119   -0.000043   -0.000168   -0.000108   -0.000168
   -0.001704   -0.010536   -0.002092   -0.010536   -0.001704   -0.001715   -0.000414   -0.001715
   -0.024326   -0.010536   -2.453737   -0.010536   -0.024326   -0.001715   -0.004113   -0.001715
   -0.000691   -0.000164   -0.001312   -0.000164   -0.000691   -0.000059   -0.000286   -0.000059
   -0.000030   -0.000164   -0.000023   -0.000164   -0.000030   -0.000059   -0.000044   -0.000059
   -0.000691   -0.000119   -0.001312   -0.000119   -0.000691   -0.000168   -0.000286   -0.000168
   -0.001704   -0.000119   -0.002092   -0.000119   -0.001704   -0.000168   -0.000414   -0.000168
   -0.000030   -0.000164   -0.000023   -0.000164   -0.000030   -0.000059   -0.000044   -0.000059
   -0.000068   -0.000164   -0.000115   -0.000164   -0.000068   -0.000059   -0.000029   -0.000059
   -0.000030   -0.000119   -0.000023   -0.000119   -0.000030   -0.000168   -0.000044   -0.000168
   -0.000043   -0.000119   -0.000032   -0.000119   -0.000043   -0.000168   -0.000108   -0.000168

   -0.000168   -0.000691   -0.000119   -0.001312   -0.000119   -0.000691   -0.000168   -0.000286
   -0.000059   -0.000030   -0.000164   -0.000023   -0.000164   -0.000030   -0.000059   -0.000044
   -0.000059   -0.000691   -0.000164   -0.001312   -0.000164   -0.000691   -0.000059   -0.000286
   -0.000168   -0.001704   -0.000119   -0.002092   -0.000119   -0.001704   -0.000168   -0.000414
   -0.001715   -0.001704   -0.010536   -0.002092   -0.010536   -0.001704   -0.001715   -0.000414
   -0.000168   -0.000043   -0.000119   -0.000032   -0.000119   -0.000043   -0.000168   -0.000108
   -0.000168   -0.001704   -0.000119   -0.002092   -0.000119   -0.001704   -0.000168   -0.000414
   -0.001715   -0.024326   -0.010536   -2.453737   -0.010536   -0.024326   -0.001715   -0.004113
   -0.001715   -0.000691   -0.010536   -0.001312   -0.010536   -0.000691   -0.001715   -0.000286
   -0.000168   -0.000030   -0.000119   -0.000023   -0.000119   -0.000030   -0.000168   -0.000044
   -0.000168   -0.000691   -0.000119   -0.001312   -0.000119   -0.000691   -0.000168   -0.000286
   -0.001715   -0.001704   -0.010536   -0.002092   -0.010536   -0.001704   -0.001715   -0.000414
   -0.000168   -0.000030   -0.000119   -0.000023   -0.000119   -0.000030   -0.000168   -0.000044
   -0.000059   -0.000068   -0.000164   -0.000115   -0.000164   -0.000068   -0.000059   -0.000029
   -0.000059   -0.000030   -0.000164   -0.000023   -0.000164   -0.000030   -0.000059   -0.000044
   -0.000168   -0.000043   -0.000119   -0.000032   -0.000119   -0.000043   -0.000168   -0.000108

   -0.000286   -0.000168   -0.000691   -0.000119   -0.001312   -0.000119   -0.000691   -0.000168
   -0.000044   -0.000168   -0.000030   -0.000119   -0.000023   -0.000119   -0.000030   -0.000168
   -0.000286   -0.001715   -0.000691   -0.010536   -0.001312   -0.010536   -0.000691   -0.001715
   -0.000414   -0.001715   -0.001704   -0.010536   -0.002092   -0.010536   -0.001704   -0.001715
   -0.000414   -0.000168   -0.001704   -0.000119   -0.002092   -0.000119   -0.001704   -0.000168
   -0.000108   -0.000168   -0.000043   -0.000119   -0.000032   -0.000119   -0.000043   -0.000168
   -0.000414   -0.001715   -0.001704   -0.010536   -0.002092   -0.010536   -0.001704   -0.001715
   -0.004113   -0.001715   -0.024326   -0.010536   -2.453737   -0.010536   -0.024326   -0.001715
   -0.000286   -0.000059   -0.000691   -0.000164   -0.001312   -0.000164   -0.000691   -0.000059
   -0.000044   -0.000059   -0.000030   -0.000164   -0.000023   -0.000164   -0.000030   -0.000059
   -0.000286   -0.000168   -0.000691   -0.000119   -0.001312   -0.000119   -0.000691   -0.000168
   -0.000414   -0.000168   -0.001704   -0.000119   -0.002092   -0.000119   -0.001704   -0.000168
   -0.000044   -0.000059   -0.000030   -0.000164   -0.000023   -0.000164   -0.000030   -0.000059
   -0.000029   -0.000059   -0.000068   -0.000164   -0.000115   -0.000164   -0.000068   -0.000059
   -0.000044   -0.000168   -0.000030   -0.000119   -0.000023   -0.000119   -0.000030   -0.000168
   -0.000108   -0.000168   -0.000043   -0.000119   -0.000032   -0.000119   -0.000043   -0.000168

   -0.000168   -0.000286   -0.000168   -0.000691   -0.000119   -0.001312   -0.000119   -0.000691
   -0.000059   -0.000044   -0.000059   -0.000030   -0.000164   -0.000023   -0.000164   -0.000030
   -0.000059   -0.000286   -0.000059   -0.000691   -0.000164   -0.001312   -0.000164   -0.000691
   -0.000168   -0.000414   -0.000168   -0.001704   -0.000119   -0.002092   -0.000119   -0.001704
   -0.001715   -0.000414   -0.001715   -0.001704   -0.010536   -0.002092   -0.010536   -0.001704
   -0.000168   -0.000108   -0.000168   -0.000043   -0.000119   -0.000032   -0.000119   -0.000043
   -0.000168   -0.000414   -0.000168   -0.001704   -0.000119   -0.002092   -0.000119   -0.001704
   -0.001715   -0.004113   -0.001715   -0.024326   -0.010536   -2.453737   -0.010536   -0.024326
   -0.001715   -0.000286   -0.001715   -0.000691   -0.010536   -0.001312   -0.010536   -0.000691
   -0.000168   -0.000044   -0.000168   -0.000030   -0.000119   -0.000023   -0.000119   -0.000030
   -0.000168   -0.000286   -0.000168   -0.000691   -0.000119   -0.001312   -0.000119   -0.000691
   -0.001715   -0.000414   -0.001715   -0.001704   -0.010536   -0.002092   -0.010536   -0.001704
   -0.000168   -0.000044   -0.000168   -0.000030   -0.000119   -0.000023   -0.000119   -0.000030
   -0.000059   -0.000029   -0.000059   -0.000068   -0.000164   -0.000115   -0.000164   -0.000068
   -0.000059   -0.000044   -0.000059   -0.000030   -0.000164   -0.000023   -0.000164   -0.000030
   -0.000168   -0.000108   -0.000168   -0.000043   -0.000119   -0.000032   -0.000119   -0.000043

   -0.000691   -0.000168   -0.000286   -0.000168   -0.000691   -0.000119   -0.001312   -0.000119
   -0.000030   -0.000168   -0.000044   -0.000168   -0.000030   -0.000119   -0.000023   -0.000119
   -0.000691   -0.001715   -0.000286   -0.001715   -0.000691   -0.010536   -0.001312   -0.010536
   -0.001704   -0.001715   -0.000414   -0.001715   -0.001704   -0.010536   -0.002092   -0.010536
   -0.001704   -0.000168   -0.000414   -0.000168   -0.001704   -0.000119   -0.002092   -0.000119
   -0.000043   -0.000168   -0.000108   -0.000168   -0.000043   -0.000119   -0.000032   -0.000119
   -0.001704   -0.001715   -0.000414   -0.001715   -0.001704   -0.010536   -0.002092   -0.010536
   -0.024326   -0.001715   -0.004113   -0.001715   -0.024326   -0.010536   -2.453737   -0.010536
   -0.000691   -0.000059   -0.000286   -0.000059   -0.000691   -0.000164   -0.001312   -0.000164
   -0.000030   -0.000059   -0.000044   -0.000059   -0.000030   -0.000164   -0.000023   -0.000164
   -0.000691   -0.000168   -0.000286   -0.000168   -0.000691   -0.000119   -0.001312   -0.000119
   -0.001704   -0.000168   -0.000414   -0.000168   -0.001704   -0.000119   -0.002092   -0.000119
   -0.000030   -0.000059   -0.000044   -0.000059   -0.000030   -0.000164   -0.000023   -0.000164
   -0.000068   -0.000059   -0.000029   -0.000059   -0.000068   -0.000164   -0.000115   -0.000164
   -0.000030   -0.000168   -0.000044   -0.000168   -0.000030   -0.000119   -0.000023   -0.000119
   -0.000043   -0.000168   -0.000108   -0.000168   -0.000043   -0.000119   -0.000032   -0.000119

   -0.000119   -0.000691   -0.000168   -0.000286   -0.000168   -0.000691   -0.000119   -0.001312
   -0.000164   -0.000030   -0.000059   -0.000044   -0.000059   -0.000030   -0.000164   -0.000023
   -0.000164   -0.000691   -0.000059   -0.000286   -0.000059   -0.000691   -0.000164   -0.001312
   -0.000119   -0.001704   -0.000168   -0.000414   -0.000168   -0.001704   -0.000119   -0.002092
   -0.010536   -0.001704   -0.001715   -0.000414   -0.001715   -0.001704   -0.010536   -0.002092
   -0.000119   -0.000043   -0.000168   -0.000108   -0.000168   -0.000043   -0.000119   -0.000032
   -0.000119   -0.001704   -0.000168   -0.000414   -0.000168   -0.001704   -0.000119   -0.002092
   -0.010536   -0.024326   -0.001715   -0.004113   -0.001715   -0.024326   -0.010536   -2.453737
   -0.010536   -0.000691   -0.001715   -0.000286   -0.001715   -0.000691   -0.010536   -0.001312
   -0.000119   -0.000030   -0.000168   -0.000044   -0.000168   -0.000030   -0.000119   -0.000023
   -0.000119   -0.000691   -0.000168   -0.000286   -0.000168   -0.000691   -0.000119   -0.001312
   -0.010536   -0.001704   -0.001715   -0.000414   -0.001715   -0.001704   -0.010536   -0.002092
   -0.000119   -0.000030   -0.000168   -0.000044   -0.000168   -0.000030   -0.000119   -0.000023
   -0.000164   -0.000068   -0.000059   -0.000029   -0.000059   -0.000068   -0.000164   -0.000115
   -0.000164   -0.000030   -0.000059   -0.000044   -0.000059   -0.000030   -0.000164   -0.000023
   -0.000119   -0.000043   -0.000168   -0.000108   -0.000168   -0.000043   -0.000119   -0.000032

   -0.000032   -0.000119   -0.000043   -0.000168   -0.000108   -0.000168   -0.000043   -0.000119
   -0.000023   -0.000164   -0.000030   -0.000059   -0.000044   -0.000059   -0.000030   -0.000164
   -0.000115   -0.000164   -0.000068   -0.000059   -0.000029   -0.000059   -0.000068   -0.000164
   -0.000023   -0.000119   -0.000030   -0.000168   -0.000044   -0.000168   -0.000030   -0.000119
   -0.002092   -0.010536   -0.001704   -0.001715   -0.000414   -0.001715   -0.001704   -0.010536
   -0.001312   -0.000119   -0.000691   -0.000168   -0.000286   -0.000168   -0.000691   -0.000119
   -0.000023   -0.000119   -0.000030   -0.000168   -0.000044   -0.000168   -0.000030   -0.000119
   -0.001312   -0.010536   -0.000691   -0.001715   -0.000286   -0.001715   -0.000691   -0.010536
   -2.453737   -0.010536   -0.024326   -0.001715   -0.004113   -0.001715   -0.024326   -0.010536
   -0.002092   -0.000119   -0.001704   -0.000168   -0.000414   -0.000168   -0.001704   -0.000119
   -0.000032   -0.000119   -0.000043   -0.000168   -0.000108   -0.000168   -0.000043   -0.000119
   -0.002092   -0.010536   -0.001704   -0.001715   -0.000414   -0.001715   -0.001704   -0.010536
   -0.002092   -0.000119   -0.001704   -0.000168   -0.000414   -0.000168   -0.001704   -0.000119
   -0.001312   -0.000164   -0.000691   -0.000059   -0.000286   -0.000059   -0.000691   -0.000164
   -0.000023   -0.000164   -0.000030   -0.000059   -0.000044   -0.000059   -0.000030   -0.000164
   -0.001312   -0.000119   -0.000691   -0.000168   -0.000286   -0.000168   -0.000691   -0.000119

   -0.000119   -0.000032   -0.000119   -0.000043   -0.000168   -0.000108   -0.000168   -0.000043
   -0.000119   -0.000023   -0.000119   -0.000030   -0.000168   -0.000044   -0.000168   -0.000030
   -0.000164   -0.000115   -0.000164   -0.000068   -0.000059   -0.000029   -0.000059   -0.000068
   -0.000164   -0.000023   -0.000164   -0.000030   -0.000059   -0.000044   -0.000059   -0.000030
   -0.000119   -0.002092   -0.000119   -0.001704   -0.000168   -0.000414   -0.000168   -0.001704
   -0.000119   -0.001312   -0.000119   -0.000691   -0.000168   -0.000286   -0.000168   -0.000691
   -0.000164   -0.000023   -0.000164   -0.000030   -0.000059   -0.000044   -0.000059   -0.000030
   -0.000164   -0.001312   -0.000164   -0.000691   -0.000059   -0.000286   -0.000059   -0.000691
   -0.010536   -2.453737   -0.010536   -0.024326   -0.001715   -0.004113   -0.001715   -0.024326
   -0.010536   -0.002092   -0.010536   -0.001704   -0.001715   -0.000414   -0.001715   -0.001704
   -0.000119   -0.000032   -0.000119   -0.000043   -0.000168   -0.000108   -0.000168   -0.000043
   -0.000119   -0.002092   -0.000119   -0.001704   -0.000168   -0.000414   -0.000168   -0.001704
   -0.010536   -0.002092   -0.010536   -0.001704   -0.001715   -0.000414   -0.001715   -0.001704
   -0.010536   -0.001312   -0.010536   -0.000691   -0.001715   -0.000286   -0.001715   -0.000691
   -0.000119   -0.000023   -0.000119   -0.000030   -0.000168   -0.000044   -0.000168   -0.000030
   -0.000119   -0.001312   -0.000119   -0.000691   -0.000168   -0.000286   -0.000168   -0.000691

   -0.000043   -0.000119   -0.000032   -0.000119   -0.000043   -0.000168   -0.000108   -0.000168
   -0.000030   -0.000164   -0.000023   -0.000164   -0.000030   -0.000059   -0.000044   -0.000059
   -0.000068   -0.000164   -0.000115   -0.000164   -0.000068   -0.000059   -0.000029   -0.000059
   -0.000030   -0.000119   -0.000023   -0.000119   -0.000030   -0.000168   -0.000044   -0.000168
   -0.001704   -0.010536   -0.002092   -0.010536   -0.001704   -0.001715   -0.000414   -0.001715
   -0.000691   -0.000119   -0.001312   -0.000119   -0.000691   -0.000168   -0.000286   -0.000168
   -0.000030   -0.000119   -0.000023   -0.000119   -0.000030   -0.000168   -0.000044   -0.000168
   -0.000691   -0.010536   -0.001312   -0.010536   -0.000691   -0.001715   -0.000286   -0.001715
   -0.024326   -0.010536   -2.453737   -0.010536   -0.024326   -0.001715   -0.004113   -0.001715
   -0.001704   -0.000119   -0.002092   -0.000119   -0.001704   -0.000168   -0.000414   -0.000168
   -0.000043   -0.000119   -0.000032   -0.000119   -0.000043   -0.000168   -0.000108   -0.000168
   -0.001704   -0.010536   -0.002092   -0.010536   -0.001704   -0.001715   -0.000414   -0.001715
   -0.001704   -0.000119   -0.002092   -0.000119   -0.001704   -0.000168   -0.000414   -0.000168
   -0.000691   -0.000164   -0.001312   -0.000164   -0.000691   -0.000059   -0.000286   -0.000059
   -0.000030   -0.000164   -0.000023   -0.000164   -0.000030   -0.000059   -0.000044   -0.000059
   -0.000691   -0.000119   -0.001312   -0.000119   -0.000691   -0.000168   -0.000286   -0.000168

   -0.000168   -0.000043   -0.000119   -0.000032   -0.000119   -0.000043   -0.000168   -0.000108
   -0.000168   -0.000030   -0.000119   -0.000023   -0.000119   -0.000030   -0.000168   -0.000044
   -0.000059   -0.000068   -0.000164   -0.000115   -0.000164   -0.000068   -0.000059   -0.000029
   -0.000059   -0.000030   -0.000164   -0.000023   -0.000164   -0.000030   -0.000059   -0.000044
   -0.000168   -0.001704   -0.000119   -0.002092   -0.000119   -0.001704   -0.000168   -0.000414
   -0.000168   -0.000691   -0.000119   -0.001312   -0.000119   -0.000691   -0.000168   -0.000286
   -0.000059   -0.000030   -0.000164   -0.000023   -0.000164   -0.000030   -0.000059   -0.000044
   -0.000059   -0.000691   -0.000164   -0.001312   -0.000164   -0.000691   -0.000059   -0.000286
   -0.001715   -0.024326   -0.010536   -2.453737   -0.010536   -0.024326   -0.001715   -0.004113
   -0.001715   -0.001704   -0.010536   -0.002092   -0.010536   -0.001704   -0.001715   -0.000414
   -0.000168   -0.000043   -0.000119   -0.000032   -0.000119   -0.000043   -0.000168   -0.000108
   -0.000168   -0.001704   -0.000119   -0.002092   -0.000119   -0.001704   -0.000168   -0.000414
   -0.001715   -0.001704   -0.010536   -0.002092   -0.010536   -0.001704   -0.001715   -0.000414
   -0.001715   -0.000691   -0.010536   -0.001312   -0.010536   -0.000691   -0.001715   -0.000286
   -0.000168   -0.000030   -0.000119   -0.000023   -0.000119   -0.000030   -0.000168   -0.000044
   -0.000168   -0.000691   -0.000119   -0.001312   -0.000119   -0.000691   -0.000168   -0.000286

   -0.000108   -0.000168   -0.000043   -0.000119   -0.000032   -0.000119   -0.000043   -0.000168
   -0.000044   -0.000059   -0.000030   -0.000164   -0.000023   -0.000164   -0.000030   -0.000059
   -0.000029   -0.000059   -0.000068   -0.000164   -0.000115   -0.000164   -0.000068   -0.000059
   -0.000044   -0.000168   -0.000030   -0.000119   -0.000023   -0.000119   -0.000030   -0.000168
   -0.000414   -0.001715   -0.001704   -0.010536   -0.002092   -0.010536   -0.001704   -0.001715
   -0.000286   -0.000168   -0.000691   -0.000119   -0.001312   -0.000119   -0.000691   -0.000168
   -0.000044   -0.000168   -0.000030   -0.000119   -0.000023   -0.000119   -0.000030   -0.000168
   -0.000286   -0.001715   -0.000691   -0.010536   -0.001312   -0.010536   -0.000691   -0.001715
   -0.004113   -0.001715   -0.024326   -0.010536   -2.453737   -0.010536   -0.024326   -0.001715
   -0.000414   -0.000168   -0.001704   -0.000119   -0.002092   -0.000119   -0.001704   -0.000168
   -0.000108   -0.000168   -0.000043   -0.000119   -0.000032   -0.000119   -0.000043   -0.000168
   -0.000414   -0.001715   -0.001704   -0.010536   -0.002092   -0.010536   -0.001704   -0.001715
   -0.000414   -0.000168   -0.001704   -0.000119   -0.002092   -0.000119   -0.001704   -0.000168
   -0.000286   -0.000059   -0.000691   -0.000164   -0.001312   -0.000164   -0.000691   -0.000059
   -0.000044   -0.000059   -0.000030   -0.000164   -0.000023   -0.000164   -0.000030   -0.000059
   -0.000286   -0.000168   -0.000691   -0.000119   -0.001312   -0.000119   -0.000691   -0.000168

   -0.000168   -0.000108   -0.000168   -0.000043   -0.000119   -0.000032   -0.000119   -0.000043
   -0.000168   -0.000044   -0.000168   -0.000030   -0.000119   -0.000023   -0.000119   -0.000030
   -0.000059   -0.000029   -0.000059   -0.000068   -0.000164   -0.000115   -0.000164   -0.000068
   -0.000059   -0.000044   -0.000059   -0.000030   -0.000164   -0.000023   -0.000164   -0.000030
   -0.000168   -0.000414   -0.000168   -0.001704   -0.000119   -0.002092   -0.000119   -0.001704
   -0.000168   -0.000286   -0.000168   -0.000691   -0.000119   -0.001312   -0.000119   -0.000691
   -0.000059   -0.000044   -0.000059   -0.000030   -0.000164   -0.000023   -0.000164   -0.000030
   -0.000059   -0.000286   -0.000059   -0.000691   -0.000164   -0.001312   -0.000164   -0.000691
   -0.001715   -0.004113   -0.001715   -0.024326   -0.010536   -2.453737   -0.010536   -0.024326
   -0.001715   -0.000414   -0.001715   -0.001704   -0.010536   -0.002092   -0.010536   -0.001704
   -0.000168   -0.000108   -0.000168   -0.000043   -0.000119   -0.000032   -0.000119   -0.000043
   -0.000168   -0.000414   -0.000168   -0.001704   -0.000119   -0.002092   -0.000119   -0.001704
   -0.001715   -0.000414   -0.001715   -0.001704   -0.010536   -0.002092   -0.010536   -0.001704
   -0.001715   -0.000286   -0.001715   -0.000691   -0.010536   -0.001312   -0.010536   -0.000691
   -0.000168   -0.000044   -0.000168   -0.000030   -0.000119   -0.000023   -0.000119   -0.000030
   -0.000168   -0.000286   -0.000168   -0.000691   -0.000119   -0.001312   -0.000119   -0.000691

   -0.000043   -0.000168   -0.000108   -0.000168   -0.000043   -0.000119   -0.000032   -0.000119
   -0.000030   -0.000059   -0.000044   -0.000059   -0.000030   -0.000164   -0.000023   -0.000164
   -0.000068   -0.000059   -0.000029   -0.000059   -0.000068   -0.000164   -0.000115   -0.000164
   -0.000030   -0.000168   -0.000044   -0.000168   -0.000030   -0.000119   -0.000023   -0.000119
   -0.001704   -0.001715   -0.000414   -0.001715   -0.001704   -0.010536   -0.002092   -0.010536
   -0.000691   -0.000168   -0.000286   -0.000168   -0.000691   -0.000119   -0.001312   -0.000119
   -0.000030   -0.000168   -0.000044   -0.000168   -0.000030   -0.000119   -0.000023   -0.000119
   -0.000691   -0.001715   -0.000286   -0.001715   -0.000691   -0.010536   -0.001312   -0.010536
   -0.024326   -0.001715   -0.004113   -0.001715   -0.024326   -0.010536   -2.453737   -0.010536
   -0.001704   -0.000168   -0.000414   -0.000168   -0.001704   -0.000119   -0.002092   -0.000119
   -0.000043   -0.000168   -0.000108   -0.000168   -0.000043   -0.000119   -0.000032   -0.000119
   -0.001704   -0.001715   -0.000414   -0.001715   -0.001704   -0.010536   -0.002092   -0.010536
   -0.001704   -0.000168   -0.000414   -0.000168   -0.001704   -0.000119   -0.002092   -0.000119
   -0.000691   -0.000059   -0.000286   -0.000059   -0.000691   -0.000164   -0.001312   -0.000164
   -0.000030   -0.000059   -0.000044   -0.000059   -0.000030   -0.000164   -0.000023   -0.000164
   -0.000691   -0.000168   -0.000286   -0.000168   -0.000691   -0.000119   -0.001312   -0.000119

   -0.000119   -0.000043   -0.000168   -0.000108   -0.000168   -0.000043   -0.000119   -0.000032
   -0.000119   -0.000030   -0.000168   -0.000044   -0.000168   -0.000030   -0.000119   -0.000023
   -0.000164   -0.000068   -0.000059   -0.000029   -0.000059   -0.000068   -0.000164   -0.000115
   -0.000164   -0.000030   -0.000059   -0.000044   -0.000059   -0.000030   -0.000164   -0.000023
   -0.000119   -0.001704   -0.000168   -0.000414   -0.000168   -0.001704   -0.000119   -0.002092
   -0.000119   -0.000691   -0.000168   -0.000286   -0.000168   -0.000691   -0.000119   -0.001312
   -0.000164   -0.000030   -0.000059   -0.000044   -0.000059   -0.000030   -0.000164   -0.000023
   -0.000164   -0.000691   -0.000059   -0.000286   -0.000059   -0.000691   -0.000164   -0.001312
   -0.010536   -0.024326   -0.001715   -0.004113   -0.001715   -0.024326   -0.010536   -2.453737
   -0.010536   -0.001704   -0.001715   -0.000414   -0.001715   -0.001704   -0.010536   -0.002092
   -0.000119   -0.000043   -0.000168   -0.000108   -0.000168   -0.000043   -0.000119   -0.000032
   -0.000119   -0.001704   -0.000168   -0.000414   -0.000168   -0.001704   -0.000119   -0.002092
   -0.010536   -0.001704   -0.001715   -0.000414   -0.001715   -0.001704   -0.010536   -0.002092
   -0.010536   -0.000691   -0.001715   -0.000286   -0.001715   -0.000691   -0.010536   -0.001312
   -0.000119   -0.000030   -0.000168   -0.000044   -0.000168   -0.000030   -0.000119   -0.000023
   -0.000119   -0.000691   -0.000168   -0.000286   -0.000168   -0.000691   -0.000119   -0.001312

   -0.000023   -0.000119   -0.000030   -0.000168   -0.000044   -0.000168   -0.000030   -0.000119
   -0.000032   -0.000119   -0.000043   -0.000168   -0.000108   -0.000168   -0.000043   -0.000119
   -0.000023   -0.000164   -0.000030   -0.000059   -0.000044   -0.000059   -0.000030   -0.000164
   -0.000115   -0.000164   -0.000068   -0.000059   -0.000029   -0.000059   -0.000068   -0.000164
   -0.001312   -0.010536   -0.000691   -0.001715   -0.000286   -0.001715   -0.000691   -0.010536
   -0.002092   -0.010536   -0.001704   -0.001715   -0.000414   -0.001715   -0.001704   -0.010536
   -0.001312   -0.000119   -0.000691   -0.000168   -0.000286   -0.000168   -0.000691   -0.000119
   -0.000023   -0.000119   -0.000030   -0.000168   -0.000044   -0.000168   -0.000030   -0.000119
   -0.002092   -0.010536   -0.001704   -0.001715   -0.000414   -0.001715   -0.001704   -0.010536
   -2.453737   -0.010536   -0.024326   -0.001715   -0.004113   -0.001715   -0.024326   -0.010536
   -0.002092   -0.000119   -0.001704   -0.000168   -0.000414   -0.000168   -0.001704   -0.000119
   -0.000032   -0.000119   -0.000043   -0.000168   -0.000108   -0.000168   -0.000043   -0.000119
   -0.001312   -0.000119   -0.000691   -0.000168   -0.000286   -0.000168   -0.000691   -0.000119
   -0.002092   -0.000119   -0.001704   -0.000168   -0.000414   -0.000168   -0.001704   -0.000119
   -0.001312   -0.000164   -0.000691   -0.000059   -0.000286   -0.000059   -0.000691   -0.000164
   -0.000023   -0.000164   -0.000030   -0.000059   -0.000044   -0.000059   -0.000030   -0.000164

   -0.000164   -0.000023   -0.000164   -0.000030   -0.000059   -0.000044   -0.000059   -0.000030
   -0.000119   -0.000032   -0.000119   -0.000043   -0.000168   -0.000108   -0.000168   -0.000043
   -0.000119   -0.000023   -0.000119   -0.000030   -0.000168   -0.000044   -0.000168   -0.000030
   -0.000164   -0.000115   -0.000164   -0.000068   -0.000059   -0.000029   -0.000059   -0.000068
   -0.000164   -0.001312   -0.000164   -0.000691   -0.000059   -0.000286   -0.000059   -0.000691
   -0.000119   -0.002092   -0.000119   -0.001704   -0.000168   -0.000414   -0.000168   -0.001704
   -0.000119   -0.001312   -0.000119   -0.000691   -0.000168   -0.000286   -0.000168   -0.000691
   -0.000164   -0.000023   -0.000164   -0.000030   -0.000059   -0.000044   -0.000059   -0.000030
   -0.000119   -0.002092   -0.000119   -0.001704   -0.000168   -0.000414   -0.000168   -0.001704
   -0.010536   -2.453737   -0.010536   -0.024326   -0.001715   -0.004113   -0.001715   -0.024326
   -0.010536   -0.002092   -0.010536   -0.001704   -0.001715   -0.000414   -0.001715   -0.001704
   -0.000119   -0.000032   -0.000119   -0.000043   -0.000168   -0.000108   -0.000168   -0.000043
   -0.000119   -0.001312   -0.000119   -0.000691   -0.000168   -0.000286   -0.000168   -0.000691
   -0.010536   -0.002092   -0.010536   -0.001704   -0.001715   -0.000414   -0.001715   -0.001704
   -0.010536   -0.001312   -0.010536   -0.000691   -0.001715   -0.000286   -0.001715   -0.000691
   -0.000119   -0.000023   -0.000119   -0.000030   -0.000168   -0.000044   -0.000168   -0.000030

   -0.000030   -0.000119   -0.000023   -0.000119   -0.000030   -0.000168   -0.000044   -0.000168
   -0.000043   -0.000119   -0.000032   -0.000119   -0.000043   -0.000168   -0.000108   -0.000168
   -0.000030   -0.000164   -0.000023   -0.000164   -0.000030   -0.000059   -0.000044   -0.000059
   -0.000068   -0.000164   -0.000115   -0.000164   -0.000068   -0.000059   -0.000029   -0.000059
   -0.000691   -0.010536   -0.001312   -0.010536   -0.000691   -0.001715   -0.000286   -0.001715
   -0.001704   -0.010536   -0.002092   -0.010536   -0.001704   -0.001715   -0.000414   -0.001715
   -0.000691   -0.000119   -0.001312   -0.000119   -0.000691   -0.000168   -0.000286   -0.000168
   -0.000030   -0.000119   -0.000023   -0.000119   -0.000030   -0.000168   -0.000044   -0.000168
   -0.001704   -0.010536   -0.002092   -0.010536   -0.001704   -0.001715   -0.000414   -0.001715
   -0.024326   -0.010536   -2.453737   -0.010536   -0.024326   -0.001715   -0.004113   -0.001715
   -0.001704   -0.000119   -0.002092   -0.000119   -0.001704   -0.000168   -0.000414   -0.000168
   -0.000043   -0.000119   -0.000032   -0.000119   -0.000043   -0.000168   -0.000108   -0.000168
   -0.000691   -0.000119   -0.001312   -0.000119   -0.000691   -0.000168   -0.000286   -0.000168
   -0.001704   -0.000119   -0.002092   -0.000119   -0.001704   -0.000168   -0.000414   -0.000168
   -0.000691   -0.000164   -0.001312   -0.000164   -0.000691   -0.000059   -0.000286   -0.000059
   -0.000030   -0.000164   -0.000023   -0.000164   -0.000030   -0.000059   -0.000044   -0.000059

   -0.000059   -0.000030   -0.000164   -0.000023   -0.000164   -0.000030   -0.000059   -0.000044
   -0.000168   -0.000043   -0.000119   -0.000032   -0.000119   -0.000043   -0.000168   -0.000108
   -0.000168   -0.000030   -0.000119   -0.000023   -0.000119   -0.000030   -0.000168   -0.000044
   -0.000059   -0.000068   -0.000164   -0.000115   -0.000164   -0.000068   -0.000059   -0.000029
   -0.000059   -0.000691   -0.000164   -0.001312   -0.000164   -0.000691   -0.000059   -0.000286
   -0.000168   -0.001704   -0.000119   -0.002092   -0.000119   -0.001704   -0.000168   -0.000414
   -0.000168   -0.000691   -0.000119   -0.001312   -0.000119   -0.000691   -0.000168   -0.000286
   -0.000059   -0.000030   -0.000164   -0.000023   -0.000164   -0.000030   -0.000059   -0.000044
   -0.000168   -0.001704   -0.000119   -0.002092   -0.000119   -0.001704   -0.000168   -0.000414
   -0.001715   -0.024326   -0.010536   -2.453737   -0.010536   -0.024326   -0.001715   -0.004113
   -0.001715   -0.001704   -0.010536   -0.002092   -0.010536   -0.001704   -0.001715   -0.000414
   -0.000168   -0.000043   -0.000119   -0.000032   -0.000119   -0.000043   -0.000168   -0.000108
   -0.000168   -0.000691   -0.000119   -0.001312   -0.000119   -0.000691   -0.000168   -0.000286
   -0.001715   -0.001704   -0.010536   -0.002092   -0.010536   -0.001704   -0.001715   -0.000414
   -0.001715   -0.000691   -0.010536   -0.001312   -0.010536   -0.000691   -0.001715   -0.000286
   -0.000168   -0.000030   -0.000119   -0.000023   -0.000119   -0.000030   -0.000168   -0.000044

   -0.000044   -0.000168   -0.000030   -0.000119   -0.000023   -0.000119   -0.000030   -0.000168
   -0.000108   -0.000168   -0.000043   -0.000119   -0.000032   -0.000119   -0.000043   -0.000168
   -0.000044   -0.000059   -0.000030   -0.000164   -0.000023   -0.000164   -0.000030   -0.000059
   -0.000029   -0.000059   -0.000068   -0.000164   -0.000115   -0.000164   -0.000068   -0.000059
   -0.000286   -0.001715   -0.000691   -0.010536   -0.001312   -0.010536   -0.000691   -0.001715
   -0.000414   -0.001715   -0.001704   -0.010536   -0.002092   -0.010536   -0.001704   -0.001715
   -0.000286   -0.000168   -0.000691   -0.000119   -0.001312   -0.000119   -0.000691   -0.000168
   -0.000044   -0.000168   -0.000030   -0.000119   -0.000023   -0.000119   -0.000030   -0.000168
   -0.000414   -0.001715   -0.001704   -0.010536   -0.002092   -0.010536   -0.001704   -0.001715
   -0.004113   -0.001715   -0.024326   -0.010536   -2.453737   -0.010536   -0.024326   -0.001715
   -0.000414   -0.000168   -0.001704   -0.000119   -0.002092   -0.000119   -0.001704   -0.000168
   -0.000108   -0.000168   -0.000043   -0.000119   -0.000032   -0.000119   -0.000043   -0.000168
   -0.000286   -0.000168   -0.000691   -0.000119   -0.001312   -0.000119   -0.000691   -0.000168
   -0.000414   -0.000168   -0.001704   -0.000119   -0.002092   -0.000119   -0.001704   -0.000168
   -0.000286   -0.000059   -0.000691   -0.000164   -0.001312   -0.000164   -0.000691   -0.000059
   -0.000044   -0.000059   -0.000030   -0.000164   -0.000023   -0.000164   -0.000030   -0.000059

   -0.000059   -0.000044   -0.000059   -0.000030   -0.000164   -0.000023   -0.000164   -0.000030
   -0.000168   -0.000108   -0.000168   -0.000043   -0.000119   -0.000032   -0.000119   -0.000043
   -0.000168   -0.000044   -0.000168   -0.000030   -0.000119   -0.000023   -0.000119   -0.000030
   -0.000059   -0.000029   -0.000059   -0.000068   -0.000164   -0.000115   -0.000164   -0.000068
   -0.000059   -0.000286   -0.000059   -0.000691   -0.000164   -0.001312   -0.000164   -0.000691
   -0.000168   -0.000414   -0.000168   -0.001704   -0.000119   -0.002092   -0.000119   -0.001704
   -0.000168   -0.000286   -0.000168   -0.000691   -0.000119   -0.001312   -0.000119   -0.000691
   -0.000059   -0.000044   -0.000059   -0.000030   -0.000164   -0.000023   -0.000164   -0.000030
   -0.000168   -0.000414   -0.000168   -0.001704   -0.000119   -0.002092   -0.000119   -0.001704
   -0.001715   -0.004113   -0.001715   -0.024326   -0.010536   -2.453737   -0.010536   -0.024326
   -0.001715   -0.000414   -0.001715   -0.001704   -0.010536   -0.002092   -0.010536   -0.001704
   -0.000168   -0.000108   -0.000168   -0.000043   -0.000119   -0.000032   -0.000119   -0.000043
   -0.000168   -0.000286   -0.000168   -0.000691   -0.000119   -0.001312   -0.000119   -0.000691
   -0.001715   -0.000414   -0.001715   -0.001704   -0.010536   -0.002092   -0.010536   -0.001704
   -0.001715   -0.000286   -0.001715   -0.000691   -0.010536   -0.001312   -0.010536   -0.000691
   -0.000168   -0.000044   -0.000168   -0.000030   -0.000119   -0.000023   -0.000119   -0.000030

   -0.000030   -0.000168   -0.000044   -0.000168   -0.000030   -0.000119   -0.000023   -0.000119
   -0.000043   -0.000168   -0.000108   -0.000168   -0.000043   -0.000119   -0.000032   -0.000119
   -0.000030   -0.000059   -0.000044   -0.000059   -0.000030   -0.000164   -0.000023   -0.000164
   -0.000068   -0.000059   -0.000029   -0.000059   -0.000068   -0.000164   -0.000115   -0.000164
   -0.000691   -0.001715   -0.000286   -0.001715   -0.000691   -0.010536   -0.001312   -0.010536
   -0.001704   -0.001715   -0.000414   -0.001715   -0.001704   -0.010536   -0.002092   -0.010536
   -0.000691   -0.000168   -0.000286   -0.000168   -0.000691   -0.000119   -0.001312   -0.000119
   -0.000030   -0.000168   -0.000044   -0.000168   -0.000030   -0.000119   -0.000023   -0.000119
   -0.001704   -0.001715   -0.000414   -0.001715   -0.001704   -0.010536   -0.002092   -0.010536
   -0.024326   -0.001715   -0.004113   -0.001715   -0.024326   -0.010536   -2.453737   -0.010536
   -0.001704   -0.000168   -0.000414   -0.000168   -0.001704   -0.000119   -0.002092   -0.000119
   -0.000043   -0.000168   -0.000108   -0.000168   -0.000043   -0.000119   -0.000032   -0.000119
   -0.000691   -0.000168   -0.000286   -0.000168   -0.000691   -0.000119   -0.001312   -0.000119
   -0.001704   -0.000168   -0.000414   -0.000168   -0.001704   -0.000119   -0.002092   -0.000119
   -0.000691   -0.000059   -0.000286   -0.000059   -0.000691   -0.000164   -0.001312   -0.000164
   -0.000030   -0.000059   -0.000044   -0.000059   -0.000030   -0.000164   -0.000023   -0.000164

   -0.000164   -0.000030   -0.000059   -0.000044   -0.000059   -0.000030   -0.000164   -0.000023
   -0.000119   -0.000043   -0.000168   -0.000108   -0.000168   -0.000043   -0.000119   -0.000032
   -0.000119   -0.000030   -0.000168   -0.000044   -0.000168   -0.000030   -0.000119   -0.000023
   -0.000164   -0.000068   -0.000059   -0.000029   -0.000059   -0.000068   -0.000164   -0.000115
   -0.000164   -0.000691   -0.000059   -0.000286   -0.000059   -0.000691   -0.000164   -0.001312
   -0.000119   -0.001704   -0.000168   -0.000414   -0.000168   -0.001704   -0.000119   -0.002092
   -0.000119   -0.000691   -0.000168   -0.000286   -0.000168   -0.000691   -0.000119   -0.001312
   -0.000164   -0.000030   -0.000059   -0.000044   -0.000059   -0.000030   -0.000164   -0.000023
   -0.000119   -0.001704   -0.000168   -0.000414   -0.000168   -0.001704   -0.000119   -0.002092
   -0.010536   -0.024326   -0.001715   -0.004113   -0.001715   -0.024326   -0.010536   -2.453737
   -0.010536   -0.001704   -0.001715   -0.000414   -0.001715   -0.001704   -0.010536   -0.002092
   -0.000119   -0.000043   -0.000168   -0.000108   -0.000168   -0.000043   -0.000119   -0.000032
   -0.000119   -0.000691   -0.000168   -0.000286   -0.000168   -0.000691   -0.000119   -0.001312
   -0.010536   -0.001704   -0.001715   -0.000414   -0.001715   -0.001704   -0.010536   -0.002092
   -0.010536   -0.000691   -0.001715   -0.000286   -0.001715   -0.000691   -0.010536   -0.001312
   -0.000119   -0.000030   -0.000168   -0.000044   -0.000168   -0.000030   -0.000119   -0.000023

   -0.000115   -0.000164   -0.000068   -0.000059   -0.000029   -0.000059   -0.000068   -0.000164
   -0.000023   -0.000119   -0.000030   -0.000168   -0.000044   -0.000168   -0.000030   -0.000119
   -0.000032   -0.000119   -0.000043   -0.000168   -0.000108   -0.000168   -0.000043   -0.000119
   -0.000023   -0.000164   -0.000030   -0.000059   -0.000044   -0.000059   -0.000030   -0.000164
   -0.000023   -0.000119   -0.000030   -0.000168   -0.000044   -0.000168   -0.000030   -0.000119
   -0.001312   -0.010536   -0.000691   -0.001715   -0.000286   -0.001715   -0.000691   -0.010536
   -0.002092   -0.010536   -0.001704   -0.001715   -0.000414   -0.001715   -0.001704   -0.010536
   -0.001312   -0.000119   -0.000691   -0.000168   -0.000286   -0.000168   -0.000691   -0.000119
   -0.000032   -0.000119   -0.000043   -0.000168   -0.000108   -0.000168   -0.000043   -0.000119
   -0.002092   -0.010536   -0.001704   -0.001715   -0.000414   -0.001715   -0.001704   -0.010536
   -2.453737   -0.010536   -0.024326   -0.001715   -0.004113   -0.001715   -0.024326   -0.010536
   -0.002092   -0.000119   -0.001704   -0.000168   -0.000414   -0.000168   -0.001704   -0.000119
   -0.000023   -0.000164   -0.000030   -0.000059   -0.000044   -0.000059   -0.000030   -0.000164
   -0.001312   -0.000119   -0.000691   -0.000168   -0.000286   -0.000168   -0.000691   -0.000119
   -0.002092   -0.000119   -0.001704   -0.000168   -0.000414   -0.000168   -0.001704   -0.000119
   -0.001312   -0.000164   -0.000691   -0.000059   -0.000286   -0.000059   -0.000691   -0.000164

   -0.000164   -0.000115   -0.000164   -0.000068   -0.000059   -0.000029   -0.000059   -0.000068
   -0.000164   -0.000023   -0.000164   -0.000030   -0.000059   -0.000044   -0.000059   -0.000030
   -0.000119   -0.000032   -0.000119   -0.000043   -0.000168   -0.000108   -0.000168   -0.000043
   -0.000119   -0.000023   -0.000119   -0.000030   -0.000168   -0.000044   -0.000168   -0.000030
   -0.000164   -0.000023   -0.000164   -0.000030   -0.000059   -0.000044   -0.000059   -0.000030
   -0.000164   -0.001312   -0.000164   -0.000691   -0.000059   -0.000286   -0.000059   -0.000691
   -0.000119   -0.002092   -0.000119   -0.001704   -0.000168   -0.000414   -0.000168   -0.001704
   -0.000119   -0.001312   -0.000119   -0.000691   -0.000168   -0.000286   -0.000168   -0.000691
   -0.000119   -0.000032   -0.000119   -0.000043   -0.000168   -0.000108   -0.000168   -0.000043
   -0.000119   -0.002092   -0.000119   -0.001704   -0.000168   -0.000414   -0.000168   -0.001704
   -0.010536   -2.453737   -0.010536   -0.024326   -0.001715   -0.004113   -0.001715   -0.024326
   -0.010536   -0.002092   -0.010536   -0.001704   -0.001715   -0.000414   -0.001715   -0.001704
   -0.000119   -0.000023   -0.000119   -0.000030   -0.000168   -0.000044   -0.000168   -0.000030
   -0.000119   -0.001312   -0.000119   -0.000691   -0.000168   -0.000286   -0.000168   -0.000691
   -0.010536   -0.002092   -0.010536   -0.001704   -0.001715   -0.000414   -0.001715   -0.001704
   -0.010536   -0.001312   -0.010536   -0.000691   -0.001715   -0.000286   -0.001715   -0.000691

   -0.000068   -0.000164   -0.000115   -0.000164   -0.000068   -0.000059   -0.000029   -0.000059
   -0.000030   -0.000119   -0.000023   -0.000119   -0.000030   -0.000168   -0.000044   -0.000168
   -0.000043   -0.000119   -0.000032   -0.000119   -0.000043   -0.000168   -0.000108   -0.000168
   -0.000030   -0.000164   -0.000023   -0.000164   -0.000030   -0.000059   -0.000044   -0.000059
   -0.000030   -0.000119   -0.000023   -0.000119   -0.000030   -0.000168   -0.000044   -0.000168
   -0.000691   -0.010536   -0.001312   -0.010536   -0.000691   -0.001715   -0.000286   -0.001715
   -0.001704   -0.010536   -0.002092   -0.010536   -0.001704   -0.001715   -0.000414   -0.001715
   -0.000691   -0.000119   -0.001312   -0.000119   -0.000691   -0.000168   -0.000286   -0.000168
   -0.000043   -0.000119   -0.000032   -0.000119   -0.000043   -0.000168   -0.000108   -0.000168
   -0.001704   -0.010536   -0.002092   -0.010536   -0.001704   -0.001715   -0.000414   -0.001715
   -0.024326   -0.010536   -2.453737   -0.010536   -0.024326   -0.001715   -0.004113   -0.001715
   -0.001704   -0.000119   -0.002092   -0.000119   -0.001704   -0.000168   -0.000414   -0.000168
   -0.000030   -0.000164   -0.000023   -0.000164   -0.000030   -0.000059   -0.000044   -0.000059
   -0.000691   -0.000119   -0.001312   -0.000119   -0.000691   -0.000168   -0.000286   -0.000168
   -0.001704   -0.000119   -0.002092   -0.000119   -0.001704   -0.000168   -0.000414   -0.000168
   -0.000691   -0.000164   -0.001312   -0.000164   -0.000691   -0.000059   -0.000286   -0.000059

   -0.000059   -0.000068   -0.000164   -0.000115   -0.000164   -0.000068   -0.000059   -0.000029
   -0.000059   -0.000030   -0.000164   -0.000023   -0.000164   -0.000030   -0.000059   -0.000044
   -0.000168   -0.000043   -0.000119   -0.000032   -0.000119   -0.000043   -0.000168   -0.000108
   -0.000168   -0.000030   -0.000119   -0.000023   -0.000119   -0.000030   -0.000168   -0.000044
   -0.000059   -0.000030   -0.000164   -0.000023   -0.000164   -0.000030   -0.000059   -0.000044
   -0.000059   -0.000691   -0.000164   -0.001312   -0.000164   -0.000691   -0.000059   -0.000286
   -0.000168   -0.001704   -0.000119   -0.002092   -0.000119   -0.001704   -0.000168   -0.000414
   -0.000168   -0.000691   -0.000119   -0.001312   -0.000119   -0.000691   -0.000168   -0.000286
   -0.000168   -0.000043   -0.000119   -0.000032   -0.000119   -0.000043   -0.000168   -0.000108
   -0.000168   -0.001704   -0.000119   -0.002092   -0.000119   -0.001704   -0.000168   -0.000414
   -0.001715   -0.024326   -0.010536   -2.453737   -0.010536   -0.024326   -0.001715   -0.004113
   -0.001715   -0.001704   -0.010536   -0.002092   -0.010536   -0.001704   -0.001715   -0.000414
   -0.000168   -0.000030   -0.000119   -0.000023   -0.000119   -0.000030   -0.000168   -0.000044
   -0.000168   -0.000691   -0.000119   -0.001312   -0.000119   -0.000691   -0.000168   -0.000286
   -0.001715   -0.001704   -0.010536   -0.002092   -0.010536   -0.001704   -0.001715   -0.000414
   -0.001715   -0.000691   -0.010536   -0.001312   -0.010536   -0.000691   -0.001715   -0.000286

   -0.000029   -0.000059   -0.000068   -0.000164   -0.000115   -0.000164   -0.000068   -0.000059
   -0.000044   -0.000168   -0.000030   -0.000119   -0.000023   -0.000119   -0.000030   -0.000168
   -0.000108   -0.000168   -0.000043   -0.000119   -0.000032   -0.000119   -0.000043   -0.000168
   -0.000044   -0.000059   -0.000030   -0.000164   -0.000023   -0.000164   -0.000030   -0.000059
   -0.000044   -0.000168   -0.000030   -0.000119   -0.000023   -0.000119   -0.000030   -0.000168
   -0.000286   -0.001715   -0.000691   -0.010536   -0.001312   -0.010536   -0.000691   -0.001715
   -0.000414   -0.001715   -0.001704   -0.010536   -0.002092   -0.010536   -0.001704   -0.001715
   -0.000286   -0.000168   -0.000691   -0.000119   -0.001312   -0.000119   -0.000691   -0.000168
   -0.000108   -0.000168   -0.000043   -0.000119   -0.000032   -0.000119   -0.000043   -0.000168
   -0.000414   -0.001715   -0.001704   -0.010536   -0.002092   -0.010536   -0.001704   -0.001715
   -0.004113   -0.001715   -0.024326   -0.010536   -2.453737   -0.010536   -0.024326   -0.001715
   -0.000414   -0.000168   -0.001704   -0.000119   -0.002092   -0.000119   -0.001704   -0.000168
   -0.000044   -0.000059   -0.000030   -0.000164   -0.000023   -0.000164   -0.000030   -0.000059
   -0.000286   -0.000168   -0.000691   -0.000119   -0.001312   -0.000119   -0.000691   -0.000168
   -0.000414   -0.000168   -0.001704   -0.000119   -0.002092   -0.000119   -0.001704   -0.000168
   -0.000286   -0.000059   -0.000691   -0.000164   -0.001312   -0.000164   -0.000691   -0.000059

   -0.000059   -0.000029   -0.000059   -0.000068   -0.000164   -0.000115   -0.000164   -0.000068
   -0.000059   -0.000044   -0.000059   -0.000030   -0.000164   -0.000023   -0.000164   -0.000030
   -0.000168   -0.000108   -0.000168   -0.000043   -0.000119   -0.000032   -0.000119   -0.000043
   -0.000168   -0.000044   -0.000168   -0.000030   -0.000119   -0.000023   -0.000119   -0.000030
   -0.000059   -0.000044   -0.000059   -0.000030   -0.000164   -0.000023   -0.000164   -0.000030
   -0.000059   -0.000286   -0.000059   -0.000691   -0.000164   -0.001312   -0.000164   -0.000691
   -0.000168   -0.000414   -0.000168   -0.001704   -0.000119   -0.002092   -0.000119   -0.001704
   -0.000168   -0.000286   -0.000168   -0.000691   -0.000119   -0.001312   -0.000119   -0.000691
   -0.000168   -0.000108   -0.000168   -0.000043   -0.000119   -0.000032   -0.000119   -0.000043
   -0.000168   -0.000414   -0.000168   -0.001704   -0.000119   -0.002092   -0.000119   -0.001704
   -0.001715   -0.004113   -0.001715   -0.024326   -0.010536   -2.453737   -0.010536   -0.024326
   -0.001715   -0.000414   -0.001715   -0.001704   -0.010536   -0.002092   -0.010536   -0.001704
   -0.000168   -0.000044   -0.000168   -0.000030   -0.000119   -0.000023   -0.000119   -0.000030
   -0.000168   -0.000286   -0.000168   -0.000691   -0.000119   -0.001312   -0.000119   -0.000691
   -0.001715   -0.000414   -0.001715   -0.001704   -0.010536   -0.002092   -0.010536   -0.001704
   -0.001715   -0.000286   -0.001715   -0.000691   -0.010536   -0.001312   -0.010536   -0.000691

   -0.000068   -0.000059   -0.000029   -0.000059   -0.000068   -0.000164   -0.000115   -0.000164
   -0.000030   -0.000168   -0.000044   -0.000168   -0.000030   -0.000119   -0.000023   -0.000119
   -0.000043   -0.000168   -0.000108   -0.000168   -0.000043   -0.000119   -0.000032   -0.000119
   -0.000030   -0.000059   -0.000044   -0.000059   -0.000030   -0.000164   -0.000023   -0.000164
   -0.000030   -0.000168   -0.000044   -0.000168   -0.000030   -0.000119   -0.000023   -0.000119
   -0.000691   -0.001715   -0.000286   -0.001715   -0.000691   -0.010536   -0.001312   -0.010536
   -0.001704   -0.001715   -0.000414   -0.001715   -0.001704   -0.010536   -0.002092   -0.010536
   -0.000691   -0.000168   -0.000286   -0.000168   -0.000691   -0.000119   -0.001312   -0.000119
   -0.000043   -0.000168   -0.000108   -0.000168   -0.000043   -0.000119   -0.000032   -0.000119
   -0.001704   -0.001715   -0.000414   -0.001715   -0.001704   -0.010536   -0.002092   -0.010536
   -0.024326   -0.001715   -0.004113   -0.001715   -0.024326   -0.010536   -2.453737   -0.010536
   -0.001704   -0.000168   -0.000414   -0.000168   -0.001704   -0.000119   -0.002092   -0.000119
   -0.000030   -0.000059   -0.000044   -0.000059   -0.000030   -0.000164   -0.000023   -0.000164
   -0.000691   -0.000168   -0.000286   -0.000168   -0.000691   -0.000119   -0.001312   -0.000119
   -0.001704   -0.000168   -0.000414   -0.000168   -0.001704   -0.000119   -0.002092   -0.000119
   -0.000691   -0.000059   -0.000286   -0.000059   -0.000691   -0.000164   -0.001312   -0.000164

   -0.000164   -0.000068   -0.000059   -0.000029   -0.000059   -0.000068   -0.000164   -0.000115
   -0.000164   -0.000030   -0.000059   -0.000044   -0.000059   -0.000030   -0.000164   -0.000023
   -0.000119   -0.000043   -0.000168   -0.000108   -0.000168   -0.000043   -0.000119   -0.000032
   -0.000119   -0.000030   -0.000168   -0.000044   -0.000168   -0.000030   -0.000119   -0.000023
   -0.000164   -0.000030   -0.000059   -0.000044   -0.000059   -0.000030   -0.000164   -0.000023
   -0.000164   -0.000691   -0.000059   -0.000286   -0.000059   -0.000691   -0.000164   -0.001312
   -0.000119   -0.001704   -0.000168   -0.000414   -0.000168   -0.001704   -0.000119   -0.002092
   -0.000119   -0.000691   -0.000168   -0.000286   -0.000168   -0.000691   -0.000119   -0.001312
   -0.000119   -0.000043   -0.000168   -0.000108   -0.000168   -0.000043   -0.000119   -0.000032
   -0.000119   -0.001704   -0.000168   -0.000414   -0.000168   -0.001704   -0.000119   -0.002092
   -0.010536   -0.024326   -0.001715   -0.004113   -0.001715   -0.024326   -0.010536   -2.453737
   -0.010536   -0.001704   -0.001715   -0.000414   -0.001715   -0.001704   -0.010536   -0.002092
   -0.000119   -0.000030   -0.000168   -0.000044   -0.000168   -0.000030   -0.000119   -0.000023
   -0.000119   -0.000691   -0.000168   -0.000286   -0.000168   -0.000691   -0.000119   -0.001312
   -0.010536   -0.001704   -0.001715   -0.000414   -0.001715   -0.001704   -0.010536   -0.002092
   -0.010536   -0.000691   -0.001715   -0.000286   -0.001715   -0.000691   -0.010536   -0.001312

   -0.000023   -0.000164   -0.000030   -0.000059   -0.000044   -0.000059   -0.000030   -0.000164
   -0.000115   -0.000164   -0.000068   -0.000059   -0.000029   -0.000059   -0.000068   -0.000164
   -0.000023   -0.000119   -0.000030   -0.000168   -0.000044   -0.000168   -0.000030   -0.000119
   -0.000032   -0.000119   -0.000043   -0.000168   -0.000108   -0.000168   -0.000043   -0.000119
   -0.001312   -0.000119   -0.000691   -0.000168   -0.000286   -0.000168   -0.000691   -0.000119
   -0.000023   -0.000119   -0.000030   -0.000168   -0.000044   -0.000168   -0.000030   -0.000119
   -0.001312   -0.010536   -0.000691   -0.001715   -0.000286   -0.001715   -0.000691   -0.010536
   -0.002092   -0.010536   -0.001704   -0.001715   -0.000414   -0.001715   -0.001704   -0.010536
   -0.002092   -0.000119   -0.001704   -0.000168   -0.000414   -0.000168   -0.001704   -0.000119
   -0.000032   -0.000119   -0.000043   -0.000168   -0.000108   -0.000168   -0.000043   -0.000119
   -0.002092   -0.010536   -0.001704   -0.001715   -0.000414   -0.001715   -0.001704   -0.010536
   -2.453737   -0.010536   -0.024326   -0.001715   -0.004113   -0.001715   -0.024326   -0.010536
   -0.001312   -0.000164   -0.000691   -0.000059   -0.000286   -0.000059   -0.000691   -0.000164
   -0.000023   -0.000164   -0.000030   -0.000059   -0.000044   -0.000059   -0.000030   -0.000164
   -0.001312   -0.000119   -0.000691   -0.000168   -0.000286   -0.000168   -0.000691   -0.000119
   -0.002092   -0.000119   -0.001704   -0.000168   -0.000414   -0.000168   -0.001704   -0.000119

   -0.000119   -0.000023   -0.000119   -0.000030   -0.000168   -0.000044   -0.000168   -0.000030
   -0.000164   -0.000115   -0.000164   -0.000068   -0.000059   -0.000029   -0.000059   -0.000068
   -0.000164   -0.000023   -0.000164   -0.000030   -0.000059   -0.000044   -0.000059   -0.000030
   -0.000119   -0.000032   -0.000119   -0.000043   -0.000168   -0.000108   -0.000168   -0.000043
   -0.000119   -0.001312   -0.000119   -0.000691   -0.000168   -0.000286   -0.000168   -0.000691
   -0.000164   -0.000023   -0.000164   -0.000030   -0.000059   -0.000044   -0.000059   -0.000030
   -0.000164   -0.001312   -0.000164   -0.000691   -0.000059   -0.000286   -0.000059   -0.000691
   -0.000119   -0.002092   -0.000119   -0.001704   -0.000168   -0.000414   -0.000168   -0.001704
   -0.010536   -0.002092   -0.010536   -0.001704   -0.001715   -0.000414   -0.001715   -0.001704
   -0.000119   -0.000032   -0.000119   -0.000043   -0.000168   -0.000108   -0.000168   -0.000043
   -0.000119   -0.002092   -0.000119   -0.001704   -0.000168   -0.000414   -0.000168   -0.001704
   -0.010536   -2.453737   -0.010536   -0.024326   -0.001715   -0.004113   -0.001715   -0.024326
   -0.010536   -0.001312   -0.010536   -0.000691   -0.001715   -0.000286   -0.001715   -0.000691
   -0.000119   -0.000023   -0.000119   -0.000030   -0.000168   -0.000044   -0.000168   -0.000030
   -0.000119   -0.001312   -0.000119   -0.000691   -0.000168   -0.000286   -0.000168   -0.000691
   -0.010536   -0.002092   -0.010536   -0.001704   -0.001715   -0.000414   -0.001715   -0.001704

   -0.000030   -0.000164   -0.000023   -0.000164   -0.000030   -0.000059   -0.000044   -0.000059
   -0.000068   -0.000164   -0.000115   -0.000164   -0.000068   -0.000059   -0.000029   -0.000059
   -0.000030   -0.000119   -0.000023   -0.000119   -0.000030   -0.000168   -0.000044   -0.000168
   -0.000043   -0.000119   -0.000032   -0.000119   -0.000043   -0.000168   -0.000108   -0.000168
   -0.000691   -0.000119   -0.001312   -0.000119   -0.000691   -0.000168   -0.000286   -0.000168
   -0.000030   -0.000119   -0.000023   -0.000119   -0.000030   -0.000168   -0.000044   -0.000168
   -0.000691   -0.010536   -0.001312   -0.010536   -0.000691   -0.001715   -0.000286   -0.001715
   -0.001704   -0.010536   -0.002092   -0.010536   -0.001704   -0.001715   -0.000414   -0.001715
   -0.001704   -0.000119   -0.002092   -0.000119   -0.001704   -0.000168   -0.000414   -0.000168
   -0.000043   -0.000119   -0.000032   -0.000119   -0.000043   -0.000168   -0.000108   -0.000168
   -0.001704   -0.010536   -0.002092   -0.010536   -0.001704   -0.001715   -0.000414   -0.001715
   -0.024326   -0.010536   -2.453737   -0.010536   -0.024326   -0.001715   -0.004113   -0.001715
   -0.000691   -0.000164   -0.001312   -0.000164   -0.000691   -0.000059   -0.000286   -0.000059
   -0.000030   -0.000164   -0.000023   -0.000164   -0.000030   -0.000059   -0.000044   -0.000059
   -0.000691   -0.000119   -0.001312   -0.000119   -0.000691   -0.000168   -0.000286   -0.000168
   -0.001704   -0.000119   -0.002092   -0.000119   -0.001704   -0.000168   -0.000414   -0.000168

   -0.000168   -0.000030   -0.000119   -0.000023   -0.000119   -0.000030   -0.000168   -0.000044
   -0.000059   -0.000068   -0.000164   -0.000115   -0.000164   -0.000068   -0.000059   -0.000029
   -0.000059   -0.000030   -0.000164   -0.000023   -0.000164   -0.000030   -0.000059   -0.000044
   -0.000168   -0.000043   -0.000119   -0.000032   -0.000119   -0.000043   -0.000168   -0.000108
   -0.000168   -0.000691   -0.000119   -0.001312   -0.000119   -0.000691   -0.000168   -0.000286
   -0.000059   -0.000030   -0.000164   -0.000023   -0.000164   -0.000030   -0.000059   -0.000044
   -0.000059   -0.000691   -0.000164   -0.001312   -0.000164   -0.000691   -0.000059   -0.000286
   -0.000168   -0.001704   -0.000119   -0.002092   -0.000119   -0.001704   -0.000168   -0.000414
   -0.001715   -0.001704   -0.010536   -0.002092   -0.010536   -0.001704   -0.001715   -0.000414
   -0.000168   -0.000043   -0.000119   -0.000032   -0.000119   -0.000043   -0.000168   -0.000108
   -0.000168   -0.001704   -0.000119   -0.002092   -0.000119   -0.001704   -0.000168   -0.000414
   -0.001715   -0.024326   -0.010536   -2.453737   -0.010536   -0.024326   -0.001715   -0.004113
   -0.001715   -0.000691   -0.010536   -0.001312   -0.010536   -0.000691   -0.001715   -0.000286
   -0.000168   -0.000030   -0.000119   -0.000023   -0.000119   -0.000030   -0.000168   -0.000044
   -0.000168   -0.000691   -0.000119   -0.001312   -0.000119   -0.000691   -0.000168   -0.000286
   -0.001715   -0.001704   -0.010536   -0.002092   -0.010536   -0.001704   -0.001715   -0.000414

   -0.000044   -0.000059   -0.000030   -0.000164   -0.000023   -0.000164   -0.000030   -0.000059
   -0.000029   -0.000059   -0.000068   -0.000164   -0.000115   -0.000164   -0.000068   -0.000059
   -0.000044   -0.000168   -0.000030   -0.000119   -0.000023   -0.000119   -0.000030   -0.000168
   -0.000108   -0.000168   -0.000043   -0.000119   -0.000032   -0.000119   -0.000043   -0.000168
   -0.000286   -0.000168   -0.000691   -0.000119   -0.001312   -0.000119   -0.000691   -0.000168
   -0.000044   -0.000168   -0.000030   -0.000119   -0.000023   -0.000119   -0.000030   -0.000168
   -0.000286   -0.001715   -0.000691   -0.010536   -0.001312   -0.010536   -0.000691   -0.001715
   -0.000414   -0.001715   -0.001704   -0.010536   -0.002092   -0.010536   -0.001704   -0.001715
   -0.000414   -0.000168   -0.001704   -0.000119   -0.002092   -0.000119   -0.001704   -0.000168
   -0.000108   -0.000168   -0.000043   -0.000119   -0.000032   -0.000119   -0.000043   -0.000168
   -0.000414   -0.001715   -0.001704   -0.010536   -0.002092   -0.010536   -0.001704   -0.001715
   -0.004113   -0.001715   -0.024326   -0.010536   -2.453737   -0.010536   -0.024326   -0.001715
   -0.000286   -0.000059   -0.000691   -0.000164   -0.001312   -0.000164   -0.000691   -0.000059
   -0.000044   -0.000059   -0.000030   -0.000164   -0.000023   -0.000164   -0.000030   -0.000059
   -0.000286   -0.000168   -0.000691   -0.000119   -0.001312   -0.000119   -0.000691   -0.000168
   -0.000414   -0.000168   -0.001704   -0.000119   -0.002092   -0.000119   -0.001704   -0.000168

   -0.000168   -0.000044   -0.000168   -0.000030   -0.000119   -0.000023   -0.000119   -0.000030
   -0.000059   -0.000029   -0.000059   -0.000068   -0.000164   -0.000115   -0.000164   -0.000068
   -0.000059   -0.000044   -0.000059   -0.000030   -0.000164   -0.000023   -0.000164   -0.000030
   -0.000168   -0.000108   -0.000168   -0.000043   -0.000119   -0.000032   -0.000119   -0.000043
   -0.000168   -0.000286   -0.000168   -0.000691   -0.000119   -0.001312   -0.000119   -0.000691
   -0.000059   -0.000044   -0.000059   -0.000030   -0.000164   -0.000023   -0.000164   -0.000030
   -0.000059   -0.000286   -0.000059   -0.000691   -0.000164   -0.001312   -0.000164   -0.000691
   -0.000168   -0.000414   -0.000168   -0.001704   -0.000119   -0.002092   -0.000119   -0.001704
   -0.001715   -0.000414   -0.001715   -0.001704   -0.010536   -0.002092   -0.010536   -0.001704
   -0.000168   -0.000108   -0.000168   -0.000043   -0.000119   -0.000032   -0.000119   -0.000043
   -0.000168   -0.000414   -0.000168   -0.001704   -0.000119   -0.002092   -0.000119   -0.001704
   -0.001715   -0.004113   -0.001715   -0.024326   -0.010536   -2.453737   -0.010536   -0.024326
   -0.001715   -0.000286   -0.001715   -0.000691   -0.010536   -0.001312   -0.010536   -0.000691
   -0.000168   -0.000044   -0.000168   -0.000030   -0.000119   -0.000023   -0.000119   -0.000030
   -0.000168   -0.000286   -0.000168   -0.000691   -0.000119   -0.001312   -0.000119   -0.000691
   -0.001715   -0.000414   -0.001715   -0.001704   -0.010536   -0.002092   -0.010536   -0.001704

   -0.000030   -0.000059   -0.000044   -0.000059   -0.000030   -0.000164   -0.000023   -0.000164
   -0.000068   -0.000059   -0.000029   -0.000059   -0.000068   -0.000164   -0.000115   -0.000164
   -0.000030   -0.000168   -0.000044   -0.000168   -0.000030   -0.000119   -0.000023   -0.000119
   -0.000043   -0.000168   -0.000108   -0.000168   -0.000043   -0.000119   -0.000032   -0.000119
   -0.000691   -0.000168   -0.000286   -0.000168   -0.000691   -0.000119   -0.001312   -0.000119
   -0.000030   -0.000168   -0.000044   -0.000168   -0.000030   -0.000119   -0.000023   -0.000119
   -0.000691   -0.001715   -0.000286   -0.001715   -0.000691   -0.010536   -0.001312   -0.010536
   -0.001704   -0.001715   -0.000414   -0.001715   -0.001704   -0.010536   -0.002092   -0.010536
   -0.001704   -0.000168   -0.000414   -0.000168   -0.001704   -0.000119   -0.002092   -0.000119
   -0.000043   -0.000168   -0.000108   -0.000168   -0.000043   -0.000119   -0.000032   -0.000119
   -0.001704   -0.001715   -0.000414   -0.001715   -0.001704   -0.010536   -0.002092   -0.010536
   -0.024326   -0.001715   -0.004113   -0.001715   -0.024326   -0.010536   -2.453737   -0.010536
   -0.000691   -0.000059   -0.000286   -0.000059   -0.000691   -0.000164   -0.001312   -0.000164
   -0.000030   -0.000059   -0.000044   -0.000059   -0.000030   -0.000164   -0.000023   -0.000164
   -0.000691   -0.000168   -0.000286   -0.000168   -0.000691   -0.000119   -0.001312   -0.000119
   -0.001704   -0.000168   -0.000414   -0.000168   -0.001704   -0.000119   -0.002092   -0.000119

   -0.000119   -0.000030   -0.000168   -0.000044   -0.000168   -0.000030   -0.000119   -0.000023
   -0.000164   -0.000068   -0.000059   -0.000029   -0.000059   -0.000068   -0.000164   -0.000115
   -0.000164   -0.000030   -0.000059   -0.000044   -0.000059   -0.000030   -0.000164   -0.000023
   -0.000119   -0.000043   -0.000168   -0.000108   -0.000168   -0.000043   -0.000119   -0.000032
   -0.000119   -0.000691   -0.000168   -0.000286   -0.000168   -0.000691   -0.000119   -0.001312
   -0.000164   -0.000030   -0.000059   -0.000044   -0.000059   -0.000030   -0.000164   -0.000023
   -0.000164   -0.000691   -0.000059   -0.000286   -0.000059   -0.000691   -0.000164   -0.001312
   -0.000119   -0.001704   -0.000168   -0.000414   -0.000168   -0.001704   -0.000119   -0.002092
   -0.010536   -0.001704   -0.001715   -0.000414   -0.001715   -0.001704   -0.010536   -0.002092
   -0.000119   -0.000043   -0.000168   -0.000108   -0.000168   -0.000043   -0.000119   -0.000032
   -0.000119   -0.001704   -0.000168   -0.000414   -0.000168   -0.001704   -0.000119   -0.002092
   -0.010536   -0.024326   -0.001715   -0.004113   -0.001715   -0.024326   -0.010536   -2.453737
   -0.010536   -0.000691   -0.001715   -0.000286   -0.001715   -0.000691   -0.010536   -0.001312
   -0.000119   -0.000030   -0.000168   -0.000044   -0.000168   -0.000030   -0.000119   -0.000023
   -0.000119   -0.000691   -0.000168   -0.000286   -0.000168   -0.000691   -0.000119   -0.001312
   -0.010536   -0.001704   -0.001715   -0.000414   -0.001715   -0.001704   -0.010536   -0.002092

   -0.002092   -0.000119   -0.001704   -0.000168   -0.000414   -0.000168   -0.001704   -0.000119
   -0.001312   -0.000164   -0.000691   -0.000059   -0.000286   -0.000059   -0.000691   -0.000164
   -0.000023   -0.000164   -0.000030   -0.000059   -0.000044   -0.000059   -0.000030   -0.000164
   -0.001312   -0.000119   -0.000691   -0.000168   -0.000286   -0.000168   -0.000691   -0.000119
   -0.000032   -0.000119   -0.000043   -0.000168   -0.000108   -0.000168   -0.000043   -0.000119
   -0.000023   -0.000164   -0.000030   -0.000059   -0.000044   -0.000059   -0.000030   -0.000164
   -0.000115   -0.000164   -0.000068   -0.000059   -0.000029   -0.000059   -0.000068   -0.000164
   -0.000023   -0.000119   -0.000030   -0.000168   -0.000044   -0.000168   -0.000030   -0.000119
   -0.002092   -0.010536   -0.001704   -0.001715   -0.000414   -0.001715   -0.001704   -0.010536
   -0.001312   -0.000119   -0.000691   -0.000168   -0.000286   -0.000168   -0.000691   -0.000119
   -0.000023   -0.000119   -0.000030   -0.000168   -0.000044   -0.000168   -0.000030   -0.000119
   -0.001312   -0.010536   -0.000691   -0.001715   -0.000286   -0.001715   -0.000691   -0.010536
   -2.453737   -0.010536   -0.024326   -0.001715   -0.004113   -0.001715   -0.024326   -0.010536
   -0.002092   -0.000119   -0.001704   -0.000168   -0.000414   -0.000168   -0.001704   -0.000119
   -0.000032   -0.000119   -0.000043   -0.000168   -0.000108   -0.000168   -0.000043   -0.000119
   -0.002092   -0.010536   -0.001704   -0.001715   -0.000414   -0.001715   -0.001704   -0.010536

   -0.010536   -0.002092   -0.010536   -0.001704   -0.001715   -0.000414   -0.001715   -0.001704
   -0.010536   -0.001312   -0.010536   -0.000691   -0.001715   -0.000286   -0.001715   -0.000691
   -0.000119   -0.000023   -0.000119   -0.000030   -0.000168   -0.000044   -0.000168   -0.000030
   -0.000119   -0.001312   -0.000119   -0.000691   -0.000168   -0.000286   -0.000168   -0.000691
   -0.000119   -0.000032   -0.000119   -0.000043   -0.000168   -0.000108   -0.000168   -0.000043
   -0.000119   -0.000023   -0.000119   -0.000030   -0.000168   -0.000044   -0.000168   -0.000030
   -0.000164   -0.000115   -0.000164   -0.000068   -0.000059   -0.000029   -0.000059   -0.000068
   -0.000164   -0.000023   -0.000164   -0.000030   -0.000059   -0.000044   -0.000059   -0.000030
   -0.000119   -0.002092   -0.000119   -0.001704   -0.000168   -0.000414   -0.000168   -0.001704
   -0.000119   -0.001312   -0.000119   -0.000691   -0.000168   -0.000286   -0.000168   -0.000691
   -0.000164   -0.000023   -0.000164   -0.000030   -0.000059   -0.000044   -0.000059   -0.000030
   -0.000164   -0.001312   -0.000164   -0.000691   -0.000059   -0.000286   -0.000059   -0.000691
   -0.010536   -2.453737   -0.010536   -0.024326   -0.001715   -0.004113   -0.001715   -0.024326
   -0.010536   -0.002092   -0.010536   -0.001704   -0.001715   -0.000414   -0.001715   -0.001704
   -0.000119   -0.000032   -0.000119   -0.000043   -0.000168   -0.000108   -0.000168   -0.000043
   -0.000119   -0.002092   -0.000119   -0.001704   -0.000168   -0.000414   -0.000168   -0.001704

   -0.001704   -0.000119   -0.002092   -0.000119   -0.001704   -0.000168   -0.000414   -0.000168
   -0.000691   -0.000164   -0.001312   -0.000164   -0.000691   -0.000059   -0.000286   -0.000059
   -0.000030   -0.000164   -0.000023   -0.000164   -0.000030   -0.000059   -0.000044   -0.000059
   -0.000691   -0.000119   -0.001312   -0.000119   -0.000691   -0.000168   -0.000286   -0.000168
   -0.000043   -0.000119   -0.000032   -0.000119   -0.000043   -0.000168   -0.000108   -0.000168
   -0.000030   -0.000164   -0.000023   -0.000164   -0.000030   -0.000059   -0.000044   -0.000059
   -0.000068   -0.000164   -0.000115   -0.000164   -0.000068   -0.000059   -0.000029   -0.000059
   -0.000030   -0.000119   -0.000023   -0.000119   -0.000030   -0.000168   -0.000044   -0.000168
   -0.001704   -0.010536   -0.002092   -0.010536   -0.001704   -0.001715   -0.000414   -0.001715
   -0.000691   -0.000119   -0.001312   -0.000119   -0.000691   -0.000168   -0.000286   -0.000168
   -0.000030   -0.000119   -0.000023   -0.000119   -0.000030   -0.000168   -0.000044   -0.000168
   -0.000691   -0.010536   -0.001312   -0.010536   -0.000691   -0.001715   -0.000286   -0.001715
   -0.024326   -0.010536   -2.453737   -0.010536   -0.024326   -0.001715   -0.004113   -0.001715
   -0.001704   -0.000119   -0.002092   -0.000119   -0.001704   -0.000168   -0.000414   -0.000168
   -0.000043   -0.000119   -0.000032   -0.000119   -0.000043   -0.000168   -0.000108   -0.000168
   -0.001704   -0.010536   -0.002092   -0.010536   -0.001704   -0.001715   -0.000414   -0.001715

   -0.001715   -0.001704   -0.010536   -0.002092   -0.010536   -0.001704   -0.001715   -0.000414
   -0.001715   -0.000691   -0.010536   -0.001312   -0.010536   -0.000691   -0.001715   -0.000286
   -0.000168   -0.000030   -0.000119   -0.000023   -0.000119   -0.000030   -0.000168   -0.000044
   -0.000168   -0.000691   -0.000119   -0.001312   -0.000119   -0.000691   -0.000168   -0.000286
   -0.000168   -0.000043   -0.000119   -0.000032   -0.000119   -0.000043   -0.000168   -0.000108
   -0.000168   -0.000030   -0.000119   -0.000023   -0.000119   -0.000030   -0.000168   -0.000044
   -0.000059   -0.000068   -0.000164   -0.000115   -0.000164   -0.000068   -0.000059   -0.000029
   -0.000059   -0.000030   -0.000164   -0.000023   -0.000164   -0.000030   -0.000059   -0.000044
   -0.000168   -0.001704   -0.000119   -0.002092   -0.000119   -0.001704   -0.000168   -0.000414
   -0.000168   -0.000691   -0.000119   -0.001312   -0.000119   -0.000691   -0.000168   -0.000286
   -0.000059   -0.000030   -0.000164   -0.000023   -0.000164   -0.000030   -0.000059   -0.000044
   -0.000059   -0.000691   -0.000164   -0.001312   -0.000164   -0.000691   -0.000059   -0.000286
   -0.001715   -0.024326   -0.010536   -2.453737   -0.010536   -0.024326   -0.001715   -0.004113
   -0.001715   -0.001704   -0.010536   -0.002092   -0.010536   -0.001704   -0.001715   -0.000414
   -0.000168   -0.000043   -0.000119   -0.000032   -0.000119   -0.000043   -0.000168   -0.000108
   -0.000168   -0.001704   -0.000119   -0.002092   -0.000119   -0.001704   -0.000168   -0.000414

   -0.000414   -0.000168   -0.001704   -0.000119   -0.002092   -0.000119   -0.001704   -0.000168
   -0.000286   -0.000059   -0.000691   -0.000164   -0.001312   -0.000164   -0.000691   -0.000059
   -0.000044   -0.000059   -0.000030   -0.000164   -0.000023   -0.000164   -0.000030   -0.000059
   -0.000286   -0.000168   -0.000691   -0.000119   -0.001312   -0.000119   -0.000691   -0.000168
   -0.000108   -0.000168   -0.000043   -0.000119   -0.000032   -0.000119   -0.000043   -0.000168
   -0.000044   -0.000059   -0.000030   -0.000164   -0.000023   -0.000164   -0.000030   -0.000059
   -0.000029   -0.000059   -0.000068   -0.000164   -0.000115   -0.000164   -0.000068   -0.000059
   -0.000044   -0.000168   -0.000030   -0.000119   -0.000023   -0.000119   -0.000030   -0.000168
   -0.000414   -0.001715   -0.001704   -0.010536   -0.002092   -0.010536   -0.001704   -0.001715
   -0.000286   -0.000168   -0.000691   -0.000119   -0.001312   -0.000119   -0.000691   -0.000168
   -0.000044   -0.000168   -0.000030   -0.000119   -0.000023   -0.000119   -0.000030   -0.000168
   -0.000286   -0.001715   -0.000691   -0.010536   -0.001312   -0.010536   -0.000691   -0.001715
   -0.004113   -0.001715   -0.024326   -0.010536   -2.453737   -0.010536   -0.024326   -0.001715
   -0.000414   -0.000168   -0.001704   -0.000119   -0.002092   -0.000119   -0.001704   -0.000168
   -0.000108   -0.000168   -0.000043   -0.000119   -0.000032   -0.000119   -0.000043   -0.000168
   -0.000414   -0.001715   -0.001704   -0.010536   -0.002092   -0.010536   -0.001704   -0.001715

   -0.001715   -0.000414   -0.001715   -0.001704   -0.010536   -0.002092   -0.010536   -0.001704
   -0.001715   -0.000286   -0.001715   -0.000691   -0.010536   -0.001312   -0.010536   -0.000691
   -0.000168   -0.000044   -0.000168   -0.000030   -0.000119   -0.000023   -0.000119   -0.000030
   -0.000168   -0.000286   -0.000168   -0.000691   -0.000119   -0.001312   -0.000119   -0.000691
   -0.000168   -0.000108   -0.000168   -0.000043   -0.000119   -0.000032   -0.000119   -0.000043
   -0.000168   -0.000044   -0.000168   -0.000030   -0.000119   -0.000023   -0.000119   -0.000030
   -0.000059   -0.000029   -0.000059   -0.000068   -0.000164   -0.000115   -0.000164   -0.000068
   -0.000059   -0.000044   -0.000059   -0.000030   -0.000164   -0.000023   -0.000164   -0.000030
   -0.000168   -0.000414   -0.000168   -0.001704   -0.000119   -0.002092   -0.000119   -0.001704
   -0.000168   -0.000286   -0.000168   -0.000691   -0.000119   -0.001312   -0.000119   -0.000691
   -0.000059   -0.000044   -0.000059   -0.000030   -0.000164   -0.000023   -0.000164   -0.000030
   -0.000059   -0.000286   -0.000059   -0.000691   -0.000164   -0.001312   -0.000164   -0.000691
   -0.001715   -0.004113   -0.001715   -0.024326   -0.010536   -2.453737   -0.010536   -0.024326
   -0.001715   -0.000414   -0.001715   -0.001704   -0.010536   -0.002092   -0.010536   -0.001704
   -0.000168   -0.000108   -0.000168   -0.000043   -0.000119   -0.000032   -0.000119   -0.000043
   -0.000168   -0.000414   -0.000168   -0.001704   -0.000119   -0.002092   -0.000119   -0.001704

   -0.001704   -0.000168   -0.000414   -0.000168   -0.001704   -0.000119   -0.002092   -0.000119
   -0.000691   -0.000059   -0.000286   -0.000059   -0.000691   -0.000164   -0.001312   -0.000164
   -0.000030   -0.000059   -0.000044   -0.000059   -0.000030   -0.000164   -0.000023   -0.000164
   -0.000691   -0.000168   -0.000286   -0.000168   -0.000691   -0.000119   -0.001312   -0.000119
   -0.000043   -0.000168   -0.000108   -0.000168   -0.000043   -0.000119   -0.000032   -0.000119
   -0.000030   -0.000059   -0.000044   -0.000059   -0.000030   -0.000164   -0.000023   -0.000164
   -0.000068   -0.000059   -0.000029   -0.000059   -0.000068   -0.000164   -0.000115   -0.000164
   -0.000030   -0.000168   -0.000044   -0.000168   -0.000030   -0.000119   -0.000023   -0.000119
   -0.001704   -0.001715   -0.000414   -0.001715   -0.001704   -0.010536   -0.002092   -0.010536
   -0.000691   -0.000168   -0.000286   -0.000168   -0.000691   -0.000119   -0.001312   -0.000119
   -0.000030   -0.000168   -0.000044   -0.000168   -0.000030   -0.000119   -0.000023   -0.000119
   -0.000691   -0.001715   -0.000286   -0.001715   -0.000691   -0.010536   -0.001312   -0.010536
   -0.024326   -0.001715   -0.004113   -0.001715   -0.024326   -0.010536   -2.453737   -0.010536
   -0.001704   -0.000168   -0.000414   -0.000168   -0.001704   -0.000119   -0.002092   -0.000119
   -0.000043   -0.000168   -0.000108   -0.000168   -0.000043   -0.000119   -0.000032   -0.000119
   -0.001704   -0.001715   -0.000414   -0.001715   -0.001704   -0.010536   -0.002092   -0.010536

   -0.010536   -0.001704   -0.001715   -0.000414   -0.001715   -0.001704   -0.010536   -0.002092
   -0.010536   -0.000691   -0.001715   -0.000286   -0.001715   -0.000691   -0.010536   -0.001312
   -0.000119   -0.000030   -0.000168   -0.000044   -0.000168   -0.000030   -0.000119   -0.000023
   -0.000119   -0.000691   -0.000168   -0.000286   -0.000168   -0.000691   -0.000119   -0.001312
   -0.000119   -0.000043   -0.000168   -0.000108   -0.000168   -0.000043   -0.000119   -0.000032
   -0.000119   -0.000030   -0.000168   -0.000044   -0.000168   -0.000030   -0.000119   -0.000023
   -0.000164   -0.000068   -0.000059   -0.000029   -0.000059   -0.000068   -0.000164   -0.000115
   -0.000164   -0.000030   -0.000059   -0.000044   -0.000059   -0.000030   -0.000164   -0.000023
   -0.000119   -0.001704   -0.000168   -0.000414   -0.000168   -0.001704   -0.000119   -0.002092
   -0.000119   -0.000691   -0.000168   -0.000286   -0.000168   -0.000691   -0.000119   -0.001312
   -0.000164   -0.000030   -0.000059   -0.000044   -0.000059   -0.000030   -0.000164   -0.000023
   -0.000164   -0.000691   -0.000059   -0.000286   -0.000059   -0.000691   -0.000164   -0.001312
   -0.010536   -0.024326   -0.001715   -0.004113   -0.001715   -0.024326   -0.010536   -2.453737
   -0.010536   -0.001704   -0.001715   -0.000414   -0.001715   -0.001704   -0.010536   -0.002092
   -0.000119   -0.000043   -0.000168   -0.000108   -0.000168   -0.000043   -0.000119   -0.000032
   -0.000119   -0.001704   -0.000168   -0.000414   -0.000168   -0.001704   -0.000119   -0.002092

   -0.001312   -0.000119   -0.000691   -0.000168   -0.000286   -0.000168   -0.000691   -0.000119
   -0.002092   -0.000119   -0.001704   -0.000168   -0.000414   -0.000168   -0.001704   -0.000119
   -0.001312   -0.000164   -0.000691   -0.000059   -0.000286   -0.000059   -0.000691   -0.000164
   -0.000023   -0.000164   -0.000030   -0.000059   -0.000044   -0.000059   -0.000030   -0.000164
   -0.000023   -0.000119   -0.000030   -0.000168   -0.000044   -0.000168   -0.000030   -0.000119
   -0.000032   -0.000119   -0.000043   -0.000168   -0.000108   -0.000168   -0.000043   -0.000119
   -0.000023   -0.000164   -0.000030   -0.000059   -0.000044   -0.000059   -0.000030   -0.000164
   -0.000115   -0.000164   -0.000068   -0.000059   -0.000029   -0.000059   -0.000068   -0.000164
   -0.001312   -0.010536   -0.000691   -0.001715   -0.000286   -0.001715   -0.000691   -0.010536
   -0.002092   -0.010536   -0.001704   -0.001715   -0.000414   -0.001715   -0.001704   -0.010536
   -0.001312   -0.000119   -0.000691   -0.000168   -0.000286   -0.000168   -0.000691   -0.000119
   -0.000023   -0.000119   -0.000030   -0.000168   -0.000044   -0.000168   -0.000030   -0.000119
   -0.002092   -0.010536   -0.001704   -0.001715   -0.000414   -0.001715   -0.001704   -0.010536
   -2.453737   -0.010536   -0.024326   -0.001715   -0.004113   -0.001715   -0.024326   -0.010536
   -0.002092   -0.000119   -0.001704   -0.000168   -0.000414   -0.000168   -0.001704   -0.000119
   -0.000032   -0.000119   -0.000043   -0.000168   -0.000108   -0.000168   -0.000043   -0.000119

   -0.000119   -0.001312   -0.000119   -0.000691   -0.000168   -0.000286   -0.000168   -0.000691
   -0.010536   -0.002092   -0.010536   -0.001704   -0.001715   -0.000414   -0.001715   -0.001704
   -0.010536   -0.001312   -0.010536   -0.000691   -0.001715   -0.000286   -0.001715   -0.000691
   -0.000119   -0.000023   -0.000119   -0.000030   -0.000168   -0.000044   -0.000168   -0.000030
   -0.000164   -0.000023   -0.000164   -0.000030   -0.000059   -0.000044   -0.000059   -0.000030
   -0.000119   -0.000032   -0.000119   -0.000043   -0.000168   -0.000108   -0.000168   -0.000043
   -0.000119   -0.000023   -0.000119   -0.000030   -0.000168   -0.000044   -0.000168   -0.000030
   -0.000164   -0.000115   -0.000164   -0.000068   -0.000059   -0.000029   -0.000059   -0.000068
   -0.000164   -0.001312   -0.000164   -0.000691   -0.000059   -0.000286   -0.000059   -0.000691
   -0.000119   -0.002092   -0.000119   -0.001704   -0.000168   -0.000414   -0.000168   -0.001704
   -0.000119   -0.001312   -0.000119   -0.000691   -0.000168   -0.000286   -0.000168   -0.000691
   -0.000164   -0.000023   -0.000164   -0.000030   -0.000059   -0.000044   -0.000059   -0.000030
   -0.000119   -0.002092   -0.000119   -0.001704   -0.000168   -0.000414   -0.000168   -0.001704
   -0.010536   -2.453737   -0.010536   -0.024326   -0.001715   -0.004113   -0.001715   -0.024326
   -0.010536   -0.002092   -0.010536   -0.001704   -0.001715   -0.000414   -0.001715   -0.001704
   -0.000119   -0.000032   -0.000119   -0.000043   -0.000168   -0.000108   -0.000168   -0.000043

   -0.000691   -0.000119   -0.001312   -0.000119   -0.000691   -0.000168   -0.000286   -0.000168
   -0.001704   -0.000119   -0.002092   -0.000119   -0.001704   -0.000168   -0.000414   -0.000168
   -0.000691   -0.000164   -0.001312   -0.000164   -0.000691   -0.000059   -0.000286   -0.000059
   -0.000030   -0.000164   -0.000023   -0.000164   -0.000030   -0.000059   -0.000044   -0.000059
   -0.000030   -0.000119   -0.000023   -0.000119   -0.000030   -0.000168   -0.000044   -0.000168
   -0.000043   -0.000119   -0.000032   -0.000119   -0.000043   -0.000168   -0.000108   -0.000168
   -0.000030   -0.000164   -0.000023   -0.000164   -0.000030   -0.000059   -0.000044   -0.000059
   -0.000068   -0.000164   -0.000115   -0.000164   -0.000068   -0.000059   -0.000029   -0.000059
   -0.000691   -0.010536   -0.001312   -0.010536   -0.000691   -0.001715   -0.000286   -0.001715
   -0.001704   -0.010536   -0.002092   -0.010536   -0.001704   -0.001715   -0.000414   -0.001715
   -0.000691   -0.000119   -0.001312   -0.000119   -0.000691   -0.000168   -0.000286   -0.000168
   -0.000030   -0.000119   -0.000023   -0.000119   -0.000030   -0.000168   -0.000044   -0.000168
   -0.001704   -0.010536   -0.002092   -0.010536   -0.001704   -0.001715   -0.000414   -0.001715
   -0.024326   -0.010536   -2.453737   -0.010536   -0.024326   -0.001715   -0.004113   -0.001715
   -0.001704   -0.000119   -0.002092   -0.000119   -0.001704   -0.000168   -0.000414   -0.000168
   -0.000043   -0.000119   -0.000032   -0.000119   -0.000043   -0.000168   -0.000108   -0.000168

   -0.000168   -0.000691   -0.000119   -0.001312   -0.000119   -0.000691   -0.000168   -0.000286
   -0.001715   -0.001704   -0.010536   -0.002092   -0.010536   -0.001704   -0.001715   -0.000414
   -0.001715   -0.000691   -0.010536   -0.001312   -0.010536   -0.000691   -0.001715   -0.000286
   -0.000168   -0.000030   -0.000119   -0.000023   -0.000119   -0.000030   -0.000168   -0.000044
   -0.000059   -0.000030   -0.000164   -0.000023   -0.000164   -0.000030   -0.000059   -0.000044
   -0.000168   -0.000043   -0.000119   -0.000032   -0.000119   -0.000043   -0.000168   -0.000108
   -0.000168   -0.000030   -0.000119   -0.000023   -0.000119   -0.000030   -0.000168   -0.000044
   -0.000059   -0.000068   -0.000164   -0.000115   -0.000164   -0.000068   -0.000059   -0.000029
   -0.000059   -0.000691   -0.000164   -0.001312   -0.000164   -0.000691   -0.000059   -0.000286
   -0.000168   -0.001704   -0.000119   -0.002092   -0.000119   -0.001704   -0.000168   -0.000414
   -0.000168   -0.000691   -0.000119   -0.001312   -0.000119   -0.000691   -0.000168   -0.000286
   -0.000059   -0.000030   -0.000164   -0.000023   -0.000164   -0.000030   -0.000059   -0.000044
   -0.000168   -0.001704   -0.000119   -0.002092   -0.000119   -0.001704   -0.000168   -0.000414
   -0.001715   -0.024326   -0.010536   -2.453737   -0.010536   -0.024326   -0.001715   -0.004113
   -0.001715   -0.001704   -0.010536   -0.002092   -0.010536   -0.001704   -0.001715   -0.000414
   -0.000168   -0.000043   -0.000119   -0.000032   -0.000119   -0.000043   -0.000168   -0.000108

   -0.000286   -0.000168   -0.000691   -0.000119   -0.001312   -0.000119   -0.000691   -0.000168
   -0.000414   -0.000168   -0.001704   -0.000119   -0.002092   -0.000119   -0.001704   -0.000168
   -0.000286   -0.000059   -0.000691   -0.000164   -0.001312   -0.000164   -0.000691   -0.000059
   -0.000044   -0.000059   -0.000030   -0.000164   -0.000023   -0.000164   -0.000030   -0.000059
   -0.000044   -0.000168   -0.000030   -0.000119   -0.000023   -0.000119   -0.000030   -0.000168
   -0.000108   -0.000168   -0.000043   -0.000119   -0.000032   -0.000119   -0.000043   -0.000168
   -0.000044   -0.000059   -0.000030   -0.000164   -0.000023   -0.000164   -0.000030   -0.000059
   -0.000029   -0.000059   -0.000068   -0.000164   -0.000115   -0.000164   -0.000068   -0.000059
   -0.000286   -0.001715   -0.000691   -0.010536   -0.001312   -0.010536   -0.000691   -0.001715
   -0.000414   -0.001715   -0.001704   -0.010536   -0.002092   -0.010536   -0.001704   -0.001715
   -0.000286   -0.000168   -0.000691   -0.000119   -0.001312   -0.000119   -0.000691   -0.000168
   -0.000044   -0.000168   -0.000030   -0.000119   -0.000023   -0.000119   -0.000030   -0.000168
   -0.000414   -0.001715   -0.001704   -0.010536   -0.002092   -0.010536   -0.001704   -0.001715
   -0.004113   -0.001715   -0.024326   -0.010536   -2.453737   -0.010536   -0.024326   -0.001715
   -0.000414   -0.000168   -0.001704   -0.000119   -0.002092   -0.000119   -0.001704   -0.000168
   -0.000108   -0.000168   -0.000043   -0.000119   -0.000032   -0.000119   -0.000043   -0.000168

   -0.000168   -0.000286   -0.000168   -0.000691   -0.000119   -0.001312   -0.000119   -0.000691
   -0.001715   -0.000414   -0.001715   -0.001704   -0.010536   -0.002092   -0.010536   -0.001704
   -0.001715   -0.000286   -0.001715   -0.000691   -0.010536   -0.001312   -0.010536   -0.000691
   -0.000168   -0.000044   -0.000168   -0.000030   -0.000119   -0.000023   -0.000119   -0.000030
   -0.000059   -0.000044   -0.000059   -0.000030   -0.000164   -0.000023   -0.000164   -0.000030
   -0.000168   -0.000108   -0.000168   -0.000043   -0.000119   -0.000032   -0.000119   -0.000043
   -0.000168   -0.000044   -0.000168   -0.000030   -0.000119   -0.000023   -0.000119   -0.000030
   -0.000059   -0.000029   -0.000059   -0.000068   -0.000164   -0.000115   -0.000164   -0.000068
   -0.000059   -0.000286   -0.000059   -0.000691   -0.000164   -0.001312   -0.000164   -0.000691
   -0.000168   -0.000414   -0.000168   -0.001704   -0.000119   -0.002092   -0.000119   -0.001704
   -0.000168   -0.000286   -0.000168   -0.000691   -0.000119   -0.001312   -0.000119   -0.000691
   -0.000059   -0.000044   -0.000059   -0.000030   -0.000164   -0.000023   -0.000164   -0.000030
   -0.000168   -0.000414   -0.000168   -0.001704   -0.000119   -0.002092   -0.000119   -0.001704
   -0.001715   -0.004113   -0.001715   -0.024326   -0.010536   -2.453737   -0.010536   -0.024326
   -0.001715   -0.000414   -0.001715   -0.001704   -0.010536   -0.002092   -0.010536   -0.001704
   -0.000168   -0.000108   -0.000168   -0.000043   -0.000119   -0.000032   -0.000119   -0.000043

   -0.000691   -0.000168   -0.000286   -0.000168   -0.000691   -0.000119   -0.001312   -0.000119
   -0.001704   -0.000168   -0.000414   -0.000168   -0.001704   -0.000119   -0.002092   -0.000119
   -0.000691   -0.000059   -0.000286   -0.000059   -0.000691   -0.000164   -0.001312   -0.000164
   -0.000030   -0.000059   -0.000044   -0.000059   -0.000030   -0.000164   -0.000023   -0.000164
   -0.000030   -0.000168   -0.000044   -0.000168   -0.000030   -0.000119   -0.000023   -0.000119
   -0.000043   -0.000168   -0.000108   -0.000168   -0.000043   -0.000119   -0.000032   -0.000119
   -0.000030   -0.000059   -0.000044   -0.000059   -0.000030   -0.000164   -0.000023   -0.000164
   -0.000068   -0.000059   -0.000029   -0.000059   -0.000068   -0.000164   -0.000115   -0.000164
   -0.000691   -0.001715   -0.000286   -0.001715   -0.000691   -0.010536   -0.001312   -0.010536
   -0.001704   -0.001715   -0.000414   -0.001715   -0.001704   -0.010536   -0.002092   -0.010536
   -0.000691   -0.000168   -0.000286   -0.000168   -0.000691   -0.000119   -0.001312   -0.000119
   -0.000030   -0.000168   -0.000044   -0.000168   -0.000030   -0.000119   -0.000023   -0.000119
   -0.001704   -0.001715   -0.000414   -0.001715   -0.001704   -0.010536   -0.002092   -0.010536
   -0.024326   -0.001715   -0.004113   -0.001715   -0.024326   -0.010536   -2.453737   -0.010536
   -0.001704   -0.000168   -0.000414   -0.000168   -0.001704   -0.000119   -0.002092   -0.000119
   -0.000043   -0.000168   -0.000108   -0.000168   -0.000043   -0.000119   -0.000032   -0.000119

   -0.000119   -0.000691   -0.000168   -0.000286   -0.000168   -0.000691   -0.000119   -0.001312
   -0.010536   -0.001704   -0.001715   -0.000414   -0.001715   -0.001704   -0.010536   -0.002092
   -0.010536   -0.000691   -0.001715   -0.000286   -0.001715   -0.000691   -0.010536   -0.001312
   -0.000119   -0.000030   -0.000168   -0.000044   -0.000168   -0.000030   -0.000119   -0.000023
   -0.000164   -0.000030   -0.000059   -0.000044   -0.000059   -0.000030   -0.000164   -0.000023
   -0.000119   -0.000043   -0.000168   -0.000108   -0.000168   -0.000043   -0.000119   -0.000032
   -0.000119   -0.000030   -0.000168   -0.000044   -0.000168   -0.000030   -0.000119   -0.000023
   -0.000164   -0.000068   -0.000059   -0.000029   -0.000059   -0.000068   -0.000164   -0.000115
   -0.000164   -0.000691   -0.000059   -0.000286   -0.000059   -0.000691   -0.000164   -0.001312
   -0.000119   -0.001704   -0.000168   -0.000414   -0.000168   -0.001704   -0.000119   -0.002092
   -0.000119   -0.000691   -0.000168   -0.000286   -0.000168   -0.000691   -0.000119   -0.001312
   -0.000164   -0.000030   -0.000059   -0.000044   -0.000059   -0.000030   -0.000164   -0.000023
   -0.000119   -0.001704   -0.000168   -0.000414   -0.000168   -0.001704   -0.000119   -0.002092
   -0.010536   -0.024326   -0.001715   -0.004113   -0.001715   -0.024326   -0.010536   -2.453737
   -0.010536   -0.001704   -0.001715   -0.000414   -0.001715   -0.001704   -0.010536   -0.002092
   -0.000119   -0.000043   -0.000168   -0.000108   -0.000168   -0.000043   -0.000119   -0.000032

   -0.000023   -0.000164   -0.000030   -0.000059   -0.000044   -0.000059   -0.000030   -0.000164
   -0.001312   -0.000119   -0.000691   -0.000168   -0.000286   -0.000168   -0.000691   -0.000119
   -0.002092   -0.000119   -0.001704   -0.000168   -0.000414   -0.000168   -0.001704   -0.000119
   -0.001312   -0.000164   -0.000691   -0.000059   -0.000286   -0.000059   -0.000691   -0.000164
   -0.000115   -0.000164   -0.000068   -0.000059   -0.000029   -0.000059   -0.000068   -0.000164
   -0.000023   -0.000119   -0.000030   -0.000168   -0.000044   -0.000168   -0.000030   -0.000119
   -0.000032   -0.000119   -0.000043   -0.000168   -0.000108   -0.000168   -0.000043   -0.000119
   -0.000023   -0.000164   -0.000030   -0.000059   -0.000044   -0.000059   -0.000030   -0.000164
   -0.000023   -0.000119   -0.000030   -0.000168   -0.000044   -0.000168   -0.000030   -0.000119
   -0.001312   -0.010536   -0.000691   -0.001715   -0.000286   -0.001715   -0.000691   -0.010536
   -0.002092   -0.010536   -0.001704   -0.001715   -0.000414   -0.001715   -0.001704   -0.010536
   -0.001312   -0.000119   -0.000691   -0.000168   -0.000286   -0.000168   -0.000691   -0.000119
   -0.000032   -0.000119   -0.000043   -0.000168   -0.000108   -0.000168   -0.000043   -0.000119
   -0.002092   -0.010536   -0.001704   -0.001715   -0.000414   -0.001715   -0.001704   -0.010536
   -2.453737   -0.010536   -0.024326   -0.001715   -0.004113   -0.001715   -0.024326   -0.010536
   -0.002092   -0.000119   -0.001704   -0.000168   -0.000414   -0.000168   -0.001704   -0.000119

   -0.000119   -0.000023   -0.000119   -0.000030   -0.000168   -0.000044   -0.000168   -0.000030
   -0.000119   -0.001312   -0.000119   -0.000691   -0.000168   -0.000286   -0.000168   -0.000691
   -0.010536   -0.002092   -0.010536   -0.001704   -0.001715   -0.000414   -0.001715   -0.001704
   -0.010536   -0.001312   -0.010536   -0.000691   -0.001715   -0.000286   -0.001715   -0.000691
   -0.000164   -0.000115   -0.000164   -0.000068   -0.000059   -0.000029   -0.000059   -0.000068
   -0.000164   -0.000023   -0.000164   -0.000030   -0.000059   -0.000044   -0.000059   -0.000030
   -0.000119   -0.000032   -0.000119   -0.000043   -0.000168   -0.000108   -0.000168   -0.000043
   -0.000119   -0.000023   -0.000119   -0.000030   -0.000168   -0.000044   -0.000168   -0.000030
   -0.000164   -0.000023   -0.000164   -0.000030   -0.000059   -0.000044   -0.000059   -0.000030
   -0.000164   -0.001312   -0.000164   -0.000691   -0.000059   -0.000286   -0.000059   -0.000691
   -0.000119   -0.002092   -0.000119   -0.001704   -0.000168   -0.000414   -0.000168   -0.001704
   -0.000119   -0.001312   -0.000119   -0.000691   -0.000168   -0.000286   -0.000168   -0.000691
   -0.000119   -0.000032   -0.000119   -0.000043   -0.000168   -0.000108   -0.000168   -0.000043
   -0.000119   -0.002092   -0.000119   -0.001704   -0.000168   -0.000414   -0.000168   -0.001704
   -0.010536   -2.453737   -0.010536   -0.024326   -0.001715   -0.004113   -0.001715   -0.024326
   -0.010536   -0.002092   -0.010536   -0.001704   -0.001715   -0.000414   -0.001715   -0.001704

   -0.000030   -0.000164   -0.000023   -0.000164   -0.000030   -0.000059   -0.000044   -0.000059
   -0.000691   -0.000119   -0.001312   -0.000119   -0.000691   -0.000168   -0.000286   -0.000168
   -0.001704   -0.000119   -0.002092   -0.000119   -0.001704   -0.000168   -0.000414   -0.000168
   -0.000691   -0.000164   -0.001312   -0.000164   -0.000691   -0.000059   -0.000286   -0.000059
   -0.000068   -0.000164   -0.000115   -0.000164   -0.000068   -0.000059   -0.000029   -0.000059
   -0.000030   -0.000119   -0.000023   -0.000119   -0.000030   -0.000168   -0.000044   -0.000168
   -0.000043   -0.000119   -0.000032   -0.000119   -0.000043   -0.000168   -0.000108   -0.000168
   -0.000030   -0.000164   -0.000023   -0.000164   -0.000030   -0.000059   -0.000044   -0.000059
   -0.000030   -0.000119   -0.000023   -0.000119   -0.000030   -0.000168   -0.000044   -0.000168
   -0.000691   -0.010536   -0.001312   -0.010536   -0.000691   -0.001715   -0.000286   -0.001715
   -0.001704   -0.010536   -0.002092   -0.010536   -0.001704   -0.001715   -0.000414   -0.001715
   -0.000691   -0.000119   -0.001312   -0.000119   -0.000691   -0.000168   -0.000286   -0.000168
   -0.000043   -0.000119   -0.000032   -0.000119   -0.000043   -0.000168   -0.000108   -0.000168
   -0.001704   -0.010536   -0.002092   -0.010536   -0.001704   -0.001715   -0.000414   -0.001715
   -0.024326   -0.010536   -2.453737   -0.010536   -0.024326   -0.001715   -0.004113   -0.001715
   -0.001704   -0.000119   -0.002092   -0.000119   -0.001704   -0.000168   -0.000414   -0.000168

   -0.000168   -0.000030   -0.000119   -0.000023   -0.000119   -0.000030   -0.000168   -0.000044
   -0.000168   -0.000691   -0.000119   -0.001312   -0.000119   -0.000691   -0.000168   -0.000286
   -0.001715   -0.001704   -0.010536   -0.002092   -0.010536   -0.001704   -0.001715   -0.000414
   -0.001715   -0.000691   -0.010536   -0.001312   -0.010536   -0.000691   -0.001715   -0.000286
   -0.000059   -0.000068   -0.000164   -0.000115   -0.000164   -0.000068   -0.000059   -0.000029
   -0.000059   -0.000030   -0.000164   -0.000023   -0.000164   -0.000030   -0.000059   -0.000044
   -0.000168   -0.000043   -0.000119   -0.000032   -0.000119   -0.000043   -0.000168   -0.000108
   -0.000168   -0.000030   -0.000119   -0.000023   -0.000119   -0.000030   -0.000168   -0.000044
   -0.000059   -0.000030   -0.000164   -0.000023   -0.000164   -0.000030   -0.000059   -0.000044
   -0.000059   -0.000691   -0.000164   -0.001312   -0.000164   -0.000691   -0.000059   -0.000286
   -0.000168   -0.001704   -0.000119   -0.002092   -0.000119   -0.001704   -0.000168   -0.000414
   -0.000168   -0.000691   -0.000119   -0.001312   -0.000119   -0.000691   -0.000168   -0.000286
   -0.000168   -0.000043   -0.000119   -0.000032   -0.000119   -0.000043   -0.000168   -0.000108
   -0.000168   -0.001704   -0.000119   -0.002092   -0.000119   -0.001704   -0.000168   -0.000414
   -0.001715   -0.024326   -0.010536   -2.453737   -0.010536   -0.024326   -0.001715   -0.004113
   -0.001715   -0.001704   -0.010536   -0.002092   -0.010536   -0.001704   -0.001715   -0.000414

   -0.000044   -0.000059   -0.000030   -0.000164   -0.000023   -0.000164   -0.000030   -0.000059
   -0.000286   -0.000168   -0.000691   -0.000119   -0.001312   -0.000119   -0.000691   -0.000168
   -0.000414   -0.000168   -0.001704   -0.000119   -0.002092   -0.000119   -0.001704   -0.000168
   -0.000286   -0.000059   -0.000691   -0.000164   -0.001312   -0.000164   -0.000691   -0.000059
   -0.000029   -0.000059   -0.000068   -0.000164   -0.000115   -0.000164   -0.000068   -0.000059
   -0.000044   -0.000168   -0.000030   -0.000119   -0.000023   -0.000119   -0.000030   -0.000168
   -0.000108   -0.000168   -0.000043   -0.000119   -0.000032   -0.000119   -0.000043   -0.000168
   -0.000044   -0.000059   -0.000030   -0.000164   -0.000023   -0.000164   -0.000030   -0.000059
   -0.000044   -0.000168   -0.000030   -0.000119   -0.000023   -0.000119   -0.000030   -0.000168
   -0.000286   -0.001715   -0.000691   -0.010536   -0.001312   -0.010536   -0.000691   -0.001715
   -0.000414   -0.001715   -0.001704   -0.010536   -0.002092   -0.010536   -0.001704   -0.001715
   -0.000286   -0.000168   -0.000691   -0.000119   -0.001312   -0.000119   -0.000691   -0.000168
   -0.000108   -0.000168   -0.000043   -0.000119   -0.000032   -0.000119   -0.000043   -0.000168
   -0.000414   -0.001715   -0.001704   -0.010536   -0.002092   -0.010536   -0.001704   -0.001715
   -0.004113   -0.001715   -0.024326   -0.010536   -2.453737   -0.010536   -0.024326   -0.001715
   -0.000414   -0.000168   -0.001704   -0.000119   -0.002092   -0.000119   -0.001704   -0.000168

   -0.000168   -0.000044   -0.000168   -0.000030   -0.000119   -0.000023   -0.000119   -0.000030
   -0.000168   -0.000286   -0.000168   -0.000691   -0.000119   -0.001312   -0.000119   -0.000691
   -0.001715   -0.000414   -0.001715   -0.001704   -0.010536   -0.002092   -0.010536   -0.001704
   -0.001715   -0.000286   -0.001715   -0.000691   -0.010536   -0.001312   -0.010536   -0.000691
   -0.000059   -0.000029   -0.000059   -0.000068   -0.000164   -0.000115   -0.000164   -0.000068
   -0.000059   -0.000044   -0.000059   -0.000030   -0.000164   -0.000023   -0.000164   -0.000030
   -0.000168   -0.000108   -0.000168   -0.000043   -0.000119   -0.000032   -0.000119   -0.000043
   -0.000168   -0.000044   -0.000168   -0.000030   -0.000119   -0.000023   -0.000119   -0.000030
   -0.000059   -0.000044   -0.000059   -0.000030   -0.000164   -0.000023   -0.000164   -0.000030
   -0.000059   -0.000286   -0.000059   -0.000691   -0.000164   -0.001312   -0.000164   -0.000691
   -0.000168   -0.000414   -0.000168   -0.001704   -0.000119   -0.002092   -0.000119   -0.001704
   -0.000168   -0.000286   -0.000168   -0.000691   -0.000119   -0.001312   -0.000119   -0.000691
   -0.000168   -0.000108   -0.000168   -0.000043   -0.000119   -0.000032   -0.000119   -0.000043
   -0.000168   -0.000414   -0.000168   -0.001704   -0.000119   -0.002092   -0.000119   -0.001704
   -0.001715   -0.004113   -0.001715   -0.024326   -0.010536   -2.453737   -0.010536   -0.024326
   -0.001715   -0.000414   -0.001715   -0.001704   -0.010536   -0.002092   -0.010536   -0.001704

   -0.000030   -0.000059   -0.000044   -0.000059   -0.000030   -0.000164   -0.000023   -0.000164
   -0.000691   -0.000168   -0.000286   -0.000168   -0.000691   -0.000119   -0.001312   -0.000119
   -0.001704   -0.000168   -0.000414   -0.000168   -0.001704   -0.000119   -0.002092   -0.000119
   -0.000691   -0.000059   -0.000286   -0.000059   -0.000691   -0.000164   -0.001312   -0.000164
   -0.000068   -0.000059   -0.000029   -0.000059   -0.000068   -0.000164   -0.000115   -0.000164
   -0.000030   -0.000168   -0.000044   -0.000168   -0.000030   -0.000119   -0.000023   -0.000119
   -0.000043   -0.000168   -0.000108   -0.000168   -0.000043   -0.000119   -0.000032   -0.000119
   -0.000030   -0.000059   -0.000044   -0.000059   -0.000030   -0.000164   -0.000023   -0.000164
   -0.000030   -0.000168   -0.000044   -0.000168   -0.000030   -0.000119   -0.000023   -0.000119
   -0.000691   -0.001715   -0.000286   -0.001715   -0.000691   -0.010536   -0.001312   -0.010536
   -0.001704   -0.001715   -0.000414   -0.001715   -0.001704   -0.010536   -0.002092   -0.010536
   -0.000691   -0.000168   -0.000286   -0.000168   -0.000691   -0.000119   -0.001312   -0.000119
   -0.000043   -0.000168   -0.000108   -0.000168   -0.000043   -0.000119   -0.000032   -0.000119
   -0.001704   -0.001715   -0.000414   -0.001715   -0.001704   -0.010536   -0.002092   -0.010536
   -0.024326   -0.001715   -0.004113   -0.001715   -0.024326   -0.010536   -2.453737   -0.010536
   -0.001704   -0.000168   -0.000414   -0.000168   -0.001704   -0.000119   -0.002092   -0.000119

   -0.000119   -0.000030   -0.000168   -0.000044   -0.000168   -0.000030   -0.000119   -0.000023
   -0.000119   -0.000691   -0.000168   -0.000286   -0.000168   -0.000691   -0.000119   -0.001312
   -0.010536   -0.001704   -0.001715   -0.000414   -0.001715   -0.001704   -0.010536   -0.002092
   -0.010536   -0.000691   -0.001715   -0.000286   -0.001715   -0.000691   -0.010536   -0.001312
   -0.000164   -0.000068   -0.000059   -0.000029   -0.000059   -0.000068   -0.000164   -0.000115
   -0.000164   -0.000030   -0.000059   -0.000044   -0.000059   -0.000030   -0.000164   -0.000023
   -0.000119   -0.000043   -0.000168   -0.000108   -0.000168   -0.000043   -0.000119   -0.000032
   -0.000119   -0.000030   -0.000168   -0.000044   -0.000168   -0.000030   -0.000119   -0.000023
   -0.000164   -0.000030   -0.000059   -0.000044   -0.000059   -0.000030   -0.000164   -0.000023
   -0.000164   -0.000691   -0.000059   -0.000286   -0.000059   -0.000691   -0.000164   -0.001312
   -0.000119   -0.001704   -0.000168   -0.000414   -0.000168   -0.001704   -0.000119   -0.002092
   -0.000119   -0.000691   -0.000168   -0.000286   -0.000168   -0.000691   -0.000119   -0.001312
   -0.000119   -0.000043   -0.000168   -0.000108   -0.000168   -0.000043   -0.000119   -0.000032
   -0.000119   -0.001704   -0.000168   -0.000414   -0.000168   -0.001704   -0.000119   -0.002092
   -0.010536   -0.024326   -0.001715   -0.004113   -0.001715   -0.024326   -0.010536   -2.453737
   -0.010536   -0.001704   -0.001715   -0.000414   -0.001715   -0.001704   -0.010536   -0.002092

   -0.001312   -0.000164   -0.000691   -0.000059   -0.000286   -0.000059   -0.000691   -0.000164
   -0.000023   -0.000164   -0.000030   -0.000059   -0.000044   -0.000059   -0.000030   -0.000164
   -0.001312   -0.000119   -0.000691   -0.000168   -0.000286   -0.000168   -0.000691   -0.000119
   -0.002092   -0.000119   -0.001704   -0.000168   -0.000414   -0.000168   -0.001704   -0.000119
   -0.000023   -0.000164   -0.000030   -0.000059   -0.000044   -0.000059   -0.000030   -0.000164
   -0.000115   -0.000164   -0.000068   -0.000059   -0.000029   -0.000059   -0.000068   -0.000164
   -0.000023   -0.000119   -0.000030   -0.000168   -0.000044   -0.000168   -0.000030   -0.000119
   -0.000032   -0.000119   -0.000043   -0.000168   -0.000108   -0.000168   -0.000043   -0.000119
   -0.001312   -0.000119   -0.000691   -0.000168   -0.000286   -0.000168   -0.000691   -0.000119
   -0.000023   -0.000119   -0.000030   -0.000168   -0.000044   -0.000168   -0.000030   -0.000119
   -0.001312   -0.010536   -0.000691   -0.001715   -0.000286   -0.001715   -0.000691   -0.010536
   -0.002092   -0.010536   -0.001704   -0.001715   -0.000414   -0.001715   -0.001704   -0.010536
   -0.002092   -0.000119   -0.001704   -0.000168   -0.000414   -0.000168   -0.001704   -0.000119
   -0.000032   -0.000119   -0.000043   -0.000168   -0.000108   -0.000168   -0.000043   -0.000119
   -0.002092   -0.010536   -0.001704   -0.001715   -0.000414   -0.001715   -0.001704   -0.010536
   -2.453737   -0.010536   -0.024326   -0.001715   -0.004113   -0.001715   -0.024326   -0.010536

   -0.010536   -0.001312   -0.010536   -0.000691   -0.001715   -0.000286   -0.001715   -0.000691
   -0.000119   -0.000023   -0.000119   -0.000030   -0.000168   -0.000044   -0.000168   -0.000030
   -0.000119   -0.001312   -0.000119   -0.000691   -0.000168   -0.000286   -0.000168   -0.000691
   -0.010536   -0.002092   -0.010536   -0.001704   -0.001715   -0.000414   -0.001715   -0.001704
   -0.000119   -0.000023   -0.000119   -0.000030   -0.000168   -0.000044   -0.000168   -0.000030
   -0.000164   -0.000115   -0.000164   -0.000068   -0.000059   -0.000029   -0.000059   -0.000068
   -0.000164   -0.000023   -0.000164   -0.000030   -0.000059   -0.000044   -0.000059   -0.000030
   -0.000119   -0.000032   -0.000119   -0.000043   -0.000168   -0.000108   -0.000168   -0.000043
   -0.000119   -0.001312   -0.000119   -0.000691   -0.000168   -0.000286   -0.000168   -0.000691
   -0.000164   -0.000023   -0.000164   -0.000030   -0.000059   -0.000044   -0.000059   -0.000030
   -0.000164   -0.001312   -0.000164   -0.000691   -0.000059   -0.000286   -0.000059   -0.000691
   -0.000119   -0.002092   -0.000119   -0.001704   -0.000168   -0.000414   -0.000168   -0.001704
   -0.010536   -0.002092   -0.010536   -0.001704   -0.001715   -0.000414   -0.001715   -0.001704
   -0.000119   -0.000032   -0.000119   -0.000043   -0.000168   -0.000108   -0.000168   -0.000043
   -0.000119   -0.002092   -0.000119   -0.001704   -0.000168   -0.000414   -0.000168   -0.001704
   -0.010536   -2.453737   -0.010536   -0.024326   -0.001715   -0.004113   -0.001715   -0.024326

   -0.000691   -0.000164   -0.001312   -0.000164   -0.000691   -0.000059   -0.000286   -0.000059
   -0.000030   -0.000164   -0.000023   -0.000164   -0.000030   -0.000059   -0.000044   -0.000059
   -0.000691   -0.000119   -0.001312   -0.000119   -0.000691   -0.000168   -0.000286   -0.000168
   -0.001704   -0.000119   -0.002092   -0.000119   -0.001704   -0.000168   -0.000414   -0.000168
   -0.000030   -0.000164   -0.000023   -0.000164   -0.000030   -0.000059   -0.000044   -0.000059
   -0.000068   -0.000164   -0.000115   -0.000164   -0.000068   -0.000059   -0.000029   -0.000059
   -0.000030   -0.000119   -0.000023   -0.000119   -0.000030   -0.000168   -0.000044   -0.000168
   -0.000043   -0.000119   -0.000032   -0.000119   -0.000043   -0.000168   -0.000108   -0.000168
   -0.000691   -0.000119   -0.001312   -0.000119   -0.000691   -0.000168   -0.000286   -0.000168
   -0.000030   -0.000119   -0.000023   -0.000119   -0.000030   -0.000168   -0.000044   -0.000168
   -0.000691   -0.010536   -0.001312   -0.010536   -0.000691   -0.001715   -0.000286   -0.001715
   -0.001704   -0.010536   -0.002092   -0.010536   -0.001704   -0.001715   -0.000414   -0.001715
   -0.001704   -0.000119   -0.002092   -0.000119   -0.001704   -0.000168   -0.000414   -0.000168
   -0.000043   -0.000119   -0.000032   -0.000119   -0.000043   -0.000168   -0.000108   -0.000168
   -0.001704   -0.010536   -0.002092   -0.010536   -0.001704   -0.001715   -0.000414   -0.001715
   -0.024326   -0.010536   -2.453737   -0.010536   -0.024326   -0.001715   -0.004113   -0.001715

   -0.001715   -0.000691   -0.010536   -0.001312   -0.010536   -0.000691   -0.001715   -0.000286
   -0.000168   -0.000030   -0.000119   -0.000023   -0.000119   -0.000030   -0.000168   -0.000044
   -0.000168   -0.000691   -0.000119   -0.001312   -0.000119   -0.000691   -0.000168   -0.000286
   -0.001715   -0.001704   -0.010536   -0.002092   -0.010536   -0.001704   -0.001715   -0.000414
   -0.000168   -0.000030   -0.000119   -0.000023   -0.000119   -0.000030   -0.000168   -0.000044
   -0.000059   -0.000068   -0.000164   -0.000115   -0.000164   -0.000068   -0.000059   -0.000029
   -0.000059   -0.000030   -0.000164   -0.000023   -0.000164   -0.000030   -0.000059   -0.000044
   -0.000168   -0.000043   -0.000119   -0.000032   -0.000119   -0.000043   -0.000168   -0.000108
   -0.000168   -0.000691   -0.000119   -0.001312   -0.000119   -0.000691   -0.000168   -0.000286
   -0.000059   -0.000030   -0.000164   -0.000023   -0.000164   -0.000030   -0.000059   -0.000044
   -0.000059   -0.000691   -0.000164   -0.001312   -0.000164   -0.000691   -0.000059   -0.000286
   -0.000168   -0.001704   -0.000119   -0.002092   -0.000119   -0.001704   -0.000168   -0.000414
   -0.001715   -0.001704   -0.010536   -0.002092   -0.010536   -0.001704   -0.001715   -0.000414
   -0.000168   -0.000043   -0.000119   -0.000032   -0.000119   -0.000043   -0.000168   -0.000108
   -0.000168   -0.001704   -0.000119   -0.002092   -0.000119   -0.001704   -0.000168   -0.000414
   -0.001715   -0.024326   -0.010536   -2.453737   -0.010536   -0.024326   -0.001715   -0.004113

   -0.000286   -0.000059   -0.000691   -0.000164   -0.001312   -0.000164   -0.000691   -0.000059
   -0.000044   -0.000059   -0.000030   -0.000164   -0.000023   -0.000164   -0.000030   -0.000059
   -0.000286   -0.000168   -0.000691   -0.000119   -0.001312   -0.000119   -0.000691   -0.000168
   -0.000414   -0.000168   -0.001704   -0.000119   -0.002092   -0.000119   -0.001704   -0.000168
   -0.000044   -0.000059   -0.000030   -0.000164   -0.000023   -0.000164   -0.000030   -0.000059
   -0.000029   -0.000059   -0.000068   -0.000164   -0.000115   -0.000164   -0.000068   -0.000059
   -0.000044   -0.000168   -0.000030   -0.000119   -0.000023   -0.000119   -0.000030   -0.000168
   -0.000108   -0.000168   -0.000043   -0.000119   -0.000032   -0.000119   -0.000043   -0.000168
   -0.000286   -0.000168   -0.000691   -0.000119   -0.001312   -0.000119   -0.000691   -0.000168
   -0.000044   -0.000168   -0.000030   -0.000119   -0.000023   -0.000119   -0.000030   -0.000168
   -0.000286   -0.001715   -0.000691   -0.010536   -0.001312   -0.010536   -0.000691   -0.001715
   -0.000414   -0.001715   -0.001704   -0.010536   -0.002092   -0.010536   -0.001704   -0.001715
   -0.000414   -0.000168   -0.001704   -0.000119   -0.002092   -0.000119   -0.001704   -0.000168
   -0.000108   -0.000168   -0.000043   -0.000119   -0.000032   -0.000119   -0.000043   -0.000168
   -0.000414   -0.001715   -0.001704   -0.010536   -0.002092   -0.010536   -0.001704   -0.001715
   -0.004113   -0.001715   -0.024326   -0.010536   -2.453737   -0.010536   -0.024326   -0.001715

   -0.001715   -0.000286   -0.001715   -0.000691   -0.010536   -0.001312   -0.010536   -0.000691
   -0.000168   -0.000044   -0.000168   -0.000030   -0.000119   -0.000023   -0.000119   -0.000030
   -0.000168   -0.000286   -0.000168   -0.000691   -0.000119   -0.001312   -0.000119   -0.000691
   -0.001715   -0.000414   -0.001715   -0.001704   -0.010536   -0.002092   -0.010536   -0.001704
   -0.000168   -0.000044   -0.000168   -0.000030   -0.000119   -0.000023   -0.000119   -0.000030
   -0.000059   -0.000029   -0.000059   -0.000068   -0.000164   -0.000115   -0.000164   -0.000068
   -0.000059   -0.000044   -0.000059   -0.000030   -0.000164   -0.000023   -0.000164   -0.000030
   -0.000168   -0.000108   -0.000168   -0.000043   -0.000119   -0.000032   -0.000119   -0.000043
   -0.000168   -0.000286   -0.000168   -0.000691   -0.000119   -0.001312   -0.000119   -0.000691
   -0.000059   -0.000044   -0.000059   -0.000030   -0.000164   -0.000023   -0.000164   -0.000030
   -0.000059   -0.000286   -0.000059   -0.000691   -0.000164   -0.001312   -0.000164   -0.000691
   -0.000168   -0.000414   -0.000168   -0.001704   -0.000119   -0.002092   -0.000119   -0.001704
   -0.001715   -0.000414   -0.001715   -0.001704   -0.010536   -0.002092   -0.010536   -0.001704
   -0.000168   -0.000108   -0.000168   -0.000043   -0.000119   -0.000032   -0.000119   -0.000043
   -0.000168   -0.000414   -0.000168   -0.001704   -0.000119   -0.002092   -0.000119   -0.001704
   -0.001715   -0.004113   -0.001715   -0.024326   -0.010536   -2.453737   -0.010536   -0.024326

   -0.000691   -0.000059   -0.000286   -0.000059   -0.000691   -0.000164   -0.001312   -0.000164
   -0.000030   -0.000059   -0.000044   -0.000059   -0.000030   -0.000164   -0.000023   -0.000164
   -0.000691   -0.000168   -0.000286   -0.000168   -0.000691   -0.000119   -0.001312   -0.000119
   -0.001704   -0.000168   -0.000414   -0.000168   -0.001704   -0.000119   -0.002092   -0.000119
   -0.000030   -0.000059   -0.000044   -0.000059   -0.000030   -0.000164   -0.000023   -0.000164
   -0.000068   -0.000059   -0.000029   -0.000059   -0.000068   -0.000164   -0.000115   -0.000164
   -0.000030   -0.000168   -0.000044   -0.000168   -0.000030   -0.000119   -0.000023   -0.000119
   -0.000043   -0.000168   -0.000108   -0.000168   -0.000043   -0.000119   -0.000032   -0.000119
   -0.000691   -0.000168   -0.000286   -0.000168   -0.000691   -0.000119   -0.001312   -0.000119
   -0.000030   -0.000168   -0.000044   -0.000168   -0.000030   -0.000119   -0.000023   -0.000119
   -0.000691   -0.001715   -0.000286   -0.001715   -0.000691   -0.010536   -0.001312   -0.010536
   -0.001704   -0.001715   -0.000414   -0.001715   -0.001704   -0.010536   -0.002092   -0.010536
   -0.001704   -0.000168   -0.000414   -0.000168   -0.001704   -0.000119   -0.002092   -0.000119
   -0.000043   -0.000168   -0.000108   -0.000168   -0.000043   -0.000119   -0.000032   -0.000119
   -0.001704   -0.001715   -0.000414   -0.001715   -0.001704   -0.010536   -0.002092   -0.010536
   -0.024326   -0.001715   -0.004113   -0.001715   -0.024326   -0.010536   -2.453737   -0.010536

   -0.010536   -0.000691   -0.001715   -0.000286   -0.001715   -0.000691   -0.010536   -0.001312
   -0.000119   -0.000030   -0.000168   -0.000044   -0.000168   -0.000030   -0.000119   -0.000023
   -0.000119   -0.000691   -0.000168   -0.000286   -0.000168   -0.000691   -0.000119   -0.001312
   -0.010536   -0.001704   -0.001715   -0.000414   -0.001715   -0.001704   -0.010536   -0.002092
   -0.000119   -0.000030   -0.000168   -0.000044   -0.000168   -0.000030   -0.000119   -0.000023
   -0.000164   -0.000068   -0.000059   -0.000029   -0.000059   -0.000068   -0.000164   -0.000115
   -0.000164   -0.000030   -0.000059   -0.000044   -0.000059   -0.000030   -0.000164   -0.000023
   -0.000119   -0.000043   -0.000168   -0.000108   -0.000168   -0.000043   -0.000119   -0.000032
   -0.000119   -0.000691   -0.000168   -0.000286   -0.000168   -0.000691   -0.000119   -0.001312
   -0.000164   -0.000030   -0.000059   -0.000044   -0.000059   -0.000030   -0.000164   -0.000023
   -0.000164   -0.000691   -0.000059   -0.000286   -0.000059   -0.000691   -0.000164   -0.001312
   -0.000119   -0.001704   -0.000168   -0.000414   -0.000168   -0.001704   -0.000119   -0.002092
   -0.010536   -0.001704   -0.001715   -0.000414   -0.001715   -0.001704   -0.010536   -0.002092
   -0.000119   -0.000043   -0.000168   -0.000108   -0.000168   -0.000043   -0.000119   -0.000032
   -0.000119   -0.001704   -0.000168   -0.000414   -0.000168   -0.001704   -0.000119   -0.002092
   -0.010536   -0.024326   -0.001715   -0.004113   -0.001715   -0.024326   -0.010536   -2.453737


        chi^{-1} matrix :
   -8.127836    0.011400   -0.004651    0.000152   -0.003388    0.000152   -0.004651    0.011400
   -0.003207   -0.000020   -0.000269    0.000007   -0.000287    0.000007   -0.000269   -0.000020
    0.000761   -0.000020    0.000778    0.000007    0.000656    0.000007    0.000778   -0.000020
   -0.003207    0.011400   -0.000269    0.000152   -0.000287    0.000152   -0.000269    0.011400
   -0.003207   -0.000020   -0.000269    0.000007   -0.000287    0.000007   -0.000269   -0.000020
   -0.000413    0.000135    0.000127    0.000006   -0.000265    0.000006    0.000127    0.000135
   -0.000262    0.000135   -0.000252    0.000006   -0.000290    0.000006   -0.000252    0.000135
   -0.000413   -0.000020    0.000127    0.000007   -0.000265    0.000007    0.000127   -0.000020
    0.000761   -0.000020    0.000778    0.000007    0.000656    0.000007    0.000778   -0.000020
   -0.000262    0.000135   -0.000252    0.000006   -0.000290    0.000006   -0.000252    0.000135
    0.000578    0.000135    0.000679    0.000006    0.000786    0.000006    0.000679    0.000135
   -0.000262   -0.000020   -0.000252    0.000007   -0.000290    0.000007   -0.000252   -0.000020
   -0.003207    0.011400   -0.000269    0.000152   -0.000287    0.000152   -0.000269    0.011400
   -0.000413   -0.000020    0.000127    0.000007   -0.000265    0.000007    0.000127   -0.000020
   -0.000262   -0.000020   -0.000252    0.000007   -0.000290    0.000007   -0.000252   -0.000020
   -0.000413    0.011400    0.000127    0.000152   -0.000265    0.000152    0.000127    0.011400

    0.011400   -8.127836    0.011400   -0.004651    0.000152   -0.003388    0.000152   -0.004651
    0.011400   -0.003207    0.011400   -0.000269    0.000152   -0.000287    0.000152   -0.000269
   -0.000020    0.000761   -0.000020    0.000778    0.000007    0.000656    0.000007    0.000778
   -0.000020   -0.003207   -0.000020   -0.000269    0.000007   -0.000287    0.000007   -0.000269
    0.011400   -0.003207    0.011400   -0.000269    0.000152   -0.000287    0.000152   -0.000269
    0.011400   -0.000413    0.011400    0.000127    0.000152   -0.000265    0.000152    0.000127
   -0.000020   -0.000262   -0.000020   -0.000252    0.000007   -0.000290    0.000007   -0.000252
   -0.000020   -0.000413   -0.000020    0.000127    0.000007   -0.000265    0.000007    0.000127
   -0.000020    0.000761   -0.000020    0.000778    0.000007    0.000656    0.000007    0.000778
   -0.000020   -0.000262   -0.000020   -0.000252    0.000007   -0.000290    0.000007   -0.000252
    0.000135    0.000578    0.000135    0.000679    0.000006    0.000786    0.000006    0.000679
    0.000135   -0.000262    0.000135   -0.000252    0.000006   -0.000290    0.000006   -0.000252
   -0.000020   -0.003207   -0.000020   -0.000269    0.000007   -0.000287    0.000007   -0.000269
   -0.000020   -0.000413   -0.000020    0.000127    0.000007   -0.000265    0.000007    0.000127
    0.000135   -0.000262    0.000135   -0.000252    0.000006   -0.000290    0.000006   -0.000252
    0.000135   -0.000413    0.000135    0.000127    0.000006   -0.000265    0.000006    0.000127

   -0.004651    0.011400   -8.127836    0.011400   -0.004651    0.000152   -0.003388    0.000152
   -0.000269   -0.000020   -0.003207   -0.000020   -0.000269    0.000007   -0.000287    0.000007
    0.000778   -0.000020    0.000761   -0.000020    0.000778    0.000007    0.000656    0.000007
   -0.000269    0.011400   -0.003207    0.011400   -0.000269    0.000152   -0.000287    0.000152
   -0.000269   -0.000020   -0.003207   -0.000020   -0.000269    0.000007   -0.000287    0.000007
    0.000127    0.000135   -0.000413    0.000135    0.000127    0.000006   -0.000265    0.000006
   -0.000252    0.000135   -0.000262    0.000135   -0.000252    0.000006   -0.000290    0.000006
    0.000127   -0.000020   -0.000413   -0.000020    0.000127    0.000007   -0.000265    0.000007
    0.000778   -0.000020    0.000761   -0.000020    0.000778    0.000007    0.000656    0.000007
   -0.000252    0.000135   -0.000262    0.000135   -0.000252    0.000006   -0.000290    0.000006
    0.000679    0.000135    0.000578    0.000135    0.000679    0.000006    0.000786    0.000006
   -0.000252   -0.000020   -0.000262   -0.000020   -0.000252    0.000007   -0.000290    0.000007
   -0.000269    0.011400   -0.003207    0.011400   -0.000269    0.000152   -0.000287    0.000152
    0.000127   -0.000020   -0.000413   -0.000020    0.000127    0.000007   -0.000265    0.000007
   -0.000252   -0.000020   -0.000262   -0.000020   -0.000252    0.000007   -0.000290    0.000007
    0.000127    0.011400   -0.000413    0.011400    0.000127    0.000152   -0.000265    0.000152

    0.000152   -0.004651    0.011400   -8.127836    0.011400   -0.004651    0.000152   -0.003388
    0.000152   -0.000269    0.011400   -0.003207    0.011400   -0.000269    0.000152   -0.000287
    0.000007    0.000778   -0.000020    0.000761   -0.000020    0.000778    0.000007    0.000656
    0.000007   -0.000269   -0.000020   -0.003207   -0.000020   -0.000269    0.000007   -0.000287
    0.000152   -0.000269    0.011400   -0.003207    0.011400   -0.000269    0.000152   -0.000287
    0.000152    0.000127    0.011400   -0.000413    0.011400    0.000127    0.000152   -0.000265
    0.000007   -0.000252   -0.000020   -0.000262   -0.000020   -0.000252    0.000007   -0.000290
    0.000007    0.000127   -0.000020   -0.000413   -0.000020    0.000127    0.000007   -0.000265
    0.000007    0.000778   -0.000020    0.000761   -0.000020    0.000778    0.000007    0.000656
    0.000007   -0.000252   -0.000020   -0.000262   -0.000020   -0.000252    0.000007   -0.000290
    0.000006    0.000679    0.000135    0.000578    0.000135    0.000679    0.000006    0.000786
    0.000006   -0.000252    0.000135   -0.000262    0.000135   -0.000252    0.000006   -0.000290
    0.000007   -0.000269   -0.000020   -0.003207   -0.000020   -0.000269    0.000007   -0.000287
    0.000007    0.000127   -0.000020   -0.000413   -0.000020    0.000127    0.000007   -0.000265
    0.000006   -0.000252    0.000135   -0.000262    0.000135   -0.000252    0.000006   -0.000290
    0.000006    0.000127    0.000135   -0.000413    0.000135    0.000127    0.000006   -0.000265

   -0.003388    0.000152   -0.004651    0.011400   -8.127836    0.011400   -0.004651    0.000152
   -0.000287    0.000007   -0.000269   -0.000020   -0.003207   -0.000020   -0.000269    0.000007
    0.000656    0.000007    0.000778   -0.000020    0.000761   -0.000020    0.000778    0.000007
   -0.000287    0.000152   -0.000269    0.011400   -0.003207    0.011400   -0.000269    0.000152
   -0.000287    0.000007   -0.000269   -0.000020   -0.003207   -0.000020   -0.000269    0.000007
   -0.000265    0.000006    0.000127    0.000135   -0.000413    0.000135    0.000127    0.000006
   -0.000290    0.000006   -0.000252    0.000135   -0.000262    0.000135   -0.000252    0.000006
   -0.000265    0.000007    0.000127   -0.000020   -0.000413   -0.000020    0.000127    0.000007
    0.000656    0.000007    0.000778   -0.000020    0.000761   -0.000020    0.000778    0.000007
   -0.000290    0.000006   -0.000252    0.000135   -0.000262    0.000135   -0.000252    0.000006
    0.000786    0.000006    0.000679    0.000135    0.000578    0.000135    0.000679    0.000006
   -0.000290    0.000007   -0.000252   -0.000020   -0.000262   -0.000020   -0.000252    0.000007
   -0.000287    0.000152   -0.000269    0.011400   -0.003207    0.011400   -0.000269    0.000152
   -0.000265    0.000007    0.000127   -0.000020   -0.000413   -0.000020    0.000127    0.000007
   -0.000290    0.000007   -0.000252   -0.000020   -0.000262   -0.000020   -0.000252    0.000007
   -0.000265    0.000152    0.000127    0.011400   -0.000413    0.011400    0.000127    0.000152

    0.000152   -0.003388    0.000152   -0.004651    0.011400   -8.127836    0.011400   -0.004651
    0.000152   -0.000287    0.000152   -0.000269    0.011400   -0.003207    0.011400   -0.000269
    0.000007    0.000656    0.000007    0.000778   -0.000020    0.000761   -0.000020    0.000778
    0.000007   -0.000287    0.000007   -0.000269   -0.000020   -0.003207   -0.000020   -0.000269
    0.000152   -0.000287    0.000152   -0.000269    0.011400   -0.003207    0.011400   -0.000269
    0.000152   -0.000265    0.000152    0.000127    0.011400   -0.000413    0.011400    0.000127
    0.000007   -0.000290    0.000007   -0.000252   -0.000020   -0.000262   -0.000020   -0.000252
    0.000007   -0.000265    0.000007    0.000127   -0.000020   -0.000413   -0.000020    0.000127
    0.000007    0.000656    0.000007    0.000778   -0.000020    0.000761   -0.000020    0.000778
    0.000007   -0.000290    0.000007   -0.000252   -0.000020   -0.000262   -0.000020   -0.000252
    0.000006    0.000786    0.000006    0.000679    0.000135    0.000578    0.000135    0.000679
    0.000006   -0.000290    0.000006   -0.000252    0.000135   -0.000262    0.000135   -0.000252
    0.000007   -0.000287    0.000007   -0.000269   -0.000020   -0.003207   -0.000020   -0.000269
    0.000007   -0.000265    0.000007    0.000127   -0.000020   -0.000413   -0.000020    0.000127
    0.000006   -0.000290    0.000006   -0.000252    0.000135   -0.000262    0.000135   -0.000252
    0.000006   -0.000265    0.000006    0.000127    0.000135   -0.000413    0.000135    0.000127

   -0.004651    0.000152   -0.003388    0.000152   -0.004651    0.011400   -8.127836    0.011400
   -0.000269    0.000007   -0.000287    0.000007   -0.000269   -0.000020   -0.003207   -0.000020
    0.000778    0.000007    0.000656    0.000007    0.000778   -0.000020    0.000761   -0.000020
   -0.000269    0.000152   -0.000287    0.000152   -0.000269    0.011400   -0.003207    0.011400
   -0.000269    0.000007   -0.000287    0.000007   -0.000269   -0.000020   -0.003207   -0.000020
    0.000127    0.000006   -0.000265    0.000006    0.000127    0.000135   -0.000413    0.000135
   -0.000252    0.000006   -0.000290    0.000006   -0.000252    0.000135   -0.000262    0.000135
    0.000127    0.000007   -0.000265    0.000007    0.000127   -0.000020   -0.000413   -0.000020
    0.000778    0.000007    0.000656    0.000007    0.000778   -0.000020    0.000761   -0.000020
   -0.000252    0.000006   -0.000290    0.000006   -0.000252    0.000135   -0.000262    0.000135
    0.000679    0.000006    0.000786    0.000006    0.000679    0.000135    0.000578    0.000135
   -0.000252    0.000007   -0.000290    0.000007   -0.000252   -0.000020   -0.000262   -0.000020
   -0.000269    0.000152   -0.000287    0.000152   -0.000269    0.011400   -0.003207    0.011400
    0.000127    0.000007   -0.000265    0.000007    0.000127   -0.000020   -0.000413   -0.000020
   -0.000252    0.000007   -0.000290    0.000007   -0.000252   -0.000020   -0.000262   -0.000020
    0.000127    0.000152   -0.000265    0.000152    0.000127    0.011400   -0.000413    0.011400

    0.011400   -0.004651    0.000152   -0.003388    0.000152   -0.004651    0.011400   -8.127836
    0.011400   -0.000269    0.000152   -0.000287    0.000152   -0.000269    0.011400   -0.003207
   -0.000020    0.000778    0.000007    0.000656    0.000007    0.000778   -0.000020    0.000761
   -0.000020   -0.000269    0.000007   -0.000287    0.000007   -0.000269   -0.000020   -0.003207
    0.011400   -0.000269    0.000152   -0.000287    0.000152   -0.000269    0.011400   -0.003207
    0.011400    0.000127    0.000152   -0.000265    0.000152    0.000127    0.011400   -0.000413
   -0.000020   -0.000252    0.000007   -0.000290    0.000007   -0.000252   -0.000020   -0.000262
   -0.000020    0.000127    0.000007   -0.000265    0.000007    0.000127   -0.000020   -0.000413
   -0.000020    0.000778    0.000007    0.000656    0.000007    0.000778   -0.000020    0.000761
   -0.000020   -0.000252    0.000007   -0.000290    0.000007   -0.000252   -0.000020   -0.000262
    0.000135    0.000679    0.000006    0.000786    0.000006    0.000679    0.000135    0.000578
    0.000135   -0.000252    0.000006   -0.000290    0.000006   -0.000252    0.000135   -0.000262
   -0.000020   -0.000269    0.000007   -0.000287    0.000007   -0.000269   -0.000020   -0.003207
   -0.000020    0.000127    0.000007   -0.000265    0.000007    0.000127   -0.000020   -0.000413
    0.000135   -0.000252    0.000006   -0.000290    0.000006   -0.000252    0.000135   -0.000262
    0.000135    0.000127    0.000006   -0.000265    0.000006    0.000127    0.000135   -0.000413

   -0.003207    0.011400   -0.000269    0.000152   -0.000287    0.000152   -0.000269    0.011400
   -8.127836    0.011400   -0.004651    0.000152   -0.003388    0.000152   -0.004651    0.011400
   -0.003207   -0.000020   -0.000269    0.000007   -0.000287    0.000007   -0.000269   -0.000020
    0.000761   -0.000020    0.000778    0.000007    0.000656    0.000007    0.000778   -0.000020
   -0.000413   -0.000020    0.000127    0.000007   -0.000265    0.000007    0.000127   -0.000020
   -0.003207   -0.000020   -0.000269    0.000007   -0.000287    0.000007   -0.000269   -0.000020
   -0.000413    0.000135    0.000127    0.000006   -0.000265    0.000006    0.000127    0.000135
   -0.000262    0.000135   -0.000252    0.000006   -0.000290    0.000006   -0.000252    0.000135
   -0.000262   -0.000020   -0.000252    0.000007   -0.000290    0.000007   -0.000252   -0.000020
    0.000761   -0.000020    0.000778    0.000007    0.000656    0.000007    0.000778   -0.000020
   -0.000262    0.000135   -0.000252    0.000006   -0.000290    0.000006   -0.000252    0.000135
    0.000578    0.000135    0.000679    0.000006    0.000786    0.000006    0.000679    0.000135
   -0.000413    0.011400    0.000127    0.000152   -0.000265    0.000152    0.000127    0.011400
   -0.003207    0.011400   -0.000269    0.000152   -0.000287    0.000152   -0.000269    0.011400
   -0.000413   -0.000020    0.000127    0.000007   -0.000265    0.000007    0.000127   -0.000020
   -0.000262   -0.000020   -0.000252    0.000007   -0.000290    0.000007   -0.000252   -0.000020

   -0.000020   -0.003207   -0.000020   -0.000269    0.000007   -0.000287    0.000007   -0.000269
    0.011400   -8.127836    0.011400   -0.004651    0.000152   -0.003388    0.000152   -0.004651
    0.011400   -0.003207    0.011400   -0.000269    0.000152   -0.000287    0.000152   -0.000269
   -0.000020    0.000761   -0.000020    0.000778    0.000007    0.000656    0.000007    0.000778
   -0.000020   -0.000413   -0.000020    0.000127    0.000007   -0.000265    0.000007    0.000127
    0.011400   -0.003207    0.011400   -0.000269    0.000152   -0.000287    0.000152   -0.000269
    0.011400   -0.000413    0.011400    0.000127    0.000152   -0.000265    0.000152    0.000127
   -0.000020   -0.000262   -0.000020   -0.000252    0.000007   -0.000290    0.000007   -0.000252
    0.000135   -0.000262    0.000135   -0.000252    0.000006   -0.000290    0.000006   -0.000252
   -0.000020    0.000761   -0.000020    0.000778    0.000007    0.000656    0.000007    0.000778
   -0.000020   -0.000262   -0.000020   -0.000252    0.000007   -0.000290    0.000007   -0.000252
    0.000135    0.000578    0.000135    0.000679    0.000006    0.000786    0.000006    0.000679
    0.000135   -0.000413    0.000135    0.000127    0.000006   -0.000265    0.000006    0.000127
   -0.000020   -0.003207   -0.000020   -0.000269    0.000007   -0.000287    0.000007   -0.000269
   -0.000020   -0.000413   -0.000020    0.000127    0.000007   -0.000265    0.000007    0.000127
    0.000135   -0.000262    0.000135   -0.000252    0.000006   -0.000290    0.000006   -0.000252

   -0.000269    0.011400   -0.003207    0.011400   -0.000269    0.000152   -0.000287    0.000152
   -0.004651    0.011400   -8.127836    0.011400   -0.004651    0.000152   -0.003388    0.000152
   -0.000269   -0.000020   -0.003207   -0.000020   -0.000269    0.000007   -0.000287    0.000007
    0.000778   -0.000020    0.000761   -0.000020    0.000778    0.000007    0.000656    0.000007
    0.000127   -0.000020   -0.000413   -0.000020    0.000127    0.000007   -0.000265    0.000007
   -0.000269   -0.000020   -0.003207   -0.000020   -0.000269    0.000007   -0.000287    0.000007
    0.000127    0.000135   -0.000413    0.000135    0.000127    0.000006   -0.000265    0.000006
   -0.000252    0.000135   -0.000262    0.000135   -0.000252    0.000006   -0.000290    0.000006
   -0.000252   -0.000020   -0.000262   -0.000020   -0.000252    0.000007   -0.000290    0.000007
    0.000778   -0.000020    0.000761   -0.000020    0.000778    0.000007    0.000656    0.000007
   -0.000252    0.000135   -0.000262    0.000135   -0.000252    0.000006   -0.000290    0.000006
    0.000679    0.000135    0.000578    0.000135    0.000679    0.000006    0.000786    0.000006
    0.000127    0.011400   -0.000413    0.011400    0.000127    0.000152   -0.000265    0.000152
   -0.000269    0.011400   -0.003207    0.011400   -0.000269    0.000152   -0.000287    0.000152
    0.000127   -0.000020   -0.000413   -0.000020    0.000127    0.000007   -0.000265    0.000007
   -0.000252   -0.000020   -0.000262   -0.000020   -0.000252    0.000007   -0.000290    0.000007

    0.000007   -0.000269   -0.000020   -0.003207   -0.000020   -0.000269    0.000007   -0.000287
    0.000152   -0.004651    0.011400   -8.127836    0.011400   -0.004651    0.000152   -0.003388
    0.000152   -0.000269    0.011400   -0.003207    0.011400   -0.000269    0.000152   -0.000287
    0.000007    0.000778   -0.000020    0.000761   -0.000020    0.000778    0.000007    0.000656
    0.000007    0.000127   -0.000020   -0.000413   -0.000020    0.000127    0.000007   -0.000265
    0.000152   -0.000269    0.011400   -0.003207    0.011400   -0.000269    0.000152   -0.000287
    0.000152    0.000127    0.011400   -0.000413    0.011400    0.000127    0.000152   -0.000265
    0.000007   -0.000252   -0.000020   -0.000262   -0.000020   -0.000252    0.000007   -0.000290
    0.000006   -0.000252    0.000135   -0.000262    0.000135   -0.000252    0.000006   -0.000290
    0.000007    0.000778   -0.000020    0.000761   -0.000020    0.000778    0.000007    0.000656
    0.000007   -0.000252   -0.000020   -0.000262   -0.000020   -0.000252    0.000007   -0.000290
    0.000006    0.000679    0.000135    0.000578    0.000135    0.000679    0.000006    0.000786
    0.000006    0.000127    0.000135   -0.000413    0.000135    0.000127    0.000006   -0.000265
    0.000007   -0.000269   -0.000020   -0.003207   -0.000020   -0.000269    0.000007   -0.000287
    0.000007    0.000127   -0.000020   -0.000413   -0.000020    0.000127    0.000007   -0.000265
    0.000006   -0.000252    0.000135   -0.000262    0.000135   -0.000252    0.000006   -0.000290

   -0.000287    0.000152   -0.000269    0.011400   -0.003207    0.011400   -0.000269    0.000152
   -0.003388    0.000152   -0.004651    0.011400   -8.127836    0.011400   -0.004651    0.000152
   -0.000287    0.000007   -0.000269   -0.000020   -0.003207   -0.000020   -0.000269    0.000007
    0.000656    0.000007    0.000778   -0.000020    0.000761   -0.000020    0.000778    0.000007
   -0.000265    0.000007    0.000127   -0.000020   -0.000413   -0.000020    0.000127    0.000007
   -0.000287    0.000007   -0.000269   -0.000020   -0.003207   -0.000020   -0.000269    0.000007
   -0.000265    0.000006    0.000127    0.000135   -0.000413    0.000135    0.000127    0.000006
   -0.000290    0.000006   -0.000252    0.000135   -0.000262    0.000135   -0.000252    0.000006
   -0.000290    0.000007   -0.000252   -0.000020   -0.000262   -0.000020   -0.000252    0.000007
    0.000656    0.000007    0.000778   -0.000020    0.000761   -0.000020    0.000778    0.000007
   -0.000290    0.000006   -0.000252    0.000135   -0.000262    0.000135   -0.000252    0.000006
    0.000786    0.000006    0.000679    0.000135    0.000578    0.000135    0.000679    0.000006
   -0.000265    0.000152    0.000127    0.011400   -0.000413    0.011400    0.000127    0.000152
   -0.000287    0.000152   -0.000269    0.011400   -0.003207    0.011400   -0.000269    0.000152
   -0.000265    0.000007    0.000127   -0.000020   -0.000413   -0.000020    0.000127    0.000007
   -0.000290    0.000007   -0.000252   -0.000020   -0.000262   -0.000020   -0.000252    0.000007

    0.000007   -0.000287    0.000007   -0.000269   -0.000020   -0.003207   -0.000020   -0.000269
    0.000152   -0.003388    0.000152   -0.004651    0.011400   -8.127836    0.011400   -0.004651
    0.000152   -0.000287    0.000152   -0.000269    0.011400   -0.003207    0.011400   -0.000269
    0.000007    0.000656    0.000007    0.000778   -0.000020    0.000761   -0.000020    0.000778
    0.000007   -0.000265    0.000007    0.000127   -0.000020   -0.000413   -0.000020    0.000127
    0.000152   -0.000287    0.000152   -0.000269    0.011400   -0.003207    0.011400   -0.000269
    0.000152   -0.000265    0.000152    0.000127    0.011400   -0.000413    0.011400    0.000127
    0.000007   -0.000290    0.000007   -0.000252   -0.000020   -0.000262   -0.000020   -0.000252
    0.000006   -0.000290    0.000006   -0.000252    0.000135   -0.000262    0.000135   -0.000252
    0.000007    0.000656    0.000007    0.000778   -0.000020    0.000761   -0.000020    0.000778
    0.000007   -0.000290    0.000007   -0.000252   -0.000020   -0.000262   -0.000020   -0.000252
    0.000006    0.000786    0.000006    0.000679    0.000135    0.000578    0.000135    0.000679
    0.000006   -0.000265    0.000006    0.000127    0.000135   -0.000413    0.000135    0.000127
    0.000007   -0.000287    0.000007   -0.000269   -0.000020   -0.003207   -0.000020   -0.000269
    0.000007   -0.000265    0.000007    0.000127   -0.000020   -0.000413   -0.000020    0.000127
    0.000006   -0.000290    0.000006   -0.000252    0.000135   -0.000262    0.000135   -0.000252

   -0.000269    0.000152   -0.000287    0.000152   -0.000269    0.011400   -0.003207    0.011400
   -0.004651    0.000152   -0.003388    0.000152   -0.004651    0.011400   -8.127836    0.011400
   -0.000269    0.000007   -0.000287    0.000007   -0.000269   -0.000020   -0.003207   -0.000020
    0.000778    0.000007    0.000656    0.000007    0.000778   -0.000020    0.000761   -0.000020
    0.000127    0.000007   -0.000265    0.000007    0.000127   -0.000020   -0.000413   -0.000020
   -0.000269    0.000007   -0.000287    0.000007   -0.000269   -0.000020   -0.003207   -0.000020
    0.000127    0.000006   -0.000265    0.000006    0.000127    0.000135   -0.000413    0.000135
   -0.000252    0.000006   -0.000290    0.000006   -0.000252    0.000135   -0.000262    0.000135
   -0.000252    0.000007   -0.000290    0.000007   -0.000252   -0.000020   -0.000262   -0.000020
    0.000778    0.000007    0.000656    0.000007    0.000778   -0.000020    0.000761   -0.000020
   -0.000252    0.000006   -0.000290    0.000006   -0.000252    0.000135   -0.000262    0.000135
    0.000679    0.000006    0.000786    0.000006    0.000679    0.000135    0.000578    0.000135
    0.000127    0.000152   -0.000265    0.000152    0.000127    0.011400   -0.000413    0.011400
   -0.000269    0.000152   -0.000287    0.000152   -0.000269    0.011400   -0.003207    0.011400
    0.000127    0.000007   -0.000265    0.000007    0.000127   -0.000020   -0.000413   -0.000020
   -0.000252    0.000007   -0.000290    0.000007   -0.000252   -0.000020   -0.000262   -0.000020

   -0.000020   -0.000269    0.000007   -0.000287    0.000007   -0.000269   -0.000020   -0.003207
    0.011400   -0.004651    0.000152   -0.003388    0.000152   -0.004651    0.011400   -8.127836
    0.011400   -0.000269    0.000152   -0.000287    0.000152   -0.000269    0.011400   -0.003207
   -0.000020    0.000778    0.000007    0.000656    0.000007    0.000778   -0.000020    0.000761
   -0.000020    0.000127    0.000007   -0.000265    0.000007    0.000127   -0.000020   -0.000413
    0.011400   -0.000269    0.000152   -0.000287    0.000152   -0.000269    0.011400   -0.003207
    0.011400    0.000127    0.000152   -0.000265    0.000152    0.000127    0.011400   -0.000413
   -0.000020   -0.000252    0.000007   -0.000290    0.000007   -0.000252   -0.000020   -0.000262
    0.000135   -0.000252    0.000006   -0.000290    0.000006   -0.000252    0.000135   -0.000262
   -0.000020    0.000778    0.000007    0.000656    0.000007    0.000778   -0.000020    0.000761
   -0.000020   -0.000252    0.000007   -0.000290    0.000007   -0.000252   -0.000020   -0.000262
    0.000135    0.000679    0.000006    0.000786    0.000006    0.000679    0.000135    0.000578
    0.000135    0.000127    0.000006   -0.000265    0.000006    0.000127    0.000135   -0.000413
   -0.000020   -0.000269    0.000007   -0.000287    0.000007   -0.000269   -0.000020   -0.003207
   -0.000020    0.000127    0.000007   -0.000265    0.000007    0.000127   -0.000020   -0.000413
    0.000135   -0.000252    0.000006   -0.000290    0.000006   -0.000252    0.000135   -0.000262

    0.000761   -0.000020    0.000778    0.000007    0.000656    0.000007    0.000778   -0.000020
   -0.003207    0.011400   -0.000269    0.000152   -0.000287    0.000152   -0.000269    0.011400
   -8.127836    0.011400   -0.004651    0.000152   -0.003388    0.000152   -0.004651    0.011400
   -0.003207   -0.000020   -0.000269    0.000007   -0.000287    0.000007   -0.000269   -0.000020
   -0.000262    0.000135   -0.000252    0.000006   -0.000290    0.000006   -0.000252    0.000135
   -0.000413   -0.000020    0.000127    0.000007   -0.000265    0.000007    0.000127   -0.000020
   -0.003207   -0.000020   -0.000269    0.000007   -0.000287    0.000007   -0.000269   -0.000020
   -0.000413    0.000135    0.000127    0.000006   -0.000265    0.000006    0.000127    0.000135
    0.000578    0.000135    0.000679    0.000006    0.000786    0.000006    0.000679    0.000135
   -0.000262   -0.000020   -0.000252    0.000007   -0.000290    0.000007   -0.000252   -0.000020
    0.000761   -0.000020    0.000778    0.000007    0.000656    0.000007    0.000778   -0.000020
   -0.000262    0.000135   -0.000252    0.000006   -0.000290    0.000006   -0.000252    0.000135
   -0.000262   -0.000020   -0.000252    0.000007   -0.000290    0.000007   -0.000252   -0.000020
   -0.000413    0.011400    0.000127    0.000152   -0.000265    0.000152    0.000127    0.011400
   -0.003207    0.011400   -0.000269    0.000152   -0.000287    0.000152   -0.000269    0.011400
   -0.000413   -0.000020    0.000127    0.000007   -0.000265    0.000007    0.000127   -0.000020

   -0.000020    0.000761   -0.000020    0.000778    0.000007    0.000656    0.000007    0.000778
   -0.000020   -0.003207   -0.000020   -0.000269    0.000007   -0.000287    0.000007   -0.000269
    0.011400   -8.127836    0.011400   -0.004651    0.000152   -0.003388    0.000152   -0.004651
    0.011400   -0.003207    0.011400   -0.000269    0.000152   -0.000287    0.000152   -0.000269
   -0.000020   -0.000262   -0.000020   -0.000252    0.000007   -0.000290    0.000007   -0.000252
   -0.000020   -0.000413   -0.000020    0.000127    0.000007   -0.000265    0.000007    0.000127
    0.011400   -0.003207    0.011400   -0.000269    0.000152   -0.000287    0.000152   -0.000269
    0.011400   -0.000413    0.011400    0.000127    0.000152   -0.000265    0.000152    0.000127
    0.000135    0.000578    0.000135    0.000679    0.000006    0.000786    0.000006    0.000679
    0.000135   -0.000262    0.000135   -0.000252    0.000006   -0.000290    0.000006   -0.000252
   -0.000020    0.000761   -0.000020    0.000778    0.000007    0.000656    0.000007    0.000778
   -0.000020   -0.000262   -0.000020   -0.000252    0.000007   -0.000290    0.000007   -0.000252
    0.000135   -0.000262    0.000135   -0.000252    0.000006   -0.000290    0.000006   -0.000252
    0.000135   -0.000413    0.000135    0.000127    0.000006   -0.000265    0.000006    0.000127
   -0.000020   -0.003207   -0.000020   -0.000269    0.000007   -0.000287    0.000007   -0.000269
   -0.000020   -0.000413   -0.000020    0.000127    0.000007   -0.000265    0.000007    0.000127

    0.000778   -0.000020    0.000761   -0.000020    0.000778    0.000007    0.000656    0.000007
   -0.000269    0.011400   -0.003207    0.011400   -0.000269    0.000152   -0.000287    0.000152
   -0.004651    0.011400   -8.127836    0.011400   -0.004651    0.000152   -0.003388    0.000152
   -0.000269   -0.000020   -0.003207   -0.000020   -0.000269    0.000007   -0.000287    0.000007
   -0.000252    0.000135   -0.000262    0.000135   -0.000252    0.000006   -0.000290    0.000006
    0.000127   -0.000020   -0.000413   -0.000020    0.000127    0.000007   -0.000265    0.000007
   -0.000269   -0.000020   -0.003207   -0.000020   -0.000269    0.000007   -0.000287    0.000007
    0.000127    0.000135   -0.000413    0.000135    0.000127    0.000006   -0.000265    0.000006
    0.000679    0.000135    0.000578    0.000135    0.000679    0.000006    0.000786    0.000006
   -0.000252   -0.000020   -0.000262   -0.000020   -0.000252    0.000007   -0.000290    0.000007
    0.000778   -0.000020    0.000761   -0.000020    0.000778    0.000007    0.000656    0.000007
   -0.000252    0.000135   -0.000262    0.000135   -0.000252    0.000006   -0.000290    0.000006
   -0.000252   -0.000020   -0.000262   -0.000020   -0.000252    0.000007   -0.000290    0.000007
    0.000127    0.011400   -0.000413    0.011400    0.000127    0.000152   -0.000265    0.000152
   -0.000269    0.011400   -0.003207    0.011400   -0.000269    0.000152   -0.000287    0.000152
    0.000127   -0.000020   -0.000413   -0.000020    0.000127    0.000007   -0.000265    0.000007

    0.000007    0.000778   -0.000020    0.000761   -0.000020    0.000778    0.000007    0.000656
    0.000007   -0.000269   -0.000020   -0.003207   -0.000020   -0.000269    0.000007   -0.000287
    0.000152   -0.004651    0.011400   -8.127836    0.011400   -0.004651    0.000152   -0.003388
    0.000152   -0.000269    0.011400   -0.003207    0.011400   -0.000269    0.000152   -0.000287
    0.000007   -0.000252   -0.000020   -0.000262   -0.000020   -0.000252    0.000007   -0.000290
    0.000007    0.000127   -0.000020   -0.000413   -0.000020    0.000127    0.000007   -0.000265
    0.000152   -0.000269    0.011400   -0.003207    0.011400   -0.000269    0.000152   -0.000287
    0.000152    0.000127    0.011400   -0.000413    0.011400    0.000127    0.000152   -0.000265
    0.000006    0.000679    0.000135    0.000578    0.000135    0.000679    0.000006    0.000786
    0.000006   -0.000252    0.000135   -0.000262    0.000135   -0.000252    0.000006   -0.000290
    0.000007    0.000778   -0.000020    0.000761   -0.000020    0.000778    0.000007    0.000656
    0.000007   -0.000252   -0.000020   -0.000262   -0.000020   -0.000252    0.000007   -0.000290
    0.000006   -0.000252    0.000135   -0.000262    0.000135   -0.000252    0.000006   -0.000290
    0.000006    0.000127    0.000135   -0.000413    0.000135    0.000127    0.000006   -0.000265
    0.000007   -0.000269   -0.000020   -0.003207   -0.000020   -0.000269    0.000007   -0.000287
    0.000007    0.000127   -0.000020   -0.000413   -0.000020    0.000127    0.000007   -0.000265

    0.000656    0.000007    0.000778   -0.000020    0.000761   -0.000020    0.000778    0.000007
   -0.000287    0.000152   -0.000269    0.011400   -0.003207    0.011400   -0.000269    0.000152
   -0.003388    0.000152   -0.004651    0.011400   -8.127836    0.011400   -0.004651    0.000152
   -0.000287    0.000007   -0.000269   -0.000020   -0.003207   -0.000020   -0.000269    0.000007
   -0.000290    0.000006   -0.000252    0.000135   -0.000262    0.000135   -0.000252    0.000006
   -0.000265    0.000007    0.000127   -0.000020   -0.000413   -0.000020    0.000127    0.000007
   -0.000287    0.000007   -0.000269   -0.000020   -0.003207   -0.000020   -0.000269    0.000007
   -0.000265    0.000006    0.000127    0.000135   -0.000413    0.000135    0.000127    0.000006
    0.000786    0.000006    0.000679    0.000135    0.000578    0.000135    0.000679    0.000006
   -0.000290    0.000007   -0.000252   -0.000020   -0.000262   -0.000020   -0.000252    0.000007
    0.000656    0.000007    0.000778   -0.000020    0.000761   -0.000020    0.000778    0.000007
   -0.000290    0.000006   -0.000252    0.000135   -0.000262    0.000135   -0.000252    0.000006
   -0.000290    0.000007   -0.000252   -0.000020   -0.000262   -0.000020   -0.000252    0.000007
   -0.000265    0.000152    0.000127    0.011400   -0.000413    0.011400    0.000127    0.000152
   -0.000287    0.000152   -0.000269    0.011400   -0.003207    0.011400   -0.000269    0.000152
   -0.000265    0.000007    0.000127   -0.000020   -0.000413   -0.000020    0.000127    0.000007

    0.000007    0.000656    0.000007    0.000778   -0.000020    0.000761   -0.000020    0.000778
    0.000007   -0.000287    0.000007   -0.000269   -0.000020   -0.003207   -0.000020   -0.000269
    0.000152   -0.003388    0.000152   -0.004651    0.011400   -8.127836    0.011400   -0.004651
    0.000152   -0.000287    0.000152   -0.000269    0.011400   -0.003207    0.011400   -0.000269
    0.000007   -0.000290    0.000007   -0.000252   -0.000020   -0.000262   -0.000020   -0.000252
    0.000007   -0.000265    0.000007    0.000127   -0.000020   -0.000413   -0.000020    0.000127
    0.000152   -0.000287    0.000152   -0.000269    0.011400   -0.003207    0.011400   -0.000269
    0.000152   -0.000265    0.000152    0.000127    0.011400   -0.000413    0.011400    0.000127
    0.000006    0.000786    0.000006    0.000679    0.000135    0.000578    0.000135    0.000679
    0.000006   -0.000290    0.000006   -0.000252    0.000135   -0.000262    0.000135   -0.000252
    0.000007    0.000656    0.000007    0.000778   -0.000020    0.000761   -0.000020    0.000778
    0.000007   -0.000290    0.000007   -0.000252   -0.000020   -0.000262   -0.000020   -0.000252
    0.000006   -0.000290    0.000006   -0.000252    0.000135   -0.000262    0.000135   -0.000252
    0.000006   -0.000265    0.000006    0.000127    0.000135   -0.000413    0.000135    0.000127
    0.000007   -0.000287    0.000007   -0.000269   -0.000020   -0.003207   -0.000020   -0.000269
    0.000007   -0.000265    0.000007    0.000127   -0.000020   -0.000413   -0.000020    0.000127

    0.000778    0.000007    0.000656    0.000007    0.000778   -0.000020    0.000761   -0.000020
   -0.000269    0.000152   -0.000287    0.000152   -0.000269    0.011400   -0.003207    0.011400
   -0.004651    0.000152   -0.003388    0.000152   -0.004651    0.011400   -8.127836    0.011400
   -0.000269    0.000007   -0.000287    0.000007   -0.000269   -0.000020   -0.003207   -0.000020
   -0.000252    0.000006   -0.000290    0.000006   -0.000252    0.000135   -0.000262    0.000135
    0.000127    0.000007   -0.000265    0.000007    0.000127   -0.000020   -0.000413   -0.000020
   -0.000269    0.000007   -0.000287    0.000007   -0.000269   -0.000020   -0.003207   -0.000020
    0.000127    0.000006   -0.000265    0.000006    0.000127    0.000135   -0.000413    0.000135
    0.000679    0.000006    0.000786    0.000006    0.000679    0.000135    0.000578    0.000135
   -0.000252    0.000007   -0.000290    0.000007   -0.000252   -0.000020   -0.000262   -0.000020
    0.000778    0.000007    0.000656    0.000007    0.000778   -0.000020    0.000761   -0.000020
   -0.000252    0.000006   -0.000290    0.000006   -0.000252    0.000135   -0.000262    0.000135
   -0.000252    0.000007   -0.000290    0.000007   -0.000252   -0.000020   -0.000262   -0.000020
    0.000127    0.000152   -0.000265    0.000152    0.000127    0.011400   -0.000413    0.011400
   -0.000269    0.000152   -0.000287    0.000152   -0.000269    0.011400   -0.003207    0.011400
    0.000127    0.000007   -0.000265    0.000007    0.000127   -0.000020   -0.000413   -0.000020

   -0.000020    0.000778    0.000007    0.000656    0.000007    0.000778   -0.000020    0.000761
   -0.000020   -0.000269    0.000007   -0.000287    0.000007   -0.000269   -0.000020   -0.003207
    0.011400   -0.004651    0.000152   -0.003388    0.000152   -0.004651    0.011400   -8.127836
    0.011400   -0.000269    0.000152   -0.000287    0.000152   -0.000269    0.011400   -0.003207
   -0.000020   -0.000252    0.000007   -0.000290    0.000007   -0.000252   -0.000020   -0.000262
   -0.000020    0.000127    0.000007   -0.000265    0.000007    0.000127   -0.000020   -0.000413
    0.011400   -0.000269    0.000152   -0.000287    0.000152   -0.000269    0.011400   -0.003207
    0.011400    0.000127    0.000152   -0.000265    0.000152    0.000127    0.011400   -0.000413
    0.000135    0.000679    0.000006    0.000786    0.000006    0.000679    0.000135    0.000578
    0.000135   -0.000252    0.000006   -0.000290    0.000006   -0.000252    0.000135   -0.000262
   -0.000020    0.000778    0.000007    0.000656    0.000007    0.000778   -0.000020    0.000761
   -0.000020   -0.000252    0.000007   -0.000290    0.000007   -0.000252   -0.000020   -0.000262
    0.000135   -0.000252    0.000006   -0.000290    0.000006   -0.000252    0.000135   -0.000262
    0.000135    0.000127    0.000006   -0.000265    0.000006    0.000127    0.000135   -0.000413
   -0.000020   -0.000269    0.000007   -0.000287    0.000007   -0.000269   -0.000020   -0.003207
   -0.000020    0.000127    0.000007   -0.000265    0.000007    0.000127   -0.000020   -0.000413

   -0.003207   -0.000020   -0.000269    0.000007   -0.000287    0.000007   -0.000269   -0.000020
    0.000761   -0.000020    0.000778    0.000007    0.000656    0.000007    0.000778   -0.000020
   -0.003207    0.011400   -0.000269    0.000152   -0.000287    0.000152   -0.000269    0.011400
   -8.127836    0.011400   -0.004651    0.000152   -0.003388    0.000152   -0.004651    0.011400
   -0.000413    0.000135    0.000127    0.000006   -0.000265    0.000006    0.000127    0.000135
   -0.000262    0.000135   -0.000252    0.000006   -0.000290    0.000006   -0.000252    0.000135
   -0.000413   -0.000020    0.000127    0.000007   -0.000265    0.000007    0.000127   -0.000020
   -0.003207   -0.000020   -0.000269    0.000007   -0.000287    0.000007   -0.000269   -0.000020
   -0.000262    0.000135   -0.000252    0.000006   -0.000290    0.000006   -0.000252    0.000135
    0.000578    0.000135    0.000679    0.000006    0.000786    0.000006    0.000679    0.000135
   -0.000262   -0.000020   -0.000252    0.000007   -0.000290    0.000007   -0.000252   -0.000020
    0.000761   -0.000020    0.000778    0.000007    0.000656    0.000007    0.000778   -0.000020
   -0.000413   -0.000020    0.000127    0.000007   -0.000265    0.000007    0.000127   -0.000020
   -0.000262   -0.000020   -0.000252    0.000007   -0.000290    0.000007   -0.000252   -0.000020
   -0.000413    0.011400    0.000127    0.000152   -0.000265    0.000152    0.000127    0.011400
   -0.003207    0.011400   -0.000269    0.000152   -0.000287    0.000152   -0.000269    0.011400

    0.011400   -0.003207    0.011400   -0.000269    0.000152   -0.000287    0.000152   -0.000269
   -0.000020    0.000761   -0.000020    0.000778    0.000007    0.000656    0.000007    0.000778
   -0.000020   -0.003207   -0.000020   -0.000269    0.000007   -0.000287    0.000007   -0.000269
    0.011400   -8.127836    0.011400   -0.004651    0.000152   -0.003388    0.000152   -0.004651
    0.011400   -0.000413    0.011400    0.000127    0.000152   -0.000265    0.000152    0.000127
   -0.000020   -0.000262   -0.000020   -0.000252    0.000007   -0.000290    0.000007   -0.000252
   -0.000020   -0.000413   -0.000020    0.000127    0.000007   -0.000265    0.000007    0.000127
    0.011400   -0.003207    0.011400   -0.000269    0.000152   -0.000287    0.000152   -0.000269
   -0.000020   -0.000262   -0.000020   -0.000252    0.000007   -0.000290    0.000007   -0.000252
    0.000135    0.000578    0.000135    0.000679    0.000006    0.000786    0.000006    0.000679
    0.000135   -0.000262    0.000135   -0.000252    0.000006   -0.000290    0.000006   -0.000252
   -0.000020    0.000761   -0.000020    0.000778    0.000007    0.000656    0.000007    0.000778
   -0.000020   -0.000413   -0.000020    0.000127    0.000007   -0.000265    0.000007    0.000127
    0.000135   -0.000262    0.000135   -0.000252    0.000006   -0.000290    0.000006   -0.000252
    0.000135   -0.000413    0.000135    0.000127    0.000006   -0.000265    0.000006    0.000127
   -0.000020   -0.003207   -0.000020   -0.000269    0.000007   -0.000287    0.000007   -0.000269

   -0.000269   -0.000020   -0.003207   -0.000020   -0.000269    0.000007   -0.000287    0.000007
    0.000778   -0.000020    0.000761   -0.000020    0.000778    0.000007    0.000656    0.000007
   -0.000269    0.011400   -0.003207    0.011400   -0.000269    0.000152   -0.000287    0.000152
   -0.004651    0.011400   -8.127836    0.011400   -0.004651    0.000152   -0.003388    0.000152
    0.000127    0.000135   -0.000413    0.000135    0.000127    0.000006   -0.000265    0.000006
   -0.000252    0.000135   -0.000262    0.000135   -0.000252    0.000006   -0.000290    0.000006
    0.000127   -0.000020   -0.000413   -0.000020    0.000127    0.000007   -0.000265    0.000007
   -0.000269   -0.000020   -0.003207   -0.000020   -0.000269    0.000007   -0.000287    0.000007
   -0.000252    0.000135   -0.000262    0.000135   -0.000252    0.000006   -0.000290    0.000006
    0.000679    0.000135    0.000578    0.000135    0.000679    0.000006    0.000786    0.000006
   -0.000252   -0.000020   -0.000262   -0.000020   -0.000252    0.000007   -0.000290    0.000007
    0.000778   -0.000020    0.000761   -0.000020    0.000778    0.000007    0.000656    0.000007
    0.000127   -0.000020   -0.000413   -0.000020    0.000127    0.000007   -0.000265    0.000007
   -0.000252   -0.000020   -0.000262   -0.000020   -0.000252    0.000007   -0.000290    0.000007
    0.000127    0.011400   -0.000413    0.011400    0.000127    0.000152   -0.000265    0.000152
   -0.000269    0.011400   -0.003207    0.011400   -0.000269    0.000152   -0.000287    0.000152

    0.000152   -0.000269    0.011400   -0.003207    0.011400   -0.000269    0.000152   -0.000287
    0.000007    0.000778   -0.000020    0.000761   -0.000020    0.000778    0.000007    0.000656
    0.000007   -0.000269   -0.000020   -0.003207   -0.000020   -0.000269    0.000007   -0.000287
    0.000152   -0.004651    0.011400   -8.127836    0.011400   -0.004651    0.000152   -0.003388
    0.000152    0.000127    0.011400   -0.000413    0.011400    0.000127    0.000152   -0.000265
    0.000007   -0.000252   -0.000020   -0.000262   -0.000020   -0.000252    0.000007   -0.000290
    0.000007    0.000127   -0.000020   -0.000413   -0.000020    0.000127    0.000007   -0.000265
    0.000152   -0.000269    0.011400   -0.003207    0.011400   -0.000269    0.000152   -0.000287
    0.000007   -0.000252   -0.000020   -0.000262   -0.000020   -0.000252    0.000007   -0.000290
    0.000006    0.000679    0.000135    0.000578    0.000135    0.000679    0.000006    0.000786
    0.000006   -0.000252    0.000135   -0.000262    0.000135   -0.000252    0.000006   -0.000290
    0.000007    0.000778   -0.000020    0.000761   -0.000020    0.000778    0.000007    0.000656
    0.000007    0.000127   -0.000020   -0.000413   -0.000020    0.000127    0.000007   -0.000265
    0.000006   -0.000252    0.000135   -0.000262    0.000135   -0.000252    0.000006   -0.000290
    0.000006    0.000127    0.000135   -0.000413    0.000135    0.000127    0.000006   -0.000265
    0.000007   -0.000269   -0.000020   -0.003207   -0.000020   -0.000269    0.000007   -0.000287

   -0.000287    0.000007   -0.000269   -0.000020   -0.003207   -0.000020   -0.000269    0.000007
    0.000656    0.000007    0.000778   -0.000020    0.000761   -0.000020    0.000778    0.000007
   -0.000287    0.000152   -0.000269    0.011400   -0.003207    0.011400   -0.000269    0.000152
   -0.003388    0.000152   -0.004651    0.011400   -8.127836    0.011400   -0.004651    0.000152
   -0.000265    0.000006    0.000127    0.000135   -0.000413    0.000135    0.000127    0.000006
   -0.000290    0.000006   -0.000252    0.000135   -0.000262    0.000135   -0.000252    0.000006
   -0.000265    0.000007    0.000127   -0.000020   -0.000413   -0.000020    0.000127    0.000007
   -0.000287    0.000007   -0.000269   -0.000020   -0.003207   -0.000020   -0.000269    0.000007
   -0.000290    0.000006   -0.000252    0.000135   -0.000262    0.000135   -0.000252    0.000006
    0.000786    0.000006    0.000679    0.000135    0.000578    0.000135    0.000679    0.000006
   -0.000290    0.000007   -0.000252   -0.000020   -0.000262   -0.000020   -0.000252    0.000007
    0.000656    0.000007    0.000778   -0.000020    0.000761   -0.000020    0.000778    0.000007
   -0.000265    0.000007    0.000127   -0.000020   -0.000413   -0.000020    0.000127    0.000007
   -0.000290    0.000007   -0.000252   -0.000020   -0.000262   -0.000020   -0.000252    0.000007
   -0.000265    0.000152    0.000127    0.011400   -0.000413    0.011400    0.000127    0.000152
   -0.000287    0.000152   -0.000269    0.011400   -0.003207    0.011400   -0.000269    0.000152

    0.000152   -0.000287    0.000152   -0.000269    0.011400   -0.003207    0.011400   -0.000269
    0.000007    0.000656    0.000007    0.000778   -0.000020    0.000761   -0.000020    0.000778
    0.000007   -0.000287    0.000007   -0.000269   -0.000020   -0.003207   -0.000020   -0.000269
    0.000152   -0.003388    0.000152   -0.004651    0.011400   -8.127836    0.011400   -0.004651
    0.000152   -0.000265    0.000152    0.000127    0.011400   -0.000413    0.011400    0.000127
    0.000007   -0.000290    0.000007   -0.000252   -0.000020   -0.000262   -0.000020   -0.000252
    0.000007   -0.000265    0.000007    0.000127   -0.000020   -0.000413   -0.000020    0.000127
    0.000152   -0.000287    0.000152   -0.000269    0.011400   -0.003207    0.011400   -0.000269
    0.000007   -0.000290    0.000007   -0.000252   -0.000020   -0.000262   -0.000020   -0.000252
    0.000006    0.000786    0.000006    0.000679    0.000135    0.000578    0.000135    0.000679
    0.000006   -0.000290    0.000006   -0.000252    0.000135   -0.000262    0.000135   -0.000252
    0.000007    0.000656    0.000007    0.000778   -0.000020    0.000761   -0.000020    0.000778
    0.000007   -0.000265    0.000007    0.000127   -0.000020   -0.000413   -0.000020    0.000127
    0.000006   -0.000290    0.000006   -0.000252    0.000135   -0.000262    0.000135   -0.000252
    0.000006   -0.000265    0.000006    0.000127    0.000135   -0.000413    0.000135    0.000127
    0.000007   -0.000287    0.000007   -0.000269   -0.000020   -0.003207   -0.000020   -0.000269

   -0.000269    0.000007   -0.000287    0.000007   -0.000269   -0.000020   -0.003207   -0.000020
    0.000778    0.000007    0.000656    0.000007    0.000778   -0.000020    0.000761   -0.000020
   -0.000269    0.000152   -0.000287    0.000152   -0.000269    0.011400   -0.003207    0.011400
   -0.004651    0.000152   -0.003388    0.000152   -0.004651    0.011400   -8.127836    0.011400
    0.000127    0.000006   -0.000265    0.000006    0.000127    0.000135   -0.000413    0.000135
   -0.000252    0.000006   -0.000290    0.000006   -0.000252    0.000135   -0.000262    0.000135
    0.000127    0.000007   -0.000265    0.000007    0.000127   -0.000020   -0.000413   -0.000020
   -0.000269    0.000007   -0.000287    0.000007   -0.000269   -0.000020   -0.003207   -0.000020
   -0.000252    0.000006   -0.000290    0.000006   -0.000252    0.000135   -0.000262    0.000135
    0.000679    0.000006    0.000786    0.000006    0.000679    0.000135    0.000578    0.000135
   -0.000252    0.000007   -0.000290    0.000007   -0.000252   -0.000020   -0.000262   -0.000020
    0.000778    0.000007    0.000656    0.000007    0.000778   -0.000020    0.000761   -0.000020
    0.000127    0.000007   -0.000265    0.000007    0.000127   -0.000020   -0.000413   -0.000020
   -0.000252    0.000007   -0.000290    0.000007   -0.000252   -0.000020   -0.000262   -0.000020
    0.000127    0.000152   -0.000265    0.000152    0.000127    0.011400   -0.000413    0.011400
   -0.000269    0.000152   -0.000287    0.000152   -0.000269    0.011400   -0.003207    0.011400

    0.011400   -0.000269    0.000152   -0.000287    0.000152   -0.000269    0.011400   -0.003207
   -0.000020    0.000778    0.000007    0.000656    0.000007    0.000778   -0.000020    0.000761
   -0.000020   -0.000269    0.000007   -0.000287    0.000007   -0.000269   -0.000020   -0.003207
    0.011400   -0.004651    0.000152   -0.003388    0.000152   -0.004651    0.011400   -8.127836
    0.011400    0.000127    0.000152   -0.000265    0.000152    0.000127    0.011400   -0.000413
   -0.000020   -0.000252    0.000007   -0.000290    0.000007   -0.000252   -0.000020   -0.000262
   -0.000020    0.000127    0.000007   -0.000265    0.000007    0.000127   -0.000020   -0.000413
    0.011400   -0.000269    0.000152   -0.000287    0.000152   -0.000269    0.011400   -0.003207
   -0.000020   -0.000252    0.000007   -0.000290    0.000007   -0.000252   -0.000020   -0.000262
    0.000135    0.000679    0.000006    0.000786    0.000006    0.000679    0.000135    0.000578
    0.000135   -0.000252    0.000006   -0.000290    0.000006   -0.000252    0.000135   -0.000262
   -0.000020    0.000778    0.000007    0.000656    0.000007    0.000778   -0.000020    0.000761
   -0.000020    0.000127    0.000007   -0.000265    0.000007    0.000127   -0.000020   -0.000413
    0.000135   -0.000252    0.000006   -0.000290    0.000006   -0.000252    0.000135   -0.000262
    0.000135    0.000127    0.000006   -0.000265    0.000006    0.000127    0.000135   -0.000413
   -0.000020   -0.000269    0.000007   -0.000287    0.000007   -0.000269   -0.000020   -0.003207

   -0.003207    0.011400   -0.000269    0.000152   -0.000287    0.000152   -0.000269    0.011400
   -0.000413   -0.000020    0.000127    0.000007   -0.000265    0.000007    0.000127   -0.000020
   -0.000262   -0.000020   -0.000252    0.000007   -0.000290    0.000007   -0.000252   -0.000020
   -0.000413    0.011400    0.000127    0.000152   -0.000265    0.000152    0.000127    0.011400
   -8.127836    0.011400   -0.004651    0.000152   -0.003388    0.000152   -0.004651    0.011400
   -0.003207   -0.000020   -0.000269    0.000007   -0.000287    0.000007   -0.000269   -0.000020
    0.000761   -0.000020    0.000778    0.000007    0.000656    0.000007    0.000778   -0.000020
   -0.003207    0.011400   -0.000269    0.000152   -0.000287    0.000152   -0.000269    0.011400
   -0.003207   -0.000020   -0.000269    0.000007   -0.000287    0.000007   -0.000269   -0.000020
   -0.000413    0.000135    0.000127    0.000006   -0.000265    0.000006    0.000127    0.000135
   -0.000262    0.000135   -0.000252    0.000006   -0.000290    0.000006   -0.000252    0.000135
   -0.000413   -0.000020    0.000127    0.000007   -0.000265    0.000007    0.000127   -0.000020
    0.000761   -0.000020    0.000778    0.000007    0.000656    0.000007    0.000778   -0.000020
   -0.000262    0.000135   -0.000252    0.000006   -0.000290    0.000006   -0.000252    0.000135
    0.000578    0.000135    0.000679    0.000006    0.000786    0.000006    0.000679    0.000135
   -0.000262   -0.000020   -0.000252    0.000007   -0.000290    0.000007   -0.000252   -0.000020

   -0.000020   -0.003207   -0.000020   -0.000269    0.000007   -0.000287    0.000007   -0.000269
   -0.000020   -0.000413   -0.000020    0.000127    0.000007   -0.000265    0.000007    0.000127
    0.000135   -0.000262    0.000135   -0.000252    0.000006   -0.000290    0.000006   -0.000252
    0.000135   -0.000413    0.000135    0.000127    0.000006   -0.000265    0.000006    0.000127
    0.011400   -8.127836    0.011400   -0.004651    0.000152   -0.003388    0.000152   -0.004651
    0.011400   -0.003207    0.011400   -0.000269    0.000152   -0.000287    0.000152   -0.000269
   -0.000020    0.000761   -0.000020    0.000778    0.000007    0.000656    0.000007    0.000778
   -0.000020   -0.003207   -0.000020   -0.000269    0.000007   -0.000287    0.000007   -0.000269
    0.011400   -0.003207    0.011400   -0.000269    0.000152   -0.000287    0.000152   -0.000269
    0.011400   -0.000413    0.011400    0.000127    0.000152   -0.000265    0.000152    0.000127
   -0.000020   -0.000262   -0.000020   -0.000252    0.000007   -0.000290    0.000007   -0.000252
   -0.000020   -0.000413   -0.000020    0.000127    0.000007   -0.000265    0.000007    0.000127
   -0.000020    0.000761   -0.000020    0.000778    0.000007    0.000656    0.000007    0.000778
   -0.000020   -0.000262   -0.000020   -0.000252    0.000007   -0.000290    0.000007   -0.000252
    0.000135    0.000578    0.000135    0.000679    0.000006    0.000786    0.000006    0.000679
    0.000135   -0.000262    0.000135   -0.000252    0.000006   -0.000290    0.000006   -0.000252

   -0.000269    0.011400   -0.003207    0.011400   -0.000269    0.000152   -0.000287    0.000152
    0.000127   -0.000020   -0.000413   -0.000020    0.000127    0.000007   -0.000265    0.000007
   -0.000252   -0.000020   -0.000262   -0.000020   -0.000252    0.000007   -0.000290    0.000007
    0.000127    0.011400   -0.000413    0.011400    0.000127    0.000152   -0.000265    0.000152
   -0.004651    0.011400   -8.127836    0.011400   -0.004651    0.000152   -0.003388    0.000152
   -0.000269   -0.000020   -0.003207   -0.000020   -0.000269    0.000007   -0.000287    0.000007
    0.000778   -0.000020    0.000761   -0.000020    0.000778    0.000007    0.000656    0.000007
   -0.000269    0.011400   -0.003207    0.011400   -0.000269    0.000152   -0.000287    0.000152
   -0.000269   -0.000020   -0.003207   -0.000020   -0.000269    0.000007   -0.000287    0.000007
    0.000127    0.000135   -0.000413    0.000135    0.000127    0.000006   -0.000265    0.000006
   -0.000252    0.000135   -0.000262    0.000135   -0.000252    0.000006   -0.000290    0.000006
    0.000127   -0.000020   -0.000413   -0.000020    0.000127    0.000007   -0.000265    0.000007
    0.000778   -0.000020    0.000761   -0.000020    0.000778    0.000007    0.000656    0.000007
   -0.000252    0.000135   -0.000262    0.000135   -0.000252    0.000006   -0.000290    0.000006
    0.000679    0.000135    0.000578    0.000135    0.000679    0.000006    0.000786    0.000006
   -0.000252   -0.000020   -0.000262   -0.000020   -0.000252    0.000007   -0.000290    0.000007

    0.000007   -0.000269   -0.000020   -0.003207   -0.000020   -0.000269    0.000007   -0.000287
    0.000007    0.000127   -0.000020   -0.000413   -0.000020    0.000127    0.000007   -0.000265
    0.000006   -0.000252    0.000135   -0.000262    0.000135   -0.000252    0.000006   -0.000290
    0.000006    0.000127    0.000135   -0.000413    0.000135    0.000127    0.000006   -0.000265
    0.000152   -0.004651    0.011400   -8.127836    0.011400   -0.004651    0.000152   -0.003388
    0.000152   -0.000269    0.011400   -0.003207    0.011400   -0.000269    0.000152   -0.000287
    0.000007    0.000778   -0.000020    0.000761   -0.000020    0.000778    0.000007    0.000656
    0.000007   -0.000269   -0.000020   -0.003207   -0.000020   -0.000269    0.000007   -0.000287
    0.000152   -0.000269    0.011400   -0.003207    0.011400   -0.000269    0.000152   -0.000287
    0.000152    0.000127    0.011400   -0.000413    0.011400    0.000127    0.000152   -0.000265
    0.000007   -0.000252   -0.000020   -0.000262   -0.000020   -0.000252    0.000007   -0.000290
    0.000007    0.000127   -0.000020   -0.000413   -0.000020    0.000127    0.000007   -0.000265
    0.000007    0.000778   -0.000020    0.000761   -0.000020    0.000778    0.000007    0.000656
    0.000007   -0.000252   -0.000020   -0.000262   -0.000020   -0.000252    0.000007   -0.000290
    0.000006    0.000679    0.000135    0.000578    0.000135    0.000679    0.000006    0.000786
    0.000006   -0.000252    0.000135   -0.000262    0.000135   -0.000252    0.000006   -0.000290

   -0.000287    0.000152   -0.000269    0.011400   -0.003207    0.011400   -0.000269    0.000152
   -0.000265    0.000007    0.000127   -0.000020   -0.000413   -0.000020    0.000127    0.000007
   -0.000290    0.000007   -0.000252   -0.000020   -0.000262   -0.000020   -0.000252    0.000007
   -0.000265    0.000152    0.000127    0.011400   -0.000413    0.011400    0.000127    0.000152
   -0.003388    0.000152   -0.004651    0.011400   -8.127836    0.011400   -0.004651    0.000152
   -0.000287    0.000007   -0.000269   -0.000020   -0.003207   -0.000020   -0.000269    0.000007
    0.000656    0.000007    0.000778   -0.000020    0.000761   -0.000020    0.000778    0.000007
   -0.000287    0.000152   -0.000269    0.011400   -0.003207    0.011400   -0.000269    0.000152
   -0.000287    0.000007   -0.000269   -0.000020   -0.003207   -0.000020   -0.000269    0.000007
   -0.000265    0.000006    0.000127    0.000135   -0.000413    0.000135    0.000127    0.000006
   -0.000290    0.000006   -0.000252    0.000135   -0.000262    0.000135   -0.000252    0.000006
   -0.000265    0.000007    0.000127   -0.000020   -0.000413   -0.000020    0.000127    0.000007
    0.000656    0.000007    0.000778   -0.000020    0.000761   -0.000020    0.000778    0.000007
   -0.000290    0.000006   -0.000252    0.000135   -0.000262    0.000135   -0.000252    0.000006
    0.000786    0.000006    0.000679    0.000135    0.000578    0.000135    0.000679    0.000006
   -0.000290    0.000007   -0.000252   -0.000020   -0.000262   -0.000020   -0.000252    0.000007

    0.000007   -0.000287    0.000007   -0.000269   -0.000020   -0.003207   -0.000020   -0.000269
    0.000007   -0.000265    0.000007    0.000127   -0.000020   -0.000413   -0.000020    0.000127
    0.000006   -0.000290    0.000006   -0.000252    0.000135   -0.000262    0.000135   -0.000252
    0.000006   -0.000265    0.000006    0.000127    0.000135   -0.000413    0.000135    0.000127
    0.000152   -0.003388    0.000152   -0.004651    0.011400   -8.127836    0.011400   -0.004651
    0.000152   -0.000287    0.000152   -0.000269    0.011400   -0.003207    0.011400   -0.000269
    0.000007    0.000656    0.000007    0.000778   -0.000020    0.000761   -0.000020    0.000778
    0.000007   -0.000287    0.000007   -0.000269   -0.000020   -0.003207   -0.000020   -0.000269
    0.000152   -0.000287    0.000152   -0.000269    0.011400   -0.003207    0.011400   -0.000269
    0.000152   -0.000265    0.000152    0.000127    0.011400   -0.000413    0.011400    0.000127
    0.000007   -0.000290    0.000007   -0.000252   -0.000020   -0.000262   -0.000020   -0.000252
    0.000007   -0.000265    0.000007    0.000127   -0.000020   -0.000413   -0.000020    0.000127
    0.000007    0.000656    0.000007    0.000778   -0.000020    0.000761   -0.000020    0.000778
    0.000007   -0.000290    0.000007   -0.000252   -0.000020   -0.000262   -0.000020   -0.000252
    0.000006    0.000786    0.000006    0.000679    0.000135    0.000578    0.000135    0.000679
    0.000006   -0.000290    0.000006   -0.000252    0.000135   -0.000262    0.000135   -0.000252

   -0.000269    0.000152   -0.000287    0.000152   -0.000269    0.011400   -0.003207    0.011400
    0.000127    0.000007   -0.000265    0.000007    0.000127   -0.000020   -0.000413   -0.000020
   -0.000252    0.000007   -0.000290    0.000007   -0.000252   -0.000020   -0.000262   -0.000020
    0.000127    0.000152   -0.000265    0.000152    0.000127    0.011400   -0.000413    0.011400
   -0.004651    0.000152   -0.003388    0.000152   -0.004651    0.011400   -8.127836    0.011400
   -0.000269    0.000007   -0.000287    0.000007   -0.000269   -0.000020   -0.003207   -0.000020
    0.000778    0.000007    0.000656    0.000007    0.000778   -0.000020    0.000761   -0.000020
   -0.000269    0.000152   -0.000287    0.000152   -0.000269    0.011400   -0.003207    0.011400
   -0.000269    0.000007   -0.000287    0.000007   -0.000269   -0.000020   -0.003207   -0.000020
    0.000127    0.000006   -0.000265    0.000006    0.000127    0.000135   -0.000413    0.000135
   -0.000252    0.000006   -0.000290    0.000006   -0.000252    0.000135   -0.000262    0.000135
    0.000127    0.000007   -0.000265    0.000007    0.000127   -0.000020   -0.000413   -0.000020
    0.000778    0.000007    0.000656    0.000007    0.000778   -0.000020    0.000761   -0.000020
   -0.000252    0.000006   -0.000290    0.000006   -0.000252    0.000135   -0.000262    0.000135
    0.000679    0.000006    0.000786    0.000006    0.000679    0.000135    0.000578    0.000135
   -0.000252    0.000007   -0.000290    0.000007   -0.000252   -0.000020   -0.000262   -0.000020

   -0.000020   -0.000269    0.000007   -0.000287    0.000007   -0.000269   -0.000020   -0.003207
   -0.000020    0.000127    0.000007   -0.000265    0.000007    0.000127   -0.000020   -0.000413
    0.000135   -0.000252    0.000006   -0.000290    0.000006   -0.000252    0.000135   -0.000262
    0.000135    0.000127    0.000006   -0.000265    0.000006    0.000127    0.000135   -0.000413
    0.011400   -0.004651    0.000152   -0.003388    0.000152   -0.004651    0.011400   -8.127836
    0.011400   -0.000269    0.000152   -0.000287    0.000152   -0.000269    0.011400   -0.003207
   -0.000020    0.000778    0.000007    0.000656    0.000007    0.000778   -0.000020    0.000761
   -0.000020   -0.000269    0.000007   -0.000287    0.000007   -0.000269   -0.000020   -0.003207
    0.011400   -0.000269    0.000152   -0.000287    0.000152   -0.000269    0.011400   -0.003207
    0.011400    0.000127    0.000152   -0.000265    0.000152    0.000127    0.011400   -0.000413
   -0.000020   -0.000252    0.000007   -0.000290    0.000007   -0.000252   -0.000020   -0.000262
   -0.000020    0.000127    0.000007   -0.000265    0.000007    0.000127   -0.000020   -0.000413
   -0.000020    0.000778    0.000007    0.000656    0.000007    0.000778   -0.000020    0.000761
   -0.000020   -0.000252    0.000007   -0.000290    0.000007   -0.000252   -0.000020   -0.000262
    0.000135    0.000679    0.000006    0.000786    0.000006    0.000679    0.000135    0.000578
    0.000135   -0.000252    0.000006   -0.000290    0.000006   -0.000252    0.000135   -0.000262

   -0.000413    0.011400    0.000127    0.000152   -0.000265    0.000152    0.000127    0.011400
   -0.003207    0.011400   -0.000269    0.000152   -0.000287    0.000152   -0.000269    0.011400
   -0.000413   -0.000020    0.000127    0.000007   -0.000265    0.000007    0.000127   -0.000020
   -0.000262   -0.000020   -0.000252    0.000007   -0.000290    0.000007   -0.000252   -0.000020
   -0.003207    0.011400   -0.000269    0.000152   -0.000287    0.000152   -0.000269    0.011400
   -8.127836    0.011400   -0.004651    0.000152   -0.003388    0.000152   -0.004651    0.011400
   -0.003207   -0.000020   -0.000269    0.000007   -0.000287    0.000007   -0.000269   -0.000020
    0.000761   -0.000020    0.000778    0.000007    0.000656    0.000007    0.000778   -0.000020
   -0.000413   -0.000020    0.000127    0.000007   -0.000265    0.000007    0.000127   -0.000020
   -0.003207   -0.000020   -0.000269    0.000007   -0.000287    0.000007   -0.000269   -0.000020
   -0.000413    0.000135    0.000127    0.000006   -0.000265    0.000006    0.000127    0.000135
   -0.000262    0.000135   -0.000252    0.000006   -0.000290    0.000006   -0.000252    0.000135
   -0.000262   -0.000020   -0.000252    0.000007   -0.000290    0.000007   -0.000252   -0.000020
    0.000761   -0.000020    0.000778    0.000007    0.000656    0.000007    0.000778   -0.000020
   -0.000262    0.000135   -0.000252    0.000006   -0.000290    0.000006   -0.000252    0.000135
    0.000578    0.000135    0.000679    0.000006    0.000786    0.000006    0.000679    0.000135

    0.000135   -0.000413    0.000135    0.000127    0.000006   -0.000265    0.000006    0.000127
   -0.000020   -0.003207   -0.000020   -0.000269    0.000007   -0.000287    0.000007   -0.000269
   -0.000020   -0.000413   -0.000020    0.000127    0.000007   -0.000265    0.000007    0.000127
    0.000135   -0.000262    0.000135   -0.000252    0.000006   -0.000290    0.000006   -0.000252
   -0.000020   -0.003207   -0.000020   -0.000269    0.000007   -0.000287    0.000007   -0.000269
    0.011400   -8.127836    0.011400   -0.004651    0.000152   -0.003388    0.000152   -0.004651
    0.011400   -0.003207    0.011400   -0.000269    0.000152   -0.000287    0.000152   -0.000269
   -0.000020    0.000761   -0.000020    0.000778    0.000007    0.000656    0.000007    0.000778
   -0.000020   -0.000413   -0.000020    0.000127    0.000007   -0.000265    0.000007    0.000127
    0.011400   -0.003207    0.011400   -0.000269    0.000152   -0.000287    0.000152   -0.000269
    0.011400   -0.000413    0.011400    0.000127    0.000152   -0.000265    0.000152    0.000127
   -0.000020   -0.000262   -0.000020   -0.000252    0.000007   -0.000290    0.000007   -0.000252
    0.000135   -0.000262    0.000135   -0.000252    0.000006   -0.000290    0.000006   -0.000252
   -0.000020    0.000761   -0.000020    0.000778    0.000007    0.000656    0.000007    0.000778
   -0.000020   -0.000262   -0.000020   -0.000252    0.000007   -0.000290    0.000007   -0.000252
    0.000135    0.000578    0.000135    0.000679    0.000006    0.000786    0.000006    0.000679

    0.000127    0.011400   -0.000413    0.011400    0.000127    0.000152   -0.000265    0.000152
   -0.000269    0.011400   -0.003207    0.011400   -0.000269    0.000152   -0.000287    0.000152
    0.000127   -0.000020   -0.000413   -0.000020    0.000127    0.000007   -0.000265    0.000007
   -0.000252   -0.000020   -0.000262   -0.000020   -0.000252    0.000007   -0.000290    0.000007
   -0.000269    0.011400   -0.003207    0.011400   -0.000269    0.000152   -0.000287    0.000152
   -0.004651    0.011400   -8.127836    0.011400   -0.004651    0.000152   -0.003388    0.000152
   -0.000269   -0.000020   -0.003207   -0.000020   -0.000269    0.000007   -0.000287    0.000007
    0.000778   -0.000020    0.000761   -0.000020    0.000778    0.000007    0.000656    0.000007
    0.000127   -0.000020   -0.000413   -0.000020    0.000127    0.000007   -0.000265    0.000007
   -0.000269   -0.000020   -0.003207   -0.000020   -0.000269    0.000007   -0.000287    0.000007
    0.000127    0.000135   -0.000413    0.000135    0.000127    0.000006   -0.000265    0.000006
   -0.000252    0.000135   -0.000262    0.000135   -0.000252    0.000006   -0.000290    0.000006
   -0.000252   -0.000020   -0.000262   -0.000020   -0.000252    0.000007   -0.000290    0.000007
    0.000778   -0.000020    0.000761   -0.000020    0.000778    0.000007    0.000656    0.000007
   -0.000252    0.000135   -0.000262    0.000135   -0.000252    0.000006   -0.000290    0.000006
    0.000679    0.000135    0.000578    0.000135    0.000679    0.000006    0.000786    0.000006

    0.000006    0.000127    0.000135   -0.000413    0.000135    0.000127    0.000006   -0.000265
    0.000007   -0.000269   -0.000020   -0.003207   -0.000020   -0.000269    0.000007   -0.000287
    0.000007    0.000127   -0.000020   -0.000413   -0.000020    0.000127    0.000007   -0.000265
    0.000006   -0.000252    0.000135   -0.000262    0.000135   -0.000252    0.000006   -0.000290
    0.000007   -0.000269   -0.000020   -0.003207   -0.000020   -0.000269    0.000007   -0.000287
    0.000152   -0.004651    0.011400   -8.127836    0.011400   -0.004651    0.000152   -0.003388
    0.000152   -0.000269    0.011400   -0.003207    0.011400   -0.000269    0.000152   -0.000287
    0.000007    0.000778   -0.000020    0.000761   -0.000020    0.000778    0.000007    0.000656
    0.000007    0.000127   -0.000020   -0.000413   -0.000020    0.000127    0.000007   -0.000265
    0.000152   -0.000269    0.011400   -0.003207    0.011400   -0.000269    0.000152   -0.000287
    0.000152    0.000127    0.011400   -0.000413    0.011400    0.000127    0.000152   -0.000265
    0.000007   -0.000252   -0.000020   -0.000262   -0.000020   -0.000252    0.000007   -0.000290
    0.000006   -0.000252    0.000135   -0.000262    0.000135   -0.000252    0.000006   -0.000290
    0.000007    0.000778   -0.000020    0.000761   -0.000020    0.000778    0.000007    0.000656
    0.000007   -0.000252   -0.000020   -0.000262   -0.000020   -0.000252    0.000007   -0.000290
    0.000006    0.000679    0.000135    0.000578    0.000135    0.000679    0.000006    0.000786

   -0.000265    0.000152    0.000127    0.011400   -0.000413    0.011400    0.000127    0.000152
   -0.000287    0.000152   -0.000269    0.011400   -0.003207    0.011400   -0.000269    0.000152
   -0.000265    0.000007    0.000127   -0.000020   -0.000413   -0.000020    0.000127    0.000007
   -0.000290    0.000007   -0.000252   -0.000020   -0.000262   -0.000020   -0.000252    0.000007
   -0.000287    0.000152   -0.000269    0.011400   -0.003207    0.011400   -0.000269    0.000152
   -0.003388    0.000152   -0.004651    0.011400   -8.127836    0.011400   -0.004651    0.000152
   -0.000287    0.000007   -0.000269   -0.000020   -0.003207   -0.000020   -0.000269    0.000007
    0.000656    0.000007    0.000778   -0.000020    0.000761   -0.000020    0.000778    0.000007
   -0.000265    0.000007    0.000127   -0.000020   -0.000413   -0.000020    0.000127    0.000007
   -0.000287    0.000007   -0.000269   -0.000020   -0.003207   -0.000020   -0.000269    0.000007
   -0.000265    0.000006    0.000127    0.000135   -0.000413    0.000135    0.000127    0.000006
   -0.000290    0.000006   -0.000252    0.000135   -0.000262    0.000135   -0.000252    0.000006
   -0.000290    0.000007   -0.000252   -0.000020   -0.000262   -0.000020   -0.000252    0.000007
    0.000656    0.000007    0.000778   -0.000020    0.000761   -0.000020    0.000778    0.000007
   -0.000290    0.000006   -0.000252    0.000135   -0.000262    0.000135   -0.000252    0.000006
    0.000786    0.000006    0.000679    0.000135    0.000578    0.000135    0.000679    0.000006

    0.000006   -0.000265    0.000006    0.000127    0.000135   -0.000413    0.000135    0.000127
    0.000007   -0.000287    0.000007   -0.000269   -0.000020   -0.003207   -0.000020   -0.000269
    0.000007   -0.000265    0.000007    0.000127   -0.000020   -0.000413   -0.000020    0.000127
    0.000006   -0.000290    0.000006   -0.000252    0.000135   -0.000262    0.000135   -0.000252
    0.000007   -0.000287    0.000007   -0.000269   -0.000020   -0.003207   -0.000020   -0.000269
    0.000152   -0.003388    0.000152   -0.004651    0.011400   -8.127836    0.011400   -0.004651
    0.000152   -0.000287    0.000152   -0.000269    0.011400   -0.003207    0.011400   -0.000269
    0.000007    0.000656    0.000007    0.000778   -0.000020    0.000761   -0.000020    0.000778
    0.000007   -0.000265    0.000007    0.000127   -0.000020   -0.000413   -0.000020    0.000127
    0.000152   -0.000287    0.000152   -0.000269    0.011400   -0.003207    0.011400   -0.000269
    0.000152   -0.000265    0.000152    0.000127    0.011400   -0.000413    0.011400    0.000127
    0.000007   -0.000290    0.000007   -0.000252   -0.000020   -0.000262   -0.000020   -0.000252
    0.000006   -0.000290    0.000006   -0.000252    0.000135   -0.000262    0.000135   -0.000252
    0.000007    0.000656    0.000007    0.000778   -0.000020    0.000761   -0.000020    0.000778
    0.000007   -0.000290    0.000007   -0.000252   -0.000020   -0.000262   -0.000020   -0.000252
    0.000006    0.000786    0.000006    0.000679    0.000135    0.000578    0.000135    0.000679

    0.000127    0.000152   -0.000265    0.000152    0.000127    0.011400   -0.000413    0.011400
   -0.000269    0.000152   -0.000287    0.000152   -0.000269    0.011400   -0.003207    0.011400
    0.000127    0.000007   -0.000265    0.000007    0.000127   -0.000020   -0.000413   -0.000020
   -0.000252    0.000007   -0.000290    0.000007   -0.000252   -0.000020   -0.000262   -0.000020
   -0.000269    0.000152   -0.000287    0.000152   -0.000269    0.011400   -0.003207    0.011400
   -0.004651    0.000152   -0.003388    0.000152   -0.004651    0.011400   -8.127836    0.011400
   -0.000269    0.000007   -0.000287    0.000007   -0.000269   -0.000020   -0.003207   -0.000020
    0.000778    0.000007    0.000656    0.000007    0.000778   -0.000020    0.000761   -0.000020
    0.000127    0.000007   -0.000265    0.000007    0.000127   -0.000020   -0.000413   -0.000020
   -0.000269    0.000007   -0.000287    0.000007   -0.000269   -0.000020   -0.003207   -0.000020
    0.000127    0.000006   -0.000265    0.000006    0.000127    0.000135   -0.000413    0.000135
   -0.000252    0.000006   -0.000290    0.000006   -0.000252    0.000135   -0.000262    0.000135
   -0.000252    0.000007   -0.000290    0.000007   -0.000252   -0.000020   -0.000262   -0.000020
    0.000778    0.000007    0.000656    0.000007    0.000778   -0.000020    0.000761   -0.000020
   -0.000252    0.000006   -0.000290    0.000006   -0.000252    0.000135   -0.000262    0.000135
    0.000679    0.000006    0.000786    0.000006    0.000679    0.000135    0.000578    0.000135

    0.000135    0.000127    0.000006   -0.000265    0.000006    0.000127    0.000135   -0.000413
   -0.000020   -0.000269    0.000007   -0.000287    0.000007   -0.000269   -0.000020   -0.003207
   -0.000020    0.000127    0.000007   -0.000265    0.000007    0.000127   -0.000020   -0.000413
    0.000135   -0.000252    0.000006   -0.000290    0.000006   -0.000252    0.000135   -0.000262
   -0.000020   -0.000269    0.000007   -0.000287    0.000007   -0.000269   -0.000020   -0.003207
    0.011400   -0.004651    0.000152   -0.003388    0.000152   -0.004651    0.011400   -8.127836
    0.011400   -0.000269    0.000152   -0.000287    0.000152   -0.000269    0.011400   -0.003207
   -0.000020    0.000778    0.000007    0.000656    0.000007    0.000778   -0.000020    0.000761
   -0.000020    0.000127    0.000007   -0.000265    0.000007    0.000127   -0.000020   -0.000413
    0.011400   -0.000269    0.000152   -0.000287    0.000152   -0.000269    0.011400   -0.003207
    0.011400    0.000127    0.000152   -0.000265    0.000152    0.000127    0.011400   -0.000413
   -0.000020   -0.000252    0.000007   -0.000290    0.000007   -0.000252   -0.000020   -0.000262
    0.000135   -0.000252    0.000006   -0.000290    0.000006   -0.000252    0.000135   -0.000262
   -0.000020    0.000778    0.000007    0.000656    0.000007    0.000778   -0.000020    0.000761
   -0.000020   -0.000252    0.000007   -0.000290    0.000007   -0.000252   -0.000020   -0.000262
    0.000135    0.000679    0.000006    0.000786    0.000006    0.000679    0.000135    0.000578

   -0.000262   -0.000020   -0.000252    0.000007   -0.000290    0.000007   -0.000252   -0.000020
   -0.000413    0.011400    0.000127    0.000152   -0.000265    0.000152    0.000127    0.011400
   -0.003207    0.011400   -0.000269    0.000152   -0.000287    0.000152   -0.000269    0.011400
   -0.000413   -0.000020    0.000127    0.000007   -0.000265    0.000007    0.000127   -0.000020
    0.000761   -0.000020    0.000778    0.000007    0.000656    0.000007    0.000778   -0.000020
   -0.003207    0.011400   -0.000269    0.000152   -0.000287    0.000152   -0.000269    0.011400
   -8.127836    0.011400   -0.004651    0.000152   -0.003388    0.000152   -0.004651    0.011400
   -0.003207   -0.000020   -0.000269    0.000007   -0.000287    0.000007   -0.000269   -0.000020
   -0.000262    0.000135   -0.000252    0.000006   -0.000290    0.000006   -0.000252    0.000135
   -0.000413   -0.000020    0.000127    0.000007   -0.000265    0.000007    0.000127   -0.000020
   -0.003207   -0.000020   -0.000269    0.000007   -0.000287    0.000007   -0.000269   -0.000020
   -0.000413    0.000135    0.000127    0.000006   -0.000265    0.000006    0.000127    0.000135
    0.000578    0.000135    0.000679    0.000006    0.000786    0.000006    0.000679    0.000135
   -0.000262   -0.000020   -0.000252    0.000007   -0.000290    0.000007   -0.000252   -0.000020
    0.000761   -0.000020    0.000778    0.000007    0.000656    0.000007    0.000778   -0.000020
   -0.000262    0.000135   -0.000252    0.000006   -0.000290    0.000006   -0.000252    0.000135

    0.000135   -0.000262    0.000135   -0.000252    0.000006   -0.000290    0.000006   -0.000252
    0.000135   -0.000413    0.000135    0.000127    0.000006   -0.000265    0.000006    0.000127
   -0.000020   -0.003207   -0.000020   -0.000269    0.000007   -0.000287    0.000007   -0.000269
   -0.000020   -0.000413   -0.000020    0.000127    0.000007   -0.000265    0.000007    0.000127
   -0.000020    0.000761   -0.000020    0.000778    0.000007    0.000656    0.000007    0.000778
   -0.000020   -0.003207   -0.000020   -0.000269    0.000007   -0.000287    0.000007   -0.000269
    0.011400   -8.127836    0.011400   -0.004651    0.000152   -0.003388    0.000152   -0.004651
    0.011400   -0.003207    0.011400   -0.000269    0.000152   -0.000287    0.000152   -0.000269
   -0.000020   -0.000262   -0.000020   -0.000252    0.000007   -0.000290    0.000007   -0.000252
   -0.000020   -0.000413   -0.000020    0.000127    0.000007   -0.000265    0.000007    0.000127
    0.011400   -0.003207    0.011400   -0.000269    0.000152   -0.000287    0.000152   -0.000269
    0.011400   -0.000413    0.011400    0.000127    0.000152   -0.000265    0.000152    0.000127
    0.000135    0.000578    0.000135    0.000679    0.000006    0.000786    0.000006    0.000679
    0.000135   -0.000262    0.000135   -0.000252    0.000006   -0.000290    0.000006   -0.000252
   -0.000020    0.000761   -0.000020    0.000778    0.000007    0.000656    0.000007    0.000778
   -0.000020   -0.000262   -0.000020   -0.000252    0.000007   -0.000290    0.000007   -0.000252

   -0.000252   -0.000020   -0.000262   -0.000020   -0.000252    0.000007   -0.000290    0.000007
    0.000127    0.011400   -0.000413    0.011400    0.000127    0.000152   -0.000265    0.000152
   -0.000269    0.011400   -0.003207    0.011400   -0.000269    0.000152   -0.000287    0.000152
    0.000127   -0.000020   -0.000413   -0.000020    0.000127    0.000007   -0.000265    0.000007
    0.000778   -0.000020    0.000761   -0.000020    0.000778    0.000007    0.000656    0.000007
   -0.000269    0.011400   -0.003207    0.011400   -0.000269    0.000152   -0.000287    0.000152
   -0.004651    0.011400   -8.127836    0.011400   -0.004651    0.000152   -0.003388    0.000152
   -0.000269   -0.000020   -0.003207   -0.000020   -0.000269    0.000007   -0.000287    0.000007
   -0.000252    0.000135   -0.000262    0.000135   -0.000252    0.000006   -0.000290    0.000006
    0.000127   -0.000020   -0.000413   -0.000020    0.000127    0.000007   -0.000265    0.000007
   -0.000269   -0.000020   -0.003207   -0.000020   -0.000269    0.000007   -0.000287    0.000007
    0.000127    0.000135   -0.000413    0.000135    0.000127    0.000006   -0.000265    0.000006
    0.000679    0.000135    0.000578    0.000135    0.000679    0.000006    0.000786    0.000006
   -0.000252   -0.000020   -0.000262   -0.000020   -0.000252    0.000007   -0.000290    0.000007
    0.000778   -0.000020    0.000761   -0.000020    0.000778    0.000007    0.000656    0.000007
   -0.000252    0.000135   -0.000262    0.000135   -0.000252    0.000006   -0.000290    0.000006

    0.000006   -0.000252    0.000135   -0.000262    0.000135   -0.000252    0.000006   -0.000290
    0.000006    0.000127    0.000135   -0.000413    0.000135    0.000127    0.000006   -0.000265
    0.000007   -0.000269   -0.000020   -0.003207   -0.000020   -0.000269    0.000007   -0.000287
    0.000007    0.000127   -0.000020   -0.000413   -0.000020    0.000127    0.000007   -0.000265
    0.000007    0.000778   -0.000020    0.000761   -0.000020    0.000778    0.000007    0.000656
    0.000007   -0.000269   -0.000020   -0.003207   -0.000020   -0.000269    0.000007   -0.000287
    0.000152   -0.004651    0.011400   -8.127836    0.011400   -0.004651    0.000152   -0.003388
    0.000152   -0.000269    0.011400   -0.003207    0.011400   -0.000269    0.000152   -0.000287
    0.000007   -0.000252   -0.000020   -0.000262   -0.000020   -0.000252    0.000007   -0.000290
    0.000007    0.000127   -0.000020   -0.000413   -0.000020    0.000127    0.000007   -0.000265
    0.000152   -0.000269    0.011400   -0.003207    0.011400   -0.000269    0.000152   -0.000287
    0.000152    0.000127    0.011400   -0.000413    0.011400    0.000127    0.000152   -0.000265
    0.000006    0.000679    0.000135    0.000578    0.000135    0.000679    0.000006    0.000786
    0.000006   -0.000252    0.000135   -0.000262    0.000135   -0.000252    0.000006   -0.000290
    0.000007    0.000778   -0.000020    0.000761   -0.000020    0.000778    0.000007    0.000656
    0.000007   -0.000252   -0.000020   -0.000262   -0.000020   -0.000252    0.000007   -0.000290

   -0.000290    0.000007   -0.000252   -0.000020   -0.000262   -0.000020   -0.000252    0.000007
   -0.000265    0.000152    0.000127    0.011400   -0.000413    0.011400    0.000127    0.000152
   -0.000287    0.000152   -0.000269    0.011400   -0.003207    0.011400   -0.000269    0.000152
   -0.000265    0.000007    0.000127   -0.000020   -0.000413   -0.000020    0.000127    0.000007
    0.000656    0.000007    0.000778   -0.000020    0.000761   -0.000020    0.000778    0.000007
   -0.000287    0.000152   -0.000269    0.011400   -0.003207    0.011400   -0.000269    0.000152
   -0.003388    0.000152   -0.004651    0.011400   -8.127836    0.011400   -0.004651    0.000152
   -0.000287    0.000007   -0.000269   -0.000020   -0.003207   -0.000020   -0.000269    0.000007
   -0.000290    0.000006   -0.000252    0.000135   -0.000262    0.000135   -0.000252    0.000006
   -0.000265    0.000007    0.000127   -0.000020   -0.000413   -0.000020    0.000127    0.000007
   -0.000287    0.000007   -0.000269   -0.000020   -0.003207   -0.000020   -0.000269    0.000007
   -0.000265    0.000006    0.000127    0.000135   -0.000413    0.000135    0.000127    0.000006
    0.000786    0.000006    0.000679    0.000135    0.000578    0.000135    0.000679    0.000006
   -0.000290    0.000007   -0.000252   -0.000020   -0.000262   -0.000020   -0.000252    0.000007
    0.000656    0.000007    0.000778   -0.000020    0.000761   -0.000020    0.000778    0.000007
   -0.000290    0.000006   -0.000252    0.000135   -0.000262    0.000135   -0.000252    0.000006

    0.000006   -0.000290    0.000006   -0.000252    0.000135   -0.000262    0.000135   -0.000252
    0.000006   -0.000265    0.000006    0.000127    0.000135   -0.000413    0.000135    0.000127
    0.000007   -0.000287    0.000007   -0.000269   -0.000020   -0.003207   -0.000020   -0.000269
    0.000007   -0.000265    0.000007    0.000127   -0.000020   -0.000413   -0.000020    0.000127
    0.000007    0.000656    0.000007    0.000778   -0.000020    0.000761   -0.000020    0.000778
    0.000007   -0.000287    0.000007   -0.000269   -0.000020   -0.003207   -0.000020   -0.000269
    0.000152   -0.003388    0.000152   -0.004651    0.011400   -8.127836    0.011400   -0.004651
    0.000152   -0.000287    0.000152   -0.000269    0.011400   -0.003207    0.011400   -0.000269
    0.000007   -0.000290    0.000007   -0.000252   -0.000020   -0.000262   -0.000020   -0.000252
    0.000007   -0.000265    0.000007    0.000127   -0.000020   -0.000413   -0.000020    0.000127
    0.000152   -0.000287    0.000152   -0.000269    0.011400   -0.003207    0.011400   -0.000269
    0.000152   -0.000265    0.000152    0.000127    0.011400   -0.000413    0.011400    0.000127
    0.000006    0.000786    0.000006    0.000679    0.000135    0.000578    0.000135    0.000679
    0.000006   -0.000290    0.000006   -0.000252    0.000135   -0.000262    0.000135   -0.000252
    0.000007    0.000656    0.000007    0.000778   -0.000020    0.000761   -0.000020    0.000778
    0.000007   -0.000290    0.000007   -0.000252   -0.000020   -0.000262   -0.000020   -0.000252

   -0.000252    0.000007   -0.000290    0.000007   -0.000252   -0.000020   -0.000262   -0.000020
    0.000127    0.000152   -0.000265    0.000152    0.000127    0.011400   -0.000413    0.011400
   -0.000269    0.000152   -0.000287    0.000152   -0.000269    0.011400   -0.003207    0.011400
    0.000127    0.000007   -0.000265    0.000007    0.000127   -0.000020   -0.000413   -0.000020
    0.000778    0.000007    0.000656    0.000007    0.000778   -0.000020    0.000761   -0.000020
   -0.000269    0.000152   -0.000287    0.000152   -0.000269    0.011400   -0.003207    0.011400
   -0.004651    0.000152   -0.003388    0.000152   -0.004651    0.011400   -8.127836    0.011400
   -0.000269    0.000007   -0.000287    0.000007   -0.000269   -0.000020   -0.003207   -0.000020
   -0.000252    0.000006   -0.000290    0.000006   -0.000252    0.000135   -0.000262    0.000135
    0.000127    0.000007   -0.000265    0.000007    0.000127   -0.000020   -0.000413   -0.000020
   -0.000269    0.000007   -0.000287    0.000007   -0.000269   -0.000020   -0.003207   -0.000020
    0.000127    0.000006   -0.000265    0.000006    0.000127    0.000135   -0.000413    0.000135
    0.000679    0.000006    0.000786    0.000006    0.000679    0.000135    0.000578    0.000135
   -0.000252    0.000007   -0.000290    0.000007   -0.000252   -0.000020   -0.000262   -0.000020
    0.000778    0.000007    0.000656    0.000007    0.000778   -0.000020    0.000761   -0.000020
   -0.000252    0.000006   -0.000290    0.000006   -0.000252    0.000135   -0.000262    0.000135

    0.000135   -0.000252    0.000006   -0.000290    0.000006   -0.000252    0.000135   -0.000262
    0.000135    0.000127    0.000006   -0.000265    0.000006    0.000127    0.000135   -0.000413
   -0.000020   -0.000269    0.000007   -0.000287    0.000007   -0.000269   -0.000020   -0.003207
   -0.000020    0.000127    0.000007   -0.000265    0.000007    0.000127   -0.000020   -0.000413
   -0.000020    0.000778    0.000007    0.000656    0.000007    0.000778   -0.000020    0.000761
   -0.000020   -0.000269    0.000007   -0.000287    0.000007   -0.000269   -0.000020   -0.003207
    0.011400   -0.004651    0.000152   -0.003388    0.000152   -0.004651    0.011400   -8.127836
    0.011400   -0.000269    0.000152   -0.000287    0.000152   -0.000269    0.011400   -0.003207
   -0.000020   -0.000252    0.000007   -0.000290    0.000007   -0.000252   -0.000020   -0.000262
   -0.000020    0.000127    0.000007   -0.000265    0.000007    0.000127   -0.000020   -0.000413
    0.011400   -0.000269    0.000152   -0.000287    0.000152   -0.000269    0.011400   -0.003207
    0.011400    0.000127    0.000152   -0.000265    0.000152    0.000127    0.011400   -0.000413
    0.000135    0.000679    0.000006    0.000786    0.000006    0.000679    0.000135    0.000578
    0.000135   -0.000252    0.000006   -0.000290    0.000006   -0.000252    0.000135   -0.000262
   -0.000020    0.000778    0.000007    0.000656    0.000007    0.000778   -0.000020    0.000761
   -0.000020   -0.000252    0.000007   -0.000290    0.000007   -0.000252   -0.000020   -0.000262

   -0.000413   -0.000020    0.000127    0.000007   -0.000265    0.000007    0.000127   -0.000020
   -0.000262   -0.000020   -0.000252    0.000007   -0.000290    0.000007   -0.000252   -0.000020
   -0.000413    0.011400    0.000127    0.000152   -0.000265    0.000152    0.000127    0.011400
   -0.003207    0.011400   -0.000269    0.000152   -0.000287    0.000152   -0.000269    0.011400
   -0.003207   -0.000020   -0.000269    0.000007   -0.000287    0.000007   -0.000269   -0.000020
    0.000761   -0.000020    0.000778    0.000007    0.000656    0.000007    0.000778   -0.000020
   -0.003207    0.011400   -0.000269    0.000152   -0.000287    0.000152   -0.000269    0.011400
   -8.127836    0.011400   -0.004651    0.000152   -0.003388    0.000152   -0.004651    0.011400
   -0.000413    0.000135    0.000127    0.000006   -0.000265    0.000006    0.000127    0.000135
   -0.000262    0.000135   -0.000252    0.000006   -0.000290    0.000006   -0.000252    0.000135
   -0.000413   -0.000020    0.000127    0.000007   -0.000265    0.000007    0.000127   -0.000020
   -0.003207   -0.000020   -0.000269    0.000007   -0.000287    0.000007   -0.000269   -0.000020
   -0.000262    0.000135   -0.000252    0.000006   -0.000290    0.000006   -0.000252    0.000135
    0.000578    0.000135    0.000679    0.000006    0.000786    0.000006    0.000679    0.000135
   -0.000262   -0.000020   -0.000252    0.000007   -0.000290    0.000007   -0.000252   -0.000020
    0.000761   -0.000020    0.000778    0.000007    0.000656    0.000007    0.000778   -0.000020

   -0.000020   -0.000413   -0.000020    0.000127    0.000007   -0.000265    0.000007    0.000127
    0.000135   -0.000262    0.000135   -0.000252    0.000006   -0.000290    0.000006   -0.000252
    0.000135   -0.000413    0.000135    0.000127    0.000006   -0.000265    0.000006    0.000127
   -0.000020   -0.003207   -0.000020   -0.000269    0.000007   -0.000287    0.000007   -0.000269
    0.011400   -0.003207    0.011400   -0.000269    0.000152   -0.000287    0.000152   -0.000269
   -0.000020    0.000761   -0.000020    0.000778    0.000007    0.000656    0.000007    0.000778
   -0.000020   -0.003207   -0.000020   -0.000269    0.000007   -0.000287    0.000007   -0.000269
    0.011400   -8.127836    0.011400   -0.004651    0.000152   -0.003388    0.000152   -0.004651
    0.011400   -0.000413    0.011400    0.000127    0.000152   -0.000265    0.000152    0.000127
   -0.000020   -0.000262   -0.000020   -0.000252    0.000007   -0.000290    0.000007   -0.000252
   -0.000020   -0.000413   -0.000020    0.000127    0.000007   -0.000265    0.000007    0.000127
    0.011400   -0.003207    0.011400   -0.000269    0.000152   -0.000287    0.000152   -0.000269
   -0.000020   -0.000262   -0.000020   -0.000252    0.000007   -0.000290    0.000007   -0.000252
    0.000135    0.000578    0.000135    0.000679    0.000006    0.000786    0.000006    0.000679
    0.000135   -0.000262    0.000135   -0.000252    0.000006   -0.000290    0.000006   -0.000252
   -0.000020    0.000761   -0.000020    0.000778    0.000007    0.000656    0.000007    0.000778

    0.000127   -0.000020   -0.000413   -0.000020    0.000127    0.000007   -0.000265    0.000007
   -0.000252   -0.000020   -0.000262   -0.000020   -0.000252    0.000007   -0.000290    0.000007
    0.000127    0.011400   -0.000413    0.011400    0.000127    0.000152   -0.000265    0.000152
   -0.000269    0.011400   -0.003207    0.011400   -0.000269    0.000152   -0.000287    0.000152
   -0.000269   -0.000020   -0.003207   -0.000020   -0.000269    0.000007   -0.000287    0.000007
    0.000778   -0.000020    0.000761   -0.000020    0.000778    0.000007    0.000656    0.000007
   -0.000269    0.011400   -0.003207    0.011400   -0.000269    0.000152   -0.000287    0.000152
   -0.004651    0.011400   -8.127836    0.011400   -0.004651    0.000152   -0.003388    0.000152
    0.000127    0.000135   -0.000413    0.000135    0.000127    0.000006   -0.000265    0.000006
   -0.000252    0.000135   -0.000262    0.000135   -0.000252    0.000006   -0.000290    0.000006
    0.000127   -0.000020   -0.000413   -0.000020    0.000127    0.000007   -0.000265    0.000007
   -0.000269   -0.000020   -0.003207   -0.000020   -0.000269    0.000007   -0.000287    0.000007
   -0.000252    0.000135   -0.000262    0.000135   -0.000252    0.000006   -0.000290    0.000006
    0.000679    0.000135    0.000578    0.000135    0.000679    0.000006    0.000786    0.000006
   -0.000252   -0.000020   -0.000262   -0.000020   -0.000252    0.000007   -0.000290    0.000007
    0.000778   -0.000020    0.000761   -0.000020    0.000778    0.000007    0.000656    0.000007

    0.000007    0.000127   -0.000020   -0.000413   -0.000020    0.000127    0.000007   -0.000265
    0.000006   -0.000252    0.000135   -0.000262    0.000135   -0.000252    0.000006   -0.000290
    0.000006    0.000127    0.000135   -0.000413    0.000135    0.000127    0.000006   -0.000265
    0.000007   -0.000269   -0.000020   -0.003207   -0.000020   -0.000269    0.000007   -0.000287
    0.000152   -0.000269    0.011400   -0.003207    0.011400   -0.000269    0.000152   -0.000287
    0.000007    0.000778   -0.000020    0.000761   -0.000020    0.000778    0.000007    0.000656
    0.000007   -0.000269   -0.000020   -0.003207   -0.000020   -0.000269    0.000007   -0.000287
    0.000152   -0.004651    0.011400   -8.127836    0.011400   -0.004651    0.000152   -0.003388
    0.000152    0.000127    0.011400   -0.000413    0.011400    0.000127    0.000152   -0.000265
    0.000007   -0.000252   -0.000020   -0.000262   -0.000020   -0.000252    0.000007   -0.000290
    0.000007    0.000127   -0.000020   -0.000413   -0.000020    0.000127    0.000007   -0.000265
    0.000152   -0.000269    0.011400   -0.003207    0.011400   -0.000269    0.000152   -0.000287
    0.000007   -0.000252   -0.000020   -0.000262   -0.000020   -0.000252    0.000007   -0.000290
    0.000006    0.000679    0.000135    0.000578    0.000135    0.000679    0.000006    0.000786
    0.000006   -0.000252    0.000135   -0.000262    0.000135   -0.000252    0.000006   -0.000290
    0.000007    0.000778   -0.000020    0.000761   -0.000020    0.000778    0.000007    0.000656

   -0.000265    0.000007    0.000127   -0.000020   -0.000413   -0.000020    0.000127    0.000007
   -0.000290    0.000007   -0.000252   -0.000020   -0.000262   -0.000020   -0.000252    0.000007
   -0.000265    0.000152    0.000127    0.011400   -0.000413    0.011400    0.000127    0.000152
   -0.000287    0.000152   -0.000269    0.011400   -0.003207    0.011400   -0.000269    0.000152
   -0.000287    0.000007   -0.000269   -0.000020   -0.003207   -0.000020   -0.000269    0.000007
    0.000656    0.000007    0.000778   -0.000020    0.000761   -0.000020    0.000778    0.000007
   -0.000287    0.000152   -0.000269    0.011400   -0.003207    0.011400   -0.000269    0.000152
   -0.003388    0.000152   -0.004651    0.011400   -8.127836    0.011400   -0.004651    0.000152
   -0.000265    0.000006    0.000127    0.000135   -0.000413    0.000135    0.000127    0.000006
   -0.000290    0.000006   -0.000252    0.000135   -0.000262    0.000135   -0.000252    0.000006
   -0.000265    0.000007    0.000127   -0.000020   -0.000413   -0.000020    0.000127    0.000007
   -0.000287    0.000007   -0.000269   -0.000020   -0.003207   -0.000020   -0.000269    0.000007
   -0.000290    0.000006   -0.000252    0.000135   -0.000262    0.000135   -0.000252    0.000006
    0.000786    0.000006    0.000679    0.000135    0.000578    0.000135    0.000679    0.000006
   -0.000290    0.000007   -0.000252   -0.000020   -0.000262   -0.000020   -0.000252    0.000007
    0.000656    0.000007    0.000778   -0.000020    0.000761   -0.000020    0.000778    0.000007

    0.000007   -0.000265    0.000007    0.000127   -0.000020   -0.000413   -0.000020    0.000127
    0.000006   -0.000290    0.000006   -0.000252    0.000135   -0.000262    0.000135   -0.000252
    0.000006   -0.000265    0.000006    0.000127    0.000135   -0.000413    0.000135    0.000127
    0.000007   -0.000287    0.000007   -0.000269   -0.000020   -0.003207   -0.000020   -0.000269
    0.000152   -0.000287    0.000152   -0.000269    0.011400   -0.003207    0.011400   -0.000269
    0.000007    0.000656    0.000007    0.000778   -0.000020    0.000761   -0.000020    0.000778
    0.000007   -0.000287    0.000007   -0.000269   -0.000020   -0.003207   -0.000020   -0.000269
    0.000152   -0.003388    0.000152   -0.004651    0.011400   -8.127836    0.011400   -0.004651
    0.000152   -0.000265    0.000152    0.000127    0.011400   -0.000413    0.011400    0.000127
    0.000007   -0.000290    0.000007   -0.000252   -0.000020   -0.000262   -0.000020   -0.000252
    0.000007   -0.000265    0.000007    0.000127   -0.000020   -0.000413   -0.000020    0.000127
    0.000152   -0.000287    0.000152   -0.000269    0.011400   -0.003207    0.011400   -0.000269
    0.000007   -0.000290    0.000007   -0.000252   -0.000020   -0.000262   -0.000020   -0.000252
    0.000006    0.000786    0.000006    0.000679    0.000135    0.000578    0.000135    0.000679
    0.000006   -0.000290    0.000006   -0.000252    0.000135   -0.000262    0.000135   -0.000252
    0.000007    0.000656    0.000007    0.000778   -0.000020    0.000761   -0.000020    0.000778

    0.000127    0.000007   -0.000265    0.000007    0.000127   -0.000020   -0.000413   -0.000020
   -0.000252    0.000007   -0.000290    0.000007   -0.000252   -0.000020   -0.000262   -0.000020
    0.000127    0.000152   -0.000265    0.000152    0.000127    0.011400   -0.000413    0.011400
   -0.000269    0.000152   -0.000287    0.000152   -0.000269    0.011400   -0.003207    0.011400
   -0.000269    0.000007   -0.000287    0.000007   -0.000269   -0.000020   -0.003207   -0.000020
    0.000778    0.000007    0.000656    0.000007    0.000778   -0.000020    0.000761   -0.000020
   -0.000269    0.000152   -0.000287    0.000152   -0.000269    0.011400   -0.003207    0.011400
   -0.004651    0.000152   -0.003388    0.000152   -0.004651    0.011400   -8.127836    0.011400
    0.000127    0.000006   -0.000265    0.000006    0.000127    0.000135   -0.000413    0.000135
   -0.000252    0.000006   -0.000290    0.000006   -0.000252    0.000135   -0.000262    0.000135
    0.000127    0.000007   -0.000265    0.000007    0.000127   -0.000020   -0.000413   -0.000020
   -0.000269    0.000007   -0.000287    0.000007   -0.000269   -0.000020   -0.003207   -0.000020
   -0.000252    0.000006   -0.000290    0.000006   -0.000252    0.000135   -0.000262    0.000135
    0.000679    0.000006    0.000786    0.000006    0.000679    0.000135    0.000578    0.000135
   -0.000252    0.000007   -0.000290    0.000007   -0.000252   -0.000020   -0.000262   -0.000020
    0.000778    0.000007    0.000656    0.000007    0.000778   -0.000020    0.000761   -0.000020

   -0.000020    0.000127    0.000007   -0.000265    0.000007    0.000127   -0.000020   -0.000413
    0.000135   -0.000252    0.000006   -0.000290    0.000006   -0.000252    0.000135   -0.000262
    0.000135    0.000127    0.000006   -0.000265    0.000006    0.000127    0.000135   -0.000413
   -0.000020   -0.000269    0.000007   -0.000287    0.000007   -0.000269   -0.000020   -0.003207
    0.011400   -0.000269    0.000152   -0.000287    0.000152   -0.000269    0.011400   -0.003207
   -0.000020    0.000778    0.000007    0.000656    0.000007    0.000778   -0.000020    0.000761
   -0.000020   -0.000269    0.000007   -0.000287    0.000007   -0.000269   -0.000020   -0.003207
    0.011400   -0.004651    0.000152   -0.003388    0.000152   -0.004651    0.011400   -8.127836
    0.011400    0.000127    0.000152   -0.000265    0.000152    0.000127    0.011400   -0.000413
   -0.000020   -0.000252    0.000007   -0.000290    0.000007   -0.000252   -0.000020   -0.000262
   -0.000020    0.000127    0.000007   -0.000265    0.000007    0.000127   -0.000020   -0.000413
    0.011400   -0.000269    0.000152   -0.000287    0.000152   -0.000269    0.011400   -0.003207
   -0.000020   -0.000252    0.000007   -0.000290    0.000007   -0.000252   -0.000020   -0.000262
    0.000135    0.000679    0.000006    0.000786    0.000006    0.000679    0.000135    0.000578
    0.000135   -0.000252    0.000006   -0.000290    0.000006   -0.000252    0.000135   -0.000262
   -0.000020    0.000778    0.000007    0.000656    0.000007    0.000778   -0.000020    0.000761

    0.000761   -0.000020    0.000778    0.000007    0.000656    0.000007    0.000778   -0.000020
   -0.000262    0.000135   -0.000252    0.000006   -0.000290    0.000006   -0.000252    0.000135
    0.000578    0.000135    0.000679    0.000006    0.000786    0.000006    0.000679    0.000135
   -0.000262   -0.000020   -0.000252    0.000007   -0.000290    0.000007   -0.000252   -0.000020
   -0.003207    0.011400   -0.000269    0.000152   -0.000287    0.000152   -0.000269    0.011400
   -0.000413   -0.000020    0.000127    0.000007   -0.000265    0.000007    0.000127   -0.000020
   -0.000262   -0.000020   -0.000252    0.000007   -0.000290    0.000007   -0.000252   -0.000020
   -0.000413    0.011400    0.000127    0.000152   -0.000265    0.000152    0.000127    0.011400
   -8.127836    0.011400   -0.004651    0.000152   -0.003388    0.000152   -0.004651    0.011400
   -0.003207   -0.000020   -0.000269    0.000007   -0.000287    0.000007   -0.000269   -0.000020
    0.000761   -0.000020    0.000778    0.000007    0.000656    0.000007    0.000778   -0.000020
   -0.003207    0.011400   -0.000269    0.000152   -0.000287    0.000152   -0.000269    0.011400
   -0.003207   -0.000020   -0.000269    0.000007   -0.000287    0.000007   -0.000269   -0.000020
   -0.000413    0.000135    0.000127    0.000006   -0.000265    0.000006    0.000127    0.000135
   -0.000262    0.000135   -0.000252    0.000006   -0.000290    0.000006   -0.000252    0.000135
   -0.000413   -0.000020    0.000127    0.000007   -0.000265    0.000007    0.000127   -0.000020

   -0.000020    0.000761   -0.000020    0.000778    0.000007    0.000656    0.000007    0.000778
   -0.000020   -0.000262   -0.000020   -0.000252    0.000007   -0.000290    0.000007   -0.000252
    0.000135    0.000578    0.000135    0.000679    0.000006    0.000786    0.000006    0.000679
    0.000135   -0.000262    0.000135   -0.000252    0.000006   -0.000290    0.000006   -0.000252
   -0.000020   -0.003207   -0.000020   -0.000269    0.000007   -0.000287    0.000007   -0.000269
   -0.000020   -0.000413   -0.000020    0.000127    0.000007   -0.000265    0.000007    0.000127
    0.000135   -0.000262    0.000135   -0.000252    0.000006   -0.000290    0.000006   -0.000252
    0.000135   -0.000413    0.000135    0.000127    0.000006   -0.000265    0.000006    0.000127
    0.011400   -8.127836    0.011400   -0.004651    0.000152   -0.003388    0.000152   -0.004651
    0.011400   -0.003207    0.011400   -0.000269    0.000152   -0.000287    0.000152   -0.000269
   -0.000020    0.000761   -0.000020    0.000778    0.000007    0.000656    0.000007    0.000778
   -0.000020   -0.003207   -0.000020   -0.000269    0.000007   -0.000287    0.000007   -0.000269
    0.011400   -0.003207    0.011400   -0.000269    0.000152   -0.000287    0.000152   -0.000269
    0.011400   -0.000413    0.011400    0.000127    0.000152   -0.000265    0.000152    0.000127
   -0.000020   -0.000262   -0.000020   -0.000252    0.000007   -0.000290    0.000007   -0.000252
   -0.000020   -0.000413   -0.000020    0.000127    0.000007   -0.000265    0.000007    0.000127

    0.000778   -0.000020    0.000761   -0.000020    0.000778    0.000007    0.000656    0.000007
   -0.000252    0.000135   -0.000262    0.000135   -0.000252    0.000006   -0.000290    0.000006
    0.000679    0.000135    0.000578    0.000135    0.000679    0.000006    0.000786    0.000006
   -0.000252   -0.000020   -0.000262   -0.000020   -0.000252    0.000007   -0.000290    0.000007
   -0.000269    0.011400   -0.003207    0.011400   -0.000269    0.000152   -0.000287    0.000152
    0.000127   -0.000020   -0.000413   -0.000020    0.000127    0.000007   -0.000265    0.000007
   -0.000252   -0.000020   -0.000262   -0.000020   -0.000252    0.000007   -0.000290    0.000007
    0.000127    0.011400   -0.000413    0.011400    0.000127    0.000152   -0.000265    0.000152
   -0.004651    0.011400   -8.127836    0.011400   -0.004651    0.000152   -0.003388    0.000152
   -0.000269   -0.000020   -0.003207   -0.000020   -0.000269    0.000007   -0.000287    0.000007
    0.000778   -0.000020    0.000761   -0.000020    0.000778    0.000007    0.000656    0.000007
   -0.000269    0.011400   -0.003207    0.011400   -0.000269    0.000152   -0.000287    0.000152
   -0.000269   -0.000020   -0.003207   -0.000020   -0.000269    0.000007   -0.000287    0.000007
    0.000127    0.000135   -0.000413    0.000135    0.000127    0.000006   -0.000265    0.000006
   -0.000252    0.000135   -0.000262    0.000135   -0.000252    0.000006   -0.000290    0.000006
    0.000127   -0.000020   -0.000413   -0.000020    0.000127    0.000007   -0.000265    0.000007

    0.000007    0.000778   -0.000020    0.000761   -0.000020    0.000778    0.000007    0.000656
    0.000007   -0.000252   -0.000020   -0.000262   -0.000020   -0.000252    0.000007   -0.000290
    0.000006    0.000679    0.000135    0.000578    0.000135    0.000679    0.000006    0.000786
    0.000006   -0.000252    0.000135   -0.000262    0.000135   -0.000252    0.000006   -0.000290
    0.000007   -0.000269   -0.000020   -0.003207   -0.000020   -0.000269    0.000007   -0.000287
    0.000007    0.000127   -0.000020   -0.000413   -0.000020    0.000127    0.000007   -0.000265
    0.000006   -0.000252    0.000135   -0.000262    0.000135   -0.000252    0.000006   -0.000290
    0.000006    0.000127    0.000135   -0.000413    0.000135    0.000127    0.000006   -0.000265
    0.000152   -0.004651    0.011400   -8.127836    0.011400   -0.004651    0.000152   -0.003388
    0.000152   -0.000269    0.011400   -0.003207    0.011400   -0.000269    0.000152   -0.000287
    0.000007    0.000778   -0.000020    0.000761   -0.000020    0.000778    0.000007    0.000656
    0.000007   -0.000269   -0.000020   -0.003207   -0.000020   -0.000269    0.000007   -0.000287
    0.000152   -0.000269    0.011400   -0.003207    0.011400   -0.000269    0.000152   -0.000287
    0.000152    0.000127    0.011400   -0.000413    0.011400    0.000127    0.000152   -0.000265
    0.000007   -0.000252   -0.000020   -0.000262   -0.000020   -0.000252    0.000007   -0.000290
    0.000007    0.000127   -0.000020   -0.000413   -0.000020    0.000127    0.000007   -0.000265

    0.000656    0.000007    0.000778   -0.000020    0.000761   -0.000020    0.000778    0.000007
   -0.000290    0.000006   -0.000252    0.000135   -0.000262    0.000135   -0.000252    0.000006
    0.000786    0.000006    0.000679    0.000135    0.000578    0.000135    0.000679    0.000006
   -0.000290    0.000007   -0.000252   -0.000020   -0.000262   -0.000020   -0.000252    0.000007
   -0.000287    0.000152   -0.000269    0.011400   -0.003207    0.011400   -0.000269    0.000152
   -0.000265    0.000007    0.000127   -0.000020   -0.000413   -0.000020    0.000127    0.000007
   -0.000290    0.000007   -0.000252   -0.000020   -0.000262   -0.000020   -0.000252    0.000007
   -0.000265    0.000152    0.000127    0.011400   -0.000413    0.011400    0.000127    0.000152
   -0.003388    0.000152   -0.004651    0.011400   -8.127836    0.011400   -0.004651    0.000152
   -0.000287    0.000007   -0.000269   -0.000020   -0.003207   -0.000020   -0.000269    0.000007
    0.000656    0.000007    0.000778   -0.000020    0.000761   -0.000020    0.000778    0.000007
   -0.000287    0.000152   -0.000269    0.011400   -0.003207    0.011400   -0.000269    0.000152
   -0.000287    0.000007   -0.000269   -0.000020   -0.003207   -0.000020   -0.000269    0.000007
   -0.000265    0.000006    0.000127    0.000135   -0.000413    0.000135    0.000127    0.000006
   -0.000290    0.000006   -0.000252    0.000135   -0.000262    0.000135   -0.000252    0.000006
   -0.000265    0.000007    0.000127   -0.000020   -0.000413   -0.000020    0.000127    0.000007

    0.000007    0.000656    0.000007    0.000778   -0.000020    0.000761   -0.000020    0.000778
    0.000007   -0.000290    0.000007   -0.000252   -0.000020   -0.000262   -0.000020   -0.000252
    0.000006    0.000786    0.000006    0.000679    0.000135    0.000578    0.000135    0.000679
    0.000006   -0.000290    0.000006   -0.000252    0.000135   -0.000262    0.000135   -0.000252
    0.000007   -0.000287    0.000007   -0.000269   -0.000020   -0.003207   -0.000020   -0.000269
    0.000007   -0.000265    0.000007    0.000127   -0.000020   -0.000413   -0.000020    0.000127
    0.000006   -0.000290    0.000006   -0.000252    0.000135   -0.000262    0.000135   -0.000252
    0.000006   -0.000265    0.000006    0.000127    0.000135   -0.000413    0.000135    0.000127
    0.000152   -0.003388    0.000152   -0.004651    0.011400   -8.127836    0.011400   -0.004651
    0.000152   -0.000287    0.000152   -0.000269    0.011400   -0.003207    0.011400   -0.000269
    0.000007    0.000656    0.000007    0.000778   -0.000020    0.000761   -0.000020    0.000778
    0.000007   -0.000287    0.000007   -0.000269   -0.000020   -0.003207   -0.000020   -0.000269
    0.000152   -0.000287    0.000152   -0.000269    0.011400   -0.003207    0.011400   -0.000269
    0.000152   -0.000265    0.000152    0.000127    0.011400   -0.000413    0.011400    0.000127
    0.000007   -0.000290    0.000007   -0.000252   -0.000020   -0.000262   -0.000020   -0.000252
    0.000007   -0.000265    0.000007    0.000127   -0.000020   -0.000413   -0.000020    0.000127

    0.000778    0.000007    0.000656    0.000007    0.000778   -0.000020    0.000761   -0.000020
   -0.000252    0.000006   -0.000290    0.000006   -0.000252    0.000135   -0.000262    0.000135
    0.000679    0.000006    0.000786    0.000006    0.000679    0.000135    0.000578    0.000135
   -0.000252    0.000007   -0.000290    0.000007   -0.000252   -0.000020   -0.000262   -0.000020
   -0.000269    0.000152   -0.000287    0.000152   -0.000269    0.011400   -0.003207    0.011400
    0.000127    0.000007   -0.000265    0.000007    0.000127   -0.000020   -0.000413   -0.000020
   -0.000252    0.000007   -0.000290    0.000007   -0.000252   -0.000020   -0.000262   -0.000020
    0.000127    0.000152   -0.000265    0.000152    0.000127    0.011400   -0.000413    0.011400
   -0.004651    0.000152   -0.003388    0.000152   -0.004651    0.011400   -8.127836    0.011400
   -0.000269    0.000007   -0.000287    0.000007   -0.000269   -0.000020   -0.003207   -0.000020
    0.000778    0.000007    0.000656    0.000007    0.000778   -0.000020    0.000761   -0.000020
   -0.000269    0.000152   -0.000287    0.000152   -0.000269    0.011400   -0.003207    0.011400
   -0.000269    0.000007   -0.000287    0.000007   -0.000269   -0.000020   -0.003207   -0.000020
    0.000127    0.000006   -0.000265    0.000006    0.000127    0.000135   -0.000413    0.000135
   -0.000252    0.000006   -0.000290    0.000006   -0.000252    0.000135   -0.000262    0.000135
    0.000127    0.000007   -0.000265    0.000007    0.000127   -0.000020   -0.000413   -0.000020

   -0.000020    0.000778    0.000007    0.000656    0.000007    0.000778   -0.000020    0.000761
   -0.000020   -0.000252    0.000007   -0.000290    0.000007   -0.000252   -0.000020   -0.000262
    0.000135    0.000679    0.000006    0.000786    0.000006    0.000679    0.000135    0.000578
    0.000135   -0.000252    0.000006   -0.000290    0.000006   -0.000252    0.000135   -0.000262
   -0.000020   -0.000269    0.000007   -0.000287    0.000007   -0.000269   -0.000020   -0.003207
   -0.000020    0.000127    0.000007   -0.000265    0.000007    0.000127   -0.000020   -0.000413
    0.000135   -0.000252    0.000006   -0.000290    0.000006   -0.000252    0.000135   -0.000262
    0.000135    0.000127    0.000006   -0.000265    0.000006    0.000127    0.000135   -0.000413
    0.011400   -0.004651    0.000152   -0.003388    0.000152   -0.004651    0.011400   -8.127836
    0.011400   -0.000269    0.000152   -0.000287    0.000152   -0.000269    0.011400   -0.003207
   -0.000020    0.000778    0.000007    0.000656    0.000007    0.000778   -0.000020    0.000761
   -0.000020   -0.000269    0.000007   -0.000287    0.000007   -0.000269   -0.000020   -0.003207
    0.011400   -0.000269    0.000152   -0.000287    0.000152   -0.000269    0.011400   -0.003207
    0.011400    0.000127    0.000152   -0.000265    0.000152    0.000127    0.011400   -0.000413
   -0.000020   -0.000252    0.000007   -0.000290    0.000007   -0.000252   -0.000020   -0.000262
   -0.000020    0.000127    0.000007   -0.000265    0.000007    0.000127   -0.000020   -0.000413

   -0.000262   -0.000020   -0.000252    0.000007   -0.000290    0.000007   -0.000252   -0.000020
    0.000761   -0.000020    0.000778    0.000007    0.000656    0.000007    0.000778   -0.000020
   -0.000262    0.000135   -0.000252    0.000006   -0.000290    0.000006   -0.000252    0.000135
    0.000578    0.000135    0.000679    0.000006    0.000786    0.000006    0.000679    0.000135
   -0.000413    0.011400    0.000127    0.000152   -0.000265    0.000152    0.000127    0.011400
   -0.003207    0.011400   -0.000269    0.000152   -0.000287    0.000152   -0.000269    0.011400
   -0.000413   -0.000020    0.000127    0.000007   -0.000265    0.000007    0.000127   -0.000020
   -0.000262   -0.000020   -0.000252    0.000007   -0.000290    0.000007   -0.000252   -0.000020
   -0.003207    0.011400   -0.000269    0.000152   -0.000287    0.000152   -0.000269    0.011400
   -8.127836    0.011400   -0.004651    0.000152   -0.003388    0.000152   -0.004651    0.011400
   -0.003207   -0.000020   -0.000269    0.000007   -0.000287    0.000007   -0.000269   -0.000020
    0.000761   -0.000020    0.000778    0.000007    0.000656    0.000007    0.000778   -0.000020
   -0.000413   -0.000020    0.000127    0.000007   -0.000265    0.000007    0.000127   -0.000020
   -0.003207   -0.000020   -0.000269    0.000007   -0.000287    0.000007   -0.000269   -0.000020
   -0.000413    0.000135    0.000127    0.000006   -0.000265    0.000006    0.000127    0.000135
   -0.000262    0.000135   -0.000252    0.000006   -0.000290    0.000006   -0.000252    0.000135

    0.000135   -0.000262    0.000135   -0.000252    0.000006   -0.000290    0.000006   -0.000252
   -0.000020    0.000761   -0.000020    0.000778    0.000007    0.000656    0.000007    0.000778
   -0.000020   -0.000262   -0.000020   -0.000252    0.000007   -0.000290    0.000007   -0.000252
    0.000135    0.000578    0.000135    0.000679    0.000006    0.000786    0.000006    0.000679
    0.000135   -0.000413    0.000135    0.000127    0.000006   -0.000265    0.000006    0.000127
   -0.000020   -0.003207   -0.000020   -0.000269    0.000007   -0.000287    0.000007   -0.000269
   -0.000020   -0.000413   -0.000020    0.000127    0.000007   -0.000265    0.000007    0.000127
    0.000135   -0.000262    0.000135   -0.000252    0.000006   -0.000290    0.000006   -0.000252
   -0.000020   -0.003207   -0.000020   -0.000269    0.000007   -0.000287    0.000007   -0.000269
    0.011400   -8.127836    0.011400   -0.004651    0.000152   -0.003388    0.000152   -0.004651
    0.011400   -0.003207    0.011400   -0.000269    0.000152   -0.000287    0.000152   -0.000269
   -0.000020    0.000761   -0.000020    0.000778    0.000007    0.000656    0.000007    0.000778
   -0.000020   -0.000413   -0.000020    0.000127    0.000007   -0.000265    0.000007    0.000127
    0.011400   -0.003207    0.011400   -0.000269    0.000152   -0.000287    0.000152   -0.000269
    0.011400   -0.000413    0.011400    0.000127    0.000152   -0.000265    0.000152    0.000127
   -0.000020   -0.000262   -0.000020   -0.000252    0.000007   -0.000290    0.000007   -0.000252

   -0.000252   -0.000020   -0.000262   -0.000020   -0.000252    0.000007   -0.000290    0.000007
    0.000778   -0.000020    0.000761   -0.000020    0.000778    0.000007    0.000656    0.000007
   -0.000252    0.000135   -0.000262    0.000135   -0.000252    0.000006   -0.000290    0.000006
    0.000679    0.000135    0.000578    0.000135    0.000679    0.000006    0.000786    0.000006
    0.000127    0.011400   -0.000413    0.011400    0.000127    0.000152   -0.000265    0.000152
   -0.000269    0.011400   -0.003207    0.011400   -0.000269    0.000152   -0.000287    0.000152
    0.000127   -0.000020   -0.000413   -0.000020    0.000127    0.000007   -0.000265    0.000007
   -0.000252   -0.000020   -0.000262   -0.000020   -0.000252    0.000007   -0.000290    0.000007
   -0.000269    0.011400   -0.003207    0.011400   -0.000269    0.000152   -0.000287    0.000152
   -0.004651    0.011400   -8.127836    0.011400   -0.004651    0.000152   -0.003388    0.000152
   -0.000269   -0.000020   -0.003207   -0.000020   -0.000269    0.000007   -0.000287    0.000007
    0.000778   -0.000020    0.000761   -0.000020    0.000778    0.000007    0.000656    0.000007
    0.000127   -0.000020   -0.000413   -0.000020    0.000127    0.000007   -0.000265    0.000007
   -0.000269   -0.000020   -0.003207   -0.000020   -0.000269    0.000007   -0.000287    0.000007
    0.000127    0.000135   -0.000413    0.000135    0.000127    0.000006   -0.000265    0.000006
   -0.000252    0.000135   -0.000262    0.000135   -0.000252    0.000006   -0.000290    0.000006

    0.000006   -0.000252    0.000135   -0.000262    0.000135   -0.000252    0.000006   -0.000290
    0.000007    0.000778   -0.000020    0.000761   -0.000020    0.000778    0.000007    0.000656
    0.000007   -0.000252   -0.000020   -0.000262   -0.000020   -0.000252    0.000007   -0.000290
    0.000006    0.000679    0.000135    0.000578    0.000135    0.000679    0.000006    0.000786
    0.000006    0.000127    0.000135   -0.000413    0.000135    0.000127    0.000006   -0.000265
    0.000007   -0.000269   -0.000020   -0.003207   -0.000020   -0.000269    0.000007   -0.000287
    0.000007    0.000127   -0.000020   -0.000413   -0.000020    0.000127    0.000007   -0.000265
    0.000006   -0.000252    0.000135   -0.000262    0.000135   -0.000252    0.000006   -0.000290
    0.000007   -0.000269   -0.000020   -0.003207   -0.000020   -0.000269    0.000007   -0.000287
    0.000152   -0.004651    0.011400   -8.127836    0.011400   -0.004651    0.000152   -0.003388
    0.000152   -0.000269    0.011400   -0.003207    0.011400   -0.000269    0.000152   -0.000287
    0.000007    0.000778   -0.000020    0.000761   -0.000020    0.000778    0.000007    0.000656
    0.000007    0.000127   -0.000020   -0.000413   -0.000020    0.000127    0.000007   -0.000265
    0.000152   -0.000269    0.011400   -0.003207    0.011400   -0.000269    0.000152   -0.000287
    0.000152    0.000127    0.011400   -0.000413    0.011400    0.000127    0.000152   -0.000265
    0.000007   -0.000252   -0.000020   -0.000262   -0.000020   -0.000252    0.000007   -0.000290

   -0.000290    0.000007   -0.000252   -0.000020   -0.000262   -0.000020   -0.000252    0.000007
    0.000656    0.000007    0.000778   -0.000020    0.000761   -0.000020    0.000778    0.000007
   -0.000290    0.000006   -0.000252    0.000135   -0.000262    0.000135   -0.000252    0.000006
    0.000786    0.000006    0.000679    0.000135    0.000578    0.000135    0.000679    0.000006
   -0.000265    0.000152    0.000127    0.011400   -0.000413    0.011400    0.000127    0.000152
   -0.000287    0.000152   -0.000269    0.011400   -0.003207    0.011400   -0.000269    0.000152
   -0.000265    0.000007    0.000127   -0.000020   -0.000413   -0.000020    0.000127    0.000007
   -0.000290    0.000007   -0.000252   -0.000020   -0.000262   -0.000020   -0.000252    0.000007
   -0.000287    0.000152   -0.000269    0.011400   -0.003207    0.011400   -0.000269    0.000152
   -0.003388    0.000152   -0.004651    0.011400   -8.127836    0.011400   -0.004651    0.000152
   -0.000287    0.000007   -0.000269   -0.000020   -0.003207   -0.000020   -0.000269    0.000007
    0.000656    0.000007    0.000778   -0.000020    0.000761   -0.000020    0.000778    0.000007
   -0.000265    0.000007    0.000127   -0.000020   -0.000413   -0.000020    0.000127    0.000007
   -0.000287    0.000007   -0.000269   -0.000020   -0.003207   -0.000020   -0.000269    0.000007
   -0.000265    0.000006    0.000127    0.000135   -0.000413    0.000135    0.000127    0.000006
   -0.000290    0.000006   -0.000252    0.000135   -0.000262    0.000135   -0.000252    0.000006

    0.000006   -0.000290    0.000006   -0.000252    0.000135   -0.000262    0.000135   -0.000252
    0.000007    0.000656    0.000007    0.000778   -0.000020    0.000761   -0.000020    0.000778
    0.000007   -0.000290    0.000007   -0.000252   -0.000020   -0.000262   -0.000020   -0.000252
    0.000006    0.000786    0.000006    0.000679    0.000135    0.000578    0.000135    0.000679
    0.000006   -0.000265    0.000006    0.000127    0.000135   -0.000413    0.000135    0.000127
    0.000007   -0.000287    0.000007   -0.000269   -0.000020   -0.003207   -0.000020   -0.000269
    0.000007   -0.000265    0.000007    0.000127   -0.000020   -0.000413   -0.000020    0.000127
    0.000006   -0.000290    0.000006   -0.000252    0.000135   -0.000262    0.000135   -0.000252
    0.000007   -0.000287    0.000007   -0.000269   -0.000020   -0.003207   -0.000020   -0.000269
    0.000152   -0.003388    0.000152   -0.004651    0.011400   -8.127836    0.011400   -0.004651
    0.000152   -0.000287    0.000152   -0.000269    0.011400   -0.003207    0.011400   -0.000269
    0.000007    0.000656    0.000007    0.000778   -0.000020    0.000761   -0.000020    0.000778
    0.000007   -0.000265    0.000007    0.000127   -0.000020   -0.000413   -0.000020    0.000127
    0.000152   -0.000287    0.000152   -0.000269    0.011400   -0.003207    0.011400   -0.000269
    0.000152   -0.000265    0.000152    0.000127    0.011400   -0.000413    0.011400    0.000127
    0.000007   -0.000290    0.000007   -0.000252   -0.000020   -0.000262   -0.000020   -0.000252

   -0.000252    0.000007   -0.000290    0.000007   -0.000252   -0.000020   -0.000262   -0.000020
    0.000778    0.000007    0.000656    0.000007    0.000778   -0.000020    0.000761   -0.000020
   -0.000252    0.000006   -0.000290    0.000006   -0.000252    0.000135   -0.000262    0.000135
    0.000679    0.000006    0.000786    0.000006    0.000679    0.000135    0.000578    0.000135
    0.000127    0.000152   -0.000265    0.000152    0.000127    0.011400   -0.000413    0.011400
   -0.000269    0.000152   -0.000287    0.000152   -0.000269    0.011400   -0.003207    0.011400
    0.000127    0.000007   -0.000265    0.000007    0.000127   -0.000020   -0.000413   -0.000020
   -0.000252    0.000007   -0.000290    0.000007   -0.000252   -0.000020   -0.000262   -0.000020
   -0.000269    0.000152   -0.000287    0.000152   -0.000269    0.011400   -0.003207    0.011400
   -0.004651    0.000152   -0.003388    0.000152   -0.004651    0.011400   -8.127836    0.011400
   -0.000269    0.000007   -0.000287    0.000007   -0.000269   -0.000020   -0.003207   -0.000020
    0.000778    0.000007    0.000656    0.000007    0.000778   -0.000020    0.000761   -0.000020
    0.000127    0.000007   -0.000265    0.000007    0.000127   -0.000020   -0.000413   -0.000020
   -0.000269    0.000007   -0.000287    0.000007   -0.000269   -0.000020   -0.003207   -0.000020
    0.000127    0.000006   -0.000265    0.000006    0.000127    0.000135   -0.000413    0.000135
   -0.000252    0.000006   -0.000290    0.000006   -0.000252    0.000135   -0.000262    0.000135

    0.000135   -0.000252    0.000006   -0.000290    0.000006   -0.000252    0.000135   -0.000262
   -0.000020    0.000778    0.000007    0.000656    0.000007    0.000778   -0.000020    0.000761
   -0.000020   -0.000252    0.000007   -0.000290    0.000007   -0.000252   -0.000020   -0.000262
    0.000135    0.000679    0.000006    0.000786    0.000006    0.000679    0.000135    0.000578
    0.000135    0.000127    0.000006   -0.000265    0.000006    0.000127    0.000135   -0.000413
   -0.000020   -0.000269    0.000007   -0.000287    0.000007   -0.000269   -0.000020   -0.003207
   -0.000020    0.000127    0.000007   -0.000265    0.000007    0.000127   -0.000020   -0.000413
    0.000135   -0.000252    0.000006   -0.000290    0.000006   -0.000252    0.000135   -0.000262
   -0.000020   -0.000269    0.000007   -0.000287    0.000007   -0.000269   -0.000020   -0.003207
    0.011400   -0.004651    0.000152   -0.003388    0.000152   -0.004651    0.011400   -8.127836
    0.011400   -0.000269    0.000152   -0.000287    0.000152   -0.000269    0.011400   -0.003207
   -0.000020    0.000778    0.000007    0.000656    0.000007    0.000778   -0.000020    0.000761
   -0.000020    0.000127    0.000007   -0.000265    0.000007    0.000127   -0.000020   -0.000413
    0.011400   -0.000269    0.000152   -0.000287    0.000152   -0.000269    0.011400   -0.003207
    0.011400    0.000127    0.000152   -0.000265    0.000152    0.000127    0.011400   -0.000413
   -0.000020   -0.000252    0.000007   -0.000290    0.000007   -0.000252   -0.000020   -0.000262

    0.000578    0.000135    0.000679    0.000006    0.000786    0.000006    0.000679    0.000135
   -0.000262   -0.000020   -0.000252    0.000007   -0.000290    0.000007   -0.000252   -0.000020
    0.000761   -0.000020    0.000778    0.000007    0.000656    0.000007    0.000778   -0.000020
   -0.000262    0.000135   -0.000252    0.000006   -0.000290    0.000006   -0.000252    0.000135
   -0.000262   -0.000020   -0.000252    0.000007   -0.000290    0.000007   -0.000252   -0.000020
   -0.000413    0.011400    0.000127    0.000152   -0.000265    0.000152    0.000127    0.011400
   -0.003207    0.011400   -0.000269    0.000152   -0.000287    0.000152   -0.000269    0.011400
   -0.000413   -0.000020    0.000127    0.000007   -0.000265    0.000007    0.000127   -0.000020
    0.000761   -0.000020    0.000778    0.000007    0.000656    0.000007    0.000778   -0.000020
   -0.003207    0.011400   -0.000269    0.000152   -0.000287    0.000152   -0.000269    0.011400
   -8.127836    0.011400   -0.004651    0.000152   -0.003388    0.000152   -0.004651    0.011400
   -0.003207   -0.000020   -0.000269    0.000007   -0.000287    0.000007   -0.000269   -0.000020
   -0.000262    0.000135   -0.000252    0.000006   -0.000290    0.000006   -0.000252    0.000135
   -0.000413   -0.000020    0.000127    0.000007   -0.000265    0.000007    0.000127   -0.000020
   -0.003207   -0.000020   -0.000269    0.000007   -0.000287    0.000007   -0.000269   -0.000020
   -0.000413    0.000135    0.000127    0.000006   -0.000265    0.000006    0.000127    0.000135

    0.000135    0.000578    0.000135    0.000679    0.000006    0.000786    0.000006    0.000679
    0.000135   -0.000262    0.000135   -0.000252    0.000006   -0.000290    0.000006   -0.000252
   -0.000020    0.000761   -0.000020    0.000778    0.000007    0.000656    0.000007    0.000778
   -0.000020   -0.000262   -0.000020   -0.000252    0.000007   -0.000290    0.000007   -0.000252
    0.000135   -0.000262    0.000135   -0.000252    0.000006   -0.000290    0.000006   -0.000252
    0.000135   -0.000413    0.000135    0.000127    0.000006   -0.000265    0.000006    0.000127
   -0.000020   -0.003207   -0.000020   -0.000269    0.000007   -0.000287    0.000007   -0.000269
   -0.000020   -0.000413   -0.000020    0.000127    0.000007   -0.000265    0.000007    0.000127
   -0.000020    0.000761   -0.000020    0.000778    0.000007    0.000656    0.000007    0.000778
   -0.000020   -0.003207   -0.000020   -0.000269    0.000007   -0.000287    0.000007   -0.000269
    0.011400   -8.127836    0.011400   -0.004651    0.000152   -0.003388    0.000152   -0.004651
    0.011400   -0.003207    0.011400   -0.000269    0.000152   -0.000287    0.000152   -0.000269
   -0.000020   -0.000262   -0.000020   -0.000252    0.000007   -0.000290    0.000007   -0.000252
   -0.000020   -0.000413   -0.000020    0.000127    0.000007   -0.000265    0.000007    0.000127
    0.011400   -0.003207    0.011400   -0.000269    0.000152   -0.000287    0.000152   -0.000269
    0.011400   -0.000413    0.011400    0.000127    0.000152   -0.000265    0.000152    0.000127

    0.000679    0.000135    0.000578    0.000135    0.000679    0.000006    0.000786    0.000006
   -0.000252   -0.000020   -0.000262   -0.000020   -0.000252    0.000007   -0.000290    0.000007
    0.000778   -0.000020    0.000761   -0.000020    0.000778    0.000007    0.000656    0.000007
   -0.000252    0.000135   -0.000262    0.000135   -0.000252    0.000006   -0.000290    0.000006
   -0.000252   -0.000020   -0.000262   -0.000020   -0.000252    0.000007   -0.000290    0.000007
    0.000127    0.011400   -0.000413    0.011400    0.000127    0.000152   -0.000265    0.000152
   -0.000269    0.011400   -0.003207    0.011400   -0.000269    0.000152   -0.000287    0.000152
    0.000127   -0.000020   -0.000413   -0.000020    0.000127    0.000007   -0.000265    0.000007
    0.000778   -0.000020    0.000761   -0.000020    0.000778    0.000007    0.000656    0.000007
   -0.000269    0.011400   -0.003207    0.011400   -0.000269    0.000152   -0.000287    0.000152
   -0.004651    0.011400   -8.127836    0.011400   -0.004651    0.000152   -0.003388    0.000152
   -0.000269   -0.000020   -0.003207   -0.000020   -0.000269    0.000007   -0.000287    0.000007
   -0.000252    0.000135   -0.000262    0.000135   -0.000252    0.000006   -0.000290    0.000006
    0.000127   -0.000020   -0.000413   -0.000020    0.000127    0.000007   -0.000265    0.000007
   -0.000269   -0.000020   -0.003207   -0.000020   -0.000269    0.000007   -0.000287    0.000007
    0.000127    0.000135   -0.000413    0.000135    0.000127    0.000006   -0.000265    0.000006

    0.000006    0.000679    0.000135    0.000578    0.000135    0.000679    0.000006    0.000786
    0.000006   -0.000252    0.000135   -0.000262    0.000135   -0.000252    0.000006   -0.000290
    0.000007    0.000778   -0.000020    0.000761   -0.000020    0.000778    0.000007    0.000656
    0.000007   -0.000252   -0.000020   -0.000262   -0.000020   -0.000252    0.000007   -0.000290
    0.000006   -0.000252    0.000135   -0.000262    0.000135   -0.000252    0.000006   -0.000290
    0.000006    0.000127    0.000135   -0.000413    0.000135    0.000127    0.000006   -0.000265
    0.000007   -0.000269   -0.000020   -0.003207   -0.000020   -0.000269    0.000007   -0.000287
    0.000007    0.000127   -0.000020   -0.000413   -0.000020    0.000127    0.000007   -0.000265
    0.000007    0.000778   -0.000020    0.000761   -0.000020    0.000778    0.000007    0.000656
    0.000007   -0.000269   -0.000020   -0.003207   -0.000020   -0.000269    0.000007   -0.000287
    0.000152   -0.004651    0.011400   -8.127836    0.011400   -0.004651    0.000152   -0.003388
    0.000152   -0.000269    0.011400   -0.003207    0.011400   -0.000269    0.000152   -0.000287
    0.000007   -0.000252   -0.000020   -0.000262   -0.000020   -0.000252    0.000007   -0.000290
    0.000007    0.000127   -0.000020   -0.000413   -0.000020    0.000127    0.000007   -0.000265
    0.000152   -0.000269    0.011400   -0.003207    0.011400   -0.000269    0.000152   -0.000287
    0.000152    0.000127    0.011400   -0.000413    0.011400    0.000127    0.000152   -0.000265

    0.000786    0.000006    0.000679    0.000135    0.000578    0.000135    0.000679    0.000006
   -0.000290    0.000007   -0.000252   -0.000020   -0.000262   -0.000020   -0.000252    0.000007
    0.000656    0.000007    0.000778   -0.000020    0.000761   -0.000020    0.000778    0.000007
   -0.000290    0.000006   -0.000252    0.000135   -0.000262    0.000135   -0.000252    0.000006
   -0.000290    0.000007   -0.000252   -0.000020   -0.000262   -0.000020   -0.000252    0.000007
   -0.000265    0.000152    0.000127    0.011400   -0.000413    0.011400    0.000127    0.000152
   -0.000287    0.000152   -0.000269    0.011400   -0.003207    0.011400   -0.000269    0.000152
   -0.000265    0.000007    0.000127   -0.000020   -0.000413   -0.000020    0.000127    0.000007
    0.000656    0.000007    0.000778   -0.000020    0.000761   -0.000020    0.000778    0.000007
   -0.000287    0.000152   -0.000269    0.011400   -0.003207    0.011400   -0.000269    0.000152
   -0.003388    0.000152   -0.004651    0.011400   -8.127836    0.011400   -0.004651    0.000152
   -0.000287    0.000007   -0.000269   -0.000020   -0.003207   -0.000020   -0.000269    0.000007
   -0.000290    0.000006   -0.000252    0.000135   -0.000262    0.000135   -0.000252    0.000006
   -0.000265    0.000007    0.000127   -0.000020   -0.000413   -0.000020    0.000127    0.000007
   -0.000287    0.000007   -0.000269   -0.000020   -0.003207   -0.000020   -0.000269    0.000007
   -0.000265    0.000006    0.000127    0.000135   -0.000413    0.000135    0.000127    0.000006

    0.000006    0.000786    0.000006    0.000679    0.000135    0.000578    0.000135    0.000679
    0.000006   -0.000290    0.000006   -0.000252    0.000135   -0.000262    0.000135   -0.000252
    0.000007    0.000656    0.000007    0.000778   -0.000020    0.000761   -0.000020    0.000778
    0.000007   -0.000290    0.000007   -0.000252   -0.000020   -0.000262   -0.000020   -0.000252
    0.000006   -0.000290    0.000006   -0.000252    0.000135   -0.000262    0.000135   -0.000252
    0.000006   -0.000265    0.000006    0.000127    0.000135   -0.000413    0.000135    0.000127
    0.000007   -0.000287    0.000007   -0.000269   -0.000020   -0.003207   -0.000020   -0.000269
    0.000007   -0.000265    0.000007    0.000127   -0.000020   -0.000413   -0.000020    0.000127
    0.000007    0.000656    0.000007    0.000778   -0.000020    0.000761   -0.000020    0.000778
    0.000007   -0.000287    0.000007   -0.000269   -0.000020   -0.003207   -0.000020   -0.000269
    0.000152   -0.003388    0.000152   -0.004651    0.011400   -8.127836    0.011400   -0.004651
    0.000152   -0.000287    0.000152   -0.000269    0.011400   -0.003207    0.011400   -0.000269
    0.000007   -0.000290    0.000007   -0.000252   -0.000020   -0.000262   -0.000020   -0.000252
    0.000007   -0.000265    0.000007    0.000127   -0.000020   -0.000413   -0.000020    0.000127
    0.000152   -0.000287    0.000152   -0.000269    0.011400   -0.003207    0.011400   -0.000269
    0.000152   -0.000265    0.000152    0.000127    0.011400   -0.000413    0.011400    0.000127

    0.000679    0.000006    0.000786    0.000006    0.000679    0.000135    0.000578    0.000135
   -0.000252    0.000007   -0.000290    0.000007   -0.000252   -0.000020   -0.000262   -0.000020
    0.000778    0.000007    0.000656    0.000007    0.000778   -0.000020    0.000761   -0.000020
   -0.000252    0.000006   -0.000290    0.000006   -0.000252    0.000135   -0.000262    0.000135
   -0.000252    0.000007   -0.000290    0.000007   -0.000252   -0.000020   -0.000262   -0.000020
    0.000127    0.000152   -0.000265    0.000152    0.000127    0.011400   -0.000413    0.011400
   -0.000269    0.000152   -0.000287    0.000152   -0.000269    0.011400   -0.003207    0.011400
    0.000127    0.000007   -0.000265    0.000007    0.000127   -0.000020   -0.000413   -0.000020
    0.000778    0.000007    0.000656    0.000007    0.000778   -0.000020    0.000761   -0.000020
   -0.000269    0.000152   -0.000287    0.000152   -0.000269    0.011400   -0.003207    0.011400
   -0.004651    0.000152   -0.003388    0.000152   -0.004651    0.011400   -8.127836    0.011400
   -0.000269    0.000007   -0.000287    0.000007   -0.000269   -0.000020   -0.003207   -0.000020
   -0.000252    0.000006   -0.000290    0.000006   -0.000252    0.000135   -0.000262    0.000135
    0.000127    0.000007   -0.000265    0.000007    0.000127   -0.000020   -0.000413   -0.000020
   -0.000269    0.000007   -0.000287    0.000007   -0.000269   -0.000020   -0.003207   -0.000020
    0.000127    0.000006   -0.000265    0.000006    0.000127    0.000135   -0.000413    0.000135

    0.000135    0.000679    0.000006    0.000786    0.000006    0.000679    0.000135    0.000578
    0.000135   -0.000252    0.000006   -0.000290    0.000006   -0.000252    0.000135   -0.000262
   -0.000020    0.000778    0.000007    0.000656    0.000007    0.000778   -0.000020    0.000761
   -0.000020   -0.000252    0.000007   -0.000290    0.000007   -0.000252   -0.000020   -0.000262
    0.000135   -0.000252    0.000006   -0.000290    0.000006   -0.000252    0.000135   -0.000262
    0.000135    0.000127    0.000006   -0.000265    0.000006    0.000127    0.000135   -0.000413
   -0.000020   -0.000269    0.000007   -0.000287    0.000007   -0.000269   -0.000020   -0.003207
   -0.000020    0.000127    0.000007   -0.000265    0.000007    0.000127   -0.000020   -0.000413
   -0.000020    0.000778    0.000007    0.000656    0.000007    0.000778   -0.000020    0.000761
   -0.000020   -0.000269    0.000007   -0.000287    0.000007   -0.000269   -0.000020   -0.003207
    0.011400   -0.004651    0.000152   -0.003388    0.000152   -0.004651    0.011400   -8.127836
    0.011400   -0.000269    0.000152   -0.000287    0.000152   -0.000269    0.011400   -0.003207
   -0.000020   -0.000252    0.000007   -0.000290    0.000007   -0.000252   -0.000020   -0.000262
   -0.000020    0.000127    0.000007   -0.000265    0.000007    0.000127   -0.000020   -0.000413
    0.011400   -0.000269    0.000152   -0.000287    0.000152   -0.000269    0.011400   -0.003207
    0.011400    0.000127    0.000152   -0.000265    0.000152    0.000127    0.011400   -0.000413

   -0.000262    0.000135   -0.000252    0.000006   -0.000290    0.000006   -0.000252    0.000135
    0.000578    0.000135    0.000679    0.000006    0.000786    0.000006    0.000679    0.000135
   -0.000262   -0.000020   -0.000252    0.000007   -0.000290    0.000007   -0.000252   -0.000020
    0.000761   -0.000020    0.000778    0.000007    0.000656    0.000007    0.000778   -0.000020
   -0.000413   -0.000020    0.000127    0.000007   -0.000265    0.000007    0.000127   -0.000020
   -0.000262   -0.000020   -0.000252    0.000007   -0.000290    0.000007   -0.000252   -0.000020
   -0.000413    0.011400    0.000127    0.000152   -0.000265    0.000152    0.000127    0.011400
   -0.003207    0.011400   -0.000269    0.000152   -0.000287    0.000152   -0.000269    0.011400
   -0.003207   -0.000020   -0.000269    0.000007   -0.000287    0.000007   -0.000269   -0.000020
    0.000761   -0.000020    0.000778    0.000007    0.000656    0.000007    0.000778   -0.000020
   -0.003207    0.011400   -0.000269    0.000152   -0.000287    0.000152   -0.000269    0.011400
   -8.127836    0.011400   -0.004651    0.000152   -0.003388    0.000152   -0.004651    0.011400
   -0.000413    0.000135    0.000127    0.000006   -0.000265    0.000006    0.000127    0.000135
   -0.000262    0.000135   -0.000252    0.000006   -0.000290    0.000006   -0.000252    0.000135
   -0.000413   -0.000020    0.000127    0.000007   -0.000265    0.000007    0.000127   -0.000020
   -0.003207   -0.000020   -0.000269    0.000007   -0.000287    0.000007   -0.000269   -0.000020

   -0.000020   -0.000262   -0.000020   -0.000252    0.000007   -0.000290    0.000007   -0.000252
    0.000135    0.000578    0.000135    0.000679    0.000006    0.000786    0.000006    0.000679
    0.000135   -0.000262    0.000135   -0.000252    0.000006   -0.000290    0.000006   -0.000252
   -0.000020    0.000761   -0.000020    0.000778    0.000007    0.000656    0.000007    0.000778
   -0.000020   -0.000413   -0.000020    0.000127    0.000007   -0.000265    0.000007    0.000127
    0.000135   -0.000262    0.000135   -0.000252    0.000006   -0.000290    0.000006   -0.000252
    0.000135   -0.000413    0.000135    0.000127    0.000006   -0.000265    0.000006    0.000127
   -0.000020   -0.003207   -0.000020   -0.000269    0.000007   -0.000287    0.000007   -0.000269
    0.011400   -0.003207    0.011400   -0.000269    0.000152   -0.000287    0.000152   -0.000269
   -0.000020    0.000761   -0.000020    0.000778    0.000007    0.000656    0.000007    0.000778
   -0.000020   -0.003207   -0.000020   -0.000269    0.000007   -0.000287    0.000007   -0.000269
    0.011400   -8.127836    0.011400   -0.004651    0.000152   -0.003388    0.000152   -0.004651
    0.011400   -0.000413    0.011400    0.000127    0.000152   -0.000265    0.000152    0.000127
   -0.000020   -0.000262   -0.000020   -0.000252    0.000007   -0.000290    0.000007   -0.000252
   -0.000020   -0.000413   -0.000020    0.000127    0.000007   -0.000265    0.000007    0.000127
    0.011400   -0.003207    0.011400   -0.000269    0.000152   -0.000287    0.000152   -0.000269

   -0.000252    0.000135   -0.000262    0.000135   -0.000252    0.000006   -0.000290    0.000006
    0.000679    0.000135    0.000578    0.000135    0.000679    0.000006    0.000786    0.000006
   -0.000252   -0.000020   -0.000262   -0.000020   -0.000252    0.000007   -0.000290    0.000007
    0.000778   -0.000020    0.000761   -0.000020    0.000778    0.000007    0.000656    0.000007
    0.000127   -0.000020   -0.000413   -0.000020    0.000127    0.000007   -0.000265    0.000007
   -0.000252   -0.000020   -0.000262   -0.000020   -0.000252    0.000007   -0.000290    0.000007
    0.000127    0.011400   -0.000413    0.011400    0.000127    0.000152   -0.000265    0.000152
   -0.000269    0.011400   -0.003207    0.011400   -0.000269    0.000152   -0.000287    0.000152
   -0.000269   -0.000020   -0.003207   -0.000020   -0.000269    0.000007   -0.000287    0.000007
    0.000778   -0.000020    0.000761   -0.000020    0.000778    0.000007    0.000656    0.000007
   -0.000269    0.011400   -0.003207    0.011400   -0.000269    0.000152   -0.000287    0.000152
   -0.004651    0.011400   -8.127836    0.011400   -0.004651    0.000152   -0.003388    0.000152
    0.000127    0.000135   -0.000413    0.000135    0.000127    0.000006   -0.000265    0.000006
   -0.000252    0.000135   -0.000262    0.000135   -0.000252    0.000006   -0.000290    0.000006
    0.000127   -0.000020   -0.000413   -0.000020    0.000127    0.000007   -0.000265    0.000007
   -0.000269   -0.000020   -0.003207   -0.000020   -0.000269    0.000007   -0.000287    0.000007

    0.000007   -0.000252   -0.000020   -0.000262   -0.000020   -0.000252    0.000007   -0.000290
    0.000006    0.000679    0.000135    0.000578    0.000135    0.000679    0.000006    0.000786
    0.000006   -0.000252    0.000135   -0.000262    0.000135   -0.000252    0.000006   -0.000290
    0.000007    0.000778   -0.000020    0.000761   -0.000020    0.000778    0.000007    0.000656
    0.000007    0.000127   -0.000020   -0.000413   -0.000020    0.000127    0.000007   -0.000265
    0.000006   -0.000252    0.000135   -0.000262    0.000135   -0.000252    0.000006   -0.000290
    0.000006    0.000127    0.000135   -0.000413    0.000135    0.000127    0.000006   -0.000265
    0.000007   -0.000269   -0.000020   -0.003207   -0.000020   -0.000269    0.000007   -0.000287
    0.000152   -0.000269    0.011400   -0.003207    0.011400   -0.000269    0.000152   -0.000287
    0.000007    0.000778   -0.000020    0.000761   -0.000020    0.000778    0.000007    0.000656
    0.000007   -0.000269   -0.000020   -0.003207   -0.000020   -0.000269    0.000007   -0.000287
    0.000152   -0.004651    0.011400   -8.127836    0.011400   -0.004651    0.000152   -0.003388
    0.000152    0.000127    0.011400   -0.000413    0.011400    0.000127    0.000152   -0.000265
    0.000007   -0.000252   -0.000020   -0.000262   -0.000020   -0.000252    0.000007   -0.000290
    0.000007    0.000127   -0.000020   -0.000413   -0.000020    0.000127    0.000007   -0.000265
    0.000152   -0.000269    0.011400   -0.003207    0.011400   -0.000269    0.000152   -0.000287

   -0.000290    0.000006   -0.000252    0.000135   -0.000262    0.000135   -0.000252    0.000006
    0.000786    0.000006    0.000679    0.000135    0.000578    0.000135    0.000679    0.000006
   -0.000290    0.000007   -0.000252   -0.000020   -0.000262   -0.000020   -0.000252    0.000007
    0.000656    0.000007    0.000778   -0.000020    0.000761   -0.000020    0.000778    0.000007
   -0.000265    0.000007    0.000127   -0.000020   -0.000413   -0.000020    0.000127    0.000007
   -0.000290    0.000007   -0.000252   -0.000020   -0.000262   -0.000020   -0.000252    0.000007
   -0.000265    0.000152    0.000127    0.011400   -0.000413    0.011400    0.000127    0.000152
   -0.000287    0.000152   -0.000269    0.011400   -0.003207    0.011400   -0.000269    0.000152
   -0.000287    0.000007   -0.000269   -0.000020   -0.003207   -0.000020   -0.000269    0.000007
    0.000656    0.000007    0.000778   -0.000020    0.000761   -0.000020    0.000778    0.000007
   -0.000287    0.000152   -0.000269    0.011400   -0.003207    0.011400   -0.000269    0.000152
   -0.003388    0.000152   -0.004651    0.011400   -8.127836    0.011400   -0.004651    0.000152
   -0.000265    0.000006    0.000127    0.000135   -0.000413    0.000135    0.000127    0.000006
   -0.000290    0.000006   -0.000252    0.000135   -0.000262    0.000135   -0.000252    0.000006
   -0.000265    0.000007    0.000127   -0.000020   -0.000413   -0.000020    0.000127    0.000007
   -0.000287    0.000007   -0.000269   -0.000020   -0.003207   -0.000020   -0.000269    0.000007

    0.000007   -0.000290    0.000007   -0.000252   -0.000020   -0.000262   -0.000020   -0.000252
    0.000006    0.000786    0.000006    0.000679    0.000135    0.000578    0.000135    0.000679
    0.000006   -0.000290    0.000006   -0.000252    0.000135   -0.000262    0.000135   -0.000252
    0.000007    0.000656    0.000007    0.000778   -0.000020    0.000761   -0.000020    0.000778
    0.000007   -0.000265    0.000007    0.000127   -0.000020   -0.000413   -0.000020    0.000127
    0.000006   -0.000290    0.000006   -0.000252    0.000135   -0.000262    0.000135   -0.000252
    0.000006   -0.000265    0.000006    0.000127    0.000135   -0.000413    0.000135    0.000127
    0.000007   -0.000287    0.000007   -0.000269   -0.000020   -0.003207   -0.000020   -0.000269
    0.000152   -0.000287    0.000152   -0.000269    0.011400   -0.003207    0.011400   -0.000269
    0.000007    0.000656    0.000007    0.000778   -0.000020    0.000761   -0.000020    0.000778
    0.000007   -0.000287    0.000007   -0.000269   -0.000020   -0.003207   -0.000020   -0.000269
    0.000152   -0.003388    0.000152   -0.004651    0.011400   -8.127836    0.011400   -0.004651
    0.000152   -0.000265    0.000152    0.000127    0.011400   -0.000413    0.011400    0.000127
    0.000007   -0.000290    0.000007   -0.000252   -0.000020   -0.000262   -0.000020   -0.000252
    0.000007   -0.000265    0.000007    0.000127   -0.000020   -0.000413   -0.000020    0.000127
    0.000152   -0.000287    0.000152   -0.000269    0.011400   -0.003207    0.011400   -0.000269

   -0.000252    0.000006   -0.000290    0.000006   -0.000252    0.000135   -0.000262    0.000135
    0.000679    0.000006    0.000786    0.000006    0.000679    0.000135    0.000578    0.000135
   -0.000252    0.000007   -0.000290    0.000007   -0.000252   -0.000020   -0.000262   -0.000020
    0.000778    0.000007    0.000656    0.000007    0.000778   -0.000020    0.000761   -0.000020
    0.000127    0.000007   -0.000265    0.000007    0.000127   -0.000020   -0.000413   -0.000020
   -0.000252    0.000007   -0.000290    0.000007   -0.000252   -0.000020   -0.000262   -0.000020
    0.000127    0.000152   -0.000265    0.000152    0.000127    0.011400   -0.000413    0.011400
   -0.000269    0.000152   -0.000287    0.000152   -0.000269    0.011400   -0.003207    0.011400
   -0.000269    0.000007   -0.000287    0.000007   -0.000269   -0.000020   -0.003207   -0.000020
    0.000778    0.000007    0.000656    0.000007    0.000778   -0.000020    0.000761   -0.000020
   -0.000269    0.000152   -0.000287    0.000152   -0.000269    0.011400   -0.003207    0.011400
   -0.004651    0.000152   -0.003388    0.000152   -0.004651    0.011400   -8.127836    0.011400
    0.000127    0.000006   -0.000265    0.000006    0.000127    0.000135   -0.000413    0.000135
   -0.000252    0.000006   -0.000290    0.000006   -0.000252    0.000135   -0.000262    0.000135
    0.000127    0.000007   -0.000265    0.000007    0.000127   -0.000020   -0.000413   -0.000020
   -0.000269    0.000007   -0.000287    0.000007   -0.000269   -0.000020   -0.003207   -0.000020

   -0.000020   -0.000252    0.000007   -0.000290    0.000007   -0.000252   -0.000020   -0.000262
    0.000135    0.000679    0.000006    0.000786    0.000006    0.000679    0.000135    0.000578
    0.000135   -0.000252    0.000006   -0.000290    0.000006   -0.000252    0.000135   -0.000262
   -0.000020    0.000778    0.000007    0.000656    0.000007    0.000778   -0.000020    0.000761
   -0.000020    0.000127    0.000007   -0.000265    0.000007    0.000127   -0.000020   -0.000413
    0.000135   -0.000252    0.000006   -0.000290    0.000006   -0.000252    0.000135   -0.000262
    0.000135    0.000127    0.000006   -0.000265    0.000006    0.000127    0.000135   -0.000413
   -0.000020   -0.000269    0.000007   -0.000287    0.000007   -0.000269   -0.000020   -0.003207
    0.011400   -0.000269    0.000152   -0.000287    0.000152   -0.000269    0.011400   -0.003207
   -0.000020    0.000778    0.000007    0.000656    0.000007    0.000778   -0.000020    0.000761
   -0.000020   -0.000269    0.000007   -0.000287    0.000007   -0.000269   -0.000020   -0.003207
    0.011400   -0.004651    0.000152   -0.003388    0.000152   -0.004651    0.011400   -8.127836
    0.011400    0.000127    0.000152   -0.000265    0.000152    0.000127    0.011400   -0.000413
   -0.000020   -0.000252    0.000007   -0.000290    0.000007   -0.000252   -0.000020   -0.000262
   -0.000020    0.000127    0.000007   -0.000265    0.000007    0.000127   -0.000020   -0.000413
    0.011400   -0.000269    0.000152   -0.000287    0.000152   -0.000269    0.011400   -0.003207

   -0.003207   -0.000020   -0.000269    0.000007   -0.000287    0.000007   -0.000269   -0.000020
   -0.000413    0.000135    0.000127    0.000006   -0.000265    0.000006    0.000127    0.000135
   -0.000262    0.000135   -0.000252    0.000006   -0.000290    0.000006   -0.000252    0.000135
   -0.000413   -0.000020    0.000127    0.000007   -0.000265    0.000007    0.000127   -0.000020
    0.000761   -0.000020    0.000778    0.000007    0.000656    0.000007    0.000778   -0.000020
   -0.000262    0.000135   -0.000252    0.000006   -0.000290    0.000006   -0.000252    0.000135
    0.000578    0.000135    0.000679    0.000006    0.000786    0.000006    0.000679    0.000135
   -0.000262   -0.000020   -0.000252    0.000007   -0.000290    0.000007   -0.000252   -0.000020
   -0.003207    0.011400   -0.000269    0.000152   -0.000287    0.000152   -0.000269    0.011400
   -0.000413   -0.000020    0.000127    0.000007   -0.000265    0.000007    0.000127   -0.000020
   -0.000262   -0.000020   -0.000252    0.000007   -0.000290    0.000007   -0.000252   -0.000020
   -0.000413    0.011400    0.000127    0.000152   -0.000265    0.000152    0.000127    0.011400
   -8.127836    0.011400   -0.004651    0.000152   -0.003388    0.000152   -0.004651    0.011400
   -0.003207   -0.000020   -0.000269    0.000007   -0.000287    0.000007   -0.000269   -0.000020
    0.000761   -0.000020    0.000778    0.000007    0.000656    0.000007    0.000778   -0.000020
   -0.003207    0.011400   -0.000269    0.000152   -0.000287    0.000152   -0.000269    0.011400

    0.011400   -0.003207    0.011400   -0.000269    0.000152   -0.000287    0.000152   -0.000269
    0.011400   -0.000413    0.011400    0.000127    0.000152   -0.000265    0.000152    0.000127
   -0.000020   -0.000262   -0.000020   -0.000252    0.000007   -0.000290    0.000007   -0.000252
   -0.000020   -0.000413   -0.000020    0.000127    0.000007   -0.000265    0.000007    0.000127
   -0.000020    0.000761   -0.000020    0.000778    0.000007    0.000656    0.000007    0.000778
   -0.000020   -0.000262   -0.000020   -0.000252    0.000007   -0.000290    0.000007   -0.000252
    0.000135    0.000578    0.000135    0.000679    0.000006    0.000786    0.000006    0.000679
    0.000135   -0.000262    0.000135   -0.000252    0.000006   -0.000290    0.000006   -0.000252
   -0.000020   -0.003207   -0.000020   -0.000269    0.000007   -0.000287    0.000007   -0.000269
   -0.000020   -0.000413   -0.000020    0.000127    0.000007   -0.000265    0.000007    0.000127
    0.000135   -0.000262    0.000135   -0.000252    0.000006   -0.000290    0.000006   -0.000252
    0.000135   -0.000413    0.000135    0.000127    0.000006   -0.000265    0.000006    0.000127
    0.011400   -8.127836    0.011400   -0.004651    0.000152   -0.003388    0.000152   -0.004651
    0.011400   -0.003207    0.011400   -0.000269    0.000152   -0.000287    0.000152   -0.000269
   -0.000020    0.000761   -0.000020    0.000778    0.000007    0.000656    0.000007    0.000778
   -0.000020   -0.003207   -0.000020   -0.000269    0.000007   -0.000287    0.000007   -0.000269

   -0.000269   -0.000020   -0.003207   -0.000020   -0.000269    0.000007   -0.000287    0.000007
    0.000127    0.000135   -0.000413    0.000135    0.000127    0.000006   -0.000265    0.000006
   -0.000252    0.000135   -0.000262    0.000135   -0.000252    0.000006   -0.000290    0.000006
    0.000127   -0.000020   -0.000413   -0.000020    0.000127    0.000007   -0.000265    0.000007
    0.000778   -0.000020    0.000761   -0.000020    0.000778    0.000007    0.000656    0.000007
   -0.000252    0.000135   -0.000262    0.000135   -0.000252    0.000006   -0.000290    0.000006
    0.000679    0.000135    0.000578    0.000135    0.000679    0.000006    0.000786    0.000006
   -0.000252   -0.000020   -0.000262   -0.000020   -0.000252    0.000007   -0.000290    0.000007
   -0.000269    0.011400   -0.003207    0.011400   -0.000269    0.000152   -0.000287    0.000152
    0.000127   -0.000020   -0.000413   -0.000020    0.000127    0.000007   -0.000265    0.000007
   -0.000252   -0.000020   -0.000262   -0.000020   -0.000252    0.000007   -0.000290    0.000007
    0.000127    0.011400   -0.000413    0.011400    0.000127    0.000152   -0.000265    0.000152
   -0.004651    0.011400   -8.127836    0.011400   -0.004651    0.000152   -0.003388    0.000152
   -0.000269   -0.000020   -0.003207   -0.000020   -0.000269    0.000007   -0.000287    0.000007
    0.000778   -0.000020    0.000761   -0.000020    0.000778    0.000007    0.000656    0.000007
   -0.000269    0.011400   -0.003207    0.011400   -0.000269    0.000152   -0.000287    0.000152

    0.000152   -0.000269    0.011400   -0.003207    0.011400   -0.000269    0.000152   -0.000287
    0.000152    0.000127    0.011400   -0.000413    0.011400    0.000127    0.000152   -0.000265
    0.000007   -0.000252   -0.000020   -0.000262   -0.000020   -0.000252    0.000007   -0.000290
    0.000007    0.000127   -0.000020   -0.000413   -0.000020    0.000127    0.000007   -0.000265
    0.000007    0.000778   -0.000020    0.000761   -0.000020    0.000778    0.000007    0.000656
    0.000007   -0.000252   -0.000020   -0.000262   -0.000020   -0.000252    0.000007   -0.000290
    0.000006    0.000679    0.000135    0.000578    0.000135    0.000679    0.000006    0.000786
    0.000006   -0.000252    0.000135   -0.000262    0.000135   -0.000252    0.000006   -0.000290
    0.000007   -0.000269   -0.000020   -0.003207   -0.000020   -0.000269    0.000007   -0.000287
    0.000007    0.000127   -0.000020   -0.000413   -0.000020    0.000127    0.000007   -0.000265
    0.000006   -0.000252    0.000135   -0.000262    0.000135   -0.000252    0.000006   -0.000290
    0.000006    0.000127    0.000135   -0.000413    0.000135    0.000127    0.000006   -0.000265
    0.000152   -0.004651    0.011400   -8.127836    0.011400   -0.004651    0.000152   -0.003388
    0.000152   -0.000269    0.011400   -0.003207    0.011400   -0.000269    0.000152   -0.000287
    0.000007    0.000778   -0.000020    0.000761   -0.000020    0.000778    0.000007    0.000656
    0.000007   -0.000269   -0.000020   -0.003207   -0.000020   -0.000269    0.000007   -0.000287

   -0.000287    0.000007   -0.000269   -0.000020   -0.003207   -0.000020   -0.000269    0.000007
   -0.000265    0.000006    0.000127    0.000135   -0.000413    0.000135    0.000127    0.000006
   -0.000290    0.000006   -0.000252    0.000135   -0.000262    0.000135   -0.000252    0.000006
   -0.000265    0.000007    0.000127   -0.000020   -0.000413   -0.000020    0.000127    0.000007
    0.000656    0.000007    0.000778   -0.000020    0.000761   -0.000020    0.000778    0.000007
   -0.000290    0.000006   -0.000252    0.000135   -0.000262    0.000135   -0.000252    0.000006
    0.000786    0.000006    0.000679    0.000135    0.000578    0.000135    0.000679    0.000006
   -0.000290    0.000007   -0.000252   -0.000020   -0.000262   -0.000020   -0.000252    0.000007
   -0.000287    0.000152   -0.000269    0.011400   -0.003207    0.011400   -0.000269    0.000152
   -0.000265    0.000007    0.000127   -0.000020   -0.000413   -0.000020    0.000127    0.000007
   -0.000290    0.000007   -0.000252   -0.000020   -0.000262   -0.000020   -0.000252    0.000007
   -0.000265    0.000152    0.000127    0.011400   -0.000413    0.011400    0.000127    0.000152
   -0.003388    0.000152   -0.004651    0.011400   -8.127836    0.011400   -0.004651    0.000152
   -0.000287    0.000007   -0.000269   -0.000020   -0.003207   -0.000020   -0.000269    0.000007
    0.000656    0.000007    0.000778   -0.000020    0.000761   -0.000020    0.000778    0.000007
   -0.000287    0.000152   -0.000269    0.011400   -0.003207    0.011400   -0.000269    0.000152

    0.000152   -0.000287    0.000152   -0.000269    0.011400   -0.003207    0.011400   -0.000269
    0.000152   -0.000265    0.000152    0.000127    0.011400   -0.000413    0.011400    0.000127
    0.000007   -0.000290    0.000007   -0.000252   -0.000020   -0.000262   -0.000020   -0.000252
    0.000007   -0.000265    0.000007    0.000127   -0.000020   -0.000413   -0.000020    0.000127
    0.000007    0.000656    0.000007    0.000778   -0.000020    0.000761   -0.000020    0.000778
    0.000007   -0.000290    0.000007   -0.000252   -0.000020   -0.000262   -0.000020   -0.000252
    0.000006    0.000786    0.000006    0.000679    0.000135    0.000578    0.000135    0.000679
    0.000006   -0.000290    0.000006   -0.000252    0.000135   -0.000262    0.000135   -0.000252
    0.000007   -0.000287    0.000007   -0.000269   -0.000020   -0.003207   -0.000020   -0.000269
    0.000007   -0.000265    0.000007    0.000127   -0.000020   -0.000413   -0.000020    0.000127
    0.000006   -0.000290    0.000006   -0.000252    0.000135   -0.000262    0.000135   -0.000252
    0.000006   -0.000265    0.000006    0.000127    0.000135   -0.000413    0.000135    0.000127
    0.000152   -0.003388    0.000152   -0.004651    0.011400   -8.127836    0.011400   -0.004651
    0.000152   -0.000287    0.000152   -0.000269    0.011400   -0.003207    0.011400   -0.000269
    0.000007    0.000656    0.000007    0.000778   -0.000020    0.000761   -0.000020    0.000778
    0.000007   -0.000287    0.000007   -0.000269   -0.000020   -0.003207   -0.000020   -0.000269

   -0.000269    0.000007   -0.000287    0.000007   -0.000269   -0.000020   -0.003207   -0.000020
    0.000127    0.000006   -0.000265    0.000006    0.000127    0.000135   -0.000413    0.000135
   -0.000252    0.000006   -0.000290    0.000006   -0.000252    0.000135   -0.000262    0.000135
    0.000127    0.000007   -0.000265    0.000007    0.000127   -0.000020   -0.000413   -0.000020
    0.000778    0.000007    0.000656    0.000007    0.000778   -0.000020    0.000761   -0.000020
   -0.000252    0.000006   -0.000290    0.000006   -0.000252    0.000135   -0.000262    0.000135
    0.000679    0.000006    0.000786    0.000006    0.000679    0.000135    0.000578    0.000135
   -0.000252    0.000007   -0.000290    0.000007   -0.000252   -0.000020   -0.000262   -0.000020
   -0.000269    0.000152   -0.000287    0.000152   -0.000269    0.011400   -0.003207    0.011400
    0.000127    0.000007   -0.000265    0.000007    0.000127   -0.000020   -0.000413   -0.000020
   -0.000252    0.000007   -0.000290    0.000007   -0.000252   -0.000020   -0.000262   -0.000020
    0.000127    0.000152   -0.000265    0.000152    0.000127    0.011400   -0.000413    0.011400
   -0.004651    0.000152   -0.003388    0.000152   -0.004651    0.011400   -8.127836    0.011400
   -0.000269    0.000007   -0.000287    0.000007   -0.000269   -0.000020   -0.003207   -0.000020
    0.000778    0.000007    0.000656    0.000007    0.000778   -0.000020    0.000761   -0.000020
   -0.000269    0.000152   -0.000287    0.000152   -0.000269    0.011400   -0.003207    0.011400

    0.011400   -0.000269    0.000152   -0.000287    0.000152   -0.000269    0.011400   -0.003207
    0.011400    0.000127    0.000152   -0.000265    0.000152    0.000127    0.011400   -0.000413
   -0.000020   -0.000252    0.000007   -0.000290    0.000007   -0.000252   -0.000020   -0.000262
   -0.000020    0.000127    0.000007   -0.000265    0.000007    0.000127   -0.000020   -0.000413
   -0.000020    0.000778    0.000007    0.000656    0.000007    0.000778   -0.000020    0.000761
   -0.000020   -0.000252    0.000007   -0.000290    0.000007   -0.000252   -0.000020   -0.000262
    0.000135    0.000679    0.000006    0.000786    0.000006    0.000679    0.000135    0.000578
    0.000135   -0.000252    0.000006   -0.000290    0.000006   -0.000252    0.000135   -0.000262
   -0.000020   -0.000269    0.000007   -0.000287    0.000007   -0.000269   -0.000020   -0.003207
   -0.000020    0.000127    0.000007   -0.000265    0.000007    0.000127   -0.000020   -0.000413
    0.000135   -0.000252    0.000006   -0.000290    0.000006   -0.000252    0.000135   -0.000262
    0.000135    0.000127    0.000006   -0.000265    0.000006    0.000127    0.000135   -0.000413
    0.011400   -0.004651    0.000152   -0.003388    0.000152   -0.004651    0.011400   -8.127836
    0.011400   -0.000269    0.000152   -0.000287    0.000152   -0.000269    0.011400   -0.003207
   -0.000020    0.000778    0.000007    0.000656    0.000007    0.000778   -0.000020    0.000761
   -0.000020   -0.000269    0.000007   -0.000287    0.000007   -0.000269   -0.000020   -0.003207

   -0.000413   -0.000020    0.000127    0.000007   -0.000265    0.000007    0.000127   -0.000020
   -0.003207   -0.000020   -0.000269    0.000007   -0.000287    0.000007   -0.000269   -0.000020
   -0.000413    0.000135    0.000127    0.000006   -0.000265    0.000006    0.000127    0.000135
   -0.000262    0.000135   -0.000252    0.000006   -0.000290    0.000006   -0.000252    0.000135
   -0.000262   -0.000020   -0.000252    0.000007   -0.000290    0.000007   -0.000252   -0.000020
    0.000761   -0.000020    0.000778    0.000007    0.000656    0.000007    0.000778   -0.000020
   -0.000262    0.000135   -0.000252    0.000006   -0.000290    0.000006   -0.000252    0.000135
    0.000578    0.000135    0.000679    0.000006    0.000786    0.000006    0.000679    0.000135
   -0.000413    0.011400    0.000127    0.000152   -0.000265    0.000152    0.000127    0.011400
   -0.003207    0.011400   -0.000269    0.000152   -0.000287    0.000152   -0.000269    0.011400
   -0.000413   -0.000020    0.000127    0.000007   -0.000265    0.000007    0.000127   -0.000020
   -0.000262   -0.000020   -0.000252    0.000007   -0.000290    0.000007   -0.000252   -0.000020
   -0.003207    0.011400   -0.000269    0.000152   -0.000287    0.000152   -0.000269    0.011400
   -8.127836    0.011400   -0.004651    0.000152   -0.003388    0.000152   -0.004651    0.011400
   -0.003207   -0.000020   -0.000269    0.000007   -0.000287    0.000007   -0.000269   -0.000020
    0.000761   -0.000020    0.000778    0.000007    0.000656    0.000007    0.000778   -0.000020

   -0.000020   -0.000413   -0.000020    0.000127    0.000007   -0.000265    0.000007    0.000127
    0.011400   -0.003207    0.011400   -0.000269    0.000152   -0.000287    0.000152   -0.000269
    0.011400   -0.000413    0.011400    0.000127    0.000152   -0.000265    0.000152    0.000127
   -0.000020   -0.000262   -0.000020   -0.000252    0.000007   -0.000290    0.000007   -0.000252
    0.000135   -0.000262    0.000135   -0.000252    0.000006   -0.000290    0.000006   -0.000252
   -0.000020    0.000761   -0.000020    0.000778    0.000007    0.000656    0.000007    0.000778
   -0.000020   -0.000262   -0.000020   -0.000252    0.000007   -0.000290    0.000007   -0.000252
    0.000135    0.000578    0.000135    0.000679    0.000006    0.000786    0.000006    0.000679
    0.000135   -0.000413    0.000135    0.000127    0.000006   -0.000265    0.000006    0.000127
   -0.000020   -0.003207   -0.000020   -0.000269    0.000007   -0.000287    0.000007   -0.000269
   -0.000020   -0.000413   -0.000020    0.000127    0.000007   -0.000265    0.000007    0.000127
    0.000135   -0.000262    0.000135   -0.000252    0.000006   -0.000290    0.000006   -0.000252
   -0.000020   -0.003207   -0.000020   -0.000269    0.000007   -0.000287    0.000007   -0.000269
    0.011400   -8.127836    0.011400   -0.004651    0.000152   -0.003388    0.000152   -0.004651
    0.011400   -0.003207    0.011400   -0.000269    0.000152   -0.000287    0.000152   -0.000269
   -0.000020    0.000761   -0.000020    0.000778    0.000007    0.000656    0.000007    0.000778

    0.000127   -0.000020   -0.000413   -0.000020    0.000127    0.000007   -0.000265    0.000007
   -0.000269   -0.000020   -0.003207   -0.000020   -0.000269    0.000007   -0.000287    0.000007
    0.000127    0.000135   -0.000413    0.000135    0.000127    0.000006   -0.000265    0.000006
   -0.000252    0.000135   -0.000262    0.000135   -0.000252    0.000006   -0.000290    0.000006
   -0.000252   -0.000020   -0.000262   -0.000020   -0.000252    0.000007   -0.000290    0.000007
    0.000778   -0.000020    0.000761   -0.000020    0.000778    0.000007    0.000656    0.000007
   -0.000252    0.000135   -0.000262    0.000135   -0.000252    0.000006   -0.000290    0.000006
    0.000679    0.000135    0.000578    0.000135    0.000679    0.000006    0.000786    0.000006
    0.000127    0.011400   -0.000413    0.011400    0.000127    0.000152   -0.000265    0.000152
   -0.000269    0.011400   -0.003207    0.011400   -0.000269    0.000152   -0.000287    0.000152
    0.000127   -0.000020   -0.000413   -0.000020    0.000127    0.000007   -0.000265    0.000007
   -0.000252   -0.000020   -0.000262   -0.000020   -0.000252    0.000007   -0.000290    0.000007
   -0.000269    0.011400   -0.003207    0.011400   -0.000269    0.000152   -0.000287    0.000152
   -0.004651    0.011400   -8.127836    0.011400   -0.004651    0.000152   -0.003388    0.000152
   -0.000269   -0.000020   -0.003207   -0.000020   -0.000269    0.000007   -0.000287    0.000007
    0.000778   -0.000020    0.000761   -0.000020    0.000778    0.000007    0.000656    0.000007

    0.000007    0.000127   -0.000020   -0.000413   -0.000020    0.000127    0.000007   -0.000265
    0.000152   -0.000269    0.011400   -0.003207    0.011400   -0.000269    0.000152   -0.000287
    0.000152    0.000127    0.011400   -0.000413    0.011400    0.000127    0.000152   -0.000265
    0.000007   -0.000252   -0.000020   -0.000262   -0.000020   -0.000252    0.000007   -0.000290
    0.000006   -0.000252    0.000135   -0.000262    0.000135   -0.000252    0.000006   -0.000290
    0.000007    0.000778   -0.000020    0.000761   -0.000020    0.000778    0.000007    0.000656
    0.000007   -0.000252   -0.000020   -0.000262   -0.000020   -0.000252    0.000007   -0.000290
    0.000006    0.000679    0.000135    0.000578    0.000135    0.000679    0.000006    0.000786
    0.000006    0.000127    0.000135   -0.000413    0.000135    0.000127    0.000006   -0.000265
    0.000007   -0.000269   -0.000020   -0.003207   -0.000020   -0.000269    0.000007   -0.000287
    0.000007    0.000127   -0.000020   -0.000413   -0.000020    0.000127    0.000007   -0.000265
    0.000006   -0.000252    0.000135   -0.000262    0.000135   -0.000252    0.000006   -0.000290
    0.000007   -0.000269   -0.000020   -0.003207   -0.000020   -0.000269    0.000007   -0.000287
    0.000152   -0.004651    0.011400   -8.127836    0.011400   -0.004651    0.000152   -0.003388
    0.000152   -0.000269    0.011400   -0.003207    0.011400   -0.000269    0.000152   -0.000287
    0.000007    0.000778   -0.000020    0.000761   -0.000020    0.000778    0.000007    0.000656

   -0.000265    0.000007    0.000127   -0.000020   -0.000413   -0.000020    0.000127    0.000007
   -0.000287    0.000007   -0.000269   -0.000020   -0.003207   -0.000020   -0.000269    0.000007
   -0.000265    0.000006    0.000127    0.000135   -0.000413    0.000135    0.000127    0.000006
   -0.000290    0.000006   -0.000252    0.000135   -0.000262    0.000135   -0.000252    0.000006
   -0.000290    0.000007   -0.000252   -0.000020   -0.000262   -0.000020   -0.000252    0.000007
    0.000656    0.000007    0.000778   -0.000020    0.000761   -0.000020    0.000778    0.000007
   -0.000290    0.000006   -0.000252    0.000135   -0.000262    0.000135   -0.000252    0.000006
    0.000786    0.000006    0.000679    0.000135    0.000578    0.000135    0.000679    0.000006
   -0.000265    0.000152    0.000127    0.011400   -0.000413    0.011400    0.000127    0.000152
   -0.000287    0.000152   -0.000269    0.011400   -0.003207    0.011400   -0.000269    0.000152
   -0.000265    0.000007    0.000127   -0.000020   -0.000413   -0.000020    0.000127    0.000007
   -0.000290    0.000007   -0.000252   -0.000020   -0.000262   -0.000020   -0.000252    0.000007
   -0.000287    0.000152   -0.000269    0.011400   -0.003207    0.011400   -0.000269    0.000152
   -0.003388    0.000152   -0.004651    0.011400   -8.127836    0.011400   -0.004651    0.000152
   -0.000287    0.000007   -0.000269   -0.000020   -0.003207   -0.000020   -0.000269    0.000007
    0.000656    0.000007    0.000778   -0.000020    0.000761   -0.000020    0.000778    0.000007

    0.000007   -0.000265    0.000007    0.000127   -0.000020   -0.000413   -0.000020    0.000127
    0.000152   -0.000287    0.000152   -0.000269    0.011400   -0.003207    0.011400   -0.000269
    0.000152   -0.000265    0.000152    0.000127    0.011400   -0.000413    0.011400    0.000127
    0.000007   -0.000290    0.000007   -0.000252   -0.000020   -0.000262   -0.000020   -0.000252
    0.000006   -0.000290    0.000006   -0.000252    0.000135   -0.000262    0.000135   -0.000252
    0.000007    0.000656    0.000007    0.000778   -0.000020    0.000761   -0.000020    0.000778
    0.000007   -0.000290    0.000007   -0.000252   -0.000020   -0.000262   -0.000020   -0.000252
    0.000006    0.000786    0.000006    0.000679    0.000135    0.000578    0.000135    0.000679
    0.000006   -0.000265    0.000006    0.000127    0.000135   -0.000413    0.000135    0.000127
    0.000007   -0.000287    0.000007   -0.000269   -0.000020   -0.003207   -0.000020   -0.000269
    0.000007   -0.000265    0.000007    0.000127   -0.000020   -0.000413   -0.000020    0.000127
    0.000006   -0.000290    0.000006   -0.000252    0.000135   -0.000262    0.000135   -0.000252
    0.000007   -0.000287    0.000007   -0.000269   -0.000020   -0.003207   -0.000020   -0.000269
    0.000152   -0.003388    0.000152   -0.004651    0.011400   -8.127836    0.011400   -0.004651
    0.000152   -0.000287    0.000152   -0.000269    0.011400   -0.003207    0.011400   -0.000269
    0.000007    0.000656    0.000007    0.000778   -0.000020    0.000761   -0.000020    0.000778

    0.000127    0.000007   -0.000265    0.000007    0.000127   -0.000020   -0.000413   -0.000020
   -0.000269    0.000007   -0.000287    0.000007   -0.000269   -0.000020   -0.003207   -0.000020
    0.000127    0.000006   -0.000265    0.000006    0.000127    0.000135   -0.000413    0.000135
   -0.000252    0.000006   -0.000290    0.000006   -0.000252    0.000135   -0.000262    0.000135
   -0.000252    0.000007   -0.000290    0.000007   -0.000252   -0.000020   -0.000262   -0.000020
    0.000778    0.000007    0.000656    0.000007    0.000778   -0.000020    0.000761   -0.000020
   -0.000252    0.000006   -0.000290    0.000006   -0.000252    0.000135   -0.000262    0.000135
    0.000679    0.000006    0.000786    0.000006    0.000679    0.000135    0.000578    0.000135
    0.000127    0.000152   -0.000265    0.000152    0.000127    0.011400   -0.000413    0.011400
   -0.000269    0.000152   -0.000287    0.000152   -0.000269    0.011400   -0.003207    0.011400
    0.000127    0.000007   -0.000265    0.000007    0.000127   -0.000020   -0.000413   -0.000020
   -0.000252    0.000007   -0.000290    0.000007   -0.000252   -0.000020   -0.000262   -0.000020
   -0.000269    0.000152   -0.000287    0.000152   -0.000269    0.011400   -0.003207    0.011400
   -0.004651    0.000152   -0.003388    0.000152   -0.004651    0.011400   -8.127836    0.011400
   -0.000269    0.000007   -0.000287    0.000007   -0.000269   -0.000020   -0.003207   -0.000020
    0.000778    0.000007    0.000656    0.000007    0.000778   -0.000020    0.000761   -0.000020

   -0.000020    0.000127    0.000007   -0.000265    0.000007    0.000127   -0.000020   -0.000413
    0.011400   -0.000269    0.000152   -0.000287    0.000152   -0.000269    0.011400   -0.003207
    0.011400    0.000127    0.000152   -0.000265    0.000152    0.000127    0.011400   -0.000413
   -0.000020   -0.000252    0.000007   -0.000290    0.000007   -0.000252   -0.000020   -0.000262
    0.000135   -0.000252    0.000006   -0.000290    0.000006   -0.000252    0.000135   -0.000262
   -0.000020    0.000778    0.000007    0.000656    0.000007    0.000778   -0.000020    0.000761
   -0.000020   -0.000252    0.000007   -0.000290    0.000007   -0.000252   -0.000020   -0.000262
    0.000135    0.000679    0.000006    0.000786    0.000006    0.000679    0.000135    0.000578
    0.000135    0.000127    0.000006   -0.000265    0.000006    0.000127    0.000135   -0.000413
   -0.000020   -0.000269    0.000007   -0.000287    0.000007   -0.000269   -0.000020   -0.003207
   -0.000020    0.000127    0.000007   -0.000265    0.000007    0.000127   -0.000020   -0.000413
    0.000135   -0.000252    0.000006   -0.000290    0.000006   -0.000252    0.000135   -0.000262
   -0.000020   -0.000269    0.000007   -0.000287    0.000007   -0.000269   -0.000020   -0.003207
    0.011400   -0.004651    0.000152   -0.003388    0.000152   -0.004651    0.011400   -8.127836
    0.011400   -0.000269    0.000152   -0.000287    0.000152   -0.000269    0.011400   -0.003207
   -0.000020    0.000778    0.000007    0.000656    0.000007    0.000778   -0.000020    0.000761

   -0.000262    0.000135   -0.000252    0.000006   -0.000290    0.000006   -0.000252    0.000135
   -0.000413   -0.000020    0.000127    0.000007   -0.000265    0.000007    0.000127   -0.000020
   -0.003207   -0.000020   -0.000269    0.000007   -0.000287    0.000007   -0.000269   -0.000020
   -0.000413    0.000135    0.000127    0.000006   -0.000265    0.000006    0.000127    0.000135
    0.000578    0.000135    0.000679    0.000006    0.000786    0.000006    0.000679    0.000135
   -0.000262   -0.000020   -0.000252    0.000007   -0.000290    0.000007   -0.000252   -0.000020
    0.000761   -0.000020    0.000778    0.000007    0.000656    0.000007    0.000778   -0.000020
   -0.000262    0.000135   -0.000252    0.000006   -0.000290    0.000006   -0.000252    0.000135
   -0.000262   -0.000020   -0.000252    0.000007   -0.000290    0.000007   -0.000252   -0.000020
   -0.000413    0.011400    0.000127    0.000152   -0.000265    0.000152    0.000127    0.011400
   -0.003207    0.011400   -0.000269    0.000152   -0.000287    0.000152   -0.000269    0.011400
   -0.000413   -0.000020    0.000127    0.000007   -0.000265    0.000007    0.000127   -0.000020
    0.000761   -0.000020    0.000778    0.000007    0.000656    0.000007    0.000778   -0.000020
   -0.003207    0.011400   -0.000269    0.000152   -0.000287    0.000152   -0.000269    0.011400
   -8.127836    0.011400   -0.004651    0.000152   -0.003388    0.000152   -0.004651    0.011400
   -0.003207   -0.000020   -0.000269    0.000007   -0.000287    0.000007   -0.000269   -0.000020

   -0.000020   -0.000262   -0.000020   -0.000252    0.000007   -0.000290    0.000007   -0.000252
   -0.000020   -0.000413   -0.000020    0.000127    0.000007   -0.000265    0.000007    0.000127
    0.011400   -0.003207    0.011400   -0.000269    0.000152   -0.000287    0.000152   -0.000269
    0.011400   -0.000413    0.011400    0.000127    0.000152   -0.000265    0.000152    0.000127
    0.000135    0.000578    0.000135    0.000679    0.000006    0.000786    0.000006    0.000679
    0.000135   -0.000262    0.000135   -0.000252    0.000006   -0.000290    0.000006   -0.000252
   -0.000020    0.000761   -0.000020    0.000778    0.000007    0.000656    0.000007    0.000778
   -0.000020   -0.000262   -0.000020   -0.000252    0.000007   -0.000290    0.000007   -0.000252
    0.000135   -0.000262    0.000135   -0.000252    0.000006   -0.000290    0.000006   -0.000252
    0.000135   -0.000413    0.000135    0.000127    0.000006   -0.000265    0.000006    0.000127
   -0.000020   -0.003207   -0.000020   -0.000269    0.000007   -0.000287    0.000007   -0.000269
   -0.000020   -0.000413   -0.000020    0.000127    0.000007   -0.000265    0.000007    0.000127
   -0.000020    0.000761   -0.000020    0.000778    0.000007    0.000656    0.000007    0.000778
   -0.000020   -0.003207   -0.000020   -0.000269    0.000007   -0.000287    0.000007   -0.000269
    0.011400   -8.127836    0.011400   -0.004651    0.000152   -0.003388    0.000152   -0.004651
    0.011400   -0.003207    0.011400   -0.000269    0.000152   -0.000287    0.000152   -0.000269

   -0.000252    0.000135   -0.000262    0.000135   -0.000252    0.000006   -0.000290    0.000006
    0.000127   -0.000020   -0.000413   -0.000020    0.000127    0.000007   -0.000265    0.000007
   -0.000269   -0.000020   -0.003207   -0.000020   -0.000269    0.000007   -0.000287    0.000007
    0.000127    0.000135   -0.000413    0.000135    0.000127    0.000006   -0.000265    0.000006
    0.000679    0.000135    0.000578    0.000135    0.000679    0.000006    0.000786    0.000006
   -0.000252   -0.000020   -0.000262   -0.000020   -0.000252    0.000007   -0.000290    0.000007
    0.000778   -0.000020    0.000761   -0.000020    0.000778    0.000007    0.000656    0.000007
   -0.000252    0.000135   -0.000262    0.000135   -0.000252    0.000006   -0.000290    0.000006
   -0.000252   -0.000020   -0.000262   -0.000020   -0.000252    0.000007   -0.000290    0.000007
    0.000127    0.011400   -0.000413    0.011400    0.000127    0.000152   -0.000265    0.000152
   -0.000269    0.011400   -0.003207    0.011400   -0.000269    0.000152   -0.000287    0.000152
    0.000127   -0.000020   -0.000413   -0.000020    0.000127    0.000007   -0.000265    0.000007
    0.000778   -0.000020    0.000761   -0.000020    0.000778    0.000007    0.000656    0.000007
   -0.000269    0.011400   -0.003207    0.011400   -0.000269    0.000152   -0.000287    0.000152
   -0.004651    0.011400   -8.127836    0.011400   -0.004651    0.000152   -0.003388    0.000152
   -0.000269   -0.000020   -0.003207   -0.000020   -0.000269    0.000007   -0.000287    0.000007

    0.000007   -0.000252   -0.000020   -0.000262   -0.000020   -0.000252    0.000007   -0.000290
    0.000007    0.000127   -0.000020   -0.000413   -0.000020    0.000127    0.000007   -0.000265
    0.000152   -0.000269    0.011400   -0.003207    0.011400   -0.000269    0.000152   -0.000287
    0.000152    0.000127    0.011400   -0.000413    0.011400    0.000127    0.000152   -0.000265
    0.000006    0.000679    0.000135    0.000578    0.000135    0.000679    0.000006    0.000786
    0.000006   -0.000252    0.000135   -0.000262    0.000135   -0.000252    0.000006   -0.000290
    0.000007    0.000778   -0.000020    0.000761   -0.000020    0.000778    0.000007    0.000656
    0.000007   -0.000252   -0.000020   -0.000262   -0.000020   -0.000252    0.000007   -0.000290
    0.000006   -0.000252    0.000135   -0.000262    0.000135   -0.000252    0.000006   -0.000290
    0.000006    0.000127    0.000135   -0.000413    0.000135    0.000127    0.000006   -0.000265
    0.000007   -0.000269   -0.000020   -0.003207   -0.000020   -0.000269    0.000007   -0.000287
    0.000007    0.000127   -0.000020   -0.000413   -0.000020    0.000127    0.000007   -0.000265
    0.000007    0.000778   -0.000020    0.000761   -0.000020    0.000778    0.000007    0.000656
    0.000007   -0.000269   -0.000020   -0.003207   -0.000020   -0.000269    0.000007   -0.000287
    0.000152   -0.004651    0.011400   -8.127836    0.011400   -0.004651    0.000152   -0.003388
    0.000152   -0.000269    0.011400   -0.003207    0.011400   -0.000269    0.000152   -0.000287

   -0.000290    0.000006   -0.000252    0.000135   -0.000262    0.000135   -0.000252    0.000006
   -0.000265    0.000007    0.000127   -0.000020   -0.000413   -0.000020    0.000127    0.000007
   -0.000287    0.000007   -0.000269   -0.000020   -0.003207   -0.000020   -0.000269    0.000007
   -0.000265    0.000006    0.000127    0.000135   -0.000413    0.000135    0.000127    0.000006
    0.000786    0.000006    0.000679    0.000135    0.000578    0.000135    0.000679    0.000006
   -0.000290    0.000007   -0.000252   -0.000020   -0.000262   -0.000020   -0.000252    0.000007
    0.000656    0.000007    0.000778   -0.000020    0.000761   -0.000020    0.000778    0.000007
   -0.000290    0.000006   -0.000252    0.000135   -0.000262    0.000135   -0.000252    0.000006
   -0.000290    0.000007   -0.000252   -0.000020   -0.000262   -0.000020   -0.000252    0.000007
   -0.000265    0.000152    0.000127    0.011400   -0.000413    0.011400    0.000127    0.000152
   -0.000287    0.000152   -0.000269    0.011400   -0.003207    0.011400   -0.000269    0.000152
   -0.000265    0.000007    0.000127   -0.000020   -0.000413   -0.000020    0.000127    0.000007
    0.000656    0.000007    0.000778   -0.000020    0.000761   -0.000020    0.000778    0.000007
   -0.000287    0.000152   -0.000269    0.011400   -0.003207    0.011400   -0.000269    0.000152
   -0.003388    0.000152   -0.004651    0.011400   -8.127836    0.011400   -0.004651    0.000152
   -0.000287    0.000007   -0.000269   -0.000020   -0.003207   -0.000020   -0.000269    0.000007

    0.000007   -0.000290    0.000007   -0.000252   -0.000020   -0.000262   -0.000020   -0.000252
    0.000007   -0.000265    0.000007    0.000127   -0.000020   -0.000413   -0.000020    0.000127
    0.000152   -0.000287    0.000152   -0.000269    0.011400   -0.003207    0.011400   -0.000269
    0.000152   -0.000265    0.000152    0.000127    0.011400   -0.000413    0.011400    0.000127
    0.000006    0.000786    0.000006    0.000679    0.000135    0.000578    0.000135    0.000679
    0.000006   -0.000290    0.000006   -0.000252    0.000135   -0.000262    0.000135   -0.000252
    0.000007    0.000656    0.000007    0.000778   -0.000020    0.000761   -0.000020    0.000778
    0.000007   -0.000290    0.000007   -0.000252   -0.000020   -0.000262   -0.000020   -0.000252
    0.000006   -0.000290    0.000006   -0.000252    0.000135   -0.000262    0.000135   -0.000252
    0.000006   -0.000265    0.000006    0.000127    0.000135   -0.000413    0.000135    0.000127
    0.000007   -0.000287    0.000007   -0.000269   -0.000020   -0.003207   -0.000020   -0.000269
    0.000007   -0.000265    0.000007    0.000127   -0.000020   -0.000413   -0.000020    0.000127
    0.000007    0.000656    0.000007    0.000778   -0.000020    0.000761   -0.000020    0.000778
    0.000007   -0.000287    0.000007   -0.000269   -0.000020   -0.003207   -0.000020   -0.000269
    0.000152   -0.003388    0.000152   -0.004651    0.011400   -8.127836    0.011400   -0.004651
    0.000152   -0.000287    0.000152   -0.000269    0.011400   -0.003207    0.011400   -0.000269

   -0.000252    0.000006   -0.000290    0.000006   -0.000252    0.000135   -0.000262    0.000135
    0.000127    0.000007   -0.000265    0.000007    0.000127   -0.000020   -0.000413   -0.000020
   -0.000269    0.000007   -0.000287    0.000007   -0.000269   -0.000020   -0.003207   -0.000020
    0.000127    0.000006   -0.000265    0.000006    0.000127    0.000135   -0.000413    0.000135
    0.000679    0.000006    0.000786    0.000006    0.000679    0.000135    0.000578    0.000135
   -0.000252    0.000007   -0.000290    0.000007   -0.000252   -0.000020   -0.000262   -0.000020
    0.000778    0.000007    0.000656    0.000007    0.000778   -0.000020    0.000761   -0.000020
   -0.000252    0.000006   -0.000290    0.000006   -0.000252    0.000135   -0.000262    0.000135
   -0.000252    0.000007   -0.000290    0.000007   -0.000252   -0.000020   -0.000262   -0.000020
    0.000127    0.000152   -0.000265    0.000152    0.000127    0.011400   -0.000413    0.011400
   -0.000269    0.000152   -0.000287    0.000152   -0.000269    0.011400   -0.003207    0.011400
    0.000127    0.000007   -0.000265    0.000007    0.000127   -0.000020   -0.000413   -0.000020
    0.000778    0.000007    0.000656    0.000007    0.000778   -0.000020    0.000761   -0.000020
   -0.000269    0.000152   -0.000287    0.000152   -0.000269    0.011400   -0.003207    0.011400
   -0.004651    0.000152   -0.003388    0.000152   -0.004651    0.011400   -8.127836    0.011400
   -0.000269    0.000007   -0.000287    0.000007   -0.000269   -0.000020   -0.003207   -0.000020

   -0.000020   -0.000252    0.000007   -0.000290    0.000007   -0.000252   -0.000020   -0.000262
   -0.000020    0.000127    0.000007   -0.000265    0.000007    0.000127   -0.000020   -0.000413
    0.011400   -0.000269    0.000152   -0.000287    0.000152   -0.000269    0.011400   -0.003207
    0.011400    0.000127    0.000152   -0.000265    0.000152    0.000127    0.011400   -0.000413
    0.000135    0.000679    0.000006    0.000786    0.000006    0.000679    0.000135    0.000578
    0.000135   -0.000252    0.000006   -0.000290    0.000006   -0.000252    0.000135   -0.000262
   -0.000020    0.000778    0.000007    0.000656    0.000007    0.000778   -0.000020    0.000761
   -0.000020   -0.000252    0.000007   -0.000290    0.000007   -0.000252   -0.000020   -0.000262
    0.000135   -0.000252    0.000006   -0.000290    0.000006   -0.000252    0.000135   -0.000262
    0.000135    0.000127    0.000006   -0.000265    0.000006    0.000127    0.000135   -0.000413
   -0.000020   -0.000269    0.000007   -0.000287    0.000007   -0.000269   -0.000020   -0.003207
   -0.000020    0.000127    0.000007   -0.000265    0.000007    0.000127   -0.000020   -0.000413
   -0.000020    0.000778    0.000007    0.000656    0.000007    0.000778   -0.000020    0.000761
   -0.000020   -0.000269    0.000007   -0.000287    0.000007   -0.000269   -0.000020   -0.003207
    0.011400   -0.004651    0.000152   -0.003388    0.000152   -0.004651    0.011400   -8.127836
    0.011400   -0.000269    0.000152   -0.000287    0.000152   -0.000269    0.011400   -0.003207

   -0.000413    0.000135    0.000127    0.000006   -0.000265    0.000006    0.000127    0.000135
   -0.000262    0.000135   -0.000252    0.000006   -0.000290    0.000006   -0.000252    0.000135
   -0.000413   -0.000020    0.000127    0.000007   -0.000265    0.000007    0.000127   -0.000020
   -0.003207   -0.000020   -0.000269    0.000007   -0.000287    0.000007   -0.000269   -0.000020
   -0.000262    0.000135   -0.000252    0.000006   -0.000290    0.000006   -0.000252    0.000135
    0.000578    0.000135    0.000679    0.000006    0.000786    0.000006    0.000679    0.000135
   -0.000262   -0.000020   -0.000252    0.000007   -0.000290    0.000007   -0.000252   -0.000020
    0.000761   -0.000020    0.000778    0.000007    0.000656    0.000007    0.000778   -0.000020
   -0.000413   -0.000020    0.000127    0.000007   -0.000265    0.000007    0.000127   -0.000020
   -0.000262   -0.000020   -0.000252    0.000007   -0.000290    0.000007   -0.000252   -0.000020
   -0.000413    0.011400    0.000127    0.000152   -0.000265    0.000152    0.000127    0.011400
   -0.003207    0.011400   -0.000269    0.000152   -0.000287    0.000152   -0.000269    0.011400
   -0.003207   -0.000020   -0.000269    0.000007   -0.000287    0.000007   -0.000269   -0.000020
    0.000761   -0.000020    0.000778    0.000007    0.000656    0.000007    0.000778   -0.000020
   -0.003207    0.011400   -0.000269    0.000152   -0.000287    0.000152   -0.000269    0.011400
   -8.127836    0.011400   -0.004651    0.000152   -0.003388    0.000152   -0.004651    0.011400

    0.011400   -0.000413    0.011400    0.000127    0.000152   -0.000265    0.000152    0.000127
   -0.000020   -0.000262   -0.000020   -0.000252    0.000007   -0.000290    0.000007   -0.000252
   -0.000020   -0.000413   -0.000020    0.000127    0.000007   -0.000265    0.000007    0.000127
    0.011400   -0.003207    0.011400   -0.000269    0.000152   -0.000287    0.000152   -0.000269
   -0.000020   -0.000262   -0.000020   -0.000252    0.000007   -0.000290    0.000007   -0.000252
    0.000135    0.000578    0.000135    0.000679    0.000006    0.000786    0.000006    0.000679
    0.000135   -0.000262    0.000135   -0.000252    0.000006   -0.000290    0.000006   -0.000252
   -0.000020    0.000761   -0.000020    0.000778    0.000007    0.000656    0.000007    0.000778
   -0.000020   -0.000413   -0.000020    0.000127    0.000007   -0.000265    0.000007    0.000127
    0.000135   -0.000262    0.000135   -0.000252    0.000006   -0.000290    0.000006   -0.000252
    0.000135   -0.000413    0.000135    0.000127    0.000006   -0.000265    0.000006    0.000127
   -0.000020   -0.003207   -0.000020   -0.000269    0.000007   -0.000287    0.000007   -0.000269
    0.011400   -0.003207    0.011400   -0.000269    0.000152   -0.000287    0.000152   -0.000269
   -0.000020    0.000761   -0.000020    0.000778    0.000007    0.000656    0.000007    0.000778
   -0.000020   -0.003207   -0.000020   -0.000269    0.000007   -0.000287    0.000007   -0.000269
    0.011400   -8.127836    0.011400   -0.004651    0.000152   -0.003388    0.000152   -0.004651

    0.000127    0.000135   -0.000413    0.000135    0.000127    0.000006   -0.000265    0.000006
   -0.000252    0.000135   -0.000262    0.000135   -0.000252    0.000006   -0.000290    0.000006
    0.000127   -0.000020   -0.000413   -0.000020    0.000127    0.000007   -0.000265    0.000007
   -0.000269   -0.000020   -0.003207   -0.000020   -0.000269    0.000007   -0.000287    0.000007
   -0.000252    0.000135   -0.000262    0.000135   -0.000252    0.000006   -0.000290    0.000006
    0.000679    0.000135    0.000578    0.000135    0.000679    0.000006    0.000786    0.000006
   -0.000252   -0.000020   -0.000262   -0.000020   -0.000252    0.000007   -0.000290    0.000007
    0.000778   -0.000020    0.000761   -0.000020    0.000778    0.000007    0.000656    0.000007
    0.000127   -0.000020   -0.000413   -0.000020    0.000127    0.000007   -0.000265    0.000007
   -0.000252   -0.000020   -0.000262   -0.000020   -0.000252    0.000007   -0.000290    0.000007
    0.000127    0.011400   -0.000413    0.011400    0.000127    0.000152   -0.000265    0.000152
   -0.000269    0.011400   -0.003207    0.011400   -0.000269    0.000152   -0.000287    0.000152
   -0.000269   -0.000020   -0.003207   -0.000020   -0.000269    0.000007   -0.000287    0.000007
    0.000778   -0.000020    0.000761   -0.000020    0.000778    0.000007    0.000656    0.000007
   -0.000269    0.011400   -0.003207    0.011400   -0.000269    0.000152   -0.000287    0.000152
   -0.004651    0.011400   -8.127836    0.011400   -0.004651    0.000152   -0.003388    0.000152

    0.000152    0.000127    0.011400   -0.000413    0.011400    0.000127    0.000152   -0.000265
    0.000007   -0.000252   -0.000020   -0.000262   -0.000020   -0.000252    0.000007   -0.000290
    0.000007    0.000127   -0.000020   -0.000413   -0.000020    0.000127    0.000007   -0.000265
    0.000152   -0.000269    0.011400   -0.003207    0.011400   -0.000269    0.000152   -0.000287
    0.000007   -0.000252   -0.000020   -0.000262   -0.000020   -0.000252    0.000007   -0.000290
    0.000006    0.000679    0.000135    0.000578    0.000135    0.000679    0.000006    0.000786
    0.000006   -0.000252    0.000135   -0.000262    0.000135   -0.000252    0.000006   -0.000290
    0.000007    0.000778   -0.000020    0.000761   -0.000020    0.000778    0.000007    0.000656
    0.000007    0.000127   -0.000020   -0.000413   -0.000020    0.000127    0.000007   -0.000265
    0.000006   -0.000252    0.000135   -0.000262    0.000135   -0.000252    0.000006   -0.000290
    0.000006    0.000127    0.000135   -0.000413    0.000135    0.000127    0.000006   -0.000265
    0.000007   -0.000269   -0.000020   -0.003207   -0.000020   -0.000269    0.000007   -0.000287
    0.000152   -0.000269    0.011400   -0.003207    0.011400   -0.000269    0.000152   -0.000287
    0.000007    0.000778   -0.000020    0.000761   -0.000020    0.000778    0.000007    0.000656
    0.000007   -0.000269   -0.000020   -0.003207   -0.000020   -0.000269    0.000007   -0.000287
    0.000152   -0.004651    0.011400   -8.127836    0.011400   -0.004651    0.000152   -0.003388

   -0.000265    0.000006    0.000127    0.000135   -0.000413    0.000135    0.000127    0.000006
   -0.000290    0.000006   -0.000252    0.000135   -0.000262    0.000135   -0.000252    0.000006
   -0.000265    0.000007    0.000127   -0.000020   -0.000413   -0.000020    0.000127    0.000007
   -0.000287    0.000007   -0.000269   -0.000020   -0.003207   -0.000020   -0.000269    0.000007
   -0.000290    0.000006   -0.000252    0.000135   -0.000262    0.000135   -0.000252    0.000006
    0.000786    0.000006    0.000679    0.000135    0.000578    0.000135    0.000679    0.000006
   -0.000290    0.000007   -0.000252   -0.000020   -0.000262   -0.000020   -0.000252    0.000007
    0.000656    0.000007    0.000778   -0.000020    0.000761   -0.000020    0.000778    0.000007
   -0.000265    0.000007    0.000127   -0.000020   -0.000413   -0.000020    0.000127    0.000007
   -0.000290    0.000007   -0.000252   -0.000020   -0.000262   -0.000020   -0.000252    0.000007
   -0.000265    0.000152    0.000127    0.011400   -0.000413    0.011400    0.000127    0.000152
   -0.000287    0.000152   -0.000269    0.011400   -0.003207    0.011400   -0.000269    0.000152
   -0.000287    0.000007   -0.000269   -0.000020   -0.003207   -0.000020   -0.000269    0.000007
    0.000656    0.000007    0.000778   -0.000020    0.000761   -0.000020    0.000778    0.000007
   -0.000287    0.000152   -0.000269    0.011400   -0.003207    0.011400   -0.000269    0.000152
   -0.003388    0.000152   -0.004651    0.011400   -8.127836    0.011400   -0.004651    0.000152

    0.000152   -0.000265    0.000152    0.000127    0.011400   -0.000413    0.011400    0.000127
    0.000007   -0.000290    0.000007   -0.000252   -0.000020   -0.000262   -0.000020   -0.000252
    0.000007   -0.000265    0.000007    0.000127   -0.000020   -0.000413   -0.000020    0.000127
    0.000152   -0.000287    0.000152   -0.000269    0.011400   -0.003207    0.011400   -0.000269
    0.000007   -0.000290    0.000007   -0.000252   -0.000020   -0.000262   -0.000020   -0.000252
    0.000006    0.000786    0.000006    0.000679    0.000135    0.000578    0.000135    0.000679
    0.000006   -0.000290    0.000006   -0.000252    0.000135   -0.000262    0.000135   -0.000252
    0.000007    0.000656    0.000007    0.000778   -0.000020    0.000761   -0.000020    0.000778
    0.000007   -0.000265    0.000007    0.000127   -0.000020   -0.000413   -0.000020    0.000127
    0.000006   -0.000290    0.000006   -0.000252    0.000135   -0.000262    0.000135   -0.000252
    0.000006   -0.000265    0.000006    0.000127    0.000135   -0.000413    0.000135    0.000127
    0.000007   -0.000287    0.000007   -0.000269   -0.000020   -0.003207   -0.000020   -0.000269
    0.000152   -0.000287    0.000152   -0.000269    0.011400   -0.003207    0.011400   -0.000269
    0.000007    0.000656    0.000007    0.000778   -0.000020    0.000761   -0.000020    0.000778
    0.000007   -0.000287    0.000007   -0.000269   -0.000020   -0.003207   -0.000020   -0.000269
    0.000152   -0.003388    0.000152   -0.004651    0.011400   -8.127836    0.011400   -0.004651

    0.000127    0.000006   -0.000265    0.000006    0.000127    0.000135   -0.000413    0.000135
   -0.000252    0.000006   -0.000290    0.000006   -0.000252    0.000135   -0.000262    0.000135
    0.000127    0.000007   -0.000265    0.000007    0.000127   -0.000020   -0.000413   -0.000020
   -0.000269    0.000007   -0.000287    0.000007   -0.000269   -0.000020   -0.003207   -0.000020
   -0.000252    0.000006   -0.000290    0.000006   -0.000252    0.000135   -0.000262    0.000135
    0.000679    0.000006    0.000786    0.000006    0.000679    0.000135    0.000578    0.000135
   -0.000252    0.000007   -0.000290    0.000007   -0.000252   -0.000020   -0.000262   -0.000020
    0.000778    0.000007    0.000656    0.000007    0.000778   -0.000020    0.000761   -0.000020
    0.000127    0.000007   -0.000265    0.000007    0.000127   -0.000020   -0.000413   -0.000020
   -0.000252    0.000007   -0.000290    0.000007   -0.000252   -0.000020   -0.000262   -0.000020
    0.000127    0.000152   -0.000265    0.000152    0.000127    0.011400   -0.000413    0.011400
   -0.000269    0.000152   -0.000287    0.000152   -0.000269    0.011400   -0.003207    0.011400
   -0.000269    0.000007   -0.000287    0.000007   -0.000269   -0.000020   -0.003207   -0.000020
    0.000778    0.000007    0.000656    0.000007    0.000778   -0.000020    0.000761   -0.000020
   -0.000269    0.000152   -0.000287    0.000152   -0.000269    0.011400   -0.003207    0.011400
   -0.004651    0.000152   -0.003388    0.000152   -0.004651    0.011400   -8.127836    0.011400

    0.011400    0.000127    0.000152   -0.000265    0.000152    0.000127    0.011400   -0.000413
   -0.000020   -0.000252    0.000007   -0.000290    0.000007   -0.000252   -0.000020   -0.000262
   -0.000020    0.000127    0.000007   -0.000265    0.000007    0.000127   -0.000020   -0.000413
    0.011400   -0.000269    0.000152   -0.000287    0.000152   -0.000269    0.011400   -0.003207
   -0.000020   -0.000252    0.000007   -0.000290    0.000007   -0.000252   -0.000020   -0.000262
    0.000135    0.000679    0.000006    0.000786    0.000006    0.000679    0.000135    0.000578
    0.000135   -0.000252    0.000006   -0.000290    0.000006   -0.000252    0.000135   -0.000262
   -0.000020    0.000778    0.000007    0.000656    0.000007    0.000778   -0.000020    0.000761
   -0.000020    0.000127    0.000007   -0.000265    0.000007    0.000127   -0.000020   -0.000413
    0.000135   -0.000252    0.000006   -0.000290    0.000006   -0.000252    0.000135   -0.000262
    0.000135    0.000127    0.000006   -0.000265    0.000006    0.000127    0.000135   -0.000413
   -0.000020   -0.000269    0.000007   -0.000287    0.000007   -0.000269   -0.000020   -0.003207
    0.011400   -0.000269    0.000152   -0.000287    0.000152   -0.000269    0.011400   -0.003207
   -0.000020    0.000778    0.000007    0.000656    0.000007    0.000778   -0.000020    0.000761
   -0.000020   -0.000269    0.000007   -0.000287    0.000007   -0.000269   -0.000020   -0.003207
    0.011400   -0.004651    0.000152   -0.003388    0.000152   -0.004651    0.011400   -8.127836


         Hubbard matrix :
    5.674098   -0.021936   -0.019675   -0.001867   -0.000725   -0.001867   -0.019675   -0.021936
    0.001116   -0.000099   -0.001434   -0.000175   -0.000126   -0.000175   -0.001434   -0.000099
   -0.000793   -0.000099   -0.000821   -0.000175   -0.000764   -0.000175   -0.000821   -0.000099
    0.001116   -0.021936   -0.001434   -0.001867   -0.000126   -0.001867   -0.001434   -0.021936
    0.001116   -0.000099   -0.001434   -0.000175   -0.000126   -0.000175   -0.001434   -0.000099
   -0.000899   -0.000299   -0.000817   -0.000065   -0.000021   -0.000065   -0.000817   -0.000299
    0.000239   -0.000299    0.000222   -0.000065    0.000246   -0.000065    0.000222   -0.000299
   -0.000899   -0.000099   -0.000817   -0.000175   -0.000021   -0.000175   -0.000817   -0.000099
   -0.000793   -0.000099   -0.000821   -0.000175   -0.000764   -0.000175   -0.000821   -0.000099
    0.000239   -0.000299    0.000222   -0.000065    0.000246   -0.000065    0.000222   -0.000299
   -0.000693   -0.000299   -0.000747   -0.000065   -0.000815   -0.000065   -0.000747   -0.000299
    0.000239   -0.000099    0.000222   -0.000175    0.000246   -0.000175    0.000222   -0.000099
    0.001116   -0.021936   -0.001434   -0.001867   -0.000126   -0.001867   -0.001434   -0.021936
   -0.000899   -0.000099   -0.000817   -0.000175   -0.000021   -0.000175   -0.000817   -0.000099
    0.000239   -0.000099    0.000222   -0.000175    0.000246   -0.000175    0.000222   -0.000099
   -0.000899   -0.021936   -0.000817   -0.001867   -0.000021   -0.001867   -0.000817   -0.021936

   -0.021936    5.674098   -0.021936   -0.019675   -0.001867   -0.000725   -0.001867   -0.019675
   -0.021936    0.001116   -0.021936   -0.001434   -0.001867   -0.000126   -0.001867   -0.001434
   -0.000099   -0.000793   -0.000099   -0.000821   -0.000175   -0.000764   -0.000175   -0.000821
   -0.000099    0.001116   -0.000099   -0.001434   -0.000175   -0.000126   -0.000175   -0.001434
   -0.021936    0.001116   -0.021936   -0.001434   -0.001867   -0.000126   -0.001867   -0.001434
   -0.021936   -0.000899   -0.021936   -0.000817   -0.001867   -0.000021   -0.001867   -0.000817
   -0.000099    0.000239   -0.000099    0.000222   -0.000175    0.000246   -0.000175    0.000222
   -0.000099   -0.000899   -0.000099   -0.000817   -0.000175   -0.000021   -0.000175   -0.000817
   -0.000099   -0.000793   -0.000099   -0.000821   -0.000175   -0.000764   -0.000175   -0.000821
   -0.000099    0.000239   -0.000099    0.000222   -0.000175    0.000246   -0.000175    0.000222
   -0.000299   -0.000693   -0.000299   -0.000747   -0.000065   -0.000815   -0.000065   -0.000747
   -0.000299    0.000239   -0.000299    0.000222   -0.000065    0.000246   -0.000065    0.000222
   -0.000099    0.001116   -0.000099   -0.001434   -0.000175   -0.000126   -0.000175   -0.001434
   -0.000099   -0.000899   -0.000099   -0.000817   -0.000175   -0.000021   -0.000175   -0.000817
   -0.000299    0.000239   -0.000299    0.000222   -0.000065    0.000246   -0.000065    0.000222
   -0.000299   -0.000899   -0.000299   -0.000817   -0.000065   -0.000021   -0.000065   -0.000817

   -0.019675   -0.021936    5.674098   -0.021936   -0.019675   -0.001867   -0.000725   -0.001867
   -0.001434   -0.000099    0.001116   -0.000099   -0.001434   -0.000175   -0.000126   -0.000175
   -0.000821   -0.000099   -0.000793   -0.000099   -0.000821   -0.000175   -0.000764   -0.000175
   -0.001434   -0.021936    0.001116   -0.021936   -0.001434   -0.001867   -0.000126   -0.001867
   -0.001434   -0.000099    0.001116   -0.000099   -0.001434   -0.000175   -0.000126   -0.000175
   -0.000817   -0.000299   -0.000899   -0.000299   -0.000817   -0.000065   -0.000021   -0.000065
    0.000222   -0.000299    0.000239   -0.000299    0.000222   -0.000065    0.000246   -0.000065
   -0.000817   -0.000099   -0.000899   -0.000099   -0.000817   -0.000175   -0.000021   -0.000175
   -0.000821   -0.000099   -0.000793   -0.000099   -0.000821   -0.000175   -0.000764   -0.000175
    0.000222   -0.000299    0.000239   -0.000299    0.000222   -0.000065    0.000246   -0.000065
   -0.000747   -0.000299   -0.000693   -0.000299   -0.000747   -0.000065   -0.000815   -0.000065
    0.000222   -0.000099    0.000239   -0.000099    0.000222   -0.000175    0.000246   -0.000175
   -0.001434   -0.021936    0.001116   -0.021936   -0.001434   -0.001867   -0.000126   -0.001867
   -0.000817   -0.000099   -0.000899   -0.000099   -0.000817   -0.000175   -0.000021   -0.000175
    0.000222   -0.000099    0.000239   -0.000099    0.000222   -0.000175    0.000246   -0.000175
   -0.000817   -0.021936   -0.000899   -0.021936   -0.000817   -0.001867   -0.000021   -0.001867

   -0.001867   -0.019675   -0.021936    5.674098   -0.021936   -0.019675   -0.001867   -0.000725
   -0.001867   -0.001434   -0.021936    0.001116   -0.021936   -0.001434   -0.001867   -0.000126
   -0.000175   -0.000821   -0.000099   -0.000793   -0.000099   -0.000821   -0.000175   -0.000764
   -0.000175   -0.001434   -0.000099    0.001116   -0.000099   -0.001434   -0.000175   -0.000126
   -0.001867   -0.001434   -0.021936    0.001116   -0.021936   -0.001434   -0.001867   -0.000126
   -0.001867   -0.000817   -0.021936   -0.000899   -0.021936   -0.000817   -0.001867   -0.000021
   -0.000175    0.000222   -0.000099    0.000239   -0.000099    0.000222   -0.000175    0.000246
   -0.000175   -0.000817   -0.000099   -0.000899   -0.000099   -0.000817   -0.000175   -0.000021
   -0.000175   -0.000821   -0.000099   -0.000793   -0.000099   -0.000821   -0.000175   -0.000764
   -0.000175    0.000222   -0.000099    0.000239   -0.000099    0.000222   -0.000175    0.000246
   -0.000065   -0.000747   -0.000299   -0.000693   -0.000299   -0.000747   -0.000065   -0.000815
   -0.000065    0.000222   -0.000299    0.000239   -0.000299    0.000222   -0.000065    0.000246
   -0.000175   -0.001434   -0.000099    0.001116   -0.000099   -0.001434   -0.000175   -0.000126
   -0.000175   -0.000817   -0.000099   -0.000899   -0.000099   -0.000817   -0.000175   -0.000021
   -0.000065    0.000222   -0.000299    0.000239   -0.000299    0.000222   -0.000065    0.000246
   -0.000065   -0.000817   -0.000299   -0.000899   -0.000299   -0.000817   -0.000065   -0.000021

   -0.000725   -0.001867   -0.019675   -0.021936    5.674098   -0.021936   -0.019675   -0.001867
   -0.000126   -0.000175   -0.001434   -0.000099    0.001116   -0.000099   -0.001434   -0.000175
   -0.000764   -0.000175   -0.000821   -0.000099   -0.000793   -0.000099   -0.000821   -0.000175
   -0.000126   -0.001867   -0.001434   -0.021936    0.001116   -0.021936   -0.001434   -0.001867
   -0.000126   -0.000175   -0.001434   -0.000099    0.001116   -0.000099   -0.001434   -0.000175
   -0.000021   -0.000065   -0.000817   -0.000299   -0.000899   -0.000299   -0.000817   -0.000065
    0.000246   -0.000065    0.000222   -0.000299    0.000239   -0.000299    0.000222   -0.000065
   -0.000021   -0.000175   -0.000817   -0.000099   -0.000899   -0.000099   -0.000817   -0.000175
   -0.000764   -0.000175   -0.000821   -0.000099   -0.000793   -0.000099   -0.000821   -0.000175
    0.000246   -0.000065    0.000222   -0.000299    0.000239   -0.000299    0.000222   -0.000065
   -0.000815   -0.000065   -0.000747   -0.000299   -0.000693   -0.000299   -0.000747   -0.000065
    0.000246   -0.000175    0.000222   -0.000099    0.000239   -0.000099    0.000222   -0.000175
   -0.000126   -0.001867   -0.001434   -0.021936    0.001116   -0.021936   -0.001434   -0.001867
   -0.000021   -0.000175   -0.000817   -0.000099   -0.000899   -0.000099   -0.000817   -0.000175
    0.000246   -0.000175    0.000222   -0.000099    0.000239   -0.000099    0.000222   -0.000175
   -0.000021   -0.001867   -0.000817   -0.021936   -0.000899   -0.021936   -0.000817   -0.001867

   -0.001867   -0.000725   -0.001867   -0.019675   -0.021936    5.674098   -0.021936   -0.019675
   -0.001867   -0.000126   -0.001867   -0.001434   -0.021936    0.001116   -0.021936   -0.001434
   -0.000175   -0.000764   -0.000175   -0.000821   -0.000099   -0.000793   -0.000099   -0.000821
   -0.000175   -0.000126   -0.000175   -0.001434   -0.000099    0.001116   -0.000099   -0.001434
   -0.001867   -0.000126   -0.001867   -0.001434   -0.021936    0.001116   -0.021936   -0.001434
   -0.001867   -0.000021   -0.001867   -0.000817   -0.021936   -0.000899   -0.021936   -0.000817
   -0.000175    0.000246   -0.000175    0.000222   -0.000099    0.000239   -0.000099    0.000222
   -0.000175   -0.000021   -0.000175   -0.000817   -0.000099   -0.000899   -0.000099   -0.000817
   -0.000175   -0.000764   -0.000175   -0.000821   -0.000099   -0.000793   -0.000099   -0.000821
   -0.000175    0.000246   -0.000175    0.000222   -0.000099    0.000239   -0.000099    0.000222
   -0.000065   -0.000815   -0.000065   -0.000747   -0.000299   -0.000693   -0.000299   -0.000747
   -0.000065    0.000246   -0.000065    0.000222   -0.000299    0.000239   -0.000299    0.000222
   -0.000175   -0.000126   -0.000175   -0.001434   -0.000099    0.001116   -0.000099   -0.001434
   -0.000175   -0.000021   -0.000175   -0.000817   -0.000099   -0.000899   -0.000099   -0.000817
   -0.000065    0.000246   -0.000065    0.000222   -0.000299    0.000239   -0.000299    0.000222
   -0.000065   -0.000021   -0.000065   -0.000817   -0.000299   -0.000899   -0.000299   -0.000817

   -0.019675   -0.001867   -0.000725   -0.001867   -0.019675   -0.021936    5.674098   -0.021936
   -0.001434   -0.000175   -0.000126   -0.000175   -0.001434   -0.000099    0.001116   -0.000099
   -0.000821   -0.000175   -0.000764   -0.000175   -0.000821   -0.000099   -0.000793   -0.000099
   -0.001434   -0.001867   -0.000126   -0.001867   -0.001434   -0.021936    0.001116   -0.021936
   -0.001434   -0.000175   -0.000126   -0.000175   -0.001434   -0.000099    0.001116   -0.000099
   -0.000817   -0.000065   -0.000021   -0.000065   -0.000817   -0.000299   -0.000899   -0.000299
    0.000222   -0.000065    0.000246   -0.000065    0.000222   -0.000299    0.000239   -0.000299
   -0.000817   -0.000175   -0.000021   -0.000175   -0.000817   -0.000099   -0.000899   -0.000099
   -0.000821   -0.000175   -0.000764   -0.000175   -0.000821   -0.000099   -0.000793   -0.000099
    0.000222   -0.000065    0.000246   -0.000065    0.000222   -0.000299    0.000239   -0.000299
   -0.000747   -0.000065   -0.000815   -0.000065   -0.000747   -0.000299   -0.000693   -0.000299
    0.000222   -0.000175    0.000246   -0.000175    0.000222   -0.000099    0.000239   -0.000099
   -0.001434   -0.001867   -0.000126   -0.001867   -0.001434   -0.021936    0.001116   -0.021936
   -0.000817   -0.000175   -0.000021   -0.000175   -0.000817   -0.000099   -0.000899   -0.000099
    0.000222   -0.000175    0.000246   -0.000175    0.000222   -0.000099    0.000239   -0.000099
   -0.000817   -0.001867   -0.000021   -0.001867   -0.000817   -0.021936   -0.000899   -0.021936

   -0.021936   -0.019675   -0.001867   -0.000725   -0.001867   -0.019675   -0.021936    5.674098
   -0.021936   -0.001434   -0.001867   -0.000126   -0.001867   -0.001434   -0.021936    0.001116
   -0.000099   -0.000821   -0.000175   -0.000764   -0.000175   -0.000821   -0.000099   -0.000793
   -0.000099   -0.001434   -0.000175   -0.000126   -0.000175   -0.001434   -0.000099    0.001116
   -0.021936   -0.001434   -0.001867   -0.000126   -0.001867   -0.001434   -0.021936    0.001116
   -0.021936   -0.000817   -0.001867   -0.000021   -0.001867   -0.000817   -0.021936   -0.000899
   -0.000099    0.000222   -0.000175    0.000246   -0.000175    0.000222   -0.000099    0.000239
   -0.000099   -0.000817   -0.000175   -0.000021   -0.000175   -0.000817   -0.000099   -0.000899
   -0.000099   -0.000821   -0.000175   -0.000764   -0.000175   -0.000821   -0.000099   -0.000793
   -0.000099    0.000222   -0.000175    0.000246   -0.000175    0.000222   -0.000099    0.000239
   -0.000299   -0.000747   -0.000065   -0.000815   -0.000065   -0.000747   -0.000299   -0.000693
   -0.000299    0.000222   -0.000065    0.000246   -0.000065    0.000222   -0.000299    0.000239
   -0.000099   -0.001434   -0.000175   -0.000126   -0.000175   -0.001434   -0.000099    0.001116
   -0.000099   -0.000817   -0.000175   -0.000021   -0.000175   -0.000817   -0.000099   -0.000899
   -0.000299    0.000222   -0.000065    0.000246   -0.000065    0.000222   -0.000299    0.000239
   -0.000299   -0.000817   -0.000065   -0.000021   -0.000065   -0.000817   -0.000299   -0.000899

    0.001116   -0.021936   -0.001434   -0.001867   -0.000126   -0.001867   -0.001434   -0.021936
    5.674098   -0.021936   -0.019675   -0.001867   -0.000725   -0.001867   -0.019675   -0.021936
    0.001116   -0.000099   -0.001434   -0.000175   -0.000126   -0.000175   -0.001434   -0.000099
   -0.000793   -0.000099   -0.000821   -0.000175   -0.000764   -0.000175   -0.000821   -0.000099
   -0.000899   -0.000099   -0.000817   -0.000175   -0.000021   -0.000175   -0.000817   -0.000099
    0.001116   -0.000099   -0.001434   -0.000175   -0.000126   -0.000175   -0.001434   -0.000099
   -0.000899   -0.000299   -0.000817   -0.000065   -0.000021   -0.000065   -0.000817   -0.000299
    0.000239   -0.000299    0.000222   -0.000065    0.000246   -0.000065    0.000222   -0.000299
    0.000239   -0.000099    0.000222   -0.000175    0.000246   -0.000175    0.000222   -0.000099
   -0.000793   -0.000099   -0.000821   -0.000175   -0.000764   -0.000175   -0.000821   -0.000099
    0.000239   -0.000299    0.000222   -0.000065    0.000246   -0.000065    0.000222   -0.000299
   -0.000693   -0.000299   -0.000747   -0.000065   -0.000815   -0.000065   -0.000747   -0.000299
   -0.000899   -0.021936   -0.000817   -0.001867   -0.000021   -0.001867   -0.000817   -0.021936
    0.001116   -0.021936   -0.001434   -0.001867   -0.000126   -0.001867   -0.001434   -0.021936
   -0.000899   -0.000099   -0.000817   -0.000175   -0.000021   -0.000175   -0.000817   -0.000099
    0.000239   -0.000099    0.000222   -0.000175    0.000246   -0.000175    0.000222   -0.000099

   -0.000099    0.001116   -0.000099   -0.001434   -0.000175   -0.000126   -0.000175   -0.001434
   -0.021936    5.674098   -0.021936   -0.019675   -0.001867   -0.000725   -0.001867   -0.019675
   -0.021936    0.001116   -0.021936   -0.001434   -0.001867   -0.000126   -0.001867   -0.001434
   -0.000099   -0.000793   -0.000099   -0.000821   -0.000175   -0.000764   -0.000175   -0.000821
   -0.000099   -0.000899   -0.000099   -0.000817   -0.000175   -0.000021   -0.000175   -0.000817
   -0.021936    0.001116   -0.021936   -0.001434   -0.001867   -0.000126   -0.001867   -0.001434
   -0.021936   -0.000899   -0.021936   -0.000817   -0.001867   -0.000021   -0.001867   -0.000817
   -0.000099    0.000239   -0.000099    0.000222   -0.000175    0.000246   -0.000175    0.000222
   -0.000299    0.000239   -0.000299    0.000222   -0.000065    0.000246   -0.000065    0.000222
   -0.000099   -0.000793   -0.000099   -0.000821   -0.000175   -0.000764   -0.000175   -0.000821
   -0.000099    0.000239   -0.000099    0.000222   -0.000175    0.000246   -0.000175    0.000222
   -0.000299   -0.000693   -0.000299   -0.000747   -0.000065   -0.000815   -0.000065   -0.000747
   -0.000299   -0.000899   -0.000299   -0.000817   -0.000065   -0.000021   -0.000065   -0.000817
   -0.000099    0.001116   -0.000099   -0.001434   -0.000175   -0.000126   -0.000175   -0.001434
   -0.000099   -0.000899   -0.000099   -0.000817   -0.000175   -0.000021   -0.000175   -0.000817
   -0.000299    0.000239   -0.000299    0.000222   -0.000065    0.000246   -0.000065    0.000222

   -0.001434   -0.021936    0.001116   -0.021936   -0.001434   -0.001867   -0.000126   -0.001867
   -0.019675   -0.021936    5.674098   -0.021936   -0.019675   -0.001867   -0.000725   -0.001867
   -0.001434   -0.000099    0.001116   -0.000099   -0.001434   -0.000175   -0.000126   -0.000175
   -0.000821   -0.000099   -0.000793   -0.000099   -0.000821   -0.000175   -0.000764   -0.000175
   -0.000817   -0.000099   -0.000899   -0.000099   -0.000817   -0.000175   -0.000021   -0.000175
   -0.001434   -0.000099    0.001116   -0.000099   -0.001434   -0.000175   -0.000126   -0.000175
   -0.000817   -0.000299   -0.000899   -0.000299   -0.000817   -0.000065   -0.000021   -0.000065
    0.000222   -0.000299    0.000239   -0.000299    0.000222   -0.000065    0.000246   -0.000065
    0.000222   -0.000099    0.000239   -0.000099    0.000222   -0.000175    0.000246   -0.000175
   -0.000821   -0.000099   -0.000793   -0.000099   -0.000821   -0.000175   -0.000764   -0.000175
    0.000222   -0.000299    0.000239   -0.000299    0.000222   -0.000065    0.000246   -0.000065
   -0.000747   -0.000299   -0.000693   -0.000299   -0.000747   -0.000065   -0.000815   -0.000065
   -0.000817   -0.021936   -0.000899   -0.021936   -0.000817   -0.001867   -0.000021   -0.001867
   -0.001434   -0.021936    0.001116   -0.021936   -0.001434   -0.001867   -0.000126   -0.001867
   -0.000817   -0.000099   -0.000899   -0.000099   -0.000817   -0.000175   -0.000021   -0.000175
    0.000222   -0.000099    0.000239   -0.000099    0.000222   -0.000175    0.000246   -0.000175

   -0.000175   -0.001434   -0.000099    0.001116   -0.000099   -0.001434   -0.000175   -0.000126
   -0.001867   -0.019675   -0.021936    5.674098   -0.021936   -0.019675   -0.001867   -0.000725
   -0.001867   -0.001434   -0.021936    0.001116   -0.021936   -0.001434   -0.001867   -0.000126
   -0.000175   -0.000821   -0.000099   -0.000793   -0.000099   -0.000821   -0.000175   -0.000764
   -0.000175   -0.000817   -0.000099   -0.000899   -0.000099   -0.000817   -0.000175   -0.000021
   -0.001867   -0.001434   -0.021936    0.001116   -0.021936   -0.001434   -0.001867   -0.000126
   -0.001867   -0.000817   -0.021936   -0.000899   -0.021936   -0.000817   -0.001867   -0.000021
   -0.000175    0.000222   -0.000099    0.000239   -0.000099    0.000222   -0.000175    0.000246
   -0.000065    0.000222   -0.000299    0.000239   -0.000299    0.000222   -0.000065    0.000246
   -0.000175   -0.000821   -0.000099   -0.000793   -0.000099   -0.000821   -0.000175   -0.000764
   -0.000175    0.000222   -0.000099    0.000239   -0.000099    0.000222   -0.000175    0.000246
   -0.000065   -0.000747   -0.000299   -0.000693   -0.000299   -0.000747   -0.000065   -0.000815
   -0.000065   -0.000817   -0.000299   -0.000899   -0.000299   -0.000817   -0.000065   -0.000021
   -0.000175   -0.001434   -0.000099    0.001116   -0.000099   -0.001434   -0.000175   -0.000126
   -0.000175   -0.000817   -0.000099   -0.000899   -0.000099   -0.000817   -0.000175   -0.000021
   -0.000065    0.000222   -0.000299    0.000239   -0.000299    0.000222   -0.000065    0.000246

   -0.000126   -0.001867   -0.001434   -0.021936    0.001116   -0.021936   -0.001434   -0.001867
   -0.000725   -0.001867   -0.019675   -0.021936    5.674098   -0.021936   -0.019675   -0.001867
   -0.000126   -0.000175   -0.001434   -0.000099    0.001116   -0.000099   -0.001434   -0.000175
   -0.000764   -0.000175   -0.000821   -0.000099   -0.000793   -0.000099   -0.000821   -0.000175
   -0.000021   -0.000175   -0.000817   -0.000099   -0.000899   -0.000099   -0.000817   -0.000175
   -0.000126   -0.000175   -0.001434   -0.000099    0.001116   -0.000099   -0.001434   -0.000175
   -0.000021   -0.000065   -0.000817   -0.000299   -0.000899   -0.000299   -0.000817   -0.000065
    0.000246   -0.000065    0.000222   -0.000299    0.000239   -0.000299    0.000222   -0.000065
    0.000246   -0.000175    0.000222   -0.000099    0.000239   -0.000099    0.000222   -0.000175
   -0.000764   -0.000175   -0.000821   -0.000099   -0.000793   -0.000099   -0.000821   -0.000175
    0.000246   -0.000065    0.000222   -0.000299    0.000239   -0.000299    0.000222   -0.000065
   -0.000815   -0.000065   -0.000747   -0.000299   -0.000693   -0.000299   -0.000747   -0.000065
   -0.000021   -0.001867   -0.000817   -0.021936   -0.000899   -0.021936   -0.000817   -0.001867
   -0.000126   -0.001867   -0.001434   -0.021936    0.001116   -0.021936   -0.001434   -0.001867
   -0.000021   -0.000175   -0.000817   -0.000099   -0.000899   -0.000099   -0.000817   -0.000175
    0.000246   -0.000175    0.000222   -0.000099    0.000239   -0.000099    0.000222   -0.000175

   -0.000175   -0.000126   -0.000175   -0.001434   -0.000099    0.001116   -0.000099   -0.001434
   -0.001867   -0.000725   -0.001867   -0.019675   -0.021936    5.674098   -0.021936   -0.019675
   -0.001867   -0.000126   -0.001867   -0.001434   -0.021936    0.001116   -0.021936   -0.001434
   -0.000175   -0.000764   -0.000175   -0.000821   -0.000099   -0.000793   -0.000099   -0.000821
   -0.000175   -0.000021   -0.000175   -0.000817   -0.000099   -0.000899   -0.000099   -0.000817
   -0.001867   -0.000126   -0.001867   -0.001434   -0.021936    0.001116   -0.021936   -0.001434
   -0.001867   -0.000021   -0.001867   -0.000817   -0.021936   -0.000899   -0.021936   -0.000817
   -0.000175    0.000246   -0.000175    0.000222   -0.000099    0.000239   -0.000099    0.000222
   -0.000065    0.000246   -0.000065    0.000222   -0.000299    0.000239   -0.000299    0.000222
   -0.000175   -0.000764   -0.000175   -0.000821   -0.000099   -0.000793   -0.000099   -0.000821
   -0.000175    0.000246   -0.000175    0.000222   -0.000099    0.000239   -0.000099    0.000222
   -0.000065   -0.000815   -0.000065   -0.000747   -0.000299   -0.000693   -0.000299   -0.000747
   -0.000065   -0.000021   -0.000065   -0.000817   -0.000299   -0.000899   -0.000299   -0.000817
   -0.000175   -0.000126   -0.000175   -0.001434   -0.000099    0.001116   -0.000099   -0.001434
   -0.000175   -0.000021   -0.000175   -0.000817   -0.000099   -0.000899   -0.000099   -0.000817
   -0.000065    0.000246   -0.000065    0.000222   -0.000299    0.000239   -0.000299    0.000222

   -0.001434   -0.001867   -0.000126   -0.001867   -0.001434   -0.021936    0.001116   -0.021936
   -0.019675   -0.001867   -0.000725   -0.001867   -0.019675   -0.021936    5.674098   -0.021936
   -0.001434   -0.000175   -0.000126   -0.000175   -0.001434   -0.000099    0.001116   -0.000099
   -0.000821   -0.000175   -0.000764   -0.000175   -0.000821   -0.000099   -0.000793   -0.000099
   -0.000817   -0.000175   -0.000021   -0.000175   -0.000817   -0.000099   -0.000899   -0.000099
   -0.001434   -0.000175   -0.000126   -0.000175   -0.001434   -0.000099    0.001116   -0.000099
   -0.000817   -0.000065   -0.000021   -0.000065   -0.000817   -0.000299   -0.000899   -0.000299
    0.000222   -0.000065    0.000246   -0.000065    0.000222   -0.000299    0.000239   -0.000299
    0.000222   -0.000175    0.000246   -0.000175    0.000222   -0.000099    0.000239   -0.000099
   -0.000821   -0.000175   -0.000764   -0.000175   -0.000821   -0.000099   -0.000793   -0.000099
    0.000222   -0.000065    0.000246   -0.000065    0.000222   -0.000299    0.000239   -0.000299
   -0.000747   -0.000065   -0.000815   -0.000065   -0.000747   -0.000299   -0.000693   -0.000299
   -0.000817   -0.001867   -0.000021   -0.001867   -0.000817   -0.021936   -0.000899   -0.021936
   -0.001434   -0.001867   -0.000126   -0.001867   -0.001434   -0.021936    0.001116   -0.021936
   -0.000817   -0.000175   -0.000021   -0.000175   -0.000817   -0.000099   -0.000899   -0.000099
    0.000222   -0.000175    0.000246   -0.000175    0.000222   -0.000099    0.000239   -0.000099

   -0.000099   -0.001434   -0.000175   -0.000126   -0.000175   -0.001434   -0.000099    0.001116
   -0.021936   -0.019675   -0.001867   -0.000725   -0.001867   -0.019675   -0.021936    5.674098
   -0.021936   -0.001434   -0.001867   -0.000126   -0.001867   -0.001434   -0.021936    0.001116
   -0.000099   -0.000821   -0.000175   -0.000764   -0.000175   -0.000821   -0.000099   -0.000793
   -0.000099   -0.000817   -0.000175   -0.000021   -0.000175   -0.000817   -0.000099   -0.000899
   -0.021936   -0.001434   -0.001867   -0.000126   -0.001867   -0.001434   -0.021936    0.001116
   -0.021936   -0.000817   -0.001867   -0.000021   -0.001867   -0.000817   -0.021936   -0.000899
   -0.000099    0.000222   -0.000175    0.000246   -0.000175    0.000222   -0.000099    0.000239
   -0.000299    0.000222   -0.000065    0.000246   -0.000065    0.000222   -0.000299    0.000239
   -0.000099   -0.000821   -0.000175   -0.000764   -0.000175   -0.000821   -0.000099   -0.000793
   -0.000099    0.000222   -0.000175    0.000246   -0.000175    0.000222   -0.000099    0.000239
   -0.000299   -0.000747   -0.000065   -0.000815   -0.000065   -0.000747   -0.000299   -0.000693
   -0.000299   -0.000817   -0.000065   -0.000021   -0.000065   -0.000817   -0.000299   -0.000899
   -0.000099   -0.001434   -0.000175   -0.000126   -0.000175   -0.001434   -0.000099    0.001116
   -0.000099   -0.000817   -0.000175   -0.000021   -0.000175   -0.000817   -0.000099   -0.000899
   -0.000299    0.000222   -0.000065    0.000246   -0.000065    0.000222   -0.000299    0.000239

   -0.000793   -0.000099   -0.000821   -0.000175   -0.000764   -0.000175   -0.000821   -0.000099
    0.001116   -0.021936   -0.001434   -0.001867   -0.000126   -0.001867   -0.001434   -0.021936
    5.674098   -0.021936   -0.019675   -0.001867   -0.000725   -0.001867   -0.019675   -0.021936
    0.001116   -0.000099   -0.001434   -0.000175   -0.000126   -0.000175   -0.001434   -0.000099
    0.000239   -0.000299    0.000222   -0.000065    0.000246   -0.000065    0.000222   -0.000299
   -0.000899   -0.000099   -0.000817   -0.000175   -0.000021   -0.000175   -0.000817   -0.000099
    0.001116   -0.000099   -0.001434   -0.000175   -0.000126   -0.000175   -0.001434   -0.000099
   -0.000899   -0.000299   -0.000817   -0.000065   -0.000021   -0.000065   -0.000817   -0.000299
   -0.000693   -0.000299   -0.000747   -0.000065   -0.000815   -0.000065   -0.000747   -0.000299
    0.000239   -0.000099    0.000222   -0.000175    0.000246   -0.000175    0.000222   -0.000099
   -0.000793   -0.000099   -0.000821   -0.000175   -0.000764   -0.000175   -0.000821   -0.000099
    0.000239   -0.000299    0.000222   -0.000065    0.000246   -0.000065    0.000222   -0.000299
    0.000239   -0.000099    0.000222   -0.000175    0.000246   -0.000175    0.000222   -0.000099
   -0.000899   -0.021936   -0.000817   -0.001867   -0.000021   -0.001867   -0.000817   -0.021936
    0.001116   -0.021936   -0.001434   -0.001867   -0.000126   -0.001867   -0.001434   -0.021936
   -0.000899   -0.000099   -0.000817   -0.000175   -0.000021   -0.000175   -0.000817   -0.000099

   -0.000099   -0.000793   -0.000099   -0.000821   -0.000175   -0.000764   -0.000175   -0.000821
   -0.000099    0.001116   -0.000099   -0.001434   -0.000175   -0.000126   -0.000175   -0.001434
   -0.021936    5.674098   -0.021936   -0.019675   -0.001867   -0.000725   -0.001867   -0.019675
   -0.021936    0.001116   -0.021936   -0.001434   -0.001867   -0.000126   -0.001867   -0.001434
   -0.000099    0.000239   -0.000099    0.000222   -0.000175    0.000246   -0.000175    0.000222
   -0.000099   -0.000899   -0.000099   -0.000817   -0.000175   -0.000021   -0.000175   -0.000817
   -0.021936    0.001116   -0.021936   -0.001434   -0.001867   -0.000126   -0.001867   -0.001434
   -0.021936   -0.000899   -0.021936   -0.000817   -0.001867   -0.000021   -0.001867   -0.000817
   -0.000299   -0.000693   -0.000299   -0.000747   -0.000065   -0.000815   -0.000065   -0.000747
   -0.000299    0.000239   -0.000299    0.000222   -0.000065    0.000246   -0.000065    0.000222
   -0.000099   -0.000793   -0.000099   -0.000821   -0.000175   -0.000764   -0.000175   -0.000821
   -0.000099    0.000239   -0.000099    0.000222   -0.000175    0.000246   -0.000175    0.000222
   -0.000299    0.000239   -0.000299    0.000222   -0.000065    0.000246   -0.000065    0.000222
   -0.000299   -0.000899   -0.000299   -0.000817   -0.000065   -0.000021   -0.000065   -0.000817
   -0.000099    0.001116   -0.000099   -0.001434   -0.000175   -0.000126   -0.000175   -0.001434
   -0.000099   -0.000899   -0.000099   -0.000817   -0.000175   -0.000021   -0.000175   -0.000817

   -0.000821   -0.000099   -0.000793   -0.000099   -0.000821   -0.000175   -0.000764   -0.000175
   -0.001434   -0.021936    0.001116   -0.021936   -0.001434   -0.001867   -0.000126   -0.001867
   -0.019675   -0.021936    5.674098   -0.021936   -0.019675   -0.001867   -0.000725   -0.001867
   -0.001434   -0.000099    0.001116   -0.000099   -0.001434   -0.000175   -0.000126   -0.000175
    0.000222   -0.000299    0.000239   -0.000299    0.000222   -0.000065    0.000246   -0.000065
   -0.000817   -0.000099   -0.000899   -0.000099   -0.000817   -0.000175   -0.000021   -0.000175
   -0.001434   -0.000099    0.001116   -0.000099   -0.001434   -0.000175   -0.000126   -0.000175
   -0.000817   -0.000299   -0.000899   -0.000299   -0.000817   -0.000065   -0.000021   -0.000065
   -0.000747   -0.000299   -0.000693   -0.000299   -0.000747   -0.000065   -0.000815   -0.000065
    0.000222   -0.000099    0.000239   -0.000099    0.000222   -0.000175    0.000246   -0.000175
   -0.000821   -0.000099   -0.000793   -0.000099   -0.000821   -0.000175   -0.000764   -0.000175
    0.000222   -0.000299    0.000239   -0.000299    0.000222   -0.000065    0.000246   -0.000065
    0.000222   -0.000099    0.000239   -0.000099    0.000222   -0.000175    0.000246   -0.000175
   -0.000817   -0.021936   -0.000899   -0.021936   -0.000817   -0.001867   -0.000021   -0.001867
   -0.001434   -0.021936    0.001116   -0.021936   -0.001434   -0.001867   -0.000126   -0.001867
   -0.000817   -0.000099   -0.000899   -0.000099   -0.000817   -0.000175   -0.000021   -0.000175

   -0.000175   -0.000821   -0.000099   -0.000793   -0.000099   -0.000821   -0.000175   -0.000764
   -0.000175   -0.001434   -0.000099    0.001116   -0.000099   -0.001434   -0.000175   -0.000126
   -0.001867   -0.019675   -0.021936    5.674098   -0.021936   -0.019675   -0.001867   -0.000725
   -0.001867   -0.001434   -0.021936    0.001116   -0.021936   -0.001434   -0.001867   -0.000126
   -0.000175    0.000222   -0.000099    0.000239   -0.000099    0.000222   -0.000175    0.000246
   -0.000175   -0.000817   -0.000099   -0.000899   -0.000099   -0.000817   -0.000175   -0.000021
   -0.001867   -0.001434   -0.021936    0.001116   -0.021936   -0.001434   -0.001867   -0.000126
   -0.001867   -0.000817   -0.021936   -0.000899   -0.021936   -0.000817   -0.001867   -0.000021
   -0.000065   -0.000747   -0.000299   -0.000693   -0.000299   -0.000747   -0.000065   -0.000815
   -0.000065    0.000222   -0.000299    0.000239   -0.000299    0.000222   -0.000065    0.000246
   -0.000175   -0.000821   -0.000099   -0.000793   -0.000099   -0.000821   -0.000175   -0.000764
   -0.000175    0.000222   -0.000099    0.000239   -0.000099    0.000222   -0.000175    0.000246
   -0.000065    0.000222   -0.000299    0.000239   -0.000299    0.000222   -0.000065    0.000246
   -0.000065   -0.000817   -0.000299   -0.000899   -0.000299   -0.000817   -0.000065   -0.000021
   -0.000175   -0.001434   -0.000099    0.001116   -0.000099   -0.001434   -0.000175   -0.000126
   -0.000175   -0.000817   -0.000099   -0.000899   -0.000099   -0.000817   -0.000175   -0.000021

   -0.000764   -0.000175   -0.000821   -0.000099   -0.000793   -0.000099   -0.000821   -0.000175
   -0.000126   -0.001867   -0.001434   -0.021936    0.001116   -0.021936   -0.001434   -0.001867
   -0.000725   -0.001867   -0.019675   -0.021936    5.674098   -0.021936   -0.019675   -0.001867
   -0.000126   -0.000175   -0.001434   -0.000099    0.001116   -0.000099   -0.001434   -0.000175
    0.000246   -0.000065    0.000222   -0.000299    0.000239   -0.000299    0.000222   -0.000065
   -0.000021   -0.000175   -0.000817   -0.000099   -0.000899   -0.000099   -0.000817   -0.000175
   -0.000126   -0.000175   -0.001434   -0.000099    0.001116   -0.000099   -0.001434   -0.000175
   -0.000021   -0.000065   -0.000817   -0.000299   -0.000899   -0.000299   -0.000817   -0.000065
   -0.000815   -0.000065   -0.000747   -0.000299   -0.000693   -0.000299   -0.000747   -0.000065
    0.000246   -0.000175    0.000222   -0.000099    0.000239   -0.000099    0.000222   -0.000175
   -0.000764   -0.000175   -0.000821   -0.000099   -0.000793   -0.000099   -0.000821   -0.000175
    0.000246   -0.000065    0.000222   -0.000299    0.000239   -0.000299    0.000222   -0.000065
    0.000246   -0.000175    0.000222   -0.000099    0.000239   -0.000099    0.000222   -0.000175
   -0.000021   -0.001867   -0.000817   -0.021936   -0.000899   -0.021936   -0.000817   -0.001867
   -0.000126   -0.001867   -0.001434   -0.021936    0.001116   -0.021936   -0.001434   -0.001867
   -0.000021   -0.000175   -0.000817   -0.000099   -0.000899   -0.000099   -0.000817   -0.000175

   -0.000175   -0.000764   -0.000175   -0.000821   -0.000099   -0.000793   -0.000099   -0.000821
   -0.000175   -0.000126   -0.000175   -0.001434   -0.000099    0.001116   -0.000099   -0.001434
   -0.001867   -0.000725   -0.001867   -0.019675   -0.021936    5.674098   -0.021936   -0.019675
   -0.001867   -0.000126   -0.001867   -0.001434   -0.021936    0.001116   -0.021936   -0.001434
   -0.000175    0.000246   -0.000175    0.000222   -0.000099    0.000239   -0.000099    0.000222
   -0.000175   -0.000021   -0.000175   -0.000817   -0.000099   -0.000899   -0.000099   -0.000817
   -0.001867   -0.000126   -0.001867   -0.001434   -0.021936    0.001116   -0.021936   -0.001434
   -0.001867   -0.000021   -0.001867   -0.000817   -0.021936   -0.000899   -0.021936   -0.000817
   -0.000065   -0.000815   -0.000065   -0.000747   -0.000299   -0.000693   -0.000299   -0.000747
   -0.000065    0.000246   -0.000065    0.000222   -0.000299    0.000239   -0.000299    0.000222
   -0.000175   -0.000764   -0.000175   -0.000821   -0.000099   -0.000793   -0.000099   -0.000821
   -0.000175    0.000246   -0.000175    0.000222   -0.000099    0.000239   -0.000099    0.000222
   -0.000065    0.000246   -0.000065    0.000222   -0.000299    0.000239   -0.000299    0.000222
   -0.000065   -0.000021   -0.000065   -0.000817   -0.000299   -0.000899   -0.000299   -0.000817
   -0.000175   -0.000126   -0.000175   -0.001434   -0.000099    0.001116   -0.000099   -0.001434
   -0.000175   -0.000021   -0.000175   -0.000817   -0.000099   -0.000899   -0.000099   -0.000817

   -0.000821   -0.000175   -0.000764   -0.000175   -0.000821   -0.000099   -0.000793   -0.000099
   -0.001434   -0.001867   -0.000126   -0.001867   -0.001434   -0.021936    0.001116   -0.021936
   -0.019675   -0.001867   -0.000725   -0.001867   -0.019675   -0.021936    5.674098   -0.021936
   -0.001434   -0.000175   -0.000126   -0.000175   -0.001434   -0.000099    0.001116   -0.000099
    0.000222   -0.000065    0.000246   -0.000065    0.000222   -0.000299    0.000239   -0.000299
   -0.000817   -0.000175   -0.000021   -0.000175   -0.000817   -0.000099   -0.000899   -0.000099
   -0.001434   -0.000175   -0.000126   -0.000175   -0.001434   -0.000099    0.001116   -0.000099
   -0.000817   -0.000065   -0.000021   -0.000065   -0.000817   -0.000299   -0.000899   -0.000299
   -0.000747   -0.000065   -0.000815   -0.000065   -0.000747   -0.000299   -0.000693   -0.000299
    0.000222   -0.000175    0.000246   -0.000175    0.000222   -0.000099    0.000239   -0.000099
   -0.000821   -0.000175   -0.000764   -0.000175   -0.000821   -0.000099   -0.000793   -0.000099
    0.000222   -0.000065    0.000246   -0.000065    0.000222   -0.000299    0.000239   -0.000299
    0.000222   -0.000175    0.000246   -0.000175    0.000222   -0.000099    0.000239   -0.000099
   -0.000817   -0.001867   -0.000021   -0.001867   -0.000817   -0.021936   -0.000899   -0.021936
   -0.001434   -0.001867   -0.000126   -0.001867   -0.001434   -0.021936    0.001116   -0.021936
   -0.000817   -0.000175   -0.000021   -0.000175   -0.000817   -0.000099   -0.000899   -0.000099

   -0.000099   -0.000821   -0.000175   -0.000764   -0.000175   -0.000821   -0.000099   -0.000793
   -0.000099   -0.001434   -0.000175   -0.000126   -0.000175   -0.001434   -0.000099    0.001116
   -0.021936   -0.019675   -0.001867   -0.000725   -0.001867   -0.019675   -0.021936    5.674098
   -0.021936   -0.001434   -0.001867   -0.000126   -0.001867   -0.001434   -0.021936    0.001116
   -0.000099    0.000222   -0.000175    0.000246   -0.000175    0.000222   -0.000099    0.000239
   -0.000099   -0.000817   -0.000175   -0.000021   -0.000175   -0.000817   -0.000099   -0.000899
   -0.021936   -0.001434   -0.001867   -0.000126   -0.001867   -0.001434   -0.021936    0.001116
   -0.021936   -0.000817   -0.001867   -0.000021   -0.001867   -0.000817   -0.021936   -0.000899
   -0.000299   -0.000747   -0.000065   -0.000815   -0.000065   -0.000747   -0.000299   -0.000693
   -0.000299    0.000222   -0.000065    0.000246   -0.000065    0.000222   -0.000299    0.000239
   -0.000099   -0.000821   -0.000175   -0.000764   -0.000175   -0.000821   -0.000099   -0.000793
   -0.000099    0.000222   -0.000175    0.000246   -0.000175    0.000222   -0.000099    0.000239
   -0.000299    0.000222   -0.000065    0.000246   -0.000065    0.000222   -0.000299    0.000239
   -0.000299   -0.000817   -0.000065   -0.000021   -0.000065   -0.000817   -0.000299   -0.000899
   -0.000099   -0.001434   -0.000175   -0.000126   -0.000175   -0.001434   -0.000099    0.001116
   -0.000099   -0.000817   -0.000175   -0.000021   -0.000175   -0.000817   -0.000099   -0.000899

    0.001116   -0.000099   -0.001434   -0.000175   -0.000126   -0.000175   -0.001434   -0.000099
   -0.000793   -0.000099   -0.000821   -0.000175   -0.000764   -0.000175   -0.000821   -0.000099
    0.001116   -0.021936   -0.001434   -0.001867   -0.000126   -0.001867   -0.001434   -0.021936
    5.674098   -0.021936   -0.019675   -0.001867   -0.000725   -0.001867   -0.019675   -0.021936
   -0.000899   -0.000299   -0.000817   -0.000065   -0.000021   -0.000065   -0.000817   -0.000299
    0.000239   -0.000299    0.000222   -0.000065    0.000246   -0.000065    0.000222   -0.000299
   -0.000899   -0.000099   -0.000817   -0.000175   -0.000021   -0.000175   -0.000817   -0.000099
    0.001116   -0.000099   -0.001434   -0.000175   -0.000126   -0.000175   -0.001434   -0.000099
    0.000239   -0.000299    0.000222   -0.000065    0.000246   -0.000065    0.000222   -0.000299
   -0.000693   -0.000299   -0.000747   -0.000065   -0.000815   -0.000065   -0.000747   -0.000299
    0.000239   -0.000099    0.000222   -0.000175    0.000246   -0.000175    0.000222   -0.000099
   -0.000793   -0.000099   -0.000821   -0.000175   -0.000764   -0.000175   -0.000821   -0.000099
   -0.000899   -0.000099   -0.000817   -0.000175   -0.000021   -0.000175   -0.000817   -0.000099
    0.000239   -0.000099    0.000222   -0.000175    0.000246   -0.000175    0.000222   -0.000099
   -0.000899   -0.021936   -0.000817   -0.001867   -0.000021   -0.001867   -0.000817   -0.021936
    0.001116   -0.021936   -0.001434   -0.001867   -0.000126   -0.001867   -0.001434   -0.021936

   -0.021936    0.001116   -0.021936   -0.001434   -0.001867   -0.000126   -0.001867   -0.001434
   -0.000099   -0.000793   -0.000099   -0.000821   -0.000175   -0.000764   -0.000175   -0.000821
   -0.000099    0.001116   -0.000099   -0.001434   -0.000175   -0.000126   -0.000175   -0.001434
   -0.021936    5.674098   -0.021936   -0.019675   -0.001867   -0.000725   -0.001867   -0.019675
   -0.021936   -0.000899   -0.021936   -0.000817   -0.001867   -0.000021   -0.001867   -0.000817
   -0.000099    0.000239   -0.000099    0.000222   -0.000175    0.000246   -0.000175    0.000222
   -0.000099   -0.000899   -0.000099   -0.000817   -0.000175   -0.000021   -0.000175   -0.000817
   -0.021936    0.001116   -0.021936   -0.001434   -0.001867   -0.000126   -0.001867   -0.001434
   -0.000099    0.000239   -0.000099    0.000222   -0.000175    0.000246   -0.000175    0.000222
   -0.000299   -0.000693   -0.000299   -0.000747   -0.000065   -0.000815   -0.000065   -0.000747
   -0.000299    0.000239   -0.000299    0.000222   -0.000065    0.000246   -0.000065    0.000222
   -0.000099   -0.000793   -0.000099   -0.000821   -0.000175   -0.000764   -0.000175   -0.000821
   -0.000099   -0.000899   -0.000099   -0.000817   -0.000175   -0.000021   -0.000175   -0.000817
   -0.000299    0.000239   -0.000299    0.000222   -0.000065    0.000246   -0.000065    0.000222
   -0.000299   -0.000899   -0.000299   -0.000817   -0.000065   -0.000021   -0.000065   -0.000817
   -0.000099    0.001116   -0.000099   -0.001434   -0.000175   -0.000126   -0.000175   -0.001434

   -0.001434   -0.000099    0.001116   -0.000099   -0.001434   -0.000175   -0.000126   -0.000175
   -0.000821   -0.000099   -0.000793   -0.000099   -0.000821   -0.000175   -0.000764   -0.000175
   -0.001434   -0.021936    0.001116   -0.021936   -0.001434   -0.001867   -0.000126   -0.001867
   -0.019675   -0.021936    5.674098   -0.021936   -0.019675   -0.001867   -0.000725   -0.001867
   -0.000817   -0.000299   -0.000899   -0.000299   -0.000817   -0.000065   -0.000021   -0.000065
    0.000222   -0.000299    0.000239   -0.000299    0.000222   -0.000065    0.000246   -0.000065
   -0.000817   -0.000099   -0.000899   -0.000099   -0.000817   -0.000175   -0.000021   -0.000175
   -0.001434   -0.000099    0.001116   -0.000099   -0.001434   -0.000175   -0.000126   -0.000175
    0.000222   -0.000299    0.000239   -0.000299    0.000222   -0.000065    0.000246   -0.000065
   -0.000747   -0.000299   -0.000693   -0.000299   -0.000747   -0.000065   -0.000815   -0.000065
    0.000222   -0.000099    0.000239   -0.000099    0.000222   -0.000175    0.000246   -0.000175
   -0.000821   -0.000099   -0.000793   -0.000099   -0.000821   -0.000175   -0.000764   -0.000175
   -0.000817   -0.000099   -0.000899   -0.000099   -0.000817   -0.000175   -0.000021   -0.000175
    0.000222   -0.000099    0.000239   -0.000099    0.000222   -0.000175    0.000246   -0.000175
   -0.000817   -0.021936   -0.000899   -0.021936   -0.000817   -0.001867   -0.000021   -0.001867
   -0.001434   -0.021936    0.001116   -0.021936   -0.001434   -0.001867   -0.000126   -0.001867

   -0.001867   -0.001434   -0.021936    0.001116   -0.021936   -0.001434   -0.001867   -0.000126
   -0.000175   -0.000821   -0.000099   -0.000793   -0.000099   -0.000821   -0.000175   -0.000764
   -0.000175   -0.001434   -0.000099    0.001116   -0.000099   -0.001434   -0.000175   -0.000126
   -0.001867   -0.019675   -0.021936    5.674098   -0.021936   -0.019675   -0.001867   -0.000725
   -0.001867   -0.000817   -0.021936   -0.000899   -0.021936   -0.000817   -0.001867   -0.000021
   -0.000175    0.000222   -0.000099    0.000239   -0.000099    0.000222   -0.000175    0.000246
   -0.000175   -0.000817   -0.000099   -0.000899   -0.000099   -0.000817   -0.000175   -0.000021
   -0.001867   -0.001434   -0.021936    0.001116   -0.021936   -0.001434   -0.001867   -0.000126
   -0.000175    0.000222   -0.000099    0.000239   -0.000099    0.000222   -0.000175    0.000246
   -0.000065   -0.000747   -0.000299   -0.000693   -0.000299   -0.000747   -0.000065   -0.000815
   -0.000065    0.000222   -0.000299    0.000239   -0.000299    0.000222   -0.000065    0.000246
   -0.000175   -0.000821   -0.000099   -0.000793   -0.000099   -0.000821   -0.000175   -0.000764
   -0.000175   -0.000817   -0.000099   -0.000899   -0.000099   -0.000817   -0.000175   -0.000021
   -0.000065    0.000222   -0.000299    0.000239   -0.000299    0.000222   -0.000065    0.000246
   -0.000065   -0.000817   -0.000299   -0.000899   -0.000299   -0.000817   -0.000065   -0.000021
   -0.000175   -0.001434   -0.000099    0.001116   -0.000099   -0.001434   -0.000175   -0.000126

   -0.000126   -0.000175   -0.001434   -0.000099    0.001116   -0.000099   -0.001434   -0.000175
   -0.000764   -0.000175   -0.000821   -0.000099   -0.000793   -0.000099   -0.000821   -0.000175
   -0.000126   -0.001867   -0.001434   -0.021936    0.001116   -0.021936   -0.001434   -0.001867
   -0.000725   -0.001867   -0.019675   -0.021936    5.674098   -0.021936   -0.019675   -0.001867
   -0.000021   -0.000065   -0.000817   -0.000299   -0.000899   -0.000299   -0.000817   -0.000065
    0.000246   -0.000065    0.000222   -0.000299    0.000239   -0.000299    0.000222   -0.000065
   -0.000021   -0.000175   -0.000817   -0.000099   -0.000899   -0.000099   -0.000817   -0.000175
   -0.000126   -0.000175   -0.001434   -0.000099    0.001116   -0.000099   -0.001434   -0.000175
    0.000246   -0.000065    0.000222   -0.000299    0.000239   -0.000299    0.000222   -0.000065
   -0.000815   -0.000065   -0.000747   -0.000299   -0.000693   -0.000299   -0.000747   -0.000065
    0.000246   -0.000175    0.000222   -0.000099    0.000239   -0.000099    0.000222   -0.000175
   -0.000764   -0.000175   -0.000821   -0.000099   -0.000793   -0.000099   -0.000821   -0.000175
   -0.000021   -0.000175   -0.000817   -0.000099   -0.000899   -0.000099   -0.000817   -0.000175
    0.000246   -0.000175    0.000222   -0.000099    0.000239   -0.000099    0.000222   -0.000175
   -0.000021   -0.001867   -0.000817   -0.021936   -0.000899   -0.021936   -0.000817   -0.001867
   -0.000126   -0.001867   -0.001434   -0.021936    0.001116   -0.021936   -0.001434   -0.001867

   -0.001867   -0.000126   -0.001867   -0.001434   -0.021936    0.001116   -0.021936   -0.001434
   -0.000175   -0.000764   -0.000175   -0.000821   -0.000099   -0.000793   -0.000099   -0.000821
   -0.000175   -0.000126   -0.000175   -0.001434   -0.000099    0.001116   -0.000099   -0.001434
   -0.001867   -0.000725   -0.001867   -0.019675   -0.021936    5.674098   -0.021936   -0.019675
   -0.001867   -0.000021   -0.001867   -0.000817   -0.021936   -0.000899   -0.021936   -0.000817
   -0.000175    0.000246   -0.000175    0.000222   -0.000099    0.000239   -0.000099    0.000222
   -0.000175   -0.000021   -0.000175   -0.000817   -0.000099   -0.000899   -0.000099   -0.000817
   -0.001867   -0.000126   -0.001867   -0.001434   -0.021936    0.001116   -0.021936   -0.001434
   -0.000175    0.000246   -0.000175    0.000222   -0.000099    0.000239   -0.000099    0.000222
   -0.000065   -0.000815   -0.000065   -0.000747   -0.000299   -0.000693   -0.000299   -0.000747
   -0.000065    0.000246   -0.000065    0.000222   -0.000299    0.000239   -0.000299    0.000222
   -0.000175   -0.000764   -0.000175   -0.000821   -0.000099   -0.000793   -0.000099   -0.000821
   -0.000175   -0.000021   -0.000175   -0.000817   -0.000099   -0.000899   -0.000099   -0.000817
   -0.000065    0.000246   -0.000065    0.000222   -0.000299    0.000239   -0.000299    0.000222
   -0.000065   -0.000021   -0.000065   -0.000817   -0.000299   -0.000899   -0.000299   -0.000817
   -0.000175   -0.000126   -0.000175   -0.001434   -0.000099    0.001116   -0.000099   -0.001434

   -0.001434   -0.000175   -0.000126   -0.000175   -0.001434   -0.000099    0.001116   -0.000099
   -0.000821   -0.000175   -0.000764   -0.000175   -0.000821   -0.000099   -0.000793   -0.000099
   -0.001434   -0.001867   -0.000126   -0.001867   -0.001434   -0.021936    0.001116   -0.021936
   -0.019675   -0.001867   -0.000725   -0.001867   -0.019675   -0.021936    5.674098   -0.021936
   -0.000817   -0.000065   -0.000021   -0.000065   -0.000817   -0.000299   -0.000899   -0.000299
    0.000222   -0.000065    0.000246   -0.000065    0.000222   -0.000299    0.000239   -0.000299
   -0.000817   -0.000175   -0.000021   -0.000175   -0.000817   -0.000099   -0.000899   -0.000099
   -0.001434   -0.000175   -0.000126   -0.000175   -0.001434   -0.000099    0.001116   -0.000099
    0.000222   -0.000065    0.000246   -0.000065    0.000222   -0.000299    0.000239   -0.000299
   -0.000747   -0.000065   -0.000815   -0.000065   -0.000747   -0.000299   -0.000693   -0.000299
    0.000222   -0.000175    0.000246   -0.000175    0.000222   -0.000099    0.000239   -0.000099
   -0.000821   -0.000175   -0.000764   -0.000175   -0.000821   -0.000099   -0.000793   -0.000099
   -0.000817   -0.000175   -0.000021   -0.000175   -0.000817   -0.000099   -0.000899   -0.000099
    0.000222   -0.000175    0.000246   -0.000175    0.000222   -0.000099    0.000239   -0.000099
   -0.000817   -0.001867   -0.000021   -0.001867   -0.000817   -0.021936   -0.000899   -0.021936
   -0.001434   -0.001867   -0.000126   -0.001867   -0.001434   -0.021936    0.001116   -0.021936

   -0.021936   -0.001434   -0.001867   -0.000126   -0.001867   -0.001434   -0.021936    0.001116
   -0.000099   -0.000821   -0.000175   -0.000764   -0.000175   -0.000821   -0.000099   -0.000793
   -0.000099   -0.001434   -0.000175   -0.000126   -0.000175   -0.001434   -0.000099    0.001116
   -0.021936   -0.019675   -0.001867   -0.000725   -0.001867   -0.019675   -0.021936    5.674098
   -0.021936   -0.000817   -0.001867   -0.000021   -0.001867   -0.000817   -0.021936   -0.000899
   -0.000099    0.000222   -0.000175    0.000246   -0.000175    0.000222   -0.000099    0.000239
   -0.000099   -0.000817   -0.000175   -0.000021   -0.000175   -0.000817   -0.000099   -0.000899
   -0.021936   -0.001434   -0.001867   -0.000126   -0.001867   -0.001434   -0.021936    0.001116
   -0.000099    0.000222   -0.000175    0.000246   -0.000175    0.000222   -0.000099    0.000239
   -0.000299   -0.000747   -0.000065   -0.000815   -0.000065   -0.000747   -0.000299   -0.000693
   -0.000299    0.000222   -0.000065    0.000246   -0.000065    0.000222   -0.000299    0.000239
   -0.000099   -0.000821   -0.000175   -0.000764   -0.000175   -0.000821   -0.000099   -0.000793
   -0.000099   -0.000817   -0.000175   -0.000021   -0.000175   -0.000817   -0.000099   -0.000899
   -0.000299    0.000222   -0.000065    0.000246   -0.000065    0.000222   -0.000299    0.000239
   -0.000299   -0.000817   -0.000065   -0.000021   -0.000065   -0.000817   -0.000299   -0.000899
   -0.000099   -0.001434   -0.000175   -0.000126   -0.000175   -0.001434   -0.000099    0.001116

    0.001116   -0.021936   -0.001434   -0.001867   -0.000126   -0.001867   -0.001434   -0.021936
   -0.000899   -0.000099   -0.000817   -0.000175   -0.000021   -0.000175   -0.000817   -0.000099
    0.000239   -0.000099    0.000222   -0.000175    0.000246   -0.000175    0.000222   -0.000099
   -0.000899   -0.021936   -0.000817   -0.001867   -0.000021   -0.001867   -0.000817   -0.021936
    5.674098   -0.021936   -0.019675   -0.001867   -0.000725   -0.001867   -0.019675   -0.021936
    0.001116   -0.000099   -0.001434   -0.000175   -0.000126   -0.000175   -0.001434   -0.000099
   -0.000793   -0.000099   -0.000821   -0.000175   -0.000764   -0.000175   -0.000821   -0.000099
    0.001116   -0.021936   -0.001434   -0.001867   -0.000126   -0.001867   -0.001434   -0.021936
    0.001116   -0.000099   -0.001434   -0.000175   -0.000126   -0.000175   -0.001434   -0.000099
   -0.000899   -0.000299   -0.000817   -0.000065   -0.000021   -0.000065   -0.000817   -0.000299
    0.000239   -0.000299    0.000222   -0.000065    0.000246   -0.000065    0.000222   -0.000299
   -0.000899   -0.000099   -0.000817   -0.000175   -0.000021   -0.000175   -0.000817   -0.000099
   -0.000793   -0.000099   -0.000821   -0.000175   -0.000764   -0.000175   -0.000821   -0.000099
    0.000239   -0.000299    0.000222   -0.000065    0.000246   -0.000065    0.000222   -0.000299
   -0.000693   -0.000299   -0.000747   -0.000065   -0.000815   -0.000065   -0.000747   -0.000299
    0.000239   -0.000099    0.000222   -0.000175    0.000246   -0.000175    0.000222   -0.000099

   -0.000099    0.001116   -0.000099   -0.001434   -0.000175   -0.000126   -0.000175   -0.001434
   -0.000099   -0.000899   -0.000099   -0.000817   -0.000175   -0.000021   -0.000175   -0.000817
   -0.000299    0.000239   -0.000299    0.000222   -0.000065    0.000246   -0.000065    0.000222
   -0.000299   -0.000899   -0.000299   -0.000817   -0.000065   -0.000021   -0.000065   -0.000817
   -0.021936    5.674098   -0.021936   -0.019675   -0.001867   -0.000725   -0.001867   -0.019675
   -0.021936    0.001116   -0.021936   -0.001434   -0.001867   -0.000126   -0.001867   -0.001434
   -0.000099   -0.000793   -0.000099   -0.000821   -0.000175   -0.000764   -0.000175   -0.000821
   -0.000099    0.001116   -0.000099   -0.001434   -0.000175   -0.000126   -0.000175   -0.001434
   -0.021936    0.001116   -0.021936   -0.001434   -0.001867   -0.000126   -0.001867   -0.001434
   -0.021936   -0.000899   -0.021936   -0.000817   -0.001867   -0.000021   -0.001867   -0.000817
   -0.000099    0.000239   -0.000099    0.000222   -0.000175    0.000246   -0.000175    0.000222
   -0.000099   -0.000899   -0.000099   -0.000817   -0.000175   -0.000021   -0.000175   -0.000817
   -0.000099   -0.000793   -0.000099   -0.000821   -0.000175   -0.000764   -0.000175   -0.000821
   -0.000099    0.000239   -0.000099    0.000222   -0.000175    0.000246   -0.000175    0.000222
   -0.000299   -0.000693   -0.000299   -0.000747   -0.000065   -0.000815   -0.000065   -0.000747
   -0.000299    0.000239   -0.000299    0.000222   -0.000065    0.000246   -0.000065    0.000222

   -0.001434   -0.021936    0.001116   -0.021936   -0.001434   -0.001867   -0.000126   -0.001867
   -0.000817   -0.000099   -0.000899   -0.000099   -0.000817   -0.000175   -0.000021   -0.000175
    0.000222   -0.000099    0.000239   -0.000099    0.000222   -0.000175    0.000246   -0.000175
   -0.000817   -0.021936   -0.000899   -0.021936   -0.000817   -0.001867   -0.000021   -0.001867
   -0.019675   -0.021936    5.674098   -0.021936   -0.019675   -0.001867   -0.000725   -0.001867
   -0.001434   -0.000099    0.001116   -0.000099   -0.001434   -0.000175   -0.000126   -0.000175
   -0.000821   -0.000099   -0.000793   -0.000099   -0.000821   -0.000175   -0.000764   -0.000175
   -0.001434   -0.021936    0.001116   -0.021936   -0.001434   -0.001867   -0.000126   -0.001867
   -0.001434   -0.000099    0.001116   -0.000099   -0.001434   -0.000175   -0.000126   -0.000175
   -0.000817   -0.000299   -0.000899   -0.000299   -0.000817   -0.000065   -0.000021   -0.000065
    0.000222   -0.000299    0.000239   -0.000299    0.000222   -0.000065    0.000246   -0.000065
   -0.000817   -0.000099   -0.000899   -0.000099   -0.000817   -0.000175   -0.000021   -0.000175
   -0.000821   -0.000099   -0.000793   -0.000099   -0.000821   -0.000175   -0.000764   -0.000175
    0.000222   -0.000299    0.000239   -0.000299    0.000222   -0.000065    0.000246   -0.000065
   -0.000747   -0.000299   -0.000693   -0.000299   -0.000747   -0.000065   -0.000815   -0.000065
    0.000222   -0.000099    0.000239   -0.000099    0.000222   -0.000175    0.000246   -0.000175

   -0.000175   -0.001434   -0.000099    0.001116   -0.000099   -0.001434   -0.000175   -0.000126
   -0.000175   -0.000817   -0.000099   -0.000899   -0.000099   -0.000817   -0.000175   -0.000021
   -0.000065    0.000222   -0.000299    0.000239   -0.000299    0.000222   -0.000065    0.000246
   -0.000065   -0.000817   -0.000299   -0.000899   -0.000299   -0.000817   -0.000065   -0.000021
   -0.001867   -0.019675   -0.021936    5.674098   -0.021936   -0.019675   -0.001867   -0.000725
   -0.001867   -0.001434   -0.021936    0.001116   -0.021936   -0.001434   -0.001867   -0.000126
   -0.000175   -0.000821   -0.000099   -0.000793   -0.000099   -0.000821   -0.000175   -0.000764
   -0.000175   -0.001434   -0.000099    0.001116   -0.000099   -0.001434   -0.000175   -0.000126
   -0.001867   -0.001434   -0.021936    0.001116   -0.021936   -0.001434   -0.001867   -0.000126
   -0.001867   -0.000817   -0.021936   -0.000899   -0.021936   -0.000817   -0.001867   -0.000021
   -0.000175    0.000222   -0.000099    0.000239   -0.000099    0.000222   -0.000175    0.000246
   -0.000175   -0.000817   -0.000099   -0.000899   -0.000099   -0.000817   -0.000175   -0.000021
   -0.000175   -0.000821   -0.000099   -0.000793   -0.000099   -0.000821   -0.000175   -0.000764
   -0.000175    0.000222   -0.000099    0.000239   -0.000099    0.000222   -0.000175    0.000246
   -0.000065   -0.000747   -0.000299   -0.000693   -0.000299   -0.000747   -0.000065   -0.000815
   -0.000065    0.000222   -0.000299    0.000239   -0.000299    0.000222   -0.000065    0.000246

   -0.000126   -0.001867   -0.001434   -0.021936    0.001116   -0.021936   -0.001434   -0.001867
   -0.000021   -0.000175   -0.000817   -0.000099   -0.000899   -0.000099   -0.000817   -0.000175
    0.000246   -0.000175    0.000222   -0.000099    0.000239   -0.000099    0.000222   -0.000175
   -0.000021   -0.001867   -0.000817   -0.021936   -0.000899   -0.021936   -0.000817   -0.001867
   -0.000725   -0.001867   -0.019675   -0.021936    5.674098   -0.021936   -0.019675   -0.001867
   -0.000126   -0.000175   -0.001434   -0.000099    0.001116   -0.000099   -0.001434   -0.000175
   -0.000764   -0.000175   -0.000821   -0.000099   -0.000793   -0.000099   -0.000821   -0.000175
   -0.000126   -0.001867   -0.001434   -0.021936    0.001116   -0.021936   -0.001434   -0.001867
   -0.000126   -0.000175   -0.001434   -0.000099    0.001116   -0.000099   -0.001434   -0.000175
   -0.000021   -0.000065   -0.000817   -0.000299   -0.000899   -0.000299   -0.000817   -0.000065
    0.000246   -0.000065    0.000222   -0.000299    0.000239   -0.000299    0.000222   -0.000065
   -0.000021   -0.000175   -0.000817   -0.000099   -0.000899   -0.000099   -0.000817   -0.000175
   -0.000764   -0.000175   -0.000821   -0.000099   -0.000793   -0.000099   -0.000821   -0.000175
    0.000246   -0.000065    0.000222   -0.000299    0.000239   -0.000299    0.000222   -0.000065
   -0.000815   -0.000065   -0.000747   -0.000299   -0.000693   -0.000299   -0.000747   -0.000065
    0.000246   -0.000175    0.000222   -0.000099    0.000239   -0.000099    0.000222   -0.000175

   -0.000175   -0.000126   -0.000175   -0.001434   -0.000099    0.001116   -0.000099   -0.001434
   -0.000175   -0.000021   -0.000175   -0.000817   -0.000099   -0.000899   -0.000099   -0.000817
   -0.000065    0.000246   -0.000065    0.000222   -0.000299    0.000239   -0.000299    0.000222
   -0.000065   -0.000021   -0.000065   -0.000817   -0.000299   -0.000899   -0.000299   -0.000817
   -0.001867   -0.000725   -0.001867   -0.019675   -0.021936    5.674098   -0.021936   -0.019675
   -0.001867   -0.000126   -0.001867   -0.001434   -0.021936    0.001116   -0.021936   -0.001434
   -0.000175   -0.000764   -0.000175   -0.000821   -0.000099   -0.000793   -0.000099   -0.000821
   -0.000175   -0.000126   -0.000175   -0.001434   -0.000099    0.001116   -0.000099   -0.001434
   -0.001867   -0.000126   -0.001867   -0.001434   -0.021936    0.001116   -0.021936   -0.001434
   -0.001867   -0.000021   -0.001867   -0.000817   -0.021936   -0.000899   -0.021936   -0.000817
   -0.000175    0.000246   -0.000175    0.000222   -0.000099    0.000239   -0.000099    0.000222
   -0.000175   -0.000021   -0.000175   -0.000817   -0.000099   -0.000899   -0.000099   -0.000817
   -0.000175   -0.000764   -0.000175   -0.000821   -0.000099   -0.000793   -0.000099   -0.000821
   -0.000175    0.000246   -0.000175    0.000222   -0.000099    0.000239   -0.000099    0.000222
   -0.000065   -0.000815   -0.000065   -0.000747   -0.000299   -0.000693   -0.000299   -0.000747
   -0.000065    0.000246   -0.000065    0.000222   -0.000299    0.000239   -0.000299    0.000222

   -0.001434   -0.001867   -0.000126   -0.001867   -0.001434   -0.021936    0.001116   -0.021936
   -0.000817   -0.000175   -0.000021   -0.000175   -0.000817   -0.000099   -0.000899   -0.000099
    0.000222   -0.000175    0.000246   -0.000175    0.000222   -0.000099    0.000239   -0.000099
   -0.000817   -0.001867   -0.000021   -0.001867   -0.000817   -0.021936   -0.000899   -0.021936
   -0.019675   -0.001867   -0.000725   -0.001867   -0.019675   -0.021936    5.674098   -0.021936
   -0.001434   -0.000175   -0.000126   -0.000175   -0.001434   -0.000099    0.001116   -0.000099
   -0.000821   -0.000175   -0.000764   -0.000175   -0.000821   -0.000099   -0.000793   -0.000099
   -0.001434   -0.001867   -0.000126   -0.001867   -0.001434   -0.021936    0.001116   -0.021936
   -0.001434   -0.000175   -0.000126   -0.000175   -0.001434   -0.000099    0.001116   -0.000099
   -0.000817   -0.000065   -0.000021   -0.000065   -0.000817   -0.000299   -0.000899   -0.000299
    0.000222   -0.000065    0.000246   -0.000065    0.000222   -0.000299    0.000239   -0.000299
   -0.000817   -0.000175   -0.000021   -0.000175   -0.000817   -0.000099   -0.000899   -0.000099
   -0.000821   -0.000175   -0.000764   -0.000175   -0.000821   -0.000099   -0.000793   -0.000099
    0.000222   -0.000065    0.000246   -0.000065    0.000222   -0.000299    0.000239   -0.000299
   -0.000747   -0.000065   -0.000815   -0.000065   -0.000747   -0.000299   -0.000693   -0.000299
    0.000222   -0.000175    0.000246   -0.000175    0.000222   -0.000099    0.000239   -0.000099

   -0.000099   -0.001434   -0.000175   -0.000126   -0.000175   -0.001434   -0.000099    0.001116
   -0.000099   -0.000817   -0.000175   -0.000021   -0.000175   -0.000817   -0.000099   -0.000899
   -0.000299    0.000222   -0.000065    0.000246   -0.000065    0.000222   -0.000299    0.000239
   -0.000299   -0.000817   -0.000065   -0.000021   -0.000065   -0.000817   -0.000299   -0.000899
   -0.021936   -0.019675   -0.001867   -0.000725   -0.001867   -0.019675   -0.021936    5.674098
   -0.021936   -0.001434   -0.001867   -0.000126   -0.001867   -0.001434   -0.021936    0.001116
   -0.000099   -0.000821   -0.000175   -0.000764   -0.000175   -0.000821   -0.000099   -0.000793
   -0.000099   -0.001434   -0.000175   -0.000126   -0.000175   -0.001434   -0.000099    0.001116
   -0.021936   -0.001434   -0.001867   -0.000126   -0.001867   -0.001434   -0.021936    0.001116
   -0.021936   -0.000817   -0.001867   -0.000021   -0.001867   -0.000817   -0.021936   -0.000899
   -0.000099    0.000222   -0.000175    0.000246   -0.000175    0.000222   -0.000099    0.000239
   -0.000099   -0.000817   -0.000175   -0.000021   -0.000175   -0.000817   -0.000099   -0.000899
   -0.000099   -0.000821   -0.000175   -0.000764   -0.000175   -0.000821   -0.000099   -0.000793
   -0.000099    0.000222   -0.000175    0.000246   -0.000175    0.000222   -0.000099    0.000239
   -0.000299   -0.000747   -0.000065   -0.000815   -0.000065   -0.000747   -0.000299   -0.000693
   -0.000299    0.000222   -0.000065    0.000246   -0.000065    0.000222   -0.000299    0.000239

   -0.000899   -0.021936   -0.000817   -0.001867   -0.000021   -0.001867   -0.000817   -0.021936
    0.001116   -0.021936   -0.001434   -0.001867   -0.000126   -0.001867   -0.001434   -0.021936
   -0.000899   -0.000099   -0.000817   -0.000175   -0.000021   -0.000175   -0.000817   -0.000099
    0.000239   -0.000099    0.000222   -0.000175    0.000246   -0.000175    0.000222   -0.000099
    0.001116   -0.021936   -0.001434   -0.001867   -0.000126   -0.001867   -0.001434   -0.021936
    5.674098   -0.021936   -0.019675   -0.001867   -0.000725   -0.001867   -0.019675   -0.021936
    0.001116   -0.000099   -0.001434   -0.000175   -0.000126   -0.000175   -0.001434   -0.000099
   -0.000793   -0.000099   -0.000821   -0.000175   -0.000764   -0.000175   -0.000821   -0.000099
   -0.000899   -0.000099   -0.000817   -0.000175   -0.000021   -0.000175   -0.000817   -0.000099
    0.001116   -0.000099   -0.001434   -0.000175   -0.000126   -0.000175   -0.001434   -0.000099
   -0.000899   -0.000299   -0.000817   -0.000065   -0.000021   -0.000065   -0.000817   -0.000299
    0.000239   -0.000299    0.000222   -0.000065    0.000246   -0.000065    0.000222   -0.000299
    0.000239   -0.000099    0.000222   -0.000175    0.000246   -0.000175    0.000222   -0.000099
   -0.000793   -0.000099   -0.000821   -0.000175   -0.000764   -0.000175   -0.000821   -0.000099
    0.000239   -0.000299    0.000222   -0.000065    0.000246   -0.000065    0.000222   -0.000299
   -0.000693   -0.000299   -0.000747   -0.000065   -0.000815   -0.000065   -0.000747   -0.000299

   -0.000299   -0.000899   -0.000299   -0.000817   -0.000065   -0.000021   -0.000065   -0.000817
   -0.000099    0.001116   -0.000099   -0.001434   -0.000175   -0.000126   -0.000175   -0.001434
   -0.000099   -0.000899   -0.000099   -0.000817   -0.000175   -0.000021   -0.000175   -0.000817
   -0.000299    0.000239   -0.000299    0.000222   -0.000065    0.000246   -0.000065    0.000222
   -0.000099    0.001116   -0.000099   -0.001434   -0.000175   -0.000126   -0.000175   -0.001434
   -0.021936    5.674098   -0.021936   -0.019675   -0.001867   -0.000725   -0.001867   -0.019675
   -0.021936    0.001116   -0.021936   -0.001434   -0.001867   -0.000126   -0.001867   -0.001434
   -0.000099   -0.000793   -0.000099   -0.000821   -0.000175   -0.000764   -0.000175   -0.000821
   -0.000099   -0.000899   -0.000099   -0.000817   -0.000175   -0.000021   -0.000175   -0.000817
   -0.021936    0.001116   -0.021936   -0.001434   -0.001867   -0.000126   -0.001867   -0.001434
   -0.021936   -0.000899   -0.021936   -0.000817   -0.001867   -0.000021   -0.001867   -0.000817
   -0.000099    0.000239   -0.000099    0.000222   -0.000175    0.000246   -0.000175    0.000222
   -0.000299    0.000239   -0.000299    0.000222   -0.000065    0.000246   -0.000065    0.000222
   -0.000099   -0.000793   -0.000099   -0.000821   -0.000175   -0.000764   -0.000175   -0.000821
   -0.000099    0.000239   -0.000099    0.000222   -0.000175    0.000246   -0.000175    0.000222
   -0.000299   -0.000693   -0.000299   -0.000747   -0.000065   -0.000815   -0.000065   -0.000747

   -0.000817   -0.021936   -0.000899   -0.021936   -0.000817   -0.001867   -0.000021   -0.001867
   -0.001434   -0.021936    0.001116   -0.021936   -0.001434   -0.001867   -0.000126   -0.001867
   -0.000817   -0.000099   -0.000899   -0.000099   -0.000817   -0.000175   -0.000021   -0.000175
    0.000222   -0.000099    0.000239   -0.000099    0.000222   -0.000175    0.000246   -0.000175
   -0.001434   -0.021936    0.001116   -0.021936   -0.001434   -0.001867   -0.000126   -0.001867
   -0.019675   -0.021936    5.674098   -0.021936   -0.019675   -0.001867   -0.000725   -0.001867
   -0.001434   -0.000099    0.001116   -0.000099   -0.001434   -0.000175   -0.000126   -0.000175
   -0.000821   -0.000099   -0.000793   -0.000099   -0.000821   -0.000175   -0.000764   -0.000175
   -0.000817   -0.000099   -0.000899   -0.000099   -0.000817   -0.000175   -0.000021   -0.000175
   -0.001434   -0.000099    0.001116   -0.000099   -0.001434   -0.000175   -0.000126   -0.000175
   -0.000817   -0.000299   -0.000899   -0.000299   -0.000817   -0.000065   -0.000021   -0.000065
    0.000222   -0.000299    0.000239   -0.000299    0.000222   -0.000065    0.000246   -0.000065
    0.000222   -0.000099    0.000239   -0.000099    0.000222   -0.000175    0.000246   -0.000175
   -0.000821   -0.000099   -0.000793   -0.000099   -0.000821   -0.000175   -0.000764   -0.000175
    0.000222   -0.000299    0.000239   -0.000299    0.000222   -0.000065    0.000246   -0.000065
   -0.000747   -0.000299   -0.000693   -0.000299   -0.000747   -0.000065   -0.000815   -0.000065

   -0.000065   -0.000817   -0.000299   -0.000899   -0.000299   -0.000817   -0.000065   -0.000021
   -0.000175   -0.001434   -0.000099    0.001116   -0.000099   -0.001434   -0.000175   -0.000126
   -0.000175   -0.000817   -0.000099   -0.000899   -0.000099   -0.000817   -0.000175   -0.000021
   -0.000065    0.000222   -0.000299    0.000239   -0.000299    0.000222   -0.000065    0.000246
   -0.000175   -0.001434   -0.000099    0.001116   -0.000099   -0.001434   -0.000175   -0.000126
   -0.001867   -0.019675   -0.021936    5.674098   -0.021936   -0.019675   -0.001867   -0.000725
   -0.001867   -0.001434   -0.021936    0.001116   -0.021936   -0.001434   -0.001867   -0.000126
   -0.000175   -0.000821   -0.000099   -0.000793   -0.000099   -0.000821   -0.000175   -0.000764
   -0.000175   -0.000817   -0.000099   -0.000899   -0.000099   -0.000817   -0.000175   -0.000021
   -0.001867   -0.001434   -0.021936    0.001116   -0.021936   -0.001434   -0.001867   -0.000126
   -0.001867   -0.000817   -0.021936   -0.000899   -0.021936   -0.000817   -0.001867   -0.000021
   -0.000175    0.000222   -0.000099    0.000239   -0.000099    0.000222   -0.000175    0.000246
   -0.000065    0.000222   -0.000299    0.000239   -0.000299    0.000222   -0.000065    0.000246
   -0.000175   -0.000821   -0.000099   -0.000793   -0.000099   -0.000821   -0.000175   -0.000764
   -0.000175    0.000222   -0.000099    0.000239   -0.000099    0.000222   -0.000175    0.000246
   -0.000065   -0.000747   -0.000299   -0.000693   -0.000299   -0.000747   -0.000065   -0.000815

   -0.000021   -0.001867   -0.000817   -0.021936   -0.000899   -0.021936   -0.000817   -0.001867
   -0.000126   -0.001867   -0.001434   -0.021936    0.001116   -0.021936   -0.001434   -0.001867
   -0.000021   -0.000175   -0.000817   -0.000099   -0.000899   -0.000099   -0.000817   -0.000175
    0.000246   -0.000175    0.000222   -0.000099    0.000239   -0.000099    0.000222   -0.000175
   -0.000126   -0.001867   -0.001434   -0.021936    0.001116   -0.021936   -0.001434   -0.001867
   -0.000725   -0.001867   -0.019675   -0.021936    5.674098   -0.021936   -0.019675   -0.001867
   -0.000126   -0.000175   -0.001434   -0.000099    0.001116   -0.000099   -0.001434   -0.000175
   -0.000764   -0.000175   -0.000821   -0.000099   -0.000793   -0.000099   -0.000821   -0.000175
   -0.000021   -0.000175   -0.000817   -0.000099   -0.000899   -0.000099   -0.000817   -0.000175
   -0.000126   -0.000175   -0.001434   -0.000099    0.001116   -0.000099   -0.001434   -0.000175
   -0.000021   -0.000065   -0.000817   -0.000299   -0.000899   -0.000299   -0.000817   -0.000065
    0.000246   -0.000065    0.000222   -0.000299    0.000239   -0.000299    0.000222   -0.000065
    0.000246   -0.000175    0.000222   -0.000099    0.000239   -0.000099    0.000222   -0.000175
   -0.000764   -0.000175   -0.000821   -0.000099   -0.000793   -0.000099   -0.000821   -0.000175
    0.000246   -0.000065    0.000222   -0.000299    0.000239   -0.000299    0.000222   -0.000065
   -0.000815   -0.000065   -0.000747   -0.000299   -0.000693   -0.000299   -0.000747   -0.000065

   -0.000065   -0.000021   -0.000065   -0.000817   -0.000299   -0.000899   -0.000299   -0.000817
   -0.000175   -0.000126   -0.000175   -0.001434   -0.000099    0.001116   -0.000099   -0.001434
   -0.000175   -0.000021   -0.000175   -0.000817   -0.000099   -0.000899   -0.000099   -0.000817
   -0.000065    0.000246   -0.000065    0.000222   -0.000299    0.000239   -0.000299    0.000222
   -0.000175   -0.000126   -0.000175   -0.001434   -0.000099    0.001116   -0.000099   -0.001434
   -0.001867   -0.000725   -0.001867   -0.019675   -0.021936    5.674098   -0.021936   -0.019675
   -0.001867   -0.000126   -0.001867   -0.001434   -0.021936    0.001116   -0.021936   -0.001434
   -0.000175   -0.000764   -0.000175   -0.000821   -0.000099   -0.000793   -0.000099   -0.000821
   -0.000175   -0.000021   -0.000175   -0.000817   -0.000099   -0.000899   -0.000099   -0.000817
   -0.001867   -0.000126   -0.001867   -0.001434   -0.021936    0.001116   -0.021936   -0.001434
   -0.001867   -0.000021   -0.001867   -0.000817   -0.021936   -0.000899   -0.021936   -0.000817
   -0.000175    0.000246   -0.000175    0.000222   -0.000099    0.000239   -0.000099    0.000222
   -0.000065    0.000246   -0.000065    0.000222   -0.000299    0.000239   -0.000299    0.000222
   -0.000175   -0.000764   -0.000175   -0.000821   -0.000099   -0.000793   -0.000099   -0.000821
   -0.000175    0.000246   -0.000175    0.000222   -0.000099    0.000239   -0.000099    0.000222
   -0.000065   -0.000815   -0.000065   -0.000747   -0.000299   -0.000693   -0.000299   -0.000747

   -0.000817   -0.001867   -0.000021   -0.001867   -0.000817   -0.021936   -0.000899   -0.021936
   -0.001434   -0.001867   -0.000126   -0.001867   -0.001434   -0.021936    0.001116   -0.021936
   -0.000817   -0.000175   -0.000021   -0.000175   -0.000817   -0.000099   -0.000899   -0.000099
    0.000222   -0.000175    0.000246   -0.000175    0.000222   -0.000099    0.000239   -0.000099
   -0.001434   -0.001867   -0.000126   -0.001867   -0.001434   -0.021936    0.001116   -0.021936
   -0.019675   -0.001867   -0.000725   -0.001867   -0.019675   -0.021936    5.674098   -0.021936
   -0.001434   -0.000175   -0.000126   -0.000175   -0.001434   -0.000099    0.001116   -0.000099
   -0.000821   -0.000175   -0.000764   -0.000175   -0.000821   -0.000099   -0.000793   -0.000099
   -0.000817   -0.000175   -0.000021   -0.000175   -0.000817   -0.000099   -0.000899   -0.000099
   -0.001434   -0.000175   -0.000126   -0.000175   -0.001434   -0.000099    0.001116   -0.000099
   -0.000817   -0.000065   -0.000021   -0.000065   -0.000817   -0.000299   -0.000899   -0.000299
    0.000222   -0.000065    0.000246   -0.000065    0.000222   -0.000299    0.000239   -0.000299
    0.000222   -0.000175    0.000246   -0.000175    0.000222   -0.000099    0.000239   -0.000099
   -0.000821   -0.000175   -0.000764   -0.000175   -0.000821   -0.000099   -0.000793   -0.000099
    0.000222   -0.000065    0.000246   -0.000065    0.000222   -0.000299    0.000239   -0.000299
   -0.000747   -0.000065   -0.000815   -0.000065   -0.000747   -0.000299   -0.000693   -0.000299

   -0.000299   -0.000817   -0.000065   -0.000021   -0.000065   -0.000817   -0.000299   -0.000899
   -0.000099   -0.001434   -0.000175   -0.000126   -0.000175   -0.001434   -0.000099    0.001116
   -0.000099   -0.000817   -0.000175   -0.000021   -0.000175   -0.000817   -0.000099   -0.000899
   -0.000299    0.000222   -0.000065    0.000246   -0.000065    0.000222   -0.000299    0.000239
   -0.000099   -0.001434   -0.000175   -0.000126   -0.000175   -0.001434   -0.000099    0.001116
   -0.021936   -0.019675   -0.001867   -0.000725   -0.001867   -0.019675   -0.021936    5.674098
   -0.021936   -0.001434   -0.001867   -0.000126   -0.001867   -0.001434   -0.021936    0.001116
   -0.000099   -0.000821   -0.000175   -0.000764   -0.000175   -0.000821   -0.000099   -0.000793
   -0.000099   -0.000817   -0.000175   -0.000021   -0.000175   -0.000817   -0.000099   -0.000899
   -0.021936   -0.001434   -0.001867   -0.000126   -0.001867   -0.001434   -0.021936    0.001116
   -0.021936   -0.000817   -0.001867   -0.000021   -0.001867   -0.000817   -0.021936   -0.000899
   -0.000099    0.000222   -0.000175    0.000246   -0.000175    0.000222   -0.000099    0.000239
   -0.000299    0.000222   -0.000065    0.000246   -0.000065    0.000222   -0.000299    0.000239
   -0.000099   -0.000821   -0.000175   -0.000764   -0.000175   -0.000821   -0.000099   -0.000793
   -0.000099    0.000222   -0.000175    0.000246   -0.000175    0.000222   -0.000099    0.000239
   -0.000299   -0.000747   -0.000065   -0.000815   -0.000065   -0.000747   -0.000299   -0.000693

    0.000239   -0.000099    0.000222   -0.000175    0.000246   -0.000175    0.000222   -0.000099
   -0.000899   -0.021936   -0.000817   -0.001867   -0.000021   -0.001867   -0.000817   -0.021936
    0.001116   -0.021936   -0.001434   -0.001867   -0.000126   -0.001867   -0.001434   -0.021936
   -0.000899   -0.000099   -0.000817   -0.000175   -0.000021   -0.000175   -0.000817   -0.000099
   -0.000793   -0.000099   -0.000821   -0.000175   -0.000764   -0.000175   -0.000821   -0.000099
    0.001116   -0.021936   -0.001434   -0.001867   -0.000126   -0.001867   -0.001434   -0.021936
    5.674098   -0.021936   -0.019675   -0.001867   -0.000725   -0.001867   -0.019675   -0.021936
    0.001116   -0.000099   -0.001434   -0.000175   -0.000126   -0.000175   -0.001434   -0.000099
    0.000239   -0.000299    0.000222   -0.000065    0.000246   -0.000065    0.000222   -0.000299
   -0.000899   -0.000099   -0.000817   -0.000175   -0.000021   -0.000175   -0.000817   -0.000099
    0.001116   -0.000099   -0.001434   -0.000175   -0.000126   -0.000175   -0.001434   -0.000099
   -0.000899   -0.000299   -0.000817   -0.000065   -0.000021   -0.000065   -0.000817   -0.000299
   -0.000693   -0.000299   -0.000747   -0.000065   -0.000815   -0.000065   -0.000747   -0.000299
    0.000239   -0.000099    0.000222   -0.000175    0.000246   -0.000175    0.000222   -0.000099
   -0.000793   -0.000099   -0.000821   -0.000175   -0.000764   -0.000175   -0.000821   -0.000099
    0.000239   -0.000299    0.000222   -0.000065    0.000246   -0.000065    0.000222   -0.000299

   -0.000299    0.000239   -0.000299    0.000222   -0.000065    0.000246   -0.000065    0.000222
   -0.000299   -0.000899   -0.000299   -0.000817   -0.000065   -0.000021   -0.000065   -0.000817
   -0.000099    0.001116   -0.000099   -0.001434   -0.000175   -0.000126   -0.000175   -0.001434
   -0.000099   -0.000899   -0.000099   -0.000817   -0.000175   -0.000021   -0.000175   -0.000817
   -0.000099   -0.000793   -0.000099   -0.000821   -0.000175   -0.000764   -0.000175   -0.000821
   -0.000099    0.001116   -0.000099   -0.001434   -0.000175   -0.000126   -0.000175   -0.001434
   -0.021936    5.674098   -0.021936   -0.019675   -0.001867   -0.000725   -0.001867   -0.019675
   -0.021936    0.001116   -0.021936   -0.001434   -0.001867   -0.000126   -0.001867   -0.001434
   -0.000099    0.000239   -0.000099    0.000222   -0.000175    0.000246   -0.000175    0.000222
   -0.000099   -0.000899   -0.000099   -0.000817   -0.000175   -0.000021   -0.000175   -0.000817
   -0.021936    0.001116   -0.021936   -0.001434   -0.001867   -0.000126   -0.001867   -0.001434
   -0.021936   -0.000899   -0.021936   -0.000817   -0.001867   -0.000021   -0.001867   -0.000817
   -0.000299   -0.000693   -0.000299   -0.000747   -0.000065   -0.000815   -0.000065   -0.000747
   -0.000299    0.000239   -0.000299    0.000222   -0.000065    0.000246   -0.000065    0.000222
   -0.000099   -0.000793   -0.000099   -0.000821   -0.000175   -0.000764   -0.000175   -0.000821
   -0.000099    0.000239   -0.000099    0.000222   -0.000175    0.000246   -0.000175    0.000222

    0.000222   -0.000099    0.000239   -0.000099    0.000222   -0.000175    0.000246   -0.000175
   -0.000817   -0.021936   -0.000899   -0.021936   -0.000817   -0.001867   -0.000021   -0.001867
   -0.001434   -0.021936    0.001116   -0.021936   -0.001434   -0.001867   -0.000126   -0.001867
   -0.000817   -0.000099   -0.000899   -0.000099   -0.000817   -0.000175   -0.000021   -0.000175
   -0.000821   -0.000099   -0.000793   -0.000099   -0.000821   -0.000175   -0.000764   -0.000175
   -0.001434   -0.021936    0.001116   -0.021936   -0.001434   -0.001867   -0.000126   -0.001867
   -0.019675   -0.021936    5.674098   -0.021936   -0.019675   -0.001867   -0.000725   -0.001867
   -0.001434   -0.000099    0.001116   -0.000099   -0.001434   -0.000175   -0.000126   -0.000175
    0.000222   -0.000299    0.000239   -0.000299    0.000222   -0.000065    0.000246   -0.000065
   -0.000817   -0.000099   -0.000899   -0.000099   -0.000817   -0.000175   -0.000021   -0.000175
   -0.001434   -0.000099    0.001116   -0.000099   -0.001434   -0.000175   -0.000126   -0.000175
   -0.000817   -0.000299   -0.000899   -0.000299   -0.000817   -0.000065   -0.000021   -0.000065
   -0.000747   -0.000299   -0.000693   -0.000299   -0.000747   -0.000065   -0.000815   -0.000065
    0.000222   -0.000099    0.000239   -0.000099    0.000222   -0.000175    0.000246   -0.000175
   -0.000821   -0.000099   -0.000793   -0.000099   -0.000821   -0.000175   -0.000764   -0.000175
    0.000222   -0.000299    0.000239   -0.000299    0.000222   -0.000065    0.000246   -0.000065

   -0.000065    0.000222   -0.000299    0.000239   -0.000299    0.000222   -0.000065    0.000246
   -0.000065   -0.000817   -0.000299   -0.000899   -0.000299   -0.000817   -0.000065   -0.000021
   -0.000175   -0.001434   -0.000099    0.001116   -0.000099   -0.001434   -0.000175   -0.000126
   -0.000175   -0.000817   -0.000099   -0.000899   -0.000099   -0.000817   -0.000175   -0.000021
   -0.000175   -0.000821   -0.000099   -0.000793   -0.000099   -0.000821   -0.000175   -0.000764
   -0.000175   -0.001434   -0.000099    0.001116   -0.000099   -0.001434   -0.000175   -0.000126
   -0.001867   -0.019675   -0.021936    5.674098   -0.021936   -0.019675   -0.001867   -0.000725
   -0.001867   -0.001434   -0.021936    0.001116   -0.021936   -0.001434   -0.001867   -0.000126
   -0.000175    0.000222   -0.000099    0.000239   -0.000099    0.000222   -0.000175    0.000246
   -0.000175   -0.000817   -0.000099   -0.000899   -0.000099   -0.000817   -0.000175   -0.000021
   -0.001867   -0.001434   -0.021936    0.001116   -0.021936   -0.001434   -0.001867   -0.000126
   -0.001867   -0.000817   -0.021936   -0.000899   -0.021936   -0.000817   -0.001867   -0.000021
   -0.000065   -0.000747   -0.000299   -0.000693   -0.000299   -0.000747   -0.000065   -0.000815
   -0.000065    0.000222   -0.000299    0.000239   -0.000299    0.000222   -0.000065    0.000246
   -0.000175   -0.000821   -0.000099   -0.000793   -0.000099   -0.000821   -0.000175   -0.000764
   -0.000175    0.000222   -0.000099    0.000239   -0.000099    0.000222   -0.000175    0.000246

    0.000246   -0.000175    0.000222   -0.000099    0.000239   -0.000099    0.000222   -0.000175
   -0.000021   -0.001867   -0.000817   -0.021936   -0.000899   -0.021936   -0.000817   -0.001867
   -0.000126   -0.001867   -0.001434   -0.021936    0.001116   -0.021936   -0.001434   -0.001867
   -0.000021   -0.000175   -0.000817   -0.000099   -0.000899   -0.000099   -0.000817   -0.000175
   -0.000764   -0.000175   -0.000821   -0.000099   -0.000793   -0.000099   -0.000821   -0.000175
   -0.000126   -0.001867   -0.001434   -0.021936    0.001116   -0.021936   -0.001434   -0.001867
   -0.000725   -0.001867   -0.019675   -0.021936    5.674098   -0.021936   -0.019675   -0.001867
   -0.000126   -0.000175   -0.001434   -0.000099    0.001116   -0.000099   -0.001434   -0.000175
    0.000246   -0.000065    0.000222   -0.000299    0.000239   -0.000299    0.000222   -0.000065
   -0.000021   -0.000175   -0.000817   -0.000099   -0.000899   -0.000099   -0.000817   -0.000175
   -0.000126   -0.000175   -0.001434   -0.000099    0.001116   -0.000099   -0.001434   -0.000175
   -0.000021   -0.000065   -0.000817   -0.000299   -0.000899   -0.000299   -0.000817   -0.000065
   -0.000815   -0.000065   -0.000747   -0.000299   -0.000693   -0.000299   -0.000747   -0.000065
    0.000246   -0.000175    0.000222   -0.000099    0.000239   -0.000099    0.000222   -0.000175
   -0.000764   -0.000175   -0.000821   -0.000099   -0.000793   -0.000099   -0.000821   -0.000175
    0.000246   -0.000065    0.000222   -0.000299    0.000239   -0.000299    0.000222   -0.000065

   -0.000065    0.000246   -0.000065    0.000222   -0.000299    0.000239   -0.000299    0.000222
   -0.000065   -0.000021   -0.000065   -0.000817   -0.000299   -0.000899   -0.000299   -0.000817
   -0.000175   -0.000126   -0.000175   -0.001434   -0.000099    0.001116   -0.000099   -0.001434
   -0.000175   -0.000021   -0.000175   -0.000817   -0.000099   -0.000899   -0.000099   -0.000817
   -0.000175   -0.000764   -0.000175   -0.000821   -0.000099   -0.000793   -0.000099   -0.000821
   -0.000175   -0.000126   -0.000175   -0.001434   -0.000099    0.001116   -0.000099   -0.001434
   -0.001867   -0.000725   -0.001867   -0.019675   -0.021936    5.674098   -0.021936   -0.019675
   -0.001867   -0.000126   -0.001867   -0.001434   -0.021936    0.001116   -0.021936   -0.001434
   -0.000175    0.000246   -0.000175    0.000222   -0.000099    0.000239   -0.000099    0.000222
   -0.000175   -0.000021   -0.000175   -0.000817   -0.000099   -0.000899   -0.000099   -0.000817
   -0.001867   -0.000126   -0.001867   -0.001434   -0.021936    0.001116   -0.021936   -0.001434
   -0.001867   -0.000021   -0.001867   -0.000817   -0.021936   -0.000899   -0.021936   -0.000817
   -0.000065   -0.000815   -0.000065   -0.000747   -0.000299   -0.000693   -0.000299   -0.000747
   -0.000065    0.000246   -0.000065    0.000222   -0.000299    0.000239   -0.000299    0.000222
   -0.000175   -0.000764   -0.000175   -0.000821   -0.000099   -0.000793   -0.000099   -0.000821
   -0.000175    0.000246   -0.000175    0.000222   -0.000099    0.000239   -0.000099    0.000222

    0.000222   -0.000175    0.000246   -0.000175    0.000222   -0.000099    0.000239   -0.000099
   -0.000817   -0.001867   -0.000021   -0.001867   -0.000817   -0.021936   -0.000899   -0.021936
   -0.001434   -0.001867   -0.000126   -0.001867   -0.001434   -0.021936    0.001116   -0.021936
   -0.000817   -0.000175   -0.000021   -0.000175   -0.000817   -0.000099   -0.000899   -0.000099
   -0.000821   -0.000175   -0.000764   -0.000175   -0.000821   -0.000099   -0.000793   -0.000099
   -0.001434   -0.001867   -0.000126   -0.001867   -0.001434   -0.021936    0.001116   -0.021936
   -0.019675   -0.001867   -0.000725   -0.001867   -0.019675   -0.021936    5.674098   -0.021936
   -0.001434   -0.000175   -0.000126   -0.000175   -0.001434   -0.000099    0.001116   -0.000099
    0.000222   -0.000065    0.000246   -0.000065    0.000222   -0.000299    0.000239   -0.000299
   -0.000817   -0.000175   -0.000021   -0.000175   -0.000817   -0.000099   -0.000899   -0.000099
   -0.001434   -0.000175   -0.000126   -0.000175   -0.001434   -0.000099    0.001116   -0.000099
   -0.000817   -0.000065   -0.000021   -0.000065   -0.000817   -0.000299   -0.000899   -0.000299
   -0.000747   -0.000065   -0.000815   -0.000065   -0.000747   -0.000299   -0.000693   -0.000299
    0.000222   -0.000175    0.000246   -0.000175    0.000222   -0.000099    0.000239   -0.000099
   -0.000821   -0.000175   -0.000764   -0.000175   -0.000821   -0.000099   -0.000793   -0.000099
    0.000222   -0.000065    0.000246   -0.000065    0.000222   -0.000299    0.000239   -0.000299

   -0.000299    0.000222   -0.000065    0.000246   -0.000065    0.000222   -0.000299    0.000239
   -0.000299   -0.000817   -0.000065   -0.000021   -0.000065   -0.000817   -0.000299   -0.000899
   -0.000099   -0.001434   -0.000175   -0.000126   -0.000175   -0.001434   -0.000099    0.001116
   -0.000099   -0.000817   -0.000175   -0.000021   -0.000175   -0.000817   -0.000099   -0.000899
   -0.000099   -0.000821   -0.000175   -0.000764   -0.000175   -0.000821   -0.000099   -0.000793
   -0.000099   -0.001434   -0.000175   -0.000126   -0.000175   -0.001434   -0.000099    0.001116
   -0.021936   -0.019675   -0.001867   -0.000725   -0.001867   -0.019675   -0.021936    5.674098
   -0.021936   -0.001434   -0.001867   -0.000126   -0.001867   -0.001434   -0.021936    0.001116
   -0.000099    0.000222   -0.000175    0.000246   -0.000175    0.000222   -0.000099    0.000239
   -0.000099   -0.000817   -0.000175   -0.000021   -0.000175   -0.000817   -0.000099   -0.000899
   -0.021936   -0.001434   -0.001867   -0.000126   -0.001867   -0.001434   -0.021936    0.001116
   -0.021936   -0.000817   -0.001867   -0.000021   -0.001867   -0.000817   -0.021936   -0.000899
   -0.000299   -0.000747   -0.000065   -0.000815   -0.000065   -0.000747   -0.000299   -0.000693
   -0.000299    0.000222   -0.000065    0.000246   -0.000065    0.000222   -0.000299    0.000239
   -0.000099   -0.000821   -0.000175   -0.000764   -0.000175   -0.000821   -0.000099   -0.000793
   -0.000099    0.000222   -0.000175    0.000246   -0.000175    0.000222   -0.000099    0.000239

   -0.000899   -0.000099   -0.000817   -0.000175   -0.000021   -0.000175   -0.000817   -0.000099
    0.000239   -0.000099    0.000222   -0.000175    0.000246   -0.000175    0.000222   -0.000099
   -0.000899   -0.021936   -0.000817   -0.001867   -0.000021   -0.001867   -0.000817   -0.021936
    0.001116   -0.021936   -0.001434   -0.001867   -0.000126   -0.001867   -0.001434   -0.021936
    0.001116   -0.000099   -0.001434   -0.000175   -0.000126   -0.000175   -0.001434   -0.000099
   -0.000793   -0.000099   -0.000821   -0.000175   -0.000764   -0.000175   -0.000821   -0.000099
    0.001116   -0.021936   -0.001434   -0.001867   -0.000126   -0.001867   -0.001434   -0.021936
    5.674098   -0.021936   -0.019675   -0.001867   -0.000725   -0.001867   -0.019675   -0.021936
   -0.000899   -0.000299   -0.000817   -0.000065   -0.000021   -0.000065   -0.000817   -0.000299
    0.000239   -0.000299    0.000222   -0.000065    0.000246   -0.000065    0.000222   -0.000299
   -0.000899   -0.000099   -0.000817   -0.000175   -0.000021   -0.000175   -0.000817   -0.000099
    0.001116   -0.000099   -0.001434   -0.000175   -0.000126   -0.000175   -0.001434   -0.000099
    0.000239   -0.000299    0.000222   -0.000065    0.000246   -0.000065    0.000222   -0.000299
   -0.000693   -0.000299   -0.000747   -0.000065   -0.000815   -0.000065   -0.000747   -0.000299
    0.000239   -0.000099    0.000222   -0.000175    0.000246   -0.000175    0.000222   -0.000099
   -0.000793   -0.000099   -0.000821   -0.000175   -0.000764   -0.000175   -0.000821   -0.000099

   -0.000099   -0.000899   -0.000099   -0.000817   -0.000175   -0.000021   -0.000175   -0.000817
   -0.000299    0.000239   -0.000299    0.000222   -0.000065    0.000246   -0.000065    0.000222
   -0.000299   -0.000899   -0.000299   -0.000817   -0.000065   -0.000021   -0.000065   -0.000817
   -0.000099    0.001116   -0.000099   -0.001434   -0.000175   -0.000126   -0.000175   -0.001434
   -0.021936    0.001116   -0.021936   -0.001434   -0.001867   -0.000126   -0.001867   -0.001434
   -0.000099   -0.000793   -0.000099   -0.000821   -0.000175   -0.000764   -0.000175   -0.000821
   -0.000099    0.001116   -0.000099   -0.001434   -0.000175   -0.000126   -0.000175   -0.001434
   -0.021936    5.674098   -0.021936   -0.019675   -0.001867   -0.000725   -0.001867   -0.019675
   -0.021936   -0.000899   -0.021936   -0.000817   -0.001867   -0.000021   -0.001867   -0.000817
   -0.000099    0.000239   -0.000099    0.000222   -0.000175    0.000246   -0.000175    0.000222
   -0.000099   -0.000899   -0.000099   -0.000817   -0.000175   -0.000021   -0.000175   -0.000817
   -0.021936    0.001116   -0.021936   -0.001434   -0.001867   -0.000126   -0.001867   -0.001434
   -0.000099    0.000239   -0.000099    0.000222   -0.000175    0.000246   -0.000175    0.000222
   -0.000299   -0.000693   -0.000299   -0.000747   -0.000065   -0.000815   -0.000065   -0.000747
   -0.000299    0.000239   -0.000299    0.000222   -0.000065    0.000246   -0.000065    0.000222
   -0.000099   -0.000793   -0.000099   -0.000821   -0.000175   -0.000764   -0.000175   -0.000821

   -0.000817   -0.000099   -0.000899   -0.000099   -0.000817   -0.000175   -0.000021   -0.000175
    0.000222   -0.000099    0.000239   -0.000099    0.000222   -0.000175    0.000246   -0.000175
   -0.000817   -0.021936   -0.000899   -0.021936   -0.000817   -0.001867   -0.000021   -0.001867
   -0.001434   -0.021936    0.001116   -0.021936   -0.001434   -0.001867   -0.000126   -0.001867
   -0.001434   -0.000099    0.001116   -0.000099   -0.001434   -0.000175   -0.000126   -0.000175
   -0.000821   -0.000099   -0.000793   -0.000099   -0.000821   -0.000175   -0.000764   -0.000175
   -0.001434   -0.021936    0.001116   -0.021936   -0.001434   -0.001867   -0.000126   -0.001867
   -0.019675   -0.021936    5.674098   -0.021936   -0.019675   -0.001867   -0.000725   -0.001867
   -0.000817   -0.000299   -0.000899   -0.000299   -0.000817   -0.000065   -0.000021   -0.000065
    0.000222   -0.000299    0.000239   -0.000299    0.000222   -0.000065    0.000246   -0.000065
   -0.000817   -0.000099   -0.000899   -0.000099   -0.000817   -0.000175   -0.000021   -0.000175
   -0.001434   -0.000099    0.001116   -0.000099   -0.001434   -0.000175   -0.000126   -0.000175
    0.000222   -0.000299    0.000239   -0.000299    0.000222   -0.000065    0.000246   -0.000065
   -0.000747   -0.000299   -0.000693   -0.000299   -0.000747   -0.000065   -0.000815   -0.000065
    0.000222   -0.000099    0.000239   -0.000099    0.000222   -0.000175    0.000246   -0.000175
   -0.000821   -0.000099   -0.000793   -0.000099   -0.000821   -0.000175   -0.000764   -0.000175

   -0.000175   -0.000817   -0.000099   -0.000899   -0.000099   -0.000817   -0.000175   -0.000021
   -0.000065    0.000222   -0.000299    0.000239   -0.000299    0.000222   -0.000065    0.000246
   -0.000065   -0.000817   -0.000299   -0.000899   -0.000299   -0.000817   -0.000065   -0.000021
   -0.000175   -0.001434   -0.000099    0.001116   -0.000099   -0.001434   -0.000175   -0.000126
   -0.001867   -0.001434   -0.021936    0.001116   -0.021936   -0.001434   -0.001867   -0.000126
   -0.000175   -0.000821   -0.000099   -0.000793   -0.000099   -0.000821   -0.000175   -0.000764
   -0.000175   -0.001434   -0.000099    0.001116   -0.000099   -0.001434   -0.000175   -0.000126
   -0.001867   -0.019675   -0.021936    5.674098   -0.021936   -0.019675   -0.001867   -0.000725
   -0.001867   -0.000817   -0.021936   -0.000899   -0.021936   -0.000817   -0.001867   -0.000021
   -0.000175    0.000222   -0.000099    0.000239   -0.000099    0.000222   -0.000175    0.000246
   -0.000175   -0.000817   -0.000099   -0.000899   -0.000099   -0.000817   -0.000175   -0.000021
   -0.001867   -0.001434   -0.021936    0.001116   -0.021936   -0.001434   -0.001867   -0.000126
   -0.000175    0.000222   -0.000099    0.000239   -0.000099    0.000222   -0.000175    0.000246
   -0.000065   -0.000747   -0.000299   -0.000693   -0.000299   -0.000747   -0.000065   -0.000815
   -0.000065    0.000222   -0.000299    0.000239   -0.000299    0.000222   -0.000065    0.000246
   -0.000175   -0.000821   -0.000099   -0.000793   -0.000099   -0.000821   -0.000175   -0.000764

   -0.000021   -0.000175   -0.000817   -0.000099   -0.000899   -0.000099   -0.000817   -0.000175
    0.000246   -0.000175    0.000222   -0.000099    0.000239   -0.000099    0.000222   -0.000175
   -0.000021   -0.001867   -0.000817   -0.021936   -0.000899   -0.021936   -0.000817   -0.001867
   -0.000126   -0.001867   -0.001434   -0.021936    0.001116   -0.021936   -0.001434   -0.001867
   -0.000126   -0.000175   -0.001434   -0.000099    0.001116   -0.000099   -0.001434   -0.000175
   -0.000764   -0.000175   -0.000821   -0.000099   -0.000793   -0.000099   -0.000821   -0.000175
   -0.000126   -0.001867   -0.001434   -0.021936    0.001116   -0.021936   -0.001434   -0.001867
   -0.000725   -0.001867   -0.019675   -0.021936    5.674098   -0.021936   -0.019675   -0.001867
   -0.000021   -0.000065   -0.000817   -0.000299   -0.000899   -0.000299   -0.000817   -0.000065
    0.000246   -0.000065    0.000222   -0.000299    0.000239   -0.000299    0.000222   -0.000065
   -0.000021   -0.000175   -0.000817   -0.000099   -0.000899   -0.000099   -0.000817   -0.000175
   -0.000126   -0.000175   -0.001434   -0.000099    0.001116   -0.000099   -0.001434   -0.000175
    0.000246   -0.000065    0.000222   -0.000299    0.000239   -0.000299    0.000222   -0.000065
   -0.000815   -0.000065   -0.000747   -0.000299   -0.000693   -0.000299   -0.000747   -0.000065
    0.000246   -0.000175    0.000222   -0.000099    0.000239   -0.000099    0.000222   -0.000175
   -0.000764   -0.000175   -0.000821   -0.000099   -0.000793   -0.000099   -0.000821   -0.000175

   -0.000175   -0.000021   -0.000175   -0.000817   -0.000099   -0.000899   -0.000099   -0.000817
   -0.000065    0.000246   -0.000065    0.000222   -0.000299    0.000239   -0.000299    0.000222
   -0.000065   -0.000021   -0.000065   -0.000817   -0.000299   -0.000899   -0.000299   -0.000817
   -0.000175   -0.000126   -0.000175   -0.001434   -0.000099    0.001116   -0.000099   -0.001434
   -0.001867   -0.000126   -0.001867   -0.001434   -0.021936    0.001116   -0.021936   -0.001434
   -0.000175   -0.000764   -0.000175   -0.000821   -0.000099   -0.000793   -0.000099   -0.000821
   -0.000175   -0.000126   -0.000175   -0.001434   -0.000099    0.001116   -0.000099   -0.001434
   -0.001867   -0.000725   -0.001867   -0.019675   -0.021936    5.674098   -0.021936   -0.019675
   -0.001867   -0.000021   -0.001867   -0.000817   -0.021936   -0.000899   -0.021936   -0.000817
   -0.000175    0.000246   -0.000175    0.000222   -0.000099    0.000239   -0.000099    0.000222
   -0.000175   -0.000021   -0.000175   -0.000817   -0.000099   -0.000899   -0.000099   -0.000817
   -0.001867   -0.000126   -0.001867   -0.001434   -0.021936    0.001116   -0.021936   -0.001434
   -0.000175    0.000246   -0.000175    0.000222   -0.000099    0.000239   -0.000099    0.000222
   -0.000065   -0.000815   -0.000065   -0.000747   -0.000299   -0.000693   -0.000299   -0.000747
   -0.000065    0.000246   -0.000065    0.000222   -0.000299    0.000239   -0.000299    0.000222
   -0.000175   -0.000764   -0.000175   -0.000821   -0.000099   -0.000793   -0.000099   -0.000821

   -0.000817   -0.000175   -0.000021   -0.000175   -0.000817   -0.000099   -0.000899   -0.000099
    0.000222   -0.000175    0.000246   -0.000175    0.000222   -0.000099    0.000239   -0.000099
   -0.000817   -0.001867   -0.000021   -0.001867   -0.000817   -0.021936   -0.000899   -0.021936
   -0.001434   -0.001867   -0.000126   -0.001867   -0.001434   -0.021936    0.001116   -0.021936
   -0.001434   -0.000175   -0.000126   -0.000175   -0.001434   -0.000099    0.001116   -0.000099
   -0.000821   -0.000175   -0.000764   -0.000175   -0.000821   -0.000099   -0.000793   -0.000099
   -0.001434   -0.001867   -0.000126   -0.001867   -0.001434   -0.021936    0.001116   -0.021936
   -0.019675   -0.001867   -0.000725   -0.001867   -0.019675   -0.021936    5.674098   -0.021936
   -0.000817   -0.000065   -0.000021   -0.000065   -0.000817   -0.000299   -0.000899   -0.000299
    0.000222   -0.000065    0.000246   -0.000065    0.000222   -0.000299    0.000239   -0.000299
   -0.000817   -0.000175   -0.000021   -0.000175   -0.000817   -0.000099   -0.000899   -0.000099
   -0.001434   -0.000175   -0.000126   -0.000175   -0.001434   -0.000099    0.001116   -0.000099
    0.000222   -0.000065    0.000246   -0.000065    0.000222   -0.000299    0.000239   -0.000299
   -0.000747   -0.000065   -0.000815   -0.000065   -0.000747   -0.000299   -0.000693   -0.000299
    0.000222   -0.000175    0.000246   -0.000175    0.000222   -0.000099    0.000239   -0.000099
   -0.000821   -0.000175   -0.000764   -0.000175   -0.000821   -0.000099   -0.000793   -0.000099

   -0.000099   -0.000817   -0.000175   -0.000021   -0.000175   -0.000817   -0.000099   -0.000899
   -0.000299    0.000222   -0.000065    0.000246   -0.000065    0.000222   -0.000299    0.000239
   -0.000299   -0.000817   -0.000065   -0.000021   -0.000065   -0.000817   -0.000299   -0.000899
   -0.000099   -0.001434   -0.000175   -0.000126   -0.000175   -0.001434   -0.000099    0.001116
   -0.021936   -0.001434   -0.001867   -0.000126   -0.001867   -0.001434   -0.021936    0.001116
   -0.000099   -0.000821   -0.000175   -0.000764   -0.000175   -0.000821   -0.000099   -0.000793
   -0.000099   -0.001434   -0.000175   -0.000126   -0.000175   -0.001434   -0.000099    0.001116
   -0.021936   -0.019675   -0.001867   -0.000725   -0.001867   -0.019675   -0.021936    5.674098
   -0.021936   -0.000817   -0.001867   -0.000021   -0.001867   -0.000817   -0.021936   -0.000899
   -0.000099    0.000222   -0.000175    0.000246   -0.000175    0.000222   -0.000099    0.000239
   -0.000099   -0.000817   -0.000175   -0.000021   -0.000175   -0.000817   -0.000099   -0.000899
   -0.021936   -0.001434   -0.001867   -0.000126   -0.001867   -0.001434   -0.021936    0.001116
   -0.000099    0.000222   -0.000175    0.000246   -0.000175    0.000222   -0.000099    0.000239
   -0.000299   -0.000747   -0.000065   -0.000815   -0.000065   -0.000747   -0.000299   -0.000693
   -0.000299    0.000222   -0.000065    0.000246   -0.000065    0.000222   -0.000299    0.000239
   -0.000099   -0.000821   -0.000175   -0.000764   -0.000175   -0.000821   -0.000099   -0.000793

   -0.000793   -0.000099   -0.000821   -0.000175   -0.000764   -0.000175   -0.000821   -0.000099
    0.000239   -0.000299    0.000222   -0.000065    0.000246   -0.000065    0.000222   -0.000299
   -0.000693   -0.000299   -0.000747   -0.000065   -0.000815   -0.000065   -0.000747   -0.000299
    0.000239   -0.000099    0.000222   -0.000175    0.000246   -0.000175    0.000222   -0.000099
    0.001116   -0.021936   -0.001434   -0.001867   -0.000126   -0.001867   -0.001434   -0.021936
   -0.000899   -0.000099   -0.000817   -0.000175   -0.000021   -0.000175   -0.000817   -0.000099
    0.000239   -0.000099    0.000222   -0.000175    0.000246   -0.000175    0.000222   -0.000099
   -0.000899   -0.021936   -0.000817   -0.001867   -0.000021   -0.001867   -0.000817   -0.021936
    5.674098   -0.021936   -0.019675   -0.001867   -0.000725   -0.001867   -0.019675   -0.021936
    0.001116   -0.000099   -0.001434   -0.000175   -0.000126   -0.000175   -0.001434   -0.000099
   -0.000793   -0.000099   -0.000821   -0.000175   -0.000764   -0.000175   -0.000821   -0.000099
    0.001116   -0.021936   -0.001434   -0.001867   -0.000126   -0.001867   -0.001434   -0.021936
    0.001116   -0.000099   -0.001434   -0.000175   -0.000126   -0.000175   -0.001434   -0.000099
   -0.000899   -0.000299   -0.000817   -0.000065   -0.000021   -0.000065   -0.000817   -0.000299
    0.000239   -0.000299    0.000222   -0.000065    0.000246   -0.000065    0.000222   -0.000299
   -0.000899   -0.000099   -0.000817   -0.000175   -0.000021   -0.000175   -0.000817   -0.000099

   -0.000099   -0.000793   -0.000099   -0.000821   -0.000175   -0.000764   -0.000175   -0.000821
   -0.000099    0.000239   -0.000099    0.000222   -0.000175    0.000246   -0.000175    0.000222
   -0.000299   -0.000693   -0.000299   -0.000747   -0.000065   -0.000815   -0.000065   -0.000747
   -0.000299    0.000239   -0.000299    0.000222   -0.000065    0.000246   -0.000065    0.000222
   -0.000099    0.001116   -0.000099   -0.001434   -0.000175   -0.000126   -0.000175   -0.001434
   -0.000099   -0.000899   -0.000099   -0.000817   -0.000175   -0.000021   -0.000175   -0.000817
   -0.000299    0.000239   -0.000299    0.000222   -0.000065    0.000246   -0.000065    0.000222
   -0.000299   -0.000899   -0.000299   -0.000817   -0.000065   -0.000021   -0.000065   -0.000817
   -0.021936    5.674098   -0.021936   -0.019675   -0.001867   -0.000725   -0.001867   -0.019675
   -0.021936    0.001116   -0.021936   -0.001434   -0.001867   -0.000126   -0.001867   -0.001434
   -0.000099   -0.000793   -0.000099   -0.000821   -0.000175   -0.000764   -0.000175   -0.000821
   -0.000099    0.001116   -0.000099   -0.001434   -0.000175   -0.000126   -0.000175   -0.001434
   -0.021936    0.001116   -0.021936   -0.001434   -0.001867   -0.000126   -0.001867   -0.001434
   -0.021936   -0.000899   -0.021936   -0.000817   -0.001867   -0.000021   -0.001867   -0.000817
   -0.000099    0.000239   -0.000099    0.000222   -0.000175    0.000246   -0.000175    0.000222
   -0.000099   -0.000899   -0.000099   -0.000817   -0.000175   -0.000021   -0.000175   -0.000817

   -0.000821   -0.000099   -0.000793   -0.000099   -0.000821   -0.000175   -0.000764   -0.000175
    0.000222   -0.000299    0.000239   -0.000299    0.000222   -0.000065    0.000246   -0.000065
   -0.000747   -0.000299   -0.000693   -0.000299   -0.000747   -0.000065   -0.000815   -0.000065
    0.000222   -0.000099    0.000239   -0.000099    0.000222   -0.000175    0.000246   -0.000175
   -0.001434   -0.021936    0.001116   -0.021936   -0.001434   -0.001867   -0.000126   -0.001867
   -0.000817   -0.000099   -0.000899   -0.000099   -0.000817   -0.000175   -0.000021   -0.000175
    0.000222   -0.000099    0.000239   -0.000099    0.000222   -0.000175    0.000246   -0.000175
   -0.000817   -0.021936   -0.000899   -0.021936   -0.000817   -0.001867   -0.000021   -0.001867
   -0.019675   -0.021936    5.674098   -0.021936   -0.019675   -0.001867   -0.000725   -0.001867
   -0.001434   -0.000099    0.001116   -0.000099   -0.001434   -0.000175   -0.000126   -0.000175
   -0.000821   -0.000099   -0.000793   -0.000099   -0.000821   -0.000175   -0.000764   -0.000175
   -0.001434   -0.021936    0.001116   -0.021936   -0.001434   -0.001867   -0.000126   -0.001867
   -0.001434   -0.000099    0.001116   -0.000099   -0.001434   -0.000175   -0.000126   -0.000175
   -0.000817   -0.000299   -0.000899   -0.000299   -0.000817   -0.000065   -0.000021   -0.000065
    0.000222   -0.000299    0.000239   -0.000299    0.000222   -0.000065    0.000246   -0.000065
   -0.000817   -0.000099   -0.000899   -0.000099   -0.000817   -0.000175   -0.000021   -0.000175

   -0.000175   -0.000821   -0.000099   -0.000793   -0.000099   -0.000821   -0.000175   -0.000764
   -0.000175    0.000222   -0.000099    0.000239   -0.000099    0.000222   -0.000175    0.000246
   -0.000065   -0.000747   -0.000299   -0.000693   -0.000299   -0.000747   -0.000065   -0.000815
   -0.000065    0.000222   -0.000299    0.000239   -0.000299    0.000222   -0.000065    0.000246
   -0.000175   -0.001434   -0.000099    0.001116   -0.000099   -0.001434   -0.000175   -0.000126
   -0.000175   -0.000817   -0.000099   -0.000899   -0.000099   -0.000817   -0.000175   -0.000021
   -0.000065    0.000222   -0.000299    0.000239   -0.000299    0.000222   -0.000065    0.000246
   -0.000065   -0.000817   -0.000299   -0.000899   -0.000299   -0.000817   -0.000065   -0.000021
   -0.001867   -0.019675   -0.021936    5.674098   -0.021936   -0.019675   -0.001867   -0.000725
   -0.001867   -0.001434   -0.021936    0.001116   -0.021936   -0.001434   -0.001867   -0.000126
   -0.000175   -0.000821   -0.000099   -0.000793   -0.000099   -0.000821   -0.000175   -0.000764
   -0.000175   -0.001434   -0.000099    0.001116   -0.000099   -0.001434   -0.000175   -0.000126
   -0.001867   -0.001434   -0.021936    0.001116   -0.021936   -0.001434   -0.001867   -0.000126
   -0.001867   -0.000817   -0.021936   -0.000899   -0.021936   -0.000817   -0.001867   -0.000021
   -0.000175    0.000222   -0.000099    0.000239   -0.000099    0.000222   -0.000175    0.000246
   -0.000175   -0.000817   -0.000099   -0.000899   -0.000099   -0.000817   -0.000175   -0.000021

   -0.000764   -0.000175   -0.000821   -0.000099   -0.000793   -0.000099   -0.000821   -0.000175
    0.000246   -0.000065    0.000222   -0.000299    0.000239   -0.000299    0.000222   -0.000065
   -0.000815   -0.000065   -0.000747   -0.000299   -0.000693   -0.000299   -0.000747   -0.000065
    0.000246   -0.000175    0.000222   -0.000099    0.000239   -0.000099    0.000222   -0.000175
   -0.000126   -0.001867   -0.001434   -0.021936    0.001116   -0.021936   -0.001434   -0.001867
   -0.000021   -0.000175   -0.000817   -0.000099   -0.000899   -0.000099   -0.000817   -0.000175
    0.000246   -0.000175    0.000222   -0.000099    0.000239   -0.000099    0.000222   -0.000175
   -0.000021   -0.001867   -0.000817   -0.021936   -0.000899   -0.021936   -0.000817   -0.001867
   -0.000725   -0.001867   -0.019675   -0.021936    5.674098   -0.021936   -0.019675   -0.001867
   -0.000126   -0.000175   -0.001434   -0.000099    0.001116   -0.000099   -0.001434   -0.000175
   -0.000764   -0.000175   -0.000821   -0.000099   -0.000793   -0.000099   -0.000821   -0.000175
   -0.000126   -0.001867   -0.001434   -0.021936    0.001116   -0.021936   -0.001434   -0.001867
   -0.000126   -0.000175   -0.001434   -0.000099    0.001116   -0.000099   -0.001434   -0.000175
   -0.000021   -0.000065   -0.000817   -0.000299   -0.000899   -0.000299   -0.000817   -0.000065
    0.000246   -0.000065    0.000222   -0.000299    0.000239   -0.000299    0.000222   -0.000065
   -0.000021   -0.000175   -0.000817   -0.000099   -0.000899   -0.000099   -0.000817   -0.000175

   -0.000175   -0.000764   -0.000175   -0.000821   -0.000099   -0.000793   -0.000099   -0.000821
   -0.000175    0.000246   -0.000175    0.000222   -0.000099    0.000239   -0.000099    0.000222
   -0.000065   -0.000815   -0.000065   -0.000747   -0.000299   -0.000693   -0.000299   -0.000747
   -0.000065    0.000246   -0.000065    0.000222   -0.000299    0.000239   -0.000299    0.000222
   -0.000175   -0.000126   -0.000175   -0.001434   -0.000099    0.001116   -0.000099   -0.001434
   -0.000175   -0.000021   -0.000175   -0.000817   -0.000099   -0.000899   -0.000099   -0.000817
   -0.000065    0.000246   -0.000065    0.000222   -0.000299    0.000239   -0.000299    0.000222
   -0.000065   -0.000021   -0.000065   -0.000817   -0.000299   -0.000899   -0.000299   -0.000817
   -0.001867   -0.000725   -0.001867   -0.019675   -0.021936    5.674098   -0.021936   -0.019675
   -0.001867   -0.000126   -0.001867   -0.001434   -0.021936    0.001116   -0.021936   -0.001434
   -0.000175   -0.000764   -0.000175   -0.000821   -0.000099   -0.000793   -0.000099   -0.000821
   -0.000175   -0.000126   -0.000175   -0.001434   -0.000099    0.001116   -0.000099   -0.001434
   -0.001867   -0.000126   -0.001867   -0.001434   -0.021936    0.001116   -0.021936   -0.001434
   -0.001867   -0.000021   -0.001867   -0.000817   -0.021936   -0.000899   -0.021936   -0.000817
   -0.000175    0.000246   -0.000175    0.000222   -0.000099    0.000239   -0.000099    0.000222
   -0.000175   -0.000021   -0.000175   -0.000817   -0.000099   -0.000899   -0.000099   -0.000817

   -0.000821   -0.000175   -0.000764   -0.000175   -0.000821   -0.000099   -0.000793   -0.000099
    0.000222   -0.000065    0.000246   -0.000065    0.000222   -0.000299    0.000239   -0.000299
   -0.000747   -0.000065   -0.000815   -0.000065   -0.000747   -0.000299   -0.000693   -0.000299
    0.000222   -0.000175    0.000246   -0.000175    0.000222   -0.000099    0.000239   -0.000099
   -0.001434   -0.001867   -0.000126   -0.001867   -0.001434   -0.021936    0.001116   -0.021936
   -0.000817   -0.000175   -0.000021   -0.000175   -0.000817   -0.000099   -0.000899   -0.000099
    0.000222   -0.000175    0.000246   -0.000175    0.000222   -0.000099    0.000239   -0.000099
   -0.000817   -0.001867   -0.000021   -0.001867   -0.000817   -0.021936   -0.000899   -0.021936
   -0.019675   -0.001867   -0.000725   -0.001867   -0.019675   -0.021936    5.674098   -0.021936
   -0.001434   -0.000175   -0.000126   -0.000175   -0.001434   -0.000099    0.001116   -0.000099
   -0.000821   -0.000175   -0.000764   -0.000175   -0.000821   -0.000099   -0.000793   -0.000099
   -0.001434   -0.001867   -0.000126   -0.001867   -0.001434   -0.021936    0.001116   -0.021936
   -0.001434   -0.000175   -0.000126   -0.000175   -0.001434   -0.000099    0.001116   -0.000099
   -0.000817   -0.000065   -0.000021   -0.000065   -0.000817   -0.000299   -0.000899   -0.000299
    0.000222   -0.000065    0.000246   -0.000065    0.000222   -0.000299    0.000239   -0.000299
   -0.000817   -0.000175   -0.000021   -0.000175   -0.000817   -0.000099   -0.000899   -0.000099

   -0.000099   -0.000821   -0.000175   -0.000764   -0.000175   -0.000821   -0.000099   -0.000793
   -0.000099    0.000222   -0.000175    0.000246   -0.000175    0.000222   -0.000099    0.000239
   -0.000299   -0.000747   -0.000065   -0.000815   -0.000065   -0.000747   -0.000299   -0.000693
   -0.000299    0.000222   -0.000065    0.000246   -0.000065    0.000222   -0.000299    0.000239
   -0.000099   -0.001434   -0.000175   -0.000126   -0.000175   -0.001434   -0.000099    0.001116
   -0.000099   -0.000817   -0.000175   -0.000021   -0.000175   -0.000817   -0.000099   -0.000899
   -0.000299    0.000222   -0.000065    0.000246   -0.000065    0.000222   -0.000299    0.000239
   -0.000299   -0.000817   -0.000065   -0.000021   -0.000065   -0.000817   -0.000299   -0.000899
   -0.021936   -0.019675   -0.001867   -0.000725   -0.001867   -0.019675   -0.021936    5.674098
   -0.021936   -0.001434   -0.001867   -0.000126   -0.001867   -0.001434   -0.021936    0.001116
   -0.000099   -0.000821   -0.000175   -0.000764   -0.000175   -0.000821   -0.000099   -0.000793
   -0.000099   -0.001434   -0.000175   -0.000126   -0.000175   -0.001434   -0.000099    0.001116
   -0.021936   -0.001434   -0.001867   -0.000126   -0.001867   -0.001434   -0.021936    0.001116
   -0.021936   -0.000817   -0.001867   -0.000021   -0.001867   -0.000817   -0.021936   -0.000899
   -0.000099    0.000222   -0.000175    0.000246   -0.000175    0.000222   -0.000099    0.000239
   -0.000099   -0.000817   -0.000175   -0.000021   -0.000175   -0.000817   -0.000099   -0.000899

    0.000239   -0.000099    0.000222   -0.000175    0.000246   -0.000175    0.000222   -0.000099
   -0.000793   -0.000099   -0.000821   -0.000175   -0.000764   -0.000175   -0.000821   -0.000099
    0.000239   -0.000299    0.000222   -0.000065    0.000246   -0.000065    0.000222   -0.000299
   -0.000693   -0.000299   -0.000747   -0.000065   -0.000815   -0.000065   -0.000747   -0.000299
   -0.000899   -0.021936   -0.000817   -0.001867   -0.000021   -0.001867   -0.000817   -0.021936
    0.001116   -0.021936   -0.001434   -0.001867   -0.000126   -0.001867   -0.001434   -0.021936
   -0.000899   -0.000099   -0.000817   -0.000175   -0.000021   -0.000175   -0.000817   -0.000099
    0.000239   -0.000099    0.000222   -0.000175    0.000246   -0.000175    0.000222   -0.000099
    0.001116   -0.021936   -0.001434   -0.001867   -0.000126   -0.001867   -0.001434   -0.021936
    5.674098   -0.021936   -0.019675   -0.001867   -0.000725   -0.001867   -0.019675   -0.021936
    0.001116   -0.000099   -0.001434   -0.000175   -0.000126   -0.000175   -0.001434   -0.000099
   -0.000793   -0.000099   -0.000821   -0.000175   -0.000764   -0.000175   -0.000821   -0.000099
   -0.000899   -0.000099   -0.000817   -0.000175   -0.000021   -0.000175   -0.000817   -0.000099
    0.001116   -0.000099   -0.001434   -0.000175   -0.000126   -0.000175   -0.001434   -0.000099
   -0.000899   -0.000299   -0.000817   -0.000065   -0.000021   -0.000065   -0.000817   -0.000299
    0.000239   -0.000299    0.000222   -0.000065    0.000246   -0.000065    0.000222   -0.000299

   -0.000299    0.000239   -0.000299    0.000222   -0.000065    0.000246   -0.000065    0.000222
   -0.000099   -0.000793   -0.000099   -0.000821   -0.000175   -0.000764   -0.000175   -0.000821
   -0.000099    0.000239   -0.000099    0.000222   -0.000175    0.000246   -0.000175    0.000222
   -0.000299   -0.000693   -0.000299   -0.000747   -0.000065   -0.000815   -0.000065   -0.000747
   -0.000299   -0.000899   -0.000299   -0.000817   -0.000065   -0.000021   -0.000065   -0.000817
   -0.000099    0.001116   -0.000099   -0.001434   -0.000175   -0.000126   -0.000175   -0.001434
   -0.000099   -0.000899   -0.000099   -0.000817   -0.000175   -0.000021   -0.000175   -0.000817
   -0.000299    0.000239   -0.000299    0.000222   -0.000065    0.000246   -0.000065    0.000222
   -0.000099    0.001116   -0.000099   -0.001434   -0.000175   -0.000126   -0.000175   -0.001434
   -0.021936    5.674098   -0.021936   -0.019675   -0.001867   -0.000725   -0.001867   -0.019675
   -0.021936    0.001116   -0.021936   -0.001434   -0.001867   -0.000126   -0.001867   -0.001434
   -0.000099   -0.000793   -0.000099   -0.000821   -0.000175   -0.000764   -0.000175   -0.000821
   -0.000099   -0.000899   -0.000099   -0.000817   -0.000175   -0.000021   -0.000175   -0.000817
   -0.021936    0.001116   -0.021936   -0.001434   -0.001867   -0.000126   -0.001867   -0.001434
   -0.021936   -0.000899   -0.021936   -0.000817   -0.001867   -0.000021   -0.001867   -0.000817
   -0.000099    0.000239   -0.000099    0.000222   -0.000175    0.000246   -0.000175    0.000222

    0.000222   -0.000099    0.000239   -0.000099    0.000222   -0.000175    0.000246   -0.000175
   -0.000821   -0.000099   -0.000793   -0.000099   -0.000821   -0.000175   -0.000764   -0.000175
    0.000222   -0.000299    0.000239   -0.000299    0.000222   -0.000065    0.000246   -0.000065
   -0.000747   -0.000299   -0.000693   -0.000299   -0.000747   -0.000065   -0.000815   -0.000065
   -0.000817   -0.021936   -0.000899   -0.021936   -0.000817   -0.001867   -0.000021   -0.001867
   -0.001434   -0.021936    0.001116   -0.021936   -0.001434   -0.001867   -0.000126   -0.001867
   -0.000817   -0.000099   -0.000899   -0.000099   -0.000817   -0.000175   -0.000021   -0.000175
    0.000222   -0.000099    0.000239   -0.000099    0.000222   -0.000175    0.000246   -0.000175
   -0.001434   -0.021936    0.001116   -0.021936   -0.001434   -0.001867   -0.000126   -0.001867
   -0.019675   -0.021936    5.674098   -0.021936   -0.019675   -0.001867   -0.000725   -0.001867
   -0.001434   -0.000099    0.001116   -0.000099   -0.001434   -0.000175   -0.000126   -0.000175
   -0.000821   -0.000099   -0.000793   -0.000099   -0.000821   -0.000175   -0.000764   -0.000175
   -0.000817   -0.000099   -0.000899   -0.000099   -0.000817   -0.000175   -0.000021   -0.000175
   -0.001434   -0.000099    0.001116   -0.000099   -0.001434   -0.000175   -0.000126   -0.000175
   -0.000817   -0.000299   -0.000899   -0.000299   -0.000817   -0.000065   -0.000021   -0.000065
    0.000222   -0.000299    0.000239   -0.000299    0.000222   -0.000065    0.000246   -0.000065

   -0.000065    0.000222   -0.000299    0.000239   -0.000299    0.000222   -0.000065    0.000246
   -0.000175   -0.000821   -0.000099   -0.000793   -0.000099   -0.000821   -0.000175   -0.000764
   -0.000175    0.000222   -0.000099    0.000239   -0.000099    0.000222   -0.000175    0.000246
   -0.000065   -0.000747   -0.000299   -0.000693   -0.000299   -0.000747   -0.000065   -0.000815
   -0.000065   -0.000817   -0.000299   -0.000899   -0.000299   -0.000817   -0.000065   -0.000021
   -0.000175   -0.001434   -0.000099    0.001116   -0.000099   -0.001434   -0.000175   -0.000126
   -0.000175   -0.000817   -0.000099   -0.000899   -0.000099   -0.000817   -0.000175   -0.000021
   -0.000065    0.000222   -0.000299    0.000239   -0.000299    0.000222   -0.000065    0.000246
   -0.000175   -0.001434   -0.000099    0.001116   -0.000099   -0.001434   -0.000175   -0.000126
   -0.001867   -0.019675   -0.021936    5.674098   -0.021936   -0.019675   -0.001867   -0.000725
   -0.001867   -0.001434   -0.021936    0.001116   -0.021936   -0.001434   -0.001867   -0.000126
   -0.000175   -0.000821   -0.000099   -0.000793   -0.000099   -0.000821   -0.000175   -0.000764
   -0.000175   -0.000817   -0.000099   -0.000899   -0.000099   -0.000817   -0.000175   -0.000021
   -0.001867   -0.001434   -0.021936    0.001116   -0.021936   -0.001434   -0.001867   -0.000126
   -0.001867   -0.000817   -0.021936   -0.000899   -0.021936   -0.000817   -0.001867   -0.000021
   -0.000175    0.000222   -0.000099    0.000239   -0.000099    0.000222   -0.000175    0.000246

    0.000246   -0.000175    0.000222   -0.000099    0.000239   -0.000099    0.000222   -0.000175
   -0.000764   -0.000175   -0.000821   -0.000099   -0.000793   -0.000099   -0.000821   -0.000175
    0.000246   -0.000065    0.000222   -0.000299    0.000239   -0.000299    0.000222   -0.000065
   -0.000815   -0.000065   -0.000747   -0.000299   -0.000693   -0.000299   -0.000747   -0.000065
   -0.000021   -0.001867   -0.000817   -0.021936   -0.000899   -0.021936   -0.000817   -0.001867
   -0.000126   -0.001867   -0.001434   -0.021936    0.001116   -0.021936   -0.001434   -0.001867
   -0.000021   -0.000175   -0.000817   -0.000099   -0.000899   -0.000099   -0.000817   -0.000175
    0.000246   -0.000175    0.000222   -0.000099    0.000239   -0.000099    0.000222   -0.000175
   -0.000126   -0.001867   -0.001434   -0.021936    0.001116   -0.021936   -0.001434   -0.001867
   -0.000725   -0.001867   -0.019675   -0.021936    5.674098   -0.021936   -0.019675   -0.001867
   -0.000126   -0.000175   -0.001434   -0.000099    0.001116   -0.000099   -0.001434   -0.000175
   -0.000764   -0.000175   -0.000821   -0.000099   -0.000793   -0.000099   -0.000821   -0.000175
   -0.000021   -0.000175   -0.000817   -0.000099   -0.000899   -0.000099   -0.000817   -0.000175
   -0.000126   -0.000175   -0.001434   -0.000099    0.001116   -0.000099   -0.001434   -0.000175
   -0.000021   -0.000065   -0.000817   -0.000299   -0.000899   -0.000299   -0.000817   -0.000065
    0.000246   -0.000065    0.000222   -0.000299    0.000239   -0.000299    0.000222   -0.000065

   -0.000065    0.000246   -0.000065    0.000222   -0.000299    0.000239   -0.000299    0.000222
   -0.000175   -0.000764   -0.000175   -0.000821   -0.000099   -0.000793   -0.000099   -0.000821
   -0.000175    0.000246   -0.000175    0.000222   -0.000099    0.000239   -0.000099    0.000222
   -0.000065   -0.000815   -0.000065   -0.000747   -0.000299   -0.000693   -0.000299   -0.000747
   -0.000065   -0.000021   -0.000065   -0.000817   -0.000299   -0.000899   -0.000299   -0.000817
   -0.000175   -0.000126   -0.000175   -0.001434   -0.000099    0.001116   -0.000099   -0.001434
   -0.000175   -0.000021   -0.000175   -0.000817   -0.000099   -0.000899   -0.000099   -0.000817
   -0.000065    0.000246   -0.000065    0.000222   -0.000299    0.000239   -0.000299    0.000222
   -0.000175   -0.000126   -0.000175   -0.001434   -0.000099    0.001116   -0.000099   -0.001434
   -0.001867   -0.000725   -0.001867   -0.019675   -0.021936    5.674098   -0.021936   -0.019675
   -0.001867   -0.000126   -0.001867   -0.001434   -0.021936    0.001116   -0.021936   -0.001434
   -0.000175   -0.000764   -0.000175   -0.000821   -0.000099   -0.000793   -0.000099   -0.000821
   -0.000175   -0.000021   -0.000175   -0.000817   -0.000099   -0.000899   -0.000099   -0.000817
   -0.001867   -0.000126   -0.001867   -0.001434   -0.021936    0.001116   -0.021936   -0.001434
   -0.001867   -0.000021   -0.001867   -0.000817   -0.021936   -0.000899   -0.021936   -0.000817
   -0.000175    0.000246   -0.000175    0.000222   -0.000099    0.000239   -0.000099    0.000222

    0.000222   -0.000175    0.000246   -0.000175    0.000222   -0.000099    0.000239   -0.000099
   -0.000821   -0.000175   -0.000764   -0.000175   -0.000821   -0.000099   -0.000793   -0.000099
    0.000222   -0.000065    0.000246   -0.000065    0.000222   -0.000299    0.000239   -0.000299
   -0.000747   -0.000065   -0.000815   -0.000065   -0.000747   -0.000299   -0.000693   -0.000299
   -0.000817   -0.001867   -0.000021   -0.001867   -0.000817   -0.021936   -0.000899   -0.021936
   -0.001434   -0.001867   -0.000126   -0.001867   -0.001434   -0.021936    0.001116   -0.021936
   -0.000817   -0.000175   -0.000021   -0.000175   -0.000817   -0.000099   -0.000899   -0.000099
    0.000222   -0.000175    0.000246   -0.000175    0.000222   -0.000099    0.000239   -0.000099
   -0.001434   -0.001867   -0.000126   -0.001867   -0.001434   -0.021936    0.001116   -0.021936
   -0.019675   -0.001867   -0.000725   -0.001867   -0.019675   -0.021936    5.674098   -0.021936
   -0.001434   -0.000175   -0.000126   -0.000175   -0.001434   -0.000099    0.001116   -0.000099
   -0.000821   -0.000175   -0.000764   -0.000175   -0.000821   -0.000099   -0.000793   -0.000099
   -0.000817   -0.000175   -0.000021   -0.000175   -0.000817   -0.000099   -0.000899   -0.000099
   -0.001434   -0.000175   -0.000126   -0.000175   -0.001434   -0.000099    0.001116   -0.000099
   -0.000817   -0.000065   -0.000021   -0.000065   -0.000817   -0.000299   -0.000899   -0.000299
    0.000222   -0.000065    0.000246   -0.000065    0.000222   -0.000299    0.000239   -0.000299

   -0.000299    0.000222   -0.000065    0.000246   -0.000065    0.000222   -0.000299    0.000239
   -0.000099   -0.000821   -0.000175   -0.000764   -0.000175   -0.000821   -0.000099   -0.000793
   -0.000099    0.000222   -0.000175    0.000246   -0.000175    0.000222   -0.000099    0.000239
   -0.000299   -0.000747   -0.000065   -0.000815   -0.000065   -0.000747   -0.000299   -0.000693
   -0.000299   -0.000817   -0.000065   -0.000021   -0.000065   -0.000817   -0.000299   -0.000899
   -0.000099   -0.001434   -0.000175   -0.000126   -0.000175   -0.001434   -0.000099    0.001116
   -0.000099   -0.000817   -0.000175   -0.000021   -0.000175   -0.000817   -0.000099   -0.000899
   -0.000299    0.000222   -0.000065    0.000246   -0.000065    0.000222   -0.000299    0.000239
   -0.000099   -0.001434   -0.000175   -0.000126   -0.000175   -0.001434   -0.000099    0.001116
   -0.021936   -0.019675   -0.001867   -0.000725   -0.001867   -0.019675   -0.021936    5.674098
   -0.021936   -0.001434   -0.001867   -0.000126   -0.001867   -0.001434   -0.021936    0.001116
   -0.000099   -0.000821   -0.000175   -0.000764   -0.000175   -0.000821   -0.000099   -0.000793
   -0.000099   -0.000817   -0.000175   -0.000021   -0.000175   -0.000817   -0.000099   -0.000899
   -0.021936   -0.001434   -0.001867   -0.000126   -0.001867   -0.001434   -0.021936    0.001116
   -0.021936   -0.000817   -0.001867   -0.000021   -0.001867   -0.000817   -0.021936   -0.000899
   -0.000099    0.000222   -0.000175    0.000246   -0.000175    0.000222   -0.000099    0.000239

   -0.000693   -0.000299   -0.000747   -0.000065   -0.000815   -0.000065   -0.000747   -0.000299
    0.000239   -0.000099    0.000222   -0.000175    0.000246   -0.000175    0.000222   -0.000099
   -0.000793   -0.000099   -0.000821   -0.000175   -0.000764   -0.000175   -0.000821   -0.000099
    0.000239   -0.000299    0.000222   -0.000065    0.000246   -0.000065    0.000222   -0.000299
    0.000239   -0.000099    0.000222   -0.000175    0.000246   -0.000175    0.000222   -0.000099
   -0.000899   -0.021936   -0.000817   -0.001867   -0.000021   -0.001867   -0.000817   -0.021936
    0.001116   -0.021936   -0.001434   -0.001867   -0.000126   -0.001867   -0.001434   -0.021936
   -0.000899   -0.000099   -0.000817   -0.000175   -0.000021   -0.000175   -0.000817   -0.000099
   -0.000793   -0.000099   -0.000821   -0.000175   -0.000764   -0.000175   -0.000821   -0.000099
    0.001116   -0.021936   -0.001434   -0.001867   -0.000126   -0.001867   -0.001434   -0.021936
    5.674098   -0.021936   -0.019675   -0.001867   -0.000725   -0.001867   -0.019675   -0.021936
    0.001116   -0.000099   -0.001434   -0.000175   -0.000126   -0.000175   -0.001434   -0.000099
    0.000239   -0.000299    0.000222   -0.000065    0.000246   -0.000065    0.000222   -0.000299
   -0.000899   -0.000099   -0.000817   -0.000175   -0.000021   -0.000175   -0.000817   -0.000099
    0.001116   -0.000099   -0.001434   -0.000175   -0.000126   -0.000175   -0.001434   -0.000099
   -0.000899   -0.000299   -0.000817   -0.000065   -0.000021   -0.000065   -0.000817   -0.000299

   -0.000299   -0.000693   -0.000299   -0.000747   -0.000065   -0.000815   -0.000065   -0.000747
   -0.000299    0.000239   -0.000299    0.000222   -0.000065    0.000246   -0.000065    0.000222
   -0.000099   -0.000793   -0.000099   -0.000821   -0.000175   -0.000764   -0.000175   -0.000821
   -0.000099    0.000239   -0.000099    0.000222   -0.000175    0.000246   -0.000175    0.000222
   -0.000299    0.000239   -0.000299    0.000222   -0.000065    0.000246   -0.000065    0.000222
   -0.000299   -0.000899   -0.000299   -0.000817   -0.000065   -0.000021   -0.000065   -0.000817
   -0.000099    0.001116   -0.000099   -0.001434   -0.000175   -0.000126   -0.000175   -0.001434
   -0.000099   -0.000899   -0.000099   -0.000817   -0.000175   -0.000021   -0.000175   -0.000817
   -0.000099   -0.000793   -0.000099   -0.000821   -0.000175   -0.000764   -0.000175   -0.000821
   -0.000099    0.001116   -0.000099   -0.001434   -0.000175   -0.000126   -0.000175   -0.001434
   -0.021936    5.674098   -0.021936   -0.019675   -0.001867   -0.000725   -0.001867   -0.019675
   -0.021936    0.001116   -0.021936   -0.001434   -0.001867   -0.000126   -0.001867   -0.001434
   -0.000099    0.000239   -0.000099    0.000222   -0.000175    0.000246   -0.000175    0.000222
   -0.000099   -0.000899   -0.000099   -0.000817   -0.000175   -0.000021   -0.000175   -0.000817
   -0.021936    0.001116   -0.021936   -0.001434   -0.001867   -0.000126   -0.001867   -0.001434
   -0.021936   -0.000899   -0.021936   -0.000817   -0.001867   -0.000021   -0.001867   -0.000817

   -0.000747   -0.000299   -0.000693   -0.000299   -0.000747   -0.000065   -0.000815   -0.000065
    0.000222   -0.000099    0.000239   -0.000099    0.000222   -0.000175    0.000246   -0.000175
   -0.000821   -0.000099   -0.000793   -0.000099   -0.000821   -0.000175   -0.000764   -0.000175
    0.000222   -0.000299    0.000239   -0.000299    0.000222   -0.000065    0.000246   -0.000065
    0.000222   -0.000099    0.000239   -0.000099    0.000222   -0.000175    0.000246   -0.000175
   -0.000817   -0.021936   -0.000899   -0.021936   -0.000817   -0.001867   -0.000021   -0.001867
   -0.001434   -0.021936    0.001116   -0.021936   -0.001434   -0.001867   -0.000126   -0.001867
   -0.000817   -0.000099   -0.000899   -0.000099   -0.000817   -0.000175   -0.000021   -0.000175
   -0.000821   -0.000099   -0.000793   -0.000099   -0.000821   -0.000175   -0.000764   -0.000175
   -0.001434   -0.021936    0.001116   -0.021936   -0.001434   -0.001867   -0.000126   -0.001867
   -0.019675   -0.021936    5.674098   -0.021936   -0.019675   -0.001867   -0.000725   -0.001867
   -0.001434   -0.000099    0.001116   -0.000099   -0.001434   -0.000175   -0.000126   -0.000175
    0.000222   -0.000299    0.000239   -0.000299    0.000222   -0.000065    0.000246   -0.000065
   -0.000817   -0.000099   -0.000899   -0.000099   -0.000817   -0.000175   -0.000021   -0.000175
   -0.001434   -0.000099    0.001116   -0.000099   -0.001434   -0.000175   -0.000126   -0.000175
   -0.000817   -0.000299   -0.000899   -0.000299   -0.000817   -0.000065   -0.000021   -0.000065

   -0.000065   -0.000747   -0.000299   -0.000693   -0.000299   -0.000747   -0.000065   -0.000815
   -0.000065    0.000222   -0.000299    0.000239   -0.000299    0.000222   -0.000065    0.000246
   -0.000175   -0.000821   -0.000099   -0.000793   -0.000099   -0.000821   -0.000175   -0.000764
   -0.000175    0.000222   -0.000099    0.000239   -0.000099    0.000222   -0.000175    0.000246
   -0.000065    0.000222   -0.000299    0.000239   -0.000299    0.000222   -0.000065    0.000246
   -0.000065   -0.000817   -0.000299   -0.000899   -0.000299   -0.000817   -0.000065   -0.000021
   -0.000175   -0.001434   -0.000099    0.001116   -0.000099   -0.001434   -0.000175   -0.000126
   -0.000175   -0.000817   -0.000099   -0.000899   -0.000099   -0.000817   -0.000175   -0.000021
   -0.000175   -0.000821   -0.000099   -0.000793   -0.000099   -0.000821   -0.000175   -0.000764
   -0.000175   -0.001434   -0.000099    0.001116   -0.000099   -0.001434   -0.000175   -0.000126
   -0.001867   -0.019675   -0.021936    5.674098   -0.021936   -0.019675   -0.001867   -0.000725
   -0.001867   -0.001434   -0.021936    0.001116   -0.021936   -0.001434   -0.001867   -0.000126
   -0.000175    0.000222   -0.000099    0.000239   -0.000099    0.000222   -0.000175    0.000246
   -0.000175   -0.000817   -0.000099   -0.000899   -0.000099   -0.000817   -0.000175   -0.000021
   -0.001867   -0.001434   -0.021936    0.001116   -0.021936   -0.001434   -0.001867   -0.000126
   -0.001867   -0.000817   -0.021936   -0.000899   -0.021936   -0.000817   -0.001867   -0.000021

   -0.000815   -0.000065   -0.000747   -0.000299   -0.000693   -0.000299   -0.000747   -0.000065
    0.000246   -0.000175    0.000222   -0.000099    0.000239   -0.000099    0.000222   -0.000175
   -0.000764   -0.000175   -0.000821   -0.000099   -0.000793   -0.000099   -0.000821   -0.000175
    0.000246   -0.000065    0.000222   -0.000299    0.000239   -0.000299    0.000222   -0.000065
    0.000246   -0.000175    0.000222   -0.000099    0.000239   -0.000099    0.000222   -0.000175
   -0.000021   -0.001867   -0.000817   -0.021936   -0.000899   -0.021936   -0.000817   -0.001867
   -0.000126   -0.001867   -0.001434   -0.021936    0.001116   -0.021936   -0.001434   -0.001867
   -0.000021   -0.000175   -0.000817   -0.000099   -0.000899   -0.000099   -0.000817   -0.000175
   -0.000764   -0.000175   -0.000821   -0.000099   -0.000793   -0.000099   -0.000821   -0.000175
   -0.000126   -0.001867   -0.001434   -0.021936    0.001116   -0.021936   -0.001434   -0.001867
   -0.000725   -0.001867   -0.019675   -0.021936    5.674098   -0.021936   -0.019675   -0.001867
   -0.000126   -0.000175   -0.001434   -0.000099    0.001116   -0.000099   -0.001434   -0.000175
    0.000246   -0.000065    0.000222   -0.000299    0.000239   -0.000299    0.000222   -0.000065
   -0.000021   -0.000175   -0.000817   -0.000099   -0.000899   -0.000099   -0.000817   -0.000175
   -0.000126   -0.000175   -0.001434   -0.000099    0.001116   -0.000099   -0.001434   -0.000175
   -0.000021   -0.000065   -0.000817   -0.000299   -0.000899   -0.000299   -0.000817   -0.000065

   -0.000065   -0.000815   -0.000065   -0.000747   -0.000299   -0.000693   -0.000299   -0.000747
   -0.000065    0.000246   -0.000065    0.000222   -0.000299    0.000239   -0.000299    0.000222
   -0.000175   -0.000764   -0.000175   -0.000821   -0.000099   -0.000793   -0.000099   -0.000821
   -0.000175    0.000246   -0.000175    0.000222   -0.000099    0.000239   -0.000099    0.000222
   -0.000065    0.000246   -0.000065    0.000222   -0.000299    0.000239   -0.000299    0.000222
   -0.000065   -0.000021   -0.000065   -0.000817   -0.000299   -0.000899   -0.000299   -0.000817
   -0.000175   -0.000126   -0.000175   -0.001434   -0.000099    0.001116   -0.000099   -0.001434
   -0.000175   -0.000021   -0.000175   -0.000817   -0.000099   -0.000899   -0.000099   -0.000817
   -0.000175   -0.000764   -0.000175   -0.000821   -0.000099   -0.000793   -0.000099   -0.000821
   -0.000175   -0.000126   -0.000175   -0.001434   -0.000099    0.001116   -0.000099   -0.001434
   -0.001867   -0.000725   -0.001867   -0.019675   -0.021936    5.674098   -0.021936   -0.019675
   -0.001867   -0.000126   -0.001867   -0.001434   -0.021936    0.001116   -0.021936   -0.001434
   -0.000175    0.000246   -0.000175    0.000222   -0.000099    0.000239   -0.000099    0.000222
   -0.000175   -0.000021   -0.000175   -0.000817   -0.000099   -0.000899   -0.000099   -0.000817
   -0.001867   -0.000126   -0.001867   -0.001434   -0.021936    0.001116   -0.021936   -0.001434
   -0.001867   -0.000021   -0.001867   -0.000817   -0.021936   -0.000899   -0.021936   -0.000817

   -0.000747   -0.000065   -0.000815   -0.000065   -0.000747   -0.000299   -0.000693   -0.000299
    0.000222   -0.000175    0.000246   -0.000175    0.000222   -0.000099    0.000239   -0.000099
   -0.000821   -0.000175   -0.000764   -0.000175   -0.000821   -0.000099   -0.000793   -0.000099
    0.000222   -0.000065    0.000246   -0.000065    0.000222   -0.000299    0.000239   -0.000299
    0.000222   -0.000175    0.000246   -0.000175    0.000222   -0.000099    0.000239   -0.000099
   -0.000817   -0.001867   -0.000021   -0.001867   -0.000817   -0.021936   -0.000899   -0.021936
   -0.001434   -0.001867   -0.000126   -0.001867   -0.001434   -0.021936    0.001116   -0.021936
   -0.000817   -0.000175   -0.000021   -0.000175   -0.000817   -0.000099   -0.000899   -0.000099
   -0.000821   -0.000175   -0.000764   -0.000175   -0.000821   -0.000099   -0.000793   -0.000099
   -0.001434   -0.001867   -0.000126   -0.001867   -0.001434   -0.021936    0.001116   -0.021936
   -0.019675   -0.001867   -0.000725   -0.001867   -0.019675   -0.021936    5.674098   -0.021936
   -0.001434   -0.000175   -0.000126   -0.000175   -0.001434   -0.000099    0.001116   -0.000099
    0.000222   -0.000065    0.000246   -0.000065    0.000222   -0.000299    0.000239   -0.000299
   -0.000817   -0.000175   -0.000021   -0.000175   -0.000817   -0.000099   -0.000899   -0.000099
   -0.001434   -0.000175   -0.000126   -0.000175   -0.001434   -0.000099    0.001116   -0.000099
   -0.000817   -0.000065   -0.000021   -0.000065   -0.000817   -0.000299   -0.000899   -0.000299

   -0.000299   -0.000747   -0.000065   -0.000815   -0.000065   -0.000747   -0.000299   -0.000693
   -0.000299    0.000222   -0.000065    0.000246   -0.000065    0.000222   -0.000299    0.000239
   -0.000099   -0.000821   -0.000175   -0.000764   -0.000175   -0.000821   -0.000099   -0.000793
   -0.000099    0.000222   -0.000175    0.000246   -0.000175    0.000222   -0.000099    0.000239
   -0.000299    0.000222   -0.000065    0.000246   -0.000065    0.000222   -0.000299    0.000239
   -0.000299   -0.000817   -0.000065   -0.000021   -0.000065   -0.000817   -0.000299   -0.000899
   -0.000099   -0.001434   -0.000175   -0.000126   -0.000175   -0.001434   -0.000099    0.001116
   -0.000099   -0.000817   -0.000175   -0.000021   -0.000175   -0.000817   -0.000099   -0.000899
   -0.000099   -0.000821   -0.000175   -0.000764   -0.000175   -0.000821   -0.000099   -0.000793
   -0.000099   -0.001434   -0.000175   -0.000126   -0.000175   -0.001434   -0.000099    0.001116
   -0.021936   -0.019675   -0.001867   -0.000725   -0.001867   -0.019675   -0.021936    5.674098
   -0.021936   -0.001434   -0.001867   -0.000126   -0.001867   -0.001434   -0.021936    0.001116
   -0.000099    0.000222   -0.000175    0.000246   -0.000175    0.000222   -0.000099    0.000239
   -0.000099   -0.000817   -0.000175   -0.000021   -0.000175   -0.000817   -0.000099   -0.000899
   -0.021936   -0.001434   -0.001867   -0.000126   -0.001867   -0.001434   -0.021936    0.001116
   -0.021936   -0.000817   -0.001867   -0.000021   -0.001867   -0.000817   -0.021936   -0.000899

    0.000239   -0.000299    0.000222   -0.000065    0.000246   -0.000065    0.000222   -0.000299
   -0.000693   -0.000299   -0.000747   -0.000065   -0.000815   -0.000065   -0.000747   -0.000299
    0.000239   -0.000099    0.000222   -0.000175    0.000246   -0.000175    0.000222   -0.000099
   -0.000793   -0.000099   -0.000821   -0.000175   -0.000764   -0.000175   -0.000821   -0.000099
   -0.000899   -0.000099   -0.000817   -0.000175   -0.000021   -0.000175   -0.000817   -0.000099
    0.000239   -0.000099    0.000222   -0.000175    0.000246   -0.000175    0.000222   -0.000099
   -0.000899   -0.021936   -0.000817   -0.001867   -0.000021   -0.001867   -0.000817   -0.021936
    0.001116   -0.021936   -0.001434   -0.001867   -0.000126   -0.001867   -0.001434   -0.021936
    0.001116   -0.000099   -0.001434   -0.000175   -0.000126   -0.000175   -0.001434   -0.000099
   -0.000793   -0.000099   -0.000821   -0.000175   -0.000764   -0.000175   -0.000821   -0.000099
    0.001116   -0.021936   -0.001434   -0.001867   -0.000126   -0.001867   -0.001434   -0.021936
    5.674098   -0.021936   -0.019675   -0.001867   -0.000725   -0.001867   -0.019675   -0.021936
   -0.000899   -0.000299   -0.000817   -0.000065   -0.000021   -0.000065   -0.000817   -0.000299
    0.000239   -0.000299    0.000222   -0.000065    0.000246   -0.000065    0.000222   -0.000299
   -0.000899   -0.000099   -0.000817   -0.000175   -0.000021   -0.000175   -0.000817   -0.000099
    0.001116   -0.000099   -0.001434   -0.000175   -0.000126   -0.000175   -0.001434   -0.000099

   -0.000099    0.000239   -0.000099    0.000222   -0.000175    0.000246   -0.000175    0.000222
   -0.000299   -0.000693   -0.000299   -0.000747   -0.000065   -0.000815   -0.000065   -0.000747
   -0.000299    0.000239   -0.000299    0.000222   -0.000065    0.000246   -0.000065    0.000222
   -0.000099   -0.000793   -0.000099   -0.000821   -0.000175   -0.000764   -0.000175   -0.000821
   -0.000099   -0.000899   -0.000099   -0.000817   -0.000175   -0.000021   -0.000175   -0.000817
   -0.000299    0.000239   -0.000299    0.000222   -0.000065    0.000246   -0.000065    0.000222
   -0.000299   -0.000899   -0.000299   -0.000817   -0.000065   -0.000021   -0.000065   -0.000817
   -0.000099    0.001116   -0.000099   -0.001434   -0.000175   -0.000126   -0.000175   -0.001434
   -0.021936    0.001116   -0.021936   -0.001434   -0.001867   -0.000126   -0.001867   -0.001434
   -0.000099   -0.000793   -0.000099   -0.000821   -0.000175   -0.000764   -0.000175   -0.000821
   -0.000099    0.001116   -0.000099   -0.001434   -0.000175   -0.000126   -0.000175   -0.001434
   -0.021936    5.674098   -0.021936   -0.019675   -0.001867   -0.000725   -0.001867   -0.019675
   -0.021936   -0.000899   -0.021936   -0.000817   -0.001867   -0.000021   -0.001867   -0.000817
   -0.000099    0.000239   -0.000099    0.000222   -0.000175    0.000246   -0.000175    0.000222
   -0.000099   -0.000899   -0.000099   -0.000817   -0.000175   -0.000021   -0.000175   -0.000817
   -0.021936    0.001116   -0.021936   -0.001434   -0.001867   -0.000126   -0.001867   -0.001434

    0.000222   -0.000299    0.000239   -0.000299    0.000222   -0.000065    0.000246   -0.000065
   -0.000747   -0.000299   -0.000693   -0.000299   -0.000747   -0.000065   -0.000815   -0.000065
    0.000222   -0.000099    0.000239   -0.000099    0.000222   -0.000175    0.000246   -0.000175
   -0.000821   -0.000099   -0.000793   -0.000099   -0.000821   -0.000175   -0.000764   -0.000175
   -0.000817   -0.000099   -0.000899   -0.000099   -0.000817   -0.000175   -0.000021   -0.000175
    0.000222   -0.000099    0.000239   -0.000099    0.000222   -0.000175    0.000246   -0.000175
   -0.000817   -0.021936   -0.000899   -0.021936   -0.000817   -0.001867   -0.000021   -0.001867
   -0.001434   -0.021936    0.001116   -0.021936   -0.001434   -0.001867   -0.000126   -0.001867
   -0.001434   -0.000099    0.001116   -0.000099   -0.001434   -0.000175   -0.000126   -0.000175
   -0.000821   -0.000099   -0.000793   -0.000099   -0.000821   -0.000175   -0.000764   -0.000175
   -0.001434   -0.021936    0.001116   -0.021936   -0.001434   -0.001867   -0.000126   -0.001867
   -0.019675   -0.021936    5.674098   -0.021936   -0.019675   -0.001867   -0.000725   -0.001867
   -0.000817   -0.000299   -0.000899   -0.000299   -0.000817   -0.000065   -0.000021   -0.000065
    0.000222   -0.000299    0.000239   -0.000299    0.000222   -0.000065    0.000246   -0.000065
   -0.000817   -0.000099   -0.000899   -0.000099   -0.000817   -0.000175   -0.000021   -0.000175
   -0.001434   -0.000099    0.001116   -0.000099   -0.001434   -0.000175   -0.000126   -0.000175

   -0.000175    0.000222   -0.000099    0.000239   -0.000099    0.000222   -0.000175    0.000246
   -0.000065   -0.000747   -0.000299   -0.000693   -0.000299   -0.000747   -0.000065   -0.000815
   -0.000065    0.000222   -0.000299    0.000239   -0.000299    0.000222   -0.000065    0.000246
   -0.000175   -0.000821   -0.000099   -0.000793   -0.000099   -0.000821   -0.000175   -0.000764
   -0.000175   -0.000817   -0.000099   -0.000899   -0.000099   -0.000817   -0.000175   -0.000021
   -0.000065    0.000222   -0.000299    0.000239   -0.000299    0.000222   -0.000065    0.000246
   -0.000065   -0.000817   -0.000299   -0.000899   -0.000299   -0.000817   -0.000065   -0.000021
   -0.000175   -0.001434   -0.000099    0.001116   -0.000099   -0.001434   -0.000175   -0.000126
   -0.001867   -0.001434   -0.021936    0.001116   -0.021936   -0.001434   -0.001867   -0.000126
   -0.000175   -0.000821   -0.000099   -0.000793   -0.000099   -0.000821   -0.000175   -0.000764
   -0.000175   -0.001434   -0.000099    0.001116   -0.000099   -0.001434   -0.000175   -0.000126
   -0.001867   -0.019675   -0.021936    5.674098   -0.021936   -0.019675   -0.001867   -0.000725
   -0.001867   -0.000817   -0.021936   -0.000899   -0.021936   -0.000817   -0.001867   -0.000021
   -0.000175    0.000222   -0.000099    0.000239   -0.000099    0.000222   -0.000175    0.000246
   -0.000175   -0.000817   -0.000099   -0.000899   -0.000099   -0.000817   -0.000175   -0.000021
   -0.001867   -0.001434   -0.021936    0.001116   -0.021936   -0.001434   -0.001867   -0.000126

    0.000246   -0.000065    0.000222   -0.000299    0.000239   -0.000299    0.000222   -0.000065
   -0.000815   -0.000065   -0.000747   -0.000299   -0.000693   -0.000299   -0.000747   -0.000065
    0.000246   -0.000175    0.000222   -0.000099    0.000239   -0.000099    0.000222   -0.000175
   -0.000764   -0.000175   -0.000821   -0.000099   -0.000793   -0.000099   -0.000821   -0.000175
   -0.000021   -0.000175   -0.000817   -0.000099   -0.000899   -0.000099   -0.000817   -0.000175
    0.000246   -0.000175    0.000222   -0.000099    0.000239   -0.000099    0.000222   -0.000175
   -0.000021   -0.001867   -0.000817   -0.021936   -0.000899   -0.021936   -0.000817   -0.001867
   -0.000126   -0.001867   -0.001434   -0.021936    0.001116   -0.021936   -0.001434   -0.001867
   -0.000126   -0.000175   -0.001434   -0.000099    0.001116   -0.000099   -0.001434   -0.000175
   -0.000764   -0.000175   -0.000821   -0.000099   -0.000793   -0.000099   -0.000821   -0.000175
   -0.000126   -0.001867   -0.001434   -0.021936    0.001116   -0.021936   -0.001434   -0.001867
   -0.000725   -0.001867   -0.019675   -0.021936    5.674098   -0.021936   -0.019675   -0.001867
   -0.000021   -0.000065   -0.000817   -0.000299   -0.000899   -0.000299   -0.000817   -0.000065
    0.000246   -0.000065    0.000222   -0.000299    0.000239   -0.000299    0.000222   -0.000065
   -0.000021   -0.000175   -0.000817   -0.000099   -0.000899   -0.000099   -0.000817   -0.000175
   -0.000126   -0.000175   -0.001434   -0.000099    0.001116   -0.000099   -0.001434   -0.000175

   -0.000175    0.000246   -0.000175    0.000222   -0.000099    0.000239   -0.000099    0.000222
   -0.000065   -0.000815   -0.000065   -0.000747   -0.000299   -0.000693   -0.000299   -0.000747
   -0.000065    0.000246   -0.000065    0.000222   -0.000299    0.000239   -0.000299    0.000222
   -0.000175   -0.000764   -0.000175   -0.000821   -0.000099   -0.000793   -0.000099   -0.000821
   -0.000175   -0.000021   -0.000175   -0.000817   -0.000099   -0.000899   -0.000099   -0.000817
   -0.000065    0.000246   -0.000065    0.000222   -0.000299    0.000239   -0.000299    0.000222
   -0.000065   -0.000021   -0.000065   -0.000817   -0.000299   -0.000899   -0.000299   -0.000817
   -0.000175   -0.000126   -0.000175   -0.001434   -0.000099    0.001116   -0.000099   -0.001434
   -0.001867   -0.000126   -0.001867   -0.001434   -0.021936    0.001116   -0.021936   -0.001434
   -0.000175   -0.000764   -0.000175   -0.000821   -0.000099   -0.000793   -0.000099   -0.000821
   -0.000175   -0.000126   -0.000175   -0.001434   -0.000099    0.001116   -0.000099   -0.001434
   -0.001867   -0.000725   -0.001867   -0.019675   -0.021936    5.674098   -0.021936   -0.019675
   -0.001867   -0.000021   -0.001867   -0.000817   -0.021936   -0.000899   -0.021936   -0.000817
   -0.000175    0.000246   -0.000175    0.000222   -0.000099    0.000239   -0.000099    0.000222
   -0.000175   -0.000021   -0.000175   -0.000817   -0.000099   -0.000899   -0.000099   -0.000817
   -0.001867   -0.000126   -0.001867   -0.001434   -0.021936    0.001116   -0.021936   -0.001434

    0.000222   -0.000065    0.000246   -0.000065    0.000222   -0.000299    0.000239   -0.000299
   -0.000747   -0.000065   -0.000815   -0.000065   -0.000747   -0.000299   -0.000693   -0.000299
    0.000222   -0.000175    0.000246   -0.000175    0.000222   -0.000099    0.000239   -0.000099
   -0.000821   -0.000175   -0.000764   -0.000175   -0.000821   -0.000099   -0.000793   -0.000099
   -0.000817   -0.000175   -0.000021   -0.000175   -0.000817   -0.000099   -0.000899   -0.000099
    0.000222   -0.000175    0.000246   -0.000175    0.000222   -0.000099    0.000239   -0.000099
   -0.000817   -0.001867   -0.000021   -0.001867   -0.000817   -0.021936   -0.000899   -0.021936
   -0.001434   -0.001867   -0.000126   -0.001867   -0.001434   -0.021936    0.001116   -0.021936
   -0.001434   -0.000175   -0.000126   -0.000175   -0.001434   -0.000099    0.001116   -0.000099
   -0.000821   -0.000175   -0.000764   -0.000175   -0.000821   -0.000099   -0.000793   -0.000099
   -0.001434   -0.001867   -0.000126   -0.001867   -0.001434   -0.021936    0.001116   -0.021936
   -0.019675   -0.001867   -0.000725   -0.001867   -0.019675   -0.021936    5.674098   -0.021936
   -0.000817   -0.000065   -0.000021   -0.000065   -0.000817   -0.000299   -0.000899   -0.000299
    0.000222   -0.000065    0.000246   -0.000065    0.000222   -0.000299    0.000239   -0.000299
   -0.000817   -0.000175   -0.000021   -0.000175   -0.000817   -0.000099   -0.000899   -0.000099
   -0.001434   -0.000175   -0.000126   -0.000175   -0.001434   -0.000099    0.001116   -0.000099

   -0.000099    0.000222   -0.000175    0.000246   -0.000175    0.000222   -0.000099    0.000239
   -0.000299   -0.000747   -0.000065   -0.000815   -0.000065   -0.000747   -0.000299   -0.000693
   -0.000299    0.000222   -0.000065    0.000246   -0.000065    0.000222   -0.000299    0.000239
   -0.000099   -0.000821   -0.000175   -0.000764   -0.000175   -0.000821   -0.000099   -0.000793
   -0.000099   -0.000817   -0.000175   -0.000021   -0.000175   -0.000817   -0.000099   -0.000899
   -0.000299    0.000222   -0.000065    0.000246   -0.000065    0.000222   -0.000299    0.000239
   -0.000299   -0.000817   -0.000065   -0.000021   -0.000065   -0.000817   -0.000299   -0.000899
   -0.000099   -0.001434   -0.000175   -0.000126   -0.000175   -0.001434   -0.000099    0.001116
   -0.021936   -0.001434   -0.001867   -0.000126   -0.001867   -0.001434   -0.021936    0.001116
   -0.000099   -0.000821   -0.000175   -0.000764   -0.000175   -0.000821   -0.000099   -0.000793
   -0.000099   -0.001434   -0.000175   -0.000126   -0.000175   -0.001434   -0.000099    0.001116
   -0.021936   -0.019675   -0.001867   -0.000725   -0.001867   -0.019675   -0.021936    5.674098
   -0.021936   -0.000817   -0.001867   -0.000021   -0.001867   -0.000817   -0.021936   -0.000899
   -0.000099    0.000222   -0.000175    0.000246   -0.000175    0.000222   -0.000099    0.000239
   -0.000099   -0.000817   -0.000175   -0.000021   -0.000175   -0.000817   -0.000099   -0.000899
   -0.021936   -0.001434   -0.001867   -0.000126   -0.001867   -0.001434   -0.021936    0.001116

    0.001116   -0.000099   -0.001434   -0.000175   -0.000126   -0.000175   -0.001434   -0.000099
   -0.000899   -0.000299   -0.000817   -0.000065   -0.000021   -0.000065   -0.000817   -0.000299
    0.000239   -0.000299    0.000222   -0.000065    0.000246   -0.000065    0.000222   -0.000299
   -0.000899   -0.000099   -0.000817   -0.000175   -0.000021   -0.000175   -0.000817   -0.000099
   -0.000793   -0.000099   -0.000821   -0.000175   -0.000764   -0.000175   -0.000821   -0.000099
    0.000239   -0.000299    0.000222   -0.000065    0.000246   -0.000065    0.000222   -0.000299
   -0.000693   -0.000299   -0.000747   -0.000065   -0.000815   -0.000065   -0.000747   -0.000299
    0.000239   -0.000099    0.000222   -0.000175    0.000246   -0.000175    0.000222   -0.000099
    0.001116   -0.021936   -0.001434   -0.001867   -0.000126   -0.001867   -0.001434   -0.021936
   -0.000899   -0.000099   -0.000817   -0.000175   -0.000021   -0.000175   -0.000817   -0.000099
    0.000239   -0.000099    0.000222   -0.000175    0.000246   -0.000175    0.000222   -0.000099
   -0.000899   -0.021936   -0.000817   -0.001867   -0.000021   -0.001867   -0.000817   -0.021936
    5.674098   -0.021936   -0.019675   -0.001867   -0.000725   -0.001867   -0.019675   -0.021936
    0.001116   -0.000099   -0.001434   -0.000175   -0.000126   -0.000175   -0.001434   -0.000099
   -0.000793   -0.000099   -0.000821   -0.000175   -0.000764   -0.000175   -0.000821   -0.000099
    0.001116   -0.021936   -0.001434   -0.001867   -0.000126   -0.001867   -0.001434   -0.021936

   -0.021936    0.001116   -0.021936   -0.001434   -0.001867   -0.000126   -0.001867   -0.001434
   -0.021936   -0.000899   -0.021936   -0.000817   -0.001867   -0.000021   -0.001867   -0.000817
   -0.000099    0.000239   -0.000099    0.000222   -0.000175    0.000246   -0.000175    0.000222
   -0.000099   -0.000899   -0.000099   -0.000817   -0.000175   -0.000021   -0.000175   -0.000817
   -0.000099   -0.000793   -0.000099   -0.000821   -0.000175   -0.000764   -0.000175   -0.000821
   -0.000099    0.000239   -0.000099    0.000222   -0.000175    0.000246   -0.000175    0.000222
   -0.000299   -0.000693   -0.000299   -0.000747   -0.000065   -0.000815   -0.000065   -0.000747
   -0.000299    0.000239   -0.000299    0.000222   -0.000065    0.000246   -0.000065    0.000222
   -0.000099    0.001116   -0.000099   -0.001434   -0.000175   -0.000126   -0.000175   -0.001434
   -0.000099   -0.000899   -0.000099   -0.000817   -0.000175   -0.000021   -0.000175   -0.000817
   -0.000299    0.000239   -0.000299    0.000222   -0.000065    0.000246   -0.000065    0.000222
   -0.000299   -0.000899   -0.000299   -0.000817   -0.000065   -0.000021   -0.000065   -0.000817
   -0.021936    5.674098   -0.021936   -0.019675   -0.001867   -0.000725   -0.001867   -0.019675
   -0.021936    0.001116   -0.021936   -0.001434   -0.001867   -0.000126   -0.001867   -0.001434
   -0.000099   -0.000793   -0.000099   -0.000821   -0.000175   -0.000764   -0.000175   -0.000821
   -0.000099    0.001116   -0.000099   -0.001434   -0.000175   -0.000126   -0.000175   -0.001434

   -0.001434   -0.000099    0.001116   -0.000099   -0.001434   -0.000175   -0.000126   -0.000175
   -0.000817   -0.000299   -0.000899   -0.000299   -0.000817   -0.000065   -0.000021   -0.000065
    0.000222   -0.000299    0.000239   -0.000299    0.000222   -0.000065    0.000246   -0.000065
   -0.000817   -0.000099   -0.000899   -0.000099   -0.000817   -0.000175   -0.000021   -0.000175
   -0.000821   -0.000099   -0.000793   -0.000099   -0.000821   -0.000175   -0.000764   -0.000175
    0.000222   -0.000299    0.000239   -0.000299    0.000222   -0.000065    0.000246   -0.000065
   -0.000747   -0.000299   -0.000693   -0.000299   -0.000747   -0.000065   -0.000815   -0.000065
    0.000222   -0.000099    0.000239   -0.000099    0.000222   -0.000175    0.000246   -0.000175
   -0.001434   -0.021936    0.001116   -0.021936   -0.001434   -0.001867   -0.000126   -0.001867
   -0.000817   -0.000099   -0.000899   -0.000099   -0.000817   -0.000175   -0.000021   -0.000175
    0.000222   -0.000099    0.000239   -0.000099    0.000222   -0.000175    0.000246   -0.000175
   -0.000817   -0.021936   -0.000899   -0.021936   -0.000817   -0.001867   -0.000021   -0.001867
   -0.019675   -0.021936    5.674098   -0.021936   -0.019675   -0.001867   -0.000725   -0.001867
   -0.001434   -0.000099    0.001116   -0.000099   -0.001434   -0.000175   -0.000126   -0.000175
   -0.000821   -0.000099   -0.000793   -0.000099   -0.000821   -0.000175   -0.000764   -0.000175
   -0.001434   -0.021936    0.001116   -0.021936   -0.001434   -0.001867   -0.000126   -0.001867

   -0.001867   -0.001434   -0.021936    0.001116   -0.021936   -0.001434   -0.001867   -0.000126
   -0.001867   -0.000817   -0.021936   -0.000899   -0.021936   -0.000817   -0.001867   -0.000021
   -0.000175    0.000222   -0.000099    0.000239   -0.000099    0.000222   -0.000175    0.000246
   -0.000175   -0.000817   -0.000099   -0.000899   -0.000099   -0.000817   -0.000175   -0.000021
   -0.000175   -0.000821   -0.000099   -0.000793   -0.000099   -0.000821   -0.000175   -0.000764
   -0.000175    0.000222   -0.000099    0.000239   -0.000099    0.000222   -0.000175    0.000246
   -0.000065   -0.000747   -0.000299   -0.000693   -0.000299   -0.000747   -0.000065   -0.000815
   -0.000065    0.000222   -0.000299    0.000239   -0.000299    0.000222   -0.000065    0.000246
   -0.000175   -0.001434   -0.000099    0.001116   -0.000099   -0.001434   -0.000175   -0.000126
   -0.000175   -0.000817   -0.000099   -0.000899   -0.000099   -0.000817   -0.000175   -0.000021
   -0.000065    0.000222   -0.000299    0.000239   -0.000299    0.000222   -0.000065    0.000246
   -0.000065   -0.000817   -0.000299   -0.000899   -0.000299   -0.000817   -0.000065   -0.000021
   -0.001867   -0.019675   -0.021936    5.674098   -0.021936   -0.019675   -0.001867   -0.000725
   -0.001867   -0.001434   -0.021936    0.001116   -0.021936   -0.001434   -0.001867   -0.000126
   -0.000175   -0.000821   -0.000099   -0.000793   -0.000099   -0.000821   -0.000175   -0.000764
   -0.000175   -0.001434   -0.000099    0.001116   -0.000099   -0.001434   -0.000175   -0.000126

   -0.000126   -0.000175   -0.001434   -0.000099    0.001116   -0.000099   -0.001434   -0.000175
   -0.000021   -0.000065   -0.000817   -0.000299   -0.000899   -0.000299   -0.000817   -0.000065
    0.000246   -0.000065    0.000222   -0.000299    0.000239   -0.000299    0.000222   -0.000065
   -0.000021   -0.000175   -0.000817   -0.000099   -0.000899   -0.000099   -0.000817   -0.000175
   -0.000764   -0.000175   -0.000821   -0.000099   -0.000793   -0.000099   -0.000821   -0.000175
    0.000246   -0.000065    0.000222   -0.000299    0.000239   -0.000299    0.000222   -0.000065
   -0.000815   -0.000065   -0.000747   -0.000299   -0.000693   -0.000299   -0.000747   -0.000065
    0.000246   -0.000175    0.000222   -0.000099    0.000239   -0.000099    0.000222   -0.000175
   -0.000126   -0.001867   -0.001434   -0.021936    0.001116   -0.021936   -0.001434   -0.001867
   -0.000021   -0.000175   -0.000817   -0.000099   -0.000899   -0.000099   -0.000817   -0.000175
    0.000246   -0.000175    0.000222   -0.000099    0.000239   -0.000099    0.000222   -0.000175
   -0.000021   -0.001867   -0.000817   -0.021936   -0.000899   -0.021936   -0.000817   -0.001867
   -0.000725   -0.001867   -0.019675   -0.021936    5.674098   -0.021936   -0.019675   -0.001867
   -0.000126   -0.000175   -0.001434   -0.000099    0.001116   -0.000099   -0.001434   -0.000175
   -0.000764   -0.000175   -0.000821   -0.000099   -0.000793   -0.000099   -0.000821   -0.000175
   -0.000126   -0.001867   -0.001434   -0.021936    0.001116   -0.021936   -0.001434   -0.001867

   -0.001867   -0.000126   -0.001867   -0.001434   -0.021936    0.001116   -0.021936   -0.001434
   -0.001867   -0.000021   -0.001867   -0.000817   -0.021936   -0.000899   -0.021936   -0.000817
   -0.000175    0.000246   -0.000175    0.000222   -0.000099    0.000239   -0.000099    0.000222
   -0.000175   -0.000021   -0.000175   -0.000817   -0.000099   -0.000899   -0.000099   -0.000817
   -0.000175   -0.000764   -0.000175   -0.000821   -0.000099   -0.000793   -0.000099   -0.000821
   -0.000175    0.000246   -0.000175    0.000222   -0.000099    0.000239   -0.000099    0.000222
   -0.000065   -0.000815   -0.000065   -0.000747   -0.000299   -0.000693   -0.000299   -0.000747
   -0.000065    0.000246   -0.000065    0.000222   -0.000299    0.000239   -0.000299    0.000222
   -0.000175   -0.000126   -0.000175   -0.001434   -0.000099    0.001116   -0.000099   -0.001434
   -0.000175   -0.000021   -0.000175   -0.000817   -0.000099   -0.000899   -0.000099   -0.000817
   -0.000065    0.000246   -0.000065    0.000222   -0.000299    0.000239   -0.000299    0.000222
   -0.000065   -0.000021   -0.000065   -0.000817   -0.000299   -0.000899   -0.000299   -0.000817
   -0.001867   -0.000725   -0.001867   -0.019675   -0.021936    5.674098   -0.021936   -0.019675
   -0.001867   -0.000126   -0.001867   -0.001434   -0.021936    0.001116   -0.021936   -0.001434
   -0.000175   -0.000764   -0.000175   -0.000821   -0.000099   -0.000793   -0.000099   -0.000821
   -0.000175   -0.000126   -0.000175   -0.001434   -0.000099    0.001116   -0.000099   -0.001434

   -0.001434   -0.000175   -0.000126   -0.000175   -0.001434   -0.000099    0.001116   -0.000099
   -0.000817   -0.000065   -0.000021   -0.000065   -0.000817   -0.000299   -0.000899   -0.000299
    0.000222   -0.000065    0.000246   -0.000065    0.000222   -0.000299    0.000239   -0.000299
   -0.000817   -0.000175   -0.000021   -0.000175   -0.000817   -0.000099   -0.000899   -0.000099
   -0.000821   -0.000175   -0.000764   -0.000175   -0.000821   -0.000099   -0.000793   -0.000099
    0.000222   -0.000065    0.000246   -0.000065    0.000222   -0.000299    0.000239   -0.000299
   -0.000747   -0.000065   -0.000815   -0.000065   -0.000747   -0.000299   -0.000693   -0.000299
    0.000222   -0.000175    0.000246   -0.000175    0.000222   -0.000099    0.000239   -0.000099
   -0.001434   -0.001867   -0.000126   -0.001867   -0.001434   -0.021936    0.001116   -0.021936
   -0.000817   -0.000175   -0.000021   -0.000175   -0.000817   -0.000099   -0.000899   -0.000099
    0.000222   -0.000175    0.000246   -0.000175    0.000222   -0.000099    0.000239   -0.000099
   -0.000817   -0.001867   -0.000021   -0.001867   -0.000817   -0.021936   -0.000899   -0.021936
   -0.019675   -0.001867   -0.000725   -0.001867   -0.019675   -0.021936    5.674098   -0.021936
   -0.001434   -0.000175   -0.000126   -0.000175   -0.001434   -0.000099    0.001116   -0.000099
   -0.000821   -0.000175   -0.000764   -0.000175   -0.000821   -0.000099   -0.000793   -0.000099
   -0.001434   -0.001867   -0.000126   -0.001867   -0.001434   -0.021936    0.001116   -0.021936

   -0.021936   -0.001434   -0.001867   -0.000126   -0.001867   -0.001434   -0.021936    0.001116
   -0.021936   -0.000817   -0.001867   -0.000021   -0.001867   -0.000817   -0.021936   -0.000899
   -0.000099    0.000222   -0.000175    0.000246   -0.000175    0.000222   -0.000099    0.000239
   -0.000099   -0.000817   -0.000175   -0.000021   -0.000175   -0.000817   -0.000099   -0.000899
   -0.000099   -0.000821   -0.000175   -0.000764   -0.000175   -0.000821   -0.000099   -0.000793
   -0.000099    0.000222   -0.000175    0.000246   -0.000175    0.000222   -0.000099    0.000239
   -0.000299   -0.000747   -0.000065   -0.000815   -0.000065   -0.000747   -0.000299   -0.000693
   -0.000299    0.000222   -0.000065    0.000246   -0.000065    0.000222   -0.000299    0.000239
   -0.000099   -0.001434   -0.000175   -0.000126   -0.000175   -0.001434   -0.000099    0.001116
   -0.000099   -0.000817   -0.000175   -0.000021   -0.000175   -0.000817   -0.000099   -0.000899
   -0.000299    0.000222   -0.000065    0.000246   -0.000065    0.000222   -0.000299    0.000239
   -0.000299   -0.000817   -0.000065   -0.000021   -0.000065   -0.000817   -0.000299   -0.000899
   -0.021936   -0.019675   -0.001867   -0.000725   -0.001867   -0.019675   -0.021936    5.674098
   -0.021936   -0.001434   -0.001867   -0.000126   -0.001867   -0.001434   -0.021936    0.001116
   -0.000099   -0.000821   -0.000175   -0.000764   -0.000175   -0.000821   -0.000099   -0.000793
   -0.000099   -0.001434   -0.000175   -0.000126   -0.000175   -0.001434   -0.000099    0.001116

   -0.000899   -0.000099   -0.000817   -0.000175   -0.000021   -0.000175   -0.000817   -0.000099
    0.001116   -0.000099   -0.001434   -0.000175   -0.000126   -0.000175   -0.001434   -0.000099
   -0.000899   -0.000299   -0.000817   -0.000065   -0.000021   -0.000065   -0.000817   -0.000299
    0.000239   -0.000299    0.000222   -0.000065    0.000246   -0.000065    0.000222   -0.000299
    0.000239   -0.000099    0.000222   -0.000175    0.000246   -0.000175    0.000222   -0.000099
   -0.000793   -0.000099   -0.000821   -0.000175   -0.000764   -0.000175   -0.000821   -0.000099
    0.000239   -0.000299    0.000222   -0.000065    0.000246   -0.000065    0.000222   -0.000299
   -0.000693   -0.000299   -0.000747   -0.000065   -0.000815   -0.000065   -0.000747   -0.000299
   -0.000899   -0.021936   -0.000817   -0.001867   -0.000021   -0.001867   -0.000817   -0.021936
    0.001116   -0.021936   -0.001434   -0.001867   -0.000126   -0.001867   -0.001434   -0.021936
   -0.000899   -0.000099   -0.000817   -0.000175   -0.000021   -0.000175   -0.000817   -0.000099
    0.000239   -0.000099    0.000222   -0.000175    0.000246   -0.000175    0.000222   -0.000099
    0.001116   -0.021936   -0.001434   -0.001867   -0.000126   -0.001867   -0.001434   -0.021936
    5.674098   -0.021936   -0.019675   -0.001867   -0.000725   -0.001867   -0.019675   -0.021936
    0.001116   -0.000099   -0.001434   -0.000175   -0.000126   -0.000175   -0.001434   -0.000099
   -0.000793   -0.000099   -0.000821   -0.000175   -0.000764   -0.000175   -0.000821   -0.000099

   -0.000099   -0.000899   -0.000099   -0.000817   -0.000175   -0.000021   -0.000175   -0.000817
   -0.021936    0.001116   -0.021936   -0.001434   -0.001867   -0.000126   -0.001867   -0.001434
   -0.021936   -0.000899   -0.021936   -0.000817   -0.001867   -0.000021   -0.001867   -0.000817
   -0.000099    0.000239   -0.000099    0.000222   -0.000175    0.000246   -0.000175    0.000222
   -0.000299    0.000239   -0.000299    0.000222   -0.000065    0.000246   -0.000065    0.000222
   -0.000099   -0.000793   -0.000099   -0.000821   -0.000175   -0.000764   -0.000175   -0.000821
   -0.000099    0.000239   -0.000099    0.000222   -0.000175    0.000246   -0.000175    0.000222
   -0.000299   -0.000693   -0.000299   -0.000747   -0.000065   -0.000815   -0.000065   -0.000747
   -0.000299   -0.000899   -0.000299   -0.000817   -0.000065   -0.000021   -0.000065   -0.000817
   -0.000099    0.001116   -0.000099   -0.001434   -0.000175   -0.000126   -0.000175   -0.001434
   -0.000099   -0.000899   -0.000099   -0.000817   -0.000175   -0.000021   -0.000175   -0.000817
   -0.000299    0.000239   -0.000299    0.000222   -0.000065    0.000246   -0.000065    0.000222
   -0.000099    0.001116   -0.000099   -0.001434   -0.000175   -0.000126   -0.000175   -0.001434
   -0.021936    5.674098   -0.021936   -0.019675   -0.001867   -0.000725   -0.001867   -0.019675
   -0.021936    0.001116   -0.021936   -0.001434   -0.001867   -0.000126   -0.001867   -0.001434
   -0.000099   -0.000793   -0.000099   -0.000821   -0.000175   -0.000764   -0.000175   -0.000821

   -0.000817   -0.000099   -0.000899   -0.000099   -0.000817   -0.000175   -0.000021   -0.000175
   -0.001434   -0.000099    0.001116   -0.000099   -0.001434   -0.000175   -0.000126   -0.000175
   -0.000817   -0.000299   -0.000899   -0.000299   -0.000817   -0.000065   -0.000021   -0.000065
    0.000222   -0.000299    0.000239   -0.000299    0.000222   -0.000065    0.000246   -0.000065
    0.000222   -0.000099    0.000239   -0.000099    0.000222   -0.000175    0.000246   -0.000175
   -0.000821   -0.000099   -0.000793   -0.000099   -0.000821   -0.000175   -0.000764   -0.000175
    0.000222   -0.000299    0.000239   -0.000299    0.000222   -0.000065    0.000246   -0.000065
   -0.000747   -0.000299   -0.000693   -0.000299   -0.000747   -0.000065   -0.000815   -0.000065
   -0.000817   -0.021936   -0.000899   -0.021936   -0.000817   -0.001867   -0.000021   -0.001867
   -0.001434   -0.021936    0.001116   -0.021936   -0.001434   -0.001867   -0.000126   -0.001867
   -0.000817   -0.000099   -0.000899   -0.000099   -0.000817   -0.000175   -0.000021   -0.000175
    0.000222   -0.000099    0.000239   -0.000099    0.000222   -0.000175    0.000246   -0.000175
   -0.001434   -0.021936    0.001116   -0.021936   -0.001434   -0.001867   -0.000126   -0.001867
   -0.019675   -0.021936    5.674098   -0.021936   -0.019675   -0.001867   -0.000725   -0.001867
   -0.001434   -0.000099    0.001116   -0.000099   -0.001434   -0.000175   -0.000126   -0.000175
   -0.000821   -0.000099   -0.000793   -0.000099   -0.000821   -0.000175   -0.000764   -0.000175

   -0.000175   -0.000817   -0.000099   -0.000899   -0.000099   -0.000817   -0.000175   -0.000021
   -0.001867   -0.001434   -0.021936    0.001116   -0.021936   -0.001434   -0.001867   -0.000126
   -0.001867   -0.000817   -0.021936   -0.000899   -0.021936   -0.000817   -0.001867   -0.000021
   -0.000175    0.000222   -0.000099    0.000239   -0.000099    0.000222   -0.000175    0.000246
   -0.000065    0.000222   -0.000299    0.000239   -0.000299    0.000222   -0.000065    0.000246
   -0.000175   -0.000821   -0.000099   -0.000793   -0.000099   -0.000821   -0.000175   -0.000764
   -0.000175    0.000222   -0.000099    0.000239   -0.000099    0.000222   -0.000175    0.000246
   -0.000065   -0.000747   -0.000299   -0.000693   -0.000299   -0.000747   -0.000065   -0.000815
   -0.000065   -0.000817   -0.000299   -0.000899   -0.000299   -0.000817   -0.000065   -0.000021
   -0.000175   -0.001434   -0.000099    0.001116   -0.000099   -0.001434   -0.000175   -0.000126
   -0.000175   -0.000817   -0.000099   -0.000899   -0.000099   -0.000817   -0.000175   -0.000021
   -0.000065    0.000222   -0.000299    0.000239   -0.000299    0.000222   -0.000065    0.000246
   -0.000175   -0.001434   -0.000099    0.001116   -0.000099   -0.001434   -0.000175   -0.000126
   -0.001867   -0.019675   -0.021936    5.674098   -0.021936   -0.019675   -0.001867   -0.000725
   -0.001867   -0.001434   -0.021936    0.001116   -0.021936   -0.001434   -0.001867   -0.000126
   -0.000175   -0.000821   -0.000099   -0.000793   -0.000099   -0.000821   -0.000175   -0.000764

   -0.000021   -0.000175   -0.000817   -0.000099   -0.000899   -0.000099   -0.000817   -0.000175
   -0.000126   -0.000175   -0.001434   -0.000099    0.001116   -0.000099   -0.001434   -0.000175
   -0.000021   -0.000065   -0.000817   -0.000299   -0.000899   -0.000299   -0.000817   -0.000065
    0.000246   -0.000065    0.000222   -0.000299    0.000239   -0.000299    0.000222   -0.000065
    0.000246   -0.000175    0.000222   -0.000099    0.000239   -0.000099    0.000222   -0.000175
   -0.000764   -0.000175   -0.000821   -0.000099   -0.000793   -0.000099   -0.000821   -0.000175
    0.000246   -0.000065    0.000222   -0.000299    0.000239   -0.000299    0.000222   -0.000065
   -0.000815   -0.000065   -0.000747   -0.000299   -0.000693   -0.000299   -0.000747   -0.000065
   -0.000021   -0.001867   -0.000817   -0.021936   -0.000899   -0.021936   -0.000817   -0.001867
   -0.000126   -0.001867   -0.001434   -0.021936    0.001116   -0.021936   -0.001434   -0.001867
   -0.000021   -0.000175   -0.000817   -0.000099   -0.000899   -0.000099   -0.000817   -0.000175
    0.000246   -0.000175    0.000222   -0.000099    0.000239   -0.000099    0.000222   -0.000175
   -0.000126   -0.001867   -0.001434   -0.021936    0.001116   -0.021936   -0.001434   -0.001867
   -0.000725   -0.001867   -0.019675   -0.021936    5.674098   -0.021936   -0.019675   -0.001867
   -0.000126   -0.000175   -0.001434   -0.000099    0.001116   -0.000099   -0.001434   -0.000175
   -0.000764   -0.000175   -0.000821   -0.000099   -0.000793   -0.000099   -0.000821   -0.000175

   -0.000175   -0.000021   -0.000175   -0.000817   -0.000099   -0.000899   -0.000099   -0.000817
   -0.001867   -0.000126   -0.001867   -0.001434   -0.021936    0.001116   -0.021936   -0.001434
   -0.001867   -0.000021   -0.001867   -0.000817   -0.021936   -0.000899   -0.021936   -0.000817
   -0.000175    0.000246   -0.000175    0.000222   -0.000099    0.000239   -0.000099    0.000222
   -0.000065    0.000246   -0.000065    0.000222   -0.000299    0.000239   -0.000299    0.000222
   -0.000175   -0.000764   -0.000175   -0.000821   -0.000099   -0.000793   -0.000099   -0.000821
   -0.000175    0.000246   -0.000175    0.000222   -0.000099    0.000239   -0.000099    0.000222
   -0.000065   -0.000815   -0.000065   -0.000747   -0.000299   -0.000693   -0.000299   -0.000747
   -0.000065   -0.000021   -0.000065   -0.000817   -0.000299   -0.000899   -0.000299   -0.000817
   -0.000175   -0.000126   -0.000175   -0.001434   -0.000099    0.001116   -0.000099   -0.001434
   -0.000175   -0.000021   -0.000175   -0.000817   -0.000099   -0.000899   -0.000099   -0.000817
   -0.000065    0.000246   -0.000065    0.000222   -0.000299    0.000239   -0.000299    0.000222
   -0.000175   -0.000126   -0.000175   -0.001434   -0.000099    0.001116   -0.000099   -0.001434
   -0.001867   -0.000725   -0.001867   -0.019675   -0.021936    5.674098   -0.021936   -0.019675
   -0.001867   -0.000126   -0.001867   -0.001434   -0.021936    0.001116   -0.021936   -0.001434
   -0.000175   -0.000764   -0.000175   -0.000821   -0.000099   -0.000793   -0.000099   -0.000821

   -0.000817   -0.000175   -0.000021   -0.000175   -0.000817   -0.000099   -0.000899   -0.000099
   -0.001434   -0.000175   -0.000126   -0.000175   -0.001434   -0.000099    0.001116   -0.000099
   -0.000817   -0.000065   -0.000021   -0.000065   -0.000817   -0.000299   -0.000899   -0.000299
    0.000222   -0.000065    0.000246   -0.000065    0.000222   -0.000299    0.000239   -0.000299
    0.000222   -0.000175    0.000246   -0.000175    0.000222   -0.000099    0.000239   -0.000099
   -0.000821   -0.000175   -0.000764   -0.000175   -0.000821   -0.000099   -0.000793   -0.000099
    0.000222   -0.000065    0.000246   -0.000065    0.000222   -0.000299    0.000239   -0.000299
   -0.000747   -0.000065   -0.000815   -0.000065   -0.000747   -0.000299   -0.000693   -0.000299
   -0.000817   -0.001867   -0.000021   -0.001867   -0.000817   -0.021936   -0.000899   -0.021936
   -0.001434   -0.001867   -0.000126   -0.001867   -0.001434   -0.021936    0.001116   -0.021936
   -0.000817   -0.000175   -0.000021   -0.000175   -0.000817   -0.000099   -0.000899   -0.000099
    0.000222   -0.000175    0.000246   -0.000175    0.000222   -0.000099    0.000239   -0.000099
   -0.001434   -0.001867   -0.000126   -0.001867   -0.001434   -0.021936    0.001116   -0.021936
   -0.019675   -0.001867   -0.000725   -0.001867   -0.019675   -0.021936    5.674098   -0.021936
   -0.001434   -0.000175   -0.000126   -0.000175   -0.001434   -0.000099    0.001116   -0.000099
   -0.000821   -0.000175   -0.000764   -0.000175   -0.000821   -0.000099   -0.000793   -0.000099

   -0.000099   -0.000817   -0.000175   -0.000021   -0.000175   -0.000817   -0.000099   -0.000899
   -0.021936   -0.001434   -0.001867   -0.000126   -0.001867   -0.001434   -0.021936    0.001116
   -0.021936   -0.000817   -0.001867   -0.000021   -0.001867   -0.000817   -0.021936   -0.000899
   -0.000099    0.000222   -0.000175    0.000246   -0.000175    0.000222   -0.000099    0.000239
   -0.000299    0.000222   -0.000065    0.000246   -0.000065    0.000222   -0.000299    0.000239
   -0.000099   -0.000821   -0.000175   -0.000764   -0.000175   -0.000821   -0.000099   -0.000793
   -0.000099    0.000222   -0.000175    0.000246   -0.000175    0.000222   -0.000099    0.000239
   -0.000299   -0.000747   -0.000065   -0.000815   -0.000065   -0.000747   -0.000299   -0.000693
   -0.000299   -0.000817   -0.000065   -0.000021   -0.000065   -0.000817   -0.000299   -0.000899
   -0.000099   -0.001434   -0.000175   -0.000126   -0.000175   -0.001434   -0.000099    0.001116
   -0.000099   -0.000817   -0.000175   -0.000021   -0.000175   -0.000817   -0.000099   -0.000899
   -0.000299    0.000222   -0.000065    0.000246   -0.000065    0.000222   -0.000299    0.000239
   -0.000099   -0.001434   -0.000175   -0.000126   -0.000175   -0.001434   -0.000099    0.001116
   -0.021936   -0.019675   -0.001867   -0.000725   -0.001867   -0.019675   -0.021936    5.674098
   -0.021936   -0.001434   -0.001867   -0.000126   -0.001867   -0.001434   -0.021936    0.001116
   -0.000099   -0.000821   -0.000175   -0.000764   -0.000175   -0.000821   -0.000099   -0.000793

    0.000239   -0.000299    0.000222   -0.000065    0.000246   -0.000065    0.000222   -0.000299
   -0.000899   -0.000099   -0.000817   -0.000175   -0.000021   -0.000175   -0.000817   -0.000099
    0.001116   -0.000099   -0.001434   -0.000175   -0.000126   -0.000175   -0.001434   -0.000099
   -0.000899   -0.000299   -0.000817   -0.000065   -0.000021   -0.000065   -0.000817   -0.000299
   -0.000693   -0.000299   -0.000747   -0.000065   -0.000815   -0.000065   -0.000747   -0.000299
    0.000239   -0.000099    0.000222   -0.000175    0.000246   -0.000175    0.000222   -0.000099
   -0.000793   -0.000099   -0.000821   -0.000175   -0.000764   -0.000175   -0.000821   -0.000099
    0.000239   -0.000299    0.000222   -0.000065    0.000246   -0.000065    0.000222   -0.000299
    0.000239   -0.000099    0.000222   -0.000175    0.000246   -0.000175    0.000222   -0.000099
   -0.000899   -0.021936   -0.000817   -0.001867   -0.000021   -0.001867   -0.000817   -0.021936
    0.001116   -0.021936   -0.001434   -0.001867   -0.000126   -0.001867   -0.001434   -0.021936
   -0.000899   -0.000099   -0.000817   -0.000175   -0.000021   -0.000175   -0.000817   -0.000099
   -0.000793   -0.000099   -0.000821   -0.000175   -0.000764   -0.000175   -0.000821   -0.000099
    0.001116   -0.021936   -0.001434   -0.001867   -0.000126   -0.001867   -0.001434   -0.021936
    5.674098   -0.021936   -0.019675   -0.001867   -0.000725   -0.001867   -0.019675   -0.021936
    0.001116   -0.000099   -0.001434   -0.000175   -0.000126   -0.000175   -0.001434   -0.000099

   -0.000099    0.000239   -0.000099    0.000222   -0.000175    0.000246   -0.000175    0.000222
   -0.000099   -0.000899   -0.000099   -0.000817   -0.000175   -0.000021   -0.000175   -0.000817
   -0.021936    0.001116   -0.021936   -0.001434   -0.001867   -0.000126   -0.001867   -0.001434
   -0.021936   -0.000899   -0.021936   -0.000817   -0.001867   -0.000021   -0.001867   -0.000817
   -0.000299   -0.000693   -0.000299   -0.000747   -0.000065   -0.000815   -0.000065   -0.000747
   -0.000299    0.000239   -0.000299    0.000222   -0.000065    0.000246   -0.000065    0.000222
   -0.000099   -0.000793   -0.000099   -0.000821   -0.000175   -0.000764   -0.000175   -0.000821
   -0.000099    0.000239   -0.000099    0.000222   -0.000175    0.000246   -0.000175    0.000222
   -0.000299    0.000239   -0.000299    0.000222   -0.000065    0.000246   -0.000065    0.000222
   -0.000299   -0.000899   -0.000299   -0.000817   -0.000065   -0.000021   -0.000065   -0.000817
   -0.000099    0.001116   -0.000099   -0.001434   -0.000175   -0.000126   -0.000175   -0.001434
   -0.000099   -0.000899   -0.000099   -0.000817   -0.000175   -0.000021   -0.000175   -0.000817
   -0.000099   -0.000793   -0.000099   -0.000821   -0.000175   -0.000764   -0.000175   -0.000821
   -0.000099    0.001116   -0.000099   -0.001434   -0.000175   -0.000126   -0.000175   -0.001434
   -0.021936    5.674098   -0.021936   -0.019675   -0.001867   -0.000725   -0.001867   -0.019675
   -0.021936    0.001116   -0.021936   -0.001434   -0.001867   -0.000126   -0.001867   -0.001434

    0.000222   -0.000299    0.000239   -0.000299    0.000222   -0.000065    0.000246   -0.000065
   -0.000817   -0.000099   -0.000899   -0.000099   -0.000817   -0.000175   -0.000021   -0.000175
   -0.001434   -0.000099    0.001116   -0.000099   -0.001434   -0.000175   -0.000126   -0.000175
   -0.000817   -0.000299   -0.000899   -0.000299   -0.000817   -0.000065   -0.000021   -0.000065
   -0.000747   -0.000299   -0.000693   -0.000299   -0.000747   -0.000065   -0.000815   -0.000065
    0.000222   -0.000099    0.000239   -0.000099    0.000222   -0.000175    0.000246   -0.000175
   -0.000821   -0.000099   -0.000793   -0.000099   -0.000821   -0.000175   -0.000764   -0.000175
    0.000222   -0.000299    0.000239   -0.000299    0.000222   -0.000065    0.000246   -0.000065
    0.000222   -0.000099    0.000239   -0.000099    0.000222   -0.000175    0.000246   -0.000175
   -0.000817   -0.021936   -0.000899   -0.021936   -0.000817   -0.001867   -0.000021   -0.001867
   -0.001434   -0.021936    0.001116   -0.021936   -0.001434   -0.001867   -0.000126   -0.001867
   -0.000817   -0.000099   -0.000899   -0.000099   -0.000817   -0.000175   -0.000021   -0.000175
   -0.000821   -0.000099   -0.000793   -0.000099   -0.000821   -0.000175   -0.000764   -0.000175
   -0.001434   -0.021936    0.001116   -0.021936   -0.001434   -0.001867   -0.000126   -0.001867
   -0.019675   -0.021936    5.674098   -0.021936   -0.019675   -0.001867   -0.000725   -0.001867
   -0.001434   -0.000099    0.001116   -0.000099   -0.001434   -0.000175   -0.000126   -0.000175

   -0.000175    0.000222   -0.000099    0.000239   -0.000099    0.000222   -0.000175    0.000246
   -0.000175   -0.000817   -0.000099   -0.000899   -0.000099   -0.000817   -0.000175   -0.000021
   -0.001867   -0.001434   -0.021936    0.001116   -0.021936   -0.001434   -0.001867   -0.000126
   -0.001867   -0.000817   -0.021936   -0.000899   -0.021936   -0.000817   -0.001867   -0.000021
   -0.000065   -0.000747   -0.000299   -0.000693   -0.000299   -0.000747   -0.000065   -0.000815
   -0.000065    0.000222   -0.000299    0.000239   -0.000299    0.000222   -0.000065    0.000246
   -0.000175   -0.000821   -0.000099   -0.000793   -0.000099   -0.000821   -0.000175   -0.000764
   -0.000175    0.000222   -0.000099    0.000239   -0.000099    0.000222   -0.000175    0.000246
   -0.000065    0.000222   -0.000299    0.000239   -0.000299    0.000222   -0.000065    0.000246
   -0.000065   -0.000817   -0.000299   -0.000899   -0.000299   -0.000817   -0.000065   -0.000021
   -0.000175   -0.001434   -0.000099    0.001116   -0.000099   -0.001434   -0.000175   -0.000126
   -0.000175   -0.000817   -0.000099   -0.000899   -0.000099   -0.000817   -0.000175   -0.000021
   -0.000175   -0.000821   -0.000099   -0.000793   -0.000099   -0.000821   -0.000175   -0.000764
   -0.000175   -0.001434   -0.000099    0.001116   -0.000099   -0.001434   -0.000175   -0.000126
   -0.001867   -0.019675   -0.021936    5.674098   -0.021936   -0.019675   -0.001867   -0.000725
   -0.001867   -0.001434   -0.021936    0.001116   -0.021936   -0.001434   -0.001867   -0.000126

    0.000246   -0.000065    0.000222   -0.000299    0.000239   -0.000299    0.000222   -0.000065
   -0.000021   -0.000175   -0.000817   -0.000099   -0.000899   -0.000099   -0.000817   -0.000175
   -0.000126   -0.000175   -0.001434   -0.000099    0.001116   -0.000099   -0.001434   -0.000175
   -0.000021   -0.000065   -0.000817   -0.000299   -0.000899   -0.000299   -0.000817   -0.000065
   -0.000815   -0.000065   -0.000747   -0.000299   -0.000693   -0.000299   -0.000747   -0.000065
    0.000246   -0.000175    0.000222   -0.000099    0.000239   -0.000099    0.000222   -0.000175
   -0.000764   -0.000175   -0.000821   -0.000099   -0.000793   -0.000099   -0.000821   -0.000175
    0.000246   -0.000065    0.000222   -0.000299    0.000239   -0.000299    0.000222   -0.000065
    0.000246   -0.000175    0.000222   -0.000099    0.000239   -0.000099    0.000222   -0.000175
   -0.000021   -0.001867   -0.000817   -0.021936   -0.000899   -0.021936   -0.000817   -0.001867
   -0.000126   -0.001867   -0.001434   -0.021936    0.001116   -0.021936   -0.001434   -0.001867
   -0.000021   -0.000175   -0.000817   -0.000099   -0.000899   -0.000099   -0.000817   -0.000175
   -0.000764   -0.000175   -0.000821   -0.000099   -0.000793   -0.000099   -0.000821   -0.000175
   -0.000126   -0.001867   -0.001434   -0.021936    0.001116   -0.021936   -0.001434   -0.001867
   -0.000725   -0.001867   -0.019675   -0.021936    5.674098   -0.021936   -0.019675   -0.001867
   -0.000126   -0.000175   -0.001434   -0.000099    0.001116   -0.000099   -0.001434   -0.000175

   -0.000175    0.000246   -0.000175    0.000222   -0.000099    0.000239   -0.000099    0.000222
   -0.000175   -0.000021   -0.000175   -0.000817   -0.000099   -0.000899   -0.000099   -0.000817
   -0.001867   -0.000126   -0.001867   -0.001434   -0.021936    0.001116   -0.021936   -0.001434
   -0.001867   -0.000021   -0.001867   -0.000817   -0.021936   -0.000899   -0.021936   -0.000817
   -0.000065   -0.000815   -0.000065   -0.000747   -0.000299   -0.000693   -0.000299   -0.000747
   -0.000065    0.000246   -0.000065    0.000222   -0.000299    0.000239   -0.000299    0.000222
   -0.000175   -0.000764   -0.000175   -0.000821   -0.000099   -0.000793   -0.000099   -0.000821
   -0.000175    0.000246   -0.000175    0.000222   -0.000099    0.000239   -0.000099    0.000222
   -0.000065    0.000246   -0.000065    0.000222   -0.000299    0.000239   -0.000299    0.000222
   -0.000065   -0.000021   -0.000065   -0.000817   -0.000299   -0.000899   -0.000299   -0.000817
   -0.000175   -0.000126   -0.000175   -0.001434   -0.000099    0.001116   -0.000099   -0.001434
   -0.000175   -0.000021   -0.000175   -0.000817   -0.000099   -0.000899   -0.000099   -0.000817
   -0.000175   -0.000764   -0.000175   -0.000821   -0.000099   -0.000793   -0.000099   -0.000821
   -0.000175   -0.000126   -0.000175   -0.001434   -0.000099    0.001116   -0.000099   -0.001434
   -0.001867   -0.000725   -0.001867   -0.019675   -0.021936    5.674098   -0.021936   -0.019675
   -0.001867   -0.000126   -0.001867   -0.001434   -0.021936    0.001116   -0.021936   -0.001434

    0.000222   -0.000065    0.000246   -0.000065    0.000222   -0.000299    0.000239   -0.000299
   -0.000817   -0.000175   -0.000021   -0.000175   -0.000817   -0.000099   -0.000899   -0.000099
   -0.001434   -0.000175   -0.000126   -0.000175   -0.001434   -0.000099    0.001116   -0.000099
   -0.000817   -0.000065   -0.000021   -0.000065   -0.000817   -0.000299   -0.000899   -0.000299
   -0.000747   -0.000065   -0.000815   -0.000065   -0.000747   -0.000299   -0.000693   -0.000299
    0.000222   -0.000175    0.000246   -0.000175    0.000222   -0.000099    0.000239   -0.000099
   -0.000821   -0.000175   -0.000764   -0.000175   -0.000821   -0.000099   -0.000793   -0.000099
    0.000222   -0.000065    0.000246   -0.000065    0.000222   -0.000299    0.000239   -0.000299
    0.000222   -0.000175    0.000246   -0.000175    0.000222   -0.000099    0.000239   -0.000099
   -0.000817   -0.001867   -0.000021   -0.001867   -0.000817   -0.021936   -0.000899   -0.021936
   -0.001434   -0.001867   -0.000126   -0.001867   -0.001434   -0.021936    0.001116   -0.021936
   -0.000817   -0.000175   -0.000021   -0.000175   -0.000817   -0.000099   -0.000899   -0.000099
   -0.000821   -0.000175   -0.000764   -0.000175   -0.000821   -0.000099   -0.000793   -0.000099
   -0.001434   -0.001867   -0.000126   -0.001867   -0.001434   -0.021936    0.001116   -0.021936
   -0.019675   -0.001867   -0.000725   -0.001867   -0.019675   -0.021936    5.674098   -0.021936
   -0.001434   -0.000175   -0.000126   -0.000175   -0.001434   -0.000099    0.001116   -0.000099

   -0.000099    0.000222   -0.000175    0.000246   -0.000175    0.000222   -0.000099    0.000239
   -0.000099   -0.000817   -0.000175   -0.000021   -0.000175   -0.000817   -0.000099   -0.000899
   -0.021936   -0.001434   -0.001867   -0.000126   -0.001867   -0.001434   -0.021936    0.001116
   -0.021936   -0.000817   -0.001867   -0.000021   -0.001867   -0.000817   -0.021936   -0.000899
   -0.000299   -0.000747   -0.000065   -0.000815   -0.000065   -0.000747   -0.000299   -0.000693
   -0.000299    0.000222   -0.000065    0.000246   -0.000065    0.000222   -0.000299    0.000239
   -0.000099   -0.000821   -0.000175   -0.000764   -0.000175   -0.000821   -0.000099   -0.000793
   -0.000099    0.000222   -0.000175    0.000246   -0.000175    0.000222   -0.000099    0.000239
   -0.000299    0.000222   -0.000065    0.000246   -0.000065    0.000222   -0.000299    0.000239
   -0.000299   -0.000817   -0.000065   -0.000021   -0.000065   -0.000817   -0.000299   -0.000899
   -0.000099   -0.001434   -0.000175   -0.000126   -0.000175   -0.001434   -0.000099    0.001116
   -0.000099   -0.000817   -0.000175   -0.000021   -0.000175   -0.000817   -0.000099   -0.000899
   -0.000099   -0.000821   -0.000175   -0.000764   -0.000175   -0.000821   -0.000099   -0.000793
   -0.000099   -0.001434   -0.000175   -0.000126   -0.000175   -0.001434   -0.000099    0.001116
   -0.021936   -0.019675   -0.001867   -0.000725   -0.001867   -0.019675   -0.021936    5.674098
   -0.021936   -0.001434   -0.001867   -0.000126   -0.001867   -0.001434   -0.021936    0.001116

   -0.000899   -0.000299   -0.000817   -0.000065   -0.000021   -0.000065   -0.000817   -0.000299
    0.000239   -0.000299    0.000222   -0.000065    0.000246   -0.000065    0.000222   -0.000299
   -0.000899   -0.000099   -0.000817   -0.000175   -0.000021   -0.000175   -0.000817   -0.000099
    0.001116   -0.000099   -0.001434   -0.000175   -0.000126   -0.000175   -0.001434   -0.000099
    0.000239   -0.000299    0.000222   -0.000065    0.000246   -0.000065    0.000222   -0.000299
   -0.000693   -0.000299   -0.000747   -0.000065   -0.000815   -0.000065   -0.000747   -0.000299
    0.000239   -0.000099    0.000222   -0.000175    0.000246   -0.000175    0.000222   -0.000099
   -0.000793   -0.000099   -0.000821   -0.000175   -0.000764   -0.000175   -0.000821   -0.000099
   -0.000899   -0.000099   -0.000817   -0.000175   -0.000021   -0.000175   -0.000817   -0.000099
    0.000239   -0.000099    0.000222   -0.000175    0.000246   -0.000175    0.000222   -0.000099
   -0.000899   -0.021936   -0.000817   -0.001867   -0.000021   -0.001867   -0.000817   -0.021936
    0.001116   -0.021936   -0.001434   -0.001867   -0.000126   -0.001867   -0.001434   -0.021936
    0.001116   -0.000099   -0.001434   -0.000175   -0.000126   -0.000175   -0.001434   -0.000099
   -0.000793   -0.000099   -0.000821   -0.000175   -0.000764   -0.000175   -0.000821   -0.000099
    0.001116   -0.021936   -0.001434   -0.001867   -0.000126   -0.001867   -0.001434   -0.021936
    5.674098   -0.021936   -0.019675   -0.001867   -0.000725   -0.001867   -0.019675   -0.021936

   -0.021936   -0.000899   -0.021936   -0.000817   -0.001867   -0.000021   -0.001867   -0.000817
   -0.000099    0.000239   -0.000099    0.000222   -0.000175    0.000246   -0.000175    0.000222
   -0.000099   -0.000899   -0.000099   -0.000817   -0.000175   -0.000021   -0.000175   -0.000817
   -0.021936    0.001116   -0.021936   -0.001434   -0.001867   -0.000126   -0.001867   -0.001434
   -0.000099    0.000239   -0.000099    0.000222   -0.000175    0.000246   -0.000175    0.000222
   -0.000299   -0.000693   -0.000299   -0.000747   -0.000065   -0.000815   -0.000065   -0.000747
   -0.000299    0.000239   -0.000299    0.000222   -0.000065    0.000246   -0.000065    0.000222
   -0.000099   -0.000793   -0.000099   -0.000821   -0.000175   -0.000764   -0.000175   -0.000821
   -0.000099   -0.000899   -0.000099   -0.000817   -0.000175   -0.000021   -0.000175   -0.000817
   -0.000299    0.000239   -0.000299    0.000222   -0.000065    0.000246   -0.000065    0.000222
   -0.000299   -0.000899   -0.000299   -0.000817   -0.000065   -0.000021   -0.000065   -0.000817
   -0.000099    0.001116   -0.000099   -0.001434   -0.000175   -0.000126   -0.000175   -0.001434
   -0.021936    0.001116   -0.021936   -0.001434   -0.001867   -0.000126   -0.001867   -0.001434
   -0.000099   -0.000793   -0.000099   -0.000821   -0.000175   -0.000764   -0.000175   -0.000821
   -0.000099    0.001116   -0.000099   -0.001434   -0.000175   -0.000126   -0.000175   -0.001434
   -0.021936    5.674098   -0.021936   -0.019675   -0.001867   -0.000725   -0.001867   -0.019675

   -0.000817   -0.000299   -0.000899   -0.000299   -0.000817   -0.000065   -0.000021   -0.000065
    0.000222   -0.000299    0.000239   -0.000299    0.000222   -0.000065    0.000246   -0.000065
   -0.000817   -0.000099   -0.000899   -0.000099   -0.000817   -0.000175   -0.000021   -0.000175
   -0.001434   -0.000099    0.001116   -0.000099   -0.001434   -0.000175   -0.000126   -0.000175
    0.000222   -0.000299    0.000239   -0.000299    0.000222   -0.000065    0.000246   -0.000065
   -0.000747   -0.000299   -0.000693   -0.000299   -0.000747   -0.000065   -0.000815   -0.000065
    0.000222   -0.000099    0.000239   -0.000099    0.000222   -0.000175    0.000246   -0.000175
   -0.000821   -0.000099   -0.000793   -0.000099   -0.000821   -0.000175   -0.000764   -0.000175
   -0.000817   -0.000099   -0.000899   -0.000099   -0.000817   -0.000175   -0.000021   -0.000175
    0.000222   -0.000099    0.000239   -0.000099    0.000222   -0.000175    0.000246   -0.000175
   -0.000817   -0.021936   -0.000899   -0.021936   -0.000817   -0.001867   -0.000021   -0.001867
   -0.001434   -0.021936    0.001116   -0.021936   -0.001434   -0.001867   -0.000126   -0.001867
   -0.001434   -0.000099    0.001116   -0.000099   -0.001434   -0.000175   -0.000126   -0.000175
   -0.000821   -0.000099   -0.000793   -0.000099   -0.000821   -0.000175   -0.000764   -0.000175
   -0.001434   -0.021936    0.001116   -0.021936   -0.001434   -0.001867   -0.000126   -0.001867
   -0.019675   -0.021936    5.674098   -0.021936   -0.019675   -0.001867   -0.000725   -0.001867

   -0.001867   -0.000817   -0.021936   -0.000899   -0.021936   -0.000817   -0.001867   -0.000021
   -0.000175    0.000222   -0.000099    0.000239   -0.000099    0.000222   -0.000175    0.000246
   -0.000175   -0.000817   -0.000099   -0.000899   -0.000099   -0.000817   -0.000175   -0.000021
   -0.001867   -0.001434   -0.021936    0.001116   -0.021936   -0.001434   -0.001867   -0.000126
   -0.000175    0.000222   -0.000099    0.000239   -0.000099    0.000222   -0.000175    0.000246
   -0.000065   -0.000747   -0.000299   -0.000693   -0.000299   -0.000747   -0.000065   -0.000815
   -0.000065    0.000222   -0.000299    0.000239   -0.000299    0.000222   -0.000065    0.000246
   -0.000175   -0.000821   -0.000099   -0.000793   -0.000099   -0.000821   -0.000175   -0.000764
   -0.000175   -0.000817   -0.000099   -0.000899   -0.000099   -0.000817   -0.000175   -0.000021
   -0.000065    0.000222   -0.000299    0.000239   -0.000299    0.000222   -0.000065    0.000246
   -0.000065   -0.000817   -0.000299   -0.000899   -0.000299   -0.000817   -0.000065   -0.000021
   -0.000175   -0.001434   -0.000099    0.001116   -0.000099   -0.001434   -0.000175   -0.000126
   -0.001867   -0.001434   -0.021936    0.001116   -0.021936   -0.001434   -0.001867   -0.000126
   -0.000175   -0.000821   -0.000099   -0.000793   -0.000099   -0.000821   -0.000175   -0.000764
   -0.000175   -0.001434   -0.000099    0.001116   -0.000099   -0.001434   -0.000175   -0.000126
   -0.001867   -0.019675   -0.021936    5.674098   -0.021936   -0.019675   -0.001867   -0.000725

   -0.000021   -0.000065   -0.000817   -0.000299   -0.000899   -0.000299   -0.000817   -0.000065
    0.000246   -0.000065    0.000222   -0.000299    0.000239   -0.000299    0.000222   -0.000065
   -0.000021   -0.000175   -0.000817   -0.000099   -0.000899   -0.000099   -0.000817   -0.000175
   -0.000126   -0.000175   -0.001434   -0.000099    0.001116   -0.000099   -0.001434   -0.000175
    0.000246   -0.000065    0.000222   -0.000299    0.000239   -0.000299    0.000222   -0.000065
   -0.000815   -0.000065   -0.000747   -0.000299   -0.000693   -0.000299   -0.000747   -0.000065
    0.000246   -0.000175    0.000222   -0.000099    0.000239   -0.000099    0.000222   -0.000175
   -0.000764   -0.000175   -0.000821   -0.000099   -0.000793   -0.000099   -0.000821   -0.000175
   -0.000021   -0.000175   -0.000817   -0.000099   -0.000899   -0.000099   -0.000817   -0.000175
    0.000246   -0.000175    0.000222   -0.000099    0.000239   -0.000099    0.000222   -0.000175
   -0.000021   -0.001867   -0.000817   -0.021936   -0.000899   -0.021936   -0.000817   -0.001867
   -0.000126   -0.001867   -0.001434   -0.021936    0.001116   -0.021936   -0.001434   -0.001867
   -0.000126   -0.000175   -0.001434   -0.000099    0.001116   -0.000099   -0.001434   -0.000175
   -0.000764   -0.000175   -0.000821   -0.000099   -0.000793   -0.000099   -0.000821   -0.000175
   -0.000126   -0.001867   -0.001434   -0.021936    0.001116   -0.021936   -0.001434   -0.001867
   -0.000725   -0.001867   -0.019675   -0.021936    5.674098   -0.021936   -0.019675   -0.001867

   -0.001867   -0.000021   -0.001867   -0.000817   -0.021936   -0.000899   -0.021936   -0.000817
   -0.000175    0.000246   -0.000175    0.000222   -0.000099    0.000239   -0.000099    0.000222
   -0.000175   -0.000021   -0.000175   -0.000817   -0.000099   -0.000899   -0.000099   -0.000817
   -0.001867   -0.000126   -0.001867   -0.001434   -0.021936    0.001116   -0.021936   -0.001434
   -0.000175    0.000246   -0.000175    0.000222   -0.000099    0.000239   -0.000099    0.000222
   -0.000065   -0.000815   -0.000065   -0.000747   -0.000299   -0.000693   -0.000299   -0.000747
   -0.000065    0.000246   -0.000065    0.000222   -0.000299    0.000239   -0.000299    0.000222
   -0.000175   -0.000764   -0.000175   -0.000821   -0.000099   -0.000793   -0.000099   -0.000821
   -0.000175   -0.000021   -0.000175   -0.000817   -0.000099   -0.000899   -0.000099   -0.000817
   -0.000065    0.000246   -0.000065    0.000222   -0.000299    0.000239   -0.000299    0.000222
   -0.000065   -0.000021   -0.000065   -0.000817   -0.000299   -0.000899   -0.000299   -0.000817
   -0.000175   -0.000126   -0.000175   -0.001434   -0.000099    0.001116   -0.000099   -0.001434
   -0.001867   -0.000126   -0.001867   -0.001434   -0.021936    0.001116   -0.021936   -0.001434
   -0.000175   -0.000764   -0.000175   -0.000821   -0.000099   -0.000793   -0.000099   -0.000821
   -0.000175   -0.000126   -0.000175   -0.001434   -0.000099    0.001116   -0.000099   -0.001434
   -0.001867   -0.000725   -0.001867   -0.019675   -0.021936    5.674098   -0.021936   -0.019675

   -0.000817   -0.000065   -0.000021   -0.000065   -0.000817   -0.000299   -0.000899   -0.000299
    0.000222   -0.000065    0.000246   -0.000065    0.000222   -0.000299    0.000239   -0.000299
   -0.000817   -0.000175   -0.000021   -0.000175   -0.000817   -0.000099   -0.000899   -0.000099
   -0.001434   -0.000175   -0.000126   -0.000175   -0.001434   -0.000099    0.001116   -0.000099
    0.000222   -0.000065    0.000246   -0.000065    0.000222   -0.000299    0.000239   -0.000299
   -0.000747   -0.000065   -0.000815   -0.000065   -0.000747   -0.000299   -0.000693   -0.000299
    0.000222   -0.000175    0.000246   -0.000175    0.000222   -0.000099    0.000239   -0.000099
   -0.000821   -0.000175   -0.000764   -0.000175   -0.000821   -0.000099   -0.000793   -0.000099
   -0.000817   -0.000175   -0.000021   -0.000175   -0.000817   -0.000099   -0.000899   -0.000099
    0.000222   -0.000175    0.000246   -0.000175    0.000222   -0.000099    0.000239   -0.000099
   -0.000817   -0.001867   -0.000021   -0.001867   -0.000817   -0.021936   -0.000899   -0.021936
   -0.001434   -0.001867   -0.000126   -0.001867   -0.001434   -0.021936    0.001116   -0.021936
   -0.001434   -0.000175   -0.000126   -0.000175   -0.001434   -0.000099    0.001116   -0.000099
   -0.000821   -0.000175   -0.000764   -0.000175   -0.000821   -0.000099   -0.000793   -0.000099
   -0.001434   -0.001867   -0.000126   -0.001867   -0.001434   -0.021936    0.001116   -0.021936
   -0.019675   -0.001867   -0.000725   -0.001867   -0.019675   -0.021936    5.674098   -0.021936

   -0.021936   -0.000817   -0.001867   -0.000021   -0.001867   -0.000817   -0.021936   -0.000899
   -0.000099    0.000222   -0.000175    0.000246   -0.000175    0.000222   -0.000099    0.000239
   -0.000099   -0.000817   -0.000175   -0.000021   -0.000175   -0.000817   -0.000099   -0.000899
   -0.021936   -0.001434   -0.001867   -0.000126   -0.001867   -0.001434   -0.021936    0.001116
   -0.000099    0.000222   -0.000175    0.000246   -0.000175    0.000222   -0.000099    0.000239
   -0.000299   -0.000747   -0.000065   -0.000815   -0.000065   -0.000747   -0.000299   -0.000693
   -0.000299    0.000222   -0.000065    0.000246   -0.000065    0.000222   -0.000299    0.000239
   -0.000099   -0.000821   -0.000175   -0.000764   -0.000175   -0.000821   -0.000099   -0.000793
   -0.000099   -0.000817   -0.000175   -0.000021   -0.000175   -0.000817   -0.000099   -0.000899
   -0.000299    0.000222   -0.000065    0.000246   -0.000065    0.000222   -0.000299    0.000239
   -0.000299   -0.000817   -0.000065   -0.000021   -0.000065   -0.000817   -0.000299   -0.000899
   -0.000099   -0.001434   -0.000175   -0.000126   -0.000175   -0.001434   -0.000099    0.001116
   -0.021936   -0.001434   -0.001867   -0.000126   -0.001867   -0.001434   -0.021936    0.001116
   -0.000099   -0.000821   -0.000175   -0.000764   -0.000175   -0.000821   -0.000099   -0.000793
   -0.000099   -0.001434   -0.000175   -0.000126   -0.000175   -0.001434   -0.000099    0.001116
   -0.021936   -0.019675   -0.001867   -0.000725   -0.001867   -0.019675   -0.021936    5.674098

