screen_id,doi,lane,v3_decision,v3_source,v3_final,v3_step,v4_decision,v4_source,v4_final,v4_step,v5_decision,v5_source,v5_final,v5_step,version_primary,v4_eta_form,v4_secondary,v4_question,v5_form,v5_eta_form,v5_eta_derivation,v5_eta_note,v5_secondary,v5_provenance,v5_question,v5_check,si_read,v5_final_before_si
R0002,10.1002/adma.202314049,NEEDS_SI,NEEDS_SI,passes,NEEDS_SI,,UNRESOLVED,v4 read,UNRESOLVED,,UNRESOLVED,v5 read,UNRESOLVED,,,,,True,journal,,,,,,False,,,UNRESOLVED
R0003,10.1002/advs.202104636,THIRD_READ,ELIGIBLE,third read,ELIGIBLE,,ELIGIBLE,v4 read,ELIGIBLE,,ELIGIBLE,public evidence recovery 2026-10-01: independent reads reviewed,ELIGIBLE,,,equivalent,,False,journal,numeric,direct,,,,False,,recovery reviewed,NEEDS_SI
R0005,10.1002/advs.202205920,THIRD_READ,EXCLUDE:E5,third read,EXCLUDE:E5,,EXCLUDE:E5,v4 read,EXCLUDE:E5,,EXCLUDE:E5,SI read: passes agree,EXCLUDE:E5,,,,,False,journal,,,,,,False,,agreed,EXCLUDE:E5
R0006,10.1002/advs.202305505,THIRD_READ,EXCLUDE:E3,third read,EXCLUDE:E3,,EXCLUDE:E3,v4 read,EXCLUDE:E3,,EXCLUDE:E3,v5 read,EXCLUDE:E3,,,,,False,journal,,,,,,False,,,EXCLUDE:E3
R0007,10.1002/aenm.201903120,AGREED_EXCLUDE,EXCLUDE:E1,passes agree,EXCLUDE:E1,,EXCLUDE:E1,passes agree,EXCLUDE:E1,,EXCLUDE:E1,passes agree,EXCLUDE:E1,,,,,False,,,,,,,False,,,EXCLUDE:E1
R0008,10.1002/aenm.202103670,AGREED_EXCLUDE,EXCLUDE:E1,passes agree,EXCLUDE:E1,,EXCLUDE:E1,passes agree,EXCLUDE:E1,,EXCLUDE:E1,passes agree,EXCLUDE:E1,,,,,False,,,,,,,False,,,EXCLUDE:E1
R0009,10.1002/ange.201402311,AGREED_EXCLUDE,EXCLUDE:E3,passes agree,EXCLUDE:E3,,EXCLUDE:E3,passes agree,EXCLUDE:E3,,EXCLUDE:E3,passes agree,EXCLUDE:E3,,,,,False,,,,,,,False,,,EXCLUDE:E3
R0013,10.1002/anie.201904614,AGREED_EXCLUDE,EXCLUDE:E4,v3 sensitivity read,EXCLUDE:E4,,EXCLUDE:E4,v4 passes,EXCLUDE:E4,,EXCLUDE:E4,v5 read,EXCLUDE:E4,,,,,False,journal,,,,,,False,,,EXCLUDE:E4
R0014,10.1002/anie.202106631,AGREED_ELIGIBLE,ELIGIBLE,passes agree,ELIGIBLE,,ELIGIBLE,v4 read,ELIGIBLE,,ELIGIBLE,v5 read,ELIGIBLE,,,scaling,,False,journal,graphical,scaling,,,,False,,,ELIGIBLE
R0016,10.1002/cctc.201000126,THIRD_READ,EXCLUDE:E1,third read,EXCLUDE:E1,,EXCLUDE:E1,third read,EXCLUDE:E1,,EXCLUDE:E1,v5 read,EXCLUDE:E1,,,,,False,journal,,,,,,False,,,EXCLUDE:E1
R0017,10.1002/cctc.201000397,THIRD_READ,ELIGIBLE,third read,ELIGIBLE,,ELIGIBLE,v4 read,ELIGIBLE,,ELIGIBLE,v5 read,ELIGIBLE,,,graphical,,False,journal,graphical,direct,,,,False,,,ELIGIBLE
R0018,10.1002/cctc.201402194,AGREED_EXCLUDE,EXCLUDE:E3,passes agree,EXCLUDE:E3,,EXCLUDE:E3,passes agree,EXCLUDE:E3,,EXCLUDE:E3,passes agree,EXCLUDE:E3,,,,,False,,,,,,,False,,,EXCLUDE:E3
R0019,10.1002/cctc.201402756,THIRD_READ,ELIGIBLE,third read,ELIGIBLE,,ELIGIBLE,v4 read,ELIGIBLE,,ELIGIBLE,v5 read,ELIGIBLE,,,numeric,,False,journal,numeric,direct,,,,False,,,ELIGIBLE
R0022,10.1002/cssc.201600214,AGREED_EXCLUDE,EXCLUDE:E1,passes agree,EXCLUDE:E1,,EXCLUDE:E1,passes agree,EXCLUDE:E1,,EXCLUDE:E1,passes agree,EXCLUDE:E1,,,,,False,,,,,,,False,,,EXCLUDE:E1
R0023,10.1002/smll.202100129,THIRD_READ,EXCLUDE:E1,third read,EXCLUDE:E1,,EXCLUDE:E1,third read,EXCLUDE:E1,,EXCLUDE:E1,v5 read,EXCLUDE:E1,,,,,False,journal,,,,,,False,,,EXCLUDE:E1
R0025,10.1002/smll.202305479,AGREED_EXCLUDE,EXCLUDE:E5,passes agree,EXCLUDE:E5,,EXCLUDE:E5,v4 read,EXCLUDE:E5,,EXCLUDE:E5,v5 read,EXCLUDE:E5,,,,,False,journal,,,,,,False,,,EXCLUDE:E5
R0030,10.1007/s11244-013-0171-6,AGREED_EXCLUDE,EXCLUDE:E3,passes agree,EXCLUDE:E3,,EXCLUDE:E3,v4 read,EXCLUDE:E3,,EXCLUDE:E3,v5 read,EXCLUDE:E3,,,,,False,journal,,,,,,False,,,EXCLUDE:E3
R0033,10.1016/0013-4686(86)80153-0,AGREED_EXCLUDE,EXCLUDE:E2,passes agree,EXCLUDE:E2,,EXCLUDE:E2,passes agree,EXCLUDE:E2,,EXCLUDE:E2,passes agree,EXCLUDE:E2,,,,,False,,,,,,,False,,,EXCLUDE:E2
R0045,10.1016/j.chemphys.2005.05.038,AGREED_EXCLUDE,EXCLUDE:E2,passes agree,EXCLUDE:E2,,EXCLUDE:E2,passes agree,EXCLUDE:E2,,EXCLUDE:E2,passes agree,EXCLUDE:E2,,,,,False,,,,,,,False,,,EXCLUDE:E2
R0046,10.1016/j.coelec.2016.11.001,AGREED_EXCLUDE,EXCLUDE:E1,passes agree,EXCLUDE:E1,,EXCLUDE:E1,passes agree,EXCLUDE:E1,,EXCLUDE:E1,passes agree,EXCLUDE:E1,,,,,False,,,,,,,False,,,EXCLUDE:E1
R0052,10.1016/j.cplett.2008.10.024,AGREED_EXCLUDE,EXCLUDE:E3,passes agree,EXCLUDE:E3,,EXCLUDE:E3,passes agree,EXCLUDE:E3,,EXCLUDE:E2,v5 read,EXCLUDE:E2,,,,,False,journal,,,,,,False,,,EXCLUDE:E2
R0056,10.1016/j.jelechem.2006.11.008,THIRD_READ,EXCLUDE:E2,third read,EXCLUDE:E2,,EXCLUDE:E2,v4 read,EXCLUDE:E2,,EXCLUDE:E2,v5 read,EXCLUDE:E2,,,,,False,journal,,,,,,False,,,EXCLUDE:E2
R0065,10.1016/s0022-0728(02)00744-1,AGREED_EXCLUDE,EXCLUDE:E3,passes agree,EXCLUDE:E3,,EXCLUDE:E3,passes agree,EXCLUDE:E3,,EXCLUDE:E3,passes agree,EXCLUDE:E3,,,,,False,,,,,,,False,,,EXCLUDE:E3
R0066,10.1016/s0022-0728(81)80312-9,THIRD_READ,EXCLUDE:E2,third read,EXCLUDE:E2,,EXCLUDE:E2,third read,EXCLUDE:E2,,EXCLUDE:E2,third read,EXCLUDE:E2,,,,,False,,,,,,,False,,,EXCLUDE:E2
R0068,10.1021/acs.accounts.3c00589,THIRD_READ,EXCLUDE:E1,third read,EXCLUDE:E1,,EXCLUDE:E1,third read,EXCLUDE:E1,,EXCLUDE:E1,v5 read,EXCLUDE:E1,,,,,False,journal,,,,,,False,,,EXCLUDE:E1
R0069,10.1021/acs.chemrev.1c00675,THIRD_READ,EXCLUDE:E1,third read,EXCLUDE:E1,,EXCLUDE:E1,third read,EXCLUDE:E1,,EXCLUDE:E1,v5 read,EXCLUDE:E1,,,,,False,journal,,,,,,False,,,EXCLUDE:E1
R0072,10.1021/acs.jpcc.5b01884,AGREED_EXCLUDE,EXCLUDE:E3,passes agree,EXCLUDE:E3,,EXCLUDE:E3,passes agree,EXCLUDE:E3,,EXCLUDE:E3,v5 read,EXCLUDE:E3,,,,,False,journal,,,,,,False,,,EXCLUDE:E3
R0074,10.1021/acs.jpcc.6b09141,THIRD_READ,EXCLUDE:E4,third read,EXCLUDE:E4,,EXCLUDE:E4,third read,EXCLUDE:E4,,EXCLUDE:E4,v5 read,EXCLUDE:E4,,,,,False,journal,,,,,,False,,,EXCLUDE:E4
R0075,10.1021/acs.jpcc.7b01990,THIRD_READ,EXCLUDE:E3,third read,EXCLUDE:E3,,EXCLUDE:E3,third read,EXCLUDE:E3,,EXCLUDE:E3,v5 read,EXCLUDE:E3,,,,,False,journal,,,,,,False,,,EXCLUDE:E3
R0079,10.1021/acs.jpcc.9b10860,THIRD_READ,UNRESOLVED,third read,UNRESOLVED,,EXCLUDE:E3,v4 read,EXCLUDE:E3,,EXCLUDE:E3,v5 read,EXCLUDE:E3,,,,reanalysis,True,journal,,,,reanalysis,own,False,,,EXCLUDE:E3
R0080,10.1021/acs.jpclett.2c02873,THIRD_READ,ELIGIBLE,third read,ELIGIBLE,,ELIGIBLE,v4 read,ELIGIBLE,,ELIGIBLE,v5 read,ELIGIBLE,,,numeric,,False,journal,numeric,direct,,,,False,,,ELIGIBLE
R0082,10.1021/acs.jpclett.7b02895,NEEDS_SI,NEEDS_SI,passes,NEEDS_SI,,ELIGIBLE,v4 read,ELIGIBLE,,UNRESOLVED,SI read: third read,UNRESOLVED,,,equivalent,,True,preprint,,,,,,False,,third read,UNRESOLVED
R0085,10.1021/acs.nanolett.2c01124,THIRD_READ,ELIGIBLE,third read,ELIGIBLE,,UNRESOLVED,v4 read,UNRESOLVED,,UNRESOLVED,SI read: third read,UNRESOLVED,,,numeric,,True,journal,numeric,direct,,,,False,,third read,UNRESOLVED
R0086,10.1021/acsaem.9b01480,AGREED_EXCLUDE,EXCLUDE:E3,passes agree,EXCLUDE:E3,,EXCLUDE:E3,passes agree,EXCLUDE:E3,,EXCLUDE:E3,v5 read,EXCLUDE:E3,,,,,False,journal,,,,reanalysis,external,False,,,EXCLUDE:E3
R0088,10.1021/acscatal.0c03865,AGREED_EXCLUDE,EXCLUDE:E1,passes agree,EXCLUDE:E1,,EXCLUDE:E1,passes agree,EXCLUDE:E1,,EXCLUDE:E1,passes agree,EXCLUDE:E1,,,,,False,,,,,,,False,,,EXCLUDE:E1
R0089,10.1021/acscatal.0c04525,AGREED_EXCLUDE,EXCLUDE:E3,passes agree,EXCLUDE:E3,,EXCLUDE:E3,passes agree,EXCLUDE:E3,,EXCLUDE:E3,v5 read,EXCLUDE:E3,,,,,False,preprint,,,,,,False,,,EXCLUDE:E3
R0091,10.1021/acscatal.1c01867,AGREED_EXCLUDE,EXCLUDE:E4,passes agree,EXCLUDE:E4,,EXCLUDE:E4,passes agree,EXCLUDE:E4,,EXCLUDE:E4,v5 read,EXCLUDE:E4,,,,,False,journal,,,,,,False,,,EXCLUDE:E4
R0097,10.1021/acscatal.9b01564,AGREED_EXCLUDE,EXCLUDE:E3,passes agree,EXCLUDE:E3,,EXCLUDE:E3,v4 read,EXCLUDE:E3,,EXCLUDE:E3,v5 read,EXCLUDE:E3,,,,,False,journal,,,,reanalysis,external,False,,,EXCLUDE:E3
R0099,10.1021/acscatal.9b02457,AGREED_EXCLUDE,EXCLUDE:E1,passes agree,EXCLUDE:E1,,EXCLUDE:E1,passes agree,EXCLUDE:E1,,EXCLUDE:E1,passes agree,EXCLUDE:E1,,,,,False,,,,,,,False,,,EXCLUDE:E1
R0101,10.1021/acscatal.9b04922,THIRD_READ,NEEDS_SI,third read,NEEDS_SI,,NEEDS_SI,v4 read,NEEDS_SI,,ELIGIBLE,SI read: third read,ELIGIBLE,,,,,True,journal,relative,equivalent,,,,False,,third read,NEEDS_SI
R0102,10.1021/acscatal.9b05611,THIRD_READ,ELIGIBLE,third read,ELIGIBLE,,ELIGIBLE,v4 read,ELIGIBLE,,ELIGIBLE,v5 read,ELIGIBLE,,,relative,,False,journal,relative,direct,,,,False,,,ELIGIBLE
R0105,10.1021/acsmaterialslett.4c00835,AGREED_EXCLUDE,EXCLUDE:E1,passes agree,EXCLUDE:E1,,EXCLUDE:E1,passes agree,EXCLUDE:E1,,EXCLUDE:E1,passes agree,EXCLUDE:E1,,,,,False,,,,,,,False,,,EXCLUDE:E1
R0107,10.1021/cr1002326,AGREED_EXCLUDE,EXCLUDE:E1,passes agree,EXCLUDE:E1,,EXCLUDE:E1,passes agree,EXCLUDE:E1,,EXCLUDE:E1,v5 read,EXCLUDE:E1,,,,,False,journal,,,,,,False,,,EXCLUDE:E1
R0108,10.1021/cr300316v,THIRD_READ,EXCLUDE:E1,third read,EXCLUDE:E1,,EXCLUDE:E1,third read,EXCLUDE:E1,,EXCLUDE:E1,third read,EXCLUDE:E1,,,,,False,,,,,,,False,,,EXCLUDE:E1
R0109,10.1021/cr300323w,AGREED_EXCLUDE,EXCLUDE:E1,passes agree,EXCLUDE:E1,,EXCLUDE:E1,passes agree,EXCLUDE:E1,,EXCLUDE:E1,passes agree,EXCLUDE:E1,,,,,False,,,,,,,False,,,EXCLUDE:E1
R0110,10.1021/cr300329s,THIRD_READ,EXCLUDE:E1,third read,EXCLUDE:E1,,EXCLUDE:E1,third read,EXCLUDE:E1,,EXCLUDE:E1,third read,EXCLUDE:E1,,,,,False,,,,,,,False,,,EXCLUDE:E1
R0112,10.1021/cs500414p,AGREED_EXCLUDE,EXCLUDE:E3,passes agree,EXCLUDE:E3,,EXCLUDE:E3,passes agree,EXCLUDE:E3,,EXCLUDE:E3,v5 read,EXCLUDE:E3,,,,,False,journal,,,,,,False,,,EXCLUDE:E3
R0115,10.1021/ja1069272,AGREED_EXCLUDE,EXCLUDE:E2,passes agree,EXCLUDE:E2,,EXCLUDE:E2,passes agree,EXCLUDE:E2,,EXCLUDE:E2,passes agree,EXCLUDE:E2,,,,,False,,,,,,,False,,,EXCLUDE:E2
R0117,10.1021/ja510442p,AGREED_EXCLUDE,EXCLUDE:E3,passes agree,EXCLUDE:E3,,EXCLUDE:E3,passes agree,EXCLUDE:E3,,EXCLUDE:E3,passes agree,EXCLUDE:E3,,,,,False,,,,,,,False,,,EXCLUDE:E3
R0120,10.1021/jacs.1c11675,THIRD_READ,ELIGIBLE,third read,ELIGIBLE,,UNRESOLVED,v4 read,UNRESOLVED,dated,UNRESOLVED,v5 read,ELIGIBLE,dated,,numeric,,True,journal,numeric,direct,,,,False,,,ELIGIBLE
R0121,10.1021/jacs.4c04096,AGREED_EXCLUDE,EXCLUDE:E3,passes agree,EXCLUDE:E3,,EXCLUDE:E3,passes agree,EXCLUDE:E3,,EXCLUDE:E3,v5 read,EXCLUDE:E3,,,,,False,journal,,,,,,False,,,EXCLUDE:E3
R0124,10.1021/jacs.8b09657,NEEDS_SI,NEEDS_SI,passes,NEEDS_SI,,UNRESOLVED,v4 read,UNRESOLVED,,EXCLUDE:E6,SI read: passes agree,EXCLUDE:E6,,,,,True,journal,,,,,,False,,agreed,UNRESOLVED
R0127,10.1021/jp003213j,AGREED_EXCLUDE,EXCLUDE:E2,passes agree,EXCLUDE:E2,,EXCLUDE:E2,passes agree,EXCLUDE:E2,,EXCLUDE:E2,passes agree,EXCLUDE:E2,,,,,False,,,,,,,False,,,EXCLUDE:E2
R0129,10.1021/jp077210j,AGREED_EXCLUDE,EXCLUDE:E2,passes agree,EXCLUDE:E2,,EXCLUDE:E2,passes agree,EXCLUDE:E2,,EXCLUDE:E2,passes agree,EXCLUDE:E2,,,,,False,,,,,,,False,,,EXCLUDE:E2
R0135,10.1021/jp308982s,AGREED_EXCLUDE,EXCLUDE:E4,passes agree,EXCLUDE:E4,,EXCLUDE:E4,passes agree,EXCLUDE:E4,,EXCLUDE:E4,v5 read,EXCLUDE:E4,,,,,False,journal,,,,,,False,,,EXCLUDE:E4
R0136,10.1021/jp310667r,AGREED_EXCLUDE,EXCLUDE:E3,passes agree,EXCLUDE:E3,,EXCLUDE:E3,passes agree,EXCLUDE:E3,,EXCLUDE:E3,v5 read,EXCLUDE:E3,,,,,False,journal,,,,,,False,,,EXCLUDE:E3
R0137,10.1021/jp407030r,AGREED_EXCLUDE,EXCLUDE:E4,passes agree,EXCLUDE:E4,,EXCLUDE:E4,passes agree,EXCLUDE:E4,,EXCLUDE:E4,v5 read,EXCLUDE:E4,,,,,False,journal,,,,,,False,,,EXCLUDE:E4
R0138,10.1021/jp409373c,THIRD_READ,ELIGIBLE,third read,ELIGIBLE,,NEEDS_SI,v4 read,NEEDS_SI,,UNRESOLVED,SI read: passes agree; SI adjudication 2026-09-29,UNRESOLVED,,,,,True,journal,,,,,,False,,agreed,NEEDS_SI
R0142,10.1021/jp711929d,AGREED_EXCLUDE,EXCLUDE:E2,passes agree,EXCLUDE:E2,,EXCLUDE:E2,passes agree,EXCLUDE:E2,,EXCLUDE:E2,passes agree,EXCLUDE:E2,,,,,False,,,,,,,False,,,EXCLUDE:E2
R0143,10.1021/jp803607y,AGREED_EXCLUDE,EXCLUDE:E3,passes agree,EXCLUDE:E3,,EXCLUDE:E3,passes agree,EXCLUDE:E3,,EXCLUDE:E2,v5 read,EXCLUDE:E2,,,,,False,journal,,,,,,False,,,EXCLUDE:E2
R0145,10.1021/jz501061n,AGREED_EXCLUDE,EXCLUDE:E3,passes agree,EXCLUDE:E3,,EXCLUDE:E3,passes agree,EXCLUDE:E3,,EXCLUDE:E3,passes agree,EXCLUDE:E3,,,,,False,,,,,,,False,,,EXCLUDE:E3
R0147,10.1038/nchem.121,AGREED_EXCLUDE,EXCLUDE:E1,passes agree,EXCLUDE:E1,,EXCLUDE:E1,passes agree,EXCLUDE:E1,,EXCLUDE:E1,passes agree,EXCLUDE:E1,,,,,False,,,,,,,False,,,EXCLUDE:E1
R0148,10.1038/nchem.141,AGREED_EXCLUDE,EXCLUDE:E1,passes agree,EXCLUDE:E1,,EXCLUDE:E1,passes agree,EXCLUDE:E1,,EXCLUDE:E1,passes agree,EXCLUDE:E1,,,,,False,,,,,,,False,,,EXCLUDE:E1
R0159,10.1038/s41929-021-00703-0,AGREED_EXCLUDE,EXCLUDE:E4,passes agree,EXCLUDE:E4,,EXCLUDE:E4,v4 read,EXCLUDE:E4,,EXCLUDE:E4,v5 read,EXCLUDE:E4,,,,,False,journal,,,,,,False,,,EXCLUDE:E4
R0162,10.1039/c2sc21601a,AGREED_EXCLUDE,EXCLUDE:E4,passes agree,EXCLUDE:E4,,EXCLUDE:E4,passes agree,EXCLUDE:E4,,EXCLUDE:E4,v5 read,EXCLUDE:E4,,,,,False,journal,,,,,,False,,,EXCLUDE:E4
R0163,10.1039/c3cp51213d,AGREED_EXCLUDE,EXCLUDE:E1,passes agree,EXCLUDE:E1,,EXCLUDE:E1,passes agree,EXCLUDE:E1,,EXCLUDE:E1,passes agree,EXCLUDE:E1,,,,,False,,,,,,,False,,,EXCLUDE:E1
R0164,10.1039/c4cp00571f,AGREED_ELIGIBLE,ELIGIBLE,passes agree,ELIGIBLE,,ELIGIBLE,v4 read,ELIGIBLE,,ELIGIBLE,v5 read,ELIGIBLE,,,numeric,,False,journal,numeric,direct,,,,False,,,ELIGIBLE
R0167,10.1039/c6cs00328a,AGREED_EXCLUDE,EXCLUDE:E1,passes agree,EXCLUDE:E1,,EXCLUDE:E1,passes agree,EXCLUDE:E1,,EXCLUDE:E1,passes agree,EXCLUDE:E1,,,,,False,,,,,,,False,,,EXCLUDE:E1
R0168,10.1039/c6sc02123a,AGREED_EXCLUDE,EXCLUDE:E4,passes agree,EXCLUDE:E4,,EXCLUDE:E4,passes agree,EXCLUDE:E4,,EXCLUDE:E4,v5 read,EXCLUDE:E4,,,,,False,journal,,,,,,False,,,EXCLUDE:E4
R0170,10.1039/c8cs00671g,AGREED_EXCLUDE,EXCLUDE:E1,passes agree,EXCLUDE:E1,,EXCLUDE:E1,passes agree,EXCLUDE:E1,,EXCLUDE:E1,passes agree,EXCLUDE:E1,,,,,False,,,,,,,False,,,EXCLUDE:E1
R0171,10.1039/c8qi00082d,AGREED_EXCLUDE,EXCLUDE:E3,passes agree,EXCLUDE:E3,,EXCLUDE:E3,passes agree,EXCLUDE:E3,,EXCLUDE:E3,passes agree,EXCLUDE:E3,,,,,False,,,,,,,False,,,EXCLUDE:E3
R0173,10.1039/c9na00568d,AGREED_EXCLUDE,EXCLUDE:E3,passes agree,EXCLUDE:E3,,EXCLUDE:E3,passes agree,EXCLUDE:E3,,EXCLUDE:E3,passes agree,EXCLUDE:E3,,,,,False,,,,,,,False,,,EXCLUDE:E3
R0174,10.1039/c9sc05897d,AGREED_EXCLUDE,EXCLUDE:E1,passes agree,EXCLUDE:E1,,EXCLUDE:E1,passes agree,EXCLUDE:E1,,EXCLUDE:E1,passes agree,EXCLUDE:E1,,,,,False,,,,,,,False,,,EXCLUDE:E1
R0177,10.1039/d0ee01960g,AGREED_ELIGIBLE,ELIGIBLE,passes agree,ELIGIBLE,,ELIGIBLE,v4 read,ELIGIBLE,,ELIGIBLE,v5 read,ELIGIBLE,,,numeric,,False,journal,numeric,direct,,,,False,,,ELIGIBLE
R0179,10.1039/d0ta11982b,AGREED_EXCLUDE,EXCLUDE:E1,passes agree,EXCLUDE:E1,,EXCLUDE:E1,passes agree,EXCLUDE:E1,,EXCLUDE:E1,passes agree,EXCLUDE:E1,,,,,False,,,,,,,False,,,EXCLUDE:E1
R0181,10.1039/d1ta03452a,AGREED_EXCLUDE,EXCLUDE:E1,passes agree,EXCLUDE:E1,,EXCLUDE:E1,passes agree,EXCLUDE:E1,,EXCLUDE:E1,passes agree,EXCLUDE:E1,,,,,False,,,,,,,False,,,EXCLUDE:E1
R0182,10.1039/d2cs01068b,AGREED_EXCLUDE,EXCLUDE:E1,passes agree,EXCLUDE:E1,,EXCLUDE:E1,passes agree,EXCLUDE:E1,,EXCLUDE:E1,passes agree,EXCLUDE:E1,,,,,False,,,,,,,False,,,EXCLUDE:E1
R0183,10.1039/d3dt03047d,AGREED_EXCLUDE,EXCLUDE:E3,passes agree,EXCLUDE:E3,,EXCLUDE:E3,passes agree,EXCLUDE:E3,,EXCLUDE:E3,passes agree,EXCLUDE:E3,,,,,False,,,,,,,False,,,EXCLUDE:E3
R0185,10.1039/d5cp00666j,THIRD_READ,ELIGIBLE,third read,ELIGIBLE,,ELIGIBLE,v4 read,ELIGIBLE,,ELIGIBLE,v5 read,ELIGIBLE,,,numeric,,False,journal,numeric,direct,,,,False,,,ELIGIBLE
R0190,10.1063/1.3602323,AGREED_EXCLUDE,EXCLUDE:E3,passes agree,EXCLUDE:E3,,EXCLUDE:E3,passes agree,EXCLUDE:E3,,EXCLUDE:E3,v5 read,EXCLUDE:E3,,,,,False,preprint,,,,,,False,,,EXCLUDE:E3
R0192,10.1063/1.4865107,THIRD_READ,EXCLUDE:E3,third read,EXCLUDE:E3,,EXCLUDE:E3,third read,EXCLUDE:E3,,EXCLUDE:E3,v5 read,EXCLUDE:E3,,,,,False,preprint,,,,,,False,,,EXCLUDE:E3
R0204,10.1088/2515-7655/abdc85,AGREED_EXCLUDE,EXCLUDE:E3,passes agree,EXCLUDE:E3,,EXCLUDE:E3,passes agree,EXCLUDE:E3,,EXCLUDE:E3,v5 read,EXCLUDE:E3,,,,,False,journal,,,,,,False,,,EXCLUDE:E3
R0212,10.1103/physrevb.73.035404,AGREED_EXCLUDE,EXCLUDE:E2,passes agree,EXCLUDE:E2,,EXCLUDE:E2,passes agree,EXCLUDE:E2,,EXCLUDE:E2,passes agree,EXCLUDE:E2,,,,,False,,,,,,,False,,,EXCLUDE:E2
S00119,10.1002/advs.201500049,AGREED_EXCLUDE,EXCLUDE:E1,passes agree,EXCLUDE:E1,,EXCLUDE:E1,passes agree,EXCLUDE:E1,,EXCLUDE:E1,passes agree,EXCLUDE:E1,,S00119,,,False,,,,,,,False,,,EXCLUDE:E1
S00144,10.11606/t.75.2013.tde-30072013-092845,AGREED_EXCLUDE,EXCLUDE:E1,passes agree,EXCLUDE:E1,,EXCLUDE:E1,passes agree,EXCLUDE:E1,,EXCLUDE:E1,passes agree,EXCLUDE:E1,,,,,False,,,,,,,False,,,EXCLUDE:E1
S00146,10.14232/phd.1611,THIRD_READ,EXCLUDE:E1,third read,EXCLUDE:E1,,EXCLUDE:E1,third read,EXCLUDE:E1,,EXCLUDE:E1,third read,EXCLUDE:E1,,,,,False,,,,,,,False,,,EXCLUDE:E1
S00194,,AGREED_EXCLUDE,EXCLUDE:E1,passes agree,EXCLUDE:E1,,EXCLUDE:E1,passes agree,EXCLUDE:E1,,EXCLUDE:E1,passes agree,EXCLUDE:E1,,,,,False,,,,,,,False,,,EXCLUDE:E1
S00358,10.1016/j.electacta.2015.08.101,NEEDS_SI,NEEDS_SI,passes,NEEDS_SI,,NEEDS_SI,v4 read,NEEDS_SI,,NEEDS_SI,v5 read,NEEDS_SI,,S00358,,,True,journal,,,,,,False,,,NEEDS_SI
S00375,10.2172/1036231,THIRD_READ,EXCLUDE:E1,third read,EXCLUDE:E1,,EXCLUDE:E1,third read,EXCLUDE:E1,,EXCLUDE:E1,v5 read,EXCLUDE:E1,,,,,False,other,,,,,,False,,,EXCLUDE:E1
S00388,10.1039/c5cp04840k,THIRD_READ,ELIGIBLE,third read,ELIGIBLE,,ELIGIBLE,v4 read,ELIGIBLE,,ELIGIBLE,v5 read,ELIGIBLE,,S00388,graphical,,False,journal,graphical,direct,,,,False,,,ELIGIBLE
S00390,10.1016/j.elecom.2015.09.019,AGREED_EXCLUDE,EXCLUDE:E3,passes agree,EXCLUDE:E3,,EXCLUDE:E3,passes agree,EXCLUDE:E3,,EXCLUDE:E3,v5 read,EXCLUDE:E3,,S00390,,,False,journal,,,,,,False,,,EXCLUDE:E3
S00475,10.1039/c5sc01251a,NEEDS_SI,NEEDS_SI,passes,NEEDS_SI,,NEEDS_SI,v4 read,NEEDS_SI,,ELIGIBLE,public evidence recovery 2026-10-01: independent reads reviewed,ELIGIBLE,,S00475,numeric,,False,journal,numeric,direct,"Authors report η = 0.39 eV (x=0.3) and 0.51 eV (x=0); main text links it to ΔG3−ΔG2, while SI defines η=ΔG3−1.229 V.",,,False,,recovery reviewed,NEEDS_SI
S00487,10.1088/0953-8984/24/21/215503,AGREED_EXCLUDE,EXCLUDE:E3,passes agree,EXCLUDE:E3,,EXCLUDE:E3,passes agree,EXCLUDE:E3,,EXCLUDE:E3,v5 read,EXCLUDE:E3,,S00487,,,False,journal,,,,,,False,,,EXCLUDE:E3
S00508,10.1002/er.3081,AGREED_EXCLUDE,EXCLUDE:E3,passes agree,EXCLUDE:E3,,EXCLUDE:E3,passes agree,EXCLUDE:E3,,EXCLUDE:E3,passes agree,EXCLUDE:E3,,S00508,,,False,,,,,,,False,,,EXCLUDE:E3
S00563,10.1039/c5nr04666a,AGREED_EXCLUDE,EXCLUDE:E3,passes agree,EXCLUDE:E3,,EXCLUDE:E3,passes agree,EXCLUDE:E3,,EXCLUDE:E3,passes agree,EXCLUDE:E3,,S00563,,,False,,,,,,,False,,,EXCLUDE:E3
S00565,10.1039/c5cp05740j,AGREED_EXCLUDE,EXCLUDE:E3,passes agree,EXCLUDE:E3,,EXCLUDE:E3,passes agree,EXCLUDE:E3,,EXCLUDE:E3,v5 read,EXCLUDE:E3,,S00565,,,False,journal,,,,,,False,,,EXCLUDE:E3
S00568,10.1021/ct500779s,THIRD_READ,EXCLUDE:E3,third read,EXCLUDE:E3,,EXCLUDE:E3,third read,EXCLUDE:E3,,EXCLUDE:E3,v5 read,EXCLUDE:E3,,S00568,,,False,journal,,,,,,False,,,EXCLUDE:E3
S00569,10.1088/2053-1613/2/1/015003,AGREED_EXCLUDE,EXCLUDE:E1,passes agree,EXCLUDE:E1,,EXCLUDE:E1,passes agree,EXCLUDE:E1,,EXCLUDE:E1,passes agree,EXCLUDE:E1,,S00569,,,False,,,,,,,False,,,EXCLUDE:E1
S00606,10.1016/j.apcatb.2014.04.025,AGREED_EXCLUDE,EXCLUDE:E3,passes agree,EXCLUDE:E3,,EXCLUDE:E3,passes agree,EXCLUDE:E3,,EXCLUDE:E3,passes agree,EXCLUDE:E3,,S00606,,,False,,,,,,,False,,,EXCLUDE:E3
S00615,10.1111/jace.13148,AGREED_EXCLUDE,EXCLUDE:E3,passes agree,EXCLUDE:E3,,EXCLUDE:E3,passes agree,EXCLUDE:E3,,EXCLUDE:E3,v5 read,EXCLUDE:E3,,S00615,,,False,journal,,,,,,False,,,EXCLUDE:E3
S00617,10.5796/electrochemistry.83.256,AGREED_EXCLUDE,EXCLUDE:E1,passes agree,EXCLUDE:E1,,EXCLUDE:E1,passes agree,EXCLUDE:E1,,EXCLUDE:E1,passes agree,EXCLUDE:E1,,S00617,,,False,,,,,,,False,,,EXCLUDE:E1
S00631,10.2298/hemind110826005j,THIRD_READ,EXCLUDE:E1,third read,EXCLUDE:E1,,EXCLUDE:E1,third read,EXCLUDE:E1,,EXCLUDE:E1,third read,EXCLUDE:E1,,S00631,,,False,,,,,,,False,,,EXCLUDE:E1
S00637,10.4028/www.scientific.net/amr.347-353.3464,AGREED_EXCLUDE,EXCLUDE:E3,passes agree,EXCLUDE:E3,,EXCLUDE:E3,passes agree,EXCLUDE:E3,,EXCLUDE:E3,passes agree,EXCLUDE:E3,,S00637,,,False,,,,,,,False,,,EXCLUDE:E3
S00652,10.1007/s12678-013-0177-7,AGREED_EXCLUDE,EXCLUDE:E3,passes agree,EXCLUDE:E3,,EXCLUDE:E3,passes agree,EXCLUDE:E3,,EXCLUDE:E3,passes agree,EXCLUDE:E3,,S00652,,,False,,,,,,,False,,,EXCLUDE:E3
S00664,10.2109/jcersj2.121.563,AGREED_EXCLUDE,EXCLUDE:E3,passes agree,EXCLUDE:E3,,EXCLUDE:E3,passes agree,EXCLUDE:E3,,EXCLUDE:E3,passes agree,EXCLUDE:E3,,S00664,,,False,,,,,,,False,,,EXCLUDE:E3
S00675,10.5012/bkcs.2012.33.7.2200,AGREED_EXCLUDE,EXCLUDE:E3,passes agree,EXCLUDE:E3,,EXCLUDE:E3,passes agree,EXCLUDE:E3,,EXCLUDE:E3,passes agree,EXCLUDE:E3,,S00675,,,False,,,,,,,False,,,EXCLUDE:E3
S00680,10.1016/j.ijhydene.2010.12.080,AGREED_EXCLUDE,EXCLUDE:E3,passes agree,EXCLUDE:E3,,EXCLUDE:E3,passes agree,EXCLUDE:E3,,EXCLUDE:E3,passes agree,EXCLUDE:E3,,S00680,,,False,,,,,,,False,,,EXCLUDE:E3
S00705,10.1007/s10562-014-1387-1,AGREED_EXCLUDE,EXCLUDE:E1,passes agree,EXCLUDE:E1,,EXCLUDE:E1,passes agree,EXCLUDE:E1,,EXCLUDE:E1,passes agree,EXCLUDE:E1,,S00705,,,False,,,,,,,False,,,EXCLUDE:E1
S00711,10.1039/c3cc46527f,AGREED_EXCLUDE,EXCLUDE:E3,passes agree,EXCLUDE:E3,,EXCLUDE:E3,passes agree,EXCLUDE:E3,,EXCLUDE:E3,passes agree,EXCLUDE:E3,,S00711,,,False,,,,,,,False,,,EXCLUDE:E3
S00723,10.1016/j.electacta.2015.03.212,THIRD_READ,EXCLUDE:E3,third read,EXCLUDE:E3,,EXCLUDE:E3,v4 read,EXCLUDE:E3,,EXCLUDE:E3,v5 read,EXCLUDE:E3,,S00723,,,False,journal,,,,,,False,,,EXCLUDE:E3
S00736,10.5796/electrochemistry.82.414,AGREED_EXCLUDE,EXCLUDE:E1,passes agree,EXCLUDE:E1,,EXCLUDE:E1,passes agree,EXCLUDE:E1,,EXCLUDE:E1,passes agree,EXCLUDE:E1,,S00736,,,False,,,,,,,False,,,EXCLUDE:E1
S00737,10.1149/05323.0021ecst,AGREED_EXCLUDE,EXCLUDE:E3,passes agree,EXCLUDE:E3,,EXCLUDE:E3,passes agree,EXCLUDE:E3,,EXCLUDE:E3,passes agree,EXCLUDE:E3,,,,,False,,,,,,,False,,,EXCLUDE:E3
S00743,10.1038/ncomms4038,AGREED_EXCLUDE,EXCLUDE:E3,passes agree,EXCLUDE:E3,,EXCLUDE:E3,passes agree,EXCLUDE:E3,,EXCLUDE:E3,passes agree,EXCLUDE:E3,,S00743,,,False,,,,,,,False,,,EXCLUDE:E3
S00759,10.1021/jp4020367,AGREED_EXCLUDE,EXCLUDE:E3,passes agree,EXCLUDE:E3,,EXCLUDE:E3,passes agree,EXCLUDE:E3,,NEEDS_SI,v5 read,NEEDS_SI,,S00759,,,False,journal,,,,,,False,,,NEEDS_SI
S00761,10.4061/2011/240837,AGREED_EXCLUDE,EXCLUDE:E3,passes agree,EXCLUDE:E3,,EXCLUDE:E3,passes agree,EXCLUDE:E3,,EXCLUDE:E3,passes agree,EXCLUDE:E3,,S00761,,,False,,,,,,,False,,,EXCLUDE:E3
S00764,10.1016/j.ijhydene.2013.11.056,AGREED_EXCLUDE,EXCLUDE:E3,passes agree,EXCLUDE:E3,,EXCLUDE:E3,passes agree,EXCLUDE:E3,,EXCLUDE:E3,passes agree,EXCLUDE:E3,,S00764,,,False,,,,,,,False,,,EXCLUDE:E3
S00783,10.1155/2011/412165,AGREED_EXCLUDE,EXCLUDE:E1,passes agree,EXCLUDE:E1,,EXCLUDE:E1,passes agree,EXCLUDE:E1,,EXCLUDE:E1,passes agree,EXCLUDE:E1,,S00783,,,False,,,,,,,False,,,EXCLUDE:E1
S00789,10.1038/am.2013.42,AGREED_EXCLUDE,EXCLUDE:E1,passes agree,EXCLUDE:E1,,EXCLUDE:E1,passes agree,EXCLUDE:E1,,EXCLUDE:E1,v5 read,EXCLUDE:E1,,S00789,,,False,journal,,,,,,False,,,EXCLUDE:E1
S00797,10.1039/c4cy00669k,AGREED_EXCLUDE,EXCLUDE:E1,passes agree,EXCLUDE:E1,,EXCLUDE:E1,passes agree,EXCLUDE:E1,,EXCLUDE:E1,passes agree,EXCLUDE:E1,,S00797,,,False,,,,,,,False,,,EXCLUDE:E1
S00800,10.1149/2.0171410jes,AGREED_EXCLUDE,EXCLUDE:E3,passes agree,EXCLUDE:E3,,EXCLUDE:E3,passes agree,EXCLUDE:E3,,EXCLUDE:E3,v5 read,EXCLUDE:E3,,S00800,,,False,journal,,,,,,False,,,EXCLUDE:E3
S00801,10.1149/2.081304jes,AGREED_EXCLUDE,EXCLUDE:E3,passes agree,EXCLUDE:E3,,EXCLUDE:E3,passes agree,EXCLUDE:E3,,EXCLUDE:E3,passes agree,EXCLUDE:E3,,S00801,,,False,,,,,,,False,,,EXCLUDE:E3
S00805,10.1063/1.3682781,AGREED_EXCLUDE,EXCLUDE:E3,passes agree,EXCLUDE:E3,,EXCLUDE:E3,passes agree,EXCLUDE:E3,,EXCLUDE:E3,v5 read,EXCLUDE:E3,,S00805,,,False,journal,,,,,,False,,,EXCLUDE:E3
S00807,10.1038/ncomms7469,AGREED_EXCLUDE,EXCLUDE:E3,passes agree,EXCLUDE:E3,,EXCLUDE:E3,passes agree,EXCLUDE:E3,,EXCLUDE:E3,passes agree,EXCLUDE:E3,,S00807,,,False,,,,,,,False,,,EXCLUDE:E3
S00817,10.1007/s00466-012-0728-4,AGREED_EXCLUDE,EXCLUDE:E3,passes agree,EXCLUDE:E3,,EXCLUDE:E3,passes agree,EXCLUDE:E3,,EXCLUDE:E3,v5 read,EXCLUDE:E3,,S00817,,,False,journal,,,,,,False,,,EXCLUDE:E3
S00882,10.1016/j.electacta.2013.11.027,AGREED_EXCLUDE,EXCLUDE:E3,passes agree,EXCLUDE:E3,,UNRESOLVED,v4 read,UNRESOLVED,,UNRESOLVED,v5 read,UNRESOLVED,,S00882,,,True,journal,,,,,,False,,,UNRESOLVED
S00887,10.1016/j.jpowsour.2014.06.029,NEEDS_SI,NEEDS_SI,passes,NEEDS_SI,,NEEDS_SI,v4 read,NEEDS_SI,,NEEDS_SI,v5 read,NEEDS_SI,,S00887,,,True,journal,,,,,,False,,,NEEDS_SI
S00890,10.4236/wjnse.2013.33007,AGREED_EXCLUDE,EXCLUDE:E3,passes agree,EXCLUDE:E3,,EXCLUDE:E3,passes agree,EXCLUDE:E3,,EXCLUDE:E3,v5 read,EXCLUDE:E3,,S00890,,,False,journal,,,,,,False,,,EXCLUDE:E3
S00907,10.1016/j.jelechem.2012.08.032,AGREED_EXCLUDE,EXCLUDE:E3,passes agree,EXCLUDE:E3,,EXCLUDE:E3,passes agree,EXCLUDE:E3,,EXCLUDE:E3,passes agree,EXCLUDE:E3,,S00907,,,False,,,,,,,False,,,EXCLUDE:E3
S00909,10.1016/j.ijhydene.2012.06.095,AGREED_EXCLUDE,EXCLUDE:E3,passes agree,EXCLUDE:E3,,EXCLUDE:E3,passes agree,EXCLUDE:E3,,EXCLUDE:E3,passes agree,EXCLUDE:E3,,S00909,,,False,,,,,,,False,,,EXCLUDE:E3
S00914,10.1039/c3ta01458d,THIRD_READ,EXCLUDE:E3,third read,EXCLUDE:E3,,EXCLUDE:E3,third read,EXCLUDE:E3,,EXCLUDE:E3,v5 read,EXCLUDE:E3,,S00914,,,False,journal,,,,,,False,,,EXCLUDE:E3
S00938,10.1155/2011/624067,AGREED_EXCLUDE,EXCLUDE:E3,passes agree,EXCLUDE:E3,,EXCLUDE:E3,passes agree,EXCLUDE:E3,,EXCLUDE:E3,passes agree,EXCLUDE:E3,,S00938,,,False,,,,,,,False,,,EXCLUDE:E3
S00943,10.1021/am506958k,AGREED_EXCLUDE,EXCLUDE:E3,passes agree,EXCLUDE:E3,,EXCLUDE:E3,passes agree,EXCLUDE:E3,,EXCLUDE:E3,passes agree,EXCLUDE:E3,,S00943,,,False,,,,,,,False,,,EXCLUDE:E3
S00944,10.1038/ncomms2729,AGREED_EXCLUDE,EXCLUDE:E3,passes agree,EXCLUDE:E3,,EXCLUDE:E3,passes agree,EXCLUDE:E3,,EXCLUDE:E3,passes agree,EXCLUDE:E3,,S00944,,,False,,,,,,,False,,,EXCLUDE:E3
S00947,10.1021/jz2016507,AGREED_EXCLUDE,EXCLUDE:E3,passes agree,EXCLUDE:E3,,EXCLUDE:E3,passes agree,EXCLUDE:E3,,EXCLUDE:E3,passes agree,EXCLUDE:E3,,S00947,,,False,,,,,,,False,,,EXCLUDE:E3
S00955,10.1246/cl.150028,AGREED_EXCLUDE,EXCLUDE:E3,passes agree,EXCLUDE:E3,,EXCLUDE:E3,passes agree,EXCLUDE:E3,,EXCLUDE:E3,passes agree,EXCLUDE:E3,,S00955,,,False,,,,,,,False,,,EXCLUDE:E3
S00967,10.1038/ncomms6881,THIRD_READ,EXCLUDE:E3,third read,EXCLUDE:E3,,EXCLUDE:E3,third read,EXCLUDE:E3,,EXCLUDE:E3,v5 read,EXCLUDE:E3,,S00967,,,False,journal,,,,,,False,,,EXCLUDE:E3
S00980,10.5155/eurjchem.2.1.8-13.134,AGREED_EXCLUDE,EXCLUDE:E3,passes agree,EXCLUDE:E3,,EXCLUDE:E3,passes agree,EXCLUDE:E3,,EXCLUDE:E3,v5 read,EXCLUDE:E3,,S00980,,,False,journal,,,,,,False,,,EXCLUDE:E3
S00993,10.4028/www.scientific.net/amr.239-242.2909,AGREED_EXCLUDE,EXCLUDE:E3,passes agree,EXCLUDE:E3,,EXCLUDE:E3,passes agree,EXCLUDE:E3,,EXCLUDE:E3,passes agree,EXCLUDE:E3,,S00993,,,False,,,,,,,False,,,EXCLUDE:E3
S00995,10.1016/j.jpowsour.2012.02.021,AGREED_EXCLUDE,EXCLUDE:E3,passes agree,EXCLUDE:E3,,EXCLUDE:E3,passes agree,EXCLUDE:E3,,EXCLUDE:E3,passes agree,EXCLUDE:E3,,S00995,,,False,,,,,,,False,,,EXCLUDE:E3
S01017,10.1016/j.ceramint.2012.04.032,AGREED_EXCLUDE,EXCLUDE:E3,passes agree,EXCLUDE:E3,,EXCLUDE:E3,passes agree,EXCLUDE:E3,,EXCLUDE:E3,passes agree,EXCLUDE:E3,,S01017,,,False,,,,,,,False,,,EXCLUDE:E3
S01038,10.1007/s10853-011-5958-x,AGREED_EXCLUDE,EXCLUDE:E3,passes agree,EXCLUDE:E3,,EXCLUDE:E3,passes agree,EXCLUDE:E3,,EXCLUDE:E3,passes agree,EXCLUDE:E3,,S01038,,,False,,,,,,,False,,,EXCLUDE:E3
S01041,10.1002/cctc.201100160,AGREED_ELIGIBLE,ELIGIBLE,passes agree,ELIGIBLE,,ELIGIBLE,v4 read,ELIGIBLE,,ELIGIBLE,v5 read,ELIGIBLE,,S01041,numeric,,False,journal,numeric,direct,,,,False,,,ELIGIBLE
S01046,10.1039/c0cp02875d,AGREED_EXCLUDE,EXCLUDE:E3,passes agree,EXCLUDE:E3,,EXCLUDE:E3,passes agree,EXCLUDE:E3,,EXCLUDE:E3,passes agree,EXCLUDE:E3,,S01046,,,False,,,,,,,False,,,EXCLUDE:E3
S01047,10.1016/j.electacta.2014.09.024,AGREED_EXCLUDE,EXCLUDE:E3,passes agree,EXCLUDE:E3,,EXCLUDE:E3,passes agree,EXCLUDE:E3,,EXCLUDE:E3,passes agree,EXCLUDE:E3,,S01047,,,False,,,,,,,False,,,EXCLUDE:E3
S01057,10.1149/2.019302jes,AGREED_EXCLUDE,EXCLUDE:E3,passes agree,EXCLUDE:E3,,EXCLUDE:E3,passes agree,EXCLUDE:E3,,EXCLUDE:E3,passes agree,EXCLUDE:E3,,S01057,,,False,,,,,,,False,,,EXCLUDE:E3
S01080,10.1007/s12678-014-0220-3,AGREED_EXCLUDE,EXCLUDE:E3,passes agree,EXCLUDE:E3,,EXCLUDE:E3,passes agree,EXCLUDE:E3,,EXCLUDE:E3,v5 read,EXCLUDE:E3,,S01080,,,False,journal,,,,,,False,,,EXCLUDE:E3
S01088,10.1002/cctc.201402864,AGREED_ELIGIBLE,ELIGIBLE,passes agree,ELIGIBLE,,ELIGIBLE,v4 read,ELIGIBLE,,ELIGIBLE,v5 read,ELIGIBLE,,S01088,numeric,,False,journal,numeric,direct,,,,False,,,ELIGIBLE
S01093,10.4236/msa.2011.24030,AGREED_EXCLUDE,EXCLUDE:E3,passes agree,EXCLUDE:E3,,EXCLUDE:E3,passes agree,EXCLUDE:E3,,EXCLUDE:E3,passes agree,EXCLUDE:E3,,S01093,,,False,,,,,,,False,,,EXCLUDE:E3
S01094,10.1021/jacs.5b00798,THIRD_READ,EXCLUDE:E3,third read,EXCLUDE:E3,,EXCLUDE:E3,third read,EXCLUDE:E3,,EXCLUDE:E3,v5 read,EXCLUDE:E3,,S01094,,,False,journal,,,,,,False,,,EXCLUDE:E3
S01101,10.1016/j.ijhydene.2012.02.025,AGREED_EXCLUDE,EXCLUDE:E3,passes agree,EXCLUDE:E3,,EXCLUDE:E3,passes agree,EXCLUDE:E3,,EXCLUDE:E3,passes agree,EXCLUDE:E3,,S01101,,,False,,,,,,,False,,,EXCLUDE:E3
S01102,10.1007/s12678-014-0233-y,THIRD_READ,EXCLUDE:E3,third read,EXCLUDE:E3,,EXCLUDE:E3,v4 read,EXCLUDE:E3,,EXCLUDE:E3,v5 read,EXCLUDE:E3,,S01102,,,False,journal,,,,,,False,,,EXCLUDE:E3
S01111,10.1016/j.electacta.2011.01.077,AGREED_EXCLUDE,EXCLUDE:E3,passes agree,EXCLUDE:E3,,EXCLUDE:E3,passes agree,EXCLUDE:E3,,EXCLUDE:E3,passes agree,EXCLUDE:E3,,S01111,,,False,,,,,,,False,,,EXCLUDE:E3
S01118,10.1557/opl.2012.1157,AGREED_EXCLUDE,EXCLUDE:E1,passes agree,EXCLUDE:E1,,EXCLUDE:E1,passes agree,EXCLUDE:E1,,EXCLUDE:E1,passes agree,EXCLUDE:E1,,S01118,,,False,,,,,,,False,,,EXCLUDE:E1
S01131,10.3329/bjsir.v47i2.11459,AGREED_EXCLUDE,EXCLUDE:E3,passes agree,EXCLUDE:E3,,EXCLUDE:E3,passes agree,EXCLUDE:E3,,EXCLUDE:E3,passes agree,EXCLUDE:E3,,S01131,,,False,,,,,,,False,,,EXCLUDE:E3
S01139,10.1149/05036.0071ecst,AGREED_EXCLUDE,EXCLUDE:E3,passes agree,EXCLUDE:E3,,EXCLUDE:E3,passes agree,EXCLUDE:E3,,EXCLUDE:E3,passes agree,EXCLUDE:E3,,,,,False,,,,,,,False,,,EXCLUDE:E3
S01142,10.1007/s12678-012-0118-x,AGREED_EXCLUDE,EXCLUDE:E3,passes agree,EXCLUDE:E3,,EXCLUDE:E3,passes agree,EXCLUDE:E3,,EXCLUDE:E3,passes agree,EXCLUDE:E3,,S01142,,,False,,,,,,,False,,,EXCLUDE:E3
S01147,10.1021/acscatal.5b00132,AGREED_EXCLUDE,EXCLUDE:E3,passes agree,EXCLUDE:E3,,EXCLUDE:E3,passes agree,EXCLUDE:E3,,EXCLUDE:E3,passes agree,EXCLUDE:E3,,S01147,,,False,,,,,,,False,,,EXCLUDE:E3
S01152,10.1088/0953-8984/25/8/085501,THIRD_READ,EXCLUDE:E3,third read,EXCLUDE:E3,,EXCLUDE:E3,third read,EXCLUDE:E3,,EXCLUDE:E3,v5 read,EXCLUDE:E3,,S01152,,,False,preprint,,,,,,False,,,EXCLUDE:E3
S01153,10.1016/j.ejpe.2012.09.001,AGREED_EXCLUDE,EXCLUDE:E3,passes agree,EXCLUDE:E3,,EXCLUDE:E3,passes agree,EXCLUDE:E3,,EXCLUDE:E3,passes agree,EXCLUDE:E3,,S01153,,,False,,,,,,,False,,,EXCLUDE:E3
S01160,10.1149/1.4718004,AGREED_EXCLUDE,EXCLUDE:E3,passes agree,EXCLUDE:E3,,EXCLUDE:E3,passes agree,EXCLUDE:E3,,EXCLUDE:E3,passes agree,EXCLUDE:E3,,,,,False,,,,,,,False,,,EXCLUDE:E3
S01185,10.1063/1.4890492,THIRD_READ,EXCLUDE:E3,third read,EXCLUDE:E3,,EXCLUDE:E3,third read,EXCLUDE:E3,,EXCLUDE:E3,v5 read,EXCLUDE:E3,,S01185,,,False,journal,,,,,,False,,,EXCLUDE:E3
S01203,10.14723/tmrsj.37.373,AGREED_EXCLUDE,EXCLUDE:E3,passes agree,EXCLUDE:E3,,EXCLUDE:E3,passes agree,EXCLUDE:E3,,EXCLUDE:E3,v5 read,EXCLUDE:E3,,S01203,,,False,journal,,,,,,False,,,EXCLUDE:E3
S01207,10.1149/2.023308jes,AGREED_EXCLUDE,EXCLUDE:E3,passes agree,EXCLUDE:E3,,EXCLUDE:E3,v4 read,EXCLUDE:E3,,EXCLUDE:E3,v4 read,EXCLUDE:E3,,S01207,,,False,,,,,,,False,,,EXCLUDE:E3
S01217,10.1016/j.ijhydene.2014.02.114,AGREED_EXCLUDE,EXCLUDE:E3,passes agree,EXCLUDE:E3,,EXCLUDE:E3,passes agree,EXCLUDE:E3,,EXCLUDE:E3,passes agree,EXCLUDE:E3,,S01217,,,False,,,,,,,False,,,EXCLUDE:E3
S01242,10.1590/s0103-50532011000100017,AGREED_EXCLUDE,EXCLUDE:E3,passes agree,EXCLUDE:E3,,EXCLUDE:E3,passes agree,EXCLUDE:E3,,EXCLUDE:E3,passes agree,EXCLUDE:E3,,S01242,,,False,,,,,,,False,,,EXCLUDE:E3
S01243,10.1039/c3ee41438h,AGREED_EXCLUDE,EXCLUDE:E3,passes agree,EXCLUDE:E3,,EXCLUDE:E3,passes agree,EXCLUDE:E3,,EXCLUDE:E3,passes agree,EXCLUDE:E3,,S01243,,,False,,,,,,,False,,,EXCLUDE:E3
S01250,10.1016/j.electacta.2013.12.119,AGREED_EXCLUDE,EXCLUDE:E3,passes agree,EXCLUDE:E3,,EXCLUDE:E3,passes agree,EXCLUDE:E3,,EXCLUDE:E3,passes agree,EXCLUDE:E3,,S01250,,,False,,,,,,,False,,,EXCLUDE:E3
S01251,10.1039/c4cp04159c,THIRD_READ,EXCLUDE:E3,third read,EXCLUDE:E3,,EXCLUDE:E3,v4 read,EXCLUDE:E3,,NEEDS_SI,v5 read,NEEDS_SI,,S01251,,,True,journal,,,,,,False,,,NEEDS_SI
S01260,10.1016/j.ijhydene.2014.07.170,AGREED_EXCLUDE,EXCLUDE:E3,passes agree,EXCLUDE:E3,,EXCLUDE:E3,passes agree,EXCLUDE:E3,,EXCLUDE:E3,passes agree,EXCLUDE:E3,,S01260,,,False,,,,,,,False,,,EXCLUDE:E3
S01289,10.1002/advs.201400015,AGREED_EXCLUDE,EXCLUDE:E3,passes agree,EXCLUDE:E3,,EXCLUDE:E3,passes agree,EXCLUDE:E3,,EXCLUDE:E3,passes agree,EXCLUDE:E3,,S01289,,,False,,,,,,,False,,,EXCLUDE:E3
S01308,10.1039/c3ta01241g,AGREED_EXCLUDE,EXCLUDE:E3,passes agree,EXCLUDE:E3,,EXCLUDE:E3,passes agree,EXCLUDE:E3,,EXCLUDE:E3,passes agree,EXCLUDE:E3,,S01308,,,False,,,,,,,False,,,EXCLUDE:E3
S01309,10.1038/srep06180,AGREED_EXCLUDE,EXCLUDE:E3,passes agree,EXCLUDE:E3,,EXCLUDE:E3,passes agree,EXCLUDE:E3,,EXCLUDE:E3,passes agree,EXCLUDE:E3,,S01309,,,False,,,,,,,False,,,EXCLUDE:E3
S01324,10.1209/0295-5075/93/68001,THIRD_READ,ELIGIBLE,third read,ELIGIBLE,,ELIGIBLE,v4 read,ELIGIBLE,,ELIGIBLE,v5 read,ELIGIBLE,,S01324,numeric,,False,journal,numeric,direct,,,,False,,,ELIGIBLE
S01345,10.1016/j.ijhydene.2013.05.023,AGREED_EXCLUDE,EXCLUDE:E3,passes agree,EXCLUDE:E3,,EXCLUDE:E3,passes agree,EXCLUDE:E3,,EXCLUDE:E3,passes agree,EXCLUDE:E3,,S01345,,,False,,,,,,,False,,,EXCLUDE:E3
S01354,10.1021/jp409605y,THIRD_READ,EXCLUDE:E3,third read,EXCLUDE:E3,,EXCLUDE:E3,third read,EXCLUDE:E3,,NEEDS_SI,v5 read,NEEDS_SI,,S01354,,,False,journal,,,,,,True,,,NEEDS_SI
S01388,10.1016/j.jelechem.2014.06.031,AGREED_EXCLUDE,EXCLUDE:E3,passes agree,EXCLUDE:E3,,EXCLUDE:E3,passes agree,EXCLUDE:E3,,EXCLUDE:E3,passes agree,EXCLUDE:E3,,S01388,,,False,,,,,,,False,,,EXCLUDE:E3
S01389,10.1016/j.jpowsour.2013.06.099,AGREED_EXCLUDE,EXCLUDE:E3,passes agree,EXCLUDE:E3,,EXCLUDE:E3,passes agree,EXCLUDE:E3,,EXCLUDE:E3,v5 read,EXCLUDE:E3,,S01389,,,False,journal,,,,,,False,,,EXCLUDE:E3
S01394,10.1038/ncomms1470,THIRD_READ,EXCLUDE:E3,third read,EXCLUDE:E3,,EXCLUDE:E3,third read,EXCLUDE:E3,,EXCLUDE:E3,v5 read,EXCLUDE:E3,,S01394,,,False,journal,,,,,,False,,,EXCLUDE:E3
S01404,10.1007/s10562-014-1437-8,AGREED_EXCLUDE,EXCLUDE:E3,passes agree,EXCLUDE:E3,,EXCLUDE:E3,passes agree,EXCLUDE:E3,,EXCLUDE:E1,v5 read,EXCLUDE:E1,,S01404,,,False,journal,,,,,,False,,,EXCLUDE:E1
S01418,10.1007/s10562-014-1397-z,AGREED_EXCLUDE,EXCLUDE:E1,passes agree,EXCLUDE:E1,,EXCLUDE:E1,passes agree,EXCLUDE:E1,,EXCLUDE:E1,passes agree,EXCLUDE:E1,,S01418,,,False,,,,,,,False,,,EXCLUDE:E1
S01430,10.5012/bkcs.2013.34.5.1462,AGREED_EXCLUDE,EXCLUDE:E3,passes agree,EXCLUDE:E3,,EXCLUDE:E3,passes agree,EXCLUDE:E3,,EXCLUDE:E3,passes agree,EXCLUDE:E3,,S01430,,,False,,,,,,,False,,,EXCLUDE:E3
S01439,10.1039/c2jm16506f,AGREED_EXCLUDE,EXCLUDE:E3,passes agree,EXCLUDE:E3,,EXCLUDE:E3,passes agree,EXCLUDE:E3,,EXCLUDE:E3,passes agree,EXCLUDE:E3,,S01439,,,False,,,,,,,False,,,EXCLUDE:E3
S01446,10.1016/j.jpowsour.2014.11.145,AGREED_EXCLUDE,EXCLUDE:E3,passes agree,EXCLUDE:E3,,EXCLUDE:E3,passes agree,EXCLUDE:E3,,EXCLUDE:E3,passes agree,EXCLUDE:E3,,S01446,,,False,,,,,,,False,,,EXCLUDE:E3
S01466,10.1016/j.ijhydene.2011.02.050,AGREED_EXCLUDE,EXCLUDE:E3,passes agree,EXCLUDE:E3,,EXCLUDE:E3,passes agree,EXCLUDE:E3,,EXCLUDE:E3,passes agree,EXCLUDE:E3,,S01466,,,False,,,,,,,False,,,EXCLUDE:E3
S01482,10.1016/j.electacta.2012.03.041,THIRD_READ,EXCLUDE:E3,third read,EXCLUDE:E3,,EXCLUDE:E3,third read,EXCLUDE:E3,,EXCLUDE:E3,v5 read,EXCLUDE:E3,,S01482,,,False,journal,,,,,,False,,,EXCLUDE:E3
S01487,10.5857/rcp.2012.1.2.047,RERETRIEVE,,no readable text,no readable text,,,no readable text,no readable text,,,no readable text,no readable text,,S01487,,,False,,,,,,,False,,,no readable text
S01521,10.1007/s10562-013-1150-z,AGREED_EXCLUDE,EXCLUDE:E3,passes agree,EXCLUDE:E3,,EXCLUDE:E3,passes agree,EXCLUDE:E3,,EXCLUDE:E3,passes agree,EXCLUDE:E3,,S01521,,,False,,,,,,,False,,,EXCLUDE:E3
S01531,10.1016/j.electacta.2011.10.044,AGREED_EXCLUDE,EXCLUDE:E3,passes agree,EXCLUDE:E3,,EXCLUDE:E3,passes agree,EXCLUDE:E3,,EXCLUDE:E3,passes agree,EXCLUDE:E3,,S01531,,,False,,,,,,,False,,,EXCLUDE:E3
S01536,10.1007/s10562-014-1386-2,AGREED_EXCLUDE,EXCLUDE:E1,passes agree,EXCLUDE:E1,,EXCLUDE:E1,passes agree,EXCLUDE:E1,,EXCLUDE:E1,passes agree,EXCLUDE:E1,,S01536,,,False,,,,,,,False,,,EXCLUDE:E1
S01545,10.1002/ejic.201300439,AGREED_EXCLUDE,EXCLUDE:E3,passes agree,EXCLUDE:E3,,EXCLUDE:E3,passes agree,EXCLUDE:E3,,EXCLUDE:E3,passes agree,EXCLUDE:E3,,S01545,,,False,,,,,,,False,,,EXCLUDE:E3
S01576,10.1155/2014/904128,AGREED_EXCLUDE,EXCLUDE:E3,passes agree,EXCLUDE:E3,,EXCLUDE:E3,passes agree,EXCLUDE:E3,,EXCLUDE:E3,passes agree,EXCLUDE:E3,,S01576,,,False,,,,,,,False,,,EXCLUDE:E3
S01580,10.3126/jncs.v27i1.6665,AGREED_EXCLUDE,EXCLUDE:E3,passes agree,EXCLUDE:E3,,EXCLUDE:E3,passes agree,EXCLUDE:E3,,EXCLUDE:E3,passes agree,EXCLUDE:E3,,S01580,,,False,,,,,,,False,,,EXCLUDE:E3
S01588,10.1149/2.0541501jes,THIRD_READ,EXCLUDE:E3,third read,EXCLUDE:E3,,EXCLUDE:E3,third read,EXCLUDE:E3,,EXCLUDE:E3,third read,EXCLUDE:E3,,S01588,,,False,,,,,,,False,,,EXCLUDE:E3
S01593,10.1039/c3ra45998e,AGREED_EXCLUDE,EXCLUDE:E3,passes agree,EXCLUDE:E3,,EXCLUDE:E3,passes agree,EXCLUDE:E3,,EXCLUDE:E3,passes agree,EXCLUDE:E3,,S01593,,,False,,,,,,,False,,,EXCLUDE:E3
S01605,10.1002/celc.201402268,AGREED_EXCLUDE,EXCLUDE:E1,passes agree,EXCLUDE:E1,,EXCLUDE:E1,passes agree,EXCLUDE:E1,,EXCLUDE:E1,passes agree,EXCLUDE:E1,,S01605,,,False,,,,,,,False,,,EXCLUDE:E1
S01610,10.3390/ma7042697,AGREED_EXCLUDE,EXCLUDE:E1,passes agree,EXCLUDE:E1,,EXCLUDE:E1,passes agree,EXCLUDE:E1,,EXCLUDE:E1,v5 read,EXCLUDE:E1,,S01610,,,False,journal,,,,,,False,,,EXCLUDE:E1
S01640,10.1039/c4cc08111k,AGREED_EXCLUDE,EXCLUDE:E3,passes agree,EXCLUDE:E3,,EXCLUDE:E3,v4 read,EXCLUDE:E3,,EXCLUDE:E3,v5 read,EXCLUDE:E3,,S01640,,,False,journal,,,,,,False,,,EXCLUDE:E3
S01645,10.1016/j.comptc.2014.03.007,AGREED_EXCLUDE,EXCLUDE:E3,passes agree,EXCLUDE:E3,,EXCLUDE:E3,passes agree,EXCLUDE:E3,,EXCLUDE:E3,v5 read,EXCLUDE:E3,,S01645,,,False,preprint,,,,,,False,,,EXCLUDE:E3
S01674,10.1002/apj.1675,AGREED_EXCLUDE,EXCLUDE:E3,passes agree,EXCLUDE:E3,,EXCLUDE:E3,passes agree,EXCLUDE:E3,,EXCLUDE:E3,passes agree,EXCLUDE:E3,,S01674,,,False,,,,,,,False,,,EXCLUDE:E3
S01678,10.15623/ijret.2013.0211030,AGREED_EXCLUDE,EXCLUDE:E1,passes agree,EXCLUDE:E1,,EXCLUDE:E1,passes agree,EXCLUDE:E1,,EXCLUDE:E1,passes agree,EXCLUDE:E1,,S01678,,,False,,,,,,,False,,,EXCLUDE:E1
S01688,10.1039/c3cp52665h,AGREED_EXCLUDE,EXCLUDE:E3,passes agree,EXCLUDE:E3,,EXCLUDE:E3,passes agree,EXCLUDE:E3,,EXCLUDE:E3,passes agree,EXCLUDE:E3,,S01688,,,False,,,,,,,False,,,EXCLUDE:E3
S01689,10.1007/s11859-013-0930-z,AGREED_EXCLUDE,EXCLUDE:E3,passes agree,EXCLUDE:E3,,EXCLUDE:E3,passes agree,EXCLUDE:E3,,EXCLUDE:E3,passes agree,EXCLUDE:E3,,S01689,,,False,,,,,,,False,,,EXCLUDE:E3
S01697,10.1039/c1sc00516b,AGREED_EXCLUDE,EXCLUDE:E3,passes agree,EXCLUDE:E3,,EXCLUDE:E3,passes agree,EXCLUDE:E3,,EXCLUDE:E3,passes agree,EXCLUDE:E3,,S01697,,,False,,,,,,,False,,,EXCLUDE:E3
S01698,10.1002/celc.201402430,THIRD_READ,ELIGIBLE,third read,ELIGIBLE,,ELIGIBLE,v4 read,ELIGIBLE,,UNRESOLVED,v5 read,UNRESOLVED,,S01698,equivalent,,True,journal,numeric,equivalent,,,,False,,,UNRESOLVED
S01741,10.1021/acs.jpcc.5b00861,THIRD_READ,UNRESOLVED,third read,UNRESOLVED,text not usable,UNRESOLVED,v4 read,UNRESOLVED,text not usable,EXCLUDE:E3,public evidence recovery 2026-10-01: independent reads reviewed,EXCLUDE:E3,,S01741,,,False,journal,,,,,,False,,recovery reviewed,UNRESOLVED
S01742,10.3390/ma6072892,THIRD_READ,EXCLUDE:E1,third read,EXCLUDE:E1,,EXCLUDE:E1,third read,EXCLUDE:E1,,EXCLUDE:E1,v5 read,EXCLUDE:E1,,S01742,,,False,journal,,,,,,False,,,EXCLUDE:E1
S01747,10.1002/cssc.201402988,AGREED_EXCLUDE,EXCLUDE:E3,passes agree,EXCLUDE:E3,,EXCLUDE:E3,passes agree,EXCLUDE:E3,,EXCLUDE:E3,passes agree,EXCLUDE:E3,,S01747,,,False,,,,,,,False,,,EXCLUDE:E3
S01752,10.1039/c4sc02685c,AGREED_EXCLUDE,EXCLUDE:E3,passes agree,EXCLUDE:E3,,EXCLUDE:E3,passes agree,EXCLUDE:E3,,EXCLUDE:E3,passes agree,EXCLUDE:E3,,S01752,,,False,,,,,,,False,,,EXCLUDE:E3
S01758,10.1002/advs.201500187,AGREED_EXCLUDE,EXCLUDE:E3,passes agree,EXCLUDE:E3,,EXCLUDE:E3,passes agree,EXCLUDE:E3,,EXCLUDE:E3,passes agree,EXCLUDE:E3,,S01758,,,False,,,,,,,False,,,EXCLUDE:E3
S01778,10.1016/j.ijhydene.2011.01.131,AGREED_EXCLUDE,EXCLUDE:E3,passes agree,EXCLUDE:E3,,EXCLUDE:E3,passes agree,EXCLUDE:E3,,EXCLUDE:E3,passes agree,EXCLUDE:E3,,S01778,,,False,,,,,,,False,,,EXCLUDE:E3
S01779,10.1002/celc.201500307,RERETRIEVE,,no readable text,no readable text,,,no readable text,no readable text,,,no readable text,no readable text,,S01779,,,False,,,,,,,False,,,no readable text
S01784,10.1039/c4sc00975d,THIRD_READ,EXCLUDE:E3,third read,EXCLUDE:E3,,EXCLUDE:E3,third read,EXCLUDE:E3,,EXCLUDE:E3,third read,EXCLUDE:E3,,S01784,,,False,,,,,,,False,,,EXCLUDE:E3
S01836,10.1039/c2cp42149f,NEEDS_SI,NEEDS_SI,passes,NEEDS_SI,,NEEDS_SI,v4 read,NEEDS_SI,,NEEDS_SI,v5 read,NEEDS_SI,,S01836,,,True,journal,,,,,,False,,,NEEDS_SI
S01838,10.1002/celc.201402262,AGREED_EXCLUDE,EXCLUDE:E3,passes agree,EXCLUDE:E3,,EXCLUDE:E3,passes agree,EXCLUDE:E3,,EXCLUDE:E3,passes agree,EXCLUDE:E3,,S01838,,,False,,,,,,,False,,,EXCLUDE:E3
S01843,10.1002/celc.201500137,AGREED_EXCLUDE,EXCLUDE:E3,passes agree,EXCLUDE:E3,,EXCLUDE:E3,v4 read,EXCLUDE:E3,,EXCLUDE:E3,v4 read,EXCLUDE:E3,,S01843,,,False,,,,,,,False,,,EXCLUDE:E3
S01852,10.1021/ja505734s,THIRD_READ,EXCLUDE:E3,third read,EXCLUDE:E3,,EXCLUDE:E3,third read,EXCLUDE:E3,,EXCLUDE:E3,v5 read,EXCLUDE:E3,,S01852,,,False,journal,,,,,,False,,,EXCLUDE:E3
S01868,10.1016/j.electacta.2013.07.108,THIRD_READ,EXCLUDE:E3,third read,EXCLUDE:E3,,EXCLUDE:E3,third read,EXCLUDE:E3,,EXCLUDE:E3,third read,EXCLUDE:E3,,S01868,,,False,,,,,,,False,,,EXCLUDE:E3
S01874,10.1002/cssc.201100519,AGREED_EXCLUDE,EXCLUDE:E3,passes agree,EXCLUDE:E3,,EXCLUDE:E3,passes agree,EXCLUDE:E3,,EXCLUDE:E3,passes agree,EXCLUDE:E3,,S01874,,,False,,,,,,,False,,,EXCLUDE:E3
S01892,10.1039/c4sc01065e,THIRD_READ,EXCLUDE:E3,third read,EXCLUDE:E3,,EXCLUDE:E3,third read,EXCLUDE:E3,,EXCLUDE:E3,third read,EXCLUDE:E3,,S01892,,,False,,,,,,,False,,,EXCLUDE:E3
S01896,10.1002/anie.201406112,THIRD_READ,ELIGIBLE,third read,ELIGIBLE,,UNRESOLVED,v4 read,UNRESOLVED,,UNRESOLVED,v5 read,UNRESOLVED,,S01896,equivalent,,True,journal,,,,,,True,,,UNRESOLVED
S01898,10.1039/c2ta00819j,THIRD_READ,EXCLUDE:E3,third read,EXCLUDE:E3,,EXCLUDE:E3,third read,EXCLUDE:E3,,EXCLUDE:E3,v5 read,EXCLUDE:E3,,S01898,,,False,journal,,,,,,False,,,EXCLUDE:E3
S01907,10.1039/c5ta06510k,AGREED_EXCLUDE,EXCLUDE:E3,passes agree,EXCLUDE:E3,,EXCLUDE:E3,passes agree,EXCLUDE:E3,,EXCLUDE:E3,passes agree,EXCLUDE:E3,,S01907,,,False,,,,,,,False,,,EXCLUDE:E3
S01942,10.1002/celc.201500072,AGREED_EXCLUDE,EXCLUDE:E3,passes agree,EXCLUDE:E3,,EXCLUDE:E3,passes agree,EXCLUDE:E3,,EXCLUDE:E3,passes agree,EXCLUDE:E3,,S01942,,,False,,,,,,,False,,,EXCLUDE:E3
S01949,10.1002/cssc.201402855,AGREED_EXCLUDE,EXCLUDE:E3,passes agree,EXCLUDE:E3,,EXCLUDE:E3,passes agree,EXCLUDE:E3,,EXCLUDE:E3,passes agree,EXCLUDE:E3,,S01949,,,False,,,,,,,False,,,EXCLUDE:E3
S01968,10.1039/c0jm03492d,AGREED_EXCLUDE,EXCLUDE:E3,passes agree,EXCLUDE:E3,,EXCLUDE:E3,passes agree,EXCLUDE:E3,,EXCLUDE:E3,passes agree,EXCLUDE:E3,,S01968,,,False,,,,,,,False,,,EXCLUDE:E3
S01970,10.1002/bkcs.10364,AGREED_EXCLUDE,EXCLUDE:E1,passes agree,EXCLUDE:E1,,EXCLUDE:E1,passes agree,EXCLUDE:E1,,EXCLUDE:E1,passes agree,EXCLUDE:E1,,S01970,,,False,,,,,,,False,,,EXCLUDE:E1
S02004,10.1002/sia.5895,THIRD_READ,EXCLUDE:E3,third read,EXCLUDE:E3,,EXCLUDE:E3,third read,EXCLUDE:E3,,EXCLUDE:E3,v5 read,EXCLUDE:E3,,S02004,,,False,journal,,,,,,False,,,EXCLUDE:E3
S02006,10.1149/06438.0013ecst,AGREED_EXCLUDE,EXCLUDE:E3,passes agree,EXCLUDE:E3,,EXCLUDE:E3,passes agree,EXCLUDE:E3,,EXCLUDE:E3,passes agree,EXCLUDE:E3,,,,,False,,,,,,,False,,,EXCLUDE:E3
S02039,10.1039/c5ta07586f,AGREED_EXCLUDE,EXCLUDE:E3,passes agree,EXCLUDE:E3,,EXCLUDE:E3,passes agree,EXCLUDE:E3,,EXCLUDE:E3,passes agree,EXCLUDE:E3,,S02039,,,False,,,,,,,False,,,EXCLUDE:E3
S02044,10.1016/j.ijhydene.2015.07.041,AGREED_EXCLUDE,EXCLUDE:E3,passes agree,EXCLUDE:E3,,EXCLUDE:E3,passes agree,EXCLUDE:E3,,EXCLUDE:E3,passes agree,EXCLUDE:E3,,S02044,,,False,,,,,,,False,,,EXCLUDE:E3
S02105,10.1021/acsami.5b10159,NEEDS_SI,NEEDS_SI,passes,NEEDS_SI,,UNRESOLVED,v4 read,UNRESOLVED,,UNRESOLVED,SI read: third read,UNRESOLVED,,S02105,numeric,,True,journal,numeric,direct,,,,True,,third read,UNRESOLVED
S02109,10.1002/admi.201500631,AGREED_EXCLUDE,EXCLUDE:E3,passes agree,EXCLUDE:E3,,EXCLUDE:E3,passes agree,EXCLUDE:E3,,EXCLUDE:E3,passes agree,EXCLUDE:E3,,S02109,,,False,,,,,,,False,,,EXCLUDE:E3
S02113,10.1039/c5cp06997a,AGREED_EXCLUDE,EXCLUDE:E3,passes agree,EXCLUDE:E3,,EXCLUDE:E3,passes agree,EXCLUDE:E3,,EXCLUDE:E3,v5 read,EXCLUDE:E3,,S02113,,,False,journal,,,,,,False,,,EXCLUDE:E3
S02131,10.1021/acs.jpcc.5b11437,AGREED_EXCLUDE,EXCLUDE:E3,passes agree,EXCLUDE:E3,,EXCLUDE:E3,passes agree,EXCLUDE:E3,,EXCLUDE:E3,passes agree,EXCLUDE:E3,,S02131,,,False,,,,,,,False,,,EXCLUDE:E3
S02166,10.2991/icmmita-15.2015.328,AGREED_EXCLUDE,EXCLUDE:E3,passes agree,EXCLUDE:E3,,EXCLUDE:E3,passes agree,EXCLUDE:E3,,EXCLUDE:E3,passes agree,EXCLUDE:E3,,,,,False,,,,,,,False,,,EXCLUDE:E3
S02198,10.1038/srep11933,AGREED_EXCLUDE,EXCLUDE:E3,passes agree,EXCLUDE:E3,,EXCLUDE:E3,passes agree,EXCLUDE:E3,,EXCLUDE:E3,passes agree,EXCLUDE:E3,,S02198,,,False,,,,,,,False,,,EXCLUDE:E3
S02213,10.7274/b2773t9673p,AGREED_EXCLUDE,EXCLUDE:E1,passes agree,EXCLUDE:E1,,EXCLUDE:E1,passes agree,EXCLUDE:E1,,EXCLUDE:E1,passes agree,EXCLUDE:E1,,,,,False,,,,,,,False,,,EXCLUDE:E1
S02242,10.1149/2.0471605jes,AGREED_EXCLUDE,EXCLUDE:E3,passes agree,EXCLUDE:E3,,EXCLUDE:E3,passes agree,EXCLUDE:E3,,EXCLUDE:E3,passes agree,EXCLUDE:E3,,S02242,,,False,,,,,,,False,,,EXCLUDE:E3
S02243,10.1149/2.0141605jes,AGREED_EXCLUDE,EXCLUDE:E3,passes agree,EXCLUDE:E3,,EXCLUDE:E3,passes agree,EXCLUDE:E3,,EXCLUDE:E3,passes agree,EXCLUDE:E3,,S02243,,,False,,,,,,,False,,,EXCLUDE:E3
S02267,10.1021/acscatal.5b02817,AGREED_EXCLUDE,EXCLUDE:E3,passes agree,EXCLUDE:E3,,EXCLUDE:E3,passes agree,EXCLUDE:E3,,EXCLUDE:E3,passes agree,EXCLUDE:E3,,S02267,,,False,,,,,,,False,,,EXCLUDE:E3
S02271,10.1038/srep20494,AGREED_EXCLUDE,EXCLUDE:E3,passes agree,EXCLUDE:E3,,EXCLUDE:E3,passes agree,EXCLUDE:E3,,EXCLUDE:E3,passes agree,EXCLUDE:E3,,S02271,,,False,,,,,,,False,,,EXCLUDE:E3
S02307,10.1021/acs.nanolett.6b00185,AGREED_EXCLUDE,EXCLUDE:E3,passes agree,EXCLUDE:E3,,EXCLUDE:E3,passes agree,EXCLUDE:E3,,EXCLUDE:E3,passes agree,EXCLUDE:E3,,S02307,,,False,,,,,,,False,,,EXCLUDE:E3
S02312,10.1038/nature16534,AGREED_EXCLUDE,EXCLUDE:E3,passes agree,EXCLUDE:E3,,EXCLUDE:E3,passes agree,EXCLUDE:E3,,EXCLUDE:E3,passes agree,EXCLUDE:E3,,S02312,,,False,,,,,,,False,,,EXCLUDE:E3
S02331,10.1039/c5sc04247j,AGREED_EXCLUDE,EXCLUDE:E3,passes agree,EXCLUDE:E3,,EXCLUDE:E3,passes agree,EXCLUDE:E3,,EXCLUDE:E3,v5 read,EXCLUDE:E3,,S02331,,,False,journal,,,,,,False,,,EXCLUDE:E3
S02360,10.1021/acs.chemrev.5b00389,THIRD_READ,EXCLUDE:E1,third read,EXCLUDE:E1,,EXCLUDE:E1,third read,EXCLUDE:E1,,EXCLUDE:E1,v5 read,EXCLUDE:E1,,S02360,,,False,journal,,,,,,False,,,EXCLUDE:E1
S02365,10.14279/depositonce-5009,THIRD_READ,EXCLUDE:E3,third read,EXCLUDE:E3,,EXCLUDE:E3,third read,EXCLUDE:E3,,EXCLUDE:E3,third read,EXCLUDE:E3,,,,,False,,,,,,,False,,,EXCLUDE:E3
S02413,10.1021/acscatal.5b02318,THIRD_READ,EXCLUDE:E3,third read,EXCLUDE:E3,,EXCLUDE:E3,third read,EXCLUDE:E3,,EXCLUDE:E3,v5 read,EXCLUDE:E3,,S02413,,,False,journal,,,,,,False,,,EXCLUDE:E3
S02444,10.14279/depositonce-5010,THIRD_READ,EXCLUDE:E1,third read,EXCLUDE:E1,,EXCLUDE:E1,third read,EXCLUDE:E1,,EXCLUDE:E1,third read,EXCLUDE:E1,,,,,False,,,,,,,False,,,EXCLUDE:E1
S02453,10.2172/1092965,AGREED_EXCLUDE,EXCLUDE:E1,passes agree,EXCLUDE:E1,,EXCLUDE:E1,passes agree,EXCLUDE:E1,,EXCLUDE:E1,v5 read,EXCLUDE:E1,,,,,False,other,,,,,,False,,,EXCLUDE:E1
S02474,10.1002/adfm.201503902,AGREED_EXCLUDE,EXCLUDE:E1,passes agree,EXCLUDE:E1,,EXCLUDE:E1,passes agree,EXCLUDE:E1,,EXCLUDE:E1,passes agree,EXCLUDE:E1,,S02474,,,False,,,,,,,False,,,EXCLUDE:E1
S02482,10.1016/j.jechem.2016.01.023,AGREED_EXCLUDE,EXCLUDE:E3,passes agree,EXCLUDE:E3,,EXCLUDE:E3,passes agree,EXCLUDE:E3,,EXCLUDE:E3,passes agree,EXCLUDE:E3,,S02482,,,False,,,,,,,False,,,EXCLUDE:E3
S02491,10.1002/aenm.201502314,AGREED_EXCLUDE,EXCLUDE:E3,passes agree,EXCLUDE:E3,,EXCLUDE:E3,passes agree,EXCLUDE:E3,,EXCLUDE:E3,passes agree,EXCLUDE:E3,,S02491,,,False,,,,,,,False,,,EXCLUDE:E3
S02504,10.58088/5gtq-yv86,THIRD_READ,EXCLUDE:E1,third read,EXCLUDE:E1,,EXCLUDE:E1,third read,EXCLUDE:E1,,EXCLUDE:E1,third read,EXCLUDE:E1,,,,,False,,,,,,,False,,,EXCLUDE:E1
S02548,10.1021/acs.jpcc.6b00014,AGREED_EXCLUDE,EXCLUDE:E5,passes agree,EXCLUDE:E5,,EXCLUDE:E5,v4 read,EXCLUDE:E5,,EXCLUDE:E3,v5 read,EXCLUDE:E3,,S02548,,,False,journal,,,,,,False,,,EXCLUDE:E3
S02565,10.3390/mi12111412,AGREED_EXCLUDE,EXCLUDE:E3,passes agree,EXCLUDE:E3,,EXCLUDE:E3,passes agree,EXCLUDE:E3,,EXCLUDE:E3,passes agree,EXCLUDE:E3,,S02565,,,False,,,,,,,False,,,EXCLUDE:E3
S02593,10.3390/ma9040279,AGREED_EXCLUDE,EXCLUDE:E3,passes agree,EXCLUDE:E3,,EXCLUDE:E3,passes agree,EXCLUDE:E3,,EXCLUDE:E3,passes agree,EXCLUDE:E3,,S02593,,,False,,,,,,,False,,,EXCLUDE:E3
S02608,10.1021/jp4126073,AGREED_EXCLUDE,EXCLUDE:E3,passes agree,EXCLUDE:E3,,EXCLUDE:E3,passes agree,EXCLUDE:E3,,EXCLUDE:E3,passes agree,EXCLUDE:E3,,S02608,,,False,,,,,,,False,,,EXCLUDE:E3
S02611,10.1021/ar500268y,AGREED_EXCLUDE,EXCLUDE:E1,passes agree,EXCLUDE:E1,,EXCLUDE:E1,passes agree,EXCLUDE:E1,,EXCLUDE:E1,passes agree,EXCLUDE:E1,,S02611,,,False,,,,,,,False,,,EXCLUDE:E1
S02617,10.1021/acs.jpclett.5b00694,RERETRIEVE,,no readable text,no readable text,,,no readable text,no readable text,,,no readable text,no readable text,,,,,False,,,,,,,False,,,no readable text
S02620,10.1021/acs.jpcc.5b01832,AGREED_EXCLUDE,EXCLUDE:E3,passes agree,EXCLUDE:E3,,EXCLUDE:E3,passes agree,EXCLUDE:E3,,EXCLUDE:E3,passes agree,EXCLUDE:E3,,S02620,,,False,,,,,,,False,,,EXCLUDE:E3
S02623,10.1021/jp508932x,THIRD_READ,ELIGIBLE,third read,ELIGIBLE,,ELIGIBLE,v4 read,ELIGIBLE,,ELIGIBLE,v5 read,ELIGIBLE,,S02623,numeric,,False,journal,numeric,direct,,,,False,,,ELIGIBLE
S02634,10.1021/cm200761f,AGREED_EXCLUDE,EXCLUDE:E3,passes agree,EXCLUDE:E3,,EXCLUDE:E3,passes agree,EXCLUDE:E3,,EXCLUDE:E3,passes agree,EXCLUDE:E3,,S02634,,,False,,,,,,,False,,,EXCLUDE:E3
S02635,10.1088/2043-6262/6/2/025015,AGREED_EXCLUDE,EXCLUDE:E3,passes agree,EXCLUDE:E3,,EXCLUDE:E3,passes agree,EXCLUDE:E3,,EXCLUDE:E3,passes agree,EXCLUDE:E3,,S02635,,,False,,,,,,,False,,,EXCLUDE:E3
S02640,10.5796/electrochemistry.79.787,THIRD_READ,EXCLUDE:E3,third read,EXCLUDE:E3,,EXCLUDE:E3,third read,EXCLUDE:E3,,EXCLUDE:E3,third read,EXCLUDE:E3,,S02640,,,False,,,,,,,False,,,EXCLUDE:E3
S02661,10.2991/ifmeita-16.2016.35,AGREED_EXCLUDE,EXCLUDE:E1,passes agree,EXCLUDE:E1,,EXCLUDE:E1,passes agree,EXCLUDE:E1,,EXCLUDE:E1,passes agree,EXCLUDE:E1,,,,,False,,,,,,,False,,,EXCLUDE:E1
S02689,10.1007/s10008-016-3200-0,AGREED_EXCLUDE,EXCLUDE:E3,passes agree,EXCLUDE:E3,,EXCLUDE:E3,passes agree,EXCLUDE:E3,,EXCLUDE:E3,passes agree,EXCLUDE:E3,,S02689,,,False,,,,,,,False,,,EXCLUDE:E3
S02692,10.1149/05830.0021ecst,AGREED_EXCLUDE,EXCLUDE:E3,passes agree,EXCLUDE:E3,,EXCLUDE:E3,passes agree,EXCLUDE:E3,,EXCLUDE:E3,passes agree,EXCLUDE:E3,,,,,False,,,,,,,False,,,EXCLUDE:E3
S02695,10.1021/jp508896s,THIRD_READ,EXCLUDE:E3,third read,EXCLUDE:E3,,EXCLUDE:E3,third read,EXCLUDE:E3,,EXCLUDE:E3,v5 read,EXCLUDE:E3,,S02695,,,False,journal,,,,,,False,,,EXCLUDE:E3
S02697,10.1021/jp308947h,THIRD_READ,ELIGIBLE,third read,ELIGIBLE,,ELIGIBLE,v4 read,ELIGIBLE,,ELIGIBLE,v5 read,ELIGIBLE,,S02697,numeric,,False,journal,numeric,direct,,,,False,,,ELIGIBLE
S02706,10.1021/jp511426q,NEEDS_SI,NEEDS_SI,passes,NEEDS_SI,,ELIGIBLE,v4 read,ELIGIBLE,,ELIGIBLE,SI read: third read,ELIGIBLE,,S02706,relative,,True,journal,graphical,direct,,,,False,,third read,ELIGIBLE
S02708,10.1021/acs.jpcc.5b12448,AGREED_EXCLUDE,EXCLUDE:E3,passes agree,EXCLUDE:E3,,UNRESOLVED,v4 read,UNRESOLVED,,EXCLUDE:E3,SI read: third read; SI adjudication 2026-10-02,EXCLUDE:E3,,S02708,,,True,journal,,,,,,False,,third read,UNRESOLVED
S02710,10.2473/journalofmmij.132.59,AGREED_EXCLUDE,EXCLUDE:E3,passes agree,EXCLUDE:E3,,EXCLUDE:E3,passes agree,EXCLUDE:E3,,EXCLUDE:E3,passes agree,EXCLUDE:E3,,S02710,,,False,,,,,,,False,,,EXCLUDE:E3
S02714,10.1021/am5027192,AGREED_EXCLUDE,EXCLUDE:E3,passes agree,EXCLUDE:E3,,EXCLUDE:E3,passes agree,EXCLUDE:E3,,EXCLUDE:E3,passes agree,EXCLUDE:E3,,S02714,,,False,,,,,,,False,,,EXCLUDE:E3
S02719,10.1021/jz5004704,AGREED_EXCLUDE,EXCLUDE:E1,passes agree,EXCLUDE:E1,,EXCLUDE:E1,passes agree,EXCLUDE:E1,,EXCLUDE:E1,passes agree,EXCLUDE:E1,,S02719,,,False,,,,,,,False,,,EXCLUDE:E1
S02739,10.3303/cet1647008,AGREED_EXCLUDE,EXCLUDE:E3,passes agree,EXCLUDE:E3,,EXCLUDE:E3,passes agree,EXCLUDE:E3,,EXCLUDE:E3,passes agree,EXCLUDE:E3,,S02739,,,False,,,,,,,False,,,EXCLUDE:E3
S02786,10.13130/lugaresi-ottavio-carlo-maria_phd2014-01-13,AGREED_EXCLUDE,EXCLUDE:E3,passes agree,EXCLUDE:E3,,EXCLUDE:E1,v4 read,EXCLUDE:E1,,EXCLUDE:E1,v5 read,EXCLUDE:E1,,,,,False,other,,,,,,False,,,EXCLUDE:E1
S02795,10.20964/100624,RERETRIEVE,,no readable text,no readable text,,,no readable text,no readable text,,,no readable text,no readable text,,S02795,,,False,,,,,,,False,,,no readable text
S02817,10.1016/j.susc.2016.04.015,THIRD_READ,EXCLUDE:E3,third read,EXCLUDE:E3,,EXCLUDE:E3,v4 read,EXCLUDE:E3,,EXCLUDE:E3,v5 read,EXCLUDE:E3,,S02817,,,False,journal,,,,,,False,,,EXCLUDE:E3
S02821,10.1021/acs.jpcc.5b10894,THIRD_READ,EXCLUDE:E5,third read,EXCLUDE:E5,,EXCLUDE:E5,v4 read,EXCLUDE:E5,,ELIGIBLE,v5 read,ELIGIBLE,,S02821,,,True,journal,numeric,direct,,,,False,,,ELIGIBLE
S02835,10.1149/ma2013-01/38/1317,RERETRIEVE,,no readable text,no readable text,,,no readable text,no readable text,,,no readable text,no readable text,,,,,False,,,,,,,False,,,no readable text
S02868,10.2473/journalofmmij.130.415,AGREED_EXCLUDE,EXCLUDE:E1,passes agree,EXCLUDE:E1,,EXCLUDE:E1,passes agree,EXCLUDE:E1,,EXCLUDE:E1,passes agree,EXCLUDE:E1,,S02868,,,False,,,,,,,False,,,EXCLUDE:E1
S02923,10.1038/srep11609,AGREED_EXCLUDE,EXCLUDE:E3,passes agree,EXCLUDE:E3,,EXCLUDE:E3,passes agree,EXCLUDE:E3,,EXCLUDE:E3,v5 read,EXCLUDE:E3,,S02923,,,False,journal,,,,,,False,,,EXCLUDE:E3
S02924,10.14279/depositonce-5168,THIRD_READ,EXCLUDE:E1,third read,EXCLUDE:E1,,EXCLUDE:E1,third read,EXCLUDE:E1,,EXCLUDE:E1,third read,EXCLUDE:E1,,,,,False,,,,,,,False,,,EXCLUDE:E1
S02926,10.1039/c6cc03356c,AGREED_EXCLUDE,EXCLUDE:E3,passes agree,EXCLUDE:E3,,EXCLUDE:E3,passes agree,EXCLUDE:E3,,EXCLUDE:E3,passes agree,EXCLUDE:E3,,S02926,,,False,,,,,,,False,,,EXCLUDE:E3
S02971,10.1007/s12034-016-1190-2,AGREED_EXCLUDE,EXCLUDE:E3,passes agree,EXCLUDE:E3,,EXCLUDE:E3,passes agree,EXCLUDE:E3,,EXCLUDE:E3,passes agree,EXCLUDE:E3,,S02971,,,False,,,,,,,False,,,EXCLUDE:E3
S02974,10.1557/jmr.2013.8,RERETRIEVE,,no readable text,no readable text,,,no readable text,no readable text,,,no readable text,no readable text,,S02974,,,False,,,,,,,False,,,no readable text
S02985,10.14279/depositonce-5169,AGREED_EXCLUDE,EXCLUDE:E1,passes agree,EXCLUDE:E1,,EXCLUDE:E1,passes agree,EXCLUDE:E1,,EXCLUDE:E1,passes agree,EXCLUDE:E1,,,,,False,,,,,,,False,,,EXCLUDE:E1
S03024,10.1021/acscatal.6b01138,AGREED_EXCLUDE,EXCLUDE:E4,passes agree,EXCLUDE:E4,,EXCLUDE:E4,passes agree,EXCLUDE:E4,,EXCLUDE:E4,v5 read,EXCLUDE:E4,,S03024,,,False,journal,,,,,,False,,,EXCLUDE:E4
S03059,10.1038/srep28367,AGREED_EXCLUDE,EXCLUDE:E3,passes agree,EXCLUDE:E3,,EXCLUDE:E3,passes agree,EXCLUDE:E3,,EXCLUDE:E3,v5 read,EXCLUDE:E3,,S03059,,,False,journal,,,,,,False,,,EXCLUDE:E3
S03069,10.1002/adfm.201601581,AGREED_EXCLUDE,EXCLUDE:E3,passes agree,EXCLUDE:E3,,EXCLUDE:E3,passes agree,EXCLUDE:E3,,EXCLUDE:E3,passes agree,EXCLUDE:E3,,S03069,,,False,,,,,,,False,,,EXCLUDE:E3
S03078,10.3390/molecules21070900,AGREED_EXCLUDE,EXCLUDE:E1,passes agree,EXCLUDE:E1,,EXCLUDE:E1,passes agree,EXCLUDE:E1,,EXCLUDE:E1,passes agree,EXCLUDE:E1,,S03078,,,False,,,,,,,False,,,EXCLUDE:E1
S03084,10.1002/fuce.201500212,AGREED_EXCLUDE,EXCLUDE:E3,passes agree,EXCLUDE:E3,,EXCLUDE:E3,passes agree,EXCLUDE:E3,,EXCLUDE:E3,passes agree,EXCLUDE:E3,,S03084,,,False,,,,,,,False,,,EXCLUDE:E3
S03085,10.1088/0953-8984/28/46/464004,AGREED_EXCLUDE,EXCLUDE:E3,passes agree,EXCLUDE:E3,,EXCLUDE:E3,passes agree,EXCLUDE:E3,,EXCLUDE:E3,v5 read,EXCLUDE:E3,,S03085,,,False,journal,,,,,,False,,,EXCLUDE:E3
S03088,,THIRD_READ,EXCLUDE:E1,third read,EXCLUDE:E1,,EXCLUDE:E1,third read,EXCLUDE:E1,,EXCLUDE:E1,third read,EXCLUDE:E1,,,,,False,,,,,,,False,,,EXCLUDE:E1
S03093,10.1007/s12678-016-0321-2,AGREED_EXCLUDE,EXCLUDE:E3,passes agree,EXCLUDE:E3,,EXCLUDE:E3,passes agree,EXCLUDE:E3,,EXCLUDE:E3,passes agree,EXCLUDE:E3,,S03093,,,False,,,,,,,False,,,EXCLUDE:E3
S03130,10.1038/srep21430,AGREED_EXCLUDE,EXCLUDE:E3,passes agree,EXCLUDE:E3,,EXCLUDE:E3,passes agree,EXCLUDE:E3,,EXCLUDE:E3,passes agree,EXCLUDE:E3,,S03130,,,False,,,,,,,False,,,EXCLUDE:E3
S03143,10.5937/zasmat1602232j,AGREED_EXCLUDE,EXCLUDE:E3,passes agree,EXCLUDE:E3,,EXCLUDE:E3,passes agree,EXCLUDE:E3,,EXCLUDE:E3,v5 read,EXCLUDE:E3,,S03143,,,False,journal,,,,,,False,,,EXCLUDE:E3
S03145,10.1039/c6sc01860b,THIRD_READ,EXCLUDE:E3,third read,EXCLUDE:E3,,EXCLUDE:E3,third read,EXCLUDE:E3,,EXCLUDE:E3,v5 read,EXCLUDE:E3,,S03145,,,False,journal,,,,,,False,,,EXCLUDE:E3
S03157,10.3390/nano6080138,AGREED_EXCLUDE,EXCLUDE:E3,passes agree,EXCLUDE:E3,,EXCLUDE:E3,passes agree,EXCLUDE:E3,,EXCLUDE:E3,passes agree,EXCLUDE:E3,,S03157,,,False,,,,,,,False,,,EXCLUDE:E3
S03168,10.1002/celc.201600370,AGREED_EXCLUDE,EXCLUDE:E1,passes agree,EXCLUDE:E1,,EXCLUDE:E1,passes agree,EXCLUDE:E1,,EXCLUDE:E1,passes agree,EXCLUDE:E1,,S03168,,,False,,,,,,,False,,,EXCLUDE:E1
S03179,10.1002/cssc.201600341,AGREED_EXCLUDE,EXCLUDE:E3,passes agree,EXCLUDE:E3,,EXCLUDE:E3,passes agree,EXCLUDE:E3,,EXCLUDE:E3,passes agree,EXCLUDE:E3,,S03179,,,False,,,,,,,False,,,EXCLUDE:E3
S03203,10.14279/depositonce-4474,THIRD_READ,EXCLUDE:E1,third read,EXCLUDE:E1,,EXCLUDE:E1,third read,EXCLUDE:E1,,EXCLUDE:E1,third read,EXCLUDE:E1,,,,,False,,,,,,,False,,,EXCLUDE:E1
S03215,10.2172/1038740,THIRD_READ,EXCLUDE:E1,third read,EXCLUDE:E1,,EXCLUDE:E1,third read,EXCLUDE:E1,,EXCLUDE:E1,v5 read,EXCLUDE:E1,,,,,False,other,,,,,,False,,,EXCLUDE:E1
S03229,10.5282/edoc.19658,THIRD_READ,EXCLUDE:E1,third read,EXCLUDE:E1,,EXCLUDE:E1,third read,EXCLUDE:E1,,EXCLUDE:E1,third read,EXCLUDE:E1,,,,,False,,,,,,,False,,,EXCLUDE:E1
S03238,10.13005/ojc/320430,AGREED_EXCLUDE,EXCLUDE:E1,passes agree,EXCLUDE:E1,,EXCLUDE:E1,passes agree,EXCLUDE:E1,,EXCLUDE:E1,passes agree,EXCLUDE:E1,,S03238,,,False,,,,,,,False,,,EXCLUDE:E1
S03261,10.17576/mjas-2016-2004-25,AGREED_EXCLUDE,EXCLUDE:E3,passes agree,EXCLUDE:E3,,EXCLUDE:E3,passes agree,EXCLUDE:E3,,EXCLUDE:E3,v5 read,EXCLUDE:E3,,S03261,,,False,journal,,,,,,False,,,EXCLUDE:E3
S03263,10.26083/tuprints-00005396,THIRD_READ,EXCLUDE:E1,third read,EXCLUDE:E1,,EXCLUDE:E1,third read,EXCLUDE:E1,,EXCLUDE:E1,third read,EXCLUDE:E1,,,,,False,,,,,,,False,,,EXCLUDE:E1
S03284,10.1149/07514.1129ecst,AGREED_EXCLUDE,EXCLUDE:E3,passes agree,EXCLUDE:E3,,EXCLUDE:E3,passes agree,EXCLUDE:E3,,EXCLUDE:E3,passes agree,EXCLUDE:E3,,,,,False,,,,,,,False,,,EXCLUDE:E3
S03286,10.1038/srep31202,AGREED_EXCLUDE,EXCLUDE:E3,passes agree,EXCLUDE:E3,,EXCLUDE:E3,passes agree,EXCLUDE:E3,,EXCLUDE:E3,passes agree,EXCLUDE:E3,,S03286,,,False,,,,,,,False,,,EXCLUDE:E3
S03295,10.5796/electrochemistry.84.667,AGREED_EXCLUDE,EXCLUDE:E1,passes agree,EXCLUDE:E1,,EXCLUDE:E1,passes agree,EXCLUDE:E1,,EXCLUDE:E1,passes agree,EXCLUDE:E1,,S03295,,,False,,,,,,,False,,,EXCLUDE:E1
S03298,10.1002/cssc.201601095,RERETRIEVE,,no readable text,no readable text,,,no readable text,no readable text,,,no readable text,no readable text,,S03298,,,False,,,,,,,False,,,no readable text
S03305,10.1021/acscatal.6b01778,AGREED_EXCLUDE,EXCLUDE:E5,passes agree,EXCLUDE:E5,,EXCLUDE:E5,v4 read,EXCLUDE:E5,,EXCLUDE:E3,v5 read,EXCLUDE:E3,,S03305,,,False,journal,,,,,,False,,,EXCLUDE:E3
S03329,10.1021/acsami.6b08558,AGREED_EXCLUDE,EXCLUDE:E3,passes agree,EXCLUDE:E3,,EXCLUDE:E3,passes agree,EXCLUDE:E3,,EXCLUDE:E3,passes agree,EXCLUDE:E3,,S03329,,,False,,,,,,,False,,,EXCLUDE:E3
S03332,10.1021/acs.jpclett.6b01254,THIRD_READ,EXCLUDE:E3,third read,EXCLUDE:E3,,EXCLUDE:E3,v4 read,EXCLUDE:E3,,EXCLUDE:E3,v5 read,EXCLUDE:E3,,S03332,,,True,journal,,,,,,False,,,EXCLUDE:E3
S03352,10.1016/j.apenergy.2016.09.011,AGREED_EXCLUDE,EXCLUDE:E3,passes agree,EXCLUDE:E3,,EXCLUDE:E3,passes agree,EXCLUDE:E3,,EXCLUDE:E3,passes agree,EXCLUDE:E3,,S03352,,,False,,,,,,,False,,,EXCLUDE:E3
S03360,10.1038/srep33154,THIRD_READ,EXCLUDE:E3,third read,EXCLUDE:E3,,EXCLUDE:E3,third read,EXCLUDE:E3,,EXCLUDE:E3,v5 read,EXCLUDE:E3,,S03360,,,False,journal,,,,,,False,,,EXCLUDE:E3
S03391,10.1146/annurev-physchem-052516-050655,AGREED_EXCLUDE,EXCLUDE:E1,passes agree,EXCLUDE:E1,,EXCLUDE:E1,passes agree,EXCLUDE:E1,,EXCLUDE:E1,passes agree,EXCLUDE:E1,,S03391,,,False,,,,,,,False,,,EXCLUDE:E1
S03398,10.1038/srep34004,AGREED_EXCLUDE,EXCLUDE:E3,passes agree,EXCLUDE:E3,,EXCLUDE:E3,passes agree,EXCLUDE:E3,,EXCLUDE:E3,passes agree,EXCLUDE:E3,,S03398,,,False,,,,,,,False,,,EXCLUDE:E3
S03401,10.2473/journalofmmij.131.129,AGREED_EXCLUDE,EXCLUDE:E3,passes agree,EXCLUDE:E3,,EXCLUDE:E3,passes agree,EXCLUDE:E3,,EXCLUDE:E3,passes agree,EXCLUDE:E3,,S03401,,,False,,,,,,,False,,,EXCLUDE:E3
S03415,10.1184/r1/6724016,THIRD_READ,EXCLUDE:E1,third read,EXCLUDE:E1,,EXCLUDE:E1,third read,EXCLUDE:E1,,EXCLUDE:E1,third read,EXCLUDE:E1,,,,,False,,,,,,,False,,,EXCLUDE:E1
S03418,10.1002/advs.201600152,AGREED_EXCLUDE,EXCLUDE:E1,passes agree,EXCLUDE:E1,,EXCLUDE:E1,passes agree,EXCLUDE:E1,,EXCLUDE:E1,passes agree,EXCLUDE:E1,,S03418,,,False,,,,,,,False,,,EXCLUDE:E1
S03430,10.1038/ncomms12888,AGREED_EXCLUDE,EXCLUDE:E3,passes agree,EXCLUDE:E3,,EXCLUDE:E3,passes agree,EXCLUDE:E3,,EXCLUDE:E3,v5 read,EXCLUDE:E3,,S03430,,,False,journal,,,,,,False,,,EXCLUDE:E3
S03447,10.4236/aces.2016.64037,AGREED_EXCLUDE,EXCLUDE:E3,passes agree,EXCLUDE:E3,,EXCLUDE:E3,passes agree,EXCLUDE:E3,,EXCLUDE:E3,passes agree,EXCLUDE:E3,,S03447,,,False,,,,,,,False,,,EXCLUDE:E3
S03457,10.4152/pea.201604257,AGREED_EXCLUDE,EXCLUDE:E3,passes agree,EXCLUDE:E3,,EXCLUDE:E3,passes agree,EXCLUDE:E3,,EXCLUDE:E3,passes agree,EXCLUDE:E3,,S03457,,,False,,,,,,,False,,,EXCLUDE:E3
S03461,10.7316/khnes.2016.27.4.341,AGREED_EXCLUDE,EXCLUDE:E1,passes agree,EXCLUDE:E1,,EXCLUDE:E1,passes agree,EXCLUDE:E1,,EXCLUDE:E1,passes agree,EXCLUDE:E1,,S03461,,,False,,,,,,,False,,,EXCLUDE:E1
S03463,10.7316/khnes.2016.27.4.335,AGREED_EXCLUDE,EXCLUDE:E3,passes agree,EXCLUDE:E3,,EXCLUDE:E3,passes agree,EXCLUDE:E3,,EXCLUDE:E3,passes agree,EXCLUDE:E3,,S03463,,,False,,,,,,,False,,,EXCLUDE:E3
S03465,10.2172/1248342,THIRD_READ,EXCLUDE:E1,third read,EXCLUDE:E1,,EXCLUDE:E1,third read,EXCLUDE:E1,,EXCLUDE:E1,v5 read,EXCLUDE:E1,,,,,False,other,,,,,,False,,,EXCLUDE:E1
S03489,10.1021/acsami.6b10436,THIRD_READ,EXCLUDE:E3,third read,EXCLUDE:E3,,EXCLUDE:E3,third read,EXCLUDE:E3,,EXCLUDE:E3,third read,EXCLUDE:E3,,S03489,,,False,,,,,,,False,,,EXCLUDE:E3
S03513,10.1038/ncomms12363,AGREED_EXCLUDE,EXCLUDE:E3,passes agree,EXCLUDE:E3,,EXCLUDE:E3,v4 read,EXCLUDE:E3,,EXCLUDE:E3,v4 read,EXCLUDE:E3,,S03513,,,False,,,,,,,False,,,EXCLUDE:E3
S03530,10.1021/acscatal.6b02343,AGREED_EXCLUDE,EXCLUDE:E3,passes agree,EXCLUDE:E3,,EXCLUDE:E3,passes agree,EXCLUDE:E3,,EXCLUDE:E3,v5 read,EXCLUDE:E3,,S03530,,,False,journal,,,,,,False,,,EXCLUDE:E3
S03533,10.1002/cctc.201600835,AGREED_EXCLUDE,EXCLUDE:E3,passes agree,EXCLUDE:E3,,EXCLUDE:E3,passes agree,EXCLUDE:E3,,EXCLUDE:E3,v5 read,EXCLUDE:E3,,S03533,,,False,journal,,,,,,False,,,EXCLUDE:E3
S03555,10.1021/acs.jpcc.6b08473,THIRD_READ,UNRESOLVED,third read,UNRESOLVED,,ELIGIBLE,v4 read,ELIGIBLE,,ELIGIBLE,v5 read,ELIGIBLE,,S03555,numeric,,True,journal,numeric,direct,,,,False,,,ELIGIBLE
S03569,10.1038/srep36099,AGREED_EXCLUDE,EXCLUDE:E3,passes agree,EXCLUDE:E3,,EXCLUDE:E3,passes agree,EXCLUDE:E3,,EXCLUDE:E3,v5 read,EXCLUDE:E3,,S03569,,,False,journal,,,,,,False,,,EXCLUDE:E3
S03607,10.1134/s1023193516110124,NEEDS_SI,NEEDS_SI,passes,NEEDS_SI,,NEEDS_SI,v4 read,NEEDS_SI,,NEEDS_SI,v5 read,NEEDS_SI,,S03607,,,True,journal,,,,,,False,,,NEEDS_SI
S03628,10.2991/icmse-16.2016.92,THIRD_READ,EXCLUDE:E3,third read,EXCLUDE:E3,,EXCLUDE:E3,third read,EXCLUDE:E3,,EXCLUDE:E3,v5 read,EXCLUDE:E3,,,,,False,other,,,,,,False,,,EXCLUDE:E3
S03632,10.14279/depositonce-5837,THIRD_READ,EXCLUDE:E1,third read,EXCLUDE:E1,,EXCLUDE:E1,third read,EXCLUDE:E1,,EXCLUDE:E1,third read,EXCLUDE:E1,,,,,False,,,,,,,False,,,EXCLUDE:E1
S03637,10.7316/khnes.2016.27.5.471,AGREED_EXCLUDE,EXCLUDE:E3,passes agree,EXCLUDE:E3,,EXCLUDE:E3,passes agree,EXCLUDE:E3,,EXCLUDE:E3,passes agree,EXCLUDE:E3,,S03637,,,False,,,,,,,False,,,EXCLUDE:E3
S03658,10.4236/aces.2016.65047,AGREED_EXCLUDE,EXCLUDE:E3,passes agree,EXCLUDE:E3,,EXCLUDE:E3,passes agree,EXCLUDE:E3,,EXCLUDE:E3,passes agree,EXCLUDE:E3,,S03658,,,False,,,,,,,False,,,EXCLUDE:E3
S03662,10.1038/srep38429,AGREED_EXCLUDE,EXCLUDE:E3,passes agree,EXCLUDE:E3,,EXCLUDE:E3,passes agree,EXCLUDE:E3,,EXCLUDE:E3,v5 read,EXCLUDE:E3,,S03662,,,False,journal,,,,,,False,,,EXCLUDE:E3
S03669,10.1039/c6sc04622c,AGREED_EXCLUDE,EXCLUDE:E4,passes agree,EXCLUDE:E4,,EXCLUDE:E4,passes agree,EXCLUDE:E4,,EXCLUDE:E6,public evidence recovery 2026-10-01: independent reads reviewed,EXCLUDE:E6,,S03669,,,False,journal,,,,,,False,,recovery reviewed,UNRESOLVED
S03674,10.3303/cet1441053,AGREED_EXCLUDE,EXCLUDE:E3,passes agree,EXCLUDE:E3,,EXCLUDE:E3,passes agree,EXCLUDE:E3,,EXCLUDE:E3,passes agree,EXCLUDE:E3,,S03674,,,False,,,,,,,False,,,EXCLUDE:E3
S03698,10.1021/jacs.6b07557,NEEDS_SI,NEEDS_SI,passes,NEEDS_SI,,UNRESOLVED,v4 read,NEEDS_SI,dated,EXCLUDE:E6,SI read: passes agree,EXCLUDE:E6,,S03698,,,True,journal,,,,,,False,,agreed,NEEDS_SI
S03699,10.1039/c6sc04378j,THIRD_READ,UNRESOLVED,third read,UNRESOLVED,text not usable,UNRESOLVED,v4 read,UNRESOLVED,text not usable,EXCLUDE:E5,public evidence recovery 2026-10-01: independent reads reviewed,EXCLUDE:E5,,S03699,,,False,journal,,,,,,False,,recovery reviewed,UNRESOLVED
S03734,10.2172/1223871,THIRD_READ,EXCLUDE:E1,third read,EXCLUDE:E1,,EXCLUDE:E1,third read,EXCLUDE:E1,,EXCLUDE:E1,v5 read,EXCLUDE:E1,,,,,False,other,,,,,,False,,,EXCLUDE:E1
S03757,10.1021/acsomega.6b00366,AGREED_EXCLUDE,EXCLUDE:E3,passes agree,EXCLUDE:E3,,EXCLUDE:E3,passes agree,EXCLUDE:E3,,EXCLUDE:E3,passes agree,EXCLUDE:E3,,S03757,,,False,,,,,,,False,,,EXCLUDE:E3
S03759,10.3390/ma9121012,AGREED_EXCLUDE,EXCLUDE:E3,passes agree,EXCLUDE:E3,,EXCLUDE:E3,passes agree,EXCLUDE:E3,,EXCLUDE:E3,passes agree,EXCLUDE:E3,,S03759,,,False,,,,,,,False,,,EXCLUDE:E3
S03761,10.1007/s12678-016-0348-4,AGREED_EXCLUDE,EXCLUDE:E3,passes agree,EXCLUDE:E3,,EXCLUDE:E3,passes agree,EXCLUDE:E3,,EXCLUDE:E3,passes agree,EXCLUDE:E3,,S03761,,,False,,,,,,,False,,,EXCLUDE:E3
S03763,,THIRD_READ,EXCLUDE:E1,third read,EXCLUDE:E1,,EXCLUDE:E1,third read,EXCLUDE:E1,,EXCLUDE:E1,third read,EXCLUDE:E1,,,,,False,,,,,,,False,,,EXCLUDE:E1
S03797,10.1038/nmat4803,THIRD_READ,EXCLUDE:E1,third read,EXCLUDE:E1,,EXCLUDE:E1,v4 read,EXCLUDE:E1,,EXCLUDE:E1,v5 read,EXCLUDE:E1,,S03797,,,False,journal,,,,,,False,,,EXCLUDE:E1
S03806,10.25560/33237,THIRD_READ,EXCLUDE:E1,third read,EXCLUDE:E1,,EXCLUDE:E1,third read,EXCLUDE:E1,,EXCLUDE:E1,third read,EXCLUDE:E1,,S03806,,,False,,,,,,,False,,,EXCLUDE:E1
S03810,10.1039/c6ta10541f,AGREED_EXCLUDE,EXCLUDE:E1,passes agree,EXCLUDE:E1,,EXCLUDE:E1,passes agree,EXCLUDE:E1,,EXCLUDE:E1,passes agree,EXCLUDE:E1,,S03810,,,False,,,,,,,False,,,EXCLUDE:E1
S03818,10.4491/ksee.2016.38.12.647,AGREED_EXCLUDE,EXCLUDE:E3,passes agree,EXCLUDE:E3,,EXCLUDE:E3,passes agree,EXCLUDE:E3,,EXCLUDE:E3,passes agree,EXCLUDE:E3,,S03818,,,False,,,,,,,False,,,EXCLUDE:E3
S03823,10.1126/science.aad4998,THIRD_READ,EXCLUDE:E1,third read,EXCLUDE:E1,,EXCLUDE:E1,third read,EXCLUDE:E1,,EXCLUDE:E1,v5 read,EXCLUDE:E1,,S03823,,,False,journal,,,,,,False,,,EXCLUDE:E1
S03833,10.1016/j.ijhydene.2016.12.098,AGREED_EXCLUDE,EXCLUDE:E3,passes agree,EXCLUDE:E3,,EXCLUDE:E3,passes agree,EXCLUDE:E3,,EXCLUDE:E3,passes agree,EXCLUDE:E3,,S03833,,,False,,,,,,,False,,,EXCLUDE:E3
S03841,10.1002/advs.201600337,AGREED_EXCLUDE,EXCLUDE:E1,passes agree,EXCLUDE:E1,,EXCLUDE:E1,passes agree,EXCLUDE:E1,,EXCLUDE:E1,passes agree,EXCLUDE:E1,,S03841,,,False,,,,,,,False,,,EXCLUDE:E1
S03848,10.1021/jacs.6b09184,AGREED_EXCLUDE,EXCLUDE:E3,passes agree,EXCLUDE:E3,,EXCLUDE:E3,passes agree,EXCLUDE:E3,,EXCLUDE:E3,passes agree,EXCLUDE:E3,,S03848,,,False,,,,,,,False,,,EXCLUDE:E3
S03864,10.1002/cctc.201601662,AGREED_ELIGIBLE,ELIGIBLE,passes agree,ELIGIBLE,,ELIGIBLE,v4 read,ELIGIBLE,,ELIGIBLE,v5 read,ELIGIBLE,,S03864,numeric,,False,journal,numeric,direct,,,,False,,,ELIGIBLE
S03882,10.1039/c7ta00679a,AGREED_EXCLUDE,EXCLUDE:E3,passes agree,EXCLUDE:E3,,EXCLUDE:E3,passes agree,EXCLUDE:E3,,EXCLUDE:E3,passes agree,EXCLUDE:E3,,S03882,,,False,,,,,,,False,,,EXCLUDE:E3
S03884,10.4233/uuid:43cd55dd-554e-4d01-9624-3737a5b0e982,THIRD_READ,EXCLUDE:E1,third read,EXCLUDE:E1,,EXCLUDE:E1,third read,EXCLUDE:E1,,EXCLUDE:E1,third read,EXCLUDE:E1,,,,,False,,,,,,,False,,,EXCLUDE:E1
S03901,10.3303/cet1441055,AGREED_EXCLUDE,EXCLUDE:E1,passes agree,EXCLUDE:E1,,EXCLUDE:E1,passes agree,EXCLUDE:E1,,EXCLUDE:E1,passes agree,EXCLUDE:E1,,S03901,,,False,,,,,,,False,,,EXCLUDE:E1
S03910,10.4236/msce.2017.51017,AGREED_EXCLUDE,EXCLUDE:E3,passes agree,EXCLUDE:E3,,EXCLUDE:E3,passes agree,EXCLUDE:E3,,EXCLUDE:E3,passes agree,EXCLUDE:E3,,S03910,,,False,,,,,,,False,,,EXCLUDE:E3
S03919,10.1021/jacs.6b11301,THIRD_READ,EXCLUDE:E3,third read,EXCLUDE:E3,,EXCLUDE:E3,third read,EXCLUDE:E3,,EXCLUDE:E3,v5 read,EXCLUDE:E3,,S03919,,,False,journal,,,,,,False,,,EXCLUDE:E3
S03921,10.1002/cssc.201601817,AGREED_EXCLUDE,EXCLUDE:E3,passes agree,EXCLUDE:E3,,EXCLUDE:E3,passes agree,EXCLUDE:E3,,EXCLUDE:E3,passes agree,EXCLUDE:E3,,S03921,,,False,,,,,,,False,,,EXCLUDE:E3
S03937,10.1021/jacs.6b11932,NEEDS_SI,NEEDS_SI,passes,NEEDS_SI,,NEEDS_SI,v4 read,NEEDS_SI,,EXCLUDE:E6,SI read: third read,EXCLUDE:E6,,S03937,,,True,journal,,,,,,False,,third read,NEEDS_SI
S03950,10.1039/c6ta11047a,AGREED_EXCLUDE,EXCLUDE:E3,passes agree,EXCLUDE:E3,,EXCLUDE:E3,passes agree,EXCLUDE:E3,,EXCLUDE:E3,passes agree,EXCLUDE:E3,,S03950,,,False,,,,,,,False,,,EXCLUDE:E3
S04004,10.1093/nsr/nwx019,AGREED_EXCLUDE,EXCLUDE:E1,passes agree,EXCLUDE:E1,,EXCLUDE:E1,passes agree,EXCLUDE:E1,,EXCLUDE:E1,passes agree,EXCLUDE:E1,,S04004,,,False,,,,,,,False,,,EXCLUDE:E1
S04015,10.1016/j.jechem.2017.02.005,AGREED_EXCLUDE,EXCLUDE:E1,passes agree,EXCLUDE:E1,,EXCLUDE:E1,passes agree,EXCLUDE:E1,,EXCLUDE:E1,v5 read,EXCLUDE:E1,,S04015,,,False,journal,,,,,,False,,,EXCLUDE:E1
S04024,10.1016/j.hydromet.2017.02.014,AGREED_EXCLUDE,EXCLUDE:E1,passes agree,EXCLUDE:E1,,EXCLUDE:E1,passes agree,EXCLUDE:E1,,EXCLUDE:E1,passes agree,EXCLUDE:E1,,S04024,,,False,,,,,,,False,,,EXCLUDE:E1
S04026,10.1016/j.nanoen.2017.02.051,AGREED_EXCLUDE,EXCLUDE:E3,passes agree,EXCLUDE:E3,,EXCLUDE:E3,passes agree,EXCLUDE:E3,,EXCLUDE:E3,passes agree,EXCLUDE:E3,,S04026,,,False,,,,,,,False,,,EXCLUDE:E3
S04043,10.11606/t.3.2016.tde-12072016-084348,THIRD_READ,EXCLUDE:E1,third read,EXCLUDE:E1,,EXCLUDE:E1,third read,EXCLUDE:E1,,EXCLUDE:E1,third read,EXCLUDE:E1,,,,,False,,,,,,,False,,,EXCLUDE:E1
S04058,,AGREED_EXCLUDE,EXCLUDE:E1,passes agree,EXCLUDE:E1,,EXCLUDE:E1,passes agree,EXCLUDE:E1,,EXCLUDE:E1,passes agree,EXCLUDE:E1,,,,,False,,,,,,,False,,,EXCLUDE:E1
S04115,10.1021/acsenergylett.7b00135,NEEDS_SI,NEEDS_SI,passes,NEEDS_SI,,NEEDS_SI,v4 read,NEEDS_SI,,EXCLUDE:E6,SI read: passes agree,EXCLUDE:E6,,S04115,,,True,journal,,,,,,False,,agreed,NEEDS_SI
S04152,10.1002/slct.201700319,AGREED_EXCLUDE,EXCLUDE:E3,passes agree,EXCLUDE:E3,,EXCLUDE:E3,passes agree,EXCLUDE:E3,,EXCLUDE:E3,passes agree,EXCLUDE:E3,,S04152,,,False,,,,,,,False,,,EXCLUDE:E3
S04158,10.1021/acsnano.7b00704,AGREED_EXCLUDE,EXCLUDE:E1,passes agree,EXCLUDE:E1,,EXCLUDE:E1,passes agree,EXCLUDE:E1,,EXCLUDE:E1,passes agree,EXCLUDE:E1,,S04158,,,False,,,,,,,False,,,EXCLUDE:E1
S04168,10.1039/c6ra27354h,THIRD_READ,ELIGIBLE,third read,ELIGIBLE,,ELIGIBLE,v4 read,ELIGIBLE,,ELIGIBLE,v5 read,ELIGIBLE,,S04168,numeric,,False,journal,numeric,direct,,,,False,,,ELIGIBLE
S04169,10.1016/j.jcat.2017.03.001,AGREED_EXCLUDE,EXCLUDE:E3,passes agree,EXCLUDE:E3,,EXCLUDE:E3,passes agree,EXCLUDE:E3,,EXCLUDE:E3,passes agree,EXCLUDE:E3,,S04169,,,False,,,,,,,False,,,EXCLUDE:E3
S04175,10.2298/jsc161229040s,AGREED_EXCLUDE,EXCLUDE:E3,passes agree,EXCLUDE:E3,,EXCLUDE:E3,passes agree,EXCLUDE:E3,,EXCLUDE:E3,passes agree,EXCLUDE:E3,,S04175,,,False,,,,,,,False,,,EXCLUDE:E3
S04224,10.1360/n032016-00227,AGREED_EXCLUDE,EXCLUDE:E1,passes agree,EXCLUDE:E1,,EXCLUDE:E1,passes agree,EXCLUDE:E1,,EXCLUDE:E1,passes agree,EXCLUDE:E1,,S04224,,,False,,,,,,,False,,,EXCLUDE:E1
S04229,10.1002/cnma.201700071,AGREED_EXCLUDE,EXCLUDE:E3,passes agree,EXCLUDE:E3,,EXCLUDE:E3,passes agree,EXCLUDE:E3,,EXCLUDE:E3,passes agree,EXCLUDE:E3,,S04229,,,False,,,,,,,False,,,EXCLUDE:E3
S04232,10.5229/jecst.2017.8.1.7,AGREED_EXCLUDE,EXCLUDE:E3,passes agree,EXCLUDE:E3,,EXCLUDE:E3,passes agree,EXCLUDE:E3,,EXCLUDE:E3,passes agree,EXCLUDE:E3,,S04232,,,False,,,,,,,False,,,EXCLUDE:E3
S04255,10.1002/adma.201606534,THIRD_READ,EXCLUDE:E3,third read,EXCLUDE:E3,,EXCLUDE:E3,third read,EXCLUDE:E3,,EXCLUDE:E3,v5 read,EXCLUDE:E3,,S04255,,,False,journal,,,,,,False,,,EXCLUDE:E3
S04265,10.1021/acsenergylett.7b00119,AGREED_EXCLUDE,EXCLUDE:E1,passes agree,EXCLUDE:E1,,EXCLUDE:E1,passes agree,EXCLUDE:E1,,EXCLUDE:E1,v5 read,EXCLUDE:E1,,S04265,,,False,journal,,,,,,False,,,EXCLUDE:E1
S04318,10.1021/acs.jpcc.7b02383,NEEDS_SI,NEEDS_SI,passes,NEEDS_SI,,NEEDS_SI,v4 read,NEEDS_SI,,NEEDS_SI,v5 read,NEEDS_SI,,S04318,,,True,journal,,,,,,False,,,NEEDS_SI
S04326,10.1016/j.chempr.2017.04.001,AGREED_EXCLUDE,EXCLUDE:E3,passes agree,EXCLUDE:E3,,EXCLUDE:E3,passes agree,EXCLUDE:E3,,EXCLUDE:E3,v5 read,EXCLUDE:E3,,S04326,,,False,journal,,,,,,False,,,EXCLUDE:E3
S04331,10.15244/pjoes/68431,AGREED_EXCLUDE,EXCLUDE:E3,passes agree,EXCLUDE:E3,,EXCLUDE:E3,passes agree,EXCLUDE:E3,,EXCLUDE:E3,passes agree,EXCLUDE:E3,,S04331,,,False,,,,,,,False,,,EXCLUDE:E3
S04343,10.1038/nenergy.2017.70,THIRD_READ,EXCLUDE:E3,third read,EXCLUDE:E3,,EXCLUDE:E3,third read,EXCLUDE:E3,,EXCLUDE:E3,v5 read,EXCLUDE:E3,,S04343,,,False,journal,,,,,,False,,,EXCLUDE:E3
S04362,,THIRD_READ,EXCLUDE:E1,third read,EXCLUDE:E1,,EXCLUDE:E1,third read,EXCLUDE:E1,,EXCLUDE:E1,third read,EXCLUDE:E1,,S04362,,,False,,,,,,,False,,,EXCLUDE:E1
S04365,10.1016/j.electacta.2017.05.101,AGREED_EXCLUDE,EXCLUDE:E3,passes agree,EXCLUDE:E3,,EXCLUDE:E3,passes agree,EXCLUDE:E3,,EXCLUDE:E3,passes agree,EXCLUDE:E3,,S04365,,,False,,,,,,,False,,,EXCLUDE:E3
S04369,10.12677/japc.2017.62009,AGREED_EXCLUDE,EXCLUDE:E1,passes agree,EXCLUDE:E1,,EXCLUDE:E1,passes agree,EXCLUDE:E1,,EXCLUDE:E1,passes agree,EXCLUDE:E1,,S04369,,,False,,,,,,,False,,,EXCLUDE:E1
S04371,10.1016/j.electacta.2017.04.131,THIRD_READ,EXCLUDE:E3,third read,EXCLUDE:E3,,EXCLUDE:E3,v4 read,EXCLUDE:E3,,EXCLUDE:E3,v5 read,EXCLUDE:E3,,S04371,,,False,journal,,,,,,False,,,EXCLUDE:E3
S04422,10.3390/inorganics5020037,AGREED_EXCLUDE,EXCLUDE:E1,passes agree,EXCLUDE:E1,,EXCLUDE:E1,passes agree,EXCLUDE:E1,,EXCLUDE:E1,passes agree,EXCLUDE:E1,,S04422,,,False,,,,,,,False,,,EXCLUDE:E1
S04423,10.1021/acs.organomet.7b00275,AGREED_EXCLUDE,EXCLUDE:E3,passes agree,EXCLUDE:E3,,EXCLUDE:E3,passes agree,EXCLUDE:E3,,EXCLUDE:E3,passes agree,EXCLUDE:E3,,S04423,,,False,,,,,,,False,,,EXCLUDE:E3
S04432,10.1038/s41598-017-03065-5,AGREED_EXCLUDE,EXCLUDE:E3,passes agree,EXCLUDE:E3,,EXCLUDE:E3,v4 read,EXCLUDE:E3,,EXCLUDE:E3,v4 read,EXCLUDE:E3,,S04432,,,False,,,,,,,False,,,EXCLUDE:E3
S04472,10.1021/acsnano.7b00233,AGREED_EXCLUDE,EXCLUDE:E3,passes agree,EXCLUDE:E3,,EXCLUDE:E3,passes agree,EXCLUDE:E3,,EXCLUDE:E3,passes agree,EXCLUDE:E3,,S04472,,,False,,,,,,,False,,,EXCLUDE:E3
S04481,10.11606/t.59.2016.tde-04072014-110134,AGREED_EXCLUDE,EXCLUDE:E1,passes agree,EXCLUDE:E1,,EXCLUDE:E1,passes agree,EXCLUDE:E1,,EXCLUDE:E1,passes agree,EXCLUDE:E1,,,,,False,,,,,,,False,,,EXCLUDE:E1
S04504,10.14356/hptf.14115,AGREED_EXCLUDE,EXCLUDE:E3,passes agree,EXCLUDE:E3,,EXCLUDE:E3,passes agree,EXCLUDE:E3,,EXCLUDE:E3,passes agree,EXCLUDE:E3,,S04504,,,False,,,,,,,False,,,EXCLUDE:E3
S04505,10.1002/adma.201700874,AGREED_EXCLUDE,EXCLUDE:E4,passes agree,EXCLUDE:E4,,EXCLUDE:E4,passes agree,EXCLUDE:E4,,EXCLUDE:E4,v5 read,EXCLUDE:E4,,S04505,,,False,journal,,,,,,False,,,EXCLUDE:E4
S04515,10.1149/2.0061710jes,AGREED_EXCLUDE,EXCLUDE:E3,v3 sensitivity read,EXCLUDE:E3,,EXCLUDE:E3,v4 sensitivity read,EXCLUDE:E3,,EXCLUDE:E3,v5 passes,EXCLUDE:E3,,S04515,,,False,journal,,,,,,False,,,EXCLUDE:E3
S04519,10.1021/acscatal.7b03787,AGREED_EXCLUDE,EXCLUDE:E3,passes agree,EXCLUDE:E3,,EXCLUDE:E3,passes agree,EXCLUDE:E3,,EXCLUDE:E3,passes agree,EXCLUDE:E3,,S04519,,,False,,,,,,,False,,,EXCLUDE:E3
S04552,10.1021/acs.jpcc.7b03844,AGREED_EXCLUDE,EXCLUDE:E3,passes agree,EXCLUDE:E3,,EXCLUDE:E3,passes agree,EXCLUDE:E3,,EXCLUDE:E3,passes agree,EXCLUDE:E3,,S04552,,,False,,,,,,,False,,,EXCLUDE:E3
S04596,10.1038/s41598-017-04079-9,AGREED_EXCLUDE,EXCLUDE:E3,passes agree,EXCLUDE:E3,,EXCLUDE:E3,passes agree,EXCLUDE:E3,,EXCLUDE:E3,passes agree,EXCLUDE:E3,,S04596,,,False,,,,,,,False,,,EXCLUDE:E3
S04612,10.1007/s12678-017-0394-6,AGREED_EXCLUDE,EXCLUDE:E3,passes agree,EXCLUDE:E3,,EXCLUDE:E3,passes agree,EXCLUDE:E3,,EXCLUDE:E3,passes agree,EXCLUDE:E3,,S04612,,,False,,,,,,,False,,,EXCLUDE:E3
S04648,10.48550/arxiv.1707.03031,AGREED_EXCLUDE,EXCLUDE:E3,passes agree,EXCLUDE:E3,,EXCLUDE:E3,passes agree,EXCLUDE:E3,,EXCLUDE:E3,v5 read,EXCLUDE:E3,,,,,False,preprint,,,,,,False,,,EXCLUDE:E3
S04653,10.3303/cet1757274,AGREED_EXCLUDE,EXCLUDE:E3,passes agree,EXCLUDE:E3,,EXCLUDE:E3,passes agree,EXCLUDE:E3,,EXCLUDE:E3,passes agree,EXCLUDE:E3,,S04653,,,False,,,,,,,False,,,EXCLUDE:E3
S04669,10.1002/aenm.201700544,AGREED_EXCLUDE,EXCLUDE:E1,passes agree,EXCLUDE:E1,,EXCLUDE:E1,passes agree,EXCLUDE:E1,,EXCLUDE:E1,passes agree,EXCLUDE:E1,,S04669,,,False,,,,,,,False,,,EXCLUDE:E1
S04700,10.5772/intechopen.68976,AGREED_EXCLUDE,EXCLUDE:E1,passes agree,EXCLUDE:E1,,EXCLUDE:E1,passes agree,EXCLUDE:E1,,EXCLUDE:E1,passes agree,EXCLUDE:E1,,,,,False,,,,,,,False,,,EXCLUDE:E1
S04738,10.1021/acs.jpcc.7b04242,AGREED_EXCLUDE,EXCLUDE:E3,passes agree,EXCLUDE:E3,,EXCLUDE:E3,v4 read,EXCLUDE:E3,,EXCLUDE:E3,v5 read,EXCLUDE:E3,,S04738,,,True,journal,,,,,,False,,,EXCLUDE:E3
S04739,10.1038/s41598-017-07259-9,AGREED_EXCLUDE,EXCLUDE:E3,passes agree,EXCLUDE:E3,,EXCLUDE:E3,passes agree,EXCLUDE:E3,,EXCLUDE:E3,passes agree,EXCLUDE:E3,,S04739,,,False,,,,,,,False,,,EXCLUDE:E3
S04757,10.1021/acs.jpcc.7b03481,THIRD_READ,ELIGIBLE,third read,ELIGIBLE,,ELIGIBLE,v4 read,ELIGIBLE,,ELIGIBLE,v5 read,ELIGIBLE,,S04757,graphical,,True,journal,graphical,scaling,,,,False,,,ELIGIBLE
S04764,10.1149/ma2011-02/41/2433,AGREED_EXCLUDE,EXCLUDE:E1,passes agree,EXCLUDE:E1,,EXCLUDE:E1,passes agree,EXCLUDE:E1,,EXCLUDE:E1,passes agree,EXCLUDE:E1,,,,,False,,,,,,,False,,,EXCLUDE:E1
S04767,10.1021/jacs.7b05121,AGREED_EXCLUDE,EXCLUDE:E3,passes agree,EXCLUDE:E3,,EXCLUDE:E3,v4 read,EXCLUDE:E3,,EXCLUDE:E6,SI read: passes agree,EXCLUDE:E6,,S04767,,,True,journal,,,,,,False,,agreed,NEEDS_SI
S04769,10.1063/1.4992004,AGREED_EXCLUDE,EXCLUDE:E3,passes agree,EXCLUDE:E3,,EXCLUDE:E3,passes agree,EXCLUDE:E3,,EXCLUDE:E3,passes agree,EXCLUDE:E3,,S04769,,,False,,,,,,,False,,,EXCLUDE:E3
S04778,10.1002/celc.201700687,AGREED_EXCLUDE,EXCLUDE:E3,passes agree,EXCLUDE:E3,,EXCLUDE:E3,v4 read,EXCLUDE:E3,,EXCLUDE:E3,v5 read,EXCLUDE:E3,,S04778,,reanalysis,False,journal,,,,reanalysis,own,False,,,EXCLUDE:E3
S04783,10.1007/s10853-017-1447-1,AGREED_EXCLUDE,EXCLUDE:E3,passes agree,EXCLUDE:E3,,EXCLUDE:E3,passes agree,EXCLUDE:E3,,EXCLUDE:E3,passes agree,EXCLUDE:E3,,S04783,,,False,,,,,,,False,,,EXCLUDE:E3
S04795,10.1021/acs.jpcc.7b05928,AGREED_EXCLUDE,EXCLUDE:E3,passes agree,EXCLUDE:E3,,EXCLUDE:E3,passes agree,EXCLUDE:E3,,EXCLUDE:E3,passes agree,EXCLUDE:E3,,S04795,,,False,,,,,,,False,,,EXCLUDE:E3
S04823,10.1021/jacs.7b08071,AGREED_EXCLUDE,EXCLUDE:E3,passes agree,EXCLUDE:E3,,EXCLUDE:E3,passes agree,EXCLUDE:E3,,EXCLUDE:E3,passes agree,EXCLUDE:E3,,S04823,,,False,,,,,,,False,,,EXCLUDE:E3
S04830,10.1039/c7ra06534e,AGREED_EXCLUDE,EXCLUDE:E3,passes agree,EXCLUDE:E3,,EXCLUDE:E3,passes agree,EXCLUDE:E3,,EXCLUDE:E3,passes agree,EXCLUDE:E3,,S04830,,,False,,,,,,,False,,,EXCLUDE:E3
S04834,10.1038/s41598-017-10331-z,AGREED_EXCLUDE,EXCLUDE:E3,passes agree,EXCLUDE:E3,,EXCLUDE:E3,passes agree,EXCLUDE:E3,,EXCLUDE:E3,v5 read,EXCLUDE:E3,,S04834,,,False,journal,,,,,,False,,,EXCLUDE:E3
S04850,10.1021/acs.jpcc.7b06566,AGREED_EXCLUDE,EXCLUDE:E3,passes agree,EXCLUDE:E3,,EXCLUDE:E3,passes agree,EXCLUDE:E3,,EXCLUDE:E3,v5 read,EXCLUDE:E3,,S04850,,,False,journal,,,,,,False,,,EXCLUDE:E3
S04865,10.1007/s12678-017-0417-3,AGREED_EXCLUDE,EXCLUDE:E1,passes agree,EXCLUDE:E1,,EXCLUDE:E1,passes agree,EXCLUDE:E1,,EXCLUDE:E1,passes agree,EXCLUDE:E1,,S04865,,,False,,,,,,,False,,,EXCLUDE:E1
S04888,10.1186/s11671-017-2278-3,AGREED_EXCLUDE,EXCLUDE:E3,passes agree,EXCLUDE:E3,,EXCLUDE:E3,passes agree,EXCLUDE:E3,,EXCLUDE:E3,passes agree,EXCLUDE:E3,,S04888,,,False,,,,,,,False,,,EXCLUDE:E3
S04912,10.1038/s41467-017-00585-6,AGREED_EXCLUDE,EXCLUDE:E3,passes agree,EXCLUDE:E3,,EXCLUDE:E3,passes agree,EXCLUDE:E3,,EXCLUDE:E4,SI read: passes agree,EXCLUDE:E4,,S04912,,,False,journal,,,,,,False,,agreed,EXCLUDE:E5
S04940,10.1016/j.apsusc.2017.09.169,AGREED_EXCLUDE,EXCLUDE:E3,passes agree,EXCLUDE:E3,,EXCLUDE:E3,passes agree,EXCLUDE:E3,,EXCLUDE:E3,passes agree,EXCLUDE:E3,,S04940,,,False,,,,,,,False,,,EXCLUDE:E3
S04951,10.1021/acssuschemeng.7b02379,AGREED_EXCLUDE,EXCLUDE:E3,passes agree,EXCLUDE:E3,,EXCLUDE:E3,passes agree,EXCLUDE:E3,,EXCLUDE:E3,v5 read,EXCLUDE:E3,,S04951,,,False,journal,,,,,,False,,,EXCLUDE:E3
S04956,10.1002/cssc.201701291,AGREED_EXCLUDE,EXCLUDE:E3,passes agree,EXCLUDE:E3,,EXCLUDE:E3,passes agree,EXCLUDE:E3,,EXCLUDE:E3,v5 read,EXCLUDE:E3,,S04956,,,False,journal,,,,,,False,,,EXCLUDE:E3
S04977,10.1093/nsr/nwx119,AGREED_EXCLUDE,EXCLUDE:E1,passes agree,EXCLUDE:E1,,EXCLUDE:E1,passes agree,EXCLUDE:E1,,EXCLUDE:E1,passes agree,EXCLUDE:E1,,S04977,,,False,,,,,,,False,,,EXCLUDE:E1
S04981,10.3390/nano7110382,AGREED_EXCLUDE,EXCLUDE:E1,passes agree,EXCLUDE:E1,,EXCLUDE:E1,passes agree,EXCLUDE:E1,,EXCLUDE:E1,passes agree,EXCLUDE:E1,,S04981,,,False,,,,,,,False,,,EXCLUDE:E1
S04982,10.1016/j.coelec.2017.09.012,AGREED_EXCLUDE,EXCLUDE:E1,passes agree,EXCLUDE:E1,,EXCLUDE:E1,passes agree,EXCLUDE:E1,,EXCLUDE:E1,passes agree,EXCLUDE:E1,,S04982,,,False,,,,,,,False,,,EXCLUDE:E1
S05002,10.1002/adfm.201704083,AGREED_EXCLUDE,EXCLUDE:E3,passes agree,EXCLUDE:E3,,EXCLUDE:E3,passes agree,EXCLUDE:E3,,EXCLUDE:E3,passes agree,EXCLUDE:E3,,S05002,,,False,,,,,,,False,,,EXCLUDE:E3
S05004,10.1021/acs.jpcb.7b06982,AGREED_EXCLUDE,EXCLUDE:E3,passes agree,EXCLUDE:E3,,EXCLUDE:E3,passes agree,EXCLUDE:E3,,EXCLUDE:E6,SI read: third read; SI adjudication 2026-10-02,EXCLUDE:E6,,S05004,,,False,journal,,,,,,False,,third read,NEEDS_SI
S05013,10.1016/j.coelec.2017.10.001,AGREED_EXCLUDE,EXCLUDE:E1,passes agree,EXCLUDE:E1,,EXCLUDE:E1,passes agree,EXCLUDE:E1,,EXCLUDE:E1,v5 read,EXCLUDE:E1,,S05013,,,False,journal,,,,,,False,,,EXCLUDE:E1
S05043,10.1016/j.jelechem.2017.10.062,NEEDS_SI,NEEDS_SI,passes,NEEDS_SI,,NEEDS_SI,v4 read,NEEDS_SI,,NEEDS_SI,v5 read; v5 triage A,NEEDS_SI,,S05043,,,True,journal,,,,,,True,,,NEEDS_SI
S05049,10.1021/acssuschemeng.7b02845,THIRD_READ,EXCLUDE:E3,third read,EXCLUDE:E3,,EXCLUDE:E3,third read,EXCLUDE:E3,,EXCLUDE:E3,third read,EXCLUDE:E3,,S05049,,,False,,,,,,,False,,,EXCLUDE:E3
S05053,10.1016/j.elecom.2017.10.011,AGREED_EXCLUDE,EXCLUDE:E3,passes agree,EXCLUDE:E3,,EXCLUDE:E3,passes agree,EXCLUDE:E3,,EXCLUDE:E3,passes agree,EXCLUDE:E3,,S05053,,,False,,,,,,,False,,,EXCLUDE:E3
S05081,10.5075/epfl-thesis-7975,THIRD_READ,EXCLUDE:E1,third read,EXCLUDE:E1,,EXCLUDE:E1,third read,EXCLUDE:E1,,EXCLUDE:E1,third read,EXCLUDE:E1,,,,,False,,,,,,,False,,,EXCLUDE:E1
S05094,10.1021/acs.jpcb.7b07047,AGREED_EXCLUDE,EXCLUDE:E3,passes agree,EXCLUDE:E3,,EXCLUDE:E3,passes agree,EXCLUDE:E3,,EXCLUDE:E3,v5 read,EXCLUDE:E3,,S05094,,,False,journal,,,,,,False,,,EXCLUDE:E3
S05097,10.1038/s41598-017-14463-0,AGREED_EXCLUDE,EXCLUDE:E3,passes agree,EXCLUDE:E3,,EXCLUDE:E3,passes agree,EXCLUDE:E3,,EXCLUDE:E3,passes agree,EXCLUDE:E3,,S05097,,,False,,,,,,,False,,,EXCLUDE:E3
S05103,10.3390/en10111748,AGREED_EXCLUDE,EXCLUDE:E1,passes agree,EXCLUDE:E1,,EXCLUDE:E1,passes agree,EXCLUDE:E1,,EXCLUDE:E1,passes agree,EXCLUDE:E1,,S05103,,,False,,,,,,,False,,,EXCLUDE:E1
S05107,10.1088/1361-648x/aa9725,AGREED_EXCLUDE,EXCLUDE:E1,passes agree,EXCLUDE:E1,,EXCLUDE:E1,passes agree,EXCLUDE:E1,,EXCLUDE:E1,passes agree,EXCLUDE:E1,,S05107,,,False,,,,,,,False,,,EXCLUDE:E1
S05136,10.1002/smll.201702353,THIRD_READ,EXCLUDE:E3,third read,EXCLUDE:E3,,EXCLUDE:E3,third read,EXCLUDE:E3,,EXCLUDE:E3,third read,EXCLUDE:E3,,S05136,,,False,,,,,,,False,,,EXCLUDE:E3
S05141,10.1038/s41929-017-0001-5,AGREED_EXCLUDE,EXCLUDE:E3,passes agree,EXCLUDE:E3,,EXCLUDE:E3,passes agree,EXCLUDE:E3,,EXCLUDE:E3,passes agree,EXCLUDE:E3,,S05141,,,False,,,,,,,False,,,EXCLUDE:E3
S05155,10.1039/c7ee02307c,NEEDS_SI,NEEDS_SI,passes,NEEDS_SI,,UNRESOLVED,v4 read,NEEDS_SI,dated,UNRESOLVED,v5 read,NEEDS_SI,dated,S05155,,,True,journal,,,,,,False,,,NEEDS_SI
S05168,10.1002/adfm.201704796,AGREED_EXCLUDE,EXCLUDE:E3,passes agree,EXCLUDE:E3,,EXCLUDE:E3,passes agree,EXCLUDE:E3,,EXCLUDE:E3,passes agree,EXCLUDE:E3,,S05168,,,False,,,,,,,False,,,EXCLUDE:E3
S05193,10.1021/acsami.7b12775,AGREED_EXCLUDE,EXCLUDE:E3,passes agree,EXCLUDE:E3,,EXCLUDE:E3,passes agree,EXCLUDE:E3,,EXCLUDE:E3,passes agree,EXCLUDE:E3,,S05193,,,False,,,,,,,False,,,EXCLUDE:E3
S05205,10.1038/nchem.2886,AGREED_EXCLUDE,EXCLUDE:E3,passes agree,EXCLUDE:E3,,EXCLUDE:E3,v4 read,EXCLUDE:E3,,EXCLUDE:E3,v5 read,EXCLUDE:E3,,S05205,,,False,journal,,,,,,False,,,EXCLUDE:E3
S05221,10.1038/s41598-017-17036-3,AGREED_EXCLUDE,EXCLUDE:E3,passes agree,EXCLUDE:E3,,EXCLUDE:E3,passes agree,EXCLUDE:E3,,EXCLUDE:E3,passes agree,EXCLUDE:E3,,S05221,,,False,,,,,,,False,,,EXCLUDE:E3
S05222,10.5796/electrochemistry.85.779,AGREED_EXCLUDE,EXCLUDE:E3,passes agree,EXCLUDE:E3,,EXCLUDE:E3,passes agree,EXCLUDE:E3,,EXCLUDE:E3,passes agree,EXCLUDE:E3,,S05222,,,False,,,,,,,False,,,EXCLUDE:E3
S05227,10.1016/j.apcatb.2017.12.037,AGREED_EXCLUDE,EXCLUDE:E1,passes agree,EXCLUDE:E1,,EXCLUDE:E1,passes agree,EXCLUDE:E1,,EXCLUDE:E1,passes agree,EXCLUDE:E1,,S05227,,,False,,,,,,,False,,,EXCLUDE:E1
S05229,10.1007/s40820-017-0176-y,AGREED_EXCLUDE,EXCLUDE:E1,passes agree,EXCLUDE:E1,,EXCLUDE:E1,passes agree,EXCLUDE:E1,,EXCLUDE:E1,passes agree,EXCLUDE:E1,,S05229,,,False,,,,,,,False,,,EXCLUDE:E1
S05235,10.1002/cssc.201701659,AGREED_EXCLUDE,EXCLUDE:E4,passes agree,EXCLUDE:E4,,EXCLUDE:E4,v4 read,EXCLUDE:E4,,EXCLUDE:E4,v5 read,EXCLUDE:E4,,S05235,,,False,journal,,,,,,False,,,EXCLUDE:E4
S05243,10.1002/anie.201709652,AGREED_EXCLUDE,EXCLUDE:E3,passes agree,EXCLUDE:E3,,EXCLUDE:E3,passes agree,EXCLUDE:E3,,EXCLUDE:E3,passes agree,EXCLUDE:E3,,S05243,,,False,,,,,,,False,,,EXCLUDE:E3
S05296,,AGREED_EXCLUDE,EXCLUDE:E1,passes agree,EXCLUDE:E1,,EXCLUDE:E1,passes agree,EXCLUDE:E1,,EXCLUDE:E1,passes agree,EXCLUDE:E1,,,,,False,,,,,,,False,,,EXCLUDE:E1
S05300,,AGREED_EXCLUDE,EXCLUDE:E1,passes agree,EXCLUDE:E1,,EXCLUDE:E1,passes agree,EXCLUDE:E1,,EXCLUDE:E1,passes agree,EXCLUDE:E1,,,,,False,,,,,,,False,,,EXCLUDE:E1
S05320,,RERETRIEVE,,no readable text,no readable text,,,no readable text,no readable text,,,no readable text,no readable text,,,,,False,,,,,,,False,,,no readable text
S05334,10.1016/j.electacta.2017.12.116,AGREED_EXCLUDE,EXCLUDE:E1,passes agree,EXCLUDE:E1,,EXCLUDE:E1,passes agree,EXCLUDE:E1,,EXCLUDE:E1,passes agree,EXCLUDE:E1,,S05334,,,False,,,,,,,False,,,EXCLUDE:E1
S05342,,AGREED_EXCLUDE,EXCLUDE:E3,passes agree,EXCLUDE:E3,,EXCLUDE:E3,passes agree,EXCLUDE:E3,,EXCLUDE:E3,passes agree,EXCLUDE:E3,,,,,False,,,,,,,False,,,EXCLUDE:E3
S05352,,AGREED_EXCLUDE,EXCLUDE:E1,passes agree,EXCLUDE:E1,,EXCLUDE:E1,passes agree,EXCLUDE:E1,,EXCLUDE:E1,passes agree,EXCLUDE:E1,,,,,False,,,,,,,False,,,EXCLUDE:E1
S05354,10.1002/cptc.201700210,AGREED_EXCLUDE,EXCLUDE:E3,passes agree,EXCLUDE:E3,,EXCLUDE:E3,passes agree,EXCLUDE:E3,,EXCLUDE:E3,passes agree,EXCLUDE:E3,,S05354,,,False,,,,,,,False,,,EXCLUDE:E3
S05371,10.1016/j.electacta.2018.01.005,AGREED_EXCLUDE,EXCLUDE:E3,passes agree,EXCLUDE:E3,,EXCLUDE:E3,passes agree,EXCLUDE:E3,,EXCLUDE:E3,v5 read,EXCLUDE:E3,,S05371,,,False,journal,,,,,,False,,,EXCLUDE:E3
S05413,10.1021/acsomega.7b01965,AGREED_EXCLUDE,EXCLUDE:E3,passes agree,EXCLUDE:E3,,EXCLUDE:E3,passes agree,EXCLUDE:E3,,EXCLUDE:E3,passes agree,EXCLUDE:E3,,S05413,,,False,,,,,,,False,,,EXCLUDE:E3
S05414,10.1016/j.electacta.2018.01.040,AGREED_EXCLUDE,EXCLUDE:E3,passes agree,EXCLUDE:E3,,EXCLUDE:E3,passes agree,EXCLUDE:E3,,EXCLUDE:E3,passes agree,EXCLUDE:E3,,S05414,,,False,,,,,,,False,,,EXCLUDE:E3
S05465,10.1021/acscatal.7b03437,AGREED_EXCLUDE,EXCLUDE:E1,passes agree,EXCLUDE:E1,,EXCLUDE:E1,passes agree,EXCLUDE:E1,,EXCLUDE:E1,passes agree,EXCLUDE:E1,,S05465,,,False,,,,,,,False,,,EXCLUDE:E1
S05477,10.1149/08512.0201ecst,THIRD_READ,ELIGIBLE,v3 sensitivity read,EXCLUDE:E1,D3,ELIGIBLE,v4 sensitivity read,EXCLUDE:E1,D3,UNRESOLVED,third read (v5),EXCLUDE:E1,D3,,numeric,,False,other,numeric,direct,,,,False,,,EXCLUDE:E1
S05480,10.1021/acscatal.7b04410,NEEDS_SI,NEEDS_SI,passes,NEEDS_SI,,UNRESOLVED,v4 read,UNRESOLVED,dated,EXCLUDE:E6,SI read: passes agree,EXCLUDE:E6,,S05480,,,False,journal,,,,,,False,,agreed,UNRESOLVED
S05521,10.1155/2018/1273768,AGREED_EXCLUDE,EXCLUDE:E3,passes agree,EXCLUDE:E3,,EXCLUDE:E3,passes agree,EXCLUDE:E3,,EXCLUDE:E3,passes agree,EXCLUDE:E3,,S05521,,,False,,,,,,,False,,,EXCLUDE:E3
S05524,10.1039/c8sc00555a,THIRD_READ,EXCLUDE:E3,third read,EXCLUDE:E3,,EXCLUDE:E3,third read,EXCLUDE:E3,,EXCLUDE:E3,third read,EXCLUDE:E3,,S05524,,,False,,,,,,,False,,,EXCLUDE:E3
S05529,10.1021/acsami.7b18948,AGREED_EXCLUDE,EXCLUDE:E3,passes agree,EXCLUDE:E3,,EXCLUDE:E3,passes agree,EXCLUDE:E3,,EXCLUDE:E3,passes agree,EXCLUDE:E3,,S05529,,,False,,,,,,,False,,,EXCLUDE:E3
S05551,10.1016/j.vacuum.2018.03.049,AGREED_EXCLUDE,EXCLUDE:E3,passes agree,EXCLUDE:E3,,EXCLUDE:E3,passes agree,EXCLUDE:E3,,EXCLUDE:E3,passes agree,EXCLUDE:E3,,S05551,,,False,,,,,,,False,,,EXCLUDE:E3
S05552,10.1021/acsomega.8b00015,AGREED_EXCLUDE,EXCLUDE:E3,passes agree,EXCLUDE:E3,,EXCLUDE:E3,passes agree,EXCLUDE:E3,,EXCLUDE:E3,passes agree,EXCLUDE:E3,,S05552,,,False,,,,,,,False,,,EXCLUDE:E3
S05574,10.1002/adfm.201706319,AGREED_EXCLUDE,EXCLUDE:E3,passes agree,EXCLUDE:E3,,EXCLUDE:E3,passes agree,EXCLUDE:E3,,EXCLUDE:E3,v5 read,EXCLUDE:E3,,S05574,,,False,journal,,,,,,False,,,EXCLUDE:E3
S05596,10.1149/2.0231804jes,AGREED_EXCLUDE,EXCLUDE:E3,passes agree,EXCLUDE:E3,,EXCLUDE:E3,passes agree,EXCLUDE:E3,,EXCLUDE:E3,passes agree,EXCLUDE:E3,,S05596,,,False,,,,,,,False,,,EXCLUDE:E3
S05607,10.1016/j.ensm.2018.01.013,AGREED_EXCLUDE,EXCLUDE:E3,passes agree,EXCLUDE:E3,,EXCLUDE:E3,passes agree,EXCLUDE:E3,,EXCLUDE:E3,v5 read,EXCLUDE:E3,,S05607,,,False,journal,,,,,,False,,,EXCLUDE:E3
S05613,10.1002/smll.201704073,AGREED_EXCLUDE,EXCLUDE:E3,passes agree,EXCLUDE:E3,,EXCLUDE:E3,passes agree,EXCLUDE:E3,,EXCLUDE:E3,passes agree,EXCLUDE:E3,,S05613,,,False,,,,,,,False,,,EXCLUDE:E3
S05627,10.1021/acssuschemeng.7b04266,THIRD_READ,EXCLUDE:E3,third read,EXCLUDE:E3,,EXCLUDE:E3,third read,EXCLUDE:E3,,EXCLUDE:E3,third read,EXCLUDE:E3,,S05627,,,False,,,,,,,False,,,EXCLUDE:E3
S05634,10.1021/acscatal.8b00248,AGREED_EXCLUDE,EXCLUDE:E1,passes agree,EXCLUDE:E1,,EXCLUDE:E1,passes agree,EXCLUDE:E1,,EXCLUDE:E3,v5 read,EXCLUDE:E3,,S05634,,,False,journal,,,,,,False,,,EXCLUDE:E3
S05669,10.1016/j.cej.2018.01.069,AGREED_EXCLUDE,EXCLUDE:E1,passes agree,EXCLUDE:E1,,EXCLUDE:E1,passes agree,EXCLUDE:E1,,EXCLUDE:E1,passes agree,EXCLUDE:E1,,S05669,,,False,,,,,,,False,,,EXCLUDE:E1
S05693,10.1149/08511.0027ecst,AGREED_EXCLUDE,EXCLUDE:E3,passes agree,EXCLUDE:E3,,EXCLUDE:E3,passes agree,EXCLUDE:E3,,EXCLUDE:E3,passes agree,EXCLUDE:E3,,,,,False,,,,,,,False,,,EXCLUDE:E3
S05716,10.3390/catal8040138,AGREED_EXCLUDE,EXCLUDE:E1,passes agree,EXCLUDE:E1,,EXCLUDE:E1,passes agree,EXCLUDE:E1,,EXCLUDE:E1,passes agree,EXCLUDE:E1,,S05716,,,False,,,,,,,False,,,EXCLUDE:E1
S05718,10.1038/s41929-018-0043-3,AGREED_EXCLUDE,EXCLUDE:E3,passes agree,EXCLUDE:E3,,EXCLUDE:E3,passes agree,EXCLUDE:E3,,EXCLUDE:E3,passes agree,EXCLUDE:E3,,S05718,,,False,,,,,,,False,,,EXCLUDE:E3
S05720,10.48550/arxiv.1803.10492,AGREED_EXCLUDE,EXCLUDE:E3,passes agree,EXCLUDE:E3,,EXCLUDE:E3,passes agree,EXCLUDE:E3,,EXCLUDE:E3,v5 read,EXCLUDE:E3,,,,,False,journal,,,,,,False,,,EXCLUDE:E3
S05735,10.1021/acscatal.8b01432,AGREED_EXCLUDE,EXCLUDE:E3,passes agree,EXCLUDE:E3,,EXCLUDE:E6,v4 read,EXCLUDE:E6,,EXCLUDE:E3,v5 read,EXCLUDE:E3,,S05735,,,False,preprint,,,,,,False,,,EXCLUDE:E3
S05777,10.1038/s41929-018-0055-z,NEEDS_SI,NEEDS_SI,passes,NEEDS_SI,,NEEDS_SI,v4 read,NEEDS_SI,,EXCLUDE:E6,SI read: passes agree,EXCLUDE:E6,,S05777,,,True,journal,,,,,,False,,agreed,NEEDS_SI
S05782,10.1039/c8ra00603b,AGREED_EXCLUDE,EXCLUDE:E1,passes agree,EXCLUDE:E1,,EXCLUDE:E1,passes agree,EXCLUDE:E1,,EXCLUDE:E1,passes agree,EXCLUDE:E1,,S05782,,,False,,,,,,,False,,,EXCLUDE:E1
S05783,10.1007/s40843-018-9240-y,AGREED_EXCLUDE,EXCLUDE:E1,passes agree,EXCLUDE:E1,,EXCLUDE:E1,passes agree,EXCLUDE:E1,,EXCLUDE:E1,passes agree,EXCLUDE:E1,,S05783,,,False,,,,,,,False,,,EXCLUDE:E1
S05793,10.1021/acscatal.7b04340,AGREED_EXCLUDE,EXCLUDE:E3,passes agree,EXCLUDE:E3,,EXCLUDE:E3,v4 read,EXCLUDE:E3,,EXCLUDE:E3,v5 read,EXCLUDE:E3,,S05793,,,False,journal,,,,,,False,,,EXCLUDE:E3
S05804,10.1038/s41467-018-04248-y,AGREED_EXCLUDE,EXCLUDE:E3,passes agree,EXCLUDE:E3,,EXCLUDE:E3,passes agree,EXCLUDE:E3,,EXCLUDE:E4,v5 read,EXCLUDE:E4,,S05804,,,False,journal,,,,,,False,,,EXCLUDE:E4
S05811,10.1016/j.jpowsour.2018.04.065,AGREED_EXCLUDE,EXCLUDE:E3,passes agree,EXCLUDE:E3,,EXCLUDE:E3,v4 read,EXCLUDE:E3,,EXCLUDE:E3,v4 read,EXCLUDE:E3,,S05811,,,False,,,,,,,False,,,EXCLUDE:E3
S05818,10.1021/acs.jpcc.8b01318,AGREED_EXCLUDE,EXCLUDE:E4,passes agree,EXCLUDE:E4,,EXCLUDE:E4,passes agree,EXCLUDE:E4,,EXCLUDE:E4,v5 read,EXCLUDE:E4,,S05818,,,False,journal,,,,,,False,,,EXCLUDE:E4
S05824,10.1007/s40843-018-9281-x,AGREED_EXCLUDE,EXCLUDE:E1,passes agree,EXCLUDE:E1,,EXCLUDE:E1,passes agree,EXCLUDE:E1,,EXCLUDE:E1,passes agree,EXCLUDE:E1,,S05824,,,False,,,,,,,False,,,EXCLUDE:E1
S05855,10.1016/j.nanoen.2018.04.009,AGREED_EXCLUDE,EXCLUDE:E4,passes agree,EXCLUDE:E4,,EXCLUDE:E4,passes agree,EXCLUDE:E4,,EXCLUDE:E4,v5 read,EXCLUDE:E4,,S05855,,,False,journal,,,,,,False,,,EXCLUDE:E4
S05860,10.1021/acs.chemrev.7b00286,AGREED_EXCLUDE,EXCLUDE:E1,passes agree,EXCLUDE:E1,,EXCLUDE:E1,passes agree,EXCLUDE:E1,,EXCLUDE:E1,passes agree,EXCLUDE:E1,,S05860,,,False,,,,,,,False,,,EXCLUDE:E1
S05863,10.1002/advs.201800036,AGREED_EXCLUDE,EXCLUDE:E3,passes agree,EXCLUDE:E3,,EXCLUDE:E3,passes agree,EXCLUDE:E3,,EXCLUDE:E3,passes agree,EXCLUDE:E3,,S05863,,,False,,,,,,,False,,,EXCLUDE:E3
S05865,10.1039/c8cc02008f,AGREED_EXCLUDE,EXCLUDE:E3,passes agree,EXCLUDE:E3,,EXCLUDE:E3,passes agree,EXCLUDE:E3,,EXCLUDE:E3,passes agree,EXCLUDE:E3,,S05865,,,False,,,,,,,False,,,EXCLUDE:E3
S05906,10.1016/j.nantod.2018.04.002,AGREED_EXCLUDE,EXCLUDE:E1,passes agree,EXCLUDE:E1,,EXCLUDE:E1,passes agree,EXCLUDE:E1,,EXCLUDE:E1,passes agree,EXCLUDE:E1,,S05906,,,False,,,,,,,False,,,EXCLUDE:E1
S05915,10.1021/acs.jpclett.8b00810,THIRD_READ,EXCLUDE:E3,third read,EXCLUDE:E3,,UNRESOLVED,v4 read,NEEDS_SI,dated,EXCLUDE:E6,SI read: passes agree,EXCLUDE:E6,,S05915,,,True,journal,,,,,,False,,agreed,NEEDS_SI
S05928,10.1039/c8cc01736k,AGREED_EXCLUDE,EXCLUDE:E3,passes agree,EXCLUDE:E3,,EXCLUDE:E3,passes agree,EXCLUDE:E3,,EXCLUDE:E3,passes agree,EXCLUDE:E3,,S05928,,,False,,,,,,,False,,,EXCLUDE:E3
S05935,10.1039/c8se00191j,AGREED_EXCLUDE,EXCLUDE:E3,passes agree,EXCLUDE:E3,,EXCLUDE:E3,passes agree,EXCLUDE:E3,,EXCLUDE:E3,passes agree,EXCLUDE:E3,,S05935,,,False,,,,,,,False,,,EXCLUDE:E3
S05938,10.1002/adfm.201801573,AGREED_EXCLUDE,EXCLUDE:E3,passes agree,EXCLUDE:E3,,EXCLUDE:E3,passes agree,EXCLUDE:E3,,EXCLUDE:E3,passes agree,EXCLUDE:E3,,S05938,,,False,,,,,,,False,,,EXCLUDE:E3
S05941,10.4191/kcers.2018.55.3.08,AGREED_EXCLUDE,EXCLUDE:E1,passes agree,EXCLUDE:E1,,EXCLUDE:E1,passes agree,EXCLUDE:E1,,EXCLUDE:E1,passes agree,EXCLUDE:E1,,S05941,,,False,,,,,,,False,,,EXCLUDE:E1
S05943,,THIRD_READ,EXCLUDE:E1,third read,EXCLUDE:E1,,EXCLUDE:E1,third read,EXCLUDE:E1,,EXCLUDE:E1,third read,EXCLUDE:E1,,,,,False,,,,,,,False,,,EXCLUDE:E1
S05972,,AGREED_EXCLUDE,EXCLUDE:E1,passes agree,EXCLUDE:E1,,EXCLUDE:E1,passes agree,EXCLUDE:E1,,EXCLUDE:E1,passes agree,EXCLUDE:E1,,S05972,,,False,,,,,,,False,,,EXCLUDE:E1
S05992,10.1021/acs.jpcc.8b03874,AGREED_EXCLUDE,EXCLUDE:E3,passes agree,EXCLUDE:E3,,EXCLUDE:E3,passes agree,EXCLUDE:E3,,EXCLUDE:E3,passes agree,EXCLUDE:E3,,S05992,,,False,,,,,,,False,,,EXCLUDE:E3
S06018,10.1038/s41467-018-04682-y,AGREED_EXCLUDE,EXCLUDE:E4,passes agree,EXCLUDE:E4,,EXCLUDE:E4,passes agree,EXCLUDE:E4,,EXCLUDE:E3,v5 read,EXCLUDE:E3,,S06018,,,False,journal,,,,,,False,,,EXCLUDE:E3
S06019,10.1021/acscatal.8b01120,THIRD_READ,ELIGIBLE,third read,ELIGIBLE,,ELIGIBLE,v4 read,ELIGIBLE,,ELIGIBLE,v5 read,ELIGIBLE,,S06019,numeric,,False,journal,numeric,direct,,,,False,,,ELIGIBLE
S06041,10.3390/nano8060432,AGREED_EXCLUDE,EXCLUDE:E3,passes agree,EXCLUDE:E3,,EXCLUDE:E3,passes agree,EXCLUDE:E3,,EXCLUDE:E3,passes agree,EXCLUDE:E3,,S06041,,,False,,,,,,,False,,,EXCLUDE:E3
S06063,10.1002/advs.201800575,AGREED_EXCLUDE,EXCLUDE:E3,passes agree,EXCLUDE:E3,,EXCLUDE:E3,passes agree,EXCLUDE:E3,,EXCLUDE:E3,passes agree,EXCLUDE:E3,,S06063,,,False,,,,,,,False,,,EXCLUDE:E3
S06091,10.14279/depositonce-7208,THIRD_READ,EXCLUDE:E1,third read,EXCLUDE:E1,,EXCLUDE:E1,third read,EXCLUDE:E1,,EXCLUDE:E1,third read,EXCLUDE:E1,,,,,False,,,,,,,False,,,EXCLUDE:E1
S06142,10.3389/fchem.2018.00263,AGREED_EXCLUDE,EXCLUDE:E3,passes agree,EXCLUDE:E3,,EXCLUDE:E3,passes agree,EXCLUDE:E3,,EXCLUDE:E3,passes agree,EXCLUDE:E3,,S06142,,,False,,,,,,,False,,,EXCLUDE:E3
S06187,10.1021/acs.nanolett.8b02559,AGREED_EXCLUDE,EXCLUDE:E3,passes agree,EXCLUDE:E3,,EXCLUDE:E3,passes agree,EXCLUDE:E3,,EXCLUDE:E3,passes agree,EXCLUDE:E3,,S06187,,,False,,,,,,,False,,,EXCLUDE:E3
S06189,10.1038/s41427-018-0063-0,THIRD_READ,EXCLUDE:E3,third read,EXCLUDE:E3,,EXCLUDE:E3,third read,EXCLUDE:E3,,EXCLUDE:E3,v5 read,EXCLUDE:E3,,S06189,,,False,journal,,,,,,False,,,EXCLUDE:E3
S06195,10.1002/advs.201800514,AGREED_EXCLUDE,EXCLUDE:E3,passes agree,EXCLUDE:E3,,EXCLUDE:E3,passes agree,EXCLUDE:E3,,EXCLUDE:E3,passes agree,EXCLUDE:E3,,S06195,,,False,,,,,,,False,,,EXCLUDE:E3
S06198,10.1002/cnma.201800252,AGREED_EXCLUDE,EXCLUDE:E3,passes agree,EXCLUDE:E3,,EXCLUDE:E3,passes agree,EXCLUDE:E3,,EXCLUDE:E3,passes agree,EXCLUDE:E3,,S06198,,,False,,,,,,,False,,,EXCLUDE:E3
S06202,10.1134/s2070205118040196,AGREED_EXCLUDE,EXCLUDE:E3,passes agree,EXCLUDE:E3,,EXCLUDE:E3,passes agree,EXCLUDE:E3,,EXCLUDE:E3,passes agree,EXCLUDE:E3,,S06202,,,False,,,,,,,False,,,EXCLUDE:E3
S06211,10.1038/s41427-018-0060-3,THIRD_READ,EXCLUDE:E4,third read,EXCLUDE:E4,,EXCLUDE:E4,third read,EXCLUDE:E4,,EXCLUDE:E4,v5 read,EXCLUDE:E4,,S06211,,,False,journal,,,,,,False,,,EXCLUDE:E4
S06213,10.1007/s41918-018-0014-z,AGREED_EXCLUDE,EXCLUDE:E1,passes agree,EXCLUDE:E1,,EXCLUDE:E1,passes agree,EXCLUDE:E1,,EXCLUDE:E1,passes agree,EXCLUDE:E1,,S06213,,,False,,,,,,,False,,,EXCLUDE:E1
S06224,10.1039/c8cs00336j,AGREED_EXCLUDE,EXCLUDE:E1,passes agree,EXCLUDE:E1,,EXCLUDE:E1,passes agree,EXCLUDE:E1,,EXCLUDE:E1,passes agree,EXCLUDE:E1,,S06224,,,False,,,,,,,False,,,EXCLUDE:E1
S06259,10.1021/acs.jpcc.8b06024,AGREED_EXCLUDE,EXCLUDE:E3,passes agree,EXCLUDE:E3,,EXCLUDE:E3,passes agree,EXCLUDE:E3,,EXCLUDE:E3,v5 read,EXCLUDE:E3,,S06259,,,False,journal,,,,,,False,,,EXCLUDE:E3
S06261,10.3390/ma11081368,AGREED_EXCLUDE,EXCLUDE:E3,passes agree,EXCLUDE:E3,,EXCLUDE:E3,passes agree,EXCLUDE:E3,,EXCLUDE:E3,passes agree,EXCLUDE:E3,,S06261,,,False,,,,,,,False,,,EXCLUDE:E3
S06266,10.1021/acsenergylett.8b01178,AGREED_EXCLUDE,EXCLUDE:E3,passes agree,EXCLUDE:E3,,EXCLUDE:E3,v4 read,EXCLUDE:E3,,EXCLUDE:E3,v5 read,EXCLUDE:E3,,S06266,,,False,journal,,,,,,False,,,EXCLUDE:E3
S06274,10.1002/advs.201800949,AGREED_EXCLUDE,EXCLUDE:E3,passes agree,EXCLUDE:E3,,EXCLUDE:E3,passes agree,EXCLUDE:E3,,EXCLUDE:E3,passes agree,EXCLUDE:E3,,S06274,,,False,,,,,,,False,,,EXCLUDE:E3
S06294,10.1021/acsenergylett.8b01338,NEEDS_SI,NEEDS_SI,passes,NEEDS_SI,,UNRESOLVED,v4 read,NEEDS_SI,dated,EXCLUDE:E6,SI read: passes agree,EXCLUDE:E6,,S06294,,,True,journal,,,,,,False,,agreed,NEEDS_SI
S06299,10.1016/j.electacta.2018.08.056,AGREED_EXCLUDE,EXCLUDE:E3,passes agree,EXCLUDE:E3,,EXCLUDE:E3,passes agree,EXCLUDE:E3,,EXCLUDE:E3,passes agree,EXCLUDE:E3,,S06299,,,False,,,,,,,False,,,EXCLUDE:E3
S06337,10.1002/adfm.201803722,AGREED_EXCLUDE,EXCLUDE:E5,passes agree,EXCLUDE:E5,,EXCLUDE:E5,v4 read,EXCLUDE:E5,,EXCLUDE:E5,v5 read,EXCLUDE:E5,,S06337,,,False,journal,,,,,,False,,,EXCLUDE:E5
S06345,10.1039/c8ra06517a,AGREED_EXCLUDE,EXCLUDE:E1,passes agree,EXCLUDE:E1,,EXCLUDE:E1,passes agree,EXCLUDE:E1,,EXCLUDE:E1,passes agree,EXCLUDE:E1,,S06345,,,False,,,,,,,False,,,EXCLUDE:E1
S06358,10.1021/acssuschemeng.8b01709,AGREED_EXCLUDE,EXCLUDE:E3,passes agree,EXCLUDE:E3,,EXCLUDE:E3,passes agree,EXCLUDE:E3,,EXCLUDE:E3,SI read: passes agree,EXCLUDE:E3,,S06358,,,False,journal,,,,,,False,,agreed,UNRESOLVED
S06362,10.1002/anie.201808825,AGREED_EXCLUDE,EXCLUDE:E3,passes agree,EXCLUDE:E3,,EXCLUDE:E3,passes agree,EXCLUDE:E3,,EXCLUDE:E3,passes agree,EXCLUDE:E3,,S06362,,,False,,,,,,,False,,,EXCLUDE:E3
S06370,10.1016/j.ijhydene.2018.08.034,AGREED_EXCLUDE,EXCLUDE:E3,passes agree,EXCLUDE:E3,,EXCLUDE:E3,passes agree,EXCLUDE:E3,,EXCLUDE:E3,passes agree,EXCLUDE:E3,,S06370,,,False,,,,,,,False,,,EXCLUDE:E3
S06381,10.1149/2.0151815jes,AGREED_EXCLUDE,EXCLUDE:E3,passes agree,EXCLUDE:E3,,EXCLUDE:E3,passes agree,EXCLUDE:E3,,EXCLUDE:E3,passes agree,EXCLUDE:E3,,S06381,,,False,,,,,,,False,,,EXCLUDE:E3
S06389,10.1002/smll.201803009,THIRD_READ,ELIGIBLE,third read,ELIGIBLE,,ELIGIBLE,v4 read,ELIGIBLE,,ELIGIBLE,v5 read,ELIGIBLE,,S06389,equivalent,,False,journal,graphical,scaling,,,,False,,,ELIGIBLE
S06413,10.1088/1361-6528/aadfb7,AGREED_EXCLUDE,EXCLUDE:E3,passes agree,EXCLUDE:E3,,EXCLUDE:E3,passes agree,EXCLUDE:E3,,EXCLUDE:E3,passes agree,EXCLUDE:E3,,S06413,,,False,,,,,,,False,,,EXCLUDE:E3
S06416,10.1016/j.mtener.2018.09.002,AGREED_EXCLUDE,EXCLUDE:E3,passes agree,EXCLUDE:E3,,EXCLUDE:E3,passes agree,EXCLUDE:E3,,EXCLUDE:E3,passes agree,EXCLUDE:E3,,S06416,,,False,,,,,,,False,,,EXCLUDE:E3
S06429,10.1016/j.surfrep.2018.08.001,THIRD_READ,EXCLUDE:E3,third read,EXCLUDE:E3,,EXCLUDE:E3,third read,EXCLUDE:E3,,EXCLUDE:E3,v5 read,EXCLUDE:E3,,S06429,,,False,journal,,,,,,False,,,EXCLUDE:E3
S06431,10.1149/08613.0719ecst,AGREED_EXCLUDE,EXCLUDE:E1,passes agree,EXCLUDE:E1,,EXCLUDE:E1,passes agree,EXCLUDE:E1,,EXCLUDE:E1,passes agree,EXCLUDE:E1,,,,,False,,,,,,,False,,,EXCLUDE:E1
S06440,10.1016/j.ijhydene.2018.08.196,AGREED_EXCLUDE,EXCLUDE:E3,passes agree,EXCLUDE:E3,,EXCLUDE:E3,passes agree,EXCLUDE:E3,,EXCLUDE:E3,passes agree,EXCLUDE:E3,,S06440,,,False,,,,,,,False,,,EXCLUDE:E3
S06441,10.1021/acscatal.8b02171,NEEDS_SI,NEEDS_SI,passes,NEEDS_SI,,NEEDS_SI,v4 read,NEEDS_SI,,EXCLUDE:E6,SI read: third read,EXCLUDE:E6,,S06441,,,True,journal,,,,,,False,,third read,NEEDS_SI
S06443,10.1021/acs.jpcc.8b05412,THIRD_READ,EXCLUDE:E3,third read,EXCLUDE:E3,,EXCLUDE:E3,v4 read,EXCLUDE:E3,,EXCLUDE:E3,v5 read,EXCLUDE:E3,,S06443,,,False,journal,,,,,,False,,,EXCLUDE:E3
S06469,10.3390/catal8100424,AGREED_EXCLUDE,EXCLUDE:E1,passes agree,EXCLUDE:E1,,EXCLUDE:E1,passes agree,EXCLUDE:E1,,EXCLUDE:E1,passes agree,EXCLUDE:E1,,S06469,,,False,,,,,,,False,,,EXCLUDE:E1
S06486,10.1021/acsomega.8b01918,AGREED_EXCLUDE,EXCLUDE:E3,passes agree,EXCLUDE:E3,,EXCLUDE:E3,passes agree,EXCLUDE:E3,,EXCLUDE:E3,passes agree,EXCLUDE:E3,,S06486,,,False,,,,,,,False,,,EXCLUDE:E3
S06493,10.31031/pps.2018.01.000512,AGREED_EXCLUDE,EXCLUDE:E1,passes agree,EXCLUDE:E1,,EXCLUDE:E1,passes agree,EXCLUDE:E1,,EXCLUDE:E1,passes agree,EXCLUDE:E1,,S06493,,,False,,,,,,,False,,,EXCLUDE:E1
S06517,10.1039/c8ta07950a,AGREED_EXCLUDE,EXCLUDE:E3,passes agree,EXCLUDE:E3,,EXCLUDE:E3,passes agree,EXCLUDE:E3,,EXCLUDE:E3,passes agree,EXCLUDE:E3,,S06517,,,False,,,,,,,False,,,EXCLUDE:E3
S06526,10.1007/s12678-018-0487-x,AGREED_EXCLUDE,EXCLUDE:E3,passes agree,EXCLUDE:E3,,EXCLUDE:E3,passes agree,EXCLUDE:E3,,EXCLUDE:E3,passes agree,EXCLUDE:E3,,S06526,,,False,,,,,,,False,,,EXCLUDE:E3
S06533,10.5282/edoc.23009,THIRD_READ,EXCLUDE:E1,third read,EXCLUDE:E1,,EXCLUDE:E1,third read,EXCLUDE:E1,,EXCLUDE:E1,third read,EXCLUDE:E1,,,,,False,,,,,,,False,,,EXCLUDE:E1
S06550,10.1002/adfm.201804357,AGREED_EXCLUDE,EXCLUDE:E3,passes agree,EXCLUDE:E3,,EXCLUDE:E3,passes agree,EXCLUDE:E3,,EXCLUDE:E3,passes agree,EXCLUDE:E3,,S06550,,,False,,,,,,,False,,,EXCLUDE:E3
S06555,10.1007/s11244-018-1061-8,AGREED_EXCLUDE,EXCLUDE:E3,passes agree,EXCLUDE:E3,,EXCLUDE:E3,passes agree,EXCLUDE:E3,,EXCLUDE:E3,passes agree,EXCLUDE:E3,,S06555,,,False,,,,,,,False,,,EXCLUDE:E3
S06566,10.1021/acsomega.8b01957,THIRD_READ,EXCLUDE:E3,third read,EXCLUDE:E3,,EXCLUDE:E3,third read,EXCLUDE:E3,,EXCLUDE:E3,v5 read,EXCLUDE:E3,,S06566,,,False,journal,,,,,,False,,,EXCLUDE:E3
S06582,10.1021/acscatal.8b02689,AGREED_EXCLUDE,EXCLUDE:E3,passes agree,EXCLUDE:E3,,EXCLUDE:E3,v4 read,EXCLUDE:E3,,EXCLUDE:E3,v5 read,EXCLUDE:E3,,S06582,,,False,journal,,,,,,False,,,EXCLUDE:E3
S06586,10.31031/rdms.2018.06.000644,AGREED_EXCLUDE,EXCLUDE:E3,passes agree,EXCLUDE:E3,,EXCLUDE:E3,passes agree,EXCLUDE:E3,,EXCLUDE:E3,passes agree,EXCLUDE:E3,,S06586,,,False,,,,,,,False,,,EXCLUDE:E3
S06601,10.1016/j.nanoen.2018.10.017,AGREED_EXCLUDE,EXCLUDE:E3,passes agree,EXCLUDE:E3,,EXCLUDE:E3,passes agree,EXCLUDE:E3,,EXCLUDE:E3,passes agree,EXCLUDE:E3,,S06601,,,False,,,,,,,False,,,EXCLUDE:E3
S06608,10.1016/j.apcatb.2018.10.024,AGREED_EXCLUDE,EXCLUDE:E3,passes agree,EXCLUDE:E3,,EXCLUDE:E3,passes agree,EXCLUDE:E3,,EXCLUDE:E3,passes agree,EXCLUDE:E3,,S06608,,,False,,,,,,,False,,,EXCLUDE:E3
S06609,10.1002/cctc.201801312,AGREED_EXCLUDE,EXCLUDE:E3,passes agree,EXCLUDE:E3,,EXCLUDE:E3,passes agree,EXCLUDE:E3,,EXCLUDE:E3,passes agree,EXCLUDE:E3,,S06609,,,False,,,,,,,False,,,EXCLUDE:E3
S06629,10.1002/celc.201801143,AGREED_EXCLUDE,EXCLUDE:E3,passes agree,EXCLUDE:E3,,EXCLUDE:E3,passes agree,EXCLUDE:E3,,EXCLUDE:E3,passes agree,EXCLUDE:E3,,S06629,,,False,,,,,,,False,,,EXCLUDE:E3
S06630,10.1002/adma.201805546,AGREED_EXCLUDE,EXCLUDE:E3,passes agree,EXCLUDE:E3,,EXCLUDE:E3,passes agree,EXCLUDE:E3,,EXCLUDE:E3,passes agree,EXCLUDE:E3,,S06630,,,False,,,,,,,False,,,EXCLUDE:E3
S06631,10.1149/2.0701814jes,AGREED_EXCLUDE,EXCLUDE:E3,passes agree,EXCLUDE:E3,,EXCLUDE:E3,passes agree,EXCLUDE:E3,,EXCLUDE:E3,passes agree,EXCLUDE:E3,,S06631,,,False,,,,,,,False,,,EXCLUDE:E3
S06650,10.1021/acscatal.8b02217,AGREED_EXCLUDE,EXCLUDE:E3,passes agree,EXCLUDE:E3,,EXCLUDE:E3,passes agree,EXCLUDE:E3,,EXCLUDE:E3,passes agree,EXCLUDE:E3,,S06650,,,False,,,,,,,False,,,EXCLUDE:E3
S06706,10.1038/s41598-018-35116-w,AGREED_EXCLUDE,EXCLUDE:E3,passes agree,EXCLUDE:E3,,EXCLUDE:E3,passes agree,EXCLUDE:E3,,EXCLUDE:E3,passes agree,EXCLUDE:E3,,S06706,,,False,,,,,,,False,,,EXCLUDE:E3
S06717,10.1002/smll.201804201,AGREED_EXCLUDE,EXCLUDE:E1,passes agree,EXCLUDE:E1,,EXCLUDE:E1,passes agree,EXCLUDE:E1,,EXCLUDE:E1,passes agree,EXCLUDE:E1,,S06717,,,False,,,,,,,False,,,EXCLUDE:E1
S06724,10.20944/preprints201811.0285.v1,AGREED_EXCLUDE,EXCLUDE:E1,passes agree,collapsed into S13677,,EXCLUDE:E1,passes agree,collapsed into S13677,,EXCLUDE:E3,v5 read,collapsed into S13677,,S13677,,,False,preprint,,,,,,False,,,collapsed into S13677
S06748,10.1002/adma.201801430,AGREED_EXCLUDE,EXCLUDE:E1,passes agree,EXCLUDE:E1,,EXCLUDE:E1,passes agree,EXCLUDE:E1,,EXCLUDE:E1,passes agree,EXCLUDE:E1,,S06748,,,False,,,,,,,False,,,EXCLUDE:E1
S06761,10.3389/fchem.2018.00580,AGREED_EXCLUDE,EXCLUDE:E3,passes agree,EXCLUDE:E3,,EXCLUDE:E3,passes agree,EXCLUDE:E3,,EXCLUDE:E3,passes agree,EXCLUDE:E3,,S06761,,,False,,,,,,,False,,,EXCLUDE:E3
S06776,10.1002/admi.201801432,AGREED_EXCLUDE,EXCLUDE:E3,passes agree,EXCLUDE:E3,,EXCLUDE:E3,passes agree,EXCLUDE:E3,,EXCLUDE:E3,passes agree,EXCLUDE:E3,,S06776,,,False,,,,,,,False,,,EXCLUDE:E3
S06778,10.1021/acsomega.8b02565,AGREED_EXCLUDE,EXCLUDE:E1,passes agree,EXCLUDE:E1,,EXCLUDE:E1,passes agree,EXCLUDE:E1,,EXCLUDE:E1,passes agree,EXCLUDE:E1,,S06778,,,False,,,,,,,False,,,EXCLUDE:E1
S06786,10.48550/arxiv.1812.01293,AGREED_EXCLUDE,EXCLUDE:E3,passes agree,EXCLUDE:E3,,EXCLUDE:E3,passes agree,EXCLUDE:E3,,EXCLUDE:E3,v5 read,EXCLUDE:E3,,,,,False,preprint,,,,,,False,,,EXCLUDE:E3
S06787,10.1103/physrevb.98.241101,AGREED_EXCLUDE,EXCLUDE:E3,passes agree,EXCLUDE:E3,,EXCLUDE:E3,passes agree,EXCLUDE:E3,,EXCLUDE:E3,v5 read,EXCLUDE:E3,,S06787,,,False,journal,,,,,,False,,,EXCLUDE:E3
S06790,10.3390/catal8120601,AGREED_EXCLUDE,EXCLUDE:E1,passes agree,EXCLUDE:E1,,EXCLUDE:E1,passes agree,EXCLUDE:E1,,EXCLUDE:E1,passes agree,EXCLUDE:E1,,S06790,,,False,,,,,,,False,,,EXCLUDE:E1
S06794,10.1016/j.mex.2018.11.020,AGREED_EXCLUDE,EXCLUDE:E3,passes agree,EXCLUDE:E3,,EXCLUDE:E3,passes agree,EXCLUDE:E3,,EXCLUDE:E3,passes agree,EXCLUDE:E3,,S06794,,,False,,,,,,,False,,,EXCLUDE:E3
S06820,10.1002/celc.201801632,AGREED_EXCLUDE,EXCLUDE:E3,passes agree,EXCLUDE:E3,,EXCLUDE:E3,passes agree,EXCLUDE:E3,,EXCLUDE:E3,passes agree,EXCLUDE:E3,,S06820,,,False,,,,,,,False,,,EXCLUDE:E3
S06823,10.1038/s41467-018-07678-w,THIRD_READ,ELIGIBLE,third read,ELIGIBLE,,UNRESOLVED,v4 read,UNRESOLVED,,UNRESOLVED,SI read: third read,ELIGIBLE,dated,S06823,numeric,,True,journal,numeric,direct,,,,False,,third read,UNRESOLVED
S06827,10.1021/acs.jpcc.8b09868,AGREED_EXCLUDE,EXCLUDE:E4,passes agree,EXCLUDE:E4,,EXCLUDE:E4,passes agree,EXCLUDE:E4,,UNRESOLVED,v5 read,UNRESOLVED,,S06827,,,False,journal,relative,direct,,,,False,,,UNRESOLVED
S06855,10.1002/adma.201806761,AGREED_EXCLUDE,EXCLUDE:E3,passes agree,EXCLUDE:E3,,EXCLUDE:E3,passes agree,EXCLUDE:E3,,EXCLUDE:E3,v5 read,EXCLUDE:E3,,S06855,,,False,journal,,,,,,False,,,EXCLUDE:E3
S06866,10.1016/j.nanoen.2018.12.048,AGREED_EXCLUDE,EXCLUDE:E3,passes agree,EXCLUDE:E3,,EXCLUDE:E3,passes agree,EXCLUDE:E3,,EXCLUDE:E3,v5 read,EXCLUDE:E3,,S06866,,,False,journal,,,,,,False,,,EXCLUDE:E3
S06878,10.1149/2.0791816jes,AGREED_EXCLUDE,EXCLUDE:E1,passes agree,EXCLUDE:E1,,EXCLUDE:E1,passes agree,EXCLUDE:E1,,EXCLUDE:E3,v5 read,EXCLUDE:E3,,S06878,,,False,journal,,,,,,False,,,EXCLUDE:E3
S06897,10.1021/acsami.8b14563,AGREED_EXCLUDE,EXCLUDE:E3,passes agree,EXCLUDE:E3,,EXCLUDE:E3,passes agree,EXCLUDE:E3,,EXCLUDE:E3,passes agree,EXCLUDE:E3,,S06897,,,False,,,,,,,False,,,EXCLUDE:E3
S06914,10.4491/eer.2018.229,AGREED_EXCLUDE,EXCLUDE:E3,passes agree,EXCLUDE:E3,,EXCLUDE:E3,passes agree,EXCLUDE:E3,,EXCLUDE:E3,passes agree,EXCLUDE:E3,,S06914,,,False,,,,,,,False,,,EXCLUDE:E3
S06965,10.1002/cssc.201802873,AGREED_EXCLUDE,EXCLUDE:E1,passes agree,EXCLUDE:E1,,EXCLUDE:E1,passes agree,EXCLUDE:E1,,EXCLUDE:E1,passes agree,EXCLUDE:E1,,S06965,,,False,,,,,,,False,,,EXCLUDE:E1
S06990,10.1380/vss.62.3,AGREED_EXCLUDE,EXCLUDE:E1,passes agree,EXCLUDE:E1,,EXCLUDE:E1,passes agree,EXCLUDE:E1,,EXCLUDE:E1,passes agree,EXCLUDE:E1,,S06990,,,False,,,,,,,False,,,EXCLUDE:E1
S06998,10.1038/s41467-018-08144-3,NEEDS_SI,NEEDS_SI,passes,NEEDS_SI,,NEEDS_SI,v4 read,NEEDS_SI,,UNRESOLVED,SI read: third read; SI adjudication 2026-09-29,UNRESOLVED,dated,S06998,,,False,journal,,,,,,True,,third read,ELIGIBLE
S07006,10.1039/c8nr08921c,AGREED_EXCLUDE,EXCLUDE:E3,passes agree,EXCLUDE:E3,,EXCLUDE:E3,passes agree,EXCLUDE:E3,,EXCLUDE:E3,passes agree,EXCLUDE:E3,,S07006,,,False,,,,,,,False,,,EXCLUDE:E3
S07017,10.1002/advs.201801829,AGREED_EXCLUDE,EXCLUDE:E3,passes agree,EXCLUDE:E3,,EXCLUDE:E3,passes agree,EXCLUDE:E3,,EXCLUDE:E3,v5 read,EXCLUDE:E3,,S07017,,,False,journal,,,,,,False,,,EXCLUDE:E3
S07019,10.1007/s40820-018-0231-3,AGREED_EXCLUDE,EXCLUDE:E3,passes agree,EXCLUDE:E3,,EXCLUDE:E3,passes agree,EXCLUDE:E3,,EXCLUDE:E3,passes agree,EXCLUDE:E3,,S07019,,,False,,,,,,,False,,,EXCLUDE:E3
S07020,10.1021/acsaem.8b01945,AGREED_EXCLUDE,EXCLUDE:E3,passes agree,EXCLUDE:E3,,EXCLUDE:E3,passes agree,EXCLUDE:E3,,EXCLUDE:E3,passes agree,EXCLUDE:E3,,S07020,,,False,,,,,,,False,,,EXCLUDE:E3
S07028,10.1021/acsomega.8b03350,AGREED_EXCLUDE,EXCLUDE:E3,passes agree,EXCLUDE:E3,,EXCLUDE:E3,passes agree,EXCLUDE:E3,,EXCLUDE:E3,v5 read,EXCLUDE:E3,,S07028,,,False,journal,,,,,,False,,,EXCLUDE:E3
S07049,10.1002/anie.201814075,AGREED_EXCLUDE,EXCLUDE:E3,passes agree,EXCLUDE:E3,,EXCLUDE:E3,passes agree,EXCLUDE:E3,,EXCLUDE:E3,passes agree,EXCLUDE:E3,,S07049,,,False,,,,,,,False,,,EXCLUDE:E3
S07060,10.1039/c8sc04521f,THIRD_READ,ELIGIBLE,third read,ELIGIBLE,,ELIGIBLE,v4 read,ELIGIBLE,,ELIGIBLE,v5 read,ELIGIBLE,,S07060,numeric,,False,journal,numeric,direct,,,,False,,,ELIGIBLE
S07081,10.1021/jacs.8b11456,NEEDS_SI,NEEDS_SI,passes,NEEDS_SI,,ELIGIBLE,v4 read,ELIGIBLE,,ELIGIBLE,v5 read,ELIGIBLE,,S07081,equivalent,,False,journal,numeric,equivalent,,,,False,,,ELIGIBLE
S07105,10.3389/fchem.2019.00067,AGREED_EXCLUDE,EXCLUDE:E3,passes agree,EXCLUDE:E3,,EXCLUDE:E3,passes agree,EXCLUDE:E3,,EXCLUDE:E5,v5 read,EXCLUDE:E5,,S07105,,,False,journal,,,,,,False,,,EXCLUDE:E5
S07111,10.3390/ijerph16030343,AGREED_EXCLUDE,EXCLUDE:E3,passes agree,EXCLUDE:E3,,EXCLUDE:E3,passes agree,EXCLUDE:E3,,EXCLUDE:E3,passes agree,EXCLUDE:E3,,S07111,,,False,,,,,,,False,,,EXCLUDE:E3
S07117,10.1021/acs.jpcc.8b10741,AGREED_EXCLUDE,EXCLUDE:E3,passes agree,EXCLUDE:E3,,EXCLUDE:E3,passes agree,EXCLUDE:E3,,EXCLUDE:E3,passes agree,EXCLUDE:E3,,S07117,,,False,,,,,,,False,,,EXCLUDE:E3
S07131,10.3389/fchem.2019.00047,AGREED_EXCLUDE,EXCLUDE:E3,passes agree,EXCLUDE:E3,,EXCLUDE:E3,passes agree,EXCLUDE:E3,,EXCLUDE:E3,v5 read,EXCLUDE:E3,,S07131,,,False,journal,,,,,,False,,,EXCLUDE:E3
S07146,10.1557/jmr.2018.478,AGREED_EXCLUDE,EXCLUDE:E3,passes agree,EXCLUDE:E3,,EXCLUDE:E3,passes agree,EXCLUDE:E3,,EXCLUDE:E3,v5 read,EXCLUDE:E3,,S07146,,,False,journal,,,,,,False,,,EXCLUDE:E3
S07151,10.1038/s41524-019-0160-9,THIRD_READ,EXCLUDE:E1,third read,EXCLUDE:E1,,EXCLUDE:E1,third read,EXCLUDE:E1,,EXCLUDE:E1,third read,EXCLUDE:E1,,S07151,,,False,,,,,,,False,,,EXCLUDE:E1
S07154,10.1007/s12678-019-0509-3,AGREED_EXCLUDE,EXCLUDE:E1,passes agree,EXCLUDE:E1,,EXCLUDE:E1,passes agree,EXCLUDE:E1,,EXCLUDE:E1,passes agree,EXCLUDE:E1,,S07154,,,False,,,,,,,False,,,EXCLUDE:E1
S07179,10.1016/j.apcata.2019.02.012,AGREED_EXCLUDE,EXCLUDE:E1,passes agree,EXCLUDE:E1,,EXCLUDE:E1,passes agree,EXCLUDE:E1,,EXCLUDE:E1,passes agree,EXCLUDE:E1,,S07179,,,False,,,,,,,False,,,EXCLUDE:E1
S07191,10.1002/aenm.201803598,AGREED_EXCLUDE,EXCLUDE:E3,passes agree,EXCLUDE:E3,,EXCLUDE:E3,passes agree,EXCLUDE:E3,,EXCLUDE:E3,passes agree,EXCLUDE:E3,,S07191,,,False,,,,,,,False,,,EXCLUDE:E3
S07208,10.1021/acsami.9b00711,AGREED_EXCLUDE,EXCLUDE:E3,passes agree,EXCLUDE:E3,,EXCLUDE:E3,passes agree,EXCLUDE:E3,,EXCLUDE:E3,v5 read,EXCLUDE:E3,,S07208,,,False,journal,,,,,,False,,,EXCLUDE:E3
S07214,10.3390/inorganics7030029,THIRD_READ,EXCLUDE:E1,third read,EXCLUDE:E1,,EXCLUDE:E1,third read,EXCLUDE:E1,,EXCLUDE:E1,v5 read,EXCLUDE:E1,,S07214,,,False,journal,,,,,,False,,,EXCLUDE:E1
S07230,10.1039/c9dt00138g,AGREED_EXCLUDE,EXCLUDE:E3,passes agree,EXCLUDE:E3,,EXCLUDE:E3,passes agree,EXCLUDE:E3,,EXCLUDE:E3,v5 read,EXCLUDE:E3,,S07230,,,False,journal,,,,,,False,,,EXCLUDE:E3
S07262,10.1021/acs.chemrev.8b00537,AGREED_EXCLUDE,EXCLUDE:E1,passes agree,EXCLUDE:E1,,EXCLUDE:E1,passes agree,EXCLUDE:E1,,EXCLUDE:E1,passes agree,EXCLUDE:E1,,S07262,,,False,,,,,,,False,,,EXCLUDE:E1
S07333,10.1038/s41598-019-40972-1,AGREED_EXCLUDE,EXCLUDE:E3,passes agree,EXCLUDE:E3,,EXCLUDE:E3,passes agree,EXCLUDE:E3,,EXCLUDE:E3,passes agree,EXCLUDE:E3,,S07333,,,False,,,,,,,False,,,EXCLUDE:E3
S07336,10.1038/s41929-019-0246-2,AGREED_EXCLUDE,EXCLUDE:E4,passes agree,EXCLUDE:E4,,EXCLUDE:E4,passes agree,EXCLUDE:E4,,EXCLUDE:E4,v5 read,EXCLUDE:E4,,S07336,,,False,journal,,,,,,False,,,EXCLUDE:E4
S07351,10.1007/s10971-019-04966-9,AGREED_EXCLUDE,EXCLUDE:E3,passes agree,EXCLUDE:E3,,EXCLUDE:E3,passes agree,EXCLUDE:E3,,EXCLUDE:E3,passes agree,EXCLUDE:E3,,S07351,,,False,,,,,,,False,,,EXCLUDE:E3
S07365,10.1039/c8mh01375f,AGREED_EXCLUDE,EXCLUDE:E1,passes agree,EXCLUDE:E1,,EXCLUDE:E1,passes agree,EXCLUDE:E1,,EXCLUDE:E1,passes agree,EXCLUDE:E1,,S07365,,,False,,,,,,,False,,,EXCLUDE:E1
S07373,10.1002/advs.201900053,AGREED_EXCLUDE,EXCLUDE:E1,passes agree,EXCLUDE:E1,,EXCLUDE:E1,passes agree,EXCLUDE:E1,,EXCLUDE:E1,passes agree,EXCLUDE:E1,,S07373,,,False,,,,,,,False,,,EXCLUDE:E1
S07384,10.1002/advs.201900272,AGREED_EXCLUDE,EXCLUDE:E3,passes agree,EXCLUDE:E3,,EXCLUDE:E3,passes agree,EXCLUDE:E3,,EXCLUDE:E3,passes agree,EXCLUDE:E3,,S07384,,,False,,,,,,,False,,,EXCLUDE:E3
S07387,10.54337/aau300037423,AGREED_EXCLUDE,EXCLUDE:E1,passes agree,EXCLUDE:E1,,EXCLUDE:E1,passes agree,EXCLUDE:E1,,EXCLUDE:E1,passes agree,EXCLUDE:E1,,,,,False,,,,,,,False,,,EXCLUDE:E1
S07389,10.1021/acscatal.9b00532,AGREED_EXCLUDE,EXCLUDE:E3,passes agree,EXCLUDE:E3,,EXCLUDE:E3,v4 read,EXCLUDE:E3,,EXCLUDE:E3,v5 read,EXCLUDE:E3,,S07389,,,True,journal,,,,reanalysis,mixed,True,,,EXCLUDE:E3
S07390,10.3390/catal9040318,AGREED_EXCLUDE,EXCLUDE:E3,passes agree,EXCLUDE:E3,,EXCLUDE:E3,passes agree,EXCLUDE:E3,,EXCLUDE:E3,passes agree,EXCLUDE:E3,,S07390,,,False,,,,,,,False,,,EXCLUDE:E3
S07392,10.1038/s41467-019-09191-0,AGREED_EXCLUDE,EXCLUDE:E3,passes agree,EXCLUDE:E3,,EXCLUDE:E3,passes agree,EXCLUDE:E3,,EXCLUDE:E3,passes agree,EXCLUDE:E3,,S07392,,,False,,,,,,,False,,,EXCLUDE:E3
S07414,10.1007/s12274-019-2383-y,AGREED_EXCLUDE,EXCLUDE:E3,passes agree,EXCLUDE:E3,,EXCLUDE:E3,passes agree,EXCLUDE:E3,,EXCLUDE:E3,passes agree,EXCLUDE:E3,,S07414,,,False,,,,,,,False,,,EXCLUDE:E3
S07428,10.1002/cctc.201900090,AGREED_EXCLUDE,EXCLUDE:E3,passes agree,EXCLUDE:E3,,EXCLUDE:E3,passes agree,EXCLUDE:E3,,EXCLUDE:E3,passes agree,EXCLUDE:E3,,S07428,,,False,,,,,,,False,,,EXCLUDE:E3
S07433,10.1002/adfm.201901154,AGREED_EXCLUDE,EXCLUDE:E3,passes agree,EXCLUDE:E3,,EXCLUDE:E3,passes agree,EXCLUDE:E3,,EXCLUDE:E3,v5 read,EXCLUDE:E3,,S07433,,,False,journal,,,,,,False,,,EXCLUDE:E3
S07436,10.3390/polym11040629,AGREED_EXCLUDE,EXCLUDE:E3,passes agree,EXCLUDE:E3,,EXCLUDE:E3,passes agree,EXCLUDE:E3,,EXCLUDE:E3,passes agree,EXCLUDE:E3,,S07436,,,False,,,,,,,False,,,EXCLUDE:E3
S07437,10.1016/j.electacta.2019.03.196,AGREED_EXCLUDE,EXCLUDE:E3,passes agree,EXCLUDE:E3,,EXCLUDE:E3,passes agree,EXCLUDE:E3,,EXCLUDE:E3,passes agree,EXCLUDE:E3,,S07437,,,False,,,,,,,False,,,EXCLUDE:E3
S07456,10.1038/s41598-019-42358-9,AGREED_EXCLUDE,EXCLUDE:E3,passes agree,EXCLUDE:E3,,EXCLUDE:E3,passes agree,EXCLUDE:E3,,EXCLUDE:E3,passes agree,EXCLUDE:E3,,S07456,,,False,,,,,,,False,,,EXCLUDE:E3
S07458,10.3390/ma12081254,AGREED_EXCLUDE,EXCLUDE:E3,passes agree,EXCLUDE:E3,,EXCLUDE:E3,passes agree,EXCLUDE:E3,,EXCLUDE:E3,passes agree,EXCLUDE:E3,,S07458,,,False,,,,,,,False,,,EXCLUDE:E3
S07461,10.1038/s41563-019-0349-9,THIRD_READ,EXCLUDE:E3,third read,EXCLUDE:E3,,EXCLUDE:E3,third read,EXCLUDE:E3,,EXCLUDE:E3,v5 read,EXCLUDE:E3,,S07461,,,False,journal,,,,,,False,,,EXCLUDE:E3
S07469,10.1039/c8cs00848e,AGREED_EXCLUDE,EXCLUDE:E1,passes agree,EXCLUDE:E1,,EXCLUDE:E1,passes agree,EXCLUDE:E1,,EXCLUDE:E1,passes agree,EXCLUDE:E1,,S07469,,,False,,,,,,,False,,,EXCLUDE:E1
S07489,10.1002/cssc.201900393,THIRD_READ,EXCLUDE:E1,third read,EXCLUDE:E1,,EXCLUDE:E1,third read,EXCLUDE:E1,,EXCLUDE:E1,v5 read,EXCLUDE:E1,,S07489,,,False,journal,,,,,,False,,,EXCLUDE:E1
S07510,10.14943/doctoral.k13119,AGREED_EXCLUDE,EXCLUDE:E1,passes agree,EXCLUDE:E1,,EXCLUDE:E1,passes agree,EXCLUDE:E1,,EXCLUDE:E1,passes agree,EXCLUDE:E1,,,,,False,,,,,,,False,,,EXCLUDE:E1
S07515,10.1002/eem2.12031,AGREED_EXCLUDE,EXCLUDE:E3,passes agree,EXCLUDE:E3,,EXCLUDE:E3,passes agree,EXCLUDE:E3,,EXCLUDE:E3,passes agree,EXCLUDE:E3,,S07515,,,False,,,,,,,False,,,EXCLUDE:E3
S07544,10.1021/acscatal.9b00796,AGREED_EXCLUDE,EXCLUDE:E5,passes agree,EXCLUDE:E5,,EXCLUDE:E5,v4 read,EXCLUDE:E5,,ELIGIBLE,SI read: third read,ELIGIBLE,,S07544,,,True,journal,numeric,direct,,,,False,,third read,NEEDS_SI
S07589,10.1016/j.jcat.2019.04.025,AGREED_EXCLUDE,EXCLUDE:E3,passes agree,EXCLUDE:E3,,EXCLUDE:E3,passes agree,EXCLUDE:E3,,EXCLUDE:E3,v5 read,EXCLUDE:E3,,S07589,,,False,journal,,,,,,False,,,EXCLUDE:E3
S07620,10.1007/s12678-019-00537-2,AGREED_EXCLUDE,EXCLUDE:E3,passes agree,EXCLUDE:E3,,EXCLUDE:E3,passes agree,EXCLUDE:E3,,EXCLUDE:E3,passes agree,EXCLUDE:E3,,S07620,,,False,,,,,,,False,,,EXCLUDE:E3
S07632,10.1021/jacs.9b01836,AGREED_EXCLUDE,EXCLUDE:E3,passes agree,EXCLUDE:E3,,EXCLUDE:E3,passes agree,EXCLUDE:E3,,EXCLUDE:E3,v5 read,EXCLUDE:E3,,S07632,,,False,journal,,,,,,False,,,EXCLUDE:E3
S07669,10.1021/acs.langmuir.9b00667,AGREED_EXCLUDE,EXCLUDE:E1,passes agree,EXCLUDE:E1,,EXCLUDE:E1,passes agree,EXCLUDE:E1,,EXCLUDE:E1,passes agree,EXCLUDE:E1,,S07669,,,False,,,,,,,False,,,EXCLUDE:E1
S07673,10.3390/nano9050775,AGREED_EXCLUDE,EXCLUDE:E3,passes agree,EXCLUDE:E3,,EXCLUDE:E3,passes agree,EXCLUDE:E3,,EXCLUDE:E3,passes agree,EXCLUDE:E3,,S07673,,,False,,,,,,,False,,,EXCLUDE:E3
S07679,10.1016/j.elecom.2019.05.018,AGREED_EXCLUDE,EXCLUDE:E3,passes agree,EXCLUDE:E3,,EXCLUDE:E3,passes agree,EXCLUDE:E3,,EXCLUDE:E3,passes agree,EXCLUDE:E3,,S07679,,,False,,,,,,,False,,,EXCLUDE:E3
S07685,10.1016/j.nanoen.2019.04.050,AGREED_EXCLUDE,EXCLUDE:E3,passes agree,EXCLUDE:E3,,EXCLUDE:E3,passes agree,EXCLUDE:E3,,EXCLUDE:E3,v5 read,EXCLUDE:E3,,S07685,,,False,journal,,,,,,False,,,EXCLUDE:E3
S07691,10.3389/fchem.2019.00334,AGREED_EXCLUDE,EXCLUDE:E3,passes agree,EXCLUDE:E3,,EXCLUDE:E3,passes agree,EXCLUDE:E3,,EXCLUDE:E3,passes agree,EXCLUDE:E3,,S07691,,,False,,,,,,,False,,,EXCLUDE:E3
S07698,10.1021/acsaem.9b00266,AGREED_EXCLUDE,EXCLUDE:E3,passes agree,EXCLUDE:E3,,EXCLUDE:E3,passes agree,EXCLUDE:E3,,EXCLUDE:E3,passes agree,EXCLUDE:E3,,S07698,,,False,,,,,,,False,,,EXCLUDE:E3
S07712,10.4491/eer.2018.349,AGREED_EXCLUDE,EXCLUDE:E3,passes agree,EXCLUDE:E3,,EXCLUDE:E3,passes agree,EXCLUDE:E3,,EXCLUDE:E3,passes agree,EXCLUDE:E3,,S07712,,,False,,,,,,,False,,,EXCLUDE:E3
S07726,10.3390/molecules24112095,AGREED_EXCLUDE,EXCLUDE:E3,passes agree,EXCLUDE:E3,,EXCLUDE:E3,passes agree,EXCLUDE:E3,,EXCLUDE:E3,passes agree,EXCLUDE:E3,,S07726,,,False,,,,,,,False,,,EXCLUDE:E3
S07740,10.28933/ajbsa-2019-05-1905,AGREED_EXCLUDE,EXCLUDE:E1,passes agree,EXCLUDE:E1,,EXCLUDE:E1,passes agree,EXCLUDE:E1,,EXCLUDE:E1,passes agree,EXCLUDE:E1,,S07740,,,False,,,,,,,False,,,EXCLUDE:E1
S07746,10.1146/annurev-chembioeng-060718-030241,AGREED_EXCLUDE,EXCLUDE:E1,passes agree,EXCLUDE:E1,,EXCLUDE:E1,passes agree,EXCLUDE:E1,,EXCLUDE:E1,passes agree,EXCLUDE:E1,,S07746,,,False,,,,,,,False,,,EXCLUDE:E1
S07771,10.14393/ufu.te.2018.787,THIRD_READ,EXCLUDE:E1,third read,EXCLUDE:E1,,EXCLUDE:E1,third read,EXCLUDE:E1,,EXCLUDE:E1,v5 read,EXCLUDE:E1,,,,,False,other,,,,,,False,,,EXCLUDE:E1
S07779,10.5229/jecst.2019.10.1.22,AGREED_EXCLUDE,EXCLUDE:E3,passes agree,EXCLUDE:E3,,EXCLUDE:E3,passes agree,EXCLUDE:E3,,EXCLUDE:E3,passes agree,EXCLUDE:E3,,S07779,,,False,,,,,,,False,,,EXCLUDE:E3
S07780,10.1016/j.jpowsour.2019.226755,AGREED_EXCLUDE,EXCLUDE:E3,passes agree,EXCLUDE:E3,,EXCLUDE:E3,passes agree,EXCLUDE:E3,,EXCLUDE:E3,passes agree,EXCLUDE:E3,,S07780,,,False,,,,,,,False,,,EXCLUDE:E3
S07802,10.1002/celc.201900834,THIRD_READ,UNRESOLVED,third read,UNRESOLVED,,UNRESOLVED,v4 read,UNRESOLVED,dated,EXCLUDE:E3,v5 read,EXCLUDE:E3,,S07802,,reanalysis,True,journal,,,,reanalysis,own,False,,,EXCLUDE:E3
S07804,10.1021/acs.jpcc.9b03418,THIRD_READ,ELIGIBLE,third read,ELIGIBLE,,ELIGIBLE,v4 read,ELIGIBLE,,ELIGIBLE,v5 read,ELIGIBLE,,S07804,numeric,,False,journal,numeric,direct,,,,False,,,ELIGIBLE
S07822,10.1039/c9ta05108b,AGREED_EXCLUDE,EXCLUDE:E3,passes agree,EXCLUDE:E3,,EXCLUDE:E3,passes agree,EXCLUDE:E3,,EXCLUDE:E3,passes agree,EXCLUDE:E3,,S07822,,,False,,,,,,,False,,,EXCLUDE:E3
S07850,10.1021/acscatal.9b01402,AGREED_EXCLUDE,EXCLUDE:E3,passes agree,EXCLUDE:E3,,EXCLUDE:E3,passes agree,EXCLUDE:E3,,EXCLUDE:E3,passes agree,EXCLUDE:E3,,S07850,,,False,,,,,,,False,,,EXCLUDE:E3
S07857,10.1039/c9cc02088h,AGREED_EXCLUDE,EXCLUDE:E3,passes agree,EXCLUDE:E3,,EXCLUDE:E3,v4 read,EXCLUDE:E3,,EXCLUDE:E3,v5 read,EXCLUDE:E3,,S07857,,,False,journal,,,,,,False,,,EXCLUDE:E3
S07868,10.3390/catal9060549,AGREED_EXCLUDE,EXCLUDE:E1,passes agree,EXCLUDE:E1,,EXCLUDE:E1,passes agree,EXCLUDE:E1,,EXCLUDE:E1,passes agree,EXCLUDE:E1,,S07868,,,False,,,,,,,False,,,EXCLUDE:E1
S07882,10.5796/electrochemistry.18-00066,AGREED_EXCLUDE,EXCLUDE:E3,passes agree,EXCLUDE:E3,,EXCLUDE:E3,passes agree,EXCLUDE:E3,,EXCLUDE:E3,passes agree,EXCLUDE:E3,,S07882,,,False,,,,,,,False,,,EXCLUDE:E3
S07913,10.1021/acsami.9b05785,AGREED_EXCLUDE,EXCLUDE:E3,passes agree,EXCLUDE:E3,,EXCLUDE:E3,passes agree,EXCLUDE:E3,,EXCLUDE:E3,passes agree,EXCLUDE:E3,,S07913,,,False,,,,,,,False,,,EXCLUDE:E3
S07915,10.1021/acs.chemmater.9b00767,AGREED_EXCLUDE,EXCLUDE:E3,passes agree,EXCLUDE:E3,,EXCLUDE:E3,passes agree,EXCLUDE:E3,,EXCLUDE:E3,v5 read,EXCLUDE:E3,,S07915,,,False,journal,,,,,,False,,,EXCLUDE:E3
S07924,10.1039/c9se00289h,AGREED_EXCLUDE,EXCLUDE:E3,passes agree,EXCLUDE:E3,,EXCLUDE:E3,passes agree,EXCLUDE:E3,,EXCLUDE:E3,passes agree,EXCLUDE:E3,,S07924,,,False,,,,,,,False,,,EXCLUDE:E3
S07929,10.1038/s42004-019-0179-3,AGREED_EXCLUDE,EXCLUDE:E3,passes agree,EXCLUDE:E3,,EXCLUDE:E3,passes agree,EXCLUDE:E3,,EXCLUDE:E3,v5 read,EXCLUDE:E3,,S07929,,,False,journal,,,,,,False,,,EXCLUDE:E3
S07961,10.1002/jccs.201900001,AGREED_EXCLUDE,EXCLUDE:E1,passes agree,EXCLUDE:E1,,EXCLUDE:E1,passes agree,EXCLUDE:E1,,EXCLUDE:E1,passes agree,EXCLUDE:E1,,S07961,,,False,,,,,,,False,,,EXCLUDE:E1
S07991,10.1021/acs.jpcc.9b03830,NEEDS_SI,NEEDS_SI,passes,NEEDS_SI,,NEEDS_SI,v4 read,NEEDS_SI,,EXCLUDE:E6,SI read: passes agree,EXCLUDE:E6,,S07991,,,False,journal,,,,,,False,,agreed,NEEDS_SI
S08016,10.1021/acscatal.9b02416,THIRD_READ,ELIGIBLE,third read,ELIGIBLE,,ELIGIBLE,v4 read,ELIGIBLE,,ELIGIBLE,v5 read,ELIGIBLE,,S08016,numeric,,False,journal,numeric,direct,,,,False,,,ELIGIBLE
S08025,10.3389/fchem.2019.00523,AGREED_EXCLUDE,EXCLUDE:E3,passes agree,EXCLUDE:E3,,EXCLUDE:E3,passes agree,EXCLUDE:E3,,EXCLUDE:E3,passes agree,EXCLUDE:E3,,S08025,,,False,,,,,,,False,,,EXCLUDE:E3
S08036,10.1039/c9nr03013a,AGREED_EXCLUDE,EXCLUDE:E3,passes agree,EXCLUDE:E3,,EXCLUDE:E3,passes agree,EXCLUDE:E3,,EXCLUDE:E3,passes agree,EXCLUDE:E3,,S08036,,,False,,,,,,,False,,,EXCLUDE:E3
S08084,10.1002/admi.201900774,AGREED_EXCLUDE,EXCLUDE:E3,passes agree,EXCLUDE:E3,,EXCLUDE:E3,passes agree,EXCLUDE:E3,,EXCLUDE:E3,passes agree,EXCLUDE:E3,,S08084,,,False,,,,,,,False,,,EXCLUDE:E3
S08090,10.1002/anie.201907017,AGREED_EXCLUDE,EXCLUDE:E3,passes agree,EXCLUDE:E3,,EXCLUDE:E3,passes agree,EXCLUDE:E3,,EXCLUDE:E3,passes agree,EXCLUDE:E3,,S08090,,,False,,,,,,,False,,,EXCLUDE:E3
S08091,10.1021/acssuschemeng.7b03652,AGREED_EXCLUDE,EXCLUDE:E3,passes agree,EXCLUDE:E3,,EXCLUDE:E3,passes agree,EXCLUDE:E3,,EXCLUDE:E3,v5 read,EXCLUDE:E3,,S08091,,,False,journal,,,,,,False,,,EXCLUDE:E3
S08099,10.1038/s41598-017-10331-z,AGREED_EXCLUDE,EXCLUDE:E3,passes agree,collapsed into S04834,,EXCLUDE:E3,passes agree,collapsed into S04834,,EXCLUDE:E3,v5 read,collapsed into S04834,,S04834,,,False,journal,,,,,,False,,,collapsed into S04834
S08121,10.1021/acs.jpcc.9b05707,AGREED_EXCLUDE,EXCLUDE:E3,passes agree,EXCLUDE:E3,,EXCLUDE:E3,passes agree,EXCLUDE:E3,,EXCLUDE:E3,v5 read,EXCLUDE:E3,,S08121,,,False,journal,,,,,,False,,,EXCLUDE:E3
S08129,10.1002/aenm.201901313,NEEDS_SI,NEEDS_SI,passes,NEEDS_SI,,NEEDS_SI,v4 read,NEEDS_SI,,NEEDS_SI,SI read: third read,NEEDS_SI,,S08129,,,True,journal,,,,,,False,,third read,UNRESOLVED
S08138,10.3390/polym11081268,AGREED_EXCLUDE,EXCLUDE:E3,passes agree,EXCLUDE:E3,,EXCLUDE:E3,passes agree,EXCLUDE:E3,,EXCLUDE:E3,passes agree,EXCLUDE:E3,,S08138,,,False,,,,,,,False,,,EXCLUDE:E3
S08165,10.1002/celc.201901037,AGREED_EXCLUDE,EXCLUDE:E3,passes agree,EXCLUDE:E3,,EXCLUDE:E3,passes agree,EXCLUDE:E3,,EXCLUDE:E3,passes agree,EXCLUDE:E3,,S08165,,,False,,,,,,,False,,,EXCLUDE:E3
S08179,10.1007/s12678-019-00549-y,AGREED_EXCLUDE,EXCLUDE:E3,passes agree,EXCLUDE:E3,,EXCLUDE:E3,passes agree,EXCLUDE:E3,,EXCLUDE:E3,passes agree,EXCLUDE:E3,,S08179,,,False,,,,,,,False,,,EXCLUDE:E3
S08193,10.1021/acsomega.9b01777,AGREED_EXCLUDE,EXCLUDE:E3,passes agree,EXCLUDE:E3,,EXCLUDE:E3,passes agree,EXCLUDE:E3,,EXCLUDE:E3,passes agree,EXCLUDE:E3,,S08193,,,False,,,,,,,False,,,EXCLUDE:E3
S08203,10.1103/physrevmaterials.2.065001,THIRD_READ,EXCLUDE:E3,third read,EXCLUDE:E3,,EXCLUDE:E3,third read,EXCLUDE:E3,,EXCLUDE:E3,v5 read,EXCLUDE:E3,,S08203,,,False,journal,,,,,,False,,,EXCLUDE:E3
S08216,10.1021/acs.jpclett.9b01650,AGREED_EXCLUDE,EXCLUDE:E3,passes agree,EXCLUDE:E3,,EXCLUDE:E3,passes agree,EXCLUDE:E3,,EXCLUDE:E3,v5 read,EXCLUDE:E3,,S08216,,,False,journal,,,,,,False,,,EXCLUDE:E3
S08224,10.11606/d.46.2019.tde-16042019-100807,AGREED_EXCLUDE,EXCLUDE:E1,passes agree,EXCLUDE:E1,,EXCLUDE:E1,passes agree,EXCLUDE:E1,,EXCLUDE:E1,passes agree,EXCLUDE:E1,,,,,False,,,,,,,False,,,EXCLUDE:E1
S08244,10.1021/acsami.9b06889,AGREED_EXCLUDE,EXCLUDE:E3,passes agree,EXCLUDE:E3,,EXCLUDE:E3,passes agree,EXCLUDE:E3,,EXCLUDE:E3,passes agree,EXCLUDE:E3,,S08244,,,False,,,,,,,False,,,EXCLUDE:E3
S08246,10.1038/s41467-019-11789-3,AGREED_ELIGIBLE,ELIGIBLE,passes agree,ELIGIBLE,,ELIGIBLE,v4 read,ELIGIBLE,,ELIGIBLE,v5 read,ELIGIBLE,,S08246,numeric,,False,journal,numeric,direct,,,,False,,,ELIGIBLE
S08308,10.2473/journalofmmij.130.434,AGREED_EXCLUDE,EXCLUDE:E3,passes agree,EXCLUDE:E3,,EXCLUDE:E3,passes agree,EXCLUDE:E3,,EXCLUDE:E3,passes agree,EXCLUDE:E3,,S08308,,,False,,,,,,,False,,,EXCLUDE:E3
S08315,,AGREED_EXCLUDE,EXCLUDE:E1,passes agree,EXCLUDE:E1,,EXCLUDE:E1,passes agree,EXCLUDE:E1,,EXCLUDE:E1,passes agree,EXCLUDE:E1,,,,,False,,,,,,,False,,,EXCLUDE:E1
S08348,10.48550/arxiv.1909.00979,THIRD_READ,EXCLUDE:E3,third read,EXCLUDE:E3,,EXCLUDE:E3,third read,EXCLUDE:E3,,EXCLUDE:E3,v5 read,EXCLUDE:E3,,,,,False,preprint,,,,,,False,,,EXCLUDE:E3
S08357,10.1016/j.ijhydene.2019.08.026,AGREED_EXCLUDE,EXCLUDE:E3,passes agree,EXCLUDE:E3,,EXCLUDE:E3,passes agree,EXCLUDE:E3,,EXCLUDE:E3,passes agree,EXCLUDE:E3,,S08357,,,False,,,,,,,False,,,EXCLUDE:E3
S08365,10.5075/epfl-thesis-9142,THIRD_READ,EXCLUDE:E1,third read,EXCLUDE:E1,,EXCLUDE:E1,third read,EXCLUDE:E1,,EXCLUDE:E1,third read,EXCLUDE:E1,,,,,False,,,,,,,False,,,EXCLUDE:E1
S08368,10.1016/j.jelechem.2019.113485,AGREED_EXCLUDE,EXCLUDE:E3,passes agree,EXCLUDE:E3,,EXCLUDE:E3,passes agree,EXCLUDE:E3,,EXCLUDE:E3,passes agree,EXCLUDE:E3,,S08368,,,False,,,,,,,False,,,EXCLUDE:E3
S08392,10.1016/j.jechem.2019.09.013,THIRD_READ,EXCLUDE:E3,v3 sensitivity read,EXCLUDE:E3,,EXCLUDE:E3,v4 sensitivity read,EXCLUDE:E3,,EXCLUDE:E3,third read (v5),EXCLUDE:E3,,S08392,,,False,journal,,,,,,False,,,EXCLUDE:E3
S08408,10.1038/s41467-019-12994-w,AGREED_EXCLUDE,EXCLUDE:E4,passes agree,EXCLUDE:E4,,EXCLUDE:E4,passes agree,EXCLUDE:E4,,EXCLUDE:E4,v5 read,EXCLUDE:E4,,S08408,,,False,journal,,,,,,False,,,EXCLUDE:E4
S08419,10.1021/acsami.9b05176,THIRD_READ,EXCLUDE:E3,third read,EXCLUDE:E3,,EXCLUDE:E3,third read,EXCLUDE:E3,,EXCLUDE:E3,third read,EXCLUDE:E3,,S08419,,,False,,,,,,,False,,,EXCLUDE:E3
S08440,10.4233/uuid:c97f643c-002f-4dc9-a243-2df4f9a784b1,THIRD_READ,EXCLUDE:E1,third read,EXCLUDE:E1,,EXCLUDE:E1,third read,EXCLUDE:E1,,EXCLUDE:E1,third read,EXCLUDE:E1,,,,,False,,,,,,,False,,,EXCLUDE:E1
S08445,10.1360/n032015-00051,THIRD_READ,EXCLUDE:E1,third read,EXCLUDE:E1,,EXCLUDE:E1,third read,EXCLUDE:E1,,EXCLUDE:E1,third read,EXCLUDE:E1,,S08445,,,False,,,,,,,False,,,EXCLUDE:E1
S08448,10.1021/acs.analchem.9b03347,AGREED_EXCLUDE,EXCLUDE:E3,passes agree,EXCLUDE:E3,,EXCLUDE:E3,passes agree,EXCLUDE:E3,,EXCLUDE:E3,passes agree,EXCLUDE:E3,,S08448,,,False,,,,,,,False,,,EXCLUDE:E3
S08450,10.11606/t.75.2019.tde-25092019-093850,AGREED_EXCLUDE,EXCLUDE:E1,passes agree,EXCLUDE:E1,,EXCLUDE:E1,passes agree,EXCLUDE:E1,,EXCLUDE:E1,passes agree,EXCLUDE:E1,,,,,False,,,,,,,False,,,EXCLUDE:E1
S08501,10.1016/j.cattod.2019.10.004,AGREED_EXCLUDE,EXCLUDE:E3,passes agree,EXCLUDE:E3,,EXCLUDE:E3,passes agree,EXCLUDE:E3,,EXCLUDE:E3,passes agree,EXCLUDE:E3,,S08501,,,False,,,,,,,False,,,EXCLUDE:E3
S08507,10.1149/2.1071914jes,AGREED_EXCLUDE,EXCLUDE:E3,passes agree,EXCLUDE:E3,,EXCLUDE:E3,passes agree,EXCLUDE:E3,,EXCLUDE:E3,passes agree,EXCLUDE:E3,,S08507,,,False,,,,,,,False,,,EXCLUDE:E3
S08519,10.3390/catal9100836,AGREED_EXCLUDE,EXCLUDE:E3,passes agree,EXCLUDE:E3,,EXCLUDE:E3,passes agree,EXCLUDE:E3,,EXCLUDE:E3,passes agree,EXCLUDE:E3,,S08519,,,False,,,,,,,False,,,EXCLUDE:E3
S08541,10.1002/cctc.201901674,AGREED_EXCLUDE,EXCLUDE:E3,passes agree,EXCLUDE:E3,,EXCLUDE:E3,v4 read,EXCLUDE:E3,,EXCLUDE:E3,v4 read,EXCLUDE:E3,,S08541,,,False,,,,,,,False,,,EXCLUDE:E3
S08556,10.1002/cphc.201900902,AGREED_EXCLUDE,EXCLUDE:E3,passes agree,EXCLUDE:E3,,EXCLUDE:E3,passes agree,EXCLUDE:E3,,EXCLUDE:E3,passes agree,EXCLUDE:E3,,S08556,,,False,,,,,,,False,,,EXCLUDE:E3
S08559,10.1039/c9ee01872g,AGREED_EXCLUDE,EXCLUDE:E3,passes agree,EXCLUDE:E3,,EXCLUDE:E3,passes agree,EXCLUDE:E3,,EXCLUDE:E3,passes agree,EXCLUDE:E3,,S08559,,,False,,,,,,,False,,,EXCLUDE:E3
S08567,10.1515/zpch-2019-1462,AGREED_EXCLUDE,EXCLUDE:E3,passes agree,EXCLUDE:E3,,EXCLUDE:E3,passes agree,EXCLUDE:E3,,EXCLUDE:E3,passes agree,EXCLUDE:E3,,S08567,,,False,,,,,,,False,,,EXCLUDE:E3
S08589,10.1038/s41467-019-12886-z,AGREED_EXCLUDE,EXCLUDE:E4,passes agree,EXCLUDE:E4,,EXCLUDE:E4,passes agree,EXCLUDE:E4,,EXCLUDE:E4,v5 read,EXCLUDE:E4,,S08589,,,False,journal,,,,,,False,,,EXCLUDE:E4
S08591,10.1038/s41467-019-12859-2,AGREED_EXCLUDE,EXCLUDE:E3,passes agree,EXCLUDE:E3,,EXCLUDE:E3,passes agree,EXCLUDE:E3,,EXCLUDE:E3,passes agree,EXCLUDE:E3,,S08591,,,False,,,,,,,False,,,EXCLUDE:E3
S08595,10.1002/adfm.201906670,AGREED_EXCLUDE,EXCLUDE:E3,passes agree,EXCLUDE:E3,,EXCLUDE:E3,passes agree,EXCLUDE:E3,,EXCLUDE:E3,passes agree,EXCLUDE:E3,,S08595,,,False,,,,,,,False,,,EXCLUDE:E3
S08596,10.1038/s41467-019-12885-0,NEEDS_SI,NEEDS_SI,passes,NEEDS_SI,,ELIGIBLE,v4 read,ELIGIBLE,,UNRESOLVED,SI read: third read; SI adjudication 2026-09-29,UNRESOLVED,dated,S08596,equivalent,,True,journal,,,,,,False,,third read,NEEDS_SI
S08602,10.3389/fchem.2019.00747,AGREED_EXCLUDE,EXCLUDE:E3,passes agree,EXCLUDE:E3,,EXCLUDE:E3,passes agree,EXCLUDE:E3,,EXCLUDE:E3,v5 read,EXCLUDE:E3,,S08602,,,False,journal,,,,,,False,,,EXCLUDE:E3
S08612,10.1007/s10717-019-00169-4,AGREED_EXCLUDE,EXCLUDE:E3,passes agree,EXCLUDE:E3,,EXCLUDE:E3,passes agree,EXCLUDE:E3,,EXCLUDE:E3,passes agree,EXCLUDE:E3,,S08612,,,False,,,,,,,False,,,EXCLUDE:E3
S08618,10.1021/acsami.9b16492,THIRD_READ,ELIGIBLE,third read,ELIGIBLE,,ELIGIBLE,v4 read,ELIGIBLE,,ELIGIBLE,SI read: third read,ELIGIBLE,,S08618,numeric,,True,journal,numeric,direct,,,,False,,third read,ELIGIBLE
S08620,10.1021/acsenergylett.9b02151,AGREED_EXCLUDE,EXCLUDE:E3,passes agree,EXCLUDE:E3,,EXCLUDE:E3,passes agree,EXCLUDE:E3,,EXCLUDE:E3,passes agree,EXCLUDE:E3,,S08620,,,False,,,,,,,False,,,EXCLUDE:E3
S08626,10.1021/acs.jpcc.9b08145,AGREED_EXCLUDE,EXCLUDE:E3,passes agree,EXCLUDE:E3,,EXCLUDE:E3,passes agree,EXCLUDE:E3,,EXCLUDE:E3,v5 read,EXCLUDE:E3,,S08626,,,False,journal,,,,,,False,,,EXCLUDE:E3
S08631,10.1038/s41598-019-51979-z,AGREED_EXCLUDE,EXCLUDE:E3,passes agree,EXCLUDE:E3,,EXCLUDE:E3,passes agree,EXCLUDE:E3,,EXCLUDE:E3,passes agree,EXCLUDE:E3,,S08631,,,False,,,,,,,False,,,EXCLUDE:E3
S08656,10.1016/j.mssp.2019.104806,AGREED_EXCLUDE,EXCLUDE:E3,passes agree,EXCLUDE:E3,,EXCLUDE:E3,passes agree,EXCLUDE:E3,,EXCLUDE:E3,passes agree,EXCLUDE:E3,,S08656,,,False,,,,,,,False,,,EXCLUDE:E3
S08686,10.1021/acsami.9b14415,AGREED_EXCLUDE,EXCLUDE:E3,passes agree,EXCLUDE:E3,,EXCLUDE:E3,passes agree,EXCLUDE:E3,,EXCLUDE:E3,passes agree,EXCLUDE:E3,,S08686,,,False,,,,,,,False,,,EXCLUDE:E3
S08703,10.1038/s41598-019-52245-y,AGREED_EXCLUDE,EXCLUDE:E3,passes agree,EXCLUDE:E3,,EXCLUDE:E3,passes agree,EXCLUDE:E3,,EXCLUDE:E3,v5 read,EXCLUDE:E3,,S08703,,,False,journal,,,,,,False,,,EXCLUDE:E3
S08715,10.1016/j.electacta.2019.135158,AGREED_EXCLUDE,EXCLUDE:E3,passes agree,EXCLUDE:E3,,EXCLUDE:E3,passes agree,EXCLUDE:E3,,EXCLUDE:E3,passes agree,EXCLUDE:E3,,S08715,,,False,,,,,,,False,,,EXCLUDE:E3
S08730,10.1002/advs.201901833,AGREED_EXCLUDE,EXCLUDE:E3,passes agree,EXCLUDE:E3,,EXCLUDE:E3,passes agree,EXCLUDE:E3,,EXCLUDE:E3,passes agree,EXCLUDE:E3,,S08730,,,False,,,,,,,False,,,EXCLUDE:E3
S08766,10.1149/2.0771915jes,NEEDS_SI,EXCLUDE:E3,v3 sensitivity read,EXCLUDE:E3,,EXCLUDE:E3,v4 sensitivity read,EXCLUDE:E3,,NEEDS_SI,v5 passes,NEEDS_SI,,S08766,,,False,journal,,,,,,False,,,NEEDS_SI
S08801,10.1016/j.chemosphere.2019.125455,AGREED_EXCLUDE,EXCLUDE:E3,passes agree,EXCLUDE:E3,,EXCLUDE:E3,passes agree,EXCLUDE:E3,,EXCLUDE:E3,passes agree,EXCLUDE:E3,,S08801,,,False,,,,,,,False,,,EXCLUDE:E3
S08802,10.1002/advs.201901614,AGREED_EXCLUDE,EXCLUDE:E1,passes agree,EXCLUDE:E1,,EXCLUDE:E1,passes agree,EXCLUDE:E1,,EXCLUDE:E1,passes agree,EXCLUDE:E1,,S08802,,,False,,,,,,,False,,,EXCLUDE:E1
S08806,10.1021/acs.jpcc.9b05015,NEEDS_SI,NEEDS_SI,passes,NEEDS_SI,,NEEDS_SI,v4 read,NEEDS_SI,,NEEDS_SI,v5 read,NEEDS_SI,,S08806,,,True,journal,,,,,,False,,,NEEDS_SI
S08809,10.1007/s40820-019-0335-4,AGREED_EXCLUDE,EXCLUDE:E1,passes agree,EXCLUDE:E1,,EXCLUDE:E1,passes agree,EXCLUDE:E1,,EXCLUDE:E1,v5 read,EXCLUDE:E1,,S08809,,,False,journal,,,,,,False,,,EXCLUDE:E1
S08812,10.15421/081910,AGREED_EXCLUDE,EXCLUDE:E3,passes agree,EXCLUDE:E3,,EXCLUDE:E3,passes agree,EXCLUDE:E3,,EXCLUDE:E3,passes agree,EXCLUDE:E3,,S08812,,,False,,,,,,,False,,,EXCLUDE:E3
S08814,10.1002/anie.201913080,AGREED_EXCLUDE,EXCLUDE:E4,passes agree,EXCLUDE:E4,,UNRESOLVED,v4 read,UNRESOLVED,dated,UNRESOLVED,v5 read,UNRESOLVED,dated,S08814,,,True,journal,,,,,,False,,,UNRESOLVED
S08817,10.1021/acsaem.9b01642,AGREED_EXCLUDE,EXCLUDE:E3,passes agree,EXCLUDE:E3,,EXCLUDE:E3,passes agree,EXCLUDE:E3,,EXCLUDE:E3,passes agree,EXCLUDE:E3,,S08817,,,False,,,,,,,False,,,EXCLUDE:E3
S08829,10.1016/j.isci.2019.100756,AGREED_ELIGIBLE,ELIGIBLE,passes agree,ELIGIBLE,,ELIGIBLE,v4 read,ELIGIBLE,,UNRESOLVED,SI read: passes agree; SI adjudication 2026-09-29,UNRESOLVED,,S08829,equivalent,,True,journal,,,,,,False,,agreed,NEEDS_SI
S08847,10.1021/acscatal.9b04347,AGREED_EXCLUDE,EXCLUDE:E5,passes agree,EXCLUDE:E5,,EXCLUDE:E5,v4 read,EXCLUDE:E5,,EXCLUDE:E5,v5 read,EXCLUDE:E5,,S08847,,,False,journal,,,,,,False,scope extension needed,,EXCLUDE:E5
S08848,10.1002/smll.201905075,AGREED_EXCLUDE,EXCLUDE:E4,passes agree,EXCLUDE:E4,,EXCLUDE:E5,v4 read,EXCLUDE:E5,,EXCLUDE:E5,v5 read,EXCLUDE:E5,,S08848,,,False,journal,,,,,,False,,,EXCLUDE:E5
S08856,10.3303/cet1973019,AGREED_EXCLUDE,EXCLUDE:E3,passes agree,EXCLUDE:E3,,EXCLUDE:E3,passes agree,EXCLUDE:E3,,EXCLUDE:E3,passes agree,EXCLUDE:E3,,S08856,,,False,,,,,,,False,,,EXCLUDE:E3
S08865,10.1515/zpch-2019-1460,THIRD_READ,EXCLUDE:E1,third read,EXCLUDE:E1,,EXCLUDE:E1,third read,EXCLUDE:E1,,EXCLUDE:E1,v5 read,EXCLUDE:E1,,S08865,,,False,journal,,,,,,False,,,EXCLUDE:E1
S08873,10.1007/s10562-020-03348-z,AGREED_EXCLUDE,EXCLUDE:E3,passes agree,EXCLUDE:E3,,EXCLUDE:E3,passes agree,EXCLUDE:E3,,EXCLUDE:E3,v5 read,EXCLUDE:E3,,S08873,,,False,preprint,,,,,,False,,,EXCLUDE:E3
S08876,10.1002/chem.201905265,AGREED_EXCLUDE,EXCLUDE:E3,passes agree,EXCLUDE:E3,,EXCLUDE:E3,passes agree,EXCLUDE:E3,,EXCLUDE:E3,passes agree,EXCLUDE:E3,,S08876,,,False,,,,,,,False,,,EXCLUDE:E3
S08878,10.1039/c9cp06726d,NEEDS_SI,NEEDS_SI,passes,NEEDS_SI,,EXCLUDE:E6,v4 read,EXCLUDE:E6,,EXCLUDE:E6,v5 read,EXCLUDE:E6,,S08878,,,False,preprint,,,,,,False,,,EXCLUDE:E6
S08887,10.1149/2.0461916jes,AGREED_EXCLUDE,EXCLUDE:E3,passes agree,EXCLUDE:E3,,EXCLUDE:E3,passes agree,EXCLUDE:E3,,EXCLUDE:E3,passes agree,EXCLUDE:E3,,S08887,,,False,,,,,,,False,,,EXCLUDE:E3
S08894,10.15488/9000,THIRD_READ,EXCLUDE:E1,third read,EXCLUDE:E1,,EXCLUDE:E1,third read,EXCLUDE:E1,,EXCLUDE:E1,third read,EXCLUDE:E1,,,,,False,,,,,,,False,,,EXCLUDE:E1
S08920,10.1016/j.ijhydene.2019.11.109,AGREED_EXCLUDE,EXCLUDE:E3,passes agree,EXCLUDE:E3,,EXCLUDE:E3,passes agree,EXCLUDE:E3,,EXCLUDE:E3,passes agree,EXCLUDE:E3,,S08920,,,False,,,,,,,False,,,EXCLUDE:E3
S08932,10.1002/cnma.201900616,THIRD_READ,UNRESOLVED,third read,UNRESOLVED,text not usable,UNRESOLVED,v4 read,UNRESOLVED,text not usable,UNRESOLVED,v5 read,UNRESOLVED,text not usable,S08932,,,False,other,,,,,,False,,,UNRESOLVED
S08941,10.1016/j.mattod.2019.10.022,AGREED_EXCLUDE,EXCLUDE:E1,passes agree,EXCLUDE:E1,,EXCLUDE:E1,passes agree,EXCLUDE:E1,,EXCLUDE:E1,passes agree,EXCLUDE:E1,,S08941,,,False,,,,,,,False,,,EXCLUDE:E1
S08947,10.1007/s12613-019-1847-0,AGREED_EXCLUDE,EXCLUDE:E3,passes agree,EXCLUDE:E3,,EXCLUDE:E3,passes agree,EXCLUDE:E3,,EXCLUDE:E3,passes agree,EXCLUDE:E3,,S08947,,,False,,,,,,,False,,,EXCLUDE:E3
S08964,10.1002/adfm.202070001,RERETRIEVE,,no readable text,no readable text,,,no readable text,no readable text,,,no readable text,no readable text,,S08964,,,False,,,,,,,False,,,no readable text
S09022,10.3390/polym12010238,AGREED_EXCLUDE,EXCLUDE:E1,passes agree,EXCLUDE:E1,,EXCLUDE:E1,passes agree,EXCLUDE:E1,,EXCLUDE:E1,passes agree,EXCLUDE:E1,,S09022,,,False,,,,,,,False,,,EXCLUDE:E1
S09025,10.1002/adma.201906806,THIRD_READ,EXCLUDE:E3,third read,EXCLUDE:E3,,EXCLUDE:E3,third read,EXCLUDE:E3,,EXCLUDE:E4,v5 read,EXCLUDE:E4,,S09025,,,False,journal,,,,,,False,,,EXCLUDE:E4
S09028,10.1016/j.electacta.2020.135713,AGREED_EXCLUDE,EXCLUDE:E3,passes agree,EXCLUDE:E3,,EXCLUDE:E3,passes agree,EXCLUDE:E3,,EXCLUDE:E3,passes agree,EXCLUDE:E3,,S09028,,,False,,,,,,,False,,,EXCLUDE:E3
S09029,10.32434/0321-4095-2019-128-1-18-24,AGREED_EXCLUDE,EXCLUDE:E3,passes agree,EXCLUDE:E3,,EXCLUDE:E3,passes agree,EXCLUDE:E3,,EXCLUDE:E3,passes agree,EXCLUDE:E3,,S09029,,,False,,,,,,,False,,,EXCLUDE:E3
S09050,10.1007/s40820-019-0364-z,AGREED_EXCLUDE,EXCLUDE:E3,passes agree,EXCLUDE:E3,,EXCLUDE:E3,passes agree,EXCLUDE:E3,,EXCLUDE:E3,passes agree,EXCLUDE:E3,,S09050,,,False,,,,,,,False,,,EXCLUDE:E3
S09101,10.1007/s10562-020-03105-2,AGREED_EXCLUDE,EXCLUDE:E3,passes agree,EXCLUDE:E3,,EXCLUDE:E3,passes agree,EXCLUDE:E3,,EXCLUDE:E3,passes agree,EXCLUDE:E3,,S09101,,,False,,,,,,,False,,,EXCLUDE:E3
S09102,10.1016/j.ijhydene.2019.12.186,THIRD_READ,EXCLUDE:E3,third read,EXCLUDE:E3,,EXCLUDE:E3,third read,EXCLUDE:E3,,EXCLUDE:E3,third read,EXCLUDE:E3,,S09102,,,False,,,,,,,False,,,EXCLUDE:E3
S09190,10.1002/advs.201902102,AGREED_EXCLUDE,EXCLUDE:E1,passes agree,EXCLUDE:E1,,EXCLUDE:E1,passes agree,EXCLUDE:E1,,EXCLUDE:E1,passes agree,EXCLUDE:E1,,S09190,,,False,,,,,,,False,,,EXCLUDE:E1
S09194,10.1002/asia.202000022,AGREED_EXCLUDE,EXCLUDE:E3,passes agree,EXCLUDE:E3,,EXCLUDE:E3,passes agree,EXCLUDE:E3,,EXCLUDE:E3,passes agree,EXCLUDE:E3,,S09194,,,False,,,,,,,False,,,EXCLUDE:E3
S09214,10.1007/978-3-030-36296-6_118,AGREED_EXCLUDE,EXCLUDE:E3,passes agree,EXCLUDE:E3,,EXCLUDE:E3,passes agree,EXCLUDE:E3,,EXCLUDE:E3,passes agree,EXCLUDE:E3,,,,,False,,,,,,,False,,,EXCLUDE:E3
S09227,10.1038/s41560-020-0550-8,AGREED_EXCLUDE,EXCLUDE:E1,passes agree,EXCLUDE:E1,,EXCLUDE:E1,passes agree,EXCLUDE:E1,,EXCLUDE:E1,passes agree,EXCLUDE:E1,,S09227,,,False,,,,,,,False,,,EXCLUDE:E1
S09228,10.1039/c9dt04156g,AGREED_EXCLUDE,EXCLUDE:E3,passes agree,EXCLUDE:E3,,EXCLUDE:E3,passes agree,EXCLUDE:E3,,EXCLUDE:E3,passes agree,EXCLUDE:E3,,S09228,,,False,,,,,,,False,,,EXCLUDE:E3
S09233,10.1007/s40820-020-0387-5,AGREED_EXCLUDE,EXCLUDE:E3,passes agree,EXCLUDE:E3,,EXCLUDE:E3,passes agree,EXCLUDE:E3,,EXCLUDE:E3,passes agree,EXCLUDE:E3,,S09233,,,False,,,,,,,False,,,EXCLUDE:E3
S09241,10.1002/adfm.201910274,AGREED_EXCLUDE,EXCLUDE:E1,passes agree,EXCLUDE:E1,,EXCLUDE:E1,passes agree,EXCLUDE:E1,,EXCLUDE:E1,passes agree,EXCLUDE:E1,,S09241,,,False,,,,,,,False,,,EXCLUDE:E1
S09246,10.3390/ma13040856,AGREED_EXCLUDE,EXCLUDE:E3,passes agree,EXCLUDE:E3,,EXCLUDE:E3,passes agree,EXCLUDE:E3,,EXCLUDE:E3,passes agree,EXCLUDE:E3,,S09246,,,False,,,,,,,False,,,EXCLUDE:E3
S09265,10.48550/arxiv.2002.11521,AGREED_EXCLUDE,EXCLUDE:E3,passes agree,EXCLUDE:E3,,EXCLUDE:E3,passes agree,EXCLUDE:E3,,EXCLUDE:E3,passes agree,EXCLUDE:E3,,,,,False,,,,,,,False,,,EXCLUDE:E3
S09299,10.1021/acsomega.9b03542,AGREED_EXCLUDE,EXCLUDE:E3,passes agree,EXCLUDE:E3,,EXCLUDE:E3,passes agree,EXCLUDE:E3,,EXCLUDE:E3,passes agree,EXCLUDE:E3,,S09299,,,False,,,,,,,False,,,EXCLUDE:E3
S09318,10.1002/chem.201905063,AGREED_EXCLUDE,EXCLUDE:E3,passes agree,EXCLUDE:E3,,EXCLUDE:E3,passes agree,EXCLUDE:E3,,EXCLUDE:E3,passes agree,EXCLUDE:E3,,S09318,,,False,,,,,,,False,,,EXCLUDE:E3
S09339,10.1038/srep16138,RERETRIEVE,,no readable text,collapsed into S02198,,,no readable text,collapsed into S02198,,,no readable text,collapsed into S02198,,S02198,,,False,,,,,,,False,,,collapsed into S02198
S09346,10.1063/1.5139049,AGREED_EXCLUDE,EXCLUDE:E3,passes agree,EXCLUDE:E3,,EXCLUDE:E3,passes agree,EXCLUDE:E3,,EXCLUDE:E3,passes agree,EXCLUDE:E3,,S09346,,,False,,,,,,,False,,,EXCLUDE:E3
S09357,10.1038/s41467-020-14969-8,AGREED_EXCLUDE,EXCLUDE:E3,passes agree,EXCLUDE:E3,,EXCLUDE:E3,v4 read,EXCLUDE:E3,,EXCLUDE:E3,v5 read,EXCLUDE:E3,,S09357,,,False,journal,,,,reanalysis,unclear,True,,,EXCLUDE:E3
S09360,10.1039/c9cs00607a,AGREED_EXCLUDE,EXCLUDE:E1,passes agree,EXCLUDE:E1,,EXCLUDE:E1,passes agree,EXCLUDE:E1,,EXCLUDE:E1,passes agree,EXCLUDE:E1,,S09360,,,False,,,,,,,False,,,EXCLUDE:E1
S09363,10.1016/j.apsusc.2020.145943,AGREED_EXCLUDE,EXCLUDE:E1,passes agree,EXCLUDE:E1,,EXCLUDE:E1,passes agree,EXCLUDE:E1,,EXCLUDE:E3,v5 read,EXCLUDE:E3,,S09363,,,False,journal,,,,,,False,,,EXCLUDE:E3
S09376,10.3390/catal10030278,AGREED_EXCLUDE,EXCLUDE:E3,passes agree,EXCLUDE:E3,,EXCLUDE:E3,passes agree,EXCLUDE:E3,,EXCLUDE:E3,passes agree,EXCLUDE:E3,,S09376,,,False,,,,,,,False,,,EXCLUDE:E3
S09385,10.1002/celc.202000120,AGREED_EXCLUDE,EXCLUDE:E3,passes agree,EXCLUDE:E3,,EXCLUDE:E3,v4 read,EXCLUDE:E3,,EXCLUDE:E3,v5 read,EXCLUDE:E3,,S09385,,,True,journal,,,,reanalysis,mixed,False,,,EXCLUDE:E3
S09400,10.1063/1.5143235,THIRD_READ,ELIGIBLE,third read,ELIGIBLE,,ELIGIBLE,v4 read,ELIGIBLE,,ELIGIBLE,v5 read,ELIGIBLE,,S09400,graphical,,False,journal,graphical,direct,,,,False,,,ELIGIBLE
S09431,10.1007/s40843-019-1253-8,AGREED_EXCLUDE,EXCLUDE:E3,passes agree,EXCLUDE:E3,,EXCLUDE:E3,passes agree,EXCLUDE:E3,,EXCLUDE:E3,passes agree,EXCLUDE:E3,,S09431,,,False,,,,,,,False,,,EXCLUDE:E3
S09433,10.1002/cssc.202000213,NEEDS_SI,NEEDS_SI,passes,NEEDS_SI,,UNRESOLVED,v4 read,UNRESOLVED,,UNRESOLVED,v5 read,UNRESOLVED,,S09433,,,True,journal,,,,,,False,,,UNRESOLVED
S09442,10.1016/s1872-2067(20)63543-4,AGREED_EXCLUDE,EXCLUDE:E3,passes agree,EXCLUDE:E3,,EXCLUDE:E3,passes agree,EXCLUDE:E3,,EXCLUDE:E3,v5 read,EXCLUDE:E3,,S09442,,,False,journal,,,,,,False,,,EXCLUDE:E3
S09443,10.1039/d0ta01670e,AGREED_EXCLUDE,EXCLUDE:E1,passes agree,EXCLUDE:E1,,EXCLUDE:E1,passes agree,EXCLUDE:E1,,EXCLUDE:E1,passes agree,EXCLUDE:E1,,S09443,,,False,,,,,,,False,,,EXCLUDE:E1
S09446,10.1002/cssc.202000445,AGREED_EXCLUDE,EXCLUDE:E3,passes agree,EXCLUDE:E3,,EXCLUDE:E3,passes agree,EXCLUDE:E3,,EXCLUDE:E3,passes agree,EXCLUDE:E3,,S09446,,,False,,,,,,,False,,,EXCLUDE:E3
S09454,10.1021/acsanm.9b02412,AGREED_EXCLUDE,EXCLUDE:E3,passes agree,EXCLUDE:E3,,EXCLUDE:E3,passes agree,EXCLUDE:E3,,EXCLUDE:E3,passes agree,EXCLUDE:E3,,S09454,,,False,,,,,,,False,,,EXCLUDE:E3
S09470,10.1021/acs.jpclett.0c00335,THIRD_READ,ELIGIBLE,third read,ELIGIBLE,,UNRESOLVED,v4 read,UNRESOLVED,,UNRESOLVED,SI read: third read,UNRESOLVED,,S09470,numeric,,True,journal,numeric,direct,,,,False,,third read,UNRESOLVED
S09484,10.1039/d0sc00534g,THIRD_READ,EXCLUDE:E3,third read,EXCLUDE:E3,,EXCLUDE:E3,third read,EXCLUDE:E3,,EXCLUDE:E3,v5 read,EXCLUDE:E3,,S09484,,,False,journal,,,,,,False,,,EXCLUDE:E3
S09491,10.1021/acsami.9b19541,AGREED_EXCLUDE,EXCLUDE:E3,passes agree,EXCLUDE:E3,,EXCLUDE:E3,passes agree,EXCLUDE:E3,,EXCLUDE:E3,passes agree,EXCLUDE:E3,,S09491,,,False,,,,,,,False,,,EXCLUDE:E3
S09495,10.1021/acsomega.9b04237,AGREED_EXCLUDE,EXCLUDE:E3,passes agree,EXCLUDE:E3,,EXCLUDE:E3,passes agree,EXCLUDE:E3,,EXCLUDE:E3,passes agree,EXCLUDE:E3,,S09495,,,False,,,,,,,False,,,EXCLUDE:E3
S09499,10.1002/cnma.202000124,AGREED_EXCLUDE,EXCLUDE:E3,passes agree,EXCLUDE:E3,,EXCLUDE:E3,passes agree,EXCLUDE:E3,,EXCLUDE:E3,passes agree,EXCLUDE:E3,,S09499,,,False,,,,,,,False,,,EXCLUDE:E3
S09500,10.1021/acs.jpclett.0c00585,AGREED_EXCLUDE,EXCLUDE:E3,passes agree,EXCLUDE:E3,,EXCLUDE:E3,passes agree,EXCLUDE:E3,,EXCLUDE:E3,passes agree,EXCLUDE:E3,,S09500,,,False,,,,,,,False,,,EXCLUDE:E3
S09510,10.1007/s40820-020-0412-8,AGREED_EXCLUDE,EXCLUDE:E3,passes agree,EXCLUDE:E3,,EXCLUDE:E3,passes agree,EXCLUDE:E3,,EXCLUDE:E3,passes agree,EXCLUDE:E3,,S09510,,,False,,,,,,,False,,,EXCLUDE:E3
S09533,10.1149/1945-7111/ab805f,AGREED_EXCLUDE,EXCLUDE:E3,passes agree,EXCLUDE:E3,,EXCLUDE:E3,passes agree,EXCLUDE:E3,,EXCLUDE:E3,passes agree,EXCLUDE:E3,,S09533,,,False,,,,,,,False,,,EXCLUDE:E3
S09578,10.1093/nsr/nwaa058,AGREED_EXCLUDE,EXCLUDE:E4,passes agree,EXCLUDE:E4,,EXCLUDE:E4,passes agree,EXCLUDE:E4,,EXCLUDE:E4,v5 read,EXCLUDE:E4,,S09578,,,False,journal,,,,,,False,,,EXCLUDE:E4
S09589,10.1007/s40843-020-1282-6,AGREED_EXCLUDE,EXCLUDE:E3,passes agree,EXCLUDE:E3,,EXCLUDE:E3,passes agree,EXCLUDE:E3,,EXCLUDE:E3,passes agree,EXCLUDE:E3,,S09589,,,False,,,,,,,False,,,EXCLUDE:E3
S09604,10.1016/j.corsci.2020.108662,AGREED_EXCLUDE,EXCLUDE:E3,passes agree,EXCLUDE:E3,,EXCLUDE:E3,passes agree,EXCLUDE:E3,,EXCLUDE:E3,passes agree,EXCLUDE:E3,,S09604,,,False,,,,,,,False,,,EXCLUDE:E3
S09612,10.1186/s11671-020-03316-x,AGREED_EXCLUDE,EXCLUDE:E3,passes agree,EXCLUDE:E3,,EXCLUDE:E3,passes agree,EXCLUDE:E3,,EXCLUDE:E3,passes agree,EXCLUDE:E3,,S09612,,,False,,,,,,,False,,,EXCLUDE:E3
S09618,10.48550/arxiv.2004.09337,NEEDS_SI,NEEDS_SI,passes,NEEDS_SI,,EXCLUDE:E6,v4 read,UNRESOLVED,E6_WITHOUT_SI,UNRESOLVED,v5 read,UNRESOLVED,dated,,,,True,preprint,,,,,,False,,,UNRESOLVED
S09634,10.1007/s10800-020-01424-1,AGREED_EXCLUDE,EXCLUDE:E3,passes agree,EXCLUDE:E3,,EXCLUDE:E3,passes agree,EXCLUDE:E3,,EXCLUDE:E3,passes agree,EXCLUDE:E3,,S09634,,,False,,,,,,,False,,,EXCLUDE:E3
S09638,10.1021/acsomega.0c00638,AGREED_EXCLUDE,EXCLUDE:E3,passes agree,EXCLUDE:E3,,EXCLUDE:E3,passes agree,EXCLUDE:E3,,EXCLUDE:E3,passes agree,EXCLUDE:E3,,S09638,,,False,,,,,,,False,,,EXCLUDE:E3
S09647,,AGREED_EXCLUDE,EXCLUDE:E1,passes agree,EXCLUDE:E1,,EXCLUDE:E1,passes agree,EXCLUDE:E1,,EXCLUDE:E1,passes agree,EXCLUDE:E1,,,,,False,,,,,,,False,,,EXCLUDE:E1
S09662,10.1016/j.ijhydene.2020.03.222,AGREED_EXCLUDE,EXCLUDE:E1,passes agree,EXCLUDE:E1,,EXCLUDE:E1,passes agree,EXCLUDE:E1,,EXCLUDE:E1,passes agree,EXCLUDE:E1,,S09662,,,False,,,,,,,False,,,EXCLUDE:E1
S09676,10.1002/aenm.202000652,AGREED_EXCLUDE,EXCLUDE:E3,passes agree,EXCLUDE:E3,,EXCLUDE:E3,passes agree,EXCLUDE:E3,,EXCLUDE:E3,passes agree,EXCLUDE:E3,,S09676,,,False,,,,,,,False,,,EXCLUDE:E3
S09678,10.1039/d0ta02755c,AGREED_EXCLUDE,EXCLUDE:E1,passes agree,EXCLUDE:E1,,EXCLUDE:E1,passes agree,EXCLUDE:E1,,EXCLUDE:E1,passes agree,EXCLUDE:E1,,S09678,,,False,,,,,,,False,,,EXCLUDE:E1
S09698,10.3389/fchem.2020.00327,AGREED_EXCLUDE,EXCLUDE:E1,passes agree,EXCLUDE:E1,,EXCLUDE:E1,passes agree,EXCLUDE:E1,,EXCLUDE:E1,passes agree,EXCLUDE:E1,,S09698,,,False,,,,,,,False,,,EXCLUDE:E1
S09714,10.1038/s41929-020-0457-6,AGREED_EXCLUDE,EXCLUDE:E5,passes agree,EXCLUDE:E5,,EXCLUDE:E5,v4 read,EXCLUDE:E5,,ELIGIBLE,SI read: third read,ELIGIBLE,,S09714,,,True,journal,numeric,direct,,,,True,,third read,UNRESOLVED
S09720,10.1002/adfm.202001756,AGREED_EXCLUDE,EXCLUDE:E3,passes agree,EXCLUDE:E3,,EXCLUDE:E3,passes agree,EXCLUDE:E3,,EXCLUDE:E3,passes agree,EXCLUDE:E3,,S09720,,,False,,,,,,,False,,,EXCLUDE:E3
S09741,10.1021/acsomega.9b04077,AGREED_EXCLUDE,EXCLUDE:E3,passes agree,EXCLUDE:E3,,EXCLUDE:E3,passes agree,EXCLUDE:E3,,EXCLUDE:E3,passes agree,EXCLUDE:E3,,S09741,,,False,,,,,,,False,,,EXCLUDE:E3
S09743,10.3762/bjnano.11.62,AGREED_EXCLUDE,EXCLUDE:E4,passes agree,EXCLUDE:E4,,EXCLUDE:E4,passes agree,EXCLUDE:E4,,EXCLUDE:E3,v5 read,EXCLUDE:E3,,S09743,,,False,journal,,,,,,False,,,EXCLUDE:E3
S09761,10.1021/acsaem.0c00069,AGREED_EXCLUDE,EXCLUDE:E5,passes agree,EXCLUDE:E5,,EXCLUDE:E5,v4 read,EXCLUDE:E5,,EXCLUDE:E5,v5 read,EXCLUDE:E5,,S09761,,,False,journal,,,,,,False,,,EXCLUDE:E5
S09773,10.3390/molecules25102304,THIRD_READ,EXCLUDE:E1,third read,EXCLUDE:E1,,EXCLUDE:E1,third read,EXCLUDE:E1,,EXCLUDE:E1,v5 read,EXCLUDE:E1,,S09773,,,False,journal,,,,,,False,,,EXCLUDE:E1
S09780,10.1002/adma.201908126,NEEDS_SI,NEEDS_SI,passes,NEEDS_SI,,UNRESOLVED,v4 read,UNRESOLVED,,UNRESOLVED,v5 read,UNRESOLVED,,S09780,,,True,journal,,,,,,False,,,UNRESOLVED
S09801,10.1021/acsanm.0c01237,THIRD_READ,ELIGIBLE,third read,ELIGIBLE,,ELIGIBLE,v4 read,ELIGIBLE,,ELIGIBLE,v5 read,ELIGIBLE,,S09801,numeric,,False,journal,numeric,direct,,,,False,,,ELIGIBLE
S09803,10.1155/2020/8958043,AGREED_EXCLUDE,EXCLUDE:E1,passes agree,EXCLUDE:E1,,EXCLUDE:E1,passes agree,EXCLUDE:E1,,EXCLUDE:E1,passes agree,EXCLUDE:E1,,S09803,,,False,,,,,,,False,,,EXCLUDE:E1
S09826,10.1016/j.jcat.2020.05.008,AGREED_EXCLUDE,EXCLUDE:E1,passes agree,EXCLUDE:E1,,EXCLUDE:E1,passes agree,EXCLUDE:E1,,EXCLUDE:E1,passes agree,EXCLUDE:E1,,S09826,,,False,,,,,,,False,,,EXCLUDE:E1
S09854,10.1039/d0ta03213a,NEEDS_SI,NEEDS_SI,passes,NEEDS_SI,,NEEDS_SI,v4 read,NEEDS_SI,,NEEDS_SI,v5 read,NEEDS_SI,,S09854,numeric,,True,journal,numeric,direct,,,,False,,,NEEDS_SI
S09856,10.1002/adma.202002189,AGREED_EXCLUDE,EXCLUDE:E3,passes agree,EXCLUDE:E3,,EXCLUDE:E3,passes agree,EXCLUDE:E3,,EXCLUDE:E3,v5 read,EXCLUDE:E3,,S09856,,,False,journal,,,,,,False,,,EXCLUDE:E3
S09863,10.1021/acsomega.0c01383,AGREED_EXCLUDE,EXCLUDE:E5,passes agree,EXCLUDE:E5,,EXCLUDE:E5,v4 read,EXCLUDE:E5,,EXCLUDE:E5,v5 read,EXCLUDE:E5,,S09863,,,False,journal,,,,,,False,,,EXCLUDE:E5
S09870,10.1007/s40843-020-1305-6,AGREED_EXCLUDE,EXCLUDE:E1,passes agree,EXCLUDE:E1,,EXCLUDE:E1,passes agree,EXCLUDE:E1,,EXCLUDE:E1,passes agree,EXCLUDE:E1,,S09870,,,False,,,,,,,False,,,EXCLUDE:E1
S09879,10.5282/edoc.24146,THIRD_READ,EXCLUDE:E1,third read,EXCLUDE:E1,,EXCLUDE:E1,third read,EXCLUDE:E1,,EXCLUDE:E1,third read,EXCLUDE:E1,,,,,False,,,,,,,False,,,EXCLUDE:E1
S09886,10.1016/j.jelechem.2020.114228,AGREED_EXCLUDE,EXCLUDE:E3,passes agree,EXCLUDE:E3,,EXCLUDE:E3,passes agree,EXCLUDE:E3,,EXCLUDE:E3,passes agree,EXCLUDE:E3,,S09886,,,False,,,,,,,False,,,EXCLUDE:E3
S09897,10.1002/anie.202006756,NEEDS_SI,NEEDS_SI,passes,NEEDS_SI,,NEEDS_SI,v4 read,NEEDS_SI,,NEEDS_SI,v5 read,NEEDS_SI,,S09897,,,False,journal,relative,direct,,,,False,,,NEEDS_SI
S09913,10.1038/s41467-020-16558-1,THIRD_READ,EXCLUDE:E4,third read,EXCLUDE:E4,,EXCLUDE:E4,third read,EXCLUDE:E4,,EXCLUDE:E4,v5 read,EXCLUDE:E4,,S09913,,,False,journal,,,,,,False,,,EXCLUDE:E4
S09932,10.1021/acsaem.0c00526,AGREED_EXCLUDE,EXCLUDE:E3,passes agree,EXCLUDE:E3,,EXCLUDE:E3,passes agree,EXCLUDE:E3,,EXCLUDE:E3,passes agree,EXCLUDE:E3,,S09932,,,False,,,,,,,False,,,EXCLUDE:E3
S09938,10.1039/d0ra01996h,AGREED_EXCLUDE,EXCLUDE:E3,passes agree,EXCLUDE:E3,,EXCLUDE:E3,passes agree,EXCLUDE:E3,,EXCLUDE:E3,v5 read,EXCLUDE:E3,,S09938,,,False,journal,,,,,,False,,,EXCLUDE:E3
S09956,10.1021/acs.jpclett.0c01258,AGREED_EXCLUDE,EXCLUDE:E3,passes agree,EXCLUDE:E3,,EXCLUDE:E3,passes agree,EXCLUDE:E3,,EXCLUDE:E3,passes agree,EXCLUDE:E3,,S09956,,,False,,,,,,,False,,,EXCLUDE:E3
S09964,10.1039/d0sc01052a,AGREED_EXCLUDE,EXCLUDE:E3,passes agree,EXCLUDE:E3,,EXCLUDE:E3,passes agree,EXCLUDE:E3,,EXCLUDE:E6,public evidence recovery 2026-10-01: independent reads reviewed,EXCLUDE:E6,,S09964,,,False,journal,,,,,,False,,recovery reviewed,NEEDS_SI
S09999,10.1039/d0cy00470g,AGREED_EXCLUDE,EXCLUDE:E3,passes agree,EXCLUDE:E3,,EXCLUDE:E3,passes agree,EXCLUDE:E3,,EXCLUDE:E3,passes agree,EXCLUDE:E3,,S09999,,,False,,,,,,,False,,,EXCLUDE:E3
S10068,10.1002/aenm.202001600,AGREED_EXCLUDE,EXCLUDE:E3,passes agree,EXCLUDE:E3,,EXCLUDE:E3,passes agree,EXCLUDE:E3,,EXCLUDE:E3,v5 read,EXCLUDE:E3,,S10068,,,False,journal,,,,,,False,,,EXCLUDE:E3
S10076,10.1021/acs.chemmater.0c01894,NEEDS_SI,NEEDS_SI,passes,NEEDS_SI,,NEEDS_SI,v4 read,NEEDS_SI,,ELIGIBLE,SI read: third read,ELIGIBLE,,S10076,,,True,journal,numeric,direct,,,,False,,third read,NEEDS_SI
S10090,10.1002/cctc.202000617,THIRD_READ,ELIGIBLE,third read,ELIGIBLE,,ELIGIBLE,v4 read,ELIGIBLE,,ELIGIBLE,v5 read,ELIGIBLE,,S10090,numeric,,True,journal,numeric,direct,,,,True,,,ELIGIBLE
S10097,10.1016/j.apcatb.2020.119277,AGREED_EXCLUDE,EXCLUDE:E3,passes agree,EXCLUDE:E3,,EXCLUDE:E3,passes agree,EXCLUDE:E3,,EXCLUDE:E3,passes agree,EXCLUDE:E3,,S10097,,,False,,,,,,,False,,,EXCLUDE:E3
S10120,10.1021/acs.chemmater.0c01884,AGREED_EXCLUDE,EXCLUDE:E3,passes agree,EXCLUDE:E3,,EXCLUDE:E3,passes agree,EXCLUDE:E3,,EXCLUDE:E3,passes agree,EXCLUDE:E3,,S10120,,,False,,,,,,,False,,,EXCLUDE:E3
S10125,10.1021/acscentsci.0c00604,AGREED_EXCLUDE,EXCLUDE:E4,passes agree,EXCLUDE:E4,,EXCLUDE:E4,passes agree,EXCLUDE:E4,,EXCLUDE:E4,SI read: passes agree,EXCLUDE:E4,,S10125,,,False,journal,,,,,,False,,agreed,EXCLUDE:E5
S10144,10.1007/s10717-020-00245-0,AGREED_EXCLUDE,EXCLUDE:E3,passes agree,EXCLUDE:E3,,EXCLUDE:E3,passes agree,EXCLUDE:E3,,EXCLUDE:E3,passes agree,EXCLUDE:E3,,S10144,,,False,,,,,,,False,,,EXCLUDE:E3
S10156,10.1093/nsr/nwaa151,AGREED_EXCLUDE,EXCLUDE:E3,passes agree,EXCLUDE:E3,,EXCLUDE:E3,passes agree,EXCLUDE:E3,,EXCLUDE:E3,v5 read,EXCLUDE:E3,,S10156,,,False,journal,,,,,,False,,,EXCLUDE:E3
S10180,10.1039/c9nr10908k,AGREED_EXCLUDE,EXCLUDE:E3,passes agree,EXCLUDE:E3,,EXCLUDE:E3,passes agree,EXCLUDE:E3,,EXCLUDE:E5,v5 read,EXCLUDE:E5,,S10180,,,False,journal,,,,,,False,,,EXCLUDE:E5
S10240,10.15541/jim20200105,AGREED_EXCLUDE,EXCLUDE:E1,passes agree,EXCLUDE:E1,,EXCLUDE:E1,passes agree,EXCLUDE:E1,,EXCLUDE:E1,passes agree,EXCLUDE:E1,,S10240,,,False,,,,,,,False,,,EXCLUDE:E1
S10275,10.1021/acsami.0c08969,AGREED_EXCLUDE,EXCLUDE:E3,passes agree,EXCLUDE:E3,,EXCLUDE:E3,passes agree,EXCLUDE:E3,,EXCLUDE:E3,passes agree,EXCLUDE:E3,,S10275,,,False,,,,,,,False,,,EXCLUDE:E3
S10312,10.1002/adfm.202003935,AGREED_EXCLUDE,EXCLUDE:E3,passes agree,EXCLUDE:E3,,EXCLUDE:E3,passes agree,EXCLUDE:E3,,EXCLUDE:E3,passes agree,EXCLUDE:E3,,S10312,,,False,,,,,,,False,,,EXCLUDE:E3
S10322,10.1016/j.jelechem.2020.114471,AGREED_EXCLUDE,EXCLUDE:E3,passes agree,EXCLUDE:E3,,EXCLUDE:E3,passes agree,EXCLUDE:E3,,EXCLUDE:E3,passes agree,EXCLUDE:E3,,S10322,,,False,,,,,,,False,,,EXCLUDE:E3
S10323,10.34626/tb1x-8j22,THIRD_READ,EXCLUDE:E1,third read,EXCLUDE:E1,,EXCLUDE:E1,third read,EXCLUDE:E1,,EXCLUDE:E1,third read,EXCLUDE:E1,,,,,False,,,,,,,False,,,EXCLUDE:E1
S10346,10.5599/jese.806,AGREED_EXCLUDE,EXCLUDE:E3,passes agree,EXCLUDE:E3,,EXCLUDE:E3,passes agree,EXCLUDE:E3,,EXCLUDE:E3,passes agree,EXCLUDE:E3,,S10346,,,False,,,,,,,False,,,EXCLUDE:E3
S10352,10.1021/acs.jpcc.0c06392,AGREED_EXCLUDE,EXCLUDE:E3,passes agree,EXCLUDE:E3,,EXCLUDE:E3,passes agree,EXCLUDE:E3,,EXCLUDE:E3,passes agree,EXCLUDE:E3,,S10352,,,False,,,,,,,False,,,EXCLUDE:E3
S10358,10.1017/s1431927620024046,AGREED_EXCLUDE,EXCLUDE:E1,passes agree,EXCLUDE:E1,,EXCLUDE:E1,passes agree,EXCLUDE:E1,,EXCLUDE:E1,v5 read,EXCLUDE:E1,,S10358,,,False,other,,,,,,False,,,EXCLUDE:E1
S10362,10.1039/d0sc01882a,AGREED_EXCLUDE,EXCLUDE:E3,passes agree,EXCLUDE:E3,,EXCLUDE:E3,passes agree,EXCLUDE:E3,,EXCLUDE:E3,v5 read,EXCLUDE:E3,,S10362,,,False,journal,,,,,,False,,,EXCLUDE:E3
S10395,10.1007/s40843-020-1390-6,THIRD_READ,ELIGIBLE,third read,ELIGIBLE,,ELIGIBLE,v4 read,ELIGIBLE,,ELIGIBLE,v5 read,ELIGIBLE,,S10395,numeric,,False,journal,numeric,direct,,,,False,,,ELIGIBLE
S10399,10.1016/j.matt.2020.07.021,AGREED_EXCLUDE,EXCLUDE:E3,passes agree,EXCLUDE:E3,,EXCLUDE:E3,passes agree,EXCLUDE:E3,,EXCLUDE:E3,passes agree,EXCLUDE:E3,,S10399,,,False,,,,,,,False,,,EXCLUDE:E3
S10412,10.1021/acs.jpclett.0c01805,THIRD_READ,EXCLUDE:E3,third read,EXCLUDE:E3,,EXCLUDE:E3,third read,EXCLUDE:E3,,EXCLUDE:E3,v5 read,EXCLUDE:E3,,S10412,,,False,journal,,,,,,False,,,EXCLUDE:E3
S10429,10.1016/j.apcatb.2020.119394,AGREED_EXCLUDE,EXCLUDE:E4,passes agree,EXCLUDE:E4,,EXCLUDE:E4,passes agree,EXCLUDE:E4,,EXCLUDE:E4,v5 read,EXCLUDE:E4,,S10429,,,False,journal,,,,,,False,,,EXCLUDE:E4
S10439,10.1021/acscatal.0c01862,AGREED_EXCLUDE,EXCLUDE:E1,passes agree,EXCLUDE:E1,,EXCLUDE:E1,passes agree,EXCLUDE:E1,,EXCLUDE:E1,passes agree,EXCLUDE:E1,,S10439,,,False,,,,,,,False,,,EXCLUDE:E1
S10472,10.25534/tuprints-00011914,AGREED_EXCLUDE,EXCLUDE:E1,passes agree,EXCLUDE:E1,,EXCLUDE:E1,passes agree,EXCLUDE:E1,,EXCLUDE:E1,passes agree,EXCLUDE:E1,,,,,False,,,,,,,False,,,EXCLUDE:E1
S10492,10.1002/chem.202000955,AGREED_EXCLUDE,EXCLUDE:E3,passes agree,EXCLUDE:E3,,EXCLUDE:E3,passes agree,EXCLUDE:E3,,EXCLUDE:E3,passes agree,EXCLUDE:E3,,S10492,,,False,,,,,,,False,,,EXCLUDE:E3
S10507,10.1038/s41598-020-69723-3,AGREED_EXCLUDE,EXCLUDE:E3,passes agree,EXCLUDE:E3,,EXCLUDE:E3,passes agree,EXCLUDE:E3,,EXCLUDE:E3,v5 read,EXCLUDE:E3,,S10507,,,False,journal,,,,,,False,,,EXCLUDE:E3
S10531,10.4314/ijbcs.v14i4.25,AGREED_EXCLUDE,EXCLUDE:E3,passes agree,EXCLUDE:E3,,EXCLUDE:E3,passes agree,EXCLUDE:E3,,EXCLUDE:E3,passes agree,EXCLUDE:E3,,S10531,,,False,,,,,,,False,,,EXCLUDE:E3
S10562,10.4028/www.scientific.net/kem.861.401,AGREED_EXCLUDE,EXCLUDE:E3,passes agree,EXCLUDE:E3,,EXCLUDE:E3,passes agree,EXCLUDE:E3,,EXCLUDE:E3,passes agree,EXCLUDE:E3,,S10562,,,False,,,,,,,False,,,EXCLUDE:E3
S10565,10.1007/s40843-020-1424-2,AGREED_EXCLUDE,EXCLUDE:E4,passes agree,EXCLUDE:E4,,EXCLUDE:E4,passes agree,EXCLUDE:E4,,EXCLUDE:E4,v5 read,EXCLUDE:E4,,S10565,,,False,journal,,,,,,False,,,EXCLUDE:E4
S10586,10.3390/ma13183918,AGREED_EXCLUDE,EXCLUDE:E3,passes agree,EXCLUDE:E3,,EXCLUDE:E3,passes agree,EXCLUDE:E3,,EXCLUDE:E3,passes agree,EXCLUDE:E3,,S10586,,,False,,,,,,,False,,,EXCLUDE:E3
S10616,10.1039/d0cc04387g,THIRD_READ,EXCLUDE:E1,third read,EXCLUDE:E1,,EXCLUDE:E1,third read,EXCLUDE:E1,,EXCLUDE:E1,v5 read,EXCLUDE:E1,,S10616,,,False,journal,,,,,,False,,,EXCLUDE:E1
S10621,10.3390/ma13184019,AGREED_EXCLUDE,EXCLUDE:E3,passes agree,EXCLUDE:E3,,EXCLUDE:E3,passes agree,EXCLUDE:E3,,EXCLUDE:E3,passes agree,EXCLUDE:E3,,S10621,,,False,,,,,,,False,,,EXCLUDE:E3
S10641,10.1007/s10008-020-04815-8,AGREED_EXCLUDE,EXCLUDE:E1,passes agree,EXCLUDE:E1,,EXCLUDE:E1,passes agree,EXCLUDE:E1,,EXCLUDE:E1,passes agree,EXCLUDE:E1,,S10641,,,False,,,,,,,False,,,EXCLUDE:E1
S10643,10.3389/fchem.2020.00817,AGREED_EXCLUDE,EXCLUDE:E1,passes agree,EXCLUDE:E1,,EXCLUDE:E1,passes agree,EXCLUDE:E1,,EXCLUDE:E1,passes agree,EXCLUDE:E1,,S10643,,,False,,,,,,,False,,,EXCLUDE:E1
S10647,10.1016/j.jelechem.2020.114661,AGREED_EXCLUDE,EXCLUDE:E1,passes agree,EXCLUDE:E1,,EXCLUDE:E1,passes agree,EXCLUDE:E1,,EXCLUDE:E1,passes agree,EXCLUDE:E1,,S10647,,,False,,,,,,,False,,,EXCLUDE:E1
S10649,10.48550/arxiv.2009.08223,AGREED_EXCLUDE,EXCLUDE:E3,passes agree,collapsed into S11576,,EXCLUDE:E3,passes agree,collapsed into S11576,,EXCLUDE:E3,v5 read,collapsed into S11576,,S11576,,,False,preprint,,,,,,False,,,collapsed into S11576
S10653,10.1002/admi.202000828,AGREED_EXCLUDE,EXCLUDE:E3,passes agree,EXCLUDE:E3,,EXCLUDE:E3,passes agree,EXCLUDE:E3,,EXCLUDE:E3,passes agree,EXCLUDE:E3,,S10653,,,False,,,,,,,False,,,EXCLUDE:E3
S10715,10.1016/j.apcatb.2020.119571,AGREED_EXCLUDE,EXCLUDE:E3,passes agree,EXCLUDE:E3,,EXCLUDE:E3,passes agree,EXCLUDE:E3,,EXCLUDE:E3,passes agree,EXCLUDE:E3,,S10715,,,False,,,,,,,False,,,EXCLUDE:E3
S10721,10.1039/d0ta07707k,AGREED_EXCLUDE,EXCLUDE:E3,passes agree,EXCLUDE:E3,,EXCLUDE:E3,passes agree,EXCLUDE:E3,,EXCLUDE:E3,passes agree,EXCLUDE:E3,,S10721,,,False,,,,,,,False,,,EXCLUDE:E3
S10739,10.1063/5.0014913,AGREED_EXCLUDE,EXCLUDE:E3,passes agree,EXCLUDE:E3,,EXCLUDE:E3,passes agree,EXCLUDE:E3,,EXCLUDE:E3,passes agree,EXCLUDE:E3,,S10739,,,False,,,,,,,False,,,EXCLUDE:E3
S10741,10.1103/physrevlett.125.206101,THIRD_READ,EXCLUDE:E3,third read,EXCLUDE:E3,,EXCLUDE:E3,third read,EXCLUDE:E3,,EXCLUDE:E3,v5 read,EXCLUDE:E3,,S10741,,,False,preprint,,,,,,False,,,EXCLUDE:E3
S10759,10.1039/d0se01305f,THIRD_READ,EXCLUDE:E1,third read,EXCLUDE:E1,,EXCLUDE:E1,third read,EXCLUDE:E1,,EXCLUDE:E1,third read,EXCLUDE:E1,,S10759,,,False,,,,,,,False,,,EXCLUDE:E1
S10762,10.1002/advs.202002242,AGREED_EXCLUDE,EXCLUDE:E3,passes agree,EXCLUDE:E3,,EXCLUDE:E3,passes agree,EXCLUDE:E3,,EXCLUDE:E3,passes agree,EXCLUDE:E3,,S10762,,,False,,,,,,,False,,,EXCLUDE:E3
S10772,10.1039/d0cp03811c,AGREED_EXCLUDE,EXCLUDE:E3,passes agree,EXCLUDE:E3,,EXCLUDE:E3,passes agree,EXCLUDE:E3,,EXCLUDE:E3,passes agree,EXCLUDE:E3,,S10772,,,False,,,,,,,False,,,EXCLUDE:E3
S10824,10.18419/opus-10359,THIRD_READ,EXCLUDE:E1,third read,EXCLUDE:E1,,EXCLUDE:E1,third read,EXCLUDE:E1,,EXCLUDE:E1,third read,EXCLUDE:E1,,,,,False,,,,,,,False,,,EXCLUDE:E1
S10844,10.17185/duepublico/72688,AGREED_EXCLUDE,EXCLUDE:E1,passes agree,EXCLUDE:E1,,EXCLUDE:E1,passes agree,EXCLUDE:E1,,EXCLUDE:E1,passes agree,EXCLUDE:E1,,,,,False,,,,,,,False,,,EXCLUDE:E1
S10886,10.1016/j.ijhydene.2020.09.239,AGREED_EXCLUDE,EXCLUDE:E3,passes agree,EXCLUDE:E3,,EXCLUDE:E3,passes agree,EXCLUDE:E3,,EXCLUDE:E3,passes agree,EXCLUDE:E3,,S10886,,,False,,,,,,,False,,,EXCLUDE:E3
S10895,10.3389/fchem.2020.593272,AGREED_EXCLUDE,EXCLUDE:E3,passes agree,EXCLUDE:E3,,EXCLUDE:E3,passes agree,EXCLUDE:E3,,EXCLUDE:E3,passes agree,EXCLUDE:E3,,S10895,,,False,,,,,,,False,,,EXCLUDE:E3
S10906,10.1038/s41467-020-19212-y,NEEDS_SI,NEEDS_SI,passes,NEEDS_SI,,ELIGIBLE,v4 read,ELIGIBLE,,ELIGIBLE,SI read: third read,UNRESOLVED,SI verification: E4 (FCC vs rutile),S10906,equivalent,,True,journal,numeric,equivalent,,,,False,,third read,NEEDS_SI
S10954,10.13171/mjc10802010271525ko,AGREED_EXCLUDE,EXCLUDE:E3,passes agree,EXCLUDE:E3,,EXCLUDE:E3,passes agree,EXCLUDE:E3,,EXCLUDE:E3,passes agree,EXCLUDE:E3,,S10954,,,False,,,,,,,False,,,EXCLUDE:E3
S10961,10.1039/d0ee03244a,AGREED_EXCLUDE,EXCLUDE:E3,passes agree,EXCLUDE:E3,,EXCLUDE:E3,passes agree,EXCLUDE:E3,,EXCLUDE:E3,v5 read,EXCLUDE:E3,,S10961,,,False,journal,,,,,,False,,,EXCLUDE:E3
S10970,10.1016/j.electacta.2020.137327,AGREED_EXCLUDE,EXCLUDE:E3,passes agree,EXCLUDE:E3,,EXCLUDE:E3,passes agree,EXCLUDE:E3,,EXCLUDE:E3,v5 read,EXCLUDE:E3,,S10970,,,False,preprint,,,,,,False,,,EXCLUDE:E3
S11005,10.3389/fenrg.2020.571704,AGREED_EXCLUDE,EXCLUDE:E3,passes agree,EXCLUDE:E3,,EXCLUDE:E3,passes agree,EXCLUDE:E3,,EXCLUDE:E3,v5 read,EXCLUDE:E3,,S11005,,,False,journal,,,,,,False,,,EXCLUDE:E3
S11009,10.1021/acscatal.0c03006,THIRD_READ,EXCLUDE:E3,third read,EXCLUDE:E3,,EXCLUDE:E3,v4 read,EXCLUDE:E3,,EXCLUDE:E3,v5 read,EXCLUDE:E3,,S11009,,,False,journal,,,,,,True,,,EXCLUDE:E3
S11013,10.25560/80385,THIRD_READ,EXCLUDE:E1,third read,EXCLUDE:E1,,EXCLUDE:E1,third read,EXCLUDE:E1,,EXCLUDE:E1,third read,EXCLUDE:E1,,S11013,,,False,,,,,,,False,,,EXCLUDE:E1
S11025,10.1515/ntrev-2020-0085,THIRD_READ,EXCLUDE:E1,third read,EXCLUDE:E1,,EXCLUDE:E1,third read,EXCLUDE:E1,,EXCLUDE:E1,third read,EXCLUDE:E1,,S11025,,,False,,,,,,,False,,,EXCLUDE:E1
S11027,10.1039/d0cc06282k,AGREED_ELIGIBLE,ELIGIBLE,passes agree,ELIGIBLE,,ELIGIBLE,v4 read,ELIGIBLE,,ELIGIBLE,v5 read,ELIGIBLE,,S11027,numeric,,False,journal,numeric,direct,,,,False,,,ELIGIBLE
S11030,10.1002/advs.202002458,AGREED_EXCLUDE,EXCLUDE:E1,passes agree,EXCLUDE:E1,,EXCLUDE:E1,passes agree,EXCLUDE:E1,,EXCLUDE:E1,passes agree,EXCLUDE:E1,,S11030,,,False,,,,,,,False,,,EXCLUDE:E1
S11034,10.1007/s12678-020-00615-w,AGREED_EXCLUDE,EXCLUDE:E3,passes agree,EXCLUDE:E3,,EXCLUDE:E3,passes agree,EXCLUDE:E3,,EXCLUDE:E3,passes agree,EXCLUDE:E3,,S11034,,,False,,,,,,,False,,,EXCLUDE:E3
S11060,10.1103/physrevapplied.9.044038,AGREED_EXCLUDE,EXCLUDE:E3,passes agree,EXCLUDE:E3,,EXCLUDE:E3,passes agree,EXCLUDE:E3,,EXCLUDE:E3,v5 read,EXCLUDE:E3,,S11060,,,False,preprint,,,,,,False,,,EXCLUDE:E3
S11074,10.1021/acssuschemeng.0c06782,AGREED_EXCLUDE,EXCLUDE:E3,passes agree,EXCLUDE:E3,,EXCLUDE:E3,passes agree,EXCLUDE:E3,,EXCLUDE:E3,passes agree,EXCLUDE:E3,,S11074,,,False,,,,,,,False,,,EXCLUDE:E3
S11082,10.1002/er.6204,AGREED_EXCLUDE,EXCLUDE:E3,passes agree,EXCLUDE:E3,,EXCLUDE:E3,passes agree,EXCLUDE:E3,,EXCLUDE:E3,passes agree,EXCLUDE:E3,,S11082,,,False,,,,,,,False,,,EXCLUDE:E3
S11089,10.3390/nano10112260,AGREED_EXCLUDE,EXCLUDE:E1,passes agree,EXCLUDE:E1,,EXCLUDE:E1,passes agree,EXCLUDE:E1,,EXCLUDE:E1,passes agree,EXCLUDE:E1,,S11089,,,False,,,,,,,False,,,EXCLUDE:E1
S11096,10.1016/j.xcrp.2020.100260,AGREED_EXCLUDE,EXCLUDE:E3,passes agree,EXCLUDE:E3,,EXCLUDE:E3,passes agree,EXCLUDE:E3,,EXCLUDE:E3,v5 read,EXCLUDE:E3,,S11096,,,False,journal,,,,,,False,,,EXCLUDE:E3
S11102,10.1016/j.jcat.2021.02.026,THIRD_READ,ELIGIBLE,third read,ELIGIBLE,,ELIGIBLE,v4 read,ELIGIBLE,,ELIGIBLE,v5 read,ELIGIBLE,,S11102,numeric,,False,journal,numeric,direct,,,,False,,,ELIGIBLE
S11105,10.1016/j.cclet.2020.11.051,AGREED_EXCLUDE,EXCLUDE:E1,passes agree,EXCLUDE:E1,,EXCLUDE:E1,passes agree,EXCLUDE:E1,,EXCLUDE:E1,passes agree,EXCLUDE:E1,,S11105,,,False,,,,,,,False,,,EXCLUDE:E1
S11124,10.1021/acscatal.0c03866,AGREED_EXCLUDE,EXCLUDE:E3,passes agree,EXCLUDE:E3,,EXCLUDE:E3,passes agree,EXCLUDE:E3,,EXCLUDE:E3,passes agree,EXCLUDE:E3,,S11124,,,False,,,,,,,False,,,EXCLUDE:E3
S11133,10.1595/205651321x16067419458185,AGREED_EXCLUDE,EXCLUDE:E1,passes agree,EXCLUDE:E1,,EXCLUDE:E1,passes agree,EXCLUDE:E1,,EXCLUDE:E1,passes agree,EXCLUDE:E1,,S11133,,,False,,,,,,,False,,,EXCLUDE:E1
S11146,10.1002/cnma.202000526,AGREED_EXCLUDE,EXCLUDE:E3,passes agree,EXCLUDE:E3,,EXCLUDE:E3,passes agree,EXCLUDE:E3,,EXCLUDE:E3,passes agree,EXCLUDE:E3,,S11146,,,False,,,,,,,False,,,EXCLUDE:E3
S11157,10.1039/d0ra07781j,AGREED_EXCLUDE,EXCLUDE:E3,passes agree,EXCLUDE:E3,,EXCLUDE:E3,passes agree,EXCLUDE:E3,,EXCLUDE:E3,v5 read,EXCLUDE:E3,,S11157,,,False,journal,,,,,,False,,,EXCLUDE:E3
S11202,10.1016/j.ijhydene.2020.10.244,AGREED_EXCLUDE,EXCLUDE:E3,passes agree,EXCLUDE:E3,,EXCLUDE:E3,passes agree,EXCLUDE:E3,,EXCLUDE:E3,passes agree,EXCLUDE:E3,,S11202,,,False,,,,,,,False,,,EXCLUDE:E3
S11209,10.1021/acssuschemeng.0c04682,AGREED_EXCLUDE,EXCLUDE:E3,passes agree,EXCLUDE:E3,,EXCLUDE:E3,passes agree,EXCLUDE:E3,,EXCLUDE:E3,v5 read,EXCLUDE:E3,,S11209,,,False,journal,,,,,,False,,,EXCLUDE:E3
S11222,10.1002/aenm.202002204,AGREED_EXCLUDE,EXCLUDE:E3,passes agree,EXCLUDE:E3,,EXCLUDE:E3,passes agree,EXCLUDE:E3,,EXCLUDE:E3,passes agree,EXCLUDE:E3,,S11222,,,False,,,,,,,False,,,EXCLUDE:E3
S11236,10.1039/d0cc07077g,AGREED_EXCLUDE,EXCLUDE:E3,passes agree,EXCLUDE:E3,,EXCLUDE:E3,passes agree,EXCLUDE:E3,,EXCLUDE:E3,passes agree,EXCLUDE:E3,,S11236,,,False,,,,,,,False,,,EXCLUDE:E3
S11251,10.1002/celc.202001465,THIRD_READ,EXCLUDE:E1,third read,EXCLUDE:E1,,EXCLUDE:E1,third read,EXCLUDE:E1,,EXCLUDE:E1,v5 read,EXCLUDE:E1,,S11251,,,False,journal,,,,,,False,,,EXCLUDE:E1
S11252,10.1021/acsanm.0c02739,AGREED_EXCLUDE,EXCLUDE:E3,passes agree,EXCLUDE:E3,,EXCLUDE:E3,passes agree,EXCLUDE:E3,,EXCLUDE:E3,passes agree,EXCLUDE:E3,,S11252,,,False,,,,,,,False,,,EXCLUDE:E3
S11255,10.17222/mit.2020.030,AGREED_EXCLUDE,EXCLUDE:E3,passes agree,EXCLUDE:E3,,EXCLUDE:E3,passes agree,EXCLUDE:E3,,EXCLUDE:E3,passes agree,EXCLUDE:E3,,S11255,,,False,,,,,,,False,,,EXCLUDE:E3
S11259,10.26565/2220-637x-2020-34-01,AGREED_EXCLUDE,EXCLUDE:E1,passes agree,EXCLUDE:E1,,EXCLUDE:E1,passes agree,EXCLUDE:E1,,EXCLUDE:E1,passes agree,EXCLUDE:E1,,S11259,,,False,,,,,,,False,,,EXCLUDE:E1
S11279,10.1016/j.cej.2020.128155,NEEDS_SI,NEEDS_SI,passes,NEEDS_SI,,NEEDS_SI,v4 read,NEEDS_SI,,NEEDS_SI,v5 read,NEEDS_SI,,S11279,,,True,journal,,,,,,True,,,NEEDS_SI
S11310,10.1002/adfm.202009610,NEEDS_SI,NEEDS_SI,passes,NEEDS_SI,,NEEDS_SI,v4 read,NEEDS_SI,,ELIGIBLE,downloaded Wiley SI 2026-10-02: independent reads reviewed,ELIGIBLE,,S11310,,,True,journal,relative,equivalent,,,,False,,recovery reviewed,NEEDS_SI
S11312,10.1039/d0ra07563a,AGREED_EXCLUDE,EXCLUDE:E3,passes agree,EXCLUDE:E3,,EXCLUDE:E3,passes agree,EXCLUDE:E3,,EXCLUDE:E3,passes agree,EXCLUDE:E3,,S11312,,,False,,,,,,,False,,,EXCLUDE:E3
S11328,10.14943/doctoral.k13392,THIRD_READ,EXCLUDE:E1,third read,EXCLUDE:E1,,EXCLUDE:E1,third read,EXCLUDE:E1,,EXCLUDE:E1,v5 read,EXCLUDE:E1,,S11328,,,False,other,,,,,,False,,,EXCLUDE:E1
S11340,10.1021/acscatal.0c04741,AGREED_EXCLUDE,EXCLUDE:E3,passes agree,EXCLUDE:E3,,EXCLUDE:E3,passes agree,EXCLUDE:E3,,EXCLUDE:E3,passes agree,EXCLUDE:E3,,S11340,,,False,,,,,,,False,,,EXCLUDE:E3
S11341,10.5937/savteh2002079j,THIRD_READ,EXCLUDE:E1,third read,EXCLUDE:E1,,EXCLUDE:E1,third read,EXCLUDE:E1,,EXCLUDE:E1,third read,EXCLUDE:E1,,S11341,,,False,,,,,,,False,,,EXCLUDE:E1
S11346,10.1002/ente.202000855,THIRD_READ,EXCLUDE:E1,third read,EXCLUDE:E1,,EXCLUDE:E1,third read,EXCLUDE:E1,,EXCLUDE:E1,v5 read,EXCLUDE:E1,,S11346,,,False,journal,,,,,,False,,,EXCLUDE:E1
S11392,10.21203/rs.3.rs-118932/v1,THIRD_READ,EXCLUDE:E3,third read,EXCLUDE:E3,,NEEDS_SI,v4 read,NEEDS_SI,,NEEDS_SI,v5 read,NEEDS_SI,,,,,True,preprint,,,,,,False,,,NEEDS_SI
S11393,10.1002/er.6336,AGREED_EXCLUDE,EXCLUDE:E1,passes agree,EXCLUDE:E1,,EXCLUDE:E1,passes agree,EXCLUDE:E1,,EXCLUDE:E1,passes agree,EXCLUDE:E1,,S11393,,,False,,,,,,,False,,,EXCLUDE:E1
S11424,10.3390/molecules26020277,AGREED_EXCLUDE,EXCLUDE:E3,passes agree,EXCLUDE:E3,,EXCLUDE:E3,passes agree,EXCLUDE:E3,,EXCLUDE:E3,passes agree,EXCLUDE:E3,,S11424,,,False,,,,,,,False,,,EXCLUDE:E3
S11445,10.3390/app11020551,THIRD_READ,EXCLUDE:E3,third read,EXCLUDE:E3,,EXCLUDE:E3,third read,EXCLUDE:E3,,EXCLUDE:E3,v5 read,EXCLUDE:E3,,S11445,,,False,journal,,,,,,False,,,EXCLUDE:E3
S11449,10.3390/polym13020190,AGREED_EXCLUDE,EXCLUDE:E3,passes agree,EXCLUDE:E3,,EXCLUDE:E3,passes agree,EXCLUDE:E3,,EXCLUDE:E3,passes agree,EXCLUDE:E3,,S11449,,,False,,,,,,,False,,,EXCLUDE:E3
S11452,10.1039/d0ra08575h,AGREED_EXCLUDE,EXCLUDE:E3,passes agree,EXCLUDE:E3,,EXCLUDE:E3,passes agree,EXCLUDE:E3,,EXCLUDE:E3,passes agree,EXCLUDE:E3,,S11452,,,False,,,,,,,False,,,EXCLUDE:E3
S11456,10.21203/rs.3.rs-66651/v1,AGREED_EXCLUDE,EXCLUDE:E3,passes agree,EXCLUDE:E3,,EXCLUDE:E3,passes agree,EXCLUDE:E3,,EXCLUDE:E3,passes agree,EXCLUDE:E3,,,,,False,,,,,,,False,,,EXCLUDE:E3
S11488,10.1038/s41467-021-22296-9,AGREED_EXCLUDE,EXCLUDE:E3,passes agree,EXCLUDE:E3,,EXCLUDE:E3,passes agree,EXCLUDE:E3,,EXCLUDE:E3,passes agree,EXCLUDE:E3,,S11488,,,False,,,,,,,False,,,EXCLUDE:E3
S11498,10.3390/ma14020383,AGREED_EXCLUDE,EXCLUDE:E1,passes agree,EXCLUDE:E1,,EXCLUDE:E1,passes agree,EXCLUDE:E1,,EXCLUDE:E1,passes agree,EXCLUDE:E1,,S11498,,,False,,,,,,,False,,,EXCLUDE:E1
S11503,10.1021/acs.inorgchem.0c03262,THIRD_READ,EXCLUDE:E3,third read,EXCLUDE:E3,,EXCLUDE:E3,third read,EXCLUDE:E3,,EXCLUDE:E3,v5 read,EXCLUDE:E3,,S11503,,,False,journal,,,,,,False,,,EXCLUDE:E3
S11508,10.2473/journalofmmij.131.572,AGREED_EXCLUDE,EXCLUDE:E3,passes agree,EXCLUDE:E3,,EXCLUDE:E3,passes agree,EXCLUDE:E3,,EXCLUDE:E3,passes agree,EXCLUDE:E3,,S11508,,,False,,,,,,,False,,,EXCLUDE:E3
S11511,10.1007/s12678-020-00610-1,AGREED_EXCLUDE,EXCLUDE:E1,passes agree,EXCLUDE:E1,,EXCLUDE:E1,passes agree,EXCLUDE:E1,,EXCLUDE:E1,passes agree,EXCLUDE:E1,,S11511,,,False,,,,,,,False,,,EXCLUDE:E1
S11531,10.3389/fenrg.2020.613092,AGREED_EXCLUDE,EXCLUDE:E1,passes agree,EXCLUDE:E1,,EXCLUDE:E1,passes agree,EXCLUDE:E1,,EXCLUDE:E1,passes agree,EXCLUDE:E1,,S11531,,,False,,,,,,,False,,,EXCLUDE:E1
S11541,10.20944/preprints201811.0077.v2,THIRD_READ,EXCLUDE:E1,third read,EXCLUDE:E1,,EXCLUDE:E1,third read,EXCLUDE:E1,,EXCLUDE:E1,v5 read,EXCLUDE:E1,,,,,False,preprint,,,,,,False,,,EXCLUDE:E1
S11549,10.1149/1945-7111/abdeea,NEEDS_SI,NEEDS_SI,passes,NEEDS_SI,,NEEDS_SI,v4 read,NEEDS_SI,,NEEDS_SI,v5 read,NEEDS_SI,,S11549,,,False,journal,,,,,,False,,,NEEDS_SI
S11556,10.4236/oalib.1106558,AGREED_EXCLUDE,EXCLUDE:E3,passes agree,EXCLUDE:E3,,EXCLUDE:E3,passes agree,EXCLUDE:E3,,EXCLUDE:E3,passes agree,EXCLUDE:E3,,S11556,,,False,,,,,,,False,,,EXCLUDE:E3
S11562,10.1039/d0ra09655e,AGREED_EXCLUDE,EXCLUDE:E3,passes agree,EXCLUDE:E3,,EXCLUDE:E3,passes agree,EXCLUDE:E3,,EXCLUDE:E3,v5 read,EXCLUDE:E3,,S11562,,,False,journal,,,,,,False,,,EXCLUDE:E3
S11576,10.1021/acs.jpcc.0c09685,AGREED_EXCLUDE,EXCLUDE:E3,passes agree,EXCLUDE:E3,,EXCLUDE:E3,passes agree,EXCLUDE:E3,,EXCLUDE:E3,v5 read,EXCLUDE:E3,,S11576,,,False,journal,,,,,,False,,,EXCLUDE:E3
S11587,10.1039/d0qi01465f,THIRD_READ,EXCLUDE:E1,third read,EXCLUDE:E1,,EXCLUDE:E1,third read,EXCLUDE:E1,,EXCLUDE:E1,v5 read,EXCLUDE:E1,,S11587,,,False,journal,,,,,,False,,,EXCLUDE:E1
S11590,10.3724/sp.j.7102727948,AGREED_EXCLUDE,EXCLUDE:E1,passes agree,EXCLUDE:E1,,EXCLUDE:E1,passes agree,EXCLUDE:E1,,EXCLUDE:E1,passes agree,EXCLUDE:E1,,S11590,,,False,,,,,,,False,,,EXCLUDE:E1
S11597,10.1021/acscatal.0c04871,AGREED_EXCLUDE,EXCLUDE:E3,passes agree,EXCLUDE:E3,,EXCLUDE:E3,passes agree,EXCLUDE:E3,,EXCLUDE:E3,v5 read,EXCLUDE:E3,,S11597,,,False,journal,,,,,,False,,,EXCLUDE:E3
S11605,10.3390/nano11020324,AGREED_EXCLUDE,EXCLUDE:E3,passes agree,EXCLUDE:E3,,EXCLUDE:E3,passes agree,EXCLUDE:E3,,EXCLUDE:E3,passes agree,EXCLUDE:E3,,S11605,,,False,,,,,,,False,,,EXCLUDE:E3
S11646,10.1039/d1cc00309g,THIRD_READ,EXCLUDE:E4,third read,EXCLUDE:E4,,EXCLUDE:E5,v4 read,EXCLUDE:E5,,EXCLUDE:E5,v5 read,EXCLUDE:E5,,S11646,,,False,journal,,,,,,False,,,EXCLUDE:E5
S11658,10.5796/electrochemistry.21-00001,AGREED_EXCLUDE,EXCLUDE:E3,passes agree,EXCLUDE:E3,,EXCLUDE:E3,passes agree,EXCLUDE:E3,,EXCLUDE:E3,passes agree,EXCLUDE:E3,,S11658,,,False,,,,,,,False,,,EXCLUDE:E3
S11686,10.1016/j.cej.2021.128815,AGREED_EXCLUDE,EXCLUDE:E3,passes agree,EXCLUDE:E3,,EXCLUDE:E3,passes agree,EXCLUDE:E3,,EXCLUDE:E3,passes agree,EXCLUDE:E3,,S11686,,,False,,,,,,,False,,,EXCLUDE:E3
S11694,10.1002/solr.202000741,AGREED_EXCLUDE,EXCLUDE:E1,passes agree,EXCLUDE:E1,,EXCLUDE:E1,passes agree,EXCLUDE:E1,,EXCLUDE:E1,passes agree,EXCLUDE:E1,,S11694,,,False,,,,,,,False,,,EXCLUDE:E1
S11697,10.1039/d0ta10209a,AGREED_EXCLUDE,EXCLUDE:E3,passes agree,EXCLUDE:E3,,EXCLUDE:E3,passes agree,EXCLUDE:E3,,EXCLUDE:E3,passes agree,EXCLUDE:E3,,S11697,,,False,,,,,,,False,,,EXCLUDE:E3
S11711,10.1016/j.est.2021.102342,AGREED_EXCLUDE,EXCLUDE:E3,passes agree,EXCLUDE:E3,,EXCLUDE:E3,passes agree,EXCLUDE:E3,,EXCLUDE:E3,passes agree,EXCLUDE:E3,,S11711,,,False,,,,,,,False,,,EXCLUDE:E3
S11712,10.1039/d0na00912a,AGREED_EXCLUDE,EXCLUDE:E3,passes agree,EXCLUDE:E3,,EXCLUDE:E3,passes agree,EXCLUDE:E3,,EXCLUDE:E3,passes agree,EXCLUDE:E3,,S11712,,,False,,,,,,,False,,,EXCLUDE:E3
S11715,10.1016/j.electacta.2021.137902,AGREED_EXCLUDE,EXCLUDE:E3,passes agree,EXCLUDE:E3,,EXCLUDE:E3,passes agree,EXCLUDE:E3,,EXCLUDE:E3,v5 read,EXCLUDE:E3,,S11715,,,False,journal,,,,,,False,,,EXCLUDE:E3
S11719,10.1186/s40580-021-00254-x,AGREED_EXCLUDE,EXCLUDE:E1,passes agree,EXCLUDE:E1,,EXCLUDE:E1,passes agree,EXCLUDE:E1,,EXCLUDE:E1,passes agree,EXCLUDE:E1,,S11719,,,False,,,,,,,False,,,EXCLUDE:E1
S11728,10.1016/j.chemosphere.2021.129847,AGREED_EXCLUDE,EXCLUDE:E3,passes agree,EXCLUDE:E3,,EXCLUDE:E3,passes agree,EXCLUDE:E3,,EXCLUDE:E3,passes agree,EXCLUDE:E3,,S11728,,,False,,,,,,,False,,,EXCLUDE:E3
S11731,10.1016/j.jcat.2021.07.004,AGREED_EXCLUDE,EXCLUDE:E3,passes agree,EXCLUDE:E3,,EXCLUDE:E3,passes agree,EXCLUDE:E3,,EXCLUDE:E3,passes agree,EXCLUDE:E3,,S11731,,,False,,,,,,,False,,,EXCLUDE:E3
S11751,10.3390/ijerph18041708,AGREED_EXCLUDE,EXCLUDE:E3,passes agree,EXCLUDE:E3,,EXCLUDE:E3,passes agree,EXCLUDE:E3,,EXCLUDE:E3,passes agree,EXCLUDE:E3,,S11751,,,False,,,,,,,False,,,EXCLUDE:E3
S11774,10.3389/fenrg.2021.606313,THIRD_READ,ELIGIBLE,third read,ELIGIBLE,,ELIGIBLE,v4 read,ELIGIBLE,,ELIGIBLE,v5 read,ELIGIBLE,,S11774,graphical,,False,journal,graphical,direct,,,,False,,,ELIGIBLE
S11778,10.1021/jacsau.1c00015,AGREED_EXCLUDE,EXCLUDE:E3,passes agree,EXCLUDE:E3,,EXCLUDE:E3,v4 read,EXCLUDE:E3,,EXCLUDE:E3,v4 read,EXCLUDE:E3,,S11778,,,False,,,,,,,False,,,EXCLUDE:E3
S11816,10.1149/1945-7111/abe52e,AGREED_EXCLUDE,EXCLUDE:E1,v3 sensitivity read,EXCLUDE:E1,,EXCLUDE:E1,v4 sensitivity read,EXCLUDE:E1,,EXCLUDE:E1,v5 passes,EXCLUDE:E1,,,,,False,,,,,,,False,,,EXCLUDE:E1
S11820,10.1038/s41467-021-20956-4,AGREED_EXCLUDE,EXCLUDE:E3,passes agree,EXCLUDE:E3,,EXCLUDE:E3,passes agree,EXCLUDE:E3,,EXCLUDE:E3,passes agree,EXCLUDE:E3,,S11820,,,False,,,,,,,False,,,EXCLUDE:E3
S11844,10.3390/electrochem2010008,AGREED_EXCLUDE,EXCLUDE:E3,passes agree,EXCLUDE:E3,,EXCLUDE:E3,passes agree,EXCLUDE:E3,,EXCLUDE:E3,passes agree,EXCLUDE:E3,,S11844,,,False,,,,,,,False,,,EXCLUDE:E3
S11851,10.1038/s41598-021-83861-2,THIRD_READ,EXCLUDE:E3,third read,EXCLUDE:E3,,EXCLUDE:E3,third read,EXCLUDE:E3,,EXCLUDE:E3,v5 read,EXCLUDE:E3,,S11851,,,False,journal,,,,,,False,,,EXCLUDE:E3
S11902,10.1002/adsu.202000284,AGREED_EXCLUDE,EXCLUDE:E3,passes agree,EXCLUDE:E3,,EXCLUDE:E3,passes agree,EXCLUDE:E3,,EXCLUDE:E3,passes agree,EXCLUDE:E3,,S11902,,,False,,,,,,,False,,,EXCLUDE:E3
S11910,10.30919/es8d432,AGREED_EXCLUDE,EXCLUDE:E3,passes agree,EXCLUDE:E3,,EXCLUDE:E3,passes agree,EXCLUDE:E3,,EXCLUDE:E3,passes agree,EXCLUDE:E3,,S11910,,,False,,,,,,,False,,,EXCLUDE:E3
S11944,10.3390/nano11030657,AGREED_EXCLUDE,EXCLUDE:E3,passes agree,EXCLUDE:E3,,EXCLUDE:E3,passes agree,EXCLUDE:E3,,EXCLUDE:E3,passes agree,EXCLUDE:E3,,S11944,,,False,,,,,,,False,,,EXCLUDE:E3
S11946,10.1016/j.chemosphere.2021.130188,AGREED_EXCLUDE,EXCLUDE:E1,passes agree,EXCLUDE:E1,,EXCLUDE:E1,passes agree,EXCLUDE:E1,,EXCLUDE:E1,passes agree,EXCLUDE:E1,,S11946,,,False,,,,,,,False,,,EXCLUDE:E1
S11953,10.1021/acsenergylett.1c00234,THIRD_READ,ELIGIBLE,third read,ELIGIBLE,,ELIGIBLE,v4 read,ELIGIBLE,,ELIGIBLE,v5 read,ELIGIBLE,,S11953,numeric,,False,journal,numeric,direct,,,,False,,,ELIGIBLE
S12000,10.1002/advs.202004572,AGREED_EXCLUDE,EXCLUDE:E4,passes agree,EXCLUDE:E4,,EXCLUDE:E4,passes agree,EXCLUDE:E4,,EXCLUDE:E4,v5 read,EXCLUDE:E4,,S12000,,,False,journal,,,,,,False,,,EXCLUDE:E4
S12013,10.1016/j.apsusc.2021.149591,AGREED_ELIGIBLE,ELIGIBLE,passes agree,ELIGIBLE,,ELIGIBLE,v4 read,ELIGIBLE,,ELIGIBLE,v5 read,ELIGIBLE,,S12013,numeric,,False,journal,numeric,direct,,,,False,,,ELIGIBLE
S12019,10.1021/acsaem.0c02788,NEEDS_SI,NEEDS_SI,passes,NEEDS_SI,,ELIGIBLE,v4 read,ELIGIBLE,,ELIGIBLE,v5 read,ELIGIBLE,,S12019,graphical,,True,journal,graphical,scaling,,,,False,,,ELIGIBLE
S12045,10.5075/epfl-thesis-8229,THIRD_READ,EXCLUDE:E1,third read,EXCLUDE:E1,,EXCLUDE:E1,third read,EXCLUDE:E1,,EXCLUDE:E1,third read,EXCLUDE:E1,,,,,False,,,,,,,False,,,EXCLUDE:E1
S12050,10.3390/molecules26061687,THIRD_READ,EXCLUDE:E1,third read,EXCLUDE:E1,,EXCLUDE:E1,third read,EXCLUDE:E1,,EXCLUDE:E1,v5 read,EXCLUDE:E1,,S12050,,,False,journal,,,,,,False,,,EXCLUDE:E1
S12068,10.1016/j.jpowsour.2021.229779,AGREED_EXCLUDE,EXCLUDE:E1,passes agree,EXCLUDE:E1,,EXCLUDE:E1,passes agree,EXCLUDE:E1,,EXCLUDE:E1,passes agree,EXCLUDE:E1,,S12068,,,False,,,,,,,False,,,EXCLUDE:E1
S12089,10.1002/aesr.202100019,THIRD_READ,EXCLUDE:E1,third read,EXCLUDE:E1,,EXCLUDE:E1,third read,EXCLUDE:E1,,EXCLUDE:E1,v5 read,EXCLUDE:E1,,S12089,,,False,journal,,,,,,False,,,EXCLUDE:E1
S12093,10.1002/smll.202100121,THIRD_READ,ELIGIBLE,third read,ELIGIBLE,,ELIGIBLE,v4 read,ELIGIBLE,,ELIGIBLE,v5 read,ELIGIBLE,,S12093,numeric,,False,journal,numeric,direct,,,,False,,,ELIGIBLE
S12149,10.1021/acsami.0c20690,AGREED_EXCLUDE,EXCLUDE:E3,passes agree,EXCLUDE:E3,,EXCLUDE:E3,passes agree,EXCLUDE:E3,,EXCLUDE:E3,passes agree,EXCLUDE:E3,,S12149,,,False,,,,,,,False,,,EXCLUDE:E3
S12158,10.1039/d1nr01544c,AGREED_EXCLUDE,EXCLUDE:E3,passes agree,EXCLUDE:E3,,EXCLUDE:E3,passes agree,EXCLUDE:E3,,EXCLUDE:E3,passes agree,EXCLUDE:E3,,S12158,,,False,,,,,,,False,,,EXCLUDE:E3
S12166,10.1021/acs.accounts.1c00072,AGREED_EXCLUDE,EXCLUDE:E1,passes agree,EXCLUDE:E1,,EXCLUDE:E1,passes agree,EXCLUDE:E1,,EXCLUDE:E1,passes agree,EXCLUDE:E1,,S12166,,,False,,,,,,,False,,,EXCLUDE:E1
S12172,10.17760/d20399887,THIRD_READ,EXCLUDE:E1,third read,EXCLUDE:E1,,EXCLUDE:E1,third read,EXCLUDE:E1,,EXCLUDE:E1,v5 read,EXCLUDE:E1,,,,,False,other,,,,,,False,,,EXCLUDE:E1
S12180,10.21203/rs.3.rs-251007/v1,THIRD_READ,EXCLUDE:E3,third read,EXCLUDE:E3,,EXCLUDE:E3,third read,EXCLUDE:E3,,EXCLUDE:E3,v5 read,EXCLUDE:E3,,,,,False,preprint,,,,,,False,,,EXCLUDE:E3
S12186,10.1002/celc.202100317,AGREED_EXCLUDE,EXCLUDE:E3,passes agree,EXCLUDE:E3,,EXCLUDE:E3,passes agree,EXCLUDE:E3,,EXCLUDE:E3,passes agree,EXCLUDE:E3,,S12186,,,False,,,,,,,False,,,EXCLUDE:E3
S12201,10.1021/acs.jpcc.1c00413,THIRD_READ,EXCLUDE:E3,third read,EXCLUDE:E3,,EXCLUDE:E3,v4 read,EXCLUDE:E3,,EXCLUDE:E3,v5 read,EXCLUDE:E3,,S12201,,,False,journal,,,,,,False,,,EXCLUDE:E3
S12208,10.1039/d1sc00752a,NEEDS_SI,NEEDS_SI,passes,NEEDS_SI,,NEEDS_SI,v4 read,NEEDS_SI,,EXCLUDE:E6,public evidence recovery 2026-10-01: independent reads reviewed,EXCLUDE:E6,,S12208,,,True,journal,,,,,,False,,recovery reviewed,NEEDS_SI
S12215,10.3389/fchem.2021.637501,AGREED_EXCLUDE,EXCLUDE:E1,passes agree,EXCLUDE:E1,,EXCLUDE:E1,passes agree,EXCLUDE:E1,,EXCLUDE:E1,passes agree,EXCLUDE:E1,,S12215,,,False,,,,,,,False,,,EXCLUDE:E1
S12258,10.1021/jacs.1c00384,THIRD_READ,ELIGIBLE,third read,ELIGIBLE,,ELIGIBLE,v4 read,ELIGIBLE,,ELIGIBLE,v5 read,ELIGIBLE,,S12258,numeric,,False,journal,numeric,direct,,,,False,,,ELIGIBLE
S12272,10.35429/jsl.2019.19.6.9.15,AGREED_EXCLUDE,EXCLUDE:E3,passes agree,EXCLUDE:E3,,EXCLUDE:E3,passes agree,EXCLUDE:E3,,EXCLUDE:E3,passes agree,EXCLUDE:E3,,S12272,,,False,,,,,,,False,,,EXCLUDE:E3
S12273,10.1038/s41598-021-92450-2,AGREED_EXCLUDE,EXCLUDE:E3,passes agree,EXCLUDE:E3,,EXCLUDE:E3,passes agree,EXCLUDE:E3,,EXCLUDE:E3,v5 read,EXCLUDE:E3,,S12273,,,False,journal,,,,,,False,,,EXCLUDE:E3
S12287,10.3390/membranes11050330,AGREED_EXCLUDE,EXCLUDE:E3,passes agree,EXCLUDE:E3,,EXCLUDE:E3,passes agree,EXCLUDE:E3,,EXCLUDE:E3,passes agree,EXCLUDE:E3,,S12287,,,False,,,,,,,False,,,EXCLUDE:E3
S12296,10.1039/d1ma00004g,AGREED_EXCLUDE,EXCLUDE:E1,passes agree,EXCLUDE:E1,,EXCLUDE:E1,passes agree,EXCLUDE:E1,,EXCLUDE:E1,passes agree,EXCLUDE:E1,,S12296,,,False,,,,,,,False,,,EXCLUDE:E1
S12304,10.1021/acs.jpcc.1c01809,AGREED_EXCLUDE,EXCLUDE:E1,passes agree,EXCLUDE:E1,,EXCLUDE:E1,passes agree,EXCLUDE:E1,,EXCLUDE:E1,passes agree,EXCLUDE:E1,,S12304,,,False,,,,,,,False,,,EXCLUDE:E1
S12314,10.3389/fenrg.2021.654460,AGREED_EXCLUDE,EXCLUDE:E1,passes agree,EXCLUDE:E1,,EXCLUDE:E1,passes agree,EXCLUDE:E1,,EXCLUDE:E1,passes agree,EXCLUDE:E1,,S12314,,,False,,,,,,,False,,,EXCLUDE:E1
S12350,10.21203/rs.3.rs-428294/v1,AGREED_EXCLUDE,EXCLUDE:E4,passes agree,EXCLUDE:E4,,EXCLUDE:E4,passes agree,EXCLUDE:E4,,EXCLUDE:E4,v5 read,EXCLUDE:E4,,,,,False,preprint,,,,,,False,,,EXCLUDE:E4
S12400,10.1002/er.6885,AGREED_EXCLUDE,EXCLUDE:E3,passes agree,EXCLUDE:E3,,EXCLUDE:E3,passes agree,EXCLUDE:E3,,EXCLUDE:E3,passes agree,EXCLUDE:E3,,S12400,,,False,,,,,,,False,,,EXCLUDE:E3
S12409,10.3390/s21103450,AGREED_EXCLUDE,EXCLUDE:E3,passes agree,EXCLUDE:E3,,EXCLUDE:E3,passes agree,EXCLUDE:E3,,EXCLUDE:E3,passes agree,EXCLUDE:E3,,S12409,,,False,,,,,,,False,,,EXCLUDE:E3
S12423,10.1021/acsmaterialslett.0c00549,AGREED_EXCLUDE,EXCLUDE:E1,passes agree,EXCLUDE:E1,,EXCLUDE:E1,passes agree,EXCLUDE:E1,,EXCLUDE:E1,passes agree,EXCLUDE:E1,,S12423,,,False,,,,,,,False,,,EXCLUDE:E1
S12453,10.1016/j.jpowsour.2021.230002,AGREED_EXCLUDE,EXCLUDE:E3,passes agree,EXCLUDE:E3,,EXCLUDE:E3,passes agree,EXCLUDE:E3,,EXCLUDE:E3,passes agree,EXCLUDE:E3,,S12453,,,False,,,,,,,False,,,EXCLUDE:E3
S12471,10.1039/d1cp00540e,AGREED_EXCLUDE,EXCLUDE:E4,passes agree,EXCLUDE:E4,,EXCLUDE:E4,passes agree,EXCLUDE:E4,,UNRESOLVED,v5 read,UNRESOLVED,,S12471,,,False,journal,numeric,direct,,,,True,,,UNRESOLVED
S12521,10.3390/nano11061450,AGREED_EXCLUDE,EXCLUDE:E3,passes agree,EXCLUDE:E3,,EXCLUDE:E3,passes agree,EXCLUDE:E3,,EXCLUDE:E3,passes agree,EXCLUDE:E3,,S12521,,,False,,,,,,,False,,,EXCLUDE:E3
S12525,,RERETRIEVE,,no readable text,no readable text,,,no readable text,no readable text,,,no readable text,no readable text,,,,,False,,,,,,,False,,,no readable text
S12537,10.1007/s41918-021-00104-8,AGREED_EXCLUDE,EXCLUDE:E1,passes agree,EXCLUDE:E1,,EXCLUDE:E1,passes agree,EXCLUDE:E1,,EXCLUDE:E1,passes agree,EXCLUDE:E1,,S12537,,,False,,,,,,,False,,,EXCLUDE:E1
S12558,10.1002/wcms.1537,AGREED_EXCLUDE,EXCLUDE:E1,passes agree,EXCLUDE:E1,,EXCLUDE:E1,passes agree,EXCLUDE:E1,,EXCLUDE:E1,passes agree,EXCLUDE:E1,,S12558,,,False,,,,,,,False,,,EXCLUDE:E1
S12565,10.21203/rs.3.rs-568365/v1,AGREED_EXCLUDE,EXCLUDE:E3,passes agree,collapsed into S13572,,EXCLUDE:E3,passes agree,collapsed into S13572,,EXCLUDE:E3,passes agree,collapsed into S13572,,S13572,,,False,,,,,,,False,,,collapsed into S13572
S12585,10.1007/s12274-021-3607-5,AGREED_EXCLUDE,EXCLUDE:E1,passes agree,EXCLUDE:E1,,EXCLUDE:E1,passes agree,EXCLUDE:E1,,EXCLUDE:E1,passes agree,EXCLUDE:E1,,S12585,,,False,,,,,,,False,,,EXCLUDE:E1
S12596,10.1002/adfm.202101405,AGREED_EXCLUDE,EXCLUDE:E3,passes agree,EXCLUDE:E3,,EXCLUDE:E3,passes agree,EXCLUDE:E3,,EXCLUDE:E3,passes agree,EXCLUDE:E3,,S12596,,,False,,,,,,,False,,,EXCLUDE:E3
S12627,10.21203/rs.3.rs-448852/v1,AGREED_EXCLUDE,EXCLUDE:E3,passes agree,EXCLUDE:E3,,EXCLUDE:E3,passes agree,EXCLUDE:E3,,EXCLUDE:E3,v5 read,EXCLUDE:E3,,,,,False,preprint,,,,,,False,,,EXCLUDE:E3
S12688,10.1038/s41570-021-00293-2,AGREED_EXCLUDE,EXCLUDE:E1,passes agree,EXCLUDE:E1,,EXCLUDE:E1,passes agree,EXCLUDE:E1,,EXCLUDE:E1,passes agree,EXCLUDE:E1,,S12688,,,False,,,,,,,False,,,EXCLUDE:E1
S12709,10.1038/s41598-021-97596-7,THIRD_READ,ELIGIBLE,third read,ELIGIBLE,,ELIGIBLE,v4 read,ELIGIBLE,,ELIGIBLE,v5 read,ELIGIBLE,,S12709,scaling,,False,journal,numeric,scaling,,,,False,,,ELIGIBLE
S12723,10.1007/s12274-021-3542-5,THIRD_READ,EXCLUDE:E3,third read,EXCLUDE:E3,,EXCLUDE:E3,third read,EXCLUDE:E3,,EXCLUDE:E3,v5 read,EXCLUDE:E3,,S12723,,,False,journal,,,,,,False,,,EXCLUDE:E3
S12724,10.1039/d1nr02244j,AGREED_EXCLUDE,EXCLUDE:E3,passes agree,EXCLUDE:E3,,EXCLUDE:E3,passes agree,EXCLUDE:E3,,EXCLUDE:E3,passes agree,EXCLUDE:E3,,S12724,,,False,,,,,,,False,,,EXCLUDE:E3
S12747,10.1039/d1ta01291f,AGREED_EXCLUDE,EXCLUDE:E1,passes agree,EXCLUDE:E1,,EXCLUDE:E1,passes agree,EXCLUDE:E1,,EXCLUDE:E1,passes agree,EXCLUDE:E1,,S12747,,,False,,,,,,,False,,,EXCLUDE:E1
S12758,10.14232/phd.10879,AGREED_EXCLUDE,EXCLUDE:E1,passes agree,EXCLUDE:E1,,EXCLUDE:E1,passes agree,EXCLUDE:E1,,EXCLUDE:E1,passes agree,EXCLUDE:E1,,,,,False,,,,,,,False,,,EXCLUDE:E1
S12770,10.1038/s41467-021-24181-x,THIRD_READ,EXCLUDE:E3,third read,EXCLUDE:E3,,EXCLUDE:E3,third read,EXCLUDE:E3,,EXCLUDE:E3,v5 read,EXCLUDE:E3,,S12770,,,False,journal,,,,,,False,,,EXCLUDE:E3
S12778,10.1002/eng2.12437,AGREED_EXCLUDE,EXCLUDE:E1,passes agree,EXCLUDE:E1,,EXCLUDE:E1,passes agree,EXCLUDE:E1,,EXCLUDE:E1,passes agree,EXCLUDE:E1,,S12778,,,False,,,,,,,False,,,EXCLUDE:E1
S12836,10.1016/j.apcatb.2021.120528,RERETRIEVE,,no readable text,no readable text,,,no readable text,no readable text,,,no readable text,no readable text,,S12836,,,False,,,,,,,False,,,no readable text
S12838,10.2478/jee-2021-0028,AGREED_EXCLUDE,EXCLUDE:E3,passes agree,EXCLUDE:E3,,EXCLUDE:E3,passes agree,EXCLUDE:E3,,EXCLUDE:E3,passes agree,EXCLUDE:E3,,S12838,,,False,,,,,,,False,,,EXCLUDE:E3
S12840,10.1038/s41467-021-24578-8,AGREED_EXCLUDE,EXCLUDE:E3,passes agree,EXCLUDE:E3,,EXCLUDE:E3,passes agree,EXCLUDE:E3,,EXCLUDE:E3,passes agree,EXCLUDE:E3,,S12840,,,False,,,,,,,False,,,EXCLUDE:E3
S12850,10.1021/acscatal.1c01973,AGREED_EXCLUDE,EXCLUDE:E1,passes agree,EXCLUDE:E1,,EXCLUDE:E1,passes agree,EXCLUDE:E1,,EXCLUDE:E1,passes agree,EXCLUDE:E1,,S12850,,,False,,,,,,,False,,,EXCLUDE:E1
S12861,10.1002/celc.202100584,AGREED_EXCLUDE,EXCLUDE:E1,passes agree,EXCLUDE:E1,,EXCLUDE:E1,passes agree,EXCLUDE:E1,,EXCLUDE:E1,passes agree,EXCLUDE:E1,,S12861,,,False,,,,,,,False,,,EXCLUDE:E1
S12864,10.1021/acscatal.1c01682,AGREED_EXCLUDE,EXCLUDE:E3,passes agree,EXCLUDE:E3,,EXCLUDE:E3,v4 read,EXCLUDE:E3,,EXCLUDE:E3,v5 read,EXCLUDE:E3,,S12864,,,False,journal,,,,,,False,,,EXCLUDE:E3
S12875,10.5188/ijsmer.24.6,AGREED_EXCLUDE,EXCLUDE:E3,passes agree,EXCLUDE:E3,,EXCLUDE:E3,passes agree,EXCLUDE:E3,,EXCLUDE:E3,passes agree,EXCLUDE:E3,,S12875,,,False,,,,,,,False,,,EXCLUDE:E3
S12899,10.1039/d1ta03732c,AGREED_EXCLUDE,EXCLUDE:E1,passes agree,EXCLUDE:E1,,EXCLUDE:E1,passes agree,EXCLUDE:E1,,EXCLUDE:E1,passes agree,EXCLUDE:E1,,S12899,,,False,,,,,,,False,,,EXCLUDE:E1
S12912,10.1002/advs.202101775,AGREED_EXCLUDE,EXCLUDE:E3,passes agree,EXCLUDE:E3,,EXCLUDE:E3,passes agree,EXCLUDE:E3,,EXCLUDE:E3,passes agree,EXCLUDE:E3,,S12912,,,False,,,,,,,False,,,EXCLUDE:E3
S12939,10.24275/rmiq/cat1852,AGREED_EXCLUDE,EXCLUDE:E3,passes agree,EXCLUDE:E3,,EXCLUDE:E3,passes agree,EXCLUDE:E3,,EXCLUDE:E3,passes agree,EXCLUDE:E3,,S12939,,,False,,,,,,,False,,,EXCLUDE:E3
S12940,10.1149/1945-7111/ac1640,AGREED_EXCLUDE,EXCLUDE:E3,v3 sensitivity read,EXCLUDE:E3,,EXCLUDE:E3,v4 sensitivity read,EXCLUDE:E3,,EXCLUDE:E3,v5 passes,EXCLUDE:E3,,S12940,,,False,journal,,,,,,False,,,EXCLUDE:E3
S12953,10.3303/cet2186233,AGREED_EXCLUDE,EXCLUDE:E1,passes agree,EXCLUDE:E1,,EXCLUDE:E1,passes agree,EXCLUDE:E1,,EXCLUDE:E1,passes agree,EXCLUDE:E1,,S12953,,,False,,,,,,,False,,,EXCLUDE:E1
S12955,10.21926/cr.2103001,AGREED_EXCLUDE,EXCLUDE:E3,passes agree,EXCLUDE:E3,,EXCLUDE:E3,passes agree,EXCLUDE:E3,,EXCLUDE:E3,passes agree,EXCLUDE:E3,,S12955,,,False,,,,,,,False,,,EXCLUDE:E3
S13010,10.1021/jacs.1c01655,NEEDS_SI,NEEDS_SI,passes,NEEDS_SI,,NEEDS_SI,v4 read,NEEDS_SI,,EXCLUDE:E6,SI read: third read,EXCLUDE:E6,,S13010,,,False,journal,,,,,,False,,third read,NEEDS_SI
S13013,10.1002/celc.202100649,AGREED_EXCLUDE,EXCLUDE:E3,passes agree,EXCLUDE:E3,,EXCLUDE:E3,passes agree,EXCLUDE:E3,,EXCLUDE:E3,passes agree,EXCLUDE:E3,,S13013,,,False,,,,,,,False,,,EXCLUDE:E3
S13016,10.1002/cctc.202101049,AGREED_EXCLUDE,EXCLUDE:E1,passes agree,EXCLUDE:E1,,EXCLUDE:E1,passes agree,EXCLUDE:E1,,EXCLUDE:E1,passes agree,EXCLUDE:E1,,S13016,,,False,,,,,,,False,,,EXCLUDE:E1
S13018,10.1021/acscatal.1c02074,AGREED_EXCLUDE,EXCLUDE:E3,passes agree,EXCLUDE:E3,,EXCLUDE:E3,v4 read,EXCLUDE:E3,,EXCLUDE:E3,v5 read,EXCLUDE:E3,,S13018,,,True,journal,,,,reanalysis,external,True,,,EXCLUDE:E3
S13024,10.1002/agt2.106,AGREED_EXCLUDE,EXCLUDE:E1,passes agree,EXCLUDE:E1,,EXCLUDE:E1,passes agree,EXCLUDE:E1,,EXCLUDE:E1,passes agree,EXCLUDE:E1,,S13024,,,False,,,,,,,False,,,EXCLUDE:E1
S13028,10.3390/ma14164501,AGREED_EXCLUDE,EXCLUDE:E3,passes agree,EXCLUDE:E3,,EXCLUDE:E3,passes agree,EXCLUDE:E3,,EXCLUDE:E3,passes agree,EXCLUDE:E3,,S13028,,,False,,,,,,,False,,,EXCLUDE:E3
S13040,10.1039/d1nr03592d,AGREED_EXCLUDE,EXCLUDE:E3,passes agree,EXCLUDE:E3,,EXCLUDE:E3,passes agree,EXCLUDE:E3,,EXCLUDE:E3,v5 read,EXCLUDE:E3,,S13040,,,False,journal,,,,,,False,,,EXCLUDE:E3
S13054,10.1109/access.2021.3102190,AGREED_EXCLUDE,EXCLUDE:E4,passes agree,EXCLUDE:E4,,EXCLUDE:E3,v4 read,EXCLUDE:E3,,EXCLUDE:E3,v5 read,EXCLUDE:E3,,S13054,,,False,journal,,,,,,False,,,EXCLUDE:E3
S13062,10.21203/rs.3.rs-799280/v1,AGREED_EXCLUDE,EXCLUDE:E3,passes agree,EXCLUDE:E3,,EXCLUDE:E3,passes agree,EXCLUDE:E3,,EXCLUDE:E3,passes agree,EXCLUDE:E3,,,,,False,,,,,,,False,,,EXCLUDE:E3
S13077,10.1021/acscatal.1c00818,AGREED_EXCLUDE,EXCLUDE:E3,passes agree,EXCLUDE:E3,,EXCLUDE:E3,passes agree,EXCLUDE:E3,,EXCLUDE:E3,v5 read,EXCLUDE:E3,,S13077,,,False,journal,,,,,,False,,,EXCLUDE:E3
S13086,10.1021/acssuschemeng.0c08887,NEEDS_SI,NEEDS_SI,passes,NEEDS_SI,,NEEDS_SI,v4 read,NEEDS_SI,,UNRESOLVED,SI read: third read,UNRESOLVED,,S13086,,,True,journal,numeric,direct,,,,False,,third read,NEEDS_SI
S13088,10.2172/1785121,THIRD_READ,EXCLUDE:E1,third read,EXCLUDE:E1,,EXCLUDE:E3,v4 read,EXCLUDE:E3,,EXCLUDE:E1,v5 read,EXCLUDE:E1,,,,,True,other,,,,,,False,,,EXCLUDE:E1
S13094,10.1021/acs.iecr.1c01517,AGREED_EXCLUDE,EXCLUDE:E3,passes agree,EXCLUDE:E3,,EXCLUDE:E3,passes agree,EXCLUDE:E3,,EXCLUDE:E3,passes agree,EXCLUDE:E3,,S13094,,,False,,,,,,,False,,,EXCLUDE:E3
S13115,10.3389/fchem.2021.709903,AGREED_EXCLUDE,EXCLUDE:E3,passes agree,EXCLUDE:E3,,EXCLUDE:E3,passes agree,EXCLUDE:E3,,EXCLUDE:E3,passes agree,EXCLUDE:E3,,S13115,,,False,,,,,,,False,,,EXCLUDE:E3
S13173,10.1016/j.coelec.2021.100832,RERETRIEVE,,no readable text,no readable text,,,no readable text,no readable text,,,no readable text,no readable text,,S13173,,,False,,,,,,,False,,,no readable text
S13179,10.1149/1945-7111/ac1b4b,AGREED_EXCLUDE,EXCLUDE:E3,passes agree,EXCLUDE:E3,,EXCLUDE:E3,passes agree,EXCLUDE:E3,,EXCLUDE:E3,passes agree,EXCLUDE:E3,,S13179,,,False,,,,,,,False,,,EXCLUDE:E3
S13184,10.1016/j.checat.2021.07.014,THIRD_READ,EXCLUDE:E3,third read,EXCLUDE:E3,,EXCLUDE:E3,third read,EXCLUDE:E3,,EXCLUDE:E3,v5 read,EXCLUDE:E3,,S13184,,,False,journal,,,,reanalysis,external,False,,,EXCLUDE:E3
S13185,10.1002/chem.202102032,AGREED_EXCLUDE,EXCLUDE:E3,passes agree,EXCLUDE:E3,,EXCLUDE:E3,passes agree,EXCLUDE:E3,,EXCLUDE:E3,passes agree,EXCLUDE:E3,,S13185,,,False,,,,,,,False,,,EXCLUDE:E3
S13193,10.1039/d1cp02999a,AGREED_ELIGIBLE,ELIGIBLE,passes agree,ELIGIBLE,,UNRESOLVED,v4 read,UNRESOLVED,,UNRESOLVED,v5 read,UNRESOLVED,,S13193,graphical,,True,journal,graphical,direct,,,,False,,,UNRESOLVED
S13236,10.3389/fchem.2021.754357,AGREED_EXCLUDE,EXCLUDE:E3,passes agree,EXCLUDE:E3,,EXCLUDE:E3,passes agree,EXCLUDE:E3,,EXCLUDE:E3,passes agree,EXCLUDE:E3,,S13236,,,False,,,,,,,False,,,EXCLUDE:E3
S13253,10.3390/molecules26185476,AGREED_EXCLUDE,EXCLUDE:E1,passes agree,EXCLUDE:E1,,EXCLUDE:E1,passes agree,EXCLUDE:E1,,EXCLUDE:E1,passes agree,EXCLUDE:E1,,S13253,,,False,,,,,,,False,,,EXCLUDE:E1
S13267,10.1039/d1ra04006e,AGREED_EXCLUDE,EXCLUDE:E3,passes agree,EXCLUDE:E3,,EXCLUDE:E3,passes agree,EXCLUDE:E3,,EXCLUDE:E3,passes agree,EXCLUDE:E3,,S13267,,,False,,,,,,,False,,,EXCLUDE:E3
S13273,10.1021/acsami.1c10698,AGREED_EXCLUDE,EXCLUDE:E3,passes agree,EXCLUDE:E3,,EXCLUDE:E3,passes agree,EXCLUDE:E3,,EXCLUDE:E3,v5 read,EXCLUDE:E3,,S13273,,,False,journal,,,,,,False,,,EXCLUDE:E3
S13298,10.1021/acsmaterialslett.1c00428,AGREED_EXCLUDE,EXCLUDE:E3,passes agree,EXCLUDE:E3,,EXCLUDE:E3,passes agree,EXCLUDE:E3,,EXCLUDE:E3,passes agree,EXCLUDE:E3,,S13298,,,False,,,,,,,False,,,EXCLUDE:E3
S13316,10.1002/chem.202102356,NEEDS_SI,NEEDS_SI,passes,NEEDS_SI,,NEEDS_SI,v4 read,NEEDS_SI,,NEEDS_SI,v5 read,NEEDS_SI,,S13316,,,False,journal,,,,,,False,,,NEEDS_SI
S13319,10.1016/j.xcrp.2021.100556,RERETRIEVE,,no readable text,no readable text,,,no readable text,no readable text,,,no readable text,no readable text,,S13319,,,False,,,,,,,False,,,no readable text
S13324,10.1002/adma.202103812,THIRD_READ,EXCLUDE:E4,third read,EXCLUDE:E4,,EXCLUDE:E4,third read,EXCLUDE:E4,,EXCLUDE:E4,v5 read,EXCLUDE:E4,,S13324,,,False,journal,,,,,,False,,,EXCLUDE:E4
S13329,10.21203/rs.3.rs-898273/v1,THIRD_READ,EXCLUDE:E4,third read,collapsed into S14227,,EXCLUDE:E4,third read,collapsed into S14227,,EXCLUDE:E4,v5 read,collapsed into S14227,,S14227,,,False,preprint,,,,,,False,,,collapsed into S14227
S13331,10.14943/doctoral.k14258,AGREED_EXCLUDE,EXCLUDE:E1,passes agree,EXCLUDE:E1,,EXCLUDE:E1,passes agree,EXCLUDE:E1,,EXCLUDE:E1,passes agree,EXCLUDE:E1,,,,,False,,,,,,,False,,,EXCLUDE:E1
S13335,10.1007/s40145-021-0486-x,AGREED_EXCLUDE,EXCLUDE:E3,passes agree,EXCLUDE:E3,,EXCLUDE:E3,passes agree,EXCLUDE:E3,,EXCLUDE:E3,v5 read,EXCLUDE:E3,,S13335,,,False,journal,,,,,,False,,,EXCLUDE:E3
S13399,10.3390/ma14195490,AGREED_EXCLUDE,EXCLUDE:E3,passes agree,EXCLUDE:E3,,EXCLUDE:E3,passes agree,EXCLUDE:E3,,EXCLUDE:E3,passes agree,EXCLUDE:E3,,S13399,,,False,,,,,,,False,,,EXCLUDE:E3
S13419,10.1007/s12274-021-3843-8,NEEDS_SI,NEEDS_SI,passes,NEEDS_SI,,ELIGIBLE,v4 read,ELIGIBLE,,ELIGIBLE,SI read: third read,ELIGIBLE,,S13419,relative,,True,journal,numeric,direct,,,,False,,third read,ELIGIBLE
S13459,10.32434/0321-4095-2021-138-5-68-76,AGREED_EXCLUDE,EXCLUDE:E3,passes agree,EXCLUDE:E3,,EXCLUDE:E3,passes agree,EXCLUDE:E3,,EXCLUDE:E3,passes agree,EXCLUDE:E3,,S13459,,,False,,,,,,,False,,,EXCLUDE:E3
S13464,10.1021/acs.jpclett.1c02837,AGREED_EXCLUDE,EXCLUDE:E3,passes agree,EXCLUDE:E3,,EXCLUDE:E4,v4 read,EXCLUDE:E4,,EXCLUDE:E3,v5 read,EXCLUDE:E3,,S13464,,,False,journal,,,,,,False,,,EXCLUDE:E3
S13470,10.48550/arxiv.2109.12330,THIRD_READ,EXCLUDE:E3,third read,EXCLUDE:E3,,EXCLUDE:E3,third read,EXCLUDE:E3,,EXCLUDE:E3,v5 read,EXCLUDE:E3,,,,,False,preprint,,,,,,False,,,EXCLUDE:E3
S13490,10.1016/j.jcis.2021.09.171,AGREED_EXCLUDE,EXCLUDE:E3,passes agree,EXCLUDE:E3,,EXCLUDE:E3,passes agree,EXCLUDE:E3,,EXCLUDE:E3,passes agree,EXCLUDE:E3,,S13490,,,False,,,,,,,False,,,EXCLUDE:E3
S13497,10.1007/s11244-021-01513-1,AGREED_EXCLUDE,EXCLUDE:E3,passes agree,EXCLUDE:E3,,EXCLUDE:E3,passes agree,EXCLUDE:E3,,EXCLUDE:E3,passes agree,EXCLUDE:E3,,S13497,,,False,,,,,,,False,,,EXCLUDE:E3
S13524,10.21203/rs.3.rs-903480/v1,AGREED_EXCLUDE,EXCLUDE:E3,passes agree,EXCLUDE:E3,,EXCLUDE:E3,passes agree,EXCLUDE:E3,,EXCLUDE:E3,passes agree,EXCLUDE:E3,,,,,False,,,,,,,False,,,EXCLUDE:E3
S13543,10.1021/acscatal.1c03599,THIRD_READ,EXCLUDE:E3,third read,EXCLUDE:E3,,EXCLUDE:E3,third read,EXCLUDE:E3,,EXCLUDE:E3,v5 read,EXCLUDE:E3,,S13543,,,False,journal,,,,,,False,,,EXCLUDE:E3
S13556,10.3390/molecules26216326,AGREED_EXCLUDE,EXCLUDE:E1,passes agree,EXCLUDE:E1,,EXCLUDE:E1,passes agree,EXCLUDE:E1,,EXCLUDE:E1,passes agree,EXCLUDE:E1,,S13556,,,False,,,,,,,False,,,EXCLUDE:E1
S13568,10.1038/s41467-021-26336-2,THIRD_READ,ELIGIBLE,third read,ELIGIBLE,,ELIGIBLE,v4 read,ELIGIBLE,,ELIGIBLE,v5 read,ELIGIBLE,,S13568,numeric,,False,journal,numeric,direct,,,,False,,,ELIGIBLE
S13572,10.1038/s41467-021-26416-3,AGREED_EXCLUDE,EXCLUDE:E3,passes agree,EXCLUDE:E3,,EXCLUDE:E3,passes agree,EXCLUDE:E3,,EXCLUDE:E3,passes agree,EXCLUDE:E3,,S13572,,,False,,,,,,,False,,,EXCLUDE:E3
S13615,10.1039/d1cy01329g,AGREED_EXCLUDE,EXCLUDE:E1,passes agree,EXCLUDE:E1,,EXCLUDE:E1,passes agree,EXCLUDE:E1,,EXCLUDE:E1,passes agree,EXCLUDE:E1,,S13615,,,False,,,,,,,False,,,EXCLUDE:E1
S13642,10.1021/acsaem.1c02021,AGREED_EXCLUDE,EXCLUDE:E3,passes agree,EXCLUDE:E3,,EXCLUDE:E3,passes agree,EXCLUDE:E3,,EXCLUDE:E3,passes agree,EXCLUDE:E3,,S13642,,,False,,,,,,,False,,,EXCLUDE:E3
S13650,10.1002/aenm.202101998,AGREED_EXCLUDE,EXCLUDE:E1,passes agree,EXCLUDE:E1,,EXCLUDE:E1,passes agree,EXCLUDE:E1,,EXCLUDE:E1,passes agree,EXCLUDE:E1,,S13650,,,False,,,,,,,False,,,EXCLUDE:E1
S13656,10.1039/d1na00606a,THIRD_READ,EXCLUDE:E1,third read,EXCLUDE:E1,,EXCLUDE:E1,third read,EXCLUDE:E1,,EXCLUDE:E1,v5 read,EXCLUDE:E1,,S13656,,,False,journal,,,,,,False,,,EXCLUDE:E1
S13664,10.1038/s41598-021-99841-5,AGREED_EXCLUDE,EXCLUDE:E3,passes agree,EXCLUDE:E3,,EXCLUDE:E3,passes agree,EXCLUDE:E3,,EXCLUDE:E3,passes agree,EXCLUDE:E3,,S13664,,,False,,,,,,,False,,,EXCLUDE:E3
S13665,10.21203/rs.3.rs-974394/v1,AGREED_EXCLUDE,EXCLUDE:E3,passes agree,EXCLUDE:E3,,EXCLUDE:E3,passes agree,EXCLUDE:E3,,EXCLUDE:E3,v5 read,EXCLUDE:E3,,,,,False,preprint,,,,,,False,,,EXCLUDE:E3
S13666,10.3389/fchem.2021.700020,THIRD_READ,EXCLUDE:E1,third read,EXCLUDE:E1,,EXCLUDE:E1,third read,EXCLUDE:E1,,EXCLUDE:E1,third read,EXCLUDE:E1,,S13666,,,False,,,,,,,False,,,EXCLUDE:E1
S13675,10.1002/er.7380,AGREED_EXCLUDE,EXCLUDE:E1,passes agree,EXCLUDE:E1,,EXCLUDE:E1,passes agree,EXCLUDE:E1,,EXCLUDE:E1,passes agree,EXCLUDE:E1,,S13675,,,False,,,,,,,False,,,EXCLUDE:E1
S13686,10.1039/d1ta08016d,AGREED_EXCLUDE,EXCLUDE:E1,passes agree,EXCLUDE:E1,,EXCLUDE:E1,passes agree,EXCLUDE:E1,,EXCLUDE:E1,passes agree,EXCLUDE:E1,,S13686,,,False,,,,,,,False,,,EXCLUDE:E1
S13694,10.1038/s41563-021-01118-9,AGREED_EXCLUDE,EXCLUDE:E3,passes agree,EXCLUDE:E3,,EXCLUDE:E3,passes agree,EXCLUDE:E3,,EXCLUDE:E3,v5 read,EXCLUDE:E3,,S13694,,,False,journal,,,,,,False,,,EXCLUDE:E3
S13705,10.1038/s41598-021-01165-x,AGREED_EXCLUDE,EXCLUDE:E3,passes agree,EXCLUDE:E3,,EXCLUDE:E3,passes agree,EXCLUDE:E3,,EXCLUDE:E3,passes agree,EXCLUDE:E3,,S13705,,,False,,,,,,,False,,,EXCLUDE:E3
S13716,10.3390/ma14216441,AGREED_EXCLUDE,EXCLUDE:E3,passes agree,EXCLUDE:E3,,EXCLUDE:E3,passes agree,EXCLUDE:E3,,EXCLUDE:E3,passes agree,EXCLUDE:E3,,S13716,,,False,,,,,,,False,,,EXCLUDE:E3
S13780,10.1016/j.apsusc.2021.151900,THIRD_READ,ELIGIBLE,v3 sensitivity read,ELIGIBLE,,ELIGIBLE,v4 sensitivity read,ELIGIBLE,,ELIGIBLE,third read (v5),ELIGIBLE,,S13780,numeric,,False,journal,numeric,direct,,,,False,,,ELIGIBLE
S13786,10.1021/acsami.1c15119,THIRD_READ,EXCLUDE:E3,third read,EXCLUDE:E3,,EXCLUDE:E3,third read,EXCLUDE:E3,,EXCLUDE:E3,v5 read,EXCLUDE:E3,,S13786,,,False,journal,,,,,,False,,,EXCLUDE:E3
S13822,10.1038/s41467-021-26997-z,AGREED_EXCLUDE,EXCLUDE:E3,passes agree,EXCLUDE:E3,,EXCLUDE:E3,passes agree,EXCLUDE:E3,,EXCLUDE:E3,v5 read,EXCLUDE:E3,,S13822,,,False,journal,,,,,,False,,,EXCLUDE:E3
S13833,10.1016/j.electacta.2021.139562,AGREED_ELIGIBLE,ELIGIBLE,passes agree,ELIGIBLE,,ELIGIBLE,v4 read,ELIGIBLE,,ELIGIBLE,v5 read,ELIGIBLE,,S13833,numeric,,False,journal,numeric,direct,,,,False,,,ELIGIBLE
S13836,10.1002/sus2.32,AGREED_EXCLUDE,EXCLUDE:E1,passes agree,EXCLUDE:E1,,EXCLUDE:E1,passes agree,EXCLUDE:E1,,EXCLUDE:E1,passes agree,EXCLUDE:E1,,S13836,,,False,,,,,,,False,,,EXCLUDE:E1
S13841,10.3390/membranes11110861,AGREED_EXCLUDE,EXCLUDE:E3,passes agree,EXCLUDE:E3,,EXCLUDE:E3,passes agree,EXCLUDE:E3,,EXCLUDE:E3,passes agree,EXCLUDE:E3,,S13841,,,False,,,,,,,False,,,EXCLUDE:E3
S13847,10.1021/acsomega.1c04003,AGREED_EXCLUDE,EXCLUDE:E3,passes agree,EXCLUDE:E3,,EXCLUDE:E3,passes agree,EXCLUDE:E3,,EXCLUDE:E3,passes agree,EXCLUDE:E3,,S13847,,,False,,,,,,,False,,,EXCLUDE:E3
S13864,10.1002/jctb.6973,AGREED_EXCLUDE,EXCLUDE:E3,passes agree,EXCLUDE:E3,,EXCLUDE:E3,passes agree,EXCLUDE:E3,,EXCLUDE:E3,passes agree,EXCLUDE:E3,,S13864,,,False,,,,,,,False,,,EXCLUDE:E3
S13865,10.1002/smtd.202101236,AGREED_EXCLUDE,EXCLUDE:E3,passes agree,EXCLUDE:E3,,EXCLUDE:E3,passes agree,EXCLUDE:E3,,EXCLUDE:E3,passes agree,EXCLUDE:E3,,S13865,,,False,,,,,,,False,,,EXCLUDE:E3
S13886,10.1103/physrevmaterials.5.125001,AGREED_EXCLUDE,EXCLUDE:E3,passes agree,EXCLUDE:E3,,EXCLUDE:E3,passes agree,EXCLUDE:E3,,EXCLUDE:E3,v5 read,EXCLUDE:E3,,S13886,,,False,journal,,,,,,False,,,EXCLUDE:E3
S13904,10.1039/d1ta07562d,THIRD_READ,EXCLUDE:E3,third read,EXCLUDE:E3,,EXCLUDE:E3,third read,EXCLUDE:E3,,EXCLUDE:E3,v5 read,EXCLUDE:E3,,S13904,,,False,journal,,,,,,True,,,EXCLUDE:E3
S13909,10.1021/acs.iecr.1c02896,AGREED_EXCLUDE,EXCLUDE:E3,passes agree,EXCLUDE:E3,,EXCLUDE:E3,passes agree,EXCLUDE:E3,,EXCLUDE:E3,passes agree,EXCLUDE:E3,,S13909,,,False,,,,,,,False,,,EXCLUDE:E3
S13914,10.1002/cssc.202102114,AGREED_EXCLUDE,EXCLUDE:E3,passes agree,EXCLUDE:E3,,EXCLUDE:E3,passes agree,EXCLUDE:E3,,EXCLUDE:E3,passes agree,EXCLUDE:E3,,S13914,,,False,,,,,,,False,,,EXCLUDE:E3
S13925,10.48550/arxiv.2111.11614,AGREED_EXCLUDE,EXCLUDE:E3,passes agree,EXCLUDE:E3,,EXCLUDE:E3,passes agree,EXCLUDE:E3,,EXCLUDE:E3,v5 read,EXCLUDE:E3,,,,,False,preprint,,,,,,False,,,EXCLUDE:E3
S13947,10.1016/j.chempr.2021.11.002,THIRD_READ,EXCLUDE:E3,third read,EXCLUDE:E3,,EXCLUDE:E3,third read,EXCLUDE:E3,,EXCLUDE:E3,v5 read,EXCLUDE:E3,,S13947,,,False,journal,,,,,,False,,,EXCLUDE:E3
S13948,10.21203/rs.3.rs-934130/v1,AGREED_EXCLUDE,EXCLUDE:E3,passes agree,EXCLUDE:E3,,EXCLUDE:E3,passes agree,EXCLUDE:E3,,EXCLUDE:E3,passes agree,EXCLUDE:E3,,,,,False,,,,,,,False,,,EXCLUDE:E3
S13963,10.1007/s11664-021-09318-4,AGREED_EXCLUDE,EXCLUDE:E3,passes agree,EXCLUDE:E3,,EXCLUDE:E3,passes agree,EXCLUDE:E3,,EXCLUDE:E3,v5 read,EXCLUDE:E3,,S13963,,,False,journal,,,,,,False,,,EXCLUDE:E3
S13985,10.54647/materials43154,THIRD_READ,EXCLUDE:E3,third read,EXCLUDE:E3,,EXCLUDE:E3,third read,EXCLUDE:E3,,EXCLUDE:E3,v5 read,EXCLUDE:E3,,S13985,,,False,journal,,,,,,False,,,EXCLUDE:E3
S14096,10.1002/ange.202114437,THIRD_READ,EXCLUDE:E1,third read,EXCLUDE:E1,,EXCLUDE:E1,third read,EXCLUDE:E1,,EXCLUDE:E1,third read,EXCLUDE:E1,,S14096,,,False,,,,,,,False,,,EXCLUDE:E1
S14099,10.1088/1361-648x/ac449f,THIRD_READ,EXCLUDE:E3,third read,EXCLUDE:E3,,EXCLUDE:E3,third read,EXCLUDE:E3,,EXCLUDE:E3,v5 read,EXCLUDE:E3,,S14099,,,False,journal,,,,,,False,,,EXCLUDE:E3
S14114,10.1021/acsami.1c20752,AGREED_EXCLUDE,EXCLUDE:E3,passes agree,EXCLUDE:E3,,EXCLUDE:E3,passes agree,EXCLUDE:E3,,EXCLUDE:E3,passes agree,EXCLUDE:E3,,S14114,,,False,,,,,,,False,,,EXCLUDE:E3
S14126,10.1002/aenm.202102261,THIRD_READ,EXCLUDE:E1,third read,EXCLUDE:E1,,EXCLUDE:E1,third read,EXCLUDE:E1,,EXCLUDE:E1,v5 read,EXCLUDE:E1,,S14126,,,False,journal,,,,,,False,,,EXCLUDE:E1
S14154,10.21203/rs.3.rs-1095021/v1,THIRD_READ,EXCLUDE:E3,third read,EXCLUDE:E3,,EXCLUDE:E3,third read,EXCLUDE:E3,,EXCLUDE:E3,v5 read,EXCLUDE:E3,,,,,False,preprint,,,,,,False,,,EXCLUDE:E3
S14159,10.1016/j.catcom.2021.106380,AGREED_EXCLUDE,EXCLUDE:E3,passes agree,EXCLUDE:E3,,EXCLUDE:E3,passes agree,EXCLUDE:E3,,EXCLUDE:E3,passes agree,EXCLUDE:E3,,S14159,,,False,,,,,,,False,,,EXCLUDE:E3
S14164,10.1021/acsami.1c18081,AGREED_EXCLUDE,EXCLUDE:E4,passes agree,EXCLUDE:E4,,EXCLUDE:E4,passes agree,EXCLUDE:E4,,EXCLUDE:E6,SI read: third read,EXCLUDE:E6,,S14164,,,False,journal,,,,,,False,identity check,third read,UNRESOLVED
S14186,10.1038/s41560-021-00948-w,AGREED_ELIGIBLE,ELIGIBLE,passes agree,ELIGIBLE,,ELIGIBLE,v4 read,ELIGIBLE,,ELIGIBLE,v5 read,ELIGIBLE,,S14186,numeric,,False,journal,numeric,direct,,,,False,,,ELIGIBLE
S14206,10.29026/oea.2022.210105,AGREED_EXCLUDE,EXCLUDE:E3,passes agree,EXCLUDE:E3,,EXCLUDE:E3,passes agree,EXCLUDE:E3,,EXCLUDE:E3,v5 read,EXCLUDE:E3,,S14206,,,False,journal,,,,,,False,,,EXCLUDE:E3
S14209,10.1021/acs.jpcc.1c08700,THIRD_READ,ELIGIBLE,third read,ELIGIBLE,,ELIGIBLE,v4 read,ELIGIBLE,,ELIGIBLE,v5 read,ELIGIBLE,,S14209,numeric,,False,journal,numeric,direct,,,,False,,,ELIGIBLE
S14214,10.3390/ma15020458,AGREED_EXCLUDE,EXCLUDE:E1,passes agree,EXCLUDE:E1,,EXCLUDE:E1,passes agree,EXCLUDE:E1,,EXCLUDE:E1,passes agree,EXCLUDE:E1,,S14214,,,False,,,,,,,False,,,EXCLUDE:E1
S14224,10.17918/4d2k-1k63,AGREED_EXCLUDE,EXCLUDE:E1,passes agree,EXCLUDE:E1,,EXCLUDE:E1,passes agree,EXCLUDE:E1,,EXCLUDE:E1,passes agree,EXCLUDE:E1,,,,,False,,,,,,,False,,,EXCLUDE:E1
S14238,10.14710/ijred.2022.41722,AGREED_EXCLUDE,EXCLUDE:E3,passes agree,EXCLUDE:E3,,EXCLUDE:E3,passes agree,EXCLUDE:E3,,EXCLUDE:E3,passes agree,EXCLUDE:E3,,S14238,,,False,,,,,,,False,,,EXCLUDE:E3
S14270,10.1021/acs.jpcc.1c09775,AGREED_EXCLUDE,EXCLUDE:E3,passes agree,EXCLUDE:E3,,EXCLUDE:E3,passes agree,EXCLUDE:E3,,EXCLUDE:E3,passes agree,EXCLUDE:E3,,S14270,,,False,,,,,,,False,,,EXCLUDE:E3
S14278,10.1002/admi.202102063,AGREED_EXCLUDE,EXCLUDE:E3,passes agree,EXCLUDE:E3,,EXCLUDE:E3,passes agree,EXCLUDE:E3,,EXCLUDE:E3,passes agree,EXCLUDE:E3,,S14278,,,False,,,,,,,False,,,EXCLUDE:E3
S14304,10.1007/s40820-021-00785-2,AGREED_EXCLUDE,EXCLUDE:E1,passes agree,EXCLUDE:E1,,EXCLUDE:E1,passes agree,EXCLUDE:E1,,EXCLUDE:E1,passes agree,EXCLUDE:E1,,S14304,,,False,,,,,,,False,,,EXCLUDE:E1
S14379,10.3390/nano12020294,AGREED_EXCLUDE,EXCLUDE:E1,passes agree,EXCLUDE:E1,,EXCLUDE:E1,passes agree,EXCLUDE:E1,,EXCLUDE:E1,passes agree,EXCLUDE:E1,,S14379,,,False,,,,,,,False,,,EXCLUDE:E1
S14386,10.1016/j.electacta.2021.139810,NEEDS_SI,NEEDS_SI,passes,NEEDS_SI,,UNRESOLVED,v4 read,UNRESOLVED,,UNRESOLVED,v5 read,UNRESOLVED,,S14386,,,True,journal,,,,,,False,,,UNRESOLVED
S14387,10.1007/s40843-021-1912-8,NEEDS_SI,NEEDS_SI,passes,NEEDS_SI,,NEEDS_SI,v4 read,NEEDS_SI,,UNRESOLVED,SI read: passes agree; SI adjudication 2026-09-29,UNRESOLVED,,S14387,,,True,journal,,,,,,False,,agreed,NEEDS_SI
S14388,10.17918/00000048,THIRD_READ,EXCLUDE:E1,third read,EXCLUDE:E1,,EXCLUDE:E1,third read,EXCLUDE:E1,,EXCLUDE:E1,v5 read,EXCLUDE:E1,,,,,False,other,,,,,,False,,,EXCLUDE:E1
S14390,10.1002/advs.202104916,AGREED_EXCLUDE,EXCLUDE:E1,passes agree,EXCLUDE:E1,,EXCLUDE:E1,passes agree,EXCLUDE:E1,,EXCLUDE:E1,passes agree,EXCLUDE:E1,,S14390,,,False,,,,,,,False,,,EXCLUDE:E1
S14395,10.21203/rs.3.rs-1212101/v1,AGREED_EXCLUDE,EXCLUDE:E3,passes agree,EXCLUDE:E3,,EXCLUDE:E3,passes agree,EXCLUDE:E3,,EXCLUDE:E3,passes agree,EXCLUDE:E3,,,,,False,,,,,,,False,,,EXCLUDE:E3
S14407,10.24275/uami.s7526c41m,THIRD_READ,EXCLUDE:E1,third read,EXCLUDE:E1,,EXCLUDE:E1,third read,EXCLUDE:E1,,EXCLUDE:E1,third read,EXCLUDE:E1,,,,,False,,,,,,,False,,,EXCLUDE:E1
S14413,10.3390/nano12030344,AGREED_EXCLUDE,EXCLUDE:E1,passes agree,EXCLUDE:E1,,EXCLUDE:E1,passes agree,EXCLUDE:E1,,EXCLUDE:E1,v5 read,EXCLUDE:E1,,S14413,,,False,journal,,,,,,False,,,EXCLUDE:E1
S14424,10.1002/admi.202102035,AGREED_EXCLUDE,EXCLUDE:E3,passes agree,EXCLUDE:E3,,EXCLUDE:E3,passes agree,EXCLUDE:E3,,EXCLUDE:E3,passes agree,EXCLUDE:E3,,S14424,,,False,,,,,,,False,,,EXCLUDE:E3
S14439,10.1007/s40820-022-00795-8,AGREED_EXCLUDE,EXCLUDE:E3,passes agree,EXCLUDE:E3,,EXCLUDE:E3,passes agree,EXCLUDE:E3,,EXCLUDE:E3,passes agree,EXCLUDE:E3,,S14439,,,False,,,,,,,False,,,EXCLUDE:E3
S14457,10.1002/ange.201907017,AGREED_EXCLUDE,EXCLUDE:E3,passes agree,collapsed into S08090,,EXCLUDE:E3,passes agree,collapsed into S08090,,EXCLUDE:E3,passes agree,collapsed into S08090,,S08090,,,False,,,,,,,False,,,collapsed into S08090
S14482,10.1007/s12274-022-4081-4,AGREED_EXCLUDE,EXCLUDE:E3,passes agree,EXCLUDE:E3,,EXCLUDE:E3,passes agree,EXCLUDE:E3,,EXCLUDE:E3,passes agree,EXCLUDE:E3,,S14482,,,False,,,,,,,False,,,EXCLUDE:E3
S14509,10.1002/er.7714,AGREED_EXCLUDE,EXCLUDE:E3,passes agree,EXCLUDE:E3,,EXCLUDE:E3,passes agree,EXCLUDE:E3,,EXCLUDE:E3,passes agree,EXCLUDE:E3,,S14509,,,False,,,,,,,False,,,EXCLUDE:E3
S14528,10.1039/d1fd00114k,AGREED_EXCLUDE,EXCLUDE:E3,passes agree,EXCLUDE:E3,,EXCLUDE:E3,v4 read,EXCLUDE:E3,,EXCLUDE:E3,v4 read,EXCLUDE:E3,,S14528,,,False,,,,,,,False,,,EXCLUDE:E3
S14537,10.1016/j.checat.2022.01.012,AGREED_EXCLUDE,EXCLUDE:E3,v3 sensitivity read,EXCLUDE:E3,,EXCLUDE:E3,v4 sensitivity read,EXCLUDE:E3,,EXCLUDE:E3,v5 passes,EXCLUDE:E3,,S14537,,,False,journal,,,,,,False,,,EXCLUDE:E3
S14554,10.1039/d2ra00448h,AGREED_EXCLUDE,EXCLUDE:E4,passes agree,EXCLUDE:E4,,EXCLUDE:E4,passes agree,EXCLUDE:E4,,EXCLUDE:E4,v5 read,EXCLUDE:E4,,S14554,,,False,journal,,,,,,False,,,EXCLUDE:E4
S14563,10.21203/rs.3.rs-142224/v1,AGREED_EXCLUDE,EXCLUDE:E3,passes agree,EXCLUDE:E3,,EXCLUDE:E3,passes agree,EXCLUDE:E3,,EXCLUDE:E3,v5 read,EXCLUDE:E3,,,,,False,preprint,,,,,,False,,,EXCLUDE:E3
S14567,10.3389/fchem.2021.833024,AGREED_EXCLUDE,EXCLUDE:E3,passes agree,EXCLUDE:E3,,EXCLUDE:E3,passes agree,EXCLUDE:E3,,EXCLUDE:E3,passes agree,EXCLUDE:E3,,S14567,,,False,,,,,,,False,,,EXCLUDE:E3
S14629,10.1016/j.apcatb.2022.121213,AGREED_EXCLUDE,EXCLUDE:E3,passes agree,EXCLUDE:E3,,EXCLUDE:E3,passes agree,EXCLUDE:E3,,EXCLUDE:E3,passes agree,EXCLUDE:E3,,S14629,,,False,,,,,,,False,,,EXCLUDE:E3
S14634,10.1002/ange.202110186,AGREED_EXCLUDE,EXCLUDE:E1,passes agree,EXCLUDE:E1,,EXCLUDE:E1,passes agree,EXCLUDE:E1,,EXCLUDE:E1,passes agree,EXCLUDE:E1,,S14634,,,False,,,,,,,False,,,EXCLUDE:E1
S14662,10.1038/s41598-022-06608-7,THIRD_READ,ELIGIBLE,third read,ELIGIBLE,,ELIGIBLE,v4 read,ELIGIBLE,,ELIGIBLE,v5 read,ELIGIBLE,,S14662,numeric,,True,journal,numeric,direct,,,,False,,,ELIGIBLE
S14673,10.1063/5.0080139,AGREED_EXCLUDE,EXCLUDE:E3,passes agree,EXCLUDE:E3,,EXCLUDE:E3,passes agree,EXCLUDE:E3,,EXCLUDE:E3,passes agree,EXCLUDE:E3,,S14673,,,False,,,,,,,False,,,EXCLUDE:E3
S14703,10.1002/anie.202201146,THIRD_READ,ELIGIBLE,third read,ELIGIBLE,,ELIGIBLE,v4 read,ELIGIBLE,,ELIGIBLE,v5 read,ELIGIBLE,,S14703,scaling,,True,journal,graphical,scaling,,,,False,,,ELIGIBLE
S14704,10.1016/j.jcat.2022.02.016,NEEDS_SI,NEEDS_SI,v3 sensitivity read,NEEDS_SI,,NEEDS_SI,v4 sensitivity read,NEEDS_SI,,NEEDS_SI,v5 passes,NEEDS_SI,,S14704,,,False,journal,,,,,,False,,,NEEDS_SI
S14713,10.1016/j.fmre.2021.11.038,AGREED_EXCLUDE,EXCLUDE:E3,passes agree,EXCLUDE:E3,,EXCLUDE:E3,passes agree,EXCLUDE:E3,,EXCLUDE:E3,passes agree,EXCLUDE:E3,,S14713,,,False,,,,,,,False,,,EXCLUDE:E3
S14724,10.3390/nano12050839,AGREED_EXCLUDE,EXCLUDE:E1,passes agree,EXCLUDE:E1,,EXCLUDE:E1,passes agree,EXCLUDE:E1,,EXCLUDE:E1,passes agree,EXCLUDE:E1,,S14724,,,False,,,,,,,False,,,EXCLUDE:E1
S14755,10.1002/ange.202202519,THIRD_READ,NEEDS_SI,third read,NEEDS_SI,,UNRESOLVED,v4 read,UNRESOLVED,,NEEDS_SI,SI read: third read,UNRESOLVED,SI verification: E4,S14755,,,True,journal,,,,,,False,,third read,UNRESOLVED
S14778,10.1007/s12274-022-4140-x,THIRD_READ,EXCLUDE:E4,third read,EXCLUDE:E4,,UNRESOLVED,v4 read,UNRESOLVED,text not usable,EXCLUDE:E5,SI read: third read,EXCLUDE:E5,,S14778,,,True,journal,,,,,,False,,third read,UNRESOLVED
S14793,10.1016/s1872-2067(21)63978-5,AGREED_EXCLUDE,EXCLUDE:E3,passes agree,EXCLUDE:E3,,EXCLUDE:E3,passes agree,EXCLUDE:E3,,EXCLUDE:E3,passes agree,EXCLUDE:E3,,S14793,,,False,,,,,,,False,,,EXCLUDE:E3
S14814,10.1021/acsaem.2c00292,AGREED_EXCLUDE,EXCLUDE:E3,passes agree,EXCLUDE:E3,,EXCLUDE:E3,passes agree,EXCLUDE:E3,,EXCLUDE:E3,passes agree,EXCLUDE:E3,,S14814,,,False,,,,,,,False,,,EXCLUDE:E3
S14816,10.21203/rs.3.rs-1409828/v1,AGREED_EXCLUDE,EXCLUDE:E4,passes agree,EXCLUDE:E4,,EXCLUDE:E4,passes agree,EXCLUDE:E4,,EXCLUDE:E4,v5 read,EXCLUDE:E4,,,,,False,preprint,,,,,,False,,,EXCLUDE:E4
S14831,10.1039/d1ee03915f,AGREED_EXCLUDE,EXCLUDE:E3,passes agree,EXCLUDE:E3,,EXCLUDE:E3,passes agree,EXCLUDE:E3,,EXCLUDE:E3,passes agree,EXCLUDE:E3,,S14831,,,False,,,,,,,False,,,EXCLUDE:E3
S14833,10.1002/smll.202108031,AGREED_EXCLUDE,EXCLUDE:E4,passes agree,EXCLUDE:E4,,UNRESOLVED,v4 read,UNRESOLVED,,UNRESOLVED,v5 read,UNRESOLVED,,S14833,,,True,journal,,,,,,False,,,UNRESOLVED
S14849,10.1002/cssc.202200015,AGREED_ELIGIBLE,ELIGIBLE,passes agree,ELIGIBLE,,ELIGIBLE,v4 read,ELIGIBLE,,ELIGIBLE,v5 read,ELIGIBLE,,S14849,numeric,,False,journal,numeric,direct,,,,False,,,ELIGIBLE
S14853,10.1007/s12598-021-01914-x,AGREED_EXCLUDE,EXCLUDE:E1,passes agree,EXCLUDE:E1,,EXCLUDE:E1,passes agree,EXCLUDE:E1,,EXCLUDE:E1,passes agree,EXCLUDE:E1,,S14853,,,False,,,,,,,False,,,EXCLUDE:E1
S14867,10.1021/acsanm.2c00031,AGREED_EXCLUDE,EXCLUDE:E3,passes agree,EXCLUDE:E3,,EXCLUDE:E3,passes agree,EXCLUDE:E3,,EXCLUDE:E3,passes agree,EXCLUDE:E3,,S14867,,,False,,,,,,,False,,,EXCLUDE:E3
S14875,10.1007/978-981-19-0205-5_3,AGREED_EXCLUDE,EXCLUDE:E4,passes agree,collapsed into S07336,,EXCLUDE:E4,passes agree,collapsed into S07336,,EXCLUDE:E1,v5 read,collapsed into S07336,,S07336,,,False,other,,,,,,False,,,collapsed into S07336
S14880,10.1016/j.molliq.2022.118960,AGREED_EXCLUDE,EXCLUDE:E3,passes agree,EXCLUDE:E3,,EXCLUDE:E3,passes agree,EXCLUDE:E3,,EXCLUDE:E3,v5 read,EXCLUDE:E3,,S14880,,,False,journal,,,,,,False,,,EXCLUDE:E3
S14980,10.48550/arxiv.2204.06991,THIRD_READ,EXCLUDE:E3,third read,collapsed into S16062,,EXCLUDE:E3,third read,collapsed into S16062,,EXCLUDE:E3,v5 read,collapsed into S16062,,S16062,,,False,preprint,,,,,,False,,,collapsed into S16062
S15022,10.1039/d2dt00398h,AGREED_EXCLUDE,EXCLUDE:E3,passes agree,EXCLUDE:E3,,EXCLUDE:E3,passes agree,EXCLUDE:E3,,EXCLUDE:E3,passes agree,EXCLUDE:E3,,S15022,,,False,,,,,,,False,,,EXCLUDE:E3
S15032,10.1039/d1cs00648g,AGREED_EXCLUDE,EXCLUDE:E1,passes agree,EXCLUDE:E1,,EXCLUDE:E1,passes agree,EXCLUDE:E1,,EXCLUDE:E1,passes agree,EXCLUDE:E1,,S15032,,,False,,,,,,,False,,,EXCLUDE:E1
S15071,10.48550/arxiv.2203.16296,THIRD_READ,EXCLUDE:E3,third read,EXCLUDE:E3,,EXCLUDE:E3,third read,EXCLUDE:E3,,EXCLUDE:E3,v5 read,EXCLUDE:E3,,,,,False,preprint,,,,,,False,,,EXCLUDE:E3
S15075,10.3389/fchem.2022.889470,THIRD_READ,EXCLUDE:E1,third read,EXCLUDE:E1,,EXCLUDE:E1,third read,EXCLUDE:E1,,EXCLUDE:E1,v5 read,EXCLUDE:E1,,S15075,,,False,journal,,,,,,False,,,EXCLUDE:E1
S15078,10.3389/fchem.2022.895168,AGREED_EXCLUDE,EXCLUDE:E3,passes agree,EXCLUDE:E3,,EXCLUDE:E3,passes agree,EXCLUDE:E3,,EXCLUDE:E3,passes agree,EXCLUDE:E3,,S15078,,,False,,,,,,,False,,,EXCLUDE:E3
S15088,10.1007/s40820-022-00857-x,THIRD_READ,EXCLUDE:E1,third read,EXCLUDE:E1,,EXCLUDE:E1,third read,EXCLUDE:E1,,EXCLUDE:E1,third read,EXCLUDE:E1,,S15088,,,False,,,,,,,False,,,EXCLUDE:E1
S15113,10.3390/nano12091546,AGREED_EXCLUDE,EXCLUDE:E1,passes agree,EXCLUDE:E1,,EXCLUDE:E1,passes agree,EXCLUDE:E1,,EXCLUDE:E1,passes agree,EXCLUDE:E1,,S15113,,,False,,,,,,,False,,,EXCLUDE:E1
S15116,10.1021/acsaem.2c00471,THIRD_READ,EXCLUDE:E3,third read,EXCLUDE:E3,,EXCLUDE:E3,third read,EXCLUDE:E3,,EXCLUDE:E3,third read,EXCLUDE:E3,,S15116,,,False,,,,,,,False,,,EXCLUDE:E3
S15123,10.3390/books978-3-0365-4025-2,AGREED_EXCLUDE,EXCLUDE:E1,passes agree,EXCLUDE:E1,,EXCLUDE:E1,passes agree,EXCLUDE:E1,,EXCLUDE:E1,passes agree,EXCLUDE:E1,,,,,False,,,,,,,False,,,EXCLUDE:E1
S15135,10.1039/d2ya00027j,AGREED_EXCLUDE,EXCLUDE:E4,passes agree,EXCLUDE:E4,,EXCLUDE:E4,passes agree,EXCLUDE:E4,,EXCLUDE:E4,v5 read,EXCLUDE:E4,,S15135,,,False,journal,,,,,,False,,,EXCLUDE:E4
S15178,10.21203/rs.3.rs-1492357/v1,AGREED_ELIGIBLE,ELIGIBLE,passes agree,ELIGIBLE,,ELIGIBLE,v4 read,ELIGIBLE,,ELIGIBLE,v5 read,ELIGIBLE,,,numeric,,True,preprint,numeric,direct,,,,False,,,ELIGIBLE
S15188,10.48550/arxiv.2112.07044,AGREED_EXCLUDE,EXCLUDE:E3,passes agree,collapsed into S14206,,EXCLUDE:E3,passes agree,collapsed into S14206,,EXCLUDE:E3,passes agree,collapsed into S14206,,S14206,,,False,,,,,,,False,,,collapsed into S14206
S15201,10.1039/d2nj00045h,AGREED_EXCLUDE,EXCLUDE:E3,passes agree,EXCLUDE:E3,,EXCLUDE:E3,passes agree,EXCLUDE:E3,,EXCLUDE:E3,passes agree,EXCLUDE:E3,,S15201,,,False,,,,,,,False,,,EXCLUDE:E3
S15212,10.1039/d1ee03914h,THIRD_READ,EXCLUDE:E3,third read,EXCLUDE:E3,,EXCLUDE:E3,third read,EXCLUDE:E3,,EXCLUDE:E3,v5 read,EXCLUDE:E3,,S15212,,,False,journal,,,,,,False,,,EXCLUDE:E3
S15236,10.1007/s12274-022-4337-z,NEEDS_SI,NEEDS_SI,passes,NEEDS_SI,,UNRESOLVED,v4 read,UNRESOLVED,text not usable,UNRESOLVED,SI read: third read,UNRESOLVED,,S15236,numeric,,True,journal,numeric,direct,,,,False,identity check,third read,UNRESOLVED
S15237,10.1021/acs.chemrev.1c00800,AGREED_EXCLUDE,EXCLUDE:E1,passes agree,EXCLUDE:E1,,EXCLUDE:E1,passes agree,EXCLUDE:E1,,EXCLUDE:E1,passes agree,EXCLUDE:E1,,S15237,,,False,,,,,,,False,,,EXCLUDE:E1
S15276,10.1038/s41929-019-0390-8,RERETRIEVE,,no readable text,no readable text,,,no readable text,no readable text,,,no readable text,no readable text,,S15276,,,False,,,,,,,False,,,no readable text
S15292,10.21203/rs.3.rs-736841/v1,AGREED_EXCLUDE,EXCLUDE:E3,passes agree,EXCLUDE:E3,,EXCLUDE:E3,passes agree,EXCLUDE:E3,,EXCLUDE:E3,passes agree,EXCLUDE:E3,,,,,False,,,,,,,False,,,EXCLUDE:E3
S15298,10.1016/j.focat.2016.12.044,RERETRIEVE,,no readable text,no readable text,,,no readable text,no readable text,,,no readable text,no readable text,,S15298,,,False,,,,,,,False,,,no readable text
S15311,10.1002/ange.202006756,NEEDS_SI,NEEDS_SI,passes,collapsed into S09897,,NEEDS_SI,v4 read,collapsed into S09897,,NEEDS_SI,v5 read,collapsed into S09897,,S09897,relative,,False,journal,relative,direct,,,,False,,,collapsed into S09897
S15312,10.33961/jecst.2018.9.4.282,AGREED_EXCLUDE,EXCLUDE:E3,passes agree,EXCLUDE:E3,,EXCLUDE:E3,passes agree,EXCLUDE:E3,,EXCLUDE:E3,passes agree,EXCLUDE:E3,,S15312,,,False,,,,,,,False,,,EXCLUDE:E3
S15326,10.1039/d1ta07293e,AGREED_EXCLUDE,EXCLUDE:E3,passes agree,EXCLUDE:E3,,EXCLUDE:E3,passes agree,EXCLUDE:E3,,EXCLUDE:E3,v5 read,EXCLUDE:E3,,S15326,,,False,journal,,,,,,False,,,EXCLUDE:E3
S15362,10.21203/rs.3.rs-136815/v1,AGREED_EXCLUDE,EXCLUDE:E3,passes agree,EXCLUDE:E3,,EXCLUDE:E3,passes agree,EXCLUDE:E3,,EXCLUDE:E3,v5 read,EXCLUDE:E3,,,,,False,preprint,,,,,,False,,,EXCLUDE:E3
S15374,10.32434/0321-4095-2020-128-1-18-24,AGREED_EXCLUDE,EXCLUDE:E3,passes agree,collapsed into S09029,,EXCLUDE:E3,passes agree,collapsed into S09029,,EXCLUDE:E3,passes agree,collapsed into S09029,,S09029,,,False,,,,,,,False,,,collapsed into S09029
S15384,10.20944/preprints201811.0077.v1,THIRD_READ,EXCLUDE:E1,third read,EXCLUDE:E1,,EXCLUDE:E1,third read,EXCLUDE:E1,,EXCLUDE:E1,v5 read,EXCLUDE:E1,,,,,False,preprint,,,,,,False,,,EXCLUDE:E1
S15390,10.5599/jese.2014.0061,AGREED_EXCLUDE,EXCLUDE:E3,passes agree,collapsed into S01623,,EXCLUDE:E3,passes agree,collapsed into S01623,,EXCLUDE:E3,passes agree,collapsed into S01623,,S01623,,,False,,,,,,,False,,,collapsed into S01623
S15436,10.21203/rs.3.rs-164964/v1,THIRD_READ,EXCLUDE:E4,third read,EXCLUDE:E4,,EXCLUDE:E4,v4 read,EXCLUDE:E4,,EXCLUDE:E4,v5 read,EXCLUDE:E4,,,,,False,preprint,,,,,,False,,,EXCLUDE:E4
S15469,10.14232/phd.10489,THIRD_READ,EXCLUDE:E1,third read,EXCLUDE:E1,,EXCLUDE:E1,third read,EXCLUDE:E1,,EXCLUDE:E1,third read,EXCLUDE:E1,,,,,False,,,,,,,False,,,EXCLUDE:E1
S15480,10.3390/books978-3-03936-195-3,AGREED_EXCLUDE,EXCLUDE:E1,passes agree,EXCLUDE:E1,,EXCLUDE:E1,passes agree,EXCLUDE:E1,,EXCLUDE:E1,passes agree,EXCLUDE:E1,,,,,False,,,,,,,False,,,EXCLUDE:E1
S15489,10.21203/rs.3.rs-668232/v1,THIRD_READ,ELIGIBLE,third read,collapsed into S12709,,ELIGIBLE,v4 read,collapsed into S12709,,ELIGIBLE,v5 read,collapsed into S12709,,S12709,scaling,,True,preprint,numeric,scaling,,,,False,,,collapsed into S12709
S15532,10.21203/rs.3.rs-393104/v1,THIRD_READ,EXCLUDE:E3,third read,collapsed into S12273,,EXCLUDE:E3,third read,collapsed into S12273,,EXCLUDE:E3,v5 read,collapsed into S12273,,S12273,,,False,preprint,,,,,,False,,,collapsed into S12273
S15551,10.2172/1466639,AGREED_EXCLUDE,EXCLUDE:E3,passes agree,EXCLUDE:E3,,EXCLUDE:E3,passes agree,EXCLUDE:E3,,EXCLUDE:E1,v5 read,EXCLUDE:E1,,,,,False,other,,,,,,False,,,EXCLUDE:E1
S15591,10.3390/books978-3-03921-541-6,AGREED_EXCLUDE,EXCLUDE:E1,passes agree,EXCLUDE:E1,,EXCLUDE:E1,passes agree,EXCLUDE:E1,,EXCLUDE:E1,passes agree,EXCLUDE:E1,,,,,False,,,,,,,False,,,EXCLUDE:E1
S15619,10.14232/phd.4099,AGREED_EXCLUDE,EXCLUDE:E3,passes agree,EXCLUDE:E3,,EXCLUDE:E3,passes agree,EXCLUDE:E3,,EXCLUDE:E3,passes agree,EXCLUDE:E3,,,,,False,,,,,,,False,,,EXCLUDE:E3
S15671,10.1002/ange.201913080,AGREED_EXCLUDE,EXCLUDE:E4,passes agree,collapsed into S08814,,UNRESOLVED,v4 read,collapsed into S08814,,UNRESOLVED,v5 read,collapsed into S08814,,S08814,,,True,journal,,,,,,False,,,collapsed into S08814
S15717,10.1002/ange.201406668,AGREED_EXCLUDE,EXCLUDE:E3,passes agree,EXCLUDE:E3,,EXCLUDE:E3,passes agree,EXCLUDE:E3,,EXCLUDE:E3,passes agree,EXCLUDE:E3,,S15717,,,False,,,,,,,False,,,EXCLUDE:E3
S15744,10.21203/rs.3.rs-127913/v1,AGREED_EXCLUDE,EXCLUDE:E3,passes agree,collapsed into S11488,,EXCLUDE:E3,passes agree,collapsed into S11488,,EXCLUDE:E3,passes agree,collapsed into S11488,,S11488,,,False,,,,,,,False,,,collapsed into S11488
S15747,10.1002/ange.201806300,AGREED_EXCLUDE,EXCLUDE:E3,passes agree,EXCLUDE:E3,,EXCLUDE:E3,passes agree,EXCLUDE:E3,,EXCLUDE:E3,v5 read,EXCLUDE:E3,,S15747,,,False,journal,,,,,,False,,,EXCLUDE:E3
S15768,10.1002/inf2.12326,THIRD_READ,ELIGIBLE,third read,ELIGIBLE,,UNRESOLVED,v4 read,UNRESOLVED,,UNRESOLVED,SI read: third read,ELIGIBLE,dated,S15768,numeric,,True,journal,numeric,direct,,,,False,,third read,UNRESOLVED
S15796,10.1088/1361-6463/ac6f97,AGREED_EXCLUDE,EXCLUDE:E1,passes agree,collapsed into S31355,,EXCLUDE:E1,passes agree,collapsed into S31355,,EXCLUDE:E1,passes agree,collapsed into S31355,,S31355,,,False,,,,,,,False,,,collapsed into S31355
S15804,10.48550/arxiv.2205.09007,THIRD_READ,ELIGIBLE,third read,collapsed into S17514,,UNRESOLVED,v4 read,collapsed into S17514,dated,UNRESOLVED,v5 read,collapsed into S17514,dated,S17514,relative,,True,preprint,relative,direct,,,,False,,,collapsed into S17514
S15806,10.1186/s40580-022-00311-z,AGREED_EXCLUDE,EXCLUDE:E3,passes agree,EXCLUDE:E3,,EXCLUDE:E3,passes agree,EXCLUDE:E3,,EXCLUDE:E3,passes agree,EXCLUDE:E3,,S15806,,,False,,,,,,,False,,,EXCLUDE:E3
S15850,10.21203/rs.3.rs-1678377/v1,AGREED_EXCLUDE,EXCLUDE:E3,passes agree,EXCLUDE:E3,,EXCLUDE:E3,passes agree,EXCLUDE:E3,,EXCLUDE:E3,passes agree,EXCLUDE:E3,,,,,False,,,,,,,False,,,EXCLUDE:E3
S15857,10.1016/j.jcis.2022.05.127,AGREED_EXCLUDE,EXCLUDE:E4,passes agree,EXCLUDE:E4,,EXCLUDE:E4,passes agree,EXCLUDE:E4,,EXCLUDE:E4,v5 read,EXCLUDE:E4,,S15857,,,False,journal,,,,,,False,,,EXCLUDE:E4
S15859,10.1002/cey2.188,AGREED_EXCLUDE,EXCLUDE:E3,passes agree,EXCLUDE:E3,,EXCLUDE:E3,passes agree,EXCLUDE:E3,,EXCLUDE:E3,v5 read,EXCLUDE:E3,,S15859,,,False,journal,,,,,,False,,,EXCLUDE:E3
S15862,10.1016/j.cej.2022.137312,AGREED_EXCLUDE,EXCLUDE:E3,passes agree,EXCLUDE:E3,,EXCLUDE:E3,passes agree,EXCLUDE:E3,,EXCLUDE:E3,passes agree,EXCLUDE:E3,,S15862,,,False,,,,,,,False,,,EXCLUDE:E3
S15873,10.1002/open.202200077,AGREED_EXCLUDE,EXCLUDE:E3,passes agree,EXCLUDE:E3,,EXCLUDE:E3,passes agree,EXCLUDE:E3,,EXCLUDE:E3,v5 read,EXCLUDE:E3,,S15873,,,False,journal,,,,,,False,,,EXCLUDE:E3
S15885,10.3390/nano12111848,AGREED_EXCLUDE,EXCLUDE:E3,passes agree,EXCLUDE:E3,,EXCLUDE:E3,passes agree,EXCLUDE:E3,,EXCLUDE:E3,passes agree,EXCLUDE:E3,,S15885,,,False,,,,,,,False,,,EXCLUDE:E3
S15892,10.1063/5.0097762,AGREED_EXCLUDE,EXCLUDE:E3,passes agree,collapsed into S16982,,EXCLUDE:E3,passes agree,collapsed into S16982,,EXCLUDE:E3,passes agree,collapsed into S16982,,S16982,,,False,,,,,,,False,,,collapsed into S16982
S15895,10.21203/rs.3.rs-1615417/v1,AGREED_ELIGIBLE,ELIGIBLE,passes agree,ELIGIBLE,,ELIGIBLE,v4 read,ELIGIBLE,,ELIGIBLE,v5 read,ELIGIBLE,,,numeric,,True,preprint,numeric,direct,,,,False,,,ELIGIBLE
S15908,10.1016/j.jcat.2022.05.023,THIRD_READ,ELIGIBLE,third read,ELIGIBLE,,ELIGIBLE,v4 read,ELIGIBLE,,ELIGIBLE,v5 read,ELIGIBLE,,S15908,numeric,,False,journal,numeric,direct,,,,False,,,ELIGIBLE
S15909,10.1038/s41467-022-30838-y,THIRD_READ,ELIGIBLE,third read,ELIGIBLE,,ELIGIBLE,v4 read,ELIGIBLE,,ELIGIBLE,v5 read,ELIGIBLE,,S15909,numeric,,False,journal,numeric,direct,,,,False,,,ELIGIBLE
S15927,10.3390/ijms23116036,AGREED_EXCLUDE,EXCLUDE:E1,passes agree,EXCLUDE:E1,,EXCLUDE:E1,passes agree,EXCLUDE:E1,,EXCLUDE:E1,passes agree,EXCLUDE:E1,,S15927,,,False,,,,,,,False,,,EXCLUDE:E1
S15929,10.1016/j.jpowsour.2022.231599,AGREED_EXCLUDE,EXCLUDE:E3,passes agree,EXCLUDE:E3,,EXCLUDE:E3,passes agree,EXCLUDE:E3,,EXCLUDE:E3,passes agree,EXCLUDE:E3,,S15929,,,False,,,,,,,False,,,EXCLUDE:E3
S15940,10.1007/s43979-022-00022-8,AGREED_EXCLUDE,EXCLUDE:E1,passes agree,EXCLUDE:E1,,EXCLUDE:E1,passes agree,EXCLUDE:E1,,EXCLUDE:E1,passes agree,EXCLUDE:E1,,S15940,,,False,,,,,,,False,,,EXCLUDE:E1
S15976,10.1016/j.coelec.2022.101088,AGREED_EXCLUDE,EXCLUDE:E1,passes agree,EXCLUDE:E1,,EXCLUDE:E1,passes agree,EXCLUDE:E1,,EXCLUDE:E1,passes agree,EXCLUDE:E1,,S15976,,,False,,,,,,,False,,,EXCLUDE:E1
S15978,10.21203/rs.3.rs-1695724/v1,AGREED_EXCLUDE,EXCLUDE:E3,passes agree,EXCLUDE:E3,,EXCLUDE:E3,passes agree,EXCLUDE:E3,,EXCLUDE:E3,v5 read,EXCLUDE:E3,,,,,False,preprint,,,,,,False,,,EXCLUDE:E3
S16003,10.1002/advs.202201654,NEEDS_SI,NEEDS_SI,passes,NEEDS_SI,,NEEDS_SI,v4 read,NEEDS_SI,,UNRESOLVED,public evidence recovery 2026-10-01: independent reads reviewed,UNRESOLVED,,S16003,,,True,journal,,,,,,False,,recovery reviewed,NEEDS_SI
S16042,10.1002/ange.202201146,THIRD_READ,ELIGIBLE,third read,collapsed into S14703,,ELIGIBLE,v4 read,collapsed into S14703,,ELIGIBLE,v5 read,collapsed into S14703,,S14703,scaling,,False,journal,graphical,scaling,,,,False,,,collapsed into S14703
S16053,10.1021/acsomega.2c01077,AGREED_EXCLUDE,EXCLUDE:E3,passes agree,EXCLUDE:E3,,EXCLUDE:E3,passes agree,EXCLUDE:E3,,EXCLUDE:E3,v5 read,EXCLUDE:E3,,S16053,,,False,journal,,,,,,False,,,EXCLUDE:E3
S16057,10.1021/acscatal.2c01339,NEEDS_SI,NEEDS_SI,passes,NEEDS_SI,,EXCLUDE:E5,v4 read,EXCLUDE:E5,,EXCLUDE:E4,v5 read,EXCLUDE:E4,,S16057,,,False,journal,,,,,,False,,,EXCLUDE:E4
S16059,10.1016/j.xcrp.2022.100959,AGREED_EXCLUDE,EXCLUDE:E3,passes agree,EXCLUDE:E3,,EXCLUDE:E3,v4 read,EXCLUDE:E3,,EXCLUDE:E3,v5 read,EXCLUDE:E3,,S16059,,,False,journal,,,,,,False,,,EXCLUDE:E3
S16062,10.1007/s11244-022-01651-0,AGREED_EXCLUDE,EXCLUDE:E3,passes agree,EXCLUDE:E3,,EXCLUDE:E3,passes agree,EXCLUDE:E3,,EXCLUDE:E3,v5 read,EXCLUDE:E3,,S16062,,,False,journal,,,,,,False,,,EXCLUDE:E3
S16072,10.3390/nano12132200,AGREED_EXCLUDE,EXCLUDE:E3,passes agree,EXCLUDE:E3,,EXCLUDE:E3,passes agree,EXCLUDE:E3,,EXCLUDE:E3,passes agree,EXCLUDE:E3,,S16072,,,False,,,,,,,False,,,EXCLUDE:E3
S16075,10.1016/j.mtener.2022.101083,AGREED_EXCLUDE,EXCLUDE:E1,passes agree,EXCLUDE:E1,,EXCLUDE:E1,passes agree,EXCLUDE:E1,,EXCLUDE:E1,passes agree,EXCLUDE:E1,,S16075,,,False,,,,,,,False,,,EXCLUDE:E1
S16079,10.1007/s11431-021-2053-1,AGREED_EXCLUDE,EXCLUDE:E3,passes agree,EXCLUDE:E3,,EXCLUDE:E3,passes agree,EXCLUDE:E3,,EXCLUDE:E3,passes agree,EXCLUDE:E3,,S16079,,,False,,,,,,,False,,,EXCLUDE:E3
S16105,10.1038/s41467-022-31468-0,NEEDS_SI,NEEDS_SI,passes,NEEDS_SI,,NEEDS_SI,v4 read,NEEDS_SI,,ELIGIBLE,SI read: passes agree; SI adjudication 2026-09-29,ELIGIBLE,,S16105,,,True,journal,relative,direct,,,,False,,agreed,NEEDS_SI
S16115,10.1016/j.mtener.2022.101087,THIRD_READ,EXCLUDE:E3,third read,EXCLUDE:E3,,EXCLUDE:E3,v4 read,EXCLUDE:E3,,EXCLUDE:E3,v5 read,EXCLUDE:E3,,S16115,,,False,journal,,,,,,False,,,EXCLUDE:E3
S16145,10.1021/acsami.2c02520,AGREED_EXCLUDE,EXCLUDE:E3,passes agree,EXCLUDE:E3,,EXCLUDE:E3,passes agree,EXCLUDE:E3,,EXCLUDE:E3,v5 read,EXCLUDE:E3,,S16145,,,False,journal,,,,,,False,,,EXCLUDE:E3
S16152,10.1007/s42114-022-00521-3,AGREED_EXCLUDE,EXCLUDE:E3,passes agree,EXCLUDE:E3,,EXCLUDE:E3,passes agree,EXCLUDE:E3,,EXCLUDE:E3,passes agree,EXCLUDE:E3,,S16152,,,False,,,,,,,False,,,EXCLUDE:E3
S16168,10.1016/j.apsusc.2022.154206,AGREED_EXCLUDE,EXCLUDE:E3,passes agree,EXCLUDE:E3,,EXCLUDE:E3,passes agree,EXCLUDE:E3,,EXCLUDE:E3,passes agree,EXCLUDE:E3,,S16168,,,False,,,,,,,False,,,EXCLUDE:E3
S16192,10.1039/d2ta02039d,THIRD_READ,EXCLUDE:E1,third read,EXCLUDE:E1,,EXCLUDE:E1,third read,EXCLUDE:E1,,EXCLUDE:E1,v5 read,EXCLUDE:E1,,S16192,,,False,journal,,,,,,False,,,EXCLUDE:E1
S16208,10.1039/d2qi00892k,AGREED_EXCLUDE,EXCLUDE:E4,passes agree,EXCLUDE:E4,,UNRESOLVED,v4 read,UNRESOLVED,,UNRESOLVED,v5 read,UNRESOLVED,,S16208,,,True,journal,,,,,,False,,,UNRESOLVED
S16271,10.1021/acs.jpcc.2c02381,NEEDS_SI,NEEDS_SI,passes,NEEDS_SI,,UNRESOLVED,v4 read,NEEDS_SI,dated,UNRESOLVED,SI read: third read,ELIGIBLE,dated,S16271,,,True,journal,graphical,scaling,SI defines η from the maximum step and 1.23 V but prints µOER = max[∆G]/e + 1.23V; kept as labelled overpotential.,,,False,,third read,NEEDS_SI
S16281,10.3390/ma15144915,AGREED_EXCLUDE,EXCLUDE:E1,passes agree,EXCLUDE:E1,,EXCLUDE:E1,passes agree,EXCLUDE:E1,,EXCLUDE:E1,passes agree,EXCLUDE:E1,,S16281,,,False,,,,,,,False,,,EXCLUDE:E1
S16307,10.1021/jacs.2c03561,AGREED_EXCLUDE,EXCLUDE:E3,passes agree,EXCLUDE:E3,,EXCLUDE:E3,v4 read,EXCLUDE:E3,,EXCLUDE:E3,v5 read,EXCLUDE:E3,,S16307,,,False,journal,,,,,,False,,,EXCLUDE:E3
S16322,10.21203/rs.3.rs-1813577/v1,THIRD_READ,ELIGIBLE,third read,ELIGIBLE,,ELIGIBLE,v4 read,ELIGIBLE,,ELIGIBLE,v5 read,ELIGIBLE,,,numeric,,False,preprint,numeric,direct,,,,False,,,ELIGIBLE
S16323,10.1021/acscatal.2c01944,NEEDS_SI,NEEDS_SI,passes,NEEDS_SI,,ELIGIBLE,v4 read,ELIGIBLE,,UNRESOLVED,SI read: third read; SI adjudication 2026-10-02,UNRESOLVED,,S16323,equivalent,,True,journal,,,,,,False,,third read,NEEDS_SI
S16331,10.1186/s40580-022-00323-9,AGREED_EXCLUDE,EXCLUDE:E3,passes agree,EXCLUDE:E3,,EXCLUDE:E3,passes agree,EXCLUDE:E3,,EXCLUDE:E3,passes agree,EXCLUDE:E3,,S16331,,,False,,,,,,,False,,,EXCLUDE:E3
S16332,10.1002/cey2.216,AGREED_EXCLUDE,EXCLUDE:E4,passes agree,EXCLUDE:E4,,EXCLUDE:E4,passes agree,EXCLUDE:E4,,EXCLUDE:E4,v5 read,EXCLUDE:E4,,S16332,,,False,journal,,,,,,False,,,EXCLUDE:E4
S16338,10.1007/s42773-022-00163-0,AGREED_EXCLUDE,EXCLUDE:E3,passes agree,EXCLUDE:E3,,EXCLUDE:E3,passes agree,EXCLUDE:E3,,EXCLUDE:E3,passes agree,EXCLUDE:E3,,S16338,,,False,,,,,,,False,,,EXCLUDE:E3
S16342,10.1007/s40820-022-00889-3,AGREED_EXCLUDE,EXCLUDE:E4,passes agree,EXCLUDE:E4,,EXCLUDE:E4,passes agree,EXCLUDE:E4,,EXCLUDE:E4,v5 read,EXCLUDE:E4,,S16342,,,False,journal,,,,,,False,,,EXCLUDE:E4
S16354,10.48550/arxiv.2109.12330,AGREED_EXCLUDE,EXCLUDE:E3,passes agree,EXCLUDE:E3,,EXCLUDE:E3,passes agree,EXCLUDE:E3,,EXCLUDE:E3,v5 read,EXCLUDE:E3,,,,,False,preprint,,,,,,False,,,EXCLUDE:E3
S16367,10.3390/nano12152525,AGREED_EXCLUDE,EXCLUDE:E3,passes agree,EXCLUDE:E3,,EXCLUDE:E3,passes agree,EXCLUDE:E3,,EXCLUDE:E3,passes agree,EXCLUDE:E3,,S16367,,,False,,,,,,,False,,,EXCLUDE:E3
S16392,10.48550/arxiv.2004.09337,THIRD_READ,NEEDS_SI,third read,NEEDS_SI,,UNRESOLVED,v4 read,UNRESOLVED,dated,UNRESOLVED,v5 read,UNRESOLVED,dated,,,,True,preprint,,,,,,False,,,UNRESOLVED
S16409,10.1016/j.jphotochem.2022.114167,AGREED_EXCLUDE,EXCLUDE:E3,passes agree,EXCLUDE:E3,,EXCLUDE:E3,passes agree,EXCLUDE:E3,,EXCLUDE:E3,passes agree,EXCLUDE:E3,,S16409,,,False,,,,,,,False,,,EXCLUDE:E3
S16427,10.1021/acsanm.2c02760,THIRD_READ,ELIGIBLE,third read,ELIGIBLE,,ELIGIBLE,v4 read,ELIGIBLE,,ELIGIBLE,v5 read,ELIGIBLE,,S16427,scaling,,False,journal,graphical,scaling,,,,False,,,ELIGIBLE
S16428,10.21203/rs.3.rs-1865714/v1,AGREED_EXCLUDE,EXCLUDE:E4,passes agree,collapsed into S17192,,EXCLUDE:E4,passes agree,collapsed into S17192,,EXCLUDE:E4,v5 read,collapsed into S17192,,S17192,,,False,preprint,,,,,,False,,,collapsed into S17192
S16447,10.48550/arxiv.1812.01293,AGREED_EXCLUDE,EXCLUDE:E3,passes agree,EXCLUDE:E3,,EXCLUDE:E3,passes agree,EXCLUDE:E3,,EXCLUDE:E3,v5 read,EXCLUDE:E3,,,,,False,preprint,,,,,,False,,,EXCLUDE:E3
S16450,10.1002/cctc.202200586,AGREED_EXCLUDE,EXCLUDE:E1,passes agree,EXCLUDE:E1,,EXCLUDE:E1,passes agree,EXCLUDE:E1,,EXCLUDE:E1,passes agree,EXCLUDE:E1,,S16450,,,False,,,,,,,False,,,EXCLUDE:E1
S16453,10.3390/nano12152618,AGREED_EXCLUDE,EXCLUDE:E1,passes agree,EXCLUDE:E1,,EXCLUDE:E1,passes agree,EXCLUDE:E1,,EXCLUDE:E1,passes agree,EXCLUDE:E1,,S16453,,,False,,,,,,,False,,,EXCLUDE:E1
S16460,10.48550/arxiv.2207.14360,AGREED_EXCLUDE,EXCLUDE:E1,passes agree,collapsed into S16891,,EXCLUDE:E1,passes agree,collapsed into S16891,,EXCLUDE:E1,v5 read,collapsed into S16891,,S16891,,,False,preprint,,,,,,False,,,collapsed into S16891
S16501,10.48550/arxiv.2202.07322,AGREED_EXCLUDE,EXCLUDE:E1,passes agree,EXCLUDE:E1,,EXCLUDE:E1,passes agree,EXCLUDE:E1,,EXCLUDE:E1,v5 read,EXCLUDE:E1,,,,,False,preprint,,,,,,False,,,EXCLUDE:E1
S16528,10.1038/s41377-022-00904-7,AGREED_EXCLUDE,EXCLUDE:E1,passes agree,EXCLUDE:E1,,EXCLUDE:E1,passes agree,EXCLUDE:E1,,EXCLUDE:E1,passes agree,EXCLUDE:E1,,S16528,,,False,,,,,,,False,,,EXCLUDE:E1
S16531,10.30534/ijeter/2022/021072022,AGREED_EXCLUDE,EXCLUDE:E3,passes agree,EXCLUDE:E3,,EXCLUDE:E3,passes agree,EXCLUDE:E3,,EXCLUDE:E3,passes agree,EXCLUDE:E3,,S16531,,,False,,,,,,,False,,,EXCLUDE:E3
S16539,10.3390/molecules27165203,AGREED_EXCLUDE,EXCLUDE:E5,passes agree,EXCLUDE:E5,,EXCLUDE:E5,v4 read,EXCLUDE:E5,,EXCLUDE:E5,v5 read,EXCLUDE:E5,,S16539,,,False,journal,,,,,,False,,,EXCLUDE:E5
S16540,10.3390/nano12152697,AGREED_EXCLUDE,EXCLUDE:E3,passes agree,EXCLUDE:E3,,EXCLUDE:E3,passes agree,EXCLUDE:E3,,EXCLUDE:E3,passes agree,EXCLUDE:E3,,S16540,,,False,,,,,,,False,,,EXCLUDE:E3
S16543,10.1039/d2na00361a,AGREED_EXCLUDE,EXCLUDE:E3,passes agree,EXCLUDE:E3,,EXCLUDE:E3,passes agree,EXCLUDE:E3,,EXCLUDE:E3,v5 read,EXCLUDE:E3,,S16543,,,False,journal,,,,,,False,,,EXCLUDE:E3
S16544,10.14232/phd.11158,THIRD_READ,EXCLUDE:E1,third read,EXCLUDE:E1,,EXCLUDE:E1,third read,EXCLUDE:E1,,EXCLUDE:E1,third read,EXCLUDE:E1,,,,,False,,,,,,,False,,,EXCLUDE:E1
S16555,10.2166/wst.2022.256,AGREED_EXCLUDE,EXCLUDE:E3,passes agree,EXCLUDE:E3,,EXCLUDE:E3,passes agree,EXCLUDE:E3,,EXCLUDE:E3,passes agree,EXCLUDE:E3,,S16555,,,False,,,,,,,False,,,EXCLUDE:E3
S16613,10.26599/nre.2022.9120029,THIRD_READ,EXCLUDE:E1,third read,EXCLUDE:E1,,EXCLUDE:E1,third read,EXCLUDE:E1,,EXCLUDE:E1,third read,EXCLUDE:E1,,S16613,,,False,,,,,,,False,,,EXCLUDE:E1
S16628,10.1016/j.coche.2022.100843,THIRD_READ,EXCLUDE:E1,third read,EXCLUDE:E1,,EXCLUDE:E1,third read,EXCLUDE:E1,,EXCLUDE:E1,v5 read,EXCLUDE:E1,,S16628,,,False,journal,,,,,,False,,,EXCLUDE:E1
S16632,10.1021/acscatal.2c02591,AGREED_EXCLUDE,EXCLUDE:E5,passes agree,EXCLUDE:E5,,EXCLUDE:E5,v4 read,EXCLUDE:E5,,EXCLUDE:E5,v5 read,EXCLUDE:E5,,S16632,,,False,journal,,,,,,False,,,EXCLUDE:E5
S16636,10.3389/fenrg.2022.942314,THIRD_READ,EXCLUDE:E3,third read,EXCLUDE:E3,,EXCLUDE:E3,third read,EXCLUDE:E3,,EXCLUDE:E3,third read,EXCLUDE:E3,,S16636,,,False,,,,,,,False,,,EXCLUDE:E3
S16643,10.3390/ma15175837,AGREED_EXCLUDE,EXCLUDE:E1,passes agree,EXCLUDE:E1,,EXCLUDE:E1,passes agree,EXCLUDE:E1,,EXCLUDE:E1,passes agree,EXCLUDE:E1,,S16643,,,False,,,,,,,False,,,EXCLUDE:E1
S16663,10.1007/s10311-022-01503-z,AGREED_EXCLUDE,EXCLUDE:E1,passes agree,EXCLUDE:E1,,EXCLUDE:E1,passes agree,EXCLUDE:E1,,EXCLUDE:E1,v5 read,EXCLUDE:E1,,S16663,,,False,journal,,,,,,False,,,EXCLUDE:E1
S16667,10.1002/celc.202200732,AGREED_EXCLUDE,EXCLUDE:E4,passes agree,EXCLUDE:E4,,EXCLUDE:E4,passes agree,EXCLUDE:E4,,EXCLUDE:E4,v5 read,EXCLUDE:E4,,S16667,,,False,journal,,,,,,False,,,EXCLUDE:E4
S16680,10.1016/j.ijhydene.2022.07.206,AGREED_EXCLUDE,EXCLUDE:E3,passes agree,EXCLUDE:E3,,EXCLUDE:E3,passes agree,EXCLUDE:E3,,EXCLUDE:E3,passes agree,EXCLUDE:E3,,S16680,,,False,,,,,,,False,,,EXCLUDE:E3
S16699,10.1038/s41467-022-32581-w,THIRD_READ,ELIGIBLE,third read,ELIGIBLE,,ELIGIBLE,v4 read,ELIGIBLE,,ELIGIBLE,v5 read,ELIGIBLE,,S16699,numeric,,False,journal,numeric,direct,,,,False,,,ELIGIBLE
S16708,10.1002/advs.202201410,AGREED_EXCLUDE,EXCLUDE:E3,passes agree,EXCLUDE:E3,,EXCLUDE:E3,passes agree,EXCLUDE:E3,,EXCLUDE:E3,passes agree,EXCLUDE:E3,,S16708,,,False,,,,,,,False,,,EXCLUDE:E3
S16717,10.1016/j.cattod.2022.08.025,AGREED_EXCLUDE,EXCLUDE:E1,passes agree,EXCLUDE:E1,,EXCLUDE:E1,passes agree,EXCLUDE:E1,,EXCLUDE:E1,passes agree,EXCLUDE:E1,,S16717,,,False,,,,,,,False,,,EXCLUDE:E1
S16731,10.1007/s12274-022-4807-3,THIRD_READ,EXCLUDE:E5,third read,EXCLUDE:E5,,EXCLUDE:E5,v4 read,EXCLUDE:E5,,EXCLUDE:E5,SI read: third read,EXCLUDE:E5,,S16731,,,False,journal,,,,,,False,,third read,UNRESOLVED
S16752,10.1002/celc.202200481,AGREED_EXCLUDE,EXCLUDE:E3,passes agree,EXCLUDE:E3,,EXCLUDE:E3,passes agree,EXCLUDE:E3,,EXCLUDE:E3,v5 read,EXCLUDE:E3,,S16752,,,False,journal,,,,,,False,,,EXCLUDE:E3
S16776,10.26599/nre.2022.9120032,THIRD_READ,EXCLUDE:E1,third read,EXCLUDE:E1,,EXCLUDE:E1,third read,EXCLUDE:E1,,EXCLUDE:E1,v5 read,EXCLUDE:E1,,S16776,,,False,journal,,,,,,False,,,EXCLUDE:E1
S16793,10.1002/advs.202203663,AGREED_EXCLUDE,EXCLUDE:E3,passes agree,EXCLUDE:E3,,EXCLUDE:E3,passes agree,EXCLUDE:E3,,EXCLUDE:E3,v5 read,EXCLUDE:E3,,S16793,,,False,journal,,,,,,False,,,EXCLUDE:E3
S16796,10.1002/smll.202203778,AGREED_EXCLUDE,EXCLUDE:E3,passes agree,EXCLUDE:E3,,EXCLUDE:E3,passes agree,EXCLUDE:E3,,EXCLUDE:E3,passes agree,EXCLUDE:E3,,S16796,,,False,,,,,,,False,,,EXCLUDE:E3
S16809,10.1016/j.apcatb.2022.121988,THIRD_READ,EXCLUDE:E4,third read,EXCLUDE:E4,,EXCLUDE:E4,third read,EXCLUDE:E4,,EXCLUDE:E4,v5 read,EXCLUDE:E4,,S16809,,,False,journal,,,,,,False,,,EXCLUDE:E4
S16822,10.1038/s41467-022-33150-x,NEEDS_SI,NEEDS_SI,passes,NEEDS_SI,,UNRESOLVED,v4 read,UNRESOLVED,,EXCLUDE:E5,SI read: passes agree,UNRESOLVED,SI verification: E5,S16822,,,True,journal,,,,,,False,,agreed,UNRESOLVED
S16827,10.3390/nano12183197,AGREED_EXCLUDE,EXCLUDE:E3,passes agree,EXCLUDE:E3,,EXCLUDE:E3,passes agree,EXCLUDE:E3,,EXCLUDE:E3,passes agree,EXCLUDE:E3,,S16827,,,False,,,,,,,False,,,EXCLUDE:E3
S16831,10.1002/ente.202200573,AGREED_EXCLUDE,EXCLUDE:E1,passes agree,EXCLUDE:E1,,EXCLUDE:E1,passes agree,EXCLUDE:E1,,EXCLUDE:E1,passes agree,EXCLUDE:E1,,S16831,,,False,,,,,,,False,,,EXCLUDE:E1
S16844,10.1021/acsaem.2c01690,AGREED_EXCLUDE,EXCLUDE:E3,passes agree,EXCLUDE:E3,,EXCLUDE:E3,passes agree,EXCLUDE:E3,,EXCLUDE:E3,passes agree,EXCLUDE:E3,,S16844,,,False,,,,,,,False,,,EXCLUDE:E3
S16865,10.3390/nano12193283,AGREED_EXCLUDE,EXCLUDE:E3,passes agree,EXCLUDE:E3,,EXCLUDE:E3,passes agree,EXCLUDE:E3,,EXCLUDE:E3,passes agree,EXCLUDE:E3,,S16865,,,False,,,,,,,False,,,EXCLUDE:E3
S16866,10.3390/ma15196534,AGREED_EXCLUDE,EXCLUDE:E3,passes agree,EXCLUDE:E3,,EXCLUDE:E3,passes agree,EXCLUDE:E3,,EXCLUDE:E3,passes agree,EXCLUDE:E3,,S16866,,,False,,,,,,,False,,,EXCLUDE:E3
S16870,10.1021/acssuschemeng.2c03597,AGREED_EXCLUDE,EXCLUDE:E3,passes agree,EXCLUDE:E3,,EXCLUDE:E3,passes agree,EXCLUDE:E3,,EXCLUDE:E3,passes agree,EXCLUDE:E3,,S16870,,,False,,,,,,,False,,,EXCLUDE:E3
S16872,10.1021/acs.jpclett.2c02459,NEEDS_SI,NEEDS_SI,passes,NEEDS_SI,,UNRESOLVED,v4 read,NEEDS_SI,dated,UNRESOLVED,SI read: passes agree; SI adjudication 2026-09-29,ELIGIBLE,dated,S16872,,,True,journal,graphical,equivalent,,,,False,,agreed,NEEDS_SI
S16880,10.1039/d2nr03609f,AGREED_EXCLUDE,EXCLUDE:E1,passes agree,EXCLUDE:E1,,EXCLUDE:E1,passes agree,EXCLUDE:E1,,EXCLUDE:E1,passes agree,EXCLUDE:E1,,S16880,,,False,,,,,,,False,,,EXCLUDE:E1
S16886,10.1039/d2sc03640a,AGREED_EXCLUDE,EXCLUDE:E3,passes agree,EXCLUDE:E3,,EXCLUDE:E3,passes agree,EXCLUDE:E3,,EXCLUDE:E3,passes agree,EXCLUDE:E3,,S16886,,,False,,,,,,,False,,,EXCLUDE:E3
S16891,10.1002/anie.202211949,THIRD_READ,EXCLUDE:E1,third read,EXCLUDE:E1,,EXCLUDE:E1,third read,EXCLUDE:E1,,EXCLUDE:E1,v5 read,EXCLUDE:E1,,S16891,,,False,journal,,,,,,False,,,EXCLUDE:E1
S16898,10.1002/cctc.202200932,AGREED_EXCLUDE,EXCLUDE:E3,passes agree,EXCLUDE:E3,,NEEDS_SI,v4 read,NEEDS_SI,,EXCLUDE:E3,v5 read,EXCLUDE:E3,,S16898,,,True,journal,,,,,,True,,,EXCLUDE:E3
S16924,10.3389/fchem.2022.1030803,AGREED_EXCLUDE,EXCLUDE:E1,passes agree,EXCLUDE:E1,,EXCLUDE:E1,passes agree,EXCLUDE:E1,,EXCLUDE:E1,passes agree,EXCLUDE:E1,,S16924,,,False,,,,,,,False,,,EXCLUDE:E1
S16971,10.48550/arxiv.1708.03516,AGREED_EXCLUDE,EXCLUDE:E3,passes agree,collapsed into S04834,,EXCLUDE:E3,passes agree,collapsed into S04834,,EXCLUDE:E3,v5 read,collapsed into S04834,,S04834,,,False,preprint,,,,,,False,,,collapsed into S04834
S16982,10.5281/zenodo.6978965,AGREED_EXCLUDE,EXCLUDE:E3,passes agree,EXCLUDE:E3,,EXCLUDE:E3,passes agree,EXCLUDE:E3,,EXCLUDE:E3,passes agree,EXCLUDE:E3,,S16982,,,False,,,,,,,False,,,EXCLUDE:E3
S17063,10.1007/s40843-022-2188-5,AGREED_EXCLUDE,EXCLUDE:E3,passes agree,EXCLUDE:E3,,EXCLUDE:E3,passes agree,EXCLUDE:E3,,EXCLUDE:E3,passes agree,EXCLUDE:E3,,S17063,,,False,,,,,,,False,,,EXCLUDE:E3
S17104,10.1021/acsomega.2c04360,AGREED_EXCLUDE,EXCLUDE:E3,passes agree,EXCLUDE:E3,,EXCLUDE:E3,passes agree,EXCLUDE:E3,,EXCLUDE:E3,passes agree,EXCLUDE:E3,,S17104,,,False,,,,,,,False,,,EXCLUDE:E3
S17114,10.1016/j.coelec.2022.101169,AGREED_EXCLUDE,EXCLUDE:E1,passes agree,EXCLUDE:E1,,EXCLUDE:E1,passes agree,EXCLUDE:E1,,EXCLUDE:E1,passes agree,EXCLUDE:E1,,S17114,,,False,,,,,,,False,,,EXCLUDE:E1
S17129,10.1038/s41563-022-01380-5,NEEDS_SI,NEEDS_SI,passes,NEEDS_SI,,UNRESOLVED,v4 read,ELIGIBLE,dated,UNRESOLVED,SI read: third read; SI adjudication 2026-09-29,UNRESOLVED,dated,S17129,equivalent,,True,journal,,,,,,True,,third read,NEEDS_SI
S17163,10.20944/preprints202210.0388.v1,AGREED_EXCLUDE,EXCLUDE:E1,passes agree,EXCLUDE:E1,,EXCLUDE:E1,passes agree,EXCLUDE:E1,,EXCLUDE:E1,v5 read,EXCLUDE:E1,,,,,False,preprint,,,,,,False,,,EXCLUDE:E1
S17178,10.1038/s43586-022-00164-0,AGREED_EXCLUDE,EXCLUDE:E1,passes agree,EXCLUDE:E1,,EXCLUDE:E1,passes agree,EXCLUDE:E1,,EXCLUDE:E1,passes agree,EXCLUDE:E1,,S17178,,,False,,,,,,,False,,,EXCLUDE:E1
S17189,10.26434/chemrxiv-2022-n13fz,AGREED_EXCLUDE,EXCLUDE:E1,passes agree,EXCLUDE:E1,,EXCLUDE:E1,passes agree,EXCLUDE:E1,,EXCLUDE:E1,v5 read,EXCLUDE:E1,,,,,False,journal,,,,,,False,,,EXCLUDE:E1
S17199,10.48550/arxiv.2210.16096,AGREED_EXCLUDE,EXCLUDE:E1,passes agree,EXCLUDE:E1,,EXCLUDE:E1,passes agree,EXCLUDE:E1,,EXCLUDE:E1,v5 read,EXCLUDE:E1,,,,,False,preprint,,,,,,False,,,EXCLUDE:E1
S17200,10.5796/electrochemistry.22-00112,AGREED_EXCLUDE,EXCLUDE:E1,passes agree,EXCLUDE:E1,,EXCLUDE:E1,passes agree,EXCLUDE:E1,,EXCLUDE:E1,passes agree,EXCLUDE:E1,,S17200,,,False,,,,,,,False,,,EXCLUDE:E1
S17210,10.3390/nano12213834,THIRD_READ,EXCLUDE:E1,third read,EXCLUDE:E1,,EXCLUDE:E1,third read,EXCLUDE:E1,,EXCLUDE:E1,v5 read,EXCLUDE:E1,,S17210,,,False,journal,,,,,,False,,,EXCLUDE:E1
S17214,10.3390/ma15217602,AGREED_EXCLUDE,EXCLUDE:E3,passes agree,EXCLUDE:E3,,EXCLUDE:E3,passes agree,EXCLUDE:E3,,EXCLUDE:E3,passes agree,EXCLUDE:E3,,S17214,,,False,,,,,,,False,,,EXCLUDE:E3
S17241,10.3390/ma15217489,AGREED_EXCLUDE,EXCLUDE:E3,passes agree,EXCLUDE:E3,,EXCLUDE:E3,passes agree,EXCLUDE:E3,,EXCLUDE:E3,passes agree,EXCLUDE:E3,,S17241,,,False,,,,,,,False,,,EXCLUDE:E3
S17244,10.1039/d2ra04853a,AGREED_EXCLUDE,EXCLUDE:E1,passes agree,EXCLUDE:E1,,EXCLUDE:E1,passes agree,EXCLUDE:E1,,EXCLUDE:E1,passes agree,EXCLUDE:E1,,S17244,,,False,,,,,,,False,,,EXCLUDE:E1
S17256,10.1016/j.electacta.2022.141443,AGREED_EXCLUDE,EXCLUDE:E3,passes agree,EXCLUDE:E3,,EXCLUDE:E3,passes agree,EXCLUDE:E3,,EXCLUDE:E3,v5 read,EXCLUDE:E3,,S17256,,,False,journal,,,,,,False,,,EXCLUDE:E3
S17257,10.1016/j.matlet.2022.133416,AGREED_EXCLUDE,EXCLUDE:E3,passes agree,EXCLUDE:E3,,EXCLUDE:E3,passes agree,EXCLUDE:E3,,EXCLUDE:E3,passes agree,EXCLUDE:E3,,S17257,,,False,,,,,,,False,,,EXCLUDE:E3
S17258,10.1002/smll.202205683,AGREED_EXCLUDE,EXCLUDE:E3,passes agree,EXCLUDE:E3,,EXCLUDE:E3,passes agree,EXCLUDE:E3,,EXCLUDE:E3,passes agree,EXCLUDE:E3,,S17258,,,False,,,,,,,False,,,EXCLUDE:E3
S17280,10.21203/rs.3.rs-2206163/v1,AGREED_EXCLUDE,EXCLUDE:E3,passes agree,collapsed into S18571,,EXCLUDE:E3,passes agree,collapsed into S18571,,EXCLUDE:E3,passes agree,collapsed into S18571,,S18571,,,False,,,,,,,False,,,collapsed into S18571
S17296,10.1002/advs.202203678,AGREED_EXCLUDE,EXCLUDE:E3,passes agree,EXCLUDE:E3,,EXCLUDE:E3,passes agree,EXCLUDE:E3,,EXCLUDE:E3,passes agree,EXCLUDE:E3,,S17296,,,False,,,,,,,False,,,EXCLUDE:E3
S17299,10.1007/s40243-022-00214-3,AGREED_EXCLUDE,EXCLUDE:E1,passes agree,EXCLUDE:E1,,EXCLUDE:E1,passes agree,EXCLUDE:E1,,EXCLUDE:E1,passes agree,EXCLUDE:E1,,S17299,,,False,,,,,,,False,,,EXCLUDE:E1
S17320,10.48550/arxiv.2112.07044,AGREED_EXCLUDE,EXCLUDE:E3,passes agree,collapsed into S14206,,EXCLUDE:E3,passes agree,collapsed into S14206,,EXCLUDE:E3,passes agree,collapsed into S14206,,S14206,,,False,,,,,,,False,,,collapsed into S14206
S17345,10.1016/j.fuel.2022.126451,AGREED_EXCLUDE,EXCLUDE:E3,passes agree,EXCLUDE:E3,,EXCLUDE:E3,passes agree,EXCLUDE:E3,,EXCLUDE:E3,v5 read,EXCLUDE:E3,,S17345,,,False,preprint,,,,,,False,,,EXCLUDE:E3
S17380,10.3390/nano12224069,AGREED_EXCLUDE,EXCLUDE:E3,passes agree,EXCLUDE:E3,,EXCLUDE:E3,passes agree,EXCLUDE:E3,,EXCLUDE:E3,passes agree,EXCLUDE:E3,,S17380,,,False,,,,,,,False,,,EXCLUDE:E3
S17386,10.1063/5.0133046,AGREED_EXCLUDE,EXCLUDE:E1,passes agree,EXCLUDE:E1,,EXCLUDE:E1,passes agree,EXCLUDE:E1,,EXCLUDE:E1,passes agree,EXCLUDE:E1,,S17386,,,False,,,,,,,False,,,EXCLUDE:E1
S17426,10.1002/smll.202204889,THIRD_READ,ELIGIBLE,third read,ELIGIBLE,,ELIGIBLE,v4 read,ELIGIBLE,,ELIGIBLE,v5 read,ELIGIBLE,,S17426,numeric,,True,journal,numeric,direct,,,,False,,,ELIGIBLE
S17427,10.1016/j.coelec.2022.101178,AGREED_EXCLUDE,EXCLUDE:E1,passes agree,EXCLUDE:E1,,EXCLUDE:E1,passes agree,EXCLUDE:E1,,EXCLUDE:E1,passes agree,EXCLUDE:E1,,S17427,,,False,,,,,,,False,,,EXCLUDE:E1
S17442,10.1021/acscatal.2c04160,AGREED_EXCLUDE,EXCLUDE:E3,passes agree,EXCLUDE:E3,,EXCLUDE:E3,passes agree,EXCLUDE:E3,,EXCLUDE:E3,v5 read,EXCLUDE:E3,,S17442,,,False,journal,,,,,,False,,,EXCLUDE:E3
S17478,10.1021/jacs.2c08600,AGREED_EXCLUDE,EXCLUDE:E3,passes agree,EXCLUDE:E3,,EXCLUDE:E3,passes agree,EXCLUDE:E3,,EXCLUDE:E3,passes agree,EXCLUDE:E3,,S17478,,,False,,,,,,,False,,,EXCLUDE:E3
S17486,10.1007/s11664-022-10070-6,AGREED_EXCLUDE,EXCLUDE:E3,passes agree,EXCLUDE:E3,,EXCLUDE:E3,passes agree,EXCLUDE:E3,,EXCLUDE:E3,passes agree,EXCLUDE:E3,,S17486,,,False,,,,,,,False,,,EXCLUDE:E3
S17498,10.1002/sstr.202200229,AGREED_EXCLUDE,EXCLUDE:E3,passes agree,EXCLUDE:E3,,EXCLUDE:E3,v4 read,EXCLUDE:E3,,EXCLUDE:E3,v4 read,EXCLUDE:E3,,S17498,,,False,,,,,,,False,,,EXCLUDE:E3
S17513,10.1016/j.apsusc.2022.156054,THIRD_READ,EXCLUDE:E3,third read,EXCLUDE:E3,,EXCLUDE:E3,third read,EXCLUDE:E3,,EXCLUDE:E3,v5 read,EXCLUDE:E3,,S17513,,,False,journal,,,,,,False,,,EXCLUDE:E3
S17514,10.1016/j.matt.2022.11.031,THIRD_READ,ELIGIBLE,third read,ELIGIBLE,,ELIGIBLE,v4 read,ELIGIBLE,,ELIGIBLE,v5 read,ELIGIBLE,,S17514,relative,,False,journal,relative,direct,,,,False,,,ELIGIBLE
S17519,10.3390/nano12234301,AGREED_EXCLUDE,EXCLUDE:E3,passes agree,EXCLUDE:E3,,EXCLUDE:E3,v4 read,EXCLUDE:E3,,EXCLUDE:E3,v4 read,EXCLUDE:E3,,S17519,,,False,,,,,,,False,,,EXCLUDE:E3
S17522,10.21203/rs.3.rs-2352607/v1,AGREED_EXCLUDE,EXCLUDE:E3,passes agree,EXCLUDE:E3,,EXCLUDE:E3,passes agree,EXCLUDE:E3,,EXCLUDE:E3,passes agree,EXCLUDE:E3,,,,,False,,,,,,,False,,,EXCLUDE:E3
S17550,10.1021/acs.jpcc.2c07063,AGREED_EXCLUDE,EXCLUDE:E3,passes agree,EXCLUDE:E3,,EXCLUDE:E3,passes agree,EXCLUDE:E3,,EXCLUDE:E3,v5 read,EXCLUDE:E3,,S17550,,,False,journal,,,,,,False,,,EXCLUDE:E3
S17558,10.1002/cssc.202201901,AGREED_EXCLUDE,EXCLUDE:E3,passes agree,EXCLUDE:E3,,EXCLUDE:E3,passes agree,EXCLUDE:E3,,EXCLUDE:E3,passes agree,EXCLUDE:E3,,S17558,,,False,,,,,,,False,,,EXCLUDE:E3
S17575,10.3389/fchem.2022.1071274,AGREED_EXCLUDE,EXCLUDE:E1,passes agree,EXCLUDE:E1,,EXCLUDE:E1,passes agree,EXCLUDE:E1,,EXCLUDE:E1,passes agree,EXCLUDE:E1,,S17575,,,False,,,,,,,False,,,EXCLUDE:E1
S17581,10.1088/2515-7655/aca9fd,AGREED_EXCLUDE,EXCLUDE:E1,passes agree,EXCLUDE:E1,,EXCLUDE:E1,passes agree,EXCLUDE:E1,,EXCLUDE:E1,passes agree,EXCLUDE:E1,,S17581,,,False,,,,,,,False,,,EXCLUDE:E1
S17596,10.21203/rs.3.rs-2382995/v1,AGREED_EXCLUDE,EXCLUDE:E3,passes agree,EXCLUDE:E3,,EXCLUDE:E3,passes agree,EXCLUDE:E3,,EXCLUDE:E3,passes agree,EXCLUDE:E3,,,,,False,,,,,,,False,,,EXCLUDE:E3
S17606,10.1016/j.jcat.2022.12.014,AGREED_EXCLUDE,EXCLUDE:E4,passes agree,EXCLUDE:E4,,EXCLUDE:E4,passes agree,EXCLUDE:E4,,EXCLUDE:E4,v5 read,EXCLUDE:E4,,S17606,,,False,journal,,,,,,False,,,EXCLUDE:E4
S17630,10.1039/d2ra06117a,AGREED_EXCLUDE,EXCLUDE:E3,passes agree,EXCLUDE:E3,,EXCLUDE:E3,passes agree,EXCLUDE:E3,,EXCLUDE:E3,v5 read,EXCLUDE:E3,,S17630,,,False,journal,,,,,,False,,,EXCLUDE:E3
S17631,10.1039/d2ra05894d,AGREED_EXCLUDE,EXCLUDE:E3,passes agree,EXCLUDE:E3,,EXCLUDE:E3,passes agree,EXCLUDE:E3,,EXCLUDE:E3,passes agree,EXCLUDE:E3,,S17631,,,False,,,,,,,False,,,EXCLUDE:E3
S17632,10.1039/d2sc04585k,NEEDS_SI,NEEDS_SI,passes,NEEDS_SI,,ELIGIBLE,v4 read,ELIGIBLE,,ELIGIBLE,v5 read,ELIGIBLE,,S17632,relative,,False,journal,relative,direct,,,,False,,,ELIGIBLE
S17634,10.21203/rs.3.rs-2380409/v1,AGREED_EXCLUDE,EXCLUDE:E3,passes agree,EXCLUDE:E3,,EXCLUDE:E3,passes agree,EXCLUDE:E3,,EXCLUDE:E3,passes agree,EXCLUDE:E3,,,,,False,,,,,,,False,,,EXCLUDE:E3
S17639,10.3390/nano12244419,AGREED_EXCLUDE,EXCLUDE:E3,passes agree,EXCLUDE:E3,,EXCLUDE:E3,passes agree,EXCLUDE:E3,,EXCLUDE:E3,passes agree,EXCLUDE:E3,,S17639,,,False,,,,,,,False,,,EXCLUDE:E3
S17647,10.37094/adyujsci.1210860,AGREED_EXCLUDE,EXCLUDE:E3,passes agree,EXCLUDE:E3,,EXCLUDE:E3,passes agree,EXCLUDE:E3,,EXCLUDE:E3,passes agree,EXCLUDE:E3,,S17647,,,False,,,,,,,False,,,EXCLUDE:E3
S17652,10.1002/aenm.202203315,AGREED_EXCLUDE,EXCLUDE:E3,passes agree,EXCLUDE:E3,,EXCLUDE:E3,passes agree,EXCLUDE:E3,,EXCLUDE:E3,passes agree,EXCLUDE:E3,,S17652,,,False,,,,,,,False,,,EXCLUDE:E3
S17654,10.1002/smll.202206918,AGREED_EXCLUDE,EXCLUDE:E3,passes agree,EXCLUDE:E3,,EXCLUDE:E3,passes agree,EXCLUDE:E3,,EXCLUDE:E3,v5 read,EXCLUDE:E3,,S17654,,,False,journal,,,,,,False,,,EXCLUDE:E3
S17692,10.1039/d2cp04939b,THIRD_READ,ELIGIBLE,third read,ELIGIBLE,,ELIGIBLE,v4 read,ELIGIBLE,,ELIGIBLE,v5 read,ELIGIBLE,,S17692,numeric,,False,journal,numeric,direct,,,,False,,,ELIGIBLE
S17721,10.15421/jchemtech.v30i2.254438,AGREED_EXCLUDE,EXCLUDE:E1,passes agree,EXCLUDE:E1,,EXCLUDE:E1,passes agree,EXCLUDE:E1,,EXCLUDE:E1,passes agree,EXCLUDE:E1,,S17721,,,False,,,,,,,False,,,EXCLUDE:E1
S17735,10.3390/nano13010115,THIRD_READ,EXCLUDE:E3,third read,EXCLUDE:E3,,EXCLUDE:E3,third read,EXCLUDE:E3,,EXCLUDE:E3,third read,EXCLUDE:E3,,S17735,,,False,,,,,,,False,,,EXCLUDE:E3
S17744,10.3390/nano13010125,AGREED_EXCLUDE,EXCLUDE:E3,passes agree,EXCLUDE:E3,,EXCLUDE:E3,v4 read,EXCLUDE:E3,,EXCLUDE:E3,v4 read,EXCLUDE:E3,,S17744,,,False,,,,,,,False,,,EXCLUDE:E3
S17759,10.3390/nano13010010,AGREED_EXCLUDE,EXCLUDE:E4,passes agree,EXCLUDE:E4,,EXCLUDE:E3,v4 read,EXCLUDE:E3,,EXCLUDE:E4,v5 read,EXCLUDE:E4,,S17759,,,False,journal,,,,,,False,,,EXCLUDE:E4
S17760,10.3390/molecules28010254,AGREED_EXCLUDE,EXCLUDE:E4,passes agree,EXCLUDE:E4,,EXCLUDE:E4,passes agree,EXCLUDE:E4,,EXCLUDE:E4,v5 read,EXCLUDE:E4,,S17760,,,False,journal,,,,,,False,,,EXCLUDE:E4
S17762,10.1039/d2ta08854a,THIRD_READ,ELIGIBLE,third read,ELIGIBLE,,UNRESOLVED,v4 read,ELIGIBLE,dated,UNRESOLVED,v5 read,ELIGIBLE,dated,S17762,graphical,,False,journal,graphical,direct,,,,False,,,ELIGIBLE
S17765,10.1002/adma.202208539,THIRD_READ,ELIGIBLE,third read,ELIGIBLE,,ELIGIBLE,v4 read,ELIGIBLE,,ELIGIBLE,v5 read,ELIGIBLE,,S17765,numeric,,False,journal,numeric,direct,,,,False,,,ELIGIBLE
S17797,10.1002/idm2.12059,AGREED_EXCLUDE,EXCLUDE:E1,passes agree,EXCLUDE:E1,,EXCLUDE:E1,passes agree,EXCLUDE:E1,,EXCLUDE:E1,passes agree,EXCLUDE:E1,,S17797,,,False,,,,,,,False,,,EXCLUDE:E1
S17826,10.1007/s12678-022-00798-4,AGREED_EXCLUDE,EXCLUDE:E3,passes agree,EXCLUDE:E3,,EXCLUDE:E3,passes agree,EXCLUDE:E3,,EXCLUDE:E3,passes agree,EXCLUDE:E3,,S17826,,,False,,,,,,,False,,,EXCLUDE:E3
S17836,10.21203/rs.3.rs-2410178/v1,THIRD_READ,ELIGIBLE,third read,ELIGIBLE,,ELIGIBLE,v4 read,ELIGIBLE,,ELIGIBLE,v5 read,ELIGIBLE,,,numeric,,True,preprint,numeric,direct,,,,False,,,ELIGIBLE
S17838,10.1039/d2sc06403k,AGREED_EXCLUDE,EXCLUDE:E1,passes agree,EXCLUDE:E1,,EXCLUDE:E1,passes agree,EXCLUDE:E1,,EXCLUDE:E1,v5 read,EXCLUDE:E1,,S17838,,,False,journal,,,,,,False,,,EXCLUDE:E1
S17843,10.1016/j.cattod.2023.01.003,AGREED_EXCLUDE,EXCLUDE:E3,passes agree,EXCLUDE:E3,,EXCLUDE:E3,passes agree,EXCLUDE:E3,,EXCLUDE:E3,passes agree,EXCLUDE:E3,,S17843,,,False,,,,,,,False,,,EXCLUDE:E3
S17871,10.1002/adfm.202213304,THIRD_READ,ELIGIBLE,third read,ELIGIBLE,,ELIGIBLE,v4 read,ELIGIBLE,,ELIGIBLE,SI read: third read,ELIGIBLE,,S17871,numeric,,True,journal,numeric,direct,,,,False,,third read,UNRESOLVED
S17878,10.1002/adma.202206351,THIRD_READ,ELIGIBLE,third read,ELIGIBLE,,ELIGIBLE,v4 read,ELIGIBLE,,ELIGIBLE,v5 read,ELIGIBLE,,S17878,numeric,,False,journal,numeric,direct,,,,False,,,ELIGIBLE
S17905,10.1016/j.xcrp.2022.101232,AGREED_EXCLUDE,EXCLUDE:E3,passes agree,EXCLUDE:E3,,EXCLUDE:E3,passes agree,EXCLUDE:E3,,EXCLUDE:E3,passes agree,EXCLUDE:E3,,S17905,,,False,,,,,,,False,,,EXCLUDE:E3
S17923,10.3389/fenrg.2022.1096190,AGREED_EXCLUDE,EXCLUDE:E3,passes agree,EXCLUDE:E3,,EXCLUDE:E3,passes agree,EXCLUDE:E3,,EXCLUDE:E3,v5 read,EXCLUDE:E3,,S17923,,,False,journal,,,,,,False,,,EXCLUDE:E3
S17946,10.1002/smll.202206844,AGREED_EXCLUDE,EXCLUDE:E5,passes agree,EXCLUDE:E5,,EXCLUDE:E5,v4 read,EXCLUDE:E5,,EXCLUDE:E5,SI read: passes agree,EXCLUDE:E5,,S17946,,,True,journal,,,,,,False,,agreed,UNRESOLVED
S17959,10.1021/acscatal.2c03997,THIRD_READ,EXCLUDE:E1,third read,EXCLUDE:E1,,EXCLUDE:E1,third read,EXCLUDE:E1,,EXCLUDE:E1,v5 read,EXCLUDE:E1,,S17959,,,False,journal,,,,,,False,,,EXCLUDE:E1
S17994,10.1038/s41467-023-35913-6,NEEDS_SI,NEEDS_SI,passes,NEEDS_SI,,ELIGIBLE,v4 read,ELIGIBLE,,ELIGIBLE,v5 read,ELIGIBLE,,S17994,equivalent,,False,journal,numeric,equivalent,,,,False,,,ELIGIBLE
S17997,10.1002/advs.202205975,NEEDS_SI,NEEDS_SI,passes,NEEDS_SI,,EXCLUDE:E3,v4 read,EXCLUDE:E3,,EXCLUDE:E3,v5 read,EXCLUDE:E3,,S17997,,,True,journal,,,,,,False,,,EXCLUDE:E3
S17998,10.1002/smll.202206768,NEEDS_SI,NEEDS_SI,passes,NEEDS_SI,,UNRESOLVED,v4 read,UNRESOLVED,,UNRESOLVED,v5 read,UNRESOLVED,,S17998,,,True,journal,numeric,direct,,,,False,,,UNRESOLVED
S18002,10.3390/polym15030560,AGREED_EXCLUDE,EXCLUDE:E3,passes agree,EXCLUDE:E3,,EXCLUDE:E3,passes agree,EXCLUDE:E3,,EXCLUDE:E3,passes agree,EXCLUDE:E3,,S18002,,,False,,,,,,,False,,,EXCLUDE:E3
S18013,10.5281/zenodo.7563647,AGREED_EXCLUDE,EXCLUDE:E1,passes agree,EXCLUDE:E1,,EXCLUDE:E1,passes agree,EXCLUDE:E1,,EXCLUDE:E1,passes agree,EXCLUDE:E1,,,,,False,,,,,,,False,,,EXCLUDE:E1
S18036,10.1039/d3qm00010a,THIRD_READ,EXCLUDE:E1,third read,EXCLUDE:E1,,EXCLUDE:E1,third read,EXCLUDE:E1,,EXCLUDE:E1,v5 read,EXCLUDE:E1,,S18036,,,False,journal,,,,,,False,,,EXCLUDE:E1
S18067,10.3390/nano13030543,AGREED_EXCLUDE,EXCLUDE:E3,passes agree,EXCLUDE:E3,,EXCLUDE:E3,passes agree,EXCLUDE:E3,,EXCLUDE:E3,passes agree,EXCLUDE:E3,,S18067,,,False,,,,,,,False,,,EXCLUDE:E3
S18072,10.1021/acsami.2c20529,AGREED_EXCLUDE,EXCLUDE:E3,passes agree,EXCLUDE:E3,,EXCLUDE:E3,passes agree,EXCLUDE:E3,,EXCLUDE:E3,passes agree,EXCLUDE:E3,,S18072,,,False,,,,,,,False,,,EXCLUDE:E3
S18101,10.1021/acs.jpcc.2c07411,AGREED_EXCLUDE,EXCLUDE:E5,passes agree,EXCLUDE:E5,,EXCLUDE:E5,v4 read,EXCLUDE:E5,,EXCLUDE:E5,v5 read,EXCLUDE:E5,,S18101,,,False,journal,,,,,,False,,,EXCLUDE:E5
S18120,10.1002/adfm.202214124,AGREED_EXCLUDE,EXCLUDE:E3,passes agree,EXCLUDE:E3,,EXCLUDE:E3,passes agree,EXCLUDE:E3,,EXCLUDE:E3,passes agree,EXCLUDE:E3,,S18120,,,False,,,,,,,False,,,EXCLUDE:E3
S18123,10.3390/molecules28031475,AGREED_EXCLUDE,EXCLUDE:E1,passes agree,EXCLUDE:E1,,EXCLUDE:E1,passes agree,EXCLUDE:E1,,EXCLUDE:E1,passes agree,EXCLUDE:E1,,S18123,,,False,,,,,,,False,,,EXCLUDE:E1
S18134,10.1016/j.electacta.2023.142017,AGREED_EXCLUDE,EXCLUDE:E3,passes agree,EXCLUDE:E3,,EXCLUDE:E3,passes agree,EXCLUDE:E3,,EXCLUDE:E3,passes agree,EXCLUDE:E3,,S18134,,,False,,,,,,,False,,,EXCLUDE:E3
S18157,10.1007/s11595-022-2650-8,AGREED_EXCLUDE,EXCLUDE:E3,passes agree,EXCLUDE:E3,,EXCLUDE:E3,passes agree,EXCLUDE:E3,,EXCLUDE:E3,passes agree,EXCLUDE:E3,,S18157,,,False,,,,,,,False,,,EXCLUDE:E3
S18191,10.1002/sus2.107,AGREED_EXCLUDE,EXCLUDE:E3,passes agree,EXCLUDE:E3,,EXCLUDE:E3,passes agree,EXCLUDE:E3,,EXCLUDE:E3,passes agree,EXCLUDE:E3,,S18191,,,False,,,,,,,False,,,EXCLUDE:E3
S18208,10.3390/ma16041457,AGREED_EXCLUDE,EXCLUDE:E4,passes agree,EXCLUDE:E4,,EXCLUDE:E4,passes agree,EXCLUDE:E4,,EXCLUDE:E4,v5 read,EXCLUDE:E4,,S18208,,,False,journal,,,,,,False,,,EXCLUDE:E4
S18210,10.1016/j.coelec.2023.101218,AGREED_EXCLUDE,EXCLUDE:E1,passes agree,EXCLUDE:E1,,EXCLUDE:E1,passes agree,EXCLUDE:E1,,EXCLUDE:E1,passes agree,EXCLUDE:E1,,S18210,,,False,,,,,,,False,,,EXCLUDE:E1
S18219,10.54227/mlab.20220054,THIRD_READ,EXCLUDE:E1,third read,EXCLUDE:E1,,EXCLUDE:E1,third read,EXCLUDE:E1,,EXCLUDE:E1,v5 read,EXCLUDE:E1,,S18219,,,False,journal,,,,,,False,,,EXCLUDE:E1
S18221,10.1002/smll.202207847,NEEDS_SI,NEEDS_SI,passes,NEEDS_SI,,NEEDS_SI,v4 read,NEEDS_SI,,NEEDS_SI,v5 read,NEEDS_SI,,S18221,,,True,journal,numeric,direct,"Author-labelled 'overpotential' (1.43, 1.73 eV) equals the largest step ΔG, apparently without 1.23 V subtraction; unit eV.",,,False,,,NEEDS_SI
S18222,10.1007/s40820-023-01022-8,AGREED_EXCLUDE,EXCLUDE:E4,passes agree,EXCLUDE:E4,,EXCLUDE:E4,passes agree,EXCLUDE:E4,,EXCLUDE:E4,v5 read,EXCLUDE:E4,,S18222,,,False,journal,,,,,,False,,,EXCLUDE:E4
S18247,10.48550/arxiv.2206.08917,NEEDS_SI,NEEDS_SI,passes,NEEDS_SI,,NEEDS_SI,v4 read,NEEDS_SI,,EXCLUDE:E3,v5 read,EXCLUDE:E3,,,,,True,preprint,,,,,,False,,,EXCLUDE:E3
S18250,10.1021/acsami.2c19273,AGREED_EXCLUDE,EXCLUDE:E3,passes agree,EXCLUDE:E3,,EXCLUDE:E3,passes agree,EXCLUDE:E3,,EXCLUDE:E3,v5 read,EXCLUDE:E3,,S18250,,,False,journal,,,,,,False,,,EXCLUDE:E3
S18254,10.21203/rs.3.rs-2556739/v1,AGREED_ELIGIBLE,ELIGIBLE,passes agree,ELIGIBLE,,ELIGIBLE,v4 read,ELIGIBLE,,ELIGIBLE,v5 read,ELIGIBLE,,,numeric,,False,preprint,numeric,direct,,,,False,,,ELIGIBLE
S18261,10.3390/molecules28041776,AGREED_EXCLUDE,EXCLUDE:E3,passes agree,EXCLUDE:E3,,EXCLUDE:E3,passes agree,EXCLUDE:E3,,EXCLUDE:E3,v5 read,EXCLUDE:E3,,S18261,,,False,journal,,,,,,False,,,EXCLUDE:E3
S18276,10.1007/s40820-023-01024-6,AGREED_EXCLUDE,EXCLUDE:E1,passes agree,EXCLUDE:E1,,EXCLUDE:E1,passes agree,EXCLUDE:E1,,EXCLUDE:E1,passes agree,EXCLUDE:E1,,S18276,,,False,,,,,,,False,,,EXCLUDE:E1
S18277,10.1038/s41467-023-36380-9,AGREED_ELIGIBLE,ELIGIBLE,passes agree,ELIGIBLE,,ELIGIBLE,v4 read,ELIGIBLE,,ELIGIBLE,v5 read,ELIGIBLE,,S18277,numeric,,True,journal,numeric,direct,,,,True,,,ELIGIBLE
S18308,10.3390/nano13040752,AGREED_EXCLUDE,EXCLUDE:E3,passes agree,EXCLUDE:E3,,EXCLUDE:E3,passes agree,EXCLUDE:E3,,EXCLUDE:E3,v5 read,EXCLUDE:E3,,S18308,,,False,journal,,,,,,False,,,EXCLUDE:E3
S18337,10.1002/advs.202207429,THIRD_READ,ELIGIBLE,third read,ELIGIBLE,,ELIGIBLE,v4 read,ELIGIBLE,,ELIGIBLE,v5 read,ELIGIBLE,,S18337,equivalent,,False,journal,numeric,equivalent,,,,False,,,ELIGIBLE
S18363,10.31926/recent.2023.69.073,AGREED_EXCLUDE,EXCLUDE:E3,passes agree,EXCLUDE:E3,,EXCLUDE:E3,passes agree,EXCLUDE:E3,,EXCLUDE:E3,passes agree,EXCLUDE:E3,,S18363,,,False,,,,,,,False,,,EXCLUDE:E3
S18369,10.1021/acscatal.2c06260,THIRD_READ,ELIGIBLE,third read,ELIGIBLE,,UNRESOLVED,v4 read,UNRESOLVED,,UNRESOLVED,SI read: third read,UNRESOLVED,,S18369,numeric,,True,journal,numeric,direct,,,,False,,third read,UNRESOLVED
S18382,10.1038/s41467-023-36703-w,AGREED_EXCLUDE,EXCLUDE:E3,passes agree,EXCLUDE:E3,,EXCLUDE:E3,passes agree,EXCLUDE:E3,,EXCLUDE:E3,passes agree,EXCLUDE:E3,,S18382,,,False,,,,,,,False,,,EXCLUDE:E3
S18391,10.26599/nre.2023.9120056,AGREED_EXCLUDE,EXCLUDE:E1,passes agree,EXCLUDE:E1,,EXCLUDE:E1,passes agree,EXCLUDE:E1,,EXCLUDE:E1,passes agree,EXCLUDE:E1,,S18391,,,False,,,,,,,False,,,EXCLUDE:E1
S18417,10.1002/cctc.202201549,AGREED_EXCLUDE,EXCLUDE:E3,passes agree,EXCLUDE:E3,,EXCLUDE:E3,passes agree,EXCLUDE:E3,,EXCLUDE:E3,v5 read,EXCLUDE:E3,,S18417,,,False,journal,,,,,,False,,,EXCLUDE:E3
S18424,10.3390/nano13050905,AGREED_EXCLUDE,EXCLUDE:E3,passes agree,EXCLUDE:E3,,EXCLUDE:E3,passes agree,EXCLUDE:E3,,EXCLUDE:E3,passes agree,EXCLUDE:E3,,S18424,,,False,,,,,,,False,,,EXCLUDE:E3
S18437,10.3390/gels9030190,AGREED_EXCLUDE,EXCLUDE:E3,passes agree,EXCLUDE:E3,,EXCLUDE:E3,passes agree,EXCLUDE:E3,,EXCLUDE:E3,v5 read,EXCLUDE:E3,,S18437,,,False,journal,,,,,,False,,,EXCLUDE:E3
S18438,10.3390/molecules28052280,AGREED_EXCLUDE,EXCLUDE:E4,passes agree,EXCLUDE:E4,,EXCLUDE:E4,v4 read,EXCLUDE:E4,,EXCLUDE:E4,v5 read,EXCLUDE:E4,,S18438,,,False,journal,,,,,,False,,,EXCLUDE:E4
S18439,10.3390/molecules28052262,THIRD_READ,EXCLUDE:E1,third read,EXCLUDE:E1,,EXCLUDE:E1,third read,EXCLUDE:E1,,EXCLUDE:E1,v5 read,EXCLUDE:E1,,,,,False,journal,,,,,,False,,,EXCLUDE:E1
S18440,10.5281/zenodo.7692408,AGREED_EXCLUDE,EXCLUDE:E1,passes agree,collapsed into S12899,,EXCLUDE:E1,passes agree,collapsed into S12899,,EXCLUDE:E1,passes agree,collapsed into S12899,,S12899,,,False,,,,,,,False,,,collapsed into S12899
S18442,10.1007/s40820-023-01038-0,AGREED_EXCLUDE,EXCLUDE:E1,passes agree,EXCLUDE:E1,,EXCLUDE:E1,passes agree,EXCLUDE:E1,,EXCLUDE:E1,passes agree,EXCLUDE:E1,,S18442,,,False,,,,,,,False,,,EXCLUDE:E1
S18457,10.1038/s41467-023-36833-1,THIRD_READ,ELIGIBLE,third read,ELIGIBLE,,ELIGIBLE,v4 read,ELIGIBLE,,ELIGIBLE,v5 read,ELIGIBLE,,S18457,numeric,,False,journal,numeric,direct,,,,False,,,ELIGIBLE
S18472,10.1021/acs.langmuir.2c03345,AGREED_EXCLUDE,EXCLUDE:E3,passes agree,EXCLUDE:E3,,EXCLUDE:E3,passes agree,EXCLUDE:E3,,EXCLUDE:E3,passes agree,EXCLUDE:E3,,S18472,,,False,,,,,,,False,,,EXCLUDE:E3
S18473,10.21203/rs.3.rs-2605628/v1,NEEDS_SI,NEEDS_SI,passes,collapsed into S22923,,NEEDS_SI,v4 read,collapsed into S22923,,NEEDS_SI,v5 read,collapsed into S22923,,S22923,,,True,preprint,,,,,,False,,,collapsed into S22923
S18477,10.1063/5.0147123,NEEDS_SI,NEEDS_SI,passes,NEEDS_SI,,NEEDS_SI,v4 read,NEEDS_SI,,NEEDS_SI,v5 read,NEEDS_SI,,S18477,,,True,journal,,,,,,False,,,NEEDS_SI
S18482,10.1039/d2sc06832j,AGREED_EXCLUDE,EXCLUDE:E3,passes agree,EXCLUDE:E3,,EXCLUDE:E3,v4 read,EXCLUDE:E3,,EXCLUDE:E3,v5 read,EXCLUDE:E3,,S18482,,,False,journal,,,,reanalysis,unclear,False,,,EXCLUDE:E3
S18485,10.1021/acs.jpclett.3c00160,AGREED_EXCLUDE,EXCLUDE:E4,passes agree,EXCLUDE:E4,,EXCLUDE:E4,passes agree,EXCLUDE:E4,,EXCLUDE:E4,SI read: passes agree,EXCLUDE:E4,,S18485,,,False,journal,,,,,,False,,agreed,EXCLUDE:E5
S18494,10.1021/jacs.2c13567,AGREED_EXCLUDE,EXCLUDE:E3,passes agree,EXCLUDE:E3,,EXCLUDE:E3,passes agree,EXCLUDE:E3,,EXCLUDE:E3,v5 read,EXCLUDE:E3,,S18494,,,False,journal,,,,,,False,,,EXCLUDE:E3
S18505,10.1002/aenm.202300177,THIRD_READ,ELIGIBLE,third read,ELIGIBLE,,ELIGIBLE,v4 read,ELIGIBLE,,ELIGIBLE,v5 read,ELIGIBLE,,S18505,graphical,,False,journal,graphical,direct,,,,False,,,ELIGIBLE
S18534,10.1038/s41467-023-37008-8,THIRD_READ,ELIGIBLE,third read,ELIGIBLE,,NEEDS_SI,v4 read,NEEDS_SI,,ELIGIBLE,SI read: third read,ELIGIBLE,,S18534,,,True,journal,relative,direct,,,,False,,third read,NEEDS_SI
S18554,10.48550/arxiv.2303.07433,THIRD_READ,EXCLUDE:E3,third read,EXCLUDE:E3,,EXCLUDE:E3,third read,EXCLUDE:E3,,EXCLUDE:E3,v5 read,EXCLUDE:E3,,,,,False,preprint,,,,,,False,,,EXCLUDE:E3
S18570,10.1039/d3mh00047h,AGREED_EXCLUDE,EXCLUDE:E3,passes agree,EXCLUDE:E3,,EXCLUDE:E3,v4 read,EXCLUDE:E3,,EXCLUDE:E3,v5 read,EXCLUDE:E3,,S18570,,,False,journal,,,,,,False,,,EXCLUDE:E3
S18571,10.1038/s41598-023-30960-x,AGREED_EXCLUDE,EXCLUDE:E3,passes agree,EXCLUDE:E3,,EXCLUDE:E3,passes agree,EXCLUDE:E3,,EXCLUDE:E3,passes agree,EXCLUDE:E3,,S18571,,,False,,,,,,,False,,,EXCLUDE:E3
S18572,10.1002/adfm.202301557,AGREED_EXCLUDE,EXCLUDE:E4,passes agree,EXCLUDE:E4,,EXCLUDE:E4,passes agree,EXCLUDE:E4,,EXCLUDE:E4,v5 read,EXCLUDE:E4,,S18572,,,False,journal,,,,,,False,,,EXCLUDE:E4
S18576,10.1021/acsami.2c20131,AGREED_EXCLUDE,EXCLUDE:E3,passes agree,EXCLUDE:E3,,EXCLUDE:E3,passes agree,EXCLUDE:E3,,EXCLUDE:E3,passes agree,EXCLUDE:E3,,S18576,,,False,,,,,,,False,,,EXCLUDE:E3
S18594,10.1002/aenm.202203913,AGREED_EXCLUDE,EXCLUDE:E1,passes agree,EXCLUDE:E1,,EXCLUDE:E1,passes agree,EXCLUDE:E1,,EXCLUDE:E1,passes agree,EXCLUDE:E1,,S18594,,,False,,,,,,,False,,,EXCLUDE:E1
S18606,10.1002/slct.202300114,NEEDS_SI,NEEDS_SI,passes,NEEDS_SI,,NEEDS_SI,v4 read,NEEDS_SI,,NEEDS_SI,v5 read,NEEDS_SI,,S18606,,,True,journal,,,,,,False,,,NEEDS_SI
S18617,10.1021/acs.accounts.3c00002,AGREED_EXCLUDE,EXCLUDE:E1,passes agree,EXCLUDE:E1,,EXCLUDE:E1,passes agree,EXCLUDE:E1,,EXCLUDE:E1,passes agree,EXCLUDE:E1,,S18617,,,False,,,,,,,False,,,EXCLUDE:E1
S18643,10.1021/acsaem.2c03973,AGREED_EXCLUDE,EXCLUDE:E4,passes agree,EXCLUDE:E4,,EXCLUDE:E4,passes agree,EXCLUDE:E4,,EXCLUDE:E4,v5 read,EXCLUDE:E4,,S18643,,,False,journal,,,,,,False,,,EXCLUDE:E4
S18647,10.1021/acssuschemeng.2c07322,AGREED_EXCLUDE,EXCLUDE:E3,passes agree,EXCLUDE:E3,,EXCLUDE:E3,passes agree,EXCLUDE:E3,,EXCLUDE:E3,passes agree,EXCLUDE:E3,,S18647,,,False,,,,,,,False,,,EXCLUDE:E3
S18685,10.15826/chimtech.2023.10.1.14,AGREED_EXCLUDE,EXCLUDE:E1,passes agree,EXCLUDE:E1,,EXCLUDE:E1,passes agree,EXCLUDE:E1,,EXCLUDE:E1,passes agree,EXCLUDE:E1,,S18685,,,False,,,,,,,False,,,EXCLUDE:E1
S18686,10.1007/s40820-023-01052-2,THIRD_READ,EXCLUDE:E1,third read,EXCLUDE:E1,,EXCLUDE:E1,third read,EXCLUDE:E1,,EXCLUDE:E1,third read,EXCLUDE:E1,,S18686,,,False,,,,,,,False,,,EXCLUDE:E1
S18755,10.1016/j.jpowsour.2023.232990,AGREED_EXCLUDE,EXCLUDE:E3,passes agree,EXCLUDE:E3,,EXCLUDE:E3,passes agree,EXCLUDE:E3,,EXCLUDE:E3,passes agree,EXCLUDE:E3,,S18755,,,False,,,,,,,False,,,EXCLUDE:E3
S18765,10.3390/ijms24076861,AGREED_EXCLUDE,EXCLUDE:E1,passes agree,EXCLUDE:E1,,EXCLUDE:E1,passes agree,EXCLUDE:E1,,EXCLUDE:E1,passes agree,EXCLUDE:E1,,S18765,,,False,,,,,,,False,,,EXCLUDE:E1
S18770,10.3390/nano13071293,AGREED_EXCLUDE,EXCLUDE:E3,passes agree,EXCLUDE:E3,,EXCLUDE:E3,passes agree,EXCLUDE:E3,,EXCLUDE:E3,passes agree,EXCLUDE:E3,,S18770,,,False,,,,,,,False,,,EXCLUDE:E3
S18772,10.21203/rs.3.rs-2676006/v1,THIRD_READ,EXCLUDE:E4,third read,EXCLUDE:E4,,EXCLUDE:E4,third read,EXCLUDE:E4,,EXCLUDE:E3,v5 read,EXCLUDE:E3,,,,,False,preprint,,,,,,False,,,EXCLUDE:E3
S18784,10.2172/1963502,THIRD_READ,EXCLUDE:E3,third read,EXCLUDE:E3,,EXCLUDE:E3,third read,EXCLUDE:E3,,EXCLUDE:E1,v5 read,EXCLUDE:E1,,,,,False,other,,,,,,False,,,EXCLUDE:E1
S18800,10.3390/gels9040313,AGREED_EXCLUDE,EXCLUDE:E4,passes agree,EXCLUDE:E4,,EXCLUDE:E4,passes agree,EXCLUDE:E4,,EXCLUDE:E4,v5 read,EXCLUDE:E4,,S18800,,,False,journal,,,,,,False,,,EXCLUDE:E4
S18808,10.1021/acsami.3c02086,AGREED_ELIGIBLE,ELIGIBLE,passes agree,ELIGIBLE,,ELIGIBLE,v4 read,ELIGIBLE,,ELIGIBLE,v5 read,ELIGIBLE,,S18808,numeric,,False,journal,numeric,direct,"The AEM value on RuO2(110), 0.62 V, is labelled 'limiting potential', yet the authors use it as η (2.77 − 2.15 V).",,,False,,,ELIGIBLE
S18813,10.1021/jacsau.2c00709,THIRD_READ,ELIGIBLE,third read,ELIGIBLE,,ELIGIBLE,v4 read,ELIGIBLE,,ELIGIBLE,v5 read,ELIGIBLE,,S18813,numeric,,False,journal,numeric,direct,,,,False,,,ELIGIBLE
S18820,10.21203/rs.3.rs-2717335/v1,AGREED_EXCLUDE,EXCLUDE:E3,passes agree,EXCLUDE:E3,,EXCLUDE:E3,passes agree,EXCLUDE:E3,,EXCLUDE:E3,passes agree,EXCLUDE:E3,,,,,False,,,,,,,False,,,EXCLUDE:E3
S18823,10.5772/intechopen.109922,AGREED_EXCLUDE,EXCLUDE:E1,passes agree,EXCLUDE:E1,,EXCLUDE:E1,passes agree,EXCLUDE:E1,,EXCLUDE:E1,passes agree,EXCLUDE:E1,,,,,False,,,,,,,False,,,EXCLUDE:E1
S18825,10.3390/molecules28083378,AGREED_EXCLUDE,EXCLUDE:E1,passes agree,EXCLUDE:E1,,EXCLUDE:E1,passes agree,EXCLUDE:E1,,EXCLUDE:E1,passes agree,EXCLUDE:E1,,S18825,,,False,,,,,,,False,,,EXCLUDE:E1
S18836,10.3390/ma16083044,AGREED_EXCLUDE,EXCLUDE:E1,passes agree,EXCLUDE:E1,,EXCLUDE:E1,passes agree,EXCLUDE:E1,,EXCLUDE:E1,passes agree,EXCLUDE:E1,,S18836,,,False,,,,,,,False,,,EXCLUDE:E1
S18843,10.1007/s11581-023-04946-8,AGREED_EXCLUDE,EXCLUDE:E3,passes agree,EXCLUDE:E3,,EXCLUDE:E3,passes agree,EXCLUDE:E3,,EXCLUDE:E3,passes agree,EXCLUDE:E3,,S18843,,,False,,,,,,,False,,,EXCLUDE:E3
S18846,10.1002/pssr.202300093,AGREED_EXCLUDE,EXCLUDE:E4,passes agree,EXCLUDE:E4,,EXCLUDE:E4,v4 read,EXCLUDE:E4,,EXCLUDE:E4,v5 read,EXCLUDE:E4,,S18846,,,False,journal,,,,,,False,,,EXCLUDE:E4
S18847,10.1134/s0036024423010314,AGREED_EXCLUDE,EXCLUDE:E3,passes agree,EXCLUDE:E3,,EXCLUDE:E3,passes agree,EXCLUDE:E3,,EXCLUDE:E3,passes agree,EXCLUDE:E3,,S18847,,,False,,,,,,,False,,,EXCLUDE:E3
S18873,10.1002/admi.202300036,AGREED_EXCLUDE,EXCLUDE:E3,passes agree,EXCLUDE:E3,,EXCLUDE:E3,passes agree,EXCLUDE:E3,,EXCLUDE:E3,passes agree,EXCLUDE:E3,,S18873,,,False,,,,,,,False,,,EXCLUDE:E3
S18880,10.2139/ssrn.4423305,AGREED_EXCLUDE,EXCLUDE:E3,passes agree,collapsed into S19740,,EXCLUDE:E3,passes agree,collapsed into S19740,,EXCLUDE:E3,v5 read,collapsed into S19740,,S19740,,,False,journal,,,,,,False,,,collapsed into S19740
S18900,10.1002/smll.202301516,NEEDS_SI,NEEDS_SI,passes,NEEDS_SI,,ELIGIBLE,v4 read,ELIGIBLE,,ELIGIBLE,v5 read,ELIGIBLE,,S18900,relative,,True,journal,relative,equivalent,,,,False,,,ELIGIBLE
S18902,10.1002/smtd.202201247,NEEDS_SI,NEEDS_SI,passes,NEEDS_SI,,UNRESOLVED,v4 read,UNRESOLVED,,UNRESOLVED,v5 read,UNRESOLVED,,S18902,,,True,journal,,,,,,False,,,UNRESOLVED
S18904,10.1002/aenm.202300152,NEEDS_SI,NEEDS_SI,passes,NEEDS_SI,,NEEDS_SI,v4 read,NEEDS_SI,,NEEDS_SI,v5 read,NEEDS_SI,,S18904,,,False,journal,,,,,,False,,,NEEDS_SI
S18906,10.3390/ma16083280,AGREED_EXCLUDE,EXCLUDE:E1,passes agree,EXCLUDE:E1,,EXCLUDE:E1,passes agree,EXCLUDE:E1,,EXCLUDE:E1,passes agree,EXCLUDE:E1,,S18906,,,False,,,,,,,False,,,EXCLUDE:E1
S18916,10.1002/advs.202300426,AGREED_EXCLUDE,EXCLUDE:E3,passes agree,EXCLUDE:E3,,EXCLUDE:E3,passes agree,EXCLUDE:E3,,EXCLUDE:E3,passes agree,EXCLUDE:E3,,S18916,,,False,,,,,,,False,,,EXCLUDE:E3
S18921,10.3390/molecules28093647,AGREED_EXCLUDE,EXCLUDE:E3,passes agree,EXCLUDE:E3,,EXCLUDE:E3,passes agree,EXCLUDE:E3,,EXCLUDE:E3,passes agree,EXCLUDE:E3,,S18921,,,False,,,,,,,False,,,EXCLUDE:E3
S18934,10.1002/aenm.202300615,NEEDS_SI,NEEDS_SI,passes,NEEDS_SI,,NEEDS_SI,v4 read,NEEDS_SI,,NEEDS_SI,SI read: passes agree,NEEDS_SI,,S18934,,,True,journal,,,,,,False,,needs_si,UNRESOLVED
S18937,10.1002/adfm.202370105,RERETRIEVE,,no readable text,no readable text,,,no readable text,no readable text,,,no readable text,no readable text,,S18937,,,False,,,,,,,False,,,no readable text
S18942,10.2172/1971134,AGREED_EXCLUDE,EXCLUDE:E3,passes agree,EXCLUDE:E3,,EXCLUDE:E3,passes agree,EXCLUDE:E3,,EXCLUDE:E1,v5 read,EXCLUDE:E1,,,,,False,other,,,,,,False,,,EXCLUDE:E1
S18943,10.1021/acsaem.3c00062,NEEDS_SI,NEEDS_SI,passes,NEEDS_SI,,ELIGIBLE,v4 read,ELIGIBLE,,ELIGIBLE,SI read: passes agree,ELIGIBLE,,S18943,numeric,,False,journal,numeric,direct,,,,False,,agreed,ELIGIBLE
S18956,10.3389/fchem.2023.1173910,AGREED_EXCLUDE,EXCLUDE:E3,passes agree,EXCLUDE:E3,,EXCLUDE:E3,passes agree,EXCLUDE:E3,,EXCLUDE:E3,passes agree,EXCLUDE:E3,,S18956,,,False,,,,,,,False,,,EXCLUDE:E3
S18993,10.1038/s41467-023-38213-1,THIRD_READ,ELIGIBLE,third read,ELIGIBLE,,ELIGIBLE,v4 read,ELIGIBLE,,ELIGIBLE,v5 read,ELIGIBLE,,S18993,numeric,,False,journal,numeric,direct,,,,False,,,ELIGIBLE
S19049,10.5772/intechopen.111545,AGREED_EXCLUDE,EXCLUDE:E1,passes agree,EXCLUDE:E1,,EXCLUDE:E1,passes agree,EXCLUDE:E1,,EXCLUDE:E1,passes agree,EXCLUDE:E1,,,,,False,,,,,,,False,,,EXCLUDE:E1
S19070,10.1039/d3im00034f,AGREED_EXCLUDE,EXCLUDE:E1,passes agree,EXCLUDE:E1,,EXCLUDE:E1,passes agree,EXCLUDE:E1,,EXCLUDE:E1,passes agree,EXCLUDE:E1,,S19070,,,False,,,,,,,False,,,EXCLUDE:E1
S19090,10.3390/ma16093514,AGREED_EXCLUDE,EXCLUDE:E3,passes agree,EXCLUDE:E3,,EXCLUDE:E3,passes agree,EXCLUDE:E3,,EXCLUDE:E3,v5 read,EXCLUDE:E3,,S19090,,,False,journal,,,,,,False,,,EXCLUDE:E3
S19093,10.1149/1945-7111/acd605,AGREED_EXCLUDE,EXCLUDE:E3,passes agree,EXCLUDE:E3,,EXCLUDE:E3,passes agree,EXCLUDE:E3,,EXCLUDE:E3,passes agree,EXCLUDE:E3,,S19093,,,False,,,,,,,False,,,EXCLUDE:E3
S19096,10.1039/d3ra02011h,AGREED_EXCLUDE,EXCLUDE:E3,passes agree,EXCLUDE:E3,,EXCLUDE:E3,passes agree,EXCLUDE:E3,,EXCLUDE:E3,passes agree,EXCLUDE:E3,,S19096,,,False,,,,,,,False,,,EXCLUDE:E3
S19097,10.1002/smll.202302238,NEEDS_SI,NEEDS_SI,passes,NEEDS_SI,,NEEDS_SI,v4 read,NEEDS_SI,,NEEDS_SI,v5 read,NEEDS_SI,,S19097,,,False,journal,,,,,,False,,,NEEDS_SI
S19109,10.5772/intechopen.111565,AGREED_EXCLUDE,EXCLUDE:E1,passes agree,EXCLUDE:E1,,EXCLUDE:E1,passes agree,EXCLUDE:E1,,EXCLUDE:E1,passes agree,EXCLUDE:E1,,,,,False,,,,,,,False,,,EXCLUDE:E1
S19121,10.1021/acs.jpcc.3c02733,NEEDS_SI,NEEDS_SI,passes,NEEDS_SI,,UNRESOLVED,v4 read,UNRESOLVED,,EXCLUDE:E6,SI read: passes agree,EXCLUDE:E6,,S19121,,,True,journal,,,,,,False,,agreed,UNRESOLVED
S19128,10.3390/molecules28104134,AGREED_EXCLUDE,EXCLUDE:E3,passes agree,EXCLUDE:E3,,EXCLUDE:E3,passes agree,EXCLUDE:E3,,EXCLUDE:E3,passes agree,EXCLUDE:E3,,S19128,,,False,,,,,,,False,,,EXCLUDE:E3
S19129,10.1002/admi.202300279,AGREED_EXCLUDE,EXCLUDE:E3,passes agree,EXCLUDE:E3,,EXCLUDE:E3,passes agree,EXCLUDE:E3,,EXCLUDE:E3,v5 read,EXCLUDE:E3,,S19129,,,False,journal,,,,,,False,,,EXCLUDE:E3
S19131,10.2320/jinstmet.j2022044,AGREED_EXCLUDE,EXCLUDE:E3,passes agree,EXCLUDE:E3,,EXCLUDE:E3,v4 read,EXCLUDE:E3,,EXCLUDE:E3,v5 read,EXCLUDE:E3,,S19131,,,False,journal,,,,,,False,,,EXCLUDE:E3
S19134,10.1021/acscatal.3c01607,AGREED_EXCLUDE,EXCLUDE:E3,passes agree,EXCLUDE:E3,,NEEDS_SI,v4 read,NEEDS_SI,,EXCLUDE:E6,SI read: third read,EXCLUDE:E6,,S19134,,,True,journal,,,,,,False,,third read,NEEDS_SI
S19151,10.5281/zenodo.7950890,AGREED_EXCLUDE,EXCLUDE:E3,passes agree,EXCLUDE:E3,,EXCLUDE:E3,passes agree,EXCLUDE:E3,,EXCLUDE:E3,passes agree,EXCLUDE:E3,,S19151,,,False,,,,,,,False,,,EXCLUDE:E3
S19160,10.1038/s44172-023-00080-5,AGREED_EXCLUDE,EXCLUDE:E3,passes agree,EXCLUDE:E3,,EXCLUDE:E3,passes agree,EXCLUDE:E3,,EXCLUDE:E3,passes agree,EXCLUDE:E3,,S19160,,,False,,,,,,,False,,,EXCLUDE:E3
S19168,10.1021/acscatal.3c01193,AGREED_EXCLUDE,EXCLUDE:E3,passes agree,EXCLUDE:E3,,EXCLUDE:E3,passes agree,EXCLUDE:E3,,EXCLUDE:E3,passes agree,EXCLUDE:E3,,S19168,,,False,,,,,,,False,,,EXCLUDE:E3
S19174,10.1021/acs.jpcc.3c01870,THIRD_READ,EXCLUDE:E3,third read,EXCLUDE:E3,,NEEDS_SI,v4 read,NEEDS_SI,,EXCLUDE:E6,SI read: passes agree,EXCLUDE:E6,,S19174,,,True,journal,,,,,,False,,agreed,NEEDS_SI
S19178,10.1002/smll.202208202,THIRD_READ,ELIGIBLE,third read,ELIGIBLE,,ELIGIBLE,v4 read,ELIGIBLE,,ELIGIBLE,v5 read,ELIGIBLE,,S19178,numeric,,True,journal,numeric,direct,,,,False,,,ELIGIBLE
S19225,10.3390/ijms24119246,AGREED_EXCLUDE,EXCLUDE:E3,passes agree,EXCLUDE:E3,,EXCLUDE:E3,passes agree,EXCLUDE:E3,,EXCLUDE:E3,passes agree,EXCLUDE:E3,,S19225,,,False,,,,,,,False,,,EXCLUDE:E3
S19227,10.3390/ma16113980,AGREED_EXCLUDE,EXCLUDE:E1,passes agree,EXCLUDE:E1,,EXCLUDE:E1,passes agree,EXCLUDE:E1,,EXCLUDE:E1,passes agree,EXCLUDE:E1,,S19227,,,False,,,,,,,False,,,EXCLUDE:E1
S19247,10.3390/molecules28114366,AGREED_EXCLUDE,EXCLUDE:E3,passes agree,EXCLUDE:E3,,EXCLUDE:E3,passes agree,EXCLUDE:E3,,EXCLUDE:E3,passes agree,EXCLUDE:E3,,S19247,,,False,,,,,,,False,,,EXCLUDE:E3
S19264,10.1002/advs.202301706,AGREED_EXCLUDE,EXCLUDE:E1,passes agree,EXCLUDE:E1,,EXCLUDE:E1,passes agree,EXCLUDE:E1,,EXCLUDE:E1,passes agree,EXCLUDE:E1,,S19264,,,False,,,,,,,False,,,EXCLUDE:E1
S19284,10.1038/s43586-023-00226-x,AGREED_EXCLUDE,EXCLUDE:E1,passes agree,EXCLUDE:E1,,EXCLUDE:E1,passes agree,EXCLUDE:E1,,EXCLUDE:E1,v5 read,EXCLUDE:E1,,S19284,,,False,journal,,,,,,False,,,EXCLUDE:E1
S19286,10.52568/001247/jcsp/45.03.2023,AGREED_EXCLUDE,EXCLUDE:E3,passes agree,EXCLUDE:E3,,EXCLUDE:E3,passes agree,EXCLUDE:E3,,EXCLUDE:E3,passes agree,EXCLUDE:E3,,S19286,,,False,,,,,,,False,,,EXCLUDE:E3
S19293,10.1002/sstr.202300081,AGREED_EXCLUDE,EXCLUDE:E1,passes agree,EXCLUDE:E1,,EXCLUDE:E1,passes agree,EXCLUDE:E1,,EXCLUDE:E1,passes agree,EXCLUDE:E1,,S19293,,,False,,,,,,,False,,,EXCLUDE:E1
S19295,10.1039/d3ra01423a,AGREED_EXCLUDE,EXCLUDE:E3,passes agree,EXCLUDE:E3,,EXCLUDE:E3,passes agree,EXCLUDE:E3,,EXCLUDE:E3,passes agree,EXCLUDE:E3,,S19295,,,False,,,,,,,False,,,EXCLUDE:E3
S19297,10.3390/molecules28114464,AGREED_EXCLUDE,EXCLUDE:E3,passes agree,EXCLUDE:E3,,EXCLUDE:E3,passes agree,EXCLUDE:E3,,EXCLUDE:E3,passes agree,EXCLUDE:E3,,S19297,,,False,,,,,,,False,,,EXCLUDE:E3
S19303,10.3390/nano13111788,AGREED_EXCLUDE,EXCLUDE:E3,passes agree,EXCLUDE:E3,,EXCLUDE:E3,passes agree,EXCLUDE:E3,,EXCLUDE:E3,passes agree,EXCLUDE:E3,,S19303,,,False,,,,,,,False,,,EXCLUDE:E3
S19336,10.1021/acsanm.3c01368,AGREED_EXCLUDE,EXCLUDE:E3,passes agree,EXCLUDE:E3,,EXCLUDE:E3,passes agree,EXCLUDE:E3,,EXCLUDE:E3,passes agree,EXCLUDE:E3,,S19336,,,False,,,,,,,False,,,EXCLUDE:E3
S19343,10.21203/rs.3.rs-2713365/v1,NEEDS_SI,NEEDS_SI,passes,collapsed into S21183,,NEEDS_SI,v4 read,collapsed into S21183,,NEEDS_SI,v5 read,collapsed into S21183,,S21183,,,False,preprint,,,,,,False,,,collapsed into S21183
S19357,10.1039/d3ey00092c,AGREED_EXCLUDE,EXCLUDE:E1,passes agree,EXCLUDE:E1,,EXCLUDE:E1,passes agree,EXCLUDE:E1,,EXCLUDE:E1,passes agree,EXCLUDE:E1,,S19357,,,False,,,,,,,False,,,EXCLUDE:E1
S19368,10.1016/j.isci.2023.107037,NEEDS_SI,NEEDS_SI,passes,NEEDS_SI,,UNRESOLVED,v4 read,NEEDS_SI,dated,EXCLUDE:E6,SI read: passes agree,EXCLUDE:E6,,S19368,,,True,journal,,,,,,False,,agreed,NEEDS_SI
S19372,10.3740/mrsk.2023.33.5.175,AGREED_EXCLUDE,EXCLUDE:E1,passes agree,EXCLUDE:E1,,EXCLUDE:E1,passes agree,EXCLUDE:E1,,EXCLUDE:E1,passes agree,EXCLUDE:E1,,S19372,,,False,,,,,,,False,,,EXCLUDE:E1
S19378,10.2172/1835610,THIRD_READ,EXCLUDE:E1,third read,EXCLUDE:E1,,EXCLUDE:E1,third read,EXCLUDE:E1,,EXCLUDE:E1,v5 read,EXCLUDE:E1,,,,,False,other,,,,,,False,,,EXCLUDE:E1
S19379,10.1021/acsaem.3c00271,AGREED_EXCLUDE,EXCLUDE:E3,passes agree,EXCLUDE:E3,,EXCLUDE:E3,passes agree,EXCLUDE:E3,,EXCLUDE:E3,passes agree,EXCLUDE:E3,,S19379,,,False,,,,,,,False,,,EXCLUDE:E3
S19401,10.1021/acssuschemeng.3c01881,AGREED_EXCLUDE,EXCLUDE:E3,passes agree,EXCLUDE:E3,,EXCLUDE:E3,passes agree,EXCLUDE:E3,,EXCLUDE:E3,passes agree,EXCLUDE:E3,,S19401,,,False,,,,,,,False,,,EXCLUDE:E3
S19408,10.21203/rs.3.rs-2890211/v1,AGREED_EXCLUDE,EXCLUDE:E3,passes agree,EXCLUDE:E3,,EXCLUDE:E3,passes agree,EXCLUDE:E3,,EXCLUDE:E3,passes agree,EXCLUDE:E3,,,,,False,,,,,,,False,,,EXCLUDE:E3
S19413,10.21203/rs.3.rs-3045065/v1,AGREED_EXCLUDE,EXCLUDE:E3,passes agree,EXCLUDE:E3,,EXCLUDE:E3,passes agree,EXCLUDE:E3,,EXCLUDE:E3,passes agree,EXCLUDE:E3,,,,,False,,,,,,,False,,,EXCLUDE:E3
S19435,10.1002/aenm.202301450,AGREED_EXCLUDE,EXCLUDE:E3,passes agree,EXCLUDE:E3,,EXCLUDE:E3,passes agree,EXCLUDE:E3,,EXCLUDE:E3,passes agree,EXCLUDE:E3,,S19435,,,False,,,,,,,False,,,EXCLUDE:E3
S19452,10.1002/aenm.202370101,RERETRIEVE,,no readable text,no readable text,,,no readable text,no readable text,,,no readable text,no readable text,,S19452,,,False,,,,,,,False,,,no readable text
S19519,10.1039/d3ey00046j,AGREED_EXCLUDE,EXCLUDE:E3,passes agree,EXCLUDE:E3,,EXCLUDE:E3,passes agree,EXCLUDE:E3,,EXCLUDE:E3,passes agree,EXCLUDE:E3,,S19519,,,False,,,,,,,False,,,EXCLUDE:E3
S19536,10.1126/sciadv.adh1718,AGREED_EXCLUDE,EXCLUDE:E3,passes agree,EXCLUDE:E3,,EXCLUDE:E3,passes agree,EXCLUDE:E3,,EXCLUDE:E3,passes agree,EXCLUDE:E3,,S19536,,,False,,,,,,,False,,,EXCLUDE:E3
S19555,10.1016/b978-0-323-85669-0.00125-2,AGREED_EXCLUDE,EXCLUDE:E1,passes agree,EXCLUDE:E1,,EXCLUDE:E1,passes agree,EXCLUDE:E1,,EXCLUDE:E1,passes agree,EXCLUDE:E1,,,,,False,,,,,,,False,,,EXCLUDE:E1
S19566,10.21203/rs.3.rs-3105001/v1,THIRD_READ,EXCLUDE:E3,third read,EXCLUDE:E3,,EXCLUDE:E3,v4 read,EXCLUDE:E3,,EXCLUDE:E3,v5 read,EXCLUDE:E3,,,,,False,preprint,,,,reanalysis,external,True,,,EXCLUDE:E3
S19588,10.1002/asia.202300440,AGREED_EXCLUDE,EXCLUDE:E3,passes agree,EXCLUDE:E3,,EXCLUDE:E3,passes agree,EXCLUDE:E3,,EXCLUDE:E3,passes agree,EXCLUDE:E3,,S19588,,,False,,,,,,,False,,,EXCLUDE:E3
S19607,10.3390/molecules28135010,AGREED_EXCLUDE,EXCLUDE:E1,passes agree,EXCLUDE:E1,,EXCLUDE:E1,passes agree,EXCLUDE:E1,,EXCLUDE:E1,passes agree,EXCLUDE:E1,,S19607,,,False,,,,,,,False,,,EXCLUDE:E1
S19616,10.21203/rs.3.rs-2556667/v1,AGREED_EXCLUDE,EXCLUDE:E3,passes agree,EXCLUDE:E3,,EXCLUDE:E3,passes agree,EXCLUDE:E3,,EXCLUDE:E3,passes agree,EXCLUDE:E3,,,,,False,,,,,,,False,,,EXCLUDE:E3
S19641,10.1146/annurev-matsci-080819-124955,AGREED_EXCLUDE,EXCLUDE:E1,passes agree,EXCLUDE:E1,,EXCLUDE:E1,passes agree,EXCLUDE:E1,,EXCLUDE:E1,passes agree,EXCLUDE:E1,,S19641,,,False,,,,,,,False,,,EXCLUDE:E1
S19670,10.3390/nano13132012,AGREED_EXCLUDE,EXCLUDE:E1,passes agree,EXCLUDE:E1,,EXCLUDE:E1,passes agree,EXCLUDE:E1,,EXCLUDE:E1,passes agree,EXCLUDE:E1,,S19670,,,False,,,,,,,False,,,EXCLUDE:E1
S19694,10.3390/biomimetics8030298,THIRD_READ,EXCLUDE:E1,third read,EXCLUDE:E1,,EXCLUDE:E1,third read,EXCLUDE:E1,,EXCLUDE:E1,third read,EXCLUDE:E1,,S19694,,,False,,,,,,,False,,,EXCLUDE:E1
S19726,10.20944/preprints202307.0782.v1,AGREED_EXCLUDE,EXCLUDE:E3,passes agree,collapsed into S19939,,EXCLUDE:E3,passes agree,collapsed into S19939,,EXCLUDE:E3,passes agree,collapsed into S19939,,S19939,,,False,,,,,,,False,,,collapsed into S19939
S19734,10.1002/smll.202304889,NEEDS_SI,NEEDS_SI,passes,NEEDS_SI,,NEEDS_SI,v4 read,NEEDS_SI,,NEEDS_SI,v5 read,NEEDS_SI,,S19734,,,True,journal,,,,,,False,,,NEEDS_SI
S19769,10.1016/j.matchemphys.2023.128192,AGREED_EXCLUDE,EXCLUDE:E3,passes agree,EXCLUDE:E3,,EXCLUDE:E3,passes agree,EXCLUDE:E3,,EXCLUDE:E3,passes agree,EXCLUDE:E3,,S19769,,,False,,,,,,,False,,,EXCLUDE:E3
S19774,10.1002/smsc.202300055,AGREED_EXCLUDE,EXCLUDE:E3,passes agree,EXCLUDE:E3,,EXCLUDE:E3,passes agree,EXCLUDE:E3,,EXCLUDE:E3,passes agree,EXCLUDE:E3,,S19774,,,False,,,,,,,False,,,EXCLUDE:E3
S19785,10.1002/open.202300032,AGREED_EXCLUDE,EXCLUDE:E3,passes agree,EXCLUDE:E3,,EXCLUDE:E3,passes agree,EXCLUDE:E3,,EXCLUDE:E3,v5 read,EXCLUDE:E3,,S19785,,,False,journal,,,,,,False,,,EXCLUDE:E3
S19792,10.1002/smll.202370224,RERETRIEVE,,no readable text,no readable text,,,no readable text,no readable text,,,no readable text,no readable text,,S19792,,,False,,,,,,,False,,,no readable text
S19847,10.1002/anie.202308704,NEEDS_SI,NEEDS_SI,passes,NEEDS_SI,,UNRESOLVED,v4 read,UNRESOLVED,,NEEDS_SI,SI read: third read; SI adjudication 2026-09-29,NEEDS_SI,,S19847,,,True,journal,,,,,,True,,third read,UNRESOLVED
S19853,10.1039/d3im00070b,AGREED_EXCLUDE,EXCLUDE:E1,passes agree,EXCLUDE:E1,,EXCLUDE:E1,passes agree,EXCLUDE:E1,,EXCLUDE:E1,passes agree,EXCLUDE:E1,,S19853,,,False,,,,,,,False,,,EXCLUDE:E1
S19860,10.1016/j.ijhydene.2023.07.048,AGREED_EXCLUDE,EXCLUDE:E3,passes agree,EXCLUDE:E3,,EXCLUDE:E3,passes agree,EXCLUDE:E3,,EXCLUDE:E3,passes agree,EXCLUDE:E3,,S19860,,,False,,,,,,,False,,,EXCLUDE:E3
S19884,10.1021/acs.jpcc.3c03625,AGREED_EXCLUDE,EXCLUDE:E3,passes agree,EXCLUDE:E3,,EXCLUDE:E3,passes agree,EXCLUDE:E3,,EXCLUDE:E3,passes agree,EXCLUDE:E3,,S19884,,,False,,,,,,,False,,,EXCLUDE:E3
S19888,10.1007/s11426-023-1649-y,AGREED_EXCLUDE,EXCLUDE:E1,passes agree,EXCLUDE:E1,,EXCLUDE:E1,passes agree,EXCLUDE:E1,,EXCLUDE:E1,passes agree,EXCLUDE:E1,,S19888,,,False,,,,,,,False,,,EXCLUDE:E1
S19896,10.1149/1945-7111/ace741,AGREED_EXCLUDE,EXCLUDE:E3,passes agree,EXCLUDE:E3,,EXCLUDE:E3,passes agree,EXCLUDE:E3,,EXCLUDE:E3,passes agree,EXCLUDE:E3,,S19896,,,False,,,,,,,False,,,EXCLUDE:E3
S19900,10.1007/s40820-023-01152-z,AGREED_EXCLUDE,EXCLUDE:E1,passes agree,EXCLUDE:E1,,EXCLUDE:E1,passes agree,EXCLUDE:E1,,EXCLUDE:E1,passes agree,EXCLUDE:E1,,S19900,,,False,,,,,,,False,,,EXCLUDE:E1
S19909,10.1073/pnas.2306835120,NEEDS_SI,NEEDS_SI,passes,NEEDS_SI,,UNRESOLVED,v4 read,UNRESOLVED,,ELIGIBLE,public evidence recovery 2026-10-01: independent reads reviewed,ELIGIBLE,,S19909,,,True,journal,relative,equivalent,,,,False,,recovery reviewed,UNRESOLVED
S19922,10.1038/s41467-023-40375-x,AGREED_EXCLUDE,EXCLUDE:E3,passes agree,EXCLUDE:E3,,EXCLUDE:E3,passes agree,EXCLUDE:E3,,EXCLUDE:E3,passes agree,EXCLUDE:E3,,S19922,,,False,,,,,,,False,,,EXCLUDE:E3
S19929,10.1039/d3ma00364g,AGREED_EXCLUDE,EXCLUDE:E3,passes agree,EXCLUDE:E3,,EXCLUDE:E3,passes agree,EXCLUDE:E3,,EXCLUDE:E3,passes agree,EXCLUDE:E3,,S19929,,,False,,,,,,,False,,,EXCLUDE:E3
S19939,10.3390/molecules28155827,AGREED_EXCLUDE,EXCLUDE:E3,passes agree,EXCLUDE:E3,,EXCLUDE:E3,passes agree,EXCLUDE:E3,,EXCLUDE:E3,passes agree,EXCLUDE:E3,,S19939,,,False,,,,,,,False,,,EXCLUDE:E3
S19954,10.1002/aesr.202300057,AGREED_EXCLUDE,EXCLUDE:E3,passes agree,EXCLUDE:E3,,EXCLUDE:E3,passes agree,EXCLUDE:E3,,EXCLUDE:E3,passes agree,EXCLUDE:E3,,S19954,,,False,,,,,,,False,,,EXCLUDE:E3
S19956,10.1002/cctc.202300737,AGREED_EXCLUDE,EXCLUDE:E4,passes agree,EXCLUDE:E4,,EXCLUDE:E4,passes agree,EXCLUDE:E4,,EXCLUDE:E4,v5 read,EXCLUDE:E4,,S19956,,,False,journal,,,,,,False,,,EXCLUDE:E4
S19960,10.3390/ma16155461,AGREED_EXCLUDE,EXCLUDE:E3,passes agree,EXCLUDE:E3,,EXCLUDE:E3,passes agree,EXCLUDE:E3,,EXCLUDE:E3,passes agree,EXCLUDE:E3,,S19960,,,False,,,,,,,False,,,EXCLUDE:E3
S19975,10.1002/adma.202211884,THIRD_READ,EXCLUDE:E1,third read,EXCLUDE:E1,,EXCLUDE:E1,third read,EXCLUDE:E1,,EXCLUDE:E1,v5 read,EXCLUDE:E1,,S19975,,,False,journal,,,,,,False,,,EXCLUDE:E1
S19983,10.1021/acscatal.3c01448,AGREED_EXCLUDE,EXCLUDE:E3,passes agree,EXCLUDE:E3,,EXCLUDE:E3,passes agree,EXCLUDE:E3,,EXCLUDE:E3,passes agree,EXCLUDE:E3,,S19983,,,False,,,,,,,False,,,EXCLUDE:E3
S19999,10.1002/aenm.202301673,NEEDS_SI,NEEDS_SI,passes,NEEDS_SI,,UNRESOLVED,v4 read,UNRESOLVED,,UNRESOLVED,v5 read,UNRESOLVED,,S19999,,,True,journal,numeric,direct,,,,False,,,UNRESOLVED
S20002,10.21203/rs.3.rs-3229626/v1,THIRD_READ,EXCLUDE:E3,third read,EXCLUDE:E3,,EXCLUDE:E3,third read,EXCLUDE:E3,,EXCLUDE:E3,v5 read,EXCLUDE:E3,,,,,False,preprint,,,,,,False,,,EXCLUDE:E3
S20006,10.1002/slct.202301557,AGREED_EXCLUDE,EXCLUDE:E3,passes agree,EXCLUDE:E3,,EXCLUDE:E3,v4 read,EXCLUDE:E3,,EXCLUDE:E3,v4 read,EXCLUDE:E3,,S20006,,,False,,,,,,,False,,,EXCLUDE:E3
S20021,10.1002/aenm.202302306,THIRD_READ,UNRESOLVED,third read,UNRESOLVED,dated,UNRESOLVED,v4 read,UNRESOLVED,dated,UNRESOLVED,v5 read,UNRESOLVED,dated,S20021,,,True,journal,,,,,,False,,,UNRESOLVED
S20032,10.3390/nano13162329,AGREED_EXCLUDE,EXCLUDE:E3,passes agree,EXCLUDE:E3,,EXCLUDE:E3,passes agree,EXCLUDE:E3,,EXCLUDE:E3,passes agree,EXCLUDE:E3,,S20032,,,False,,,,,,,False,,,EXCLUDE:E3
S20040,10.1021/acscatal.3c01525,AGREED_EXCLUDE,EXCLUDE:E3,passes agree,EXCLUDE:E3,,EXCLUDE:E3,passes agree,EXCLUDE:E3,,EXCLUDE:E3,passes agree,EXCLUDE:E3,,S20040,,,False,,,,,,,False,,,EXCLUDE:E3
S20046,10.1021/acsaem.3c01585,AGREED_EXCLUDE,EXCLUDE:E3,passes agree,EXCLUDE:E3,,EXCLUDE:E3,passes agree,EXCLUDE:E3,,EXCLUDE:E3,passes agree,EXCLUDE:E3,,S20046,,,False,,,,,,,False,,,EXCLUDE:E3
S20060,10.1016/j.jpowsour.2023.233503,AGREED_EXCLUDE,EXCLUDE:E3,passes agree,EXCLUDE:E3,,EXCLUDE:E3,passes agree,EXCLUDE:E3,,EXCLUDE:E3,passes agree,EXCLUDE:E3,,S20060,,,False,,,,,,,False,,,EXCLUDE:E3
S20066,10.3390/molecules28166101,AGREED_EXCLUDE,EXCLUDE:E3,passes agree,EXCLUDE:E3,,EXCLUDE:E3,passes agree,EXCLUDE:E3,,EXCLUDE:E3,passes agree,EXCLUDE:E3,,S20066,,,False,,,,,,,False,,,EXCLUDE:E3
S20116,10.3390/nano13172391,AGREED_EXCLUDE,EXCLUDE:E1,passes agree,EXCLUDE:E1,,EXCLUDE:E1,passes agree,EXCLUDE:E1,,EXCLUDE:E1,passes agree,EXCLUDE:E1,,S20116,,,False,,,,,,,False,,,EXCLUDE:E1
S20122,10.1038/s41467-023-40912-8,AGREED_EXCLUDE,EXCLUDE:E3,passes agree,EXCLUDE:E3,,EXCLUDE:E3,passes agree,EXCLUDE:E3,,EXCLUDE:E3,v5 read,EXCLUDE:E3,,S20122,,,False,journal,,,,,,False,,,EXCLUDE:E3
S20125,10.1002/sstr.202300192,AGREED_EXCLUDE,EXCLUDE:E1,passes agree,EXCLUDE:E1,,EXCLUDE:E1,passes agree,EXCLUDE:E1,,EXCLUDE:E1,passes agree,EXCLUDE:E1,,S20125,,,False,,,,,,,False,,,EXCLUDE:E1
S20137,10.1021/acs.jpclett.3c02001,AGREED_EXCLUDE,EXCLUDE:E3,passes agree,EXCLUDE:E3,,EXCLUDE:E3,passes agree,EXCLUDE:E3,,EXCLUDE:E3,v5 read,EXCLUDE:E3,,S20137,,,False,journal,,,,,,False,,,EXCLUDE:E3
S20141,10.3389/fchem.2023.1261332,AGREED_EXCLUDE,EXCLUDE:E3,passes agree,EXCLUDE:E3,,EXCLUDE:E3,passes agree,EXCLUDE:E3,,EXCLUDE:E3,passes agree,EXCLUDE:E3,,S20141,,,False,,,,,,,False,,,EXCLUDE:E3
S20146,10.3390/ma16175829,AGREED_EXCLUDE,EXCLUDE:E1,passes agree,EXCLUDE:E1,,EXCLUDE:E1,passes agree,EXCLUDE:E1,,EXCLUDE:E1,passes agree,EXCLUDE:E1,,S20146,,,False,,,,,,,False,,,EXCLUDE:E1
S20167,10.1021/acs.jpcc.3c04049,THIRD_READ,EXCLUDE:E3,third read,EXCLUDE:E3,,EXCLUDE:E3,third read,EXCLUDE:E3,,EXCLUDE:E3,v5 read,EXCLUDE:E3,,S20167,,,False,journal,,,,,,False,,,EXCLUDE:E3
S20173,10.1038/s41598-023-39523-6,AGREED_EXCLUDE,EXCLUDE:E3,passes agree,EXCLUDE:E3,,EXCLUDE:E3,passes agree,EXCLUDE:E3,,EXCLUDE:E3,v5 read,EXCLUDE:E3,,S20173,,,False,journal,,,,,,False,,,EXCLUDE:E3
S20174,10.1002/cey2.418,THIRD_READ,EXCLUDE:E4,third read,EXCLUDE:E4,,EXCLUDE:E4,v4 read,EXCLUDE:E4,,EXCLUDE:E4,SI read: passes agree,EXCLUDE:E4,,S20174,,,False,journal,,,,,,False,,agreed,EXCLUDE:E4
S20190,10.48550/arxiv.2308.15238,AGREED_EXCLUDE,EXCLUDE:E1,passes agree,EXCLUDE:E1,,EXCLUDE:E1,passes agree,EXCLUDE:E1,,EXCLUDE:E1,v5 read,EXCLUDE:E1,,,,,False,preprint,,,,,,False,,,EXCLUDE:E1
S20213,10.1021/acsomega.3c00965,AGREED_EXCLUDE,EXCLUDE:E3,passes agree,EXCLUDE:E3,,EXCLUDE:E3,passes agree,EXCLUDE:E3,,EXCLUDE:E3,v5 read,EXCLUDE:E3,,S20213,,,False,journal,,,,,,False,,,EXCLUDE:E3
S20221,10.1016/j.coelec.2023.101382,THIRD_READ,EXCLUDE:E1,v3 sensitivity read,EXCLUDE:E1,,EXCLUDE:E1,v4 sensitivity read,EXCLUDE:E1,,EXCLUDE:E1,third read (v5),EXCLUDE:E1,,S20221,,,False,journal,,,,,,False,,,EXCLUDE:E1
S20224,10.48550/arxiv.2308.16565,AGREED_EXCLUDE,EXCLUDE:E1,passes agree,EXCLUDE:E1,,EXCLUDE:E1,passes agree,EXCLUDE:E1,,EXCLUDE:E1,v5 read,EXCLUDE:E1,,,,,False,preprint,,,,,,False,,,EXCLUDE:E1
S20227,10.20944/preprints202309.0071.v1,THIRD_READ,EXCLUDE:E1,third read,collapsed into S20953,,EXCLUDE:E1,third read,collapsed into S20953,,EXCLUDE:E1,v5 read,collapsed into S20953,,S20953,,,False,preprint,,,,,,False,,,collapsed into S20953
S20237,10.1038/s41467-023-41036-9,AGREED_ELIGIBLE,ELIGIBLE,passes agree,ELIGIBLE,,ELIGIBLE,v4 read,ELIGIBLE,,ELIGIBLE,v5 read,ELIGIBLE,,S20237,numeric,,False,journal,numeric,direct,,,,False,,,ELIGIBLE
S20248,10.1021/acscatal.3c01647,NEEDS_SI,NEEDS_SI,passes,NEEDS_SI,,NEEDS_SI,v4 read,NEEDS_SI,,EXCLUDE:E6,SI read: passes agree,UNRESOLVED,SI verification: E6,S20248,,,True,journal,,,,,,False,,agreed,UNRESOLVED
S20251,10.1021/acscatal.3c02541,AGREED_EXCLUDE,EXCLUDE:E3,passes agree,EXCLUDE:E3,,EXCLUDE:E3,passes agree,EXCLUDE:E3,,EXCLUDE:E3,passes agree,EXCLUDE:E3,,S20251,,,False,,,,,,,False,,,EXCLUDE:E3
S20253,10.1002/adma.202305939,THIRD_READ,ELIGIBLE,third read,ELIGIBLE,,UNRESOLVED,v4 read,UNRESOLVED,,UNRESOLVED,v5 read,UNRESOLVED,,S20253,numeric,,True,journal,numeric,direct,,,,True,,,UNRESOLVED
S20277,10.1039/d3ta04136k,AGREED_EXCLUDE,EXCLUDE:E3,passes agree,EXCLUDE:E3,,EXCLUDE:E3,passes agree,EXCLUDE:E3,,EXCLUDE:E3,passes agree,EXCLUDE:E3,,S20277,,,False,,,,,,,False,,,EXCLUDE:E3
S20284,10.1021/acs.jpcc.3c02371,AGREED_EXCLUDE,EXCLUDE:E4,passes agree,EXCLUDE:E4,,EXCLUDE:E4,passes agree,EXCLUDE:E4,,EXCLUDE:E4,v5 read,EXCLUDE:E4,,S20284,,,False,journal,,,,,,True,,,EXCLUDE:E4
S20298,10.1002/cjoc.202300367,AGREED_EXCLUDE,EXCLUDE:E3,passes agree,EXCLUDE:E3,,EXCLUDE:E3,passes agree,EXCLUDE:E3,,EXCLUDE:E3,passes agree,EXCLUDE:E3,,S20298,,,False,,,,,,,False,,,EXCLUDE:E3
S20317,10.1021/acsenergylett.3c01327,RERETRIEVE,,no readable text,no readable text,,,no readable text,no readable text,,,no readable text,no readable text,,S20317,,,False,,,,,,,False,,,no readable text
S20321,10.1016/j.fuel.2023.129741,THIRD_READ,EXCLUDE:E1,third read,EXCLUDE:E1,,EXCLUDE:E1,third read,EXCLUDE:E1,,EXCLUDE:E1,v5 read,EXCLUDE:E1,,S20321,,,False,journal,,,,,,False,,,EXCLUDE:E1
S20369,10.1126/sciadv.adf9144,THIRD_READ,ELIGIBLE,third read,ELIGIBLE,,UNRESOLVED,v4 read,ELIGIBLE,dated,UNRESOLVED,v5 read,ELIGIBLE,dated,S20369,numeric,,True,journal,numeric,direct,,,,False,,,ELIGIBLE
S20385,10.1016/j.apcatb.2023.123298,AGREED_EXCLUDE,EXCLUDE:E3,passes agree,EXCLUDE:E3,,EXCLUDE:E3,passes agree,EXCLUDE:E3,,EXCLUDE:E3,passes agree,EXCLUDE:E3,,S20385,,,False,,,,,,,False,,,EXCLUDE:E3
S20402,10.21203/rs.3.rs-3338872/v1,AGREED_EXCLUDE,EXCLUDE:E3,passes agree,EXCLUDE:E3,,EXCLUDE:E3,passes agree,EXCLUDE:E3,,EXCLUDE:E3,v5 read,EXCLUDE:E3,,,,,False,preprint,,,,,,False,,,EXCLUDE:E3
S20408,10.1002/celc.70201,AGREED_ELIGIBLE,ELIGIBLE,passes agree,ELIGIBLE,,UNRESOLVED,v4 read,ELIGIBLE,dated,UNRESOLVED,v5 read,ELIGIBLE,dated,S20408,graphical,,False,journal,graphical,direct,,,,False,,,ELIGIBLE
S20440,10.1002/sstr.202300276,NEEDS_SI,NEEDS_SI,passes,NEEDS_SI,,UNRESOLVED,v4 read,UNRESOLVED,,EXCLUDE:E6,downloaded Wiley SI 2026-10-02: independent reads reviewed,EXCLUDE:E6,,S20440,,,True,journal,,,,,,False,,recovery reviewed,NEEDS_SI
S20444,10.1039/d3ey00176h,AGREED_EXCLUDE,EXCLUDE:E1,passes agree,EXCLUDE:E1,,EXCLUDE:E1,passes agree,EXCLUDE:E1,,EXCLUDE:E1,passes agree,EXCLUDE:E1,,S20444,,,False,,,,,,,False,,,EXCLUDE:E1
S20452,10.21203/rs.3.rs-3262172/v1,AGREED_EXCLUDE,EXCLUDE:E3,passes agree,EXCLUDE:E3,,EXCLUDE:E3,passes agree,EXCLUDE:E3,,EXCLUDE:E3,passes agree,EXCLUDE:E3,,,,,False,,,,,,,False,,,EXCLUDE:E3
S20460,10.37256/ujcs.1220232208,AGREED_EXCLUDE,EXCLUDE:E1,passes agree,EXCLUDE:E1,,EXCLUDE:E1,passes agree,EXCLUDE:E1,,EXCLUDE:E1,passes agree,EXCLUDE:E1,,S20460,,,False,,,,,,,False,,,EXCLUDE:E1
S20463,10.1039/d3cy00797a,THIRD_READ,EXCLUDE:E3,third read,EXCLUDE:E3,,EXCLUDE:E3,third read,EXCLUDE:E3,,EXCLUDE:E1,v5 read,EXCLUDE:E1,,S20463,,,False,journal,,,,,,False,,,EXCLUDE:E1
S20485,10.1016/j.ijhydene.2023.09.111,AGREED_EXCLUDE,EXCLUDE:E1,passes agree,EXCLUDE:E1,,EXCLUDE:E1,passes agree,EXCLUDE:E1,,EXCLUDE:E1,passes agree,EXCLUDE:E1,,S20485,,,False,,,,,,,False,,,EXCLUDE:E1
S20532,10.1039/d3ey00126a,AGREED_EXCLUDE,EXCLUDE:E1,passes agree,EXCLUDE:E1,,EXCLUDE:E1,passes agree,EXCLUDE:E1,,EXCLUDE:E1,passes agree,EXCLUDE:E1,,S20532,,,False,,,,,,,False,,,EXCLUDE:E1
S20557,10.1021/acs.chemmater.3c01524,AGREED_EXCLUDE,EXCLUDE:E3,passes agree,EXCLUDE:E3,,EXCLUDE:E3,passes agree,EXCLUDE:E3,,EXCLUDE:E3,passes agree,EXCLUDE:E3,,S20557,,,False,,,,,,,False,,,EXCLUDE:E3
S20582,10.1002/celc.202300438,AGREED_EXCLUDE,EXCLUDE:E3,passes agree,EXCLUDE:E3,,EXCLUDE:E3,passes agree,EXCLUDE:E3,,EXCLUDE:E3,passes agree,EXCLUDE:E3,,S20582,,,False,,,,,,,False,,,EXCLUDE:E3
S20599,10.1016/j.apsusc.2023.158613,THIRD_READ,NEEDS_SI,v3 sensitivity read,NEEDS_SI,,ELIGIBLE,v4 sensitivity read,ELIGIBLE,,NEEDS_SI,third read (v5),NEEDS_SI,,S20599,equivalent,,False,journal,,,,,,False,,,NEEDS_SI
S20618,10.21203/rs.3.rs-3422467/v1,AGREED_ELIGIBLE,ELIGIBLE,passes agree,ELIGIBLE,,ELIGIBLE,v4 read,ELIGIBLE,,ELIGIBLE,v5 read,ELIGIBLE,,,numeric,,True,preprint,numeric,direct,Methods define theoretical overpotential as maximum ΔG of four steps without 1.23 V subtraction. The reported 0.58 V matches 1.82 eV minus 1.23.,,,False,,,ELIGIBLE
S20625,10.1016/j.clce.2023.100115,AGREED_EXCLUDE,EXCLUDE:E1,passes agree,EXCLUDE:E1,,EXCLUDE:E1,passes agree,EXCLUDE:E1,,EXCLUDE:E1,passes agree,EXCLUDE:E1,,S20625,,,False,,,,,,,False,,,EXCLUDE:E1
S20637,10.21203/rs.3.rs-3407582/v1,AGREED_EXCLUDE,EXCLUDE:E3,passes agree,EXCLUDE:E3,,EXCLUDE:E3,passes agree,EXCLUDE:E3,,EXCLUDE:E3,v5 read,EXCLUDE:E3,,,,,False,preprint,,,,,,False,,,EXCLUDE:E3
S20666,10.1007/s12678-023-00844-9,AGREED_EXCLUDE,EXCLUDE:E3,passes agree,EXCLUDE:E3,,EXCLUDE:E3,passes agree,EXCLUDE:E3,,EXCLUDE:E3,passes agree,EXCLUDE:E3,,S20666,,,False,,,,,,,False,,,EXCLUDE:E3
S20680,10.1126/sciadv.adi8025,THIRD_READ,NEEDS_SI,third read,NEEDS_SI,,UNRESOLVED,v4 read,UNRESOLVED,dated,UNRESOLVED,SI read: third read,UNRESOLVED,,S20680,,,True,journal,numeric,direct,,,,False,,third read,UNRESOLVED
S20709,10.1002/ange.202313954,NEEDS_SI,NEEDS_SI,passes,collapsed into S20710,,NEEDS_SI,v4 read,collapsed into S20710,,NEEDS_SI,v5 read,collapsed into S20710,,S20710,,,False,journal,,,,,,False,,,collapsed into S20710
S20710,10.1002/anie.202313954,NEEDS_SI,NEEDS_SI,passes,NEEDS_SI,,NEEDS_SI,v4 read,NEEDS_SI,,NEEDS_SI,v5 read,NEEDS_SI,,S20710,,,False,journal,,,,,,False,,,NEEDS_SI
S20716,10.1021/acs.inorgchem.3c02866,AGREED_ELIGIBLE,ELIGIBLE,passes agree,ELIGIBLE,,ELIGIBLE,v4 read,ELIGIBLE,,ELIGIBLE,v5 read,ELIGIBLE,,S20716,numeric,,True,journal,numeric,direct,Authors' 'overpotential' is 1.93 eV (unit eV). It appears to be the raw *OH→*O step without the 1.23 V subtraction. No explicit CHE methods statement.,,,False,,,ELIGIBLE
S20756,10.1002/smll.202308867,AGREED_EXCLUDE,EXCLUDE:E3,passes agree,EXCLUDE:E3,,EXCLUDE:E3,passes agree,EXCLUDE:E3,,EXCLUDE:E3,passes agree,EXCLUDE:E3,,S20756,,,False,,,,,,,False,,,EXCLUDE:E3
S20787,10.3390/ma16217000,AGREED_EXCLUDE,EXCLUDE:E3,passes agree,EXCLUDE:E3,,EXCLUDE:E3,passes agree,EXCLUDE:E3,,EXCLUDE:E3,v5 read,EXCLUDE:E3,,S20787,,,False,journal,,,,,,False,,,EXCLUDE:E3
S20801,10.3390/ma16216874,AGREED_EXCLUDE,EXCLUDE:E1,passes agree,EXCLUDE:E1,,EXCLUDE:E1,passes agree,EXCLUDE:E1,,EXCLUDE:E1,passes agree,EXCLUDE:E1,,S20801,,,False,,,,,,,False,,,EXCLUDE:E1
S20803,10.3389/fnano.2023.1257240,AGREED_EXCLUDE,EXCLUDE:E1,passes agree,EXCLUDE:E1,,EXCLUDE:E1,passes agree,EXCLUDE:E1,,EXCLUDE:E1,passes agree,EXCLUDE:E1,,S20803,,,False,,,,,,,False,,,EXCLUDE:E1
S20827,10.1007/s10008-023-05730-4,AGREED_EXCLUDE,EXCLUDE:E3,passes agree,EXCLUDE:E3,,EXCLUDE:E3,passes agree,EXCLUDE:E3,,EXCLUDE:E3,passes agree,EXCLUDE:E3,,S20827,,,False,,,,,,,False,,,EXCLUDE:E3
S20840,10.1002/adma.202308027,THIRD_READ,EXCLUDE:E3,third read,EXCLUDE:E3,,EXCLUDE:E3,third read,EXCLUDE:E3,,EXCLUDE:E3,v5 read,EXCLUDE:E3,,S20840,,,False,journal,,,,,,False,,,EXCLUDE:E3
S20851,10.1002/smll.202305889,NEEDS_SI,NEEDS_SI,passes,NEEDS_SI,,NEEDS_SI,v4 read,NEEDS_SI,,NEEDS_SI,v5 read,NEEDS_SI,,S20851,,,False,journal,,,,,,False,,,NEEDS_SI
S20868,10.1038/s41467-023-42697-2,AGREED_EXCLUDE,EXCLUDE:E3,passes agree,EXCLUDE:E3,,EXCLUDE:E3,passes agree,EXCLUDE:E3,,EXCLUDE:E3,passes agree,EXCLUDE:E3,,S20868,,,False,,,,,,,False,,,EXCLUDE:E3
S20900,10.3389/fchem.2023.1304063,AGREED_EXCLUDE,EXCLUDE:E1,passes agree,EXCLUDE:E1,,EXCLUDE:E1,passes agree,EXCLUDE:E1,,EXCLUDE:E1,passes agree,EXCLUDE:E1,,S20900,,,False,,,,,,,False,,,EXCLUDE:E1
S20903,10.1002/adma.202304468,AGREED_EXCLUDE,EXCLUDE:E3,passes agree,EXCLUDE:E3,,EXCLUDE:E3,passes agree,EXCLUDE:E3,,EXCLUDE:E3,v5 read,EXCLUDE:E3,,S20903,,,False,journal,,,,,,False,,,EXCLUDE:E3
S20912,10.1021/acscatal.3c03880,AGREED_EXCLUDE,EXCLUDE:E3,passes agree,EXCLUDE:E3,,EXCLUDE:E3,passes agree,EXCLUDE:E3,,EXCLUDE:E3,passes agree,EXCLUDE:E3,,S20912,,,False,,,,,,,False,,,EXCLUDE:E3
S20917,10.1039/d3sc04858f,AGREED_EXCLUDE,EXCLUDE:E4,passes agree,EXCLUDE:E4,,EXCLUDE:E4,passes agree,EXCLUDE:E4,,EXCLUDE:E4,v5 read,EXCLUDE:E4,,S20917,,,False,journal,,,,,,False,,,EXCLUDE:E4
S20933,10.1021/acsanm.3c03546,AGREED_EXCLUDE,EXCLUDE:E1,passes agree,EXCLUDE:E1,,EXCLUDE:E1,passes agree,EXCLUDE:E1,,EXCLUDE:E1,passes agree,EXCLUDE:E1,,S20933,,,False,,,,,,,False,,,EXCLUDE:E1
S20936,10.1021/acscatal.3c02948,AGREED_EXCLUDE,EXCLUDE:E3,passes agree,EXCLUDE:E3,,EXCLUDE:E3,passes agree,EXCLUDE:E3,,EXCLUDE:E3,passes agree,EXCLUDE:E3,,S20936,,,False,,,,,,,False,,,EXCLUDE:E3
S20955,10.1039/d3ya00492a,AGREED_EXCLUDE,EXCLUDE:E1,passes agree,EXCLUDE:E1,,EXCLUDE:E1,passes agree,EXCLUDE:E1,,EXCLUDE:E1,passes agree,EXCLUDE:E1,,S20955,,,False,,,,,,,False,,,EXCLUDE:E1
S20967,10.1039/d3ta04899c,AGREED_EXCLUDE,EXCLUDE:E3,passes agree,EXCLUDE:E3,,EXCLUDE:E3,passes agree,EXCLUDE:E3,,EXCLUDE:E3,passes agree,EXCLUDE:E3,,S20967,,,False,,,,,,,False,,,EXCLUDE:E3
S20985,10.1021/acsaem.3c02136,NEEDS_SI,NEEDS_SI,passes,NEEDS_SI,,UNRESOLVED,v4 read,NEEDS_SI,dated,EXCLUDE:E6,SI read: passes agree,EXCLUDE:E6,,S20985,,,True,journal,,,,,,False,,agreed,NEEDS_SI
S20988,10.21203/rs.3.rs-3489110/v1,AGREED_EXCLUDE,EXCLUDE:E4,passes agree,EXCLUDE:E4,,EXCLUDE:E4,passes agree,EXCLUDE:E4,,EXCLUDE:E4,v5 read,EXCLUDE:E4,,,,,False,preprint,,,,,,False,,,EXCLUDE:E4
S21027,10.3390/molecules28237727,AGREED_EXCLUDE,EXCLUDE:E3,passes agree,EXCLUDE:E3,,EXCLUDE:E3,passes agree,EXCLUDE:E3,,EXCLUDE:E3,passes agree,EXCLUDE:E3,,S21027,,,False,,,,,,,False,,,EXCLUDE:E3
S21029,10.1038/s41467-023-43466-x,AGREED_ELIGIBLE,ELIGIBLE,passes agree,ELIGIBLE,,EXCLUDE:E5,v4 read,EXCLUDE:E5,,EXCLUDE:E5,v5 read,EXCLUDE:E5,,S21029,,,True,journal,,,,,,False,,,EXCLUDE:E5
S21048,10.1002/ange.202316903,NEEDS_SI,NEEDS_SI,passes,NEEDS_SI,,NEEDS_SI,v4 read,NEEDS_SI,,NEEDS_SI,v5 read,NEEDS_SI,,S21048,,,False,journal,,,,,,False,,,NEEDS_SI
S21049,10.1002/anie.202316903,NEEDS_SI,NEEDS_SI,passes,collapsed into S21048,,NEEDS_SI,v4 read,collapsed into S21048,,NEEDS_SI,v5 read,collapsed into S21048,,S21048,,,False,journal,,,,,,False,,,collapsed into S21048
S21050,10.1002/smll.202307164,NEEDS_SI,NEEDS_SI,passes,NEEDS_SI,,NEEDS_SI,v4 read,NEEDS_SI,,NEEDS_SI,v5 read,NEEDS_SI,,S21050,numeric,,False,journal,numeric,direct,,,,False,,,NEEDS_SI
S21056,10.1038/s41598-023-46292-9,AGREED_EXCLUDE,EXCLUDE:E3,passes agree,EXCLUDE:E3,,EXCLUDE:E3,passes agree,EXCLUDE:E3,,EXCLUDE:E3,passes agree,EXCLUDE:E3,,S21056,,,False,,,,,,,False,,,EXCLUDE:E3
S21067,10.1002/smsc.202300109,AGREED_EXCLUDE,EXCLUDE:E1,passes agree,EXCLUDE:E1,,EXCLUDE:E1,passes agree,EXCLUDE:E1,,EXCLUDE:E1,passes agree,EXCLUDE:E1,,S21067,,,False,,,,,,,False,,,EXCLUDE:E1
S21070,10.1016/j.apcatb.2023.123559,NEEDS_SI,NEEDS_SI,passes,NEEDS_SI,,UNRESOLVED,v4 read,UNRESOLVED,,UNRESOLVED,SI read: third read,UNRESOLVED,dated,S21070,,,True,preprint,,,,,,False,,third read,UNRESOLVED
S21071,10.1007/s12209-023-00368-9,AGREED_EXCLUDE,EXCLUDE:E3,passes agree,EXCLUDE:E3,,EXCLUDE:E3,passes agree,EXCLUDE:E3,,EXCLUDE:E3,passes agree,EXCLUDE:E3,,S21071,,,False,,,,,,,False,,,EXCLUDE:E3
S21074,10.3390/molecules28237828,AGREED_EXCLUDE,EXCLUDE:E1,passes agree,EXCLUDE:E1,,EXCLUDE:E1,passes agree,EXCLUDE:E1,,EXCLUDE:E1,passes agree,EXCLUDE:E1,,S21074,,,False,,,,,,,False,,,EXCLUDE:E1
S21103,10.1360/tb-2023-1007,THIRD_READ,EXCLUDE:E4,third read,EXCLUDE:E4,,EXCLUDE:E4,third read,EXCLUDE:E4,,EXCLUDE:E4,v5 read,EXCLUDE:E4,,S21103,,,False,journal,,,,,,False,,,EXCLUDE:E4
S21131,10.1002/smll.202306914,NEEDS_SI,NEEDS_SI,passes,NEEDS_SI,,NEEDS_SI,v4 read,NEEDS_SI,,NEEDS_SI,v5 read,NEEDS_SI,,S21131,,,True,journal,,,,,,False,,,NEEDS_SI
S21140,10.1002/adma.202310690,THIRD_READ,UNRESOLVED,third read,UNRESOLVED,,UNRESOLVED,v4 read,UNRESOLVED,,UNRESOLVED,SI read: third read,UNRESOLVED,,S21140,,,True,journal,numeric,direct,,,,False,scope extension needed,third read,UNRESOLVED
S21141,10.47495/okufbed.1171180,AGREED_EXCLUDE,EXCLUDE:E3,passes agree,EXCLUDE:E3,,EXCLUDE:E3,passes agree,EXCLUDE:E3,,EXCLUDE:E3,passes agree,EXCLUDE:E3,,S21141,,,False,,,,,,,False,,,EXCLUDE:E3
S21143,10.1002/celc.202300719,RERETRIEVE,,no readable text,no readable text,,,no readable text,no readable text,,,no readable text,no readable text,,,,,False,,,,,,,False,,,no readable text
S21156,10.1016/j.xpro.2023.102746,AGREED_EXCLUDE,EXCLUDE:E1,passes agree,EXCLUDE:E1,,EXCLUDE:E1,passes agree,EXCLUDE:E1,,EXCLUDE:E1,passes agree,EXCLUDE:E1,,S21156,,,False,,,,,,,False,,,EXCLUDE:E1
S21162,10.1039/d3ra07927a,AGREED_EXCLUDE,EXCLUDE:E3,passes agree,EXCLUDE:E3,,EXCLUDE:E3,passes agree,EXCLUDE:E3,,EXCLUDE:E3,passes agree,EXCLUDE:E3,,S21162,,,False,,,,,,,False,,,EXCLUDE:E3
S21177,10.21203/rs.3.rs-3710432/v1,NEEDS_SI,NEEDS_SI,passes,NEEDS_SI,,ELIGIBLE,v4 read,ELIGIBLE,,NEEDS_SI,v5 read,NEEDS_SI,,,equivalent,,True,preprint,,,,,,True,,,NEEDS_SI
S21183,10.1038/s41467-023-43977-7,NEEDS_SI,NEEDS_SI,passes,NEEDS_SI,,NEEDS_SI,v4 read,NEEDS_SI,,UNRESOLVED,SI read: passes agree; SI adjudication 2026-09-29,UNRESOLVED,,S21183,,,False,journal,,,,,,False,,agreed,NEEDS_SI
S21190,10.1002/celc.202300718,RERETRIEVE,,no readable text,collapsed into S20582,,,no readable text,collapsed into S20582,,,no readable text,collapsed into S20582,,S20582,,,False,,,,,,,False,,,collapsed into S20582
S21191,10.1002/admi.202300746,AGREED_EXCLUDE,EXCLUDE:E3,passes agree,EXCLUDE:E3,,EXCLUDE:E3,passes agree,EXCLUDE:E3,,EXCLUDE:E3,passes agree,EXCLUDE:E3,,S21191,,,False,,,,,,,False,,,EXCLUDE:E3
S21192,10.1021/acsaem.3c02795,AGREED_EXCLUDE,EXCLUDE:E3,passes agree,EXCLUDE:E3,,EXCLUDE:E3,passes agree,EXCLUDE:E3,,EXCLUDE:E3,passes agree,EXCLUDE:E3,,S21192,,,False,,,,,,,False,,,EXCLUDE:E3
S21206,10.29356/jmcs.v67i4.1998,AGREED_EXCLUDE,EXCLUDE:E1,passes agree,EXCLUDE:E1,,EXCLUDE:E1,passes agree,EXCLUDE:E1,,EXCLUDE:E1,passes agree,EXCLUDE:E1,,S21206,,,False,,,,,,,False,,,EXCLUDE:E1
S21220,10.1021/acs.jpcc.3c05119,AGREED_EXCLUDE,EXCLUDE:E4,passes agree,EXCLUDE:E4,,EXCLUDE:E4,passes agree,EXCLUDE:E4,,EXCLUDE:E3,v5 read,EXCLUDE:E3,,S21220,,,False,journal,,,,,,False,,,EXCLUDE:E3
S21221,10.1039/d3cy01026k,AGREED_EXCLUDE,EXCLUDE:E3,passes agree,EXCLUDE:E3,,EXCLUDE:E3,passes agree,EXCLUDE:E3,,EXCLUDE:E3,v5 read,EXCLUDE:E3,,S21221,,,False,journal,,,,,,True,,,EXCLUDE:E3
S21244,10.1002/celc.202300659,THIRD_READ,ELIGIBLE,third read,ELIGIBLE,,ELIGIBLE,v4 read,ELIGIBLE,,ELIGIBLE,v5 read,ELIGIBLE,,S21244,relative,,False,journal,relative,direct,,,,False,,,ELIGIBLE
S21253,10.1016/j.gee.2023.12.003,NEEDS_SI,NEEDS_SI,v3 sensitivity read,NEEDS_SI,,NEEDS_SI,v4 sensitivity read,NEEDS_SI,,NEEDS_SI,v5 passes,NEEDS_SI,,S21253,,,False,journal,,,,,,False,,,NEEDS_SI
S21275,10.1002/smll.202308419,THIRD_READ,EXCLUDE:E3,third read,EXCLUDE:E3,,EXCLUDE:E3,v4 read,EXCLUDE:E3,,EXCLUDE:E3,v5 read,EXCLUDE:E3,,S21275,,,False,journal,,,,,,False,,,EXCLUDE:E3
S21277,10.1021/acs.energyfuels.3c03238,AGREED_EXCLUDE,EXCLUDE:E3,passes agree,EXCLUDE:E3,,EXCLUDE:E3,passes agree,EXCLUDE:E3,,EXCLUDE:E3,passes agree,EXCLUDE:E3,,S21277,,,False,,,,,,,False,,,EXCLUDE:E3
S21283,10.1039/d3na00899a,THIRD_READ,EXCLUDE:E3,third read,EXCLUDE:E3,,EXCLUDE:E3,third read,EXCLUDE:E3,,EXCLUDE:E3,v5 read,EXCLUDE:E3,,S21283,,,False,journal,,,,,,False,,,EXCLUDE:E3
S21291,10.1088/2752-5724/ad16d2,AGREED_EXCLUDE,EXCLUDE:E3,passes agree,EXCLUDE:E3,,EXCLUDE:E3,passes agree,EXCLUDE:E3,,EXCLUDE:E3,passes agree,EXCLUDE:E3,,S21291,,,False,,,,,,,False,,,EXCLUDE:E3
S21302,10.1016/j.isci.2023.108738,THIRD_READ,EXCLUDE:E1,third read,EXCLUDE:E1,,EXCLUDE:E1,third read,EXCLUDE:E1,,EXCLUDE:E1,v5 read,EXCLUDE:E1,,S21302,,,False,journal,,,,,,False,,,EXCLUDE:E1
S21309,10.24425/amm.2023.146212,AGREED_EXCLUDE,EXCLUDE:E3,passes agree,EXCLUDE:E3,,EXCLUDE:E3,passes agree,EXCLUDE:E3,,EXCLUDE:E3,passes agree,EXCLUDE:E3,,S21309,,,False,,,,,,,False,,,EXCLUDE:E3
S21315,10.9767/bcrec.20061,AGREED_EXCLUDE,EXCLUDE:E3,passes agree,EXCLUDE:E3,,EXCLUDE:E3,passes agree,EXCLUDE:E3,,EXCLUDE:E3,passes agree,EXCLUDE:E3,,S21315,,,False,,,,,,,False,,,EXCLUDE:E3
S21321,10.1021/acsaenm.3c00543,AGREED_EXCLUDE,EXCLUDE:E3,passes agree,EXCLUDE:E3,,EXCLUDE:E3,passes agree,EXCLUDE:E3,,EXCLUDE:E3,passes agree,EXCLUDE:E3,,S21321,,,False,,,,,,,False,,,EXCLUDE:E3
S21322,10.1021/acs.chemrev.3c00307,AGREED_EXCLUDE,EXCLUDE:E1,passes agree,EXCLUDE:E1,,EXCLUDE:E1,passes agree,EXCLUDE:E1,,EXCLUDE:E1,passes agree,EXCLUDE:E1,,S21322,,,False,,,,,,,False,,,EXCLUDE:E1
S21326,10.3390/nano14010016,AGREED_EXCLUDE,EXCLUDE:E3,passes agree,EXCLUDE:E3,,EXCLUDE:E3,passes agree,EXCLUDE:E3,,EXCLUDE:E3,passes agree,EXCLUDE:E3,,S21326,,,False,,,,,,,False,,,EXCLUDE:E3
S21333,10.48550/arxiv.2312.11708,AGREED_EXCLUDE,EXCLUDE:E1,passes agree,collapsed into S22084,,EXCLUDE:E1,passes agree,collapsed into S22084,,EXCLUDE:E1,v5 read,collapsed into S22084,,S22084,,,False,preprint,,,,,,False,,,collapsed into S22084
S21341,10.1002/smll.202305434,NEEDS_SI,NEEDS_SI,passes,NEEDS_SI,,UNRESOLVED,v4 read,UNRESOLVED,,NEEDS_SI,SI read: passes agree,NEEDS_SI,,S21341,,,True,journal,,,,,,False,,needs_si,UNRESOLVED
S21348,10.1021/acsanm.3c04825,AGREED_EXCLUDE,EXCLUDE:E3,passes agree,EXCLUDE:E3,,EXCLUDE:E3,passes agree,EXCLUDE:E3,,EXCLUDE:E3,passes agree,EXCLUDE:E3,,S21348,,,False,,,,,,,False,,,EXCLUDE:E3
S21356,10.1002/adma.202306934,NEEDS_SI,NEEDS_SI,passes,NEEDS_SI,,ELIGIBLE,v4 read,ELIGIBLE,,UNRESOLVED,downloaded Wiley SI 2026-10-02: independent reads reviewed,UNRESOLVED,,S21356,equivalent,,False,journal,,,,,,False,,recovery reviewed,NEEDS_SI
S21358,10.1002/adfm.202313375,NEEDS_SI,NEEDS_SI,passes,NEEDS_SI,,NEEDS_SI,v4 read,NEEDS_SI,,NEEDS_SI,v5 read,NEEDS_SI,,S21358,,,False,journal,,,,,,False,,,NEEDS_SI
S21380,10.1021/acsnano.3c12133,AGREED_EXCLUDE,EXCLUDE:E3,passes agree,EXCLUDE:E3,,EXCLUDE:E3,passes agree,EXCLUDE:E3,,EXCLUDE:E3,v5 read,EXCLUDE:E3,,S21380,,,False,journal,,,,,,False,,,EXCLUDE:E3
S21395,10.1007/s12274-023-6316-4,NEEDS_SI,NEEDS_SI,passes,NEEDS_SI,,NEEDS_SI,v4 read,NEEDS_SI,,UNRESOLVED,SI read: third read,UNRESOLVED,text not usable,S21395,,,True,journal,,,,,,False,identity check,third read,UNRESOLVED
S21400,10.3390/ma17010199,AGREED_EXCLUDE,EXCLUDE:E1,passes agree,EXCLUDE:E1,,EXCLUDE:E1,passes agree,EXCLUDE:E1,,EXCLUDE:E1,passes agree,EXCLUDE:E1,,S21400,,,False,,,,,,,False,,,EXCLUDE:E1
S21412,10.32571/ijct.1247384,AGREED_EXCLUDE,EXCLUDE:E3,passes agree,EXCLUDE:E3,,EXCLUDE:E3,passes agree,EXCLUDE:E3,,EXCLUDE:E3,passes agree,EXCLUDE:E3,,S21412,,,False,,,,,,,False,,,EXCLUDE:E3
S21420,10.1016/j.carbon.2023.118781,AGREED_EXCLUDE,EXCLUDE:E3,passes agree,EXCLUDE:E3,,EXCLUDE:E3,passes agree,EXCLUDE:E3,,EXCLUDE:E3,passes agree,EXCLUDE:E3,,S21420,,,False,,,,,,,False,,,EXCLUDE:E3
S21441,10.1002/ange.202316029,NEEDS_SI,NEEDS_SI,passes,NEEDS_SI,,ELIGIBLE,v4 read,ELIGIBLE,,NEEDS_SI,v5 read,NEEDS_SI,,S21441,equivalent,,False,journal,,,,,,False,,,NEEDS_SI
S21443,10.1039/d3na00442b,AGREED_EXCLUDE,EXCLUDE:E1,passes agree,EXCLUDE:E1,,EXCLUDE:E1,passes agree,EXCLUDE:E1,,EXCLUDE:E1,passes agree,EXCLUDE:E1,,S21443,,,False,,,,,,,False,,,EXCLUDE:E1
S21444,10.1002/anie.202316029,NEEDS_SI,NEEDS_SI,passes,collapsed into S21441,,ELIGIBLE,v4 read,collapsed into S21441,,NEEDS_SI,v5 read,collapsed into S21441,,S21441,equivalent,,False,journal,,,,,,False,,,collapsed into S21441
S21464,10.1021/acsaenm.3c00553,NEEDS_SI,NEEDS_SI,passes,NEEDS_SI,,NEEDS_SI,v4 read,NEEDS_SI,,ELIGIBLE,SI read: third read,ELIGIBLE,,S21464,,,False,journal,relative,equivalent,,,,False,,third read,NEEDS_SI
S21465,10.1038/s41929-023-01069-1,AGREED_EXCLUDE,EXCLUDE:E4,passes agree,EXCLUDE:E4,,EXCLUDE:E4,passes agree,EXCLUDE:E4,,EXCLUDE:E3,v5 read,EXCLUDE:E3,,S21465,,,False,journal,,,,,,False,,,EXCLUDE:E3
S21496,10.20517/energymater.2023.77,AGREED_EXCLUDE,EXCLUDE:E1,passes agree,EXCLUDE:E1,,EXCLUDE:E1,passes agree,EXCLUDE:E1,,EXCLUDE:E1,passes agree,EXCLUDE:E1,,S21496,,,False,,,,,,,False,,,EXCLUDE:E1
S21536,10.1002/adma.202312608,THIRD_READ,EXCLUDE:E4,third read,EXCLUDE:E4,,EXCLUDE:E4,third read,EXCLUDE:E4,,EXCLUDE:E4,v5 read,EXCLUDE:E4,,S21536,,,False,journal,,,,,,False,,,EXCLUDE:E4
S21537,10.21203/rs.3.rs-3772011/v1,AGREED_EXCLUDE,EXCLUDE:E3,passes agree,EXCLUDE:E3,,EXCLUDE:E3,passes agree,EXCLUDE:E3,,EXCLUDE:E3,passes agree,EXCLUDE:E3,,,,,False,,,,,,,False,,,EXCLUDE:E3
S21555,10.5772/intechopen.113105,AGREED_EXCLUDE,EXCLUDE:E1,passes agree,EXCLUDE:E1,,EXCLUDE:E1,passes agree,EXCLUDE:E1,,EXCLUDE:E1,passes agree,EXCLUDE:E1,,,,,False,,,,,,,False,,,EXCLUDE:E1
S21562,10.52577/eom.2023.59.6.25,AGREED_EXCLUDE,EXCLUDE:E3,passes agree,EXCLUDE:E3,,EXCLUDE:E3,passes agree,EXCLUDE:E3,,EXCLUDE:E3,passes agree,EXCLUDE:E3,,S21562,,,False,,,,,,,False,,,EXCLUDE:E3
S21563,10.3390/gels10010063,AGREED_EXCLUDE,EXCLUDE:E1,passes agree,EXCLUDE:E1,,EXCLUDE:E1,passes agree,EXCLUDE:E1,,EXCLUDE:E1,passes agree,EXCLUDE:E1,,S21563,,,False,,,,,,,False,,,EXCLUDE:E1
S21564,10.3390/polym16020237,AGREED_EXCLUDE,EXCLUDE:E3,passes agree,EXCLUDE:E3,,EXCLUDE:E3,passes agree,EXCLUDE:E3,,EXCLUDE:E3,passes agree,EXCLUDE:E3,,S21564,,,False,,,,,,,False,,,EXCLUDE:E3
S21565,10.3390/nano14020191,AGREED_EXCLUDE,EXCLUDE:E3,passes agree,EXCLUDE:E3,,EXCLUDE:E3,passes agree,EXCLUDE:E3,,EXCLUDE:E3,v5 read,EXCLUDE:E3,,S21565,,,False,journal,,,,,,False,,,EXCLUDE:E3
S21592,10.1002/adma.202312140,THIRD_READ,EXCLUDE:E4,third read,EXCLUDE:E4,,EXCLUDE:E4,v4 read,EXCLUDE:E4,,EXCLUDE:E4,v5 read,EXCLUDE:E4,,S21592,,,False,journal,,,,,,False,,,EXCLUDE:E4
S21607,10.3390/molecules29020537,AGREED_EXCLUDE,EXCLUDE:E1,passes agree,EXCLUDE:E1,,EXCLUDE:E1,passes agree,EXCLUDE:E1,,EXCLUDE:E1,passes agree,EXCLUDE:E1,,S21607,,,False,,,,,,,False,,,EXCLUDE:E1
S21621,10.3390/nano14030239,AGREED_EXCLUDE,EXCLUDE:E1,passes agree,EXCLUDE:E1,,EXCLUDE:E1,passes agree,EXCLUDE:E1,,EXCLUDE:E1,passes agree,EXCLUDE:E1,,S21621,,,False,,,,,,,False,,,EXCLUDE:E1
S21627,10.1002/cplu.202300680,THIRD_READ,EXCLUDE:E4,third read,EXCLUDE:E4,,EXCLUDE:E4,v4 read,EXCLUDE:E4,,UNRESOLVED,v5 read,UNRESOLVED,,S21627,,,True,journal,,,,,,False,,,UNRESOLVED
S21638,10.21203/rs.3.rs-3889556/v1,AGREED_EXCLUDE,EXCLUDE:E3,passes agree,EXCLUDE:E3,,EXCLUDE:E3,passes agree,EXCLUDE:E3,,EXCLUDE:E3,passes agree,EXCLUDE:E3,,,,,False,,,,,,,False,,,EXCLUDE:E3
S21660,10.1021/acssuschemeng.3c06895,NEEDS_SI,NEEDS_SI,passes,NEEDS_SI,,UNRESOLVED,v4 read,UNRESOLVED,,UNRESOLVED,SI read: third read; SI adjudication 2026-09-29,UNRESOLVED,,S21660,,,True,journal,,,,,,True,,third read,UNRESOLVED
S21673,10.1002/sstr.202300518,AGREED_EXCLUDE,EXCLUDE:E3,passes agree,EXCLUDE:E3,,EXCLUDE:E3,passes agree,EXCLUDE:E3,,EXCLUDE:E3,passes agree,EXCLUDE:E3,,S21673,,,False,,,,,,,False,,,EXCLUDE:E3
S21678,10.21203/rs.3.rs-3896219/v1,AGREED_EXCLUDE,EXCLUDE:E3,passes agree,EXCLUDE:E3,,EXCLUDE:E3,passes agree,EXCLUDE:E3,,EXCLUDE:E3,v5 read,EXCLUDE:E3,,,,,False,preprint,,,,,,False,,,EXCLUDE:E3
S21688,10.1063/5.0175150,THIRD_READ,EXCLUDE:E1,third read,EXCLUDE:E1,,EXCLUDE:E1,third read,EXCLUDE:E1,,EXCLUDE:E1,third read,EXCLUDE:E1,,S21688,,,False,,,,,,,False,,,EXCLUDE:E1
S21689,10.1039/d1cs01069g,AGREED_EXCLUDE,EXCLUDE:E1,passes agree,EXCLUDE:E1,,EXCLUDE:E1,passes agree,EXCLUDE:E1,,EXCLUDE:E1,passes agree,EXCLUDE:E1,,S21689,,,False,,,,,,,False,,,EXCLUDE:E1
S21731,10.1007/s40843-023-2734-y,AGREED_EXCLUDE,EXCLUDE:E3,passes agree,EXCLUDE:E3,,EXCLUDE:E3,passes agree,EXCLUDE:E3,,EXCLUDE:E3,passes agree,EXCLUDE:E3,,S21731,,,False,,,,,,,False,,,EXCLUDE:E3
S21748,10.1016/j.checat.2024.100905,AGREED_EXCLUDE,EXCLUDE:E1,passes agree,EXCLUDE:E1,,EXCLUDE:E1,passes agree,EXCLUDE:E1,,EXCLUDE:E1,passes agree,EXCLUDE:E1,,S21748,,,False,,,,,,,False,,,EXCLUDE:E1
S21766,10.1002/smtd.202301419,NEEDS_SI,NEEDS_SI,passes,NEEDS_SI,,UNRESOLVED,v4 read,UNRESOLVED,,UNRESOLVED,v5 read,UNRESOLVED,,S21766,,,True,journal,,,,,,False,,,UNRESOLVED
S21773,10.1149/1945-7111/ad2735,AGREED_EXCLUDE,EXCLUDE:E3,passes agree,EXCLUDE:E3,,EXCLUDE:E3,passes agree,EXCLUDE:E3,,EXCLUDE:E3,passes agree,EXCLUDE:E3,,S21773,,,False,,,,,,,False,,,EXCLUDE:E3
S21776,10.2172/2222865,THIRD_READ,EXCLUDE:E1,third read,EXCLUDE:E1,,EXCLUDE:E1,third read,EXCLUDE:E1,,EXCLUDE:E1,v5 read,EXCLUDE:E1,,,,,False,other,,,,,,False,,,EXCLUDE:E1
S21800,10.1093/nsr/nwae056,AGREED_EXCLUDE,EXCLUDE:E3,passes agree,EXCLUDE:E3,,EXCLUDE:E3,passes agree,EXCLUDE:E3,,EXCLUDE:E3,v5 read,EXCLUDE:E3,,S21800,,,False,journal,,,,,,False,,,EXCLUDE:E3
S21802,10.1007/s12274-024-6460-5,AGREED_EXCLUDE,EXCLUDE:E3,passes agree,EXCLUDE:E3,,EXCLUDE:E3,passes agree,EXCLUDE:E3,,EXCLUDE:E3,passes agree,EXCLUDE:E3,,S21802,,,False,,,,,,,False,,,EXCLUDE:E3
S21803,10.3390/molecules29040785,AGREED_EXCLUDE,EXCLUDE:E3,passes agree,EXCLUDE:E3,,EXCLUDE:E3,passes agree,EXCLUDE:E3,,EXCLUDE:E3,passes agree,EXCLUDE:E3,,S21803,,,False,,,,,,,False,,,EXCLUDE:E3
S21842,10.1002/smsc.202300283,AGREED_EXCLUDE,EXCLUDE:E3,passes agree,EXCLUDE:E3,,EXCLUDE:E3,passes agree,EXCLUDE:E3,,EXCLUDE:E3,passes agree,EXCLUDE:E3,,S21842,,,False,,,,,,,False,,,EXCLUDE:E3
S21861,10.1002/smll.202311172,AGREED_EXCLUDE,EXCLUDE:E3,passes agree,EXCLUDE:E3,,EXCLUDE:E3,passes agree,EXCLUDE:E3,,EXCLUDE:E3,passes agree,EXCLUDE:E3,,S21861,,,False,,,,,,,False,,,EXCLUDE:E3
S21866,10.1016/j.matt.2024.01.025,AGREED_EXCLUDE,EXCLUDE:E4,passes agree,EXCLUDE:E4,,EXCLUDE:E4,passes agree,EXCLUDE:E4,,EXCLUDE:E4,v5 read,EXCLUDE:E4,,S21866,,,False,journal,,,,,,False,,,EXCLUDE:E4
S21872,10.1021/acscatal.3c05072,AGREED_EXCLUDE,EXCLUDE:E3,passes agree,EXCLUDE:E3,,EXCLUDE:E3,passes agree,EXCLUDE:E3,,EXCLUDE:E3,v5 read,EXCLUDE:E3,,S21872,,,False,journal,,,,,,False,,,EXCLUDE:E3
S21878,10.1021/acsenergylett.3c02620,AGREED_EXCLUDE,EXCLUDE:E3,passes agree,EXCLUDE:E3,,EXCLUDE:E3,passes agree,EXCLUDE:E3,,EXCLUDE:E3,passes agree,EXCLUDE:E3,,S21878,,,False,,,,,,,False,,,EXCLUDE:E3
S21908,10.1021/jacs.3c13491,AGREED_EXCLUDE,EXCLUDE:E4,passes agree,EXCLUDE:E4,,EXCLUDE:E4,passes agree,EXCLUDE:E4,,UNRESOLVED,SI read: third read,UNRESOLVED,dated,S21908,,,False,journal,numeric,direct,,,,False,scope extension needed,third read,UNRESOLVED
S21915,10.1002/adfm.202400107,THIRD_READ,ELIGIBLE,third read,ELIGIBLE,,UNRESOLVED,v4 read,UNRESOLVED,,UNRESOLVED,v5 read,UNRESOLVED,,S21915,numeric,,True,journal,numeric,direct,,,,False,,,UNRESOLVED
S21917,10.1149/1945-7111/ad2ba7,AGREED_EXCLUDE,EXCLUDE:E3,passes agree,EXCLUDE:E3,,EXCLUDE:E3,passes agree,EXCLUDE:E3,,EXCLUDE:E3,passes agree,EXCLUDE:E3,,S21917,,,False,,,,,,,False,,,EXCLUDE:E3
S21920,10.1021/acsaem.3c02707,AGREED_EXCLUDE,EXCLUDE:E3,passes agree,EXCLUDE:E3,,EXCLUDE:E3,passes agree,EXCLUDE:E3,,EXCLUDE:E3,v5 read,EXCLUDE:E3,,S21920,,,False,journal,,,,,,False,,,EXCLUDE:E3
S21922,10.3390/nano14050396,AGREED_EXCLUDE,EXCLUDE:E3,passes agree,EXCLUDE:E3,,EXCLUDE:E3,passes agree,EXCLUDE:E3,,EXCLUDE:E3,v5 read,EXCLUDE:E3,,S21922,,,False,journal,,,,,,False,,,EXCLUDE:E3
S21936,10.1038/s41467-024-46011-6,THIRD_READ,EXCLUDE:E3,third read,EXCLUDE:E3,,EXCLUDE:E3,third read,EXCLUDE:E3,,EXCLUDE:E3,v5 read,EXCLUDE:E3,,S21936,,,False,journal,,,,,,False,,,EXCLUDE:E3
S21938,10.1002/9783527831005.ch5,AGREED_EXCLUDE,EXCLUDE:E1,passes agree,EXCLUDE:E1,,EXCLUDE:E1,passes agree,EXCLUDE:E1,,EXCLUDE:E1,passes agree,EXCLUDE:E1,,,,,False,,,,,,,False,,,EXCLUDE:E1
S21944,10.33961/jecst.2023.00948,AGREED_EXCLUDE,EXCLUDE:E3,passes agree,EXCLUDE:E3,,EXCLUDE:E3,passes agree,EXCLUDE:E3,,EXCLUDE:E3,passes agree,EXCLUDE:E3,,S21944,,,False,,,,,,,False,,,EXCLUDE:E3
S21945,10.1002/ange.202402018,NEEDS_SI,NEEDS_SI,passes,NEEDS_SI,,UNRESOLVED,v4 read,UNRESOLVED,,UNRESOLVED,v5 read,UNRESOLVED,,S21945,,,True,journal,,,,,,False,,,UNRESOLVED
S21949,10.1016/j.cej.2024.149894,AGREED_EXCLUDE,EXCLUDE:E3,passes agree,EXCLUDE:E3,,EXCLUDE:E3,passes agree,EXCLUDE:E3,,EXCLUDE:E3,v5 read,EXCLUDE:E3,,S21949,,,False,journal,,,,,,False,,,EXCLUDE:E3
S22040,10.1002/cphc.202400060,THIRD_READ,ELIGIBLE,third read,ELIGIBLE,,UNRESOLVED,v4 read,ELIGIBLE,dated,UNRESOLVED,v5 read,ELIGIBLE,dated,S22040,relative,,False,journal,relative,direct,,,,False,,,ELIGIBLE
S22110,10.1021/acscatal.3c05307,NEEDS_SI,NEEDS_SI,passes,NEEDS_SI,,NEEDS_SI,v4 read,NEEDS_SI,,EXCLUDE:E6,SI read: third read,EXCLUDE:E6,,S22110,,,False,journal,,,,,,False,,third read,NEEDS_SI
S22122,10.1002/adfm.202401134,THIRD_READ,ELIGIBLE,third read,ELIGIBLE,,ELIGIBLE,v4 read,ELIGIBLE,,NEEDS_SI,SI read: third read; v5 triage A,NEEDS_SI,,S22122,numeric,,True,journal,,,,,,False,,third read,UNRESOLVED
S22127,10.1016/j.ensm.2024.103341,NEEDS_SI,NEEDS_SI,v3 sensitivity read,NEEDS_SI,,NEEDS_SI,v4 sensitivity read,NEEDS_SI,,NEEDS_SI,v5 passes,NEEDS_SI,,S22127,,,False,journal,,,,,,False,,,NEEDS_SI
S22135,10.1002/aenm.202303407,THIRD_READ,NEEDS_SI,third read,NEEDS_SI,,NEEDS_SI,v4 read,NEEDS_SI,,NEEDS_SI,v5 read,NEEDS_SI,,S22135,,,True,journal,,,,,,False,,,NEEDS_SI
S22152,10.21203/rs.3.rs-4010883/v1,AGREED_EXCLUDE,EXCLUDE:E3,passes agree,EXCLUDE:E3,,EXCLUDE:E3,passes agree,EXCLUDE:E3,,EXCLUDE:E3,passes agree,EXCLUDE:E3,,,,,False,,,,,,,False,,,EXCLUDE:E3
S22168,,THIRD_READ,EXCLUDE:E3,third read,EXCLUDE:E3,,EXCLUDE:E3,third read,EXCLUDE:E3,,EXCLUDE:E3,third read,EXCLUDE:E3,,,,,False,,,,,,,False,,,EXCLUDE:E3
S22173,10.12693/aphyspola.145.93,AGREED_EXCLUDE,EXCLUDE:E3,passes agree,EXCLUDE:E3,,EXCLUDE:E3,passes agree,EXCLUDE:E3,,EXCLUDE:E3,v5 read,EXCLUDE:E3,,S22173,,,False,journal,,,,,,False,,,EXCLUDE:E3
S22179,10.1021/acs.jpcc.4c01045,THIRD_READ,NEEDS_SI,third read,NEEDS_SI,,UNRESOLVED,v4 read,UNRESOLVED,dated,EXCLUDE:E6,SI read: third read,EXCLUDE:E6,,S22179,,,True,journal,,,,,,False,,third read,UNRESOLVED
S22181,10.1002/cctc.202400041,AGREED_EXCLUDE,EXCLUDE:E3,passes agree,EXCLUDE:E3,,EXCLUDE:E3,passes agree,EXCLUDE:E3,,EXCLUDE:E3,passes agree,EXCLUDE:E3,,S22181,,,False,,,,,,,False,,,EXCLUDE:E3
S22189,10.1016/j.susmat.2024.e00901,AGREED_EXCLUDE,EXCLUDE:E3,passes agree,EXCLUDE:E3,,EXCLUDE:E3,passes agree,EXCLUDE:E3,,EXCLUDE:E3,v5 read,EXCLUDE:E3,,S22189,,,False,journal,,,,,,False,,,EXCLUDE:E3
S22193,10.1038/s41467-024-46749-z,NEEDS_SI,NEEDS_SI,passes,NEEDS_SI,,NEEDS_SI,v4 read,NEEDS_SI,,EXCLUDE:E6,SI read: passes agree,EXCLUDE:E6,,S22193,,,True,journal,,,,,,False,,agreed,NEEDS_SI
S22221,10.1021/acsami.4c01408,THIRD_READ,ELIGIBLE,third read,ELIGIBLE,,ELIGIBLE,v4 read,ELIGIBLE,,ELIGIBLE,v5 read,ELIGIBLE,,S22221,numeric,,False,journal,numeric,direct,,,,False,,,ELIGIBLE
S22225,10.1002/advs.202309364,AGREED_EXCLUDE,EXCLUDE:E1,passes agree,EXCLUDE:E1,,EXCLUDE:E1,passes agree,EXCLUDE:E1,,EXCLUDE:E1,passes agree,EXCLUDE:E1,,S22225,,,False,,,,,,,False,,,EXCLUDE:E1
S22236,10.1038/s41467-024-46815-6,NEEDS_SI,NEEDS_SI,passes,NEEDS_SI,,NEEDS_SI,v4 read,NEEDS_SI,,ELIGIBLE,SI read: passes agree,ELIGIBLE,,S22236,numeric,,True,journal,numeric,direct,,,,False,,agreed,NEEDS_SI
S22246,10.5796/electrochemistry.24-00014,AGREED_EXCLUDE,EXCLUDE:E3,passes agree,EXCLUDE:E3,,EXCLUDE:E3,passes agree,EXCLUDE:E3,,EXCLUDE:E3,passes agree,EXCLUDE:E3,,S22246,,,False,,,,,,,False,,,EXCLUDE:E3
S22281,10.1021/jacs.3c12011,AGREED_EXCLUDE,EXCLUDE:E3,passes agree,EXCLUDE:E3,,EXCLUDE:E3,v4 read,EXCLUDE:E3,,EXCLUDE:E3,v5 read,EXCLUDE:E3,,S22281,,,False,journal,,,,,,False,,,EXCLUDE:E3
S22285,10.1021/acsaem.4c00135,AGREED_EXCLUDE,EXCLUDE:E3,passes agree,EXCLUDE:E3,,EXCLUDE:E3,passes agree,EXCLUDE:E3,,EXCLUDE:E3,passes agree,EXCLUDE:E3,,S22285,,,False,,,,,,,False,,,EXCLUDE:E3
S22288,10.17159/sajs.2024/16026,AGREED_EXCLUDE,EXCLUDE:E3,passes agree,EXCLUDE:E3,,EXCLUDE:E3,passes agree,EXCLUDE:E3,,EXCLUDE:E3,passes agree,EXCLUDE:E3,,S22288,,,False,,,,,,,False,,,EXCLUDE:E3
S22297,10.1002/adfm.202402226,THIRD_READ,EXCLUDE:E4,third read,EXCLUDE:E4,,EXCLUDE:E4,third read,EXCLUDE:E4,,EXCLUDE:E4,v5 read,EXCLUDE:E4,,S22297,,,False,journal,,,,,,False,,,EXCLUDE:E4
S22299,10.17159/sajs.2024/16026/peerreview,AGREED_EXCLUDE,EXCLUDE:E3,passes agree,EXCLUDE:E3,,EXCLUDE:E3,passes agree,EXCLUDE:E3,,EXCLUDE:E3,passes agree,EXCLUDE:E3,,,,,False,,,,,,,False,,,EXCLUDE:E3
S22302,10.3390/nano14070591,AGREED_EXCLUDE,EXCLUDE:E1,passes agree,EXCLUDE:E1,,EXCLUDE:E1,passes agree,EXCLUDE:E1,,EXCLUDE:E1,passes agree,EXCLUDE:E1,,S22302,,,False,,,,,,,False,,,EXCLUDE:E1
S22322,10.1021/acs.langmuir.4c00298,AGREED_EXCLUDE,EXCLUDE:E3,passes agree,EXCLUDE:E3,,EXCLUDE:E4,v4 read,EXCLUDE:E4,,EXCLUDE:E3,v5 read,EXCLUDE:E3,,S22322,,,False,journal,,,,,,False,,,EXCLUDE:E3
S22343,10.3390/molecules29071549,AGREED_EXCLUDE,EXCLUDE:E1,passes agree,EXCLUDE:E1,,EXCLUDE:E1,passes agree,EXCLUDE:E1,,EXCLUDE:E1,passes agree,EXCLUDE:E1,,S22343,,,False,,,,,,,False,,,EXCLUDE:E1
S22391,10.3390/ma17071637,AGREED_EXCLUDE,EXCLUDE:E1,passes agree,EXCLUDE:E1,,EXCLUDE:E1,passes agree,EXCLUDE:E1,,EXCLUDE:E1,passes agree,EXCLUDE:E1,,S22391,,,False,,,,,,,False,,,EXCLUDE:E1
S22400,10.21203/rs.3.rs-4101847/v1,NEEDS_SI,NEEDS_SI,passes,collapsed into S26244,,NEEDS_SI,v4 read,collapsed into S26244,,NEEDS_SI,v5 read,collapsed into S26244,,S26244,,,True,preprint,,,,,,True,,,collapsed into S26244
S22425,10.1002/aenm.202304479,THIRD_READ,ELIGIBLE,third read,ELIGIBLE,,ELIGIBLE,v4 read,ELIGIBLE,,ELIGIBLE,v5 read,ELIGIBLE,,S22425,relative,,False,journal,graphical,scaling,,,,False,,,ELIGIBLE
S22450,10.1021/jacs.3c13709,AGREED_EXCLUDE,EXCLUDE:E3,passes agree,EXCLUDE:E3,,EXCLUDE:E3,passes agree,EXCLUDE:E3,,EXCLUDE:E3,passes agree,EXCLUDE:E3,,S22450,,,False,,,,,,,False,,,EXCLUDE:E3
S22452,10.1002/smll.202310464,NEEDS_SI,NEEDS_SI,passes,NEEDS_SI,,UNRESOLVED,v4 read,UNRESOLVED,,UNRESOLVED,v5 read,UNRESOLVED,,S22452,,,True,journal,,,,,,True,,,UNRESOLVED
S22459,10.1021/acs.energyfuels.4c00837,AGREED_EXCLUDE,EXCLUDE:E1,passes agree,EXCLUDE:E1,,EXCLUDE:E1,passes agree,EXCLUDE:E1,,EXCLUDE:E1,passes agree,EXCLUDE:E1,,S22459,,,False,,,,,,,False,,,EXCLUDE:E1
S22485,10.1021/acs.accounts.4c00048,THIRD_READ,EXCLUDE:E1,third read,EXCLUDE:E1,,EXCLUDE:E1,third read,EXCLUDE:E1,,EXCLUDE:E1,v5 read,EXCLUDE:E1,,S22485,,,False,journal,,,,,,False,,,EXCLUDE:E1
S22517,10.1021/acsanm.4c00742,AGREED_EXCLUDE,EXCLUDE:E3,passes agree,EXCLUDE:E3,,EXCLUDE:E3,passes agree,EXCLUDE:E3,,EXCLUDE:E3,passes agree,EXCLUDE:E3,,S22517,,,False,,,,,,,False,,,EXCLUDE:E3
S22518,10.3390/nano14080693,AGREED_EXCLUDE,EXCLUDE:E3,passes agree,EXCLUDE:E3,,EXCLUDE:E3,passes agree,EXCLUDE:E3,,EXCLUDE:E3,passes agree,EXCLUDE:E3,,S22518,,,False,,,,,,,False,,,EXCLUDE:E3
S22524,10.1002/cey2.528,AGREED_EXCLUDE,EXCLUDE:E1,passes agree,EXCLUDE:E1,,EXCLUDE:E1,passes agree,EXCLUDE:E1,,EXCLUDE:E1,passes agree,EXCLUDE:E1,,S22524,,,False,,,,,,,False,,,EXCLUDE:E1
S22526,10.3390/nano14080698,AGREED_EXCLUDE,EXCLUDE:E3,passes agree,EXCLUDE:E3,,EXCLUDE:E3,passes agree,EXCLUDE:E3,,EXCLUDE:E3,passes agree,EXCLUDE:E3,,S22526,,,False,,,,,,,False,,,EXCLUDE:E3
S22530,10.1021/jacs.3c14271,NEEDS_SI,NEEDS_SI,passes,NEEDS_SI,,NEEDS_SI,v4 read,NEEDS_SI,,EXCLUDE:E6,SI read: third read; SI adjudication 2026-09-29,EXCLUDE:E6,,S22530,,,False,journal,,,,,,True,,third read,NEEDS_SI
S22531,10.1021/acscatal.4c01317,AGREED_EXCLUDE,EXCLUDE:E3,passes agree,EXCLUDE:E3,,EXCLUDE:E3,passes agree,EXCLUDE:E3,,EXCLUDE:E3,v5 read,EXCLUDE:E3,,S22531,,,False,journal,,,,,,False,,,EXCLUDE:E3
S22536,10.1021/acsnanoscienceau.3c00061,AGREED_EXCLUDE,EXCLUDE:E3,passes agree,EXCLUDE:E3,,EXCLUDE:E3,passes agree,EXCLUDE:E3,,EXCLUDE:E3,passes agree,EXCLUDE:E3,,S22536,,,False,,,,,,,False,,,EXCLUDE:E3
S22543,10.1021/acscatal.3c05915,NEEDS_SI,NEEDS_SI,passes,NEEDS_SI,,ELIGIBLE,v4 read,ELIGIBLE,,ELIGIBLE,v5 read,ELIGIBLE,,S22543,relative,,True,journal,relative,direct,,,,False,,,ELIGIBLE
S22553,10.1002/celc.202300753,AGREED_EXCLUDE,EXCLUDE:E3,passes agree,EXCLUDE:E3,,EXCLUDE:E3,passes agree,EXCLUDE:E3,,EXCLUDE:E3,passes agree,EXCLUDE:E3,,S22553,,,False,,,,,,,False,,,EXCLUDE:E3
S22554,10.1007/s11426-023-1962-8,THIRD_READ,EXCLUDE:E4,third read,EXCLUDE:E4,,EXCLUDE:E4,third read,EXCLUDE:E4,,EXCLUDE:E4,v5 read,EXCLUDE:E4,,S22554,,,False,journal,,,,,,False,,,EXCLUDE:E4
S22574,10.1021/acsanm.4c00056,AGREED_EXCLUDE,EXCLUDE:E3,passes agree,EXCLUDE:E3,,EXCLUDE:E3,passes agree,EXCLUDE:E3,,EXCLUDE:E3,passes agree,EXCLUDE:E3,,S22574,,,False,,,,,,,False,,,EXCLUDE:E3
S22578,10.1002/aenm.202400029,THIRD_READ,EXCLUDE:E4,third read,EXCLUDE:E4,,EXCLUDE:E4,third read,EXCLUDE:E4,,EXCLUDE:E4,v5 read,EXCLUDE:E4,,S22578,,,False,journal,,,,,,False,,,EXCLUDE:E4
S22605,10.1002/ange.202405798,AGREED_EXCLUDE,EXCLUDE:E3,passes agree,EXCLUDE:E3,,EXCLUDE:E3,passes agree,EXCLUDE:E3,,EXCLUDE:E3,passes agree,EXCLUDE:E3,,S22605,,,False,,,,,,,False,,,EXCLUDE:E3
S22615,10.1002/anie.202405798,AGREED_EXCLUDE,EXCLUDE:E3,passes agree,collapsed into S22605,,EXCLUDE:E3,passes agree,collapsed into S22605,,EXCLUDE:E3,passes agree,collapsed into S22605,,S22605,,,False,,,,,,,False,,,collapsed into S22605
S22634,10.1016/j.jpowsour.2024.234553,AGREED_EXCLUDE,EXCLUDE:E1,passes agree,EXCLUDE:E1,,EXCLUDE:E1,passes agree,EXCLUDE:E1,,EXCLUDE:E1,passes agree,EXCLUDE:E1,,S22634,,,False,,,,,,,False,,,EXCLUDE:E1
S22649,10.1038/s41598-024-59595-2,AGREED_EXCLUDE,EXCLUDE:E3,passes agree,EXCLUDE:E3,,EXCLUDE:E3,passes agree,EXCLUDE:E3,,EXCLUDE:E3,passes agree,EXCLUDE:E3,,S22649,,,False,,,,,,,False,,,EXCLUDE:E3
S22654,10.3390/ma17092119,AGREED_EXCLUDE,EXCLUDE:E1,passes agree,EXCLUDE:E1,,EXCLUDE:E1,passes agree,EXCLUDE:E1,,EXCLUDE:E1,passes agree,EXCLUDE:E1,,S22654,,,False,,,,,,,False,,,EXCLUDE:E1
S22656,10.1007/s40820-024-01384-7,AGREED_EXCLUDE,EXCLUDE:E5,passes agree,EXCLUDE:E5,,EXCLUDE:E5,v4 read,EXCLUDE:E5,,EXCLUDE:E5,v5 read,EXCLUDE:E5,,S22656,,,False,journal,,,,,,False,,,EXCLUDE:E5
S22657,,THIRD_READ,EXCLUDE:E1,third read,EXCLUDE:E1,,EXCLUDE:E1,third read,EXCLUDE:E1,,EXCLUDE:E1,third read,EXCLUDE:E1,,,,,False,,,,,,,False,,,EXCLUDE:E1
S22690,10.1002/chem.202400651,NEEDS_SI,NEEDS_SI,passes,NEEDS_SI,,NEEDS_SI,v4 read,NEEDS_SI,,NEEDS_SI,v5 read,NEEDS_SI,,S22690,,,True,journal,,,,,,False,,,NEEDS_SI
S22712,10.1038/s41467-024-48372-4,NEEDS_SI,NEEDS_SI,passes,NEEDS_SI,,NEEDS_SI,v4 read,NEEDS_SI,,UNRESOLVED,SI read: third read,UNRESOLVED,dated,S22712,numeric,,True,journal,numeric,direct,,,,False,,third read,NEEDS_SI
S22720,10.1002/cssc.202400332,AGREED_EXCLUDE,EXCLUDE:E3,passes agree,EXCLUDE:E3,,EXCLUDE:E3,passes agree,EXCLUDE:E3,,EXCLUDE:E3,passes agree,EXCLUDE:E3,,S22720,,,False,,,,,,,False,,,EXCLUDE:E3
S22730,10.1007/s12274-024-6696-0,NEEDS_SI,NEEDS_SI,passes,NEEDS_SI,,NEEDS_SI,v4 read,NEEDS_SI,,UNRESOLVED,SI read: third read; SI adjudication 2026-09-29,UNRESOLVED,dated,S22730,,,True,journal,,,,,,False,,third read,NEEDS_SI
S22733,10.1021/acsaem.4c00386,AGREED_EXCLUDE,EXCLUDE:E3,passes agree,EXCLUDE:E3,,EXCLUDE:E3,passes agree,EXCLUDE:E3,,EXCLUDE:E3,passes agree,EXCLUDE:E3,,S22733,,,False,,,,,,,False,,,EXCLUDE:E3
S22746,10.1021/jacs.4c01441,AGREED_EXCLUDE,EXCLUDE:E3,passes agree,EXCLUDE:E3,,EXCLUDE:E3,passes agree,EXCLUDE:E3,,EXCLUDE:E3,passes agree,EXCLUDE:E3,,S22746,,,False,,,,,,,False,,,EXCLUDE:E3
S22768,10.3389/fchem.2024.1374878,THIRD_READ,EXCLUDE:E1,third read,EXCLUDE:E1,,EXCLUDE:E1,third read,EXCLUDE:E1,,EXCLUDE:E1,v5 read,EXCLUDE:E1,,S22768,,,False,journal,,,,,,False,,,EXCLUDE:E1
S22775,10.1016/j.jcat.2024.115548,AGREED_EXCLUDE,EXCLUDE:E4,v3 sensitivity read,EXCLUDE:E4,,EXCLUDE:E4,v4 sensitivity read,EXCLUDE:E4,,EXCLUDE:E4,v5 passes,EXCLUDE:E4,,S22775,,,False,journal,,,,,,False,,,EXCLUDE:E4
S22777,10.3390/molecules29102392,AGREED_EXCLUDE,EXCLUDE:E3,passes agree,EXCLUDE:E3,,EXCLUDE:E3,passes agree,EXCLUDE:E3,,EXCLUDE:E3,passes agree,EXCLUDE:E3,,S22777,,,False,,,,,,,False,,,EXCLUDE:E3
S22782,10.1007/s12678-024-00874-x,AGREED_EXCLUDE,EXCLUDE:E3,passes agree,EXCLUDE:E3,,EXCLUDE:E3,passes agree,EXCLUDE:E3,,EXCLUDE:E3,passes agree,EXCLUDE:E3,,S22782,,,False,,,,,,,False,,,EXCLUDE:E3
S22807,10.1002/cssc.202400827,AGREED_ELIGIBLE,ELIGIBLE,passes agree,ELIGIBLE,,ELIGIBLE,v4 read,ELIGIBLE,,ELIGIBLE,v5 read,ELIGIBLE,,S22807,numeric,,True,journal,relative,equivalent,,,,True,,,ELIGIBLE
S22815,10.1002/ece2.41,AGREED_EXCLUDE,EXCLUDE:E4,passes agree,EXCLUDE:E4,,EXCLUDE:E4,v4 read,EXCLUDE:E4,,EXCLUDE:E4,v5 read,EXCLUDE:E4,,S22815,,,False,journal,,,,,,False,,,EXCLUDE:E4
S22870,10.1002/anie.202405641,THIRD_READ,ELIGIBLE,third read,ELIGIBLE,,ELIGIBLE,v4 read,ELIGIBLE,,ELIGIBLE,v5 read,ELIGIBLE,,S22870,numeric,,True,journal,numeric,direct,,,,False,,,ELIGIBLE
S22871,10.1002/ange.202405641,THIRD_READ,ELIGIBLE,third read,collapsed into S22870,,ELIGIBLE,v4 read,collapsed into S22870,,ELIGIBLE,v5 read,collapsed into S22870,,S22870,numeric,,True,journal,numeric,direct,,,,False,,,collapsed into S22870
S22881,10.1021/acsenergylett.4c00832,AGREED_EXCLUDE,EXCLUDE:E1,passes agree,EXCLUDE:E1,,EXCLUDE:E1,passes agree,EXCLUDE:E1,,EXCLUDE:E1,passes agree,EXCLUDE:E1,,S22881,,,False,,,,,,,False,,,EXCLUDE:E1
S22887,10.1201/9781003368939-12,AGREED_EXCLUDE,EXCLUDE:E1,passes agree,EXCLUDE:E1,,EXCLUDE:E1,passes agree,EXCLUDE:E1,,EXCLUDE:E1,passes agree,EXCLUDE:E1,,,,,False,,,,,,,False,,,EXCLUDE:E1
S22896,10.1002/elan.202400180,AGREED_EXCLUDE,EXCLUDE:E3,passes agree,EXCLUDE:E3,,EXCLUDE:E3,passes agree,EXCLUDE:E3,,EXCLUDE:E3,passes agree,EXCLUDE:E3,,S22896,,,False,,,,,,,False,,,EXCLUDE:E3
S22903,10.1002/cphc.202400524,RERETRIEVE,,no readable text,no readable text,,,no readable text,no readable text,,,no readable text,no readable text,,,,,False,,,,,,,False,,,no readable text
S22907,10.1002/cphc.202400523,RERETRIEVE,,no readable text,no readable text,,,no readable text,no readable text,,,no readable text,no readable text,,S22907,,,False,,,,,,,False,,,no readable text
S22920,10.1039/d4ta01277a,THIRD_READ,EXCLUDE:E1,third read,EXCLUDE:E1,,EXCLUDE:E1,third read,EXCLUDE:E1,,EXCLUDE:E1,v5 read,EXCLUDE:E1,,S22920,,,False,journal,,,,,,False,,,EXCLUDE:E1
S22923,10.1038/s41929-024-01168-7,NEEDS_SI,NEEDS_SI,passes,NEEDS_SI,,NEEDS_SI,v4 read,NEEDS_SI,,ELIGIBLE,SI read: passes agree,ELIGIBLE,,S22923,,,False,journal,numeric,direct,,,,False,,agreed,NEEDS_SI
S22932,10.1002/open.202400057,AGREED_EXCLUDE,EXCLUDE:E3,passes agree,EXCLUDE:E3,,EXCLUDE:E3,passes agree,EXCLUDE:E3,,EXCLUDE:E3,passes agree,EXCLUDE:E3,,S22932,,,False,,,,,,,False,,,EXCLUDE:E3
S22933,10.3390/nano14121005,AGREED_EXCLUDE,EXCLUDE:E3,passes agree,EXCLUDE:E3,,EXCLUDE:E3,passes agree,EXCLUDE:E3,,EXCLUDE:E3,passes agree,EXCLUDE:E3,,S22933,,,False,,,,,,,False,,,EXCLUDE:E3
S22936,10.1039/d4sc00192c,AGREED_EXCLUDE,EXCLUDE:E4,passes agree,EXCLUDE:E4,,EXCLUDE:E4,passes agree,EXCLUDE:E4,,EXCLUDE:E4,v5 read,EXCLUDE:E4,,S22936,,,False,journal,,,,,,False,,,EXCLUDE:E4
S22938,10.1038/s41467-024-49281-2,THIRD_READ,ELIGIBLE,third read,ELIGIBLE,,ELIGIBLE,v4 read,ELIGIBLE,,ELIGIBLE,v5 read,ELIGIBLE,,S22938,numeric,,True,journal,numeric,direct,,,,True,,,ELIGIBLE
S22941,10.1016/j.electacta.2024.144567,NEEDS_SI,ELIGIBLE,v3 sensitivity read,ELIGIBLE,,ELIGIBLE,v4 sensitivity read,ELIGIBLE,,NEEDS_SI,v5 passes,NEEDS_SI,,S22941,graphical,,False,journal,,,,,,False,,,NEEDS_SI
S22945,10.1002/cctc.202400567,AGREED_EXCLUDE,EXCLUDE:E1,passes agree,EXCLUDE:E1,,EXCLUDE:E1,passes agree,EXCLUDE:E1,,EXCLUDE:E1,passes agree,EXCLUDE:E1,,S22945,,,False,,,,,,,False,,,EXCLUDE:E1
S22954,10.1021/acsmaterialslett.4c00778,NEEDS_SI,NEEDS_SI,passes,NEEDS_SI,,NEEDS_SI,v4 read,NEEDS_SI,,ELIGIBLE,SI read: third read,ELIGIBLE,,S22954,numeric,,True,journal,numeric,direct,,,,False,,third read,NEEDS_SI
S22965,10.1002/advs.202402991,AGREED_EXCLUDE,EXCLUDE:E3,passes agree,EXCLUDE:E3,,EXCLUDE:E3,passes agree,EXCLUDE:E3,,EXCLUDE:E3,passes agree,EXCLUDE:E3,,S22965,,,False,,,,,,,False,,,EXCLUDE:E3
S22967,10.1021/acsenergylett.4c00271,AGREED_EXCLUDE,EXCLUDE:E1,passes agree,EXCLUDE:E1,,EXCLUDE:E1,passes agree,EXCLUDE:E1,,EXCLUDE:E1,passes agree,EXCLUDE:E1,,S22967,,,False,,,,,,,False,,,EXCLUDE:E1
S22973,10.1021/acsmaterialsau.4c00025,THIRD_READ,ELIGIBLE,third read,ELIGIBLE,,ELIGIBLE,v4 read,ELIGIBLE,,ELIGIBLE,v5 read,ELIGIBLE,,S22973,graphical,,False,journal,graphical,direct,,,,False,,,ELIGIBLE
S22988,10.1002/aesr.202400085,AGREED_EXCLUDE,EXCLUDE:E1,passes agree,EXCLUDE:E1,,EXCLUDE:E1,passes agree,EXCLUDE:E1,,EXCLUDE:E1,passes agree,EXCLUDE:E1,,S22988,,,False,,,,,,,False,,,EXCLUDE:E1
S22989,10.1002/adfm.202406351,NEEDS_SI,NEEDS_SI,passes,NEEDS_SI,,UNRESOLVED,v4 read,UNRESOLVED,,UNRESOLVED,v5 read,UNRESOLVED,,S22989,,,True,journal,,,,,,False,,,UNRESOLVED
S22998,10.3390/nano14121051,AGREED_EXCLUDE,EXCLUDE:E3,passes agree,EXCLUDE:E3,,EXCLUDE:E3,v4 read,EXCLUDE:E3,,EXCLUDE:E3,v5 read,EXCLUDE:E3,,S22998,,,False,journal,,,,,,False,,,EXCLUDE:E3
S23001,10.1021/acsami.4c07404,THIRD_READ,EXCLUDE:E3,third read,EXCLUDE:E3,,EXCLUDE:E3,third read,EXCLUDE:E3,,EXCLUDE:E3,third read,EXCLUDE:E3,,S23001,,,False,,,,,,,False,,,EXCLUDE:E3
S23017,10.1039/d4ey00026a,AGREED_EXCLUDE,EXCLUDE:E3,passes agree,EXCLUDE:E3,,EXCLUDE:E3,passes agree,EXCLUDE:E3,,EXCLUDE:E3,passes agree,EXCLUDE:E3,,S23017,,,False,,,,,,,False,,,EXCLUDE:E3
S23024,10.15541/jim20240085,AGREED_EXCLUDE,EXCLUDE:E3,passes agree,EXCLUDE:E3,,EXCLUDE:E3,passes agree,EXCLUDE:E3,,EXCLUDE:E3,v5 read,EXCLUDE:E3,,S23024,,,False,journal,,,,,,False,,,EXCLUDE:E3
S23025,10.1021/acsomega.4c03830,AGREED_EXCLUDE,EXCLUDE:E3,passes agree,EXCLUDE:E3,,EXCLUDE:E3,passes agree,EXCLUDE:E3,,EXCLUDE:E3,v5 read,EXCLUDE:E3,,S23025,,,False,journal,,,,,,False,,,EXCLUDE:E3
S23045,10.1038/s41929-024-01161-0,THIRD_READ,EXCLUDE:E1,third read,EXCLUDE:E1,,EXCLUDE:E1,third read,EXCLUDE:E1,,EXCLUDE:E1,v5 read,EXCLUDE:E1,,S23045,,,False,journal,,,,,,False,,,EXCLUDE:E1
S23048,10.1002/smll.202403492,AGREED_ELIGIBLE,ELIGIBLE,passes agree,ELIGIBLE,,ELIGIBLE,v4 read,ELIGIBLE,,ELIGIBLE,v5 read,ELIGIBLE,,S23048,graphical,,False,journal,graphical,direct,,,,False,,,ELIGIBLE
S23061,10.1002/admi.202400237,AGREED_EXCLUDE,EXCLUDE:E4,passes agree,EXCLUDE:E4,,EXCLUDE:E4,passes agree,EXCLUDE:E4,,EXCLUDE:E4,v5 read,EXCLUDE:E4,,S23061,,,False,journal,,,,,,False,,,EXCLUDE:E4
S23072,10.1039/d4ta02494j,AGREED_EXCLUDE,EXCLUDE:E3,passes agree,EXCLUDE:E3,,EXCLUDE:E3,passes agree,EXCLUDE:E3,,EXCLUDE:E3,v5 read,EXCLUDE:E3,,S23072,,,False,journal,,,,,,False,,,EXCLUDE:E3
S23090,10.1038/s41563-024-01943-8,AGREED_EXCLUDE,EXCLUDE:E3,passes agree,EXCLUDE:E3,,EXCLUDE:E3,passes agree,EXCLUDE:E3,,EXCLUDE:E3,v5 read,EXCLUDE:E3,,S23090,,,False,journal,,,,,,False,,,EXCLUDE:E3
S23135,10.1016/j.apcatb.2024.124382,NEEDS_SI,NEEDS_SI,v3 sensitivity read,NEEDS_SI,,NEEDS_SI,v4 sensitivity read,NEEDS_SI,,NEEDS_SI,v5 passes,NEEDS_SI,,S23135,,,False,journal,,,,,,False,,,NEEDS_SI
S23136,10.1002/smll.202403908,THIRD_READ,EXCLUDE:E3,third read,EXCLUDE:E3,,EXCLUDE:E3,third read,EXCLUDE:E3,,EXCLUDE:E3,v5 read,EXCLUDE:E3,,S23136,,,False,journal,,,,,,False,,,EXCLUDE:E3
S23137,10.1002/cctc.202400552,AGREED_EXCLUDE,EXCLUDE:E3,passes agree,EXCLUDE:E3,,EXCLUDE:E3,passes agree,EXCLUDE:E3,,EXCLUDE:E3,passes agree,EXCLUDE:E3,,S23137,,,False,,,,,,,False,,,EXCLUDE:E3
S23169,10.1002/adfm.202410548,NEEDS_SI,NEEDS_SI,passes,NEEDS_SI,,NEEDS_SI,v4 read,NEEDS_SI,,NEEDS_SI,SI read: passes agree,NEEDS_SI,,S23169,,,True,journal,,,,,,False,identity check,needs_si,UNRESOLVED
S23188,10.1007/s12274-024-6829-5,AGREED_EXCLUDE,EXCLUDE:E3,passes agree,EXCLUDE:E3,,EXCLUDE:E3,passes agree,EXCLUDE:E3,,EXCLUDE:E3,passes agree,EXCLUDE:E3,,S23188,,,False,,,,,,,False,,,EXCLUDE:E3
S23190,10.1002/advs.202401398,AGREED_EXCLUDE,EXCLUDE:E4,passes agree,EXCLUDE:E4,,EXCLUDE:E4,passes agree,EXCLUDE:E4,,EXCLUDE:E4,v5 read,EXCLUDE:E4,,S23190,,,False,journal,,,,,,False,,,EXCLUDE:E4
S23207,10.1002/adfm.202409714,AGREED_ELIGIBLE,ELIGIBLE,passes agree,ELIGIBLE,,ELIGIBLE,v4 read,ELIGIBLE,,ELIGIBLE,downloaded Wiley SI 2026-10-02: independent reads reviewed,ELIGIBLE,,S23207,numeric,,False,journal,numeric,direct,,,,False,,recovery reviewed,NEEDS_SI
S23219,10.1039/d4na00442f,THIRD_READ,EXCLUDE:E1,third read,EXCLUDE:E1,,EXCLUDE:E1,third read,EXCLUDE:E1,,EXCLUDE:E1,third read,EXCLUDE:E1,,S23219,,,False,,,,,,,False,,,EXCLUDE:E1
S23226,10.1021/jacs.4c01776,AGREED_EXCLUDE,EXCLUDE:E3,passes agree,EXCLUDE:E3,,EXCLUDE:E3,passes agree,EXCLUDE:E3,,EXCLUDE:E3,v5 read,EXCLUDE:E3,,S23226,,,False,journal,,,,,,False,,,EXCLUDE:E3
S23234,10.3390/nano14141219,AGREED_EXCLUDE,EXCLUDE:E3,passes agree,EXCLUDE:E3,,EXCLUDE:E3,passes agree,EXCLUDE:E3,,EXCLUDE:E3,passes agree,EXCLUDE:E3,,S23234,,,False,,,,,,,False,,,EXCLUDE:E3
S23238,10.1021/acs.jpclett.4c01641,AGREED_EXCLUDE,EXCLUDE:E3,passes agree,EXCLUDE:E3,,EXCLUDE:E3,passes agree,EXCLUDE:E3,,EXCLUDE:E3,v5 read,EXCLUDE:E3,,S23238,,,False,journal,,,,,,False,,,EXCLUDE:E3
S23244,10.1002/cctc.202400813,NEEDS_SI,NEEDS_SI,passes,NEEDS_SI,,NEEDS_SI,v4 read,NEEDS_SI,,NEEDS_SI,v5 read,NEEDS_SI,,S23244,,,False,journal,,,,,,False,,,NEEDS_SI
S23249,10.1515/revic-2024-0026,AGREED_EXCLUDE,EXCLUDE:E1,passes agree,EXCLUDE:E1,,EXCLUDE:E1,passes agree,EXCLUDE:E1,,EXCLUDE:E1,passes agree,EXCLUDE:E1,,S23249,,,False,,,,,,,False,,,EXCLUDE:E1
S23251,10.1002/anie.202409526,THIRD_READ,ELIGIBLE,third read,ELIGIBLE,,ELIGIBLE,v4 read,ELIGIBLE,,ELIGIBLE,v5 read,ELIGIBLE,,S23251,numeric,,True,journal,numeric,direct,,,,True,,,ELIGIBLE
S23255,10.1002/ange.202409526,THIRD_READ,ELIGIBLE,third read,collapsed into S23251,,ELIGIBLE,v4 read,collapsed into S23251,,ELIGIBLE,v5 read,collapsed into S23251,,S23251,numeric,,False,journal,numeric,direct,,,,False,,,collapsed into S23251
S23265,10.1002/smll.202404092,NEEDS_SI,NEEDS_SI,passes,NEEDS_SI,,NEEDS_SI,v4 read,NEEDS_SI,,NEEDS_SI,v5 read,NEEDS_SI,,S23265,,,True,journal,,,,,,False,,,NEEDS_SI
S23280,10.1021/acscatal.4c02159,AGREED_EXCLUDE,EXCLUDE:E3,passes agree,EXCLUDE:E3,,EXCLUDE:E3,passes agree,EXCLUDE:E3,,EXCLUDE:E3,passes agree,EXCLUDE:E3,,S23280,,,False,,,,,,,False,,,EXCLUDE:E3
S23284,10.1039/d4ta04049j,AGREED_EXCLUDE,EXCLUDE:E3,passes agree,EXCLUDE:E3,,EXCLUDE:E3,passes agree,EXCLUDE:E3,,EXCLUDE:E3,v5 read,EXCLUDE:E3,,S23284,,,False,journal,,,,,,False,,,EXCLUDE:E3
S23308,10.1016/j.cattod.2024.114963,NEEDS_SI,NEEDS_SI,v3 sensitivity read,NEEDS_SI,,NEEDS_SI,v4 sensitivity read,NEEDS_SI,,NEEDS_SI,v5 passes,NEEDS_SI,,S23308,,,False,journal,,,,,,False,,,NEEDS_SI
S23321,10.1021/acsomega.4c02299,AGREED_EXCLUDE,EXCLUDE:E3,passes agree,EXCLUDE:E3,,EXCLUDE:E3,passes agree,EXCLUDE:E3,,EXCLUDE:E3,passes agree,EXCLUDE:E3,,S23321,,,False,,,,,,,False,,,EXCLUDE:E3
S23330,10.1007/s12209-024-00405-1,AGREED_EXCLUDE,EXCLUDE:E3,passes agree,EXCLUDE:E3,,EXCLUDE:E3,passes agree,EXCLUDE:E3,,EXCLUDE:E3,passes agree,EXCLUDE:E3,,S23330,,,False,,,,,,,False,,,EXCLUDE:E3
S23335,10.1039/d4ra03402c,AGREED_EXCLUDE,EXCLUDE:E3,passes agree,EXCLUDE:E3,,EXCLUDE:E3,passes agree,EXCLUDE:E3,,EXCLUDE:E3,passes agree,EXCLUDE:E3,,S23335,,,False,,,,,,,False,,,EXCLUDE:E3
S23339,10.21203/rs.3.rs-4721957/v1,NEEDS_SI,NEEDS_SI,passes,collapsed into S25141,,UNRESOLVED,v4 read,collapsed into S25141,,UNRESOLVED,v5 read,collapsed into S25141,,S25141,,,True,preprint,,,,,,False,identity check,,collapsed into S25141
S23359,10.1038/s41467-024-51130-1,AGREED_EXCLUDE,EXCLUDE:E4,passes agree,EXCLUDE:E4,,EXCLUDE:E4,passes agree,EXCLUDE:E4,,EXCLUDE:E4,v5 read,EXCLUDE:E4,,S23359,,,False,journal,,,,,,False,,,EXCLUDE:E4
S23385,10.3390/membranes14080173,AGREED_EXCLUDE,EXCLUDE:E3,passes agree,EXCLUDE:E3,,EXCLUDE:E3,passes agree,EXCLUDE:E3,,EXCLUDE:E3,passes agree,EXCLUDE:E3,,S23385,,,False,,,,,,,False,,,EXCLUDE:E3
S23389,10.1021/acsnano.4c05377,AGREED_EXCLUDE,EXCLUDE:E4,passes agree,EXCLUDE:E4,,EXCLUDE:E4,passes agree,EXCLUDE:E4,,EXCLUDE:E4,v5 read,EXCLUDE:E4,,S23389,,,False,journal,,,,,,False,,,EXCLUDE:E4
S23390,10.1002/smll.202404729,AGREED_EXCLUDE,EXCLUDE:E3,passes agree,EXCLUDE:E3,,EXCLUDE:E3,passes agree,EXCLUDE:E3,,EXCLUDE:E3,passes agree,EXCLUDE:E3,,S23390,,,False,,,,,,,False,,,EXCLUDE:E3
S23391,10.1002/adma.202407717,AGREED_EXCLUDE,EXCLUDE:E3,passes agree,EXCLUDE:E3,,EXCLUDE:E3,passes agree,EXCLUDE:E3,,EXCLUDE:E3,passes agree,EXCLUDE:E3,,S23391,,,False,,,,,,,False,,,EXCLUDE:E3
S23394,10.1002/advs.202401975,THIRD_READ,EXCLUDE:E1,third read,EXCLUDE:E1,,EXCLUDE:E1,third read,EXCLUDE:E1,,EXCLUDE:E1,v5 read,EXCLUDE:E1,,S23394,,,False,journal,,,,,,False,,,EXCLUDE:E1
S23402,10.1002/anie.202413653,NEEDS_SI,NEEDS_SI,passes,NEEDS_SI,,NEEDS_SI,v4 read,NEEDS_SI,,NEEDS_SI,v5 read,NEEDS_SI,,S23402,,,False,journal,,,,,,False,,,NEEDS_SI
S23404,10.1002/ange.202413653,NEEDS_SI,NEEDS_SI,passes,collapsed into S23402,,NEEDS_SI,v4 read,collapsed into S23402,,NEEDS_SI,v5 read,collapsed into S23402,,S23402,,,False,journal,,,,,,False,,,collapsed into S23402
S23406,10.1021/acsnano.4c02289,AGREED_EXCLUDE,EXCLUDE:E1,passes agree,EXCLUDE:E1,,EXCLUDE:E1,passes agree,EXCLUDE:E1,,EXCLUDE:E1,passes agree,EXCLUDE:E1,,S23406,,,False,,,,,,,False,,,EXCLUDE:E1
S23429,10.20944/preprints202408.0254.v1,AGREED_EXCLUDE,EXCLUDE:E1,passes agree,EXCLUDE:E1,,EXCLUDE:E1,passes agree,EXCLUDE:E1,,EXCLUDE:E1,v5 read,EXCLUDE:E1,,,,,False,preprint,,,,,,False,,,EXCLUDE:E1
S23440,10.3390/ma17164057,AGREED_EXCLUDE,EXCLUDE:E1,passes agree,EXCLUDE:E1,,EXCLUDE:E1,passes agree,EXCLUDE:E1,,EXCLUDE:E1,passes agree,EXCLUDE:E1,,S23440,,,False,,,,,,,False,,,EXCLUDE:E1
S23446,10.1021/jacs.4c04607,AGREED_EXCLUDE,EXCLUDE:E3,passes agree,EXCLUDE:E3,,EXCLUDE:E3,passes agree,EXCLUDE:E3,,EXCLUDE:E3,passes agree,EXCLUDE:E3,,S23446,,,False,,,,,,,False,,,EXCLUDE:E3
S23447,10.1002/chem.202402188,AGREED_EXCLUDE,EXCLUDE:E1,passes agree,EXCLUDE:E1,,EXCLUDE:E1,passes agree,EXCLUDE:E1,,EXCLUDE:E1,passes agree,EXCLUDE:E1,,S23447,,,False,,,,,,,False,,,EXCLUDE:E1
S23450,10.1002/adma.202407394,AGREED_EXCLUDE,EXCLUDE:E4,passes agree,EXCLUDE:E4,,EXCLUDE:E4,passes agree,EXCLUDE:E4,,EXCLUDE:E4,v5 read,EXCLUDE:E4,,S23450,,,False,journal,,,,,,False,,,EXCLUDE:E4
S23488,10.1002/smll.202404118,AGREED_EXCLUDE,EXCLUDE:E3,passes agree,EXCLUDE:E3,,EXCLUDE:E3,passes agree,EXCLUDE:E3,,EXCLUDE:E3,passes agree,EXCLUDE:E3,,S23488,,,False,,,,,,,False,,,EXCLUDE:E3
S23492,10.1002/adfm.202411094,AGREED_EXCLUDE,EXCLUDE:E3,passes agree,EXCLUDE:E3,,EXCLUDE:E3,passes agree,EXCLUDE:E3,,EXCLUDE:E3,v5 read,EXCLUDE:E3,,S23492,,,False,journal,,,,,,False,,,EXCLUDE:E3
S23502,10.1021/acsaem.4c01641,AGREED_EXCLUDE,EXCLUDE:E3,passes agree,EXCLUDE:E3,,EXCLUDE:E3,passes agree,EXCLUDE:E3,,EXCLUDE:E3,passes agree,EXCLUDE:E3,,S23502,,,False,,,,,,,False,,,EXCLUDE:E3
S23509,10.1002/cctc.202401326,AGREED_EXCLUDE,EXCLUDE:E3,passes agree,EXCLUDE:E3,,EXCLUDE:E3,passes agree,EXCLUDE:E3,,EXCLUDE:E3,passes agree,EXCLUDE:E3,,S23509,,,False,,,,,,,False,,,EXCLUDE:E3
S23524,10.3390/nano14171384,AGREED_EXCLUDE,EXCLUDE:E3,passes agree,EXCLUDE:E3,,EXCLUDE:E3,passes agree,EXCLUDE:E3,,EXCLUDE:E3,passes agree,EXCLUDE:E3,,S23524,,,False,,,,,,,False,,,EXCLUDE:E3
S23532,10.1002/admi.202400597,AGREED_EXCLUDE,EXCLUDE:E3,passes agree,EXCLUDE:E3,,EXCLUDE:E3,passes agree,EXCLUDE:E3,,EXCLUDE:E3,passes agree,EXCLUDE:E3,,S23532,,,False,,,,,,,False,,,EXCLUDE:E3
S23534,10.3390/molecules29174062,NEEDS_SI,NEEDS_SI,passes,NEEDS_SI,,NEEDS_SI,v4 read,NEEDS_SI,dated,UNRESOLVED,v5 read,UNRESOLVED,dated,S23534,,,True,journal,,,,,,True,,,UNRESOLVED
S23536,10.1002/ange.202413657,NEEDS_SI,NEEDS_SI,passes,NEEDS_SI,,NEEDS_SI,v4 read,NEEDS_SI,,NEEDS_SI,v5 read,NEEDS_SI,,S23536,,,True,journal,,,,,,False,,,NEEDS_SI
S23544,10.1016/j.esci.2024.100307,NEEDS_SI,NEEDS_SI,v3 sensitivity read,NEEDS_SI,,NEEDS_SI,v4 sensitivity read,NEEDS_SI,,NEEDS_SI,v5 passes,NEEDS_SI,,S23544,,,False,journal,,,,,,False,,,NEEDS_SI
S23547,10.1002/adfm.202409306,THIRD_READ,ELIGIBLE,third read,ELIGIBLE,,ELIGIBLE,v4 read,ELIGIBLE,,ELIGIBLE,v5 read,ELIGIBLE,,S23547,numeric,,False,journal,numeric,direct,,,,False,,,ELIGIBLE
S23549,10.1039/d4nr01702a,AGREED_EXCLUDE,EXCLUDE:E3,passes agree,EXCLUDE:E3,,EXCLUDE:E3,passes agree,EXCLUDE:E3,,EXCLUDE:E3,v5 read,EXCLUDE:E3,,S23549,,,False,journal,,,,,,False,,,EXCLUDE:E3
S23562,10.26717/bjstr.2024.58.009143,THIRD_READ,EXCLUDE:E1,third read,EXCLUDE:E1,,EXCLUDE:E1,third read,EXCLUDE:E1,,EXCLUDE:E1,v5 read,EXCLUDE:E1,,S23562,,,False,journal,,,,,,False,,,EXCLUDE:E1
S23565,10.1002/adfm.202411766,NEEDS_SI,NEEDS_SI,passes,NEEDS_SI,,NEEDS_SI,v4 read,NEEDS_SI,,NEEDS_SI,v5 read,NEEDS_SI,,S23565,,,True,journal,,,,,,False,,,NEEDS_SI
S23573,10.1016/j.apmt.2024.102415,AGREED_EXCLUDE,EXCLUDE:E3,passes agree,EXCLUDE:E3,,EXCLUDE:E3,passes agree,EXCLUDE:E3,,EXCLUDE:E3,passes agree,EXCLUDE:E3,,S23573,,,False,,,,,,,False,,,EXCLUDE:E3
S23576,10.1016/j.heliyon.2024.e37188,AGREED_EXCLUDE,EXCLUDE:E1,passes agree,EXCLUDE:E1,,EXCLUDE:E1,passes agree,EXCLUDE:E1,,EXCLUDE:E1,passes agree,EXCLUDE:E1,,S23576,,,False,,,,,,,False,,,EXCLUDE:E1
S23578,10.3390/mi15091125,AGREED_EXCLUDE,EXCLUDE:E3,passes agree,EXCLUDE:E3,,EXCLUDE:E3,passes agree,EXCLUDE:E3,,EXCLUDE:E3,passes agree,EXCLUDE:E3,,S23578,,,False,,,,,,,False,,,EXCLUDE:E3
S23583,10.1039/d4ta04750h,THIRD_READ,EXCLUDE:E3,third read,EXCLUDE:E3,,EXCLUDE:E3,third read,EXCLUDE:E3,,EXCLUDE:E3,v5 read,EXCLUDE:E3,,S23583,,,False,journal,,,,,,False,,,EXCLUDE:E3
S23591,10.55670/fpll.fuen.3.4.2,AGREED_EXCLUDE,EXCLUDE:E1,passes agree,EXCLUDE:E1,,EXCLUDE:E1,passes agree,EXCLUDE:E1,,EXCLUDE:E1,passes agree,EXCLUDE:E1,,S23591,,,False,,,,,,,False,,,EXCLUDE:E1
S23611,10.1002/ange.202411603,NEEDS_SI,NEEDS_SI,passes,NEEDS_SI,,UNRESOLVED,v4 read,UNRESOLVED,,UNRESOLVED,v5 read,UNRESOLVED,,S23611,,,False,journal,numeric,direct,"Overpotentials given in eV, not V; kept as the authors' values.",,,False,,,UNRESOLVED
S23616,10.1021/acsaem.4c01866,AGREED_EXCLUDE,EXCLUDE:E3,passes agree,EXCLUDE:E3,,EXCLUDE:E3,passes agree,EXCLUDE:E3,,EXCLUDE:E3,passes agree,EXCLUDE:E3,,S23616,,,False,,,,,,,False,,,EXCLUDE:E3
S23622,10.21203/rs.3.rs-4886343/v1,THIRD_READ,EXCLUDE:E3,third read,EXCLUDE:E3,,EXCLUDE:E3,third read,EXCLUDE:E3,,EXCLUDE:E3,v5 read,EXCLUDE:E3,,,,,False,preprint,,,,,,False,,,EXCLUDE:E3
S23628,10.2139/ssrn.4949211,AGREED_EXCLUDE,EXCLUDE:E1,passes agree,EXCLUDE:E1,,EXCLUDE:E1,passes agree,EXCLUDE:E1,,EXCLUDE:E3,v5 read,EXCLUDE:E3,,,,,False,journal,,,,,,False,,,EXCLUDE:E3
S23636,10.1002/smtd.202401109,AGREED_EXCLUDE,EXCLUDE:E3,passes agree,EXCLUDE:E3,,EXCLUDE:E3,passes agree,EXCLUDE:E3,,EXCLUDE:E3,v5 read,EXCLUDE:E3,,S23636,,,False,journal,,,,,,False,,,EXCLUDE:E3
S23639,10.1038/s41467-024-51871-z,NEEDS_SI,NEEDS_SI,passes,NEEDS_SI,,NEEDS_SI,v4 read,NEEDS_SI,,UNRESOLVED,SI read: third read,ELIGIBLE,dated,S23639,,,False,journal,relative,equivalent,,,,False,,third read,NEEDS_SI
S23640,10.1002/cctc.202401166,AGREED_EXCLUDE,EXCLUDE:E1,passes agree,EXCLUDE:E1,,EXCLUDE:E1,passes agree,EXCLUDE:E1,,EXCLUDE:E1,passes agree,EXCLUDE:E1,,S23640,,,False,,,,,,,False,,,EXCLUDE:E1
S23649,10.32434/0321-4095-2024-155-4-41-50,AGREED_EXCLUDE,EXCLUDE:E3,passes agree,EXCLUDE:E3,,EXCLUDE:E3,passes agree,EXCLUDE:E3,,EXCLUDE:E3,passes agree,EXCLUDE:E3,,S23649,,,False,,,,,,,False,,,EXCLUDE:E3
S23650,10.20944/preprints202409.0565.v1,AGREED_EXCLUDE,EXCLUDE:E1,passes agree,EXCLUDE:E1,,EXCLUDE:E1,passes agree,EXCLUDE:E1,,EXCLUDE:E1,v5 read,EXCLUDE:E1,,,,,False,preprint,,,,,,False,,,EXCLUDE:E1
S23651,10.1021/acsenergylett.4c01508,AGREED_EXCLUDE,EXCLUDE:E3,passes agree,EXCLUDE:E3,,EXCLUDE:E3,passes agree,EXCLUDE:E3,,EXCLUDE:E3,passes agree,EXCLUDE:E3,,S23651,,,False,,,,,,,False,,,EXCLUDE:E3
S23654,10.21203/rs.3.rs-4853382/v1,THIRD_READ,EXCLUDE:E3,third read,collapsed into S24953,,EXCLUDE:E3,third read,collapsed into S24953,,EXCLUDE:E3,v5 read,collapsed into S24953,,S24953,,,False,preprint,,,,,,False,,,collapsed into S24953
S23656,10.1002/aenm.202402902,AGREED_EXCLUDE,EXCLUDE:E3,passes agree,EXCLUDE:E3,,EXCLUDE:E3,passes agree,EXCLUDE:E3,,EXCLUDE:E3,passes agree,EXCLUDE:E3,,S23656,,,False,,,,,,,False,,,EXCLUDE:E3
S23671,10.1002/aenm.202403388,AGREED_EXCLUDE,EXCLUDE:E3,passes agree,EXCLUDE:E3,,EXCLUDE:E3,passes agree,EXCLUDE:E3,,EXCLUDE:E3,passes agree,EXCLUDE:E3,,S23671,,,False,,,,,,,False,,,EXCLUDE:E3
S23682,10.1360/tb-2024-0633,AGREED_EXCLUDE,EXCLUDE:E1,passes agree,EXCLUDE:E1,,EXCLUDE:E1,passes agree,EXCLUDE:E1,,EXCLUDE:E1,passes agree,EXCLUDE:E1,,S23682,,,False,,,,,,,False,,,EXCLUDE:E1
S23691,10.1002/eom2.12486,AGREED_EXCLUDE,EXCLUDE:E1,passes agree,EXCLUDE:E1,,EXCLUDE:E1,passes agree,EXCLUDE:E1,,EXCLUDE:E1,passes agree,EXCLUDE:E1,,S23691,,,False,,,,,,,False,,,EXCLUDE:E1
S23692,10.1002/advs.202408869,AGREED_EXCLUDE,EXCLUDE:E4,passes agree,EXCLUDE:E4,,EXCLUDE:E4,passes agree,EXCLUDE:E4,,EXCLUDE:E3,v5 read,EXCLUDE:E3,,S23692,,,False,journal,,,,,,False,,,EXCLUDE:E3
S23694,10.1093/nsr/nwae332,AGREED_EXCLUDE,EXCLUDE:E3,passes agree,EXCLUDE:E3,,EXCLUDE:E3,passes agree,EXCLUDE:E3,,EXCLUDE:E3,passes agree,EXCLUDE:E3,,S23694,,,False,,,,,,,False,,,EXCLUDE:E3
S23696,10.1038/s41467-024-52471-7,NEEDS_SI,NEEDS_SI,passes,NEEDS_SI,,ELIGIBLE,v4 read,ELIGIBLE,,UNRESOLVED,SI read: third read,UNRESOLVED,,S23696,numeric,,True,journal,,,,,,False,,third read,NEEDS_SI
S23705,10.1021/prechem.4c00056,AGREED_EXCLUDE,EXCLUDE:E3,passes agree,EXCLUDE:E3,,EXCLUDE:E3,passes agree,EXCLUDE:E3,,EXCLUDE:E3,v5 read,EXCLUDE:E3,,S23705,,,False,journal,,,,,,False,,,EXCLUDE:E3
S23722,10.1002/anie.202415032,AGREED_EXCLUDE,EXCLUDE:E4,passes agree,EXCLUDE:E4,,EXCLUDE:E4,passes agree,EXCLUDE:E4,,EXCLUDE:E4,v5 read,EXCLUDE:E4,,S23722,,,False,journal,,,,,,True,,,EXCLUDE:E4
S23732,10.20517/cs.2024.74,AGREED_EXCLUDE,EXCLUDE:E1,passes agree,EXCLUDE:E1,,EXCLUDE:E1,passes agree,EXCLUDE:E1,,EXCLUDE:E1,passes agree,EXCLUDE:E1,,S23732,,,False,,,,,,,False,,,EXCLUDE:E1
S23755,10.3390/ma17184670,AGREED_EXCLUDE,EXCLUDE:E3,passes agree,EXCLUDE:E3,,EXCLUDE:E3,passes agree,EXCLUDE:E3,,EXCLUDE:E3,passes agree,EXCLUDE:E3,,S23755,,,False,,,,,,,False,,,EXCLUDE:E3
S23756,10.3390/ma17184647,AGREED_EXCLUDE,EXCLUDE:E3,passes agree,EXCLUDE:E3,,EXCLUDE:E3,passes agree,EXCLUDE:E3,,EXCLUDE:E3,passes agree,EXCLUDE:E3,,S23756,,,False,,,,,,,False,,,EXCLUDE:E3
S23767,10.3389/fchem.2024.1471340,AGREED_EXCLUDE,EXCLUDE:E3,passes agree,EXCLUDE:E3,,EXCLUDE:E3,passes agree,EXCLUDE:E3,,EXCLUDE:E3,passes agree,EXCLUDE:E3,,S23767,,,False,,,,,,,False,,,EXCLUDE:E3
S23778,10.1021/jacs.4c10312,AGREED_EXCLUDE,EXCLUDE:E4,passes agree,EXCLUDE:E4,,EXCLUDE:E4,passes agree,EXCLUDE:E4,,EXCLUDE:E4,v5 read,EXCLUDE:E4,,S23778,,,False,journal,,,,,,False,,,EXCLUDE:E4
S23781,10.1039/d4ta03416c,AGREED_EXCLUDE,EXCLUDE:E3,passes agree,EXCLUDE:E3,,EXCLUDE:E3,passes agree,EXCLUDE:E3,,EXCLUDE:E3,passes agree,EXCLUDE:E3,,S23781,,,False,,,,,,,False,,,EXCLUDE:E3
S23783,10.3390/molecules29194566,AGREED_EXCLUDE,EXCLUDE:E3,passes agree,EXCLUDE:E3,,EXCLUDE:E3,passes agree,EXCLUDE:E3,,EXCLUDE:E3,v5 read,EXCLUDE:E3,,S23783,,,False,journal,,,,,,False,,,EXCLUDE:E3
S23784,10.3390/molecules29194562,AGREED_EXCLUDE,EXCLUDE:E1,passes agree,EXCLUDE:E1,,EXCLUDE:E1,passes agree,EXCLUDE:E1,,EXCLUDE:E1,passes agree,EXCLUDE:E1,,S23784,,,False,,,,,,,False,,,EXCLUDE:E1
S23789,10.26599/nre.2024.9120140,NEEDS_SI,NEEDS_SI,passes,NEEDS_SI,,NEEDS_SI,v4 read,NEEDS_SI,,UNRESOLVED,v5 read,UNRESOLVED,,S23789,,,True,journal,,,,,,False,,,UNRESOLVED
S23799,10.1038/s41597-024-03872-2,AGREED_EXCLUDE,EXCLUDE:E3,passes agree,EXCLUDE:E3,,EXCLUDE:E3,passes agree,EXCLUDE:E3,,EXCLUDE:E3,v5 read,EXCLUDE:E3,,,,,False,journal,,,,,,False,,,EXCLUDE:E3
S23808,10.1002/cctc.202401472,AGREED_EXCLUDE,EXCLUDE:E3,passes agree,EXCLUDE:E3,,EXCLUDE:E3,passes agree,EXCLUDE:E3,,EXCLUDE:E3,passes agree,EXCLUDE:E3,,S23808,,,False,,,,,,,False,,,EXCLUDE:E3
S23821,10.1021/jacs.4c08149,AGREED_EXCLUDE,EXCLUDE:E3,passes agree,EXCLUDE:E3,,EXCLUDE:E3,passes agree,EXCLUDE:E3,,EXCLUDE:E3,passes agree,EXCLUDE:E3,,S23821,,,False,,,,,,,False,,,EXCLUDE:E3
S23849,10.1021/acs.jpcc.4c04447,AGREED_EXCLUDE,EXCLUDE:E3,passes agree,EXCLUDE:E3,,EXCLUDE:E3,passes agree,EXCLUDE:E3,,EXCLUDE:E3,passes agree,EXCLUDE:E3,,S23849,,,False,,,,,,,False,,,EXCLUDE:E3
S23875,10.1021/acs.jpcc.4c04083,AGREED_EXCLUDE,EXCLUDE:E1,passes agree,EXCLUDE:E1,,EXCLUDE:E1,passes agree,EXCLUDE:E1,,EXCLUDE:E1,passes agree,EXCLUDE:E1,,S23875,,,False,,,,,,,False,,,EXCLUDE:E1
S23881,10.1002/anie.202413334,NEEDS_SI,NEEDS_SI,passes,NEEDS_SI,,NEEDS_SI,v4 read,NEEDS_SI,,NEEDS_SI,v5 read,NEEDS_SI,,S23881,,,True,journal,,,,,,False,,,NEEDS_SI
S23884,10.1038/s41467-024-52991-2,THIRD_READ,EXCLUDE:E6,third read,UNRESOLVED,E6_WITHOUT_SI,EXCLUDE:E6,v4 read,UNRESOLVED,E6_WITHOUT_SI,EXCLUDE:E3,v5 read,EXCLUDE:E3,,S23884,,,False,journal,,,,,,False,,,EXCLUDE:E3
S23887,10.1039/d4cp02903h,AGREED_EXCLUDE,EXCLUDE:E3,passes agree,EXCLUDE:E3,,EXCLUDE:E3,passes agree,EXCLUDE:E3,,EXCLUDE:E3,v5 read,EXCLUDE:E3,,S23887,,,False,journal,,,,,,False,,,EXCLUDE:E3
S23889,10.1002/aenm.202403136,NEEDS_SI,NEEDS_SI,passes,NEEDS_SI,,ELIGIBLE,v4 read,ELIGIBLE,,NEEDS_SI,v5 read,NEEDS_SI,,S23889,equivalent,,True,journal,,,,,,False,,,NEEDS_SI
S23901,10.1063/5.0222409,AGREED_EXCLUDE,EXCLUDE:E3,passes agree,EXCLUDE:E3,,EXCLUDE:E3,passes agree,EXCLUDE:E3,,EXCLUDE:E3,v5 read,EXCLUDE:E3,,S23901,,,False,journal,,,,,,False,,,EXCLUDE:E3
S23917,10.1021/acsami.4c10234,AGREED_EXCLUDE,EXCLUDE:E3,passes agree,EXCLUDE:E3,,EXCLUDE:E3,passes agree,EXCLUDE:E3,,EXCLUDE:E3,v5 read,EXCLUDE:E3,,S23917,,,False,journal,,,,,,False,,,EXCLUDE:E3
S23919,10.1002/cnl2.170,AGREED_EXCLUDE,EXCLUDE:E1,passes agree,EXCLUDE:E1,,EXCLUDE:E1,passes agree,EXCLUDE:E1,,EXCLUDE:E1,passes agree,EXCLUDE:E1,,S23919,,,False,,,,,,,False,,,EXCLUDE:E1
S23924,10.3390/ma17204991,AGREED_EXCLUDE,EXCLUDE:E3,passes agree,EXCLUDE:E3,,EXCLUDE:E3,passes agree,EXCLUDE:E3,,EXCLUDE:E3,passes agree,EXCLUDE:E3,,S23924,,,False,,,,,,,False,,,EXCLUDE:E3
S23927,10.1039/d4nr02745k,NEEDS_SI,NEEDS_SI,passes,NEEDS_SI,,ELIGIBLE,v4 read,ELIGIBLE,,NEEDS_SI,v5 read,NEEDS_SI,,S23927,relative,,True,journal,,,,,,True,,,NEEDS_SI
S23948,10.1021/acs.jpcc.4c04949,AGREED_EXCLUDE,EXCLUDE:E1,passes agree,EXCLUDE:E1,,EXCLUDE:E1,passes agree,EXCLUDE:E1,,EXCLUDE:E1,passes agree,EXCLUDE:E1,,S23948,,,False,,,,,,,False,,,EXCLUDE:E1
S23965,10.48550/arxiv.2410.13393,AGREED_EXCLUDE,EXCLUDE:E3,passes agree,EXCLUDE:E3,,EXCLUDE:E3,passes agree,EXCLUDE:E3,,EXCLUDE:E3,passes agree,EXCLUDE:E3,,,,,False,,,,,,,False,,,EXCLUDE:E3
S23971,10.1002/cey2.629,AGREED_EXCLUDE,EXCLUDE:E1,passes agree,EXCLUDE:E1,,EXCLUDE:E1,passes agree,EXCLUDE:E1,,EXCLUDE:E1,passes agree,EXCLUDE:E1,,S23971,,,False,,,,,,,False,,,EXCLUDE:E1
S23973,10.1038/s41565-024-01807-x,AGREED_EXCLUDE,EXCLUDE:E4,passes agree,EXCLUDE:E4,,EXCLUDE:E4,passes agree,EXCLUDE:E4,,EXCLUDE:E4,v5 read,EXCLUDE:E4,,S23973,,,False,journal,,,,,,False,,,EXCLUDE:E4
S23979,10.1002/aenm.202402699,NEEDS_SI,NEEDS_SI,passes,NEEDS_SI,,EXCLUDE:E3,v4 read,EXCLUDE:E3,,EXCLUDE:E3,v5 read,EXCLUDE:E3,,S23979,,,True,journal,,,,,,False,,,EXCLUDE:E3
S24013,10.1021/acscatal.4c03685,AGREED_EXCLUDE,EXCLUDE:E1,passes agree,EXCLUDE:E1,,EXCLUDE:E1,passes agree,EXCLUDE:E1,,EXCLUDE:E1,passes agree,EXCLUDE:E1,,S24013,,,False,,,,,,,False,,,EXCLUDE:E1
S24020,10.21203/rs.3.rs-5187955/v1,THIRD_READ,ELIGIBLE,third read,collapsed into S26608,,ELIGIBLE,v4 read,collapsed into S26608,,NEEDS_SI,v5 read,collapsed into S26608,,S26608,equivalent,,False,preprint,,,,,,False,,,collapsed into S26608
S24031,10.1002/ange.202418265,RERETRIEVE,,no readable text,no readable text,,,no readable text,no readable text,,,no readable text,no readable text,,S24031,,,False,,,,,,,False,,,no readable text
S24032,10.1002/anie.202418265,RERETRIEVE,,no readable text,collapsed into S24031,,,no readable text,collapsed into S24031,,,no readable text,collapsed into S24031,,S24031,,,False,,,,,,,False,,,collapsed into S24031
S24043,10.3390/nano14211732,AGREED_EXCLUDE,EXCLUDE:E3,passes agree,EXCLUDE:E3,,EXCLUDE:E3,passes agree,EXCLUDE:E3,,EXCLUDE:E3,passes agree,EXCLUDE:E3,,S24043,,,False,,,,,,,False,,,EXCLUDE:E3
S24058,10.1021/acscatal.4c03562,AGREED_EXCLUDE,EXCLUDE:E3,passes agree,EXCLUDE:E3,,EXCLUDE:E3,passes agree,EXCLUDE:E3,,EXCLUDE:E3,passes agree,EXCLUDE:E3,,S24058,,,False,,,,,,,False,,,EXCLUDE:E3
S24069,10.1038/s41467-024-53871-5,THIRD_READ,EXCLUDE:E4,third read,EXCLUDE:E4,,EXCLUDE:E4,third read,EXCLUDE:E4,,EXCLUDE:E4,v5 read,EXCLUDE:E4,,S24069,,,False,journal,,,,,,False,,,EXCLUDE:E4
S24075,10.1021/acs.jpclett.4c02616,AGREED_EXCLUDE,EXCLUDE:E3,passes agree,EXCLUDE:E3,,EXCLUDE:E3,passes agree,EXCLUDE:E3,,EXCLUDE:E3,v5 read,EXCLUDE:E3,,S24075,,,False,journal,,,,,,False,,,EXCLUDE:E3
S24088,10.1038/s41467-024-53763-8,AGREED_EXCLUDE,EXCLUDE:E4,passes agree,EXCLUDE:E4,,EXCLUDE:E4,passes agree,EXCLUDE:E4,,EXCLUDE:E4,v5 read,EXCLUDE:E4,,S24088,,,False,journal,,,,,,False,,,EXCLUDE:E4
S24094,10.1002/adma.202414579,NEEDS_SI,NEEDS_SI,passes,NEEDS_SI,,NEEDS_SI,v4 read,NEEDS_SI,,UNRESOLVED,manual priority SI 2026-10-03: independent reads reviewed,UNRESOLVED,,S24094,,,False,journal,,,,,,False,,recovery reviewed,NEEDS_SI
S24108,10.1126/sciadv.adp8911,AGREED_EXCLUDE,EXCLUDE:E3,passes agree,EXCLUDE:E3,,EXCLUDE:E3,passes agree,EXCLUDE:E3,,EXCLUDE:E3,passes agree,EXCLUDE:E3,,S24108,,,False,,,,,,,False,,,EXCLUDE:E3
S24110,10.1002/cctc.202401591,AGREED_EXCLUDE,EXCLUDE:E3,passes agree,EXCLUDE:E3,,EXCLUDE:E3,passes agree,EXCLUDE:E3,,EXCLUDE:E3,passes agree,EXCLUDE:E3,,S24110,,,False,,,,,,,False,,,EXCLUDE:E3
S24119,10.1002/ese3.1938,AGREED_EXCLUDE,EXCLUDE:E1,passes agree,EXCLUDE:E1,,EXCLUDE:E1,passes agree,EXCLUDE:E1,,EXCLUDE:E1,passes agree,EXCLUDE:E1,,S24119,,,False,,,,,,,False,,,EXCLUDE:E1
S24131,10.1021/jacs.4c13164,NEEDS_SI,NEEDS_SI,passes,NEEDS_SI,,NEEDS_SI,v4 read,NEEDS_SI,,EXCLUDE:E6,SI read: passes agree,EXCLUDE:E6,,S24131,,,False,journal,,,,,,False,,agreed,NEEDS_SI
S24136,10.26599/nre.2024.9120141,AGREED_ELIGIBLE,ELIGIBLE,passes agree,ELIGIBLE,,ELIGIBLE,v4 read,ELIGIBLE,,UNRESOLVED,SI read: third read,ELIGIBLE,dated,S24136,numeric,,True,journal,numeric,direct,,,,False,,third read,UNRESOLVED
S24139,10.1016/j.actamat.2024.120559,THIRD_READ,EXCLUDE:E3,third read,EXCLUDE:E3,,EXCLUDE:E3,v4 read,EXCLUDE:E3,,EXCLUDE:E3,v5 read,EXCLUDE:E3,,S24139,,,False,journal,,,,,,False,,,EXCLUDE:E3
S24141,10.1021/acscatal.4c04477,AGREED_EXCLUDE,EXCLUDE:E3,passes agree,EXCLUDE:E3,,EXCLUDE:E3,passes agree,EXCLUDE:E3,,EXCLUDE:E3,passes agree,EXCLUDE:E3,,S24141,,,False,,,,,,,False,,,EXCLUDE:E3
S24149,10.1021/acscatal.4c04489,THIRD_READ,NEEDS_SI,third read,NEEDS_SI,,UNRESOLVED,v4 read,UNRESOLVED,,EXCLUDE:E6,SI read: passes agree; SI adjudication 2026-09-29,EXCLUDE:E6,,S24149,,,True,journal,,,,,,False,,agreed,UNRESOLVED
S24151,10.3390/molecules29225313,AGREED_EXCLUDE,EXCLUDE:E1,passes agree,EXCLUDE:E1,,EXCLUDE:E1,passes agree,EXCLUDE:E1,,EXCLUDE:E1,v5 read,EXCLUDE:E1,,S24151,,,False,journal,,,,,,False,,,EXCLUDE:E1
S24155,10.1021/jacs.4c07002,AGREED_EXCLUDE,EXCLUDE:E3,passes agree,EXCLUDE:E3,,EXCLUDE:E3,passes agree,EXCLUDE:E3,,EXCLUDE:E3,passes agree,EXCLUDE:E3,,S24155,,,False,,,,,,,False,,,EXCLUDE:E3
S24159,10.21203/rs.3.rs-5347326/v1,THIRD_READ,ELIGIBLE,third read,collapsed into S26348,,ELIGIBLE,v4 read,collapsed into S26348,,ELIGIBLE,v5 read,collapsed into S26348,,S26348,numeric,,False,preprint,numeric,direct,,,,False,,,collapsed into S26348
S24160,10.48550/arxiv.2410.16658,THIRD_READ,EXCLUDE:E3,third read,EXCLUDE:E3,,EXCLUDE:E3,third read,EXCLUDE:E3,,EXCLUDE:E3,v5 read,EXCLUDE:E3,,,,,False,preprint,,,,,,False,,,EXCLUDE:E3
S24165,10.1038/s41467-024-53905-y,NEEDS_SI,NEEDS_SI,passes,NEEDS_SI,,UNRESOLVED,v4 read,ELIGIBLE,dated,UNRESOLVED,SI read: third read,UNRESOLVED,dated,S24165,equivalent,,True,journal,,,,,,True,,third read,NEEDS_SI
S24175,10.48550/arxiv.2410.18421,THIRD_READ,EXCLUDE:E6,third read,collapsed into S25122,,EXCLUDE:E6,v4 read,collapsed into S25122,,EXCLUDE:E6,v5 read,collapsed into S25122,,S25122,,,False,preprint,,,,,,False,,,collapsed into S25122
S24192,10.48550/arxiv.2410.22666,AGREED_EXCLUDE,EXCLUDE:E3,passes agree,EXCLUDE:E3,,EXCLUDE:E3,passes agree,EXCLUDE:E3,,EXCLUDE:E3,passes agree,EXCLUDE:E3,,,,,False,,,,,,,False,,,EXCLUDE:E3
S24195,10.21275/sr22709055231,AGREED_EXCLUDE,EXCLUDE:E3,passes agree,EXCLUDE:E3,,EXCLUDE:E3,passes agree,EXCLUDE:E3,,EXCLUDE:E3,passes agree,EXCLUDE:E3,,S24195,,,False,,,,,,,False,,,EXCLUDE:E3
S24197,10.1039/d4nr03678f,AGREED_EXCLUDE,EXCLUDE:E3,passes agree,EXCLUDE:E3,,EXCLUDE:E3,passes agree,EXCLUDE:E3,,EXCLUDE:E3,passes agree,EXCLUDE:E3,,S24197,,,False,,,,,,,False,,,EXCLUDE:E3
S24198,10.1021/acs.accounts.4c00578,THIRD_READ,EXCLUDE:E1,third read,EXCLUDE:E1,,EXCLUDE:E1,third read,EXCLUDE:E1,,EXCLUDE:E1,v5 read,EXCLUDE:E1,,S24198,,,False,journal,,,,,,False,,,EXCLUDE:E1
S24210,10.1021/acsmaterialsau.4c00086,AGREED_EXCLUDE,EXCLUDE:E1,passes agree,EXCLUDE:E1,,EXCLUDE:E1,passes agree,EXCLUDE:E1,,EXCLUDE:E1,passes agree,EXCLUDE:E1,,S24210,,,False,,,,,,,False,,,EXCLUDE:E1
S24215,10.46855/energy-proceedings-11476,AGREED_EXCLUDE,EXCLUDE:E3,passes agree,EXCLUDE:E3,,EXCLUDE:E3,passes agree,EXCLUDE:E3,,EXCLUDE:E3,passes agree,EXCLUDE:E3,,,,,False,,,,,,,False,,,EXCLUDE:E3
S24217,10.1002/adsu.202400747,AGREED_EXCLUDE,EXCLUDE:E3,passes agree,EXCLUDE:E3,,EXCLUDE:E3,passes agree,EXCLUDE:E3,,EXCLUDE:E3,passes agree,EXCLUDE:E3,,S24217,,,False,,,,,,,False,,,EXCLUDE:E3
S24220,10.1002/aenm.202401659,AGREED_EXCLUDE,EXCLUDE:E3,passes agree,EXCLUDE:E3,,EXCLUDE:E3,passes agree,EXCLUDE:E3,,EXCLUDE:E3,passes agree,EXCLUDE:E3,,S24220,,,False,,,,,,,False,,,EXCLUDE:E3
S24257,10.1021/prechem.4c00068,THIRD_READ,ELIGIBLE,third read,ELIGIBLE,,ELIGIBLE,v4 read,ELIGIBLE,,ELIGIBLE,v5 read,ELIGIBLE,,S24257,numeric,,False,journal,numeric,direct,,,,False,,,ELIGIBLE
S24272,10.1021/jacs.4c09911,AGREED_EXCLUDE,EXCLUDE:E3,passes agree,EXCLUDE:E3,,EXCLUDE:E3,passes agree,EXCLUDE:E3,,EXCLUDE:E3,v5 read,EXCLUDE:E3,,S24272,,,False,journal,,,,,,False,,,EXCLUDE:E3
S24282,10.1002/aenm.202404113,AGREED_EXCLUDE,EXCLUDE:E1,passes agree,EXCLUDE:E1,,EXCLUDE:E1,passes agree,EXCLUDE:E1,,EXCLUDE:E1,passes agree,EXCLUDE:E1,,S24282,,,False,,,,,,,False,,,EXCLUDE:E1
S24288,10.1021/acs.jpcc.4c07173,AGREED_EXCLUDE,EXCLUDE:E3,passes agree,EXCLUDE:E3,,EXCLUDE:E3,passes agree,EXCLUDE:E3,,EXCLUDE:E3,passes agree,EXCLUDE:E3,,S24288,,,False,,,,,,,False,,,EXCLUDE:E3
S24294,10.1039/d4na00806e,THIRD_READ,EXCLUDE:E1,third read,EXCLUDE:E1,,EXCLUDE:E1,third read,EXCLUDE:E1,,EXCLUDE:E1,v5 read,EXCLUDE:E1,,S24294,,,False,journal,,,,,,False,,,EXCLUDE:E1
S24309,10.1016/j.omx.2024.100382,AGREED_EXCLUDE,EXCLUDE:E4,passes agree,EXCLUDE:E4,,EXCLUDE:E4,passes agree,EXCLUDE:E4,,EXCLUDE:E4,v5 read,EXCLUDE:E4,,S24309,,,False,journal,,,,,,False,,,EXCLUDE:E4
S24317,10.1039/d4cp03363a,AGREED_EXCLUDE,EXCLUDE:E3,passes agree,EXCLUDE:E3,,EXCLUDE:E3,passes agree,EXCLUDE:E3,,EXCLUDE:E3,v5 read,EXCLUDE:E3,,S24317,,,False,journal,,,,,,False,,,EXCLUDE:E3
S24318,10.1039/d4ee02839b,AGREED_EXCLUDE,EXCLUDE:E4,passes agree,EXCLUDE:E4,,EXCLUDE:E5,v4 read,EXCLUDE:E5,,EXCLUDE:E4,v5 read,EXCLUDE:E4,,S24318,,,True,journal,,,,,,False,,,EXCLUDE:E4
S24326,10.1002/adma.202411709,NEEDS_SI,NEEDS_SI,passes,NEEDS_SI,,NEEDS_SI,v4 read,NEEDS_SI,,NEEDS_SI,v5 read,NEEDS_SI,,S24326,numeric,,True,journal,numeric,direct,,,,False,,,NEEDS_SI
S24345,10.3389/fsci.2024.1411644,AGREED_EXCLUDE,EXCLUDE:E1,passes agree,EXCLUDE:E1,,EXCLUDE:E1,passes agree,EXCLUDE:E1,,EXCLUDE:E1,passes agree,EXCLUDE:E1,,S24345,,,False,,,,,,,False,,,EXCLUDE:E1
S24356,10.1002/advs.202412862,AGREED_EXCLUDE,EXCLUDE:E3,passes agree,EXCLUDE:E3,,EXCLUDE:E3,passes agree,EXCLUDE:E3,,EXCLUDE:E3,v5 read,EXCLUDE:E3,,S24356,,,False,journal,,,,,,False,,,EXCLUDE:E3
S24357,10.3390/molecules29235721,AGREED_EXCLUDE,EXCLUDE:E3,passes agree,EXCLUDE:E3,,EXCLUDE:E3,passes agree,EXCLUDE:E3,,EXCLUDE:E3,passes agree,EXCLUDE:E3,,S24357,,,False,,,,,,,False,,,EXCLUDE:E3
S24360,10.1038/s41467-024-54987-4,AGREED_EXCLUDE,EXCLUDE:E5,passes agree,EXCLUDE:E5,,EXCLUDE:E5,v4 read,EXCLUDE:E5,,EXCLUDE:E5,v5 read,EXCLUDE:E5,,S24360,,,False,journal,,,,,,False,,,EXCLUDE:E5
S24374,10.1002/adma.202409386,AGREED_EXCLUDE,EXCLUDE:E3,passes agree,EXCLUDE:E3,,EXCLUDE:E3,passes agree,EXCLUDE:E3,,EXCLUDE:E3,passes agree,EXCLUDE:E3,,S24374,,,False,,,,,,,False,,,EXCLUDE:E3
S24379,10.1002/smll.202406353,AGREED_EXCLUDE,EXCLUDE:E5,passes agree,EXCLUDE:E5,,EXCLUDE:E5,v4 read,EXCLUDE:E5,,NEEDS_SI,v5 read,NEEDS_SI,,S24379,,,False,journal,,,,,,False,,,NEEDS_SI
S24387,10.1021/acs.nanolett.4c05139,THIRD_READ,ELIGIBLE,third read,ELIGIBLE,,ELIGIBLE,v4 read,ELIGIBLE,,ELIGIBLE,v5 read,ELIGIBLE,,S24387,numeric,,False,journal,numeric,direct,,,,False,,,ELIGIBLE
S24393,10.1002/aic.18665,THIRD_READ,ELIGIBLE,third read,ELIGIBLE,,ELIGIBLE,v4 read,ELIGIBLE,,ELIGIBLE,v5 read,ELIGIBLE,,S24393,graphical,,False,journal,graphical,direct,,,,False,,,ELIGIBLE
S24431,10.1002/9783527846368.ch12,AGREED_EXCLUDE,EXCLUDE:E1,passes agree,EXCLUDE:E1,,EXCLUDE:E1,passes agree,EXCLUDE:E1,,EXCLUDE:E1,passes agree,EXCLUDE:E1,,,,,False,,,,,,,False,,,EXCLUDE:E1
S24454,10.1021/acscentsci.4c01415,AGREED_EXCLUDE,EXCLUDE:E3,passes agree,EXCLUDE:E3,,EXCLUDE:E3,passes agree,EXCLUDE:E3,,EXCLUDE:E3,v5 read,EXCLUDE:E3,,S24454,,,False,journal,,,,,,False,,,EXCLUDE:E3
S24485,10.1002/adfm.202416385,AGREED_ELIGIBLE,ELIGIBLE,passes agree,ELIGIBLE,,UNRESOLVED,v4 read,UNRESOLVED,,UNRESOLVED,v5 read,UNRESOLVED,,S24485,numeric,,True,journal,numeric,direct,,,,False,,,UNRESOLVED
S24489,10.1002/adfm.202414449,NEEDS_SI,NEEDS_SI,passes,NEEDS_SI,,NEEDS_SI,v4 read,NEEDS_SI,,NEEDS_SI,v5 read,NEEDS_SI,,S24489,,,False,journal,,,,,,False,,,NEEDS_SI
S24490,10.1002/adfm.202421615,AGREED_EXCLUDE,EXCLUDE:E3,passes agree,EXCLUDE:E3,,EXCLUDE:E3,passes agree,EXCLUDE:E3,,EXCLUDE:E3,passes agree,EXCLUDE:E3,,S24490,,,False,,,,,,,False,,,EXCLUDE:E3
S24545,10.21203/rs.3.rs-5603672/v1,AGREED_EXCLUDE,EXCLUDE:E3,passes agree,EXCLUDE:E3,,EXCLUDE:E3,passes agree,EXCLUDE:E3,,EXCLUDE:E3,v5 read,EXCLUDE:E3,,,,,False,preprint,,,,,,False,,,EXCLUDE:E3
S24590,10.1016/j.ijhydene.2024.12.337,AGREED_EXCLUDE,EXCLUDE:E3,passes agree,EXCLUDE:E3,,EXCLUDE:E3,passes agree,EXCLUDE:E3,,EXCLUDE:E3,passes agree,EXCLUDE:E3,,S24590,,,False,,,,,,,False,,,EXCLUDE:E3
S24593,10.1002/smll.202410311,AGREED_EXCLUDE,EXCLUDE:E3,passes agree,EXCLUDE:E3,,EXCLUDE:E3,passes agree,EXCLUDE:E3,,EXCLUDE:E3,passes agree,EXCLUDE:E3,,S24593,,,False,,,,,,,False,,,EXCLUDE:E3
S24600,10.1002/batt.202400774,AGREED_EXCLUDE,EXCLUDE:E3,passes agree,EXCLUDE:E3,,EXCLUDE:E3,passes agree,EXCLUDE:E3,,EXCLUDE:E3,passes agree,EXCLUDE:E3,,S24600,,,False,,,,,,,False,,,EXCLUDE:E3
S24603,10.1002/ange.202420481,NEEDS_SI,NEEDS_SI,passes,NEEDS_SI,,NEEDS_SI,v4 read,NEEDS_SI,,NEEDS_SI,v5 read,NEEDS_SI,,S24603,,,True,journal,,,,,,False,,,NEEDS_SI
S24606,10.1088/978-0-7503-5291-8,AGREED_EXCLUDE,EXCLUDE:E1,passes agree,EXCLUDE:E1,,EXCLUDE:E1,passes agree,EXCLUDE:E1,,EXCLUDE:E1,passes agree,EXCLUDE:E1,,,,,False,,,,,,,False,,,EXCLUDE:E1
S24608,10.1002/smll.202410407,AGREED_EXCLUDE,EXCLUDE:E1,passes agree,EXCLUDE:E1,,EXCLUDE:E1,passes agree,EXCLUDE:E1,,EXCLUDE:E1,passes agree,EXCLUDE:E1,,S24608,,,False,,,,,,,False,,,EXCLUDE:E1
S24615,10.2320/jinstmet.jd202403,AGREED_EXCLUDE,EXCLUDE:E1,passes agree,EXCLUDE:E1,,EXCLUDE:E1,passes agree,EXCLUDE:E1,,EXCLUDE:E1,passes agree,EXCLUDE:E1,,S24615,,,False,,,,,,,False,,,EXCLUDE:E1
S24620,10.1103/6gqw-thc1,AGREED_EXCLUDE,EXCLUDE:E3,passes agree,EXCLUDE:E3,,EXCLUDE:E3,passes agree,EXCLUDE:E3,,EXCLUDE:E3,v5 read,EXCLUDE:E3,,S24620,,,False,preprint,,,,,,False,,,EXCLUDE:E3
S24627,10.22353/physics.v36i605.9325,AGREED_EXCLUDE,EXCLUDE:E3,passes agree,EXCLUDE:E3,,EXCLUDE:E3,passes agree,EXCLUDE:E3,,EXCLUDE:E3,passes agree,EXCLUDE:E3,,S24627,,,False,,,,,,,False,,,EXCLUDE:E3
S24665,10.31613/ceramist.2024.00164,AGREED_EXCLUDE,EXCLUDE:E1,passes agree,EXCLUDE:E1,,EXCLUDE:E1,passes agree,EXCLUDE:E1,,EXCLUDE:E1,passes agree,EXCLUDE:E1,,S24665,,,False,,,,,,,False,,,EXCLUDE:E1
S24672,10.29356/jmcs.v69i1.2289,THIRD_READ,EXCLUDE:E1,third read,EXCLUDE:E1,,EXCLUDE:E1,third read,EXCLUDE:E1,,EXCLUDE:E1,v5 read,EXCLUDE:E1,,S24672,,,False,journal,,,,,,False,,,EXCLUDE:E1
S24676,10.3390/polym17010059,AGREED_EXCLUDE,EXCLUDE:E3,passes agree,EXCLUDE:E3,,EXCLUDE:E3,passes agree,EXCLUDE:E3,,EXCLUDE:E3,passes agree,EXCLUDE:E3,,S24676,,,False,,,,,,,False,,,EXCLUDE:E3
S24686,10.3390/ma18010121,AGREED_EXCLUDE,EXCLUDE:E5,passes agree,EXCLUDE:E5,,EXCLUDE:E5,v4 read,EXCLUDE:E5,,EXCLUDE:E4,SI read: third read,EXCLUDE:E4,,S24686,,,False,journal,,,,,,False,,third read,EXCLUDE:E5
S24695,10.1002/adma.202405447,NEEDS_SI,NEEDS_SI,passes,NEEDS_SI,,NEEDS_SI,v4 read,NEEDS_SI,,NEEDS_SI,v5 read,NEEDS_SI,,S24695,,,False,journal,numeric,direct,,,,False,,,NEEDS_SI
S24698,10.1038/s41467-024-54646-8,AGREED_EXCLUDE,EXCLUDE:E4,passes agree,EXCLUDE:E4,,EXCLUDE:E4,passes agree,EXCLUDE:E4,,EXCLUDE:E4,SI read: passes agree,EXCLUDE:E4,,S24698,,,False,journal,,,,,,False,identity check,agreed,EXCLUDE:E5
S24701,10.1038/s41467-024-55747-0,AGREED_EXCLUDE,EXCLUDE:E3,passes agree,EXCLUDE:E3,,EXCLUDE:E3,passes agree,EXCLUDE:E3,,EXCLUDE:E3,passes agree,EXCLUDE:E3,,S24701,,,False,,,,,,,False,,,EXCLUDE:E3
S24704,10.1515/revce-2025-0022,AGREED_EXCLUDE,EXCLUDE:E1,passes agree,EXCLUDE:E1,,EXCLUDE:E1,passes agree,EXCLUDE:E1,,EXCLUDE:E1,passes agree,EXCLUDE:E1,,S24704,,,False,,,,,,,False,,,EXCLUDE:E1
S24712,10.1021/acsami.4c14231,AGREED_EXCLUDE,EXCLUDE:E5,passes agree,EXCLUDE:E5,,EXCLUDE:E5,v4 read,EXCLUDE:E5,,EXCLUDE:E5,SI read: passes agree,EXCLUDE:E5,,S24712,,,False,journal,,,,,,False,,agreed,EXCLUDE:E5
S24713,10.1515/revic-2024-0107,AGREED_EXCLUDE,EXCLUDE:E1,passes agree,EXCLUDE:E1,,EXCLUDE:E1,passes agree,EXCLUDE:E1,,EXCLUDE:E1,passes agree,EXCLUDE:E1,,S24713,,,False,,,,,,,False,,,EXCLUDE:E1
S24730,10.6001/chemija.2014.25.3.4,AGREED_EXCLUDE,EXCLUDE:E3,passes agree,EXCLUDE:E3,,EXCLUDE:E3,passes agree,EXCLUDE:E3,,EXCLUDE:E3,passes agree,EXCLUDE:E3,,S24730,,,False,,,,,,,False,,,EXCLUDE:E3
S24742,10.3390/molecules30020208,AGREED_EXCLUDE,EXCLUDE:E3,passes agree,EXCLUDE:E3,,EXCLUDE:E3,passes agree,EXCLUDE:E3,,EXCLUDE:E3,passes agree,EXCLUDE:E3,,S24742,,,False,,,,,,,False,,,EXCLUDE:E3
S24771,10.1021/acsnano.4c14851,NEEDS_SI,NEEDS_SI,passes,NEEDS_SI,,NEEDS_SI,v4 read,NEEDS_SI,,UNRESOLVED,SI read: third read,UNRESOLVED,,S24771,,,False,journal,,,,,,True,,third read,UNRESOLVED
S24786,10.1002/ange.202423353,THIRD_READ,ELIGIBLE,third read,ELIGIBLE,,ELIGIBLE,v4 read,ELIGIBLE,,ELIGIBLE,v5 read,ELIGIBLE,,S24786,numeric,,False,journal,numeric,direct,,,,False,,,ELIGIBLE
S24787,10.1002/anie.202420860,NEEDS_SI,NEEDS_SI,passes,NEEDS_SI,,ELIGIBLE,v4 read,ELIGIBLE,,NEEDS_SI,v5 read,NEEDS_SI,,S24787,equivalent,,False,journal,,,,,,False,,,NEEDS_SI
S24789,10.1038/s41467-025-55910-1,AGREED_ELIGIBLE,ELIGIBLE,passes agree,ELIGIBLE,,ELIGIBLE,v4 read,ELIGIBLE,,ELIGIBLE,v5 read,ELIGIBLE,,S24789,numeric,,False,journal,numeric,direct,,,,False,,,ELIGIBLE
S24793,10.1002/eem2.12873,AGREED_EXCLUDE,EXCLUDE:E1,passes agree,EXCLUDE:E1,,EXCLUDE:E1,passes agree,EXCLUDE:E1,,EXCLUDE:E1,passes agree,EXCLUDE:E1,,S24793,,,False,,,,,,,False,,,EXCLUDE:E1
S24797,10.1021/acs.energyfuels.4c05299,AGREED_EXCLUDE,EXCLUDE:E3,passes agree,EXCLUDE:E3,,EXCLUDE:E3,passes agree,EXCLUDE:E3,,EXCLUDE:E3,passes agree,EXCLUDE:E3,,S24797,,,False,,,,,,,False,,,EXCLUDE:E3
S24814,10.1039/d4sc08291e,AGREED_EXCLUDE,EXCLUDE:E5,passes agree,EXCLUDE:E5,,EXCLUDE:E5,v4 read,EXCLUDE:E5,,EXCLUDE:E5,v5 read,EXCLUDE:E5,,S24814,,,False,journal,,,,,,False,,,EXCLUDE:E5
S24818,10.1002/advs.202414534,AGREED_EXCLUDE,EXCLUDE:E3,passes agree,EXCLUDE:E3,,EXCLUDE:E3,passes agree,EXCLUDE:E3,,EXCLUDE:E3,passes agree,EXCLUDE:E3,,S24818,,,False,,,,,,,False,,,EXCLUDE:E3
S24821,10.1002/advs.202409249,NEEDS_SI,NEEDS_SI,passes,NEEDS_SI,,NEEDS_SI,v4 read,NEEDS_SI,,UNRESOLVED,public evidence recovery 2026-10-01: independent reads reviewed,UNRESOLVED,,S24821,,,True,journal,,,,,,False,,recovery reviewed,NEEDS_SI
S24824,10.21203/rs.3.rs-5530445/v1,THIRD_READ,EXCLUDE:E4,third read,EXCLUDE:E4,,EXCLUDE:E4,third read,EXCLUDE:E4,,EXCLUDE:E3,v5 read,EXCLUDE:E3,,,,,False,preprint,,,,,,False,,,EXCLUDE:E3
S24825,10.20517/energymater.2024.62,THIRD_READ,EXCLUDE:E1,third read,EXCLUDE:E1,,EXCLUDE:E1,third read,EXCLUDE:E1,,EXCLUDE:E1,v5 read,EXCLUDE:E1,,S24825,,,False,journal,,,,,,False,,,EXCLUDE:E1
S24832,10.1002/adfm.202421354,THIRD_READ,UNRESOLVED,third read,UNRESOLVED,,EXCLUDE:E5,v4 read,EXCLUDE:E5,,EXCLUDE:E5,v5 read,EXCLUDE:E5,,S24832,,,True,journal,,,,,,False,,,EXCLUDE:E5
S24834,10.1021/acsomega.4c10161,AGREED_EXCLUDE,EXCLUDE:E3,passes agree,EXCLUDE:E3,,EXCLUDE:E3,passes agree,EXCLUDE:E3,,EXCLUDE:E3,passes agree,EXCLUDE:E3,,S24834,,,False,,,,,,,False,,,EXCLUDE:E3
S24835,10.1021/acscatal.4c06814,AGREED_EXCLUDE,EXCLUDE:E3,passes agree,EXCLUDE:E3,,EXCLUDE:E3,passes agree,EXCLUDE:E3,,EXCLUDE:E3,passes agree,EXCLUDE:E3,,S24835,,,False,,,,,,,False,,,EXCLUDE:E3
S24844,10.1002/adma.202416362,AGREED_EXCLUDE,EXCLUDE:E1,passes agree,EXCLUDE:E1,,EXCLUDE:E1,passes agree,EXCLUDE:E1,,EXCLUDE:E1,passes agree,EXCLUDE:E1,,S24844,,,False,,,,,,,False,,,EXCLUDE:E1
S24855,10.1038/s41467-025-56188-z,NEEDS_SI,NEEDS_SI,passes,NEEDS_SI,,NEEDS_SI,v4 read,NEEDS_SI,,EXCLUDE:E6,SI read: third read,EXCLUDE:E6,,S24855,,,True,journal,,,,,,False,,third read,NEEDS_SI
S24867,10.1007/s42114-025-01234-z,AGREED_EXCLUDE,EXCLUDE:E3,passes agree,EXCLUDE:E3,,EXCLUDE:E3,passes agree,EXCLUDE:E3,,EXCLUDE:E3,passes agree,EXCLUDE:E3,,S24867,,,False,,,,,,,False,,,EXCLUDE:E3
S24869,10.5599/jese.2634,AGREED_EXCLUDE,EXCLUDE:E1,passes agree,EXCLUDE:E1,,EXCLUDE:E1,passes agree,EXCLUDE:E1,,EXCLUDE:E1,passes agree,EXCLUDE:E1,,S24869,,,False,,,,,,,False,,,EXCLUDE:E1
S24876,10.1039/d4sc04477k,THIRD_READ,EXCLUDE:E1,third read,EXCLUDE:E1,,EXCLUDE:E1,third read,EXCLUDE:E1,,EXCLUDE:E1,v5 read,EXCLUDE:E1,,S24876,,,False,journal,,,,,,False,,,EXCLUDE:E1
S24907,10.1016/j.jcat.2025.115968,THIRD_READ,ELIGIBLE,v3 sensitivity read,ELIGIBLE,,ELIGIBLE,v4 sensitivity read,ELIGIBLE,,ELIGIBLE,third read (v5),ELIGIBLE,,S24907,numeric,,False,journal,numeric,direct,,,,False,,,ELIGIBLE
S24908,10.1039/d4cp02967d,AGREED_EXCLUDE,EXCLUDE:E1,passes agree,EXCLUDE:E1,,EXCLUDE:E1,passes agree,EXCLUDE:E1,,EXCLUDE:E1,passes agree,EXCLUDE:E1,,S24908,,,False,,,,,,,False,,,EXCLUDE:E1
S24910,10.1021/acsami.4c16908,THIRD_READ,ELIGIBLE,third read,ELIGIBLE,,ELIGIBLE,v4 read,ELIGIBLE,,ELIGIBLE,v5 read,ELIGIBLE,,S24910,numeric,,False,journal,numeric,direct,,,,False,,,ELIGIBLE
S24921,10.1002/anie.202422707,NEEDS_SI,NEEDS_SI,passes,NEEDS_SI,,NEEDS_SI,v4 read,NEEDS_SI,,NEEDS_SI,v5 read,NEEDS_SI,,S24921,,,False,journal,,,,,,False,,,NEEDS_SI
S24922,10.1002/ange.202422707,NEEDS_SI,NEEDS_SI,passes,collapsed into S24921,,NEEDS_SI,v4 read,collapsed into S24921,,NEEDS_SI,v5 read,collapsed into S24921,,S24921,,,False,journal,,,,,,False,,,collapsed into S24921
S24924,10.48550/arxiv.2501.12936,AGREED_EXCLUDE,EXCLUDE:E3,passes agree,EXCLUDE:E3,,EXCLUDE:E3,passes agree,EXCLUDE:E3,,EXCLUDE:E3,v5 read,EXCLUDE:E3,,,,,False,preprint,,,,,,False,,,EXCLUDE:E3
S24926,10.1007/s12678-024-00925-3,AGREED_EXCLUDE,EXCLUDE:E3,passes agree,EXCLUDE:E3,,EXCLUDE:E3,passes agree,EXCLUDE:E3,,EXCLUDE:E3,passes agree,EXCLUDE:E3,,S24926,,,False,,,,,,,False,,,EXCLUDE:E3
S24929,10.1186/s40580-024-00467-w,AGREED_EXCLUDE,EXCLUDE:E1,passes agree,EXCLUDE:E1,,EXCLUDE:E1,passes agree,EXCLUDE:E1,,EXCLUDE:E1,passes agree,EXCLUDE:E1,,S24929,,,False,,,,,,,False,,,EXCLUDE:E1
S24939,10.1038/s41467-025-56189-y,AGREED_ELIGIBLE,ELIGIBLE,passes agree,ELIGIBLE,,ELIGIBLE,v4 read,ELIGIBLE,,ELIGIBLE,v5 read,ELIGIBLE,,S24939,numeric,,True,journal,numeric,direct,"HEO: 1.70 eV RDS minus 1.23 would give 0.47 V, but authors report 0.35 V as overpotential; kept as reported.",,,False,,,ELIGIBLE
S24953,10.1038/s41598-024-84316-0,AGREED_EXCLUDE,EXCLUDE:E3,passes agree,EXCLUDE:E3,,EXCLUDE:E3,passes agree,EXCLUDE:E3,,EXCLUDE:E3,v5 read,EXCLUDE:E3,,S24953,,,False,journal,,,,,,False,,,EXCLUDE:E3
S24959,10.71330/thenucleus.2015.639,AGREED_EXCLUDE,EXCLUDE:E1,passes agree,EXCLUDE:E1,,EXCLUDE:E1,passes agree,EXCLUDE:E1,,EXCLUDE:E1,passes agree,EXCLUDE:E1,,S24959,,,False,,,,,,,False,,,EXCLUDE:E1
S24975,10.1002/open.202400153,AGREED_EXCLUDE,EXCLUDE:E3,passes agree,EXCLUDE:E3,,EXCLUDE:E3,passes agree,EXCLUDE:E3,,EXCLUDE:E3,v5 read,EXCLUDE:E3,,S24975,,,False,journal,,,,,,False,,,EXCLUDE:E3
S24998,10.61511/eam.v2i2.2024.1368,AGREED_EXCLUDE,EXCLUDE:E1,passes agree,EXCLUDE:E1,,EXCLUDE:E1,passes agree,EXCLUDE:E1,,EXCLUDE:E1,passes agree,EXCLUDE:E1,,S24998,,,False,,,,,,,False,,,EXCLUDE:E1
S25002,10.1021/acs.chemrev.3c00904,AGREED_EXCLUDE,EXCLUDE:E1,passes agree,EXCLUDE:E1,,EXCLUDE:E1,passes agree,EXCLUDE:E1,,EXCLUDE:E1,v5 read,EXCLUDE:E1,,S25002,,,False,journal,,,,,,False,,,EXCLUDE:E1
S25006,10.1039/d4se01768d,THIRD_READ,EXCLUDE:E3,third read,EXCLUDE:E3,,EXCLUDE:E3,v4 read,EXCLUDE:E3,,EXCLUDE:E3,v4 read,EXCLUDE:E3,,S25006,,,False,,,,,,,False,,,EXCLUDE:E3
S25024,10.1002/adma.202417374,NEEDS_SI,NEEDS_SI,passes,NEEDS_SI,,NEEDS_SI,v4 read,NEEDS_SI,,UNRESOLVED,public evidence recovery 2026-10-01: independent reads reviewed,UNRESOLVED,,S25024,,,True,journal,,,,,,False,,recovery reviewed,NEEDS_SI
S25027,10.1039/d4sc08400d,THIRD_READ,EXCLUDE:E1,third read,EXCLUDE:E1,,EXCLUDE:E1,third read,EXCLUDE:E1,,EXCLUDE:E1,v5 read,EXCLUDE:E1,,S25027,,,False,journal,,,,,,False,,,EXCLUDE:E1
S25030,10.5796/electrochemistry.24-00132,AGREED_EXCLUDE,EXCLUDE:E3,passes agree,EXCLUDE:E3,,EXCLUDE:E3,passes agree,EXCLUDE:E3,,EXCLUDE:E3,passes agree,EXCLUDE:E3,,S25030,,,False,,,,,,,False,,,EXCLUDE:E3
S25031,10.1039/d4sc07901a,AGREED_EXCLUDE,EXCLUDE:E3,passes agree,EXCLUDE:E3,,EXCLUDE:E3,passes agree,EXCLUDE:E3,,EXCLUDE:E3,v5 read,EXCLUDE:E3,,S25031,,,False,journal,,,,,,False,,,EXCLUDE:E3
S25032,10.20944/preprints202502.0197.v1,THIRD_READ,EXCLUDE:E1,third read,EXCLUDE:E1,,EXCLUDE:E1,third read,EXCLUDE:E1,,EXCLUDE:E1,v5 read,EXCLUDE:E1,,,,,False,preprint,,,,,,False,,,EXCLUDE:E1
S25045,10.1186/s40580-024-00468-9,AGREED_EXCLUDE,EXCLUDE:E1,passes agree,EXCLUDE:E1,,EXCLUDE:E1,passes agree,EXCLUDE:E1,,EXCLUDE:E1,passes agree,EXCLUDE:E1,,S25045,,,False,,,,,,,False,,,EXCLUDE:E1
S25047,10.1002/slct.202405054,AGREED_EXCLUDE,EXCLUDE:E3,passes agree,EXCLUDE:E3,,EXCLUDE:E3,passes agree,EXCLUDE:E3,,EXCLUDE:E3,passes agree,EXCLUDE:E3,,S25047,,,False,,,,,,,False,,,EXCLUDE:E3
S25072,10.1039/d4na00906a,AGREED_EXCLUDE,EXCLUDE:E3,passes agree,EXCLUDE:E3,,EXCLUDE:E3,passes agree,EXCLUDE:E3,,EXCLUDE:E3,passes agree,EXCLUDE:E3,,S25072,,,False,,,,,,,False,,,EXCLUDE:E3
S25074,10.1002/celc.202400682,AGREED_EXCLUDE,EXCLUDE:E3,passes agree,EXCLUDE:E3,,EXCLUDE:E3,passes agree,EXCLUDE:E3,,EXCLUDE:E3,passes agree,EXCLUDE:E3,,S25074,,,False,,,,,,,False,,,EXCLUDE:E3
S25078,10.1002/smll.202411444,AGREED_EXCLUDE,EXCLUDE:E1,passes agree,EXCLUDE:E1,,EXCLUDE:E1,passes agree,EXCLUDE:E1,,EXCLUDE:E1,passes agree,EXCLUDE:E1,,S25078,,,False,,,,,,,False,,,EXCLUDE:E1
S25089,10.1021/acscatal.4c07208,AGREED_EXCLUDE,EXCLUDE:E3,passes agree,EXCLUDE:E3,,EXCLUDE:E3,passes agree,EXCLUDE:E3,,EXCLUDE:E3,passes agree,EXCLUDE:E3,,S25089,,,False,,,,,,,False,,,EXCLUDE:E3
S25109,10.1016/j.coelec.2025.101670,THIRD_READ,EXCLUDE:E1,third read,EXCLUDE:E1,,EXCLUDE:E1,v4 read,EXCLUDE:E1,,EXCLUDE:E1,v5 read,EXCLUDE:E1,,S25109,,,False,journal,,,,,,False,,,EXCLUDE:E1
S25112,10.3390/ijms26041582,AGREED_EXCLUDE,EXCLUDE:E1,passes agree,EXCLUDE:E1,,EXCLUDE:E1,passes agree,EXCLUDE:E1,,EXCLUDE:E1,passes agree,EXCLUDE:E1,,S25112,,,False,,,,,,,False,,,EXCLUDE:E1
S25113,10.1021/jacs.4c17915,THIRD_READ,ELIGIBLE,third read,ELIGIBLE,,UNRESOLVED,v4 read,UNRESOLVED,dated,UNRESOLVED,SI read: third read,UNRESOLVED,dated,S25113,numeric,,True,journal,numeric,direct,,,,False,,third read,UNRESOLVED
S25122,10.1021/acs.jpcc.4c07229,NEEDS_SI,NEEDS_SI,passes,NEEDS_SI,,NEEDS_SI,v4 read,NEEDS_SI,,EXCLUDE:E6,SI read: passes agree,EXCLUDE:E6,,S25122,,,True,journal,,,,,,False,,agreed,NEEDS_SI
S25130,10.1002/aesr.202400326,AGREED_EXCLUDE,EXCLUDE:E1,passes agree,EXCLUDE:E1,,EXCLUDE:E1,passes agree,EXCLUDE:E1,,EXCLUDE:E1,passes agree,EXCLUDE:E1,,S25130,,,False,,,,,,,False,,,EXCLUDE:E1
S25134,10.1002/smll.202412265,THIRD_READ,ELIGIBLE,third read,ELIGIBLE,,ELIGIBLE,v4 read,ELIGIBLE,,ELIGIBLE,v5 read,ELIGIBLE,,S25134,numeric,,False,journal,numeric,direct,,,,False,,,ELIGIBLE
S25141,10.1038/s41467-025-56638-8,NEEDS_SI,NEEDS_SI,passes,NEEDS_SI,,UNRESOLVED,v4 read,UNRESOLVED,dated,EXCLUDE:E4,SI read: passes agree,UNRESOLVED,SI verification: E4,S25141,,,True,journal,,,,,,False,,agreed,UNRESOLVED
S25142,10.1002/asia.202401762,AGREED_EXCLUDE,EXCLUDE:E1,passes agree,EXCLUDE:E1,,EXCLUDE:E1,passes agree,EXCLUDE:E1,,EXCLUDE:E1,passes agree,EXCLUDE:E1,,S25142,,,False,,,,,,,False,,,EXCLUDE:E1
S25145,10.3390/nano15040294,AGREED_EXCLUDE,EXCLUDE:E3,passes agree,EXCLUDE:E3,,EXCLUDE:E3,passes agree,EXCLUDE:E3,,EXCLUDE:E3,passes agree,EXCLUDE:E3,,S25145,,,False,,,,,,,False,,,EXCLUDE:E3
S25172,10.1149/1945-7111/adb4a5,THIRD_READ,EXCLUDE:E4,v3 sensitivity read,EXCLUDE:E4,,EXCLUDE:E4,v4 sensitivity read,EXCLUDE:E4,,EXCLUDE:E4,third read (v5),EXCLUDE:E4,,S25172,,,False,journal,,,,,,False,,,EXCLUDE:E4
S25205,10.1039/d4ee05220j,AGREED_ELIGIBLE,ELIGIBLE,passes agree,ELIGIBLE,,ELIGIBLE,v4 read,ELIGIBLE,,ELIGIBLE,v5 read,ELIGIBLE,,S25205,numeric,,False,journal,numeric,direct,,,,False,,,ELIGIBLE
S25207,10.1021/acs.inorgchem.4c05585,AGREED_EXCLUDE,EXCLUDE:E3,passes agree,EXCLUDE:E3,,EXCLUDE:E3,passes agree,EXCLUDE:E3,,EXCLUDE:E3,passes agree,EXCLUDE:E3,,S25207,,,False,,,,,,,False,,,EXCLUDE:E3
S25208,10.1007/s40820-025-01680-w,NEEDS_SI,NEEDS_SI,passes,NEEDS_SI,,UNRESOLVED,v4 read,UNRESOLVED,dated,UNRESOLVED,SI read: third read,UNRESOLVED,dated,S25208,,,True,journal,,,,,,True,,third read,UNRESOLVED
S25210,10.1002/open.202400085,THIRD_READ,ELIGIBLE,third read,ELIGIBLE,,ELIGIBLE,v4 read,ELIGIBLE,,ELIGIBLE,v5 read,ELIGIBLE,,S25210,numeric,,False,journal,numeric,direct,,,,False,,,ELIGIBLE
S25213,10.1039/d4ey00268g,AGREED_EXCLUDE,EXCLUDE:E3,passes agree,EXCLUDE:E3,,EXCLUDE:E3,passes agree,EXCLUDE:E3,,EXCLUDE:E3,passes agree,EXCLUDE:E3,,S25213,,,False,,,,,,,False,,,EXCLUDE:E3
S25217,10.26599/nr.2025.94907315,AGREED_EXCLUDE,EXCLUDE:E3,passes agree,EXCLUDE:E3,,EXCLUDE:E3,passes agree,EXCLUDE:E3,,EXCLUDE:E3,v5 read,EXCLUDE:E3,,S25217,,,False,journal,,,,,,False,,,EXCLUDE:E3
S25226,10.1021/jacs.4c18300,THIRD_READ,ELIGIBLE,third read,ELIGIBLE,,ELIGIBLE,v4 read,ELIGIBLE,,ELIGIBLE,v5 read,ELIGIBLE,,S25226,relative,,False,journal,relative,direct,,,,False,,,ELIGIBLE
S25228,10.1007/s11356-025-36174-0,AGREED_EXCLUDE,EXCLUDE:E3,passes agree,EXCLUDE:E3,,EXCLUDE:E3,passes agree,EXCLUDE:E3,,EXCLUDE:E3,passes agree,EXCLUDE:E3,,S25228,,,False,,,,,,,False,,,EXCLUDE:E3
S25232,10.1021/jacs.4c15043,THIRD_READ,EXCLUDE:E3,third read,EXCLUDE:E3,,EXCLUDE:E3,third read,EXCLUDE:E3,,EXCLUDE:E5,v5 read,EXCLUDE:E5,,S25232,,,False,journal,,,,,,True,,,EXCLUDE:E5
S25238,10.21203/rs.3.rs-4097038/v1,NEEDS_SI,NEEDS_SI,passes,collapsed into S27224,,ELIGIBLE,v4 read,collapsed into S27224,,NEEDS_SI,v5 read,collapsed into S27224,,S27224,equivalent,,True,preprint,,,,,,False,,,collapsed into S27224
S25246,10.26434/chemrxiv-2025-rr2nh,AGREED_EXCLUDE,EXCLUDE:E4,passes agree,EXCLUDE:E4,,EXCLUDE:E4,passes agree,EXCLUDE:E4,,EXCLUDE:E4,v5 read,EXCLUDE:E4,,,,,False,journal,,,,,,False,,,EXCLUDE:E4
S25251,10.1002/adfm.202503692,AGREED_EXCLUDE,EXCLUDE:E4,passes agree,EXCLUDE:E4,,EXCLUDE:E4,v4 read,EXCLUDE:E4,,EXCLUDE:E4,v5 read,EXCLUDE:E4,,S25251,,,False,journal,,,,,,False,,,EXCLUDE:E4
S25254,10.1002/inf2.70003,AGREED_EXCLUDE,EXCLUDE:E4,passes agree,EXCLUDE:E4,,EXCLUDE:E4,passes agree,EXCLUDE:E4,,UNRESOLVED,v5 read,UNRESOLVED,,S25254,,,False,journal,,,,,,False,,,UNRESOLVED
S25260,10.1002/ange.202504876,NEEDS_SI,NEEDS_SI,passes,NEEDS_SI,,UNRESOLVED,v4 read,UNRESOLVED,,UNRESOLVED,v5 read,UNRESOLVED,,S25260,,,True,journal,,,,,,False,,,UNRESOLVED
S25267,10.1039/d4ta09213a,AGREED_EXCLUDE,EXCLUDE:E3,passes agree,EXCLUDE:E3,,EXCLUDE:E3,v4 read,EXCLUDE:E3,,EXCLUDE:E3,v5 read,EXCLUDE:E3,,S25267,,,False,journal,,,,,,False,,,EXCLUDE:E3
S25279,10.1002/ange.202420848,NEEDS_SI,NEEDS_SI,passes,NEEDS_SI,,NEEDS_SI,v4 read,NEEDS_SI,,NEEDS_SI,v5 read,NEEDS_SI,,S25279,,,True,journal,,,,,,False,,,NEEDS_SI
S25284,10.1021/acsami.5c00773,NEEDS_SI,NEEDS_SI,passes,NEEDS_SI,,UNRESOLVED,v4 read,NEEDS_SI,dated,EXCLUDE:E6,SI read: third read; SI adjudication 2026-09-29,EXCLUDE:E6,,S25284,,,True,journal,,,,,,False,,third read,NEEDS_SI
S25298,10.1002/celc.202400611,AGREED_EXCLUDE,EXCLUDE:E3,passes agree,EXCLUDE:E3,,EXCLUDE:E3,passes agree,EXCLUDE:E3,,EXCLUDE:E3,passes agree,EXCLUDE:E3,,S25298,,,False,,,,,,,False,,,EXCLUDE:E3
S25312,10.1002/celc.202400625,AGREED_EXCLUDE,EXCLUDE:E3,passes agree,EXCLUDE:E3,,EXCLUDE:E3,passes agree,EXCLUDE:E3,,EXCLUDE:E3,passes agree,EXCLUDE:E3,,S25312,,,False,,,,,,,False,,,EXCLUDE:E3
S25313,10.1039/d5ta00218d,AGREED_EXCLUDE,EXCLUDE:E3,passes agree,EXCLUDE:E3,,EXCLUDE:E3,passes agree,EXCLUDE:E3,,EXCLUDE:E3,v5 read,EXCLUDE:E3,,S25313,,,False,journal,,,,,,False,,,EXCLUDE:E3
S25315,10.1002/anie.202503246,THIRD_READ,ELIGIBLE,third read,ELIGIBLE,,ELIGIBLE,v4 read,ELIGIBLE,,ELIGIBLE,v5 read,ELIGIBLE,,S25315,numeric,,False,journal,numeric,direct,,,,False,,,ELIGIBLE
S25316,10.1002/ange.202503246,THIRD_READ,ELIGIBLE,third read,collapsed into S25315,,ELIGIBLE,v4 read,collapsed into S25315,,ELIGIBLE,v5 read,collapsed into S25315,,S25315,numeric,,False,journal,numeric,direct,,,,False,,,collapsed into S25315
S25333,10.12794/metadc2416004,THIRD_READ,EXCLUDE:E1,third read,EXCLUDE:E1,,EXCLUDE:E1,third read,EXCLUDE:E1,,EXCLUDE:E1,v5 read,EXCLUDE:E1,,,,,False,other,,,,,,False,,,EXCLUDE:E1
S25334,10.26599/nr.2025.94907410,AGREED_EXCLUDE,EXCLUDE:E3,passes agree,EXCLUDE:E3,,EXCLUDE:E3,passes agree,EXCLUDE:E3,,EXCLUDE:E3,passes agree,EXCLUDE:E3,,S25334,,,False,,,,,,,False,,,EXCLUDE:E3
S25336,10.1021/acscatal.4c07864,THIRD_READ,EXCLUDE:E3,third read,EXCLUDE:E3,,EXCLUDE:E3,third read,EXCLUDE:E3,,EXCLUDE:E3,third read,EXCLUDE:E3,,S25336,,,False,,,,,,,False,,,EXCLUDE:E3
S25345,10.1002/smll.202412237,AGREED_EXCLUDE,EXCLUDE:E3,passes agree,EXCLUDE:E3,,EXCLUDE:E3,passes agree,EXCLUDE:E3,,EXCLUDE:E3,passes agree,EXCLUDE:E3,,S25345,,,False,,,,,,,False,,,EXCLUDE:E3
S25369,10.1002/smll.202412096,THIRD_READ,ELIGIBLE,third read,ELIGIBLE,,ELIGIBLE,v4 read,ELIGIBLE,,ELIGIBLE,v5 read,ELIGIBLE,,S25369,numeric,,False,journal,numeric,direct,,,,False,,,ELIGIBLE
S25375,10.22533/at.ed.804112520034,AGREED_EXCLUDE,EXCLUDE:E1,passes agree,EXCLUDE:E1,,EXCLUDE:E1,passes agree,EXCLUDE:E1,,EXCLUDE:E1,passes agree,EXCLUDE:E1,,,,,False,,,,,,,False,,,EXCLUDE:E1
S25396,10.26599/cf.2025.9200042,AGREED_EXCLUDE,EXCLUDE:E1,passes agree,EXCLUDE:E1,,EXCLUDE:E1,passes agree,EXCLUDE:E1,,EXCLUDE:E1,passes agree,EXCLUDE:E1,,S25396,,,False,,,,,,,False,,,EXCLUDE:E1
S25398,10.1016/j.susc.2025.122745,AGREED_EXCLUDE,EXCLUDE:E3,passes agree,EXCLUDE:E3,,EXCLUDE:E3,v4 read,EXCLUDE:E3,,EXCLUDE:E3,v5 read,EXCLUDE:E3,,S25398,,,False,journal,,,,,,False,,,EXCLUDE:E3
S25402,10.1002/ange.202503608,NEEDS_SI,NEEDS_SI,passes,NEEDS_SI,,UNRESOLVED,v4 read,UNRESOLVED,,NEEDS_SI,v5 read,NEEDS_SI,,S25402,,,True,journal,,,,,,False,,,NEEDS_SI
S25409,10.1002/adma.202500449,AGREED_ELIGIBLE,ELIGIBLE,passes agree,ELIGIBLE,,ELIGIBLE,v4 read,ELIGIBLE,,ELIGIBLE,v5 read,ELIGIBLE,,S25409,numeric,,False,journal,numeric,direct,,,,False,,,ELIGIBLE
S25436,10.1039/d5lf00008d,AGREED_EXCLUDE,EXCLUDE:E3,passes agree,EXCLUDE:E3,,EXCLUDE:E3,passes agree,EXCLUDE:E3,,EXCLUDE:E3,passes agree,EXCLUDE:E3,,S25436,,,False,,,,,,,False,,,EXCLUDE:E3
S25439,10.1038/s42004-025-01508-z,AGREED_EXCLUDE,EXCLUDE:E4,passes agree,EXCLUDE:E4,,EXCLUDE:E4,passes agree,EXCLUDE:E4,,EXCLUDE:E4,v5 read,EXCLUDE:E4,,S25439,,,False,journal,,,,,,False,,,EXCLUDE:E4
S25444,10.1039/d4cp03415e,THIRD_READ,EXCLUDE:E3,third read,EXCLUDE:E3,,EXCLUDE:E3,third read,EXCLUDE:E3,,EXCLUDE:E3,v5 read,EXCLUDE:E3,,S25444,,,False,journal,,,,,,False,,,EXCLUDE:E3
S25445,10.3390/molecules30081656,AGREED_EXCLUDE,EXCLUDE:E1,passes agree,EXCLUDE:E1,,EXCLUDE:E1,passes agree,EXCLUDE:E1,,EXCLUDE:E1,passes agree,EXCLUDE:E1,,S25445,,,False,,,,,,,False,,,EXCLUDE:E1
S25475,10.1021/acscatal.5c00588,AGREED_EXCLUDE,EXCLUDE:E3,passes agree,EXCLUDE:E3,,EXCLUDE:E3,passes agree,EXCLUDE:E3,,EXCLUDE:E3,passes agree,EXCLUDE:E3,,S25475,,,False,,,,,,,False,,,EXCLUDE:E3
S25477,10.1039/d5cp00319a,AGREED_EXCLUDE,EXCLUDE:E3,passes agree,EXCLUDE:E3,,EXCLUDE:E3,passes agree,EXCLUDE:E3,,EXCLUDE:E3,v5 read,EXCLUDE:E3,,S25477,,,False,journal,,,,,,False,,,EXCLUDE:E3
S25488,10.1038/s41467-025-58654-0,NEEDS_SI,NEEDS_SI,passes,NEEDS_SI,,UNRESOLVED,v4 read,UNRESOLVED,,UNRESOLVED,SI read: third read,UNRESOLVED,dated,S25488,,,True,journal,,,,,,False,,third read,UNRESOLVED
S25524,10.1016/j.coelec.2025.101700,AGREED_EXCLUDE,EXCLUDE:E1,passes agree,EXCLUDE:E1,,EXCLUDE:E1,passes agree,EXCLUDE:E1,,EXCLUDE:E1,passes agree,EXCLUDE:E1,,S25524,,,False,,,,,,,False,,,EXCLUDE:E1
S25538,10.1002/aenm.202405657,THIRD_READ,ELIGIBLE,third read,ELIGIBLE,,ELIGIBLE,v4 read,ELIGIBLE,,ELIGIBLE,v5 read,ELIGIBLE,,S25538,numeric,,False,journal,numeric,direct,,,,False,,,ELIGIBLE
S25542,10.21203/rs.3.rs-6261430/v1,AGREED_EXCLUDE,EXCLUDE:E3,passes agree,EXCLUDE:E3,,EXCLUDE:E3,passes agree,EXCLUDE:E3,,EXCLUDE:E3,passes agree,EXCLUDE:E3,,,,,False,,,,,,,False,,,EXCLUDE:E3
S25559,10.1002/anie.202504212,THIRD_READ,EXCLUDE:E3,third read,EXCLUDE:E3,,EXCLUDE:E3,third read,EXCLUDE:E3,,EXCLUDE:E3,v5 read,EXCLUDE:E3,,S25559,,,False,journal,,,,,,False,,,EXCLUDE:E3
S25560,10.1016/j.cej.2025.162887,AGREED_EXCLUDE,EXCLUDE:E1,passes agree,EXCLUDE:E1,,EXCLUDE:E1,passes agree,EXCLUDE:E1,,EXCLUDE:E1,passes agree,EXCLUDE:E1,,S25560,,,False,,,,,,,False,,,EXCLUDE:E1
S25576,10.1021/acscatal.5c00945,AGREED_EXCLUDE,EXCLUDE:E3,passes agree,EXCLUDE:E3,,EXCLUDE:E3,passes agree,EXCLUDE:E3,,EXCLUDE:E3,v5 read,EXCLUDE:E3,,S25576,,,False,journal,,,,reanalysis,external,True,,,EXCLUDE:E3
S25577,10.1002/cctc.202500139,AGREED_EXCLUDE,EXCLUDE:E1,passes agree,EXCLUDE:E1,,EXCLUDE:E1,passes agree,EXCLUDE:E1,,EXCLUDE:E1,passes agree,EXCLUDE:E1,,S25577,,,False,,,,,,,False,,,EXCLUDE:E1
S25584,10.21203/rs.3.rs-5941760/v1,AGREED_EXCLUDE,EXCLUDE:E3,passes agree,EXCLUDE:E3,,EXCLUDE:E3,passes agree,EXCLUDE:E3,,EXCLUDE:E3,v5 read,EXCLUDE:E3,,,,,False,preprint,,,,,,False,,,EXCLUDE:E3
S25594,10.1039/d5su00080g,NEEDS_SI,NEEDS_SI,passes,NEEDS_SI,,NEEDS_SI,v4 read,NEEDS_SI,,UNRESOLVED,v5 read,UNRESOLVED,,S25594,,,True,journal,,,,,,True,,,UNRESOLVED
S25611,10.1002/anie.202505908,THIRD_READ,EXCLUDE:E3,third read,EXCLUDE:E3,,EXCLUDE:E3,third read,EXCLUDE:E3,,EXCLUDE:E3,v5 read,EXCLUDE:E3,,S25611,,,False,journal,,,,,,False,,,EXCLUDE:E3
S25616,10.1038/s41467-025-58346-9,AGREED_ELIGIBLE,ELIGIBLE,passes agree,ELIGIBLE,,UNRESOLVED,v4 read,NEEDS_SI,dated,EXCLUDE:E6,SI read: passes agree; SI adjudication 2026-09-29,EXCLUDE:E6,,S25616,,,True,journal,,,,,,False,,agreed,NEEDS_SI
S25624,10.36347/sjet.2025.v13i04.007,AGREED_EXCLUDE,EXCLUDE:E1,passes agree,EXCLUDE:E1,,EXCLUDE:E1,passes agree,EXCLUDE:E1,,EXCLUDE:E1,passes agree,EXCLUDE:E1,,S25624,,,False,,,,,,,False,,,EXCLUDE:E1
S25626,10.21203/rs.3.rs-6403696/v1,AGREED_EXCLUDE,EXCLUDE:E4,passes agree,EXCLUDE:E4,,EXCLUDE:E4,passes agree,EXCLUDE:E4,,EXCLUDE:E3,v5 read,EXCLUDE:E3,,,,,False,preprint,,,,,,False,,,EXCLUDE:E3
S25642,10.26599/nr.2025.94907524,NEEDS_SI,NEEDS_SI,passes,NEEDS_SI,,UNRESOLVED,v4 read,UNRESOLVED,,UNRESOLVED,v5 read,UNRESOLVED,,S25642,equivalent,,True,journal,,,,,,False,,,UNRESOLVED
S25654,10.1016/j.apsusc.2025.163405,AGREED_EXCLUDE,EXCLUDE:E3,passes agree,EXCLUDE:E3,,EXCLUDE:E3,passes agree,EXCLUDE:E3,,EXCLUDE:E3,passes agree,EXCLUDE:E3,,S25654,,,False,,,,,,,False,,,EXCLUDE:E3
S25671,10.1038/s41524-025-01612-7,AGREED_EXCLUDE,EXCLUDE:E3,passes agree,EXCLUDE:E3,,EXCLUDE:E3,passes agree,EXCLUDE:E3,,EXCLUDE:E3,v5 read,EXCLUDE:E3,,S25671,,,False,journal,,,,,,False,,,EXCLUDE:E3
S25672,10.3390/nano15090694,THIRD_READ,EXCLUDE:E3,third read,EXCLUDE:E3,,EXCLUDE:E3,third read,EXCLUDE:E3,,EXCLUDE:E3,v5 read,EXCLUDE:E3,,S25672,,,False,journal,,,,,,False,,,EXCLUDE:E3
S25674,10.20944/preprints202505.0028.v1,AGREED_EXCLUDE,EXCLUDE:E3,passes agree,collapsed into S26315,,EXCLUDE:E3,passes agree,collapsed into S26315,,EXCLUDE:E3,passes agree,collapsed into S26315,,S26315,,,False,,,,,,,False,,,collapsed into S26315
S25677,10.1021/acscatal.5c01659,AGREED_EXCLUDE,EXCLUDE:E3,passes agree,EXCLUDE:E3,,EXCLUDE:E3,passes agree,EXCLUDE:E3,,EXCLUDE:E3,v5 read,EXCLUDE:E3,,S25677,,,False,journal,,,,,,False,,,EXCLUDE:E3
S25679,10.1002/adsu.202500047,AGREED_EXCLUDE,EXCLUDE:E1,passes agree,EXCLUDE:E1,,EXCLUDE:E1,passes agree,EXCLUDE:E1,,EXCLUDE:E1,passes agree,EXCLUDE:E1,,S25679,,,False,,,,,,,False,,,EXCLUDE:E1
S25692,10.1021/acsnano.5c01937,AGREED_EXCLUDE,EXCLUDE:E3,passes agree,EXCLUDE:E3,,EXCLUDE:E3,passes agree,EXCLUDE:E3,,EXCLUDE:E3,passes agree,EXCLUDE:E3,,S25692,,,False,,,,,,,False,,,EXCLUDE:E3
S25694,10.1021/acsenergylett.5c00957,AGREED_EXCLUDE,EXCLUDE:E4,passes agree,EXCLUDE:E4,,EXCLUDE:E4,passes agree,EXCLUDE:E4,,EXCLUDE:E4,SI read: passes agree,EXCLUDE:E4,,S25694,,,False,journal,,,,,,False,,agreed,EXCLUDE:E5
S25701,10.3390/molecules30092069,AGREED_EXCLUDE,EXCLUDE:E3,passes agree,EXCLUDE:E3,,EXCLUDE:E3,passes agree,EXCLUDE:E3,,EXCLUDE:E3,passes agree,EXCLUDE:E3,,S25701,,,False,,,,,,,False,,,EXCLUDE:E3
S25707,10.1002/celc.202500031,AGREED_EXCLUDE,EXCLUDE:E3,passes agree,EXCLUDE:E3,,EXCLUDE:E3,passes agree,EXCLUDE:E3,,EXCLUDE:E3,v5 read,EXCLUDE:E3,,S25707,,,False,journal,,,,,,False,,,EXCLUDE:E3
S25722,10.1002/ejic.202400840,AGREED_EXCLUDE,EXCLUDE:E3,passes agree,EXCLUDE:E3,,EXCLUDE:E3,passes agree,EXCLUDE:E3,,EXCLUDE:E3,passes agree,EXCLUDE:E3,,S25722,,,False,,,,,,,False,,,EXCLUDE:E3
S25749,10.1038/s41467-025-59740-z,AGREED_EXCLUDE,EXCLUDE:E3,passes agree,EXCLUDE:E3,,EXCLUDE:E3,passes agree,EXCLUDE:E3,,EXCLUDE:E4,v5 read,EXCLUDE:E4,,S25749,,,False,journal,,,,,,False,,,EXCLUDE:E4
S25750,10.1002/adts.202500218,THIRD_READ,EXCLUDE:E3,third read,EXCLUDE:E3,,NEEDS_SI,v4 read,NEEDS_SI,,NEEDS_SI,v5 read,NEEDS_SI,,S25750,,,True,journal,,,,,,True,,,NEEDS_SI
S25754,10.1038/s41467-025-59472-0,THIRD_READ,ELIGIBLE,third read,ELIGIBLE,,ELIGIBLE,v4 read,ELIGIBLE,,ELIGIBLE,v5 read,ELIGIBLE,,S25754,numeric,,True,journal,numeric,direct,,,,True,,,ELIGIBLE
S25755,10.1002/anie.202507071,AGREED_EXCLUDE,EXCLUDE:E4,passes agree,EXCLUDE:E4,,EXCLUDE:E4,passes agree,EXCLUDE:E4,,EXCLUDE:E4,v5 read,EXCLUDE:E4,,S25755,,,False,journal,,,,,,False,,,EXCLUDE:E4
S25769,10.1002/aenm.202406074,NEEDS_SI,NEEDS_SI,passes,NEEDS_SI,,NEEDS_SI,v4 read,NEEDS_SI,,NEEDS_SI,v5 read,NEEDS_SI,,S25769,,,True,journal,,,,,,False,,,NEEDS_SI
S25770,10.26599/nr.2025.94907589,AGREED_EXCLUDE,EXCLUDE:E3,passes agree,EXCLUDE:E3,,EXCLUDE:E3,passes agree,EXCLUDE:E3,,EXCLUDE:E3,passes agree,EXCLUDE:E3,,S25770,,,False,,,,,,,False,,,EXCLUDE:E3
S25783,10.1021/jacs.5c00380,THIRD_READ,EXCLUDE:E3,third read,EXCLUDE:E3,,EXCLUDE:E3,third read,EXCLUDE:E3,,EXCLUDE:E3,v5 read,EXCLUDE:E3,,S25783,,,False,journal,,,,,,False,,,EXCLUDE:E3
S25786,10.1038/s41467-025-59710-5,NEEDS_SI,NEEDS_SI,passes,NEEDS_SI,,NEEDS_SI,v4 read,NEEDS_SI,,UNRESOLVED,SI read: third read,ELIGIBLE,dated,S25786,,,True,journal,numeric,equivalent,,,,False,,third read,NEEDS_SI
S25788,10.1021/acsaem.5c00444,RERETRIEVE,,no readable text,no readable text,,,no readable text,no readable text,,,no readable text,no readable text,,S25788,,,False,,,,,,,False,,,no readable text
S25803,10.1002/adfm.202506171,AGREED_EXCLUDE,EXCLUDE:E1,passes agree,EXCLUDE:E1,,EXCLUDE:E1,passes agree,EXCLUDE:E1,,EXCLUDE:E1,passes agree,EXCLUDE:E1,,S25803,,,False,,,,,,,False,,,EXCLUDE:E1
S25820,10.1021/jacs.5c01836,AGREED_EXCLUDE,EXCLUDE:E3,passes agree,EXCLUDE:E3,,EXCLUDE:E3,passes agree,EXCLUDE:E3,,EXCLUDE:E3,passes agree,EXCLUDE:E3,,S25820,,,False,,,,,,,False,,,EXCLUDE:E3
S25827,10.1021/acs.jpclett.5c01258,NEEDS_SI,NEEDS_SI,passes,NEEDS_SI,,NEEDS_SI,v4 read,NEEDS_SI,,EXCLUDE:E6,SI read: passes agree,EXCLUDE:E6,,S25827,,,True,journal,,,,,,False,,agreed,NEEDS_SI
S25832,10.1021/jacs.5c04767,AGREED_EXCLUDE,EXCLUDE:E3,passes agree,EXCLUDE:E3,,EXCLUDE:E3,passes agree,EXCLUDE:E3,,EXCLUDE:E3,passes agree,EXCLUDE:E3,,S25832,,,False,,,,,,,False,,,EXCLUDE:E3
S25842,10.21203/rs.3.rs-6646407/v1,AGREED_EXCLUDE,EXCLUDE:E4,passes agree,collapsed into S27700,,EXCLUDE:E4,passes agree,collapsed into S27700,,UNRESOLVED,v5 read,collapsed into S27700,,S27700,,,False,preprint,,,,,,False,,,collapsed into S27700
S25856,10.1038/s41467-025-60083-y,NEEDS_SI,NEEDS_SI,passes,NEEDS_SI,,NEEDS_SI,v4 read,NEEDS_SI,,UNRESOLVED,SI read: third read; SI adjudication 2026-10-02,UNRESOLVED,dated,S25856,,,False,journal,numeric,direct,"Authors label the U = 0 PDS step (Se-RuOx 1.66 eV; Table R2 'ƞOER (V)') an overpotential, without the 1.23 V subtraction in their Methods.",,,False,,third read,UNRESOLVED
S25857,10.14356/hptf.23505,AGREED_EXCLUDE,EXCLUDE:E3,passes agree,EXCLUDE:E3,,EXCLUDE:E3,passes agree,EXCLUDE:E3,,EXCLUDE:E3,passes agree,EXCLUDE:E3,,S25857,,,False,,,,,,,False,,,EXCLUDE:E3
S25862,10.20517/energymater.2025.13,AGREED_EXCLUDE,EXCLUDE:E3,passes agree,EXCLUDE:E3,,EXCLUDE:E3,passes agree,EXCLUDE:E3,,EXCLUDE:E3,passes agree,EXCLUDE:E3,,S25862,,,False,,,,,,,False,,,EXCLUDE:E3
S25867,10.1021/acsaem.4c03076,AGREED_EXCLUDE,EXCLUDE:E3,passes agree,EXCLUDE:E3,,EXCLUDE:E3,passes agree,EXCLUDE:E3,,EXCLUDE:E3,passes agree,EXCLUDE:E3,,S25867,,,False,,,,,,,False,,,EXCLUDE:E3
S25906,10.1002/slct.202501065,AGREED_EXCLUDE,EXCLUDE:E3,passes agree,EXCLUDE:E3,,EXCLUDE:E3,passes agree,EXCLUDE:E3,,EXCLUDE:E3,passes agree,EXCLUDE:E3,,S25906,,,False,,,,,,,False,,,EXCLUDE:E3
S25912,10.1002/smtd.202500712,THIRD_READ,EXCLUDE:E3,third read,EXCLUDE:E3,,EXCLUDE:E3,v4 read,EXCLUDE:E3,,UNRESOLVED,v5 read,UNRESOLVED,,S25912,,,True,journal,,,,,,True,,,UNRESOLVED
S25941,10.1039/d5ra01821h,AGREED_EXCLUDE,EXCLUDE:E1,passes agree,EXCLUDE:E1,,EXCLUDE:E1,passes agree,EXCLUDE:E1,,EXCLUDE:E1,passes agree,EXCLUDE:E1,,S25941,,,False,,,,,,,False,,,EXCLUDE:E1
S25952,10.1021/acscatal.5c01464,AGREED_EXCLUDE,EXCLUDE:E3,passes agree,EXCLUDE:E3,,EXCLUDE:E3,passes agree,EXCLUDE:E3,,EXCLUDE:E3,passes agree,EXCLUDE:E3,,S25952,,,False,,,,,,,False,,,EXCLUDE:E3
S25960,10.21203/rs.3.rs-6499067/v1,AGREED_EXCLUDE,EXCLUDE:E3,passes agree,collapsed into S26357,,EXCLUDE:E3,passes agree,collapsed into S26357,,EXCLUDE:E3,passes agree,collapsed into S26357,,S26357,,,False,,,,,,,False,,,collapsed into S26357
S25968,10.3311/ppch.39479,AGREED_EXCLUDE,EXCLUDE:E3,passes agree,EXCLUDE:E3,,EXCLUDE:E3,passes agree,EXCLUDE:E3,,EXCLUDE:E3,passes agree,EXCLUDE:E3,,S25968,,,False,,,,,,,False,,,EXCLUDE:E3
S26005,10.54254/2755-2721/2025.23760,THIRD_READ,EXCLUDE:E1,third read,EXCLUDE:E1,,EXCLUDE:E1,third read,EXCLUDE:E1,,EXCLUDE:E1,third read,EXCLUDE:E1,,S26005,,,False,,,,,,,False,,,EXCLUDE:E1
S26019,10.1002/anie.202508589,AGREED_EXCLUDE,EXCLUDE:E3,passes agree,EXCLUDE:E3,,EXCLUDE:E3,passes agree,EXCLUDE:E3,,EXCLUDE:E3,passes agree,EXCLUDE:E3,,S26019,,,False,,,,,,,False,,,EXCLUDE:E3
S26020,10.1002/ange.202508589,AGREED_EXCLUDE,EXCLUDE:E3,passes agree,collapsed into S26019,,EXCLUDE:E3,passes agree,collapsed into S26019,,EXCLUDE:E3,passes agree,collapsed into S26019,,S26019,,,False,,,,,,,False,,,collapsed into S26019
S26024,10.1002/anie.202507468,THIRD_READ,ELIGIBLE,third read,ELIGIBLE,,ELIGIBLE,v4 read,ELIGIBLE,,ELIGIBLE,v5 read,ELIGIBLE,,S26024,numeric,,True,journal,numeric,direct,,,,True,,,ELIGIBLE
S26025,10.1021/acscatal.5c02708,AGREED_EXCLUDE,EXCLUDE:E3,passes agree,EXCLUDE:E3,,EXCLUDE:E3,passes agree,EXCLUDE:E3,,EXCLUDE:E3,v5 read,EXCLUDE:E3,,S26025,,,False,journal,,,,,,False,,,EXCLUDE:E3
S26042,10.1039/d5ta01974e,THIRD_READ,ELIGIBLE,third read,ELIGIBLE,,ELIGIBLE,v4 read,ELIGIBLE,,ELIGIBLE,v5 read,ELIGIBLE,,S26042,numeric,,False,journal,numeric,direct,,,,False,,,ELIGIBLE
S26054,10.1039/d5ta01910a,NEEDS_SI,NEEDS_SI,passes,NEEDS_SI,,UNRESOLVED,v4 read,UNRESOLVED,,UNRESOLVED,v5 read,UNRESOLVED,,S26054,,,True,journal,,,,,,False,,,UNRESOLVED
S26061,10.1002/adfm.202501261,AGREED_EXCLUDE,EXCLUDE:E3,passes agree,EXCLUDE:E3,,EXCLUDE:E3,passes agree,EXCLUDE:E3,,EXCLUDE:E3,passes agree,EXCLUDE:E3,,S26061,,,False,,,,,,,False,,,EXCLUDE:E3
S26062,10.1002/adfm.202510137,THIRD_READ,NEEDS_SI,third read,NEEDS_SI,,UNRESOLVED,v4 read,UNRESOLVED,,UNRESOLVED,v5 read,UNRESOLVED,,S26062,,,True,journal,,,,,,False,,,UNRESOLVED
S26065,10.1021/acscatal.5c02124,NEEDS_SI,NEEDS_SI,passes,NEEDS_SI,,NEEDS_SI,v4 read,NEEDS_SI,,UNRESOLVED,SI read: third read; SI adjudication 2026-09-29,UNRESOLVED,,S26065,,,True,journal,,,,,,False,,third read,NEEDS_SI
S26084,10.1021/acselectrochem.5c00033,AGREED_EXCLUDE,EXCLUDE:E3,passes agree,EXCLUDE:E3,,EXCLUDE:E3,passes agree,EXCLUDE:E3,,EXCLUDE:E3,passes agree,EXCLUDE:E3,,S26084,,,False,,,,,,,False,,,EXCLUDE:E3
S26085,10.1080/14686996.2025.2520159,THIRD_READ,EXCLUDE:E1,third read,EXCLUDE:E1,,EXCLUDE:E1,third read,EXCLUDE:E1,,EXCLUDE:E1,v5 read,EXCLUDE:E1,,S26085,,,False,journal,,,,,,False,,,EXCLUDE:E1
S26089,10.1002/smll.202505131,NEEDS_SI,NEEDS_SI,passes,NEEDS_SI,,UNRESOLVED,v4 read,UNRESOLVED,,NEEDS_SI,SI read: passes agree,NEEDS_SI,,S26089,,,True,journal,numeric,direct,,,,False,,needs_si,UNRESOLVED
S26109,10.1021/acsaem.5c00762,AGREED_EXCLUDE,EXCLUDE:E3,passes agree,EXCLUDE:E3,,EXCLUDE:E3,passes agree,EXCLUDE:E3,,EXCLUDE:E3,passes agree,EXCLUDE:E3,,S26109,,,False,,,,,,,False,,,EXCLUDE:E3
S26136,10.1002/adma.202507560,NEEDS_SI,NEEDS_SI,passes,NEEDS_SI,,NEEDS_SI,v4 read,NEEDS_SI,,NEEDS_SI,v5 read,NEEDS_SI,,S26136,,,True,journal,,,,,,False,,,NEEDS_SI
S26195,10.1021/acs.jpclett.5c01354,NEEDS_SI,NEEDS_SI,passes,NEEDS_SI,,NEEDS_SI,v4 read,NEEDS_SI,,EXCLUDE:E6,SI read: passes agree,EXCLUDE:E6,,S26195,,,True,journal,,,,,,False,,agreed,NEEDS_SI
S26217,10.1038/s41524-025-01691-6,THIRD_READ,EXCLUDE:E1,third read,EXCLUDE:E1,,EXCLUDE:E1,third read,EXCLUDE:E1,,EXCLUDE:E1,v5 read,EXCLUDE:E1,,S26217,,,False,journal,,,,,,False,,,EXCLUDE:E1
S26231,10.3390/nano15130984,AGREED_EXCLUDE,EXCLUDE:E1,passes agree,EXCLUDE:E1,,EXCLUDE:E1,passes agree,EXCLUDE:E1,,EXCLUDE:E1,passes agree,EXCLUDE:E1,,S26231,,,False,,,,,,,False,,,EXCLUDE:E1
S26241,10.1002/smll.202503601,THIRD_READ,ELIGIBLE,third read,ELIGIBLE,,ELIGIBLE,v4 read,ELIGIBLE,,ELIGIBLE,v5 read,ELIGIBLE,,S26241,graphical,,True,journal,graphical,direct,,,,False,,,ELIGIBLE
S26244,10.1038/s41467-025-61367-z,NEEDS_SI,NEEDS_SI,passes,NEEDS_SI,,NEEDS_SI,v4 read,NEEDS_SI,,UNRESOLVED,SI read: third read,ELIGIBLE,dated,S26244,,,True,journal,numeric,equivalent,,,,False,,third read,NEEDS_SI
S26245,10.5796/electrochemistry.25-00107,AGREED_EXCLUDE,EXCLUDE:E1,passes agree,EXCLUDE:E1,,EXCLUDE:E1,passes agree,EXCLUDE:E1,,EXCLUDE:E1,passes agree,EXCLUDE:E1,,S26245,,,False,,,,,,,False,,,EXCLUDE:E1
S26256,10.1038/s41467-025-58570-3,NEEDS_SI,NEEDS_SI,passes,NEEDS_SI,,NEEDS_SI,v4 read,NEEDS_SI,,UNRESOLVED,SI read: third read; SI adjudication 2026-10-02,UNRESOLVED,dated;SI verification: E6 (D4 assignment),S26256,,,True,journal,,,,,,False,,third read,NEEDS_SI
S26292,10.1002/solr.202500334,AGREED_EXCLUDE,EXCLUDE:E3,v3 sensitivity read,EXCLUDE:E3,,EXCLUDE:E3,v4 passes,EXCLUDE:E3,,EXCLUDE:E3,v4 passes,EXCLUDE:E3,,S26292,,,False,,,,,,,False,,,EXCLUDE:E3
S26307,10.1007/s11244-025-02147-3,THIRD_READ,EXCLUDE:E3,v3 sensitivity read,EXCLUDE:E3,,EXCLUDE:E3,third read (v4),EXCLUDE:E3,,EXCLUDE:E3,third read (v4),EXCLUDE:E3,,S26307,,,False,,,,,,,False,,,EXCLUDE:E3
S26314,10.1002/smll.202505906,AGREED_EXCLUDE,EXCLUDE:E4,passes agree,EXCLUDE:E4,,EXCLUDE:E3,v4 read,EXCLUDE:E3,,EXCLUDE:E3,v5 read,EXCLUDE:E3,,S26314,,,False,journal,,,,,,False,,,EXCLUDE:E3
S26315,10.3390/molecules30142921,AGREED_EXCLUDE,EXCLUDE:E3,passes agree,EXCLUDE:E3,,EXCLUDE:E3,passes agree,EXCLUDE:E3,,EXCLUDE:E3,passes agree,EXCLUDE:E3,,S26315,,,False,,,,,,,False,,,EXCLUDE:E3
S26325,10.5772/intechopen.1011365,AGREED_EXCLUDE,EXCLUDE:E1,passes agree,EXCLUDE:E1,,EXCLUDE:E1,passes agree,EXCLUDE:E1,,EXCLUDE:E1,passes agree,EXCLUDE:E1,,,,,False,,,,,,,False,,,EXCLUDE:E1
S26326,10.1039/d5ee02196k,AGREED_ELIGIBLE,ELIGIBLE,v3 sensitivity read,ELIGIBLE,,ELIGIBLE,v4 passes,ELIGIBLE,,ELIGIBLE,v5 read,ELIGIBLE,,S26326,,,False,journal,graphical,direct,,,,False,,,ELIGIBLE
S26340,10.1007/s40820-025-01845-7,AGREED_EXCLUDE,EXCLUDE:E4,passes agree,EXCLUDE:E4,,UNRESOLVED,v4 read,UNRESOLVED,dated,UNRESOLVED,SI read: third read,UNRESOLVED,dated,S26340,,,True,journal,,,,,,False,,third read,UNRESOLVED
S26341,10.1002/admi.202400997,AGREED_EXCLUDE,EXCLUDE:E3,v3 sensitivity read,EXCLUDE:E3,,EXCLUDE:E3,v4 passes,EXCLUDE:E3,,EXCLUDE:E3,v4 passes,EXCLUDE:E3,,S26341,,,False,,,,,,,False,,,EXCLUDE:E3
S26348,10.1021/acscatal.5c02247,THIRD_READ,ELIGIBLE,third read,ELIGIBLE,,ELIGIBLE,v4 read,ELIGIBLE,,ELIGIBLE,v5 read,ELIGIBLE,,S26348,numeric,,False,journal,numeric,direct,,,,False,,,ELIGIBLE
S26357,10.1038/s41598-025-11449-1,AGREED_EXCLUDE,EXCLUDE:E3,passes agree,EXCLUDE:E3,,EXCLUDE:E3,passes agree,EXCLUDE:E3,,EXCLUDE:E3,passes agree,EXCLUDE:E3,,S26357,,,False,,,,,,,False,,,EXCLUDE:E3
S26375,10.1038/s41560-025-01812-x,NEEDS_SI,NEEDS_SI,passes,NEEDS_SI,,NEEDS_SI,v4 read,NEEDS_SI,,ELIGIBLE,public evidence recovery 2026-10-01: independent reads reviewed,ELIGIBLE,,S26375,,,True,journal,numeric,direct,Authors also call 1.49 V vs SHE a limiting potential; their overpotential definition appears to omit the equilibrium subtraction. No correction applied.,,,False,,recovery reviewed,NEEDS_SI
S26380,10.1002/smll.202505028,AGREED_EXCLUDE,EXCLUDE:E3,v3 sensitivity read,EXCLUDE:E3,,EXCLUDE:E3,v4 passes,EXCLUDE:E3,,EXCLUDE:E3,v5 read,EXCLUDE:E3,,S26380,,,False,journal,,,,,,False,,,EXCLUDE:E3
S26408,10.1007/s11814-025-00512-2,AGREED_EXCLUDE,EXCLUDE:E1,v3 sensitivity read,EXCLUDE:E1,,EXCLUDE:E1,v4 passes,EXCLUDE:E1,,EXCLUDE:E1,v4 passes,EXCLUDE:E1,,S26408,,,False,,,,,,,False,,,EXCLUDE:E1
S26411,10.1038/s41467-025-62036-x,NEEDS_SI,NEEDS_SI,passes,NEEDS_SI,,UNRESOLVED,v4 read,UNRESOLVED,,UNRESOLVED,SI read: third read; SI adjudication 2026-10-02,UNRESOLVED,dated,S26411,equivalent,,True,journal,numeric,equivalent,,,,False,,third read,UNRESOLVED
S26454,10.1093/nsr/nwaf284,AGREED_EXCLUDE,EXCLUDE:E1,passes agree,EXCLUDE:E1,,EXCLUDE:E1,passes agree,EXCLUDE:E1,,EXCLUDE:E1,passes agree,EXCLUDE:E1,,S26454,,,False,,,,,,,False,,,EXCLUDE:E1
S26473,10.1002/advs.202508036,AGREED_EXCLUDE,EXCLUDE:E3,passes agree,EXCLUDE:E3,,EXCLUDE:E3,passes agree,EXCLUDE:E3,,EXCLUDE:E3,passes agree,EXCLUDE:E3,,S26473,,,False,,,,,,,False,,,EXCLUDE:E3
S26474,10.1038/s41467-025-61763-5,NEEDS_SI,NEEDS_SI,passes,NEEDS_SI,,NEEDS_SI,v4 read,NEEDS_SI,,UNRESOLVED,SI read: third read,ELIGIBLE,dated,S26474,,,True,journal,numeric,equivalent,,,,False,,third read,NEEDS_SI
S26477,10.1016/j.nanoen.2025.111345,THIRD_READ,ELIGIBLE,v3 sensitivity read,ELIGIBLE,,ELIGIBLE,v4 sensitivity read,ELIGIBLE,,ELIGIBLE,third read (v5),ELIGIBLE,,S26477,numeric,,False,journal,numeric,direct,,,,False,,,ELIGIBLE
S26478,10.26599/nr.2025.94907823,AGREED_EXCLUDE,EXCLUDE:E3,v3 sensitivity read,EXCLUDE:E3,,EXCLUDE:E3,v4 passes,EXCLUDE:E3,,EXCLUDE:E3,v4 passes,EXCLUDE:E3,,S26478,,,False,,,,,,,False,,,EXCLUDE:E3
S26484,10.1038/s41467-025-62258-z,AGREED_EXCLUDE,EXCLUDE:E3,passes agree,EXCLUDE:E3,,EXCLUDE:E3,passes agree,EXCLUDE:E3,,EXCLUDE:E3,SI read: passes agree,EXCLUDE:E3,,S26484,,,False,journal,,,,,,False,,agreed,UNRESOLVED
S26501,10.1021/acsomega.5c02679,AGREED_EXCLUDE,EXCLUDE:E3,passes agree,EXCLUDE:E3,,EXCLUDE:E3,passes agree,EXCLUDE:E3,,EXCLUDE:E3,v5 read,EXCLUDE:E3,,S26501,,,False,journal,,,,,,False,,,EXCLUDE:E3
S26503,10.1021/acs.jpclett.5c01769,AGREED_EXCLUDE,EXCLUDE:E4,v3 sensitivity read,EXCLUDE:E4,,EXCLUDE:E4,v4 passes,EXCLUDE:E4,,UNRESOLVED,SI read: third read; SI adjudication 2026-09-29,UNRESOLVED,,S26503,,,False,journal,,,,,,False,identity check,third read,UNRESOLVED
S26518,10.1021/acselectrochem.5c00228,AGREED_EXCLUDE,EXCLUDE:E3,passes agree,EXCLUDE:E3,,EXCLUDE:E3,passes agree,EXCLUDE:E3,,EXCLUDE:E3,passes agree,EXCLUDE:E3,,S26518,,,False,,,,,,,False,,,EXCLUDE:E3
S26540,10.1021/acsanm.5c02028,NEEDS_SI,NEEDS_SI,v3 sensitivity read,NEEDS_SI,,NEEDS_SI,v4 passes,NEEDS_SI,,UNRESOLVED,SI read: passes agree; SI adjudication 2026-09-29,UNRESOLVED,,S26540,,,False,journal,,,,,,False,,agreed,NEEDS_SI
S26567,10.3390/molecules30153238,AGREED_EXCLUDE,EXCLUDE:E1,passes agree,EXCLUDE:E1,,EXCLUDE:E1,passes agree,EXCLUDE:E1,,EXCLUDE:E1,passes agree,EXCLUDE:E1,,S26567,,,False,,,,,,,False,,,EXCLUDE:E1
S26601,10.26599/nr.2025.94907881,AGREED_EXCLUDE,EXCLUDE:E1,v3 sensitivity read,EXCLUDE:E1,,EXCLUDE:E1,v4 passes,EXCLUDE:E1,,EXCLUDE:E1,v5 read,EXCLUDE:E1,,S26601,,,False,journal,,,,,,False,,,EXCLUDE:E1
S26608,10.1038/s41467-025-62665-2,NEEDS_SI,NEEDS_SI,passes,NEEDS_SI,,ELIGIBLE,v4 read,ELIGIBLE,,EXCLUDE:E6,SI read: passes agree,UNRESOLVED,"SI verification: E6 (D4 route, Q1/Q4)",S26608,equivalent,,False,journal,,,,,,False,,agreed,NEEDS_SI
S26611,10.21203/rs.3.rs-7022396/v1,NEEDS_SI,NEEDS_SI,passes,collapsed into S28806,,NEEDS_SI,v4 read,collapsed into S28806,,NEEDS_SI,v5 read,collapsed into S28806,,S28806,,,True,preprint,,,,,,False,,,collapsed into S28806
S26612,10.1360/csb-2025-0522,THIRD_READ,EXCLUDE:E1,third read,EXCLUDE:E1,,EXCLUDE:E1,third read,EXCLUDE:E1,,EXCLUDE:E1,third read,EXCLUDE:E1,,S26612,,,False,,,,,,,False,,,EXCLUDE:E1
S26623,10.53941/rset.2025.100007,AGREED_EXCLUDE,EXCLUDE:E1,passes agree,EXCLUDE:E1,,EXCLUDE:E1,passes agree,EXCLUDE:E1,,EXCLUDE:E1,passes agree,EXCLUDE:E1,,S26623,,,False,,,,,,,False,,,EXCLUDE:E1
S26641,10.1021/acsenergylett.5c00748,AGREED_EXCLUDE,EXCLUDE:E1,passes agree,EXCLUDE:E1,,EXCLUDE:E1,passes agree,EXCLUDE:E1,,EXCLUDE:E1,passes agree,EXCLUDE:E1,,S26641,,,False,,,,,,,False,,,EXCLUDE:E1
S26645,10.3390/ijms26167809,AGREED_EXCLUDE,EXCLUDE:E1,passes agree,EXCLUDE:E1,,EXCLUDE:E1,passes agree,EXCLUDE:E1,,EXCLUDE:E1,passes agree,EXCLUDE:E1,,S26645,,,False,,,,,,,False,,,EXCLUDE:E1
S26650,10.1002/adfm.202515512,NEEDS_SI,NEEDS_SI,v3 sensitivity read,NEEDS_SI,,NEEDS_SI,v4 passes,NEEDS_SI,,NEEDS_SI,v5 read,NEEDS_SI,,S26650,,,False,journal,,,,,,False,,,NEEDS_SI
S26655,10.1039/d5ta08384b,AGREED_EXCLUDE,EXCLUDE:E3,passes agree,EXCLUDE:E3,,EXCLUDE:E3,passes agree,EXCLUDE:E3,,EXCLUDE:E3,passes agree,EXCLUDE:E3,,S26655,,,False,,,,,,,False,,,EXCLUDE:E3
S26661,10.1039/d5nr02238j,AGREED_EXCLUDE,EXCLUDE:E3,v3 sensitivity read,EXCLUDE:E3,,EXCLUDE:E3,v4 passes,EXCLUDE:E3,,EXCLUDE:E3,v4 passes,EXCLUDE:E3,,S26661,,,False,,,,,,,False,,,EXCLUDE:E3
S26669,10.1038/s41467-025-62861-0,THIRD_READ,ELIGIBLE,third read,ELIGIBLE,,ELIGIBLE,v4 read,ELIGIBLE,,UNRESOLVED,SI read: third read,UNRESOLVED,dated,S26669,graphical,,True,journal,,,,,,False,,third read,ELIGIBLE
S26676,10.3390/nano15161272,AGREED_EXCLUDE,EXCLUDE:E4,passes agree,EXCLUDE:E4,,EXCLUDE:E4,passes agree,EXCLUDE:E4,,EXCLUDE:E4,v5 read,EXCLUDE:E4,,S26676,,,False,journal,,,,,,False,,,EXCLUDE:E4
S26680,10.21203/rs.3.rs-7200960/v1,THIRD_READ,ELIGIBLE,third read,ELIGIBLE,,ELIGIBLE,v4 read,ELIGIBLE,,ELIGIBLE,v5 read,ELIGIBLE,,,numeric,,False,preprint,numeric,direct,,,,False,,,ELIGIBLE
S26681,10.1021/acs.jpcc.5c04364,THIRD_READ,EXCLUDE:E3,third read,EXCLUDE:E3,,EXCLUDE:E3,third read,EXCLUDE:E3,,EXCLUDE:E3,v5 read,EXCLUDE:E3,,S26681,,,False,journal,,,,,,False,,,EXCLUDE:E3
S26696,10.1021/acs.accounts.5c00439,THIRD_READ,EXCLUDE:E1,third read,EXCLUDE:E1,,EXCLUDE:E1,third read,EXCLUDE:E1,,EXCLUDE:E1,v5 read,EXCLUDE:E1,,S26696,,,False,journal,,,,,,False,,,EXCLUDE:E1
S26698,10.1126/sciadv.adw0894,THIRD_READ,ELIGIBLE,third read,ELIGIBLE,,UNRESOLVED,v4 read,ELIGIBLE,dated,UNRESOLVED,v5 read,ELIGIBLE,dated,S26698,graphical,,False,journal,graphical,direct,,,,False,,,ELIGIBLE
S26702,10.1002/celc.202500249,AGREED_EXCLUDE,EXCLUDE:E1,v3 sensitivity read,EXCLUDE:E1,,EXCLUDE:E1,v4 passes,EXCLUDE:E1,,EXCLUDE:E1,v4 passes,EXCLUDE:E1,,S26702,,,False,,,,,,,False,,,EXCLUDE:E1
S26703,10.1002/ange.202511750,NEEDS_SI,NEEDS_SI,passes,NEEDS_SI,,ELIGIBLE,v4 read,ELIGIBLE,,NEEDS_SI,SI read: passes agree,NEEDS_SI,,S26703,relative,,True,journal,,,,,,False,,needs_si,UNRESOLVED
S26706,10.3390/gels11080670,AGREED_EXCLUDE,EXCLUDE:E3,passes agree,EXCLUDE:E3,,EXCLUDE:E3,passes agree,EXCLUDE:E3,,EXCLUDE:E3,passes agree,EXCLUDE:E3,,S26706,,,False,,,,,,,False,,,EXCLUDE:E3
S26708,10.1021/acs.iecr.5c01104,THIRD_READ,ELIGIBLE,third read,ELIGIBLE,,ELIGIBLE,v4 read,ELIGIBLE,,ELIGIBLE,v5 read,ELIGIBLE,,S26708,numeric,,False,journal,numeric,direct,,,,False,,,ELIGIBLE
S26715,10.1021/acsenergylett.5c01739,NEEDS_SI,NEEDS_SI,passes,NEEDS_SI,,NEEDS_SI,v4 read,NEEDS_SI,,EXCLUDE:E6,SI read: passes agree,EXCLUDE:E6,,S26715,,,False,journal,,,,,,False,,agreed,NEEDS_SI
S26720,10.1002/elt2.70011,THIRD_READ,EXCLUDE:E1,v3 sensitivity read,EXCLUDE:E1,,EXCLUDE:E1,third read (v4),EXCLUDE:E1,,EXCLUDE:E1,v5 read,EXCLUDE:E1,,S26720,,,False,journal,,,,,,False,,,EXCLUDE:E1
S26722,10.1039/d5ta03441h,AGREED_EXCLUDE,EXCLUDE:E3,v3 sensitivity read,EXCLUDE:E3,,EXCLUDE:E3,v4 passes,EXCLUDE:E3,,EXCLUDE:E3,v4 passes,EXCLUDE:E3,,S26722,,,False,,,,,,,False,,,EXCLUDE:E3
S26725,10.26599/nr.2025.94907956,AGREED_EXCLUDE,EXCLUDE:E3,v3 sensitivity read,EXCLUDE:E3,,EXCLUDE:E3,v4 passes,EXCLUDE:E3,,EXCLUDE:E3,v4 passes,EXCLUDE:E3,,S26725,,,False,,,,,,,False,,,EXCLUDE:E3
S26726,10.1039/d5sc02736e,NEEDS_SI,NEEDS_SI,passes,NEEDS_SI,,UNRESOLVED,v4 read,NEEDS_SI,dated,EXCLUDE:E6,SI read: third read,EXCLUDE:E6,,S26726,,,True,journal,,,,,,False,,third read,NEEDS_SI
S26727,10.54691/3x4z9n69,THIRD_READ,EXCLUDE:E1,third read,EXCLUDE:E1,,EXCLUDE:E1,third read,EXCLUDE:E1,,EXCLUDE:E1,third read,EXCLUDE:E1,,S26727,,,False,,,,,,,False,,,EXCLUDE:E1
S26740,10.1002/smll.202507400,NEEDS_SI,NEEDS_SI,passes,NEEDS_SI,,NEEDS_SI,v4 read,NEEDS_SI,,NEEDS_SI,v5 read,NEEDS_SI,,S26740,,,True,journal,,,,,,False,,,NEEDS_SI
S26744,10.1039/d5cc04003e,NEEDS_SI,NEEDS_SI,passes,NEEDS_SI,,NEEDS_SI,v4 read,NEEDS_SI,,NEEDS_SI,v5 read,NEEDS_SI,,S26744,,,False,journal,,,,,,False,,,NEEDS_SI
S26749,10.1021/acs.accounts.5c00428,THIRD_READ,EXCLUDE:E1,third read,EXCLUDE:E1,,EXCLUDE:E1,third read,EXCLUDE:E1,,EXCLUDE:E1,v5 read,EXCLUDE:E1,,S26749,,,False,journal,,,,,,False,,,EXCLUDE:E1
S26755,10.1021/acsaem.5c01776,AGREED_EXCLUDE,EXCLUDE:E3,passes agree,EXCLUDE:E3,,EXCLUDE:E3,passes agree,EXCLUDE:E3,,EXCLUDE:E3,v5 read,EXCLUDE:E3,,S26755,,,False,journal,,,,,,False,,,EXCLUDE:E3
S26757,10.3390/molecules30173482,AGREED_EXCLUDE,EXCLUDE:E3,passes agree,EXCLUDE:E3,,EXCLUDE:E3,passes agree,EXCLUDE:E3,,EXCLUDE:E3,passes agree,EXCLUDE:E3,,S26757,,,False,,,,,,,False,,,EXCLUDE:E3
S26769,10.21203/rs.3.rs-7435400/v1,AGREED_EXCLUDE,EXCLUDE:E3,passes agree,EXCLUDE:E3,,EXCLUDE:E3,passes agree,EXCLUDE:E3,,EXCLUDE:E3,v5 read,EXCLUDE:E3,,,,,False,preprint,,,,,,False,,,EXCLUDE:E3
S26777,10.63620/mknjasr.2025.1051,AGREED_EXCLUDE,EXCLUDE:E1,passes agree,EXCLUDE:E1,,EXCLUDE:E1,passes agree,EXCLUDE:E1,,EXCLUDE:E1,passes agree,EXCLUDE:E1,,,,,False,,,,,,,False,,,EXCLUDE:E1
S26782,10.3390/ma18174052,AGREED_EXCLUDE,EXCLUDE:E3,passes agree,EXCLUDE:E3,,EXCLUDE:E3,passes agree,EXCLUDE:E3,,EXCLUDE:E3,passes agree,EXCLUDE:E3,,S26782,,,False,,,,,,,False,,,EXCLUDE:E3
S26785,10.1016/j.jpowsour.2025.238224,AGREED_EXCLUDE,EXCLUDE:E3,passes agree,EXCLUDE:E3,,EXCLUDE:E3,passes agree,EXCLUDE:E3,,EXCLUDE:E3,passes agree,EXCLUDE:E3,,S26785,,,False,,,,,,,False,,,EXCLUDE:E3
S26796,10.1038/s41467-025-63541-9,THIRD_READ,ELIGIBLE,third read,ELIGIBLE,,ELIGIBLE,v4 read,ELIGIBLE,,ELIGIBLE,v5 read,ELIGIBLE,,S26796,numeric,,False,journal,numeric,direct,,,,False,,,ELIGIBLE
S26818,10.20517/energymater.2025.97,NEEDS_SI,NEEDS_SI,passes,NEEDS_SI,,NEEDS_SI,v4 read,NEEDS_SI,,UNRESOLVED,SI read: third read,UNRESOLVED,,S26818,,,True,journal,,,,,,False,,third read,NEEDS_SI
S26827,10.3390/nano15171356,AGREED_EXCLUDE,EXCLUDE:E3,passes agree,EXCLUDE:E3,,EXCLUDE:E3,passes agree,EXCLUDE:E3,,EXCLUDE:E3,passes agree,EXCLUDE:E3,,S26827,,,False,,,,,,,False,,,EXCLUDE:E3
S26848,10.1007/s41918-025-00252-1,AGREED_EXCLUDE,EXCLUDE:E1,passes agree,EXCLUDE:E1,,EXCLUDE:E1,passes agree,EXCLUDE:E1,,EXCLUDE:E1,passes agree,EXCLUDE:E1,,S26848,,,False,,,,,,,False,,,EXCLUDE:E1
S26868,10.1038/s41557-025-01934-5,NEEDS_SI,NEEDS_SI,passes,NEEDS_SI,,NEEDS_SI,v4 read,NEEDS_SI,,UNRESOLVED,SI read: third read,UNRESOLVED,,S26868,,,True,journal,,,,,,False,,third read,NEEDS_SI
S26880,10.1021/acs.jpcc.5c04487,AGREED_ELIGIBLE,ELIGIBLE,passes agree,ELIGIBLE,,ELIGIBLE,v4 read,ELIGIBLE,,ELIGIBLE,v5 read,ELIGIBLE,,S26880,numeric,,False,journal,numeric,direct,,,,False,,,ELIGIBLE
S26889,10.26599/nr.2025.94908065,AGREED_EXCLUDE,EXCLUDE:E5,passes agree,EXCLUDE:E5,,EXCLUDE:E5,v4 read,EXCLUDE:E5,,EXCLUDE:E5,v5 read,EXCLUDE:E5,,S26889,,,False,journal,,,,,,False,,,EXCLUDE:E5
S26895,10.1021/acsaem.5c01989,AGREED_EXCLUDE,EXCLUDE:E1,passes agree,EXCLUDE:E1,,EXCLUDE:E1,passes agree,EXCLUDE:E1,,EXCLUDE:E1,passes agree,EXCLUDE:E1,,S26895,,,False,,,,,,,False,,,EXCLUDE:E1
S26908,10.1360/ssc-2025-0201,THIRD_READ,EXCLUDE:E1,third read,EXCLUDE:E1,,EXCLUDE:E1,third read,EXCLUDE:E1,,EXCLUDE:E1,third read,EXCLUDE:E1,,S26908,,,False,,,,,,,False,,,EXCLUDE:E1
S26952,10.1039/d5sc04431f,NEEDS_SI,NEEDS_SI,passes,NEEDS_SI,,UNRESOLVED,v4 read,NEEDS_SI,dated,UNRESOLVED,SI read: third read,UNRESOLVED,dated,S26952,,,True,journal,,,,,,True,,third read,NEEDS_SI
S26954,10.3390/nano15181434,AGREED_EXCLUDE,EXCLUDE:E3,passes agree,EXCLUDE:E3,,EXCLUDE:E3,passes agree,EXCLUDE:E3,,EXCLUDE:E3,passes agree,EXCLUDE:E3,,S26954,,,False,,,,,,,False,,,EXCLUDE:E3
S26984,10.1071/ch25104,AGREED_EXCLUDE,EXCLUDE:E1,passes agree,EXCLUDE:E1,,EXCLUDE:E1,passes agree,EXCLUDE:E1,,EXCLUDE:E1,passes agree,EXCLUDE:E1,,S26984,,,False,,,,,,,False,,,EXCLUDE:E1
S26991,10.1021/jacs.5c14137,NEEDS_SI,NEEDS_SI,passes,NEEDS_SI,,NEEDS_SI,v4 read,NEEDS_SI,,EXCLUDE:E6,SI read: passes agree,EXCLUDE:E6,,S26991,,,False,journal,,,,,,False,,agreed,NEEDS_SI
S27000,10.1021/acs.energyfuels.5c03935,AGREED_EXCLUDE,EXCLUDE:E3,v3 sensitivity read,EXCLUDE:E3,,EXCLUDE:E3,v4 passes,EXCLUDE:E3,,EXCLUDE:E3,v4 passes,EXCLUDE:E3,,S27000,,,False,,,,,,,False,,,EXCLUDE:E3
S27013,10.1093/nsr/nwaf417,THIRD_READ,EXCLUDE:E1,third read,EXCLUDE:E1,,EXCLUDE:E1,third read,EXCLUDE:E1,,EXCLUDE:E1,v5 read,EXCLUDE:E1,,S27013,,,False,journal,,,,,,False,,,EXCLUDE:E1
S27020,10.48550/arxiv.2509.10307,AGREED_EXCLUDE,EXCLUDE:E3,passes agree,EXCLUDE:E3,,EXCLUDE:E3,passes agree,EXCLUDE:E3,,EXCLUDE:E3,v5 read,EXCLUDE:E3,,,,,False,preprint,,,,,,False,,,EXCLUDE:E3
S27035,10.1038/s41467-025-63721-7,THIRD_READ,ELIGIBLE,third read,ELIGIBLE,,ELIGIBLE,v4 read,ELIGIBLE,,ELIGIBLE,v5 read,ELIGIBLE,,S27035,equivalent,,False,journal,numeric,equivalent,,,,False,,,ELIGIBLE
S27036,10.1007/s43938-025-00096-7,AGREED_EXCLUDE,EXCLUDE:E3,v3 sensitivity read,EXCLUDE:E3,,EXCLUDE:E3,v4 passes,EXCLUDE:E3,,EXCLUDE:E3,v4 passes,EXCLUDE:E3,,S27036,,,False,,,,,,,False,,,EXCLUDE:E3
S27041,10.1063/5.0268292,AGREED_EXCLUDE,EXCLUDE:E1,passes agree,EXCLUDE:E1,,EXCLUDE:E1,passes agree,EXCLUDE:E1,,EXCLUDE:E1,passes agree,EXCLUDE:E1,,S27041,,,False,,,,,,,False,,,EXCLUDE:E1
S27052,10.1038/s41467-025-63397-z,THIRD_READ,EXCLUDE:E4,third read,EXCLUDE:E4,,UNRESOLVED,v4 read,UNRESOLVED,,EXCLUDE:E4,SI read: passes agree,EXCLUDE:E4,,S27052,,,True,journal,,,,,,False,,agreed,UNRESOLVED
S27054,10.1016/j.cej.2025.168970,AGREED_EXCLUDE,EXCLUDE:E3,passes agree,EXCLUDE:E3,,EXCLUDE:E3,passes agree,EXCLUDE:E3,,EXCLUDE:E3,v5 read,EXCLUDE:E3,,S27054,,,False,journal,,,,,,False,,,EXCLUDE:E3
S27089,10.1007/s11581-025-06759-3,AGREED_EXCLUDE,EXCLUDE:E3,v3 sensitivity read,EXCLUDE:E3,,EXCLUDE:E3,v4 passes,EXCLUDE:E3,,EXCLUDE:E3,v4 passes,EXCLUDE:E3,,S27089,,,False,,,,,,,False,,,EXCLUDE:E3
S27096,10.5796/electrochemistry.25-00132,THIRD_READ,EXCLUDE:E3,third read,EXCLUDE:E3,,EXCLUDE:E3,third read,EXCLUDE:E3,,EXCLUDE:E3,v5 read,EXCLUDE:E3,,S27096,,,False,journal,,,,,,False,,,EXCLUDE:E3
S27110,10.1002/anie.202514922,AGREED_EXCLUDE,EXCLUDE:E3,v3 sensitivity read,EXCLUDE:E3,,EXCLUDE:E3,v4 passes,EXCLUDE:E3,,EXCLUDE:E3,v5 read,EXCLUDE:E3,,S27110,,,False,journal,,,,,,False,,,EXCLUDE:E3
S27111,10.1002/ange.202514922,AGREED_EXCLUDE,EXCLUDE:E3,passes agree,collapsed into S27110,,EXCLUDE:E3,passes agree,collapsed into S27110,,EXCLUDE:E3,passes agree,collapsed into S27110,,S27110,,,False,,,,,,,False,,,collapsed into S27110
S27135,10.1039/d5ee03712c,AGREED_EXCLUDE,EXCLUDE:E3,v3 sensitivity read,EXCLUDE:E3,,EXCLUDE:E3,v4 passes,EXCLUDE:E3,,EXCLUDE:E3,v4 passes,EXCLUDE:E3,,S27135,,,False,,,,,,,False,,,EXCLUDE:E3
S27180,10.1021/acsmaterialsau.5c00127,AGREED_EXCLUDE,EXCLUDE:E3,passes agree,EXCLUDE:E3,,EXCLUDE:E3,passes agree,EXCLUDE:E3,,EXCLUDE:E3,passes agree,EXCLUDE:E3,,S27180,,,False,,,,,,,False,,,EXCLUDE:E3
S27196,10.1039/d5sc06605k,AGREED_EXCLUDE,EXCLUDE:E1,passes agree,EXCLUDE:E1,,EXCLUDE:E1,passes agree,EXCLUDE:E1,,EXCLUDE:E1,passes agree,EXCLUDE:E1,,S27196,,,False,,,,,,,False,,,EXCLUDE:E1
S27201,10.1021/jacs.5c14353,AGREED_EXCLUDE,EXCLUDE:E3,passes agree,EXCLUDE:E3,,EXCLUDE:E3,passes agree,EXCLUDE:E3,,EXCLUDE:E3,passes agree,EXCLUDE:E3,,S27201,,,False,,,,,,,False,,,EXCLUDE:E3
S27209,10.1039/d5sc05118e,AGREED_EXCLUDE,EXCLUDE:E4,passes agree,EXCLUDE:E4,,EXCLUDE:E4,v4 read,EXCLUDE:E4,,EXCLUDE:E4,v5 read,EXCLUDE:E4,,S27209,,,False,journal,,,,,,False,,,EXCLUDE:E4
S27216,10.1002/smll.202508783,THIRD_READ,ELIGIBLE,third read,ELIGIBLE,,ELIGIBLE,v4 read,ELIGIBLE,,ELIGIBLE,v5 read,ELIGIBLE,,S27216,numeric,,True,journal,numeric,direct,,,,False,,,ELIGIBLE
S27217,10.1103/cvqr-4wkd,THIRD_READ,EXCLUDE:E3,third read,EXCLUDE:E3,,EXCLUDE:E3,third read,EXCLUDE:E3,,EXCLUDE:E3,v5 read,EXCLUDE:E3,,S27217,,,False,preprint,,,,,,False,,,EXCLUDE:E3
S27218,10.1038/s41893-025-01665-y,AGREED_EXCLUDE,EXCLUDE:E3,passes agree,EXCLUDE:E3,,EXCLUDE:E3,passes agree,EXCLUDE:E3,,EXCLUDE:E3,passes agree,EXCLUDE:E3,,S27218,,,False,,,,,,,False,,,EXCLUDE:E3
S27219,10.1021/acs.inorgchem.5c01962,AGREED_EXCLUDE,EXCLUDE:E3,passes agree,EXCLUDE:E3,,EXCLUDE:E3,passes agree,EXCLUDE:E3,,EXCLUDE:E3,v5 read,EXCLUDE:E3,,S27219,,,False,journal,,,,,,False,,,EXCLUDE:E3
S27224,10.1038/s41467-025-64286-1,NEEDS_SI,NEEDS_SI,passes,NEEDS_SI,,ELIGIBLE,v4 read,ELIGIBLE,,UNRESOLVED,SI read: third read; SI adjudication 2026-09-29,UNRESOLVED,dated,S27224,equivalent,,False,journal,,,,,,False,,third read,NEEDS_SI
S27229,10.1039/d5sc02715b,AGREED_EXCLUDE,EXCLUDE:E1,passes agree,EXCLUDE:E1,,EXCLUDE:E1,passes agree,EXCLUDE:E1,,EXCLUDE:E1,passes agree,EXCLUDE:E1,,S27229,,,False,,,,,,,False,,,EXCLUDE:E1
S27243,10.26599/nr.2025.94908188,AGREED_EXCLUDE,EXCLUDE:E4,passes agree,EXCLUDE:E4,,EXCLUDE:E5,v4 read,EXCLUDE:E5,,UNRESOLVED,SI read: third read,UNRESOLVED,dated,S27243,,,True,journal,,,,,,False,scope extension needed,third read,UNRESOLVED
S27247,10.1039/d5ta07271a,NEEDS_SI,NEEDS_SI,v3 sensitivity read,NEEDS_SI,,NEEDS_SI,v4 passes,NEEDS_SI,,NEEDS_SI,v5 read,NEEDS_SI,,S27247,,,False,journal,,,,,,False,,,NEEDS_SI
S27258,10.1038/s43246-025-00958-1,AGREED_EXCLUDE,EXCLUDE:E3,passes agree,EXCLUDE:E3,,EXCLUDE:E3,passes agree,EXCLUDE:E3,,EXCLUDE:E3,v5 read,EXCLUDE:E3,,S27258,,,False,journal,,,,,,False,,,EXCLUDE:E3
S27267,10.53941/sen.2025.100005,AGREED_EXCLUDE,EXCLUDE:E1,passes agree,EXCLUDE:E1,,EXCLUDE:E1,passes agree,EXCLUDE:E1,,EXCLUDE:E1,passes agree,EXCLUDE:E1,,S27267,,,False,,,,,,,False,,,EXCLUDE:E1
S27279,10.1021/acscatal.5c04461,NEEDS_SI,NEEDS_SI,passes,NEEDS_SI,,NEEDS_SI,v4 read,NEEDS_SI,,UNRESOLVED,SI read: third read,UNRESOLVED,,S27279,,,True,journal,,,,,,True,,third read,NEEDS_SI
S27291,10.21203/rs.3.rs-7906062/v1,AGREED_EXCLUDE,EXCLUDE:E3,passes agree,EXCLUDE:E3,,EXCLUDE:E3,passes agree,EXCLUDE:E3,,EXCLUDE:E3,passes agree,EXCLUDE:E3,,,,,False,,,,,,,False,,,EXCLUDE:E3
S27300,10.1093/nsr/nwaf461,AGREED_EXCLUDE,EXCLUDE:E1,passes agree,EXCLUDE:E1,,EXCLUDE:E1,passes agree,EXCLUDE:E1,,EXCLUDE:E1,passes agree,EXCLUDE:E1,,S27300,,,False,,,,,,,False,,,EXCLUDE:E1
S27321,10.26599/nre.2025.9120208,AGREED_ELIGIBLE,ELIGIBLE,passes agree,ELIGIBLE,,ELIGIBLE,v4 read,ELIGIBLE,,ELIGIBLE,v5 read,ELIGIBLE,,S27321,equivalent,,False,journal,numeric,equivalent,,,,True,,,ELIGIBLE
S27340,10.1039/d5sc06242j,NEEDS_SI,NEEDS_SI,passes,NEEDS_SI,,UNRESOLVED,v4 read,ELIGIBLE,dated,UNRESOLVED,v5 read,ELIGIBLE,dated,S27340,relative,,False,journal,relative,direct,,,,False,,,ELIGIBLE
S27341,10.3390/molecules30214282,AGREED_EXCLUDE,EXCLUDE:E1,passes agree,EXCLUDE:E1,,EXCLUDE:E1,passes agree,EXCLUDE:E1,,EXCLUDE:E1,passes agree,EXCLUDE:E1,,S27341,,,False,,,,,,,False,,,EXCLUDE:E1
S27345,10.1002/advs.202517229,THIRD_READ,ELIGIBLE,third read,ELIGIBLE,,ELIGIBLE,v4 read,ELIGIBLE,,UNRESOLVED,v5 read,ELIGIBLE,dated,S27345,equivalent,,True,journal,numeric,equivalent,,,,True,,,ELIGIBLE
S27385,10.1021/acs.chemmater.5c01947,AGREED_EXCLUDE,EXCLUDE:E3,v3 sensitivity read,EXCLUDE:E3,,EXCLUDE:E3,v4 passes,EXCLUDE:E3,,EXCLUDE:E3,v4 passes,EXCLUDE:E3,,S27385,,,False,,,,,,,False,,,EXCLUDE:E3
S27409,10.26599/cf.2025.9200060,AGREED_EXCLUDE,EXCLUDE:E1,v3 sensitivity read,EXCLUDE:E1,,EXCLUDE:E1,v4 passes,EXCLUDE:E1,,EXCLUDE:E1,v4 passes,EXCLUDE:E1,,S27409,,,False,,,,,,,False,,,EXCLUDE:E1
S27413,10.1021/acs.energyfuels.5c04530,AGREED_EXCLUDE,EXCLUDE:E3,v3 sensitivity read,EXCLUDE:E3,,EXCLUDE:E1,v4 passes,EXCLUDE:E1,,EXCLUDE:E1,v4 passes,EXCLUDE:E1,,S27413,,,False,,,,,,,False,,,EXCLUDE:E1
S27414,10.48550/arxiv.2504.04896,AGREED_EXCLUDE,EXCLUDE:E1,passes agree,EXCLUDE:E1,,EXCLUDE:E1,passes agree,EXCLUDE:E1,,EXCLUDE:E1,v5 read,EXCLUDE:E1,,,,,False,preprint,,,,,,False,,,EXCLUDE:E1
S27452,10.1360/ssc-2025-0257,THIRD_READ,EXCLUDE:E1,third read,EXCLUDE:E1,,EXCLUDE:E1,third read,EXCLUDE:E1,,EXCLUDE:E1,third read,EXCLUDE:E1,,S27452,,,False,,,,,,,False,,,EXCLUDE:E1
S27476,10.1016/j.cej.2025.171062,THIRD_READ,NEEDS_SI,v3 sensitivity read,NEEDS_SI,,ELIGIBLE,v4 sensitivity read,ELIGIBLE,,NEEDS_SI,SI read: passes agree,NEEDS_SI,,S27476,equivalent,,False,journal,,,,,,False,,needs_si,UNRESOLVED
S27504,10.1002/cssc.202501772,AGREED_EXCLUDE,EXCLUDE:E1,passes agree,EXCLUDE:E1,,EXCLUDE:E1,passes agree,EXCLUDE:E1,,EXCLUDE:E1,passes agree,EXCLUDE:E1,,S27504,,,False,,,,,,,False,,,EXCLUDE:E1
S27535,10.1038/s41467-025-66475-4,NEEDS_SI,NEEDS_SI,passes,NEEDS_SI,,UNRESOLVED,v4 read,ELIGIBLE,dated,UNRESOLVED,v5 read,ELIGIBLE,dated,S27535,equivalent,,True,journal,numeric,equivalent,,,,False,,,ELIGIBLE
S27551,10.1002/cctc.202501138,THIRD_READ,EXCLUDE:E3,third read,EXCLUDE:E3,,EXCLUDE:E3,third read,EXCLUDE:E3,,EXCLUDE:E3,v5 read,EXCLUDE:E3,,S27551,,,False,journal,,,,,,False,,,EXCLUDE:E3
S27553,10.1002/adfm.202524403,AGREED_EXCLUDE,EXCLUDE:E3,v3 sensitivity read,EXCLUDE:E3,,EXCLUDE:E3,v4 passes,EXCLUDE:E3,,EXCLUDE:E3,v4 passes,EXCLUDE:E3,,S27553,,,False,,,,,,,False,,,EXCLUDE:E3
S27563,10.1021/acs.jpcc.5c06502,AGREED_EXCLUDE,EXCLUDE:E3,passes agree,EXCLUDE:E3,,EXCLUDE:E3,passes agree,EXCLUDE:E3,,EXCLUDE:E3,passes agree,EXCLUDE:E3,,S27563,,,False,,,,,,,False,,,EXCLUDE:E3
S27580,10.2109/jcersj2.25121,AGREED_EXCLUDE,EXCLUDE:E1,passes agree,EXCLUDE:E1,,EXCLUDE:E1,passes agree,EXCLUDE:E1,,EXCLUDE:E1,passes agree,EXCLUDE:E1,,S27580,,,False,,,,,,,False,,,EXCLUDE:E1
S27585,10.1021/jacs.5c14847,AGREED_EXCLUDE,EXCLUDE:E3,passes agree,EXCLUDE:E3,,EXCLUDE:E3,passes agree,EXCLUDE:E3,,EXCLUDE:E3,passes agree,EXCLUDE:E3,,S27585,,,False,,,,,,,False,,,EXCLUDE:E3
S27593,10.1002/anie.202521341,AGREED_EXCLUDE,EXCLUDE:E1,v3 sensitivity read,EXCLUDE:E1,,EXCLUDE:E1,v4 passes,EXCLUDE:E1,,EXCLUDE:E1,v5 read,EXCLUDE:E1,,S27593,,,False,journal,,,,,,False,,,EXCLUDE:E1
S27596,10.1021/acsami.5c17367,AGREED_EXCLUDE,EXCLUDE:E3,passes agree,EXCLUDE:E3,,EXCLUDE:E3,passes agree,EXCLUDE:E3,,EXCLUDE:E3,v5 read,EXCLUDE:E3,,S27596,,,False,journal,,,,,,False,,,EXCLUDE:E3
S27609,10.1021/acsami.5c19470,NEEDS_SI,NEEDS_SI,passes,NEEDS_SI,,NEEDS_SI,v4 read,NEEDS_SI,,UNRESOLVED,SI read: third read,UNRESOLVED,,S27609,,,True,journal,,,,,,False,,third read,NEEDS_SI
S27621,10.33961/jecst.2025.00885,AGREED_EXCLUDE,EXCLUDE:E1,passes agree,EXCLUDE:E1,,EXCLUDE:E1,passes agree,EXCLUDE:E1,,EXCLUDE:E1,passes agree,EXCLUDE:E1,,S27621,,,False,,,,,,,False,,,EXCLUDE:E1
S27622,10.1002/admi.202500689,AGREED_EXCLUDE,EXCLUDE:E3,passes agree,EXCLUDE:E3,,EXCLUDE:E3,passes agree,EXCLUDE:E3,,EXCLUDE:E3,passes agree,EXCLUDE:E3,,S27622,,,False,,,,,,,False,,,EXCLUDE:E3
S27646,10.1021/jacsau.5c01059,THIRD_READ,EXCLUDE:E1,third read,EXCLUDE:E1,,EXCLUDE:E1,third read,EXCLUDE:E1,,EXCLUDE:E1,v5 read,EXCLUDE:E1,,S27646,,,False,journal,,,,,,False,,,EXCLUDE:E1
S27650,10.1002/admi.202500606,AGREED_EXCLUDE,EXCLUDE:E3,v3 sensitivity read,EXCLUDE:E3,,EXCLUDE:E3,v4 passes,EXCLUDE:E3,,EXCLUDE:E3,v5 read,EXCLUDE:E3,,S27650,,,False,journal,,,,,,False,,,EXCLUDE:E3
S27659,10.1038/s41467-025-67318-y,AGREED_EXCLUDE,EXCLUDE:E4,passes agree,EXCLUDE:E4,,EXCLUDE:E4,passes agree,EXCLUDE:E4,,EXCLUDE:E4,v5 read,EXCLUDE:E4,,S27659,,,False,journal,,,,,,False,,,EXCLUDE:E4
S27662,10.1021/acsnano.5c15659,AGREED_EXCLUDE,EXCLUDE:E3,passes agree,EXCLUDE:E3,,EXCLUDE:E3,passes agree,EXCLUDE:E3,,EXCLUDE:E3,passes agree,EXCLUDE:E3,,S27662,,,False,,,,,,,False,,,EXCLUDE:E3
S27666,10.26599/nre.2025.9120210,AGREED_EXCLUDE,EXCLUDE:E1,passes agree,EXCLUDE:E1,,EXCLUDE:E1,passes agree,EXCLUDE:E1,,EXCLUDE:E1,passes agree,EXCLUDE:E1,,S27666,,,False,,,,,,,False,,,EXCLUDE:E1
S27684,10.3390/molecules30244746,THIRD_READ,EXCLUDE:E3,third read,EXCLUDE:E3,,EXCLUDE:E3,third read,EXCLUDE:E3,,EXCLUDE:E3,third read,EXCLUDE:E3,,S27684,,,False,,,,,,,False,,,EXCLUDE:E3
S27688,10.1038/s41598-025-31418-y,THIRD_READ,EXCLUDE:E3,third read,EXCLUDE:E3,,EXCLUDE:E3,v4 read,EXCLUDE:E3,,EXCLUDE:E3,v5 read,EXCLUDE:E3,,S27688,,reanalysis,True,journal,,,,reanalysis,unclear,False,,,EXCLUDE:E3
S27699,10.1002/admt.202501870,AGREED_EXCLUDE,EXCLUDE:E3,passes agree,EXCLUDE:E3,,EXCLUDE:E3,passes agree,EXCLUDE:E3,,EXCLUDE:E3,passes agree,EXCLUDE:E3,,S27699,,,False,,,,,,,False,,,EXCLUDE:E3
S27700,10.1038/s41467-025-67439-4,THIRD_READ,NEEDS_SI,v3 sensitivity read,NEEDS_SI,,UNRESOLVED,v4 sensitivity read,UNRESOLVED,,UNRESOLVED,SI read: third read; SI adjudication 2026-10-02,UNRESOLVED,dated,S27700,,,False,journal,,,,,,False,,third read,UNRESOLVED
S27707,10.1007/s44422-025-00013-7,THIRD_READ,EXCLUDE:E1,v3 sensitivity read,EXCLUDE:E1,,EXCLUDE:E1,third read (v4),EXCLUDE:E1,,EXCLUDE:E1,third read (v4),EXCLUDE:E1,,S27707,,,False,,,,,,,False,,,EXCLUDE:E1
S27727,10.1126/sciadv.aea4543,THIRD_READ,ELIGIBLE,third read,ELIGIBLE,,UNRESOLVED,v4 read,ELIGIBLE,dated,UNRESOLVED,v5 read,ELIGIBLE,dated,S27727,numeric,,True,journal,numeric,direct,"Eq. 10 writes η = min(ΔG1..ΔG4)/e − 1.23 (min, not max); authors' labelled values kept as reported.",,,False,,,ELIGIBLE
S27751,10.1021/acscatal.5c05765,AGREED_EXCLUDE,EXCLUDE:E3,passes agree,EXCLUDE:E3,,EXCLUDE:E3,passes agree,EXCLUDE:E3,,EXCLUDE:E3,passes agree,EXCLUDE:E3,,S27751,,,False,,,,,,,False,,,EXCLUDE:E3
S27752,10.1021/acscatal.5c03350,AGREED_EXCLUDE,EXCLUDE:E3,passes agree,EXCLUDE:E3,,EXCLUDE:E3,passes agree,EXCLUDE:E3,,EXCLUDE:E3,v5 read,EXCLUDE:E3,,S27752,,,False,journal,,,,,,False,,,EXCLUDE:E3
S27823,10.1007/s12678-015-0259-9,AGREED_EXCLUDE,EXCLUDE:E1,v3 sensitivity read,EXCLUDE:E1,,EXCLUDE:E1,v4 passes,EXCLUDE:E1,,EXCLUDE:E1,v4 passes,EXCLUDE:E1,,S27823,,,False,,,,,,,False,,,EXCLUDE:E1
S27835,10.15068/0002012930,THIRD_READ,EXCLUDE:E4,third read,EXCLUDE:E4,,EXCLUDE:E4,third read,EXCLUDE:E4,,EXCLUDE:E1,v5 read,EXCLUDE:E1,,,,,False,other,,,,,,False,,,EXCLUDE:E1
S27860,10.25593/open-fau-2436,AGREED_EXCLUDE,EXCLUDE:E1,v3 sensitivity read,EXCLUDE:E1,,EXCLUDE:E1,v4 passes,EXCLUDE:E1,,EXCLUDE:E1,v4 passes,EXCLUDE:E1,,,,,False,,,,,,,False,,,EXCLUDE:E1
S27892,10.26190/unsworks/31856,THIRD_READ,EXCLUDE:E1,v3 sensitivity read,EXCLUDE:E1,,EXCLUDE:E1,third read (v4),EXCLUDE:E1,,EXCLUDE:E1,third read (v4),EXCLUDE:E1,,,,,False,,,,,,,False,,,EXCLUDE:E1
S27901,10.1002/cey2.70124,NEEDS_SI,NEEDS_SI,passes,NEEDS_SI,,NEEDS_SI,v4 read,NEEDS_SI,,NEEDS_SI,v5 read,NEEDS_SI,,S27901,,,True,journal,,,,,,False,,,NEEDS_SI
S27983,10.48505/nims.4304,THIRD_READ,EXCLUDE:E1,third read,EXCLUDE:E1,,EXCLUDE:E1,third read,EXCLUDE:E1,,EXCLUDE:E1,v5 read,EXCLUDE:E1,,S27983,,,False,journal,,,,,,False,,,EXCLUDE:E1
S27992,10.56028/aetr.15.1.81.2025,AGREED_EXCLUDE,EXCLUDE:E4,passes agree,EXCLUDE:E4,,EXCLUDE:E4,passes agree,EXCLUDE:E4,,EXCLUDE:E4,v5 read,EXCLUDE:E4,,S27992,,,False,journal,,,,,,False,,,EXCLUDE:E4
S28008,10.21203/rs.3.rs-8378723/v1,THIRD_READ,EXCLUDE:E3,third read,EXCLUDE:E3,,EXCLUDE:E3,third read,EXCLUDE:E3,,EXCLUDE:E3,v5 read,EXCLUDE:E3,,,,,False,preprint,,,,,,False,,,EXCLUDE:E3
S28010,10.33609/j.ucj.2025.11.1-104,THIRD_READ,EXCLUDE:E1,third read,EXCLUDE:E1,,EXCLUDE:E1,third read,EXCLUDE:E1,,EXCLUDE:E1,third read,EXCLUDE:E1,,,,,False,,,,,,,False,,,EXCLUDE:E1
S28016,10.25593/open-fau-2577,THIRD_READ,EXCLUDE:E1,v3 sensitivity read,EXCLUDE:E1,,EXCLUDE:E1,third read (v4),EXCLUDE:E1,,EXCLUDE:E1,third read (v4),EXCLUDE:E1,,,,,False,,,,,,,False,,,EXCLUDE:E1
S28040,10.1146/annurev-physchem-082324-020516,THIRD_READ,EXCLUDE:E1,third read,EXCLUDE:E1,,EXCLUDE:E1,third read,EXCLUDE:E1,,EXCLUDE:E1,v5 read,EXCLUDE:E1,,S28040,,,False,journal,,,,,,False,,,EXCLUDE:E1
S28092,10.1002/advs.202514939,THIRD_READ,ELIGIBLE,third read,ELIGIBLE,,NEEDS_SI,v4 read,NEEDS_SI,,UNRESOLVED,SI read: third read,ELIGIBLE,dated,S28092,,,True,journal,numeric,direct,,,,False,,third read,NEEDS_SI
S28100,10.17721/1728-2209.2025.1(60).13,AGREED_EXCLUDE,EXCLUDE:E3,passes agree,EXCLUDE:E3,,EXCLUDE:E3,passes agree,EXCLUDE:E3,,EXCLUDE:E3,passes agree,EXCLUDE:E3,,S28100,,,False,,,,,,,False,,,EXCLUDE:E3
S28109,10.26599/nr.2026.94908372,AGREED_EXCLUDE,EXCLUDE:E4,passes agree,EXCLUDE:E4,,EXCLUDE:E4,passes agree,EXCLUDE:E4,,EXCLUDE:E4,v5 read,EXCLUDE:E4,,S28109,,,False,journal,,,,,,False,,,EXCLUDE:E4
S28110,10.26599/nr.2026.94908378,THIRD_READ,EXCLUDE:E1,third read,EXCLUDE:E1,,EXCLUDE:E1,third read,EXCLUDE:E1,,EXCLUDE:E1,third read,EXCLUDE:E1,,S28110,,,False,,,,,,,False,,,EXCLUDE:E1
S28120,10.1021/acsaem.5c03420,AGREED_EXCLUDE,EXCLUDE:E3,passes agree,EXCLUDE:E3,,EXCLUDE:E3,passes agree,EXCLUDE:E3,,EXCLUDE:E3,passes agree,EXCLUDE:E3,,S28120,,,False,,,,,,,False,,,EXCLUDE:E3
S28145,10.26599/nr.2026.94908391,AGREED_EXCLUDE,EXCLUDE:E1,passes agree,EXCLUDE:E1,,EXCLUDE:E1,passes agree,EXCLUDE:E1,,EXCLUDE:E1,passes agree,EXCLUDE:E1,,S28145,,,False,,,,,,,False,,,EXCLUDE:E1
S28163,10.1038/s41929-025-01463-x,AGREED_EXCLUDE,EXCLUDE:E3,v3 sensitivity read,EXCLUDE:E3,,EXCLUDE:E3,v4 passes,EXCLUDE:E3,,EXCLUDE:E3,v5 read,EXCLUDE:E3,,S28163,,,False,journal,,,,,,False,,,EXCLUDE:E3
S28177,10.1002/adma.202514659,AGREED_EXCLUDE,EXCLUDE:E3,passes agree,EXCLUDE:E3,,EXCLUDE:E3,v4 read,EXCLUDE:E3,,EXCLUDE:E3,v4 read,EXCLUDE:E3,,S28177,,,False,,,,,,,False,,,EXCLUDE:E3
S28208,,THIRD_READ,EXCLUDE:E1,third read,EXCLUDE:E1,,EXCLUDE:E1,third read,EXCLUDE:E1,,EXCLUDE:E1,third read,EXCLUDE:E1,,,,,False,,,,,,,False,,,EXCLUDE:E1
S28230,10.1002/rar2.70136,NEEDS_SI,NEEDS_SI,v3 sensitivity read,NEEDS_SI,,NEEDS_SI,v4 passes,NEEDS_SI,,UNRESOLVED,v5 read,NEEDS_SI,dated,S28230,,,False,journal,,,,,,True,,,NEEDS_SI
S28248,,THIRD_READ,EXCLUDE:E1,third read,EXCLUDE:E1,,EXCLUDE:E1,third read,EXCLUDE:E1,,EXCLUDE:E1,third read,EXCLUDE:E1,,,,,False,,,,,,,False,,,EXCLUDE:E1
S28249,,THIRD_READ,EXCLUDE:E1,third read,EXCLUDE:E1,,EXCLUDE:E1,third read,EXCLUDE:E1,,EXCLUDE:E1,third read,EXCLUDE:E1,,,,,False,,,,,,,False,,,EXCLUDE:E1
S28289,10.1039/d5sc08602g,NEEDS_SI,NEEDS_SI,passes,NEEDS_SI,,UNRESOLVED,v4 read,UNRESOLVED,,UNRESOLVED,SI read: third read,UNRESOLVED,,S28289,,,True,journal,,,,,,False,,third read,UNRESOLVED
S28292,10.26599/emd.2026.9370085,AGREED_EXCLUDE,EXCLUDE:E3,passes agree,EXCLUDE:E3,,EXCLUDE:E3,passes agree,EXCLUDE:E3,,EXCLUDE:E3,passes agree,EXCLUDE:E3,,S28292,,,False,,,,,,,False,,,EXCLUDE:E3
S28294,10.1039/d5sc08100a,AGREED_EXCLUDE,EXCLUDE:E1,passes agree,EXCLUDE:E1,,EXCLUDE:E1,passes agree,EXCLUDE:E1,,EXCLUDE:E1,passes agree,EXCLUDE:E1,,S28294,,,False,,,,,,,False,,,EXCLUDE:E1
S28303,10.3390/mi17010106,THIRD_READ,EXCLUDE:E1,third read,EXCLUDE:E1,,EXCLUDE:E1,third read,EXCLUDE:E1,,EXCLUDE:E1,v5 read,EXCLUDE:E1,,S28303,,,False,journal,,,,,,False,,,EXCLUDE:E1
S28305,10.65382/2221-8688-2026-2-149-182,AGREED_EXCLUDE,EXCLUDE:E1,passes agree,EXCLUDE:E1,,EXCLUDE:E1,passes agree,EXCLUDE:E1,,EXCLUDE:E1,passes agree,EXCLUDE:E1,,S28305,,,False,,,,,,,False,,,EXCLUDE:E1
S28319,10.1021/acsomega.5c10410,NEEDS_SI,NEEDS_SI,passes,NEEDS_SI,,UNRESOLVED,v4 read,ELIGIBLE,dated,UNRESOLVED,v5 read,ELIGIBLE,dated,S28319,equivalent,,False,journal,numeric,equivalent,,,,False,,,ELIGIBLE
S28327,10.1007/s40843-025-3693-0,THIRD_READ,NEEDS_SI,v3 sensitivity read,NEEDS_SI,,NEEDS_SI,third read (v4),NEEDS_SI,,UNRESOLVED,SI read: third read,UNRESOLVED,,S28327,,,True,journal,numeric,direct,,,,False,,third read,NEEDS_SI
S28329,10.1002/anie.202521873,AGREED_ELIGIBLE,ELIGIBLE,passes agree,ELIGIBLE,,UNRESOLVED,v4 read,ELIGIBLE,dated,UNRESOLVED,SI read: third read,ELIGIBLE,dated,S28329,equivalent,,True,journal,relative,direct,,,,False,,third read,NEEDS_SI
S28345,10.1002/anie.202522216,THIRD_READ,ELIGIBLE,third read,ELIGIBLE,,ELIGIBLE,v4 read,ELIGIBLE,,ELIGIBLE,v5 read,ELIGIBLE,,S28345,numeric,,False,journal,numeric,direct,,,,False,,,ELIGIBLE
S28348,10.33961/jecst.2025.00955,AGREED_EXCLUDE,EXCLUDE:E1,passes agree,EXCLUDE:E1,,EXCLUDE:E1,passes agree,EXCLUDE:E1,,EXCLUDE:E1,passes agree,EXCLUDE:E1,,S28348,,,False,,,,,,,False,,,EXCLUDE:E1
S28366,10.3390/molecules31020353,AGREED_EXCLUDE,EXCLUDE:E3,passes agree,EXCLUDE:E3,,EXCLUDE:E3,passes agree,EXCLUDE:E3,,EXCLUDE:E3,passes agree,EXCLUDE:E3,,S28366,,,False,,,,,,,False,,,EXCLUDE:E3
S28421,10.37933/nipes/7.4.2025.si488,AGREED_EXCLUDE,EXCLUDE:E1,passes agree,EXCLUDE:E1,,EXCLUDE:E1,passes agree,EXCLUDE:E1,,EXCLUDE:E1,passes agree,EXCLUDE:E1,,S28421,,,False,,,,,,,False,,,EXCLUDE:E1
S28425,10.18596/jotcsa.1799781,AGREED_EXCLUDE,EXCLUDE:E3,passes agree,EXCLUDE:E3,,EXCLUDE:E3,passes agree,EXCLUDE:E3,,EXCLUDE:E3,passes agree,EXCLUDE:E3,,S28425,,,False,,,,,,,False,,,EXCLUDE:E3
S28435,10.26599/nr.2026.94908487,THIRD_READ,NEEDS_SI,third read,NEEDS_SI,,UNRESOLVED,v4 read,UNRESOLVED,,UNRESOLVED,manual priority SI 2026-10-03: independent reads reviewed,UNRESOLVED,dated,S28435,,,True,journal,,,,,,True,,recovery reviewed,UNRESOLVED
S28446,10.1016/j.cej.2026.173281,AGREED_EXCLUDE,EXCLUDE:E3,passes agree,EXCLUDE:E3,,EXCLUDE:E3,passes agree,EXCLUDE:E3,,EXCLUDE:E3,v5 read,EXCLUDE:E3,,S28446,,,False,journal,,,,,,False,,,EXCLUDE:E3
S28448,10.1039/d5sc06809f,AGREED_EXCLUDE,EXCLUDE:E4,passes agree,EXCLUDE:E4,,EXCLUDE:E4,passes agree,EXCLUDE:E4,,EXCLUDE:E4,v5 read,EXCLUDE:E4,,S28448,,,False,journal,,,,,,False,,,EXCLUDE:E4
S28460,10.1002/cssc.202502081,AGREED_EXCLUDE,EXCLUDE:E3,v3 sensitivity read,EXCLUDE:E3,,EXCLUDE:E3,v4 passes,EXCLUDE:E3,,EXCLUDE:E3,v4 passes,EXCLUDE:E3,,S28460,,,False,,,,,,,False,,,EXCLUDE:E3
S28471,10.1038/s41467-026-68735-3,AGREED_EXCLUDE,EXCLUDE:E4,passes agree,EXCLUDE:E4,,EXCLUDE:E4,v4 read,EXCLUDE:E4,,EXCLUDE:E4,v5 read,EXCLUDE:E4,,S28471,,,False,journal,,,,,,False,,,EXCLUDE:E4
S28479,10.1002/adfm.202528401,NEEDS_SI,NEEDS_SI,passes,NEEDS_SI,,EXCLUDE:E5,v4 read,EXCLUDE:E5,,UNRESOLVED,v5 read,UNRESOLVED,dated,S28479,,,True,journal,,,,,,False,,,UNRESOLVED
S28488,10.1002/adfm.202600044,THIRD_READ,UNRESOLVED,third read,ELIGIBLE,dated,UNRESOLVED,v4 read,ELIGIBLE,dated,UNRESOLVED,v5 read,ELIGIBLE,dated,S28488,numeric,,False,journal,numeric,direct,,,,False,,,ELIGIBLE
S28558,10.1002/anie.202524664,NEEDS_SI,NEEDS_SI,passes,NEEDS_SI,,NEEDS_SI,v4 read,NEEDS_SI,,NEEDS_SI,v5 read,NEEDS_SI,,S28558,,,True,journal,,,,,,False,,,NEEDS_SI
S28561,10.1002/smll.202511956,AGREED_EXCLUDE,EXCLUDE:E3,v3 sensitivity read,EXCLUDE:E3,,EXCLUDE:E3,v4 passes,EXCLUDE:E3,,EXCLUDE:E3,v4 passes,EXCLUDE:E3,,S28561,,,False,,,,,,,False,,,EXCLUDE:E3
S28576,10.26599/nr.2026.94908519,AGREED_EXCLUDE,EXCLUDE:E1,passes agree,EXCLUDE:E1,,EXCLUDE:E1,passes agree,EXCLUDE:E1,,EXCLUDE:E1,passes agree,EXCLUDE:E1,,S28576,,,False,,,,,,,False,,,EXCLUDE:E1
S28578,10.26599/nr.2026.94908534,AGREED_EXCLUDE,EXCLUDE:E1,passes agree,EXCLUDE:E1,,EXCLUDE:E1,passes agree,EXCLUDE:E1,,EXCLUDE:E1,passes agree,EXCLUDE:E1,,S28578,,,False,,,,,,,False,,,EXCLUDE:E1
S28591,10.1038/s41467-026-69200-x,THIRD_READ,EXCLUDE:E3,third read,EXCLUDE:E3,,EXCLUDE:E3,third read,EXCLUDE:E3,,EXCLUDE:E3,v5 read,EXCLUDE:E3,,S28591,,,False,journal,,,,,,False,,,EXCLUDE:E3
S28597,10.30919/es2056,AGREED_EXCLUDE,EXCLUDE:E5,passes agree,EXCLUDE:E5,,EXCLUDE:E5,v4 read,EXCLUDE:E5,,EXCLUDE:E5,v5 read,EXCLUDE:E5,,S28597,,,False,journal,,,,,,False,,,EXCLUDE:E5
S28617,10.1039/d5ee06950e,AGREED_EXCLUDE,NEEDS_SI,v3 sensitivity read,NEEDS_SI,,EXCLUDE:E5,v4 passes,EXCLUDE:E5,,UNRESOLVED,v5 read,UNRESOLVED,,S28617,,,False,journal,,,,,,True,,,UNRESOLVED
S28635,10.1021/acscatal.5c07014,THIRD_READ,EXCLUDE:E1,third read,EXCLUDE:E1,,EXCLUDE:E1,third read,EXCLUDE:E1,,EXCLUDE:E1,v5 read,EXCLUDE:E1,,S28635,,,False,journal,,,,,,False,,,EXCLUDE:E1
S28639,10.21203/rs.3.rs-8792272/v1,AGREED_EXCLUDE,EXCLUDE:E4,passes agree,EXCLUDE:E4,,EXCLUDE:E4,passes agree,EXCLUDE:E4,,EXCLUDE:E4,v5 read,EXCLUDE:E4,,,,,False,preprint,,,,,,False,,,EXCLUDE:E4
S28647,10.1021/acscatal.5c07713,AGREED_EXCLUDE,EXCLUDE:E3,v3 sensitivity read,EXCLUDE:E3,,EXCLUDE:E3,v4 passes,EXCLUDE:E3,,EXCLUDE:E3,v4 passes,EXCLUDE:E3,,S28647,,,False,,,,,,,False,,,EXCLUDE:E3
S28649,10.1016/j.nanoen.2026.111796,AGREED_EXCLUDE,EXCLUDE:E1,v3 sensitivity read,EXCLUDE:E1,,EXCLUDE:E1,v4 sensitivity read,EXCLUDE:E1,,EXCLUDE:E1,v5 passes,EXCLUDE:E1,,,,,False,,,,,,,False,,,EXCLUDE:E1
S28651,10.1002/anie.202524928,AGREED_EXCLUDE,EXCLUDE:E4,v3 sensitivity read,EXCLUDE:E4,,EXCLUDE:E4,v4 passes,EXCLUDE:E4,,EXCLUDE:E5,v5 read,EXCLUDE:E5,,S28651,,,False,journal,,,,,,False,,,EXCLUDE:E5
S28654,10.1021/acsami.5c21861,AGREED_EXCLUDE,EXCLUDE:E3,v3 sensitivity read,EXCLUDE:E3,,EXCLUDE:E3,v4 passes,EXCLUDE:E3,,EXCLUDE:E3,v4 passes,EXCLUDE:E3,,S28654,,,False,,,,,,,False,,,EXCLUDE:E3
S28662,10.1002/sstr.202500759,THIRD_READ,ELIGIBLE,v3 sensitivity read,ELIGIBLE,,UNRESOLVED,third read (v4),ELIGIBLE,dated,UNRESOLVED,v5 read,ELIGIBLE,dated,S28662,numeric,,True,journal,numeric,direct,,,,False,,,ELIGIBLE
S28679,10.1002/advs.202520473,NEEDS_SI,NEEDS_SI,passes,NEEDS_SI,,UNRESOLVED,v4 read,NEEDS_SI,dated,UNRESOLVED,SI read: third read,UNRESOLVED,dated,S28679,,,True,journal,,,,,,False,,third read,NEEDS_SI
S28681,10.1039/d5ya00309a,AGREED_EXCLUDE,EXCLUDE:E3,v3 sensitivity read,EXCLUDE:E3,,EXCLUDE:E3,v4 passes,EXCLUDE:E3,,EXCLUDE:E3,v4 passes,EXCLUDE:E3,,S28681,,,False,,,,,,,False,,,EXCLUDE:E3
S28684,10.21203/rs.3.rs-8605869/v1,AGREED_EXCLUDE,EXCLUDE:E3,passes agree,EXCLUDE:E3,,EXCLUDE:E3,passes agree,EXCLUDE:E3,,EXCLUDE:E4,v5 read,EXCLUDE:E4,,,,,False,preprint,,,,,,False,,,EXCLUDE:E4
S28687,10.1039/d5cc07243c,AGREED_EXCLUDE,EXCLUDE:E1,v3 sensitivity read,EXCLUDE:E1,,EXCLUDE:E1,v4 passes,EXCLUDE:E1,,EXCLUDE:E1,v4 passes,EXCLUDE:E1,,S28687,,,False,,,,,,,False,,,EXCLUDE:E1
S28690,10.1002/cssc.202502650,AGREED_EXCLUDE,EXCLUDE:E1,passes agree,EXCLUDE:E1,,EXCLUDE:E1,passes agree,EXCLUDE:E1,,EXCLUDE:E1,v5 read,EXCLUDE:E1,,S28690,,,False,journal,,,,,,False,,,EXCLUDE:E1
S28699,10.1038/s41467-026-69682-9,AGREED_EXCLUDE,EXCLUDE:E4,passes agree,EXCLUDE:E4,,EXCLUDE:E4,passes agree,EXCLUDE:E4,,EXCLUDE:E4,v5 read,EXCLUDE:E4,,S28699,,,False,journal,,,,,,False,,,EXCLUDE:E4
S28705,10.1002/smll.202513029,AGREED_EXCLUDE,EXCLUDE:E3,passes agree,EXCLUDE:E3,,EXCLUDE:E3,passes agree,EXCLUDE:E3,,EXCLUDE:E3,passes agree,EXCLUDE:E3,,S28705,,,False,,,,,,,False,,,EXCLUDE:E3
S28707,10.1021/acscatal.5c08945,THIRD_READ,EXCLUDE:E3,third read,EXCLUDE:E3,,EXCLUDE:E3,third read,EXCLUDE:E3,,EXCLUDE:E3,v5 read,EXCLUDE:E3,,S28707,,,False,journal,,,,,,False,,,EXCLUDE:E3
S28718,10.26599/nr.2026.94908557,AGREED_EXCLUDE,EXCLUDE:E4,passes agree,EXCLUDE:E4,,EXCLUDE:E4,passes agree,EXCLUDE:E4,,EXCLUDE:E4,v5 read,EXCLUDE:E4,,S28718,,,False,journal,,,,,,False,,,EXCLUDE:E4
S28724,10.26599/nr.2026.94908561,AGREED_EXCLUDE,EXCLUDE:E4,passes agree,EXCLUDE:E4,,EXCLUDE:E4,passes agree,EXCLUDE:E4,,EXCLUDE:E4,v5 read,EXCLUDE:E4,,S28724,,,False,journal,,,,,,False,,,EXCLUDE:E4
S28727,10.1039/d5sc08974c,AGREED_EXCLUDE,EXCLUDE:E3,passes agree,EXCLUDE:E3,,EXCLUDE:E3,passes agree,EXCLUDE:E3,,EXCLUDE:E3,passes agree,EXCLUDE:E3,,S28727,,,False,,,,,,,False,,,EXCLUDE:E3
S28732,10.3126/aoj.v8i1.91034,THIRD_READ,EXCLUDE:E4,third read,EXCLUDE:E4,,EXCLUDE:E4,v4 read,EXCLUDE:E4,,EXCLUDE:E5,v5 read,EXCLUDE:E5,,S28732,,,False,journal,,,,,,True,,,EXCLUDE:E5
S28749,10.1002/anie.202522707,AGREED_EXCLUDE,EXCLUDE:E3,v3 sensitivity read,EXCLUDE:E3,,EXCLUDE:E3,v4 passes,EXCLUDE:E3,,EXCLUDE:E3,v5 read,EXCLUDE:E3,,S28749,,,False,journal,,,,,,False,,,EXCLUDE:E3
S28766,10.1039/d5ee07605f,AGREED_ELIGIBLE,ELIGIBLE,passes agree,ELIGIBLE,,ELIGIBLE,v4 read,ELIGIBLE,,ELIGIBLE,v5 read,ELIGIBLE,,S28766,numeric,,False,journal,numeric,direct,,,,False,,,ELIGIBLE
S28777,10.3390/ijms27052087,AGREED_EXCLUDE,EXCLUDE:E1,passes agree,EXCLUDE:E1,,EXCLUDE:E1,passes agree,EXCLUDE:E1,,EXCLUDE:E1,passes agree,EXCLUDE:E1,,S28777,,,False,,,,,,,False,,,EXCLUDE:E1
S28803,10.1021/acs.jpcc.5c08777,NEEDS_SI,NEEDS_SI,passes,NEEDS_SI,,UNRESOLVED,v4 read,NEEDS_SI,dated,EXCLUDE:E6,SI read: passes agree,EXCLUDE:E6,,S28803,,,False,journal,,,,,,False,,agreed,NEEDS_SI
S28806,10.1038/s41563-026-02514-9,THIRD_READ,EXCLUDE:E5,third read,EXCLUDE:E5,,NEEDS_SI,v4 read,NEEDS_SI,,EXCLUDE:E6,SI read: passes agree,EXCLUDE:E6,,S28806,,,True,journal,,,,,,False,,agreed,NEEDS_SI
S28807,10.3390/ma19050864,AGREED_EXCLUDE,EXCLUDE:E3,passes agree,EXCLUDE:E3,,EXCLUDE:E3,passes agree,EXCLUDE:E3,,EXCLUDE:E3,passes agree,EXCLUDE:E3,,S28807,,,False,,,,,,,False,,,EXCLUDE:E3
S28812,10.1002/anie.202522726,THIRD_READ,EXCLUDE:E1,third read,EXCLUDE:E1,,EXCLUDE:E1,third read,EXCLUDE:E1,,EXCLUDE:E1,v5 read,EXCLUDE:E1,,S28812,,,False,journal,,,,,,False,,,EXCLUDE:E1
S28846,,AGREED_EXCLUDE,EXCLUDE:E3,passes agree,EXCLUDE:E3,,EXCLUDE:E3,passes agree,EXCLUDE:E3,,EXCLUDE:E3,passes agree,EXCLUDE:E3,,S28846,,,False,,,,,,,False,,,EXCLUDE:E3
S28864,10.54691/pm7dma72,AGREED_EXCLUDE,EXCLUDE:E1,passes agree,EXCLUDE:E1,,EXCLUDE:E1,passes agree,EXCLUDE:E1,,EXCLUDE:E1,passes agree,EXCLUDE:E1,,S28864,,,False,,,,,,,False,,,EXCLUDE:E1
S28865,10.1002/adma.72644,THIRD_READ,EXCLUDE:E1,third read,EXCLUDE:E1,,EXCLUDE:E1,third read,EXCLUDE:E1,,EXCLUDE:E1,v5 read,EXCLUDE:E1,,S28865,,,False,journal,,,,,,False,,,EXCLUDE:E1
S28881,,THIRD_READ,EXCLUDE:E1,third read,EXCLUDE:E1,,EXCLUDE:E1,third read,EXCLUDE:E1,,EXCLUDE:E1,third read,EXCLUDE:E1,,,,,False,,,,,,,False,,,EXCLUDE:E1
S28886,,THIRD_READ,EXCLUDE:E1,third read,EXCLUDE:E1,,EXCLUDE:E1,third read,EXCLUDE:E1,,EXCLUDE:E1,third read,EXCLUDE:E1,,,,,False,,,,,,,False,,,EXCLUDE:E1
S28890,,THIRD_READ,EXCLUDE:E1,third read,collapsed into S17514,,EXCLUDE:E1,third read,collapsed into S17514,,EXCLUDE:E1,v5 read,collapsed into S17514,,S17514,,,False,other,,,,,,False,,,collapsed into S17514
S28903,10.1007/s11426-025-3209-4,NEEDS_SI,NEEDS_SI,v3 sensitivity read,NEEDS_SI,,NEEDS_SI,v4 passes,NEEDS_SI,,UNRESOLVED,SI read: third read,UNRESOLVED,,S28903,,,False,journal,,,,,,False,,third read,NEEDS_SI
S28907,10.21203/rs.3.rs-8829508/v1,AGREED_EXCLUDE,EXCLUDE:E4,passes agree,EXCLUDE:E4,,EXCLUDE:E4,passes agree,EXCLUDE:E4,,EXCLUDE:E4,SI read: passes agree,EXCLUDE:E4,,,,,False,preprint,,,,,,False,identity check,agreed,EXCLUDE:E5
S28928,,THIRD_READ,EXCLUDE:E1,third read,EXCLUDE:E1,,EXCLUDE:E1,third read,EXCLUDE:E1,,EXCLUDE:E1,third read,EXCLUDE:E1,,,,,False,,,,,,,False,,,EXCLUDE:E1
S28930,,THIRD_READ,EXCLUDE:E1,third read,EXCLUDE:E1,,EXCLUDE:E1,third read,EXCLUDE:E1,,EXCLUDE:E1,third read,EXCLUDE:E1,,,,,False,,,,,,,False,,,EXCLUDE:E1
S28950,10.1021/acsami.5c22249,AGREED_EXCLUDE,EXCLUDE:E4,passes agree,EXCLUDE:E4,,EXCLUDE:E4,passes agree,EXCLUDE:E4,,EXCLUDE:E4,SI read: passes agree,EXCLUDE:E4,,S28950,,,False,journal,,,,,,False,,agreed,EXCLUDE:E5
S28962,10.26599/nr.2026.94908613,AGREED_EXCLUDE,EXCLUDE:E4,passes agree,EXCLUDE:E4,,EXCLUDE:E4,passes agree,EXCLUDE:E4,,EXCLUDE:E4,v5 read,EXCLUDE:E4,,S28962,,,False,journal,,,,,,False,,,EXCLUDE:E4
S29024,10.48550/arxiv.2603.07009,THIRD_READ,ELIGIBLE,v3 sensitivity read,ELIGIBLE,,UNRESOLVED,third read (v4),ELIGIBLE,dated,UNRESOLVED,v5 read,ELIGIBLE,dated,,numeric,,True,preprint,numeric,direct,,,,False,,,ELIGIBLE
S29039,10.1016/j.commatsci.2026.114637,THIRD_READ,EXCLUDE:E4,v3 sensitivity read,EXCLUDE:E4,,EXCLUDE:E4,v4 sensitivity read,EXCLUDE:E4,,EXCLUDE:E4,third read (v5),EXCLUDE:E4,,S29039,,,False,journal,,,,,,False,,,EXCLUDE:E4
S29044,10.1038/s41467-026-70502-3,AGREED_ELIGIBLE,ELIGIBLE,passes agree,ELIGIBLE,,UNRESOLVED,v4 read,ELIGIBLE,dated,UNRESOLVED,SI read: third read,ELIGIBLE,dated,S29044,numeric,,True,journal,numeric,direct,,,,False,,third read,ELIGIBLE
S29047,,AGREED_EXCLUDE,EXCLUDE:E1,passes agree,EXCLUDE:E1,,EXCLUDE:E1,passes agree,EXCLUDE:E1,,EXCLUDE:E1,passes agree,EXCLUDE:E1,,,,,False,,,,,,,False,,,EXCLUDE:E1
S29050,10.1002/aenm.202506779,AGREED_EXCLUDE,EXCLUDE:E3,passes agree,EXCLUDE:E3,,EXCLUDE:E3,v4 read,EXCLUDE:E3,,EXCLUDE:E3,v4 read,EXCLUDE:E3,,S29050,,,False,,,,,,,False,,,EXCLUDE:E3
S29053,10.1021/acscatal.5c08978,AGREED_EXCLUDE,EXCLUDE:E3,passes agree,EXCLUDE:E3,,EXCLUDE:E3,v4 read,EXCLUDE:E3,,EXCLUDE:E3,v5 read,EXCLUDE:E3,,S29053,,,True,journal,,,,reanalysis,unclear,False,,,EXCLUDE:E3
S29058,10.1039/d5sc09403h,AGREED_EXCLUDE,EXCLUDE:E4,passes agree,EXCLUDE:E4,,EXCLUDE:E4,passes agree,EXCLUDE:E4,,EXCLUDE:E5,v5 read,EXCLUDE:E5,,S29058,,,False,journal,,,,,,False,,,EXCLUDE:E5
S29060,10.1016/j.jmat.2026.101206,AGREED_EXCLUDE,EXCLUDE:E1,passes agree,EXCLUDE:E1,,EXCLUDE:E1,passes agree,EXCLUDE:E1,,EXCLUDE:E1,passes agree,EXCLUDE:E1,,S29060,,,False,,,,,,,False,,,EXCLUDE:E1
S29110,,AGREED_EXCLUDE,EXCLUDE:E1,passes agree,EXCLUDE:E1,,EXCLUDE:E1,passes agree,EXCLUDE:E1,,EXCLUDE:E1,passes agree,EXCLUDE:E1,,S29110,,,False,,,,,,,False,,,EXCLUDE:E1
S29122,,AGREED_EXCLUDE,EXCLUDE:E1,passes agree,EXCLUDE:E1,,EXCLUDE:E1,passes agree,EXCLUDE:E1,,EXCLUDE:E1,passes agree,EXCLUDE:E1,,S29122,,,False,,,,,,,False,,,EXCLUDE:E1
S29131,10.1021/acselectrochem.5c00554,AGREED_EXCLUDE,EXCLUDE:E3,passes agree,EXCLUDE:E3,,EXCLUDE:E3,passes agree,EXCLUDE:E3,,EXCLUDE:E3,passes agree,EXCLUDE:E3,,S29131,,,False,,,,,,,False,,,EXCLUDE:E3
S29154,10.1039/d6ta01745b,AGREED_EXCLUDE,EXCLUDE:E3,v3 sensitivity read,EXCLUDE:E3,,EXCLUDE:E3,v4 passes,EXCLUDE:E3,,EXCLUDE:E3,v5 read,EXCLUDE:E3,,S29154,,,False,journal,,,,,,False,,,EXCLUDE:E3
S29162,,THIRD_READ,EXCLUDE:E4,third read,EXCLUDE:E4,,EXCLUDE:E4,third read,EXCLUDE:E4,,EXCLUDE:E4,v5 read,EXCLUDE:E4,,,,,False,preprint,,,,,,True,,,EXCLUDE:E4
S29195,10.1038/s41467-026-70737-0,THIRD_READ,NEEDS_SI,third read,NEEDS_SI,,UNRESOLVED,v4 read,UNRESOLVED,dated,UNRESOLVED,SI read: third read,UNRESOLVED,dated,S29195,,,True,journal,,,,,,False,,third read,UNRESOLVED
S29212,10.1038/s42004-026-01967-y,AGREED_EXCLUDE,EXCLUDE:E1,passes agree,EXCLUDE:E1,,EXCLUDE:E1,passes agree,EXCLUDE:E1,,EXCLUDE:E1,passes agree,EXCLUDE:E1,,S29212,,,False,,,,,,,False,,,EXCLUDE:E1
S29256,10.1039/d6mh00036c,AGREED_EXCLUDE,EXCLUDE:E3,v3 sensitivity read,EXCLUDE:E3,,EXCLUDE:E3,v4 passes,EXCLUDE:E3,,EXCLUDE:E3,v4 passes,EXCLUDE:E3,,S29256,,,False,,,,,,,False,,,EXCLUDE:E3
S29261,10.3390/ma19071370,AGREED_EXCLUDE,EXCLUDE:E3,passes agree,EXCLUDE:E3,,EXCLUDE:E3,passes agree,EXCLUDE:E3,,EXCLUDE:E3,passes agree,EXCLUDE:E3,,S29261,,,False,,,,,,,False,,,EXCLUDE:E3
S29274,10.53941/photocatalysis.2026.100003,AGREED_EXCLUDE,EXCLUDE:E1,passes agree,EXCLUDE:E1,,EXCLUDE:E1,passes agree,EXCLUDE:E1,,EXCLUDE:E1,passes agree,EXCLUDE:E1,,S29274,,,False,,,,,,,False,,,EXCLUDE:E1
S29280,10.14943/doctoral.k16508,AGREED_EXCLUDE,EXCLUDE:E1,passes agree,EXCLUDE:E1,,EXCLUDE:E1,passes agree,EXCLUDE:E1,,EXCLUDE:E1,passes agree,EXCLUDE:E1,,,,,False,,,,,,,False,,,EXCLUDE:E1
S29281,10.15083/0002009137,THIRD_READ,EXCLUDE:E1,third read,EXCLUDE:E1,,EXCLUDE:E1,third read,EXCLUDE:E1,,EXCLUDE:E1,third read,EXCLUDE:E1,,,,,False,,,,,,,False,,,EXCLUDE:E1
S29303,,THIRD_READ,EXCLUDE:E1,third read,EXCLUDE:E1,,EXCLUDE:E1,third read,EXCLUDE:E1,,EXCLUDE:E1,third read,EXCLUDE:E1,,,,,False,,,,,,,False,,,EXCLUDE:E1
S29314,,AGREED_EXCLUDE,EXCLUDE:E1,passes agree,EXCLUDE:E1,,EXCLUDE:E1,passes agree,EXCLUDE:E1,,EXCLUDE:E1,passes agree,EXCLUDE:E1,,,,,False,,,,,,,False,,,EXCLUDE:E1
S29327,,AGREED_EXCLUDE,EXCLUDE:E3,passes agree,collapsed into S08121,,EXCLUDE:E3,passes agree,collapsed into S08121,,EXCLUDE:E3,v5 read,collapsed into S08121,,S08121,,,False,journal,,,,,,False,,,collapsed into S08121
S29343,,AGREED_EXCLUDE,EXCLUDE:E1,passes agree,EXCLUDE:E1,,EXCLUDE:E1,passes agree,EXCLUDE:E1,,EXCLUDE:E1,v5 read,EXCLUDE:E1,,,,,False,other,,,,,,False,,,EXCLUDE:E1
S29348,10.3390/ma19071402,AGREED_EXCLUDE,EXCLUDE:E3,passes agree,EXCLUDE:E3,,EXCLUDE:E3,passes agree,EXCLUDE:E3,,EXCLUDE:E3,passes agree,EXCLUDE:E3,,S29348,,,False,,,,,,,False,,,EXCLUDE:E3
S29362,10.1039/d5ta10456d,AGREED_EXCLUDE,EXCLUDE:E3,v3 sensitivity read,EXCLUDE:E3,,EXCLUDE:E3,v4 passes,EXCLUDE:E3,,EXCLUDE:E3,v4 passes,EXCLUDE:E3,,S29362,,,False,,,,,,,False,,,EXCLUDE:E3
S29366,10.1002/adma.72896,RERETRIEVE,,no readable text,no readable text,,,no readable text,no readable text,,,no readable text,no readable text,,S29366,,,False,,,,,,,False,,,no readable text
S29392,10.1002/smll.73310,AGREED_ELIGIBLE,ELIGIBLE,passes agree,ELIGIBLE,,UNRESOLVED,v4 read,ELIGIBLE,dated,UNRESOLVED,v5 read,ELIGIBLE,dated,S29392,numeric,,True,journal,numeric,direct,,,,False,,,ELIGIBLE
S29408,10.1021/acsaem.5c03344,AGREED_EXCLUDE,EXCLUDE:E3,v3 sensitivity read,EXCLUDE:E3,,EXCLUDE:E3,v4 passes,EXCLUDE:E3,,EXCLUDE:E3,v4 passes,EXCLUDE:E3,,S29408,,,False,,,,,,,False,,,EXCLUDE:E3
S29413,10.21203/rs.3.rs-9099676/v1,AGREED_EXCLUDE,EXCLUDE:E3,passes agree,EXCLUDE:E3,,EXCLUDE:E3,passes agree,EXCLUDE:E3,,EXCLUDE:E3,v5 read,EXCLUDE:E3,,,,,False,preprint,,,,,,False,,,EXCLUDE:E3
S29420,10.26599/nr.2026.94908680,NEEDS_SI,NEEDS_SI,passes,NEEDS_SI,,NEEDS_SI,v4 read,NEEDS_SI,dated,UNRESOLVED,manual priority SI 2026-10-03: independent reads reviewed,ELIGIBLE,dated,S29420,numeric,,True,journal,numeric,direct,,,,False,,recovery reviewed,NEEDS_SI
S29421,10.14943/doctoral.k16365,THIRD_READ,EXCLUDE:E1,third read,EXCLUDE:E1,,EXCLUDE:E1,third read,EXCLUDE:E1,,EXCLUDE:E1,third read,EXCLUDE:E1,,,,,False,,,,,,,False,,,EXCLUDE:E1
S29427,10.1007/s12678-026-01012-5,AGREED_EXCLUDE,EXCLUDE:E3,v3 sensitivity read,EXCLUDE:E3,,EXCLUDE:E3,v4 passes,EXCLUDE:E3,,EXCLUDE:E3,v4 passes,EXCLUDE:E3,,S29427,,,False,,,,,,,False,,,EXCLUDE:E3
S29447,10.1021/acscatal.5c08494,THIRD_READ,ELIGIBLE,third read,ELIGIBLE,,ELIGIBLE,v4 read,ELIGIBLE,,ELIGIBLE,manual priority SI 2026-10-03: independent reads reviewed,ELIGIBLE,,S29447,equivalent,,True,journal,numeric,equivalent,,,,False,,recovery reviewed,NEEDS_SI
S29462,10.1039/d6sc00492j,AGREED_EXCLUDE,EXCLUDE:E3,passes agree,EXCLUDE:E3,,EXCLUDE:E3,v4 read,EXCLUDE:E3,,EXCLUDE:E3,v5 read,EXCLUDE:E3,,S29462,,,False,journal,,,,,,False,,,EXCLUDE:E3
S29484,10.1039/d5ta08480f,THIRD_READ,EXCLUDE:E3,v3 sensitivity read,EXCLUDE:E3,,EXCLUDE:E3,third read (v4),EXCLUDE:E3,,EXCLUDE:E3,v5 read,EXCLUDE:E3,,S29484,,,False,journal,,,,,,False,,,EXCLUDE:E3
S29500,10.1126/sciadv.aee7510,AGREED_EXCLUDE,EXCLUDE:E4,passes agree,collapsed into S29616,,EXCLUDE:E4,passes agree,collapsed into S29616,,EXCLUDE:E5,v5 read,collapsed into S29616,,S29616,,,False,journal,,,,,,False,identity check,,collapsed into S29616
S29528,10.21203/rs.3.rs-9311646/v1,THIRD_READ,EXCLUDE:E4,third read,EXCLUDE:E4,,EXCLUDE:E4,third read,EXCLUDE:E4,,EXCLUDE:E4,v5 read,EXCLUDE:E4,,,,,False,preprint,,,,,,False,,,EXCLUDE:E4
S29529,10.21203/rs.3.rs-9284189/v1,NEEDS_SI,NEEDS_SI,passes,NEEDS_SI,,NEEDS_SI,v4 read,NEEDS_SI,,EXCLUDE:E3,v5 read,EXCLUDE:E3,,,,,True,preprint,,,,,,False,,,EXCLUDE:E3
S29537,10.1039/d6sc01794k,NEEDS_SI,NEEDS_SI,passes,NEEDS_SI,,UNRESOLVED,v4 read,UNRESOLVED,,UNRESOLVED,SI read: third read; SI adjudication 2026-09-29,UNRESOLVED,,S29537,,,True,journal,,,,,,False,,third read,UNRESOLVED
S29548,10.1360/ssc-2026-0060,AGREED_EXCLUDE,EXCLUDE:E1,passes agree,EXCLUDE:E1,,EXCLUDE:E1,passes agree,EXCLUDE:E1,,EXCLUDE:E1,passes agree,EXCLUDE:E1,,S29548,,,False,,,,,,,False,,,EXCLUDE:E1
S29556,10.1021/acs.jpclett.6c00292,NEEDS_SI,NEEDS_SI,passes,NEEDS_SI,,NEEDS_SI,v4 read,NEEDS_SI,,EXCLUDE:E6,SI read: third read,EXCLUDE:E6,,S29556,,,False,journal,,,,,,False,,third read,NEEDS_SI
S29570,10.1038/s41467-026-71497-7,AGREED_EXCLUDE,EXCLUDE:E3,passes agree,EXCLUDE:E3,,EXCLUDE:E3,passes agree,EXCLUDE:E3,,EXCLUDE:E3,v5 read,EXCLUDE:E3,,S29570,,,False,journal,,,,,,False,,,EXCLUDE:E3
S29596,10.1002/celc.70201,THIRD_READ,ELIGIBLE,third read,collapsed into S20408,,UNRESOLVED,v4 read,collapsed into S20408,dated,UNRESOLVED,v5 read,collapsed into S20408,dated,S20408,graphical,,True,journal,graphical,direct,,,,False,,,collapsed into S20408
S29636,10.26599/nre.2026.9120228,NEEDS_SI,NEEDS_SI,v3 sensitivity read,NEEDS_SI,,NEEDS_SI,v4 passes,NEEDS_SI,,UNRESOLVED,manual priority SI 2026-10-03: independent reads reviewed,UNRESOLVED,,S29636,,,False,journal,,,,,,False,,recovery reviewed,NEEDS_SI
S29643,10.1038/s42004-026-02047-x,AGREED_EXCLUDE,EXCLUDE:E4,passes agree,EXCLUDE:E4,,EXCLUDE:E4,v4 read,EXCLUDE:E4,,EXCLUDE:E4,v5 read,EXCLUDE:E4,,S29643,,,False,journal,,,,,,False,,,EXCLUDE:E4
S29646,10.1039/d6ta00257a,AGREED_ELIGIBLE,ELIGIBLE,passes agree,ELIGIBLE,,ELIGIBLE,v4 read,ELIGIBLE,,ELIGIBLE,v5 read,ELIGIBLE,,S29646,numeric,,False,journal,numeric,direct,,,,False,,,ELIGIBLE
S29650,10.1002/chem.71071,AGREED_EXCLUDE,EXCLUDE:E3,v3 sensitivity read,EXCLUDE:E3,,EXCLUDE:E3,v4 passes,EXCLUDE:E3,,EXCLUDE:E3,v4 passes,EXCLUDE:E3,,S29650,,,False,,,,,,,False,,,EXCLUDE:E3
S29668,,THIRD_READ,EXCLUDE:E1,third read,EXCLUDE:E1,,EXCLUDE:E1,third read,EXCLUDE:E1,,EXCLUDE:E1,third read,EXCLUDE:E1,,,,,False,,,,,,,False,,,EXCLUDE:E1
S29673,,THIRD_READ,EXCLUDE:E3,third read,EXCLUDE:E3,,EXCLUDE:E3,third read,EXCLUDE:E3,,EXCLUDE:E3,v5 read,EXCLUDE:E3,,,,,False,preprint,,,,,,False,,,EXCLUDE:E3
S29688,10.1039/d6sc01523a,AGREED_EXCLUDE,EXCLUDE:E1,passes agree,EXCLUDE:E1,,EXCLUDE:E1,passes agree,EXCLUDE:E1,,EXCLUDE:E1,passes agree,EXCLUDE:E1,,S29688,,,False,,,,,,,False,,,EXCLUDE:E1
S29713,,AGREED_EXCLUDE,EXCLUDE:E4,passes agree,collapsed into S29698,,EXCLUDE:E4,passes agree,collapsed into S29698,,EXCLUDE:E4,v5 read,collapsed into S29698,,S29698,,,False,preprint,,,,,,False,,,collapsed into S29698
S29716,10.1039/d6sc01899h,AGREED_EXCLUDE,EXCLUDE:E1,passes agree,EXCLUDE:E1,,EXCLUDE:E1,passes agree,EXCLUDE:E1,,EXCLUDE:E1,passes agree,EXCLUDE:E1,,S29716,,,False,,,,,,,False,,,EXCLUDE:E1
S29721,10.1021/acscatal.6c01207,NEEDS_SI,NEEDS_SI,passes,NEEDS_SI,,NEEDS_SI,v4 read,NEEDS_SI,,ELIGIBLE,v5 read,ELIGIBLE,,S29721,,,True,journal,relative,equivalent,,,,True,,,ELIGIBLE
S29723,,THIRD_READ,EXCLUDE:E3,third read,EXCLUDE:E3,,EXCLUDE:E3,third read,EXCLUDE:E3,,EXCLUDE:E3,third read,EXCLUDE:E3,,,,,False,,,,,,,False,,,EXCLUDE:E3
S29729,10.21203/rs.3.rs-9485062/v1,AGREED_EXCLUDE,EXCLUDE:E1,passes agree,EXCLUDE:E1,,EXCLUDE:E1,passes agree,EXCLUDE:E1,,EXCLUDE:E1,v5 read,EXCLUDE:E1,,,,,False,preprint,,,,,,False,,,EXCLUDE:E1
S29735,10.1021/acsaem.6c00307,AGREED_EXCLUDE,EXCLUDE:E3,v3 sensitivity read,EXCLUDE:E3,,EXCLUDE:E3,v4 passes,EXCLUDE:E3,,EXCLUDE:E3,v5 read,EXCLUDE:E3,,S29735,,,False,journal,,,,,,False,,,EXCLUDE:E3
S29736,10.3389/fchem.2026.1829431,THIRD_READ,EXCLUDE:E1,third read,EXCLUDE:E1,,EXCLUDE:E1,third read,EXCLUDE:E1,,EXCLUDE:E1,third read,EXCLUDE:E1,,S29736,,,False,,,,,,,False,,,EXCLUDE:E1
S29746,10.3390/gels12050409,AGREED_EXCLUDE,EXCLUDE:E4,passes agree,EXCLUDE:E4,,EXCLUDE:E4,passes agree,EXCLUDE:E4,,EXCLUDE:E4,v5 read,EXCLUDE:E4,,S29746,,,False,journal,,,,,,False,,,EXCLUDE:E4
S29764,10.26599/ecs.2026.9600029,AGREED_EXCLUDE,EXCLUDE:E3,passes agree,EXCLUDE:E3,,EXCLUDE:E3,passes agree,EXCLUDE:E3,,EXCLUDE:E3,passes agree,EXCLUDE:E3,,S29764,,,False,,,,,,,False,,,EXCLUDE:E3
S29784,10.21203/rs.3.rs-9495573/v1,AGREED_EXCLUDE,EXCLUDE:E3,passes agree,EXCLUDE:E3,,EXCLUDE:E3,passes agree,EXCLUDE:E3,,EXCLUDE:E3,v5 read,EXCLUDE:E3,,,,,False,preprint,,,,,,False,,,EXCLUDE:E3
S29788,,AGREED_EXCLUDE,EXCLUDE:E3,passes agree,EXCLUDE:E3,,EXCLUDE:E6,v4 read,UNRESOLVED,E6_WITHOUT_SI,EXCLUDE:E3,v5 read,EXCLUDE:E3,,,,,False,preprint,,,,,,False,,,EXCLUDE:E3
S29795,10.1016/j.cjche.2026.03.027,NEEDS_SI,NEEDS_SI,v3 sensitivity read,NEEDS_SI,,UNRESOLVED,v4 sensitivity read,NEEDS_SI,dated,NEEDS_SI,v5 passes,NEEDS_SI,,S29795,,,False,journal,,,,,,False,,,NEEDS_SI
S29796,10.1021/accountsmr.6c00001,THIRD_READ,EXCLUDE:E1,third read,EXCLUDE:E1,,EXCLUDE:E1,third read,EXCLUDE:E1,,EXCLUDE:E1,v5 read,EXCLUDE:E1,,S29796,,,False,journal,,,,,,False,,,EXCLUDE:E1
S29814,10.1021/acs.inorgchem.6c01105,AGREED_EXCLUDE,EXCLUDE:E3,v3 sensitivity read,EXCLUDE:E3,,EXCLUDE:E3,v4 passes,EXCLUDE:E3,,EXCLUDE:E3,v4 passes,EXCLUDE:E3,,S29814,,,False,,,,,,,False,,,EXCLUDE:E3
S29823,,THIRD_READ,EXCLUDE:E1,third read,EXCLUDE:E1,,EXCLUDE:E1,third read,EXCLUDE:E1,,EXCLUDE:E1,third read,EXCLUDE:E1,,S29823,,,False,,,,,,,False,,,EXCLUDE:E1
S29857,10.14279/depositonce-25923,THIRD_READ,EXCLUDE:E1,third read,EXCLUDE:E1,,EXCLUDE:E1,third read,EXCLUDE:E1,,EXCLUDE:E1,third read,EXCLUDE:E1,,,,,False,,,,,,,False,,,EXCLUDE:E1
S29863,10.1039/d6ta01093h,THIRD_READ,NEEDS_SI,v3 sensitivity read,NEEDS_SI,,ELIGIBLE,third read (v4),ELIGIBLE,,NEEDS_SI,v5 read,NEEDS_SI,,S29863,equivalent,,True,journal,,,,,,False,,,NEEDS_SI
S29870,10.1007/s42247-026-01428-1,AGREED_EXCLUDE,EXCLUDE:E3,passes agree,EXCLUDE:E3,,EXCLUDE:E3,passes agree,EXCLUDE:E3,,EXCLUDE:E3,passes agree,EXCLUDE:E3,,S29870,,,False,,,,,,,False,,,EXCLUDE:E3
S29877,10.1007/s10853-026-12957-9,THIRD_READ,EXCLUDE:E3,v3 sensitivity read,EXCLUDE:E3,,EXCLUDE:E3,third read (v4),EXCLUDE:E3,,EXCLUDE:E3,third read (v4),EXCLUDE:E3,,S29877,,,False,,,,,,,False,,,EXCLUDE:E3
S29879,10.1016/j.cej.2026.177749,THIRD_READ,ELIGIBLE,v3 sensitivity read,ELIGIBLE,,ELIGIBLE,v4 sensitivity read,ELIGIBLE,,ELIGIBLE,third read (v5),ELIGIBLE,,S29879,numeric,,False,journal,numeric,direct,,,,False,,,ELIGIBLE
S29893,10.1039/d6ta03607d,AGREED_EXCLUDE,EXCLUDE:E3,v3 sensitivity read,EXCLUDE:E3,,EXCLUDE:E3,v4 passes,EXCLUDE:E3,,EXCLUDE:E3,v4 passes,EXCLUDE:E3,,S29893,,,False,,,,,,,False,,,EXCLUDE:E3
S29894,10.1002/smll.73999,NEEDS_SI,NEEDS_SI,passes,NEEDS_SI,,UNRESOLVED,v4 read,NEEDS_SI,dated,UNRESOLVED,v5 read,NEEDS_SI,dated,S29894,,,True,journal,,,,,,False,,,NEEDS_SI
S29895,10.1021/accountsmr.5c00380,AGREED_EXCLUDE,EXCLUDE:E1,v3 sensitivity read,EXCLUDE:E1,,EXCLUDE:E1,v4 passes,EXCLUDE:E1,,EXCLUDE:E1,v4 passes,EXCLUDE:E1,,S29895,,,False,,,,,,,False,,,EXCLUDE:E1
S29923,10.1002/adma.73273,AGREED_EXCLUDE,EXCLUDE:E3,passes agree,EXCLUDE:E3,,EXCLUDE:E3,passes agree,EXCLUDE:E3,,EXCLUDE:E3,v5 read,EXCLUDE:E3,,S29923,,,False,journal,,,,,,False,,,EXCLUDE:E3
S29929,10.1021/jacs.6c04712,NEEDS_SI,NEEDS_SI,v3 sensitivity read,NEEDS_SI,,NEEDS_SI,v4 passes,NEEDS_SI,,UNRESOLVED,SI read: third read,UNRESOLVED,,S29929,,,False,journal,,,,,,True,,third read,NEEDS_SI
S29934,10.1021/jacs.6c02589,NEEDS_SI,NEEDS_SI,passes,NEEDS_SI,,NEEDS_SI,v4 read,NEEDS_SI,,UNRESOLVED,SI read: third read; SI adjudication 2026-09-29,UNRESOLVED,,S29934,,,True,journal,,,,,,False,,third read,NEEDS_SI
S29965,10.1039/d6sc03328h,AGREED_EXCLUDE,EXCLUDE:E1,passes agree,EXCLUDE:E1,,EXCLUDE:E1,passes agree,EXCLUDE:E1,,EXCLUDE:E1,passes agree,EXCLUDE:E1,,S29965,,,False,,,,,,,False,,,EXCLUDE:E1
S29976,10.1002/anie.9750153,NEEDS_SI,NEEDS_SI,passes,NEEDS_SI,,UNRESOLVED,v4 read,NEEDS_SI,dated,UNRESOLVED,v5 read,NEEDS_SI,dated,S29976,,,True,journal,,,,,,False,,,NEEDS_SI
S29982,10.1039/d6cc02225a,AGREED_EXCLUDE,EXCLUDE:E1,v3 sensitivity read,EXCLUDE:E1,,EXCLUDE:E1,v4 passes,EXCLUDE:E1,,EXCLUDE:E1,v4 passes,EXCLUDE:E1,,S29982,,,False,,,,,,,False,,,EXCLUDE:E1
S30004,10.1007/s11426-026-3370-6,THIRD_READ,NEEDS_SI,v3 sensitivity read,NEEDS_SI,,UNRESOLVED,third read (v4),UNRESOLVED,,UNRESOLVED,SI read: third read,UNRESOLVED,,S30004,,,True,journal,,,,,,False,,third read,UNRESOLVED
S30008,10.1016/s1872-2067(26)64993-5,AGREED_ELIGIBLE,ELIGIBLE,v3 sensitivity read,ELIGIBLE,,ELIGIBLE,v4 sensitivity read,ELIGIBLE,,ELIGIBLE,v5 passes,ELIGIBLE,,S30008,numeric,,False,journal,numeric,direct,,,,False,,,ELIGIBLE
S30015,10.1039/d6sc03869g,AGREED_EXCLUDE,EXCLUDE:E1,passes agree,EXCLUDE:E1,,EXCLUDE:E1,passes agree,EXCLUDE:E1,,EXCLUDE:E1,passes agree,EXCLUDE:E1,,S30015,,,False,,,,,,,False,,,EXCLUDE:E1
S30028,10.1039/d6sc02823c,AGREED_EXCLUDE,EXCLUDE:E1,passes agree,EXCLUDE:E1,,EXCLUDE:E1,passes agree,EXCLUDE:E1,,EXCLUDE:E1,passes agree,EXCLUDE:E1,,S30028,,,False,,,,,,,False,,,EXCLUDE:E1
S30032,10.1063/5.0328756,THIRD_READ,ELIGIBLE,third read,ELIGIBLE,,ELIGIBLE,v4 read,ELIGIBLE,,ELIGIBLE,v5 read,ELIGIBLE,,S30032,numeric,,False,journal,numeric,direct,,,,False,,,ELIGIBLE
S30033,10.21203/rs.3.rs-9883455/v1,AGREED_EXCLUDE,EXCLUDE:E3,passes agree,EXCLUDE:E3,,EXCLUDE:E3,passes agree,EXCLUDE:E3,,EXCLUDE:E3,passes agree,EXCLUDE:E3,,,,,False,,,,,,,False,,,EXCLUDE:E3
S30039,10.1038/s41467-026-74540-9,THIRD_READ,NEEDS_SI,third read,NEEDS_SI,,UNRESOLVED,v4 read,NEEDS_SI,dated,UNRESOLVED,SI read: third read,ELIGIBLE,dated,S30039,,,True,journal,numeric,direct,,,,False,,third read,NEEDS_SI
S30044,10.1021/acs.jpclett.6c02034,AGREED_EXCLUDE,EXCLUDE:E3,passes agree,EXCLUDE:E3,,EXCLUDE:E3,passes agree,EXCLUDE:E3,,EXCLUDE:E3,v5 read,EXCLUDE:E3,,,,,False,preprint,,,,,,False,,,EXCLUDE:E3
S30047,10.1007/s40820-026-02211-x,AGREED_EXCLUDE,EXCLUDE:E4,passes agree,EXCLUDE:E4,,EXCLUDE:E4,passes agree,EXCLUDE:E4,,EXCLUDE:E4,v5 read,EXCLUDE:E4,,,,,False,journal,,,,,,False,,,EXCLUDE:E4
S30048,10.1021/acs.jpcc.6c01020,AGREED_EXCLUDE,EXCLUDE:E3,v3 sensitivity read,EXCLUDE:E3,,EXCLUDE:E3,v4 passes,EXCLUDE:E3,,EXCLUDE:E3,v4 passes,EXCLUDE:E3,,S30048,,,False,,,,,,,False,,,EXCLUDE:E3
S30061,10.1002/anie.7876559,NEEDS_SI,NEEDS_SI,passes,NEEDS_SI,,UNRESOLVED,v4 read,NEEDS_SI,dated,UNRESOLVED,SI read: third read,UNRESOLVED,dated;SI verification: E6,S30061,,,True,journal,,,,,,True,,third read,NEEDS_SI
S30062,10.1039/d6ta02189a,AGREED_EXCLUDE,EXCLUDE:E3,passes agree,EXCLUDE:E3,,EXCLUDE:E3,passes agree,EXCLUDE:E3,,EXCLUDE:E3,passes agree,EXCLUDE:E3,,S30062,,,False,,,,,,,False,,,EXCLUDE:E3
S30063,10.1002/ange.7876559,NEEDS_SI,NEEDS_SI,passes,collapsed into S30061,,NEEDS_SI,v4 read,collapsed into S30061,,UNRESOLVED,v5 read,collapsed into S30061,dated,S30061,,,True,journal,,,,,,False,,,collapsed into S30061
S30099,10.47328/ufvbbt.2026.249,THIRD_READ,EXCLUDE:E1,third read,EXCLUDE:E1,,EXCLUDE:E1,third read,EXCLUDE:E1,,EXCLUDE:E1,third read,EXCLUDE:E1,,,,,False,,,,,,,False,,,EXCLUDE:E1
S30105,10.1039/d6ma00453a,AGREED_EXCLUDE,EXCLUDE:E3,v3 sensitivity read,EXCLUDE:E3,,EXCLUDE:E3,v4 passes,EXCLUDE:E3,,EXCLUDE:E3,v4 passes,EXCLUDE:E3,,S30105,,,False,,,,,,,False,,,EXCLUDE:E3
S30112,10.3389/fchem.2026.1849160,AGREED_EXCLUDE,EXCLUDE:E4,passes agree,EXCLUDE:E4,,EXCLUDE:E4,passes agree,EXCLUDE:E4,,EXCLUDE:E4,v5 read,EXCLUDE:E4,,S30112,,,False,journal,,,,,,False,,,EXCLUDE:E4
S30138,10.1038/s41467-026-74827-x,NEEDS_SI,NEEDS_SI,passes,NEEDS_SI,,UNRESOLVED,v4 read,NEEDS_SI,dated,EXCLUDE:E6,SI read: passes agree,EXCLUDE:E6,,S30138,,,True,journal,,,,,,False,,agreed,NEEDS_SI
S30164,10.55544/jrasb.icaces.3,AGREED_EXCLUDE,EXCLUDE:E1,passes agree,EXCLUDE:E1,,EXCLUDE:E1,passes agree,EXCLUDE:E1,,EXCLUDE:E1,passes agree,EXCLUDE:E1,,S30164,,,False,,,,,,,False,,,EXCLUDE:E1
S30165,10.1021/acscatal.6c01770,THIRD_READ,ELIGIBLE,third read,ELIGIBLE,,UNRESOLVED,v4 read,UNRESOLVED,,UNRESOLVED,v5 read,UNRESOLVED,,S30165,numeric,,True,journal,numeric,direct,,,,False,,,UNRESOLVED
S30202,10.1038/s41467-026-75036-2,AGREED_EXCLUDE,EXCLUDE:E3,passes agree,EXCLUDE:E3,,EXCLUDE:E3,passes agree,EXCLUDE:E3,,EXCLUDE:E3,v5 read,EXCLUDE:E3,,S30202,,,False,journal,,,,,,False,,,EXCLUDE:E3
S30205,10.37859/jst.v13i1.11810,AGREED_EXCLUDE,EXCLUDE:E1,passes agree,EXCLUDE:E1,,EXCLUDE:E1,passes agree,EXCLUDE:E1,,EXCLUDE:E1,passes agree,EXCLUDE:E1,,S30205,,,False,,,,,,,False,,,EXCLUDE:E1
S30246,,THIRD_READ,EXCLUDE:E1,third read,EXCLUDE:E1,,EXCLUDE:E1,third read,EXCLUDE:E1,,EXCLUDE:E1,third read,EXCLUDE:E1,,,,,False,,,,,,,False,,,EXCLUDE:E1
S30257,,AGREED_EXCLUDE,EXCLUDE:E1,passes agree,EXCLUDE:E1,,EXCLUDE:E1,passes agree,EXCLUDE:E1,,EXCLUDE:E1,passes agree,EXCLUDE:E1,,,,,False,,,,,,,False,,,EXCLUDE:E1
S30261,,AGREED_EXCLUDE,EXCLUDE:E1,passes agree,EXCLUDE:E1,,EXCLUDE:E1,passes agree,EXCLUDE:E1,,EXCLUDE:E1,passes agree,EXCLUDE:E1,,,,,False,,,,,,,False,,,EXCLUDE:E1
S30269,10.1021/acscatal.6c02290,AGREED_EXCLUDE,UNRESOLVED,v3 sensitivity read,UNRESOLVED,,EXCLUDE:E3,v4 passes,EXCLUDE:E3,,UNRESOLVED,v5 read,UNRESOLVED,,S30269,,,False,journal,,,,,,True,,,UNRESOLVED
S30274,10.1038/s41467-026-75113-6,AGREED_EXCLUDE,EXCLUDE:E3,passes agree,EXCLUDE:E3,,EXCLUDE:E3,v4 read,EXCLUDE:E3,,EXCLUDE:E3,v5 read,EXCLUDE:E3,,S30274,,,False,journal,,,,,,False,,,EXCLUDE:E3
S30285,10.26599/nr.2026.94908622,NEEDS_SI,NEEDS_SI,passes,NEEDS_SI,,UNRESOLVED,v4 read,UNRESOLVED,dated,UNRESOLVED,v5 read,UNRESOLVED,dated,S30285,,,True,journal,numeric,direct,,,,False,identity check,,UNRESOLVED
S30290,10.26599/nr.2026.94908967,THIRD_READ,EXCLUDE:E1,third read,EXCLUDE:E1,,EXCLUDE:E1,third read,EXCLUDE:E1,,EXCLUDE:E1,third read,EXCLUDE:E1,,S30290,,,False,,,,,,,False,,,EXCLUDE:E1
S30305,10.26599/nre.2026.9120246,AGREED_EXCLUDE,EXCLUDE:E4,passes agree,EXCLUDE:E4,,EXCLUDE:E4,v4 read,EXCLUDE:E4,,EXCLUDE:E4,v5 read,EXCLUDE:E4,,S30305,,,False,journal,,,,,,False,,,EXCLUDE:E4
S30318,10.1002/adfm.76885,NEEDS_SI,NEEDS_SI,passes,NEEDS_SI,,UNRESOLVED,v4 read,UNRESOLVED,dated,UNRESOLVED,v5 read,NEEDS_SI,dated,S30318,,,True,journal,,,,,,False,,,NEEDS_SI
S30334,10.1016/j.jcat.2026.117051,THIRD_READ,ELIGIBLE,v3 sensitivity read,ELIGIBLE,,ELIGIBLE,v4 sensitivity read,ELIGIBLE,,UNRESOLVED,third read (v5),UNRESOLVED,,S30334,equivalent,,False,journal,numeric,equivalent,,,,False,identity check,,UNRESOLVED
S30349,10.1021/acsenergylett.6c01650,AGREED_EXCLUDE,EXCLUDE:E3,v3 sensitivity read,EXCLUDE:E3,,EXCLUDE:E3,v4 passes,EXCLUDE:E3,,EXCLUDE:E3,v5 read,EXCLUDE:E3,,S30349,,,False,journal,,,,,,False,,,EXCLUDE:E3
S30352,,THIRD_READ,EXCLUDE:E1,third read,EXCLUDE:E1,,EXCLUDE:E1,third read,EXCLUDE:E1,,EXCLUDE:E1,v5 read,EXCLUDE:E1,,,,,False,other,,,,,,False,,,EXCLUDE:E1
S30366,10.1038/s41467-026-75396-9,NEEDS_SI,NEEDS_SI,passes,NEEDS_SI,,UNRESOLVED,v4 read,NEEDS_SI,dated,EXCLUDE:E6,SI read: passes agree,EXCLUDE:E6,,S30366,,,True,journal,,,,,,False,,agreed,NEEDS_SI
S30367,10.5599/jese.3042,AGREED_EXCLUDE,EXCLUDE:E1,passes agree,EXCLUDE:E1,,EXCLUDE:E1,passes agree,EXCLUDE:E1,,EXCLUDE:E1,passes agree,EXCLUDE:E1,,S30367,,,False,,,,,,,False,,,EXCLUDE:E1
S30369,10.4313/jkem.2024.37.4.2,THIRD_READ,EXCLUDE:E1,third read,EXCLUDE:E1,,EXCLUDE:E1,third read,EXCLUDE:E1,,EXCLUDE:E1,v5 read,EXCLUDE:E1,,S30369,,,False,journal,,,,,,False,,,EXCLUDE:E1
S30383,10.4313/jeem.2026.39.2.3,AGREED_EXCLUDE,EXCLUDE:E1,passes agree,EXCLUDE:E1,,EXCLUDE:E1,passes agree,EXCLUDE:E1,,EXCLUDE:E1,passes agree,EXCLUDE:E1,,S30383,,,False,,,,,,,False,,,EXCLUDE:E1
S30384,10.1038/s41699-026-00721-1,AGREED_EXCLUDE,EXCLUDE:E4,passes agree,EXCLUDE:E4,,EXCLUDE:E4,v4 read,EXCLUDE:E4,,EXCLUDE:E4,v5 read,EXCLUDE:E4,,S30384,,,False,journal,,,,,,False,,,EXCLUDE:E4
S30433,10.1002/adma.74144,THIRD_READ,NEEDS_SI,v3 sensitivity read,NEEDS_SI,,UNRESOLVED,third read (v4),NEEDS_SI,dated,UNRESOLVED,v5 read,NEEDS_SI,dated,S30433,,,False,journal,,,,,,False,,,NEEDS_SI
S30434,10.1007/s44371-026-00865-5,NEEDS_SI,NEEDS_SI,passes,NEEDS_SI,,UNRESOLVED,v4 read,NEEDS_SI,dated,EXCLUDE:E3,v5 read,EXCLUDE:E3,,S30434,,,True,journal,,,,,,False,,,EXCLUDE:E3
S30435,10.1021/acs.analchem.6c02484,NEEDS_SI,NEEDS_SI,v3 sensitivity read,NEEDS_SI,,NEEDS_SI,v4 passes,NEEDS_SI,,UNRESOLVED,SI read: passes agree; SI adjudication 2026-09-29,UNRESOLVED,,S30435,,,False,journal,,,,,,False,,agreed,NEEDS_SI
S30444,10.1021/acs.cgd.6c00413,AGREED_EXCLUDE,EXCLUDE:E3,v3 sensitivity read,EXCLUDE:E3,,EXCLUDE:E3,v4 passes,EXCLUDE:E3,,EXCLUDE:E3,v4 passes,EXCLUDE:E3,,S30444,,,False,,,,,,,False,,,EXCLUDE:E3
S30460,10.1140/epjp/s13360-026-08068-8,AGREED_EXCLUDE,EXCLUDE:E1,v3 sensitivity read,EXCLUDE:E1,,EXCLUDE:E1,v4 passes,EXCLUDE:E1,,EXCLUDE:E1,v4 passes,EXCLUDE:E1,,S30460,,,False,,,,,,,False,,,EXCLUDE:E1
S30461,10.1021/acscatal.5c08992,AGREED_EXCLUDE,EXCLUDE:E4,v3 sensitivity read,EXCLUDE:E4,,EXCLUDE:E4,v4 passes,EXCLUDE:E4,,EXCLUDE:E4,v5 read,EXCLUDE:E4,,S30461,,,False,journal,,,,,,False,,,EXCLUDE:E4
S30466,10.1007/s41918-026-00290-3,THIRD_READ,EXCLUDE:E1,v3 sensitivity read,EXCLUDE:E1,,EXCLUDE:E1,third read (v4),EXCLUDE:E1,,EXCLUDE:E1,v5 read,EXCLUDE:E1,,S30466,,,False,journal,,,,,,False,,,EXCLUDE:E1
S30467,10.1016/j.ijhydene.2026.156699,AGREED_EXCLUDE,EXCLUDE:E3,passes agree,EXCLUDE:E3,,EXCLUDE:E3,passes agree,EXCLUDE:E3,,EXCLUDE:E3,passes agree,EXCLUDE:E3,,S30467,,,False,,,,,,,False,,,EXCLUDE:E3
S30468,10.1039/d6cc02649d,AGREED_EXCLUDE,EXCLUDE:E1,passes agree,EXCLUDE:E1,,EXCLUDE:E1,passes agree,EXCLUDE:E1,,EXCLUDE:E1,passes agree,EXCLUDE:E1,,S30468,,,False,,,,,,,False,,,EXCLUDE:E1
S30522,10.1002/anie.3314372,AGREED_EXCLUDE,EXCLUDE:E1,v3 sensitivity read,EXCLUDE:E1,,EXCLUDE:E1,v4 passes,EXCLUDE:E1,,EXCLUDE:E1,v4 passes,EXCLUDE:E1,,S30522,,,False,,,,,,,False,,,EXCLUDE:E1
S30525,10.30574/gscarr.2026.28.1.0172,AGREED_EXCLUDE,EXCLUDE:E1,passes agree,EXCLUDE:E1,,EXCLUDE:E1,passes agree,EXCLUDE:E1,,EXCLUDE:E1,passes agree,EXCLUDE:E1,,S30525,,,False,,,,,,,False,,,EXCLUDE:E1
S30526,10.3390/ma19153155,AGREED_EXCLUDE,EXCLUDE:E3,passes agree,EXCLUDE:E3,,EXCLUDE:E3,passes agree,EXCLUDE:E3,,EXCLUDE:E3,passes agree,EXCLUDE:E3,,S30526,,,False,,,,,,,False,,,EXCLUDE:E3
S30529,10.26717/bjstr.2026.65.010268,AGREED_EXCLUDE,EXCLUDE:E1,passes agree,EXCLUDE:E1,,EXCLUDE:E1,passes agree,EXCLUDE:E1,,EXCLUDE:E1,passes agree,EXCLUDE:E1,,S30529,,,False,,,,,,,False,,,EXCLUDE:E1
S30559,10.1093/mam/ozag053.220,AGREED_EXCLUDE,EXCLUDE:E1,v3 sensitivity read,EXCLUDE:E1,,EXCLUDE:E1,v4 passes,EXCLUDE:E1,,EXCLUDE:E1,v4 passes,EXCLUDE:E1,,S30559,,,False,,,,,,,False,,,EXCLUDE:E1
S30564,10.1021/jacs.6c06781,NEEDS_SI,NEEDS_SI,v3 sensitivity read,NEEDS_SI,,NEEDS_SI,v4 passes,NEEDS_SI,,ELIGIBLE,SI read: third read,ELIGIBLE,,S30564,,,False,journal,numeric,direct,,,,False,,third read,UNRESOLVED
S30575,10.21203/rs.3.rs-10033317/v1,AGREED_ELIGIBLE,NEEDS_SI,v3 sensitivity read,NEEDS_SI,,ELIGIBLE,v4 passes,ELIGIBLE,,NEEDS_SI,SI read: third read,NEEDS_SI,,,,,False,preprint,,,,,,False,,third read,UNRESOLVED
S30589,,THIRD_READ,EXCLUDE:E1,third read,EXCLUDE:E1,,EXCLUDE:E1,third read,EXCLUDE:E1,,EXCLUDE:E1,v5 read,EXCLUDE:E1,,,,,False,preprint,,,,,,False,,,EXCLUDE:E1
S30619,10.1039/d6sc05092a,NEEDS_SI,NEEDS_SI,passes,NEEDS_SI,,UNRESOLVED,v4 read,UNRESOLVED,,UNRESOLVED,SI read: third read,UNRESOLVED,,S30619,,,True,journal,,,,,,False,,third read,UNRESOLVED
S30621,10.3389/fchem.2026.1894425,AGREED_EXCLUDE,EXCLUDE:E1,passes agree,EXCLUDE:E1,,EXCLUDE:E1,passes agree,EXCLUDE:E1,,EXCLUDE:E1,passes agree,EXCLUDE:E1,,S30621,,,False,,,,,,,False,,,EXCLUDE:E1
S30652,10.1021/acs.inorgchem.6c02565,NEEDS_SI,NEEDS_SI,passes,NEEDS_SI,,NEEDS_SI,v4 read,NEEDS_SI,,UNRESOLVED,SI read: passes agree; SI adjudication 2026-09-29,UNRESOLVED,,S30652,,,False,journal,,,,,,False,,agreed,NEEDS_SI
S30668,10.1126/sciadv.aef7481,AGREED_EXCLUDE,EXCLUDE:E4,passes agree,EXCLUDE:E4,,EXCLUDE:E4,v4 read,EXCLUDE:E4,,EXCLUDE:E4,v5 read,EXCLUDE:E4,,S30668,,,False,journal,,,,,,False,,,EXCLUDE:E4
S30723,10.1080/14686996.2026.2713992,AGREED_EXCLUDE,EXCLUDE:E3,passes agree,collapsed into S30716,,EXCLUDE:E3,v4 read,collapsed into S30716,,EXCLUDE:E3,v4 read,collapsed into S30716,,S30716,,,False,,,,,,,False,,,collapsed into S30716
S30724,10.5796/electrochemistry.26-00060,AGREED_EXCLUDE,EXCLUDE:E1,passes agree,EXCLUDE:E1,,EXCLUDE:E1,passes agree,EXCLUDE:E1,,EXCLUDE:E1,v5 read,EXCLUDE:E1,,S30724,,,False,journal,,,,,,False,,,EXCLUDE:E1
S30727,10.3389/fchem.2026.1874443,AGREED_EXCLUDE,EXCLUDE:E1,passes agree,EXCLUDE:E1,,EXCLUDE:E1,passes agree,EXCLUDE:E1,,EXCLUDE:E1,passes agree,EXCLUDE:E1,,S30727,,,False,,,,,,,False,,,EXCLUDE:E1
S30761,10.1021/acs.jpclett.6c01434,AGREED_EXCLUDE,EXCLUDE:E3,passes agree,EXCLUDE:E3,,EXCLUDE:E3,passes agree,EXCLUDE:E3,,EXCLUDE:E3,v5 read,EXCLUDE:E3,,S30761,,,False,journal,,,,,,False,,,EXCLUDE:E3
S30764,10.26599/nr.2026.94909092,NEEDS_SI,NEEDS_SI,passes,NEEDS_SI,,EXCLUDE:E6,v4 read,EXCLUDE:E6,,UNRESOLVED,v5 read,UNRESOLVED,,S30764,,,False,journal,,,,,,True,,,UNRESOLVED
S30769,10.1021/acssuschemeng.6c05313,THIRD_READ,ELIGIBLE,third read,ELIGIBLE,,UNRESOLVED,v4 read,UNRESOLVED,,UNRESOLVED,v5 read,UNRESOLVED,,S30769,numeric,,True,journal,numeric,direct,,,,False,,,UNRESOLVED
S30777,10.21203/rs.3.rs-10498919/v1,AGREED_EXCLUDE,EXCLUDE:E3,passes agree,EXCLUDE:E3,,EXCLUDE:E3,passes agree,EXCLUDE:E3,,EXCLUDE:E3,v5 read,EXCLUDE:E3,,,,,False,preprint,,,,,,False,,,EXCLUDE:E3
S30789,,AGREED_EXCLUDE,EXCLUDE:E1,passes agree,EXCLUDE:E1,,EXCLUDE:E1,passes agree,EXCLUDE:E1,,EXCLUDE:E1,passes agree,EXCLUDE:E1,,,,,False,,,,,,,False,,,EXCLUDE:E1
S30798,10.1002/smll.75190,AGREED_EXCLUDE,EXCLUDE:E1,passes agree,EXCLUDE:E1,,EXCLUDE:E1,passes agree,EXCLUDE:E1,,EXCLUDE:E1,passes agree,EXCLUDE:E1,,S30798,,,False,,,,,,,False,,,EXCLUDE:E1
S30805,,AGREED_EXCLUDE,EXCLUDE:E1,passes agree,EXCLUDE:E1,,EXCLUDE:E1,passes agree,EXCLUDE:E1,,EXCLUDE:E1,passes agree,EXCLUDE:E1,,,,,False,,,,,,,False,,,EXCLUDE:E1
S30811,10.1021/acsomega.6c05711,AGREED_EXCLUDE,EXCLUDE:E3,v3 sensitivity read,EXCLUDE:E3,,EXCLUDE:E1,v4 passes,EXCLUDE:E1,,EXCLUDE:E1,v4 passes,EXCLUDE:E1,,S30811,,,False,,,,,,,False,,,EXCLUDE:E1
S30812,10.1021/acs.inorgchem.6c02779,NEEDS_SI,NEEDS_SI,passes,NEEDS_SI,,NEEDS_SI,v4 read,NEEDS_SI,,UNRESOLVED,SI read: third read,UNRESOLVED,,S30812,,,False,journal,,,,,,False,,third read,NEEDS_SI
S30818,10.1021/acs.langmuir.6c03675,AGREED_EXCLUDE,EXCLUDE:E3,passes agree,EXCLUDE:E3,,EXCLUDE:E3,passes agree,EXCLUDE:E3,,EXCLUDE:E3,v5 read,EXCLUDE:E3,,S30818,,,False,journal,,,,,,False,,,EXCLUDE:E3
S30828,10.1021/acs.inorgchem.6c03222,NEEDS_SI,NEEDS_SI,v3 sensitivity read,NEEDS_SI,,NEEDS_SI,v4 passes,NEEDS_SI,,UNRESOLVED,SI read: passes agree; SI adjudication 2026-09-29,UNRESOLVED,,S30828,,,False,journal,,,,,,False,,agreed,NEEDS_SI
S30834,10.21203/rs.3.rs-10647058/v1,THIRD_READ,EXCLUDE:E3,third read,EXCLUDE:E3,,EXCLUDE:E3,third read,EXCLUDE:E3,,EXCLUDE:E3,v5 read,EXCLUDE:E3,,,,,False,preprint,,,,,,False,,,EXCLUDE:E3
S30857,10.3389/fctls.2026.1914047,AGREED_EXCLUDE,EXCLUDE:E1,passes agree,EXCLUDE:E1,,EXCLUDE:E1,passes agree,EXCLUDE:E1,,EXCLUDE:E1,passes agree,EXCLUDE:E1,,S30857,,,False,,,,,,,False,,,EXCLUDE:E1
S30868,10.20944/preprints202608.1452.v1,NEEDS_SI,NEEDS_SI,passes,NEEDS_SI,,UNRESOLVED,v4 read,UNRESOLVED,,UNRESOLVED,SI read: third read,UNRESOLVED,,,,,True,preprint,,,,,,False,,third read,UNRESOLVED
S30870,10.1002/adfm.77843,AGREED_ELIGIBLE,ELIGIBLE,passes agree,ELIGIBLE,,UNRESOLVED,v4 read,ELIGIBLE,dated,UNRESOLVED,v5 read,ELIGIBLE,dated,S30870,numeric,,False,journal,numeric,direct,,,,False,,,ELIGIBLE
S30876,10.1038/s41467-026-76919-0,AGREED_EXCLUDE,EXCLUDE:E3,passes agree,EXCLUDE:E3,,EXCLUDE:E3,passes agree,EXCLUDE:E3,,EXCLUDE:E3,v5 read,EXCLUDE:E3,,S30876,,,False,journal,,,,,,False,,,EXCLUDE:E3
S30877,,THIRD_READ,EXCLUDE:E1,third read,EXCLUDE:E1,,EXCLUDE:E1,v4 read,EXCLUDE:E1,,EXCLUDE:E1,v5 read,EXCLUDE:E1,,,,,True,other,,,,,,False,,,EXCLUDE:E1
S30897,10.1080/14686996.2026.2722026,AGREED_EXCLUDE,EXCLUDE:E3,passes agree,EXCLUDE:E3,,EXCLUDE:E3,passes agree,EXCLUDE:E3,,EXCLUDE:E3,passes agree,EXCLUDE:E3,,S30897,,,False,,,,,,,False,,,EXCLUDE:E3
S30910,10.1038/s41467-026-76901-w,THIRD_READ,EXCLUDE:E5,third read,EXCLUDE:E5,,EXCLUDE:E5,v4 read,EXCLUDE:E5,,EXCLUDE:E5,v5 read,EXCLUDE:E5,,S30910,,,False,journal,,,,,,False,,,EXCLUDE:E5
S30913,10.3390/molecules31172969,AGREED_EXCLUDE,EXCLUDE:E3,passes agree,EXCLUDE:E3,,EXCLUDE:E3,passes agree,EXCLUDE:E3,,EXCLUDE:E3,passes agree,EXCLUDE:E3,,S30913,,,False,,,,,,,False,,,EXCLUDE:E3
S30931,10.1149/1945-7111/ae9ef7,AGREED_EXCLUDE,EXCLUDE:E3,v3 sensitivity read,EXCLUDE:E3,,EXCLUDE:E3,v4 sensitivity read,EXCLUDE:E3,,EXCLUDE:E3,v5 passes,EXCLUDE:E3,,S30931,,,False,journal,,,,,,False,,,EXCLUDE:E3
S30943,10.1002/adma.74836,NEEDS_SI,NEEDS_SI,passes,NEEDS_SI,,UNRESOLVED,v4 read,NEEDS_SI,dated,UNRESOLVED,v5 read,NEEDS_SI,dated,S30943,,,True,journal,,,,,,False,,,NEEDS_SI
S30951,10.1002/smll.75306,THIRD_READ,EXCLUDE:E1,v3 sensitivity read,EXCLUDE:E1,,EXCLUDE:E1,third read (v4),EXCLUDE:E1,,EXCLUDE:E1,v5 read,EXCLUDE:E1,,S30951,,,False,journal,,,,,,False,,,EXCLUDE:E1
S30952,10.1002/smsc.70388,AGREED_EXCLUDE,EXCLUDE:E3,passes agree,EXCLUDE:E3,,EXCLUDE:E3,passes agree,EXCLUDE:E3,,EXCLUDE:E3,passes agree,EXCLUDE:E3,,S30952,,,False,,,,,,,False,,,EXCLUDE:E3
S31014,10.1021/acs.inorgchem.6c02928,NEEDS_SI,NEEDS_SI,v3 sensitivity read,NEEDS_SI,,NEEDS_SI,v4 passes,NEEDS_SI,,UNRESOLVED,SI read: third read; SI adjudication 2026-09-29,UNRESOLVED,,S31014,,,False,journal,,,,,,False,,third read,NEEDS_SI
S31018,10.1038/s41565-026-02255-5,THIRD_READ,ELIGIBLE,v3 sensitivity read,ELIGIBLE,,UNRESOLVED,third read (v4),ELIGIBLE,dated,UNRESOLVED,v5 read,ELIGIBLE,dated,S31018,numeric,,False,journal,numeric,direct,,,,False,,,ELIGIBLE
S31037,10.1016/j.cej.2026.181481,NEEDS_SI,NEEDS_SI,v3 sensitivity read,NEEDS_SI,,NEEDS_SI,v4 sensitivity read,NEEDS_SI,,NEEDS_SI,v5 passes,NEEDS_SI,,S31037,,,False,journal,,,,,,False,,,NEEDS_SI
S31051,10.9767/bcrec.20790,AGREED_EXCLUDE,EXCLUDE:E3,passes agree,EXCLUDE:E3,,EXCLUDE:E3,passes agree,EXCLUDE:E3,,EXCLUDE:E3,passes agree,EXCLUDE:E3,,S31051,,,False,,,,,,,False,,,EXCLUDE:E3
S31057,10.14943/doctoral.k16576,RERETRIEVE,,no readable text,no readable text,,,no readable text,no readable text,,,no readable text,no readable text,,,,,False,,,,,,,False,,,no readable text
S31063,10.57377/00000067,AGREED_EXCLUDE,EXCLUDE:E1,passes agree,EXCLUDE:E1,,EXCLUDE:E1,passes agree,EXCLUDE:E1,,EXCLUDE:E1,passes agree,EXCLUDE:E1,,,,,False,,,,,,,False,,,EXCLUDE:E1
S31069,10.15083/00075097,RERETRIEVE,,no readable text,no readable text,,,no readable text,no readable text,,,no readable text,no readable text,,,,,False,,,,,,,False,,,no readable text
S31072,10.15083/0002001561,AGREED_EXCLUDE,EXCLUDE:E1,passes agree,EXCLUDE:E1,,EXCLUDE:E1,passes agree,EXCLUDE:E1,,EXCLUDE:E1,passes agree,EXCLUDE:E1,,,,,False,,,,,,,False,,,EXCLUDE:E1
S31093,,THIRD_READ,EXCLUDE:E1,third read,EXCLUDE:E1,,EXCLUDE:E1,third read,EXCLUDE:E1,,EXCLUDE:E1,v5 read,EXCLUDE:E1,,,,,False,other,,,,,,False,,,EXCLUDE:E1
S31099,,RERETRIEVE,,no readable text,no readable text,,,no readable text,no readable text,,,no readable text,no readable text,,,,,False,,,,,,,False,,,no readable text
S31109,,AGREED_EXCLUDE,EXCLUDE:E1,passes agree,EXCLUDE:E1,,EXCLUDE:E1,passes agree,EXCLUDE:E1,,EXCLUDE:E1,passes agree,EXCLUDE:E1,,S31109,,,False,,,,,,,False,,,EXCLUDE:E1
S31116,,THIRD_READ,EXCLUDE:E1,third read,EXCLUDE:E1,,EXCLUDE:E1,third read,EXCLUDE:E1,,EXCLUDE:E1,third read,EXCLUDE:E1,,,,,False,,,,,,,False,,,EXCLUDE:E1
S31119,,AGREED_EXCLUDE,EXCLUDE:E1,passes agree,EXCLUDE:E1,,EXCLUDE:E1,passes agree,EXCLUDE:E1,,EXCLUDE:E1,passes agree,EXCLUDE:E1,,S31119,,,False,,,,,,,False,,,EXCLUDE:E1
S31125,10.1016/j.jpowsour.2026.241435,NEEDS_SI,NEEDS_SI,v3 sensitivity read,NEEDS_SI,,NEEDS_SI,v4 sensitivity read,NEEDS_SI,,NEEDS_SI,v5 passes,NEEDS_SI,,S31125,,,False,journal,numeric,,,,,False,,,NEEDS_SI
S31137,10.1016/j.jcat.2026.117169,NEEDS_SI,NEEDS_SI,v3 sensitivity read,NEEDS_SI,,NEEDS_SI,v4 sensitivity read,NEEDS_SI,,NEEDS_SI,v5 passes,NEEDS_SI,,S31137,,,False,journal,,,,,,False,,,NEEDS_SI
S31145,10.1038/s41467-026-77517-w,NEEDS_SI,NEEDS_SI,passes,NEEDS_SI,,UNRESOLVED,v4 read,NEEDS_SI,dated,UNRESOLVED,SI read: third read,ELIGIBLE,dated,S31145,,,True,journal,numeric,direct,,,,False,,third read,NEEDS_SI
S31172,,THIRD_READ,EXCLUDE:E1,third read,EXCLUDE:E1,,EXCLUDE:E1,v4 read,EXCLUDE:E1,,EXCLUDE:E1,v5 read,EXCLUDE:E1,,,,,True,other,,,,,,True,,,EXCLUDE:E1
S31229,10.1002/celc.70262,AGREED_EXCLUDE,EXCLUDE:E3,v3 sensitivity read,EXCLUDE:E3,,EXCLUDE:E3,v4 passes,EXCLUDE:E3,,EXCLUDE:E3,v4 passes,EXCLUDE:E3,,S31229,,,False,,,,,,,False,,,EXCLUDE:E3
S31277,10.48550/arxiv.2609.12198,AGREED_EXCLUDE,EXCLUDE:E4,passes agree,EXCLUDE:E4,,EXCLUDE:E4,passes agree,EXCLUDE:E4,,EXCLUDE:E4,v5 read,EXCLUDE:E4,,,,,False,preprint,,,,,,False,,,EXCLUDE:E4
S31285,10.20517/aiagent.2026.21,AGREED_EXCLUDE,EXCLUDE:E1,passes agree,EXCLUDE:E1,,EXCLUDE:E1,passes agree,EXCLUDE:E1,,EXCLUDE:E1,passes agree,EXCLUDE:E1,,S31285,,,False,,,,,,,False,,,EXCLUDE:E1
S31319,10.36347/sjpms.2026.v13i09.003,AGREED_EXCLUDE,EXCLUDE:E1,passes agree,EXCLUDE:E1,,EXCLUDE:E1,passes agree,EXCLUDE:E1,,EXCLUDE:E1,passes agree,EXCLUDE:E1,,S31319,,,False,,,,,,,False,,,EXCLUDE:E1
S31328,,THIRD_READ,EXCLUDE:E1,third read,EXCLUDE:E1,,EXCLUDE:E1,third read,EXCLUDE:E1,,EXCLUDE:E1,third read,EXCLUDE:E1,,,,,False,,,,,,,False,,,EXCLUDE:E1
S31333,10.26599/nr.2026.94909189,AGREED_EXCLUDE,EXCLUDE:E3,passes agree,EXCLUDE:E3,,EXCLUDE:E3,passes agree,EXCLUDE:E3,,EXCLUDE:E3,passes agree,EXCLUDE:E3,,S31333,,,False,,,,,,,False,,,EXCLUDE:E3
S31343,10.1002/aesr.70276,AGREED_EXCLUDE,EXCLUDE:E3,v3 sensitivity read,EXCLUDE:E3,,EXCLUDE:E3,v4 passes,EXCLUDE:E3,,EXCLUDE:E3,v4 passes,EXCLUDE:E3,,S31343,,,False,,,,,,,False,,,EXCLUDE:E3
S31355,10.1088/1361-6463/ac6f97,AGREED_EXCLUDE,EXCLUDE:E1,passes agree,EXCLUDE:E1,,EXCLUDE:E1,passes agree,EXCLUDE:E1,,EXCLUDE:E1,passes agree,EXCLUDE:E1,,S31355,,,False,,,,,,,False,,,EXCLUDE:E1
S31357,10.26599/nr.2026.94909197,AGREED_EXCLUDE,EXCLUDE:E1,passes agree,EXCLUDE:E1,,EXCLUDE:E1,passes agree,EXCLUDE:E1,,EXCLUDE:E1,passes agree,EXCLUDE:E1,,S31357,,,False,,,,,,,False,,,EXCLUDE:E1
S31391,10.1007/s10853-015-8863-x,AGREED_EXCLUDE,EXCLUDE:E3,v3 sensitivity read,EXCLUDE:E3,,EXCLUDE:E3,v4 passes,EXCLUDE:E3,,EXCLUDE:E3,v4 passes,EXCLUDE:E3,,S31391,,,False,,,,,,,False,,,EXCLUDE:E3
S31458,10.4139/sfj.66.282,AGREED_EXCLUDE,EXCLUDE:E3,passes agree,EXCLUDE:E3,,EXCLUDE:E3,passes agree,EXCLUDE:E3,,EXCLUDE:E3,passes agree,EXCLUDE:E3,,S31458,,,False,,,,,,,False,,,EXCLUDE:E3
S31468,10.18052/www.scipress.com/ilcpa.47.165,AGREED_EXCLUDE,EXCLUDE:E1,passes agree,EXCLUDE:E1,,EXCLUDE:E1,passes agree,EXCLUDE:E1,,EXCLUDE:E1,passes agree,EXCLUDE:E1,,S31468,,,False,,,,,,,False,,,EXCLUDE:E1
