0.8303999913524482
-0.03754156222358711
-9.11436182234289e-05
-1.0461573949581343e-05
1.3567911499366517e-05
-0.0008206248869016286
6.953890164484884e-08
1.6061706766155882e-05
-0.004158495739333568
-0.0002701934654860799
2.3999598915633957e-05
0.0008068558433403723
0.00029075683490466475
0.0010975041014362889
0.00010506215776632225
-1.7670807692997743e-06
-6.634778053888314e-05
-8.283354801717215e-05
0.012009741631541187
-0.0005072069391313282
-2.862101310562322e-05
2.0581399074094163e-05
0.0008005709841888212
-5.4644906452248196e-05
1.9442804729201862e-05
0.010404659485386658
0.0005563217457848303
-5.0232522623488244e-05
-0.0017665262638039273
-0.0005577589921878768
-0.003181306823409823
-0.000173531035554855
1.8993737308109443e-05
0.0003567544426660101
0.00019019688110676316
0.3593336960059828
-9.204481738768016e-06
-2.119925387831473e-06
0.15065999025179855
-1.648284254143858e-05
-2.204591903316838e-06
-0.0023275532054646973
-4.4650067017240743e-05
-1.6366608110092872e-05
6.674884545789227e-05
1.953273256793034e-05
0.0010021905341678393
4.069595594117395e-05
-2.9033199868158635e-06
-2.9080283588166513e-05
-5.8122044744395635e-06
0.35905300224118386
-2.5836698266666217e-06
-1.7175010422481834e-05
0.15049494288882453
-2.8553403162759592e-06
-3.41118499475619e-05
-0.0003535268223743322
-3.9163570908302036e-06
1.6568067427708163e-05
-0.00010642000300143919
1.5807537324386614e-05
0.00014969442525086243
2.097318793409687e-06
1.7369294436028643e-06
2.8109223239957442e-05
0.35901688380745356
-2.370570272918201e-06
-2.6831960985981556e-06
0.1502837459627281
-3.308053156951129e-06
-1.42232129790043e-05
-0.00043591570005304314
-3.2269757173153304e-05
5.621223874241364e-05
9.278730953291122e-06
5.621418505633988e-06
0.00019042229463934823
2.5659743760703056e-05
-1.0269467285300694e-05
0.017799522154843705
-3.1457702671143955e-05
2.492376976021058e-06
-0.0065183439136231505
-0.0001914431201005824
-0.00012500939575852348
0.00024776427042869775
0.00012082958134330216
0.001729513857487974
9.115709656230934e-05
3.875855825156376e-05
-8.177182099112833e-05
-4.060903737170231e-05
0.01907206941917549
1.2121271612243593e-05
-0.00019814208610076028
-0.0006930016029380986
-1.773322167556866e-05
0.00014194836197293614
-0.0005836224693131168
7.606945081821022e-05
0.000258416365635217
6.5434110722247825e-06
-5.00671222714795e-05
0.00020146218948126926
0.018534370504182576
3.377044766863088e-05
-7.257997390531918e-05
-0.0010105664786231356
-0.00011074152519464193
0.00031911279041248755
-1.0273676970424369e-05
2.5296741568341178e-05
0.0003690006130056891
4.8151403055815076e-05
-0.00010614575590720964
0.22805584288238792
0.0030601333879148665
0.00031835131653787965
0.003284229758015667
-0.0010929201788118206
-0.19270546279672796
-0.0010710645886109046
-0.00010332787691791228
-0.0012261529494312674
0.000353895109276866
0.23470115375764644
0.0002534348996126092
-0.0003062162850042516
0.00024280409969188634
-0.0010118269852209222
-0.19876446272139964
-7.848827950135885e-05
0.00011164609670958638
-7.490073568370561e-05
0.2357993460166703
-3.344002125651958e-05
-0.00010157535146574158
-9.441479959595024e-05
-7.863075938606802e-05
-0.19947277627054538
7.862396160390822e-06
4.181933472387953e-05
0.2354089338285328
0.0013533695265629594
-0.0011724197514349213
0.00011857161214203437
8.5388996559172e-06
-0.19905075299909536
-0.0004546739638769234
0.19679575616810463
0.0003573399294003268
-7.909648265931607e-05
4.362382013798332e-05
-0.0004666252298285217
-0.16990046205583997
0.04101698512292645
0.00034571928999971443
2.9380131087561816e-05
0.0003631539333266076
-0.00011314035175210264
0.0421976686494487
2.277108044180315e-05
-4.5078382894501076e-05
2.3568346584131368e-05
0.04228547714883885
-9.869120276412956e-07
-1.9313556783076675e-05
0.042196900821847606
0.00015585590919787274
0.036996161356119994
1.0391755500538102
-0.04137950595582715
0.0027564343173262142
9.201396032139602e-06
2.340135259680599e-05
0.0014426205376350746
3.148037745581269e-05
3.8663961173021205e-05
-0.009652141122520283
3.1569265244779356e-05
5.235815869881474e-05
0.002493199834703746
-0.00042592659927549216
0.002267764391443332
-1.0229164513075309e-05
-9.046879963648863e-06
-0.0004566722375916809
0.00013927776042376211
0.007817082234705999
0.0022827827495042335
3.861131857556149e-05
5.119061996452766e-05
0.0002857665570666382
-1.585059914707121e-05
-1.3357146228887983e-05
-0.00815609966803461
2.0853055350988507e-05
2.5568543453471437e-05
0.0020731825320087914
-0.00026210157609805385
0.0024480620025676457
-6.8467329559728676e-06
-2.5397653459933123e-06
-0.0005023522072752288
8.881672934069138e-05
0.4902400716357289
1.297173132983443e-05
4.1113915192410965e-06
-0.2200050711919144
8.01282835319362e-06
-2.7792590048965714e-06
-0.0020643001212033137
4.729266039502083e-05
-9.899638870425564e-05
-0.00011277895052512407
-6.782052774525265e-05
0.001986483406144021
4.790188756490482e-06
5.029412185271336e-05
7.0541409892591475e-06
2.4236427454561198e-05
0.4919354855349838
-1.562315147726403e-05
7.968850330298208e-06
-0.21732282003094872
7.17564546462134e-07
0.0001801314653315419
0.0003441253050379409
3.931494332820478e-05
-0.00010454485488379688
-0.0005325120222449018
-7.219693195803417e-05
8.32609477110607e-05
-1.4533832896620886e-05
5.71873976270181e-05
0.00020807413882803922
0.49142939358130067
-2.739702520792247e-06
1.0937425066342719e-06
-0.2180875697797697
7.656550824689457e-05
-4.295974742355958e-05
0.0006515824515121659
-0.00011045809474905687
-0.00011884579627751608
-4.056760453901251e-05
1.3026680406632092e-05
3.451834422623037e-05
2.070317868716113e-05
5.755883892340369e-05
0.025902981351136323
5.672833302184965e-06
5.251836143265595e-06
0.0018236555422048288
8.122576421231887e-05
-1.7156090668993062e-05
-0.00015263555094741012
-4.2976071996021324e-05
-0.0003812375817212343
-3.556937289469623e-05
-3.195712862079754e-06
5.883994668900493e-05
1.630513681618732e-05
0.026283701196278285
-4.612670782138428e-06
9.55599186197808e-05
0.0010428932820366744
2.4023826865126082e-05
-1.8080007439709377e-05
-0.00031128789249855405
-2.9710186126788737e-05
-0.0004263940284313241
-7.96623077442824e-06
5.645088456125641e-07
0.00010177928219453475
0.026100489555339494
1.6365915929857536e-05
-2.9954108651155735e-05
0.0013620894911841627
-0.00012088475707475443
-4.90268057567291e-05
-7.126820720336807e-07
1.0108626530372405e-05
-0.0005502361038446223
5.2630247526648933e-05
9.096210080626564e-06
0.20991789082219042
0.0005650849233206413
-0.0005083586021268408
0.00749423467863572
-0.0012255038208776844
-0.17100990548917408
-0.00019250537515870747
0.0001551019179329609
-0.0025425193896151436
0.00045726687672930234
0.25642200213606614
-0.0007863622919641383
0.0003274225285741963
-0.0013837113752471937
-0.00019208798629549153
-0.2032834359001007
0.000266543247931026
-0.00011217259922097051
0.0004806160349410212
0.2608367207922952
0.00011537453572257121
-0.00014134889044175835
0.0001617284678476593
0.0002671423466584449
-0.2062274013730272
-3.309494051518255e-05
4.823845968739254e-05
0.2573453739915479
-0.00039286492005973644
-0.002610579964379734
-0.00011249361077125362
-3.270215554821193e-05
-0.2036467278169174
0.00010495027154159046
0.14189740282119967
0.0004483624088963906
0.0004709344097659101
4.735812319456131e-05
0.00012312378558750026
-0.12227860969834961
0.03506524668742428
6.522375684629302e-05
-4.853381772740047e-05
0.0007969327108410171
-0.00016613803129706414
0.04043239542903612
-9.065024294261232e-05
3.8691027863528446e-05
-0.0001626108511128629
0.040894716553964205
8.356220386195817e-06
-1.6031213690253812e-05
0.04043395960061718
-3.1030626840781104e-05
0.02650855729354269
0.8304017909672637
-0.0375961272040635
-0.0001435878173895948
1.2020616207015113e-05
1.4727921466883548e-05
-0.0009804869378528876
-3.2823679682081236e-07
1.8348105101711854e-05
-0.004011113737822038
0.000223861586902537
2.8175004894408145e-05
0.0008019523307889522
-0.0002991107977741483
0.001048680296465188
-0.000101844522876364
-5.829533566784864e-06
-5.6358517667034135e-05
8.167742593381564e-05
0.012017970361963157
-0.0005606199167717394
3.292856909809412e-05
2.5014546232662957e-05
0.0009752106088887073
6.348388766543924e-05
2.246957875351061e-05
0.009940324316366754
-0.0004551541910090126
-5.551647957394327e-05
-0.0017523300574219306
0.0005706153291255161
-0.0030483845592637997
0.0001469856452410627
1.93836329112413e-05
0.00034802501397411035
-0.00019399539281146004
0.3592959898613943
1.1227411287070129e-05
-1.1579628819022297e-06
0.15060647327479068
9.910674652982465e-06
-2.478699447707756e-06
-0.002348869963601023
6.901850304796897e-05
4.2387081663572446e-06
5.209381789694526e-05
-1.3568814447261241e-05
0.0010492293956296471
-5.2510714793046635e-05
-1.4157465518600014e-05
-2.3885577727746393e-05
4.001775237841994e-06
0.3590422037337853
3.7010143787155617e-06
1.0587272584850803e-05
0.15047200185000675
2.6159438093408103e-06
8.619610019277423e-05
-0.00042291240405058987
-7.499260036235156e-07
-2.1825258904023283e-05
-0.00010060983472760665
-3.4022832789266686e-05
0.00019862838186765383
-9.604704461954334e-08
-1.006728291861362e-06
2.436673127242751e-05
0.3590073423236212
-2.523963609162683e-06
2.3763399481131535e-06
0.15026310236448925
5.707216255352085e-06
1.2297236875926291e-05
-0.000524787469022202
-3.1651036655399885e-05
-5.194008260783739e-05
5.397055760211364e-06
-4.603221256314799e-06
0.00024553422298739585
2.6078837632604998e-05
7.844712030860752e-06
0.017807795223796836
-2.2687613138504637e-05
-7.307239512483661e-06
-0.006002786761683297
0.00026588171400828185
-3.2851563026139316e-05
0.00016528759720407798
-8.278177275331401e-05
0.0015525603716152114
-0.00011247264068913411
4.290566666662196e-06
-5.366380513637114e-05
2.7387163833554888e-05
0.019060749544183762
-2.030431262025296e-05
0.00045178352309474794
-0.0007842482966259354
-7.688638833232094e-06
-0.00016898316624787714
-0.0005613582513368147
-0.0001582363666086932
0.0003062868533672215
2.7463212050025144e-06
5.9019241225230355e-05
0.00019276234355362782
0.01852378488839425
8.083468946933787e-05
6.295263989410231e-05
-0.0012020636774510195
-0.00010088338895711466
-0.00029187796252224925
-2.615823337920244e-05
-2.1647937759629624e-05
0.0004485197302847119
4.4603435219402414e-05
9.692249514589777e-05
0.22491572318664435
-0.002424774919399313
-0.0004099976190999002
0.0034696520888655557
0.0008176414062904604
-0.190584054035656
0.0008412368997388449
0.00014673304228401046
-0.0012788021092955213
-0.0002583112265056015
0.23469273605441446
-0.0001074059326652647
-8.047331640496333e-05
0.00032200435261029727
0.0007882354430652433
-0.1987027183341553
2.9319576607677216e-05
1.9392860193027207e-05
-0.0001037265709555469
0.23615063316390023
6.69764119458639e-05
0.00018361965309122026
0.00014030930339178349
2.9601596719025913e-05
-0.19965362293601743
-2.522677696964496e-05
-7.163827168038227e-05
0.23540341661651426
-0.0014029764419573954
-0.0012352099241072615
1.3044663229216188e-05
-2.5976610911476114e-05
-0.19904573684667234
0.0004727870547708774
0.19533785330219927
-0.0002653223887109121
-0.00011031034566856275
-7.293964989846266e-05
0.00048530488559356884
-0.1688460876903613
0.04066111919762867
-0.0002659798047324986
-5.00007967556556e-05
0.0003806847513995312
8.109171544276825e-05
0.04217417672280796
-6.344801952793939e-06
8.879909293575185e-07
3.481829353338388e-05
0.04230320137753192
1.0225217916028993e-05
3.0014435968611887e-05
0.042195581727209844
-0.0001625709591672112
0.03680645698853872
1.0389694676366046
-0.0416698874611713
0.002811514819118238
-1.2428170612260482e-05
1.7172198482918412e-05
0.0014516712077562968
-3.605992681732291e-05
3.217689567468657e-05
-0.007998194684378748
1.238576158750769e-05
5.828219247704016e-06
0.002300744308303849
0.00029819254079316304
0.0016800915884350215
-7.470551180121436e-06
3.951871101555426e-06
-0.00038702857004877433
-8.87735906985334e-05
0.007699909671183154
0.0023293314435434767
-4.249185837402456e-05
4.479485009572791e-05
0.00027731550055239444
1.3829933364136186e-05
-1.7445238727888423e-05
-0.006918085996384972
1.1731936465943531e-05
-4.952332903113868e-06
0.001933422005966134
0.00016573057473695876
0.001995011290751066
-6.0041183005563445e-06
5.163429481648317e-06
-0.0004545415815780112
-5.431316634689998e-05
0.49033725410173323
-1.0209764299945473e-05
6.09495151187867e-06
-0.21982109025029012
-5.7240716070463064e-06
2.9175787936762553e-09
-0.0009905213039486768
2.166967353413288e-05
6.745432862248924e-06
2.245863437534677e-05
0.0001480951465673158
0.00166482287014031
-2.7914720199116203e-05
1.6875403885861028e-05
-4.1070476672057706e-05
-5.252963571553933e-05
0.49192665284485243
2.270939371436399e-05
-5.652614971078709e-06
-0.21732983845024711
4.967673122246568e-06
-0.00016508407010831812
0.00021483054662325212
2.3503468559542378e-05
0.00010890544969454053
-0.000518019704468798
6.796891836711514e-05
0.00012199898233593305
-5.8487556916338205e-06
-5.9344114479267584e-05
0.00020280050695004411
0.4914312694674917
1.400139779506036e-07
4.640047141421729e-06
-0.21807919051156469
0.00011447903360808203
4.3101810182948703e-05
0.0006881636761082921
-0.00012345254623545256
0.00011446818354282749
-5.135382617548925e-05
-1.2581524975469173e-05
1.918037229401404e-05
2.5708607578613504e-05
-5.670486222422433e-05
0.025929935711004486
-5.324925813324137e-06
4.541686706261581e-06
0.002676555847625393
-3.505278168344929e-05
5.537090402493867e-05
-7.230363366309265e-05
9.521006535734714e-05
-0.0006738204412243365
1.890097273580774e-05
-2.9471808811591096e-05
2.9731298654521663e-05
-3.5838732794449095e-05
0.02627651018442778
6.294357673314424e-06
-8.522054035543332e-05
0.0009840492917463394
1.8437831319704034e-05
1.9636525462601297e-05
-0.0003029965982980381
2.545440612339766e-05
-0.00040939689364595554
-7.059118660507116e-06
-9.764086321408468e-07
9.817260331350773e-05
0.02609829377223395
4.4369986045690826e-05
3.0879771490964185e-05
0.0014139610290407846
-0.00012744260597940158
4.702404809163992e-05
-1.1105345270682827e-05
-1.1346073454231805e-05
-0.0005686848467973905
5.406185038687738e-05
-8.297047481241465e-06
0.20948025890520738
-0.00021834004482766258
0.00044977211999732694
0.009648477715414251
0.0025692281281005386
-0.17042870170495056
7.946127924397807e-05
-0.00016358598238543022
-0.003277167831924008
-0.0009398004413476785
0.25629904518070123
0.001037601955315128
-2.0717979467434562e-05
-0.0013307417270887918
7.86106413521011e-05
-0.20317426607433325
-0.0003488546745486032
9.272440721869527e-06
0.00046213113013030124
0.26000653972022825
0.00014315975965100921
0.00014519767907379132
-0.00015949709830797725
-0.00034941200520881825
-0.20562211384627593
-4.4057639536446447e-05
-5.107544989391077e-05
0.25749346800433726
0.0004940171522946721
-0.0033594018392103103
8.492554893362093e-06
-4.3334290472390765e-05
-0.20374717098755052
-0.00013925895535693873
0.1409795629843066
-0.0009292800282043645
0.00045420760772389154
-4.794343346382328e-05
-0.00015773356490953459
-0.12159806953471766
0.03491461704108279
-2.8694360127683076e-05
5.765135694208995e-05
0.0010515112551705262
0.0003383715582573269
0.0404066813836409
0.00011696394844530482
-3.877549313917739e-06
-0.0001569121097420853
0.04078300725741296
1.2427231233904408e-05
1.6704809455973496e-05
0.04045056211008496
4.2721193280150876e-05
0.02638289324954088
1.0406541642574747
-0.03904049133365493
-0.00031643828816915856
-6.818152595533277e-05
-0.0002826418830078214
-0.00034459535641844256
-6.15142418224838e-05
-0.00025118193888065677
-0.005623540810498649
0.000642392352299757
0.00010582237170153864
-0.002545131430579428
5.440537738571735e-05
0.0014821581177835467
-0.00022749853567920165
-3.564900807621552e-05
0.0011765612017719377
-2.2035057102706212e-05
0.007858765541093793
-0.00035608496056378726
-6.814639913297706e-05
-0.00030672042490652925
-0.00012945633168543957
-2.933436401616481e-05
-6.321304253359032e-05
-0.004284875999533403
0.0004434987710945369
8.276857277800657e-05
-0.001530505813836876
3.9601557621063e-05
0.0012736049536212002
-0.0001569252575058588
-3.0446461212143116e-05
0.0007448363618646839
-1.2949786986182548e-05
0.4915042779785836
-1.9284523450479248e-05
3.4803357913760046e-06
-0.216930581215106
-2.1985387739944007e-05
4.1388754942453614e-06
0.0011750503013234753
0.00043584947592980347
3.912373091928041e-06
0.0006890788899729756
6.054576864973385e-05
-0.0004450527496479373
-0.00015127483543982007
-6.390235274344139e-05
-0.0002496156659067102
-2.011731415836878e-05
0.4920834320488397
6.38166391803194e-06
-2.1681892356314653e-05
-0.21599456041581197
3.7341408034627488e-06
0.0001976004184324922
0.0026478940680939207
-0.00013268994778080557
0.00019327734077058666
2.1366166651892324e-05
-5.857896223076656e-05
-0.0009921368875703974
4.524197728623717e-05
-7.377889171590939e-05
-6.040837484637391e-05
0.4917468508433751
4.322647125587783e-06
3.716309905974247e-06
-0.21660514079871157
-0.0008073901562175765
-3.0092749696320048e-05
0.00038326667746740547
-0.0014001635005609194
-3.420009254066116e-05
0.0003068196629657843
1.122235846036997e-05
-0.0001959874973022349
0.0005414585387866033
2.079291674071806e-06
0.025922163381363293
-1.1720664340155519e-05
-1.711084947943772e-06
0.000660727389828744
0.0002740324382249441
-0.0001744098160646119
0.0004670997996337053
4.01979356783313e-05
-0.000187465357220781
-9.448889631006807e-05
8.462421912897172e-05
-0.00017454197670266634
-1.3359414143263125e-05
0.026151904188986424
3.7403645804804206e-06
0.00015268229324090816
0.0016813479847662613
-8.597742240571416e-05
0.00010621009914091702
-0.00014084277196188603
-5.184108114239194e-05
-0.0005939936878281996
2.9333616111822064e-05
-4.043425685961829e-05
7.191183876689106e-05
0.025956162563170522
-0.00045166990837279205
-1.895007925175144e-05
0.00011257541346899606
-0.0007641861993259628
-5.121209173174061e-05
0.00014908938712936503
7.090079883484084e-06
-3.332899527260888e-05
0.0002508573505647401
2.0546766589273982e-05
0.23908617802291104
-0.002462153133161108
-0.0002622448269930161
-0.08163632407293281
-0.00026055939136752893
-0.18974798788727798
0.0008564018249058506
9.78464787256889e-05
0.02827175684077678
8.800662790910311e-05
0.1534716009277447
0.0009560124240620316
-0.0005350507867503044
1.5410999632923722e-05
0.0008529509496077432
-0.13080922147185017
-0.00033414206867079214
0.00023158021532477301
7.629774283651596e-06
0.25342117463154556
0.00015854729401842553
0.0023780173595517075
9.690904577352347e-05
-0.00034063836587061455
-0.1993728956693493
-5.45198204985592e-05
-0.0007972718277792991
0.17123772052086306
0.0001199734089260518
0.028458901641899934
0.00023039769712859066
-5.206733281111504e-05
-0.14295027245350414
-4.219779634188979e-05
0.24349895781085343
8.835261231838608e-05
4.526235137504943e-06
-0.000801269958028855
-3.955577953032078e-05
-0.1929316414756293
0.03782779594444986
-0.0002946377907702359
-3.658098270773555e-05
-0.0095587247281705
-3.012604548990581e-05
0.028036647836241803
0.0001189127820068905
-9.59740579828747e-05
-6.6365821245677e-06
0.039364749748963715
1.8687004613645894e-05
0.0002678979512239117
0.030051166980585638
1.3838299363839977e-05
0.0383477502051079
1.0405741413339458
-0.03914115609510085
-0.0004036114575060832
4.1847818347328034e-05
0.00028169398863662587
-0.0004463564694419156
3.907708582494041e-05
0.00024881257390522977
-0.005127177579672303
-0.00020318033522305566
-2.386834677248329e-05
-0.001273577600136298
-1.2294841676157203e-05
0.0013646960010890315
6.806793144515643e-05
7.435412766425141e-06
0.000740256719473925
2.4203855980192783e-06
0.007797652531383633
-0.0004895634932352457
4.587285980421525e-05
0.0003079775833696681
-0.00011461633045459888
1.1719317676739499e-05
6.10900385380948e-05
-0.003957120701021009
-9.909027237997573e-05
-1.8976804295507253e-05
-0.0005901646562263324
-6.669786889147619e-06
0.0011867732319555933
3.358964868841859e-05
7.650705214283403e-06
0.0003974372689632428
2.51135469189105e-06
0.4915040885350795
2.1077487119124254e-05
-8.172930579316908e-06
-0.21689718655940565
2.5042377058947523e-05
-5.44918808767907e-06
0.001154106872542977
-0.00025850199128609266
0.00022578412686017908
0.0012093476204270677
-2.7392571155162873e-05
-0.0004893930247060527
9.799880437428999e-05
-8.92682202531821e-06
-0.0004242117076509893
9.050222531401727e-06
0.4920292069728063
4.887362097391561e-07
2.4721302060107073e-05
-0.21603074308164374
6.030598951037306e-07
-0.00010108952653318868
0.0037242062724972646
5.820073759088947e-06
-5.751237610760745e-05
-2.0798275277906135e-05
2.904807203066236e-05
-0.0014018365911401074
-2.1685638356722643e-06
2.9301276567203055e-05
5.8968924021624185e-05
0.4917176796562168
-5.785264122501998e-06
6.385286003652195e-07
-0.2166314566106725
0.0010148831451179063
-1.0847230359825199e-05
0.00025586817178883194
0.0013992527997298508
1.4011928416260763e-05
-0.0003743301342878725
2.9774023674888687e-06
-0.00019968661828841555
-0.0005416677136733315
3.012766402253529e-06
0.025924536977930297
7.451185891836399e-06
-2.0683463432383566e-06
0.0005265299318755792
-0.00014578963354807534
0.0003367527070750843
0.000830829978860644
-1.8459599460405388e-05
-0.00012130856046380228
5.0624811763644824e-05
-0.00014129306469847774
-0.00030442270395428754
7.36311962892961e-06
0.026097833779544586
5.399274083160189e-07
-8.094564122235061e-05
0.0023176737406346744
3.106922305442755e-06
-1.1648303777075185e-05
0.00014480877392283973
2.91823820663874e-05
-0.0008001527232814335
1.0178895859432659e-07
3.719649946619258e-06
-7.230226804645581e-05
0.025944374933019113
0.0005858700969791041
-8.497872943371612e-06
-9.518344363788431e-05
0.0007560189629253184
3.195641379777693e-05
-0.0001978512226104733
3.6938548757823787e-06
6.0944553022008346e-05
-0.000250482625163485
-1.3601918455093725e-05
0.23862731001081988
0.0006268070384643433
-0.000276425242403768
-0.08122555310274218
-0.00039659279730773473
-0.18950979521747152
-0.00021776465288019686
8.45993500066913e-05
0.028188554800954304
0.00013409400290748065
0.14815358660362687
-0.00019714515615803458
-0.0004581822237391878
0.00037417276548614646
-0.00022137972370922727
-0.12692598125617216
6.482628395662471e-05
0.0001510982432773173
-0.00013705441037546777
0.254052688847347
-0.0003300649896720762
-0.00015071057246171104
8.629445445386988e-05
6.3067599295181e-05
-0.19981983718032048
0.0001150197875252821
6.323150603337061e-05
0.16775154330489364
-0.0004383900317910193
0.02833603198677551
0.00014987180507050976
0.00011209834100478238
-0.14036242404498026
0.00014993125038210303
0.24512147999074482
0.0001361807608537625
-0.0001397588295495938
6.435315899549425e-05
0.00015171506374329257
-0.1939316730297342
0.037798065729140795
7.625386223205002e-05
-2.5576646483573093e-05
-0.009527124158383781
-4.600462945749725e-05
0.027328659604185006
-2.0334548113597806e-05
-4.919290324254681e-05
5.1322501399494875e-05
0.03944412425318655
-3.937176488503449e-05
-2.6630671947583574e-05
0.029571605315631338
-5.160146722351121e-05
0.03849491759682404
1.040618309498747
-0.03909553614859675
-0.0003291351160251472
7.675770061841757e-05
-0.00027428102347226544
-0.00035802418131140185
7.034383141282925e-05
-0.0002448865940730035
-0.005668559112486901
-0.0006812215485650943
0.0003827675226509746
-0.0027533376030065416
-7.594454707585121e-06
0.001502024702028854
0.00024109036233537146
-0.00011918848929941102
0.0012533102958191518
5.409405302465144e-06
0.007842507594241339
-0.00036666511253630163
7.830108597915536e-05
-0.00029811269792389685
-0.00013898167957292025
3.111911344986625e-05
-6.344689147031184e-05
-0.004312353730300728
-0.0004617295202676783
0.0002693461695342117
-0.001676309092711741
-7.316361250596959e-06
0.0012827172082673238
0.0001639062673874871
-8.928121933375456e-05
0.0007977854863140499
3.21201685528416e-06
0.491513128484501
2.2024002426929396e-05
1.7620159712703136e-05
-0.21692406891408392
2.6083545091976758e-05
1.0326948351338627e-05
0.0011044510170400079
-0.00040979024635836594
-8.160652661242437e-05
0.0006607692727324434
0.00012576759533050233
-0.0004212143382064783
0.00014518125098403643
-3.374043618420224e-05
-0.00023639478714375107
-4.0107290201581265e-05
0.4920739740570726
-8.827416219830107e-06
2.5749618906854572e-05
-0.21601475834360462
-6.199265663064765e-06
-0.00017941983484372052
0.0028351763037195313
0.00014730137633429144
-0.0001839990326179615
7.813738232206744e-05
5.1695310449177215e-05
-0.0010554937358175794
-4.737849108237899e-05
7.397575373205756e-05
-7.837392315361894e-05
0.4917410599493325
1.0589512997577472e-05
-6.226948086346641e-06
-0.21662283936047289
-0.0008483251960312799
7.875501410782587e-05
0.00030445649461202515
-0.0013884564336783096
2.2979236444020943e-05
0.00031851828262756073
-2.537742287001177e-05
-0.00017109590832426082
0.0005342984230466761
2.776472651376422e-06
0.025924592060025634
1.2964075070850987e-05
6.555526053776487e-06
0.0006180095360240856
-0.00025204380805637623
-0.00022738522430896288
0.00045546254268878644
8.690339293416328e-05
-0.00017330757862546667
8.618459365378863e-05
0.00010136161875372577
-0.0001691932826230152
-3.091851436183584e-05
0.026148469946103217
-3.746568868828096e-06
-0.0001435377791745818
0.0018148122422148433
0.0001022154435311806
-9.249073206100172e-05
-0.00010066905273142323
4.905705735809416e-05
-0.0006419753550665565
-3.608232971115137e-05
3.5063174409518064e-05
5.6395859698015675e-05
0.025954715874408858
-0.0004822587938537311
5.5943162169711934e-05
6.08918636174072e-05
-0.0007621524725581154
4.727980207442814e-05
0.00016079096015958596
-2.1176962660369762e-05
-1.793405308711286e-05
0.0002520964527844002
-1.9676212475161197e-05
0.23934282101858745
0.0019501338596673037
0.0009882699624550147
-0.08190869221206482
-0.0002963804270638652
-0.18991718436347238
-0.0006774317740770832
-0.00033909725223995853
0.02836480241328213
0.00010075289064530282
0.15297530607367615
-0.0014869933129648353
-4.564410689605246e-05
-0.00014190384563668063
-0.0006743648731090352
-0.13045177003034425
0.000512787773688426
-2.625584857107331e-05
5.3797140586092464e-05
0.25356103194322666
0.0026167739864679062
-0.0018456485192145918
-0.0003444286110024761
0.0005181931065614695
-0.19945948464145713
-0.0009051585462722443
0.0006208260784489428
0.17090413888133543
7.001917609079058e-05
0.028552516743825397
-2.4531767317214826e-05
-0.0008994273043664867
-0.14270535351387467
-2.0552093912889315e-05
0.2443573663481563
0.00010014112714264136
6.645191837634432e-05
0.0006241756524540551
-2.292996019050581e-05
-0.19352464379364342
0.03785506641498831
0.00023244540307226758
0.00011761622091482187
-0.009590331885364421
-3.381499877514618e-05
0.02797248585094518
-0.00017817385994141224
2.364387932152872e-05
-2.513203148566698e-05
0.03937775283638503
0.00031034260086132827
-0.00020935534857678684
0.0300068113833322
6.7411604564304e-06
0.03845018697018847
0.5870068688170664
-0.03622649410265809
0.03131756583519808
0.004500600795545168
-0.024620499032221577
0.00017652225342310892
-2.5376576966193682e-05
0.0001302468115645225
0.04105093512539025
0.0011002138730138518
0.00018238160250753194
-0.058333581627754594
0.00024526958892089426
-0.15275754239625236
-0.006458786467767231
-0.0029572802890448302
0.1209225479528385
0.00017433164206264164
0.0010397946466366667
0.0015282797815816432
0.00014272810109092587
-0.0007615408603666864
-2.8581681015308846e-05
-2.475150149459298e-06
1.4169109940537095e-05
-0.00375241122551488
-0.0003672885229630354
2.870381339075701e-05
0.004064057866159558
-3.1266790593670495e-06
0.007144193666371423
8.599711810644152e-05
-7.312340477349861e-05
-0.005366735048631357
1.2808755059800725e-05
0.8781909370940536
-0.009069913569009734
-0.007717407276583251
-0.034198920444885636
-7.581280064829327e-05
6.271986089107763e-05
0.014513417741856053
-0.002609797404898611
-0.0018629364861076072
-0.01687249328585049
-0.0006915290656891607
-0.06360977079177581
-0.019609536027683276
-0.011538324961648257
-0.017532134617776356
-0.002631295224069641
1.0695936856507642
-0.0011877737491097747
-9.232434164243455e-05
-0.0446254788605041
9.55661499323771e-06
-0.0009646407583320702
-0.028947757806185925
-0.0006339371374279655
-0.003869433213873041
-0.0016276685290677957
-0.004851567094315199
-0.1844241903261343
0.0013405517448202126
0.0011662766947419436
0.00219907447849541
0.9328983810739495
4.1014351029646706e-05
9.195224770887137e-06
-0.03996858396377141
-0.009934721238268196
-0.0013574647048752422
-0.0020596849166412967
-0.0173845650781577
-0.00014940865920880486
-0.046379143106525404
0.001658165174269697
0.004705871280996907
-0.08081504928975136
0.001708673690957447
0.0004385969850612988
4.86540086330015e-06
-2.434010916147531e-07
0.0006783878643643545
5.643602250652523e-06
-0.00035072628428735135
-0.0001091627683398511
-6.912081467762946e-06
0.0008313084860758841
0.00024636224622553895
-0.0001516262700140539
0.00036550160891861205
2.4323745192602413e-05
0.0006314423053734323
-1.138997958497436e-07
-4.472430804690763e-05
0.0004132414859213856
-6.079315612962462e-06
4.50222170565594e-05
-0.0003349924006726967
2.736033353276915e-05
0.0023979770926284946
2.9454591885664954e-07
4.925804942688962e-05
-0.00022272162339648048
0.0005370254369452426
0.00010667893336021301
1.932663566581807e-06
0.000689610331792186
0.00019316617342361655
6.230333175604168e-05
0.000571122385205853
-1.1944842184580993e-05
0.0004433859338252898
0.0010128287436728639
7.533790790101376e-06
0.8846134443813461
0.003495726240608325
0.000533301512779225
0.16931315287534804
-0.00016456602897350333
-0.06767777119289375
-0.008827977249599784
-0.002367071813412375
-0.45033777138831427
-7.78012316774256e-06
1.0470852794622942
-0.00012880467359748491
0.00666002511625146
-0.00035611661119894813
-0.007871366543357215
-0.895321717678541
2.992269033519934e-05
-0.013652608817850326
0.0003191261180042913
0.8533432434137523
0.0007715448419104026
0.003355147175972303
-0.00213308234052372
0.0005997537356177404
0.10767635986885549
-0.004427813488961053
-0.002766043082061482
1.0568610436717383
3.759233789913321e-05
-0.42515860248063087
-0.015312614486777936
-0.0038976718913689926
-0.8769846828800545
-8.154341900089195e-05
0.8731523807004534
-1.598295459064618e-05
0.0010719703877672092
-0.0022703759489722214
-6.294828839498732e-05
0.0456855485073734
0.39424509003591224
0.0013504027864529153
-0.009304215245963195
0.1468897070228576
0.000729122135385722
0.5088447458856273
0.007499878450116025
0.006415167051125245
-0.0001968443310096839
0.4004920071534951
-0.021486598215234937
0.0017368155793446027
0.6016840099441303
-0.0013875614563761854
0.3438273279744165
1.0396969205517503
-0.040503257943799095
0.0003817499551349336
0.0005056923651506407
0.0005365140511968116
0.000276943899659033
0.0003659882137429372
0.0004118462513682174
0.0028745852722422763
-0.0003372466024550753
6.21540414303241e-05
0.0016827235174271438
0.001300800812433619
-0.0014555937309779722
0.00010644617253963997
1.916667587546109e-05
-0.00024269741592797874
-0.0005914376266102651
0.007522291690504874
0.00034807959983959114
0.00044898717722117835
0.00047236272614495833
8.75139769143506e-05
0.00012898889264184146
0.00016826527025269874
0.001920826789689575
-0.0002669364147063195
7.54282245843916e-05
0.0014131719888192404
0.0006169041481321781
-0.0009490403958908634
8.258510884229811e-05
-9.94220315213126e-06
-0.0003011486006382189
-0.00030265944605815064
0.49139202546046234
-1.6162521796234468e-05
5.594471188730909e-05
-0.21743331249709644
-1.6525116178481923e-05
4.104231690086062e-05
-0.0011005560493313534
0.00031263442725572847
6.203490647274228e-06
-0.00011794268621217987
2.6884089206212833e-05
0.0004949534591903098
-3.365004146921579e-05
4.492056464379405e-05
3.259230855176407e-05
-3.4469798892885117e-06
0.49187355864626325
-0.00023000222021849707
-1.6390365433760787e-05
-0.21665282160957325
-0.0002232941165668499
0.0006839016521102644
-0.0002727885801184403
0.0002094698791572522
-0.00017605011761550314
-0.0018825214636048822
-0.000321982777846976
0.00015655938018608798
-6.57344554715508e-05
0.00011814862823455831
0.0008911685720243284
0.4914853412448189
4.084183203710635e-05
-0.0002242264379979732
-0.217204078624531
0.0006468811812058287
0.0003332548332722875
-7.756923577356199e-05
0.0002734208432575158
-0.0013100644646124764
-0.00032529091317585817
-0.00010512081672809639
9.653345867394634e-05
-6.235873839159682e-05
0.0006165933778374212
0.025858450193046792
-4.7799819116363785e-06
1.657675914308261e-05
-0.0004976137824538806
0.0003915815788330894
0.00011848013039694879
-9.120505483651374e-05
2.6894668286320868e-05
0.00019648313538262786
-0.0001507501134635234
-5.700614858956813e-05
3.287506790108744e-05
-1.1193733293271412e-05
0.026085083623516383
-8.623919079332829e-05
0.000292629122224214
-1.9479139723469185e-05
0.00015019891461368873
3.64926420368655e-05
-0.0008619469536640736
-0.00014375827714685382
9.71115904843548e-06
-5.333759630272206e-05
-8.888423173451091e-06
0.00039753980667064546
0.025941455284977967
0.0002664781346077309
0.0002330635170319177
0.00012958896552865164
0.00021479523917572078
-0.0005472269629306177
-0.0001381457474283343
-7.971096878550658e-05
-5.025285040247425e-05
-3.0300916648566253e-05
0.0002422977800769499
0.15699587246550495
-0.0026933088184760397
-0.0009666385135318356
0.012730168083040562
-0.004527246274283546
-0.1322866343293663
0.0009579228138179174
0.00034491169150313724
-0.004281947611464007
0.0014346854944008152
0.2531430594066398
0.00014026127816238606
-0.001631591443442085
-0.003718322103808869
0.0009644018032854095
-0.19968790739974993
-0.00013352453818630102
0.0005478030555183899
0.0012927294824688286
0.2570550908150626
-0.0005637664506001902
0.0015618133151650245
0.0003517805114029021
-0.00013572869467473096
-0.20213879356168313
0.00017585466839637522
-0.0005452560068794662
0.25560655910985486
0.010605657512045041
-0.004431322613429362
0.0005507549804666285
0.00017724417535637247
-0.20165842415018617
-0.0036274620540007714
0.1576985495519357
0.0014305685148825462
0.0012678663378302294
-0.0005618114920316673
-0.0036187084503090773
-0.13349223134284077
0.028042317584910992
-0.0003437293715644102
-0.00012749078446192252
0.0014055406506024873
-0.00041450837158206303
0.039520067476418924
7.212862812338565e-05
-0.00018537886903013977
-0.0004289175929661903
0.03987921570138291
-5.360988516881518e-05
0.00019340107821760264
0.039914642789694435
0.0011985178669234613
0.02844512011917462
1.0501326326152123
0.0248919120531826
0.00081642898311769
0.0003743993776357111
-7.000662491305452e-05
-0.0006153673366693637
-0.0002759906840182235
3.564882036025159e-05
0.004844356902898183
0.0005702266670363873
0.00011653358548766626
0.0019960306394508917
-0.003029133613765416
-0.001695447888466001
-0.00021516911057102727
-5.5243594909848996e-05
-0.0003654348380401849
0.0016721175621672122
0.013013037314438685
-0.0011509850930816912
-0.0005355663074779176
0.00010145390186465023
0.00048811155461852857
0.00021443134641947176
-4.638156783025991e-06
-0.004643946100339113
-0.000538443959178017
-8.337103628953591e-05
-0.002829514189811772
0.00283731004139807
0.001896454277204516
0.00020578879735393937
4.6922908386645176e-05
0.0006337023783723266
-0.0015432031467321502
0.5560862131668154
2.0638375910080578e-05
-1.3759218034328204e-05
0.10084878712401393
1.3445236885754818e-06
1.2240957448070443e-05
-0.004711333258444836
0.000874454997467331
0.0003533092415248622
0.0001876849912278691
0.00011343536729528224
0.0022473333523512495
-0.00030950456614684777
-0.00017553058078454572
-8.827036400508868e-05
-5.932363135278828e-05
0.5563079348966325
0.0005123491047926396
1.1643286884527627e-06
0.10046120356905613
-0.000440016811034018
0.001277539099322968
0.0002118676900957265
0.0005192924098144302
-0.00043684998322544106
0.00019210408540172997
-0.0005792018492986521
-0.00014787391305985735
-0.00022696983055136305
0.00022054320601733347
-0.00011849493729727172
0.5559447703763227
1.2185331185578191e-05
-0.00043918430181550826
0.10101746031224366
0.00023464566858835182
0.00032349495525758117
0.00017562686629329729
-7.631688132041459e-05
-0.0011519998189477932
-8.990688296482462e-05
-0.0001551312367062075
-8.986657287864594e-05
6.614120835514227e-06
0.0005711654420025791
0.005744562504507911
7.5989334726348144e-06
-5.457333508207019e-06
0.002154313398199544
-0.0005117790614646573
-9.858648280916437e-05
-9.298463210027502e-05
-3.211323603681482e-05
-0.00107009235751354
0.0002044450103558492
5.0622544443334604e-05
4.157523784835209e-05
2.2498716201995924e-05
0.005895333023708904
0.0002028561634426364
-0.00062518759515795
3.527996287823243e-05
-0.00023444040355127978
0.00013796229772256217
-9.085273977526523e-06
0.0003030295410504936
4.392306264333276e-05
0.00010731705877687237
-7.928513252524024e-05
1.4864153152465096e-05
0.00574511527070966
-0.00015463828643881515
-0.00011325641683882359
-2.4084957566298683e-05
7.717096713402924e-05
0.0005085556208192103
6.641167553562825e-05
6.259067874640719e-05
4.6431315619991564e-05
-8.607757380961479e-06
-0.0002695029615974403
0.11114096327747203
-0.005662867114485975
0.00016934265205180644
0.01517740265571079
-0.005039688873344055
-0.10032349868503328
0.0022008932484942866
-9.565237722486587e-07
-0.005343385158548059
0.0026621806421917
0.21492176761489135
-0.051324796337032054
-0.0013635928307774003
-0.002876647041920254
0.002215235687410018
-0.1760194679305317
0.019355142565318242
0.00047223258001126444
0.001112323553383704
0.19973299634437097
-0.0017757356475176568
0.00037297765313905806
4.266990184098462e-06
0.019323975861597165
-0.16406074497526016
0.0006800140287567919
-0.00013170143497343533
0.269977233659659
-0.004819145423426242
-0.0053564319055417085
0.00047948076312586134
0.0006775940046631498
-0.21696558625445722
0.0015468751180299709
0.10590871127276855
0.0026584845881067057
0.0010987446023637635
-0.0001529936707454121
0.0015518930383049759
-0.09667304590623674
0.022772701690758228
-0.0008680183075779192
-3.106796130387e-05
0.001764584557538916
-0.0013942403133536915
0.03614352701821502
-0.007251689463889958
-0.00016434295011712462
-0.0004238284982404421
0.03377176440193651
-0.00025731662042830547
5.647046102800719e-05
0.04374673481711434
-0.00044646630921400907
0.0221792639299711
0.8302662290412224
-0.037045226379552224
5.300022733129621e-05
7.310640360583811e-05
-9.584298815117086e-05
0.00020173400489995708
0.00029779397556219843
-0.000342542514871745
1.376167815957745e-05
0.00015643070715623666
0.00022319454007503107
0.0007040002566772441
-0.0003132548754999283
-0.00018330421419454523
-6.535474354858555e-05
-4.6515231929585506e-05
-4.540123164529074e-05
0.00026601525456189184
0.01123485459044584
2.673657006376718e-05
2.464522874230491e-05
-3.440868260249232e-05
-0.00025995330891819245
-0.0004267269921189124
0.00044553358704636054
0.0003013824885069385
-0.00033043587682825867
-0.0004929669981103018
-0.0014691072867482075
8.19771979940032e-05
0.00022864962402655627
0.00011873641131497364
0.00014424555005829783
0.0002275179458425917
-0.0002935143554904985
0.35902319865876564
1.0761791677665575e-06
-3.5151186058521974e-06
0.15013498343423543
-1.8944194254241726e-06
4.4919330957394195e-06
0.0003273927436030224
5.954773536072563e-05
-0.00010612002076664938
1.1745018747294202e-05
3.0054882509724556e-05
-0.00011576077753600221
-4.222305541019324e-05
7.028985784614609e-05
-6.865813863382922e-06
-1.3475173035409156e-05
0.35905917954237365
-5.147531500197614e-05
-1.872880001785586e-06
0.15042827235919956
5.2150652918615e-05
-0.00016033160470113774
5.469793320953565e-05
1.9366281244039868e-05
8.324961762190387e-05
7.711219340517816e-05
6.129253980137825e-05
-4.0499494550376935e-05
-9.758022036850853e-06
-4.211542660800514e-05
-2.576788967299404e-05
0.35898942748843243
4.569930863916417e-06
5.052729176282358e-05
0.1501289510845293
1.5273975817899298e-05
-6.268948682458044e-06
-2.2074986263638947e-05
1.2186111596738547e-05
4.791202164367369e-05
-1.3155269187009541e-05
-6.750494745707338e-07
-7.2171862572283335e-06
-4.9694872547960116e-05
-3.562151614214209e-05
0.018168096734505368
-1.896212803454138e-05
6.557395855552757e-05
0.0008567700068098882
9.050223254532022e-05
-0.00025159561353100515
5.9853812050458294e-05
0.00018392960165341187
-0.00013289031677214506
-4.8741994202597364e-05
8.857238952834294e-05
-2.611558451198042e-05
-7.322424352355748e-05
0.018836115239172568
0.000594400640009278
-0.0003572742160715644
0.0003120012346866949
0.0001278129009319555
0.0001348739100312476
0.0013427943337527787
5.66629919539402e-05
-0.00014970110667916916
-5.3739328213645466e-05
-3.4336444202941456e-05
-0.0006394641903734638
0.018266173678699878
-0.00038129121934029107
-1.2419704532536292e-05
-0.00012563080914745206
-6.336629737523806e-05
-0.0005588690697129306
0.0002038388065462336
-4.0854421271474396e-06
1.8362475799894263e-05
-3.0345044525758502e-05
0.00028081037261816206
0.2156371173525381
-0.0015826666160947316
0.00015053199754158563
0.007690591456558499
0.015377097714671563
-0.182765617085412
0.0005376350396563295
-3.126895950255978e-05
-0.002725005502349622
-0.005291438469458006
0.23486511712128863
7.939109718535888e-05
0.000418204703382259
-0.0036436356078291448
0.0004992502485716364
-0.19856806220028247
5.784226990450919e-05
-0.00014393435362554646
0.0012490849531109616
0.23655214039940137
-0.00041111419018222237
0.0004399376973802371
-2.1331772142494355e-05
6.062998520502331e-05
-0.19951251522601365
0.00013298153779555845
-0.0001378387619552578
0.23494446045915673
-0.005132492401713299
-0.002657401308127886
-0.00014862942690899958
0.0001348177653969063
-0.1987830117656631
0.0018074781065195483
0.20323728301201066
-0.005295381001122829
0.0012975159882641532
-0.00014675575386582197
0.0018439832361083447
-0.17419470518883412
0.03907867513528156
-0.00016799265951559852
-8.210611808954645e-07
0.0008594500490676348
0.0017438727455825124
0.04208666848581109
-4.158285119541609e-05
5.150908266538682e-05
-0.0004327210700706492
0.042180805850818896
-4.245133701515627e-05
4.5446836803247936e-05
0.04215964864448939
-0.0006213615734173894
0.037667654255192994
1.0501739854556162
0.024811072350388368
-0.00037641542491698024
-0.0004504757824254744
-0.0007061899102791668
0.00028683873486854273
0.0003506994506969036
0.0005647726395098804
0.0072395973068583325
-5.923956491249993e-05
-0.0001270489434630935
0.0008237724854747101
0.0009848197105235743
-0.002856614913338072
3.2690881405064956e-05
1.4723208743898775e-05
4.277487572561185e-05
-0.00034179369231645846
0.012978271261472862
0.0005802957385691901
0.0006557274496294221
0.0010571212634729928
-0.0001777437791031164
-0.0002786152644074027
-0.0004246364855404397
-0.00677675605054667
1.6409235349551518e-05
0.00018541834466694775
-0.0014693250570136998
-0.0009121690519300063
0.003000610835053413
9.377471106077407e-06
-4.8750507198451945e-05
0.00012203909656975138
0.00034401464676538855
0.5560170196321434
5.696254986668921e-07
-2.3688012377415893e-05
0.10096153397031588
-1.3333583573492787e-05
1.939814831959599e-05
0.0015003948380416454
-0.0005567905535759112
0.00038081346856453437
9.113347792431824e-05
-4.930273130304819e-05
-0.0006987149679022596
0.000181402959884312
-0.0002506673710923373
-3.352114484462789e-05
3.5918768872665375e-05
0.5563636194697006
-1.2835397915208186e-05
-1.3297603989240897e-05
0.10029669082375946
2.980714830494721e-05
-0.00160767830407585
0.0002597282787268029
0.000150802269827407
0.0003553592347159272
0.004073603711024328
0.0007190955034024873
-0.00017375778413893106
-3.768282695368717e-05
-0.0001891946708129866
-0.0018754712904226509
0.5560191987179268
1.9875638890058725e-05
3.001096040585625e-05
0.10079191999074556
-0.0018313708442932587
0.00039034977938406733
-3.6825935381611265e-05
0.00032877352400316777
0.0018891678409687573
0.000834704158262714
-0.00012589953624308583
-6.355027276710117e-05
-0.00013638428573720777
-0.0008862366247323761
0.005701091647633518
-8.108858048714682e-06
-4.820800516418559e-06
-0.0006579876721549006
0.00032975387578254865
-9.180140678748783e-05
-4.984133456731175e-05
8.700176043588356e-06
0.0003105656577816997
-0.00013106082706802703
4.6737347545512995e-05
1.9770016869935443e-05
-8.042394197204935e-06
0.005925752361666051
-1.5132152805104863e-05
0.0008280915403843104
1.8818358118516716e-05
-0.00011722015470535076
-8.909688641469099e-05
-0.002060032622097743
-0.0003907732883887045
-5.284567700010101e-06
3.8608399343909897e-05
5.519496236471098e-05
0.0009753140045404757
0.005774504691286954
0.000951648925480049
-0.0002558196012926712
0.0001913657688773924
-0.00011028446607654508
-0.000942002431818099
-0.000448483155791953
8.981120212226371e-05
-7.160090091281774e-05
9.081507525445125e-05
0.0004631068508641571
0.1095304224151559
-0.002813814560093885
-0.0022759203440399804
0.012740528916367835
0.0026066846015365755
-0.09879577504720213
0.0010095628263580424
0.0008938599402414101
-0.004374006242872019
-0.0010404046366981475
0.21480980379643239
-0.007205677271665101
-0.0005340597794271399
0.001292347457249876
0.0010147743418200727
-0.17600487070588836
0.0027097625651451955
0.00026280862674334674
-0.0005012738661042578
0.19928973551685927
-0.0028486043119818334
0.00030246262631328577
0.0008901685325999944
0.0027030922883429995
-0.16377968850553454
0.0010766144236991678
-5.207298783681311e-05
0.2666394579636804
0.015819967630090925
-0.004390895343743921
0.00025722574221903637
0.0010749653337747145
-0.21439258146958842
-0.00571472975532707
0.10773757168216042
-0.001034050436671245
-0.00048329626937673037
-5.27240603460393e-05
-0.005708441893828615
-0.09862060600712959
0.02240928199564056
-0.00034459044501807304
-0.0003530821935648559
0.001379822789814425
0.00040883759427142537
0.03615138814537065
-0.0010151861082880443
-0.00012322447956309552
0.00018575100232153506
0.03372339294178787
-0.0004043820820794681
-1.4636395950080378e-05
0.04326410081714198
0.0020120254376789493
0.022700264377000765
1.0520225636346283
0.020549522695836014
-0.0010476156132759272
0.0014725590619339222
0.0002878395448537152
0.0008656425823813435
-0.0011342621667246758
-0.00027212779472263876
0.0010544148671931385
0.0014749589300749617
-0.0006344212549465745
0.002883379471291192
-0.0003087999540650333
-0.000879123689424015
-0.000901766685733163
0.00031134526270091607
-0.0016834887766003304
0.00011971619373264676
0.01450421746718298
0.001570170281731906
-0.0020495742422395233
-0.00046453009735121693
-0.000693189342058704
0.0009734401733878464
0.0002283383634014313
-0.0003936642160904593
-0.0017781904079676037
0.0005496618320737604
-0.0022266051143552917
0.00035632117702780273
0.0007210709623000104
0.0011409220115835938
-0.0003016390297989074
0.001295963643091361
-0.0001283926111141733
0.5558676231630437
-1.282829083165233e-05
3.387782602206145e-05
0.10016541581649016
-4.703725383402447e-05
-4.197716474817618e-05
0.001904414699750629
-0.007043168243497185
0.0006102842569571112
0.003018755726306108
0.0001964089827187226
-0.0007177122142636484
0.0033464060751407136
-0.0002025046460517139
-0.0014328253808091145
-7.11748941652761e-05
0.5560249969669233
5.9530041807050796e-05
-4.957099099326533e-05
0.1000010208365203
-3.818491148097429e-05
-0.0021356958630182245
0.007516777405525662
0.00011669887659815073
-0.003968935629668284
0.00012627240059493556
0.0010541282487368134
-0.003397184096882379
-4.107951410197033e-05
0.001837269352619544
-6.42423529988171e-05
0.5567466064075555
-4.149676067094664e-05
-3.8390933175773284e-05
0.09870933531702702
0.0014389033280980531
-0.00018182021017524176
-0.00183559720077138
0.0017031282067578948
0.0008412551064026441
-0.0005916644275540629
6.960844037904572e-05
0.0007238584235732489
-0.00078481921340875
-0.0004527886092708083
0.005738585772014062
-4.305697915048921e-05
2.202213669558752e-05
-0.0012286780535654023
0.0033926223821249993
-0.0003526140250787895
-0.0013452390189155681
-0.00012982613817053696
0.0004574684298705359
-0.0016772014700192277
0.00014313661833813515
0.0007189579606163936
4.79285637815891e-05
0.0058264432596770105
1.9880325055870207e-05
0.0008391695363310825
-0.003728625352819584
-7.63768001304751e-05
0.0020500878776143288
-1.5475528206992187e-06
-0.0004548636322646804
0.0017275937300904685
2.7593507261136177e-05
-0.00100271747712649
1.700129974312516e-05
0.0060962441642469535
-0.0008142569240047519
0.00010276094396502564
0.0009282669979802172
-0.0008724770522519647
-8.547940622149672e-05
0.0003624580269525373
-3.871470553294115e-05
-0.0004562877083264673
0.00043931211863991015
0.00013404982722756104
0.2194726991622058
-0.005169907385459606
0.002819670347142949
-0.1110116593392663
0.001645670266364612
-0.17989458537109204
0.0020505365176190678
-0.0010024382740313543
0.03940807933973188
-0.000551505042473151
0.11689210869829626
0.0031553528331860698
0.0029386229721349967
0.0044388791172852715
0.0020390149482305553
-0.10529659748923079
-0.0011271914924002526
-0.0005624648384803253
-0.0017416941402813425
0.1566629199871969
0.0026574276366596048
0.023998977703479772
-0.0009925915686760615
-0.001134964086155456
-0.13190527821408415
-0.0008815352875095216
-0.008866921031975342
0.1519537606335968
0.002944797200766713
0.03926890463601947
-0.0005743568824602141
-0.0008758143893615041
-0.1325997955708318
-0.0010138338336188018
0.19612907607954289
-0.00055250069598843
-0.001758757743205708
-0.008874648624465901
-0.0010151904746911336
-0.16164469487142763
0.03707410991103077
-0.000824306792767415
0.00033409059413902253
-0.013379287245404992
0.00017598036801096584
0.023861864115844553
0.0003909927005826821
-0.00010223317113733168
0.0006927088367770254
0.027821305699804337
0.00024845998898955
0.003228786484396072
0.029218239092751366
0.000337319981981539
0.033431227171938346
0.8304065084892744
-0.037700644739510084
0.0001788861674752414
-0.000203112851175827
0.0001333489020581139
0.0005927762210856635
-0.0008745636199084888
0.00043679889543514494
-0.0010729493816991384
-0.00014144829249645766
-0.00019763036246367557
-0.0005157480093652971
0.00015711406197856288
0.0002418938282451962
0.00011965742806397815
3.1115755385298274e-05
0.0003526938738418749
1.6666192167067245e-05
0.011718741920922334
0.00010865822378991397
-3.6340229388733595e-05
7.590056929087628e-05
-0.000700426549779137
0.0013149405502345484
-0.0005154677059902817
0.0022808950147871535
-0.0003997643927928986
0.000430904076047806
0.0010740581723653652
-0.0003872848985327225
-0.0006477838371990279
3.2792275920656495e-05
-0.00011599940606887147
-0.0006234356787017043
0.00010358299564467891
0.3589561526696634
-0.00010261211356034681
2.9647210508974794e-06
0.15012017913300368
3.2332395993753923e-06
-1.0046146477551273e-06
0.00016146163788137137
-0.0003777106906397285
0.0001241642765401965
0.00010859642924928977
-2.8649369678847497e-05
-0.0001511331256078696
0.00016273828997545651
-0.00010583768379804419
-1.5026301578773948e-05
1.1460419361918311e-05
0.35899853556052524
-2.6009036130382873e-05
5.8319343329310066e-06
0.15033677056167744
-2.261954217253016e-05
0.00011293235416336599
3.48035693515594e-05
-7.055475433952229e-05
-0.0004904195354643589
2.340549113458575e-05
-5.772240320383101e-05
-5.9404698057972655e-05
2.5575591561235976e-05
0.0001956622257397348
-6.773571324724837e-05
0.35895291140630325
-7.611155921149625e-07
-2.316251649284649e-05
0.1501355959141254
-3.713711319289879e-05
2.4578392733728477e-05
3.7013432975106675e-05
-0.00010486128024906545
-0.00017341009687015446
2.7268623895822087e-05
-7.515841578595003e-06
-0.00010105634811322533
6.460129955739527e-05
9.30100468187465e-05
0.01837947444585039
0.0005974519239330568
-3.497629444392677e-05
2.4617403405734786e-05
0.0003149135134825254
0.00032612819196293916
-0.00013859668702086722
-7.75625521961055e-05
-1.4074882299565166e-05
-0.0004075012646912641
-0.0001579270904741505
0.00022166998819287832
1.6892578294791235e-05
0.018861876289829306
2.896515625555621e-05
0.0006657208616136044
-0.0014874381930054944
-0.0002936490805755747
-0.0008931949410453271
-0.0001062426922142063
-0.0003033601362396571
0.0007420882364912081
8.996121413756906e-05
0.00010987510561235756
-1.9105730730776575e-05
0.018545255820527805
0.00047528958032458927
0.0001771975920594259
-0.00011494362983145015
0.0006812958297893702
-0.0003513316208506954
-0.0002686340826787973
-7.525848776579857e-05
-5.606859615546835e-05
-0.00042561551062107343
0.00013294303294169113
0.22982555821182055
-0.0057046110241666705
-0.0006062924289796587
-0.021971548160290122
-0.0019203137551262889
-0.1945513489200659
0.0018937208455215022
0.0002449352529582515
0.008716075612948224
0.000609202990122377
0.2016752404446528
-0.0025332154641979254
-0.01775404928491907
-2.5708305077643613e-05
0.0019011475784369229
-0.17334097838827955
0.0009087300195348961
0.006198778977435971
6.60579361346568e-05
0.23624305821952069
-0.0008964243564909091
0.00030556880202011784
0.00026109661849587794
0.0008943216157366158
-0.19917579859694534
0.0004323735632773771
1.1755755585588534e-05
0.2088355998205771
-0.0016501919935478972
0.008695428982417605
0.0061812742802013695
0.00039635826005363735
-0.1786764000592795
0.0005631542246293669
0.2354830473135059
0.0005844227008894102
7.335285846904345e-05
8.36135073556842e-06
0.0005101747219354514
-0.19885382740331276
0.04132578457034569
-0.000628624987747919
-9.304091754958933e-05
-0.0032513226435731653
-0.00018061487125517
0.0375671024931779
-0.0003140570786665875
-0.002120573554095713
-4.195281580901048e-05
0.04210998075169662
-0.00016046559102928453
-5.107346105857271e-05
0.038514563724633674
-0.0001737469298791972
0.04211096318546584
0.8303088157031943
-0.037264562620719796
0.00016302514409386175
3.134948336046159e-05
-0.00014203048118462705
0.0005962653941316435
6.357748335444586e-05
-0.0004687305802227495
-0.0014921407448903379
0.00024228839295721888
-1.4054692918037725e-05
-0.0012235168651727776
-3.74855445172648e-05
0.0003089870258012736
-3.833107108679271e-05
3.375738947799418e-05
0.0004156444346633653
2.869358438524416e-05
0.011419795950716665
0.00010007383153985274
-4.5642830590941275e-05
-6.708424173728279e-05
-0.0007443794693750782
-0.00011711685447567007
0.0005748113392050854
0.0033023226882655746
-0.0002875286662514871
8.372160539867526e-06
0.0030677420329752415
8.278703608012365e-05
-0.0008716726462244832
6.914781520516388e-06
-2.4510742466902427e-05
-0.0010862223436644053
-1.5383832667591817e-05
0.35900177201555394
6.253951717935378e-05
-6.7360743949987084e-06
0.150136386355827
5.4192851264539726e-05
-6.8508839966262164e-06
0.00011850758257500822
0.00015996602875587257
-0.0001021301020212884
5.208934546079395e-05
-2.2260449972843065e-05
-0.00012813098915248226
-6.95525572351758e-05
9.285525124490127e-05
9.320154632229746e-06
1.240948593213291e-05
0.35907824548480904
-1.5200783786022162e-05
5.471781391207782e-05
0.15036909773106694
-2.6801207667739687e-05
-1.509023000955345e-05
-3.76593066883087e-05
-4.336027876529995e-05
-0.00016697387533412544
-4.096764969260747e-05
-1.3275001668892334e-05
-5.8041434994703315e-06
1.9603481996334574e-05
6.375429888915827e-05
7.042510131622687e-05
0.3589531699848609
-7.109830727827448e-06
-2.679429207211473e-05
0.15017214797377815
7.929828172656803e-05
-1.2166539773316657e-05
0.00013516124675934935
0.00012953684514050817
-2.6819089892112195e-05
-4.294855072710986e-05
8.741452753830815e-06
-0.00011522657706427268
-7.43493498362238e-05
1.145514972334512e-05
0.0182177687461031
2.5800502689603387e-05
4.188543553707704e-06
-0.00027155180652714935
0.0007421481597148162
-0.00019966411725666657
-0.00038918375609010776
-0.0001166816061598072
9.235085769644384e-05
-0.00022864841444825645
0.00010508565898636292
0.000306811062213961
4.866970467485875e-05
0.018513750525372394
-7.470819781327123e-05
-0.00026394949323978916
-0.0019381226076065434
-0.00022702244972907552
-0.0006135281144411626
2.8759517875144542e-05
7.476743672091926e-05
0.0009338267512957958
8.59936005351035e-05
0.00019707808577597413
3.807099044902093e-05
0.018660238744417183
-0.0003142889671318817
-7.663268356459553e-05
0.0002603043282711552
-0.0006445351028580409
-7.851920820313899e-05
0.00022399069894353584
3.250634488291525e-05
-0.00013708564406329343
0.00042732171383920285
4.4105290021035635e-05
0.23087292553513772
0.0014531399614630537
-0.0007504895994698568
-0.023189516152113118
-0.001695273306219657
-0.19540114854522894
-0.0005694048252469591
0.0002433425038689639
0.0091417919388064
0.0005768411003662485
0.21021989623250098
0.0001761458253749824
0.006476832638639007
-0.0004831944207800438
-0.0005319196267401792
-0.1791094987070333
-4.583719269388422e-05
-0.002173631789872731
0.00014561209877035237
0.2351465863534213
-0.001764083504853394
-4.2262651601040346e-05
0.00022134937855511447
-3.838552675578311e-05
-0.19845929424656447
0.0005258490143085458
-5.763791832541139e-05
0.21243170817610077
-0.0025674356078315558
0.009156439882106713
-0.0021632234280192803
0.000574848252061865
-0.18128800537426198
0.0008971117743428039
0.23400304665976987
0.0005541238878352577
0.00013481769043276632
-5.738749215110928e-05
0.0008464503338489071
-0.19801351771322895
0.04149426320520796
0.00022188021489093652
-7.458171372354181e-05
-0.0034067999872756886
-0.0001831880763907796
0.03848098614082804
4.410069286774296e-06
0.0007568319602754793
-3.737789102745484e-05
0.04199050610091512
-0.00017468476522154646
5.962679505934656e-05
0.038985839861681575
-0.000293499552543137
0.042001514493430966
0.8304740190256492
-0.03797546664272297
0.0001654725827615917
0.00021685345418403243
0.0001379140065712732
0.0005232342671947838
0.0009128501956875183
0.00044670080296161453
-0.0009766130858958517
9.583190134287145e-05
-2.2296095691063097e-05
-0.000445615504301937
0.00022488563907764229
0.0001613352630360435
-0.00012686328148138286
-3.4365169358281722e-06
0.00025357112428020257
-7.811900244635157e-05
0.011938528083091737
0.00012117918105974226
4.305245475997784e-05
4.948523723683313e-05
-0.000574941726617756
-0.0013566532148943573
-0.0005595143962618036
0.0021968633829212245
0.0006390548795098572
5.2116330212328266e-05
0.001145453074957141
-0.0004745459524867649
-0.0005374984173346256
-4.9724355275608846e-05
7.492648180346926e-06
-0.000501569946169942
0.00014339074333778794
0.3589504540418226
0.00010568608680041587
-5.585077688345857e-06
0.1501233034804357
-2.6820835723194174e-05
-3.207182835201859e-06
0.00017390699232469573
0.0003712730278942215
0.00011236494713260501
7.224072245024893e-05
2.93561964232676e-05
-0.00015973919872808075
-0.000166153357478568
-9.736609267254454e-05
-7.870041663209987e-07
-8.744266383106857e-06
0.35899064348189647
1.3311868605783621e-05
-2.960391916160989e-05
0.1503270034228213
3.3876096086046704e-05
-0.00017421747974129294
-2.600780962364795e-05
3.069530497104156e-05
0.0004155979070224669
5.152649465257306e-05
8.305272569120128e-05
-4.3502728749528514e-05
-8.706509168501687e-06
-0.00017498433174257578
-7.277824337859949e-05
0.3589415990878624
-3.4987017511628118e-06
3.418786248989536e-05
0.15020497859972798
7.812691692669343e-05
-2.5007259351535612e-05
8.191924454203218e-06
5.4712617070345986e-05
0.00018217131407420535
-2.4994434265631093e-05
1.1109102783840361e-05
-9.929447946464636e-05
-1.139872993299913e-05
-0.00010421111375420833
0.018407551254789996
-0.0007537279152164758
1.2665897519377297e-05
8.66272128209243e-05
-0.00035707505984353355
0.00026672844880361025
-0.00027610008447135503
0.00010958201504372502
-4.057603163143118e-05
0.0004158146973666929
-0.0001263687716105616
0.0002603712418722424
-2.811189587484207e-05
0.018862050715468485
0.000144179580047231
-0.0009587848921353601
-0.0016295974285201165
0.00011464415656539559
0.0004638884046669652
7.190264273268195e-05
0.0004023978066946672
0.000747032149838502
-2.7577710843116378e-05
3.195800188158227e-05
-7.135014711862658e-05
0.018804945510655043
0.0010311320918380963
-0.00012111599590104185
-0.0001791883842861938
0.0014295364825426485
0.0003251525397670642
-0.00047824686588480514
5.743686987128719e-05
-6.14237181484564e-05
-0.0007143182334062733
-0.00012230464718995994
0.2282342085378155
0.007255188319612872
-0.0016485257566744432
-0.028148735846097072
0.0031859937996808756
-0.19348601764235904
-0.002444444387883238
0.0005867198865998824
0.01079710615285761
-0.0011313377669315199
0.20081914398208958
0.0010892355889319592
0.019505075152064535
-0.0012491585102539168
-0.002456977683221133
-0.17275268593138926
-0.0003975589576810756
-0.006800169010458543
0.0004892038502129275
0.23691257030721488
-0.0014991054686412186
-0.0012236296589808004
0.0005902628043842968
-0.0004043501024350312
-0.19959946332371586
0.0005665890024295407
0.0002889157222789268
0.20343217731535534
0.004845724856675587
0.01079539850047644
-0.006795296228713911
0.0005585706233895804
-0.17500886960940143
-0.001773085196364617
0.235130037976754
-0.0011071685206982401
0.0004964732234432891
0.0002936055525701618
-0.0017195223540849417
-0.19859964915175737
0.04116281352907991
0.0008140607763525657
-0.00020050800787612874
-0.003908590280980842
0.0003804012388198398
0.03746767729515209
0.0001435333759216663
0.00230850556589439
-0.000185799740135049
0.04218666697785735
-0.00018985121621608713
-5.2228693217338704e-05
0.03793645006243551
0.000609334265920351
0.042074706759193614
1.0495139207757678
0.02624823878220216
0.001532759842178424
-0.0004672027983136052
-0.00035992109706509844
-0.0011492197849897478
0.00037026304431552945
0.0002655407255614682
0.0005264809708652621
0.0004640928863961114
0.0007470494479159818
0.0053842190950509315
-0.0008141218250085989
0.0002583862347003546
-0.0001315614561992067
-0.00028098381281588356
-0.0016380662624151685
0.00045261335889662914
0.012650521743688515
-0.0022813350507713765
0.0007015844289525907
0.0005465657006565317
0.0008141280794219886
-0.00027401222873879783
-0.00016298161609499542
-0.0011463707400494246
-0.0005834224141242346
-0.0008422146040549314
-0.0071788533358317745
0.0010734616348214267
0.0001632108879180871
0.0002130208101122572
0.00032418559477821225
0.0022378346820356217
-0.0004910835092039219
0.5560909856434693
7.576381460285025e-05
-5.29182825592634e-06
0.1009789286545755
-3.78987147256356e-05
-2.1555693503338427e-07
-0.007195336335520534
0.001019616361361203
0.0005742467454358654
0.0008001507686675319
-6.70443395038481e-05
0.003322050556146473
-0.00042063466331237196
-0.00029765132322247267
-0.0003228925518026066
2.3538192561417655e-05
0.5560779856866379
9.880475140107569e-05
-3.9373838003505676e-05
0.10111446224748978
-6.606502005184281e-05
-0.00011658796715124955
0.0005779895023115419
0.00010070242047016974
-0.0001567126062480633
0.0012688467330595806
0.00016403587919159887
-7.433466161012976e-05
-4.0478149997120926e-05
3.0259159865144705e-05
-0.0006135617884820516
0.5556521136810145
-3.2656239325287897e-07
-6.482719886501385e-05
0.10202153546846998
-0.0005555180180919618
-6.311536986631659e-05
0.0006068052414901702
-1.742005518448144e-05
0.0017234380766237003
0.00027187960830485423
1.8008066932174085e-05
-4.369647683553894e-05
6.307460698228162e-05
-0.000850274569310157
0.0057625443173236115
-8.790952253011288e-08
-3.6156439093726908e-06
0.003243479846547228
-0.0005044108731902094
-0.0001892983733855303
-0.000495861661195609
5.740877246323318e-05
-0.001518103441653979
0.00020450983913613025
8.631520210877784e-05
0.000199746957738506
-2.1312451152066845e-05
0.005771149310995107
3.010786776657424e-05
-0.00011073865425586003
-0.0006559561595902974
-6.205997421342573e-05
0.00012133823533936171
-0.0005223084212198114
-1.8361636178137131e-06
0.0002871697148184309
2.3800747738267607e-05
-5.113874671332618e-05
0.00024664478201349174
0.005618509646675362
0.00022129166375548578
4.0156695618572326e-05
-0.0007726727165546692
-0.00011943626462413429
-0.0007491022902715212
-0.00010208058991998002
-1.2981771528608118e-05
0.000304085724707445
4.6348279621072225e-05
0.00036670593487802774
0.11636377980663068
0.002006473092503804
0.007993929234319155
0.04441975637811689
-0.00618281799167936
-0.1042937440130205
-0.0006595864056763215
-0.003064402712263037
-0.01655807163948191
0.0025378665117473586
0.26530810759845797
-0.034022313953408934
0.0015175048823569165
-0.005482365568561423
-0.0006150797170578614
-0.2132341420821245
0.012843077677391358
-0.0005537043408023971
0.002077160327960348
0.1710979985017621
-0.0006093383579666954
-0.003918390060555376
-0.003075896205373266
0.012827889567388177
-0.14216110173940108
0.0002253554011246681
0.0015400919488623628
0.2699341228323566
-0.005231213160272135
-0.016188524557566975
-0.0005534470523241787
0.00021610018638801306
-0.2174374723289815
0.0019055534817704273
0.10064702580717826
0.0025380636460024314
0.0020776784879087537
0.0015283258330400723
0.0019163009178879173
-0.09099584407546615
0.023501446117524152
0.00021942945746487196
0.0011614775017674737
0.005893000676191858
-0.0010471939925893704
0.04298519848883022
-0.004832161187732791
0.00020009376725449224
-0.0007771080031092213
0.029577359026380153
-7.758074506655192e-05
-0.000596960508150293
0.04390884711470583
-0.0006831923531883828
0.020661536167163153
0.8299253378282208
-0.035576222546223106
0.00015332780203394856
-3.2540690674164755e-05
3.4853077853842825e-05
0.000552008133176306
-0.00011161708102881673
3.913008633475986e-05
-0.0032511319565894058
0.0002715737523217878
-0.00017830584187521995
0.0024119061311997335
0.0008659270307664721
0.0009515322271836066
-2.6219575340778004e-05
4.901165794007801e-05
-0.00035351260580089453
-0.00024026646076423871
0.010711424985537617
0.00061226951095602
5.945605221508963e-05
4.263130724818003e-06
-5.441924712271154e-05
0.00022226929726545561
1.3640112310859212e-05
0.007710765563505697
-0.0005981822087185926
0.0003698733721432623
-0.0052298739889001765
-0.002018911856531622
-0.0024483365136757813
0.00018023387071765064
-0.00011832316691594393
0.0015144445798545149
0.0006170561446489733
0.3594078052397771
-1.7742981276950308e-05
-3.2118180897648633e-07
0.15058669491734444
-1.2658883147123921e-05
3.531817859645658e-06
0.002112352073321575
3.20803006065577e-05
-1.7305005114061936e-05
-0.00011564339145729393
-3.6562150498387786e-05
-0.0010893706968189735
-1.8910660456299212e-05
-2.0645828233706136e-05
4.81872439728724e-05
1.2910993222121048e-05
0.3591957157560359
-3.405082446562911e-05
-1.3360221976642238e-05
0.1504565388792946
5.02337922264245e-06
-2.3091098339613735e-05
-0.00014473798978162692
-2.0654527286741053e-05
6.744751268369965e-05
-0.00014361491847800377
1.9106796909401793e-05
-6.783834971375276e-05
8.11738306925001e-06
-4.126068407311131e-05
4.724527846880918e-05
0.3592682163698805
2.6562651679545767e-06
3.347603811511721e-06
0.1504486201026225
2.8080352716709012e-05
-1.5568048461869585e-05
0.00018592124408224579
0.00011170463090894946
7.179546964869423e-05
-7.174423338020261e-06
6.519782567006686e-06
-0.00020038501131731023
-8.800838526843664e-06
-3.6120826505256e-05
0.01723832790695616
5.294642801843008e-05
8.808260770889265e-06
0.006089746356298766
0.00010429992792447955
-2.047373396669893e-05
-0.0003648532255627477
-0.00015296355998075336
-0.0018809633741377777
-5.1960900172270475e-05
-1.2011943713814306e-05
9.259638518999776e-05
4.564228958057059e-05
0.018271442547248624
0.00023407731601081584
-0.00014717052834261997
-0.0011621721180003534
-8.350865028071265e-05
0.0002746392231460044
-0.0008461617816811765
8.008994313177267e-05
0.00020691080216524095
2.6198340015943192e-05
-0.00012896656074815123
0.0003337564490872866
0.017612825204343017
0.0001606440671097991
-6.459448579566154e-05
3.385515468017791e-05
0.00038769432691639755
0.0004738519301460031
-7.200696550834224e-05
2.054466126070729e-05
-0.00015202987071102672
-9.058897301100335e-05
-0.00021057829865370631
0.2353801964372022
0.0005541082973056555
0.0004482841637539915
0.0011858248808423524
0.0008370771084100222
-0.19804900266235165
-0.00016267518805898915
-0.00017915520842075222
-0.0007902141986132169
-0.00034999478975436326
0.23645745803773507
0.00036798124956048716
-0.00042306262661467457
0.0007097678305041429
-0.0001481629324989947
-0.2000700024189976
-9.425990169235783e-05
0.00016318898403692295
-0.0002518772915894687
0.23690147682542206
0.00011144890833257987
-0.0008530260330877792
-0.0001725201931677927
-9.237734853034696e-05
-0.2005543202237151
-4.8698652408554576e-05
0.00034194695207758884
0.2360157885905707
0.00028072362018672985
-0.0007625648503035993
0.00016371535631387946
-4.669104368886679e-05
-0.199792840268885
-0.00012402156017663363
0.2311359136383349
-0.00035087788242263305
-0.0002571219047628954
0.00034995111759471753
-0.00012220356747579062
-0.19376038277761953
0.041854129903739226
3.7545969887305445e-05
6.374722067402163e-05
0.00034891728844254634
0.00012685124960032157
0.042405394470947114
2.0671687212193285e-05
-6.294024500375088e-05
8.595451784596382e-05
0.04250612815214845
1.8023820963500584e-05
-0.0001343811804824693
0.04236915754394853
5.494390585365267e-05
0.040940634180835156
1.0496227110099863
0.02601574858061631
-0.002540459769598612
0.0003703779088094925
-0.00012345340598534158
0.0018857124286824696
-0.0002464770126336233
8.155470761848743e-05
0.001497127672915165
0.0022525337541376483
-0.00021485716540616237
0.0045957148161959935
0.000654360862715816
-0.0004010107959977782
-0.0007920375216117208
6.798468488313075e-05
-0.0010638432505072036
-0.00043566947286940354
0.01324911478420783
0.003806598473253639
-0.0004894899894541315
0.0001787469532063416
-0.0011769354393789443
0.00020301868676484488
-5.004342915204905e-05
-0.00018492353465976582
-0.0025242566627563584
0.00013510572972462684
-0.006154556056737727
-0.0013661344084636552
-0.0001445692228399771
0.0009386956492368812
-7.98455247765096e-05
0.0018037594108967314
0.0005820348744625765
0.555306637790313
5.517420390610491e-05
-2.2645168282153828e-05
0.10265207789869034
-4.827158854464368e-05
1.1714968020259068e-05
0.01711852847747017
-0.0009039107166295356
9.336186836223217e-05
-0.0027839161306517568
0.0003958492244944107
-0.0083762099965407
0.00036707024563123144
-0.00010185065341917392
0.0011390496059927127
-0.00016705523311799015
0.556298188111538
-9.745413664256517e-05
-5.1077310296082536e-05
0.10111716632274759
3.785755897106143e-05
-0.0009312036757834318
-0.0021278266469628164
0.0020835466387394822
0.0005085951432221567
-7.870905278562322e-06
0.0003252421452021898
0.0009932688750575159
-0.0008208234542741966
-0.0001864447953776541
-7.65255428571976e-06
0.5557883771520182
1.178772753635162e-05
3.6010647561024926e-05
0.10198757779219637
0.00041897518147653983
0.0009001448423687888
-0.0007675604116243418
-0.00018037058040391892
-0.0009311042052112602
-0.00018520300967562466
-0.0003761561491279588
0.00026756304384227265
9.755550711649834e-05
0.00045791913033964917
0.005628783272826317
8.817888251784738e-06
2.6716081584346e-07
-0.006781830475137231
0.0004290430969386905
0.00011515660674523163
0.001523953655994616
-0.00013107609401611108
0.003385682001324846
-0.0001776907646569191
-1.747253642410234e-05
-0.0006091329326974694
6.276991232137511e-05
0.005875233065377142
-2.197410842750845e-05
0.0005830866745913205
0.0008643221846961839
-0.0011281002952217613
-0.0002961543914909271
5.427749881935825e-05
-0.00021905651372920856
-0.0005430521585222327
0.00044748312857617215
0.00011931253557246063
-2.616287183708487e-05
0.005724712640253885
-0.00022600274353362215
-0.0004341318832098136
0.000558659837453122
2.7750842299808132e-05
0.0003731066592152308
0.00010381358377437565
0.00018687664742713688
-0.00033455165655295
-2.0332322508694705e-05
-0.00018847877584342177
0.12011638952368256
-0.0009369485706766131
0.0057147510353591545
0.04004499457791986
0.008800203607741964
-0.10701727557235269
0.0005633234127718428
-0.0022510304858701603
-0.0148943366442065
-0.0034507393423772194
0.22061730297884172
0.05899948397791953
0.0032848907093139387
0.005508272389666885
0.000578917161633816
-0.18069070962261988
-0.02205753339974169
-0.0012263909294041862
-0.0021855976467999574
0.21340260274157716
-0.004241931854728649
-0.015420841171809148
-0.0022919427800159554
-0.021952435658001673
-0.17517303576122364
0.0015745197467410097
0.00590793495067891
0.2675361774047271
0.016550454453194426
-0.015021301269842698
-0.0012178681779750308
0.001587480263700957
-0.21593505173188243
-0.006089631583030463
0.10694765668628867
-0.0034682280425866723
-0.002105515302548222
0.0058425333847035785
-0.00613816818885728
-0.0966804300899479
0.023997986630607232
-0.00030879788570971735
0.0009211589463983717
0.005465259085729284
0.0013486962692576094
0.03714925684780866
0.008187938083360047
0.00045061667655762235
0.0008304532462654795
0.036061684440832006
-0.000592136468709904
-0.0022208643816368353
0.04370748055364733
0.002222406179415266
0.021957316889683567
1.0536824671187366
0.016856305684300108
-0.002008454037775025
-0.00027000345650170514
-0.0006287907170401721
0.0014847706116471215
0.0002672733985245883
0.0005398611595946168
-0.0010904660920629176
0.0016445744891968263
0.0029566406033171132
-0.001837113981176837
-0.0016903944893248788
0.000842987292928683
-0.0007929724326265792
-0.0015064348479322809
0.0009196924728908675
0.0007753109363680043
0.016308733877414692
0.002626720100002442
0.00039639697815390556
0.0009061108427614682
-0.0014201067680705292
-0.0002535804874510952
-0.0004907621054604553
0.0025884493726792126
-0.0017630947430403716
-0.002669357258273397
0.0018450968418882367
0.0015592032158894729
-0.0015071498821311972
0.0008475219960764422
0.0014909528767899716
-0.001003378890729963
-0.0008265774506765558
0.5557726810743046
-8.103533130138056e-05
-0.00015604254549437722
0.09993949082553193
7.001441635791335e-05
0.0001915136053762201
0.019629931870441132
0.0005564937580995902
9.704654251184868e-05
-0.0016882770996096042
-0.0007268830416394829
-0.00912644270602547
-0.0002957469827391243
-8.442006875499463e-05
0.0006443029342082573
0.000312423896665594
0.5564437395909403
6.763456306267343e-05
7.452124951837885e-05
0.09885961671074073
-8.494345002063477e-05
-0.0003024345454840167
-0.007555806282264413
-0.0011532486289151502
0.001263144068134378
0.0034107828623282785
0.00013899439928006905
0.0036086595865596344
0.0004810624540496025
-0.0004804657676913095
-0.001579865081820417
0.556345588103524
0.0001951426803843665
-8.534939020911709e-05
0.09892866061776343
-0.002130248146437646
-0.0008610832329413679
-0.0071193934030618754
0.0006230521667245029
0.0009597466549446944
0.0009666581807317624
0.00036823959659141345
0.003338713096165509
-0.0002538570395335452
-0.0004766619132560742
0.005963848961758129
-4.433856954851449e-05
-0.00011449658552214461
-0.008946973130673675
-0.00037668700741934883
-0.00020302632018786697
0.0010274577153626175
0.0003887960219260439
0.004716897310448005
0.0001911244875185103
6.651982365642471e-05
-0.00039520559251061645
-0.00019485846518402721
0.006100727091254527
7.213063285089832e-05
0.00030225446327056753
0.003149461402834252
0.0006037622500574891
-0.0008096588456056939
-0.0019270097118889839
-0.0001469341963862141
-0.0016286961061513531
-0.0002816750511140467
0.0003219817593456498
0.0009761194276595255
0.006037182807945814
0.0011696541362774052
0.000423831740326128
0.0030926184740970785
-0.0002217469061893516
-0.0006790397210481966
-0.0005892755097748914
-0.0002114957443621392
-0.0015337488288808205
0.00011820205140256599
0.00034104015886765745
0.12939216325546482
0.004474358232996399
0.00010651734438032654
0.012696351759727439
0.00014281643230328598
-0.11779978221702232
-0.0017622795468506824
0.00023433787330111476
-0.004330587453785159
0.0001702128366393415
0.13862819181294478
0.001187937762041581
0.012533132795085403
-0.005954525655953701
-0.001755776745198379
-0.11989472428068357
-0.0007692333534485225
-0.004537490942824556
0.0030287002886278183
0.12147350916691957
-0.0038431605380267655
-0.004842008581023211
0.00024307246479831016
-0.0007664734989692376
-0.10651972303983874
0.0014611200922136115
0.0022083342483408324
0.25798501585860784
0.003261166080477577
-0.0042990754347348925
-0.004542978516066842
0.0014546181357235424
-0.20726820112182198
-0.0012093537979844834
0.1199856298727762
0.00017295567181299494
0.0030003558331570916
0.0021885997205710103
-0.0012020718816115124
-0.11029114560298305
0.027027882582915004
0.0006988223260185292
-0.00024813471377503843
0.0013630018373707426
-0.00019085991054155184
0.02604277563214815
0.00045412064583221694
0.001631426182767915
-0.0015494075497213575
0.023416420507879995
-0.0005444373452196045
-0.0010235753185061766
0.04184419273271657
0.00043910505609828494
0.025519925131796534
1.0401414095244674
-0.0397429948941487
0.0005619768835868986
-0.0005256215863188066
0.0005452052566608511
0.0004433843268591085
-0.0003325547825767989
0.0004095717746095327
-0.005778999102038567
-0.0017257493474548565
0.0011743790512268456
-0.003229278375591184
-0.0013007175759306628
0.0017329033091629791
0.0006275216079460607
-0.0003529476995942801
0.0017627280239238346
0.0003996155653143473
0.007704621249840395
0.0004862376437664642
-0.0003824871739745757
0.0004587398046883881
0.00022413921486835866
-0.00020298258102506534
0.00019207526367782474
-0.004280178519756135
-0.0010454765938543973
0.0009018283375543644
-0.0015348683846969984
-0.0009532082556856393
0.0013737753583290884
0.0003843083125414512
-0.0002901037191948712
0.0009182514187653001
0.00030915658071920004
0.49146020385849637
0.00012945310035295822
7.540589382405329e-05
-0.21707170307983428
0.00013984582700066726
6.276547474999593e-05
-0.001583903623016813
0.001109020298103325
0.0002155294483212748
-0.0006856352918418814
-0.00018856299659249763
0.0004393939003642967
-0.0004997052372493404
-4.6796944306770566e-05
0.00021176967133422375
7.361233449735053e-05
0.4921053677910934
-4.1592555943474664e-05
0.00013876506106317023
-0.2159757584073113
-3.545887592486809e-05
0.0004067146247125808
-0.002450990916737965
0.00010838697206210234
0.0003599542559219946
-2.341709843657894e-05
-0.00014809443734694965
0.0009864770323895202
-2.6170303726338305e-05
-8.448287123509468e-05
1.3797358290514164e-05
0.49143813129435693
6.2216097699253e-05
-3.513158920526282e-05
-0.21729082581275727
0.0010810107991426267
-0.0001806537780805209
0.0011528804203787147
0.0018287725080575027
-0.0013192214793394707
-0.0004593894629591781
7.268927179492152e-05
-0.00016993128300713575
-0.0008029015946527068
0.00028472739951635617
0.025928979295082998
5.602818861357229e-05
1.5850236184829594e-05
-0.0012165955706864185
0.0005558029599677951
0.0002057092991377012
-0.0005350408887491448
-0.00010633488388474036
0.00037820458816835987
-0.0002989523923927097
-8.701004619480315e-05
0.00020948695047195705
4.069612205907345e-05
0.02615497428479765
-1.1248049307076537e-05
0.0002573877966478154
-0.00144365079563191
8.906171958115411e-05
0.0003380888012798874
5.823195657836836e-06
-9.289518897186925e-05
0.0005874184807226011
-2.4947298432983248e-05
-0.00016537112630319464
-2.0037753486254935e-05
0.025872629346052643
0.0005801156988973785
-0.00010436198930711556
0.0011992675301641775
0.0009573187370088261
-0.0011827435468944145
-0.0002466458534556217
4.160082092818293e-05
-0.00035377009636308683
-0.0004128051141370462
0.0003412858489659892
0.2418319677909137
0.008943889171621137
0.005569823518043217
-0.06979089178938733
-0.0036187519104736664
-0.191550234588249
-0.0030809815567688654
-0.0018802032238269032
0.02435255115165748
0.0012308949082555024
0.15904080341760707
0.00027688361095122034
-0.0006715325904997631
0.0011012167728060868
-0.0030885482024065607
-0.13480530998366003
-0.00010621447823200269
8.585656410975759e-05
-0.00036884509618896047
0.2508996774806278
0.006873833126874008
-0.004702325982425974
-0.0018881010042753632
-0.00012795439766142042
-0.19801873960027705
-0.002407950076842677
0.0015683291365877934
0.17328330463227465
-0.009255719634398158
0.024489048982521286
8.936400010968355e-05
-0.00240008809750636
-0.14401030547602997
0.0031658236594012505
0.24395517180812554
0.001247741682783878
-0.00036361566497943997
0.0015728561652890265
0.003181928423791861
-0.1933301052003238
0.038099931970390646
0.0010501085750550484
0.0006280779835649215
-0.008323056307407196
-0.00041894799914866704
0.02873784297761505
4.996055984287485e-05
3.974556632462246e-05
0.00012053849249733083
0.03919237711590619
0.0008219777403538546
-0.0005290905331062151
0.030112802534777522
-0.001075195714338774
0.03842445358962528
1.0528642619200643
0.018389008552629916
0.0027990858343523543
-0.0005605638096722829
-0.0006322514667846269
-0.0022844396667409776
0.0003735499112360358
0.00044996615366072834
-0.0006303344649567277
-0.0002905670047842468
-0.003382195479660367
-0.008083347622574647
-0.00016573885467248008
-0.00018743192788040733
0.0002816109985661984
0.0012046097165474786
0.0037846769148542976
4.3133794381834654e-05
0.015202727158804274
-0.004134510686346618
0.0007460176996023369
0.00087051725239746
0.0018916029442072803
-0.0003074725104120666
-0.0003799076319610727
0.0014263625656465691
8.693940775562625e-05
0.003539855552636067
0.00806209505654392
0.0001353161560024152
-0.00013470428806925256
-0.00012453784124031846
-0.0013918430512601214
-0.004156917150748203
-2.9531702935579762e-05
0.5557805477880786
0.0003413353782022843
-0.00015990833491371753
0.09955423658729531
-0.00026778344611523965
6.340967210183612e-05
0.0003634278902044554
0.0028627393019475646
-0.0020542001585440394
-0.008301174267705023
0.0002554597707194741
4.3688684284194445e-05
-0.001336290621244538
0.0007801040262513025
0.003602086529974533
-0.00013068895366508303
0.5562179239692575
-2.486944673215677e-06
-0.00026777768760514336
0.09872876995157286
-5.460797064606891e-06
0.0020828088716603
-0.016990525827718466
-6.317832735986797e-05
-0.0009809085733857308
-0.0011805926466473184
-0.0009093555689424034
0.007597527225232615
-1.9169952796766163e-05
0.00042726295629806193
0.0004847569569148592
0.5560242033037484
6.405252133788214e-05
-6.593336106745818e-06
0.09925838157763334
-0.0011884896782375321
0.0005911662488009854
0.0006775921275897227
-0.0035223370976768488
0.0007426020419398606
0.0005836992470257239
-0.0002594623492194171
8.470358078853565e-05
0.0015584673994389919
-0.0004399496969532075
0.005779123924460053
0.00011187613990377103
-1.8597636646614074e-05
-0.0001156373798961655
-0.001301459152816635
0.0012126541578015252
0.004308148919668953
-9.795835284000075e-05
2.1460448643683823e-05
0.0006418206613680462
-0.0004928441007976971
-0.0020784401716192427
5.901954156149282e-05
0.006042659812922218
-2.332599516840511e-06
-0.0009949121921479236
0.008827901619281642
0.00010824396655278132
0.0004387957424187314
0.0007172340490674672
0.0004637829403294587
-0.0042369699225306
-1.2722313715535115e-05
-0.0001904684249175429
-0.00033614013265072826
0.005773986743156764
0.0004281441466376792
-0.00031502636714914766
-0.0008093002927664126
0.0016977474763344997
-0.00011021980593227426
-0.00025202735742367024
0.00014286261124141117
0.0002437844457177691
-0.0008027207282712034
0.00010006683477088444
0.16856809922063343
0.0013933305527868223
0.040076258038652016
-0.04256749996015874
-0.0012467221100007156
-0.14101384196127764
-0.00034693059003594964
-0.01502954545733053
0.015041810205569354
0.0004954760962941071
0.12420483210827225
0.005444760976840494
-0.0022570956119094187
-0.0059423072442879536
-0.0003573786334739973
-0.11345498082403617
-0.0018810451031646995
0.0006745829758796663
0.0019591872746067733
0.19206176607305708
-0.018460273556228726
-0.021501325752233288
-0.015010863192855134
-0.0018764798565232613
-0.15786763293450906
0.006796100590689182
0.008129147330326908
0.1354231750490999
0.001661794958255812
0.015078373915725238
0.0006694342640082862
0.006762042876983217
-0.12028072747716094
-0.00030774564558760237
0.16534940578527185
0.0004955110298733459
0.0018986619759785257
0.0081470991200507
-0.00031170157337802193
-0.1386669639537118
0.029641430754586036
4.634084829301001e-05
0.0056356223552809104
-0.005076876475560163
-0.0002087875885551879
0.026084755834294406
0.0006124542137476124
-0.00015061387850256124
-0.0005531703406637676
0.03253073164188473
-0.002452299082809974
-0.0030746671348762986
0.02690230015558203
-3.816851018233261e-05
0.02914707669138385
0.8304933292855703
-0.03816299417970139
-3.284130450904956e-05
3.5672462591633056e-05
-2.4198990538941192e-05
-0.0002489545138908326
-4.407123754406343e-05
-9.066885500758996e-05
-0.0006854517776435035
0.0012685451088954754
0.00035259947180359857
0.0010014574370600484
0.00039079147867722983
3.327794349228544e-05
-0.000511396905180989
-5.849302260662064e-05
3.3636315453364854e-05
-9.63765667843474e-05
0.012130772348548322
7.328057688288131e-05
0.00011954987064177129
3.319108199845779e-05
0.0005273340938102932
0.00028978154926149254
0.00016612043449790403
0.0009042077064554393
-0.0021358604175083715
-0.0007262945986428351
-0.00338502326287996
-0.0008033032715917402
-0.00024659322213995024
0.0009211234838769814
0.00021874863497690328
0.00045709025534002793
0.0002578641969326489
0.3589062588662197
2.042402708502302e-05
-7.514889145837455e-06
0.1501496932093161
-6.074913397798649e-05
1.677472374036934e-06
0.00013171002212515907
7.123810760668556e-05
-3.50998310692294e-05
0.0001521332754572968
2.0504638366185364e-05
-6.324360594835843e-05
-0.00011112010046264743
1.1244554184269849e-05
-7.615103307103291e-05
-7.788498494563518e-06
0.3589397786461094
-4.248316666205389e-06
-6.33938236112787e-05
0.150475725683963
1.2691298814386658e-06
4.174979581045705e-05
0.0002729654833439671
3.330183636988432e-05
0.00023444075489529518
4.945480846673958e-06
1.1975731738390075e-05
-0.000164302159131859
-1.2140299917238526e-05
-0.00016138869168613927
-5.144538997180458e-06
0.35899710031049115
2.5324582155786146e-06
1.8907999519677814e-06
0.15007519996761298
-7.73398178101685e-05
3.7644911232990164e-06
-0.0004242716904210625
-0.00012223225324834155
-0.0003903420410018892
3.2083264920657186e-05
-2.007619182741781e-06
0.00012962610664269612
4.902617347083367e-05
8.632357947310179e-05
0.018707251219465336
-0.0004585776693252046
8.618158723485111e-05
0.0007076333832554948
0.000459353167627938
-0.00015797360070554802
0.0005851752702586859
5.9899646318040954e-05
-0.0002433460912133204
-0.000273689735250235
3.724698987984121e-05
-0.00020927766490637118
-1.346135764269834e-05
0.01955467145358366
5.2064679955407715e-05
0.0003059233102729043
0.0017720397842395388
0.0001258286547745072
0.0007154694570493447
4.008085529208113e-05
-8.320816875772902e-05
-0.0007604441010201139
-3.6396117670718935e-05
-0.0002729587520476853
-3.3460993669039054e-05
0.018064101203719735
-0.00037699356291202705
-4.230950082236591e-05
-0.0015830741335446851
-0.0006039823824801581
-0.0016930954903551687
0.00013993927187047243
2.0457126368349576e-05
0.00043702449107576723
0.00022375186450864317
0.00046790204634098413
0.23258979951122527
-0.00213920386593325
0.0017041093540768335
-0.017530202261063978
0.000824348769011915
-0.19639386085205662
0.000760470313970838
-0.000628826825901213
0.00696146744270196
-0.00033074469349615894
0.17589150438215895
-0.00014452919082690128
0.010182129712233444
-0.00041681457910846084
0.0007975469094967788
-0.15527782277609153
4.765521349688203e-05
-0.0034921361796127876
0.00012287472053160444
0.23353519268724346
0.003206593848255117
0.004347683204985102
-0.0006188744234525028
6.088138126094513e-05
-0.19741192644870595
-0.0011805244317069884
-0.0014894982913377572
0.21304086454776544
0.003120410081124701
0.00692714595731487
-0.0034886692516692456
-0.0012075478676473951
-0.18168345587461976
-0.0011595634760891782
0.23088570406317116
-0.0003180859089512992
0.00014152053842886168
-0.0014993815173092173
-0.001138704178997502
-0.19567682659782237
0.04161709399522838
-0.0002907138641303967
0.00022197724214050398
-0.0026375305468160654
0.00012137071280223253
0.03450259440200161
-1.9002292329058962e-05
0.0011342550809062407
-3.8477001591043504e-05
0.04182335862616507
0.00043211290110953775
0.0005089013567185316
0.03902079106625317
0.0004128827114873534
0.04157582196034357
1.0386127449449027
-0.04209147094147646
-0.0004928446106949314
0.00035614648126846584
-0.00023877647120988698
-0.0004492614086129394
0.00023875410099733366
-0.00021854854726296785
-0.004607108486723473
-0.00021240059568385447
-0.0010220481761584062
-0.0004608511220753808
-0.000378561142918155
0.0011793282353651537
9.636360893353313e-05
0.0002597839501332018
0.00019752555932447068
7.74246037178696e-05
0.007263037450131708
-0.00047375652239763343
0.0002945621280546945
-0.00022463490957945335
-0.00019589253889371982
9.685132942836654e-05
-9.418528768346858e-05
-0.003808181359253161
-0.000149447208528037
-0.0008487384811156225
-0.0006704806527089524
-0.00032050560115459383
0.0011008561685682833
6.190339860724547e-05
0.00025151749208157886
0.00025189642982590907
8.549002891772189e-05
0.4911057044095961
4.423686587930037e-05
-8.504510538022824e-05
-0.21830403869944282
3.079752847548589e-05
-8.001036327996229e-05
0.00020716420438130861
-0.000630139951007325
0.00012777751422458528
0.0010439633515865138
0.00023390024189528187
-0.0002539726321486752
0.000307959354570647
-6.884315087016252e-05
-0.0005812489661364243
-6.407642972571865e-05
0.4913574688143839
-2.818147224710225e-05
3.0708542155345545e-05
-0.21785880436484176
-2.986290930071929e-05
-0.00011270193604764034
0.0016997990168650284
7.7394912406263e-05
0.0002707944246051752
-0.0001142451226489963
-3.2713593644098116e-06
-0.0008422760072208627
-1.1949886191191854e-05
-0.00016887136289491037
2.6177516505762738e-05
0.4915516473754239
-8.008809711664778e-05
-3.0090406776422243e-05
-0.2174838352525757
-0.0006474857872440275
-0.00010041121434057365
0.0012852137905792881
-0.0012891982786752561
0.0011355654416296097
0.0002640063413362104
4.9841955465712896e-05
-0.00024263736175430905
0.0005315132049397956
-0.00016802982327024358
0.02588311962719219
1.6778882364366564e-05
-1.3692987861299429e-05
-0.0001863037866646126
-0.000229704323490405
4.117888004348524e-05
0.00030449716769177587
0.00018851092711082032
1.6550726099981203e-05
0.00012156422408092439
-9.143590686751314e-06
-0.00018321853224291946
-6.221044642413174e-05
0.02595844243262186
-8.525693073807481e-06
-0.00014965815289626642
0.0006832425682953787
8.203385186969709e-05
3.575777110081488e-05
-9.094511197768706e-05
4.0597074186433246e-05
-0.0003091604511701587
-2.6507133289286443e-05
-2.155041132718068e-05
4.054388447032227e-05
0.026004730359654147
-0.00038264456627128487
-3.816711245794814e-05
0.0012106029355168756
-0.0007472412088254095
0.0011924053259431673
0.00014927115490176438
1.5648597008460202e-05
-0.00033124560370423046
0.00029483381068837113
-0.00035485077733247517
0.24347550825377887
-0.006859170831483187
-0.002700647874225768
-0.067265095692398
-0.004349806160833962
-0.19351727852737832
0.002392333343370995
0.0008933912074135865
0.023624650243931563
0.001470890446158271
0.16149416993536775
-0.0016845994677513049
0.0033809684148747203
0.0008041772482318198
0.0023932386636025126
-0.13551435324506483
0.0005979131588248652
-0.001167366551296362
-0.0002883265653581219
0.2582514756704306
-0.0046354233481969934
-0.0007094898891576744
0.0009030822924298448
0.0005813677759699089
-0.20344837577172148
0.0016344339498328814
0.00030848350674060295
0.19062320482107714
-0.007777640292088746
0.0237259928048282
-0.0011691024790315826
0.0016225321299608156
-0.1561710720653151
0.0026417859288921774
0.2559470812601518
0.001483411506770968
-0.00029453307141363887
0.0003111806966959922
0.00265791485986004
-0.20210527674002882
0.03858890485352555
-0.0008196097023193459
-0.0002856103138217957
-0.008102046143131404
-0.0004927594692490721
0.0285694296852717
-0.00020361752536967166
0.0003909415882988982
0.00010544740999624114
0.040203649159843514
-0.0005451366949474298
-0.0001182065393903728
0.03222540992769098
-0.0008864611934848733
0.04003109402111473
1.0832583798375004
-0.26670658372099304
0.05961484751510623
0.0009451794152309727
-0.004087605410282035
-0.0739865846176902
-0.0017504855830942395
0.0035417924274592436
0.043727596062001814
-0.05483569749523595
-0.002458099640053389
-0.000677212325239533
0.04321041746242388
0.0007351686022589615
-0.0009596856265513835
1.310478402027029
-0.002139412998387476
-0.007636020996272775
-1.2501910345689142
0.003071967612599389
-0.0026001084483359103
1.301391851534572
0.00030356968455770225
0.0030382208512968
-1.0935751893264043
-0.0015978305780228064
1.1079570423282694
-0.00324704974560108
-0.0016321966360863865
-0.6315673779801168
0.33103208005473095
-0.0016852541453273222
0.0018545363489233784
0.26433518842132436
0.0007471943529146537
0.1278393775039788
0.0
0.0
0.0
0.0
0.0
0.0
0.0
0.0
0.0
0.0
0.0
0.0
0.0
0.0
0.0
0.0
0.0
0.0
0.0
0.0
0.0
0.0
0.0
0.0
0.0
0.0
0.0
0.0
0.0
0.0
0.0
0.0
0.0
0.0
0.0
0.0
0.0
0.0
0.0
0.0
0.0
0.0
0.0
0.0
0.0
0.0
0.0
0.0
0.0
0.0
0.0
0.0
0.0
0.0
0.0
0.0
0.0
0.0
0.0
0.0
0.0
0.0
0.0
0.0
0.0
0.0
0.0
0.0
0.0
0.0
0.0
0.0
0.0
0.0
0.0
0.0
0.0
0.0
0.0
0.0
0.0
0.0
0.0
0.0
0.0
0.0
0.0
0.0
0.0
0.0
0.0
0.0
0.0
0.0
0.0
0.0
0.0
0.0
0.0
0.0
0.0
0.0
0.0
0.0
0.0
0.0
0.0
0.0
0.0
0.0
0.0
0.0
0.0
0.0
0.0
0.0
0.0
0.0
0.0
0.0
0.0
0.0
0.0
0.0
0.0
0.0
0.0
0.0
0.0
0.0
0.0
0.0
0.0
0.0
0.0
1.0761036058343947
-0.24732474565288237
0.037121849207273086
0.01945390345845862
0.0015350031403791615
-0.05782445398078665
-0.023554369455049642
0.0006076408678553072
0.03739768407946106
-0.06622600039222398
-0.01138999641258751
0.006082261469708581
0.04744586138928424
0.008061092445120578
-0.00048704616656433127
1.299241764547869
0.060124075628564706
0.02221319272373887
-1.154068081642032
-0.027110572196199896
-0.005823525581937272
1.249247928037084
-0.007038296622231958
-0.027748620270777475
-1.016527947752276
0.0006281588121308892
1.0436222567823288
-0.004301647126894108
-0.00019620733735919294
-0.5908116498596593
0.28704571873589046
0.013656720969067553
0.0015437208154140038
0.23745505965799177
8.092151349952748e-05
0.11504541809771754
0.0
0.0
0.0
0.0
0.0
0.0
0.0
0.0
0.0
0.0
0.0
0.0
0.0
0.0
0.0
0.0
0.0
0.0
0.0
0.0
0.0
0.0
0.0
0.0
0.0
0.0
0.0
0.0
0.0
0.0
0.0
0.0
0.0
0.0
0.0
0.0
0.0
0.0
0.0
0.0
0.0
0.0
0.0
0.0
0.0
0.0
0.0
0.0
0.0
0.0
0.0
0.0
0.0
0.0
0.0
0.0
0.0
0.0
0.0
0.0
0.0
0.0
0.0
0.0
0.0
0.0
0.0
0.0
0.0
0.0
0.0
0.0
0.0
0.0
0.0
0.0
0.0
0.0
0.0
0.0
0.0
0.0
0.0
0.0
0.0
0.0
0.0
0.0
0.0
0.0
0.0
0.0
0.0
0.0
0.0
0.0
0.0
0.0
0.0
0.0
0.0
0.0
0.0
0.0
0.0
0.0
0.0
0.0
0.0
0.0
0.0
0.0
0.0
0.0
0.0
0.0
0.0
0.0
0.0
0.0
0.0
0.0
0.0
0.0
0.0
0.0
0.0
0.0
0.0
0.0
0.0
0.0
0.0
0.0
0.0
1.0800498131818346
-0.2518673126061272
0.06753478749981565
0.0003693167344263962
-0.0019403810039194966
-0.0997315372555659
-0.00010888650661297617
0.003756361464902613
0.046746454195773224
-0.10056266621639998
0.0005474443641696772
0.00455012756316134
0.04932119834877491
0.00037199129768720877
-0.0015878252477203808
1.2697302610684693
-0.0005065495394500159
-0.023145784788466676
-1.1779114314746475
0.0014321866058828565
-0.0011903021952455984
1.283793992537475
-0.003427371942155726
0.0014416530196188532
-1.0680031147158517
0.0014968942898024745
1.0531736535639442
-0.0028050138320633205
0.001407257485040459
-0.6034500555711712
0.3142363823227632
-0.0014656208282111838
0.002463877497835924
0.25577360416725786
-0.0004459770421218728
0.12141293196357865
0.0
0.0
0.0
0.0
0.0
0.0
0.0
0.0
0.0
0.0
0.0
0.0
0.0
0.0
0.0
0.0
0.0
0.0
0.0
0.0
0.0
0.0
0.0
0.0
0.0
0.0
0.0
0.0
0.0
0.0
0.0
0.0
0.0
0.0
0.0
0.0
0.0
0.0
0.0
0.0
0.0
0.0
0.0
0.0
0.0
0.0
0.0
0.0
0.0
0.0
0.0
0.0
0.0
0.0
0.0
0.0
0.0
0.0
0.0
0.0
0.0
0.0
0.0
0.0
0.0
0.0
0.0
0.0
0.0
0.0
0.0
0.0
0.0
0.0
0.0
0.0
0.0
0.0
0.0
0.0
0.0
0.0
0.0
0.0
0.0
0.0
0.0
0.0
0.0
0.0
0.0
0.0
0.0
0.0
0.0
0.0
0.0
0.0
0.0
0.0
0.0
0.0
0.0
0.0
0.0
0.0
0.0
0.0
0.0
0.0
0.0
0.0
0.0
0.0
0.0
0.0
0.0
0.0
0.0
0.0
0.0
0.0
0.0
0.0
0.0
0.0
0.0
0.0
0.0
0.0
0.0
0.0
0.0
0.0
0.0
1.0803939316825852
-0.25974951666809976
0.017471802464924246
-0.020472478838227504
0.005007108265464506
-0.02874593137126804
0.02454029651288847
-0.0037355139053856837
0.03831111786219442
-0.03578166259375411
0.01221684438897158
0.0019225848909283831
0.033995305338974796
-0.008498833029716948
0.0005319470283695826
1.3405478031737648
-0.050028324912059496
-0.003591467205300037
-1.2271915885685685
0.023002121305548375
0.0006212782427673562
1.2640969567672369
0.003946157504364204
0.02323121581824846
-1.0422411048935252
-0.0003165455713012243
1.0619210654077538
0.000540237614499628
-9.665604148810737e-05
-0.6178706043025923
0.3119735682658774
-0.011467304926931304
-0.00018623567810549554
0.2469494935036423
-0.0003393346080143234
0.12356721659779249
0.0
0.0
0.0
0.0
0.0
0.0
0.0
0.0
0.0
0.0
0.0
0.0
0.0
0.0
0.0
0.0
0.0
0.0
0.0
0.0
0.0
0.0
0.0
0.0
0.0
0.0
0.0
0.0
0.0
0.0
0.0
0.0
0.0
0.0
0.0
0.0
0.0
0.0
0.0
0.0
0.0
0.0
0.0
0.0
0.0
0.0
0.0
0.0
0.0
0.0
0.0
0.0
0.0
0.0
0.0
0.0
0.0
0.0
0.0
0.0
0.0
0.0
0.0
0.0
0.0
0.0
0.0
0.0
0.0
0.0
0.0
0.0
0.0
0.0
0.0
0.0
0.0
0.0
0.0
0.0
0.0
0.0
0.0
0.0
0.0
0.0
0.0
0.0
0.0
0.0
0.0
0.0
0.0
0.0
0.0
0.0
0.0
0.0
0.0
0.0
0.0
0.0
0.0
0.0
0.0
0.0
0.0
0.0
0.0
0.0
0.0
0.0
0.0
0.0
0.0
0.0
0.0
0.0
0.0
0.0
0.0
0.0
0.0
0.0
0.0
0.0
0.0
0.0
0.0
0.0
0.0
0.0
0.0
0.0
0.0
1.0645899089314441
-0.19828981241659982
-0.1511542574004216
0.00012524867563695055
-0.007066821446407934
0.23712487960999515
8.587470453366602e-05
0.005255627930505428
0.033287197042577564
0.2611020086592485
0.0006618334029084131
-0.0035671837338892764
-0.13097086480872822
-0.0001139807267640751
8.219940196709141e-05
1.1508161551375629
-0.0013104374704954866
0.01689818384220939
-0.812409186829286
-0.00036314751088011477
0.0002835704798936238
1.1791834106738368
0.02021256241456324
-0.0003694306896100288
-0.9779441906014159
-0.0004725359585316236
0.7717676756698525
0.001594658141699771
0.00042634275629643663
-0.47991396312956575
0.18516852369802342
0.00021018663042828817
-0.0006821199254618712
0.22561558458904213
-0.0013073529087188548
0.09846421473668612
0.0
0.0
0.0
0.0
0.0
0.0
0.0
0.0
0.0
0.0
0.0
0.0
0.0
0.0
0.0
0.0
0.0
0.0
0.0
0.0
0.0
0.0
0.0
0.0
0.0
0.0
0.0
0.0
0.0
0.0
0.0
0.0
0.0
0.0
0.0
0.0
0.0
0.0
0.0
0.0
0.0
0.0
0.0
0.0
0.0
0.0
0.0
0.0
0.0
0.0
0.0
0.0
0.0
0.0
0.0
0.0
0.0
0.0
0.0
0.0
0.0
0.0
0.0
0.0
0.0
0.0
0.0
0.0
0.0
0.0
0.0
0.0
0.0
0.0
0.0
0.0
0.0
0.0
0.0
0.0
0.0
0.0
0.0
0.0
0.0
0.0
0.0
0.0
0.0
0.0
0.0
0.0
0.0
0.0
0.0
0.0
0.0
0.0
0.0
0.0
0.0
0.0
0.0
0.0
0.0
0.0
0.0
0.0
0.0
0.0
0.0
0.0
0.0
0.0
0.0
0.0
0.0
0.0
0.0
0.0
0.0
0.0
0.0
0.0
0.0
0.0
0.0
0.0
0.0
0.0
0.0
0.0
0.0
0.0
0.0
1.0569360047753
-0.17662477653601066
-0.1406583834569764
0.01711455562636948
0.00633855952134035
0.21775781147726853
-0.023849000666213066
-0.004776697832560234
0.030474048060560935
0.2521000482664945
-0.018404258104124493
0.002588678405906546
-0.12037631741421781
0.00961183206494929
8.773844561140531e-05
1.0497041415572963
-0.09589184464839737
-0.0072400668197739335
-0.7388647072316072
0.03187236891052236
-0.0011270285424773965
1.1267442595736983
-0.009693265591922295
0.03180415284218719
-0.8929357935766329
-0.0011731539327634092
0.861215947839775
-0.002742640735704146
-0.0022989736352125537
-0.4478943724767512
0.1641019832529786
-0.011971226502374834
0.0005537297083115832
0.19649838248304358
0.0013556073733047677
0.08146196208641551
0.0
0.0
0.0
0.0
0.0
0.0
0.0
0.0
0.0
0.0
0.0
0.0
0.0
0.0
0.0
0.0
0.0
0.0
0.0
0.0
0.0
0.0
0.0
0.0
0.0
0.0
0.0
0.0
0.0
0.0
0.0
0.0
0.0
0.0
0.0
0.0
0.0
0.0
0.0
0.0
0.0
0.0
0.0
0.0
0.0
0.0
0.0
0.0
0.0
0.0
0.0
0.0
0.0
0.0
0.0
0.0
0.0
0.0
0.0
0.0
0.0
0.0
0.0
0.0
0.0
0.0
0.0
0.0
0.0
0.0
0.0
0.0
0.0
0.0
0.0
0.0
0.0
0.0
0.0
0.0
0.0
0.0
0.0
0.0
0.0
0.0
0.0
0.0
0.0
0.0
0.0
0.0
0.0
0.0
0.0
0.0
0.0
0.0
0.0
0.0
0.0
0.0
0.0
0.0
0.0
0.0
0.0
0.0
0.0
0.0
0.0
0.0
0.0
0.0
0.0
0.0
0.0
0.0
0.0
0.0
0.0
0.0
0.0
0.0
0.0
0.0
0.0
0.0
0.0
0.0
0.0
0.0
0.0
0.0
0.0
1.0643780428431253
-0.19781188431067487
-0.15003449203655922
1.9794597013097278e-05
-0.00644424419207033
0.23690319777581076
-4.626642192682152e-05
0.005402694054760697
0.03296297640547082
0.26664463281779194
-0.00043433353699289965
-0.0009912361608348476
-0.13161627416699612
0.000125552703814719
-0.0004399816770248379
1.136924315223495
0.0026987668359936727
0.010100602322889203
-0.8158703845848191
0.00042328525316218384
0.0004216799766260741
1.1800311775123298
-0.0019166501623747495
0.00039037672172569543
-0.9797158534924266
-2.5265980287060262e-05
0.7849730317088415
0.0013653069552390248
-0.00012057656846082485
-0.4787666686443822
0.18638396012107172
-0.000344723754528081
-0.00027805010617719264
0.2253136935979831
0.00021899211339932378
0.09753807187090659
0.0
0.0
0.0
0.0
0.0
0.0
0.0
0.0
0.0
0.0
0.0
0.0
0.0
0.0
0.0
0.0
0.0
0.0
0.0
0.0
0.0
0.0
0.0
0.0
0.0
0.0
0.0
0.0
0.0
0.0
0.0
0.0
0.0
0.0
0.0
0.0
0.0
0.0
0.0
0.0
0.0
0.0
0.0
0.0
0.0
0.0
0.0
0.0
0.0
0.0
0.0
0.0
0.0
0.0
0.0
0.0
0.0
0.0
0.0
0.0
0.0
0.0
0.0
0.0
0.0
0.0
0.0
0.0
0.0
0.0
0.0
0.0
0.0
0.0
0.0
0.0
0.0
0.0
0.0
0.0
0.0
0.0
0.0
0.0
0.0
0.0
0.0
0.0
0.0
0.0
0.0
0.0
0.0
0.0
0.0
0.0
0.0
0.0
0.0
0.0
0.0
0.0
0.0
0.0
0.0
0.0
0.0
0.0
0.0
0.0
0.0
0.0
0.0
0.0
0.0
0.0
0.0
0.0
0.0
0.0
0.0
0.0
0.0
0.0
0.0
0.0
0.0
0.0
0.0
0.0
0.0
0.0
0.0
0.0
0.0
1.0567491313949287
-0.1756003665213955
-0.14068405855379934
-0.017827247483388823
0.005662527296562057
0.21764190194454647
0.02443227043168008
-0.004827647414586186
0.030322858717005376
0.24815705866471097
0.019424997722087327
0.00374178598013903
-0.11891572391394559
-0.010267343275454293
-0.00037011640258221223
1.0667114564554216
0.0880041502050044
-0.031874386601779124
-0.7335164812625149
-0.03478017406621163
-0.0009885544296756733
1.1311726180183026
0.012030412446495517
-0.033809787124256904
-0.8889449466006647
0.0011388532975954184
0.8688271211531042
-0.004504737985209303
0.0034176322689524153
-0.4480213528040784
0.16186862549829945
0.013897194442160594
0.0019514336610382019
0.19497243443355539
-0.0016809706761957031
0.08112830399184592
0.0
0.0
0.0
0.0
0.0
0.0
0.0
0.0
0.0
0.0
0.0
0.0
0.0
0.0
0.0
0.0
0.0
0.0
0.0
0.0
0.0
0.0
0.0
0.0
0.0
0.0
0.0
0.0
0.0
0.0
0.0
0.0
0.0
0.0
0.0
0.0
0.0
0.0
0.0
0.0
0.0
0.0
0.0
0.0
0.0
0.0
0.0
0.0
0.0
0.0
0.0
0.0
0.0
0.0
0.0
0.0
0.0
0.0
0.0
0.0
0.0
0.0
0.0
0.0
0.0
0.0
0.0
0.0
0.0
0.0
0.0
0.0
0.0
0.0
0.0
0.0
0.0
0.0
0.0
0.0
0.0
0.0
0.0
0.0
0.0
0.0
0.0
0.0
0.0
0.0
0.0
0.0
0.0
0.0
0.0
0.0
0.0
0.0
0.0
0.0
0.0
0.0
0.0
0.0
0.0
0.0
0.0
0.0
0.0
0.0
0.0
0.0
0.0
0.0
0.0
0.0
0.0
0.0
0.0
0.0
0.0
0.0
0.0
0.0
0.0
0.0
0.0
0.0
0.0
0.0
0.0
0.0
0.0
0.0
0.0
1.076667906149889
-0.24912353731584036
-0.0008086011695159575
-0.0016286755780595297
0.012079024536620322
-0.0029464546042501636
0.0010211670227611002
-0.006737637490208834
0.0451169588181094
-0.010467383700710422
-0.0008581997429251251
0.006463362187907113
-0.001810587734198111
-0.00018496071245257964
0.01442562274156133
1.1076470405676875
0.018056350388649785
0.07295420302040598
-0.6054098562751369
0.0010294616243323312
-0.002515124163129524
1.1994990609850023
-0.003257222685601411
-4.2825543393784366e-05
-0.9954504771164945
4.03660845587878e-06
1.2862347250445139
-0.007227062476676108
6.494765792423443e-05
-1.2159735494971544
0.11637919024140084
-0.00113071101177597
-0.004023238792286498
0.24013351604163774
0.00014991395331046103
0.32038580049528836
0.0
0.0
0.0
0.0
0.0
0.0
0.0
0.0
0.0
0.0
0.0
0.0
0.0
0.0
0.0
0.0
0.0
0.0
0.0
0.0
0.0
0.0
0.0
0.0
0.0
0.0
0.0
0.0
0.0
0.0
0.0
0.0
0.0
0.0
0.0
0.0
0.0
0.0
0.0
0.0
0.0
0.0
0.0
0.0
0.0
0.0
0.0
0.0
0.0
0.0
0.0
0.0
0.0
0.0
0.0
0.0
0.0
0.0
0.0
0.0
0.0
0.0
0.0
0.0
0.0
0.0
0.0
0.0
0.0
0.0
0.0
0.0
0.0
0.0
0.0
0.0
0.0
0.0
0.0
0.0
0.0
0.0
0.0
0.0
0.0
0.0
0.0
0.0
0.0
0.0
0.0
0.0
0.0
0.0
0.0
0.0
0.0
0.0
0.0
0.0
0.0
0.0
0.0
0.0
0.0
0.0
0.0
0.0
0.0
0.0
0.0
0.0
0.0
0.0
0.0
0.0
0.0
0.0
0.0
0.0
0.0
0.0
0.0
0.0
0.0
0.0
0.0
0.0
0.0
0.0
0.0
0.0
0.0
0.0
0.0
1.0880054999159687
-0.2833289560917729
0.00169032298146805
0.0003475062396682056
0.03684335238643814
-0.007455164337781098
0.00025493840951548166
-0.05338468518953578
0.043506106265345866
-0.014867059633197753
0.0014119881997419178
-0.05357360543650715
0.0010736968297012546
-0.0002122318396851868
0.03374791593381517
1.2081113165131114
6.094544649069985e-05
0.05160998239588376
-0.6761331252761518
-0.0005907563332274532
-0.006446336897314671
1.3071758454281874
-0.0008111531201705592
-0.0005682280039835461
-1.1455789196724222
0.0005013955965490178
1.3630833746979854
-0.008873008310285004
0.00048238811174529167
-1.3301851442423873
0.13833287882909834
0.00011132056897878332
0.0002521420723302099
0.28207558429521373
-0.0003286456938277238
0.35824777090198323
0.0
0.0
0.0
0.0
0.0
0.0
0.0
0.0
0.0
0.0
0.0
0.0
0.0
0.0
0.0
0.0
0.0
0.0
0.0
0.0
0.0
0.0
0.0
0.0
0.0
0.0
0.0
0.0
0.0
0.0
0.0
0.0
0.0
0.0
0.0
0.0
0.0
0.0
0.0
0.0
0.0
0.0
0.0
0.0
0.0
0.0
0.0
0.0
0.0
0.0
0.0
0.0
0.0
0.0
0.0
0.0
0.0
0.0
0.0
0.0
0.0
0.0
0.0
0.0
0.0
0.0
0.0
0.0
0.0
0.0
0.0
0.0
0.0
0.0
0.0
0.0
0.0
0.0
0.0
0.0
0.0
0.0
0.0
0.0
0.0
0.0
0.0
0.0
0.0
0.0
0.0
0.0
0.0
0.0
0.0
0.0
0.0
0.0
0.0
0.0
0.0
0.0
0.0
0.0
0.0
0.0
0.0
0.0
0.0
0.0
0.0
0.0
0.0
0.0
0.0
0.0
0.0
0.0
0.0
0.0
0.0
0.0
0.0
0.0
0.0
0.0
0.0
0.0
0.0
0.0
0.0
0.0
0.0
0.0
0.0
1.0761280418820223
-0.24802183080424162
-0.0027587464139372736
0.0014795406578297205
0.01143219448597914
-0.0067132646888522175
-0.0010084958010271785
-0.006280322063323876
0.04450540091982991
-0.025022780457386647
0.000423813366550881
0.006126856530727867
0.0008943520595869218
1.7908516720974113e-05
0.01408903604649856
1.0829518960007234
-0.020918288749354023
0.07512427279176354
-0.5938349990080003
-0.0012561142290571587
-0.004526828435734494
1.202468012248644
0.005791569621735854
1.795256110652395e-05
-0.9920598766762156
0.00025258376689325736
1.2830785501615916
-0.009235489702336477
0.00018233358517554194
-1.212252519970679
0.11455662823724483
0.00157493760043961
-0.0028557788361808106
0.23833018817498403
-0.0005621987105162214
0.31876035211838927
0.0
0.0
0.0
0.0
0.0
0.0
0.0
0.0
0.0
0.0
0.0
0.0
0.0
0.0
0.0
0.0
0.0
0.0
0.0
0.0
0.0
0.0
0.0
0.0
0.0
0.0
0.0
0.0
0.0
0.0
0.0
0.0
0.0
0.0
0.0
0.0
0.0
0.0
0.0
0.0
0.0
0.0
0.0
0.0
0.0
0.0
0.0
0.0
0.0
0.0
0.0
0.0
0.0
0.0
0.0
0.0
0.0
0.0
0.0
0.0
0.0
0.0
0.0
0.0
0.0
0.0
0.0
0.0
0.0
0.0
0.0
0.0
0.0
0.0
0.0
0.0
0.0
0.0
0.0
0.0
0.0
0.0
0.0
0.0
0.0
0.0
0.0
0.0
0.0
0.0
0.0
0.0
0.0
0.0
0.0
0.0
0.0
0.0
0.0
0.0
0.0
0.0
0.0
0.0
0.0
0.0
0.0
0.0
0.0
0.0
0.0
0.0
0.0
0.0
0.0
0.0
0.0
0.0
0.0
0.0
0.0
0.0
0.0
0.0
0.0
0.0
0.0
0.0
0.0
0.0
0.0
0.0
0.0
0.0
0.0
1.082485143734833
-0.2691108442419665
-0.0013687502751030842
-0.0004654879355116188
0.06184189283304901
-0.006782864528253307
-0.0002561711759465318
-0.08044702760283706
0.04287518941501083
-0.019978493871732957
-0.0016193213712053754
-0.06843575016327427
0.0014435487821710148
0.00020717850218363005
0.042974133950458904
1.146645363068202
-0.0038913473769264842
0.06774603085001875
-0.6493594108391659
4.0633611958318535e-05
-0.006750979887942762
1.2838017261305175
0.0028873021216002173
0.00014407230027234415
-1.1125012029917443
-0.0001923538497764042
1.297215670375854
-0.009513047032156247
-0.00021031910808389946
-1.2570398505880254
0.12815293271534717
0.0003271525982439374
-0.0008439958056118229
0.2692893104723362
-5.799865000927671e-05
0.33458638023573384
0.0
0.0
0.0
0.0
0.0
0.0
0.0
0.0
0.0
0.0
0.0
0.0
0.0
0.0
0.0
0.0
0.0
0.0
0.0
0.0
0.0
0.0
0.0
0.0
0.0
0.0
0.0
0.0
0.0
0.0
0.0
0.0
0.0
0.0
0.0
0.0
0.0
0.0
0.0
0.0
0.0
0.0
0.0
0.0
0.0
0.0
0.0
0.0
0.0
0.0
0.0
0.0
0.0
0.0
0.0
0.0
0.0
0.0
0.0
0.0
0.0
0.0
0.0
0.0
0.0
0.0
0.0
0.0
0.0
0.0
0.0
0.0
0.0
0.0
0.0
0.0
0.0
0.0
0.0
0.0
0.0
0.0
0.0
0.0
0.0
0.0
0.0
0.0
0.0
0.0
0.0
0.0
0.0
0.0
0.0
0.0
0.0
0.0
0.0
0.0
0.0
0.0
0.0
0.0
0.0
0.0
0.0
0.0
0.0
0.0
0.0
0.0
0.0
0.0
0.0
0.0
0.0
0.0
0.0
0.0
0.0
0.0
0.0
0.0
0.0
0.0
0.0
0.0
0.0
0.0
0.0
0.0
0.0
0.0
0.0
1.0765492847842406
-0.2482433843846428
-0.0006365848322042842
-0.0015740956600463697
-0.0129477866775745
-0.0015796306537038166
0.0006681076620907297
0.00811577846077089
0.04509438995754969
-0.006323272640238074
-0.0017282017410436513
-0.004554002600560368
-0.0025341010918587537
-6.565322941527569e-05
-0.01577653804291319
1.113599431199257
0.014878283459767373
-0.06534021342776591
-0.601757811365836
0.0011755495866991109
0.004714185874396542
1.1936950308289225
0.0015712483453844328
0.00033265113376768096
-0.9930419208883465
-1.7529920591392377e-05
1.2834475663339884
0.008659249543704154
-6.0681091400838955e-05
-1.2142039568399934
0.11534491164522528
-0.0010605336494926316
0.0023814444081616958
0.23962868646570165
6.72198743569017e-05
0.31960594365697603
0.0
0.0
0.0
0.0
0.0
0.0
0.0
0.0
0.0
0.0
0.0
0.0
0.0
0.0
0.0
0.0
0.0
0.0
0.0
0.0
0.0
0.0
0.0
0.0
0.0
0.0
0.0
0.0
0.0
0.0
0.0
0.0
0.0
0.0
0.0
0.0
0.0
0.0
0.0
0.0
0.0
0.0
0.0
0.0
0.0
0.0
0.0
0.0
0.0
0.0
0.0
0.0
0.0
0.0
0.0
0.0
0.0
0.0
0.0
0.0
0.0
0.0
0.0
0.0
0.0
0.0
0.0
0.0
0.0
0.0
0.0
0.0
0.0
0.0
0.0
0.0
0.0
0.0
0.0
0.0
0.0
0.0
0.0
0.0
0.0
0.0
0.0
0.0
0.0
0.0
0.0
0.0
0.0
0.0
0.0
0.0
0.0
0.0
0.0
0.0
0.0
0.0
0.0
0.0
0.0
0.0
0.0
0.0
0.0
0.0
0.0
0.0
0.0
0.0
0.0
0.0
0.0
0.0
0.0
0.0
0.0
0.0
0.0
0.0
0.0
0.0
0.0
0.0
0.0
0.0
0.0
0.0
0.0
0.0
0.0
1.0881040974936673
-0.28431104254332346
0.0006192201635447516
0.00010603761106593143
-0.037121671148769145
-0.009754739114257855
0.0005612335813261214
0.05208170878418013
0.04339132093087808
-0.023222970986419615
0.0017038024401758957
0.04904955713228141
0.0019102262051095
-0.0002579555322775903
-0.03243236043229821
1.2004628530962858
0.00519089442703366
-0.058439696654012524
-0.6794735421821015
-0.00023267098449594075
0.004177237731074045
1.3098200796747865
0.003599107141274793
-0.0004103722414601401
-1.1472828977595824
9.18923136452428e-05
1.364520771242059
0.0069371712190290195
3.226391380532953e-05
-1.330983196026993
0.13928905052913784
-0.00024419359248647077
0.0013903689673976298
0.28313998819653097
-0.0002862753995902888
0.35886007436780787
0.0
0.0
0.0
0.0
0.0
0.0
0.0
0.0
0.0
0.0
0.0
0.0
0.0
0.0
0.0
0.0
0.0
0.0
0.0
0.0
0.0
0.0
0.0
0.0
0.0
0.0
0.0
0.0
0.0
0.0
0.0
0.0
0.0
0.0
0.0
0.0
0.0
0.0
0.0
0.0
0.0
0.0
0.0
0.0
0.0
0.0
0.0
0.0
0.0
0.0
0.0
0.0
0.0
0.0
0.0
0.0
0.0
0.0
0.0
0.0
0.0
0.0
0.0
0.0
0.0
0.0
0.0
0.0
0.0
0.0
0.0
0.0
0.0
0.0
0.0
0.0
0.0
0.0
0.0
0.0
0.0
0.0
0.0
0.0
0.0
0.0
0.0
0.0
0.0
0.0
0.0
0.0
0.0
0.0
0.0
0.0
0.0
0.0
0.0
0.0
0.0
0.0
0.0
0.0
0.0
0.0
0.0
0.0
0.0
0.0
0.0
0.0
0.0
0.0
0.0
0.0
0.0
0.0
0.0
0.0
0.0
0.0
0.0
0.0
0.0
0.0
0.0
0.0
0.0
0.0
0.0
0.0
0.0
0.0
0.0
1.0708173872744484
-0.23152847291802364
-0.005087040659991122
0.0007900762455917176
-0.03724324599237534
-0.004300044742445379
-0.0009741582638630557
0.03395361604675053
0.04513401778226339
-0.023372445458729352
-0.0008288943875757327
0.010679028549765417
0.0010163644483624898
0.0001510213543454833
-0.02373320800672043
1.0005923610549714
-0.018921496283857545
-0.10767264115964112
-0.5585634804406501
-0.0008956069410404338
0.005006120887496421
1.1758674955460298
-0.006032455523902509
0.00036385253517939344
-0.9511466823465593
-0.0002200598879512459
1.1897343453137288
0.012312900743729718
-0.00014561459724961204
-1.133045704610553
0.10442570076166172
0.0013300863500430365
0.004014211647975854
0.2230318729077302
0.0004609140331262384
0.2956825259171272
0.0
0.0
0.0
0.0
0.0
0.0
0.0
0.0
0.0
0.0
0.0
0.0
0.0
0.0
0.0
0.0
0.0
0.0
0.0
0.0
0.0
0.0
0.0
0.0
0.0
0.0
0.0
0.0
0.0
0.0
0.0
0.0
0.0
0.0
0.0
0.0
0.0
0.0
0.0
0.0
0.0
0.0
0.0
0.0
0.0
0.0
0.0
0.0
0.0
0.0
0.0
0.0
0.0
0.0
0.0
0.0
0.0
0.0
0.0
0.0
0.0
0.0
0.0
0.0
0.0
0.0
0.0
0.0
0.0
0.0
0.0
0.0
0.0
0.0
0.0
0.0
0.0
0.0
0.0
0.0
0.0
0.0
0.0
0.0
0.0
0.0
0.0
0.0
0.0
0.0
0.0
0.0
0.0
0.0
0.0
0.0
0.0
0.0
0.0
0.0
0.0
0.0
0.0
0.0
0.0
0.0
0.0
0.0
0.0
0.0
0.0
0.0
0.0
0.0
0.0
0.0
0.0
0.0
0.0
0.0
0.0
0.0
0.0
0.0
0.0
0.0
0.0
0.0
0.0
0.0
0.0
0.0
0.0
0.0
0.0
1.0877696854267616
-0.2842917527895648
0.0012301406079263627
0.00024034611973848896
-0.03614833294409946
-0.00962095815547186
-0.00041943437939093566
0.05166617974871307
0.04267083175102185
-0.021500416357959313
-0.0005269970832353082
0.05045202130076387
0.001843041415177942
0.00019908076200486624
-0.03210915540940669
1.199556464610065
-0.0025729059698390523
-0.057402692198984216
-0.6763034018098413
0.0007603330204401383
0.004599443373712091
1.3113538782393948
-0.001486470352118051
0.0008150068093275029
-1.146718016796388
0.000133570065786033
1.362648496895643
0.007383575640942991
0.00017402815708870105
-1.3297019938971992
0.13865135863051942
-5.439153172166405e-05
0.0012290769679268623
0.28238220877359355
-2.925956927610394e-05
0.3580904715280478
0.0
0.0
0.0
0.0
0.0
0.0
0.0
0.0
0.0
0.0
0.0
0.0
0.0
0.0
0.0
0.0
0.0
0.0
0.0
0.0
0.0
0.0
0.0
0.0
0.0
0.0
0.0
0.0
0.0
0.0
0.0
0.0
0.0
0.0
0.0
0.0
0.0
0.0
0.0
0.0
0.0
0.0
0.0
0.0
0.0
0.0
0.0
0.0
0.0
0.0
0.0
0.0
0.0
0.0
0.0
0.0
0.0
0.0
0.0
0.0
0.0
0.0
0.0
0.0
0.0
0.0
0.0
0.0
0.0
0.0
0.0
0.0
0.0
0.0
0.0
0.0
0.0
0.0
0.0
0.0
0.0
0.0
0.0
0.0
0.0
0.0
0.0
0.0
0.0
0.0
0.0
0.0
0.0
0.0
0.0
0.0
0.0
0.0
0.0
0.0
0.0
0.0
0.0
0.0
0.0
0.0
0.0
0.0
0.0
0.0
0.0
0.0
0.0
0.0
0.0
0.0
0.0
0.0
0.0
0.0
0.0
0.0
0.0
0.0
0.0
0.0
0.0
0.0
0.0
0.0
0.0
0.0
0.0
0.0
0.0
1.0717975105186177
-0.23889863110727194
0.03228565148949268
0.03149439003720159
-0.004578589233674879
-0.05186848066217424
-0.04058121363708553
0.007168551809273633
0.03359160259294105
-0.06196502326095129
-0.02917488808979346
0.009267117628755575
0.043618697257908935
0.01002982874469992
-0.0035728451080508936
1.313445359587897
0.10005691104858752
-0.002460515036125409
-1.1710222812592084
-0.0708313002266501
0.011147412387269134
1.1818104811262282
-0.044419570320832144
-0.0709664442046404
-0.8801725940608522
-0.0007347856452587011
0.9757244099810077
0.011933685848017022
-0.003043418124758476
-0.6021796208622052
0.2881119110229144
0.030072491965097488
-0.008385210501980482
0.19745489292383026
0.0030458958159359276
0.11518425694174438
0.0
0.0
0.0
0.0
0.0
0.0
0.0
0.0
0.0
0.0
0.0
0.0
0.0
0.0
0.0
0.0
0.0
0.0
0.0
0.0
0.0
0.0
0.0
0.0
0.0
0.0
0.0
0.0
0.0
0.0
0.0
0.0
0.0
0.0
0.0
0.0
0.0
0.0
0.0
0.0
0.0
0.0
0.0
0.0
0.0
0.0
0.0
0.0
0.0
0.0
0.0
0.0
0.0
0.0
0.0
0.0
0.0
0.0
0.0
0.0
0.0
0.0
0.0
0.0
0.0
0.0
0.0
0.0
0.0
0.0
0.0
0.0
0.0
0.0
0.0
0.0
0.0
0.0
0.0
0.0
0.0
0.0
0.0
0.0
0.0
0.0
0.0
0.0
0.0
0.0
0.0
0.0
0.0
0.0
0.0
0.0
0.0
0.0
0.0
0.0
0.0
0.0
0.0
0.0
0.0
0.0
0.0
0.0
0.0
0.0
0.0
0.0
0.0
0.0
0.0
0.0
0.0
0.0
0.0
0.0
0.0
0.0
0.0
0.0
0.0
0.0
0.0
0.0
0.0
0.0
0.0
0.0
0.0
0.0
0.0
1.068917766485559
-0.22563898681057137
0.050922322888077076
-0.0034849067402143944
0.008874785961075039
-0.0891050028372112
0.0055825649832366205
-0.014129222524666672
0.04109142449211575
-0.1135365398337159
0.006937984622565928
-0.01976153079091923
0.06300799639601504
-0.003418229748595826
0.009450651020735546
1.2002228953815717
-0.001767251088308576
-0.041710119010960535
-1.0391561304846173
0.0004219245323619623
-0.012742546896680999
1.1472265553352265
0.01196922725730384
0.0004271211281429495
-0.9461137705485025
-0.001177497910621828
1.0311518200251117
-0.01689092551786562
-0.00023924665671572478
-0.5523318093074416
0.2668900106993764
-6.729743650924054e-05
0.011647963811574704
0.22647311307413778
-0.00048033265561968103
0.10256348137462849
0.0
0.0
0.0
0.0
0.0
0.0
0.0
0.0
0.0
0.0
0.0
0.0
0.0
0.0
0.0
0.0
0.0
0.0
0.0
0.0
0.0
0.0
0.0
0.0
0.0
0.0
0.0
0.0
0.0
0.0
0.0
0.0
0.0
0.0
0.0
0.0
0.0
0.0
0.0
0.0
0.0
0.0
0.0
0.0
0.0
0.0
0.0
0.0
0.0
0.0
0.0
0.0
0.0
0.0
0.0
0.0
0.0
0.0
0.0
0.0
0.0
0.0
0.0
0.0
0.0
0.0
0.0
0.0
0.0
0.0
0.0
0.0
0.0
0.0
0.0
0.0
0.0
0.0
0.0
0.0
0.0
0.0
0.0
0.0
0.0
0.0
0.0
0.0
0.0
0.0
0.0
0.0
0.0
0.0
0.0
0.0
0.0
0.0
0.0
0.0
0.0
0.0
0.0
0.0
0.0
0.0
0.0
0.0
0.0
0.0
0.0
0.0
0.0
0.0
0.0
0.0
0.0
0.0
0.0
0.0
0.0
0.0
0.0
0.0
0.0
0.0
0.0
0.0
0.0
0.0
0.0
0.0
0.0
0.0
0.0
1.0921468739279225
-0.2685262373010886
-0.11801424703002186
-0.0005198122479925797
-0.014554212358006503
0.1562142320069123
-0.002360847214774962
0.02183553283285746
0.04733626674951655
0.12440727141260906
-0.007787210809045102
0.02362338602637097
-0.06759366730517694
0.01371075269567201
-0.010231685930044001
1.4486291102695465
-0.03734666822484926
0.0036563316092910357
-1.427419155798127
0.016852624304940847
-0.009553519625129007
1.2706646954374479
-0.0050969473363510955
0.01603729059475206
-1.0125053398766286
-0.001716744635015532
1.1348183082106233
-0.009815815078402193
-0.001867183796107058
-0.7365654027218407
0.3995007341151589
0.00010379825522939836
0.008286478857788332
0.2402466584486895
-0.0019037951468490646
0.15051423971106923
0.0
0.0
0.0
0.0
0.0
0.0
0.0
0.0
0.0
0.0
0.0
0.0
0.0
0.0
0.0
0.0
0.0
0.0
0.0
0.0
0.0
0.0
0.0
0.0
0.0
0.0
0.0
0.0
0.0
0.0
0.0
0.0
0.0
0.0
0.0
0.0
0.0
0.0
0.0
0.0
0.0
0.0
0.0
0.0
0.0
0.0
0.0
0.0
0.0
0.0
0.0
0.0
0.0
0.0
0.0
0.0
0.0
0.0
0.0
0.0
0.0
0.0
0.0
0.0
0.0
0.0
0.0
0.0
0.0
0.0
0.0
0.0
0.0
0.0
0.0
0.0
0.0
0.0
0.0
0.0
0.0
0.0
0.0
0.0
0.0
0.0
0.0
0.0
0.0
0.0
0.0
0.0
0.0
0.0
0.0
0.0
0.0
0.0
0.0
0.0
0.0
0.0
0.0
0.0
0.0
0.0
0.0
0.0
0.0
0.0
0.0
0.0
0.0
0.0
0.0
0.0
0.0
0.0
0.0
0.0
0.0
0.0
0.0
0.0
0.0
0.0
0.0
0.0
0.0
0.0
0.0
0.0
0.0
0.0
0.0
1.0880160793224627
-0.2537005828185341
-0.15205656998949654
-0.00033844847799325444
0.015169943892418113
0.19761357969778784
-5.191297484724324e-05
-0.02374459599837827
0.04913607593394446
0.14968019382015305
-0.0009712242390718584
-0.026891740045478993
-0.08228834897396829
0.0010183815222446877
0.012003465185743793
1.44857931715375
-0.0012626107516394208
-0.01599078606628713
-1.4159385594396192
0.00433958840923377
0.017174835098969013
1.222190796876156
0.012263770191987034
0.004433085985161676
-0.944585742445964
0.002908815151967346
1.1351761810453833
0.017170930714762302
0.003283442125691611
-0.7204825198111396
0.40196584627359644
-0.0028758814547024886
-0.01285460604586165
0.21879447619096276
-0.0024221038464439758
0.14219159430588685
0.0
0.0
0.0
0.0
0.0
0.0
0.0
0.0
0.0
0.0
0.0
0.0
0.0
0.0
0.0
0.0
0.0
0.0
0.0
0.0
0.0
0.0
0.0
0.0
0.0
0.0
0.0
0.0
0.0
0.0
0.0
0.0
0.0
0.0
0.0
0.0
0.0
0.0
0.0
0.0
0.0
0.0
0.0
0.0
0.0
0.0
0.0
0.0
0.0
0.0
0.0
0.0
0.0
0.0
0.0
0.0
0.0
0.0
0.0
0.0
0.0
0.0
0.0
0.0
0.0
0.0
0.0
0.0
0.0
0.0
0.0
0.0
0.0
0.0
0.0
0.0
0.0
0.0
0.0
0.0
0.0
0.0
0.0
0.0
0.0
0.0
0.0
0.0
0.0
0.0
0.0
0.0
0.0
0.0
0.0
0.0
0.0
0.0
0.0
0.0
0.0
0.0
0.0
0.0
0.0
0.0
0.0
0.0
0.0
0.0
0.0
0.0
0.0
0.0
0.0
0.0
0.0
0.0
0.0
0.0
0.0
0.0
0.0
0.0
0.0
0.0
0.0
0.0
0.0
0.0
0.0
0.0
0.0
0.0
0.0
1.0872670465704388
-0.25327956212367003
-0.08418065864179944
0.05399030051756489
-0.004823077635769932
0.1230337810483961
-0.08352077336942305
0.007464417440518919
0.05579085468972707
0.12249476120089392
-0.082083693869797
0.008932541130197287
-0.05357586909153377
0.02499350524985959
-0.0038583021977763397
1.2935396123366583
-0.2012015986119128
-0.00012413497561038125
-1.2504514896935097
0.06379679414386431
-0.013180466740579135
1.275281884729202
-0.011683779470543288
0.06241098097176265
-1.0865567868290853
0.000166502304052583
1.092883333662316
-0.013641968695935664
-0.00024047834474416122
-0.6515843028268931
0.34827791211489967
-0.021512246844244763
0.0075195298315564145
0.27127104164081284
0.001587176736597611
0.13643093683396204
0.0
0.0
0.0
0.0
0.0
0.0
0.0
0.0
0.0
0.0
0.0
0.0
0.0
0.0
0.0
0.0
0.0
0.0
0.0
0.0
0.0
0.0
0.0
0.0
0.0
0.0
0.0
0.0
0.0
0.0
0.0
0.0
0.0
0.0
0.0
0.0
0.0
0.0
0.0
0.0
0.0
0.0
0.0
0.0
0.0
0.0
0.0
0.0
0.0
0.0
0.0
0.0
0.0
0.0
0.0
0.0
0.0
0.0
0.0
0.0
0.0
0.0
0.0
0.0
0.0
0.0
0.0
0.0
0.0
0.0
0.0
0.0
0.0
0.0
0.0
0.0
0.0
0.0
0.0
0.0
0.0
0.0
0.0
0.0
0.0
0.0
0.0
0.0
0.0
0.0
0.0
0.0
0.0
0.0
0.0
0.0
0.0
0.0
0.0
0.0
0.0
0.0
0.0
0.0
0.0
0.0
0.0
0.0
0.0
0.0
0.0
0.0
0.0
0.0
0.0
0.0
0.0
0.0
0.0
0.0
0.0
0.0
0.0
0.0
0.0
0.0
0.0
0.0
0.0
0.0
0.0
0.0
0.0
0.0
0.0
1.0809581450325962
-0.23900391202513924
-0.02721981625690313
0.0046779386033808466
0.002322837513687481
0.02908384279248768
-0.0045453963636191246
-0.003737366659457113
0.06106554969669935
0.02121076785740609
-0.0006867246266975898
-0.003619816110233115
-0.019945606019085935
0.0016825718833189986
0.0034004405927602257
1.155657476532776
-0.015470711931708762
0.007119071477257359
-1.2281571177957944
0.0031714380072926634
0.008677690920783566
1.1618431440427144
0.02649006833393265
0.0030233068067475554
-1.0029069511357176
-0.00016003187855824727
1.1961158486729973
0.008436393109121351
0.002108608075058931
-0.5673373140362895
0.3475997108237623
-0.0016341275269149038
-0.0056857563621079705
0.25460158453039927
-0.001549394166548735
0.11171807679746928
0.0
0.0
0.0
0.0
0.0
0.0
0.0
0.0
0.0
0.0
0.0
0.0
0.0
0.0
0.0
0.0
0.0
0.0
0.0
0.0
0.0
0.0
0.0
0.0
0.0
0.0
0.0
0.0
0.0
0.0
0.0
0.0
0.0
0.0
0.0
0.0
0.0
0.0
0.0
0.0
0.0
0.0
0.0
0.0
0.0
0.0
0.0
0.0
0.0
0.0
0.0
0.0
0.0
0.0
0.0
0.0
0.0
0.0
0.0
0.0
0.0
0.0
0.0
0.0
0.0
0.0
0.0
0.0
0.0
0.0
0.0
0.0
0.0
0.0
0.0
0.0
0.0
0.0
0.0
0.0
0.0
0.0
0.0
0.0
0.0
0.0
0.0
0.0
0.0
0.0
0.0
0.0
0.0
0.0
0.0
0.0
0.0
0.0
0.0
0.0
0.0
0.0
0.0
0.0
0.0
0.0
0.0
0.0
0.0
0.0
0.0
0.0
0.0
0.0
0.0
0.0
0.0
0.0
0.0
0.0
0.0
0.0
0.0
0.0
0.0
0.0
0.0
0.0
0.0
0.0
0.0
0.0
0.0
0.0
0.0
1.0732224977777143
-0.22650162860485987
-0.025779555592948634
-0.00966391127519282
-0.001164337041313864
0.046029799978525784
0.025502184082329894
0.005029776251753727
0.047613483985030465
0.05899225551021089
0.03885425622415033
0.011196842719033602
-0.016454713714116602
-0.000669330583150897
-0.002469273064293214
1.1587503331104079
0.13568787332528953
0.028899360384212244
-1.0789939639153463
-0.0025923823103765732
-0.009650729280261242
1.2159522846182687
0.04726180607720795
-0.0018990062108281622
-0.9594417785873536
0.0012115754484696049
0.9865627194160915
-0.0077749931856169845
0.004196630980937862
-0.553246428373446
0.2884556336274381
-0.018017349703768025
0.00313120767022045
0.22081470861162183
-0.005111942169985427
0.10693581946084413
0.0
0.0
0.0
0.0
0.0
0.0
0.0
0.0
0.0
0.0
0.0
0.0
0.0
0.0
0.0
0.0
0.0
0.0
0.0
0.0
0.0
0.0
0.0
0.0
0.0
0.0
0.0
0.0
0.0
0.0
0.0
0.0
0.0
0.0
0.0
0.0
0.0
0.0
0.0
0.0
0.0
0.0
0.0
0.0
0.0
0.0
0.0
0.0
0.0
0.0
0.0
0.0
0.0
0.0
0.0
0.0
0.0
0.0
0.0
0.0
0.0
0.0
0.0
0.0
0.0
0.0
0.0
0.0
0.0
0.0
0.0
0.0
0.0
0.0
0.0
0.0
0.0
0.0
0.0
0.0
0.0
0.0
0.0
0.0
0.0
0.0
0.0
0.0
0.0
0.0
0.0
0.0
0.0
0.0
0.0
0.0
0.0
0.0
0.0
0.0
0.0
0.0
0.0
0.0
0.0
0.0
0.0
0.0
0.0
0.0
0.0
0.0
0.0
0.0
0.0
0.0
0.0
0.0
0.0
0.0
0.0
0.0
0.0
0.0
0.0
0.0
0.0
0.0
0.0
0.0
0.0
0.0
0.0
0.0
0.0
1.0762969788438392
-0.23762643669636896
-0.01306035698163634
-0.0005046611693279432
-0.0017659597654671698
0.011596963801721837
-0.000406518386463025
-0.0018097417835529084
0.05135375206730999
0.004496678633125747
-0.002013212027477395
-0.008136105013681174
0.0012704082547936267
0.00015127348834512237
0.0019529301635029836
1.1700180302828402
-0.004823328642516709
-0.020797173772052348
-1.1803051661464177
0.001788590676770512
0.0061835153426272795
1.1740087436813995
0.014360173223077942
0.0016290162150199147
-0.9794450086086537
0.0014351691294336368
1.1539014895804252
0.003915030361360683
0.002640668306097411
-0.564408003717974
0.3235518793624882
-0.0007527733658539633
-0.0016640083216320353
0.23700853128541288
-0.0019959805826491595
0.10689363309500904
0.0
0.0
0.0
0.0
0.0
0.0
0.0
0.0
0.0
0.0
0.0
0.0
0.0
0.0
0.0
0.0
0.0
0.0
0.0
0.0
0.0
0.0
0.0
0.0
0.0
0.0
0.0
0.0
0.0
0.0
0.0
0.0
0.0
0.0
0.0
0.0
0.0
0.0
0.0
0.0
0.0
0.0
0.0
0.0
0.0
0.0
0.0
0.0
0.0
0.0
0.0
0.0
0.0
0.0
0.0
0.0
0.0
0.0
0.0
0.0
0.0
0.0
0.0
0.0
0.0
0.0
0.0
0.0
0.0
0.0
0.0
0.0
0.0
0.0
0.0
0.0
0.0
0.0
0.0
0.0
0.0
0.0
0.0
0.0
0.0
0.0
0.0
0.0
0.0
0.0
0.0
0.0
0.0
0.0
0.0
0.0
0.0
0.0
0.0
0.0
0.0
0.0
0.0
0.0
0.0
0.0
0.0
0.0
0.0
0.0
0.0
0.0
0.0
0.0
0.0
0.0
0.0
0.0
0.0
0.0
0.0
0.0
0.0
0.0
0.0
0.0
0.0
0.0
0.0
0.0
0.0
0.0
0.0
0.0
0.0
1.0798419105047612
-0.2512381763566197
0.011279359443886503
-0.014321180592474652
0.046474850655925354
-0.018395211845706833
0.030331865118652275
-0.06400322683090906
0.048454878533574795
-0.020267538198311705
0.04176100280258366
-0.05739348909624489
0.009752585903323032
-0.011941811278299838
0.03208641278567081
1.109348479381536
-0.031829771227783486
0.019108951953364386
-0.6012596864233709
8.118168470415724e-05
0.01061454208652761
1.2323462270097334
-0.0747360526045109
0.0018301643728923353
-1.0549568283438018
0.016065551900895293
1.255228278887992
0.009194681221875677
0.01633529776930257
-1.1922021643632021
0.11952930737696948
0.002331875614298447
-0.008452224326976465
0.25831190976503005
0.00029962904984793225
0.3208127603515911
0.0
0.0
0.0
0.0
0.0
0.0
0.0
0.0
0.0
0.0
0.0
0.0
0.0
0.0
0.0
0.0
0.0
0.0
0.0
0.0
0.0
0.0
0.0
0.0
0.0
0.0
0.0
0.0
0.0
0.0
0.0
0.0
0.0
0.0
0.0
0.0
0.0
0.0
0.0
0.0
0.0
0.0
0.0
0.0
0.0
0.0
0.0
0.0
0.0
0.0
0.0
0.0
0.0
0.0
0.0
0.0
0.0
0.0
0.0
0.0
0.0
0.0
0.0
0.0
0.0
0.0
0.0
0.0
0.0
0.0
0.0
0.0
0.0
0.0
0.0
0.0
0.0
0.0
0.0
0.0
0.0
0.0
0.0
0.0
0.0
0.0
0.0
0.0
0.0
0.0
0.0
0.0
0.0
0.0
0.0
0.0
0.0
0.0
0.0
0.0
0.0
0.0
0.0
0.0
0.0
0.0
0.0
0.0
0.0
0.0
0.0
0.0
0.0
0.0
0.0
0.0
0.0
0.0
0.0
0.0
0.0
0.0
0.0
0.0
0.0
0.0
0.0
0.0
0.0
0.0
0.0
0.0
0.0
0.0
0.0
1.0896183086863522
-0.27916086344076585
0.0017280639868765563
-0.008450152489974116
-0.02009209809449833
0.003174074007710059
0.015091910527435536
0.018209612145226355
0.038064572585434005
0.013226360287941531
0.019634383977173233
-0.002590635369318614
-0.001675568450165791
-0.007103718653944468
-0.005037815339984682
1.0584914038307385
0.013142849656895574
-0.05234936564711455
-0.7172841591659065
-0.004745318203192549
0.020843039889960675
1.310553256821098
0.0524568709357147
-0.004829053646648382
-1.056315334933676
-0.03801671505938214
1.4308965080814677
0.022290356810897
-0.03835756571474762
-1.3463084241212737
0.14929573893326664
0.0030472778451746526
-0.010373125446784292
0.24279005411242738
0.0229415961693772
0.3526587799874864
0.0
0.0
0.0
0.0
0.0
0.0
0.0
0.0
0.0
0.0
0.0
0.0
0.0
0.0
0.0
0.0
0.0
0.0
0.0
0.0
0.0
0.0
0.0
0.0
0.0
0.0
0.0
0.0
0.0
0.0
0.0
0.0
0.0
0.0
0.0
0.0
0.0
0.0
0.0
0.0
0.0
0.0
0.0
0.0
0.0
0.0
0.0
0.0
0.0
0.0
0.0
0.0
0.0
0.0
0.0
0.0
0.0
0.0
0.0
0.0
0.0
0.0
0.0
0.0
0.0
0.0
0.0
0.0
0.0
0.0
0.0
0.0
0.0
0.0
0.0
0.0
0.0
0.0
0.0
0.0
0.0
0.0
0.0
0.0
0.0
0.0
0.0
0.0
0.0
0.0
0.0
0.0
0.0
0.0
0.0
0.0
0.0
0.0
0.0
0.0
0.0
0.0
0.0
0.0
0.0
0.0
0.0
0.0
0.0
0.0
0.0
0.0
0.0
0.0
0.0
0.0
0.0
0.0
0.0
0.0
0.0
0.0
0.0
0.0
0.0
0.0
0.0
0.0
0.0
0.0
0.0
0.0
0.0
0.0
0.0
1.0798098763812922
-0.24858415492788144
0.009558683573919657
0.01518283395238745
0.02965078151047907
-0.017923896468596733
-0.03574559457682995
-0.04120653558076516
0.0505417439967811
-0.022480070783095087
-0.05391282326045428
-0.03791363291420874
0.009983931368816028
0.014913408741663586
0.025390320873582208
1.1336631876400434
0.01491232627588238
0.024796436314945405
-0.5894182380885055
-0.003390180626616803
0.013426093073503675
1.2106122397740031
0.09072486202806795
-0.004029392082090095
-1.0209396037772205
-0.04333039458434299
1.2363716390269954
0.011634190691607807
-0.04380935525787462
-1.2235626348203885
0.11656789302818502
-0.0008750787906536026
-0.00951667468679546
0.24939620579768468
0.017325645840944443
0.3350283805844976
0.0
0.0
0.0
0.0
0.0
0.0
0.0
0.0
0.0
0.0
0.0
0.0
0.0
0.0
0.0
0.0
0.0
0.0
0.0
0.0
0.0
0.0
0.0
0.0
0.0
0.0
0.0
0.0
0.0
0.0
0.0
0.0
0.0
0.0
0.0
0.0
0.0
0.0
0.0
0.0
0.0
0.0
0.0
0.0
0.0
0.0
0.0
0.0
0.0
0.0
0.0
0.0
0.0
0.0
0.0
0.0
0.0
0.0
0.0
0.0
0.0
0.0
0.0
0.0
0.0
0.0
0.0
0.0
0.0
0.0
0.0
0.0
0.0
0.0
0.0
0.0
0.0
0.0
0.0
0.0
0.0
0.0
0.0
0.0
0.0
0.0
0.0
0.0
0.0
0.0
0.0
0.0
0.0
0.0
0.0
0.0
0.0
0.0
0.0
0.0
0.0
0.0
0.0
0.0
0.0
0.0
0.0
0.0
0.0
0.0
0.0
0.0
0.0
0.0
0.0
0.0
0.0
0.0
0.0
0.0
0.0
0.0
0.0
0.0
0.0
0.0
0.0
0.0
0.0
0.0
0.0
0.0
0.0
0.0
0.0
1.0850396805701068
-0.26687932060021174
-0.013103748218068608
0.014035947031943396
0.09483881780558959
0.015477898909788082
-0.01941092255365529
-0.11824505895697211
0.04031785468928489
0.011001999424128158
-0.01617778481592299
-0.08385149507183584
-0.003950587534622178
0.008861007679928257
0.04420273164150694
1.0192885215752006
-0.030683115785670366
-0.017456045476104895
-0.6855472429932472
0.009936318944908155
0.013301434614816718
1.338784337722164
0.020314974753264742
0.01052791521429732
-1.1127165007284234
-0.012198883933529487
1.325613770297599
0.013386754411626005
-0.012413268328031295
-1.201535361684397
0.1427094387193284
-0.004217364918595758
-0.007535437010986894
0.2610477880554958
0.008560743083747144
0.3161581916775824
0.0
0.0
0.0
0.0
0.0
0.0
0.0
0.0
0.0
0.0
0.0
0.0
0.0
0.0
0.0
0.0
0.0
0.0
0.0
0.0
0.0
0.0
0.0
0.0
0.0
0.0
0.0
0.0
0.0
0.0
0.0
0.0
0.0
0.0
0.0
0.0
0.0
0.0
0.0
0.0
0.0
0.0
0.0
0.0
0.0
0.0
0.0
0.0
0.0
0.0
0.0
0.0
0.0
0.0
0.0
0.0
0.0
0.0
0.0
0.0
0.0
0.0
0.0
0.0
0.0
0.0
0.0
0.0
0.0
0.0
0.0
0.0
0.0
0.0
0.0
0.0
0.0
0.0
0.0
0.0
0.0
0.0
0.0
0.0
0.0
0.0
0.0
0.0
0.0
0.0
0.0
0.0
0.0
0.0
0.0
0.0
0.0
0.0
0.0
0.0
0.0
0.0
0.0
0.0
0.0
0.0
0.0
0.0
0.0
0.0
0.0
0.0
0.0
0.0
0.0
0.0
0.0
0.0
0.0
0.0
0.0
0.0
0.0
0.0
0.0
0.0
0.0
0.0
0.0
0.0
0.0
0.0
0.0
0.0
0.0
1.085749920241482
-0.2655318224246324
0.017478522017799404
-0.03212310741524905
0.06247095044748758
-0.019826311222106464
0.050846371893371864
-0.072360124179559
0.043565919219523554
-0.009752963673554882
0.05459220271507882
-0.036771068111912636
0.007266017407162979
-0.018126834111158212
0.01498482929319183
1.0870252361270174
-0.03483627518256592
0.0685769866844863
-0.6839569329770332
0.0057383251614635655
-0.01883776415104054
1.228657943852964
-0.01975595641833046
0.00689982471550289
-0.991288956585807
-0.022399762590902622
1.4081611165524688
-0.021868261411475118
-0.02135787866916721
-1.3325399149426147
0.1386795266420709
0.0018382515585779226
0.010445003210011603
0.23583154708024878
0.01130757606788909
0.35664533205629134
0.0
0.0
0.0
0.0
0.0
0.0
0.0
0.0
0.0
0.0
0.0
0.0
0.0
0.0
0.0
0.0
0.0
0.0
0.0
0.0
0.0
0.0
0.0
0.0
0.0
0.0
0.0
0.0
0.0
0.0
0.0
0.0
0.0
0.0
0.0
0.0
0.0
0.0
0.0
0.0
0.0
0.0
0.0
0.0
0.0
0.0
0.0
0.0
0.0
0.0
0.0
0.0
0.0
0.0
0.0
0.0
0.0
0.0
0.0
0.0
0.0
0.0
0.0
0.0
0.0
0.0
0.0
0.0
0.0
0.0
0.0
0.0
0.0
0.0
0.0
0.0
0.0
0.0
0.0
0.0
0.0
0.0
0.0
0.0
0.0
0.0
0.0
0.0
0.0
0.0
0.0
0.0
0.0
0.0
0.0
0.0
0.0
0.0
0.0
0.0
0.0
0.0
0.0
0.0
0.0
0.0
0.0
0.0
0.0
0.0
0.0
0.0
0.0
0.0
0.0
0.0
0.0
0.0
0.0
0.0
0.0
0.0
0.0
0.0
0.0
0.0
0.0
0.0
0.0
0.0
0.0
0.0
0.0
0.0
0.0
1.083812219627245
-0.2608355181463161
-0.011396475205214394
0.005185055246187933
-0.09703344022566548
0.013558328439701069
-0.007822420461432257
0.12325780917703186
0.04116215296037334
0.008836112956037017
-0.00865302965743381
0.09201507816745946
-0.0032456466091968796
0.002689595624105344
-0.045039043003117646
0.9994053418618383
0.02906866710984199
0.037379212079408954
-0.6670277036371308
-0.00932234813476982
-0.016772552288638054
1.339253985234663
0.009340827515967248
-0.009855928879562595
-1.1118998831702942
0.001912974536437221
1.3097328328924178
-0.01762160271836717
0.0017559390870521927
-1.1678166450933505
0.1392469919626365
0.0035920919407052844
0.008617708421955925
0.2598061267232712
-0.003192455872147478
0.3048946777140601
0.0
0.0
0.0
0.0
0.0
0.0
0.0
0.0
0.0
0.0
0.0
0.0
0.0
0.0
0.0
0.0
0.0
0.0
0.0
0.0
0.0
0.0
0.0
0.0
0.0
0.0
0.0
0.0
0.0
0.0
0.0
0.0
0.0
0.0
0.0
0.0
0.0
0.0
0.0
0.0
0.0
0.0
0.0
0.0
0.0
0.0
0.0
0.0
0.0
0.0
0.0
0.0
0.0
0.0
0.0
0.0
0.0
0.0
0.0
0.0
0.0
0.0
0.0
0.0
0.0
0.0
0.0
0.0
0.0
0.0
0.0
0.0
0.0
0.0
0.0
0.0
0.0
0.0
0.0
0.0
0.0
0.0
0.0
0.0
0.0
0.0
0.0
0.0
0.0
0.0
0.0
0.0
0.0
0.0
0.0
0.0
0.0
0.0
0.0
0.0
0.0
0.0
0.0
0.0
0.0
0.0
0.0
0.0
0.0
0.0
0.0
0.0
0.0
0.0
0.0
0.0
0.0
0.0
0.0
0.0
0.0
0.0
0.0
0.0
0.0
0.0
0.0
0.0
0.0
0.0
0.0
0.0
0.0
0.0
0.0
1.079873095073772
-0.2553210456906334
-0.002554656908625544
0.014379339812672047
-0.03224295019497171
-0.006491996562059338
-0.028290811772626323
0.04682662269750951
0.04637278924056329
-0.021322246627794278
-0.036881957253599
0.04553215422052794
0.005793871466244355
0.010164830199029508
-0.026850566080342125
1.1107373444173323
0.017682957182102232
-0.04362264858428076
-0.602584506001923
0.0016104007553569008
-0.00830635821547343
1.2387616598195395
-0.05263489411201415
0.0007855286753802411
-1.0376185231092356
0.026731323483211323
1.265293074035191
-0.004837048429077331
0.026666420203120857
-1.2208401911777362
0.11865087622537987
-0.0026511990324908875
0.007148445066955867
0.2513585934304464
-0.009498295572790475
0.33136514415932167
0.0
0.0
0.0
0.0
0.0
0.0
0.0
0.0
0.0
0.0
0.0
0.0
0.0
0.0
0.0
0.0
0.0
0.0
0.0
0.0
0.0
0.0
0.0
0.0
0.0
0.0
0.0
0.0
0.0
0.0
0.0
0.0
0.0
0.0
0.0
0.0
0.0
0.0
0.0
0.0
0.0
0.0
0.0
0.0
0.0
0.0
0.0
0.0
0.0
0.0
0.0
0.0
0.0
0.0
0.0
0.0
0.0
0.0
0.0
0.0
0.0
0.0
0.0
0.0
0.0
0.0
0.0
0.0
0.0
0.0
0.0
0.0
0.0
0.0
0.0
0.0
0.0
0.0
0.0
0.0
0.0
0.0
0.0
0.0
0.0
0.0
0.0
0.0
0.0
0.0
0.0
0.0
0.0
0.0
0.0
0.0
0.0
0.0
0.0
0.0
0.0
0.0
0.0
0.0
0.0
0.0
0.0
0.0
0.0
0.0
0.0
0.0
0.0
0.0
0.0
0.0
0.0
0.0
0.0
0.0
0.0
0.0
0.0
0.0
0.0
0.0
0.0
0.0
0.0
0.0
0.0
0.0
0.0
0.0
0.0
1.0845159395970523
-0.2635078014278083
-0.003597871174181032
-0.023741182151436377
-0.08565896003635173
0.004764570860438623
0.029575738297156907
0.11149878354356739
0.04167223700284195
0.004339199668969061
0.019421335070837705
0.08828472786351446
-0.0009841388205818864
-0.011022330710606931
-0.041784051477075645
0.9998234775898994
-0.0070695080928248576
0.01385855313228071
-0.6676154465493913
0.011065822830824773
-0.018017750918030123
1.331475879153375
0.03992410331683017
0.010689272540443292
-1.1014894714569943
-0.03853319070855554
1.3286230598974929
-0.01738642630192919
-0.03895474809690869
-1.2075911409255022
0.1417458361036983
-0.00530637005043256
0.009801592507980048
0.25591128517991324
0.027856866962187622
0.3189687472649559
0.0
0.0
0.0
0.0
0.0
0.0
0.0
0.0
0.0
0.0
0.0
0.0
0.0
0.0
0.0
0.0
0.0
0.0
0.0
0.0
0.0
0.0
0.0
0.0
0.0
0.0
0.0
0.0
0.0
0.0
0.0
0.0
0.0
0.0
0.0
0.0
0.0
0.0
0.0
0.0
0.0
0.0
0.0
0.0
0.0
0.0
0.0
0.0
0.0
0.0
0.0
0.0
0.0
0.0
0.0
0.0
0.0
0.0
0.0
0.0
0.0
0.0
0.0
0.0
0.0
0.0
0.0
0.0
0.0
0.0
0.0
0.0
0.0
0.0
0.0
0.0
0.0
0.0
0.0
0.0
0.0
0.0
0.0
0.0
0.0
0.0
0.0
0.0
0.0
0.0
0.0
0.0
0.0
0.0
0.0
0.0
0.0
0.0
0.0
0.0
0.0
0.0
0.0
0.0
0.0
0.0
0.0
0.0
0.0
0.0
0.0
0.0
0.0
0.0
0.0
0.0
0.0
0.0
0.0
0.0
0.0
0.0
0.0
0.0
0.0
0.0
0.0
0.0
0.0
0.0
0.0
0.0
0.0
0.0
0.0
1.0617031154032792
-0.1914285546293122
0.14399234334367933
0.012820614674179536
-0.0009905789668889944
-0.22179697373299323
-0.021249205987097362
-0.0011033750022516617
0.032437027207419075
-0.2457223245873863
-0.022678325839463512
-0.003706291980815874
0.12459032701253378
0.008053709953653386
0.0007813432044069807
1.0965173144351112
0.03310443594087774
0.025367800443253333
-0.7580740039644698
-0.007944656847821342
-0.0037731163620065983
1.1767913329908195
-0.008060557149430896
-0.008611173962365468
-0.9508281824069368
0.004262749913215274
0.7454524025980301
-0.0034219418603625355
0.004036834056474229
-0.45220089248481504
0.1729780755679778
0.00013971223408799804
0.0001528805676879685
0.21944216149594525
-0.0016697839850180712
0.09128971089495982
0.0
0.0
0.0
0.0
0.0
0.0
0.0
0.0
0.0
0.0
0.0
0.0
0.0
0.0
0.0
0.0
0.0
0.0
0.0
0.0
0.0
0.0
0.0
0.0
0.0
0.0
0.0
0.0
0.0
0.0
0.0
0.0
0.0
0.0
0.0
0.0
0.0
0.0
0.0
0.0
0.0
0.0
0.0
0.0
0.0
0.0
0.0
0.0
0.0
0.0
0.0
0.0
0.0
0.0
0.0
0.0
0.0
0.0
0.0
0.0
0.0
0.0
0.0
0.0
0.0
0.0
0.0
0.0
0.0
0.0
0.0
0.0
0.0
0.0
0.0
0.0
0.0
0.0
0.0
0.0
0.0
0.0
0.0
0.0
0.0
0.0
0.0
0.0
0.0
0.0
0.0
0.0
0.0
0.0
0.0
0.0
0.0
0.0
0.0
0.0
0.0
0.0
0.0
0.0
0.0
0.0
0.0
0.0
0.0
0.0
0.0
0.0
0.0
0.0
0.0
0.0
0.0
0.0
0.0
0.0
0.0
0.0
0.0
0.0
0.0
0.0
0.0
0.0
0.0
0.0
0.0
0.0
0.0
0.0
0.0
1.0746666026891538
-0.21627867829344521
0.18251774915860552
0.09807878970912098
0.002213197480661562
-0.25780936506090407
-0.12366489542165202
-0.004128291589678598
0.035720275511412325
-0.2537982135125883
-0.08050591463821852
-0.002072455162113289
0.13573004347899612
0.05236180775298939
0.0010786085510758612
1.1159645528005004
0.14552853359320744
0.01804458890811092
-0.8705990088793389
-0.07797774864254547
0.0023902318932643553
1.3039576819935843
0.02680403582926302
-0.07740156140467297
-1.11431894611618
-0.003037727280235587
0.9467953211782805
0.003091008686394335
-0.001928031699088324
-0.6199804065651078
0.20983523698448614
0.05809804693797486
0.0005515773783585023
0.2739525162547885
0.0008746050899658257
0.1261464390828958
0.0
0.0
0.0
0.0
0.0
0.0
0.0
0.0
0.0
0.0
0.0
0.0
0.0
0.0
0.0
0.0
0.0
0.0
0.0
0.0
0.0
0.0
0.0
0.0
0.0
0.0
0.0
0.0
0.0
0.0
0.0
0.0
0.0
0.0
0.0
0.0
0.0
0.0
0.0
0.0
0.0
0.0
0.0
0.0
0.0
0.0
0.0
0.0
0.0
0.0
0.0
0.0
0.0
0.0
0.0
0.0
0.0
0.0
0.0
0.0
0.0
0.0
0.0
0.0
0.0
0.0
0.0
0.0
0.0
0.0
0.0
0.0
0.0
0.0
0.0
0.0
0.0
0.0
0.0
0.0
0.0
0.0
0.0
0.0
0.0
0.0
0.0
0.0
0.0
0.0
0.0
0.0
0.0
0.0
0.0
0.0
0.0
0.0
0.0
0.0
0.0
0.0
0.0
0.0
0.0
0.0
0.0
0.0
0.0
0.0
0.0
0.0
0.0
0.0
0.0
0.0
0.0
0.0
0.0
0.0
0.0
0.0
0.0
0.0
0.0
0.0
0.0
0.0
0.0
0.0
0.0
0.0
0.0
0.0
0.0
1.0580513688791855
-0.17810557755094986
0.14426049561630908
-0.024760776271859557
0.002365933782235965
-0.22646810883762086
0.035536047513361674
0.002404596502668369
0.03362848691250556
-0.26080560071567876
0.03129186932647485
0.01402687389961625
0.12941681104907282
-0.011076756810543516
-0.005195110235987353
1.0614195875210128
-0.06431706458886745
0.01543937602664859
-0.7475266088727481
0.029296217474849895
0.009999502716178332
1.1304485605675083
0.0739004435484531
0.030082092776934924
-0.888068158455651
-0.004024595104141448
0.6213033533522763
0.012914639674070642
0.00014939530524823484
-0.42222727435528373
0.17357698804363367
-0.008871363252758972
-0.007088163634400436
0.2034443102182864
-0.0036776922402974015
0.09241807703251245
0.0
0.0
0.0
0.0
0.0
0.0
0.0
0.0
0.0
0.0
0.0
0.0
0.0
0.0
0.0
0.0
0.0
0.0
0.0
0.0
0.0
0.0
0.0
0.0
0.0
0.0
0.0
0.0
0.0
0.0
0.0
0.0
0.0
0.0
0.0
0.0
0.0
0.0
0.0
0.0
0.0
0.0
0.0
0.0
0.0
0.0
0.0
0.0
0.0
0.0
0.0
0.0
0.0
0.0
0.0
0.0
0.0
0.0
0.0
0.0
0.0
0.0
0.0
0.0
0.0
0.0
0.0
0.0
0.0
0.0
0.0
0.0
0.0
0.0
0.0
0.0
0.0
0.0
0.0
0.0
0.0
0.0
0.0
0.0
0.0
0.0
0.0
0.0
0.0
0.0
0.0
0.0
0.0
0.0
0.0
0.0
0.0
0.0
0.0
0.0
0.0
0.0
0.0
0.0
0.0
0.0
0.0
0.0
0.0
0.0
0.0
0.0
0.0
0.0
0.0
0.0
0.0
0.0
0.0
0.0
0.0
0.0
0.0
0.0
0.0
0.0
0.0
0.0
0.0
0.0
0.0
0.0
0.0
0.0
0.0
1.0740566376243526
-0.21083968180897933
0.19452246155327266
-0.09199124065352114
0.011068789915240506
-0.27845511378118504
0.11764711044627654
-0.019896910754514142
0.03731085179504452
-0.27704827381737507
0.0777816913720043
-0.02340418068810718
0.14764705091904945
-0.04868183880536883
0.00906503481902805
1.149019531745512
-0.1798241984226575
0.048689189886646694
-0.9198258491435447
0.08364080915539113
-0.021760962202714652
1.2590667949389314
-0.04316579934550395
0.082922801222376
-1.0744473284279812
0.012076522021899409
0.9268462112044202
-0.021295804574720086
0.011076266697050521
-0.5841651723189416
0.22520376613715704
-0.05674777986689737
0.013548257980406533
0.2631965033617828
-0.004593910190422174
0.12465483314227074
0.0
0.0
0.0
0.0
0.0
0.0
0.0
0.0
0.0
0.0
0.0
0.0
0.0
0.0
0.0
0.0
0.0
0.0
0.0
0.0
0.0
0.0
0.0
0.0
0.0
0.0
0.0
0.0
0.0
0.0
0.0
0.0
0.0
0.0
0.0
0.0
0.0
0.0
0.0
0.0
0.0
0.0
0.0
0.0
0.0
0.0
0.0
0.0
0.0
0.0
0.0
0.0
0.0
0.0
0.0
0.0
0.0
0.0
0.0
0.0
0.0
0.0
0.0
0.0
0.0
0.0
0.0
0.0
0.0
0.0
0.0
0.0
0.0
0.0
0.0
0.0
0.0
0.0
0.0
0.0
0.0
0.0
0.0
0.0
0.0
0.0
0.0
0.0
0.0
0.0
0.0
0.0
0.0
0.0
0.0
0.0
0.0
0.0
0.0
0.0
0.0
0.0
0.0
0.0
0.0
0.0
0.0
0.0
0.0
0.0
0.0
0.0
0.0
0.0
0.0
0.0
0.0
0.0
0.0
0.0
0.0
0.0
0.0
0.0
0.0
0.0
0.0
0.0
0.0
0.0
0.0
0.0
0.0
0.0
0.0
1.0754291145003778
-0.24931189048564623
-0.0258012873250537
0.013951283919187454
-0.002189240781700739
0.031238987210317974
-0.019940976753947418
0.003733664847119354
0.041505475367345473
0.025505046336556078
-0.016634687056058653
0.0040254661680803475
-0.023207133392191534
0.005455048710312299
-0.002126433854417973
1.2606010996730879
-0.0328621137461368
0.017575168635644105
-1.1997454845007995
0.017269162547494422
-0.005651876948155802
1.2443383390091074
0.0007480739327621294
0.018285492504767107
-0.9994351091659808
0.004375487084978512
1.1182791068847728
-0.004582872142886912
0.0048581260160182075
-0.6014926637759386
0.31409648165767984
-0.007403455975788724
0.0016831454043412784
0.23259859731290192
-0.002326909783988412
0.11437104756375989
0.0
0.0
0.0
0.0
0.0
0.0
0.0
0.0
0.0
0.0
0.0
0.0
0.0
0.0
0.0
0.0
0.0
0.0
0.0
0.0
0.0
0.0
0.0
0.0
0.0
0.0
0.0
0.0
0.0
0.0
0.0
0.0
0.0
0.0
0.0
0.0
0.0
0.0
0.0
0.0
0.0
0.0
0.0
0.0
0.0
0.0
0.0
0.0
0.0
0.0
0.0
0.0
0.0
0.0
0.0
0.0
0.0
0.0
0.0
0.0
0.0
0.0
0.0
0.0
0.0
0.0
0.0
0.0
0.0
0.0
0.0
0.0
0.0
0.0
0.0
0.0
0.0
0.0
0.0
0.0
0.0
0.0
0.0
0.0
0.0
0.0
0.0
0.0
0.0
0.0
0.0
0.0
0.0
0.0
0.0
0.0
0.0
0.0
0.0
0.0
0.0
0.0
0.0
0.0
0.0
0.0
0.0
0.0
0.0
0.0
0.0
0.0
0.0
0.0
0.0
0.0
0.0
0.0
0.0
0.0
0.0
0.0
0.0
0.0
0.0
0.0
0.0
0.0
0.0
0.0
0.0
0.0
0.0
0.0
0.0
1.0791277180635221
-0.2580116859046042
0.021953810155148305
-0.02375090848557751
0.0014623079225126532
-0.02314696683454924
0.047964001934166264
-0.0016446402034499155
0.035348390764469204
-0.0059345166562100714
0.06978140775174285
-0.0015867208877682563
-0.005495053516118986
-0.03267070429145463
0.0006179087200189479
1.360429798846698
-0.04029203724578592
-0.024138466327793987
-1.2536673425332228
-0.0345509607677026
0.015176603259069976
1.2026651076181412
0.020124227558915617
-0.03603790435656849
-0.9790964829261694
0.0021523948324165313
1.0764876096499965
0.014751418720892914
0.0027317048975446403
-0.6470726693988185
0.31786713958735113
0.03468576187207569
-0.00708536322710359
0.22508521285430982
-0.0032342180536841948
0.12617846315664988
0.0
0.0
0.0
0.0
0.0
0.0
0.0
0.0
0.0
0.0
0.0
0.0
0.0
0.0
0.0
0.0
0.0
0.0
0.0
0.0
0.0
0.0
0.0
0.0
0.0
0.0
0.0
0.0
0.0
0.0
0.0
0.0
0.0
0.0
0.0
0.0
0.0
0.0
0.0
0.0
0.0
0.0
0.0
0.0
0.0
0.0
0.0
0.0
0.0
0.0
0.0
0.0
0.0
0.0
0.0
0.0
0.0
0.0
0.0
0.0
0.0
0.0
0.0
0.0
0.0
0.0
0.0
0.0
0.0
0.0
0.0
0.0
0.0
0.0
0.0
0.0
0.0
0.0
0.0
0.0
0.0
0.0
0.0
0.0
0.0
0.0
0.0
0.0
0.0
0.0
0.0
0.0
0.0
0.0
0.0
0.0
0.0
0.0
0.0
0.0
0.0
0.0
0.0
0.0
0.0
0.0
0.0
0.0
0.0
0.0
0.0
0.0
0.0
0.0
0.0
0.0
0.0
0.0
0.0
0.0
0.0
0.0
0.0
0.0
0.0
0.0
0.0
0.0
0.0
0.0
0.0
0.0
0.0
0.0
0.0
1.0758979614474038
-0.23853780703920296
-0.07659099662367866
-0.010824166042561104
0.003332336741137256
0.11535782131318835
0.016210894276812826
-0.0016320990531065009
0.04698591972452243
0.12361906345708767
0.013675909064114611
0.002675440058414031
-0.06209416215486518
-0.0049824309524191986
-0.0009319878284822537
1.2258807130293468
0.04260360581877008
0.014313566753617406
-1.1094655875768384
-0.015844449393292354
-0.004495926029074022
1.242837127796593
-0.007892995533639612
-0.01680613882638212
-1.0311186108042936
-0.004502874671095475
1.0615668229713848
-0.0038581221447511853
-0.005323956199161112
-0.5951885168037476
0.29169503858374213
0.005911956513493889
0.0013374942147805309
0.24657962943539907
0.0031457062361595
0.11669363359687582
0.0
0.0
0.0
0.0
0.0
0.0
0.0
0.0
0.0
0.0
0.0
0.0
0.0
0.0
0.0
0.0
0.0
0.0
0.0
0.0
0.0
0.0
0.0
0.0
0.0
0.0
0.0
0.0
0.0
0.0
0.0
0.0
0.0
0.0
0.0
0.0
0.0
0.0
0.0
0.0
0.0
0.0
0.0
0.0
0.0
0.0
0.0
0.0
0.0
0.0
0.0
0.0
0.0
0.0
0.0
0.0
0.0
0.0
0.0
0.0
0.0
0.0
0.0
0.0
0.0
0.0
0.0
0.0
0.0
0.0
0.0
0.0
0.0
0.0
0.0
0.0
0.0
0.0
0.0
0.0
0.0
0.0
0.0
0.0
0.0
0.0
0.0
0.0
0.0
0.0
0.0
0.0
0.0
0.0
0.0
0.0
0.0
0.0
0.0
0.0
0.0
0.0
0.0
0.0
0.0
0.0
0.0
0.0
0.0
0.0
0.0
0.0
0.0
0.0
0.0
0.0
0.0
0.0
0.0
0.0
0.0
0.0
0.0
0.0
0.0
0.0
0.0
0.0
0.0
0.0
0.0
0.0
0.0
0.0
0.0
1.0798296550734807
-0.26012279498758495
-0.038116696767564205
0.011086241101536732
0.003817333277199503
0.05606662464658581
-0.02938630498395445
-0.0015698933050869877
0.03667731903050106
0.05834775489565628
-0.05404981770619041
0.004920007429856596
-0.04242062071452311
0.02510734804679336
0.000844750728921188
1.3502534983462282
0.07956357953531332
-0.012108854321342203
-1.242490861804582
0.0010597165353922295
0.007958230620085716
1.1951715209654146
-0.0072794950672117
0.0026231120063774137
-1.0127503569425498
-0.00018360445816623843
1.1224356140733196
0.0075440217424727896
-0.00031258695848554344
-0.643743192140976
0.3136413848271914
-0.013842646614360302
-0.0035659727329052458
0.23883975565919757
-0.00015158858191026273
0.12435578066371311
0.0
0.0
0.0
0.0
0.0
0.0
0.0
0.0
0.0
0.0
0.0
0.0
0.0
0.0
0.0
0.0
0.0
0.0
0.0
0.0
0.0
0.0
0.0
0.0
0.0
0.0
0.0
0.0
0.0
0.0
0.0
0.0
0.0
0.0
0.0
0.0
0.0
0.0
0.0
0.0
0.0
0.0
0.0
0.0
0.0
0.0
0.0
0.0
0.0
0.0
0.0
0.0
0.0
0.0
0.0
0.0
0.0
0.0
0.0
0.0
0.0
0.0
0.0
0.0
0.0
0.0
0.0
0.0
0.0
0.0
0.0
0.0
0.0
0.0
0.0
0.0
0.0
0.0
0.0
0.0
0.0
0.0
0.0
0.0
0.0
0.0
0.0
0.0
0.0
0.0
0.0
0.0
0.0
0.0
0.0
0.0
0.0
0.0
0.0
0.0
0.0
0.0
0.0
0.0
0.0
0.0
0.0
0.0
0.0
0.0
0.0
0.0
0.0
0.0
0.0
0.0
0.0
0.0
0.0
0.0
0.0
0.0
0.0
0.0
0.0
0.0
0.0
0.0
0.0
0.0
0.0
0.0
0.0
0.0
0.0
1.084253509889665
-0.26866429354969235
0.042028919418714644
0.020503961800426962
0.0703483723991024
-0.058512537157683495
-0.025753109849606298
-0.08326536269046489
0.03895200511434323
-0.05179005560803755
-0.01583942353184089
-0.05392006543263374
0.024020568015328845
0.014222006275121189
0.03418968167654469
1.1547537309052753
0.11242540443707724
0.04166527680814951
-0.7274611860772974
-0.059553560406636785
-0.024895574813907972
1.3155627896125082
0.04011133863920561
-0.06156518337867864
-1.1038520236354818
-0.05319639571734719
1.315024387689795
-0.0261398454175632
-0.053841911001997936
-1.2227601084261503
0.14265386128865315
0.03454473676181272
0.01986360354269269
0.25808837567837384
0.03849325857401367
0.31812673766602517
0.0
0.0
0.0
0.0
0.0
0.0
0.0
0.0
0.0
0.0
0.0
0.0
0.0
0.0
0.0
0.0
0.0
0.0
0.0
0.0
0.0
0.0
0.0
0.0
0.0
0.0
0.0
0.0
0.0
0.0
0.0
0.0
0.0
0.0
0.0
0.0
0.0
0.0
0.0
0.0
0.0
0.0
0.0
0.0
0.0
0.0
0.0
0.0
0.0
0.0
0.0
0.0
0.0
0.0
0.0
0.0
0.0
0.0
0.0
0.0
0.0
0.0
0.0
0.0
0.0
0.0
0.0
0.0
0.0
0.0
0.0
0.0
0.0
0.0
0.0
0.0
0.0
0.0
0.0
0.0
0.0
0.0
0.0
0.0
0.0
0.0
0.0
0.0
0.0
0.0
0.0
0.0
0.0
0.0
0.0
0.0
0.0
0.0
0.0
0.0
0.0
0.0
0.0
0.0
0.0
0.0
0.0
0.0
0.0
0.0
0.0
0.0
0.0
0.0
0.0
0.0
0.0
0.0
0.0
0.0
0.0
0.0
0.0
0.0
0.0
0.0
0.0
0.0
0.0
0.0
0.0
0.0
0.0
0.0
0.0
1.0865387587679955
-0.2678236111591771
0.04414437180161107
0.04272034717256079
-0.003385018913904996
-0.06421494336218798
-0.06318576705626153
0.010710743199214003
0.041243012754578465
-0.06148483237183318
-0.059733731508717636
0.01955983996222904
0.030303219617822945
0.02066396337610287
0.006255016484886419
1.1857453312757484
0.07166132236040663
0.09280394593824375
-0.7336156987562876
-0.04978208660729328
-0.06071705289988153
1.2948871841677951
0.06968879938401878
-0.05126337906342229
-1.0332433040212412
-0.10768791595108634
1.3826000108085506
-0.06308810068666107
-0.10728725363279772
-1.2861172666865588
0.14276029324138526
0.02729517136178325
0.04360889365751808
0.24499253649500707
0.061887979244502636
0.33744127365218135
0.0
0.0
0.0
0.0
0.0
0.0
0.0
0.0
0.0
0.0
0.0
0.0
0.0
0.0
0.0
0.0
0.0
0.0
0.0
0.0
0.0
0.0
0.0
0.0
0.0
0.0
0.0
0.0
0.0
0.0
0.0
0.0
0.0
0.0
0.0
0.0
0.0
0.0
0.0
0.0
0.0
0.0
0.0
0.0
0.0
0.0
0.0
0.0
0.0
0.0
0.0
0.0
0.0
0.0
0.0
0.0
0.0
0.0
0.0
0.0
0.0
0.0
0.0
0.0
0.0
0.0
0.0
0.0
0.0
0.0
0.0
0.0
0.0
0.0
0.0
0.0
0.0
0.0
0.0
0.0
0.0
0.0
0.0
0.0
0.0
0.0
0.0
0.0
0.0
0.0
0.0
0.0
0.0
0.0
0.0
0.0
0.0
0.0
0.0
0.0
0.0
0.0
0.0
0.0
0.0
0.0
0.0
0.0
0.0
0.0
0.0
0.0
0.0
0.0
0.0
0.0
0.0
0.0
0.0
0.0
0.0
0.0
0.0
0.0
0.0
0.0
0.0
0.0
0.0
0.0
0.0
0.0
0.0
0.0
0.0
1.0843836563126055
-0.25527787501781324
0.050833873776261404
-0.049951180752624696
0.11279284075422183
-0.07297248553905826
0.06332086400197895
-0.14325359197795368
0.044440184520773564
-0.0682737503350343
0.04216010511837087
-0.10833067845616773
0.031466950066423055
-0.03309601107364128
0.056541581614928366
1.137263674227814
-0.11761658131471464
0.0798528780207112
-0.7176062132390558
0.0683526637245472
-0.03681587499176358
1.3231102408648834
-0.09233751312296948
0.0702153328485059
-1.1188506155181834
0.09431269516473473
1.2557115686788638
-0.03943897810187711
0.09601075421907437
-1.1470401498769147
0.14024735403571498
-0.040969096649941764
0.02670461624918731
0.26915539524086896
-0.06689035639870075
0.306226718894344
0.0
0.0
0.0
0.0
0.0
0.0
0.0
0.0
0.0
0.0
0.0
0.0
0.0
0.0
0.0
0.0
0.0
0.0
0.0
0.0
0.0
0.0
0.0
0.0
0.0
0.0
0.0
0.0
0.0
0.0
0.0
0.0
0.0
0.0
0.0
0.0
0.0
0.0
0.0
0.0
0.0
0.0
0.0
0.0
0.0
0.0
0.0
0.0
0.0
0.0
0.0
0.0
0.0
0.0
0.0
0.0
0.0
0.0
0.0
0.0
0.0
0.0
0.0
0.0
0.0
0.0
0.0
0.0
0.0
0.0
0.0
0.0
0.0
0.0
0.0
0.0
0.0
0.0
0.0
0.0
0.0
0.0
0.0
0.0
0.0
0.0
0.0
0.0
0.0
0.0
0.0
0.0
0.0
0.0
0.0
0.0
0.0
0.0
0.0
0.0
0.0
0.0
0.0
0.0
0.0
0.0
0.0
0.0
0.0
0.0
0.0
0.0
0.0
0.0
0.0
0.0
0.0
0.0
0.0
0.0
0.0
0.0
0.0
0.0
0.0
0.0
0.0
0.0
0.0
0.0
0.0
0.0
0.0
0.0
0.0
1.082791583045477
-0.2610354033428711
0.06239773736835903
-0.032007065241053984
0.028498616781792434
-0.09468343005003886
0.048326392625556144
-0.027467031881826684
0.04350948467133264
-0.09503459895295525
0.04535701368274725
-0.00618765787758366
0.04576541096015886
-0.013776706281834548
0.015337404521286882
1.1871506161642662
-0.08199953309861199
0.05179297896371235
-0.725904574379845
0.0462662993655766
-0.018315533812702105
1.2917225277883544
-0.09148222659094515
0.04819294458028339
-1.0228324901436165
0.09886078080766333
1.3045332814884176
-0.020197123005589186
0.09951940056707158
-1.241811117265926
0.1391590805426003
-0.02245454429336166
0.017070165068686076
0.24184237223249894
-0.05329064121831195
0.3326938106291854
0.0
0.0
0.0
0.0
0.0
0.0
0.0
0.0
0.0
0.0
0.0
0.0
0.0
0.0
0.0
0.0
0.0
0.0
0.0
0.0
0.0
0.0
0.0
0.0
0.0
0.0
0.0
0.0
0.0
0.0
0.0
0.0
0.0
0.0
0.0
0.0
0.0
0.0
0.0
0.0
0.0
0.0
0.0
0.0
0.0
0.0
0.0
0.0
0.0
0.0
0.0
0.0
0.0
0.0
0.0
0.0
0.0
0.0
0.0
0.0
0.0
0.0
0.0
0.0
0.0
0.0
0.0
0.0
0.0
0.0
0.0
0.0
0.0
0.0
0.0
0.0
0.0
0.0
0.0
0.0
0.0
0.0
0.0
0.0
0.0
0.0
0.0
0.0
0.0
0.0
0.0
0.0
0.0
0.0
0.0
0.0
0.0
0.0
0.0
0.0
0.0
0.0
0.0
0.0
0.0
0.0
0.0
0.0
0.0
0.0
0.0
0.0
0.0
0.0
0.0
0.0
0.0
0.0
0.0
0.0
0.0
0.0
0.0
0.0
0.0
0.0
0.0
0.0
0.0
0.0
0.0
0.0
0.0
0.0
0.0
1.0869513759272795
-0.275019220669916
0.01727989293957945
-0.0005295948144476867
-0.04629674715261968
-0.023529700414615058
0.002741636281989827
0.06426644186491796
0.038039020846690405
-0.019283990981448354
0.007177853270044738
0.0581367479986408
0.009425480107393101
0.00037078257263124196
-0.03439405873867391
1.1601304572831315
0.09429520144543499
-0.09126904047634571
-0.7235415167124575
-0.05459233510350872
0.04665191147234418
1.312202326607934
-0.01342783596144823
-0.056352676173024106
-1.1185138834935888
0.015786083985236492
1.362729697334964
0.04939927546000806
0.015966692921628646
-1.2561165652910833
0.1433273936737594
0.030485281250989593
-0.028991542450104928
0.26377247190417297
-0.012016873994931109
0.32246900929837885
0.0
0.0
0.0
0.0
0.0
0.0
0.0
0.0
0.0
0.0
0.0
0.0
0.0
0.0
0.0
0.0
0.0
0.0
0.0
0.0
0.0
0.0
0.0
0.0
0.0
0.0
0.0
0.0
0.0
0.0
0.0
0.0
0.0
0.0
0.0
0.0
0.0
0.0
0.0
0.0
0.0
0.0
0.0
0.0
0.0
0.0
0.0
0.0
0.0
0.0
0.0
0.0
0.0
0.0
0.0
0.0
0.0
0.0
0.0
0.0
0.0
0.0
0.0
0.0
0.0
0.0
0.0
0.0
0.0
0.0
0.0
0.0
0.0
0.0
0.0
0.0
0.0
0.0
0.0
0.0
0.0
0.0
0.0
0.0
0.0
0.0
0.0
0.0
0.0
0.0
0.0
0.0
0.0
0.0
0.0
0.0
0.0
0.0
0.0
0.0
0.0
0.0
0.0
0.0
0.0
0.0
0.0
0.0
0.0
0.0
0.0
0.0
0.0
0.0
0.0
0.0
0.0
0.0
0.0
0.0
0.0
0.0
0.0
0.0
0.0
0.0
0.0
0.0
0.0
0.0
0.0
0.0
0.0
0.0
0.0
1.0853606009602517
-0.2625144150617437
0.06180382387768888
0.05022973957320036
-0.04818410394972472
-0.08961615716343593
-0.07343585553987617
0.04342845892460008
0.045968225617435354
-0.08380377597494779
-0.06688059922845863
0.001644136321338197
0.041343526010582554
0.02555856982318678
-0.02199293049439188
1.184509817202972
0.09896728814819089
-0.05044336128428278
-0.7296430646917405
-0.0552608497329377
0.03155937750133166
1.310288102790552
-0.10378501902769523
-0.0575860054882049
-1.074094814873988
0.11111567872719044
1.3064597912502334
0.03258716418884025
0.11177320530101503
-1.2391959380517041
0.14201258832034475
0.029543954830861103
-0.027914160005219228
0.26138335422815107
-0.06462280829742635
0.33064406908183264
0.0
0.0
0.0
0.0
0.0
0.0
0.0
0.0
0.0
0.0
0.0
0.0
0.0
0.0
0.0
0.0
0.0
0.0
0.0
0.0
0.0
0.0
0.0
0.0
0.0
0.0
0.0
0.0
0.0
0.0
0.0
0.0
0.0
0.0
0.0
0.0
0.0
0.0
0.0
0.0
0.0
0.0
0.0
0.0
0.0
0.0
0.0
0.0
0.0
0.0
0.0
0.0
0.0
0.0
0.0
0.0
0.0
0.0
0.0
0.0
0.0
0.0
0.0
0.0
0.0
0.0
0.0
0.0
0.0
0.0
0.0
0.0
0.0
0.0
0.0
0.0
0.0
0.0
0.0
0.0
0.0
0.0
0.0
0.0
0.0
0.0
0.0
0.0
0.0
0.0
0.0
0.0
0.0
0.0
0.0
0.0
0.0
0.0
0.0
0.0
0.0
0.0
0.0
0.0
0.0
0.0
0.0
0.0
0.0
0.0
0.0
0.0
0.0
0.0
0.0
0.0
0.0
0.0
0.0
0.0
0.0
0.0
0.0
0.0
0.0
0.0
0.0
0.0
0.0
0.0
0.0
0.0
0.0
0.0
0.0
1.0858517147833169
-0.2731175251560605
0.04058304928058949
-0.016929121442246186
-0.04923593133225977
-0.0605333988571361
0.02112760240428374
0.059402462022158035
0.03903697529151673
-0.059328958458487686
0.012840153956838178
0.04017270315556383
0.02591953109056268
-0.012296973012582804
-0.022537888054758027
1.1646163965356113
-0.09485218716151331
-0.05876613691557166
-0.7201272633485014
0.054034601559649655
0.01665022435679828
1.3139940550422278
0.041380229028526276
0.05584340859427405
-1.096131631554512
-0.06480228393803641
1.3394066563197127
0.01915152697431434
-0.06513727042375222
-1.2619966979912836
0.14043216863897778
-0.03112216010806821
-0.013084436452592762
0.25671325143996593
0.04472321623491559
0.33376114118867484
0.0
0.0
0.0
0.0
0.0
0.0
0.0
0.0
0.0
0.0
0.0
0.0
0.0
0.0
0.0
0.0
0.0
0.0
0.0
0.0
0.0
0.0
0.0
0.0
0.0
0.0
0.0
0.0
0.0
0.0
0.0
0.0
0.0
0.0
0.0
0.0
0.0
0.0
0.0
0.0
0.0
0.0
0.0
0.0
0.0
0.0
0.0
0.0
0.0
0.0
0.0
0.0
0.0
0.0
0.0
0.0
0.0
0.0
0.0
0.0
0.0
0.0
0.0
0.0
0.0
0.0
0.0
0.0
0.0
0.0
0.0
0.0
0.0
0.0
0.0
0.0
0.0
0.0
0.0
0.0
0.0
0.0
0.0
0.0
0.0
0.0
0.0
0.0
0.0
0.0
0.0
0.0
0.0
0.0
0.0
0.0
0.0
0.0
0.0
0.0
0.0
0.0
0.0
0.0
0.0
0.0
0.0
0.0
0.0
0.0
0.0
0.0
0.0
0.0
0.0
0.0
0.0
0.0
0.0
0.0
0.0
0.0
0.0
0.0
0.0
0.0
0.0
0.0
0.0
0.0
0.0
0.0
0.0
0.0
0.0
1.0810339544737038
-0.2416932603315516
0.08175103297418343
-0.062248454092680885
-0.10698648482913625
-0.110008219255611
0.09085996462214718
0.12482844534059327
0.04957566041158163
-0.09154191440052484
0.07888845263183127
0.07819780126842243
0.05260881875314803
-0.03413025188626471
-0.054506785974870686
1.16504792555865
-0.11467461211591479
-0.05222945170735047
-0.7186341521668238
0.0582099985515028
0.057377540805193236
1.2795505859149023
0.1984846663651203
0.06110056189698754
-1.0513699421150493
-0.12806105054623845
1.1996073349501974
0.05799180915148858
-0.13043404525693625
-1.126173842203437
0.13855700843091723
-0.034481884284924394
-0.04522679435547081
0.2586027272585182
0.07407690760595258
0.3052574291368852
0.0
0.0
0.0
0.0
0.0
0.0
0.0
0.0
0.0
0.0
0.0
0.0
0.0
0.0
0.0
0.0
0.0
0.0
0.0
0.0
0.0
0.0
0.0
0.0
0.0
0.0
0.0
0.0
0.0
0.0
0.0
0.0
0.0
0.0
0.0
0.0
0.0
0.0
0.0
0.0
0.0
0.0
0.0
0.0
0.0
0.0
0.0
0.0
0.0
0.0
0.0
0.0
0.0
0.0
0.0
0.0
0.0
0.0
0.0
0.0
0.0
0.0
0.0
0.0
0.0
0.0
0.0
0.0
0.0
0.0
0.0
0.0
0.0
0.0
0.0
0.0
0.0
0.0
0.0
0.0
0.0
0.0
0.0
0.0
0.0
0.0
0.0
0.0
0.0
0.0
0.0
0.0
0.0
0.0
0.0
0.0
0.0
0.0
0.0
0.0
0.0
0.0
0.0
0.0
0.0
0.0
0.0
0.0
0.0
0.0
0.0
0.0
0.0
0.0
0.0
0.0
0.0
0.0
0.0
0.0
0.0
0.0
0.0
0.0
0.0
0.0
0.0
0.0
0.0
0.0
0.0
0.0
0.0
0.0
0.0
1.0955640965454332
-0.2870101694800431
-0.0018127120115626464
0.3103824216000635
-0.039771418605409864
-0.012013336523194421
-0.4492554782960429
0.05869626150745558
0.049748503997186874
-0.027621825276824365
-0.4254633534980595
0.055992814837759725
-0.009044442165033013
0.23833569007935224
-0.03089207228631332
1.3707118470845323
-0.3994147752590196
0.033952371597989986
-1.2143207631510373
0.4685533435396661
-0.05459214048287604
1.5996724375053737
-0.178192434674772
0.46685024133670683
-1.620076593040662
0.1337614310937366
0.9376002848063293
-0.05468854612300273
0.13379593310077476
-0.5837521152584397
0.29674849237285306
-0.3405315089021005
0.040945834404288284
0.4548395934724553
-0.09034616541356047
0.10338611427609046
0.0
0.0
0.0
0.0
0.0
0.0
0.0
0.0
0.0
0.0
0.0
0.0
0.0
0.0
0.0
0.0
0.0
0.0
0.0
0.0
0.0
0.0
0.0
0.0
0.0
0.0
0.0
0.0
0.0
0.0
0.0
0.0
0.0
0.0
0.0
0.0
0.0
0.0
0.0
0.0
0.0
0.0
0.0
0.0
0.0
0.0
0.0
0.0
0.0
0.0
0.0
0.0
0.0
0.0
0.0
0.0
0.0
0.0
0.0
0.0
0.0
0.0
0.0
0.0
0.0
0.0
0.0
0.0
0.0
0.0
0.0
0.0
0.0
0.0
0.0
0.0
0.0
0.0
0.0
0.0
0.0
0.0
0.0
0.0
0.0
0.0
0.0
0.0
0.0
0.0
0.0
0.0
0.0
0.0
0.0
0.0
0.0
0.0
0.0
0.0
0.0
0.0
0.0
0.0
0.0
0.0
0.0
0.0
0.0
0.0
0.0
0.0
0.0
0.0
0.0
0.0
0.0
0.0
0.0
0.0
0.0
0.0
0.0
0.0
0.0
0.0
0.0
0.0
0.0
0.0
0.0
0.0
0.0
0.0
0.0
3.3479407023399657
-3.8860895826015907
1.3033521927769884
0.0
0.0
0.0
0.0
0.0
0.0
0.0
0.0
0.0
0.0
0.0
0.0
0.0
0.0
0.0
0.0
0.0
0.0
0.0
0.0
0.0
0.0
0.0
0.0
0.0
0.0
0.0
0.0
0.0
0.0
0.0
0.0
0.0
0.0
0.0
0.0
0.0
0.0
0.0
0.0
0.0
0.0
0.0
0.0
0.0
0.0
0.0
0.0
0.0
0.0
0.0
0.0
0.0
0.0
0.0
0.0
0.0
0.0
0.0
0.0
0.0
0.0
0.0
0.0
0.0
0.0
0.0
0.0
0.0
0.0
0.0
0.0
0.0
0.0
0.0
0.0
0.0
0.0
0.0
0.0
0.0
0.0
0.0
0.0
0.0
0.0
0.0
0.0
0.0
0.0
0.0
0.0
0.0
0.0
0.0
0.0
0.0
0.0
0.0
0.0
0.0
0.0
0.0
0.0
0.0
0.0
0.0
0.0
0.0
0.0
0.0
0.0
0.0
0.0
0.0
0.0
0.0
0.0
0.0
0.0
0.0
0.0
0.0
0.0
0.0
0.0
0.0
0.0
0.0
0.0
0.0
0.0
0.0
0.0
0.0
0.0
0.0
0.0
0.0
0.0
0.0
0.0
0.0
0.0
0.0
0.0
0.0
0.0
0.0
0.0
0.0
0.0
0.0
0.0
0.0
0.0
0.0
0.0
0.0
0.0
0.0
0.0
0.0
0.0
0.0
0.0
0.0
0.0
0.8298470095274508
-0.03261421777789533
4.793707123841991e-05
-1.8718897038000595e-05
2.057604818003017e-05
-0.0008242837854748404
-4.687695551147622e-05
4.538553506725726e-05
0.004586935406499509
0.00023544981486547017
9.986009731514426e-05
0.0013746379363558882
0.0002644982439624018
-0.002578551247168667
-8.69041405619334e-05
-4.0422404074109025e-05
-0.00029525977568701297
-0.00012183035972852459
0.009891319679046835
1.1521119550303403e-05
-1.4730566795737396e-05
2.4537133216107344e-05
0.0017314938771785331
3.872343697258909e-05
-1.794314301229869e-05
-0.009078308745502198
-0.0005259054267422405
-0.00020875119641015498
-0.0028879545577266356
-0.000591886098755606
0.0048537591936782445
0.00022146471225668646
8.484305591004232e-05
0.0007948486901340429
0.00024457406408305956
0.3603208675957383
-1.7786133790889367e-05
-1.0127033354912702e-06
0.1524992182827999
-2.0194262261232527e-05
-1.0931995916315409e-06
-0.0005797117772677045
-1.0626900401832801e-05
3.954326124191579e-05
7.808932330355387e-05
1.6344360056167144e-05
-0.00013325107579721904
1.4126693911773595e-05
-3.345256189208089e-05
-3.2036323790309055e-05
-6.553721701040986e-06
0.3602848006200891
7.617781259122241e-06
-1.89154817212289e-05
0.15282654259422498
3.8464757452351075e-06
-5.515095848158018e-05
-0.0001732678522352758
-4.201845995689835e-06
-1.0293408456895432e-05
-0.0001145994665005767
1.7356071439984975e-05
-4.887389057894644e-07
1.5511762768846988e-06
1.2353670992291164e-05
3.541866113638817e-05
0.3602626581822748
-1.7038518261726328e-06
3.717965766455972e-06
0.15265646888003953
3.192413416969382e-05
1.8689264169864661e-06
-0.00024080596591720686
-3.348274505969806e-05
5.3602998534900814e-05
-7.975656485320997e-06
-6.479365259306271e-07
3.2770671184274866e-05
2.984627005127894e-05
-1.0130434731888757e-05
0.01767279153597707
-1.090180549739253e-05
1.0755332221704041e-06
0.006850881232656866
0.00015497390964172057
0.00018026508915035543
0.00018757913790842383
7.018661136830827e-05
-0.0038816715318814093
-6.698606335094466e-05
-7.904324204476609e-05
-5.4493517800170256e-05
-2.6199146336247964e-05
0.019326751144001127
-1.1988616190736681e-05
-8.778885541676542e-05
-0.00031930259536342576
-1.6668732409888905e-05
1.5041459107405542e-05
-0.0005050803427946796
3.5870552904647285e-05
9.227028496453817e-05
5.436697144520664e-06
-9.644827593922826e-06
0.00020747870575494584
0.018789311548242735
0.00013424168053104163
1.625163678927776e-05
-0.000593236463662013
-0.0001215510939660037
0.0001835618810846857
-5.6876742559785825e-05
-6.254932890232656e-06
0.0001889016436901077
5.741329230764921e-05
-6.985672437873725e-05
0.02972632868261075
-0.007904003606938565
-0.0027928987256312116
0.00976257468001876
0.0025672936555515315
-0.031181945965360752
0.00331042735504922
0.0011645889387978097
-0.0036519254404888332
-0.001134928391657465
0.23694131755981618
-0.0003723870336400551
0.0002637115269661362
0.0004550967238501945
0.003261513969054954
-0.20296904799353027
0.0001260088403066409
-7.806307781673721e-05
-0.0001824400129763319
0.23739693427213435
6.970910770936326e-05
0.0010026466186538693
0.0011592323399267546
0.00012562644111818128
-0.20323955102903446
-2.787554846937707e-05
-0.00037753990959598195
0.23614156655028753
0.00226030388290276
-0.004091317926746574
-8.77984806412656e-05
-3.0921804383259434e-05
-0.2024127269523099
-0.0008709089801616029
0.06747145476411603
-0.0011447118673260362
-0.0001848785484495175
-0.0004046585504356256
-0.0008562744759203428
-0.06743349593085998
0.008227557710058186
-0.00136484107829005
-0.00048239555915123306
0.00144583418963975
0.0005028212380525275
0.0435826503460007
-4.175445766252891e-05
2.2318615842429538e-05
7.36670343736688e-05
0.043597001651746015
1.271098627635675e-05
0.00015066340213652765
0.04349622547301695
0.0003273924346278067
0.01693156947078539
1.032590746254968
-0.05183825986163612
0.0033097168699094837
5.348732637682015e-05
5.554269415859804e-05
0.0013724742620377906
5.163420807764062e-05
5.50605461745211e-05
0.006424363518876052
2.899149675851589e-05
0.0002621612000308865
-0.0030307408079276992
-0.0004510933044289899
-0.004248661874026055
-2.013934248643341e-05
-9.104169719772127e-05
0.0017751476182721086
0.00017649600852367504
0.0056642888004146946
0.0024204050953610225
6.242666926720397e-05
7.145973220539555e-05
0.0006008834656634097
8.535055035925558e-06
-4.059976022015053e-06
0.005232297272636853
3.6151928924365095e-05
9.871632272317339e-05
-0.0021475348230545893
-0.0002598344179382561
-0.0027308229122714476
-1.6679991192843257e-05
-4.39517943197712e-05
0.0012037296822054934
0.00010430115658513055
0.4893790978888401
-2.7407942346062563e-06
1.9026097051595295e-06
-0.22335306267382526
-3.0231648780753148e-06
2.8232255450198283e-06
-0.012295282710113965
-0.00010638610124032551
-4.3535270862491164e-05
0.00038454820247546274
2.1028961489152496e-05
0.005748365279232505
5.848261823472966e-05
4.226065215117014e-05
-0.0001672773770181008
-7.004460773906303e-06
0.491262906219465
1.5313686905248e-05
-4.112447480539267e-06
-0.2211064984651448
1.9148118412067214e-05
0.000130674717394976
-0.0018292419414593717
4.3432507326653154e-05
-0.00028138649803020226
-0.000507552952343264
-5.937346305058083e-05
0.0008336167323318752
-1.7990860306190154e-05
0.00012908051646014982
0.00022153094086688354
0.4908090583591922
2.495682213778355e-06
1.9286990034432322e-05
-0.22154167916679138
0.0001785432450875416
2.4968170903202847e-05
-0.0024050708515865726
-9.284497628982952e-05
-0.00026451743879380796
-8.320623537603998e-05
-9.84533962019874e-06
0.0010938048772126071
1.6830281804068504e-05
0.00011632746949260026
0.026395212985040037
-2.4009440503369557e-07
-1.9820994748406265e-06
-0.0036563915229755562
-2.19517664969358e-05
1.4932601901404247e-05
0.00013643199710229392
1.247412845658057e-05
0.0019654666333435663
8.184766964166454e-06
-1.1109344936229554e-05
-6.571216363597163e-05
-5.221444291090248e-06
0.026747431550070505
6.099136162196161e-06
6.925349009275644e-05
0.0004151240556713021
2.07372854844825e-05
-0.00014028680476235665
-0.0002599022573832331
-2.7497258403347057e-05
-0.00017645496608457276
-9.47876521310589e-06
5.8662230422448735e-05
0.00010030181475940137
0.02659348187537324
7.811622586934253e-05
1.0682010574171444e-05
0.00019495775326835042
-0.00010916222079045887
-0.00012655630388437513
-2.9642283528935574e-05
-5.03137148727104e-06
-6.558375534444137e-05
5.157363449134437e-05
4.716646350752318e-05
0.03798097975995527
-0.000209410692422134
-0.000806808860377343
-0.0061429310835384365
-0.0010376794934942625
-0.0374552477858798
9.425721685313312e-05
0.00036751947815908916
0.0031251898141464807
0.0004322014493304519
0.014797493548852996
0.0003348521562582103
1.2062200455902922e-05
0.0003373938213816322
9.505236332276758e-05
-0.014586313270540283
-0.00015744076995481872
-4.685882357006904e-06
-0.00014820290746124512
0.015831196761634303
-6.483735084479125e-05
-0.00035033258477212495
0.0003595097284258473
-0.00015674721893455267
-0.015306826161237215
2.924233895157416e-05
0.0001488514265524836
0.01070020998031353
0.002804536832670766
0.003177012309388674
-3.5509818926289185e-06
2.8899706578816007e-05
-0.010943286505300263
-0.0011878869237685746
0.06665575067541413
0.0004439773097048129
-0.00014233684394746303
0.00015430478659939558
-0.0012195425764996535
-0.06406888537079088
0.009278755704081005
-4.2676065724445264e-05
-0.00016323447950489982
-0.0016335542034569628
-0.0001837916027892474
0.00359923232590703
7.341881231323605e-05
1.3077220091602263e-06
6.225407449106076e-05
0.0037036363030140337
-1.2955069810890837e-05
-6.52525264617891e-05
0.0028082045511372343
0.0005139016759842989
0.015465073340722092
0.8298769159856698
-0.03284473914562579
5.634232783028223e-06
2.144309781679514e-05
2.076237128133496e-05
-0.0009579836003653361
5.3029036478409564e-05
4.757485283258305e-05
0.003843200277752625
-0.0002922314052715824
5.903811315870678e-05
0.001362385500492846
-0.00027256140989399477
-0.0022339048043092473
0.00010440992788347285
-2.0752137328814892e-05
-0.00028211605201967124
0.00011924610130385677
0.00999608991167604
-5.2851402580175826e-05
1.6479701047995564e-05
2.3276919162292806e-05
0.0018630750735961076
-4.300522170465072e-05
-2.4025762474747997e-05
-0.007705425179420459
0.0006490287371602203
-0.00012222496262746522
-0.0028600815548348955
0.0005740470417896668
0.004197750858044727
-0.0002676249276376209
4.753158261756181e-05
0.0007829944682859024
-0.00023735116250446313
0.36026849453026266
1.961235876562627e-05
-1.1967918755079851e-06
0.15241311061273308
2.1733616867615233e-05
-1.1949142185258818e-06
-0.0005691840269213971
4.135555074545093e-06
3.315040372314666e-05
7.564171570323942e-05
-1.5416518455576288e-05
-0.00012056756280857996
-9.855661606364818e-06
-2.9337733209296765e-05
-3.145462423833171e-05
6.290054824301794e-06
0.3602354803471379
-5.239996791952382e-06
2.0016502571171002e-05
0.1527264113716681
-1.265223694472918e-06
6.655729064095609e-05
-0.00026047366843877774
4.979160754202197e-08
1.2592432394604299e-05
-0.00011693214179559864
-1.904734231408138e-05
5.912915208127249e-05
2.1791618085353741e-07
-1.5659108806967407e-05
3.698376531213175e-05
0.36021511542677775
-2.1018662506959226e-06
-1.242993667735235e-06
0.15255942233623268
3.6074055469352744e-05
-1.8984466999062448e-06
-0.00034551806035787577
-3.3343731434599095e-05
-5.852948702252029e-05
-9.199119563495915e-06
9.054007557950145e-07
9.959967587296146e-05
2.97332858712642e-05
1.062429665604829e-05
0.017677181777985843
7.652060942906094e-06
3.006470719517748e-08
0.0077309503288042385
-0.00024040750398795946
0.00011534627037614894
0.00015568878491088224
-5.767059715664007e-05
-0.00426291819823062
0.00010536596467741505
-5.130891225932401e-05
-4.261984568991987e-05
2.056831271626218e-05
0.01929770327713485
1.3629339181664767e-05
7.708087467913901e-05
-0.0004980437560791174
-5.820363262080669e-06
-1.0551261589198925e-05
-0.0005247357474177722
-3.0226034236143304e-05
0.00017560372736614695
2.9349902904623716e-06
7.626445016505621e-06
0.00021621860176110607
0.018761791969991
0.00014245152316141017
-1.243745805391449e-05
-0.0008708627155680765
-0.00011569444909573375
-0.00017439519322273763
-6.0398320013980233e-05
5.01706570747634e-06
0.00030715640823060795
5.5068561481831924e-05
6.645725602546503e-05
0.03445583087835773
0.010022413641589732
-0.001077404409331404
0.009844293373816052
-0.002729666903778615
-0.03560863339282894
-0.004168176841925598
0.0004428377582943873
-0.0036654504810231326
0.0012015847372721941
0.23696353321148397
0.00033721703782225873
-0.0002822229151402
-1.2544565992034479e-05
-0.0041351318633850885
-0.20285867370508887
-0.00011259755945424056
8.346747580817207e-05
1.0846443286489065e-06
0.237643883436955
-5.250390888479331e-05
-0.0012233839694863308
0.00045689335102069254
-0.00011253089954111644
-0.20328492773995765
1.6097006419820498e-05
0.00045798885533246224
0.23615206894257323
-0.0022671073532731264
-0.004119221727505739
9.591417612710997e-05
1.555575637352178e-05
-0.20233538547078073
0.0008740032207889608
0.06664777039993422
0.0012156732411070328
1.5240050893489669e-06
0.0004977191145802181
0.0008590653726277222
-0.06667120141619061
0.009254031050888803
0.0017173191516535254
-0.00018691119439636145
0.0014486175828828866
-0.0005318395920593487
0.04353246654541046
3.6854014159554046e-05
-2.4708392845775188e-05
9.306355857437316e-07
0.04357399747476365
-3.885010365739999e-06
-0.00018466308185371912
0.043460960812589475
-0.00032864617986524524
0.016755594604126418
1.0326684039744296
-0.05172419076602851
0.0033371827174653807
-5.537460848326721e-05
6.0046517831952706e-05
0.0013550614998080082
-5.515582748199652e-05
5.5462503905010985e-05
0.005642590869915951
-5.120063731557806e-05
0.00019878031432155692
-0.0028979020090249418
0.0005029691901372234
-0.003960997357561238
2.1555821216964076e-05
-6.970896542358383e-05
0.0017472943055738665
-0.00017879326617732574
0.005688630222261222
0.002438644982554709
-6.558379658346857e-05
7.135223915305666e-05
0.000620925965839408
-8.35013516131166e-06
9.715459980539311e-07
0.004793396925526711
-2.992584154728113e-05
7.943669634535542e-05
-0.0021219808749391505
0.00026204296858997015
-0.0025405015217154726
1.3407712207055928e-05
-3.516377432694901e-05
0.0011928452432187725
-0.00010586914229877995
0.48936540196264244
5.301003633202157e-07
9.663935219269222e-07
-0.22335189543759434
2.520361708907208e-07
2.632528904839217e-06
-0.012819492297575463
0.0001043179130387802
-7.690812701078025e-05
0.00040642348853051904
-2.078935963007323e-05
0.005910480903950405
-6.008477179694636e-05
5.185728778885345e-05
-0.00017381859292926928
6.629929803447634e-06
0.49126685682905025
-1.3107640417743703e-05
1.2926362669097777e-06
-0.22105920670961543
-1.1354767447703943e-05
-0.00013421254716274923
-0.002001340394530521
-4.382822659397792e-05
0.0002821688252989876
-0.0005315538583612024
6.081337735140826e-05
0.0008918805691457519
1.707195226816787e-05
-0.0001307400421920496
0.0002291238252602087
0.49080856749533947
1.9602999065271933e-06
-1.162058504852887e-05
-0.22151702545374544
0.00017051568339915358
-3.6452194721118186e-05
-0.0025858309050723087
-9.757852724361198e-05
0.0002663879631053461
-8.027447601333972e-05
1.3903212944233284e-05
0.0011537328627274756
2.0771046515765162e-05
-0.00011818248549269638
0.0263961277743128
4.0881656366880986e-07
-1.5553058215876257e-06
-0.0037493571156436423
2.5104389288775554e-05
-2.6312224777062353e-06
0.00015089021039399334
-1.0713502380194833e-05
0.002013863078903501
-9.215958336281795e-06
-2.2429933209597534e-06
-7.169892664687673e-05
4.812429224101871e-06
0.026736206491161624
-9.660992280405503e-06
-7.004997836966411e-05
0.000439512743860017
-1.7462898502698855e-05
0.0001428629907818742
-0.0002754844785337988
2.7730270236551466e-05
-0.00018347803189984243
8.113295485326347e-06
-5.956062400304689e-05
0.00010743603890838366
0.026586405811811008
7.65618441169001e-05
-1.3059019179382283e-05
0.00021193069850892148
-0.00010922119286074317
0.0001284737846546868
-2.9060261456753555e-05
6.21462390408662e-06
-6.92656531577783e-05
5.100095929049076e-05
-4.775299547451538e-05
0.03955326108535129
0.00017505284368848486
-0.0005285381278780108
-0.006462158485987295
0.000936243739350504
-0.03883514660883593
-7.833131022588294e-05
0.00024125044314010286
0.00325943879487709
-0.0003882032860547397
0.014855276989593595
-0.0003576586964341647
6.752446646089172e-06
0.00010839648258303736
-7.867534453879913e-05
-0.014647986503037915
0.00016801642880415223
-3.697493223332321e-06
-5.0073794915199515e-05
0.015865115359595953
-1.5354971662411517e-05
0.0002347862385168362
0.00023745762671798556
0.00016720283927785596
-0.015337510064296858
7.001036662401545e-06
-9.875910598586943e-05
0.010692223188926946
-0.0028244275451757704
0.003320694805228062
-4.48960681606432e-06
7.0650227190636495e-06
-0.01093311395435973
0.0011965285757825881
0.0666133253659022
-0.00040328803604704503
-4.2339209282703474e-05
-0.00010405443811875971
0.0012280997801951818
-0.06402183780196034
0.009578589633904679
3.512080027891423e-05
-0.00010815709203584265
-0.0016936152801582574
0.00016657174586068508
0.003615119480342385
-7.832656454345403e-05
2.27446688032439e-06
1.958220169293158e-05
0.0037104626402543785
-3.1658686615730874e-06
4.353673130727622e-05
0.002805150873501706
-0.0005176304275832629
0.0154521356691197
1.0353254497388802
-0.04777716451931184
-0.00019035480184429783
-2.331918308969696e-05
-0.00018726638266617878
-0.00025248566096398037
-2.692430677638922e-05
-0.00017298727726623985
0.0016450883843551478
0.00010520091638048214
3.307991720746188e-05
-0.003119992561029942
-5.1501315811402244e-05
-0.0013577000137287249
-6.18742026763976e-05
-1.2701435250771854e-05
0.0015610334240580021
3.1256586282051034e-06
0.006171368310425678
-0.0002820119235982363
-3.7279661081720134e-05
-0.00023184121809647793
2.974047714716275e-05
5.732705718286458e-06
5.680544271079032e-07
0.0019073037351752904
6.843320430697885e-05
2.730393628912979e-05
-0.0022147076937971
7.2389324485028346e-06
-0.0010856628902119877
-2.702111321594994e-05
-1.3445981128735262e-05
0.0010714771498115323
-3.4214852396917452e-06
0.49091967022806915
-7.060372038103901e-06
4.1576476272853585e-06
-0.2201507282573567
-2.0913178912834354e-05
3.7514074357722986e-06
-0.0006711688510722994
4.522916238941215e-05
0.0003201047149166123
0.000789462284759645
-1.2652995789018709e-06
0.00014797576836038804
-3.6461700237229924e-05
-0.00018170440906024838
-0.00032987238467097264
1.479636434543307e-06
0.49139075672964494
-2.8465889277459817e-06
-2.098173525207081e-05
-0.2195827526493867
-6.760549068680127e-06
3.485614905163165e-05
0.0011315658337101879
1.9489414077835043e-06
3.143386047676687e-05
0.00012068566027396846
-1.6237399115593443e-05
-0.0005616823321980024
-6.152215332331413e-08
-2.3073190538049437e-05
-9.653442193452426e-05
0.49116446002081215
4.137428845819554e-06
-6.672338527916591e-06
-0.21996639224970516
-0.0003923647340892307
-2.4844409951624305e-06
-0.00015513723085636702
-0.0007730422283014895
6.659682314596121e-05
0.00019679026394252782
1.9846977894159933e-06
-2.826599292261181e-05
0.0003721894227890155
-3.4843847869572035e-05
0.026312428672048478
3.782029049086141e-06
-1.6959911404322483e-06
-0.00036829437231889834
4.382439942608131e-06
9.147132091445487e-06
0.0004482546896999915
-2.0963819145000254e-06
0.0002020910266786327
3.170222654137526e-06
5.870592220776714e-06
-0.00018037164383568222
6.240250536569149e-07
0.02646774354009406
2.4318361305016508e-06
4.1099175923565355e-05
0.0006489473180065234
-3.458870624619394e-07
-5.768950582934853e-06
-9.118353130532105e-05
-1.8204850243575314e-05
-0.00023219001956079275
-2.3333891227337212e-07
6.4673443701029184e-06
5.41198518736332e-05
0.02636738129510882
-0.00015599666084282273
-2.389352887534598e-06
-7.27802388247484e-05
-0.00031450383722756
2.2028315591012837e-06
5.114672335728598e-05
7.015120208625129e-07
5.257349498407429e-05
0.00010801549501926319
3.037040778427783e-07
0.022145521318615802
-0.00010992527690294197
0.00016172220912839802
0.04087156661249568
6.135194838856697e-05
-0.021593818798947687
4.9865438577739526e-05
-6.792675801677958e-05
-0.01918558109728499
-2.6342613909886915e-05
0.07434647915345272
-0.00014796393184656875
-0.00021458559283934233
0.00028351804066627066
5.7015021579978366e-05
-0.07020787011394716
6.081295603353761e-05
8.598836500403739e-05
-0.00012142556306756725
0.019318465319346174
0.00023905741240871963
-0.00040558663917909387
-6.739270539840242e-05
6.494466761558099e-05
-0.01858940430998298
-0.00010276003477296955
0.00018089438989012457
0.05853180719158492
4.902491823784497e-05
-0.01925221250536835
8.894365520456844e-05
-0.00010528834458763958
-0.056066233920770064
-2.0422866369249916e-05
0.017671262361101777
-2.596952758737598e-05
-0.00011737784912242482
0.00018234490429899054
-2.12904006819269e-05
-0.017262819617050406
0.005282411740474087
-2.5512310397132607e-05
2.7948633175321094e-05
0.009072935431706411
1.1088743820837717e-05
0.016649548022980826
-2.635261992858898e-05
-3.468752777860632e-05
4.971916582339576e-05
0.004476464387680927
4.506613071307637e-05
-8.09102761388886e-05
0.01349090274498128
8.866169807807944e-06
0.0042237345631586185
1.0356368564332872
-0.047307588495347844
-0.0003483428772074788
2.64063590432968e-05
0.00020553174462166251
-0.00039286338751982967
2.462213185061065e-05
0.00018082324345021202
0.000890278165883766
-0.00029530197916422446
-8.545578286970999e-05
-0.0039501343258498915
-1.2010072642157963e-05
-0.0010235347691279417
0.00012088337376485244
3.020866566007235e-05
0.0019508650718908
1.0510580215192202e-06
0.006291686584089005
-0.00045966694539295377
3.293775230732341e-05
0.0002462492723310033
8.350713508435321e-06
1.1008666487602727e-06
6.661562215599701e-06
0.0012535483448041316
-0.00017187780421441842
-4.605841222797276e-05
-0.002870093949596417
2.681882555515856e-06
-0.0007911141184906895
6.921832012956558e-05
2.0998002914724032e-05
0.0013392927676611594
-1.2580958711360308e-06
0.49086510793271276
1.717975908775977e-05
-5.8731175683597585e-06
-0.22015733412368538
2.131273676514532e-05
-5.056427085279988e-06
-0.00028676470676565957
-0.00011310965829472878
-0.00042994390303295366
0.000983903527212429
2.6675802359926497e-05
-4.106953177380998e-05
5.608669332377267e-05
0.0002184396149242159
-0.000411209916808833
-1.0843454431336803e-05
0.4914782148888329
-5.34878174836627e-07
2.1104788473739526e-05
-0.2193769762538713
-6.324144894843795e-07
1.8539035742403757e-05
0.0018447911848511252
1.7939378579683836e-05
-8.98008840780392e-05
-0.0001504980753260262
-9.438785480355465e-06
-0.0008877041556676179
-7.139396498509731e-06
4.300726577472392e-05
0.00010852890230552975
0.4911583045553477
-5.4790986443328386e-06
-6.12854207219911e-07
-0.21989198012663796
0.00022138137615206237
1.38900544994893e-05
0.00010245700616840773
0.0008658692401521899
-3.846237743758282e-05
-0.00012674049150364111
-5.0957955553941e-06
-0.00016731965630816228
-0.0004097968295819378
2.1436769860386154e-05
0.026303548771696522
5.168718299384414e-06
1.1535367772969278e-06
-0.00025304027059477906
-4.214960610480212e-05
-3.605537182556391e-05
0.0005842879879085585
1.3421765454184635e-05
0.00016250021964295686
1.4399492856121526e-05
8.794243792943126e-06
-0.00023253808014207127
-5.767500120199245e-06
0.026475988876614016
5.511055156084071e-07
-8.472166917835652e-06
0.0010035345313724581
8.67607847854159e-06
-2.4680924065107464e-05
8.968565302160106e-05
2.728703686711733e-06
-0.0003630792351120827
-3.7513530118546936e-06
9.155784327797789e-06
-5.331510355364236e-05
0.026349876635479497
6.183117129059092e-05
6.264114935361992e-06
-2.825312035933122e-05
0.0003483885566322581
2.958274000838981e-06
-8.42384071275091e-06
-2.566791761988803e-06
3.974112859972024e-05
-0.00012266202071575135
-2.2065041875751345e-06
0.02410984716414376
-0.00045128163505243636
-0.000259884516573682
0.038415020396358995
-9.57911958205671e-05
-0.023286610656919185
0.0001984699986310401
0.0001130039501059651
-0.018155609955627455
4.330770913926922e-05
0.07508226669335746
3.9789325896762e-05
0.0013231749474769462
9.822009500226608e-05
0.00020504971057908836
-0.07074962247367406
-1.7490360197364984e-05
-0.0005629162341729049
-4.5217403871684344e-05
0.019778215581653047
1.5983219565233114e-05
0.0004196720222408572
0.00011275284672861494
-1.6893249017500856e-05
-0.01901419370787719
-9.167903719619052e-06
-0.00018896345438819477
0.061649974326043605
7.092948696752957e-05
-0.01818613976297246
-0.00056056698509498
-7.091572254532596e-06
-0.05868038292120392
-2.963136505116732e-05
0.018744109672052194
4.281666392767425e-05
-4.290912010972556e-05
-0.00018971428515685368
-3.1317791801067324e-05
-0.01820103934259836
0.005645486643845184
-8.991517426560009e-05
-4.868096113166589e-05
0.008629586939541072
-1.931472095273077e-05
0.016744589147124133
7.3961512022838e-06
0.0002363487653018885
1.9809762709456437e-05
0.004574011069986794
3.933760013312593e-06
8.498353093302016e-05
0.01403219041434605
1.296690754047097e-05
0.004427015985991121
1.0353086254464698
-0.0478058828750484
-0.00019380726585000135
3.416475870702568e-05
-0.00017642614972066377
-0.00025799441517497117
3.52269122544442e-05
-0.00016393169793099154
0.0016561586938327517
-0.0001973053745671528
0.0001850838041901372
-0.0031182543199290884
4.237398525885783e-05
-0.0013541546329129761
0.00010196661659372148
-5.591580824729363e-05
0.0015712927124469605
-2.574577417223957e-06
0.006166601612637968
-0.0002850555013301467
4.7327934314989406e-05
-0.00022223495760182685
2.5637702354999513e-05
-1.4865609090168177e-06
4.921515625982746e-06
0.0019087456290794878
-0.00013399657477005083
5.275001442767948e-05
-0.0022180232447890024
-1.1907210664601906e-05
-0.0010870475196319677
5.3944836763208836e-05
-2.2199835437663455e-05
0.0010742500896209915
5.575668657660896e-06
0.49092050906376083
1.31090876409393e-05
6.488562784507728e-06
-0.22015529723852215
2.6766603081123165e-05
3.309932290535389e-06
-0.0006577623752457441
-0.00011866208351390766
0.0003158339439434016
0.0007865191914752126
-4.052951704737357e-05
0.0001443099870563882
6.415207966786155e-05
-0.00017709081321249525
-0.00033047583186636984
1.3779873561208916e-05
0.49138998233482567
1.9784268672809648e-06
2.6748901892335556e-05
-0.21959064418918472
4.2894371031083435e-06
-3.3335944711592935e-05
0.0011467565167474578
-3.806501472791653e-05
-7.598412060247683e-05
0.00014552284947903516
1.3853796728159058e-05
-0.0005707866475004981
1.2884636901674081e-05
4.094707525267744e-05
-0.00010671335523609523
0.4911572359007306
3.7103615498427587e-06
4.247440578063586e-06
-0.21999189397916546
-0.00035310164645158457
-1.7604298245792734e-05
-0.0001450287478738494
-0.0007055215782522075
-7.417542715005152e-05
0.00018239897015439124
3.625597474977431e-06
-3.1653074608219976e-05
0.00034554513258505936
3.902825817779244e-05
0.026311771026497364
-1.4678345243746918e-06
-8.635966040206554e-07
-0.0003521947922221466
-4.0669949935942895e-05
1.4068448314206547e-06
0.00044946185466004614
-1.5451517701675974e-05
0.00019354181354633748
1.1971803751500968e-05
8.809650305638576e-06
-0.0001800467101363375
7.33625958325284e-06
0.02646852812532951
-1.3304018280637823e-06
-4.3302939593999474e-05
0.0006684794424437275
-1.4515272389521443e-05
-1.4004929024592082e-05
-7.458210932274301e-05
1.9148953221857825e-05
-0.00023966763726350943
7.008342728377467e-06
1.9944588076776733e-06
4.658958764407088e-05
0.02636861135296754
-0.00013821092152202567
-4.59061353827677e-06
-6.132209052477986e-05
-0.0002754969622059682
-1.5680500614291038e-06
4.3906147136757865e-05
2.5756442340614934e-06
4.675042855981243e-05
9.217163981680564e-05
-7.148156296734545e-07
0.02213677651902602
0.00018936028599044922
-7.114350580535162e-05
0.04077696071610214
-2.746844473528308e-05
-0.021581234426732814
-8.115495997844483e-05
2.9771208675410973e-05
-0.019140591406005894
1.2618371828526328e-05
0.07418664568957087
0.0002738141355951271
0.0005885670584046927
-0.00020384311450860246
-8.657478715831741e-05
-0.07007692234294788
-0.00011368260501170083
-0.0002434239486900141
9.213698031637087e-05
0.01916435306662529
-0.0002311050536156137
0.00045276111732528283
3.280496360331021e-05
-0.00011782941135236825
-0.018451411726050786
0.00010144652377686508
-0.00020263443025096535
0.058490597633766316
-1.8633473552086365e-05
-0.0192080102938541
-0.0002462805530930907
9.53487837877295e-05
-0.05602844305639035
7.705607623063145e-06
0.017567246566724485
1.2707836500525915e-05
8.570891582854511e-05
-0.00020440639510994256
8.48996843426782e-06
-0.01717218816817163
0.005278589675173169
3.681853733310646e-05
-1.3731697306199123e-05
0.009052473022807324
-5.808373422658759e-06
0.016622816276594003
4.858461228648828e-05
0.00010034526414635929
-3.8662572418162305e-05
0.004445710957986413
-4.142524843515499e-05
9.107181236350947e-05
0.013482687997303582
-3.4845154311231654e-06
0.004204115817232427
0.5454262230216449
-0.03553063603529049
0.010984700988443761
0.0023925218503786467
-0.005933084321656049
0.000254153673074414
-2.4133835265589727e-05
-3.381557662507288e-06
0.042753141914578977
0.003139661680263867
-0.00045591164748253003
-0.056135197836264514
0.0003381478363317002
-0.16060673660166988
0.010476518347862398
0.002150627692141004
0.12126409361553722
-0.0007075136371414265
0.0009958346471299053
0.0012701768087484283
4.6410049350372934e-05
-0.0004915108873488267
-1.9933323185831277e-05
5.251104520326219e-07
4.524206855553968e-06
-0.004933371588579497
0.00011451044779065907
-2.1518708886171815e-05
0.0028641542088138714
-1.4751830507493575e-05
0.007379683056013777
-7.503203365424844e-05
7.704024725412102e-05
-0.004460764269794733
-6.713793282835964e-06
0.8571921266716167
-0.010623483948710453
0.00026210809027699936
-0.03387362647742895
-4.8079875739462614e-05
-4.7331262094270886e-06
0.01564567832415766
-0.000927019628718795
-0.003433486354786114
-0.011879118360875143
-0.00013143310579202843
-0.03160760869389345
-0.0001443014093142599
-0.004240697031411892
-0.0034479548291645734
0.00035099035571235044
1.0100515358092554
-0.00029994146993464585
-5.26975244950203e-05
-0.04405355242131595
1.0466724796848383e-07
-0.0004918902238599171
-0.01140257748918538
-0.00014037542915509285
-0.0007218312651888218
-0.004937269848017946
0.004461065955684896
-0.1371493092904655
0.00046241428017216576
0.013498874968275969
0.0030819884761407795
0.8963898007285682
-2.5301258487745577e-06
-7.09149718599124e-07
-0.038999956667620544
-0.0007128448374331181
-0.0003096189048122553
0.006205173405837918
-0.0028604298348686827
0.0002535359278635699
0.000688202908381568
0.005652759922259443
0.0013491645120671434
0.003026163294121774
0.000704577735151298
0.0004372143697305615
3.5434959405605115e-06
2.7717167523712817e-07
0.000799708108816853
0.00011028094479048452
-0.0004003149189042221
-6.086719613730098e-05
1.0162131289890647e-05
0.0008561023646114406
5.079431546787241e-05
-0.0001767645816017174
0.0006221368361263842
-8.940289792082943e-06
0.0006271377650760859
1.8765874761873648e-07
-3.4336348263345243e-05
0.0006497385589943082
1.0205526260979408e-05
0.00010357845600973136
-0.00036077064711722824
6.80245005649658e-07
0.0016573227544339896
-9.276012870870423e-06
2.1064922425215926e-05
-0.00027972038615531135
0.0005247690190016332
0.00029721669308109024
1.0605048558882355e-05
0.0007853384891612358
0.0005154798513982333
6.802377933171145e-05
0.00030479707958757377
-7.64097637998901e-06
0.0002923162682538724
0.0005558281954632312
1.175666821968237e-05
0.8478854912380113
-0.0001121796834967424
-0.000533464379982288
0.13457006987511314
-0.00017817343630439558
0.01099991016943179
-0.0012554385866888082
0.00039138238338968454
-0.39343661264585894
1.9433876629505526e-05
1.0195262103237512
0.00015056000129928603
-0.0021971416397716364
0.0007280184036812347
-0.00281870733119285
-0.86151780651475
1.3152411580391471e-05
-0.003241440338618939
-0.0007011665444444782
0.8264669271446864
-0.0008074818378326976
0.0036920233975148687
0.000680491739923902
-0.000984809963972052
0.1780889648916752
0.000987947027167825
-0.0024381810883582168
0.9914591317682316
-0.0001375702219987114
-0.3888377566903605
-0.0015845577425976736
0.0002642365447345471
-0.7609378432918714
0.00019908294719379532
0.8415548154058807
8.923365698002526e-05
-0.0024765309980948917
-0.002296305141190424
0.00039428894405133186
0.13211027051851498
0.5773752236309555
0.06408922435712391
0.0021193242892699462
0.8045208778605725
0.0014340570406815435
0.5132074018385235
0.0031750139216923405
0.1604566591489492
-0.01579529987557375
0.3919780951430714
0.004751133493475186
-0.00618608191145591
1.3943679338168948
0.0011460498720974777
0.41500251127707566
1.034470061209145
-0.049045339796869813
0.0004020346315586758
0.0005183766305003692
0.0005291915193215242
0.00025104586998967414
0.00031895631440490414
0.0003646531704076584
0.003879587831142901
0.00023675610481675745
6.582951060986721e-05
-0.0013979322753747917
0.0018468357389604755
-0.0018765751607241273
-7.56982500946546e-05
4.772428625560592e-05
0.001079194498879776
-0.0009333497594701662
0.0059732858659680785
0.00034042800509638646
0.0004224501421557017
0.0004472114825486739
7.215333336451336e-05
0.00011998921543419358
0.0001224174426548863
0.002517601104438537
7.401735823148105e-05
-4.435261621354857e-05
-0.0013789097442436422
0.0011259616102396552
-0.001221455268941098
-3.6065131099162967e-05
3.865190253985502e-05
0.000807574038263156
-0.0005387292819840821
0.49076285157939903
-5.907201070848895e-06
4.8389352480966175e-05
-0.22079378039019087
4.454308818201093e-06
3.661446750336394e-05
-0.0012308500670602778
-0.000583250560502308
-0.00013074737184708566
9.845113025715234e-05
-3.041406904217725e-05
0.0005836790799260815
0.0002850828882279057
0.00010416809603221313
-3.876965843036097e-05
6.753520233413406e-06
0.4912778813516351
-0.00025085790932587653
4.8422518202342075e-06
-0.22013086145685018
-0.0002156502996217066
0.0009035965471404425
-0.0002416556177617961
-8.533252863431363e-05
-0.00012793552860017814
-0.0021935614101665866
-0.00043194353803595526
0.00016429849195652668
3.2463210578096346e-05
9.311983299286882e-05
0.0010460038351790234
0.49084232559536256
3.655288412722852e-05
-0.00021681156508623586
-0.22061977931231325
0.0010291899180237384
-9.343733797084491e-05
-0.0003185183096976851
-0.0008823748947153978
-0.0015388530478233496
-0.0005004480290679639
3.547616905601922e-05
0.0001907216531884781
0.0003562486934567659
0.0007281829872803616
0.02631381613854058
-6.80136208704397e-06
4.11309968846929e-06
-0.0005188953001960051
-0.0001503894930370366
-4.662488705196593e-05
4.094240052305056e-05
-3.164903618422899e-06
0.00023700138619851658
6.96016938284263e-05
9.239781647511622e-06
-1.7967892426870025e-05
2.1189448270478987e-06
0.026500149977350285
-6.417404554043874e-05
0.0004000464751922263
7.1875553999321345e-06
-3.055958355754623e-05
4.056460178362235e-05
-0.0009945567131736171
-0.00019429650628287716
1.3854316878414287e-06
1.4782249895137811e-05
-1.302332295995105e-05
0.0004896757923080102
0.026369515816690926
0.0004818660922357139
-3.4337206625327274e-05
-1.807055899044781e-05
-0.00042117471244190204
-0.0006200964687461045
-0.00023017388298640846
1.617343191818328e-05
1.2958043192356203e-05
0.00022591707692904114
0.00030206569423814057
0.060895960430880525
0.0005577216377129839
0.0004971904299185892
-0.005312573291042628
0.004702270662978909
-0.0580869742621615
-0.00024317372547644436
-0.00020516893183114755
0.002631015867186631
-0.0021443294655365108
0.019291204554648476
-0.0031609679250929053
-9.69076613120614e-05
-7.550008434936036e-05
-0.0002479775344196037
-0.01853300033505862
0.0014535661666412064
5.327287590624313e-05
-3.732425236532266e-05
0.017896856742081323
-0.0005110235410468796
-0.0006295242743698729
-0.0002046281465331452
0.0014481571679899941
-0.017203151594241798
0.00023122609630956125
0.0002797235249543058
0.009104331141126656
-0.0052978731024417944
0.0027312412089537308
4.919986109565508e-05
0.00023376321656550116
-0.009373775950872115
0.0024910954642766805
0.06608181161932941
-0.002141728953463909
-1.2427487342565942e-05
0.0002889167968842352
0.0024847857465918194
-0.06322140357135685
0.013914276649394762
0.00010702547302905184
8.23242925491272e-05
-0.001369616928388953
0.0009798595530738198
0.004461100760614168
-0.0006652276680640706
-2.687313461064383e-05
4.156420531671171e-05
0.004138449268427952
-0.0001051341976441607
-0.00012860351464170428
0.002419554308238478
-0.00117302548256739
0.01518577376011497
1.0470796342026478
0.032086784447998395
0.0008962507847989184
0.00040919684088640355
-8.787700509421717e-05
-0.0006220590977851591
-0.0002580488957645128
4.366776711648382e-05
0.003781138429217447
0.0002944475117847235
0.00013692320852723238
-0.0029759971122077004
-0.0021147506391778915
-0.0008955659703080901
-0.00010848648841904599
-5.832480413198682e-05
0.0015680902993824826
0.0018032988555859294
0.010539119939895392
-0.0012192857523989423
-0.0005424426239672242
0.0001285698343558058
0.00041380040768864877
0.00020645029159851904
-1.1454900597303742e-05
-0.0010799413566448023
-1.0350592835745786e-05
-7.023481440406883e-05
0.0029744790154703467
0.0036065264346937407
0.0005021946428220543
1.4910009671525223e-05
4.146075318637934e-05
-0.0017172908133121175
-0.0019302912936144715
0.556066684748101
1.2006954845282664e-06
-6.765670817804891e-06
0.10251461891100377
1.0917634146167663e-05
5.2588779634337854e-06
-0.0049127833334864325
-9.351651509852085e-06
0.0004023727888079325
0.00017647478783490618
0.00019622799408178067
0.0024306476177729202
-8.061900144774324e-06
-0.00021052004718918768
-8.248033527308739e-05
-9.051854603573612e-05
0.5563650955015375
0.0005898683965507769
1.0624050585829523e-05
0.10242875888014322
-0.0005746273312638245
0.0010908773025216148
0.0014346338845454781
0.0004006721554773036
-0.0003508040580121022
0.0003307423074051892
-0.000540092549134082
-0.0005961605716900538
-0.00019142281452850322
0.00019778065870981846
-0.00016532188180813065
0.5559400331287738
5.2383013661440045e-06
-0.0005709961609499461
0.1027578966703672
5.5248234712646376e-05
0.00041622887816592695
0.001005189094760479
0.00033011062166548764
-0.0015611408600316964
-2.021651419787825e-05
-0.0002002781369317001
-0.000391043105954659
-0.00014048569880871137
0.0007449826385617312
0.0057291784469685955
2.6730137514793407e-06
-2.8355153483729948e-06
0.0021047358788173006
-2.531587830195503e-05
-0.00012000104304498577
-5.2908248078345276e-05
-6.315076016317971e-05
-0.0010890229068264256
1.6221588062909907e-05
6.336513875416476e-05
2.8344609145450517e-05
3.474350826814947e-05
0.005872782003079161
0.00017528740542125426
-0.000469136727540313
-0.0005363953201486136
-0.00017702750751343689
0.00015499880553664194
-6.911082099156032e-05
0.0002471502337790781
0.0002866619019391823
9.047566972317193e-05
-8.817174064035656e-05
3.8924277541263994e-05
0.0057313294616876944
-4.981039738487046e-05
-0.00018521354575611908
-0.0003687138849082253
-0.00019004069489632745
0.000655937916845179
2.7254200106115208e-05
9.50467492357156e-05
0.00019841507996753202
9.81280439311218e-05
-0.00033849941995415514
0.06013994462130993
0.00020144109301370032
-0.0005743725840901329
-0.006635068732791713
-0.008966566431542027
-0.05887794693043534
-5.906425530549847e-06
0.00027922314918744126
0.0034484983622792625
0.004407544095257597
0.01653496113155615
0.005366005870851363
-8.745281302301553e-05
0.00033230968497304127
-1.095257932135587e-05
-0.016555241366749532
-0.0025677586213885733
3.8810166214221887e-05
-0.0001471567472735409
0.016778444463309873
0.00038188054991171065
0.000189319198510539
0.0002750393720483855
-0.002567534428218846
-0.01657146681289795
-0.00018279075630290475
-0.00010052451804980694
0.010038870024646675
0.0029837619299428655
0.003454392495829868
3.702132662254408e-05
-0.0001823051163562519
-0.010525990371776152
-0.0014698518489425021
0.06294169714729028
0.004374915255774466
-0.00014329643034914792
-9.405705290265663e-05
-0.0014715087814778276
-0.06168384941313529
0.014478802360580897
-4.0042187885081476e-05
-0.00013442153322555195
-0.0018089383187251992
-0.0021650754218282154
0.004150385801355839
0.0012280367120206274
-1.6019190012915406e-05
6.264888687112641e-05
0.004095434205981409
8.731956865870776e-05
5.030280421325074e-05
0.0027652182121239996
0.0007324610037639008
0.015179061610301945
0.8298456044356572
-0.03267196186170831
1.3967141991843119e-05
4.4206408902787725e-05
-8.070124791858265e-05
0.00012603360146810569
0.0002292735746417704
-0.0003327887547803645
0.0007943680994242693
-6.792310244245237e-05
0.00019297544628994067
0.0012089376284496814
-0.001030860087540329
-0.000619999744851848
1.5248889752040258e-05
-2.2362783286041104e-05
-0.00019874762807816325
0.0007660683939011916
0.009709386775713778
-4.298966158635382e-05
2.116032737250778e-05
-3.778845419719457e-05
-0.0002768682507908849
-0.00034480276256014
0.00043885821217987835
-0.0024292544309477116
0.00016597823369960215
-0.0004265068797935209
-0.0024616390006653426
0.002504466018442156
0.0013626982548933064
-6.38815247505289e-05
0.00013242357139044692
0.0006470269727253721
-0.0013830449053964132
0.36020660431404494
8.344460547618244e-06
-1.4498654112534254e-05
0.15240413445171244
7.861618081465405e-06
-1.0206528176425666e-05
-5.432674496226505e-05
8.748149650466252e-05
-0.00010375910052805202
-1.7719317916456976e-06
6.8106993508039955e-06
9.348442004215846e-05
-5.4618337979427226e-05
7.260711412219792e-05
2.6585869415023365e-06
-3.427842031621337e-06
0.3602112656080705
-8.697550602531932e-05
7.77570789611788e-06
0.15258724573509796
-1.993578904664944e-06
3.802474254297574e-05
-9.343272470988505e-05
-3.9400138666481976e-06
7.326113840927496e-05
0.00017807478428576347
-3.911539881191956e-05
4.131567562355896e-05
6.997194783182555e-07
-3.5757755116338595e-05
-9.302658872726734e-05
0.36019459762422956
-1.058889988507051e-05
-2.9208985018092725e-06
0.15246182584224918
-0.00010652962296606917
-5.24608358912445e-06
-8.069425144901941e-05
-1.1349151511135888e-05
-6.419993280665077e-05
5.4672427128943476e-05
1.0296795651574284e-06
3.336504581408338e-05
-3.059483637099231e-05
5.0976177048726165e-05
0.018380916955389945
-1.9672446154699844e-06
4.879948834608577e-05
-0.0012794408960860291
0.0002430628918801699
-0.000253765932715114
1.5783626831808188e-05
4.768686657281172e-05
0.000732461003242402
-0.00010314793585075858
9.482734294306878e-05
-6.265373174075198e-06
-2.3362559842456516e-05
0.018982600100609013
0.0005541892046568461
0.0007587898174088558
-0.0003692140172769609
3.320210651878795e-06
0.00015387618993760213
0.001645392176918449
-0.000404258041218688
0.00010841506227914503
-8.254486465919143e-06
-5.2085176110293666e-05
-0.0008832276535393803
0.018581420857674426
-0.0008420649025095952
-4.623146748841411e-06
-0.0003471743937035579
-0.00019262598340313896
-0.0013268500503915222
0.00044985350759432996
-6.3067574561833845e-06
0.00010509804117885648
3.118368313362644e-05
0.0006746875378757165
0.045005952481592976
0.005842084350688745
-0.002089764109465355
0.005884470596147563
-0.011371978041736217
-0.046142728527069354
-0.0024085809900671346
0.0008514333969328414
-0.002016246083601703
0.005492483541387537
0.23683353246187328
0.0004560160771262475
7.070096296330337e-08
0.00047529346655211606
-0.0023809639145791596
-0.20269905255072201
-5.22515657018286e-05
-8.513572698669203e-06
-0.00015205022387863117
0.2371960319930902
-0.00018580565871992825
-0.0020990092521976215
0.000872748663099995
-5.202147512889149e-05
-0.20283172501615887
5.3879902979229994e-05
0.0008325934787850814
0.23549444084285007
-0.007651508313695959
-0.0025446814139616115
-2.118429108199844e-06
5.331653747777799e-05
-0.20190962653527866
0.0030810542973516517
0.05537718858424
0.005502676391235889
-0.0002569251058511157
0.0008672833752935045
0.0030372480713692384
-0.05625016317979279
0.011884483464701823
0.0009766163782656727
-0.0003532272635033624
0.0007923816872023651
-0.0026638507129686795
0.04348958657275873
-1.6706726974881297e-05
5.507521630555967e-06
9.946882597608952e-05
0.04346460815932583
-1.3505272591397202e-05
-0.0003422884088386311
0.0433909433429742
-0.0011935379804927176
0.01434767440219336
1.047231463578186
0.03174426492091191
-0.0003657618640175182
-0.0005023183200196782
-0.0008168781748232956
0.0002544203731943085
0.0003421899821539581
0.0005916000420907025
0.006435427906709346
6.165938309415758e-05
-1.4607972581403037e-05
-0.0027999074866332935
0.0006544479739763996
-0.0022298321243649985
1.4002597506453592e-05
-3.929469411598705e-05
0.0014686034823019152
-0.00016833696236151732
0.010647383236636046
0.0005355642437207175
0.0006923841274813047
0.0011808003511634933
-0.00014761709711716816
-0.00025010440496294243
-0.00039499607513902076
-0.0035838891869901545
-9.284264193580569e-05
-8.012550679201166e-05
0.0027649971679290144
-0.00017773425344655457
0.001802004717197119
3.621242713664118e-05
5.087191796793066e-05
-0.001616765803615305
6.379147733475537e-05
0.5559718171478389
1.3679785789009665e-05
-2.088919743665389e-05
0.10262347310558645
-2.5721026249160458e-05
1.7540272297754956e-05
0.0014222912250780818
-7.473079080987716e-05
0.0002461549524895602
2.25695585093037e-05
-0.0001344252287741664
-0.0006964616006069719
1.369471698521864e-05
-0.00022157479034221584
-1.3591969757432902e-05
5.542794937785286e-05
0.5564498854752267
-5.214671469062138e-05
-2.5751748419279504e-05
0.10220755976425391
3.1186707489628245e-05
-0.0012389020300146115
0.0005002623323273006
-0.0001552210051389645
4.086674666714212e-05
0.0034885988344947987
0.0006204189221729917
-0.0002654369110052368
6.699382638415902e-05
-7.837907570522481e-05
-0.0017483926138942422
0.5560551854882179
1.86774901182682e-05
3.247949142329216e-05
0.10251239279778857
-0.0016792801083305967
-0.00017282760586963226
0.00048000699836196927
0.001115499358626403
0.001947472215440789
0.0008422345907752737
7.533984525821987e-05
-0.00025356505337818477
-0.00043054605072599894
-0.0009573682150559931
0.005685062600989782
-4.800834067342996e-06
-2.595937682310535e-06
-0.0005651276758479687
2.3711462414388407e-05
-0.00017759375052906425
-2.472494809580487e-05
4.43256370991209e-05
0.0002810333167630072
-1.3299773979982753e-05
8.35621405627544e-05
1.1851484000429301e-05
-2.4602503142630603e-05
0.005904090252057576
-1.7417813607009577e-05
0.0005671887040284543
-0.00012539632583929213
5.168101471995932e-05
-6.309137546970709e-05
-0.0015811429218126967
-0.00029402022198724985
5.8769869060950475e-05
-2.8657549825896526e-05
4.1453166002956916e-05
0.0008086413878823606
0.005766426142483606
0.0008115208590891027
5.914551976470522e-05
-8.831978944181707e-05
-0.00039349156858149416
-0.000868070792230765
-0.0004044477507295263
-3.223458429107745e-05
4.2869271681898196e-05
0.00020932056957930663
0.0004471371771682164
0.058709934933747834
0.00100707407246893
-0.0004740425972023583
-0.005834629412669363
0.0002070049232362712
-0.05746270154225307
-0.0005646233682422797
0.00023614140472079417
0.003081168937970089
-9.131245380506365e-05
0.01715116513136356
0.00028447879971907667
0.0001414558939538083
0.00022458921514557066
-0.000572084835912296
-0.01709407833374755
-0.00012446813714707557
-5.556391577600048e-05
-9.046960029945251e-05
0.016952113744426435
0.0005055698445498864
-0.0007844884447514933
0.00023184688897584873
-0.0001249522869194268
-0.016699005301059923
-0.00023860846727731408
0.0003967411838800379
0.011654004734924873
-0.00566511528491302
0.0030953151144064808
-5.4556050288517434e-05
-0.00023802411438964103
-0.012132188828722218
0.0027188657935686995
0.06547653383977986
-9.249819858200496e-05
-9.938386925763992e-05
0.00039713078828833406
0.0027250904157279767
-0.06431607463555158
0.014126292193751888
0.0003155116812337672
-0.00011625702905280427
-0.0016466696843789896
3.9231064481845107e-05
0.004266409760190441
5.404912966689532e-05
1.9308852991041196e-05
3.9161648719774005e-05
0.004116242280782821
0.0001120731943195912
-0.00020200245998584334
0.003164732384708958
-0.0013116698289030362
0.015865466061259527
1.049379702801823
0.026938928444018274
-0.0009805563505498969
0.001552497886833197
0.0003545732939788405
0.0008157088433796953
-0.0011190044330369004
-0.0002926653151581547
0.0030509443877685762
0.0008612561842314833
-0.0007566785118534325
0.00047077594086256466
0.00028177673472089504
-0.001822331889038072
-0.0009265049554172809
0.000355081476109489
-0.0016623774773581392
-0.00013162673753784653
0.012181161851798825
0.0015648114330045386
-0.0021531875710794892
-0.0005164763312695052
-0.0005082752037061648
0.0008614328672552649
0.000226416918520098
-0.0026394982676796698
-0.002209490715202084
0.0005385296092712588
-0.0030524953691436077
-0.0003846926464296198
0.0016313965397641796
0.0013432380644882928
-0.0003062752663506853
0.0017369523720975064
0.00018655344490544224
0.5558437878145824
-0.000139292547746047
5.734552613763525e-05
0.10174036783578194
0.0001027212989253789
-4.4726804495533205e-05
-0.0008120521528137652
-0.007711947408701502
-9.001573214734618e-05
0.004304977132469426
3.524998974259904e-05
0.0001941839221134169
0.0037100653680183972
3.306913633420971e-05
-0.002011368108658731
-1.342501892387204e-05
0.5560630229879342
4.499697835570071e-07
0.00010526446825691492
0.10180851287749493
-8.68868135549543e-06
-0.004275748604387392
0.006467414957864746
5.892835838526296e-05
-0.0032110952455814343
0.0005006417738059111
0.0018746376493857212
-0.0031479196096857224
-2.513399316993624e-05
0.0016163733481602638
-0.0002079992194660887
0.556800040258765
-4.243592620515825e-05
-8.200735615343722e-06
0.10001379157115256
0.0009528575388359996
9.901697724001e-06
-0.0017235962214529085
0.0018905154506290447
0.00299333390722719
-0.00046665385635386513
-6.07211321845227e-06
0.0006923206320105831
-0.0008945340137521433
-0.001251772578175755
0.00570527983238527
-8.592783697162985e-05
2.5569483809346354e-05
0.00023813797347795997
0.0035867651568179714
7.872069870644289e-05
-0.0018945094214693245
-2.0323188777847075e-05
-0.00013209639833931138
-0.0018097488565982259
-2.678498153949446e-05
0.0009571432785921827
8.091620787274694e-06
0.005803343343008378
-5.4652827638162215e-06
0.001615983091867276
-0.002870617620754694
-3.750647998460872e-05
0.0016630505253787257
-0.00015114518894557142
-0.0008009800956265602
0.0014344368488925486
1.599111782161528e-05
-0.0008633808103345284
8.52523918687986e-05
0.006032491015241552
-0.0004885288214265129
-1.1188162445286804e-05
0.0007465332698517455
-0.0008986633119495355
-0.001051046169306093
0.00024968180836782843
6.021737871300003e-06
-0.0004079240102223148
0.00046501457917053253
0.0005520860437396838
0.030266394687203584
0.0003511882905542777
-0.0007887877394042392
0.05841069867759387
-0.0002975455074316855
-0.029654881157010884
-8.271673160313475e-05
0.00041691100909751545
-0.027952684241612097
0.00014753596518948524
0.06844284033777205
-0.0022187533322177745
-0.0025663186576050214
-0.00047461048770237337
-5.5993143728313936e-05
-0.06635226423993995
0.0010260242143354029
0.001590173829236756
0.00017701192609865347
0.032526435181871954
-0.001629283435954069
-0.008464976368595445
0.0004211413831334067
0.0010286085690819034
-0.031130001194420068
0.0008866307656559709
0.003955315248405896
0.06377853572146899
-0.0007728592084881834
-0.027953842483609874
0.001589173323161119
0.0008726328818209432
-0.062453366726515344
0.00035735051075183046
0.026889545473174875
0.00014995543112418083
0.00018279739210109487
0.003945913442682283
0.0003601918842256668
-0.026264104299652924
0.007296967392018343
-1.2781635217239484e-05
-0.00022384894559015437
0.013445717471382606
-7.479985776454089e-05
0.016159312272200084
-0.0004773608751496243
-0.0009527316700431148
-6.337750418343502e-05
0.007456731690602321
-0.0004743851253265311
-0.001846764366366238
0.015379614960503156
-0.00016683659465481043
0.006425285646908268
0.8299912612586504
-0.03352956212039933
0.0001296135426514555
-9.627414839969477e-05
9.932254894298197e-05
0.0004822518305827812
-0.0006127477503095036
0.00038871318025409513
-0.001206652647594967
-0.001251832107761219
-0.00023006500317689047
-3.954812024213451e-06
0.00024942702879764345
0.00032770338065973023
0.0008055028567271594
5.7193819276789333e-05
0.00025636622618262813
-4.534477369587227e-05
0.010142021269666963
9.95577041271913e-05
2.537845602457439e-05
2.3143136416388743e-05
-0.0005828855035054812
0.001068092638370837
-0.0005465026400135249
0.002788419816001544
0.002883797339023009
0.0005219923904480234
0.0005307984782426498
-0.0005666021225825812
-0.0009336960017249106
-0.0013794604608565728
-0.00016364185072647542
-0.0005070133769597067
0.00017235226934284557
0.36004460243937997
-0.00014473916110485153
8.839687136764626e-07
0.15217770672397296
-7.537791505052197e-05
-5.00414089291324e-06
-0.00010136800067665595
0.0001419798985033716
2.539250057645788e-05
-8.549921625422888e-05
4.1078164001184305e-07
-4.7397340425203604e-06
-0.00017162464011749048
-4.849628274821211e-05
8.688311318235624e-05
-4.543028001078614e-06
0.3600536091653731
-1.4868204652242876e-05
-7.286964172593404e-05
0.1522962244682611
-7.141430132323075e-06
0.0002250680888193686
-0.0001876743600317359
-9.373351247648456e-06
3.5172038526594764e-05
-5.874586048988375e-05
-0.00012068428044691756
9.343335821578448e-05
-1.087319158494992e-06
-9.670217579208079e-05
-1.660487356997489e-05
0.3600445877093352
-5.004317786388885e-06
-9.278566527992677e-06
0.15217778349004693
0.00014200250807827014
4.436231293512644e-06
4.6463368401140254e-05
0.0002242111353598524
-0.0001305912644420126
-8.075317895724513e-05
-4.303221629192221e-06
-0.00010004802548649211
-0.00012978531215143785
6.595644222992742e-05
0.01853115649148349
0.0004261934235107427
-5.884032322681005e-05
-0.0012852477122965158
0.00371360201374867
-0.00011684444442839515
-0.001121877140825117
8.207354031954404e-05
0.0005448812921119744
-0.0019131174309705355
1.8587970150619924e-05
0.000692633831012037
-5.12010654755364e-05
0.01895954348852747
6.397954131739547e-05
0.0016548180559930775
-0.0024862601335657103
3.781183968457236e-05
0.002011865990708196
-0.0004956404109483409
-0.0007684539770420281
0.00133852803572419
-3.55877276674738e-05
-0.0010931210063636523
0.00014142665853985817
0.018644451478817322
0.0012851638447489838
0.00016680930020469142
-9.161527637035168e-05
0.002197653405245195
-0.00025798917865301174
-0.0006671251136191351
-7.407283297597892e-05
-6.24785030059864e-05
-0.001155456002164972
0.0001139899459209965
0.19348495067447619
0.01793398513571727
-0.00761400935727216
-0.15336744359866086
0.00451489084572481
-0.16747425843688013
-0.007676110178657795
0.0030717156213981643
0.06183490513090205
-0.0018561464913978442
0.056920909826714466
-0.00017706641079566309
0.008630569748204808
-0.007072871551617666
-0.00768464653189831
-0.057570076688557056
-3.377110763312385e-05
-0.004301511879778732
0.0029060200092018993
0.23712777211158537
-0.013833689839068675
0.0009992431525671403
0.003075143008243458
6.140644659492364e-05
-0.20235463609120385
0.005561094673738369
-0.00022539548662670525
0.09728528795176583
0.007765523379572812
0.06227911984959667
-0.004276788055119261
0.005589083694922031
-0.08988182278782833
-0.0031463947165004387
0.2366895673706473
-0.0018578622995709597
0.002855453093485721
-0.00022891174791685973
-0.003129423932675437
-0.20219960483112942
0.03638975957236532
0.0032704574026537377
-0.0012243393885838874
-0.024812051587876485
0.0007561539643964616
0.014626601373092069
2.6065914454348502e-05
0.0020917383346722887
-0.0011635914716107217
0.043291981580585656
-0.002213527615674068
2.218540129840477e-05
0.021010703278266353
0.0012580836749417064
0.04331272398178935
0.829856437477599
-0.03279498900320617
0.00013069987765130045
6.9642078859665636e-06
-0.00010370752997856776
0.0005426497967949469
-1.4498302348601073e-05
-0.00042291935683307536
-0.00047499627136831637
0.00048698161090271155
0.0001068489172231983
0.0013439074493538958
-2.944884815259791e-05
-5.7838673163576365e-05
-0.00024482048647723624
-2.3019346507757652e-05
-0.0005308249870918876
-2.747219906146604e-06
0.009742702678272196
0.00010736964515388274
-5.883080060968974e-05
-1.6805294433068685e-05
-0.0006691796936197918
-3.294732515549871e-05
0.0006082858014655147
0.0011510352422134094
-0.0010911353842208466
-0.0002535759741766095
-0.0022840537369624276
6.284050441882236e-05
-8.62922487997403e-05
0.00037379945902733374
6.651053891293473e-05
0.0009493026111853895
-1.776654881677064e-05
0.3601463948272285
8.979528279047785e-05
-1.4235515149755387e-06
0.15231696182444784
9.120635972747815e-05
3.0049449131591693e-06
1.3159306633906953e-05
-0.0001546372321869137
-3.251048608666529e-05
-0.000152462630075712
1.485762709517917e-05
-5.5096113098472837e-05
7.566520593221269e-05
5.275748386103093e-05
0.00011073465525390444
-6.237843431996305e-06
0.36020096122401324
3.363194143915596e-06
9.140751795147205e-05
0.15250090662504698
2.4577887097075576e-06
4.786298246623368e-05
-0.0002109688693236181
5.5767266076812796e-06
-0.00011543194025847195
3.614952359153414e-05
-3.5212186158751725e-05
0.00011444312190372563
-2.476855923365179e-06
6.74672163347221e-05
2.4709240778321262e-05
0.3601572469077665
3.0742369185347624e-06
2.753077911417987e-06
0.1524402237061232
-0.00015275463019503066
1.4936048085617491e-06
0.00013804425293288344
-0.0002404275429877776
-5.7374301548264504e-05
9.284963505132508e-05
-7.254448647054664e-08
-0.00012277428408650172
0.00014762723581611382
3.5158655152098064e-05
0.018393259932223915
8.63372264131319e-05
3.754907560993948e-05
-0.0007844492379232714
-0.000723433497348557
0.00010805876314137811
-0.0014018545807299634
6.47152550993602e-05
0.0003658361900482262
0.0003256024327062605
-1.350366520455631e-05
0.0007733110577182812
-2.123854818783258e-05
0.018714298630725018
-5.397724136155796e-06
0.00020437773419733094
-0.002667962541399391
5.652036820842437e-06
-0.0002017533023297593
0.00037656143253778974
-9.900833542827935e-05
0.0014298669340352499
2.568083136006145e-06
9.910654891881173e-05
-9.57560161595233e-05
0.018829948662714518
-0.001439656009621722
3.107654329518983e-05
0.0002563744690301027
-0.002439775595670113
-0.00015352359823373
0.0007507841405730471
-3.2981739455138897e-06
-0.0001467169916968766
0.0012884719544464726
6.518551061465298e-05
0.19312218913490165
0.0021574194010186036
0.0037129235878503317
-0.15392095635224184
0.0016779268233994983
-0.16750377892447355
-0.000788033782340818
-0.0015038533892951476
0.062222431446017606
-0.0006998918907031756
0.0499936824113482
-0.0010684793958336842
-0.009842005610235911
0.002142853717126599
-0.0008269493206619808
-0.050833346565530554
0.0004241729766807428
0.004186356548640633
-0.00090737553655881
0.23729785263640588
0.006663801898719141
-0.0004902615580589921
-0.001489643581576929
0.00042375285105437666
-0.20272555545128357
-0.0026717051942374533
8.674120224318895e-05
0.09552851664624919
0.0034424925779717114
0.06264921898402603
0.004174068597813999
-0.0027164074166615
-0.08854363086895804
-0.0014116519457127487
0.23664423215839464
-0.0006786260851074381
-0.0008717908746610628
8.720048016014842e-05
-0.001363379050407193
-0.20254476864294252
0.0364627221290734
0.0003074282964308678
0.0005964876495468249
-0.025012336896098337
0.000282613487147537
0.012979498262014215
-0.00016980754916408344
-0.001732355029370732
0.0003686382639267264
0.0434129418591534
0.00107498546869886
1.8216836878752623e-05
0.02076513496718428
0.0005562201023140111
0.04345959773302119
0.8300662883555989
-0.03394416682590329
0.00012125752409587151
0.00010792956794927087
0.00011761307754607186
0.00041307980166291206
0.00063345024569693
0.0004384425240874374
-0.0009699174584863221
0.0016259759013122457
-0.0001104319188005298
0.0003278132722417948
0.0001308161747226007
0.0001287589324431997
-0.001005156512571283
3.560388054936665e-05
-2.833445733664264e-05
-3.051788327248661e-05
0.010359456364413724
0.0001248673773720519
-9.670357810966505e-06
3.414239692423389e-05
-0.0004375294478918825
-0.001071502274536663
-0.0005863112620852835
0.002217919425338115
-0.00359133104797654
0.0002565234882046986
-0.0003259093647444524
-0.00027818307736650604
-0.0005815734955353019
0.0017663634684453166
-7.430482847121077e-05
5.431010936035854e-05
9.753778776281835e-05
0.3599889927362777
0.0001382275266959517
-5.571249972185634e-06
0.1520807871445446
4.6696831966854365e-05
-9.378171550404525e-06
-6.657621348324959e-05
-0.00015357411018878232
7.516077344712799e-05
-6.673441195825347e-05
1.2817446986231817e-05
-2.7733815436152196e-05
0.00016717770185032505
-7.507333138769031e-05
7.06969914328804e-05
-2.0300747717165157e-06
0.35999100759995606
-1.8894385032127646e-06
4.402434464916965e-05
0.15218364846207133
-1.629154687389538e-06
-0.00024605982697863626
-0.0001367627157554638
1.9875268619235537e-05
-4.288519571776283e-05
-2.027438763552084e-05
0.00013171940720664186
4.928024494669334e-05
-4.290675383948528e-06
8.830742506813212e-05
-3.746638204149205e-05
0.3599709996713326
-9.308555493622319e-06
6.729389093611958e-07
0.15212429389312995
0.00017423336946763214
6.32968697519468e-06
-1.8984168029082862e-05
0.0002700474166605632
0.0001146603275172333
-9.142587577164535e-05
-1.8172344395484338e-06
-8.20188331280058e-05
-0.0001420030057482063
-6.224482445804473e-05
0.01853885705824382
-0.0005705690581281309
-3.106541676565069e-05
-0.0011185273366267237
-0.0037294496714306846
0.00010496359648048064
-0.0010037883165816726
1.0668597696026886e-05
0.00047327225861910525
0.0019113786309891906
-6.0881543852720313e-05
0.0006292700212116923
8.899235654169566e-06
0.018956491386875544
2.3967306060241972e-05
-0.001695283273155929
-0.0020100384347490263
4.2959306982555715e-05
-0.002055022030171932
-0.00028017469586564864
0.0007790056057650357
0.0010908386678267225
-9.811821055314003e-07
0.0010988196271099213
5.926018713742632e-05
0.01891952758920856
0.0013674417779265943
-9.446182645018294e-05
-0.00035209053174816693
0.002294490301146074
0.00012306215609572308
-0.0007076587515392762
3.751280065256353e-05
6.6977218354743655e-06
-0.0012082870589915752
-5.58894875010322e-05
0.1948769208459707
-0.018978148827189876
-0.004396261190371669
-0.14853104656928104
0.002606137869512793
-0.16874893996106538
0.008185272190319216
0.0017477789702320433
0.059402888139450424
-0.0010062563076732546
0.05824008218459736
0.004675783981447712
-0.012272381934981428
-0.005076858554210207
0.00820163161250294
-0.05871158285166693
-0.0018370315397223955
0.005958961155633807
0.002035547939652679
0.23742475956464582
-0.00832557578717824
-0.00033330101156228817
0.001755013457778815
-0.0018138233345571257
-0.20242569376674246
0.003293392560428242
-3.7460874588827064e-05
0.10197262466462256
0.004967404668987778
0.059848008823678155
0.005944921778750177
0.003308600386439626
-0.09439072755530761
-0.0019331525921675345
0.23676802905523486
-0.0010500349094954722
0.0020249079517573954
-3.823120925035176e-05
-0.0019963171334379474
-0.20211855131823486
0.03668800743233962
-0.0035233061039482445
-0.0006845330378296932
-0.023592468908193838
0.00039442964322988745
0.014868082709334731
0.0007046057899409278
-0.0028547039997158558
-0.0008007552208714357
0.04328017572061356
-0.0012807513044000912
7.70011902194303e-05
0.0221020617698258
0.0007575840847849094
0.043272393923447984
1.0459839281754686
0.03438536046519931
0.001476050392175739
-0.0005056174378236417
-0.00036592244165955677
-0.0009989036005467083
0.000355325975328783
0.0002480496756458723
-0.002196460935097482
0.0004185849334822751
-6.821640450118129e-05
-0.007266553670551281
0.0004900513051168537
0.0016339367373579172
-0.00012053272770805571
1.239395895241142e-05
0.002898381905804994
0.00019022094120795988
0.009795981160663214
-0.0020959545537315117
0.0007134587028673168
0.0005270617797023897
0.0006349842201364981
-0.00025474299105161975
-0.00014093493472902674
0.00322015855066945
-0.0005494319918565036
7.005474110716118e-05
0.004249469263517726
0.0006539479156370234
-0.0016133970224223087
0.0002073616726223728
-2.8592589445452253e-05
-0.002342886338138229
-0.0003513250848710404
0.5561193549500331
6.530760017977368e-05
-2.467001702834309e-06
0.10278674571960499
-3.1243186739411266e-05
1.4064343392327058e-05
-0.007121088815444961
0.0004337240607574479
0.00039247561411329433
0.0002193358465594809
8.408487323163857e-05
0.003449382897149855
-0.0002130200834291068
-0.0002405735970222396
-9.858390659633662e-05
-3.60911622191955e-05
0.556113464581443
0.00010648244458226656
-3.184170502309437e-05
0.10335217445887747
-0.0001527704775259233
-0.000945962399340756
-6.817561115793396e-05
3.1976411661142715e-05
-0.00013926446407828752
0.001142735377828774
0.0004800757733303203
0.00012330372377162397
-1.6589303570624665e-05
3.882059866560981e-05
-0.0005806282634396994
0.5555619195307275
1.4013791184609001e-05
-0.00014843295231659482
0.10358966588507441
-0.000647177554763472
3.7123181382389424e-05
-0.0007453577624866841
-0.0002484800684248045
0.0017782668572027976
0.00031001019509579043
-1.994515354933093e-05
0.0004463640573542869
0.0001509024177364022
-0.0008878321127028928
0.0057625107517984536
-5.589637949944131e-06
-3.008805975915246e-08
0.0029011731743845076
-0.000330953827169066
-8.992850589286918e-05
-8.514424851299138e-05
-2.832029515704468e-05
-0.001438882155844154
0.0001338830254459919
4.879220611420278e-05
4.343603683121482e-05
1.4027653911679196e-05
0.005782432929450302
1.861988265448997e-05
0.0003250428050051521
-0.00030211153433785346
-7.697187854146702e-06
4.965348076341745e-05
-0.0004292994966223748
-0.00017981950685135638
0.00015968411346889568
5.85638223854383e-06
-2.395410237062753e-05
0.00021249224025200153
0.0056037384183437
0.0002634008385568602
-1.19650861642697e-05
-6.916145640221088e-06
5.426295413702844e-05
-0.0007307958583816713
-0.00012416245411113754
8.242564368549063e-06
4.9339173744656056e-06
-2.6771386601864954e-05
0.00037100805799986867
0.05845554566702024
-0.0036466949733643924
-0.0011357176707384392
-0.010640884300385404
-0.0020257086026101165
-0.057237735488595246
0.001586982252644865
0.0005528895628315937
0.005412881012055259
0.00094437499143805
0.01082786169402363
0.0023272125324884044
-0.00010009830471410875
0.001010656955315433
0.0015168486946032002
-0.011148559162422897
-0.0010918025028470633
5.6345124027463826e-05
-0.0004942474800080894
0.015702779678138386
5.748178957586806e-05
0.0002793139612339312
0.0005777631097532564
-0.0010951988823746073
-0.015465784328402482
-3.059139203771793e-05
-0.00014190405761569093
0.0072351294110914325
0.0017492110605901632
0.005341583624633335
5.612831847088168e-05
-2.930504698430258e-05
-0.007692062350423983
-0.0008392681566952132
0.05375223898374884
0.0009515839452408067
-0.0004938353474455814
-0.00013249458895572608
-0.0008386512011768907
-0.05255042135068551
0.01407320073604323
-0.0006363475803083194
-0.0002844423312139586
-0.0027352338658902238
-0.0004461911198781891
0.002873405580238403
0.0005111998787431168
-3.0976846025778476e-05
0.00024284873573400778
0.0038102956042227933
1.59841602422667e-05
6.754126738041982e-05
0.002049704342878221
0.0004041589953739976
0.012892963673051764
0.829261682132902
-0.02965369379174651
4.583397318425067e-05
-2.7228173938239247e-05
3.658197237357381e-05
0.0005544148216910364
-0.0001018913497345317
5.51614728479707e-05
0.0031567843284446393
0.0004048258028213614
-0.00016718016642919533
0.002795769526104479
-0.0005088055234516308
-0.001534340202693611
-0.00011120159371842323
4.755811087148778e-05
-0.000757056496448103
0.00024175499813803634
0.008349239540286752
0.00012634229596606317
2.730957756581149e-05
1.452569666794068e-05
-0.0008672786591564423
0.00016303796092562606
1.8182173689405794e-06
-0.005083362593406114
-0.000832323150320238
0.000335991432101892
-0.005847657772709857
0.000736553627649707
0.0028107354973098686
0.0002992561574476816
-0.00011602463247949169
0.001885528026911157
-0.00042331494247853884
0.3606861666136872
-1.4835261185704625e-05
7.559383018904715e-07
0.15307778545347275
-1.2388418066560656e-05
2.989937588397502e-07
0.0003682356189304638
8.742575895940865e-08
-4.259735683299957e-05
-0.00010365086010369317
1.36477315542352e-06
-7.340231685154017e-06
2.1375419229250774e-06
-9.111867663386826e-06
4.527418404990846e-05
-2.4458029252415885e-06
0.36076806688530627
2.0155400180891367e-05
-1.4132412918970442e-05
0.1534866401456525
4.294340584405167e-05
-7.990234493851633e-05
-0.00024410209159647878
-8.552882107835663e-06
2.1363063802922688e-05
-0.0002074469253506329
4.3311028807167303e-05
6.092538938710979e-05
1.8662679953066355e-06
-1.4826806251554286e-05
7.17005408534478e-05
0.3607763588100934
2.811102167344677e-06
4.236612961978467e-05
0.1534196060786685
0.00011345787325591022
-2.6818359503059242e-06
-7.757796036617283e-06
0.0001431231924858506
0.00014068769344682643
-3.8240495661418396e-05
-3.550229064640298e-07
-4.561178918878303e-05
-2.7877037536087903e-05
-6.868996043274286e-05
0.01740088845446863
5.4442890289747345e-05
-2.251543558310343e-05
-0.005656496809959844
-7.953464965013457e-05
-0.00018104807740460614
2.6688599340481134e-05
5.010362982749565e-05
0.00309193300209113
2.511719070046561e-05
5.129995910955431e-05
-6.482838506894583e-05
-2.558431503721595e-05
0.01859547996276889
0.00018387902233310652
-0.00016034390070167564
-0.001493847155467882
-2.4800530310025622e-05
3.948204062478065e-05
-0.00041630658499022084
0.00010283862396588948
0.00041506430402994535
5.336673963680245e-06
-4.1012733697542316e-05
0.00023860217307179385
0.018025398188242756
0.00011229119748009319
-1.0795962248945432e-05
-0.0005847944070995132
0.000647285309094322
0.0005186783514880528
-6.418339003109911e-05
5.29931968328214e-07
0.00011171764138432862
-0.00019547932786398895
-0.00027712128444321103
0.019129583656443898
-0.004656010016067927
-0.0005266881454701742
0.03460770989696832
-0.0016022485954002876
-0.01994079730155437
0.001955999980344911
0.0002320869956587428
-0.014128694067941924
0.000870425101723891
0.23621227225952113
8.518736433134983e-05
0.00032645533088055117
0.0012447763842241553
0.0019921848538577112
-0.20332042744160866
-3.1180110385695684e-05
-0.00011145513166599792
-0.000531423771167091
0.2370960932390592
0.00015685570435503338
-0.003557388647646186
0.00019856551005371126
-3.1346972173891026e-05
-0.203974508891971
-7.265493060965761e-05
0.0015341651575744284
0.2340443323149916
0.005688205787572803
-0.014857706104658058
-0.00011723081407780618
-7.597753717602387e-05
-0.20187197832961062
-0.002391768727806471
0.03949522118636687
0.0008610742059924961
-0.0004894908962797772
0.0014314987192377772
-0.0023917453487164566
-0.040388018307231835
0.005230810171282055
-0.0008349018184871525
-9.457724147845596e-05
0.005968726643301359
-0.0004659040922061201
0.04383075387803466
1.6056608611e-05
3.996210513182708e-05
0.00020215598727179262
0.0439297933610404
3.197154045571617e-05
-0.0006073548233624986
0.043614868245062506
0.0010028894264095742
0.010363160400649878
1.0461430840388428
0.03408852918100096
-0.0028823449918385265
0.0002492525294035063
-0.00011044127900038477
0.0019166099258341633
-0.0001482258130781554
5.2419825714674065e-05
0.0018741135102407131
-0.0001804796338832465
-0.0005817245152515591
-0.003037733898403005
-0.0017182695621886929
-0.00026399862264116344
0.0001871939396231013
0.00011918683286065766
0.0020755891708364063
6.792513879913675e-05
0.010383275724224008
0.0040402628003373825
-0.00032448959949353616
0.0001282948238098902
-0.001065526122623472
0.00011294121152883042
-4.30070346769609e-05
0.0011955017431887426
0.00068292067259456
-3.3308870978340605e-05
0.004423934454155901
-0.0004055958548665107
-0.0006874099408158417
-0.00033290824657984777
-5.7189165657203704e-06
-0.002471515762640472
0.0002247914791463719
0.5553750532475451
5.496602009946879e-05
-8.13821701554041e-06
0.1041664553020773
-1.9608291084118603e-05
3.2342038712586715e-05
0.017980620886908716
-0.0002703717119380859
0.0006358071046658358
-0.0008246836627154306
0.0003879696881467512
-0.009046381112631566
0.00017155139278739678
-0.0002990336942265225
0.00041893540745001465
-0.00019654456671907273
0.5563134935961089
-7.70456014304227e-05
-1.8285295562036663e-05
0.10317524897405848
0.00019066400848060622
0.0005476636253218437
-0.004015438236413323
0.0005111014558671114
-5.018707373773362e-06
6.11548457656236e-05
-0.00021961235076579954
0.001758812957001731
-0.0002656132225152268
-2.1847109390058317e-05
-9.5305772438827e-06
0.5557071769525435
3.195337516831158e-05
0.00018561054679820465
0.10383025107485627
0.00015314323127716437
0.0005250074154820299
-0.0020614427923826765
-0.0003857488573661235
-0.0010904302586089488
-8.81319842275591e-05
-0.0002752185957351845
0.0007277183557062425
0.00017281024243625656
0.0005134380878028956
0.005705273468801069
1.5140756094472484e-05
7.665004709231764e-06
-0.006802079295580341
9.88198902444436e-05
-0.00020980381420124806
0.00021051836342223177
-0.00015427771097654616
0.003531236444484616
-5.214638615910314e-05
0.00011649379664398693
-0.00010498842192658368
7.194220307832398e-05
0.005870104207072352
2.414318520521508e-06
-0.00021748810564943533
0.0018207108620828783
-0.00024227280412475363
-4.317174787219368e-05
1.1124805422543703e-05
0.0001097491735682575
-0.0009741998589597079
0.00011723123011294931
1.843921787291739e-05
-1.1906482741098832e-05
0.00571460049927318
-5.3613830418866324e-05
-0.0002548949070266155
0.001078097681469672
0.00011301290888946996
0.0004049820639206327
3.544310494816789e-05
0.00012473820771995723
-0.0005917145458089479
-6.012397607371525e-05
-0.00020570193924006796
0.05016956453353047
0.0014149874930393682
1.26318493113131e-05
-0.011565687423730792
0.00141763992030343
-0.049793103588212206
-0.0006136444568019782
-0.00011385094975527494
0.0057353852450861605
-0.000597998827627264
0.020091765222875507
-0.0026335548238091365
-2.7928958634773546e-05
-0.0016691306877204344
-0.0006078919497961802
-0.020163314859582136
0.0012264567357114205
5.461291159161994e-06
0.0007691446887583507
0.021086790367983214
-0.00031353458645683836
0.0026903510108945393
-0.00010148230723336366
0.0012162950501735984
-0.02077392641524181
0.0001624623488431999
-0.001261288332359342
0.008827693358603193
-0.005104041061058854
0.00575541346748549
8.38746884339398e-06
0.00015701032069833395
-0.009301958520114777
0.0024278510336135286
0.058009161884480895
-0.000579419340415751
0.0007484929386437252
-0.0012424762688657267
0.0024304280087397707
-0.056724628585391665
0.012416757472475849
0.0002577591794195885
0.00010542361280406163
-0.002871723598756831
0.00023781072975284
0.005067330910698244
-0.0005652198924464714
-8.745328310730177e-08
-0.0003440852393399248
0.00512262469856422
-8.120289568887208e-05
0.0005834892365182273
0.0024578119153256103
-0.0011592090224331216
0.013922445433886316
1.051855814075799
0.021310338389997262
-0.0024087991626971722
-0.0003315171896893681
-0.0007296326408352964
0.0016462287425705532
0.0002895178671469801
0.0005722304789629896
0.003919218797547183
0.0007007894174261412
0.0032075421204619294
-0.0011069034177029321
-0.0017158953496510753
0.00030586243396652033
-0.0005696714705986978
-0.0016754923194122603
0.0007037632411563462
0.0008449575610302155
0.014721479409196514
0.002807935156761393
0.00047319796013838266
0.0010463568431361185
-0.001375049646112231
-0.0002311366430266945
-0.0004952908065290749
0.002050622803826283
-0.0011626399355550855
-0.00300800805509678
0.0013624445851406273
0.0017435179713377797
-0.001430360044492212
0.0006407077411075521
0.0016665596714232184
-0.0008881553561728592
-0.0009196086405819111
0.5557925370655117
-8.833086609050379e-05
-0.0002083588404949265
0.10054930912545385
0.00011515180254962202
0.0002029396298481997
0.02167088534098363
0.00030288082263600717
-0.00015957764508322817
0.0001580372991735078
-0.0004412194453602622
-0.010140975355588205
-0.0002326058708347286
-5.481942416074751e-06
-6.364367040780143e-05
0.00021168594959626304
0.5565713578334169
0.00013262276851590718
0.0001235914848939519
0.10023109378870818
-0.00012789584588918004
-0.00030432618106289975
-0.010109011204003298
-0.0007981668441989565
-0.0004589612675451782
0.0036929216391707433
0.00016655921299385296
0.004700994519380506
0.00036567197530052364
0.00011715759420082944
-0.0017382365828458408
0.5564278130771477
0.00021708580287595073
-0.00012866607930370557
0.1003517934696405
-0.0021891577238282722
-0.0008242940845663903
-0.0073697630973006195
0.0015784473731612512
0.0010427501993664021
0.0010292238466075528
0.0003831698024092514
0.0034666712647521544
-0.0006242086043737908
-0.000518788843979395
0.005950636653413629
-3.471779575250348e-05
-0.00011674009912304129
-0.009846346781717447
-0.00036858909232304846
-0.00013998290468818114
-0.00016255996981419325
0.00021026611188070492
0.005214249994061818
0.00019327358496486576
4.033642347117154e-05
5.444972015357694e-05
-0.00012102473897052497
0.006080058973981952
8.600354252238666e-05
0.00033401487313116057
0.00437334084951623
0.00039201864996548844
-9.699102270886451e-05
-0.001953169987471998
-0.00016129293971666158
-0.0022184091612990186
-0.00020085565540577387
4.2720889776369565e-05
0.0010084325743856262
0.006009469729086761
0.0011634941865609808
0.00040010921159971046
0.003016438527439455
-0.0005118210670650917
-0.0007011201041042024
-0.0005971229797641546
-0.00020713400732323022
-0.00157220615263149
0.00025375647392463624
0.00035944714272564867
0.09010275550923744
-0.00017321434731014146
-0.0011507733602898252
-0.006688851850158547
-0.0027892693284249735
-0.08664055882071213
3.343238343281638e-05
0.0007577760125617427
0.0032559845035468617
0.0013765657447041436
0.05354234939390636
0.003826354880704792
-0.0007613035757768438
-0.005277171944490417
6.134402448649401e-05
-0.05115874907887286
-0.0018675676211440749
0.00032823736003834874
0.0028646559363512576
0.060429237907381764
0.0008091809331571339
-0.002397200229010755
0.0007941125395560312
-0.001870854320758919
-0.056918608516566355
-0.0004125644570555068
0.001294576377456464
0.01957623923613242
-0.001004468370069391
0.003289310556486822
0.0003529950276156639
-0.00041270052345572414
-0.019778689056705667
0.00048338755141856196
0.0907919401276662
0.0013567968035478948
0.0028548434939368195
0.0012790071424548998
0.00048021482013412583
-0.08736514760458676
0.020967144919925892
-5.410823545391982e-07
-0.0004830400635194702
-0.0016190467155819041
-0.0006769628290695198
0.01225320194797639
0.0009183118040099751
-0.00015483015065629924
-0.001547886740268714
0.013428962930295305
0.00020642056947232343
-0.0006931663411737938
0.005006964312241263
-0.00023043688973624414
0.02113392651265633
1.0348459844489302
-0.048397733134850934
0.00040186249404609576
-0.0004614400072087386
0.0004903824613353233
0.000277366606309928
-0.00021038604319336296
0.0003335428974329181
0.0002184400403645516
-0.0013835309634171386
-0.00039630595434328805
-0.007570599556732565
0.00010383792884384105
-0.0006670358116333199
0.0006188922681261611
0.0002220050884831911
0.003687244961277569
-9.61798964504322e-05
0.006061462874241036
0.0003550707379178796
-0.00028909335954505397
0.0004022714004691241
4.9710566348035855e-05
-0.00015535082337285477
0.00012193540988272855
0.0010567513025006563
-0.0007855968864606696
-0.0002595021474184607
-0.00491315930760735
0.00018348310554795288
-0.0006535060311694408
0.0003419150397302467
0.00014525913908343578
0.0023490167242285823
-9.482001909133133e-05
0.49080298562561886
0.0001060490083181356
6.777770044011952e-05
-0.2204154808640593
0.00012566241003457757
3.019465222185232e-05
0.0017765781644991105
0.0010616518043729682
0.00013983612664098265
-0.0006248480253350536
-0.0001247984124738347
-0.0006915119648105009
-0.0005001771485870846
-3.0336029903669648e-05
0.0002703770735516006
6.246243024635162e-05
0.49147836246608023
-2.884577555667583e-05
0.00012454600397712436
-0.2195407253790848
-1.1521901277160907e-05
0.0003561641471596733
-0.0017457225966041386
-0.00012365655212615402
-0.00023690983241552683
0.0003679539823496083
-0.0001873459966592775
0.0008166539174723347
6.203430098795045e-05
0.0001014252074000991
-0.00013031106517248273
0.4907431109945094
3.0802958374721096e-05
-1.0899623337664381e-05
-0.22066694474457088
0.0008669070274949509
-7.793595043377952e-05
-0.0015034423108081347
0.0016995081659832104
0.0017559082887253158
-0.0004305723836686194
3.937460874723634e-05
0.000764776583804654
-0.0008248933794909426
-0.0007704601969463123
0.02631081676529009
2.7506193009015455e-05
2.043070545238606e-05
0.0007952691073382198
0.00044019410364127236
8.63972691021328e-05
-0.00044514351065964874
-5.349334018065781e-05
-0.00041218128100220573
-0.00026359755815698696
-4.7951030713950814e-05
0.00017826501986054245
2.887531433154723e-05
0.026512226044449232
-1.0202050925522708e-05
0.000234700835839634
-0.0008645813415014451
-5.48569454583785e-05
-5.873310773186045e-05
0.0001753602183160861
-9.822171587128355e-05
0.00039194800725882254
2.9628183564377933e-05
7.441748881823478e-06
-9.371645848043002e-05
0.026268802183032458
0.0004330086473576611
-3.189663745928575e-05
-0.0004809473422667715
0.0007981223263899488
0.0006598747886939607
-0.00021110397096637263
1.8245600138772234e-05
0.0002786636122562967
-0.0003890087913590196
-0.00036038875198192996
0.01957310548816936
-0.003201574474225561
-0.00062629544466479
0.035290924264861315
0.001047801608723531
-0.019114915718642992
0.0014417971829307674
0.00029541155530989446
-0.01649362800458081
-0.00047603212173038243
0.07266409759644021
0.00026689230622009086
0.005561004700109802
-0.0003976055428510256
0.0014515070111556267
-0.06870751522666962
-0.00012189096805903165
-0.0024604396988644377
0.00016555336203418175
0.016456826741316224
-0.002366177154965487
0.0018016593013475577
0.00029854090644693577
-0.00011266281924824991
-0.015909075085478116
0.0011249917384221378
-0.0007930075542062248
0.0566779279784098
0.0021653586421052683
-0.0165295879605961
-0.0024580666489570687
0.0011150925388418553
-0.05392123565291214
-0.0009778834272612992
0.018796904422160185
-0.0004798092141974212
0.00016465982107994573
-0.0007985765986774599
-0.000989185454592986
-0.018159255011879413
0.004683281737642632
-0.0006540644841860324
-0.0001427983593826169
0.00775102605632466
0.00021860322260343088
0.016315847127091797
5.178835242335258e-05
0.0010890722423529883
-6.721430614668608e-05
0.003850207887874357
-0.0005335044448569243
0.00034798130970782614
0.012887917277223094
0.0004472557791216341
0.004395830691140138
1.050575748439084
0.024011169780378788
0.003080823386571333
-0.0005186884113597597
-0.0005876173531505644
-0.002302060240835761
0.00031162217091356776
0.0003797946465527773
0.0032292805252034555
8.615168050698025e-06
-0.002671709408659983
-0.008069039658665674
-0.00015739139370540134
-0.0019420429821644983
0.00037844526813669285
0.0007825503521398185
0.004229677602937357
-3.416348629246624e-05
0.0130266004626792
-0.004361206597176703
0.0006826601311367025
0.0007570969679886871
0.0017901319461808849
-0.000292070049391312
-0.0003535440493529883
-0.0046298386242116275
0.00043187865929700936
0.001170293133212381
0.009408769186391995
-0.00016718588643333874
0.0023519610127168333
-0.00028569316143517746
-0.0005127893594594446
-0.004825796134532245
0.0001092861057071905
0.5559302821359513
0.00037374458665514386
-9.34653642149105e-05
0.10064294131107421
-0.0003320101396855802
7.516845318466254e-05
0.0012137709271209996
0.003192357716278204
-0.0004814110425005819
-0.009030585163622078
0.0005223144599700542
-0.00025792934914267577
-0.0014684849847920582
0.00025763257914430054
0.004088449507190214
-0.0002379147242646915
0.5563721630998412
-8.133391120240787e-06
-0.000328078118615205
0.09983789684736477
2.02339037377352e-05
0.002154267268917859
-0.016205115943358113
0.0005349420801501441
-0.0007918236450047658
-0.0008350034165985369
-0.0009980992260496442
0.0075757437315649625
-0.00024349940778282305
0.0003656556044847514
0.00042430430323064304
0.5560174723455921
8.065880870018223e-05
1.689181028982662e-05
0.10066265720377418
-0.0019510208450640775
0.0004372365919977255
-0.0007118849327834031
-0.003632943320451713
0.0016856435389876014
0.0008932807957037606
-0.00019793500357552981
0.0005680887003046767
0.0016357475797305473
-0.0007830128423333127
0.005783825187366457
0.00010165688111637565
6.723310590376184e-06
-0.0004054724681235629
-0.0013631921651980187
0.00036396710577869953
0.004365619480997476
-0.00021918423566824073
0.00016673817991455368
0.0006831788051397391
-0.00017593194857120018
-0.002163658048829906
0.0001146226619611905
0.006028619124282432
-6.908597187733166e-06
-0.0010509477005217053
0.007866805371606202
-0.00023548175842819287
0.0003367948619558132
0.0004957169242464632
0.0005069845374631958
-0.003954233331889159
0.00012220658064957028
-0.00015488415717258974
-0.0002538405404010814
0.005733725528712154
0.0008979815405301662
-0.00019061385316083529
0.00041346141926912523
0.0015568568531948808
-0.0006942342694279313
-0.000446862060692953
0.00010102992376325557
-0.00021303494426725894
-0.0007782871715211082
0.0003419223462391998
0.041125690597036794
-0.001990495370001621
-0.0024964418979052643
0.025815460393055212
-0.0007884789814874107
-0.039462623120955
0.0009332869972226497
0.0010065925025972595
-0.01218054567500593
0.0003895341220503464
0.09157573226107071
-0.0033980780311048866
0.002445231943185077
0.0036285560098294053
0.0009502001947873131
-0.08770508707195185
0.0015960980456128757
-0.0012041844549769702
-0.0018315470289584493
0.029899222747805584
0.003982512722954473
0.002360100013677979
0.0010131764933752323
0.0015966429886381593
-0.02846454787884456
-0.001914346213700392
-0.001042179448262203
0.08100401553325987
-0.0050998082896321064
-0.012174223275677673
-0.0012111464628945406
-0.0018566680520453237
-0.07729801327482994
0.0023834032748887403
0.03537861657655724
0.00038206929212429
-0.0017880873008671526
-0.0010451155381074036
0.002367968883113629
-0.03380623998332411
0.009490032222979209
-0.0004525518382414319
-0.000394080510485006
0.005787248564303769
-0.00019120993292459746
0.021125349157212724
-0.0007566407045215353
0.0006020118244492439
0.0009099963452528918
0.00678077815784895
0.0008994502825413349
0.0004588456666808369
0.018540851603449166
-0.0011136457167665403
0.008087299679693679
0.8300240861573622
-0.03419873126118244
-1.3833954769064958e-05
4.476027649755398e-05
-2.046284511914217e-05
-0.0001581727005654405
-3.36874706666899e-06
-6.619864177387076e-05
-0.0027636466910030645
0.0010064263631240538
0.00039605951103112804
-0.0019864841349852723
0.0003027627717597748
0.0010878114939990725
-0.0006504650028798177
-9.407171438543534e-05
0.001553509573156157
-9.073341139607727e-05
0.010206168566503146
-3.345540362771622e-05
8.314373041470326e-05
1.2095067046181692e-05
0.00022888738094258332
0.0001761344834152084
9.769328423047383e-05
0.006017802514233281
-0.0022104979760126896
-0.0008581368832592973
0.004536506656500445
-0.0006432658063941618
-0.002434426140938607
0.001095894992343931
0.0002990213993172404
-0.0028238907719715673
0.00022729305156051204
0.3597768206582004
9.325202258545263e-05
-1.0952734202284265e-05
0.15176314211406156
2.184910871081425e-05
-7.856468257018532e-06
-3.663265207477182e-05
-6.467023114946088e-05
-1.670840190751407e-05
5.956784474452473e-05
3.30231851409857e-05
2.8114168099335306e-05
-3.394302739472208e-05
6.641475523427698e-06
-2.4977370756038377e-05
-1.1683031185354046e-05
0.35978564198425844
1.2336027199720598e-06
2.1275965998690875e-05
0.15192500459684388
2.705708196643168e-06
-8.937854671594228e-05
7.850059242294424e-05
3.195002577369986e-05
4.100553163639926e-05
-1.3948530271154231e-05
6.916262149244029e-05
-5.289689272975846e-05
-1.146718290850586e-05
-6.516118455037574e-05
6.4417963423078105e-06
0.35985198829211407
-7.558206674078016e-06
2.629128191966878e-06
0.15166000114165187
-6.368498598883653e-05
-1.1526696378088374e-05
-0.0003699407690865012
-0.00011300022943262575
-0.00024387701329825565
2.5648413835794635e-05
5.648315403218911e-06
0.00012733871871325268
4.628925758069093e-05
2.831574450092518e-05
0.0188050335942115
-0.00039719078576240107
5.6125581764376956e-05
-0.00010299379851915513
-6.0531771234152246e-05
-5.4508281343857906e-05
7.495600180323035e-05
0.00012750968272812134
6.719096602268845e-05
-6.3999236669182e-05
4.636760783721436e-06
-2.5096868211316986e-06
-3.598977922736287e-05
0.019356943328320678
3.482616756189681e-05
-0.00036468350295525197
0.000869841734942557
0.00011979938930649489
-0.0002190183766474365
-4.488002067532691e-05
0.000172256587023323
-0.0004241592456832038
-3.469703893213502e-05
9.914169126612651e-05
1.4487724314772565e-06
0.01805904239883134
-0.00020543613254718498
-0.0001374870974476684
-0.001461044786694069
-0.00034468147202835055
-0.0011705602778364344
9.315354230628178e-05
6.560214668005402e-05
0.00043716866146929957
0.00015868531584966298
0.0003089289255517084
0.1963326407929278
-0.01157108741604753
0.004921216134461552
-0.1555097597104182
0.0044962365326660075
-0.1687025994942205
0.004869589617431589
-0.0019724290458762823
0.06281106225747024
-0.0018029823597262892
0.0871582850827906
0.0019678553936262797
-0.006581749886952694
0.0016918627467469396
0.004837775413807591
-0.08475416831995473
-0.0008127860258128371
0.0033189176231872754
-0.0007242442068924939
0.23718805861332104
0.009144940714757747
-0.0005109282096706422
-0.00202271040967078
-0.0007647418096926994
-0.20199557768600052
-0.00375936952007328
0.00011705479185842174
0.08909145052385606
0.008315832038936329
0.06349944507166749
0.0033059337663006415
-0.0037003337158695304
-0.08210206634029385
-0.003352868410694346
0.23735981554033114
-0.0018465044726203679
-0.0006400406636669531
0.00011860048764130988
-0.0034024837370245876
-0.20217749669678087
0.03639976280567059
-0.0020359128747588053
0.0008016752206427459
-0.025449864018864735
0.0007315667013137729
0.02070251573518949
0.00031632977668896316
-0.0016470236874376377
0.0002771755646480559
0.04311602729334645
0.001501019885181385
-1.52951338810788e-05
0.019162363367023205
0.001356336477345663
0.04318859912985251
1.0328580049426672
-0.05131331648887255
-0.0004916256741101397
0.00030737367479542256
-0.0002530322652014319
-0.00040951779938893604
0.00013616355663180837
-0.0002056344716282227
0.0042529632915479995
0.0001416173221663758
0.0007183151114501193
0.001635696135792088
0.0003185524504550216
-0.002162792163692877
-2.5846908163739824e-05
-0.000403099471086138
-0.00037218305834480175
-0.0001965291978959192
0.005557055261425721
-0.00045890594715862455
0.0002025346794691169
-0.00022872892416168255
-0.00012840283437417
0.00010722635763397583
-6.597425171870431e-05
0.002676097111599559
6.598581217826331e-05
0.00047802224465542497
0.00026850016458246774
0.00030085040216270827
-0.001429730736126767
-1.8605153789787182e-05
-0.0002561646268286911
-7.223915853943403e-05
-0.00014909047385088922
0.490366465587811
2.1118197166208802e-05
-0.0001122376556138693
-0.22168175135355087
1.4465292572769136e-05
-6.2947443249988e-05
0.001401733734198617
-0.000961309273209976
-8.571933564697466e-05
0.0020631985788018693
-0.00021073579497873452
-0.0006778102050136133
0.0004190010902435276
5.542247300055824e-06
-0.0009544598000830742
9.815714819664788e-05
0.49076436190175665
-4.3638538253189515e-05
1.3407437809774024e-05
-0.22131720251762135
-3.0029250949505926e-05
0.0003883899311718838
0.002297341175585957
-0.00017582909299249263
0.000390847219106733
-0.00024138175170203489
-0.00014257637713675054
-0.0011302797806291387
8.075575162600244e-05
-0.00020385001343872712
8.427807915534803e-05
0.49082255499835004
-6.403167042978117e-05
-3.0039024578841165e-05
-0.22125950808245454
-0.00045370631867707833
-8.867285926696458e-05
-0.002331823730417842
-0.0009431919947817918
-0.0023594886569877193
0.00022478491742863028
3.957234407132158e-05
0.0010409949113710003
0.00046746733458888346
0.0010531680620526832
0.026318218313461234
-5.361756099246028e-07
-2.666980159422615e-05
0.0006636164786528314
-0.0003743620420706375
5.947919134236919e-06
0.0008080084269749392
-8.868242052420923e-05
-0.00032170544515287093
0.00019306728241266107
4.696281590674986e-06
-0.0004213597956952669
4.6333474227331176e-05
0.026462089966357072
-1.148707432903191e-05
0.0001173612230985691
0.001009395990286209
-7.121259107199327e-05
0.00013942235633897172
-6.857202973760877e-05
-6.861906623482905e-05
-0.00047906885791150245
3.763462432403507e-05
-6.409946310412387e-05
4.3418796062479624e-05
0.026497557788935602
-0.0002603499919991033
-2.7323454118753268e-05
-0.0008531771813771691
-0.0005152515379810556
-0.0008753458513328562
0.0001186830039527079
1.7025657754270613e-05
0.0004893355089184437
0.00023841584132045857
0.00046094164994696027
0.017324019043425565
0.0021586747718050957
0.0007524117002056007
0.036347620873586
0.0011680445467941824
-0.016949704565484794
-0.0010332230909294764
-0.00037687714669601966
-0.017171963821724152
-0.0005507130861707063
0.055582366263899514
0.00025947811710749075
-0.0025671946289572917
-0.00021968137494434199
-0.0010281739637036343
-0.05311817230843251
-0.00012500185460325816
0.0011773404972538896
9.7504332726721e-05
0.014485844124246134
0.0028048068571504244
0.001077890614360249
-0.00038035612583671316
-0.00012370306877619916
-0.014155086003581063
-0.0013852520909712332
-0.000535109411620559
0.048190795056057334
0.0023581129607958074
-0.017233397743227685
0.0011779349287406472
-0.0013810863746439314
-0.04658275031711734
-0.0010994341007571676
0.013116676440141195
-0.0005545869057886405
9.74404659040494e-05
-0.0005329590786315663
-0.001109011667692559
-0.012998805831963615
0.004161279403670715
0.0004934312674524604
0.0001924165358480204
0.008169783720285408
0.0002628449128370788
0.01273858667824945
5.9994529069213484e-05
-0.0005420093185508752
-4.3351073488690616e-05
0.003462573284020413
0.0006857108082922281
0.00026555361713809233
0.011307997847786695
0.0005189871574556887
0.003226373829544532
1.0834348554516877
-0.25091905543131904
0.056701716776672975
0.0009388154579653339
-0.0028536951251907066
-0.07405519761624807
-0.0019079503487321992
0.004649406441185288
0.02944110278099736
-0.055536074903465765
-0.0026756437456784956
0.005204611215503861
0.038802426910071686
0.00046723636630231714
-0.001629683015011643
1.4105581879085212
-0.002233692580279856
0.00022550650640773198
-1.1520093498138775
0.0032877837523367223
0.00035488548575897616
1.3637637761507584
0.0005761355159117708
0.0032921778941444524
-1.0353811124418006
-0.0018749902619429085
1.224583570188992
0.0008444056359636128
-0.0019052756718360149
-0.6411476475974316
0.2611972309761683
-0.0014298251458771854
-0.0003767356972076703
0.21550825247842076
0.0004100565316560327
0.10254579885550312
0.0
0.0
0.0
0.0
0.0
0.0
0.0
0.0
0.0
0.0
0.0
0.0
0.0
0.0
0.0
0.0
0.0
0.0
0.0
0.0
0.0
0.0
0.0
0.0
0.0
0.0
0.0
0.0
0.0
0.0
0.0
0.0
0.0
0.0
0.0
0.0
0.0
0.0
0.0
0.0
0.0
0.0
0.0
0.0
0.0
0.0
0.0
0.0
0.0
0.0
0.0
0.0
0.0
0.0
0.0
0.0
0.0
0.0
0.0
0.0
0.0
0.0
0.0
0.0
0.0
0.0
0.0
0.0
0.0
0.0
0.0
0.0
0.0
0.0
0.0
0.0
0.0
0.0
0.0
0.0
0.0
0.0
0.0
0.0
0.0
0.0
0.0
0.0
0.0
0.0
0.0
0.0
0.0
0.0
0.0
0.0
0.0
0.0
0.0
0.0
0.0
0.0
0.0
0.0
0.0
0.0
0.0
0.0
0.0
0.0
0.0
0.0
0.0
0.0
0.0
0.0
0.0
0.0
0.0
0.0
0.0
0.0
0.0
0.0
0.0
0.0
0.0
0.0
0.0
0.0
0.0
0.0
0.0
0.0
0.0
1.0747354108791898
-0.22778290726603975
0.034972893415757045
0.029599661547905963
0.000731533389458819
-0.05975675805620337
-0.026781096762774546
-0.0005543064002097128
0.0307435253078861
-0.07149024983274557
0.003594824434681473
-0.0003030094214458008
0.04659951470505545
-0.007221532931928131
0.0004703645376251038
1.3395249405094138
0.10785707529757191
0.006095674410335509
-1.0624883999146317
-0.005600693357601707
-0.007596617613731834
1.2806590410942278
-0.0025988262359457792
-0.003922339349286069
-0.955873675312362
0.0020420172063604293
1.2053142873705949
-0.008813089010369752
0.0028082090159849494
-0.5411209172354366
0.24084843604238274
-0.01309393705340741
0.0038873961562543836
0.20430629949458287
-0.00015797320742429017
0.08521423409151646
0.0
0.0
0.0
0.0
0.0
0.0
0.0
0.0
0.0
0.0
0.0
0.0
0.0
0.0
0.0
0.0
0.0
0.0
0.0
0.0
0.0
0.0
0.0
0.0
0.0
0.0
0.0
0.0
0.0
0.0
0.0
0.0
0.0
0.0
0.0
0.0
0.0
0.0
0.0
0.0
0.0
0.0
0.0
0.0
0.0
0.0
0.0
0.0
0.0
0.0
0.0
0.0
0.0
0.0
0.0
0.0
0.0
0.0
0.0
0.0
0.0
0.0
0.0
0.0
0.0
0.0
0.0
0.0
0.0
0.0
0.0
0.0
0.0
0.0
0.0
0.0
0.0
0.0
0.0
0.0
0.0
0.0
0.0
0.0
0.0
0.0
0.0
0.0
0.0
0.0
0.0
0.0
0.0
0.0
0.0
0.0
0.0
0.0
0.0
0.0
0.0
0.0
0.0
0.0
0.0
0.0
0.0
0.0
0.0
0.0
0.0
0.0
0.0
0.0
0.0
0.0
0.0
0.0
0.0
0.0
0.0
0.0
0.0
0.0
0.0
0.0
0.0
0.0
0.0
0.0
0.0
0.0
0.0
0.0
0.0
1.0785615850909682
-0.23943523604548478
0.07308740568128064
0.0003790191143370409
-0.003082286742967803
-0.08813816230572948
-0.0005627415724707162
0.004825228768789455
0.027943710499990802
-0.055266509684124866
-0.0005061228626917065
0.004816959423788916
0.04112043310323009
0.00028574438203001363
-0.0012260045672067858
1.38323105343068
-0.0007859647807820379
-0.001030062895196459
-1.1154035233195545
0.0015284440884809345
0.0020900128149638764
1.3484177085222553
-0.0010092960308415114
0.0015421813141621124
-0.9957802056717999
0.001973627774952552
1.2085003487890482
0.0033878690601504492
0.0020589867254066103
-0.5824125371376315
0.2489775016531009
-0.0009234383421633396
-0.0018928351279508824
0.20613187375790681
-0.0008409609045865804
0.09429554872987783
0.0
0.0
0.0
0.0
0.0
0.0
0.0
0.0
0.0
0.0
0.0
0.0
0.0
0.0
0.0
0.0
0.0
0.0
0.0
0.0
0.0
0.0
0.0
0.0
0.0
0.0
0.0
0.0
0.0
0.0
0.0
0.0
0.0
0.0
0.0
0.0
0.0
0.0
0.0
0.0
0.0
0.0
0.0
0.0
0.0
0.0
0.0
0.0
0.0
0.0
0.0
0.0
0.0
0.0
0.0
0.0
0.0
0.0
0.0
0.0
0.0
0.0
0.0
0.0
0.0
0.0
0.0
0.0
0.0
0.0
0.0
0.0
0.0
0.0
0.0
0.0
0.0
0.0
0.0
0.0
0.0
0.0
0.0
0.0
0.0
0.0
0.0
0.0
0.0
0.0
0.0
0.0
0.0
0.0
0.0
0.0
0.0
0.0
0.0
0.0
0.0
0.0
0.0
0.0
0.0
0.0
0.0
0.0
0.0
0.0
0.0
0.0
0.0
0.0
0.0
0.0
0.0
0.0
0.0
0.0
0.0
0.0
0.0
0.0
0.0
0.0
0.0
0.0
0.0
0.0
0.0
0.0
0.0
0.0
0.0
1.0791369919022422
-0.23827931996133966
0.014249613592088305
-0.030415348344242792
0.003113691513791745
-0.0320710268323396
0.029039189433760833
-0.004722279416083747
0.03201621409511856
-0.04799069852428342
0.001988737165643459
-0.004686969894515914
0.03723105129395015
0.006781920207880689
0.0017836484370627544
1.377999935853881
-0.08728672612617006
-0.0003470547292842318
-1.1248863413091112
0.006456315247516708
0.00012656210571672879
1.3030240640390303
3.690849992346026e-05
0.005130589160792281
-0.9764089979732178
-0.0010212466406581118
1.2164852767038394
0.00016515638887080612
-0.0012096569404813616
-0.5701278426863067
0.26073360133002504
0.012329430485213557
-0.0005284301265471797
0.21067181590341033
0.00032840564676928357
0.0914539471701482
0.0
0.0
0.0
0.0
0.0
0.0
0.0
0.0
0.0
0.0
0.0
0.0
0.0
0.0
0.0
0.0
0.0
0.0
0.0
0.0
0.0
0.0
0.0
0.0
0.0
0.0
0.0
0.0
0.0
0.0
0.0
0.0
0.0
0.0
0.0
0.0
0.0
0.0
0.0
0.0
0.0
0.0
0.0
0.0
0.0
0.0
0.0
0.0
0.0
0.0
0.0
0.0
0.0
0.0
0.0
0.0
0.0
0.0
0.0
0.0
0.0
0.0
0.0
0.0
0.0
0.0
0.0
0.0
0.0
0.0
0.0
0.0
0.0
0.0
0.0
0.0
0.0
0.0
0.0
0.0
0.0
0.0
0.0
0.0
0.0
0.0
0.0
0.0
0.0
0.0
0.0
0.0
0.0
0.0
0.0
0.0
0.0
0.0
0.0
0.0
0.0
0.0
0.0
0.0
0.0
0.0
0.0
0.0
0.0
0.0
0.0
0.0
0.0
0.0
0.0
0.0
0.0
0.0
0.0
0.0
0.0
0.0
0.0
0.0
0.0
0.0
0.0
0.0
0.0
0.0
0.0
0.0
0.0
0.0
0.0
1.0590247156013615
-0.16740536758708785
-0.16788971964803495
-4.351024696755542e-06
-0.004510150892331794
0.23241428702078445
-1.5481042158110847e-05
0.007090150471473041
0.022438384166102873
0.20255229216426637
-9.551245530651007e-05
0.007761263985640912
-0.09265790184325154
3.5987566422548394e-06
-0.00182637463162321
1.2296281990404125
0.00014378207361240056
0.0009983401065846555
-0.7238637511507175
0.0002062767864505757
-0.0026791398261084786
1.2811757420525234
0.00034642094068571233
0.00020977924937316909
-0.8458000149698612
-0.0017394410377057226
1.1437893779070365
-0.003700930913621473
-0.0024889704838271173
-0.4202500250624268
0.13441959835384426
-5.3541844728252985e-05
0.001955989572017676
0.15606159569170908
0.0009439447937560326
0.05576355784214246
0.0
0.0
0.0
0.0
0.0
0.0
0.0
0.0
0.0
0.0
0.0
0.0
0.0
0.0
0.0
0.0
0.0
0.0
0.0
0.0
0.0
0.0
0.0
0.0
0.0
0.0
0.0
0.0
0.0
0.0
0.0
0.0
0.0
0.0
0.0
0.0
0.0
0.0
0.0
0.0
0.0
0.0
0.0
0.0
0.0
0.0
0.0
0.0
0.0
0.0
0.0
0.0
0.0
0.0
0.0
0.0
0.0
0.0
0.0
0.0
0.0
0.0
0.0
0.0
0.0
0.0
0.0
0.0
0.0
0.0
0.0
0.0
0.0
0.0
0.0
0.0
0.0
0.0
0.0
0.0
0.0
0.0
0.0
0.0
0.0
0.0
0.0
0.0
0.0
0.0
0.0
0.0
0.0
0.0
0.0
0.0
0.0
0.0
0.0
0.0
0.0
0.0
0.0
0.0
0.0
0.0
0.0
0.0
0.0
0.0
0.0
0.0
0.0
0.0
0.0
0.0
0.0
0.0
0.0
0.0
0.0
0.0
0.0
0.0
0.0
0.0
0.0
0.0
0.0
0.0
0.0
0.0
0.0
0.0
0.0
1.051402352223856
-0.14908502122559752
-0.1474508755272116
0.02355089235583586
0.003920958480519486
0.2107456226700009
-0.030818776320256116
-0.00633610056597656
0.02480947767267882
0.20189370187335423
-0.009209431929453876
-0.0073700227447426915
-0.09504681527407059
-0.00816442208006389
0.0014600059526532943
1.1368051338528327
-0.13915105076865775
0.002315452251342594
-0.646875565640844
-0.0024594928722125623
0.0015939452748565267
1.1904435500389559
0.002592452711152316
-0.001977592764787329
-0.7797864772224652
0.000194217114334549
1.1270173110048396
0.0030120602466220127
0.0012630088362997796
-0.357772224348602
0.12643568621054524
0.01747525957748322
-0.001436362323969556
0.15133601196976876
-0.0004107341712345252
0.05019905996229827
0.0
0.0
0.0
0.0
0.0
0.0
0.0
0.0
0.0
0.0
0.0
0.0
0.0
0.0
0.0
0.0
0.0
0.0
0.0
0.0
0.0
0.0
0.0
0.0
0.0
0.0
0.0
0.0
0.0
0.0
0.0
0.0
0.0
0.0
0.0
0.0
0.0
0.0
0.0
0.0
0.0
0.0
0.0
0.0
0.0
0.0
0.0
0.0
0.0
0.0
0.0
0.0
0.0
0.0
0.0
0.0
0.0
0.0
0.0
0.0
0.0
0.0
0.0
0.0
0.0
0.0
0.0
0.0
0.0
0.0
0.0
0.0
0.0
0.0
0.0
0.0
0.0
0.0
0.0
0.0
0.0
0.0
0.0
0.0
0.0
0.0
0.0
0.0
0.0
0.0
0.0
0.0
0.0
0.0
0.0
0.0
0.0
0.0
0.0
0.0
0.0
0.0
0.0
0.0
0.0
0.0
0.0
0.0
0.0
0.0
0.0
0.0
0.0
0.0
0.0
0.0
0.0
0.0
0.0
0.0
0.0
0.0
0.0
0.0
0.0
0.0
0.0
0.0
0.0
0.0
0.0
0.0
0.0
0.0
0.0
1.0586998324217889
-0.16652419139997843
-0.16715695394947097
-4.256885667803871e-06
-0.004293157430572596
0.2314838353236942
-3.7333940583633634e-05
0.006799930183929291
0.02220428028816305
0.20101165748748173
-5.967068314759827e-05
0.007247434114086469
-0.09145709108301675
-7.741342458336566e-05
-0.0017025392233156942
1.2277185444939143
0.00012935328765960164
0.0008257570807547269
-0.7172810040434037
-0.00020416152087569534
-0.0021129124636349505
1.2795488123738537
0.00010125383804448744
-0.0001723584793967292
-0.8432310491511584
-3.906525069608654e-05
1.1432935356196348
-0.0028639973100483963
4.2160137004751534e-05
-0.4196598567483454
0.13246788286001482
0.00019841081509698323
0.001719832545896916
0.15520672038645547
-6.559842832356653e-05
0.055709864370354314
0.0
0.0
0.0
0.0
0.0
0.0
0.0
0.0
0.0
0.0
0.0
0.0
0.0
0.0
0.0
0.0
0.0
0.0
0.0
0.0
0.0
0.0
0.0
0.0
0.0
0.0
0.0
0.0
0.0
0.0
0.0
0.0
0.0
0.0
0.0
0.0
0.0
0.0
0.0
0.0
0.0
0.0
0.0
0.0
0.0
0.0
0.0
0.0
0.0
0.0
0.0
0.0
0.0
0.0
0.0
0.0
0.0
0.0
0.0
0.0
0.0
0.0
0.0
0.0
0.0
0.0
0.0
0.0
0.0
0.0
0.0
0.0
0.0
0.0
0.0
0.0
0.0
0.0
0.0
0.0
0.0
0.0
0.0
0.0
0.0
0.0
0.0
0.0
0.0
0.0
0.0
0.0
0.0
0.0
0.0
0.0
0.0
0.0
0.0
0.0
0.0
0.0
0.0
0.0
0.0
0.0
0.0
0.0
0.0
0.0
0.0
0.0
0.0
0.0
0.0
0.0
0.0
0.0
0.0
0.0
0.0
0.0
0.0
0.0
0.0
0.0
0.0
0.0
0.0
0.0
0.0
0.0
0.0
0.0
0.0
1.0520456510144687
-0.15164023948340086
-0.14829887606217257
-0.023206725665584682
0.0039910919058556045
0.21231191387320975
0.029978373298246194
-0.006397054173225716
0.024833219407995703
0.20695679917264237
0.00494517870791601
-0.00870600061814863
-0.09643776969903306
0.00823028343921852
0.0018013339002985371
1.1301435382397695
0.1581568708258167
0.005910678393230765
-0.660343246780482
0.007835866696688197
0.0038915393320820453
1.181888022450991
-0.006529887568107914
0.0065526029124124505
-0.7918957026886173
-0.0002707174345793672
1.128464932157099
0.007132845124518623
-0.002521967890135388
-0.36492237011350065
0.1294908520301737
-0.0194477954622808
-0.002632661615850476
0.15441640826027156
0.0007708932238423831
0.051052559751448144
0.0
0.0
0.0
0.0
0.0
0.0
0.0
0.0
0.0
0.0
0.0
0.0
0.0
0.0
0.0
0.0
0.0
0.0
0.0
0.0
0.0
0.0
0.0
0.0
0.0
0.0
0.0
0.0
0.0
0.0
0.0
0.0
0.0
0.0
0.0
0.0
0.0
0.0
0.0
0.0
0.0
0.0
0.0
0.0
0.0
0.0
0.0
0.0
0.0
0.0
0.0
0.0
0.0
0.0
0.0
0.0
0.0
0.0
0.0
0.0
0.0
0.0
0.0
0.0
0.0
0.0
0.0
0.0
0.0
0.0
0.0
0.0
0.0
0.0
0.0
0.0
0.0
0.0
0.0
0.0
0.0
0.0
0.0
0.0
0.0
0.0
0.0
0.0
0.0
0.0
0.0
0.0
0.0
0.0
0.0
0.0
0.0
0.0
0.0
0.0
0.0
0.0
0.0
0.0
0.0
0.0
0.0
0.0
0.0
0.0
0.0
0.0
0.0
0.0
0.0
0.0
0.0
0.0
0.0
0.0
0.0
0.0
0.0
0.0
0.0
0.0
0.0
0.0
0.0
0.0
0.0
0.0
0.0
0.0
0.0
1.0748306582740867
-0.2371443254980129
-0.0025817299914716214
-0.0009179434741108156
0.0014189798782595093
-0.0017126707487238571
0.0016431372537733815
-0.014254471172068621
0.026349226078255877
-0.010007442540179351
0.0019197158782672998
-0.032692073538274385
-0.0011006408119691863
-0.0005807942171426358
0.017960423363896943
1.2078291123606044
0.0016236028347241492
0.0067278784968185495
-0.5723197959356898
-0.004091851394876689
-0.0203220363997683
1.3104135926693066
-0.00033868954757199175
-0.0031059258830064104
-0.9578553666804599
0.0010203337515251828
1.387027491612006
-0.016343965055570873
0.0010121321195514558
-1.1227439656151692
0.09785033344236135
0.0016501673151061574
0.007458947465876845
0.19223723538294035
-0.0006073870604634211
0.25640430466498776
0.0
0.0
0.0
0.0
0.0
0.0
0.0
0.0
0.0
0.0
0.0
0.0
0.0
0.0
0.0
0.0
0.0
0.0
0.0
0.0
0.0
0.0
0.0
0.0
0.0
0.0
0.0
0.0
0.0
0.0
0.0
0.0
0.0
0.0
0.0
0.0
0.0
0.0
0.0
0.0
0.0
0.0
0.0
0.0
0.0
0.0
0.0
0.0
0.0
0.0
0.0
0.0
0.0
0.0
0.0
0.0
0.0
0.0
0.0
0.0
0.0
0.0
0.0
0.0
0.0
0.0
0.0
0.0
0.0
0.0
0.0
0.0
0.0
0.0
0.0
0.0
0.0
0.0
0.0
0.0
0.0
0.0
0.0
0.0
0.0
0.0
0.0
0.0
0.0
0.0
0.0
0.0
0.0
0.0
0.0
0.0
0.0
0.0
0.0
0.0
0.0
0.0
0.0
0.0
0.0
0.0
0.0
0.0
0.0
0.0
0.0
0.0
0.0
0.0
0.0
0.0
0.0
0.0
0.0
0.0
0.0
0.0
0.0
0.0
0.0
0.0
0.0
0.0
0.0
0.0
0.0
0.0
0.0
0.0
0.0
1.0896701846280243
-0.26871771891423835
0.0011487843169279647
-4.3084359167887295e-05
0.03994624640982228
-0.007299742078059307
-6.263683703698903e-05
-0.05355564191218539
0.030511306307472143
-0.016974285564644885
-0.00019041317748047347
-0.04475337257335493
0.0016959031467971264
7.575992885386068e-05
0.025548448089563608
1.2405866394883185
-0.00018817588415754563
0.008713225706417468
-0.7332715427202856
0.00014751995748661412
-0.020788698114409206
1.3887872680231343
-0.00032476174191051644
0.00012989947114605397
-1.0717820601917325
0.0003277101370933351
1.4531499727690682
-0.01850955698498772
0.0003358153092233656
-1.2386851008338637
0.12168386514026955
-4.729765161568079e-05
0.009142566157983827
0.22528775815668767
-0.00016847684593828625
0.2883754824624062
0.0
0.0
0.0
0.0
0.0
0.0
0.0
0.0
0.0
0.0
0.0
0.0
0.0
0.0
0.0
0.0
0.0
0.0
0.0
0.0
0.0
0.0
0.0
0.0
0.0
0.0
0.0
0.0
0.0
0.0
0.0
0.0
0.0
0.0
0.0
0.0
0.0
0.0
0.0
0.0
0.0
0.0
0.0
0.0
0.0
0.0
0.0
0.0
0.0
0.0
0.0
0.0
0.0
0.0
0.0
0.0
0.0
0.0
0.0
0.0
0.0
0.0
0.0
0.0
0.0
0.0
0.0
0.0
0.0
0.0
0.0
0.0
0.0
0.0
0.0
0.0
0.0
0.0
0.0
0.0
0.0
0.0
0.0
0.0
0.0
0.0
0.0
0.0
0.0
0.0
0.0
0.0
0.0
0.0
0.0
0.0
0.0
0.0
0.0
0.0
0.0
0.0
0.0
0.0
0.0
0.0
0.0
0.0
0.0
0.0
0.0
0.0
0.0
0.0
0.0
0.0
0.0
0.0
0.0
0.0
0.0
0.0
0.0
0.0
0.0
0.0
0.0
0.0
0.0
0.0
0.0
0.0
0.0
0.0
0.0
1.074040483712091
-0.2342495000076894
-0.0008043562492994626
0.000723407972316072
0.0010029600307863303
-0.0043711577711033
-0.0013744086935704822
-0.013979016910967822
0.025612308958248974
-0.01142053312576342
-0.0017029026760964484
-0.0332997651021573
-0.0006439821092084639
0.000426018206284224
0.01725147698836302
1.2034756652036749
-0.0016818781065908184
0.006650224052616395
-0.5529269051354285
0.00445163197707325
-0.0220913445026861
1.3104727224138357
0.0003416995866792076
0.0033098701277172408
-0.9499034710247778
-0.001332487828863067
1.3831249274017579
-0.018040594835502036
-0.0013144131161956316
-1.1133779629302283
0.09399271713534299
-0.0016021037109190412
0.00792370726183473
0.1889946328947307
0.000781584687523067
0.25309648892983405
0.0
0.0
0.0
0.0
0.0
0.0
0.0
0.0
0.0
0.0
0.0
0.0
0.0
0.0
0.0
0.0
0.0
0.0
0.0
0.0
0.0
0.0
0.0
0.0
0.0
0.0
0.0
0.0
0.0
0.0
0.0
0.0
0.0
0.0
0.0
0.0
0.0
0.0
0.0
0.0
0.0
0.0
0.0
0.0
0.0
0.0
0.0
0.0
0.0
0.0
0.0
0.0
0.0
0.0
0.0
0.0
0.0
0.0
0.0
0.0
0.0
0.0
0.0
0.0
0.0
0.0
0.0
0.0
0.0
0.0
0.0
0.0
0.0
0.0
0.0
0.0
0.0
0.0
0.0
0.0
0.0
0.0
0.0
0.0
0.0
0.0
0.0
0.0
0.0
0.0
0.0
0.0
0.0
0.0
0.0
0.0
0.0
0.0
0.0
0.0
0.0
0.0
0.0
0.0
0.0
0.0
0.0
0.0
0.0
0.0
0.0
0.0
0.0
0.0
0.0
0.0
0.0
0.0
0.0
0.0
0.0
0.0
0.0
0.0
0.0
0.0
0.0
0.0
0.0
0.0
0.0
0.0
0.0
0.0
0.0
1.0815013986828286
-0.2432986944818719
3.2844857564141416e-05
4.908616657997949e-05
0.07181676508952717
-0.006532595418564727
0.00012147944330186977
-0.09671600938618852
0.036923224622195536
-0.017605453199418267
0.0003094195671019038
-0.07976515403877914
0.0010234671109863819
-5.956542767181721e-05
0.015441638373591453
1.2188204406690262
-1.3973665092949515e-05
0.012944269725012439
-0.653021333905945
0.0004465806075483589
-0.022365791709342123
1.3670074573460411
7.868357581673229e-05
0.00036677967535435785
-1.0109259177417318
-0.0008071327428702641
1.3942017488046219
-0.019924683338514215
-0.0008034424900652797
-1.1268139622706599
0.10428887936240641
-0.00019010799652390123
0.008433012771619345
0.2074579594360038
0.0004377154614247942
0.27247528587171876
0.0
0.0
0.0
0.0
0.0
0.0
0.0
0.0
0.0
0.0
0.0
0.0
0.0
0.0
0.0
0.0
0.0
0.0
0.0
0.0
0.0
0.0
0.0
0.0
0.0
0.0
0.0
0.0
0.0
0.0
0.0
0.0
0.0
0.0
0.0
0.0
0.0
0.0
0.0
0.0
0.0
0.0
0.0
0.0
0.0
0.0
0.0
0.0
0.0
0.0
0.0
0.0
0.0
0.0
0.0
0.0
0.0
0.0
0.0
0.0
0.0
0.0
0.0
0.0
0.0
0.0
0.0
0.0
0.0
0.0
0.0
0.0
0.0
0.0
0.0
0.0
0.0
0.0
0.0
0.0
0.0
0.0
0.0
0.0
0.0
0.0
0.0
0.0
0.0
0.0
0.0
0.0
0.0
0.0
0.0
0.0
0.0
0.0
0.0
0.0
0.0
0.0
0.0
0.0
0.0
0.0
0.0
0.0
0.0
0.0
0.0
0.0
0.0
0.0
0.0
0.0
0.0
0.0
0.0
0.0
0.0
0.0
0.0
0.0
0.0
0.0
0.0
0.0
0.0
0.0
0.0
0.0
0.0
0.0
0.0
1.0746829826309119
-0.23682928031622769
-0.003249188228364187
-0.0006596880326983768
-0.0027797405305654455
-0.0005477517439765754
0.0012428777538370385
0.016091235696130975
0.02619448851474924
-0.008882469608426678
0.001473309895128566
0.03428830608496754
-0.0005267280675737798
-0.0005374164251477286
-0.018017043860476478
1.2036418405976224
0.0012096841302819785
-0.008123784581547453
-0.572543475273048
-0.0030486506633795847
0.01966133183220759
1.310352879650609
0.0005392149757765562
-0.002258380234678707
-0.9551377361136463
-0.0012159051918022362
1.3860179036669902
0.01628941988886128
-0.0012012030152603764
-1.1200932724090849
0.09822205528655602
0.001335154407169411
-0.007184888364946112
0.1907319293927644
0.0006768933616035911
0.2557018555149667
0.0
0.0
0.0
0.0
0.0
0.0
0.0
0.0
0.0
0.0
0.0
0.0
0.0
0.0
0.0
0.0
0.0
0.0
0.0
0.0
0.0
0.0
0.0
0.0
0.0
0.0
0.0
0.0
0.0
0.0
0.0
0.0
0.0
0.0
0.0
0.0
0.0
0.0
0.0
0.0
0.0
0.0
0.0
0.0
0.0
0.0
0.0
0.0
0.0
0.0
0.0
0.0
0.0
0.0
0.0
0.0
0.0
0.0
0.0
0.0
0.0
0.0
0.0
0.0
0.0
0.0
0.0
0.0
0.0
0.0
0.0
0.0
0.0
0.0
0.0
0.0
0.0
0.0
0.0
0.0
0.0
0.0
0.0
0.0
0.0
0.0
0.0
0.0
0.0
0.0
0.0
0.0
0.0
0.0
0.0
0.0
0.0
0.0
0.0
0.0
0.0
0.0
0.0
0.0
0.0
0.0
0.0
0.0
0.0
0.0
0.0
0.0
0.0
0.0
0.0
0.0
0.0
0.0
0.0
0.0
0.0
0.0
0.0
0.0
0.0
0.0
0.0
0.0
0.0
0.0
0.0
0.0
0.0
0.0
0.0
1.0896883783836788
-0.2684101399425858
0.0019567968392717712
-0.00023525739351640268
-0.039224645691560894
-0.008654060685166748
0.00035535631789070327
0.05223224889905187
0.030538774202545006
-0.018390110680913327
0.00040614404697975883
0.0427658279585474
0.0013531387784743345
-5.175418228004667e-05
-0.026033683734638515
1.2424018488005757
0.00015774678921495148
-0.0077851364894578725
-0.7300062907834313
-0.0011082140053253664
0.02077926582650925
1.3912246445008187
0.00019839511964186009
-0.0009637450844272682
-1.072426989339141
-0.0005080287067134026
1.453774726256312
0.018318327905246387
-0.0004795201807433709
-1.2372854626046157
0.12055748648037017
0.00044840445579143136
-0.009386125116118381
0.22545532349397518
0.00037187822620510843
0.28816521125371003
0.0
0.0
0.0
0.0
0.0
0.0
0.0
0.0
0.0
0.0
0.0
0.0
0.0
0.0
0.0
0.0
0.0
0.0
0.0
0.0
0.0
0.0
0.0
0.0
0.0
0.0
0.0
0.0
0.0
0.0
0.0
0.0
0.0
0.0
0.0
0.0
0.0
0.0
0.0
0.0
0.0
0.0
0.0
0.0
0.0
0.0
0.0
0.0
0.0
0.0
0.0
0.0
0.0
0.0
0.0
0.0
0.0
0.0
0.0
0.0
0.0
0.0
0.0
0.0
0.0
0.0
0.0
0.0
0.0
0.0
0.0
0.0
0.0
0.0
0.0
0.0
0.0
0.0
0.0
0.0
0.0
0.0
0.0
0.0
0.0
0.0
0.0
0.0
0.0
0.0
0.0
0.0
0.0
0.0
0.0
0.0
0.0
0.0
0.0
0.0
0.0
0.0
0.0
0.0
0.0
0.0
0.0
0.0
0.0
0.0
0.0
0.0
0.0
0.0
0.0
0.0
0.0
0.0
0.0
0.0
0.0
0.0
0.0
0.0
0.0
0.0
0.0
0.0
0.0
0.0
0.0
0.0
0.0
0.0
0.0
1.065123085838223
-0.20334795321244797
-0.002062737035869202
0.0006723968659369505
-0.03473282313140278
-0.0027766917760489924
-0.0009900539352285633
0.05990369177969655
0.03351500130456879
-0.010420911354767729
-0.0010090469297509366
0.0711809246570472
-0.0004999956788150082
0.00033558360718966614
-0.00247737607503613
1.1811747492745892
-0.0016760507278222037
-0.01211546545648222
-0.4423641156914284
0.003916800023181468
0.02800465538751961
1.2824590561644318
-0.000605656294596123
0.0027481302425260137
-0.8740547504809857
0.0018657631748270206
1.3163262297185048
0.021667207582404528
0.0018348896973704484
-0.9776830364925129
0.0798317303806533
-0.0010749456253138074
-0.00704714106549575
0.1684622534212365
-0.0008553533399358134
0.23482342679093915
0.0
0.0
0.0
0.0
0.0
0.0
0.0
0.0
0.0
0.0
0.0
0.0
0.0
0.0
0.0
0.0
0.0
0.0
0.0
0.0
0.0
0.0
0.0
0.0
0.0
0.0
0.0
0.0
0.0
0.0
0.0
0.0
0.0
0.0
0.0
0.0
0.0
0.0
0.0
0.0
0.0
0.0
0.0
0.0
0.0
0.0
0.0
0.0
0.0
0.0
0.0
0.0
0.0
0.0
0.0
0.0
0.0
0.0
0.0
0.0
0.0
0.0
0.0
0.0
0.0
0.0
0.0
0.0
0.0
0.0
0.0
0.0
0.0
0.0
0.0
0.0
0.0
0.0
0.0
0.0
0.0
0.0
0.0
0.0
0.0
0.0
0.0
0.0
0.0
0.0
0.0
0.0
0.0
0.0
0.0
0.0
0.0
0.0
0.0
0.0
0.0
0.0
0.0
0.0
0.0
0.0
0.0
0.0
0.0
0.0
0.0
0.0
0.0
0.0
0.0
0.0
0.0
0.0
0.0
0.0
0.0
0.0
0.0
0.0
0.0
0.0
0.0
0.0
0.0
0.0
0.0
0.0
0.0
0.0
0.0
1.0894248530514195
-0.26801312350399625
0.001998047542602197
0.00023693218261313292
-0.03823062056072035
-0.008784952087671303
-0.0004302336006430944
0.051241334502954206
0.030210201296220568
-0.018607497587827544
-0.0005529507767773956
0.042878811206025255
0.00147907495991645
9.234060600969513e-05
-0.025409184699544646
1.2420133970475846
-0.00015909196953437042
-0.008020960036395457
-0.7268321197319225
0.0006476469554193345
0.020739760917182274
1.3904524530828413
-0.00021229827492094574
0.0005703299008127747
-1.0724997769671685
0.00015993069524148696
1.450841415345194
0.018253409995353548
0.00014254823298386375
-1.235046768882146
0.1198097730294976
-0.00014970853797396564
-0.00940670583445017
0.22532090908152724
-0.00012556993437743362
0.2873488261417456
0.0
0.0
0.0
0.0
0.0
0.0
0.0
0.0
0.0
0.0
0.0
0.0
0.0
0.0
0.0
0.0
0.0
0.0
0.0
0.0
0.0
0.0
0.0
0.0
0.0
0.0
0.0
0.0
0.0
0.0
0.0
0.0
0.0
0.0
0.0
0.0
0.0
0.0
0.0
0.0
0.0
0.0
0.0
0.0
0.0
0.0
0.0
0.0
0.0
0.0
0.0
0.0
0.0
0.0
0.0
0.0
0.0
0.0
0.0
0.0
0.0
0.0
0.0
0.0
0.0
0.0
0.0
0.0
0.0
0.0
0.0
0.0
0.0
0.0
0.0
0.0
0.0
0.0
0.0
0.0
0.0
0.0
0.0
0.0
0.0
0.0
0.0
0.0
0.0
0.0
0.0
0.0
0.0
0.0
0.0
0.0
0.0
0.0
0.0
0.0
0.0
0.0
0.0
0.0
0.0
0.0
0.0
0.0
0.0
0.0
0.0
0.0
0.0
0.0
0.0
0.0
0.0
0.0
0.0
0.0
0.0
0.0
0.0
0.0
0.0
0.0
0.0
0.0
0.0
0.0
0.0
0.0
0.0
0.0
0.0
1.069612682533794
-0.21694807021877563
0.03625613825831582
0.032597007986139515
-0.004476482138311007
-0.06025674557856531
-0.032905249108272555
0.007992606579699111
0.0239861923958124
-0.0700591874338205
-0.006203723454770924
0.008959074774494006
0.03611796175713755
0.00820914266651909
-0.002046097205350647
1.3699126562030424
0.05927591709038316
-0.005057990300418199
-1.0809501066345168
-0.03030189605760558
0.011180266707627033
1.27067842267904
-0.0054237633222938356
-0.02920009876856732
-0.8528064001826501
0.0025032597954872705
1.194539006402894
0.010387980078779432
0.004656469894726742
-0.523872232184087
0.23466877539655964
0.021312244793248183
-0.0060678190767640625
0.15957068818113543
-0.0024983129528269765
0.07916753580551916
0.0
0.0
0.0
0.0
0.0
0.0
0.0
0.0
0.0
0.0
0.0
0.0
0.0
0.0
0.0
0.0
0.0
0.0
0.0
0.0
0.0
0.0
0.0
0.0
0.0
0.0
0.0
0.0
0.0
0.0
0.0
0.0
0.0
0.0
0.0
0.0
0.0
0.0
0.0
0.0
0.0
0.0
0.0
0.0
0.0
0.0
0.0
0.0
0.0
0.0
0.0
0.0
0.0
0.0
0.0
0.0
0.0
0.0
0.0
0.0
0.0
0.0
0.0
0.0
0.0
0.0
0.0
0.0
0.0
0.0
0.0
0.0
0.0
0.0
0.0
0.0
0.0
0.0
0.0
0.0
0.0
0.0
0.0
0.0
0.0
0.0
0.0
0.0
0.0
0.0
0.0
0.0
0.0
0.0
0.0
0.0
0.0
0.0
0.0
0.0
0.0
0.0
0.0
0.0
0.0
0.0
0.0
0.0
0.0
0.0
0.0
0.0
0.0
0.0
0.0
0.0
0.0
0.0
0.0
0.0
0.0
0.0
0.0
0.0
0.0
0.0
0.0
0.0
0.0
0.0
0.0
0.0
0.0
0.0
0.0
1.0651748215316845
-0.21439357167733347
0.06166877034879896
-0.003458980607059357
0.007441826800956421
-0.08172988257701926
0.005476926333749686
-0.01716339839212824
0.02269315430795142
-0.06788122644274179
0.006047190984957877
-0.02398521668226647
0.04399681072202888
-0.0028192174842696
0.0033013845335135325
1.3147620301372551
0.0033075974545537785
-0.0011233232741282633
-1.0150516221734112
0.00021968387109139891
-0.006597617765767489
1.2747944375716773
0.0016106152528377266
0.00023737361109769846
-0.914191627964767
-0.0031699783769739117
1.1945425796460334
-0.0030644430297184114
-0.004095155674348488
-0.4638464227572223
0.21881129719448036
-0.0010429730043035935
0.002942120746472279
0.18262775019931077
0.0006877375428773081
0.08369241435356775
0.0
0.0
0.0
0.0
0.0
0.0
0.0
0.0
0.0
0.0
0.0
0.0
0.0
0.0
0.0
0.0
0.0
0.0
0.0
0.0
0.0
0.0
0.0
0.0
0.0
0.0
0.0
0.0
0.0
0.0
0.0
0.0
0.0
0.0
0.0
0.0
0.0
0.0
0.0
0.0
0.0
0.0
0.0
0.0
0.0
0.0
0.0
0.0
0.0
0.0
0.0
0.0
0.0
0.0
0.0
0.0
0.0
0.0
0.0
0.0
0.0
0.0
0.0
0.0
0.0
0.0
0.0
0.0
0.0
0.0
0.0
0.0
0.0
0.0
0.0
0.0
0.0
0.0
0.0
0.0
0.0
0.0
0.0
0.0
0.0
0.0
0.0
0.0
0.0
0.0
0.0
0.0
0.0
0.0
0.0
0.0
0.0
0.0
0.0
0.0
0.0
0.0
0.0
0.0
0.0
0.0
0.0
0.0
0.0
0.0
0.0
0.0
0.0
0.0
0.0
0.0
0.0
0.0
0.0
0.0
0.0
0.0
0.0
0.0
0.0
0.0
0.0
0.0
0.0
0.0
0.0
0.0
0.0
0.0
0.0
1.0905348207524175
-0.2552151654181312
-0.1138954303278022
0.002214694787759301
-0.014237039154461992
0.1398096154234094
-0.011564115854194621
0.022175867862833917
0.033217740846528884
0.08788660486132208
-0.024580807954370447
0.02272426263887545
-0.05871845680881625
0.005250246920598974
-0.006355444650813315
1.4863711343939197
-0.013705885200577186
0.004569841960545095
-1.3200353080954128
0.001437995309043072
-0.0059979605481024325
1.332701339984157
-0.0016160154038862519
0.0017052722810629287
-0.9696873358270408
0.0028844522980983247
1.2233841296835393
-0.006118403577603332
0.002981927636200388
-0.6747235564363896
0.3388354597827383
-0.006060280431772026
0.006580506976912955
0.1962700840514236
-0.0010427708712664712
0.11773348512879753
0.0
0.0
0.0
0.0
0.0
0.0
0.0
0.0
0.0
0.0
0.0
0.0
0.0
0.0
0.0
0.0
0.0
0.0
0.0
0.0
0.0
0.0
0.0
0.0
0.0
0.0
0.0
0.0
0.0
0.0
0.0
0.0
0.0
0.0
0.0
0.0
0.0
0.0
0.0
0.0
0.0
0.0
0.0
0.0
0.0
0.0
0.0
0.0
0.0
0.0
0.0
0.0
0.0
0.0
0.0
0.0
0.0
0.0
0.0
0.0
0.0
0.0
0.0
0.0
0.0
0.0
0.0
0.0
0.0
0.0
0.0
0.0
0.0
0.0
0.0
0.0
0.0
0.0
0.0
0.0
0.0
0.0
0.0
0.0
0.0
0.0
0.0
0.0
0.0
0.0
0.0
0.0
0.0
0.0
0.0
0.0
0.0
0.0
0.0
0.0
0.0
0.0
0.0
0.0
0.0
0.0
0.0
0.0
0.0
0.0
0.0
0.0
0.0
0.0
0.0
0.0
0.0
0.0
0.0
0.0
0.0
0.0
0.0
0.0
0.0
0.0
0.0
0.0
0.0
0.0
0.0
0.0
0.0
0.0
0.0
1.086227402475546
-0.24677322740524615
-0.1459069080611918
-0.0002677100197507107
0.01575431298967974
0.17537295362102784
-0.0002661034066109836
-0.024342746989213994
0.03202882197633303
0.10359751898443685
-0.0014249163137569798
-0.024840450422857555
-0.07698904476596827
0.0006944869675109085
0.007792415703860817
1.4800474316403394
-0.003112455432544074
-0.011256924008734443
-1.3301422467173183
0.0027308453923653333
0.014021752147227461
1.2931602063582495
0.0010142136171948156
0.0027778684918163955
-0.9047229402982144
-0.001777165498348921
1.2051386646465492
0.014477106549591627
-0.002079771867433566
-0.6621900201457211
0.35028288993560497
-0.0008952207132359765
-0.012965297021882807
0.1776066441991219
0.0004634103004235457
0.11539633473309005
0.0
0.0
0.0
0.0
0.0
0.0
0.0
0.0
0.0
0.0
0.0
0.0
0.0
0.0
0.0
0.0
0.0
0.0
0.0
0.0
0.0
0.0
0.0
0.0
0.0
0.0
0.0
0.0
0.0
0.0
0.0
0.0
0.0
0.0
0.0
0.0
0.0
0.0
0.0
0.0
0.0
0.0
0.0
0.0
0.0
0.0
0.0
0.0
0.0
0.0
0.0
0.0
0.0
0.0
0.0
0.0
0.0
0.0
0.0
0.0
0.0
0.0
0.0
0.0
0.0
0.0
0.0
0.0
0.0
0.0
0.0
0.0
0.0
0.0
0.0
0.0
0.0
0.0
0.0
0.0
0.0
0.0
0.0
0.0
0.0
0.0
0.0
0.0
0.0
0.0
0.0
0.0
0.0
0.0
0.0
0.0
0.0
0.0
0.0
0.0
0.0
0.0
0.0
0.0
0.0
0.0
0.0
0.0
0.0
0.0
0.0
0.0
0.0
0.0
0.0
0.0
0.0
0.0
0.0
0.0
0.0
0.0
0.0
0.0
0.0
0.0
0.0
0.0
0.0
0.0
0.0
0.0
0.0
0.0
0.0
1.083768005519259
-0.2456884653870759
-0.08406848771751643
0.06001424309598566
-0.004867661966830358
0.10646988844404984
-0.06581370526274163
0.008314468092558747
0.02868164811686743
0.07479948617160195
-0.02565015992284082
0.009190389096968829
-0.049935489894497954
0.0244977889315803
-0.001663465614653601
1.421500117551556
-0.058392445317338615
0.005917178139724476
-1.1764980294654466
0.04837050906301681
-0.00932903132419357
1.3557438432819664
-0.0026101323125628326
0.0476747694114088
-1.013645602530697
-0.0016593363025188125
1.2153134248871327
-0.009093608419556401
-0.001261190562409587
-0.5850699038472048
0.26958725531243527
-0.0463667820501516
0.004282405865052303
0.21728741588891043
-0.0011454974128134695
0.10658210873581293
0.0
0.0
0.0
0.0
0.0
0.0
0.0
0.0
0.0
0.0
0.0
0.0
0.0
0.0
0.0
0.0
0.0
0.0
0.0
0.0
0.0
0.0
0.0
0.0
0.0
0.0
0.0
0.0
0.0
0.0
0.0
0.0
0.0
0.0
0.0
0.0
0.0
0.0
0.0
0.0
0.0
0.0
0.0
0.0
0.0
0.0
0.0
0.0
0.0
0.0
0.0
0.0
0.0
0.0
0.0
0.0
0.0
0.0
0.0
0.0
0.0
0.0
0.0
0.0
0.0
0.0
0.0
0.0
0.0
0.0
0.0
0.0
0.0
0.0
0.0
0.0
0.0
0.0
0.0
0.0
0.0
0.0
0.0
0.0
0.0
0.0
0.0
0.0
0.0
0.0
0.0
0.0
0.0
0.0
0.0
0.0
0.0
0.0
0.0
0.0
0.0
0.0
0.0
0.0
0.0
0.0
0.0
0.0
0.0
0.0
0.0
0.0
0.0
0.0
0.0
0.0
0.0
0.0
0.0
0.0
0.0
0.0
0.0
0.0
0.0
0.0
0.0
0.0
0.0
0.0
0.0
0.0
0.0
0.0
0.0
1.0768907787470938
-0.2366072668382603
-0.015987693113227675
0.004306789263850924
0.002286279889347078
0.030984749448502522
-0.005008925282849824
-0.005792765478705025
0.024834871072488503
0.03954085449626062
-0.0027949478649297753
-0.009779632921395316
-0.02672332775250892
0.0014488432531034703
0.0007252936296239385
1.386568865397656
-0.005787897884770103
-0.0010343247450230854
-1.087494842349121
0.004615780204449268
0.007322110318627463
1.3182212506714013
0.001968570690719223
0.0046124621770356825
-0.968631121365654
-0.006103662260599491
1.2173230796588883
0.007963025112961122
-0.008331937148657202
-0.5586214638843268
0.2420661203720571
-0.002429563823798067
-0.0020658709859357437
0.19337844234131524
0.0019806748160254746
0.10088308652960684
0.0
0.0
0.0
0.0
0.0
0.0
0.0
0.0
0.0
0.0
0.0
0.0
0.0
0.0
0.0
0.0
0.0
0.0
0.0
0.0
0.0
0.0
0.0
0.0
0.0
0.0
0.0
0.0
0.0
0.0
0.0
0.0
0.0
0.0
0.0
0.0
0.0
0.0
0.0
0.0
0.0
0.0
0.0
0.0
0.0
0.0
0.0
0.0
0.0
0.0
0.0
0.0
0.0
0.0
0.0
0.0
0.0
0.0
0.0
0.0
0.0
0.0
0.0
0.0
0.0
0.0
0.0
0.0
0.0
0.0
0.0
0.0
0.0
0.0
0.0
0.0
0.0
0.0
0.0
0.0
0.0
0.0
0.0
0.0
0.0
0.0
0.0
0.0
0.0
0.0
0.0
0.0
0.0
0.0
0.0
0.0
0.0
0.0
0.0
0.0
0.0
0.0
0.0
0.0
0.0
0.0
0.0
0.0
0.0
0.0
0.0
0.0
0.0
0.0
0.0
0.0
0.0
0.0
0.0
0.0
0.0
0.0
0.0
0.0
0.0
0.0
0.0
0.0
0.0
0.0
0.0
0.0
0.0
0.0
0.0
1.0684606795230704
-0.21307779644386216
-0.027856559993938976
-0.015838920361712312
-0.0025989788042530522
0.03362435606969297
0.01081118463644316
0.005888269086358255
0.02344203089828667
0.020902230486770153
-0.009422035941444903
0.007659547076379027
-0.01820977844527133
-0.0021372861388491236
0.0001255957564086301
1.3395386994271368
0.009867923811483102
0.004523548623978979
-1.0153677758274045
0.006432165821391051
-0.011862735270925354
1.2901076093143535
0.004026665638214716
0.006710529714511258
-0.8913546812025318
-0.0008502750045986335
1.1869015968524668
-0.013635278642550763
-0.0035086102022317414
-0.4573511696773713
0.21338933665351356
9.128101335805655e-05
0.0043508735984916155
0.17549387612819894
0.001686393824168484
0.08022845217984503
0.0
0.0
0.0
0.0
0.0
0.0
0.0
0.0
0.0
0.0
0.0
0.0
0.0
0.0
0.0
0.0
0.0
0.0
0.0
0.0
0.0
0.0
0.0
0.0
0.0
0.0
0.0
0.0
0.0
0.0
0.0
0.0
0.0
0.0
0.0
0.0
0.0
0.0
0.0
0.0
0.0
0.0
0.0
0.0
0.0
0.0
0.0
0.0
0.0
0.0
0.0
0.0
0.0
0.0
0.0
0.0
0.0
0.0
0.0
0.0
0.0
0.0
0.0
0.0
0.0
0.0
0.0
0.0
0.0
0.0
0.0
0.0
0.0
0.0
0.0
0.0
0.0
0.0
0.0
0.0
0.0
0.0
0.0
0.0
0.0
0.0
0.0
0.0
0.0
0.0
0.0
0.0
0.0
0.0
0.0
0.0
0.0
0.0
0.0
0.0
0.0
0.0
0.0
0.0
0.0
0.0
0.0
0.0
0.0
0.0
0.0
0.0
0.0
0.0
0.0
0.0
0.0
0.0
0.0
0.0
0.0
0.0
0.0
0.0
0.0
0.0
0.0
0.0
0.0
0.0
0.0
0.0
0.0
0.0
0.0
1.0730594219389866
-0.23074380433182234
0.002845021182702142
-0.00037452740112557605
1.568052985799625e-05
0.007502599628171247
0.00044540682924376043
-0.002677530130573454
0.024259878263460856
0.023510874273893374
0.00024315823384703217
-0.006409689217944965
-0.01790445351312889
0.00042338110867489354
-0.0006907291231897266
1.373027251348632
0.00039043645980136807
9.693212208187724e-05
-1.0768829004873872
0.002355295179948741
0.008502926929425909
1.2968123637724593
-0.0001187860245027276
0.00249201705299078
-0.9418998401818813
-0.0014300823376567305
1.2087427272267806
0.01089726719837855
-0.002565445150382951
-0.5435930881278821
0.2358789026790339
-0.0020439969792354134
-0.0029522542181172995
0.18826639396865535
0.00047366419625664586
0.09307385150259359
0.0
0.0
0.0
0.0
0.0
0.0
0.0
0.0
0.0
0.0
0.0
0.0
0.0
0.0
0.0
0.0
0.0
0.0
0.0
0.0
0.0
0.0
0.0
0.0
0.0
0.0
0.0
0.0
0.0
0.0
0.0
0.0
0.0
0.0
0.0
0.0
0.0
0.0
0.0
0.0
0.0
0.0
0.0
0.0
0.0
0.0
0.0
0.0
0.0
0.0
0.0
0.0
0.0
0.0
0.0
0.0
0.0
0.0
0.0
0.0
0.0
0.0
0.0
0.0
0.0
0.0
0.0
0.0
0.0
0.0
0.0
0.0
0.0
0.0
0.0
0.0
0.0
0.0
0.0
0.0
0.0
0.0
0.0
0.0
0.0
0.0
0.0
0.0
0.0
0.0
0.0
0.0
0.0
0.0
0.0
0.0
0.0
0.0
0.0
0.0
0.0
0.0
0.0
0.0
0.0
0.0
0.0
0.0
0.0
0.0
0.0
0.0
0.0
0.0
0.0
0.0
0.0
0.0
0.0
0.0
0.0
0.0
0.0
0.0
0.0
0.0
0.0
0.0
0.0
0.0
0.0
0.0
0.0
0.0
0.0
1.077455395832772
-0.2411751886275285
0.011960058952331203
-0.02445302067969383
0.04978772218813514
-0.022110909184195962
0.024570510483922135
-0.059798767546157115
0.0268741407136954
-0.026778575857091532
0.005046935148868162
-0.03668431954011056
0.004367876431772353
-0.006714835944000501
0.02661651189808413
1.2127837068460592
-0.004226417782259162
-0.0006095406794911556
-0.5712552749993383
0.0026137010726198203
0.007992093847668505
1.3390084300456329
-0.016069258172140097
0.0012380943350533886
-0.9841851012456782
-0.0020993105858248626
1.3848671207293644
0.008994322877978819
-0.0018740557917842693
-1.1334900271903687
0.10048763250032117
-0.001880821604735355
-0.0028981591098160486
0.20332328095441193
-0.004857485148050093
0.25538931098622547
0.0
0.0
0.0
0.0
0.0
0.0
0.0
0.0
0.0
0.0
0.0
0.0
0.0
0.0
0.0
0.0
0.0
0.0
0.0
0.0
0.0
0.0
0.0
0.0
0.0
0.0
0.0
0.0
0.0
0.0
0.0
0.0
0.0
0.0
0.0
0.0
0.0
0.0
0.0
0.0
0.0
0.0
0.0
0.0
0.0
0.0
0.0
0.0
0.0
0.0
0.0
0.0
0.0
0.0
0.0
0.0
0.0
0.0
0.0
0.0
0.0
0.0
0.0
0.0
0.0
0.0
0.0
0.0
0.0
0.0
0.0
0.0
0.0
0.0
0.0
0.0
0.0
0.0
0.0
0.0
0.0
0.0
0.0
0.0
0.0
0.0
0.0
0.0
0.0
0.0
0.0
0.0
0.0
0.0
0.0
0.0
0.0
0.0
0.0
0.0
0.0
0.0
0.0
0.0
0.0
0.0
0.0
0.0
0.0
0.0
0.0
0.0
0.0
0.0
0.0
0.0
0.0
0.0
0.0
0.0
0.0
0.0
0.0
0.0
0.0
0.0
0.0
0.0
0.0
0.0
0.0
0.0
0.0
0.0
0.0
1.0884375691680956
-0.25578588105290545
-0.0006906092441741699
-0.009279485224119791
-0.01715343342815779
0.0015984129564488522
0.014210849917767217
0.015492116440135971
0.03052178627786395
0.0022431246755779816
0.014744154331825085
-0.0032157000514750284
0.000568890649523964
-0.006209004841892622
-0.005672787529835808
1.2343064622156672
0.004347674545376629
-0.02188955193837299
-0.6564477458757656
-0.005337431042610422
0.02415984066040891
1.356108289081145
0.035687195892045886
-0.005202875286423703
-0.9843788519616237
-0.036971041759636065
1.46716097228187
0.02343136054718013
-0.036797526478844586
-1.2468251411473958
0.10713780236400741
0.0029797521124774705
-0.014280464869130627
0.19853713379001325
0.025670131583891507
0.295578251648287
0.0
0.0
0.0
0.0
0.0
0.0
0.0
0.0
0.0
0.0
0.0
0.0
0.0
0.0
0.0
0.0
0.0
0.0
0.0
0.0
0.0
0.0
0.0
0.0
0.0
0.0
0.0
0.0
0.0
0.0
0.0
0.0
0.0
0.0
0.0
0.0
0.0
0.0
0.0
0.0
0.0
0.0
0.0
0.0
0.0
0.0
0.0
0.0
0.0
0.0
0.0
0.0
0.0
0.0
0.0
0.0
0.0
0.0
0.0
0.0
0.0
0.0
0.0
0.0
0.0
0.0
0.0
0.0
0.0
0.0
0.0
0.0
0.0
0.0
0.0
0.0
0.0
0.0
0.0
0.0
0.0
0.0
0.0
0.0
0.0
0.0
0.0
0.0
0.0
0.0
0.0
0.0
0.0
0.0
0.0
0.0
0.0
0.0
0.0
0.0
0.0
0.0
0.0
0.0
0.0
0.0
0.0
0.0
0.0
0.0
0.0
0.0
0.0
0.0
0.0
0.0
0.0
0.0
0.0
0.0
0.0
0.0
0.0
0.0
0.0
0.0
0.0
0.0
0.0
0.0
0.0
0.0
0.0
0.0
0.0
1.077196863491401
-0.23979702779779377
0.01123917316766402
0.027361961866070587
0.035026843347211366
-0.021191904167903147
-0.027121716445576663
-0.041540871740533156
0.026625138836549468
-0.026183854587243118
-0.004920601095384906
-0.024952675971906913
0.004109931254688063
0.007326132943450942
0.018781165843888163
1.2127358393579484
0.003919631273704531
-0.0016891762198194115
-0.5684382390730812
0.0005687344813958461
0.008361877057384531
1.3257341124877846
0.03388997793338492
0.0009638054843449238
-0.9556646854700084
-0.021575588051621443
1.3887076535938307
0.009675197656335552
-0.021929978206054603
-1.1447546678301594
0.09994909984268426
0.0006858280919075704
-0.002532529705396505
0.19437721411588837
0.017772642984919765
0.259449042563074
0.0
0.0
0.0
0.0
0.0
0.0
0.0
0.0
0.0
0.0
0.0
0.0
0.0
0.0
0.0
0.0
0.0
0.0
0.0
0.0
0.0
0.0
0.0
0.0
0.0
0.0
0.0
0.0
0.0
0.0
0.0
0.0
0.0
0.0
0.0
0.0
0.0
0.0
0.0
0.0
0.0
0.0
0.0
0.0
0.0
0.0
0.0
0.0
0.0
0.0
0.0
0.0
0.0
0.0
0.0
0.0
0.0
0.0
0.0
0.0
0.0
0.0
0.0
0.0
0.0
0.0
0.0
0.0
0.0
0.0
0.0
0.0
0.0
0.0
0.0
0.0
0.0
0.0
0.0
0.0
0.0
0.0
0.0
0.0
0.0
0.0
0.0
0.0
0.0
0.0
0.0
0.0
0.0
0.0
0.0
0.0
0.0
0.0
0.0
0.0
0.0
0.0
0.0
0.0
0.0
0.0
0.0
0.0
0.0
0.0
0.0
0.0
0.0
0.0
0.0
0.0
0.0
0.0
0.0
0.0
0.0
0.0
0.0
0.0
0.0
0.0
0.0
0.0
0.0
0.0
0.0
0.0
0.0
0.0
0.0
1.0828985588724578
-0.24333486320690711
-0.009533556197688692
0.01416637193762831
0.08890949735049225
0.014787308538727995
-0.017362732388671708
-0.10425423064690911
0.02890087440757501
0.014418551452507207
-0.010561707105641728
-0.05822912140766794
-0.005165136935764548
0.007092028299374123
0.041351950074440126
1.2249313560866133
-0.007912334416035907
-0.008162368904022686
-0.6026739025060742
0.011061646658008599
0.013559964199604691
1.3778683509644007
0.011381630501854824
0.010621131630723885
-1.0081748114710694
-0.009680429023740646
1.400644498077121
0.013334161696541641
-0.009694963575540737
-1.1364601176628966
0.09752086348913265
-0.007035754518253034
-0.00774276919590821
0.21037597658241441
0.008435474582069643
0.25609226089174664
0.0
0.0
0.0
0.0
0.0
0.0
0.0
0.0
0.0
0.0
0.0
0.0
0.0
0.0
0.0
0.0
0.0
0.0
0.0
0.0
0.0
0.0
0.0
0.0
0.0
0.0
0.0
0.0
0.0
0.0
0.0
0.0
0.0
0.0
0.0
0.0
0.0
0.0
0.0
0.0
0.0
0.0
0.0
0.0
0.0
0.0
0.0
0.0
0.0
0.0
0.0
0.0
0.0
0.0
0.0
0.0
0.0
0.0
0.0
0.0
0.0
0.0
0.0
0.0
0.0
0.0
0.0
0.0
0.0
0.0
0.0
0.0
0.0
0.0
0.0
0.0
0.0
0.0
0.0
0.0
0.0
0.0
0.0
0.0
0.0
0.0
0.0
0.0
0.0
0.0
0.0
0.0
0.0
0.0
0.0
0.0
0.0
0.0
0.0
0.0
0.0
0.0
0.0
0.0
0.0
0.0
0.0
0.0
0.0
0.0
0.0
0.0
0.0
0.0
0.0
0.0
0.0
0.0
0.0
0.0
0.0
0.0
0.0
0.0
0.0
0.0
0.0
0.0
0.0
0.0
0.0
0.0
0.0
0.0
0.0
1.0844102787446257
-0.24916826500230793
0.0147003683244658
-0.03698333668540772
0.05536492006588718
-0.020695714542476554
0.04227162186180544
-0.056816637193844485
0.029541666632709795
-0.017332597734166594
0.021124418102289922
-0.013469823730375141
0.007344925231782647
-0.014387366173168149
0.018914104555543293
1.2244671060216525
-0.002701094489773846
0.023969692434782176
-0.6336880260946891
0.007393142299460063
-0.026937049543081806
1.3223613580656295
0.010122335275810374
0.006310851615979528
-0.9438295954180105
0.010616123099664542
1.4567135713706731
-0.02525610197489207
0.00955530213717972
-1.2409811804641393
0.10508850709599248
-0.003960959562309697
0.017752624101888506
0.18672289708380616
-0.006941937141111441
0.2982114980632854
0.0
0.0
0.0
0.0
0.0
0.0
0.0
0.0
0.0
0.0
0.0
0.0
0.0
0.0
0.0
0.0
0.0
0.0
0.0
0.0
0.0
0.0
0.0
0.0
0.0
0.0
0.0
0.0
0.0
0.0
0.0
0.0
0.0
0.0
0.0
0.0
0.0
0.0
0.0
0.0
0.0
0.0
0.0
0.0
0.0
0.0
0.0
0.0
0.0
0.0
0.0
0.0
0.0
0.0
0.0
0.0
0.0
0.0
0.0
0.0
0.0
0.0
0.0
0.0
0.0
0.0
0.0
0.0
0.0
0.0
0.0
0.0
0.0
0.0
0.0
0.0
0.0
0.0
0.0
0.0
0.0
0.0
0.0
0.0
0.0
0.0
0.0
0.0
0.0
0.0
0.0
0.0
0.0
0.0
0.0
0.0
0.0
0.0
0.0
0.0
0.0
0.0
0.0
0.0
0.0
0.0
0.0
0.0
0.0
0.0
0.0
0.0
0.0
0.0
0.0
0.0
0.0
0.0
0.0
0.0
0.0
0.0
0.0
0.0
0.0
0.0
0.0
0.0
0.0
0.0
0.0
0.0
0.0
0.0
0.0
1.0814597226332188
-0.23855837256008483
-0.00940568240198087
0.005589452742242308
-0.09292650328813606
0.011824422793594308
-0.007618749160613751
0.10929317649931489
0.02870931753137272
0.007601198447204965
-0.006236774612672072
0.06223525665074634
-0.004043522772875816
0.002554860517018102
-0.04056724806108146
1.2100228580387986
0.008427815161095009
0.01473298302073488
-0.5860652861258512
-0.009734255835354933
-0.020460477609710266
1.3752218769518216
0.001288623831270667
-0.009379539255755905
-1.0031596154335425
-0.0005894540376633595
1.387304717548958
-0.019783222691791835
-0.00047227756918376057
-1.1059627113042554
0.09485983487012456
0.00579742050114965
0.009547566786962978
0.20885174800710257
6.607827324192351e-05
0.24501176238606895
0.0
0.0
0.0
0.0
0.0
0.0
0.0
0.0
0.0
0.0
0.0
0.0
0.0
0.0
0.0
0.0
0.0
0.0
0.0
0.0
0.0
0.0
0.0
0.0
0.0
0.0
0.0
0.0
0.0
0.0
0.0
0.0
0.0
0.0
0.0
0.0
0.0
0.0
0.0
0.0
0.0
0.0
0.0
0.0
0.0
0.0
0.0
0.0
0.0
0.0
0.0
0.0
0.0
0.0
0.0
0.0
0.0
0.0
0.0
0.0
0.0
0.0
0.0
0.0
0.0
0.0
0.0
0.0
0.0
0.0
0.0
0.0
0.0
0.0
0.0
0.0
0.0
0.0
0.0
0.0
0.0
0.0
0.0
0.0
0.0
0.0
0.0
0.0
0.0
0.0
0.0
0.0
0.0
0.0
0.0
0.0
0.0
0.0
0.0
0.0
0.0
0.0
0.0
0.0
0.0
0.0
0.0
0.0
0.0
0.0
0.0
0.0
0.0
0.0
0.0
0.0
0.0
0.0
0.0
0.0
0.0
0.0
0.0
0.0
0.0
0.0
0.0
0.0
0.0
0.0
0.0
0.0
0.0
0.0
0.0
1.0779404687679954
-0.24417367324834205
0.004392336165079818
0.022986137829750838
-0.03582251864504984
-0.007031251195572134
-0.022003965949362013
0.04283263549548018
0.026575790713854658
-0.005683186057374955
-0.001674150846424071
0.0260340227245446
0.0011642727208268483
0.0060034380865869735
-0.02187562746259842
1.2175474158360118
0.002330045676618367
-0.0015049787945481895
-0.571488962458474
9.093442429498395e-05
0.0027110738578543713
1.3347158331031772
-0.021022296503146905
0.0006641733663332789
-0.9798060067034478
0.002305318588765418
1.3941290994063806
-0.0001700896056487856
0.0029830704163618525
-1.1631782838923403
0.10058008823346173
0.00021273904887748543
-0.0010339366259184517
0.20263841329372548
-0.0062354237697570935
0.26498591762416707
0.0
0.0
0.0
0.0
0.0
0.0
0.0
0.0
0.0
0.0
0.0
0.0
0.0
0.0
0.0
0.0
0.0
0.0
0.0
0.0
0.0
0.0
0.0
0.0
0.0
0.0
0.0
0.0
0.0
0.0
0.0
0.0
0.0
0.0
0.0
0.0
0.0
0.0
0.0
0.0
0.0
0.0
0.0
0.0
0.0
0.0
0.0
0.0
0.0
0.0
0.0
0.0
0.0
0.0
0.0
0.0
0.0
0.0
0.0
0.0
0.0
0.0
0.0
0.0
0.0
0.0
0.0
0.0
0.0
0.0
0.0
0.0
0.0
0.0
0.0
0.0
0.0
0.0
0.0
0.0
0.0
0.0
0.0
0.0
0.0
0.0
0.0
0.0
0.0
0.0
0.0
0.0
0.0
0.0
0.0
0.0
0.0
0.0
0.0
0.0
0.0
0.0
0.0
0.0
0.0
0.0
0.0
0.0
0.0
0.0
0.0
0.0
0.0
0.0
0.0
0.0
0.0
0.0
0.0
0.0
0.0
0.0
0.0
0.0
0.0
0.0
0.0
0.0
0.0
0.0
0.0
0.0
0.0
0.0
0.0
1.0820830656087903
-0.24030477354352991
-0.0026913287063352644
-0.02281541033354228
-0.08396505304410791
0.003223452936853344
0.026091521874632935
0.09778878021425663
0.028787947372853492
0.0019820967255030444
0.011945794806957066
0.05474439590027122
-0.0025911006365076468
-0.010274048012951127
-0.03630625119829581
1.2215870356156677
-0.0037214257971867532
0.008341599904188632
-0.5869482207929679
0.005008961791034636
-0.01833293166570009
1.366781032682296
0.031226165094497237
0.005264453202629405
-0.9897391795278782
-0.03413939582694246
1.3987159999593264
-0.01865076474304421
-0.0343719474293865
-1.1355069466942609
0.09530586346150793
-0.0038834237282886516
0.0076439024982533086
0.20471014489942344
0.02486704162802522
0.2564368579009117
0.0
0.0
0.0
0.0
0.0
0.0
0.0
0.0
0.0
0.0
0.0
0.0
0.0
0.0
0.0
0.0
0.0
0.0
0.0
0.0
0.0
0.0
0.0
0.0
0.0
0.0
0.0
0.0
0.0
0.0
0.0
0.0
0.0
0.0
0.0
0.0
0.0
0.0
0.0
0.0
0.0
0.0
0.0
0.0
0.0
0.0
0.0
0.0
0.0
0.0
0.0
0.0
0.0
0.0
0.0
0.0
0.0
0.0
0.0
0.0
0.0
0.0
0.0
0.0
0.0
0.0
0.0
0.0
0.0
0.0
0.0
0.0
0.0
0.0
0.0
0.0
0.0
0.0
0.0
0.0
0.0
0.0
0.0
0.0
0.0
0.0
0.0
0.0
0.0
0.0
0.0
0.0
0.0
0.0
0.0
0.0
0.0
0.0
0.0
0.0
0.0
0.0
0.0
0.0
0.0
0.0
0.0
0.0
0.0
0.0
0.0
0.0
0.0
0.0
0.0
0.0
0.0
0.0
0.0
0.0
0.0
0.0
0.0
0.0
0.0
0.0
0.0
0.0
0.0
0.0
0.0
0.0
0.0
0.0
0.0
1.0556340364700452
-0.16078714434953573
0.15221504201960934
0.0182665890163419
0.0006935723223896456
-0.22007041691965623
-0.02041161775517601
-0.001332600668178262
0.021930688476042744
-0.20486442849771383
-0.0028409775730429293
-0.0025312502986229155
0.08831464282667417
0.00038208032621876064
0.00020797597083775185
1.2027170595209768
0.026861350636553274
0.0014788002741110496
-0.6685028022140809
0.027297379680989622
-0.00638779702736675
1.2630719077101582
-0.00024815587464013344
0.027633249958629324
-0.8524815335491724
0.003423323843299925
1.1378507920535963
-0.006768431613460836
0.0036690471514429
-0.3781551482181071
0.12729783199008204
-0.008804007483672098
0.0015992869526276056
0.16101170813411347
-0.0014180538770352876
0.05670263479785223
0.0
0.0
0.0
0.0
0.0
0.0
0.0
0.0
0.0
0.0
0.0
0.0
0.0
0.0
0.0
0.0
0.0
0.0
0.0
0.0
0.0
0.0
0.0
0.0
0.0
0.0
0.0
0.0
0.0
0.0
0.0
0.0
0.0
0.0
0.0
0.0
0.0
0.0
0.0
0.0
0.0
0.0
0.0
0.0
0.0
0.0
0.0
0.0
0.0
0.0
0.0
0.0
0.0
0.0
0.0
0.0
0.0
0.0
0.0
0.0
0.0
0.0
0.0
0.0
0.0
0.0
0.0
0.0
0.0
0.0
0.0
0.0
0.0
0.0
0.0
0.0
0.0
0.0
0.0
0.0
0.0
0.0
0.0
0.0
0.0
0.0
0.0
0.0
0.0
0.0
0.0
0.0
0.0
0.0
0.0
0.0
0.0
0.0
0.0
0.0
0.0
0.0
0.0
0.0
0.0
0.0
0.0
0.0
0.0
0.0
0.0
0.0
0.0
0.0
0.0
0.0
0.0
0.0
0.0
0.0
0.0
0.0
0.0
0.0
0.0
0.0
0.0
0.0
0.0
0.0
0.0
0.0
0.0
0.0
0.0
1.0698017992816888
-0.18840700956052847
0.1829542903454864
0.0902446289591257
0.0036191636223530405
-0.2484686105479891
-0.11204160630671244
-0.004018550580970269
0.02678152241770808
-0.20228842655442045
-0.07259313470959297
-0.0020664208116146793
0.10207774924229451
0.05291565092760265
0.0021451315656299953
1.248273909083922
0.07175029782524242
0.0022309115745969715
-0.7561236751021936
-0.07972779050322239
-0.0029683766833815558
1.3490786767202507
0.004824795237933478
-0.0785187733318405
-0.9961448376760871
-0.00758219346799038
1.1598119131731137
-0.0030999413048758634
-0.008115640604593095
-0.5220492591776327
0.14872022751517383
0.06863972556375832
0.00238123753660259
0.21568006004663445
0.005231938230202611
0.07622638745641284
0.0
0.0
0.0
0.0
0.0
0.0
0.0
0.0
0.0
0.0
0.0
0.0
0.0
0.0
0.0
0.0
0.0
0.0
0.0
0.0
0.0
0.0
0.0
0.0
0.0
0.0
0.0
0.0
0.0
0.0
0.0
0.0
0.0
0.0
0.0
0.0
0.0
0.0
0.0
0.0
0.0
0.0
0.0
0.0
0.0
0.0
0.0
0.0
0.0
0.0
0.0
0.0
0.0
0.0
0.0
0.0
0.0
0.0
0.0
0.0
0.0
0.0
0.0
0.0
0.0
0.0
0.0
0.0
0.0
0.0
0.0
0.0
0.0
0.0
0.0
0.0
0.0
0.0
0.0
0.0
0.0
0.0
0.0
0.0
0.0
0.0
0.0
0.0
0.0
0.0
0.0
0.0
0.0
0.0
0.0
0.0
0.0
0.0
0.0
0.0
0.0
0.0
0.0
0.0
0.0
0.0
0.0
0.0
0.0
0.0
0.0
0.0
0.0
0.0
0.0
0.0
0.0
0.0
0.0
0.0
0.0
0.0
0.0
0.0
0.0
0.0
0.0
0.0
0.0
0.0
0.0
0.0
0.0
0.0
0.0
1.0487185677590773
-0.13339329171338815
0.15469875746124045
-0.028297924962762303
-0.00041583215175962156
-0.2196707970961293
0.033283099964841634
-0.00015440987087076395
0.021669564974562183
-0.1946747719075832
0.013092798301381887
-0.002849346098022523
0.08217064371856093
-0.004581718370073524
-0.002549535211503173
1.188673281249712
-0.03090124634809205
-0.001571746380690118
-0.5962214223326954
-0.008881235232625719
0.002175469967758403
1.2340401725710537
0.005985394539871357
-0.009734348406278188
-0.7393240016975529
-0.011737404037672797
1.0986604819909513
-0.0005795707208311951
-0.015544360085018688
-0.24039275670722626
0.11171361289616277
-0.003534868700233336
-0.0022025451188359747
0.1310582777245458
0.002366536474559473
0.04884579964656083
0.0
0.0
0.0
0.0
0.0
0.0
0.0
0.0
0.0
0.0
0.0
0.0
0.0
0.0
0.0
0.0
0.0
0.0
0.0
0.0
0.0
0.0
0.0
0.0
0.0
0.0
0.0
0.0
0.0
0.0
0.0
0.0
0.0
0.0
0.0
0.0
0.0
0.0
0.0
0.0
0.0
0.0
0.0
0.0
0.0
0.0
0.0
0.0
0.0
0.0
0.0
0.0
0.0
0.0
0.0
0.0
0.0
0.0
0.0
0.0
0.0
0.0
0.0
0.0
0.0
0.0
0.0
0.0
0.0
0.0
0.0
0.0
0.0
0.0
0.0
0.0
0.0
0.0
0.0
0.0
0.0
0.0
0.0
0.0
0.0
0.0
0.0
0.0
0.0
0.0
0.0
0.0
0.0
0.0
0.0
0.0
0.0
0.0
0.0
0.0
0.0
0.0
0.0
0.0
0.0
0.0
0.0
0.0
0.0
0.0
0.0
0.0
0.0
0.0
0.0
0.0
0.0
0.0
0.0
0.0
0.0
0.0
0.0
0.0
0.0
0.0
0.0
0.0
0.0
0.0
0.0
0.0
0.0
0.0
0.0
1.06883904805402
-0.18275284963557356
0.19877874656556815
-0.08687337169358594
0.013898227737417203
-0.26830902698726816
0.10893261648920922
-0.018618139169128294
0.02780819692598575
-0.2202663027868626
0.0737564161230223
-0.015221668326385562
0.11234840587717397
-0.05034243186035125
0.00779188983147503
1.2604145061999448
-0.07856542720771459
0.018541971609722263
-0.805346564991914
0.0877648716357654
-0.025406011353547257
1.3245666700142535
-0.011110880139846227
0.08672510629832483
-0.9485169104316887
0.015463032821766963
1.1518322590091388
-0.02559137795791379
0.016173889690639306
-0.4847345011339844
0.1637384391535516
-0.07446903893829285
0.014225164220903516
0.20067084999813622
-0.01052389096791625
0.07447014394590486
0.0
0.0
0.0
0.0
0.0
0.0
0.0
0.0
0.0
0.0
0.0
0.0
0.0
0.0
0.0
0.0
0.0
0.0
0.0
0.0
0.0
0.0
0.0
0.0
0.0
0.0
0.0
0.0
0.0
0.0
0.0
0.0
0.0
0.0
0.0
0.0
0.0
0.0
0.0
0.0
0.0
0.0
0.0
0.0
0.0
0.0
0.0
0.0
0.0
0.0
0.0
0.0
0.0
0.0
0.0
0.0
0.0
0.0
0.0
0.0
0.0
0.0
0.0
0.0
0.0
0.0
0.0
0.0
0.0
0.0
0.0
0.0
0.0
0.0
0.0
0.0
0.0
0.0
0.0
0.0
0.0
0.0
0.0
0.0
0.0
0.0
0.0
0.0
0.0
0.0
0.0
0.0
0.0
0.0
0.0
0.0
0.0
0.0
0.0
0.0
0.0
0.0
0.0
0.0
0.0
0.0
0.0
0.0
0.0
0.0
0.0
0.0
0.0
0.0
0.0
0.0
0.0
0.0
0.0
0.0
0.0
0.0
0.0
0.0
0.0
0.0
0.0
0.0
0.0
0.0
0.0
0.0
0.0
0.0
0.0
1.0750211151371611
-0.23760297513466425
-0.018920642027937026
0.02068913843627114
-0.0021673271400005135
0.03430369243248274
-0.017552243929534625
0.0035043100136352453
0.026453880480669174
0.04233506546366405
0.0039868632824631815
0.003636393001852112
-0.025856125698052856
0.0007714475519264378
-0.002079000913034419
1.3739869967618212
-0.032343868729046044
0.0033013749306188014
-1.101679637819783
-0.004678437404292144
-0.007212273514124391
1.3096131416605288
-0.002256324617980485
-0.006528149863480369
-0.9697314886477364
-0.0003291203716992213
1.208675337844225
-0.008157153718101662
-0.0008461910234597617
-0.6041692424164639
0.24752921634918754
0.0026546183737208287
0.0031779321552098012
0.19518394263920696
-0.001141293395848844
0.09655606610701951
0.0
0.0
0.0
0.0
0.0
0.0
0.0
0.0
0.0
0.0
0.0
0.0
0.0
0.0
0.0
0.0
0.0
0.0
0.0
0.0
0.0
0.0
0.0
0.0
0.0
0.0
0.0
0.0
0.0
0.0
0.0
0.0
0.0
0.0
0.0
0.0
0.0
0.0
0.0
0.0
0.0
0.0
0.0
0.0
0.0
0.0
0.0
0.0
0.0
0.0
0.0
0.0
0.0
0.0
0.0
0.0
0.0
0.0
0.0
0.0
0.0
0.0
0.0
0.0
0.0
0.0
0.0
0.0
0.0
0.0
0.0
0.0
0.0
0.0
0.0
0.0
0.0
0.0
0.0
0.0
0.0
0.0
0.0
0.0
0.0
0.0
0.0
0.0
0.0
0.0
0.0
0.0
0.0
0.0
0.0
0.0
0.0
0.0
0.0
0.0
0.0
0.0
0.0
0.0
0.0
0.0
0.0
0.0
0.0
0.0
0.0
0.0
0.0
0.0
0.0
0.0
0.0
0.0
0.0
0.0
0.0
0.0
0.0
0.0
0.0
0.0
0.0
0.0
0.0
0.0
0.0
0.0
0.0
0.0
0.0
1.0778547238745608
-0.23515451407416468
0.01878449680127829
-0.036506952974466704
0.0005680529040274734
-0.014730009862371125
0.04947228921455641
-0.0016519072364710435
0.02586322299725105
0.006432842782784079
0.04128719152685735
-0.0026147980826168858
-0.004792441431156766
-0.016357427931006988
0.0006632725656937716
1.4131141773444313
0.02162351150125104
-0.01049272574603886
-1.1428278634469453
-0.0186147911526896
0.014334253435080074
1.30996238660885
0.00131543744106695
-0.01755607575141448
-0.903975649206495
-0.0014197730127217514
1.213778303896271
0.01467800407817412
-0.0018247819694598968
-0.616493787680138
0.2565821778041838
0.00849553151138736
-0.007934455216236938
0.17172587577564796
0.0018019280560127194
0.09256348596334085
0.0
0.0
0.0
0.0
0.0
0.0
0.0
0.0
0.0
0.0
0.0
0.0
0.0
0.0
0.0
0.0
0.0
0.0
0.0
0.0
0.0
0.0
0.0
0.0
0.0
0.0
0.0
0.0
0.0
0.0
0.0
0.0
0.0
0.0
0.0
0.0
0.0
0.0
0.0
0.0
0.0
0.0
0.0
0.0
0.0
0.0
0.0
0.0
0.0
0.0
0.0
0.0
0.0
0.0
0.0
0.0
0.0
0.0
0.0
0.0
0.0
0.0
0.0
0.0
0.0
0.0
0.0
0.0
0.0
0.0
0.0
0.0
0.0
0.0
0.0
0.0
0.0
0.0
0.0
0.0
0.0
0.0
0.0
0.0
0.0
0.0
0.0
0.0
0.0
0.0
0.0
0.0
0.0
0.0
0.0
0.0
0.0
0.0
0.0
0.0
0.0
0.0
0.0
0.0
0.0
0.0
0.0
0.0
0.0
0.0
0.0
0.0
0.0
0.0
0.0
0.0
0.0
0.0
0.0
0.0
0.0
0.0
0.0
0.0
0.0
0.0
0.0
0.0
0.0
0.0
0.0
0.0
0.0
0.0
0.0
1.0732890495051648
-0.22947446022281823
-0.08151825281093432
-0.018045300686787842
0.000656782413739812
0.1055867282391483
0.01471150169061513
-0.002457953443095952
0.02758834657375407
0.0805214193711975
-0.006777579741735084
-0.004670646371271616
-0.04994816902787857
0.0005866677228790426
-0.00033060333772223804
1.3439115598609763
0.03044783281294702
0.0035887664613843528
-1.0490766568194951
0.007412907832025119
-0.005923201410389892
1.3185432359733409
-0.00017679853630942388
0.00897049144164853
-0.9807591947670234
-0.0023684299337529365
1.20833200983037
-0.006473492213138208
-0.0016818931932799615
-0.5574769536818122
0.23402070663013533
-0.0029029333783793347
0.0025788133555169892
0.20288821931898454
0.000953334942680928
0.09505592239190791
0.0
0.0
0.0
0.0
0.0
0.0
0.0
0.0
0.0
0.0
0.0
0.0
0.0
0.0
0.0
0.0
0.0
0.0
0.0
0.0
0.0
0.0
0.0
0.0
0.0
0.0
0.0
0.0
0.0
0.0
0.0
0.0
0.0
0.0
0.0
0.0
0.0
0.0
0.0
0.0
0.0
0.0
0.0
0.0
0.0
0.0
0.0
0.0
0.0
0.0
0.0
0.0
0.0
0.0
0.0
0.0
0.0
0.0
0.0
0.0
0.0
0.0
0.0
0.0
0.0
0.0
0.0
0.0
0.0
0.0
0.0
0.0
0.0
0.0
0.0
0.0
0.0
0.0
0.0
0.0
0.0
0.0
0.0
0.0
0.0
0.0
0.0
0.0
0.0
0.0
0.0
0.0
0.0
0.0
0.0
0.0
0.0
0.0
0.0
0.0
0.0
0.0
0.0
0.0
0.0
0.0
0.0
0.0
0.0
0.0
0.0
0.0
0.0
0.0
0.0
0.0
0.0
0.0
0.0
0.0
0.0
0.0
0.0
0.0
0.0
0.0
0.0
0.0
0.0
0.0
0.0
0.0
0.0
0.0
0.0
1.0789851393342138
-0.24030329567572026
-0.04087845621495897
0.02206650103016499
0.0018946164203834587
0.06027501222758987
-0.0318702549175041
-0.0027512557559391483
0.027080577623046387
0.05813143874757411
-0.029995344855367867
-0.0027477786744198717
-0.034536353723749386
0.01056799262207998
0.0018433219837488725
1.4085676361306838
0.007794208010987554
-0.006078641359772815
-1.1516788937629645
-0.012020362339941925
0.008090881628351976
1.3216956577915886
-0.002666711929367305
-0.012976963414901998
-0.9368456119624257
0.0023801520114606796
1.2209509757766885
0.008422858220067931
0.0024795831390861563
-0.6309305078590031
0.25857013100273607
0.009809032282820644
-0.0042218146523281385
0.18277623832081535
-0.0012420000800029978
0.09985454244462025
0.0
0.0
0.0
0.0
0.0
0.0
0.0
0.0
0.0
0.0
0.0
0.0
0.0
0.0
0.0
0.0
0.0
0.0
0.0
0.0
0.0
0.0
0.0
0.0
0.0
0.0
0.0
0.0
0.0
0.0
0.0
0.0
0.0
0.0
0.0
0.0
0.0
0.0
0.0
0.0
0.0
0.0
0.0
0.0
0.0
0.0
0.0
0.0
0.0
0.0
0.0
0.0
0.0
0.0
0.0
0.0
0.0
0.0
0.0
0.0
0.0
0.0
0.0
0.0
0.0
0.0
0.0
0.0
0.0
0.0
0.0
0.0
0.0
0.0
0.0
0.0
0.0
0.0
0.0
0.0
0.0
0.0
0.0
0.0
0.0
0.0
0.0
0.0
0.0
0.0
0.0
0.0
0.0
0.0
0.0
0.0
0.0
0.0
0.0
0.0
0.0
0.0
0.0
0.0
0.0
0.0
0.0
0.0
0.0
0.0
0.0
0.0
0.0
0.0
0.0
0.0
0.0
0.0
0.0
0.0
0.0
0.0
0.0
0.0
0.0
0.0
0.0
0.0
0.0
0.0
0.0
0.0
0.0
0.0
0.0
1.0838351272701416
-0.24952907258333462
0.04054381665737527
0.019399625567138597
0.061162662937338366
-0.05714993383683047
-0.024244601759957657
-0.07813728091955724
0.028787114872210303
-0.04866163442242697
-0.016117364583958155
-0.05592362782075776
0.0223737731126079
0.01394895984736308
0.036401800595652754
1.2336269684090069
0.05436925749711875
0.027366447019304463
-0.6946376731949764
-0.06355563124054478
-0.027545754970431824
1.3642862817638859
0.035178090250067566
-0.06250247810233299
-1.0208352332809012
-0.056485002468210296
1.4022266895425124
-0.02715314658884006
-0.05605227163168
-1.1266089697311963
0.11471778974756355
0.040094309992991364
0.020910727133498147
0.21206243230125443
0.03874971801775801
0.2523839889693591
0.0
0.0
0.0
0.0
0.0
0.0
0.0
0.0
0.0
0.0
0.0
0.0
0.0
0.0
0.0
0.0
0.0
0.0
0.0
0.0
0.0
0.0
0.0
0.0
0.0
0.0
0.0
0.0
0.0
0.0
0.0
0.0
0.0
0.0
0.0
0.0
0.0
0.0
0.0
0.0
0.0
0.0
0.0
0.0
0.0
0.0
0.0
0.0
0.0
0.0
0.0
0.0
0.0
0.0
0.0
0.0
0.0
0.0
0.0
0.0
0.0
0.0
0.0
0.0
0.0
0.0
0.0
0.0
0.0
0.0
0.0
0.0
0.0
0.0
0.0
0.0
0.0
0.0
0.0
0.0
0.0
0.0
0.0
0.0
0.0
0.0
0.0
0.0
0.0
0.0
0.0
0.0
0.0
0.0
0.0
0.0
0.0
0.0
0.0
0.0
0.0
0.0
0.0
0.0
0.0
0.0
0.0
0.0
0.0
0.0
0.0
0.0
0.0
0.0
0.0
0.0
0.0
0.0
0.0
0.0
0.0
0.0
0.0
0.0
0.0
0.0
0.0
0.0
0.0
0.0
0.0
0.0
0.0
0.0
0.0
1.0868699409194083
-0.26294612703802434
0.044925514489734725
0.0475261352924929
-0.006991403938186057
-0.06442907019113145
-0.05144574404751878
0.005015859761407114
0.03140785302967763
-0.05731453860727888
-0.01936508031625251
-0.0038707492414159
0.025377518521095002
0.018747645490122256
0.007375240061768573
1.2386842934363502
0.05035296073051393
0.05640694389166536
-0.7355074290589937
-0.03573022204526755
-0.0698709640802128
1.3403326937317388
0.0722385717165939
-0.03512281119815687
-1.0349795419395154
-0.07093502034323869
1.429930116724436
-0.0690787483371263
-0.07115717614482361
-1.2340470376825194
0.12844291647432865
0.02790784979446524
0.04716263878935306
0.22013117904243068
0.050222058559223015
0.29826459917530157
0.0
0.0
0.0
0.0
0.0
0.0
0.0
0.0
0.0
0.0
0.0
0.0
0.0
0.0
0.0
0.0
0.0
0.0
0.0
0.0
0.0
0.0
0.0
0.0
0.0
0.0
0.0
0.0
0.0
0.0
0.0
0.0
0.0
0.0
0.0
0.0
0.0
0.0
0.0
0.0
0.0
0.0
0.0
0.0
0.0
0.0
0.0
0.0
0.0
0.0
0.0
0.0
0.0
0.0
0.0
0.0
0.0
0.0
0.0
0.0
0.0
0.0
0.0
0.0
0.0
0.0
0.0
0.0
0.0
0.0
0.0
0.0
0.0
0.0
0.0
0.0
0.0
0.0
0.0
0.0
0.0
0.0
0.0
0.0
0.0
0.0
0.0
0.0
0.0
0.0
0.0
0.0
0.0
0.0
0.0
0.0
0.0
0.0
0.0
0.0
0.0
0.0
0.0
0.0
0.0
0.0
0.0
0.0
0.0
0.0
0.0
0.0
0.0
0.0
0.0
0.0
0.0
0.0
0.0
0.0
0.0
0.0
0.0
0.0
0.0
0.0
0.0
0.0
0.0
0.0
0.0
0.0
0.0
0.0
0.0
1.082493363827676
-0.24104226866811423
0.05134573724953814
-0.0497610265951222
0.10729921058225786
-0.07291942470077598
0.060466499189218946
-0.127648533032437
0.02989454455878573
-0.06280691162798743
0.03657437125935199
-0.07515035432854296
0.027784669582534737
-0.03001589087222734
0.053391643509889536
1.2195104133586665
-0.06453881369278343
0.039613968928261016
-0.6683984398207197
0.067239387620432
-0.03770106497083628
1.3724377701056878
-0.06727796763118615
0.06634904293842708
-1.0294139705004954
0.09347542601618264
1.3701465543173232
-0.03640890999108109
0.09306635010912528
-1.0767823804989405
0.11184232284599435
-0.04642263339921762
0.03231196843988965
0.22115730539152323
-0.06682566142205722
0.24308390583383577
0.0
0.0
0.0
0.0
0.0
0.0
0.0
0.0
0.0
0.0
0.0
0.0
0.0
0.0
0.0
0.0
0.0
0.0
0.0
0.0
0.0
0.0
0.0
0.0
0.0
0.0
0.0
0.0
0.0
0.0
0.0
0.0
0.0
0.0
0.0
0.0
0.0
0.0
0.0
0.0
0.0
0.0
0.0
0.0
0.0
0.0
0.0
0.0
0.0
0.0
0.0
0.0
0.0
0.0
0.0
0.0
0.0
0.0
0.0
0.0
0.0
0.0
0.0
0.0
0.0
0.0
0.0
0.0
0.0
0.0
0.0
0.0
0.0
0.0
0.0
0.0
0.0
0.0
0.0
0.0
0.0
0.0
0.0
0.0
0.0
0.0
0.0
0.0
0.0
0.0
0.0
0.0
0.0
0.0
0.0
0.0
0.0
0.0
0.0
0.0
0.0
0.0
0.0
0.0
0.0
0.0
0.0
0.0
0.0
0.0
0.0
0.0
0.0
0.0
0.0
0.0
0.0
0.0
0.0
0.0
0.0
0.0
0.0
0.0
0.0
0.0
0.0
0.0
0.0
0.0
0.0
0.0
0.0
0.0
0.0
1.0828537250256551
-0.2529229762536057
0.06672899759718276
-0.03714948771154365
0.016591038767155834
-0.09619486033519267
0.0374118776550033
-0.02705387553211567
0.029568413109180593
-0.08702843689593101
0.007421659272654452
-0.029605969961221723
0.037425944002715705
-0.013420317740869658
0.02593675444089754
1.233219731507428
-0.044402415774025976
0.02587582167628153
-0.717445618965406
0.03448347373458829
-0.03488300923321258
1.3374362822092265
-0.06494798212477812
0.0331449909517134
-1.0198770430959698
0.06684334528686182
1.411591339748693
-0.033942983597903445
0.06669054266987096
-1.1623549566558322
0.1226309041480674
-0.026164811046890044
0.023486092227827368
0.21267763415123964
-0.046886058017284626
0.269457997178589
0.0
0.0
0.0
0.0
0.0
0.0
0.0
0.0
0.0
0.0
0.0
0.0
0.0
0.0
0.0
0.0
0.0
0.0
0.0
0.0
0.0
0.0
0.0
0.0
0.0
0.0
0.0
0.0
0.0
0.0
0.0
0.0
0.0
0.0
0.0
0.0
0.0
0.0
0.0
0.0
0.0
0.0
0.0
0.0
0.0
0.0
0.0
0.0
0.0
0.0
0.0
0.0
0.0
0.0
0.0
0.0
0.0
0.0
0.0
0.0
0.0
0.0
0.0
0.0
0.0
0.0
0.0
0.0
0.0
0.0
0.0
0.0
0.0
0.0
0.0
0.0
0.0
0.0
0.0
0.0
0.0
0.0
0.0
0.0
0.0
0.0
0.0
0.0
0.0
0.0
0.0
0.0
0.0
0.0
0.0
0.0
0.0
0.0
0.0
0.0
0.0
0.0
0.0
0.0
0.0
0.0
0.0
0.0
0.0
0.0
0.0
0.0
0.0
0.0
0.0
0.0
0.0
0.0
0.0
0.0
0.0
0.0
0.0
0.0
0.0
0.0
0.0
0.0
0.0
0.0
0.0
0.0
0.0
0.0
0.0
1.0866013159098027
-0.2580243087176146
0.016977849942201827
-0.0025436495174709626
-0.048124494110282745
-0.022691545964972734
0.0020869740670758836
0.060140602366235724
0.03031906447451394
-0.017405856043453436
-0.00036640294312602145
0.04250104197179439
0.008834881456072176
0.0032587295586964113
-0.026973223546191163
1.2410281199214195
0.049135532229894134
-0.04191468382885104
-0.7074201804067117
-0.05392625778796856
0.0529522426454028
1.3720924116808297
-0.009115086896582929
-0.053116725422233356
-1.0410001481720457
0.02546533045092393
1.4190770566719013
0.05139528170251729
0.02518505889406749
-1.1783464808008937
0.11907496187185457
0.034109296621958704
-0.035638944822295654
0.2181631960379324
-0.01771312174180252
0.2722899955239126
0.0
0.0
0.0
0.0
0.0
0.0
0.0
0.0
0.0
0.0
0.0
0.0
0.0
0.0
0.0
0.0
0.0
0.0
0.0
0.0
0.0
0.0
0.0
0.0
0.0
0.0
0.0
0.0
0.0
0.0
0.0
0.0
0.0
0.0
0.0
0.0
0.0
0.0
0.0
0.0
0.0
0.0
0.0
0.0
0.0
0.0
0.0
0.0
0.0
0.0
0.0
0.0
0.0
0.0
0.0
0.0
0.0
0.0
0.0
0.0
0.0
0.0
0.0
0.0
0.0
0.0
0.0
0.0
0.0
0.0
0.0
0.0
0.0
0.0
0.0
0.0
0.0
0.0
0.0
0.0
0.0
0.0
0.0
0.0
0.0
0.0
0.0
0.0
0.0
0.0
0.0
0.0
0.0
0.0
0.0
0.0
0.0
0.0
0.0
0.0
0.0
0.0
0.0
0.0
0.0
0.0
0.0
0.0
0.0
0.0
0.0
0.0
0.0
0.0
0.0
0.0
0.0
0.0
0.0
0.0
0.0
0.0
0.0
0.0
0.0
0.0
0.0
0.0
0.0
0.0
0.0
0.0
0.0
0.0
0.0
1.0848145303998116
-0.2539266831024772
0.06323844582857807
0.05606256872091251
-0.0329456352377082
-0.09054981407566381
-0.06058739943437169
0.04627571641008066
0.030936881529682398
-0.08042620414213389
-0.02216656722650607
0.039252099919046476
0.034863598274711735
0.02396380760151231
-0.03199846725754206
1.2329983778972153
0.052564932775077
-0.0368661359211343
-0.7121240788185017
-0.045265900714030784
0.04060592097667781
1.357442285908834
-0.07521276879669173
-0.043742746572003895
-1.0545197053228041
0.08221403716169806
1.4072244920219226
0.04066250367831953
0.0820079578229496
-1.1467764199284662
0.12319133512562164
0.03452133196204357
-0.02946875039419953
0.2272821613740501
-0.05915871321035339
0.26588231402889556
0.0
0.0
0.0
0.0
0.0
0.0
0.0
0.0
0.0
0.0
0.0
0.0
0.0
0.0
0.0
0.0
0.0
0.0
0.0
0.0
0.0
0.0
0.0
0.0
0.0
0.0
0.0
0.0
0.0
0.0
0.0
0.0
0.0
0.0
0.0
0.0
0.0
0.0
0.0
0.0
0.0
0.0
0.0
0.0
0.0
0.0
0.0
0.0
0.0
0.0
0.0
0.0
0.0
0.0
0.0
0.0
0.0
0.0
0.0
0.0
0.0
0.0
0.0
0.0
0.0
0.0
0.0
0.0
0.0
0.0
0.0
0.0
0.0
0.0
0.0
0.0
0.0
0.0
0.0
0.0
0.0
0.0
0.0
0.0
0.0
0.0
0.0
0.0
0.0
0.0
0.0
0.0
0.0
0.0
0.0
0.0
0.0
0.0
0.0
0.0
0.0
0.0
0.0
0.0
0.0
0.0
0.0
0.0
0.0
0.0
0.0
0.0
0.0
0.0
0.0
0.0
0.0
0.0
0.0
0.0
0.0
0.0
0.0
0.0
0.0
0.0
0.0
0.0
0.0
0.0
0.0
0.0
0.0
0.0
0.0
1.0860054960154113
-0.25619659148848495
0.0414176616528941
-0.016628930340820514
-0.040708498015106745
-0.05876418743463696
0.021193534904026062
0.051493505020336006
0.02879561999867248
-0.050938683961221684
0.014743244483125844
0.036159888689278004
0.023625078807029347
-0.011685107098899937
-0.028624108164865478
1.2361878262892874
-0.04921034312764318
-0.023530203393585084
-0.7045805234391861
0.05521116840979521
0.029154202199202527
1.3652551650545757
0.041512434691851896
0.05427599380664687
-1.0301561982469878
-0.0619299850778922
1.4241646450711687
0.027722786970280477
-0.06154202027722735
-1.1759968471975812
0.11599894238125652
-0.03509334856414918
-0.020696998003955865
0.21357227925136613
0.04262417618621031
0.2691954570051702
0.0
0.0
0.0
0.0
0.0
0.0
0.0
0.0
0.0
0.0
0.0
0.0
0.0
0.0
0.0
0.0
0.0
0.0
0.0
0.0
0.0
0.0
0.0
0.0
0.0
0.0
0.0
0.0
0.0
0.0
0.0
0.0
0.0
0.0
0.0
0.0
0.0
0.0
0.0
0.0
0.0
0.0
0.0
0.0
0.0
0.0
0.0
0.0
0.0
0.0
0.0
0.0
0.0
0.0
0.0
0.0
0.0
0.0
0.0
0.0
0.0
0.0
0.0
0.0
0.0
0.0
0.0
0.0
0.0
0.0
0.0
0.0
0.0
0.0
0.0
0.0
0.0
0.0
0.0
0.0
0.0
0.0
0.0
0.0
0.0
0.0
0.0
0.0
0.0
0.0
0.0
0.0
0.0
0.0
0.0
0.0
0.0
0.0
0.0
0.0
0.0
0.0
0.0
0.0
0.0
0.0
0.0
0.0
0.0
0.0
0.0
0.0
0.0
0.0
0.0
0.0
0.0
0.0
0.0
0.0
0.0
0.0
0.0
0.0
0.0
0.0
0.0
0.0
0.0
0.0
0.0
0.0
0.0
0.0
0.0
1.0783302124993577
-0.23098401428027832
0.07980554951638041
-0.06903707864824049
-0.09459252393139994
-0.1163514208284319
0.07323088107652938
0.11873325177723082
0.031901860207514274
-0.10595780688433866
0.02383262207430777
0.07904616675899476
0.04265035357133481
-0.03147310388428724
-0.05371378743254021
1.216061417077214
-0.06299260495074643
-0.052563028708154776
-0.6675602612557382
0.04943547217259533
0.043520951784447245
1.3414252719325839
0.09715706901534404
0.0474038276642783
-1.0013291408879066
-0.12159925158560972
1.3503431054752995
0.044259362322400665
-0.12137661754414772
-1.0267514469066579
0.11725335037475136
-0.04129301285024513
-0.040272664053255365
0.21635895063099264
0.08307052002497382
0.23639387630439013
0.0
0.0
0.0
0.0
0.0
0.0
0.0
0.0
0.0
0.0
0.0
0.0
0.0
0.0
0.0
0.0
0.0
0.0
0.0
0.0
0.0
0.0
0.0
0.0
0.0
0.0
0.0
0.0
0.0
0.0
0.0
0.0
0.0
0.0
0.0
0.0
0.0
0.0
0.0
0.0
0.0
0.0
0.0
0.0
0.0
0.0
0.0
0.0
0.0
0.0
0.0
0.0
0.0
0.0
0.0
0.0
0.0
0.0
0.0
0.0
0.0
0.0
0.0
0.0
0.0
0.0
0.0
0.0
0.0
0.0
0.0
0.0
0.0
0.0
0.0
0.0
0.0
0.0
0.0
0.0
0.0
0.0
0.0
0.0
0.0
0.0
0.0
0.0
0.0
0.0
0.0
0.0
0.0
0.0
0.0
0.0
0.0
0.0
0.0
0.0
0.0
0.0
0.0
0.0
0.0
0.0
0.0
0.0
0.0
0.0
0.0
0.0
0.0
0.0
0.0
0.0
0.0
0.0
0.0
0.0
0.0
0.0
0.0
0.0
0.0
0.0
0.0
0.0
0.0
0.0
0.0
0.0
0.0
0.0
0.0
1.0919457282945788
-0.2637077907572543
0.003761601476764161
0.31547475507087275
-0.04121353069373032
-0.0033251611181584657
-0.4420616244156845
0.05746783185181355
0.04318096489590463
0.018835795226220486
-0.4053874612214956
0.05246532475407868
-0.03237186056484467
0.22938512414010104
-0.029396619090585517
1.4136945668575132
-0.3638049815055407
0.042163136025170876
-1.0976531654607662
0.47628906479865196
-0.054584387581208524
1.6019610810927176
-0.10392047905488788
0.4769847166989757
-1.5791699552153435
0.13904809062635237
1.2016195097589564
-0.05448802708933047
0.1390198958081273
-0.5101507864739352
0.24462827666809786
-0.33774484238775915
0.040135568405033496
0.4312414063951453
-0.09474561944896287
0.06367664861856145
0.0
0.0
0.0
0.0
0.0
0.0
0.0
0.0
0.0
0.0
0.0
0.0
0.0
0.0
0.0
0.0
0.0
0.0
0.0
0.0
0.0
0.0
0.0
0.0
0.0
0.0
0.0
0.0
0.0
0.0
0.0
0.0
0.0
0.0
0.0
0.0
0.0
0.0
0.0
0.0
0.0
0.0
0.0
0.0
0.0
0.0
0.0
0.0
0.0
0.0
0.0
0.0
0.0
0.0
0.0
0.0
0.0
0.0
0.0
0.0
0.0
0.0
0.0
0.0
0.0
0.0
0.0
0.0
0.0
0.0
0.0
0.0
0.0
0.0
0.0
0.0
0.0
0.0
0.0
0.0
0.0
0.0
0.0
0.0
0.0
0.0
0.0
0.0
0.0
0.0
0.0
0.0
0.0
0.0
0.0
0.0
0.0
0.0
0.0
0.0
0.0
0.0
0.0
0.0
0.0
0.0
0.0
0.0
0.0
0.0
0.0
0.0
0.0
0.0
0.0
0.0
0.0
0.0
0.0
0.0
0.0
0.0
0.0
0.0
0.0
0.0
0.0
0.0
0.0
0.0
0.0
0.0
0.0
0.0
0.0
3.431230899463162
-4.060798434377076
1.3612369679991032
0.0
0.0
0.0
0.0
0.0
0.0
0.0
0.0
0.0
0.0
0.0
0.0
0.0
0.0
0.0
0.0
0.0
0.0
0.0
0.0
0.0
0.0
0.0
0.0
0.0
0.0
0.0
0.0
0.0
0.0
0.0
0.0
0.0
0.0
0.0
0.0
0.0
0.0
0.0
0.0
0.0
0.0
0.0
0.0
0.0
0.0
0.0
0.0
0.0
0.0
0.0
0.0
0.0
0.0
0.0
0.0
0.0
0.0
0.0
0.0
0.0
0.0
0.0
0.0
0.0
0.0
0.0
0.0
0.0
0.0
0.0
0.0
0.0
0.0
0.0
0.0
0.0
0.0
0.0
0.0
0.0
0.0
0.0
0.0
0.0
0.0
0.0
0.0
0.0
0.0
0.0
0.0
0.0
0.0
0.0
0.0
0.0
0.0
0.0
0.0
0.0
0.0
0.0
0.0
0.0
0.0
0.0
0.0
0.0
0.0
0.0
0.0
0.0
0.0
0.0
0.0
0.0
0.0
0.0
0.0
0.0
0.0
0.0
0.0
0.0
0.0
0.0
0.0
0.0
0.0
0.0
0.0
0.0
0.0
0.0
0.0
0.0
0.0
0.0
0.0
0.0
0.0
0.0
0.0
0.0
0.0
0.0
0.0
0.0
0.0
0.0
0.0
0.0
0.0
0.0
0.0
0.0
0.0
0.0
0.0
0.0
0.0
0.0
0.0
0.0
0.0
0.0
0.0
