manifest,arm,tag,formula,candidate_status,seed,site_index,initial_metal,eta_V,pls,dG_OH,dG_O,dG_OOH,OH_m_o_A,OH_tier,OH_h_location,OH_category,O_m_o_A,O_tier,O_category,OOH_m_o_A,OOH_tier,OOH_o_o_A,OOH_o_o_class,OOH_h_location,OOH_h_carrier,OOH_binding_O,OOH_binding_metal,OOH_category,OOH_slab_rms_A,OOH_slab_max_A,unconverged_states,weak_states,reconstructed_states,pathway,all_states_intact,all_states_adsorbate_intact
mpa0__Ni31Cr29Cu5Mn35,CENSUS-1,mpa0,Ni31Cr29Cu5Mn35,evaluated,0,0,Cr,0.9780789066094675,1,2.2080789066094675,3.593138794498177,2.7388511391419583,2.0052145794410547,bound,ON_ADSORBATE,NORMAL,1.591920162376824,bound,RECONSTRUCTION,3.400019495437414,desorbed,1.2299356375432444,O2_LIKE,H_TRANSFERRED,slab_O,proximal_O,Ni,DESORPTION,0.08258890769723118,0.35379803260877163,0,0,1,undefined,False,False
mpa0__Ni31Cr29Cu5Mn35,CENSUS-1,mpa0,Ni31Cr29Cu5Mn35,evaluated,0,1,Ni,0.46852056332653635,4,1.1049914912786911,1.7277208679436493,3.2214794366734636,2.8461201709395527,weak,ON_ADSORBATE,MIGRATION,4.007112004030576,desorbed,DESORPTION,3.5702054802401384,desorbed,1.2289094546017438,O2_LIKE,H_TRANSFERRED,slab_O,distal_O,Ni,DESORPTION,0.10737124219280833,0.4356041928430053,0,1,1,undefined,False,False
mpa0__Ni31Cr29Cu5Mn35,CENSUS-1,mpa0,Ni31Cr29Cu5Mn35,evaluated,0,2,Ni,1.099828477418809,2,1.9978574888957845,4.3276859663145935,3.4375469285080285,1.914434076490308,bound,ON_ADSORBATE,NORMAL,1.8069987359246837,bound,NORMAL,3.5081305244109715,desorbed,1.2369520891917145,O2_LIKE,H_TRANSFERRED,slab_O,distal_O,Ni,DESORPTION,0.08919821382864147,0.31532696304146474,0,0,0,undefined,False,False
mpa0__Ni31Cr29Cu5Mn35,CENSUS-1,mpa0,Ni31Cr29Cu5Mn35,evaluated,0,3,Mn,1.0938305629316272,2,1.718948267172403,4.04277883010403,3.40669912312069,1.8519142528833155,bound,ON_ADSORBATE,NORMAL,1.8256909377927297,bound,NORMAL,3.3428176049515215,desorbed,1.2384335823446706,O2_LIKE,H_TRANSFERRED,slab_O,distal_O,Mn,DESORPTION,0.08383981112723148,0.2034231800678398,0,0,0,undefined,False,False
mpa0__Ni31Cr29Cu5Mn35,CENSUS-1,mpa0,Ni31Cr29Cu5Mn35,evaluated,1,0,Cr,0.4399960638886986,1,1.6699960638886986,3.169042760593104,4.470193980404646,1.864409794532657,bound,ON_ADSORBATE,NORMAL,1.5907114088768015,bound,RECONSTRUCTION,1.9710914992222912,bound,1.3797783290461472,OOH_LIKE,ON_ADSORBATE,terminal_O,proximal_O,Cr,NORMAL,0.08563741014412707,0.23959389083084634,0,0,1,cus,False,True
mpa0__Ni31Cr29Cu5Mn35,CENSUS-1,mpa0,Ni31Cr29Cu5Mn35,evaluated,1,1,Ni,1.3371918852495819,4,1.9226373346425825,1.7035185547491418,2.352808114750418,1.8938588373917449,bound,ON_ADSORBATE,NORMAL,3.1562811518493326,desorbed,DESORPTION,2.966986646935122,weak,1.2687799660364885,O2_LIKE,H_TRANSFERRED,slab_O,proximal_O,Mn,DISSOCIATION,0.05812909107331491,0.24939172252663094,0,1,0,bridge,False,False
mpa0__Ni31Cr29Cu5Mn35,CENSUS-1,mpa0,Ni31Cr29Cu5Mn35,evaluated,1,2,Cr,0.4945995053835457,2,1.463173290832652,3.1877727962161977,4.427631360120872,1.8225451544906153,bound,ON_ADSORBATE,NORMAL,1.5911207435204946,bound,RECONSTRUCTION,1.969849449960394,bound,1.3774992760202012,OOH_LIKE,ON_ADSORBATE,terminal_O,proximal_O,Cr,NORMAL,0.059590625226585286,0.18064367420434646,0,0,1,cus,False,True
mpa0__Ni31Cr29Cu5Mn35,CENSUS-1,mpa0,Ni31Cr29Cu5Mn35,evaluated,1,3,Cr,1.4147997253705862,4,2.235565035979301,3.7382767838164206,2.2752002746294138,1.8822472863878033,bound,ON_ADSORBATE,NORMAL,1.5863547577266544,bound,RECONSTRUCTION,3.569789797451988,desorbed,1.2311318721344626,O2_LIKE,H_TRANSFERRED,slab_O,proximal_O,Ni,DESORPTION,0.052482416311157805,0.24723178885580152,0,0,1,undefined,False,False
mpa0__Ni31Cr29Cu5Mn35,CENSUS-1,mpa0,Ni31Cr29Cu5Mn35,evaluated,2,0,Mn,1.0783414717749036,2,1.5746159259113832,3.882957397686287,3.6259997088685068,1.8681356609887778,bound,ON_ADSORBATE,NORMAL,1.8093982659687742,bound,NORMAL,3.737938839279226,desorbed,1.2397960030688515,O2_LIKE,H_TRANSFERRED,slab_O,distal_O,Ni,DESORPTION,0.07526893711820601,0.22170531078089667,0,0,0,undefined,False,False
mpa0__Ni31Cr29Cu5Mn35,CENSUS-1,mpa0,Ni31Cr29Cu5Mn35,evaluated,2,1,Mn,1.1136616423506478,2,1.7619815503622598,4.105643192712908,3.08124141451964,1.8791335540625584,bound,ON_ADSORBATE,NORMAL,1.8736260543538463,bound,NORMAL,3.761392320571777,desorbed,1.2256302848045382,O2_LIKE,H_TRANSFERRED,slab_O,distal_O,Ni,DESORPTION,0.08453886573894281,0.2683770734670935,0,0,0,undefined,False,False
mpa0__Ni31Cr29Cu5Mn35,CENSUS-1,mpa0,Ni31Cr29Cu5Mn35,evaluated,2,2,Cr,0.6719135270070486,1,1.9019135270070486,3.4561942195570943,4.710813539109894,1.8382895775607362,bound,ON_ADSORBATE,NORMAL,1.58917068602284,bound,RECONSTRUCTION,3.6498377975508487,desorbed,1.3431875638236128,SUPEROXO_LIKE,ON_ADSORBATE,binding_O,distal_O,Cr,DESORPTION,0.03857344281926066,0.06842582530349241,0,0,1,undefined,False,False
mpa0__Ni31Cr29Cu5Mn35,CENSUS-1,mpa0,Ni31Cr29Cu5Mn35,evaluated,2,3,Ni,0.7280828796310048,3,1.8757115485667222,1.051609130008192,3.009692009639197,1.8784287596228029,bound,ON_ADSORBATE,NORMAL,3.2950699745081238,desorbed,DESORPTION,3.7050494832548835,desorbed,1.2323796759219952,O2_LIKE,H_TRANSFERRED,slab_O,distal_O,Ni,DESORPTION,0.0919209357080522,0.20752645113971135,0,0,1,undefined,False,False
mpa0__Fe25Co25Ni25Cr25,CENSUS-1,mpa0,Fe25Co25Ni25Cr25,evaluated,0,0,Ni,1.304908156695289,2,1.8114481985325832,4.346356355227872,4.54489305217527,1.9070192482458177,bound,ON_ADSORBATE,NORMAL,1.8205163627968957,bound,NORMAL,2.0848875585429605,bound,1.3321260311221645,SUPEROXO_LIKE,ON_ADSORBATE,terminal_O,proximal_O,Ni,NORMAL,0.035965863449032916,0.1042356388395914,0,0,0,cus,True,True
mpa0__Fe25Co25Ni25Cr25,CENSUS-1,mpa0,Fe25Co25Ni25Cr25,evaluated,0,1,Co,0.839308447358861,4,1.7369805392889597,3.7796051421169388,2.850691552641139,1.78380288272996,bound,ON_ADSORBATE,RECONSTRUCTION,1.6340150381915723,bound,RECONSTRUCTION,3.1417773048527455,desorbed,1.233577259031275,O2_LIKE,H_TRANSFERRED,slab_O,proximal_O,Co,DESORPTION,0.09288210388501941,0.2108921993682538,0,0,2,undefined,False,False
mpa0__Fe25Co25Ni25Cr25,CENSUS-1,mpa0,Fe25Co25Ni25Cr25,evaluated,0,2,Fe,1.5252116739357584,4,1.7187064508319403,4.2121991917465245,2.1647883260642415,1.9012934648941626,bound,ON_ADSORBATE,NORMAL,1.8002580544149391,bound,NORMAL,2.834639287934833,weak,1.229681048801049,O2_LIKE,H_TRANSFERRED,slab_O,distal_O,Ni,DISSOCIATION,0.08016211565619961,0.34178938802529046,0,1,0,bridge,False,False
mpa0__Fe25Co25Ni25Cr25,CENSUS-1,mpa0,Fe25Co25Ni25Cr25,evaluated,0,3,Ni,1.5300556544386277,4,1.6129985556109099,4.180182314038323,2.1599443455613723,1.8828811431825876,bound,ON_ADSORBATE,NORMAL,1.772227498594861,bound,NORMAL,3.5514275940975666,desorbed,1.2258364307148921,O2_LIKE,H_TRANSFERRED,slab_O,distal_O,Co,DESORPTION,0.06872372175321083,0.30004086156755816,0,0,0,undefined,False,False
mpa0__Fe25Co25Ni25Cr25,CENSUS-1,mpa0,Fe25Co25Ni25Cr25,evaluated,1,0,Co,0.9222268727615681,2,1.6279982086340063,3.7802250813955744,2.924903751162448,1.783025971096192,bound,ON_ADSORBATE,NORMAL,1.668217015786637,bound,NORMAL,3.9490634562288442,desorbed,1.2316921174254265,O2_LIKE,H_TRANSFERRED,slab_O,proximal_O,Co,DESORPTION,0.11040468305328438,0.37959485770841905,0,0,0,undefined,False,False
mpa0__Fe25Co25Ni25Cr25,CENSUS-1,mpa0,Fe25Co25Ni25Cr25,evaluated,1,1,Fe,0.7090043026046837,4,1.913253432425416,3.024094619989601,2.9809956973953162,1.8973416565284937,bound,ON_ADSORBATE,NORMAL,2.0476964273496754,bound,NORMAL,4.066646815454973,desorbed,1.2331930537841629,O2_LIKE,H_TRANSFERRED,slab_O,distal_O,Fe,DESORPTION,0.06551252074315397,0.2215018995341071,0,0,0,undefined,False,False
mpa0__Fe25Co25Ni25Cr25,CENSUS-1,mpa0,Fe25Co25Ni25Cr25,evaluated,1,2,Co,0.8910726772855622,2,1.8130374150807378,3.9341100923663,3.1927562023794294,1.8002377343813993,bound,ON_ADSORBATE,NORMAL,1.6411429748479636,bound,NORMAL,3.7778747896950464,desorbed,1.2343198042651224,O2_LIKE,H_TRANSFERRED,slab_O,distal_O,Co,DESORPTION,0.10595757508342807,0.30400966724573525,0,0,0,undefined,False,False
mpa0__Fe25Co25Ni25Cr25,CENSUS-1,mpa0,Fe25Co25Ni25Cr25,evaluated,1,3,Ni,0.7946191857615039,1,2.024619185761504,3.0930971506026346,3.079990810300275,1.9370931322527134,bound,ON_ADSORBATE,NORMAL,2.123804430328857,bound,NORMAL,3.3341691731662997,desorbed,1.2335490606830686,O2_LIKE,H_TRANSFERRED,slab_O,distal_O,Ni,DESORPTION,0.11513312110112683,0.5047154714214169,0,0,1,undefined,False,False
mpa0__Fe25Co25Ni25Cr25,CENSUS-1,mpa0,Fe25Co25Ni25Cr25,evaluated,2,0,Cr,0.4530565522419163,2,1.6015430650656648,3.284599617307581,4.663954545181129,1.8085509324280893,bound,ON_ADSORBATE,NORMAL,1.5894617507495874,bound,RECONSTRUCTION,1.9754136641577082,bound,1.3721922129981474,OOH_LIKE,ON_ADSORBATE,terminal_O,proximal_O,Cr,NORMAL,0.07273047078232144,0.22390188114889875,0,0,1,cus,False,True
mpa0__Fe25Co25Ni25Cr25,CENSUS-1,mpa0,Fe25Co25Ni25Cr25,evaluated,2,1,Ni,1.3512764812375888,2,1.8888998809386188,4.470176362176208,4.723445879382611,1.8998269132729662,bound,ON_ADSORBATE,NORMAL,1.8204104798746312,bound,NORMAL,2.0959739798280306,bound,1.3343626131308495,SUPEROXO_LIKE,ON_ADSORBATE,terminal_O,proximal_O,Ni,NORMAL,0.03410982934605616,0.1580604462677465,0,0,0,cus,True,True
mpa0__Fe25Co25Ni25Cr25,CENSUS-1,mpa0,Fe25Co25Ni25Cr25,evaluated,2,2,Co,0.9748082967653584,2,1.6138688653586208,3.8186771621239792,3.4376457477769704,1.7583358044676807,bound,ON_ADSORBATE,NORMAL,1.646989020164248,bound,NORMAL,3.8365412309631366,desorbed,1.2360175783625997,O2_LIKE,H_TRANSFERRED,slab_O,distal_O,Fe,DESORPTION,0.05721220257545348,0.1710977946035423,0,0,0,undefined,False,False
mpa0__Fe25Co25Ni25Cr25,CENSUS-1,mpa0,Fe25Co25Ni25Cr25,evaluated,2,3,Fe,1.2723422287315014,2,1.875028164062622,4.377370392794123,4.828416357343601,1.8809845957571847,bound,ON_ADSORBATE,NORMAL,1.7152929606805634,bound,NORMAL,2.614447546500211,weak,1.3189583072222084,SUPEROXO_LIKE,ON_ADSORBATE,terminal_O,proximal_O,Fe,NORMAL,0.04460008892858486,0.10150943362970583,0,1,0,cus,True,True
mpa0__Cu26Ni9Cr31Co33,CENSUS-1,mpa0,Cu26Ni9Cr31Co33,evaluated,0,0,Cr,1.2555584437045022,4,1.8084644159377725,2.9321692329257054,2.4344415562954977,1.862104624289287,bound,ON_ADSORBATE,NORMAL,1.5911363376971883,bound,RECONSTRUCTION,4.023433118365456,desorbed,1.2344773938586366,O2_LIKE,H_TRANSFERRED,slab_O,distal_O,Cr,DESORPTION,0.5992656835808311,1.605272725587542,0,0,2,undefined,False,False
mpa0__Cu26Ni9Cr31Co33,CENSUS-1,mpa0,Cu26Ni9Cr31Co33,evaluated,0,1,Ni,1.1397051089714858,3,1.7814764101055638,2.120803225273935,4.490508334245421,1.9461492821204387,bound,ON_ADSORBATE,NORMAL,2.9490228894668102,weak,MIGRATION,2.726909494330796,weak,1.3415499856338085,SUPEROXO_LIKE,ON_ADSORBATE,binding_O,distal_O,Ni,RECONSTRUCTION,0.22573510539626152,0.9856210560438321,0,2,2,cus,False,False
mpa0__Cu26Ni9Cr31Co33,CENSUS-1,mpa0,Cu26Ni9Cr31Co33,evaluated,0,2,Cu,1.3003195261512142,4,1.2472614690761596,3.5041736030295603,2.389680473848786,1.82026238316281,bound,ON_ADSORBATE,RECONSTRUCTION,1.7753143517196037,bound,RECONSTRUCTION,3.5935830591004896,desorbed,1.2315391077658127,O2_LIKE,H_TRANSFERRED,slab_O,distal_O,Cu,DESORPTION,0.8388460619994729,3.1042411198720337,0,0,3,undefined,False,False
mpa0__Cu26Ni9Cr31Co33,CENSUS-1,mpa0,Cu26Ni9Cr31Co33,evaluated,0,3,Co,0.8310209978775456,4,1.5398088759663673,3.6001368163262875,2.8589790021224544,1.7986053323632207,bound,ON_ADSORBATE,RECONSTRUCTION,1.6380448575648971,bound,RECONSTRUCTION,4.130764083863801,desorbed,1.2326532587761754,O2_LIKE,H_TRANSFERRED,slab_O,distal_O,Co,DESORPTION,0.33337869513156876,1.1276112906552527,0,0,3,undefined,False,False
mpa0__Cu26Ni9Cr31Co33,CENSUS-1,mpa0,Cu26Ni9Cr31Co33,evaluated,1,0,Cr,0.4791918879560475,1,1.7091918879560475,3.324198152354459,4.493787363933906,1.8539884402513769,bound,ON_ADSORBATE,NORMAL,1.592911521117442,bound,RECONSTRUCTION,1.9444834737307795,bound,1.3942360218529826,OOH_LIKE,ON_ADSORBATE,terminal_O,proximal_O,Cr,NORMAL,0.07535803472104183,0.21540701915824312,0,0,1,cus,False,True
mpa0__Cu26Ni9Cr31Co33,CENSUS-1,mpa0,Cu26Ni9Cr31Co33,evaluated,1,1,Cu,0.9338389792088568,1,2.163838979208857,1.6349708460941523,3.4100285109082065,1.8969995805093343,bound,ON_ADSORBATE,NORMAL,3.671454599621026,desorbed,DESORPTION,3.7279742127934057,desorbed,1.2359155584602421,O2_LIKE,H_TRANSFERRED,slab_O,distal_O,Cu,DESORPTION,0.07295650696963599,0.16389811678413577,0,0,1,undefined,False,False
mpa0__Cu26Ni9Cr31Co33,CENSUS-1,mpa0,Cu26Ni9Cr31Co33,evaluated,1,2,Cr,0.7137723316313904,4,1.6470945475636776,3.381182977642286,2.9762276683686095,1.8394978798092991,bound,ON_ADSORBATE,NORMAL,1.5923472105699779,bound,RECONSTRUCTION,3.9966093073659867,desorbed,1.2350785598275098,O2_LIKE,H_TRANSFERRED,slab_O,distal_O,Cr,DESORPTION,0.05795496674085837,0.17239692275692362,0,0,1,undefined,False,False
mpa0__Cu26Ni9Cr31Co33,CENSUS-1,mpa0,Cu26Ni9Cr31Co33,evaluated,1,3,Cr,0.6112965884603758,1,1.8412965884603758,3.6113480388459926,3.5411047871627956,1.8427941432343597,bound,ON_ADSORBATE,NORMAL,1.5928733324526716,bound,RECONSTRUCTION,3.8418606483070286,desorbed,1.2353515080696762,O2_LIKE,H_TRANSFERRED,slab_O,distal_O,Cr,DESORPTION,0.06321990681738454,0.19972408028670674,0,0,1,undefined,False,False
mpa0__Cu26Ni9Cr31Co33,CENSUS-1,mpa0,Cu26Ni9Cr31Co33,evaluated,2,0,Co,0.8310321523880173,2,1.7943266457516196,3.855358798139637,3.314227691037105,1.7836784904279595,bound,ON_ADSORBATE,NORMAL,1.6850432882719646,bound,NORMAL,3.055509736865926,desorbed,1.2388740176954256,O2_LIKE,H_TRANSFERRED,slab_O,proximal_O,Co,DESORPTION,0.14772075974884435,0.43414625779819044,0,0,0,undefined,False,False
mpa0__Cu26Ni9Cr31Co33,CENSUS-1,mpa0,Cu26Ni9Cr31Co33,evaluated,2,1,Co,0.7659465922812654,2,1.8984771677052898,3.894423759986555,3.3778949274972105,1.7907928748020019,bound,ON_ADSORBATE,RECONSTRUCTION,1.6315526105706717,bound,RECONSTRUCTION,3.2348148721055945,desorbed,1.2379953126158447,O2_LIKE,H_TRANSFERRED,slab_O,distal_O,Cu,DESORPTION,0.12077671778811898,0.31072730426075534,0,0,2,undefined,False,False
mpa0__Cu26Ni9Cr31Co33,CENSUS-1,mpa0,Cu26Ni9Cr31Co33,evaluated,2,2,Cr,0.7685407573064671,1,1.998540757306467,3.4607185322667853,3.2996703867705164,1.8607825261086433,bound,ON_ADSORBATE,NORMAL,1.5866807112546606,bound,RECONSTRUCTION,4.028051233433625,desorbed,1.232379891078749,O2_LIKE,H_TRANSFERRED,slab_O,distal_O,Cr,DESORPTION,0.2364730082319314,0.9056918937746454,0,0,2,undefined,False,False
mpa0__Cu26Ni9Cr31Co33,CENSUS-1,mpa0,Cu26Ni9Cr31Co33,evaluated,2,3,Cu,1.3620258053664696,2,2.0114099407305397,4.603435746097009,3.191711254812675,1.8485198351555376,bound,ON_ADSORBATE,NORMAL,1.8113830314474115,bound,NORMAL,3.1854328116766126,desorbed,1.2309145213416055,O2_LIKE,H_TRANSFERRED,slab_O,distal_O,Cu,DESORPTION,0.23994379115074935,0.9051515934415796,0,0,1,undefined,False,False
mpa0__Ni34Fe6Cu29Co31,CENSUS-1,mpa0,Ni34Fe6Cu29Co31,evaluated,0,0,Cu,1.1244077169391442,2,1.987909620682752,4.342317337621896,2.710889418411854,1.870087973152676,bound,ON_ADSORBATE,NORMAL,1.9037906943104224,bound,NORMAL,3.368306206989695,desorbed,1.22577306401923,O2_LIKE,H_TRANSFERRED,slab_O,proximal_O,Cu,DESORPTION,0.08116960626222147,0.18792023082970524,0,0,0,undefined,False,False
mpa0__Ni34Fe6Cu29Co31,CENSUS-1,mpa0,Ni34Fe6Cu29Co31,evaluated,0,1,Ni,0.7653520190028198,4,1.7528959500516756,1.5780461945175583,2.92464798099718,1.8570736529075444,bound,ON_ADSORBATE,NORMAL,2.6807751993196844,weak,RECONSTRUCTION,3.510018528877481,desorbed,1.2313954551932407,O2_LIKE,H_TRANSFERRED,slab_O,distal_O,Ni,DESORPTION,0.0705880433966014,0.17989830635163712,0,1,1,undefined,False,False
mpa0__Ni34Fe6Cu29Co31,CENSUS-1,mpa0,Ni34Fe6Cu29Co31,evaluated,0,2,Ni,1.0553273167718666,4,1.832136035992415,1.1390155496110632,2.6346726832281333,1.852561550701789,bound,ON_ADSORBATE,NORMAL,3.4837507891676376,desorbed,DESORPTION,3.3513218284326767,desorbed,1.225912130642319,O2_LIKE,H_TRANSFERRED,slab_O,distal_O,Cu,DESORPTION,0.0790837694789471,0.20663410199485027,0,0,1,undefined,False,False
mpa0__Ni34Fe6Cu29Co31,CENSUS-1,mpa0,Ni34Fe6Cu29Co31,evaluated,0,3,Co,1.3234091815004954,4,1.8958938850118678,4.038441207911578,2.3665908184995046,1.7985785666366223,bound,ON_ADSORBATE,NORMAL,1.6381336438825889,bound,RECONSTRUCTION,3.568128001512645,desorbed,1.223192909280419,O2_LIKE,H_TRANSFERRED,slab_O,distal_O,Ni,DESORPTION,0.08227203729288551,0.2748814604418289,1,0,1,undefined,False,False
mpa0__Ni34Fe6Cu29Co31,CENSUS-1,mpa0,Ni34Fe6Cu29Co31,evaluated,1,0,Fe,1.227378071566788,2,1.9223822544552953,4.379760326022083,3.2247358216127977,1.911057969384727,bound,ON_ADSORBATE,NORMAL,1.7982604671944746,bound,NORMAL,3.8143924564799265,desorbed,1.2296239273618725,O2_LIKE,H_TRANSFERRED,slab_O,proximal_O,Fe,DESORPTION,0.07676945191185848,0.21109995824834615,0,0,0,undefined,False,False
mpa0__Ni34Fe6Cu29Co31,CENSUS-1,mpa0,Ni34Fe6Cu29Co31,evaluated,1,1,Ni,0.7837312481899525,4,1.7826663934968914,1.205234421637986,2.9062687518100474,1.8559500699467193,bound,ON_ADSORBATE,NORMAL,3.682378565536445,desorbed,DESORPTION,3.3075637946071215,desorbed,1.2257050180391738,O2_LIKE,H_TRANSFERRED,slab_O,distal_O,Cu,DESORPTION,0.06347202002000134,0.1947256183352059,0,0,1,undefined,False,False
mpa0__Ni34Fe6Cu29Co31,CENSUS-1,mpa0,Ni34Fe6Cu29Co31,evaluated,1,2,Fe,1.2254775956805286,2,1.9240795600284977,4.379557155709026,4.94478249641219,1.9158229700623115,bound,ON_ADSORBATE,NORMAL,1.7992280482300693,bound,NORMAL,2.1300720477875115,bound,1.3416681970243833,SUPEROXO_LIKE,ON_ADSORBATE,terminal_O,proximal_O,Fe,NORMAL,0.04361152708174374,0.1291361549714892,0,0,0,cus,True,True
mpa0__Ni34Fe6Cu29Co31,CENSUS-1,mpa0,Ni34Fe6Cu29Co31,evaluated,1,3,Cu,0.8071667745251725,4,1.9622647222991199,1.9899751394366698,2.8828332254748275,1.8699312692023946,bound,ON_ADSORBATE,NORMAL,3.683712594826071,desorbed,DESORPTION,3.162721260146603,desorbed,1.2332427157500263,O2_LIKE,H_TRANSFERRED,slab_O,distal_O,Cu,DESORPTION,0.0675288847962269,0.15236412212551156,0,0,1,undefined,False,False
mpa0__Ni34Fe6Cu29Co31,CENSUS-1,mpa0,Ni34Fe6Cu29Co31,evaluated,2,0,Co,0.954876179815157,2,1.7311365566320327,3.9160127364471897,3.070518995080023,1.7865125265839037,bound,ON_ADSORBATE,NORMAL,1.6463977779991328,bound,NORMAL,3.6602752337154008,desorbed,1.2242785221310193,O2_LIKE,H_TRANSFERRED,slab_O,proximal_O,Fe,DESORPTION,0.08433095937721749,0.21625275862432228,0,0,0,undefined,False,False
mpa0__Ni34Fe6Cu29Co31,CENSUS-1,mpa0,Ni34Fe6Cu29Co31,evaluated,2,1,Co,0.9405855663037226,2,1.7981457083357335,3.968731274639456,2.9693885994914253,1.8206316231065118,bound,ON_ADSORBATE,NORMAL,1.6317817268512738,bound,NORMAL,3.0242871002803167,desorbed,1.23359038983433,O2_LIKE,H_TRANSFERRED,slab_O,proximal_O,Co,DESORPTION,0.061958077458307344,0.17985263000541615,0,0,0,undefined,False,False
mpa0__Ni34Fe6Cu29Co31,CENSUS-1,mpa0,Ni34Fe6Cu29Co31,evaluated,2,2,Fe,1.0834958748019101,2,1.792107201073828,4.105603075875738,4.643991202754764,1.879129696146613,bound,ON_ADSORBATE,NORMAL,1.8411490610598673,bound,NORMAL,2.074292214313235,bound,1.3555116069996604,SUPEROXO_LIKE,ON_ADSORBATE,terminal_O,proximal_O,Fe,NORMAL,0.04513377343227085,0.14238422796161473,0,0,0,cus,True,True
mpa0__Ni34Fe6Cu29Co31,CENSUS-1,mpa0,Ni34Fe6Cu29Co31,evaluated,2,3,Ni,0.7258416589359067,4,1.6812052090422989,1.8678375206305058,2.9641583410640933,1.8291965623861772,bound,ON_ADSORBATE,NORMAL,2.3586648340250385,weak,RECONSTRUCTION,2.3996454522866864,weak,1.2399808048160526,O2_LIKE,H_TRANSFERRED,slab_O,proximal_O,Ni,DISSOCIATION,0.06836784272249045,0.20695870161727475,0,2,1,bridge,False,False
mpa0__Cu8Cr23Mn35Co34,CENSUS-1,mpa0,Cu8Cr23Mn35Co34,evaluated,0,0,Mn,1.1742469632615364,2,1.4470165673897335,3.85126353065127,2.7162971305302235,1.8518747500923387,bound,ON_ADSORBATE,NORMAL,1.834890408016128,bound,NORMAL,3.730502136885262,desorbed,1.2304961753972476,O2_LIKE,H_TRANSFERRED,slab_O,proximal_O,Mn,DESORPTION,0.03296821440504673,0.13497458433249948,0,0,0,undefined,False,False
mpa0__Cu8Cr23Mn35Co34,CENSUS-1,mpa0,Cu8Cr23Mn35Co34,evaluated,0,1,Cr,0.9450356512370499,4,1.4868838311872659,3.0770769168768517,2.74496434876295,1.7693023867859723,bound,ON_ADSORBATE,NORMAL,1.586467433308886,bound,RECONSTRUCTION,3.7357086082593822,desorbed,1.232668394531936,O2_LIKE,H_TRANSFERRED,slab_O,distal_O,Co,DESORPTION,0.037938409186591845,0.14328400978550704,0,0,1,undefined,False,False
mpa0__Cu8Cr23Mn35Co34,CENSUS-1,mpa0,Cu8Cr23Mn35Co34,evaluated,0,2,Cr,0.9451884339539456,4,1.5771283354166266,3.3941758883666786,2.7448115660460544,1.8006612568103413,bound,ON_ADSORBATE,NORMAL,1.591378601428732,bound,RECONSTRUCTION,2.9018255445076897,weak,1.2396976823301107,O2_LIKE,H_TRANSFERRED,slab_O,proximal_O,Cr,DISSOCIATION,0.05347799496748348,0.191840479916047,0,1,1,bridge,False,False
mpa0__Cu8Cr23Mn35Co34,CENSUS-1,mpa0,Cu8Cr23Mn35Co34,evaluated,0,3,Co,1.082033754527144,2,1.5750853294774978,3.8871190840046417,2.734018070681772,1.7685366776739915,bound,ON_ADSORBATE,NORMAL,1.6585941512691325,bound,NORMAL,3.6240182633517977,desorbed,1.2312020949557685,O2_LIKE,H_TRANSFERRED,slab_O,distal_O,Co,DESORPTION,0.047281024918844575,0.1388120071019145,0,0,0,undefined,False,False
mpa0__Cu8Cr23Mn35Co34,CENSUS-1,mpa0,Cu8Cr23Mn35Co34,evaluated,1,0,Mn,1.2084361647092958,2,1.498843574026774,3.93727973873607,2.8809428843917444,1.848221858623512,bound,ON_ADSORBATE,NORMAL,1.807679326188199,bound,NORMAL,3.715708451209487,desorbed,1.231948223980473,O2_LIKE,H_TRANSFERRED,slab_O,proximal_O,Mn,DESORPTION,0.04650930686674869,0.13132923303117972,0,0,0,undefined,False,False
mpa0__Cu8Cr23Mn35Co34,CENSUS-1,mpa0,Cu8Cr23Mn35Co34,evaluated,1,1,Cu,1.1845706701735406,2,2.0724038982100077,4.486974568383548,3.6069649133238513,1.88484503865828,bound,ON_ADSORBATE,NORMAL,1.8879494749849635,bound,NORMAL,3.1169357668929236,desorbed,1.2386257044466025,O2_LIKE,H_TRANSFERRED,slab_O,distal_O,Cu,DESORPTION,0.05835677322051963,0.18995350183228538,0,0,0,undefined,False,False
mpa0__Cu8Cr23Mn35Co34,CENSUS-1,mpa0,Cu8Cr23Mn35Co34,evaluated,1,2,Mn,1.1853692798336777,2,1.5455775249719985,3.960946804805676,2.8834619709792846,1.8538725999202217,bound,ON_ADSORBATE,NORMAL,1.828374801694598,bound,NORMAL,3.8080254417840926,desorbed,1.2312268655917178,O2_LIKE,H_TRANSFERRED,slab_O,proximal_O,Mn,DESORPTION,0.04079211853380995,0.13045094210112226,0,0,0,undefined,False,False
mpa0__Cu8Cr23Mn35Co34,CENSUS-1,mpa0,Cu8Cr23Mn35Co34,evaluated,1,3,Mn,1.1387536555993432,2,1.6478794606753362,4.016633116274679,3.3836640041708974,1.8555073992353222,bound,ON_ADSORBATE,NORMAL,1.8448919555944598,bound,NORMAL,3.303571133235121,desorbed,1.230987750689378,O2_LIKE,H_TRANSFERRED,slab_O,proximal_O,Mn,DESORPTION,0.054136336918584015,0.1365940307441734,0,0,0,undefined,False,False
mpa0__Cu8Cr23Mn35Co34,CENSUS-1,mpa0,Cu8Cr23Mn35Co34,evaluated,2,0,Co,0.9680595766804156,2,1.61523118874535,3.8132907654257657,2.801341811725878,1.7942636632705733,bound,ON_ADSORBATE,NORMAL,1.6481494416285447,bound,NORMAL,2.957005157547883,weak,1.2361372551093992,O2_LIKE,H_TRANSFERRED,slab_O,proximal_O,Co,DISSOCIATION,0.06760182785013,0.2031397844205893,0,1,0,bridge,False,False
mpa0__Cu8Cr23Mn35Co34,CENSUS-1,mpa0,Cu8Cr23Mn35Co34,evaluated,2,1,Co,0.7557679417210732,2,1.7281900295611998,3.713957971282273,4.468844006632311,1.795412875098705,bound,ON_ADSORBATE,NORMAL,1.6497201470999876,bound,NORMAL,1.8423991080342312,bound,1.3778909501614212,OOH_LIKE,ON_ADSORBATE,terminal_O,proximal_O,Co,NORMAL,0.045534167710718707,0.11178814278954798,0,0,0,cus,True,True
mpa0__Cu8Cr23Mn35Co34,CENSUS-1,mpa0,Cu8Cr23Mn35Co34,evaluated,2,2,Mn,1.1547789799015202,2,1.5065628055327474,3.8913417854342676,2.7332951756089314,1.8664961872996977,bound,ON_ADSORBATE,NORMAL,1.7974211100940656,bound,NORMAL,3.7295888593560016,desorbed,1.2344975237766918,O2_LIKE,H_TRANSFERRED,slab_O,distal_O,Mn,DESORPTION,0.054320514003339676,0.23943749571023984,0,0,0,undefined,False,False
mpa0__Cu8Cr23Mn35Co34,CENSUS-1,mpa0,Cu8Cr23Mn35Co34,evaluated,2,3,Cr,0.9638652268116639,4,1.5187202221831861,3.2518356852230887,2.726134773188336,1.8687665267916067,bound,ON_ADSORBATE,NORMAL,1.586011506629079,bound,RECONSTRUCTION,3.707600154975306,desorbed,1.2353400520756952,O2_LIKE,H_TRANSFERRED,slab_O,distal_O,Co,DESORPTION,0.058914329270072265,0.2582859419034644,0,0,1,undefined,False,False
mpa0__Cu22Fe30Co32Mn15,CENSUS-1,mpa0,Cu22Fe30Co32Mn15,evaluated,0,0,Co,0.7956531821512538,2,1.8197559738159392,3.845409155967193,4.728845330405024,1.7745074430574492,bound,ON_ADSORBATE,RECONSTRUCTION,1.6190641746162773,bound,RECONSTRUCTION,1.8916219012860944,bound,1.3588904827287782,SUPEROXO_LIKE,ON_ADSORBATE,terminal_O,proximal_O,Co,NORMAL,0.07674429184216568,0.40096940234207606,0,0,2,cus,False,True
mpa0__Cu22Fe30Co32Mn15,CENSUS-1,mpa0,Cu22Fe30Co32Mn15,evaluated,0,1,Fe,1.2773204083203193,2,1.8121689533217826,4.319489361642102,4.6336866168002775,1.8729842239671803,bound,ON_ADSORBATE,NORMAL,1.7230479814948956,bound,RECONSTRUCTION,2.968616549313645,weak,1.3302417257009773,SUPEROXO_LIKE,ON_ADSORBATE,binding_O,distal_O,Fe,NORMAL,0.026311811678551508,0.08859801176600139,0,1,1,cus,False,True
mpa0__Cu22Fe30Co32Mn15,CENSUS-1,mpa0,Cu22Fe30Co32Mn15,evaluated,0,2,Fe,1.3049651509352014,2,1.8147002769124136,4.349665427847615,3.1810391950538714,1.8786538401833783,bound,ON_ADSORBATE,NORMAL,1.7245008659140868,bound,NORMAL,3.8122812403826933,desorbed,1.23243269030463,O2_LIKE,H_TRANSFERRED,slab_O,distal_O,Cu,DESORPTION,0.05388595435292762,0.144123185465126,1,0,0,undefined,False,False
mpa0__Cu22Fe30Co32Mn15,CENSUS-1,mpa0,Cu22Fe30Co32Mn15,evaluated,0,3,Co,0.9632241904766952,4,1.8135376029175299,3.852804415531839,2.726775809523305,1.7706199958470754,bound,ON_ADSORBATE,NORMAL,1.6259431557955728,bound,RECONSTRUCTION,4.056109394678583,desorbed,1.2305199453036737,O2_LIKE,H_TRANSFERRED,slab_O,proximal_O,Co,DESORPTION,0.07257225401027531,0.26206903171862367,0,0,1,undefined,False,False
mpa0__Cu22Fe30Co32Mn15,CENSUS-1,mpa0,Cu22Fe30Co32Mn15,evaluated,1,0,Fe,1.2121206248367837,2,1.969744172665481,4.411864797502265,4.905040811739754,1.9318162822773002,bound,ON_ADSORBATE,NORMAL,1.8878830599479723,bound,NORMAL,2.7623901318090187,weak,1.3183863692900981,SUPEROXO_LIKE,ON_ADSORBATE,terminal_O,proximal_O,Fe,NORMAL,0.02274075164706726,0.05135824859213333,0,1,0,cus,True,True
mpa0__Cu22Fe30Co32Mn15,CENSUS-1,mpa0,Cu22Fe30Co32Mn15,evaluated,1,1,Cu,0.8655204498871703,1,2.0955204498871702,1.5433751643272198,3.184784404084725,1.8676607807227659,bound,ON_ADSORBATE,NORMAL,3.542100604760482,desorbed,DESORPTION,3.235558658785518,desorbed,1.2300574722924578,O2_LIKE,H_TRANSFERRED,slab_O,proximal_O,Cu,DESORPTION,0.06724696330908074,0.18569639719731923,0,0,1,undefined,False,False
mpa0__Cu22Fe30Co32Mn15,CENSUS-1,mpa0,Cu22Fe30Co32Mn15,evaluated,1,2,Fe,1.209540229659778,2,1.9646683123514443,4.404208542011222,4.907595788004132,1.9142440446236304,bound,ON_ADSORBATE,NORMAL,1.8816669826874435,bound,NORMAL,2.768965626287334,weak,1.3182358818924826,SUPEROXO_LIKE,ON_ADSORBATE,terminal_O,proximal_O,Fe,NORMAL,0.02736985472797275,0.06258472750325156,0,1,0,cus,True,True
mpa0__Cu22Fe30Co32Mn15,CENSUS-1,mpa0,Cu22Fe30Co32Mn15,evaluated,1,3,Co,0.9563610466171024,2,1.903736270714456,4.0900973173315585,3.296678184075121,1.8109965951574611,bound,ON_ADSORBATE,NORMAL,1.6496220443542045,bound,NORMAL,3.9568381388732274,desorbed,1.235526050048373,O2_LIKE,H_TRANSFERRED,slab_O,distal_O,Cu,DESORPTION,0.05844425171479608,0.20282717888558086,1,0,0,undefined,False,False
mpa0__Cu22Fe30Co32Mn15,CENSUS-1,mpa0,Cu22Fe30Co32Mn15,evaluated,2,0,Mn,0.9921484365651039,3,1.7304177009092663,1.0815976320441545,3.3037460686092586,1.8852810443752608,bound,ON_ADSORBATE,NORMAL,3.668835867891998,desorbed,DESORPTION,3.897432059282749,desorbed,1.229029636023307,O2_LIKE,H_TRANSFERRED,slab_O,proximal_O,Mn,DESORPTION,0.07842238405217973,0.1845034138987982,0,0,1,undefined,False,False
mpa0__Cu22Fe30Co32Mn15,CENSUS-1,mpa0,Cu22Fe30Co32Mn15,evaluated,2,1,Co,0.9070529217920846,2,1.8823485237123472,4.019401445504432,3.213033369330334,1.7609928876151437,bound,ON_ADSORBATE,RECONSTRUCTION,1.630467548386184,bound,RECONSTRUCTION,3.967611454413299,desorbed,1.2321117321849369,O2_LIKE,H_TRANSFERRED,slab_O,distal_O,Co,DESORPTION,0.06263682633561006,0.1585169175701913,0,0,2,undefined,False,False
mpa0__Cu22Fe30Co32Mn15,CENSUS-1,mpa0,Cu22Fe30Co32Mn15,evaluated,2,2,Fe,1.2382114159073847,2,1.9272094198439853,4.39542083575137,2.711752305836059,1.8778774258100726,bound,ON_ADSORBATE,NORMAL,1.7127036917754495,bound,NORMAL,3.8757470852081743,desorbed,1.230890039026577,O2_LIKE,H_TRANSFERRED,slab_O,distal_O,Fe,DESORPTION,0.06398243670719461,0.2772072078326788,0,0,0,undefined,False,False
mpa0__Cu22Fe30Co32Mn15,CENSUS-1,mpa0,Cu22Fe30Co32Mn15,evaluated,2,3,Fe,1.3345192976904894,2,1.7758643941854424,4.340383691875932,4.694866576854567,1.8573693259587971,bound,ON_ADSORBATE,NORMAL,1.707781304427927,bound,NORMAL,2.770698931370608,weak,1.3361494792544728,SUPEROXO_LIKE,ON_ADSORBATE,binding_O,distal_O,Fe,NORMAL,0.028957353774125116,0.05801783270717375,0,1,0,cus,True,True
mpa0__Cr33Co5Ni29Cu33,CENSUS-1,mpa0,Cr33Co5Ni29Cu33,evaluated,0,0,Ni,1.117431203208893,2,1.9210998351723227,4.268531038381216,2.7237863924688113,1.9108374673422412,bound,ON_ADSORBATE,NORMAL,1.7695620456906922,bound,RECONSTRUCTION,2.8564061939318344,weak,1.280783141000647,SUPEROXO_LIKE,H_TRANSFERRED,slab_O,proximal_O,Ni,DISSOCIATION,0.1004081944607046,0.28490999680661655,1,1,1,bridge,False,False
mpa0__Cr33Co5Ni29Cu33,CENSUS-1,mpa0,Cr33Co5Ni29Cu33,evaluated,0,1,Cr,0.78816671191798,1,2.01816671191798,3.704597172361364,3.2824714214466453,1.8370928882364839,bound,ON_ADSORBATE,NORMAL,1.595420198774217,bound,RECONSTRUCTION,3.403192367012356,desorbed,1.2259884148761826,O2_LIKE,H_TRANSFERRED,slab_O,distal_O,Cu,DESORPTION,0.07297186359992523,0.20584132169619943,0,0,1,undefined,False,False
mpa0__Cr33Co5Ni29Cu33,CENSUS-1,mpa0,Cr33Co5Ni29Cu33,evaluated,0,2,Cr,0.902534313637644,1,2.132534313637644,3.591100026833974,3.1863506539483537,1.9676494269743139,bound,ON_ADSORBATE,NORMAL,1.5901207909962873,bound,RECONSTRUCTION,3.5197419482179924,desorbed,1.228042933198071,O2_LIKE,H_TRANSFERRED,slab_O,distal_O,Ni,DESORPTION,0.09031553702819983,0.3531712163015721,0,0,1,undefined,False,False
mpa0__Cr33Co5Ni29Cu33,CENSUS-1,mpa0,Cr33Co5Ni29Cu33,evaluated,0,3,Cu,0.8044529413917743,3,1.57535242192372,1.1979368399114814,3.232389781303256,1.8432708122517767,bound,ON_ADSORBATE,RECONSTRUCTION,3.1078104627355687,desorbed,DESORPTION,3.650071905152001,desorbed,1.235320666934354,O2_LIKE,H_TRANSFERRED,slab_O,distal_O,Ni,DESORPTION,0.06948941201458125,0.20095469328887766,1,0,2,undefined,False,False
mpa0__Cr33Co5Ni29Cu33,CENSUS-1,mpa0,Cr33Co5Ni29Cu33,evaluated,1,0,Co,0.7424755211876581,4,1.7047654077202545,1.56787451038716,2.947524478812342,1.7694570756910608,bound,ON_ADSORBATE,RECONSTRUCTION,4.1198206726749795,desorbed,DESORPTION,3.7539165976048197,desorbed,1.2338278236125664,O2_LIKE,H_TRANSFERRED,slab_O,distal_O,Ni,DESORPTION,0.06953006357880902,0.17475304873704503,0,0,2,undefined,False,False
mpa0__Cr33Co5Ni29Cu33,CENSUS-1,mpa0,Cr33Co5Ni29Cu33,evaluated,1,1,Cr,1.0216574701223484,1,2.2516574701223484,3.4218648291329465,3.071785774060858,1.8017142674689608,bound,ON_ADSORBATE,RECONSTRUCTION,1.5935642576929445,bound,RECONSTRUCTION,3.4616962519527235,desorbed,1.2289993780991695,O2_LIKE,H_TRANSFERRED,slab_O,distal_O,Ni,DESORPTION,0.2669040070244729,0.7737773266544757,0,0,3,undefined,False,False
mpa0__Cr33Co5Ni29Cu33,CENSUS-1,mpa0,Cr33Co5Ni29Cu33,evaluated,1,2,Ni,0.5172986131125741,3,1.739919366159905,1.4685010763599033,3.2157996894724774,1.8649993429700682,bound,ON_ADSORBATE,NORMAL,3.8637963466508696,desorbed,DESORPTION,3.7504635651945204,desorbed,1.237442036003646,O2_LIKE,H_TRANSFERRED,slab_O,distal_O,Ni,DESORPTION,0.15133774603638353,0.5679409901283088,0,0,2,undefined,False,False
mpa0__Cr33Co5Ni29Cu33,CENSUS-1,mpa0,Cr33Co5Ni29Cu33,evaluated,1,3,Ni,1.09432927284203,2,1.8755444586990628,4.199873731541093,3.300786010835226,1.90768478213279,bound,ON_ADSORBATE,NORMAL,1.7765180087604402,bound,RECONSTRUCTION,2.891632891308352,weak,1.232207603172176,O2_LIKE,H_TRANSFERRED,slab_O,distal_O,Ni,DISSOCIATION,0.17409435444245502,0.4907027037692932,1,1,1,bridge,False,False
mpa0__Cr33Co5Ni29Cu33,CENSUS-1,mpa0,Cr33Co5Ni29Cu33,evaluated,2,0,Cu,0.9760869462647559,2,2.187152633619997,4.393239579884753,3.5137016417221516,1.8958276196684734,bound,ON_ADSORBATE,NORMAL,1.7750055106256826,bound,RECONSTRUCTION,4.004626404496843,desorbed,1.2314429001957832,O2_LIKE,H_TRANSFERRED,slab_O,distal_O,Cr,DESORPTION,0.43273679625685996,1.4615886246351706,0,0,2,undefined,False,False
mpa0__Cr33Co5Ni29Cu33,CENSUS-1,mpa0,Cr33Co5Ni29Cu33,evaluated,2,1,Cu,0.864732113304937,2,1.8045553837466408,3.899287497051578,3.308141559864113,1.8709658531420161,bound,ON_ADSORBATE,RECONSTRUCTION,1.8033599713973383,bound,NORMAL,3.6789682447421934,desorbed,1.2319227473138765,O2_LIKE,H_TRANSFERRED,slab_O,proximal_O,Cu,DESORPTION,0.12109549992412215,0.4546531804174973,0,0,1,undefined,False,False
mpa0__Cr33Co5Ni29Cu33,CENSUS-1,mpa0,Cr33Co5Ni29Cu33,evaluated,2,2,Ni,1.2330667855208315,2,2.0454417778646197,4.508508563385451,3.3993527840999618,1.9520012150536867,bound,ON_ADSORBATE,NORMAL,1.855770821992962,bound,NORMAL,4.089095808441874,desorbed,1.2341374951973747,O2_LIKE,H_TRANSFERRED,slab_O,distal_O,Ni,DESORPTION,0.4231245200172537,1.3814681882677322,0,0,1,undefined,False,False
mpa0__Cr33Co5Ni29Cu33,CENSUS-1,mpa0,Cr33Co5Ni29Cu33,evaluated,2,3,Cr,0.720037534893307,1,1.950037534893307,3.0209632722096877,3.4261913001161033,1.8704879289431415,bound,ON_ADSORBATE,RECONSTRUCTION,2.0264310296741876,bound,NORMAL,3.5492121133058356,desorbed,1.235236118509436,O2_LIKE,H_TRANSFERRED,slab_O,distal_O,Cu,DESORPTION,0.10798964793088912,0.3097795081316653,0,0,1,undefined,False,False
mpa0__Mn31Ni31Co33Cu6,CENSUS-1,mpa0,Mn31Ni31Co33Cu6,evaluated,0,0,Ni,1.283628531927972,2,1.8293521075796328,4.342980639507605,4.573296758874109,1.8775369015169727,bound,ON_ADSORBATE,NORMAL,1.818630619793688,bound,NORMAL,2.0453538792981947,bound,1.3405148900677775,SUPEROXO_LIKE,ON_ADSORBATE,terminal_O,proximal_O,Ni,NORMAL,0.02858771702612666,0.13068237103906044,0,0,0,cus,True,True
mpa0__Mn31Ni31Co33Cu6,CENSUS-1,mpa0,Mn31Ni31Co33Cu6,evaluated,0,1,Ni,0.8764715794594062,4,1.8867760897354864,1.540788714088681,2.8135284205405937,1.9323552305664244,bound,ON_ADSORBATE,NORMAL,2.953290549411886,weak,MIGRATION,3.5067981364679226,desorbed,1.2250969713889366,O2_LIKE,H_TRANSFERRED,slab_O,distal_O,Ni,DESORPTION,0.0560796538424813,0.16206542027511067,0,1,0,undefined,False,False
mpa0__Mn31Ni31Co33Cu6,CENSUS-1,mpa0,Mn31Ni31Co33Cu6,evaluated,0,2,Mn,1.280322518248739,4,1.7606263602532075,2.647325660091415,2.409677481751261,1.8901695558433877,bound,ON_ADSORBATE,NORMAL,2.0507876576533577,bound,NORMAL,3.4206488342723453,desorbed,1.2260499164672065,O2_LIKE,H_TRANSFERRED,slab_O,proximal_O,Ni,DESORPTION,0.06891518302411775,0.26346233763477567,0,0,0,undefined,False,False
mpa0__Mn31Ni31Co33Cu6,CENSUS-1,mpa0,Mn31Ni31Co33Cu6,evaluated,0,3,Co,0.6683335322074262,1,1.8983335322074262,2.571738895071608,3.058758662151719,1.7994371915240033,bound,ON_ADSORBATE,RECONSTRUCTION,1.9140305881042887,bound,NORMAL,3.7413376685255724,desorbed,1.235079575950425,O2_LIKE,H_TRANSFERRED,slab_O,distal_O,Co,DESORPTION,0.0871688139877074,0.23772063459544446,0,0,1,undefined,False,False
mpa0__Mn31Ni31Co33Cu6,CENSUS-1,mpa0,Mn31Ni31Co33Cu6,evaluated,1,0,Ni,1.0711041477159151,4,1.6899956353221008,2.2931026664622074,2.618895852284085,1.900937346333814,bound,ON_ADSORBATE,NORMAL,2.2469797013030215,weak,NORMAL,2.5691872541058656,weak,1.230178149204964,O2_LIKE,H_TRANSFERRED,slab_O,distal_O,Ni,DISSOCIATION,0.06345927777014289,0.16283163614841734,0,2,0,bridge,False,False
mpa0__Mn31Ni31Co33Cu6,CENSUS-1,mpa0,Mn31Ni31Co33Cu6,evaluated,1,1,Mn,1.0083960764748934,2,1.7084012293616646,3.946797305836558,2.707556845609419,1.8953979032648698,bound,ON_ADSORBATE,NORMAL,1.8867840676059782,bound,NORMAL,3.41975182842468,desorbed,1.2290616349230012,O2_LIKE,H_TRANSFERRED,slab_O,proximal_O,Mn,DESORPTION,0.04254791578466275,0.14994657863623773,0,0,0,undefined,False,False
mpa0__Mn31Ni31Co33Cu6,CENSUS-1,mpa0,Mn31Ni31Co33Cu6,evaluated,1,2,Ni,0.9318203682700537,4,1.8441499193872581,2.251827805879291,2.7581796317299463,1.87001934719625,bound,ON_ADSORBATE,NORMAL,2.905267993147873,weak,RECONSTRUCTION,2.4780411338229524,weak,1.2367416078242404,O2_LIKE,H_TRANSFERRED,slab_O,proximal_O,Ni,DISSOCIATION,0.08578389736203713,0.25570663810591027,0,2,1,bridge,False,False
mpa0__Mn31Ni31Co33Cu6,CENSUS-1,mpa0,Mn31Ni31Co33Cu6,evaluated,1,3,Ni,0.7107430126279732,4,1.895068238619809,2.8683349200837007,2.9792569873720267,1.8950876893736202,bound,ON_ADSORBATE,NORMAL,1.9919918864794828,bound,NORMAL,2.5029999382414454,weak,1.235114950256683,O2_LIKE,H_TRANSFERRED,slab_O,proximal_O,Ni,DISSOCIATION,0.0683050270731258,0.2108421076165505,0,1,0,bridge,False,False
mpa0__Mn31Ni31Co33Cu6,CENSUS-1,mpa0,Mn31Ni31Co33Cu6,evaluated,2,0,Co,0.8366161257630704,2,1.9207996567716585,3.987415782534729,2.9963120614596632,1.7851520712376985,bound,ON_ADSORBATE,NORMAL,1.6637878696122852,bound,NORMAL,3.6078348550056814,desorbed,1.2241520747354455,O2_LIKE,H_TRANSFERRED,slab_O,proximal_O,Co,DESORPTION,0.056422954895073416,0.14548305577585258,0,0,0,undefined,False,False
mpa0__Mn31Ni31Co33Cu6,CENSUS-1,mpa0,Mn31Ni31Co33Cu6,evaluated,2,1,Co,1.017182744999074,2,1.7214597473433408,3.968642492342415,3.4082387899916866,1.7966108174595252,bound,ON_ADSORBATE,NORMAL,1.6841389326576737,bound,NORMAL,3.7325556910172484,desorbed,1.2343292175887326,O2_LIKE,H_TRANSFERRED,slab_O,distal_O,Mn,DESORPTION,0.061991582053712656,0.21691789762149932,0,0,0,undefined,False,False
mpa0__Mn31Ni31Co33Cu6,CENSUS-1,mpa0,Mn31Ni31Co33Cu6,evaluated,2,2,Ni,1.3476302016384247,4,1.8150428101015117,2.6811747328196454,2.342369798361575,1.8840328938684152,bound,ON_ADSORBATE,NORMAL,2.0127098537771877,bound,RECONSTRUCTION,3.505654447254213,desorbed,1.2254804725635526,O2_LIKE,H_TRANSFERRED,slab_O,proximal_O,Ni,DESORPTION,0.050473169463154416,0.24593097293160543,0,0,1,undefined,False,False
mpa0__Mn31Ni31Co33Cu6,CENSUS-1,mpa0,Mn31Ni31Co33Cu6,evaluated,2,3,Mn,1.161156982938932,2,1.5188285158853554,3.9099854988242875,3.2530603577653223,1.8735308452601265,bound,ON_ADSORBATE,NORMAL,1.8592726193234934,bound,NORMAL,3.7809238495666095,desorbed,1.2309403595001902,O2_LIKE,H_TRANSFERRED,slab_O,distal_O,Mn,DESORPTION,0.06955207249532219,0.1843997947854142,0,0,0,undefined,False,False
mpa0__Fe31Cu25Cr13Ni31,CENSUS-1,mpa0,Fe31Cu25Cr13Ni31,evaluated,0,0,Cu,0.6771430805058989,1,1.9071430805058989,1.8877652569713386,3.2382239725816375,1.8779851628457873,bound,ON_ADSORBATE,RECONSTRUCTION,3.779202659304229,desorbed,DESORPTION,3.241513723742177,desorbed,1.2395192923084932,O2_LIKE,H_TRANSFERRED,slab_O,proximal_O,Cu,DESORPTION,0.21467674288115407,0.8988927551186304,0,0,3,undefined,False,False
mpa0__Fe31Cu25Cr13Ni31,CENSUS-1,mpa0,Fe31Cu25Cr13Ni31,evaluated,0,1,Fe,0.7413168328302513,4,1.7887381283315684,1.4248238252569403,2.9486831671697487,1.9020695781700911,bound,ON_ADSORBATE,RECONSTRUCTION,3.884834198947551,desorbed,DESORPTION,3.7011258517533405,desorbed,1.2326809492172561,O2_LIKE,H_TRANSFERRED,slab_O,distal_O,Fe,DESORPTION,0.20568812598738123,0.873183234082498,0,0,3,undefined,False,False
mpa0__Fe31Cu25Cr13Ni31,CENSUS-1,mpa0,Fe31Cu25Cr13Ni31,evaluated,0,2,Fe,1.1681640952258174,2,1.7914715623791957,4.189635657605013,3.1305135523205094,1.8854806714382806,bound,ON_ADSORBATE,RECONSTRUCTION,1.8295408409308558,bound,RECONSTRUCTION,3.8101368880058244,desorbed,1.234538485948972,O2_LIKE,H_TRANSFERRED,slab_O,distal_O,Cu,DESORPTION,0.24978559652403368,0.9228798713614382,0,0,3,undefined,False,False
mpa0__Fe31Cu25Cr13Ni31,CENSUS-1,mpa0,Fe31Cu25Cr13Ni31,evaluated,0,3,Ni,0.9336193913086968,4,1.7879593129333906,0.8512119070158273,2.756380608691303,1.9567726065509612,bound,ON_ADSORBATE,RECONSTRUCTION,3.9425033422882145,desorbed,DESORPTION,3.587529967845883,desorbed,1.231287965332228,O2_LIKE,H_TRANSFERRED,slab_O,distal_O,Ni,DESORPTION,0.0782454947733234,0.21977185306653596,0,0,2,undefined,False,False
mpa0__Fe31Cu25Cr13Ni31,CENSUS-1,mpa0,Fe31Cu25Cr13Ni31,evaluated,1,0,Cu,0.9410798987433244,1,2.1710798987433244,0.9349213437760435,3.086798234241486,1.8807027551131201,bound,ON_ADSORBATE,NORMAL,3.3460456903514864,desorbed,DESORPTION,3.1686431580447367,desorbed,1.2273987194009297,O2_LIKE,H_TRANSFERRED,slab_O,distal_O,Cu,DESORPTION,0.08367309715861138,0.23362379380619963,0,0,1,undefined,False,False
mpa0__Fe31Cu25Cr13Ni31,CENSUS-1,mpa0,Fe31Cu25Cr13Ni31,evaluated,1,1,Fe,1.1054868720295001,2,1.8189644499327309,4.154451321962231,3.2737167646041043,1.8913882632844021,bound,ON_ADSORBATE,NORMAL,1.8015988964743725,bound,NORMAL,3.727700416114752,desorbed,1.2386986485761753,O2_LIKE,H_TRANSFERRED,slab_O,distal_O,Ni,DESORPTION,0.094627847124359,0.23295306116739767,0,0,0,undefined,False,False
mpa0__Fe31Cu25Cr13Ni31,CENSUS-1,mpa0,Fe31Cu25Cr13Ni31,evaluated,1,2,Cu,1.069302166479234,3,2.1566225653688442,0.9047696974080035,3.2040718638872376,1.8766049739680255,bound,ON_ADSORBATE,NORMAL,3.468474161820486,desorbed,DESORPTION,3.5859021772128776,desorbed,1.2356934391409156,O2_LIKE,H_TRANSFERRED,slab_O,distal_O,Cu,DESORPTION,0.06823184760999855,0.18851083009009179,0,0,1,undefined,False,False
mpa0__Fe31Cu25Cr13Ni31,CENSUS-1,mpa0,Fe31Cu25Cr13Ni31,evaluated,1,3,Cr,2.0673104155862227,3,1.9012904109165683,1.4757912435210054,4.773101659107228,1.8487680121841021,bound,ON_ADSORBATE,NORMAL,3.6297271840854117,desorbed,DESORPTION,3.6581287023846163,desorbed,1.3421247163584853,SUPEROXO_LIKE,ON_ADSORBATE,binding_O,distal_O,Cr,DESORPTION,0.029746457998520173,0.06081761965700524,0,0,1,undefined,False,False
mpa0__Fe31Cu25Cr13Ni31,CENSUS-1,mpa0,Fe31Cu25Cr13Ni31,evaluated,2,0,Ni,0.8280098845958159,4,1.8559411835504087,1.0134102783362418,2.861990115404184,1.845472407176389,bound,ON_ADSORBATE,NORMAL,3.6974461900950697,desorbed,DESORPTION,3.4258648014764588,desorbed,1.2247942320475056,O2_LIKE,H_TRANSFERRED,slab_O,distal_O,Cu,DESORPTION,0.07126493076475267,0.2080132359297585,0,0,1,undefined,False,False
mpa0__Fe31Cu25Cr13Ni31,CENSUS-1,mpa0,Fe31Cu25Cr13Ni31,evaluated,2,1,Ni,1.2424454416220367,2,1.9217803366468282,4.394225778268865,4.6460231110482955,1.9215612929497705,bound,ON_ADSORBATE,NORMAL,1.8110992862226702,bound,NORMAL,2.0988780535902962,bound,1.3382467891187668,SUPEROXO_LIKE,ON_ADSORBATE,terminal_O,proximal_O,Ni,NORMAL,0.04877035176160936,0.14140421760734304,0,0,0,cus,True,True
mpa0__Fe31Cu25Cr13Ni31,CENSUS-1,mpa0,Fe31Cu25Cr13Ni31,evaluated,2,2,Cu,0.8277221828168271,1,2.057722182816827,1.8689562010115746,3.011613058777813,1.8585599685623502,bound,ON_ADSORBATE,NORMAL,3.8020658503302767,desorbed,DESORPTION,3.09928947825118,desorbed,1.2316436653657583,O2_LIKE,H_TRANSFERRED,slab_O,proximal_O,Cu,DESORPTION,0.07068002037322021,0.17555749067464252,0,0,1,undefined,False,False
mpa0__Fe31Cu25Cr13Ni31,CENSUS-1,mpa0,Fe31Cu25Cr13Ni31,evaluated,2,3,Fe,1.313427838717443,2,1.8721620046601637,4.415589843377607,3.020006976313313,1.8890874721728916,bound,ON_ADSORBATE,NORMAL,1.7206832514316805,bound,NORMAL,3.7384407807798845,desorbed,1.2278014669487913,O2_LIKE,H_TRANSFERRED,slab_O,distal_O,Fe,DESORPTION,0.09595102976925841,0.2182550030249542,0,0,0,undefined,False,False
mpa0__Mn34Cu7Fe33Cr27,CENSUS-1,mpa0,Mn34Cu7Fe33Cr27,evaluated,0,0,Fe,1.3381031530666672,2,1.823703934934111,4.391807088000778,3.4094262045322252,1.8600049420357625,bound,ON_ADSORBATE,NORMAL,1.6771162921378653,bound,NORMAL,3.757250678217351,desorbed,1.2313335958195217,O2_LIKE,H_TRANSFERRED,slab_O,distal_O,Fe,DESORPTION,0.06324495221519601,0.21208802986676747,0,0,0,undefined,False,False
mpa0__Mn34Cu7Fe33Cr27,CENSUS-1,mpa0,Mn34Cu7Fe33Cr27,evaluated,0,1,Mn,1.2550746193920457,2,1.6692572265555676,4.154331845947613,3.3162079745143287,1.880409687377605,bound,ON_ADSORBATE,NORMAL,1.8780135669723874,bound,NORMAL,3.8679770769683355,desorbed,1.2261661880416046,O2_LIKE,H_TRANSFERRED,slab_O,proximal_O,Mn,DESORPTION,0.06857031698033274,0.22411523267417585,0,0,0,undefined,False,False
mpa0__Mn34Cu7Fe33Cr27,CENSUS-1,mpa0,Mn34Cu7Fe33Cr27,evaluated,0,2,Mn,0.9822163204295871,4,1.577207947166381,1.1956241117507356,2.707783679570413,1.8693254693272672,bound,ON_ADSORBATE,NORMAL,3.7321472023552,desorbed,DESORPTION,3.836090840659694,desorbed,1.2304789838364516,O2_LIKE,H_TRANSFERRED,slab_O,proximal_O,Mn,DESORPTION,0.04771332185643138,0.19743530205100532,0,0,1,undefined,False,False
mpa0__Mn34Cu7Fe33Cr27,CENSUS-1,mpa0,Mn34Cu7Fe33Cr27,evaluated,0,3,Fe,1.320424266594527,2,1.8686608941077574,4.419085160702284,4.860357609361474,1.8692797345452299,bound,ON_ADSORBATE,NORMAL,1.674887821326633,bound,NORMAL,2.1094813181889447,bound,1.3511913908560775,SUPEROXO_LIKE,ON_ADSORBATE,terminal_O,proximal_O,Fe,NORMAL,0.05136546041960423,0.14860841686642054,0,0,0,cus,True,True
mpa0__Mn34Cu7Fe33Cr27,CENSUS-1,mpa0,Mn34Cu7Fe33Cr27,evaluated,1,0,Cu,0.8232945432838354,1,2.0532945432838354,3.0194604031299583,3.403837245794081,1.8829406094791354,bound,ON_ADSORBATE,NORMAL,1.956985768520121,bound,RECONSTRUCTION,3.4383830961378865,desorbed,1.2315690869137659,O2_LIKE,H_TRANSFERRED,slab_O,distal_O,Cu,DESORPTION,0.06937408440705047,0.21750022222305163,0,0,1,undefined,False,False
mpa0__Mn34Cu7Fe33Cr27,CENSUS-1,mpa0,Mn34Cu7Fe33Cr27,evaluated,1,1,Mn,1.1836988838174118,2,1.607221606870747,4.020920490688159,2.746433544303842,1.8616659205682087,bound,ON_ADSORBATE,NORMAL,1.8198653099355715,bound,NORMAL,3.4526977334566,desorbed,1.2331127815440845,O2_LIKE,H_TRANSFERRED,slab_O,distal_O,Mn,DESORPTION,0.06619943765714181,0.21158348274697178,0,0,0,undefined,False,False
mpa0__Mn34Cu7Fe33Cr27,CENSUS-1,mpa0,Mn34Cu7Fe33Cr27,evaluated,1,2,Cu,1.1275040397924538,2,2.0475866672191736,4.405090707011627,3.394691482062116,1.882046225499247,bound,ON_ADSORBATE,NORMAL,1.878180543012937,bound,NORMAL,3.485593921025575,desorbed,1.2359522520215467,O2_LIKE,H_TRANSFERRED,slab_O,distal_O,Cu,DESORPTION,0.07950097408239369,0.2254401738642271,0,0,0,undefined,False,False
mpa0__Mn34Cu7Fe33Cr27,CENSUS-1,mpa0,Mn34Cu7Fe33Cr27,evaluated,1,3,Fe,1.3036497422558835,2,1.8458293546367153,4.379479096892599,3.4225983999313043,1.907907190711795,bound,ON_ADSORBATE,NORMAL,1.740899454081674,bound,NORMAL,3.7502346364450663,desorbed,1.2343709446574749,O2_LIKE,H_TRANSFERRED,slab_O,distal_O,Fe,DESORPTION,0.08762222528510835,0.3467203173924347,0,0,0,undefined,False,False
mpa0__Mn34Cu7Fe33Cr27,CENSUS-1,mpa0,Mn34Cu7Fe33Cr27,evaluated,2,0,Cr,0.8744288452554505,1,2.1044288452554505,3.5862022999762395,3.5708822057486045,1.8845816957312065,bound,ON_ADSORBATE,NORMAL,1.5894549426537032,bound,RECONSTRUCTION,3.881178453234208,desorbed,1.2318905438724592,O2_LIKE,H_TRANSFERRED,slab_O,distal_O,Cr,DESORPTION,0.0656551320823978,0.19005025399382525,0,0,1,undefined,False,False
mpa0__Mn34Cu7Fe33Cr27,CENSUS-1,mpa0,Mn34Cu7Fe33Cr27,evaluated,2,1,Fe,1.3452174743570975,2,1.8990054767724254,4.474222951129523,2.758368827419646,1.8931654443763652,bound,ON_ADSORBATE,NORMAL,1.751637288870395,bound,NORMAL,3.6908516049505766,desorbed,1.2300695909659738,O2_LIKE,H_TRANSFERRED,slab_O,proximal_O,Fe,DESORPTION,0.044126037546542075,0.14241539927812916,0,0,0,undefined,False,False
mpa0__Mn34Cu7Fe33Cr27,CENSUS-1,mpa0,Mn34Cu7Fe33Cr27,evaluated,2,2,Cu,0.7363354674562137,1,1.9663354674562137,1.7537338364016117,3.6022369121623696,1.8457736210623923,bound,ON_ADSORBATE,RECONSTRUCTION,3.830925783101284,desorbed,DESORPTION,3.496648364454489,desorbed,1.2374578321521155,O2_LIKE,H_TRANSFERRED,slab_O,distal_O,Cu,DESORPTION,0.06167082897973868,0.1899127248809913,0,0,2,undefined,False,False
mpa0__Mn34Cu7Fe33Cr27,CENSUS-1,mpa0,Mn34Cu7Fe33Cr27,evaluated,2,3,Mn,0.9800194673762501,2,1.8458201805786651,4.055839647954915,2.8022664211752626,1.88717654564977,bound,ON_ADSORBATE,NORMAL,1.8949186244039542,bound,NORMAL,3.5843862921016365,desorbed,1.2324394625332342,O2_LIKE,H_TRANSFERRED,slab_O,distal_O,Mn,DESORPTION,0.037301017212895214,0.14444861430734796,0,0,0,undefined,False,False
mpa0__Co5Cu33Ni28Mn34,CENSUS-1,mpa0,Co5Cu33Ni28Mn34,evaluated,0,0,Ni,0.9057112798458897,4,1.9106464369649765,2.030517634192538,2.78428872015411,1.8907119082933166,bound,ON_ADSORBATE,NORMAL,3.948191879420564,desorbed,DESORPTION,3.6199959968871642,desorbed,1.2234401646523736,O2_LIKE,H_TRANSFERRED,slab_O,distal_O,Cu,DESORPTION,0.06091924088810811,0.1515410838742574,0,0,1,undefined,False,False
mpa0__Co5Cu33Ni28Mn34,CENSUS-1,mpa0,Co5Cu33Ni28Mn34,evaluated,0,1,Cu,0.9922582637658897,1,2.2222582637658896,1.246017959163087,3.1200075091343265,1.9189318481369195,bound,ON_ADSORBATE,NORMAL,3.3336784019331316,desorbed,DESORPTION,3.6182650172000996,desorbed,1.2304576742819762,O2_LIKE,H_TRANSFERRED,slab_O,distal_O,Mn,DESORPTION,0.06590851548972888,0.1635989896850151,0,0,1,undefined,False,False
mpa0__Co5Cu33Ni28Mn34,CENSUS-1,mpa0,Co5Cu33Ni28Mn34,evaluated,0,2,Cu,1.2130349701594136,4,2.2729686467257246,1.6047490681814092,2.4769650298405863,1.9221343574806788,bound,ON_ADSORBATE,NORMAL,3.876727473881444,desorbed,DESORPTION,3.376746343604356,desorbed,1.226984400872875,O2_LIKE,H_TRANSFERRED,slab_O,proximal_O,Cu,DESORPTION,0.051330256262032324,0.15503233315294454,0,0,1,undefined,False,False
mpa0__Co5Cu33Ni28Mn34,CENSUS-1,mpa0,Co5Cu33Ni28Mn34,evaluated,0,3,Mn,1.1196032390255635,2,1.61211415626101,3.9617173952865734,2.5946698688206893,1.8773036774814915,bound,ON_ADSORBATE,NORMAL,1.8721875681786255,bound,NORMAL,2.5096208631865835,weak,1.23718164623041,O2_LIKE,H_TRANSFERRED,slab_O,proximal_O,Mn,DISSOCIATION,0.07049369318408492,0.23090768617659924,0,1,0,bridge,False,False
mpa0__Co5Cu33Ni28Mn34,CENSUS-1,mpa0,Co5Cu33Ni28Mn34,evaluated,1,0,Cu,0.9018469970784517,4,2.044606373037676,1.511440215248488,2.788153002921548,1.8762352329870429,bound,ON_ADSORBATE,NORMAL,3.034930263714264,desorbed,DESORPTION,3.077129041577811,desorbed,1.2280338855662636,O2_LIKE,H_TRANSFERRED,slab_O,proximal_O,Cu,DESORPTION,0.0604882499382235,0.18220342278855028,0,0,1,undefined,False,False
mpa0__Co5Cu33Ni28Mn34,CENSUS-1,mpa0,Co5Cu33Ni28Mn34,evaluated,1,1,Co,0.9918476489355879,2,1.836265364990505,4.058113013926093,3.0451409026019873,1.7932611639780718,bound,ON_ADSORBATE,NORMAL,1.6406516714045332,bound,NORMAL,3.125432852421217,desorbed,1.2317797362724918,O2_LIKE,H_TRANSFERRED,slab_O,proximal_O,Co,DESORPTION,0.07080044716003221,0.20003187999919703,0,0,0,undefined,False,False
mpa0__Co5Cu33Ni28Mn34,CENSUS-1,mpa0,Co5Cu33Ni28Mn34,evaluated,1,2,Ni,0.9044737926792559,4,1.9607247115477215,1.5714758237998903,2.785526207320744,1.8783434576221567,bound,ON_ADSORBATE,NORMAL,2.766574708837408,weak,MIGRATION,3.2759561879955563,desorbed,1.2245438887338487,O2_LIKE,H_TRANSFERRED,slab_O,distal_O,Cu,DESORPTION,0.10547996557576368,0.259661251662194,1,1,1,undefined,False,False
mpa0__Co5Cu33Ni28Mn34,CENSUS-1,mpa0,Co5Cu33Ni28Mn34,evaluated,1,3,Ni,0.8020737427742697,4,1.8216531609564535,2.0781397616052324,2.8879262572257303,1.8563374094689957,bound,ON_ADSORBATE,NORMAL,3.5498293155713987,desorbed,DESORPTION,3.6294989221147302,desorbed,1.2247994487137126,O2_LIKE,H_TRANSFERRED,slab_O,proximal_O,Ni,DESORPTION,0.07793563589055823,0.1749165926866842,0,0,1,undefined,False,False
mpa0__Co5Cu33Ni28Mn34,CENSUS-1,mpa0,Co5Cu33Ni28Mn34,evaluated,2,0,Mn,0.7447569249026023,1,1.9747569249026022,2.713243187860403,3.1663926333033046,1.8980230071727522,bound,ON_ADSORBATE,NORMAL,2.145227687347172,bound,NORMAL,3.7760774527128,desorbed,1.2359300736824805,O2_LIKE,H_TRANSFERRED,slab_O,distal_O,Mn,DESORPTION,0.0840719103117394,0.21211531551016252,0,0,0,undefined,False,False
mpa0__Co5Cu33Ni28Mn34,CENSUS-1,mpa0,Co5Cu33Ni28Mn34,evaluated,2,1,Mn,1.1740397396127817,3,1.996723743898793,0.9968346299521367,3.4008743695649186,1.8930280580206622,bound,ON_ADSORBATE,NORMAL,3.672030778303702,desorbed,DESORPTION,3.609499598290568,desorbed,1.2373471798275246,O2_LIKE,H_TRANSFERRED,slab_O,distal_O,Cu,DESORPTION,0.06437903548027733,0.16363857854895975,0,0,1,undefined,False,False
mpa0__Co5Cu33Ni28Mn34,CENSUS-1,mpa0,Co5Cu33Ni28Mn34,evaluated,2,2,Ni,1.1796118019690183,3,1.9444978750489335,0.7599660064848062,3.1695778084538246,1.878312842890589,bound,ON_ADSORBATE,NORMAL,3.637489432073611,desorbed,DESORPTION,3.7485613854908917,desorbed,1.2330153993016306,O2_LIKE,H_TRANSFERRED,slab_O,distal_O,Mn,DESORPTION,0.07365054723479231,0.1808538824703264,0,0,1,undefined,False,False
mpa0__Co5Cu33Ni28Mn34,CENSUS-1,mpa0,Co5Cu33Ni28Mn34,evaluated,2,3,Cu,2.129268139717498,3,2.12111110083057,1.7813758729082887,5.140644012625787,1.8778718687905738,bound,ON_ADSORBATE,NORMAL,4.111727745235106,desorbed,DESORPTION,2.143662457822736,bound,1.3384468394455242,SUPEROXO_LIKE,ON_ADSORBATE,terminal_O,proximal_O,Cu,NORMAL,0.04021126109020855,0.08650956954262216,0,0,1,cus,False,False
mpa0__Ni34Fe29Mn30Co7,CENSUS-1,mpa0,Ni34Fe29Mn30Co7,evaluated,0,0,Fe,1.3008623888145774,2,1.8239464224338016,4.354808811248379,4.765948874428604,1.8989130174589948,bound,ON_ADSORBATE,NORMAL,1.7653454806200004,bound,NORMAL,2.2358244057111816,weak,1.33840448417365,SUPEROXO_LIKE,ON_ADSORBATE,terminal_O,proximal_O,Fe,NORMAL,0.051930127137229776,0.16937392513713692,0,1,0,cus,True,True
mpa0__Ni34Fe29Mn30Co7,CENSUS-1,mpa0,Ni34Fe29Mn30Co7,evaluated,0,1,Ni,1.2503475174877092,2,1.847632875723344,4.327980393211053,4.67544939864189,1.905666216216785,bound,ON_ADSORBATE,NORMAL,1.8399418188107035,bound,NORMAL,2.12613120172084,bound,1.3334120041857138,SUPEROXO_LIKE,ON_ADSORBATE,terminal_O,proximal_O,Ni,NORMAL,0.03293087829007397,0.13257433745227035,0,0,0,cus,True,True
mpa0__Ni34Fe29Mn30Co7,CENSUS-1,mpa0,Ni34Fe29Mn30Co7,evaluated,0,2,Ni,2.132684876041582,3,2.10405465009111,1.3119061601174489,4.674591036159031,1.942610324489379,bound,ON_ADSORBATE,NORMAL,2.9862161230759336,weak,MIGRATION,2.095719517686796,bound,1.3312700953621497,SUPEROXO_LIKE,ON_ADSORBATE,terminal_O,proximal_O,Ni,NORMAL,0.03142204804039413,0.10546077788609036,1,1,1,cus,False,False
mpa0__Ni34Fe29Mn30Co7,CENSUS-1,mpa0,Ni34Fe29Mn30Co7,evaluated,0,3,Mn,1.2152831093570748,4,1.6814151617434399,4.080558642023423,2.474716890642925,1.908511313623141,bound,ON_ADSORBATE,NORMAL,1.8993624082547869,bound,NORMAL,3.573908696024459,desorbed,1.230138547709261,O2_LIKE,H_TRANSFERRED,slab_O,proximal_O,Mn,DESORPTION,0.04597097194838746,0.2197472457114783,0,0,0,undefined,False,False
mpa0__Ni34Fe29Mn30Co7,CENSUS-1,mpa0,Ni34Fe29Mn30Co7,evaluated,1,0,Fe,1.324680570349953,2,1.9437138256908164,4.498394396040769,4.877500753499989,1.8985357416525988,bound,ON_ADSORBATE,NORMAL,1.9003396070643426,bound,NORMAL,2.176878457151431,bound,1.3384814135755314,SUPEROXO_LIKE,ON_ADSORBATE,terminal_O,proximal_O,Fe,NORMAL,0.05934305708924175,0.1883955907937958,0,0,0,cus,True,True
mpa0__Ni34Fe29Mn30Co7,CENSUS-1,mpa0,Ni34Fe29Mn30Co7,evaluated,1,1,Ni,1.8275438174421077,3,1.9351979523294411,1.6395470368410978,4.697090854283205,1.8888322922865715,bound,ON_ADSORBATE,NORMAL,3.1265156625561117,desorbed,DESORPTION,2.098646118068628,bound,1.333416856486851,SUPEROXO_LIKE,ON_ADSORBATE,terminal_O,proximal_O,Ni,NORMAL,0.03310139925206813,0.13282141697949154,0,0,0,cus,False,False
mpa0__Ni34Fe29Mn30Co7,CENSUS-1,mpa0,Ni34Fe29Mn30Co7,evaluated,1,2,Fe,1.32161401852707,2,1.9469575543683626,4.4985715728954325,4.8722846240552276,1.9024199509569835,bound,ON_ADSORBATE,NORMAL,1.9052959468566648,bound,NORMAL,2.2066063715835837,weak,1.3338802746340075,SUPEROXO_LIKE,ON_ADSORBATE,terminal_O,proximal_O,Fe,NORMAL,0.049240947932635955,0.1384291858983399,0,1,0,cus,True,True
mpa0__Ni34Fe29Mn30Co7,CENSUS-1,mpa0,Ni34Fe29Mn30Co7,evaluated,1,3,Fe,1.1596288279783957,4,1.9341808559956584,2.1376561012033086,2.530371172021604,1.9135985057224272,bound,ON_ADSORBATE,NORMAL,2.5714981019780168,weak,MIGRATION,2.7017395140319924,weak,1.2315628566826964,O2_LIKE,H_TRANSFERRED,slab_O,distal_O,Ni,DISSOCIATION,0.05229356629974121,0.2068962111733267,0,2,1,bridge,False,False
mpa0__Ni34Fe29Mn30Co7,CENSUS-1,mpa0,Ni34Fe29Mn30Co7,evaluated,2,0,Mn,1.22555038345652,2,1.7134781669594426,4.1690285504159625,3.1853821778049123,1.9217056358358222,bound,ON_ADSORBATE,NORMAL,1.8828852856293201,bound,NORMAL,3.69758770029756,desorbed,1.233052888609867,O2_LIKE,H_TRANSFERRED,slab_O,distal_O,Ni,DESORPTION,0.08027322957659747,0.1991056282975896,0,0,0,undefined,False,False
mpa0__Ni34Fe29Mn30Co7,CENSUS-1,mpa0,Ni34Fe29Mn30Co7,evaluated,2,1,Mn,1.0792049816899105,2,1.8172352064342712,4.126440188124182,4.238173832677775,1.9201927495931386,bound,ON_ADSORBATE,NORMAL,1.8902967630179712,bound,NORMAL,2.0280389501712146,bound,1.3492815389471133,SUPEROXO_LIKE,ON_ADSORBATE,terminal_O,proximal_O,Mn,NORMAL,0.07627310011312909,0.23478334334237516,0,0,0,cus,True,True
mpa0__Ni34Fe29Mn30Co7,CENSUS-1,mpa0,Ni34Fe29Mn30Co7,evaluated,2,2,Fe,1.2988763816871636,2,1.8931412154723497,4.422017597159513,3.2953962252367446,1.8963252631339431,bound,ON_ADSORBATE,NORMAL,1.7442090127507979,bound,NORMAL,3.632687731480889,desorbed,1.2360074884200034,O2_LIKE,H_TRANSFERRED,slab_O,distal_O,Ni,DESORPTION,0.06878837880583008,0.1728477940334785,0,0,0,undefined,False,False
mpa0__Ni34Fe29Mn30Co7,CENSUS-1,mpa0,Ni34Fe29Mn30Co7,evaluated,2,3,Ni,0.8720706667688054,1,2.1020706667688054,1.4112553650264525,2.9781897873958214,1.8838265487850572,bound,ON_ADSORBATE,RECONSTRUCTION,3.4621275303967107,desorbed,DESORPTION,2.4846937429600016,weak,1.2373516160090807,O2_LIKE,H_TRANSFERRED,slab_O,proximal_O,Ni,DISSOCIATION,0.0895020726654187,0.21290044765173716,0,1,2,bridge,False,False
endmember_2x2__mpa0,ENDMEMBER-2x2,mpa0,Cr100,evaluated,0,0,Cr,0.35310244244655387,2,1.5437902578529141,3.126892700299468,4.2791756175861355,1.8689788019303584,bound,ON_ADSORBATE,NORMAL,1.5906992231096062,bound,RECONSTRUCTION,1.9360484553033754,bound,1.398506861026597,OOH_LIKE,ON_ADSORBATE,terminal_O,proximal_O,Cr,NORMAL,0.06576741289802229,0.182235240122972,0,0,1,cus,False,True
endmember_2x2__mpa0,ENDMEMBER-2x2,mpa0,Mn100,evaluated,0,0,Mn,1.0694333890499745,2,1.7752603439924663,4.074693733042441,4.661407308865707,1.8622404804901826,bound,ON_ADSORBATE,NORMAL,1.8207043467658899,bound,NORMAL,1.9570190699311236,bound,1.3564768202747988,SUPEROXO_LIKE,ON_ADSORBATE,terminal_O,proximal_O,Mn,NORMAL,0.05000713470964238,0.13493103791347205,0,0,0,cus,True,True
endmember_2x2__mpa0,ENDMEMBER-2x2,mpa0,Fe100,evaluated,0,0,Fe,1.229412891328165,2,2.095240362699054,4.554653254027219,4.907175034435001,1.8906187389175526,bound,ON_ADSORBATE,NORMAL,1.6923486536228936,bound,NORMAL,2.2099164762668613,weak,1.3385365383555323,SUPEROXO_LIKE,ON_ADSORBATE,terminal_O,proximal_O,Fe,NORMAL,0.051757356944765034,0.1467958398818561,0,1,0,cus,True,True
endmember_2x2__mpa0,ENDMEMBER-2x2,mpa0,Co100,evaluated,0,0,Co,0.7640776036879782,2,1.7836077659466363,3.7776853696346144,4.5478439296661595,1.8003870039018897,bound,ON_ADSORBATE,NORMAL,1.637407712646418,bound,NORMAL,1.8850969068200438,bound,1.3727235382719272,OOH_LIKE,ON_ADSORBATE,terminal_O,proximal_O,Co,NORMAL,0.044582220846839334,0.11684819281989738,0,0,0,cus,True,True
endmember_2x2__mpa0,ENDMEMBER-2x2,mpa0,Ni100,evaluated,0,0,Ni,1.0561409285603798,2,1.7630135978089023,4.049154526369282,4.28194289226292,1.8319601475398466,bound,ON_ADSORBATE,NORMAL,1.6875196431054889,bound,NORMAL,2.043480906787225,bound,1.3491521072748143,SUPEROXO_LIKE,ON_ADSORBATE,terminal_O,proximal_O,Ni,NORMAL,0.07730275293105424,0.27938388095618705,0,0,0,cus,True,True
endmember_2x2__mpa0,ENDMEMBER-2x2,mpa0,Ru100,evaluated,0,0,Ru,0.7309146705266458,3,0.3224607666389495,1.367050709301257,3.3279653798279027,1.9262369062215687,bound,ON_ADSORBATE,NORMAL,1.7216203720802454,bound,NORMAL,1.8882182542356247,bound,1.435288908792761,OOH_LIKE,ON_ADSORBATE,terminal_O,proximal_O,Ru,NORMAL,0.05943383730089669,0.24593375389995717,0,0,0,cus,True,True
endmember_2x2__mpa0,ENDMEMBER-2x2,mpa0,Ir100,evaluated,0,0,Ir,0.5261997757648815,3,0.09960750713272615,1.4583510945457514,3.214550870310633,1.9318639914685667,bound,ON_ADSORBATE,NORMAL,1.7869250790324749,bound,NORMAL,1.9174999379186342,bound,1.4401272176909286,OOH_LIKE,ON_ADSORBATE,terminal_O,proximal_O,Ir,NORMAL,0.019545611449047127,0.038033069393152444,0,0,0,cus,True,True
omat0__Ni31Cr29Cu5Mn35,CENSUS-2,omat0,Ni31Cr29Cu5Mn35,evaluated,0,0,Cr,0.8470708102890017,1,2.0770708102890016,3.554139697219714,5.389979227942634,1.8999724547695072,bound,ON_ADSORBATE,NORMAL,1.5797861503697892,bound,RECONSTRUCTION,2.085314414752318,bound,1.3876824613687653,OOH_LIKE,ON_ADSORBATE,terminal_O,proximal_O,Cr,NORMAL,0.09879440087219761,0.321100825645304,0,0,1,cus,False,True
omat0__Ni31Cr29Cu5Mn35,CENSUS-2,omat0,Ni31Cr29Cu5Mn35,evaluated,0,1,Ni,1.1627486748062594,2,1.982306008330625,4.375054683136884,5.195409387638081,1.9109107779824202,bound,ON_ADSORBATE,NORMAL,1.820363939401795,bound,NORMAL,2.0938939958239042,bound,1.3819336521805567,OOH_LIKE,ON_ADSORBATE,terminal_O,proximal_O,Ni,NORMAL,0.044072103213234806,0.1258739231182516,0,0,0,cus,True,True
omat0__Ni31Cr29Cu5Mn35,CENSUS-2,omat0,Ni31Cr29Cu5Mn35,evaluated,0,2,Ni,1.202512866024442,2,1.9337020912140592,4.366214957238501,5.222802516326654,1.9087908874709159,bound,ON_ADSORBATE,NORMAL,1.822821492432277,bound,NORMAL,2.079872831710955,bound,1.3846717185023192,OOH_LIKE,ON_ADSORBATE,terminal_O,proximal_O,Ni,NORMAL,0.03912235496556869,0.14101799829655173,0,0,0,cus,True,True
omat0__Ni31Cr29Cu5Mn35,CENSUS-2,omat0,Ni31Cr29Cu5Mn35,evaluated,0,3,Mn,1.1685900155085207,2,1.5824985454942753,3.981088561002796,4.954489233411126,1.8841051400825823,bound,ON_ADSORBATE,NORMAL,1.7899801864600733,bound,NORMAL,1.984563019410824,bound,1.401579959265428,OOH_LIKE,ON_ADSORBATE,terminal_O,proximal_O,Mn,NORMAL,0.06241133661146246,0.1556764213216069,0,0,0,cus,True,True
omat0__Ni31Cr29Cu5Mn35,CENSUS-2,omat0,Ni31Cr29Cu5Mn35,evaluated,1,0,Cr,0.7462145715236561,1,1.976214571523656,3.5627482247269633,5.204529947746581,1.8936701849523048,bound,ON_ADSORBATE,NORMAL,1.5758547625729034,bound,RECONSTRUCTION,2.066575555692513,bound,1.3872103791760226,OOH_LIKE,ON_ADSORBATE,terminal_O,proximal_O,Cr,NORMAL,0.05167965569168203,0.1560061634254136,0,0,1,cus,False,True
omat0__Ni31Cr29Cu5Mn35,CENSUS-2,omat0,Ni31Cr29Cu5Mn35,evaluated,1,1,Ni,1.2756942866374672,2,1.936771694572656,4.442465981210123,5.3154994734077565,1.908921414899883,bound,ON_ADSORBATE,NORMAL,1.8257060018611058,bound,NORMAL,2.0621208171020946,bound,1.3791380497960013,OOH_LIKE,ON_ADSORBATE,terminal_O,proximal_O,Ni,NORMAL,0.029804516670088443,0.12617353556488642,0,0,0,cus,True,True
omat0__Ni31Cr29Cu5Mn35,CENSUS-2,omat0,Ni31Cr29Cu5Mn35,evaluated,1,2,Cr,0.6621899293671349,1,1.892189929367135,3.5420132424284,3.1523656650635146,1.8898338303467213,bound,ON_ADSORBATE,NORMAL,1.5764131623787099,bound,RECONSTRUCTION,3.4566340687028463,desorbed,1.2378762753732446,O2_LIKE,H_TRANSFERRED,slab_O,distal_O,Cr,DESORPTION,0.04813638623033292,0.19092979898186108,0,0,1,undefined,False,False
omat0__Ni31Cr29Cu5Mn35,CENSUS-2,omat0,Ni31Cr29Cu5Mn35,evaluated,1,3,Cr,0.8809935406969389,1,2.110993540696939,3.814437713946152,5.40750543096661,1.90594669659171,bound,ON_ADSORBATE,NORMAL,1.5792692497527006,bound,RECONSTRUCTION,2.1424084067931797,bound,1.381246228358974,OOH_LIKE,ON_ADSORBATE,terminal_O,proximal_O,Cr,NORMAL,0.053692985378778466,0.1919291121134124,0,0,1,cus,False,True
omat0__Ni31Cr29Cu5Mn35,CENSUS-2,omat0,Ni31Cr29Cu5Mn35,evaluated,2,0,Mn,1.2347610171846597,2,1.481315097918071,3.9460761151027306,4.476241106573669,1.880876978688061,bound,ON_ADSORBATE,NORMAL,1.7581678084293624,bound,NORMAL,2.021816908567119,bound,1.3589413126168959,SUPEROXO_LIKE,ON_ADSORBATE,terminal_O,proximal_O,Mn,NORMAL,0.047522629914231874,0.12828745872980044,0,0,0,cus,True,True
omat0__Ni31Cr29Cu5Mn35,CENSUS-2,omat0,Ni31Cr29Cu5Mn35,evaluated,2,1,Mn,2.1989156922026205,3,1.5069267933873225,1.560876170637844,4.989791862840464,1.8795174100720207,bound,ON_ADSORBATE,NORMAL,3.218768481739692,desorbed,DESORPTION,1.9918976776968165,bound,1.3943331555559202,OOH_LIKE,ON_ADSORBATE,terminal_O,proximal_O,Mn,NORMAL,0.05014885189021936,0.1460321230611419,0,0,1,cus,False,False
omat0__Ni31Cr29Cu5Mn35,CENSUS-2,omat0,Ni31Cr29Cu5Mn35,evaluated,2,2,Cr,0.5766075922266127,1,1.8066075922266127,3.4714501265741866,5.189110428617967,1.8732651752786056,bound,ON_ADSORBATE,NORMAL,1.5763695578822683,bound,RECONSTRUCTION,2.0554864752621604,bound,1.3900948935804858,OOH_LIKE,ON_ADSORBATE,terminal_O,proximal_O,Cr,NORMAL,0.06604856274997797,0.19298373756437204,0,0,1,cus,False,True
omat0__Ni31Cr29Cu5Mn35,CENSUS-2,omat0,Ni31Cr29Cu5Mn35,evaluated,2,3,Ni,1.2659105075206227,2,1.878123545553024,4.374034053073647,5.2149517315898795,1.8877084269897695,bound,ON_ADSORBATE,NORMAL,1.800669935276031,bound,NORMAL,2.0451867314426644,bound,1.3818768643013235,OOH_LIKE,ON_ADSORBATE,terminal_O,proximal_O,Ni,NORMAL,0.043311596383455456,0.14245031818440282,1,0,0,cus,False,False
omat0__Fe25Co25Ni25Cr25,CENSUS-2,omat0,Fe25Co25Ni25Cr25,evaluated,0,0,Ni,1.2417090193833857,2,1.9566467005903978,4.4283557199737835,5.292621527368768,1.8871256877735538,bound,ON_ADSORBATE,NORMAL,1.792057579396689,bound,NORMAL,2.0258495004694965,bound,1.3789191080716396,OOH_LIKE,ON_ADSORBATE,terminal_O,proximal_O,Ni,NORMAL,0.029089554604483415,0.10084162290555831,0,0,0,cus,True,True
omat0__Fe25Co25Ni25Cr25,CENSUS-2,omat0,Fe25Co25Ni25Cr25,evaluated,0,1,Co,0.9233310151033081,2,1.859883413793057,4.013214428896365,3.5212050231202467,1.8362317660593013,bound,ON_ADSORBATE,NORMAL,1.6556461805725144,bound,NORMAL,3.406189244817104,desorbed,1.2442860704464158,O2_LIKE,H_TRANSFERRED,slab_O,proximal_O,Co,DESORPTION,0.05848218784465891,0.16101134087985916,1,0,0,undefined,False,False
omat0__Fe25Co25Ni25Cr25,CENSUS-2,omat0,Fe25Co25Ni25Cr25,evaluated,0,2,Fe,1.0491163181800331,2,2.1109270227217967,4.39004334090183,5.299348908308817,1.9231475797614885,bound,ON_ADSORBATE,NORMAL,1.7647020109738951,bound,NORMAL,2.1293373667749345,bound,1.3789496733966211,OOH_LIKE,ON_ADSORBATE,terminal_O,proximal_O,Fe,NORMAL,0.03645093394890354,0.12196867817870755,0,0,0,cus,True,True
omat0__Fe25Co25Ni25Cr25,CENSUS-2,omat0,Fe25Co25Ni25Cr25,evaluated,0,3,Ni,1.0379596044343131,2,2.0973366582986164,4.3652962627329295,3.6337634721603265,1.89007618553103,bound,ON_ADSORBATE,NORMAL,1.7847874434315782,bound,NORMAL,3.691040618722238,desorbed,1.239278358936463,O2_LIKE,H_TRANSFERRED,slab_O,distal_O,Fe,DESORPTION,0.056357518240715214,0.18975496545464463,0,0,0,undefined,False,False
omat0__Fe25Co25Ni25Cr25,CENSUS-2,omat0,Fe25Co25Ni25Cr25,evaluated,1,0,Co,0.8619123446424553,2,1.6374228352406708,3.729335179883126,3.940576149574356,1.8290166488796107,bound,ON_ADSORBATE,NORMAL,1.6499223749390792,bound,NORMAL,3.221473106193142,desorbed,1.2399604011863554,O2_LIKE,H_TRANSFERRED,slab_O,distal_O,Co,DESORPTION,0.1206488256633974,0.35632272912837165,0,0,0,undefined,False,False
omat0__Fe25Co25Ni25Cr25,CENSUS-2,omat0,Fe25Co25Ni25Cr25,evaluated,1,1,Fe,0.9857788163027337,2,1.7962511134611536,4.012029929763887,5.109839332144277,1.8992448611982582,bound,ON_ADSORBATE,NORMAL,1.7480239494274517,bound,NORMAL,2.06917625460873,bound,1.3925837568044999,OOH_LIKE,ON_ADSORBATE,terminal_O,proximal_O,Fe,NORMAL,0.051052913037359524,0.1531822509228088,0,0,0,cus,True,True
omat0__Fe25Co25Ni25Cr25,CENSUS-2,omat0,Fe25Co25Ni25Cr25,evaluated,1,2,Co,0.7916449565476498,2,1.7624612123565844,3.784106168904234,3.777836830029089,1.8272931411979394,bound,ON_ADSORBATE,NORMAL,1.6523036614735234,bound,NORMAL,3.3471318238173895,desorbed,1.2404570620395199,O2_LIKE,H_TRANSFERRED,slab_O,proximal_O,Co,DESORPTION,0.10922874024461166,0.2344656337368896,0,0,0,undefined,False,False
omat0__Fe25Co25Ni25Cr25,CENSUS-2,omat0,Fe25Co25Ni25Cr25,evaluated,1,3,Ni,1.15148256053714,2,1.9234334993836915,4.304916059920831,3.04146018266468,1.8919809746477971,bound,ON_ADSORBATE,NORMAL,1.8139624292025867,bound,NORMAL,3.039870507992787,desorbed,1.2392182728871157,O2_LIKE,H_TRANSFERRED,slab_O,distal_O,Ni,DESORPTION,0.09302250213873989,0.3319038744994332,0,0,0,undefined,False,False
omat0__Fe25Co25Ni25Cr25,CENSUS-2,omat0,Fe25Co25Ni25Cr25,evaluated,2,0,Cr,0.6915009330926596,1,1.9215009330926596,3.492325542547494,5.205630299174262,1.884914757480562,bound,ON_ADSORBATE,NORMAL,1.5713770384332775,bound,RECONSTRUCTION,2.0470574101877825,bound,1.3915303924473021,OOH_LIKE,ON_ADSORBATE,terminal_O,proximal_O,Cr,NORMAL,0.054264851640548964,0.16589761247293103,0,0,1,cus,False,True
omat0__Fe25Co25Ni25Cr25,CENSUS-2,omat0,Fe25Co25Ni25Cr25,evaluated,2,1,Ni,1.2259747171577757,2,2.0476382093641523,4.503612926521928,5.339816228431319,1.901154818421881,bound,ON_ADSORBATE,NORMAL,1.7953657081352778,bound,NORMAL,2.053710319040061,bound,1.378880251272939,OOH_LIKE,ON_ADSORBATE,terminal_O,proximal_O,Ni,NORMAL,0.03385809280617989,0.10500317502139137,0,0,0,cus,True,True
omat0__Fe25Co25Ni25Cr25,CENSUS-2,omat0,Fe25Co25Ni25Cr25,evaluated,2,2,Co,0.799055192848293,2,1.8152713594909646,3.8443265523392576,5.096535426831652,1.8267032333480913,bound,ON_ADSORBATE,NORMAL,1.6473115427060345,bound,NORMAL,1.8844473822954524,bound,1.3948951503295368,OOH_LIKE,ON_ADSORBATE,terminal_O,proximal_O,Co,NORMAL,0.03610263180774674,0.11527375851071231,0,0,0,cus,True,True
omat0__Fe25Co25Ni25Cr25,CENSUS-2,omat0,Fe25Co25Ni25Cr25,evaluated,2,3,Fe,1.2301173908839402,2,1.9769709145844563,4.4370883054683965,5.328898670446934,1.9205801551970725,bound,ON_ADSORBATE,NORMAL,1.7762065270343064,bound,NORMAL,2.140798229239915,bound,1.3746869334467433,OOH_LIKE,ON_ADSORBATE,terminal_O,proximal_O,Fe,NORMAL,0.041662674521785396,0.13593972137490662,0,0,0,cus,True,True
omat0__Cu26Ni9Cr31Co33,CENSUS-2,omat0,Cu26Ni9Cr31Co33,evaluated,0,0,Cr,0.5617154797471522,3,1.5666020469994355,3.1309493633070566,4.922664843054209,1.8933902756734289,bound,ON_ADSORBATE,NORMAL,1.580464398055315,bound,RECONSTRUCTION,2.0271895560375888,bound,1.403157529608848,OOH_LIKE,ON_ADSORBATE,terminal_O,proximal_O,Cr,NORMAL,0.13788003831299767,0.44243551222524036,0,0,1,cus,False,True
omat0__Cu26Ni9Cr31Co33,CENSUS-2,omat0,Cu26Ni9Cr31Co33,evaluated,0,1,Ni,1.147124786446561,2,1.9015205084540985,4.2786452949006595,5.116820355570129,1.9159254434807655,bound,ON_ADSORBATE,NORMAL,1.824473288592275,bound,NORMAL,2.104352017551841,bound,1.3859786364340798,OOH_LIKE,ON_ADSORBATE,terminal_O,proximal_O,Ni,NORMAL,0.1556154689013206,0.46984319360114807,0,0,0,cus,True,True
omat0__Cu26Ni9Cr31Co33,CENSUS-2,omat0,Cu26Ni9Cr31Co33,evaluated,0,2,Cu,1.2542675828802814,2,1.5349418989323458,4.019209481812627,3.6793921620459584,1.879543049964935,bound,ON_ADSORBATE,RECONSTRUCTION,1.8051880931362152,bound,RECONSTRUCTION,3.3773842222467554,desorbed,1.2381555135467033,O2_LIKE,H_TRANSFERRED,slab_O,distal_O,Cr,DESORPTION,0.07804274584939112,0.21448243252233523,0,0,2,undefined,False,False
omat0__Cu26Ni9Cr31Co33,CENSUS-2,omat0,Cu26Ni9Cr31Co33,evaluated,0,3,Co,0.8977971671734437,2,1.6339830058938678,3.7617801730673115,3.661544975120053,1.8386078161097816,bound,ON_ADSORBATE,NORMAL,1.657635496347619,bound,NORMAL,3.4366895632906282,desorbed,1.2439709597161561,O2_LIKE,H_TRANSFERRED,slab_O,proximal_O,Co,DESORPTION,0.2940560166815136,1.0569376119319938,0,0,1,undefined,False,False
omat0__Cu26Ni9Cr31Co33,CENSUS-2,omat0,Cu26Ni9Cr31Co33,evaluated,1,0,Cr,0.5351618934343678,1,1.7651618934343678,3.3535560825976383,5.030037919049876,1.873046293604242,bound,ON_ADSORBATE,NORMAL,1.5745172899825195,bound,RECONSTRUCTION,2.01682350079653,bound,1.4002018812666317,OOH_LIKE,ON_ADSORBATE,terminal_O,proximal_O,Cr,NORMAL,0.054927814883064384,0.1686116279510639,0,0,1,cus,False,True
omat0__Cu26Ni9Cr31Co33,CENSUS-2,omat0,Cu26Ni9Cr31Co33,evaluated,1,1,Cu,1.3778908946523458,2,1.8670428368429275,4.474933731495273,3.0795535577853186,1.8733719429735554,bound,ON_ADSORBATE,NORMAL,1.7936417910008902,bound,NORMAL,2.828583962466484,weak,1.2398854054201,O2_LIKE,H_TRANSFERRED,slab_O,proximal_O,Cu,DISSOCIATION,0.04523480247134199,0.17211762510513431,0,1,0,bridge,False,False
omat0__Cu26Ni9Cr31Co33,CENSUS-2,omat0,Cu26Ni9Cr31Co33,evaluated,1,2,Cr,0.6015169493387882,4,1.7039368682532658,3.337317901806987,3.0884830506612118,1.87129155752047,bound,ON_ADSORBATE,NORMAL,1.5761077992804273,bound,RECONSTRUCTION,3.0056838309433807,desorbed,1.240801206598431,O2_LIKE,H_TRANSFERRED,slab_O,proximal_O,Cr,DESORPTION,0.04210312002712305,0.16812003515030338,0,0,1,undefined,False,False
omat0__Cu26Ni9Cr31Co33,CENSUS-2,omat0,Cu26Ni9Cr31Co33,evaluated,1,3,Cr,0.6663593525016447,4,1.8754791121231738,3.501964726963795,3.0236406474983553,1.8950511801263683,bound,ON_ADSORBATE,NORMAL,1.5752800798837792,bound,RECONSTRUCTION,3.084387299020708,desorbed,1.2374737494520733,O2_LIKE,H_TRANSFERRED,slab_O,distal_O,Cr,DESORPTION,0.04362319848808091,0.18666560611134797,0,0,1,undefined,False,False
omat0__Cu26Ni9Cr31Co33,CENSUS-2,omat0,Cu26Ni9Cr31Co33,evaluated,2,0,Co,0.8065999727712594,2,1.638083823236514,3.6746837960077734,3.7311897457811667,1.8217540156389724,bound,ON_ADSORBATE,RECONSTRUCTION,1.6402290524602823,bound,RECONSTRUCTION,2.0862478163905505,bound,1.259216225161873,O2_LIKE,H_TRANSFERRED,slab_O,proximal_O,Co,DISSOCIATION,0.1153416754869716,0.4898542321633099,0,0,2,bridge,False,False
omat0__Cu26Ni9Cr31Co33,CENSUS-2,omat0,Cu26Ni9Cr31Co33,evaluated,2,1,Co,1.014835105032482,2,1.5690002567976653,3.8138353618301473,3.6450385070265567,1.8175115070806793,bound,ON_ADSORBATE,RECONSTRUCTION,1.6400532813750937,bound,RECONSTRUCTION,3.6451937576590807,desorbed,1.2423291013066973,O2_LIKE,H_TRANSFERRED,slab_O,distal_O,Co,DESORPTION,0.277227246980758,1.0945514473074915,0,0,3,undefined,False,False
omat0__Cu26Ni9Cr31Co33,CENSUS-2,omat0,Cu26Ni9Cr31Co33,evaluated,2,2,Cr,0.5121988465266036,3,1.6699736354452743,3.316686308344206,5.05888515487081,1.8680146177342654,bound,ON_ADSORBATE,RECONSTRUCTION,1.5704659842144801,bound,RECONSTRUCTION,2.0350697781931735,bound,1.3969708503490885,OOH_LIKE,ON_ADSORBATE,terminal_O,proximal_O,Cr,RECONSTRUCTION,0.1341851367191968,0.620752885018008,0,0,3,cus,False,True
omat0__Cu26Ni9Cr31Co33,CENSUS-2,omat0,Cu26Ni9Cr31Co33,evaluated,2,3,Cu,1.3989692463044818,2,1.7414129389475765,4.370382185252058,5.300544860008559,1.8622251795637117,bound,ON_ADSORBATE,RECONSTRUCTION,1.7879784046834464,bound,RECONSTRUCTION,2.0134641289458632,bound,1.3820809286656321,OOH_LIKE,ON_ADSORBATE,terminal_O,proximal_O,Cu,NORMAL,0.04217999102172397,0.12150603893314213,0,0,2,cus,False,True
omat0__Ni34Fe6Cu29Co31,CENSUS-2,omat0,Ni34Fe6Cu29Co31,evaluated,0,0,Cu,1.3802618357699927,2,2.0699557741805283,4.680217609950521,3.5006606923618917,1.8875751043721305,bound,ON_ADSORBATE,NORMAL,1.8036991590277935,bound,NORMAL,3.1659797935667835,desorbed,1.2379156001793123,O2_LIKE,H_TRANSFERRED,slab_O,proximal_O,Cu,DESORPTION,0.05012350745485371,0.16022397965781673,0,0,0,undefined,False,False
omat0__Ni34Fe6Cu29Co31,CENSUS-2,omat0,Ni34Fe6Cu29Co31,evaluated,0,1,Ni,1.2879536913361491,2,2.060450074186463,4.578403765522612,3.516269460919291,1.8877379846818367,bound,ON_ADSORBATE,NORMAL,1.788921029046562,bound,NORMAL,2.9592128453302515,weak,1.2407109926599862,O2_LIKE,H_TRANSFERRED,slab_O,proximal_O,Ni,DISSOCIATION,0.0563577008334935,0.16004675341842317,0,1,0,bridge,False,False
omat0__Ni34Fe6Cu29Co31,CENSUS-2,omat0,Ni34Fe6Cu29Co31,evaluated,0,2,Ni,1.3116306455348123,2,2.0482058213232226,4.589836466858035,3.3375160950066927,1.883081358648143,bound,ON_ADSORBATE,NORMAL,1.7794097957337784,bound,NORMAL,3.354347058611216,desorbed,1.23847351348303,O2_LIKE,H_TRANSFERRED,slab_O,proximal_O,Ni,DESORPTION,0.04193529067808691,0.12456214051650183,0,0,0,undefined,False,False
omat0__Ni34Fe6Cu29Co31,CENSUS-2,omat0,Ni34Fe6Cu29Co31,evaluated,0,3,Co,0.9776619398102113,2,1.9876538489091335,4.195315788719345,3.4148943250601476,1.835938319150674,bound,ON_ADSORBATE,NORMAL,1.6442618323534706,bound,NORMAL,3.487140211228132,desorbed,1.2406128286778677,O2_LIKE,H_TRANSFERRED,slab_O,distal_O,Co,DESORPTION,0.04702369052997403,0.1407214522019904,0,0,0,undefined,False,False
omat0__Ni34Fe6Cu29Co31,CENSUS-2,omat0,Ni34Fe6Cu29Co31,evaluated,1,0,Fe,1.1882045684097804,2,1.9314947663989988,4.349699334808779,5.23575347700765,1.9281865047472393,bound,ON_ADSORBATE,NORMAL,1.766865201601529,bound,NORMAL,2.1172595694205203,bound,1.3855794274301778,OOH_LIKE,ON_ADSORBATE,terminal_O,proximal_O,Fe,NORMAL,0.04141847490687698,0.12494571708519989,0,0,0,cus,True,True
omat0__Ni34Fe6Cu29Co31,CENSUS-2,omat0,Ni34Fe6Cu29Co31,evaluated,1,1,Ni,1.2152164762089726,2,2.0154640504561034,4.460680526665076,5.360158773904603,1.8809565306221827,bound,ON_ADSORBATE,NORMAL,1.7844850128420218,bound,NORMAL,2.0145614206636617,bound,1.3821588444885569,OOH_LIKE,ON_ADSORBATE,terminal_O,proximal_O,Ni,NORMAL,0.03784542834229229,0.1324775321722889,0,0,0,cus,True,True
omat0__Ni34Fe6Cu29Co31,CENSUS-2,omat0,Ni34Fe6Cu29Co31,evaluated,1,2,Fe,1.2100676109908406,2,1.9172395930044677,4.357307203995308,5.241482421754116,1.9231253739579044,bound,ON_ADSORBATE,NORMAL,1.7658515488480162,bound,NORMAL,2.118982856538642,bound,1.3836493601907771,OOH_LIKE,ON_ADSORBATE,terminal_O,proximal_O,Fe,NORMAL,0.04508538412522182,0.13703147954576628,0,0,0,cus,True,True
omat0__Ni34Fe6Cu29Co31,CENSUS-2,omat0,Ni34Fe6Cu29Co31,evaluated,1,3,Cu,1.2803500859132484,2,1.982796982408502,4.4931470683217505,5.341418598813933,1.8720179485992179,bound,ON_ADSORBATE,NORMAL,1.794608243010239,bound,NORMAL,2.0361750721260248,bound,1.377965275968599,OOH_LIKE,ON_ADSORBATE,terminal_O,proximal_O,Cu,NORMAL,0.0400574044855325,0.14063899946550462,0,0,0,cus,True,True
omat0__Ni34Fe6Cu29Co31,CENSUS-2,omat0,Ni34Fe6Cu29Co31,evaluated,2,0,Co,0.969691977014115,2,1.7857203358864244,3.9854123129005394,5.1692930270778294,1.8271556796486486,bound,ON_ADSORBATE,NORMAL,1.6466193590000997,bound,NORMAL,1.899970441562816,bound,1.3940821428037242,OOH_LIKE,ON_ADSORBATE,terminal_O,proximal_O,Co,NORMAL,0.04582367007969715,0.14185347758460665,0,0,0,cus,True,True
omat0__Ni34Fe6Cu29Co31,CENSUS-2,omat0,Ni34Fe6Cu29Co31,evaluated,2,1,Co,0.9534906850529907,2,1.8764175766921203,4.059908261745111,5.223062477971526,1.830710764283744,bound,ON_ADSORBATE,NORMAL,1.6445028220382307,bound,NORMAL,1.9080566673716524,bound,1.392089905956312,OOH_LIKE,ON_ADSORBATE,terminal_O,proximal_O,Co,NORMAL,0.053127031519885126,0.17366860149406768,0,0,0,cus,True,True
omat0__Ni34Fe6Cu29Co31,CENSUS-2,omat0,Ni34Fe6Cu29Co31,evaluated,2,2,Fe,1.0910098088352171,2,1.9670631302575434,4.2880729390927605,3.549259411056228,1.91336533673477,bound,ON_ADSORBATE,NORMAL,1.7398043550579938,bound,NORMAL,2.7833221711041682,weak,1.2426139115303119,O2_LIKE,H_TRANSFERRED,slab_O,proximal_O,Fe,DISSOCIATION,0.05494700125124167,0.13936213484869123,0,1,0,bridge,False,False
omat0__Ni34Fe6Cu29Co31,CENSUS-2,omat0,Ni34Fe6Cu29Co31,evaluated,2,3,Ni,0.7128337563325617,1,1.9428337563325617,1.6370929083599643,3.4198791301193707,1.8814268743822748,bound,ON_ADSORBATE,NORMAL,2.9397637734919724,weak,MIGRATION,3.0851131194265777,desorbed,1.239000856644821,O2_LIKE,H_TRANSFERRED,slab_O,proximal_O,Ni,DESORPTION,0.056560072722501666,0.1559645324708767,1,1,1,undefined,False,False
omat0__Cu8Cr23Mn35Co34,CENSUS-2,omat0,Cu8Cr23Mn35Co34,evaluated,0,0,Mn,1.3702929339165095,2,1.3845644054669042,3.9848573393834137,4.8943013187481785,1.8717801999942134,bound,ON_ADSORBATE,NORMAL,1.76150404393679,bound,NORMAL,1.9950210034962497,bound,1.3968336294617634,OOH_LIKE,ON_ADSORBATE,terminal_O,proximal_O,Mn,NORMAL,0.03514398811151706,0.1108063629270856,0,0,0,cus,True,True
omat0__Cu8Cr23Mn35Co34,CENSUS-2,omat0,Cu8Cr23Mn35Co34,evaluated,0,1,Cr,0.753222394871405,1,1.983222394871405,3.470477239651448,5.190193775542101,1.8824656709668033,bound,ON_ADSORBATE,NORMAL,1.5696374033922178,bound,RECONSTRUCTION,2.06942935643968,bound,1.3905626333714205,OOH_LIKE,ON_ADSORBATE,terminal_O,proximal_O,Cr,NORMAL,0.06078071578334776,0.17811352096395766,0,0,1,cus,False,True
omat0__Cu8Cr23Mn35Co34,CENSUS-2,omat0,Cu8Cr23Mn35Co34,evaluated,0,2,Cr,0.6310660890075335,4,1.8097661536924083,3.344992917198258,3.0589339109924665,1.8945195596378603,bound,ON_ADSORBATE,NORMAL,1.5749300927168168,bound,RECONSTRUCTION,3.285369383345811,desorbed,1.2429182395296456,O2_LIKE,H_TRANSFERRED,slab_O,proximal_O,Cr,DESORPTION,0.03329745891697339,0.13198801542878175,0,0,1,undefined,False,False
omat0__Cu8Cr23Mn35Co34,CENSUS-2,omat0,Cu8Cr23Mn35Co34,evaluated,0,3,Co,0.8511679259683476,2,1.8299430548028686,3.911110980771216,4.5353356098867454,1.823815791238651,bound,ON_ADSORBATE,NORMAL,1.6537526263541007,bound,NORMAL,1.9278826253790287,bound,1.3515552843706684,SUPEROXO_LIKE,ON_ADSORBATE,terminal_O,proximal_O,Co,NORMAL,0.03878615902824418,0.15457616097740998,0,0,0,cus,True,True
omat0__Cu8Cr23Mn35Co34,CENSUS-2,omat0,Cu8Cr23Mn35Co34,evaluated,1,0,Mn,1.1304771304983703,2,1.4495476292551648,3.810024759753535,4.818717481212532,1.8726247770866329,bound,ON_ADSORBATE,NORMAL,1.7615201075319673,bound,NORMAL,1.9607642890256014,bound,1.406856307856987,OOH_LIKE,ON_ADSORBATE,terminal_O,proximal_O,Mn,NORMAL,0.045421027147621085,0.15988750475034466,0,0,0,cus,True,True
omat0__Cu8Cr23Mn35Co34,CENSUS-2,omat0,Cu8Cr23Mn35Co34,evaluated,1,1,Cu,1.369365320249237,2,1.870942976147035,4.470308296396272,5.310763031311952,1.8779239062475883,bound,ON_ADSORBATE,NORMAL,1.795730293514163,bound,NORMAL,2.042786075342738,bound,1.3801988286559417,OOH_LIKE,ON_ADSORBATE,terminal_O,proximal_O,Cu,NORMAL,0.037429919926923336,0.13657055221268247,0,0,0,cus,True,True
omat0__Cu8Cr23Mn35Co34,CENSUS-2,omat0,Cu8Cr23Mn35Co34,evaluated,1,2,Mn,1.2947003852428836,2,1.3183262187754967,3.8430266040183803,4.864052165796041,1.8753270177373724,bound,ON_ADSORBATE,NORMAL,1.7684157816926334,bound,NORMAL,1.9750115677262576,bound,1.4019840550165825,OOH_LIKE,ON_ADSORBATE,terminal_O,proximal_O,Mn,NORMAL,0.04147044236163873,0.14029276926434814,0,0,0,cus,True,True
omat0__Cu8Cr23Mn35Co34,CENSUS-2,omat0,Cu8Cr23Mn35Co34,evaluated,1,3,Mn,1.1165848474292304,2,1.5850889231460887,3.931673770575319,4.9644223163176395,1.8765913757745198,bound,ON_ADSORBATE,NORMAL,1.760251159423169,bound,NORMAL,1.980926450108213,bound,1.3972197015915016,OOH_LIKE,ON_ADSORBATE,terminal_O,proximal_O,Mn,NORMAL,0.043792689661684876,0.1566896620716609,0,0,0,cus,True,True
omat0__Cu8Cr23Mn35Co34,CENSUS-2,omat0,Cu8Cr23Mn35Co34,evaluated,2,0,Co,1.0061872684679471,2,1.6025616382037247,3.838748906671672,5.035604044351176,1.8317263143612252,bound,ON_ADSORBATE,NORMAL,1.655478124475228,bound,NORMAL,1.8949201915030585,bound,1.4002689767268557,OOH_LIKE,ON_ADSORBATE,terminal_O,proximal_O,Co,NORMAL,0.0421278521798045,0.12400975950347667,0,0,0,cus,True,True
omat0__Cu8Cr23Mn35Co34,CENSUS-2,omat0,Cu8Cr23Mn35Co34,evaluated,2,1,Co,0.9872067335637595,2,1.545076072148675,3.7622828057124345,4.979771713530996,1.8188555663943815,bound,ON_ADSORBATE,NORMAL,1.6452750888954975,bound,NORMAL,1.8753796352076104,bound,1.3985438403341481,OOH_LIKE,ON_ADSORBATE,terminal_O,proximal_O,Co,NORMAL,0.03737993071416171,0.11359445511934055,0,0,0,cus,True,True
omat0__Cu8Cr23Mn35Co34,CENSUS-2,omat0,Cu8Cr23Mn35Co34,evaluated,2,2,Mn,1.1653968144065558,2,1.5708687717720413,3.966265586178597,4.924306724036997,1.8751672658945235,bound,ON_ADSORBATE,NORMAL,1.7623684423750385,bound,NORMAL,1.9846377547957124,bound,1.4001574061108206,OOH_LIKE,ON_ADSORBATE,terminal_O,proximal_O,Mn,NORMAL,0.04110209803911654,0.12303181920057019,0,0,0,cus,True,True
omat0__Cu8Cr23Mn35Co34,CENSUS-2,omat0,Cu8Cr23Mn35Co34,evaluated,2,3,Cr,0.4769722746170424,3,1.6733391361087233,3.248141759204973,4.955114033822015,1.8716613911710163,bound,ON_ADSORBATE,NORMAL,1.5723244605490532,bound,RECONSTRUCTION,2.005897815259774,bound,1.3993499954978954,OOH_LIKE,ON_ADSORBATE,terminal_O,proximal_O,Cr,NORMAL,0.0530659792930626,0.15474241225895138,0,0,1,cus,False,True
omat0__Cu22Fe30Co32Mn15,CENSUS-2,omat0,Cu22Fe30Co32Mn15,evaluated,0,0,Co,0.9101383543384642,2,1.8330398199923938,3.973178174330858,5.197974472028621,1.8254610250550127,bound,ON_ADSORBATE,NORMAL,1.6430889249924365,bound,NORMAL,1.8897506550019367,bound,1.400893069148147,OOH_LIKE,ON_ADSORBATE,terminal_O,proximal_O,Co,NORMAL,0.04446160399406392,0.14952708201717527,0,0,0,cus,True,True
omat0__Cu22Fe30Co32Mn15,CENSUS-2,omat0,Cu22Fe30Co32Mn15,evaluated,0,1,Fe,1.1630901575861614,2,1.906224382915355,4.299314540501516,5.270997152665048,1.908604020139758,bound,ON_ADSORBATE,NORMAL,1.7400278535667368,bound,NORMAL,2.1182822625493833,bound,1.3869727348097778,OOH_LIKE,ON_ADSORBATE,terminal_O,proximal_O,Fe,NORMAL,0.04032682954945598,0.1344545180701039,0,0,0,cus,True,True
omat0__Cu22Fe30Co32Mn15,CENSUS-2,omat0,Cu22Fe30Co32Mn15,evaluated,0,2,Fe,1.022922208554796,2,2.0233234962794886,4.276245704834285,3.509270626678956,1.9162113855032528,bound,ON_ADSORBATE,NORMAL,1.7394536151448645,bound,NORMAL,2.739421283693828,weak,1.241460796914494,O2_LIKE,H_TRANSFERRED,slab_O,proximal_O,Fe,DISSOCIATION,0.05030757169081722,0.16601280535752097,0,1,0,bridge,False,False
omat0__Cu22Fe30Co32Mn15,CENSUS-2,omat0,Cu22Fe30Co32Mn15,evaluated,0,3,Co,0.9069909905280085,2,1.8648204088281095,4.001811399356118,3.608945701761543,1.8232651285465822,bound,ON_ADSORBATE,NORMAL,1.6423752792429231,bound,NORMAL,3.7035140409029395,desorbed,1.2410541344432262,O2_LIKE,H_TRANSFERRED,slab_O,distal_O,Co,DESORPTION,0.05701725236108081,0.1658357885614558,0,0,0,undefined,False,False
omat0__Cu22Fe30Co32Mn15,CENSUS-2,omat0,Cu22Fe30Co32Mn15,evaluated,1,0,Fe,1.0020738089867152,2,2.067402440224328,4.299476249211043,5.239762214071421,1.921592806659653,bound,ON_ADSORBATE,NORMAL,1.7537668919681144,bound,NORMAL,2.0932747860194025,bound,1.38677087947492,OOH_LIKE,ON_ADSORBATE,terminal_O,proximal_O,Fe,NORMAL,0.03883725369918931,0.12466602280822581,0,0,0,cus,True,True
omat0__Cu22Fe30Co32Mn15,CENSUS-2,omat0,Cu22Fe30Co32Mn15,evaluated,1,1,Cu,1.2751793004995235,2,1.9262231111668489,4.431402411666372,5.33347592906941,1.8659511479832012,bound,ON_ADSORBATE,NORMAL,1.784759602677938,bound,NORMAL,2.000443914214337,bound,1.380087800456312,OOH_LIKE,ON_ADSORBATE,terminal_O,proximal_O,Cu,NORMAL,0.03127392483112478,0.10232710657876908,0,0,0,cus,True,True
omat0__Cu22Fe30Co32Mn15,CENSUS-2,omat0,Cu22Fe30Co32Mn15,evaluated,1,2,Fe,1.130692672159448,2,1.9088958268804395,4.269588499039887,5.215972336517185,1.9157894037883978,bound,ON_ADSORBATE,NORMAL,1.753076550055428,bound,NORMAL,2.096310094276914,bound,1.3889285517002086,OOH_LIKE,ON_ADSORBATE,terminal_O,proximal_O,Fe,NORMAL,0.0368172423927639,0.1362429228871121,0,0,0,cus,True,True
omat0__Cu22Fe30Co32Mn15,CENSUS-2,omat0,Cu22Fe30Co32Mn15,evaluated,1,3,Co,0.7824106890637879,2,1.8055125796225302,3.817923268686318,5.097398698698926,1.821841899413342,bound,ON_ADSORBATE,NORMAL,1.6422607574630197,bound,NORMAL,1.8752792991752139,bound,1.4022221336954646,OOH_LIKE,ON_ADSORBATE,terminal_O,proximal_O,Co,NORMAL,0.04406834386932727,0.14895228433160537,0,0,0,cus,True,True
omat0__Cu22Fe30Co32Mn15,CENSUS-2,omat0,Cu22Fe30Co32Mn15,evaluated,2,0,Mn,1.2460823363176061,2,1.7474826455932662,4.223564981910872,3.5749210306940724,1.890552984611256,bound,ON_ADSORBATE,NORMAL,1.7635497246011742,bound,NORMAL,3.084880830830336,desorbed,1.2399180321554328,O2_LIKE,H_TRANSFERRED,slab_O,proximal_O,Mn,DESORPTION,0.056125162719128575,0.16685334619353723,0,0,0,undefined,False,False
omat0__Cu22Fe30Co32Mn15,CENSUS-2,omat0,Cu22Fe30Co32Mn15,evaluated,2,1,Co,1.020427139684891,2,1.860120631732514,4.110547771417405,5.271527888873466,1.821887032532365,bound,ON_ADSORBATE,NORMAL,1.6393652855784246,bound,NORMAL,1.9019463138669006,bound,1.3928889195812832,OOH_LIKE,ON_ADSORBATE,terminal_O,proximal_O,Co,NORMAL,0.05082312658704232,0.14935337997849177,0,0,0,cus,True,True
omat0__Cu22Fe30Co32Mn15,CENSUS-2,omat0,Cu22Fe30Co32Mn15,evaluated,2,2,Fe,1.1335460382096514,2,1.9759010024858985,4.33944704069555,5.174130775421164,1.9220189135173034,bound,ON_ADSORBATE,NORMAL,1.7344204334599613,bound,NORMAL,2.1039390854500652,bound,1.387276586833333,OOH_LIKE,ON_ADSORBATE,terminal_O,proximal_O,Fe,NORMAL,0.04007048098093801,0.1506169379229736,0,0,0,cus,True,True
omat0__Cu22Fe30Co32Mn15,CENSUS-2,omat0,Cu22Fe30Co32Mn15,evaluated,2,3,Fe,1.0758851156378952,2,2.0782858134745656,4.384170929112461,5.2717947006935635,1.9220899161103282,bound,ON_ADSORBATE,NORMAL,1.734695133018583,bound,NORMAL,2.1151255269824647,bound,1.379835882151893,OOH_LIKE,ON_ADSORBATE,terminal_O,proximal_O,Fe,NORMAL,0.04931678901054316,0.14895006729725174,0,0,0,cus,True,True
mp0__Ni31Cr29Cu5Mn35,CENSUS-2,mp0,Ni31Cr29Cu5Mn35,evaluated,0,0,Cr,1.2620946232553818,1,2.492094623255382,3.858513472381098,5.77156276135579,1.7764415597913805,bound,ON_ADSORBATE,RECONSTRUCTION,1.5772856898591292,bound,RECONSTRUCTION,3.309439012028831,desorbed,1.3438253974476253,SUPEROXO_LIKE,ON_ADSORBATE,terminal_O,proximal_O,Cr,DESORPTION,0.04509822187606479,0.13668125604864176,0,0,2,undefined,False,False
mp0__Ni31Cr29Cu5Mn35,CENSUS-2,mp0,Ni31Cr29Cu5Mn35,evaluated,0,1,Ni,1.2416533608002167,1,2.4716533608002167,4.771083188769289,5.716049934669195,1.8130904034633266,bound,ON_ADSORBATE,NORMAL,1.6760348309675797,bound,NORMAL,1.9457833840470697,bound,1.3779597598982667,OOH_LIKE,ON_ADSORBATE,terminal_O,proximal_O,Ni,NORMAL,0.0392146969618276,0.0853410809821772,0,0,0,cus,True,True
mp0__Ni31Cr29Cu5Mn35,CENSUS-2,mp0,Ni31Cr29Cu5Mn35,evaluated,0,2,Ni,1.22127656259629,1,2.45127656259629,4.671682503832976,5.543263366001918,1.79790392200079,bound,ON_ADSORBATE,NORMAL,1.6585360546151473,bound,NORMAL,1.9133060729161,bound,1.379596869774834,OOH_LIKE,ON_ADSORBATE,terminal_O,proximal_O,Ni,NORMAL,0.04012678766671294,0.09704081678991587,0,0,0,cus,True,True
mp0__Ni31Cr29Cu5Mn35,CENSUS-2,mp0,Ni31Cr29Cu5Mn35,evaluated,0,3,Mn,1.0423714134567899,2,2.1267083051949656,4.399079718651755,5.467340658811304,1.842131791195396,bound,ON_ADSORBATE,NORMAL,1.7257486683178997,bound,NORMAL,1.9315005724489294,bound,1.4023702774359341,OOH_LIKE,ON_ADSORBATE,terminal_O,proximal_O,Mn,NORMAL,0.041143794055309234,0.14712704541779104,0,0,0,cus,True,True
mp0__Ni31Cr29Cu5Mn35,CENSUS-2,mp0,Ni31Cr29Cu5Mn35,evaluated,1,0,Cr,0.5293929098039483,1,1.7593929098039482,3.401382750903103,3.512938797203128,1.835713153449262,bound,ON_ADSORBATE,NORMAL,1.5760080963386636,bound,RECONSTRUCTION,3.943232242449925,desorbed,1.2350135866232388,O2_LIKE,H_TRANSFERRED,slab_O,distal_O,Cr,DESORPTION,0.03249907757732529,0.13410557935150955,0,0,1,undefined,False,False
mp0__Ni31Cr29Cu5Mn35,CENSUS-2,mp0,Ni31Cr29Cu5Mn35,evaluated,1,1,Ni,1.1881540955928198,2,2.2288777398391333,4.647031835431953,3.502225120110006,1.8238741113818349,bound,ON_ADSORBATE,NORMAL,1.6661070158939981,bound,NORMAL,4.377822823523945,desorbed,1.236329573566593,O2_LIKE,H_TRANSFERRED,slab_O,distal_O,Ni,DESORPTION,0.03797127416684301,0.17271907535006537,0,0,0,undefined,False,False
mp0__Ni31Cr29Cu5Mn35,CENSUS-2,mp0,Ni31Cr29Cu5Mn35,evaluated,1,2,Cr,0.46160080294844175,1,1.6916008029484417,3.366413242815092,3.508846659313201,1.8346914607124392,bound,ON_ADSORBATE,NORMAL,1.5776416780145963,bound,RECONSTRUCTION,4.012331145801086,desorbed,1.2344090793121503,O2_LIKE,H_TRANSFERRED,slab_O,distal_O,Cr,DESORPTION,0.0359581301795363,0.17629701469633002,0,0,1,undefined,False,False
mp0__Ni31Cr29Cu5Mn35,CENSUS-2,mp0,Ni31Cr29Cu5Mn35,evaluated,1,3,Cr,1.1459822425623996,1,2.3759822425623995,4.062461660157332,3.504545830450604,1.8713301979162607,bound,ON_ADSORBATE,NORMAL,1.578207925583075,bound,RECONSTRUCTION,4.421633487154962,desorbed,1.2354163542176608,O2_LIKE,H_TRANSFERRED,slab_O,distal_O,Ni,DESORPTION,0.05714866786477926,0.16154184751571818,0,0,1,undefined,False,False
mp0__Ni31Cr29Cu5Mn35,CENSUS-2,mp0,Ni31Cr29Cu5Mn35,evaluated,2,0,Mn,0.9620173500615987,2,2.082614536779458,4.274631886841057,5.423555898603604,1.822563766167536,bound,ON_ADSORBATE,NORMAL,1.6876403310482844,bound,NORMAL,1.8906239898236685,bound,1.4054211306265867,OOH_LIKE,ON_ADSORBATE,terminal_O,proximal_O,Mn,NORMAL,0.0516931328785813,0.19449430781395385,0,0,0,cus,True,True
mp0__Ni31Cr29Cu5Mn35,CENSUS-2,mp0,Ni31Cr29Cu5Mn35,evaluated,2,1,Mn,0.9933836592857004,1,2.2233836592857004,4.4436181955664935,3.7432313374050863,1.8412061504695696,bound,ON_ADSORBATE,NORMAL,1.6640066543824614,bound,NORMAL,4.160930452367444,desorbed,1.233399568137585,O2_LIKE,H_TRANSFERRED,slab_O,distal_O,Mn,DESORPTION,0.3878902867442012,1.0365079322598354,0,0,1,undefined,False,False
mp0__Ni31Cr29Cu5Mn35,CENSUS-2,mp0,Ni31Cr29Cu5Mn35,evaluated,2,2,Cr,1.128206498461327,1,2.358206498461327,3.657663695635385,3.343141452903376,1.7771690001391902,bound,ON_ADSORBATE,RECONSTRUCTION,1.5755618237253153,bound,RECONSTRUCTION,4.145616931242805,desorbed,1.2337018952656789,O2_LIKE,H_TRANSFERRED,slab_O,distal_O,Cr,DESORPTION,0.04156787433963808,0.1599726396949556,0,0,2,undefined,False,False
mp0__Ni31Cr29Cu5Mn35,CENSUS-2,mp0,Ni31Cr29Cu5Mn35,evaluated,2,3,Ni,1.0060879995594858,1,2.236087999559486,1.7693559038336775,3.322655880221498,1.8177785475859478,bound,ON_ADSORBATE,NORMAL,4.156111148635043,desorbed,DESORPTION,4.267263079745054,desorbed,1.234751059358108,O2_LIKE,H_TRANSFERRED,slab_O,distal_O,Mn,DESORPTION,0.0653204514549137,0.18151425736539753,0,0,1,undefined,False,False
mp0__Fe25Co25Ni25Cr25,CENSUS-2,mp0,Fe25Co25Ni25Cr25,evaluated,0,0,Ni,1.1905127564199187,2,2.1700629648828724,4.590575721302791,3.2287578365419107,1.8145371094332783,bound,ON_ADSORBATE,NORMAL,1.675719561054078,bound,NORMAL,3.9402055200779675,desorbed,1.2335727225279034,O2_LIKE,H_TRANSFERRED,slab_O,proximal_O,Ni,DESORPTION,0.048083179758195815,0.14532180857723379,0,0,0,undefined,False,False
mp0__Fe25Co25Ni25Cr25,CENSUS-2,mp0,Fe25Co25Ni25Cr25,evaluated,0,1,Co,1.1170362569964025,1,2.3470362569964025,4.280299727300239,3.217922541505311,1.7928287513050751,bound,ON_ADSORBATE,NORMAL,1.6341024206156591,bound,NORMAL,3.997826250883957,desorbed,1.2337171212631866,O2_LIKE,H_TRANSFERRED,slab_O,distal_O,Co,DESORPTION,0.05041269488029366,0.16747083890747488,0,0,0,undefined,False,False
mp0__Fe25Co25Ni25Cr25,CENSUS-2,mp0,Fe25Co25Ni25Cr25,evaluated,0,2,Fe,1.1625271345022155,1,2.3925271345022154,4.6220936845142475,5.038423571237013,1.810792178100708,bound,ON_ADSORBATE,NORMAL,1.6638998256768165,bound,NORMAL,2.094763554254463,bound,1.3351532465795566,SUPEROXO_LIKE,ON_ADSORBATE,terminal_O,proximal_O,Fe,NORMAL,0.10240408510307097,0.25144930288456213,0,0,0,cus,True,True
mp0__Fe25Co25Ni25Cr25,CENSUS-2,mp0,Fe25Co25Ni25Cr25,evaluated,0,3,Ni,1.134534709183515,1,2.364534709183515,4.635711591363695,3.265659007612237,1.8018874251004342,bound,ON_ADSORBATE,NORMAL,1.6757915758903006,bound,NORMAL,4.103440555998996,desorbed,1.2339898232433844,O2_LIKE,H_TRANSFERRED,slab_O,distal_O,Ni,DESORPTION,0.049362588213091065,0.1555279730658432,0,0,0,undefined,False,False
mp0__Fe25Co25Ni25Cr25,CENSUS-2,mp0,Fe25Co25Ni25Cr25,evaluated,1,0,Co,0.9022344882710467,2,2.017248045380454,4.149482533651501,3.8076822783288775,1.802543540775441,bound,ON_ADSORBATE,NORMAL,1.6623087829023344,bound,NORMAL,3.668686070708121,desorbed,1.2327475082068942,O2_LIKE,H_TRANSFERRED,slab_O,distal_O,Co,DESORPTION,0.0882562698526989,0.21880801846186088,0,0,0,undefined,False,False
mp0__Fe25Co25Ni25Cr25,CENSUS-2,mp0,Fe25Co25Ni25Cr25,evaluated,1,1,Fe,1.1163963092094944,1,2.3463963092094944,4.653944604901362,3.705777987751469,1.8240869998477172,bound,ON_ADSORBATE,NORMAL,1.6684081430462718,bound,NORMAL,4.342869031778544,desorbed,1.2355471621009153,O2_LIKE,H_TRANSFERRED,slab_O,distal_O,Fe,DESORPTION,0.07601270364954889,0.23003539708233445,0,0,0,undefined,False,False
mp0__Fe25Co25Ni25Cr25,CENSUS-2,mp0,Fe25Co25Ni25Cr25,evaluated,1,2,Co,1.024797345336867,1,2.254797345336867,4.216931385656032,3.8194500677991754,1.800347030230665,bound,ON_ADSORBATE,NORMAL,1.6623306964087505,bound,NORMAL,4.11890524091817,desorbed,1.2329955284142482,O2_LIKE,H_TRANSFERRED,slab_O,proximal_O,Co,DESORPTION,0.10829886729642518,0.48749809509078607,0,0,0,undefined,False,False
mp0__Fe25Co25Ni25Cr25,CENSUS-2,mp0,Fe25Co25Ni25Cr25,evaluated,1,3,Ni,1.1186645261710622,1,2.348664526171062,4.669476885240151,3.869091100991136,1.8191340047291709,bound,ON_ADSORBATE,NORMAL,1.6838490308713752,bound,NORMAL,4.409457227966239,desorbed,1.235634392980761,O2_LIKE,H_TRANSFERRED,slab_O,distal_O,Ni,DESORPTION,0.10342051615465858,0.4612508583096884,0,0,0,undefined,False,False
mp0__Fe25Co25Ni25Cr25,CENSUS-2,mp0,Fe25Co25Ni25Cr25,evaluated,2,0,Cr,1.0163209735342091,1,2.246320973534209,3.619403071710046,3.408981716739072,1.7940457500180376,bound,ON_ADSORBATE,NORMAL,1.5778388846195477,bound,RECONSTRUCTION,4.120590309720322,desorbed,1.2336885476634043,O2_LIKE,H_TRANSFERRED,slab_O,distal_O,Cr,DESORPTION,0.038041441580482435,0.1715636635080393,0,0,1,undefined,False,False
mp0__Fe25Co25Ni25Cr25,CENSUS-2,mp0,Fe25Co25Ni25Cr25,evaluated,2,1,Ni,1.1623303047443754,1,2.3923303047443754,4.610684749526108,3.36594119164871,1.7973541994550049,bound,ON_ADSORBATE,NORMAL,1.6768036566246816,bound,NORMAL,4.090495246185617,desorbed,1.2336974463093506,O2_LIKE,H_TRANSFERRED,slab_O,distal_O,Ni,DESORPTION,0.047745232138901826,0.16103520012355726,0,0,0,undefined,False,False
mp0__Fe25Co25Ni25Cr25,CENSUS-2,mp0,Fe25Co25Ni25Cr25,evaluated,2,2,Co,0.9483577552862128,1,2.178357755286213,4.134880386632339,5.434415794535505,1.7670717159479699,bound,ON_ADSORBATE,NORMAL,1.6497322883510803,bound,NORMAL,1.8804248622985629,bound,1.3914832272212954,OOH_LIKE,ON_ADSORBATE,terminal_O,proximal_O,Co,NORMAL,0.05964028977049146,0.14378002839330406,0,0,0,cus,True,True
mp0__Fe25Co25Ni25Cr25,CENSUS-2,mp0,Fe25Co25Ni25Cr25,evaluated,2,3,Fe,1.2367967458195492,1,2.466796745819549,4.705828093921973,3.527406597390177,1.8326707475479467,bound,ON_ADSORBATE,NORMAL,1.6695015666202522,bound,NORMAL,4.331757280033256,desorbed,1.2329915066262127,O2_LIKE,H_TRANSFERRED,slab_O,proximal_O,Ni,DESORPTION,0.04681841242071021,0.1539562300228256,0,0,0,undefined,False,False
mp0__Cu26Ni9Cr31Co33,CENSUS-2,mp0,Cu26Ni9Cr31Co33,evaluated,0,0,Cr,0.8664313175996083,1,2.0964313175996083,3.75881088110156,5.688612329554042,2.006259499593441,bound,ON_ADSORBATE,RECONSTRUCTION,1.582215130304642,bound,RECONSTRUCTION,2.003162089389275,bound,1.3893261061009448,OOH_LIKE,ON_ADSORBATE,terminal_O,proximal_O,Cr,NORMAL,0.09761499486640868,0.32244320653482816,1,0,2,cus,False,False
mp0__Cu26Ni9Cr31Co33,CENSUS-2,mp0,Cu26Ni9Cr31Co33,evaluated,0,1,Ni,1.1278441853734078,1,2.357844185373408,4.6888559773039376,5.598865387418323,1.807659450259426,bound,ON_ADSORBATE,NORMAL,1.675024695335907,bound,NORMAL,1.9034470494644913,bound,1.384790726601861,OOH_LIKE,ON_ADSORBATE,terminal_O,proximal_O,Ni,NORMAL,0.03998320618568763,0.09229419013838637,0,0,0,cus,True,True
mp0__Cu26Ni9Cr31Co33,CENSUS-2,mp0,Cu26Ni9Cr31Co33,evaluated,0,2,Cu,1.0413613235503316,2,2.204948029786378,4.47630935333671,5.493983402652782,1.8495709142858492,bound,ON_ADSORBATE,RECONSTRUCTION,1.7740552792065867,bound,RECONSTRUCTION,1.9214387214151982,bound,1.3780782930028779,OOH_LIKE,ON_ADSORBATE,terminal_O,proximal_O,Cu,NORMAL,0.047869938029889945,0.11580061195256486,0,0,2,cus,False,True
mp0__Cu26Ni9Cr31Co33,CENSUS-2,mp0,Cu26Ni9Cr31Co33,evaluated,0,3,Co,0.9107961413716792,1,2.140796141371679,4.2293435008838784,3.8141243320993907,1.7815271274858768,bound,ON_ADSORBATE,NORMAL,1.6572930320231307,bound,NORMAL,3.9341934459969448,desorbed,1.2343687905718874,O2_LIKE,H_TRANSFERRED,slab_O,distal_O,Co,DESORPTION,0.06743294068165225,0.29921945967788344,0,0,0,undefined,False,False
mp0__Cu26Ni9Cr31Co33,CENSUS-2,mp0,Cu26Ni9Cr31Co33,evaluated,1,0,Cr,0.4572539172497043,1,1.6872539172497043,3.3336097890318044,3.549249607931381,1.8346715171896286,bound,ON_ADSORBATE,NORMAL,1.578393735442786,bound,RECONSTRUCTION,4.092894130770798,desorbed,1.2350079739765847,O2_LIKE,H_TRANSFERRED,slab_O,proximal_O,Cr,DESORPTION,0.050248084454929245,0.1444004163149921,0,0,1,undefined,False,False
mp0__Cu26Ni9Cr31Co33,CENSUS-2,mp0,Cu26Ni9Cr31Co33,evaluated,1,1,Cu,1.2228475333484834,2,2.1249736169189917,4.577821150267475,5.480330104898735,1.861125552998183,bound,ON_ADSORBATE,NORMAL,1.7790023829906445,bound,NORMAL,1.9352395937609035,bound,1.3841150862468141,OOH_LIKE,ON_ADSORBATE,terminal_O,proximal_O,Cu,NORMAL,0.05739606423136848,0.1695153861400082,0,0,0,cus,True,True
mp0__Cu26Ni9Cr31Co33,CENSUS-2,mp0,Cu26Ni9Cr31Co33,evaluated,1,2,Cr,0.6485132199649,1,1.8785132199649,3.36496418232894,5.223119600427106,1.846361638928236,bound,ON_ADSORBATE,NORMAL,1.579509766652672,bound,RECONSTRUCTION,1.9505714918989927,bound,1.3947801141790213,OOH_LIKE,ON_ADSORBATE,terminal_O,proximal_O,Cr,NORMAL,0.0720776366632233,0.17235146065401202,0,0,1,cus,False,True
mp0__Cu26Ni9Cr31Co33,CENSUS-2,mp0,Cu26Ni9Cr31Co33,evaluated,1,3,Cr,1.1212455602425164,1,2.3512455602425164,3.8864671646730287,5.713320864319849,1.8521182857394456,bound,ON_ADSORBATE,NORMAL,1.580590362523926,bound,RECONSTRUCTION,2.18422779558259,bound,1.3768050144518087,OOH_LIKE,ON_ADSORBATE,terminal_O,proximal_O,Cr,NORMAL,0.06355613059469589,0.19026061876702982,0,0,1,cus,False,True
mp0__Cu26Ni9Cr31Co33,CENSUS-2,mp0,Cu26Ni9Cr31Co33,evaluated,2,0,Co,1.030863796711385,2,1.9183921122035756,4.179255908914961,5.465098986828673,1.7588901140881696,bound,ON_ADSORBATE,NORMAL,1.648139905595918,bound,NORMAL,1.8567335235207723,bound,1.3935415319001705,OOH_LIKE,ON_ADSORBATE,terminal_O,proximal_O,Co,NORMAL,0.07335797632099865,0.237025361606588,0,0,0,cus,True,True
mp0__Cu26Ni9Cr31Co33,CENSUS-2,mp0,Cu26Ni9Cr31Co33,evaluated,2,1,Co,1.1092756853939703,1,2.3392756853939702,4.354631853303253,5.654578736246856,1.7902505282421464,bound,ON_ADSORBATE,NORMAL,1.6502557631135086,bound,NORMAL,1.880665336167441,bound,1.3890613450371416,OOH_LIKE,ON_ADSORBATE,terminal_O,proximal_O,Co,NORMAL,0.09887358420856497,0.2522639951794903,0,0,0,cus,True,True
mp0__Cu26Ni9Cr31Co33,CENSUS-2,mp0,Cu26Ni9Cr31Co33,evaluated,2,2,Cr,1.078844585160982,1,2.308844585160982,3.688334135775044,3.536633101915436,1.789006869854699,bound,ON_ADSORBATE,RECONSTRUCTION,1.583025483633328,bound,RECONSTRUCTION,3.802034772068885,desorbed,1.233843339954008,O2_LIKE,H_TRANSFERRED,slab_O,distal_O,Cr,DESORPTION,0.044404636045678195,0.2071558559861548,0,0,2,undefined,False,False
mp0__Cu26Ni9Cr31Co33,CENSUS-2,mp0,Cu26Ni9Cr31Co33,evaluated,2,3,Cu,3.1699140824949184,3,2.26297430616509,1.3159115823829597,5.715825664877878,1.892922802901831,bound,ON_ADSORBATE,NORMAL,3.893104539368789,desorbed,DESORPTION,2.045838044010553,bound,1.3774762631968942,OOH_LIKE,ON_ADSORBATE,terminal_O,proximal_O,Cu,NORMAL,0.0760156969226367,0.18294225403772446,0,0,1,cus,False,False
mp0__Ni34Fe6Cu29Co31,CENSUS-2,mp0,Ni34Fe6Cu29Co31,evaluated,0,0,Cu,1.306547383464749,1,2.536547383464749,4.7874665206392635,3.763966509322722,1.8986645269198494,bound,ON_ADSORBATE,NORMAL,1.7939017624801987,bound,NORMAL,4.02391397677715,desorbed,1.2347605973643394,O2_LIKE,H_TRANSFERRED,slab_O,proximal_O,Cu,DESORPTION,0.08741832205436366,0.2830792595903298,0,0,0,undefined,False,False
mp0__Ni34Fe6Cu29Co31,CENSUS-2,mp0,Ni34Fe6Cu29Co31,evaluated,0,1,Ni,1.154956895216503,1,2.384956895216503,4.694000896721995,3.8144328940313925,1.804138172934014,bound,ON_ADSORBATE,NORMAL,1.6973449905227913,bound,NORMAL,4.236621167873785,desorbed,1.2357580289807315,O2_LIKE,H_TRANSFERRED,slab_O,proximal_O,Ni,DESORPTION,0.06672170725646688,0.22544605033047646,0,0,0,undefined,False,False
mp0__Ni34Fe6Cu29Co31,CENSUS-2,mp0,Ni34Fe6Cu29Co31,evaluated,0,2,Ni,1.0403375691467338,3,2.2606538987727434,1.4951888634797614,3.7655264326264954,1.8266124363575433,bound,ON_ADSORBATE,NORMAL,3.963590684633447,desorbed,DESORPTION,4.08815795851296,desorbed,1.2348989369152823,O2_LIKE,H_TRANSFERRED,slab_O,distal_O,Ni,DESORPTION,0.10156164001741688,0.2595501399531858,0,0,1,undefined,False,False
mp0__Ni34Fe6Cu29Co31,CENSUS-2,mp0,Ni34Fe6Cu29Co31,evaluated,0,3,Co,0.9873154466280152,2,2.1982323247933366,4.415547771421352,3.379386786275313,1.796741549565033,bound,ON_ADSORBATE,NORMAL,1.6588046303502877,bound,NORMAL,4.177941196876839,desorbed,1.234045224379358,O2_LIKE,H_TRANSFERRED,slab_O,proximal_O,Co,DESORPTION,0.05958428040827447,0.20842960651841483,0,0,0,undefined,False,False
mp0__Ni34Fe6Cu29Co31,CENSUS-2,mp0,Ni34Fe6Cu29Co31,evaluated,1,0,Fe,1.1837558197124052,1,2.413755819712405,4.696477659893041,3.981060096291651,1.8450639822289134,bound,ON_ADSORBATE,NORMAL,1.7045324837160127,bound,NORMAL,4.044656881419197,desorbed,1.2329848589602619,O2_LIKE,H_TRANSFERRED,slab_O,proximal_O,Fe,DESORPTION,0.0737654077438313,0.1901161174606941,0,0,0,undefined,False,False
mp0__Ni34Fe6Cu29Co31,CENSUS-2,mp0,Ni34Fe6Cu29Co31,evaluated,1,1,Ni,1.2313119665009093,2,2.2183955387543777,4.679707505255287,5.549831545008397,1.8388267110281336,bound,ON_ADSORBATE,NORMAL,1.744046259937187,bound,NORMAL,1.98844417681061,bound,1.3680549124732793,OOH_LIKE,ON_ADSORBATE,terminal_O,proximal_O,Ni,NORMAL,0.04306380999833896,0.18038964671264124,0,0,0,cus,True,True
mp0__Ni34Fe6Cu29Co31,CENSUS-2,mp0,Ni34Fe6Cu29Co31,evaluated,1,2,Fe,1.2415864521284288,2,2.248634062472347,4.720220514600776,3.899768229506799,1.8642831703745435,bound,ON_ADSORBATE,NORMAL,1.6992059977952432,bound,NORMAL,4.060145825356716,desorbed,1.2323527306186661,O2_LIKE,H_TRANSFERRED,slab_O,distal_O,Fe,DESORPTION,0.06255708369517747,0.2035411324682179,0,0,0,undefined,False,False
mp0__Ni34Fe6Cu29Co31,CENSUS-2,mp0,Ni34Fe6Cu29Co31,evaluated,1,3,Cu,1.0099659472395386,1,2.2399659472395386,1.8575369393714072,3.7698207026818067,1.888720329089714,bound,ON_ADSORBATE,NORMAL,3.693095699092003,desorbed,DESORPTION,3.7534380643585687,desorbed,1.2327377614551724,O2_LIKE,H_TRANSFERRED,slab_O,distal_O,Cu,DESORPTION,0.07710302898202395,0.21122882344777943,0,0,1,undefined,False,False
mp0__Ni34Fe6Cu29Co31,CENSUS-2,mp0,Ni34Fe6Cu29Co31,evaluated,2,0,Co,1.1492547165377571,1,2.379254716537757,4.366930440845003,3.3084037287807972,1.8087843681246345,bound,ON_ADSORBATE,NORMAL,1.6615267920883476,bound,NORMAL,3.993366226325413,desorbed,1.2331309061019642,O2_LIKE,H_TRANSFERRED,slab_O,proximal_O,Co,DESORPTION,0.06517623332800579,0.1662853812926021,0,0,0,undefined,False,False
mp0__Ni34Fe6Cu29Co31,CENSUS-2,mp0,Ni34Fe6Cu29Co31,evaluated,2,1,Co,1.1727497550615906,1,2.4027497550615906,4.400679217653298,3.2696931822698843,1.8324862969010918,bound,ON_ADSORBATE,NORMAL,1.6649906219069923,bound,NORMAL,3.6993938334039025,desorbed,1.2326055504136386,O2_LIKE,H_TRANSFERRED,slab_O,distal_O,Ni,DESORPTION,0.050331027869768875,0.15753793437272728,0,0,0,undefined,False,False
mp0__Ni34Fe6Cu29Co31,CENSUS-2,mp0,Ni34Fe6Cu29Co31,evaluated,2,2,Fe,1.1142508050620403,2,2.3334938264864875,4.677744631548528,5.5621500123548575,1.8241475836256198,bound,ON_ADSORBATE,NORMAL,1.6995011329113754,bound,NORMAL,1.9493251491923063,bound,1.3867623097719524,OOH_LIKE,ON_ADSORBATE,terminal_O,proximal_O,Fe,NORMAL,0.0659050589300811,0.15536136812102425,0,0,0,cus,True,True
mp0__Ni34Fe6Cu29Co31,CENSUS-2,mp0,Ni34Fe6Cu29Co31,evaluated,2,3,Ni,1.168130128582379,1,2.398130128582379,4.661440682262416,5.450790055091511,1.822123477256666,bound,ON_ADSORBATE,NORMAL,1.71775254243134,bound,NORMAL,1.9565826379879918,bound,1.3704352121781056,OOH_LIKE,ON_ADSORBATE,terminal_O,proximal_O,Ni,NORMAL,0.04109784490762715,0.14053132715523792,0,0,0,cus,True,True
mp0__Cu8Cr23Mn35Co34,CENSUS-2,mp0,Cu8Cr23Mn35Co34,evaluated,0,0,Mn,1.1657963041306356,2,1.7951604841404945,4.19095678827113,3.6563137479576766,1.8321877181996693,bound,ON_ADSORBATE,NORMAL,1.7260731153396374,bound,NORMAL,4.344683690234886,desorbed,1.2351489617687048,O2_LIKE,H_TRANSFERRED,slab_O,distal_O,Mn,DESORPTION,0.047623976325241915,0.2089924562567123,0,0,0,undefined,False,False
mp0__Cu8Cr23Mn35Co34,CENSUS-2,mp0,Cu8Cr23Mn35Co34,evaluated,0,1,Cr,0.992522606408548,3,2.1399412849437724,3.481456368841343,5.703978975249891,1.7812658738302802,bound,ON_ADSORBATE,RECONSTRUCTION,1.5772259258883932,bound,RECONSTRUCTION,1.9861389320306886,bound,1.385942592093928,OOH_LIKE,ON_ADSORBATE,terminal_O,proximal_O,Cr,NORMAL,0.08463790366275152,0.2326795976184687,0,0,2,cus,False,True
mp0__Cu8Cr23Mn35Co34,CENSUS-2,mp0,Cu8Cr23Mn35Co34,evaluated,0,2,Cr,0.9419986238185514,1,2.1719986238185514,3.583740437886597,3.793611175082867,1.7876276591953477,bound,ON_ADSORBATE,RECONSTRUCTION,1.5781987535220725,bound,RECONSTRUCTION,4.434701357693243,desorbed,1.2339068893727032,O2_LIKE,H_TRANSFERRED,slab_O,distal_O,Cr,DESORPTION,0.041968305855056426,0.1477160901064863,0,0,2,undefined,False,False
mp0__Cu8Cr23Mn35Co34,CENSUS-2,mp0,Cu8Cr23Mn35Co34,evaluated,0,3,Co,0.9359347949085075,1,2.1659347949085075,4.091528920753994,3.971422428110395,1.7699358858931205,bound,ON_ADSORBATE,NORMAL,1.6445319798813725,bound,NORMAL,2.5118477474267893,weak,1.236083507416085,O2_LIKE,H_TRANSFERRED,slab_O,proximal_O,Co,DISSOCIATION,0.07377934269399804,0.11072861736764861,0,1,0,bridge,False,False
mp0__Cu8Cr23Mn35Co34,CENSUS-2,mp0,Cu8Cr23Mn35Co34,evaluated,1,0,Mn,1.1712712392808111,2,1.7561489720429493,4.15742021132376,5.42115336306315,1.8416265393819706,bound,ON_ADSORBATE,NORMAL,1.729284211231658,bound,NORMAL,1.9018370696132116,bound,1.3999297429698325,OOH_LIKE,ON_ADSORBATE,terminal_O,proximal_O,Mn,NORMAL,0.036022287575393046,0.10394286287273612,0,0,0,cus,True,True
mp0__Cu8Cr23Mn35Co34,CENSUS-2,mp0,Cu8Cr23Mn35Co34,evaluated,1,1,Cu,1.1697921846182293,2,2.316360310585621,4.7161524952038505,5.636350317723975,1.8974925325484497,bound,ON_ADSORBATE,NORMAL,1.7925874297903976,bound,NORMAL,1.980528775345989,bound,1.372867729292829,OOH_LIKE,ON_ADSORBATE,terminal_O,proximal_O,Cu,NORMAL,0.04339735566558011,0.14242532823520834,0,0,0,cus,True,True
mp0__Cu8Cr23Mn35Co34,CENSUS-2,mp0,Cu8Cr23Mn35Co34,evaluated,1,2,Mn,1.1769062023483752,2,1.7771896248446226,4.184095827192998,3.7564860788314376,1.8462208971518443,bound,ON_ADSORBATE,NORMAL,1.7360831931331728,bound,NORMAL,4.304933486971667,desorbed,1.2345633215167309,O2_LIKE,H_TRANSFERRED,slab_O,distal_O,Mn,DESORPTION,0.06141551869672008,0.2638503742186677,0,0,0,undefined,False,False
mp0__Cu8Cr23Mn35Co34,CENSUS-2,mp0,Cu8Cr23Mn35Co34,evaluated,1,3,Mn,1.1401201884874421,2,1.8144930372060615,4.184613225693504,3.744811629224182,1.8398271656227236,bound,ON_ADSORBATE,NORMAL,1.7206750908832158,bound,NORMAL,3.8376331752881154,desorbed,1.231587468267663,O2_LIKE,H_TRANSFERRED,slab_O,distal_O,Mn,DESORPTION,0.07703984990107658,0.2823115211473975,0,0,0,undefined,False,False
mp0__Cu8Cr23Mn35Co34,CENSUS-2,mp0,Cu8Cr23Mn35Co34,evaluated,2,0,Co,1.0506954158553752,1,2.280695415855375,4.179692513155196,5.5289309357634355,1.7869605619096465,bound,ON_ADSORBATE,NORMAL,1.6443948471212666,bound,NORMAL,1.8635651787959933,bound,1.3882778412014976,OOH_LIKE,ON_ADSORBATE,terminal_O,proximal_O,Co,NORMAL,0.053615363497979296,0.14866160017018665,0,0,0,cus,True,True
mp0__Cu8Cr23Mn35Co34,CENSUS-2,mp0,Cu8Cr23Mn35Co34,evaluated,2,1,Co,0.8363970071222182,1,2.066397007122218,4.0896611278341695,5.460782498728998,1.7668564857827485,bound,ON_ADSORBATE,NORMAL,1.6397123073892603,bound,NORMAL,1.8481048859622269,bound,1.3920561220596415,OOH_LIKE,ON_ADSORBATE,terminal_O,proximal_O,Co,NORMAL,0.04831910521257636,0.15916017503211535,0,0,0,cus,True,True
mp0__Cu8Cr23Mn35Co34,CENSUS-2,mp0,Cu8Cr23Mn35Co34,evaluated,2,2,Mn,1.0254835105375673,2,2.0266866755406725,4.28217018607824,5.472344871631288,1.8437269590348941,bound,ON_ADSORBATE,NORMAL,1.743373854216716,bound,NORMAL,1.9243933080184303,bound,1.400775497557913,OOH_LIKE,ON_ADSORBATE,terminal_O,proximal_O,Mn,NORMAL,0.03589295133531368,0.13303134373811348,0,0,0,cus,True,True
mp0__Cu8Cr23Mn35Co34,CENSUS-2,mp0,Cu8Cr23Mn35Co34,evaluated,2,3,Cr,0.9219749013066036,3,2.0840201663910123,3.432287823568906,5.58426272487551,1.7920543333778725,bound,ON_ADSORBATE,RECONSTRUCTION,1.5772995681648756,bound,RECONSTRUCTION,1.9756864828933165,bound,1.3935667629811872,OOH_LIKE,ON_ADSORBATE,terminal_O,proximal_O,Cr,NORMAL,0.08225345044839615,0.2284704362817873,0,0,2,cus,False,True
mp0__Cu22Fe30Co32Mn15,CENSUS-2,mp0,Cu22Fe30Co32Mn15,evaluated,0,0,Co,1.0512803005157023,1,2.2812803005157023,4.223178292053426,3.599569885409005,1.7931081210848339,bound,ON_ADSORBATE,NORMAL,1.6635422208124016,bound,NORMAL,4.146934132369543,desorbed,1.234125305592547,O2_LIKE,H_TRANSFERRED,slab_O,distal_O,Co,DESORPTION,0.04079115367938786,0.1734083232355133,0,0,0,undefined,False,False
mp0__Cu22Fe30Co32Mn15,CENSUS-2,mp0,Cu22Fe30Co32Mn15,evaluated,0,1,Fe,1.1436381870741865,2,2.1893841724828165,4.563022359557003,3.625578285216386,1.8347917208308095,bound,ON_ADSORBATE,RECONSTRUCTION,1.6456483810080444,bound,RECONSTRUCTION,4.127628576118658,desorbed,1.2335342785477057,O2_LIKE,H_TRANSFERRED,slab_O,proximal_O,Fe,DESORPTION,0.047818365357857,0.17105591872002932,0,0,2,undefined,False,False
mp0__Cu22Fe30Co32Mn15,CENSUS-2,mp0,Cu22Fe30Co32Mn15,evaluated,0,2,Fe,1.1150157958658564,2,2.2426778592832464,4.587693655149103,3.5584960483294252,1.8395248694262034,bound,ON_ADSORBATE,NORMAL,1.6956805663426608,bound,NORMAL,4.322915205919783,desorbed,1.2349024517815785,O2_LIKE,H_TRANSFERRED,slab_O,distal_O,Fe,DESORPTION,0.049678115044468424,0.22962254353967884,0,0,0,undefined,False,False
mp0__Cu22Fe30Co32Mn15,CENSUS-2,mp0,Cu22Fe30Co32Mn15,evaluated,0,3,Co,1.0470196022265439,1,2.277019602226544,4.22708374951025,3.5270358849529315,1.786157232068621,bound,ON_ADSORBATE,NORMAL,1.6632497772085006,bound,NORMAL,4.135389128075009,desorbed,1.233798046382405,O2_LIKE,H_TRANSFERRED,slab_O,distal_O,Co,DESORPTION,0.05361237625910334,0.2380939186528113,0,0,0,undefined,False,False
mp0__Cu22Fe30Co32Mn15,CENSUS-2,mp0,Cu22Fe30Co32Mn15,evaluated,1,0,Fe,1.152195707282135,1,2.382195707282135,4.6335671663742275,3.8971212273502487,1.8596572984654434,bound,ON_ADSORBATE,NORMAL,1.6952765964702408,bound,NORMAL,4.125716885248085,desorbed,1.2338738479650966,O2_LIKE,H_TRANSFERRED,slab_O,distal_O,Fe,DESORPTION,0.05458712202241864,0.16241419073352117,0,0,0,undefined,False,False
mp0__Cu22Fe30Co32Mn15,CENSUS-2,mp0,Cu22Fe30Co32Mn15,evaluated,1,1,Cu,1.2250909617086858,2,2.2156416458418833,4.670732607550569,3.5172184377126654,1.8895260819778668,bound,ON_ADSORBATE,NORMAL,1.7827564876007505,bound,NORMAL,3.9571300343167968,desorbed,1.232559778867764,O2_LIKE,H_TRANSFERRED,slab_O,proximal_O,Cu,DESORPTION,0.05570369809541936,0.20848784888298094,0,0,0,undefined,False,False
mp0__Cu22Fe30Co32Mn15,CENSUS-2,mp0,Cu22Fe30Co32Mn15,evaluated,1,2,Fe,1.1207879187005458,1,2.350787918700546,4.597614738505733,3.7661089354030763,1.8477625358420602,bound,ON_ADSORBATE,NORMAL,1.6873344274938833,bound,NORMAL,4.2927202045331905,desorbed,1.2350331515155921,O2_LIKE,H_TRANSFERRED,slab_O,distal_O,Fe,DESORPTION,0.05007434442626692,0.20088273657314054,0,0,0,undefined,False,False
mp0__Cu22Fe30Co32Mn15,CENSUS-2,mp0,Cu22Fe30Co32Mn15,evaluated,1,3,Co,0.934320589166175,2,2.0802702461376428,4.244590835303818,5.528295952329666,1.8134263531008783,bound,ON_ADSORBATE,NORMAL,1.6642333413018573,bound,NORMAL,1.9081990712453718,bound,1.3823078029186324,OOH_LIKE,ON_ADSORBATE,terminal_O,proximal_O,Co,NORMAL,0.06073941402214612,0.17093762657315406,0,0,0,cus,True,True
mp0__Cu22Fe30Co32Mn15,CENSUS-2,mp0,Cu22Fe30Co32Mn15,evaluated,2,0,Mn,1.069752112123167,2,2.053689410681186,4.353441522804353,5.473713638318339,1.8549917866128807,bound,ON_ADSORBATE,NORMAL,1.7652262797377987,bound,NORMAL,1.9487554108382565,bound,1.3955547881816126,OOH_LIKE,ON_ADSORBATE,terminal_O,proximal_O,Mn,NORMAL,0.036528690860591864,0.16932236958518967,0,0,0,cus,True,True
mp0__Cu22Fe30Co32Mn15,CENSUS-2,mp0,Cu22Fe30Co32Mn15,evaluated,2,1,Co,1.0582941915677564,1,2.2882941915677564,4.303302813249495,5.550819253410987,1.7889067258235558,bound,ON_ADSORBATE,NORMAL,1.6595562351057827,bound,NORMAL,1.871733763421211,bound,1.3857774326425043,OOH_LIKE,ON_ADSORBATE,terminal_O,proximal_O,Co,NORMAL,0.0634272876317913,0.3362959642147069,0,0,0,cus,True,True
mp0__Cu22Fe30Co32Mn15,CENSUS-2,mp0,Cu22Fe30Co32Mn15,evaluated,2,2,Fe,1.067726828508098,2,2.290791324494846,4.588518153002944,3.505908722994684,1.8459392563415917,bound,ON_ADSORBATE,NORMAL,1.6712632048517102,bound,NORMAL,3.645451710989067,desorbed,1.2335223956813375,O2_LIKE,H_TRANSFERRED,slab_O,distal_O,Fe,DESORPTION,0.046107724877127755,0.19471252570162756,0,0,0,undefined,False,False
mp0__Cu22Fe30Co32Mn15,CENSUS-2,mp0,Cu22Fe30Co32Mn15,evaluated,2,3,Fe,1.1633129409159846,2,2.210305539193682,4.603618480109667,5.5856798032416695,1.8318222278833725,bound,ON_ADSORBATE,RECONSTRUCTION,1.6320879876608887,bound,RECONSTRUCTION,1.9455939040400398,bound,1.3968259223188317,OOH_LIKE,ON_ADSORBATE,terminal_O,proximal_O,Fe,NORMAL,0.06834531801904782,0.3197941870330012,0,0,2,cus,False,True
matpes__Ni31Cr29Cu5Mn35,CENSUS-2,matpes,Ni31Cr29Cu5Mn35,evaluated,0,0,Cr,0.4483130168751339,4,0.9538729399173572,1.9353117993604265,3.241686983124866,1.7856993758666082,bound,ON_ADSORBATE,NORMAL,1.5636260941628413,bound,RECONSTRUCTION,1.9173434107330087,bound,1.3929251283192128,OOH_LIKE,ON_ADSORBATE,terminal_O,proximal_O,Cr,NORMAL,0.07014547161891771,0.1844519670531974,0,0,1,cus,False,True
matpes__Ni31Cr29Cu5Mn35,CENSUS-2,matpes,Ni31Cr29Cu5Mn35,evaluated,0,1,Ni,0.9542954262470991,2,0.8150789316121173,2.9993743578592165,3.2205323215464587,1.8264197190423903,bound,ON_ADSORBATE,NORMAL,1.7276639449392277,bound,NORMAL,1.8680068855630139,bound,1.3920731494596854,OOH_LIKE,ON_ADSORBATE,terminal_O,proximal_O,Ni,NORMAL,0.04510052105126115,0.14356916626586033,0,0,0,cus,True,True
matpes__Ni31Cr29Cu5Mn35,CENSUS-2,matpes,Ni31Cr29Cu5Mn35,evaluated,0,2,Ni,0.9195765916512206,2,0.7832464367525173,2.932823028403738,3.372293419813006,1.823656545734467,bound,ON_ADSORBATE,NORMAL,1.727874927719861,bound,NORMAL,1.8696368890490291,bound,1.3866652569392417,OOH_LIKE,ON_ADSORBATE,terminal_O,proximal_O,Ni,NORMAL,0.04859406870003459,0.14552590020039102,0,0,0,cus,True,True
matpes__Ni31Cr29Cu5Mn35,CENSUS-2,matpes,Ni31Cr29Cu5Mn35,evaluated,0,3,Mn,0.995772288813682,2,0.5457980558326309,2.771570344646313,3.142298133901606,1.816124802350954,bound,ON_ADSORBATE,NORMAL,1.6167322171893825,bound,NORMAL,1.9138310213832368,bound,1.3831574310811467,OOH_LIKE,ON_ADSORBATE,terminal_O,proximal_O,Mn,NORMAL,0.0350516704671805,0.11088792185572253,0,0,0,cus,True,True
matpes__Ni31Cr29Cu5Mn35,CENSUS-2,matpes,Ni31Cr29Cu5Mn35,evaluated,1,0,Cr,0.5727018240266242,4,0.8073356001637076,2.05197179292066,3.1172981759733758,1.8254872579029255,bound,ON_ADSORBATE,NORMAL,1.5595714717972395,bound,RECONSTRUCTION,1.9470090844683785,bound,1.375107674898575,OOH_LIKE,ON_ADSORBATE,terminal_O,proximal_O,Cr,NORMAL,0.04352615793175822,0.12873701007131902,0,0,1,cus,False,True
matpes__Ni31Cr29Cu5Mn35,CENSUS-2,matpes,Ni31Cr29Cu5Mn35,evaluated,1,1,Ni,1.0716329329947163,2,0.6977681577548193,2.9994010907495356,3.214113811666509,1.8309126623580663,bound,ON_ADSORBATE,NORMAL,1.729050392216753,bound,NORMAL,1.8840183617230104,bound,1.3815600535275927,OOH_LIKE,ON_ADSORBATE,terminal_O,proximal_O,Ni,NORMAL,0.03937462447014124,0.13155095855102894,0,0,0,cus,True,True
matpes__Ni31Cr29Cu5Mn35,CENSUS-2,matpes,Ni31Cr29Cu5Mn35,evaluated,1,2,Cr,0.5505108332959461,4,0.7988621446395537,2.0037432647869826,3.139489166704054,1.8208910124804114,bound,ON_ADSORBATE,NORMAL,1.5586451351550326,bound,RECONSTRUCTION,1.9251877147219392,bound,1.3796285105753505,OOH_LIKE,ON_ADSORBATE,terminal_O,proximal_O,Cr,NORMAL,0.048364280551888204,0.15217748208493337,0,0,1,cus,False,True
matpes__Ni31Cr29Cu5Mn35,CENSUS-2,matpes,Ni31Cr29Cu5Mn35,evaluated,1,3,Cr,0.7131885643189415,4,0.9758490190586254,2.230860327970851,2.9768114356810584,1.8326187810972783,bound,ON_ADSORBATE,NORMAL,1.5698569747597433,bound,RECONSTRUCTION,2.0472375934566767,bound,1.3422947916896868,SUPEROXO_LIKE,ON_ADSORBATE,terminal_O,proximal_O,Cr,NORMAL,0.05370602950329431,0.12521596161612655,0,0,1,cus,False,True
matpes__Ni31Cr29Cu5Mn35,CENSUS-2,matpes,Ni31Cr29Cu5Mn35,evaluated,2,0,Mn,2.4433180001649797,4,0.6201509876488099,2.744993660317397,1.2466819998350203,1.8117639399363603,bound,ON_ADSORBATE,NORMAL,1.6543855690993,bound,NORMAL,2.238651486169785,weak,1.2283830954836092,O2_LIKE,H_TRANSFERRED,slab_O,proximal_O,Mn,DISSOCIATION,0.03383160765524065,0.11542531002690008,0,1,0,bridge,False,False
matpes__Ni31Cr29Cu5Mn35,CENSUS-2,matpes,Ni31Cr29Cu5Mn35,evaluated,2,1,Mn,2.4877412087403608,4,0.7351332314821203,2.8724657400167706,1.2022587912596392,1.8149440990961023,bound,ON_ADSORBATE,NORMAL,1.5830162309364637,bound,RECONSTRUCTION,2.3080979348830795,weak,1.2243878137904451,O2_LIKE,H_TRANSFERRED,slab_O,proximal_O,Mn,DISSOCIATION,0.02784489171312916,0.1043988192467131,0,1,1,bridge,False,False
matpes__Ni31Cr29Cu5Mn35,CENSUS-2,matpes,Ni31Cr29Cu5Mn35,evaluated,2,2,Cr,0.5032314691205082,4,0.7682866897164441,1.9195345399811068,3.1867685308794917,1.754132921397573,bound,ON_ADSORBATE,NORMAL,1.563472214928208,bound,RECONSTRUCTION,1.9372486522698087,bound,1.3802595922976784,OOH_LIKE,ON_ADSORBATE,terminal_O,proximal_O,Cr,NORMAL,0.04746744865005568,0.14602509589823254,0,0,1,cus,False,True
matpes__Ni31Cr29Cu5Mn35,CENSUS-2,matpes,Ni31Cr29Cu5Mn35,evaluated,2,3,Ni,2.4427944860349706,4,0.7172136792526199,3.116347197957004,1.2472055139650293,1.8256798457225778,bound,ON_ADSORBATE,NORMAL,1.7314660165089633,bound,NORMAL,2.803645403500069,weak,1.2217183811427188,O2_LIKE,H_TRANSFERRED,slab_O,proximal_O,Ni,DISSOCIATION,0.028441930140939476,0.10894460792653496,0,1,0,bridge,False,False
matpes__Fe25Co25Ni25Cr25,CENSUS-2,matpes,Fe25Co25Ni25Cr25,evaluated,0,0,Ni,1.0879984031586352,2,0.8999438681901321,3.2179422713487673,3.382834906160285,1.8187141991964,bound,ON_ADSORBATE,NORMAL,1.7312359983034322,bound,NORMAL,1.8701051154077808,bound,1.384623145645389,OOH_LIKE,ON_ADSORBATE,terminal_O,proximal_O,Ni,NORMAL,0.04008454294280969,0.15247755324863038,0,0,0,cus,True,True
matpes__Fe25Co25Ni25Cr25,CENSUS-2,matpes,Fe25Co25Ni25Cr25,evaluated,0,1,Co,0.9018771803950036,2,0.9886286228832087,3.1205058032782125,3.322230662286658,1.7898911077386856,bound,ON_ADSORBATE,NORMAL,1.6306742856465757,bound,NORMAL,1.8169355968415575,bound,1.3885725719084356,OOH_LIKE,ON_ADSORBATE,terminal_O,proximal_O,Co,NORMAL,0.050245099102121146,0.18087666472130523,0,0,0,cus,True,True
matpes__Fe25Co25Ni25Cr25,CENSUS-2,matpes,Fe25Co25Ni25Cr25,evaluated,0,2,Fe,0.7879614072752608,2,0.8472171160442595,2.8651785233195204,3.5380749144243437,1.786946005899277,bound,ON_ADSORBATE,NORMAL,1.6064515803716357,bound,NORMAL,1.8866023850472031,bound,1.395125735877419,OOH_LIKE,ON_ADSORBATE,terminal_O,proximal_O,Fe,NORMAL,0.0417137749708773,0.13017838769313414,0,0,0,cus,True,True
matpes__Fe25Co25Ni25Cr25,CENSUS-2,matpes,Fe25Co25Ni25Cr25,evaluated,0,3,Ni,1.7008020531068704,4,0.8372816118981173,3.15315409327821,1.9891979468931296,1.8278471995806214,bound,ON_ADSORBATE,NORMAL,1.743672957345975,bound,NORMAL,2.523413972206462,weak,1.2220366813547903,O2_LIKE,H_TRANSFERRED,slab_O,proximal_O,Ni,DISSOCIATION,0.057581105900748955,0.183323006346978,1,1,0,bridge,False,False
matpes__Fe25Co25Ni25Cr25,CENSUS-2,matpes,Fe25Co25Ni25Cr25,evaluated,1,0,Co,0.8252404478769355,2,0.6970982014576176,2.752338649334553,3.147912968096891,1.8043922909892622,bound,ON_ADSORBATE,NORMAL,1.6368677356506394,bound,NORMAL,1.8019502760558455,bound,1.3963593702260244,OOH_LIKE,ON_ADSORBATE,terminal_O,proximal_O,Co,NORMAL,0.03902392896098667,0.11286171267575659,0,0,0,cus,True,True
matpes__Fe25Co25Ni25Cr25,CENSUS-2,matpes,Fe25Co25Ni25Cr25,evaluated,1,1,Fe,1.7156541508805256,4,0.7948234052276003,2.647787357241106,1.9743458491194743,1.7987927471978573,bound,ON_ADSORBATE,NORMAL,1.6086157383765245,bound,NORMAL,3.3555455374221586,desorbed,1.2207036138290746,O2_LIKE,H_TRANSFERRED,slab_O,proximal_O,Fe,DESORPTION,0.07920152013828007,0.29769720842192854,0,0,0,undefined,False,False
matpes__Fe25Co25Ni25Cr25,CENSUS-2,matpes,Fe25Co25Ni25Cr25,evaluated,1,2,Co,1.7971154896963961,4,0.6794936832834647,2.7573438335807685,1.8928845103036038,1.8044398748487283,bound,ON_ADSORBATE,NORMAL,1.6360309903107537,bound,NORMAL,2.743830555634693,weak,1.2228949150088324,O2_LIKE,H_TRANSFERRED,slab_O,proximal_O,Co,DISSOCIATION,0.05498023614525152,0.21735704356357685,0,1,0,bridge,False,False
matpes__Fe25Co25Ni25Cr25,CENSUS-2,matpes,Fe25Co25Ni25Cr25,evaluated,1,3,Ni,1.0397229555424152,2,0.8068205371253153,3.0765434926677306,3.3392476037150955,1.819447961533539,bound,ON_ADSORBATE,NORMAL,1.725666535870099,bound,NORMAL,1.860982147367494,bound,1.3899709968438636,OOH_LIKE,ON_ADSORBATE,terminal_O,proximal_O,Ni,NORMAL,0.04440885806410098,0.13772674169181948,0,0,0,cus,True,True
matpes__Fe25Co25Ni25Cr25,CENSUS-2,matpes,Fe25Co25Ni25Cr25,evaluated,2,0,Cr,0.3503844104703129,4,0.8950765700344728,1.9708737262527685,3.339615589529687,1.7846125812515405,bound,ON_ADSORBATE,NORMAL,1.5600229531547851,bound,RECONSTRUCTION,1.915726094479304,bound,1.3874105397594256,OOH_LIKE,ON_ADSORBATE,terminal_O,proximal_O,Cr,NORMAL,0.04941902621244299,0.141958681929629,0,0,1,cus,False,True
matpes__Fe25Co25Ni25Cr25,CENSUS-2,matpes,Fe25Co25Ni25Cr25,evaluated,2,1,Ni,1.1062610841476177,2,0.9054834785502063,3.241744562697824,3.3600582713471723,1.8233891915657725,bound,ON_ADSORBATE,NORMAL,1.730556666493024,bound,NORMAL,1.8778634404468353,bound,1.3818528672104986,OOH_LIKE,ON_ADSORBATE,terminal_O,proximal_O,Ni,NORMAL,0.037461266016887575,0.132400345880775,0,0,0,cus,True,True
matpes__Fe25Co25Ni25Cr25,CENSUS-2,matpes,Fe25Co25Ni25Cr25,evaluated,2,2,Co,0.7826322783354405,2,0.7220206817731988,2.7346529601086393,3.2231372499689015,1.7884132323720472,bound,ON_ADSORBATE,NORMAL,1.6233699153698042,bound,NORMAL,1.8026315728748021,bound,1.391889719996015,OOH_LIKE,ON_ADSORBATE,terminal_O,proximal_O,Co,NORMAL,0.04046211753056911,0.12378008148033597,0,0,0,cus,True,True
matpes__Fe25Co25Ni25Cr25,CENSUS-2,matpes,Fe25Co25Ni25Cr25,evaluated,2,3,Fe,0.7452362595628435,2,0.9493564203205661,2.9245926798834097,3.5177044614932966,1.8025327214440907,bound,ON_ADSORBATE,NORMAL,1.6054578065730045,bound,NORMAL,1.894001116233399,bound,1.390945723789739,OOH_LIKE,ON_ADSORBATE,terminal_O,proximal_O,Fe,NORMAL,0.04060300548058343,0.13753259071065313,0,0,0,cus,True,True
matpes__Cu26Ni9Cr31Co33,CENSUS-2,matpes,Cu26Ni9Cr31Co33,evaluated,0,0,Cr,1.953373450362208,4,1.1205195237529435,1.4174403385184242,1.736626549637792,1.8433594503105108,bound,ON_ADSORBATE,NORMAL,1.5690758642266658,bound,RECONSTRUCTION,4.376580299189476,desorbed,1.3360355632314367,SUPEROXO_LIKE,ON_ADSORBATE,terminal_O,proximal_O,Cr,DESORPTION,0.5555878455718192,2.0445891586213536,1,0,2,undefined,False,False
matpes__Cu26Ni9Cr31Co33,CENSUS-2,matpes,Cu26Ni9Cr31Co33,evaluated,0,1,Ni,0.9404485795432853,2,0.7624835079775604,2.9329320875208458,3.0951507710936013,1.8369942834837554,bound,ON_ADSORBATE,NORMAL,1.7393174205678763,bound,NORMAL,1.8768013847018938,bound,1.3925580616676334,OOH_LIKE,ON_ADSORBATE,terminal_O,proximal_O,Ni,NORMAL,0.17829937565205156,0.46238695841091226,0,0,0,cus,True,True
matpes__Cu26Ni9Cr31Co33,CENSUS-2,matpes,Cu26Ni9Cr31Co33,evaluated,0,2,Cu,10.286898662750147,4,0.9295818896015472,3.288919617292783,-6.596898662750148,1.8192741410591473,bound,ON_ADSORBATE,NORMAL,1.777064027617189,bound,NORMAL,4.702769728446979,desorbed,0.8082275198618786,O2_LIKE,ON_ADSORBATE,terminal_O,proximal_O,Cu,DESORPTION,0.5174180782184381,1.9385429579902342,1,0,1,undefined,False,False
matpes__Cu26Ni9Cr31Co33,CENSUS-2,matpes,Cu26Ni9Cr31Co33,evaluated,0,3,Co,1.6872833196236323,4,0.6869262053467192,2.780031467963801,2.0027166803763676,1.812256652558028,bound,ON_ADSORBATE,NORMAL,1.6484993647203898,bound,NORMAL,1.8712053205972126,bound,1.3594008215903188,SUPEROXO_LIKE,ON_ADSORBATE,terminal_O,proximal_O,Co,RECONSTRUCTION,0.7244144976862644,1.800566610686887,0,0,1,cus,False,True
matpes__Cu26Ni9Cr31Co33,CENSUS-2,matpes,Cu26Ni9Cr31Co33,evaluated,1,0,Cr,0.605862131036063,4,0.7543765387881759,2.0864263573688566,3.084137868963937,1.8238212412315093,bound,ON_ADSORBATE,NORMAL,1.5622946224942522,bound,RECONSTRUCTION,1.959701802520623,bound,1.378478491424477,OOH_LIKE,ON_ADSORBATE,terminal_O,proximal_O,Cr,NORMAL,0.04996896316844036,0.15740208328775873,0,0,1,cus,False,True
matpes__Cu26Ni9Cr31Co33,CENSUS-2,matpes,Cu26Ni9Cr31Co33,evaluated,1,1,Cu,1.4334628527013118,4,0.9236358514515469,3.2382618802357745,2.256537147298688,1.8376268281025423,bound,ON_ADSORBATE,NORMAL,1.7828472055196831,bound,NORMAL,2.843377220840041,weak,1.2228884308164953,O2_LIKE,H_TRANSFERRED,slab_O,proximal_O,Cu,DISSOCIATION,0.2611066203358528,0.8928687737827175,0,1,1,bridge,False,False
matpes__Cu26Ni9Cr31Co33,CENSUS-2,matpes,Cu26Ni9Cr31Co33,evaluated,1,2,Cr,0.5414029268550147,4,0.7603016866505751,2.0612777523690573,3.1485970731449853,1.8244785260283523,bound,ON_ADSORBATE,NORMAL,1.5573048328820942,bound,RECONSTRUCTION,1.9439431226462893,bound,1.3808643507504264,OOH_LIKE,ON_ADSORBATE,terminal_O,proximal_O,Cr,NORMAL,0.04767404679615162,0.14956508604100854,0,0,1,cus,False,True
matpes__Cu26Ni9Cr31Co33,CENSUS-2,matpes,Cu26Ni9Cr31Co33,evaluated,1,3,Cr,2.1530754707381883,4,1.1692389865234074,2.352990204381178,1.5369245292618117,1.8328830769902185,bound,ON_ADSORBATE,RECONSTRUCTION,1.8132601650421591,bound,RECONSTRUCTION,3.697294503382796,desorbed,1.22123082690612,O2_LIKE,H_TRANSFERRED,slab_O,proximal_O,Cu,DESORPTION,0.0495450613934318,0.2155410595772455,0,0,2,undefined,False,False
matpes__Cu26Ni9Cr31Co33,CENSUS-2,matpes,Cu26Ni9Cr31Co33,evaluated,2,0,Co,9.436246397551074,4,0.7468314676697329,2.7204380324061566,-5.746246397551074,1.7989772721008688,bound,ON_ADSORBATE,NORMAL,1.6293553360922042,bound,NORMAL,4.469226967412291,desorbed,0.8057690312825309,O2_LIKE,ON_ADSORBATE,terminal_O,proximal_O,Co,DESORPTION,0.06020242380572175,0.16749781842359424,0,0,0,undefined,False,False
matpes__Cu26Ni9Cr31Co33,CENSUS-2,matpes,Cu26Ni9Cr31Co33,evaluated,2,1,Co,2.4948548957465144,4,0.9235468866203401,3.182393141850077,1.1951451042534855,1.8038570817066666,bound,ON_ADSORBATE,NORMAL,1.635073709537032,bound,NORMAL,2.7626258377760218,weak,1.2186600115824848,O2_LIKE,H_TRANSFERRED,slab_O,proximal_O,Co,DISSOCIATION,0.034419951614964,0.12322089743973236,0,1,0,bridge,False,False
matpes__Cu26Ni9Cr31Co33,CENSUS-2,matpes,Cu26Ni9Cr31Co33,evaluated,2,2,Cr,9.396316758904092,4,1.1176604256006724,2.212293747318319,-5.706316758904093,1.8175934044711706,bound,ON_ADSORBATE,NORMAL,1.5617883921421445,bound,RECONSTRUCTION,4.5415840773607465,desorbed,0.812833321549264,O2_LIKE,ON_ADSORBATE,terminal_O,proximal_O,Cr,DESORPTION,0.12691756602123186,0.5217033804235295,1,0,2,undefined,False,False
matpes__Cu26Ni9Cr31Co33,CENSUS-2,matpes,Cu26Ni9Cr31Co33,evaluated,2,3,Cu,9.830334004780113,4,1.111531409047768,3.5811623972729256,-6.140334004780113,1.8253524717706746,bound,ON_ADSORBATE,NORMAL,1.784036006475786,bound,NORMAL,4.526158065585832,desorbed,0.8010525042843333,O2_LIKE,ON_ADSORBATE,terminal_O,proximal_O,Co,DESORPTION,0.26179992194309504,0.5889154269007126,1,0,1,undefined,False,False
matpes__Ni34Fe6Cu29Co31,CENSUS-2,matpes,Ni34Fe6Cu29Co31,evaluated,0,0,Cu,1.3093940413658762,2,1.1680504671001128,3.707444508465989,3.704325706532147,1.830116667044663,bound,ON_ADSORBATE,NORMAL,1.7785757638860062,bound,NORMAL,1.9407187719936907,bound,1.3755359012373756,OOH_LIKE,ON_ADSORBATE,terminal_O,proximal_O,Cu,NORMAL,0.0467515944208235,0.13887256015246924,0,0,0,cus,True,True
matpes__Ni34Fe6Cu29Co31,CENSUS-2,matpes,Ni34Fe6Cu29Co31,evaluated,0,1,Ni,2.2507231782897614,4,0.8075065529260538,3.2339948449740694,1.4392768217102385,1.8311676602449174,bound,ON_ADSORBATE,NORMAL,1.746279694641617,bound,NORMAL,2.703902549750718,weak,1.2206582968239987,O2_LIKE,H_TRANSFERRED,slab_O,proximal_O,Ni,DISSOCIATION,0.0339831821343999,0.1336517535028758,0,1,0,bridge,False,False
matpes__Ni34Fe6Cu29Co31,CENSUS-2,matpes,Ni34Fe6Cu29Co31,evaluated,0,2,Ni,2.562378101517923,4,0.8901761152931268,3.37181860381009,1.1276218984820772,1.8289501899719929,bound,ON_ADSORBATE,NORMAL,1.7575107028625019,bound,NORMAL,2.9815107824448677,weak,1.2177695139253721,O2_LIKE,H_TRANSFERRED,slab_O,proximal_O,Ni,DISSOCIATION,0.03074295263540341,0.14252251148348352,0,1,0,bridge,False,False
matpes__Ni34Fe6Cu29Co31,CENSUS-2,matpes,Ni34Fe6Cu29Co31,evaluated,0,3,Co,2.544395111496713,4,1.0629060288342882,3.335081088834051,1.145604888503287,1.7961908498281256,bound,ON_ADSORBATE,NORMAL,1.6357496841253645,bound,NORMAL,3.1008470976184563,desorbed,1.2188377207456633,O2_LIKE,H_TRANSFERRED,slab_O,proximal_O,Co,DESORPTION,0.03275641850231152,0.11597241611198092,0,0,0,undefined,False,False
matpes__Ni34Fe6Cu29Co31,CENSUS-2,matpes,Ni34Fe6Cu29Co31,evaluated,1,0,Fe,0.764198298107444,2,0.9074871738265639,2.901685471934008,3.44995381653179,1.8077875072026806,bound,ON_ADSORBATE,NORMAL,1.608048446365037,bound,NORMAL,1.9242282236580621,bound,1.384732698210293,OOH_LIKE,ON_ADSORBATE,terminal_O,proximal_O,Fe,NORMAL,0.04389327726072313,0.12266364491826315,0,0,0,cus,True,True
matpes__Ni34Fe6Cu29Co31,CENSUS-2,matpes,Ni34Fe6Cu29Co31,evaluated,1,1,Ni,1.2368729588824996,2,0.8529842309037686,3.3198571897862683,3.384409500811573,1.832461628095494,bound,ON_ADSORBATE,NORMAL,1.7627073121911834,bound,NORMAL,1.8914099967284528,bound,1.3819777204374417,OOH_LIKE,ON_ADSORBATE,terminal_O,proximal_O,Ni,NORMAL,0.054823629479195585,0.16007950043091107,0,0,0,cus,True,True
matpes__Ni34Fe6Cu29Co31,CENSUS-2,matpes,Ni34Fe6Cu29Co31,evaluated,1,2,Fe,0.7815142531745911,2,0.8871975157433208,2.898711768917912,3.4701049771750987,1.8064190775110063,bound,ON_ADSORBATE,NORMAL,1.605509951084466,bound,NORMAL,1.9206416041599854,bound,1.3853441749352302,OOH_LIKE,ON_ADSORBATE,terminal_O,proximal_O,Fe,NORMAL,0.04373870348581261,0.15586202488455486,0,0,0,cus,True,True
matpes__Ni34Fe6Cu29Co31,CENSUS-2,matpes,Ni34Fe6Cu29Co31,evaluated,1,3,Cu,1.2680610184198846,2,1.1519044405208771,3.6499654589407617,3.6383795384254127,1.8331834131905589,bound,ON_ADSORBATE,NORMAL,1.782817689346365,bound,NORMAL,1.9534176339487304,bound,1.374589511728036,OOH_LIKE,ON_ADSORBATE,terminal_O,proximal_O,Cu,NORMAL,0.0571855419571717,0.23195710228133104,0,0,0,cus,True,True
matpes__Ni34Fe6Cu29Co31,CENSUS-2,matpes,Ni34Fe6Cu29Co31,evaluated,2,0,Co,0.9800116368591167,2,0.9615707907269208,3.1715824275860376,3.4130932450360816,1.8005091047382795,bound,ON_ADSORBATE,NORMAL,1.637031720224484,bound,NORMAL,1.842267014806203,bound,1.381529936070846,OOH_LIKE,ON_ADSORBATE,terminal_O,proximal_O,Co,NORMAL,0.038115702142021916,0.12675881848690262,0,0,0,cus,True,True
matpes__Ni34Fe6Cu29Co31,CENSUS-2,matpes,Ni34Fe6Cu29Co31,evaluated,2,1,Co,1.0309352280415984,2,1.10516572996313,3.3661009580047283,3.485337242444204,1.8027537475698048,bound,ON_ADSORBATE,NORMAL,1.635210622742246,bound,NORMAL,1.8516371485318026,bound,1.3817405724904328,OOH_LIKE,ON_ADSORBATE,terminal_O,proximal_O,Co,NORMAL,0.040774149645012095,0.12909516358593656,0,0,0,cus,True,True
matpes__Ni34Fe6Cu29Co31,CENSUS-2,matpes,Ni34Fe6Cu29Co31,evaluated,2,2,Fe,0.8203778950215925,2,0.9428304146697538,2.9932083096913464,3.5507520162497186,1.81288573540213,bound,ON_ADSORBATE,NORMAL,1.611864791414423,bound,NORMAL,1.9246993858462071,bound,1.3864134443245877,OOH_LIKE,ON_ADSORBATE,terminal_O,proximal_O,Fe,NORMAL,0.03370172718358042,0.10037812544879576,0,0,0,cus,True,True
matpes__Ni34Fe6Cu29Co31,CENSUS-2,matpes,Ni34Fe6Cu29Co31,evaluated,2,3,Ni,1.1689900352699985,2,0.8397532589076601,3.2387432941776586,3.337502145946148,1.8380548223355802,bound,ON_ADSORBATE,NORMAL,1.7525275007585788,bound,NORMAL,1.8866894325591044,bound,1.3764498501013018,OOH_LIKE,ON_ADSORBATE,terminal_O,proximal_O,Ni,NORMAL,0.0350266710209903,0.0999632957068118,0,0,0,cus,True,True
matpes__Cu8Cr23Mn35Co34,CENSUS-2,matpes,Cu8Cr23Mn35Co34,evaluated,0,0,Mn,1.0355296912499758,2,0.5482032833570084,2.8137329746069843,3.058897230163454,1.813103195951724,bound,ON_ADSORBATE,NORMAL,1.6482141017421006,bound,NORMAL,1.9449696495713473,bound,1.3691817152581045,OOH_LIKE,ON_ADSORBATE,terminal_O,proximal_O,Mn,NORMAL,0.036488312803324596,0.1219473576747447,0,0,0,cus,True,True
matpes__Cu8Cr23Mn35Co34,CENSUS-2,matpes,Cu8Cr23Mn35Co34,evaluated,0,1,Cr,0.46221527014158514,4,0.8579920132072058,2.095702002161153,3.227784729858415,1.7621947177732964,bound,ON_ADSORBATE,NORMAL,1.5559000527679359,bound,RECONSTRUCTION,1.953233937278469,bound,1.3691048907716374,OOH_LIKE,ON_ADSORBATE,terminal_O,proximal_O,Cr,NORMAL,0.048172826651321436,0.15105487708654258,0,0,1,cus,False,True
matpes__Cu8Cr23Mn35Co34,CENSUS-2,matpes,Cu8Cr23Mn35Co34,evaluated,0,2,Cr,0.49938980105882624,4,0.8872590102224759,2.101791953134245,3.1906101989411737,1.80793201681123,bound,ON_ADSORBATE,NORMAL,1.5557182356244723,bound,RECONSTRUCTION,1.9425621860722424,bound,1.3706094664100872,OOH_LIKE,ON_ADSORBATE,terminal_O,proximal_O,Cr,NORMAL,0.04940152144659122,0.16061542528498318,0,0,1,cus,False,True
matpes__Cu8Cr23Mn35Co34,CENSUS-2,matpes,Cu8Cr23Mn35Co34,evaluated,0,3,Co,2.407603412039678,4,0.8003821307438667,2.833435388555592,1.282396587960322,1.8039812146981937,bound,ON_ADSORBATE,NORMAL,1.630188266997523,bound,NORMAL,2.4287835648483265,weak,1.2201137393988342,O2_LIKE,H_TRANSFERRED,slab_O,proximal_O,Co,DISSOCIATION,0.03807177769774915,0.15250434334046006,0,1,0,bridge,False,False
matpes__Cu8Cr23Mn35Co34,CENSUS-2,matpes,Cu8Cr23Mn35Co34,evaluated,1,0,Mn,0.8726414530882627,2,0.40039355937245735,2.50303501246072,2.9280590696332793,1.803532650954037,bound,ON_ADSORBATE,NORMAL,1.6107738236448328,bound,NORMAL,1.905565135601823,bound,1.3789917792216144,OOH_LIKE,ON_ADSORBATE,terminal_O,proximal_O,Mn,NORMAL,0.03500537125242858,0.12031911702567151,0,0,0,cus,True,True
matpes__Cu8Cr23Mn35Co34,CENSUS-2,matpes,Cu8Cr23Mn35Co34,evaluated,1,1,Cu,1.1018735340842474,2,1.1588799707427708,3.490753504827018,3.5485290229596713,1.8310844877850823,bound,ON_ADSORBATE,NORMAL,1.7793281308428572,bound,NORMAL,1.9491976116775829,bound,1.3732116410665784,OOH_LIKE,ON_ADSORBATE,terminal_O,proximal_O,Cu,NORMAL,0.037701291202496164,0.14374569137080928,0,0,0,cus,True,True
matpes__Cu8Cr23Mn35Co34,CENSUS-2,matpes,Cu8Cr23Mn35Co34,evaluated,1,2,Mn,1.0221622513464714,2,0.33041018418590473,2.5825724355323763,2.943285242429981,1.8038670966161054,bound,ON_ADSORBATE,NORMAL,1.6222024183212287,bound,NORMAL,1.9012284982712084,bound,1.3827824735851193,OOH_LIKE,ON_ADSORBATE,terminal_O,proximal_O,Mn,NORMAL,0.0382060400326358,0.12023323914875193,0,0,0,cus,True,True
matpes__Cu8Cr23Mn35Co34,CENSUS-2,matpes,Cu8Cr23Mn35Co34,evaluated,1,3,Mn,2.464518158300323,4,0.4433947419086163,2.6687171555928506,1.2254818416996769,1.804322452306456,bound,ON_ADSORBATE,NORMAL,1.5858968534609053,bound,RECONSTRUCTION,2.3193063112543966,weak,1.224942162957036,O2_LIKE,H_TRANSFERRED,slab_O,proximal_O,Mn,DISSOCIATION,0.04423930802365218,0.14429199720414132,0,1,1,bridge,False,False
matpes__Cu8Cr23Mn35Co34,CENSUS-2,matpes,Cu8Cr23Mn35Co34,evaluated,2,0,Co,0.8246131964402954,2,0.7494022191624591,2.8040154156027546,3.048719439839276,1.822845277638157,bound,ON_ADSORBATE,NORMAL,1.6357078345698066,bound,NORMAL,1.8190184083735415,bound,1.3950656378131916,OOH_LIKE,ON_ADSORBATE,terminal_O,proximal_O,Co,NORMAL,0.0436221050437771,0.1460656323533972,0,0,0,cus,True,True
matpes__Cu8Cr23Mn35Co34,CENSUS-2,matpes,Cu8Cr23Mn35Co34,evaluated,2,1,Co,1.74967009534548,4,0.6919776556538973,2.6755201699248863,1.94032990465452,1.805676129282441,bound,ON_ADSORBATE,NORMAL,1.6316099708954255,bound,NORMAL,2.5151292146535273,weak,1.2236690011895688,O2_LIKE,H_TRANSFERRED,slab_O,proximal_O,Co,DISSOCIATION,0.05160059768534754,0.20551755371005662,0,1,0,bridge,False,False
matpes__Cu8Cr23Mn35Co34,CENSUS-2,matpes,Cu8Cr23Mn35Co34,evaluated,2,2,Mn,0.9995723146900124,2,0.5857196758304436,2.815291990520456,2.8642536990449954,1.821452687733638,bound,ON_ADSORBATE,NORMAL,1.6434084380964376,bound,NORMAL,1.9514090682688081,bound,1.3583879154288516,SUPEROXO_LIKE,ON_ADSORBATE,terminal_O,proximal_O,Mn,NORMAL,0.041038395173621005,0.11906207365473725,0,0,0,cus,True,True
matpes__Cu8Cr23Mn35Co34,CENSUS-2,matpes,Cu8Cr23Mn35Co34,evaluated,2,3,Cr,0.5351697146905261,4,0.7295794138490347,1.8291724507272484,3.154830285309474,1.7941354530484013,bound,ON_ADSORBATE,NORMAL,1.5587708756953549,bound,RECONSTRUCTION,1.8688257559824775,bound,1.395065263644647,OOH_LIKE,ON_ADSORBATE,terminal_O,proximal_O,Cr,NORMAL,0.06514473341540362,0.22076426779767272,0,0,1,cus,False,True
matpes__Cu22Fe30Co32Mn15,CENSUS-2,matpes,Cu22Fe30Co32Mn15,evaluated,0,0,Co,0.9379122919393827,2,0.8933281652466686,3.0612404571860514,3.273531648759119,1.790367520862084,bound,ON_ADSORBATE,NORMAL,1.6274740885831804,bound,NORMAL,1.8241932579653592,bound,1.387906776584634,OOH_LIKE,ON_ADSORBATE,terminal_O,proximal_O,Co,NORMAL,0.04285483043118743,0.14347292145868415,0,0,0,cus,True,True
matpes__Cu22Fe30Co32Mn15,CENSUS-2,matpes,Cu22Fe30Co32Mn15,evaluated,0,1,Fe,0.7371031048127312,2,0.9108850445318349,2.8779881493445663,3.518065147366103,1.7961453651435046,bound,ON_ADSORBATE,NORMAL,1.6055055964140035,bound,NORMAL,1.8974639340545234,bound,1.390610454316308,OOH_LIKE,ON_ADSORBATE,terminal_O,proximal_O,Fe,NORMAL,0.041418260755656404,0.12658395696171376,0,0,0,cus,True,True
matpes__Cu22Fe30Co32Mn15,CENSUS-2,matpes,Cu22Fe30Co32Mn15,evaluated,0,2,Fe,2.2034975832873878,4,0.8889549598308232,2.8810260957521967,1.4865024167126122,1.8025704771718738,bound,ON_ADSORBATE,NORMAL,1.6058355298316982,bound,NORMAL,3.3467744463194204,desorbed,1.2207145289763095,O2_LIKE,H_TRANSFERRED,slab_O,proximal_O,Fe,DESORPTION,0.033487555955471524,0.12706277019474022,0,0,0,undefined,False,False
matpes__Cu22Fe30Co32Mn15,CENSUS-2,matpes,Cu22Fe30Co32Mn15,evaluated,0,3,Co,2.2549230053052023,4,0.8801544640266566,3.0371582637043337,1.4350769946947977,1.7865701915812393,bound,ON_ADSORBATE,NORMAL,1.626920783282015,bound,NORMAL,2.7766741418703695,weak,1.221530866236198,O2_LIKE,H_TRANSFERRED,slab_O,proximal_O,Co,DISSOCIATION,0.03719555339854751,0.11585054647509295,0,1,0,bridge,False,False
matpes__Cu22Fe30Co32Mn15,CENSUS-2,matpes,Cu22Fe30Co32Mn15,evaluated,1,0,Fe,0.7770527440797403,4,0.8376458039861173,2.7491083899110498,2.9129472559202596,1.8004909208993776,bound,ON_ADSORBATE,NORMAL,1.6012060030992823,bound,NORMAL,1.9478799774382813,bound,1.3479444220228292,SUPEROXO_LIKE,ON_ADSORBATE,terminal_O,proximal_O,Fe,NORMAL,0.057763912073697396,0.11028821169942957,0,0,0,cus,True,True
matpes__Cu22Fe30Co32Mn15,CENSUS-2,matpes,Cu22Fe30Co32Mn15,evaluated,1,1,Cu,2.4434857266632415,4,1.1475223921861581,3.5373876246634444,1.2465142733367585,1.8237241754650326,bound,ON_ADSORBATE,NORMAL,1.7789883254221992,bound,NORMAL,3.3818765028149107,desorbed,1.220258269360634,O2_LIKE,H_TRANSFERRED,slab_O,proximal_O,Cu,DESORPTION,0.04677171829514757,0.18400013019069847,0,0,0,undefined,False,False
matpes__Cu22Fe30Co32Mn15,CENSUS-2,matpes,Cu22Fe30Co32Mn15,evaluated,1,2,Fe,0.6595708335526203,2,0.8717943880676667,2.761365221620287,3.4252699264267377,1.7985688921469312,bound,ON_ADSORBATE,NORMAL,1.601001783760794,bound,NORMAL,1.8991477945894641,bound,1.3896452625656164,OOH_LIKE,ON_ADSORBATE,terminal_O,proximal_O,Fe,NORMAL,0.0406672245637935,0.1380420149367288,0,0,0,cus,True,True
matpes__Cu22Fe30Co32Mn15,CENSUS-2,matpes,Cu22Fe30Co32Mn15,evaluated,1,3,Co,0.9865527003647818,2,0.9368902862166916,3.1534429865814735,3.361482275190285,1.7904176453417664,bound,ON_ADSORBATE,NORMAL,1.629475240882219,bound,NORMAL,1.8274131138644025,bound,1.3894747845562023,OOH_LIKE,ON_ADSORBATE,terminal_O,proximal_O,Co,NORMAL,0.04599848437359559,0.14515074407123368,0,0,0,cus,True,True
matpes__Cu22Fe30Co32Mn15,CENSUS-2,matpes,Cu22Fe30Co32Mn15,evaluated,2,0,Mn,1.0231862207676974,2,0.786238299083163,3.0394245198508605,3.3122644168488633,1.8118326008023904,bound,ON_ADSORBATE,NORMAL,1.5862507003268176,bound,NORMAL,1.9540641957266087,bound,1.3737260840348327,OOH_LIKE,ON_ADSORBATE,terminal_O,proximal_O,Mn,NORMAL,0.0322698514047033,0.09940194467587476,0,0,0,cus,True,True
matpes__Cu22Fe30Co32Mn15,CENSUS-2,matpes,Cu22Fe30Co32Mn15,evaluated,2,1,Co,0.96411468524549,2,0.945101810328094,3.139216495573584,3.3479615598219126,1.786160964715755,bound,ON_ADSORBATE,NORMAL,1.6300512073335,bound,NORMAL,1.835457297952324,bound,1.3809031067354745,OOH_LIKE,ON_ADSORBATE,terminal_O,proximal_O,Co,NORMAL,0.043441982817470255,0.152895104990746,0,0,0,cus,True,True
matpes__Cu22Fe30Co32Mn15,CENSUS-2,matpes,Cu22Fe30Co32Mn15,evaluated,2,2,Fe,0.8558059174500974,2,0.7958713533781857,2.881677270828283,3.4571411601586006,1.7927167125024992,bound,ON_ADSORBATE,NORMAL,1.601107872323179,bound,NORMAL,1.9041446272386902,bound,1.3880848957117946,OOH_LIKE,ON_ADSORBATE,terminal_O,proximal_O,Fe,NORMAL,0.04477722658474569,0.13025539521531704,0,0,0,cus,True,True
matpes__Cu22Fe30Co32Mn15,CENSUS-2,matpes,Cu22Fe30Co32Mn15,evaluated,2,3,Fe,0.8923643726143515,2,0.8446355466891301,2.9669999193034817,3.5119292128349726,1.7922479909184692,bound,ON_ADSORBATE,NORMAL,1.6065217557566667,bound,NORMAL,1.9047461366661775,bound,1.386380911710805,OOH_LIKE,ON_ADSORBATE,terminal_O,proximal_O,Fe,NORMAL,0.0497818910655856,0.14077645572483616,0,0,0,cus,True,True
omat0__Cr33Co5Ni29Cu33,CENSUS-2,omat0,Cr33Co5Ni29Cu33,evaluated,0,0,Ni,2.290045816570642,3,1.9225975186816986,1.5906255250929215,5.110671341663563,1.9129918240059152,bound,ON_ADSORBATE,NORMAL,3.1701110615426598,desorbed,DESORPTION,2.0451443357636947,bound,1.3884682975953517,OOH_LIKE,ON_ADSORBATE,terminal_O,proximal_O,Ni,NORMAL,0.040835151771308094,0.11121678609904512,0,0,1,cus,False,False
omat0__Cr33Co5Ni29Cu33,CENSUS-2,omat0,Cr33Co5Ni29Cu33,evaluated,0,1,Cr,0.9939670782478816,1,2.2239670782478815,3.2349139739716044,5.385916973930451,1.9138048983323326,bound,ON_ADSORBATE,NORMAL,1.9489340330602856,bound,NORMAL,2.1426623088298498,bound,1.3805796882224153,OOH_LIKE,ON_ADSORBATE,terminal_O,proximal_O,Cr,NORMAL,0.07020204479748214,0.19598102916610008,0,0,0,cus,True,True
omat0__Cr33Co5Ni29Cu33,CENSUS-2,omat0,Cr33Co5Ni29Cu33,evaluated,0,2,Cr,0.8654033433346244,1,2.0954033433346244,3.591395265241406,5.40456695517017,1.8604130762296598,bound,ON_ADSORBATE,RECONSTRUCTION,1.5813445531267858,bound,RECONSTRUCTION,3.3960361250716318,desorbed,1.3470257342829706,SUPEROXO_LIKE,ON_ADSORBATE,terminal_O,proximal_O,Cr,DESORPTION,0.04147742454171969,0.1344493650093111,0,0,2,undefined,False,False
omat0__Cr33Co5Ni29Cu33,CENSUS-2,omat0,Cr33Co5Ni29Cu33,evaluated,0,3,Cu,1.5038246996409312,3,1.2972500950677959,1.0775655105730702,3.8113902102140016,1.8483365562416165,bound,ON_ADSORBATE,RECONSTRUCTION,3.220616932013384,desorbed,DESORPTION,3.0523146319153733,desorbed,1.242226797326346,O2_LIKE,H_TRANSFERRED,slab_O,proximal_O,Cu,DESORPTION,0.0655102696417311,0.1905164797349664,0,0,2,undefined,False,False
omat0__Cr33Co5Ni29Cu33,CENSUS-2,omat0,Cr33Co5Ni29Cu33,evaluated,1,0,Co,1.019116876763512,2,1.8256565469984598,4.074773423761972,5.257531809676296,1.831907887258916,bound,ON_ADSORBATE,NORMAL,1.6403299118073218,bound,NORMAL,1.909939358180069,bound,1.393616053231341,OOH_LIKE,ON_ADSORBATE,terminal_O,proximal_O,Co,NORMAL,0.0699605964461438,0.1824022331879468,0,0,0,cus,True,True
omat0__Cr33Co5Ni29Cu33,CENSUS-2,omat0,Cr33Co5Ni29Cu33,evaluated,1,1,Cr,0.9892410252816335,1,2.2192410252816335,3.483997802921156,5.394151304026851,1.8870325214911217,bound,ON_ADSORBATE,NORMAL,1.5801331176461921,bound,RECONSTRUCTION,2.0699951930681464,bound,1.393518943943672,OOH_LIKE,ON_ADSORBATE,terminal_O,proximal_O,Cr,NORMAL,0.09234460733713763,0.32842292244105664,0,0,1,cus,False,True
omat0__Cr33Co5Ni29Cu33,CENSUS-2,omat0,Cr33Co5Ni29Cu33,evaluated,1,2,Ni,1.2817923600680885,2,1.96533827576792,4.477130635836009,5.366252732725259,1.8816455876134381,bound,ON_ADSORBATE,NORMAL,1.792783869160721,bound,NORMAL,2.0899936391856144,bound,1.3789183384455066,OOH_LIKE,ON_ADSORBATE,terminal_O,proximal_O,Ni,NORMAL,0.0576110013371396,0.16679635741167395,0,0,0,cus,True,True
omat0__Cr33Co5Ni29Cu33,CENSUS-2,omat0,Cr33Co5Ni29Cu33,evaluated,1,3,Ni,1.8395749372844463,2,1.3404109095776566,4.409985846862103,5.2013777510781285,1.9332533231565157,bound,ON_ADSORBATE,RECONSTRUCTION,1.831040519572096,bound,NORMAL,2.0752639297850544,bound,1.3868957263779185,OOH_LIKE,ON_ADSORBATE,terminal_O,proximal_O,Ni,NORMAL,0.06307164500437534,0.2046243933892025,0,0,1,cus,False,True
omat0__Cr33Co5Ni29Cu33,CENSUS-2,omat0,Cr33Co5Ni29Cu33,evaluated,2,0,Cu,1.1815040515418715,2,1.7947479949876315,4.206252046529503,5.203717370365753,1.8811120745249932,bound,ON_ADSORBATE,NORMAL,1.7913352580906148,bound,NORMAL,2.0189918482256894,bound,1.3861074062370742,OOH_LIKE,ON_ADSORBATE,terminal_O,proximal_O,Cu,NORMAL,0.10095053913994481,0.2657445995584915,0,0,0,cus,True,True
omat0__Cr33Co5Ni29Cu33,CENSUS-2,omat0,Cr33Co5Ni29Cu33,evaluated,2,1,Cu,1.2607485911054184,2,1.7274560365108873,4.218204627616306,3.74435000233794,1.8769108316963357,bound,ON_ADSORBATE,NORMAL,1.7946125078587516,bound,NORMAL,3.3038184404202453,desorbed,1.2393299058421183,O2_LIKE,H_TRANSFERRED,slab_O,proximal_O,Cu,DESORPTION,0.10039620154988968,0.2613674253599784,0,0,0,undefined,False,False
omat0__Cr33Co5Ni29Cu33,CENSUS-2,omat0,Cr33Co5Ni29Cu33,evaluated,2,2,Ni,1.1349161696127155,2,1.8889826697524659,4.253898839365181,5.16102382842408,1.9074470012032976,bound,ON_ADSORBATE,NORMAL,1.8327478178672565,bound,NORMAL,2.0830014074074024,bound,1.3859710365692846,OOH_LIKE,ON_ADSORBATE,terminal_O,proximal_O,Ni,NORMAL,0.11674547621433641,0.27514337825426255,0,0,0,cus,True,True
omat0__Cr33Co5Ni29Cu33,CENSUS-2,omat0,Cr33Co5Ni29Cu33,evaluated,2,3,Cr,0.5875500753086769,2,1.7174693008811919,3.5350193761898687,5.090838282118314,1.9063049863926953,bound,ON_ADSORBATE,NORMAL,1.5869658851097372,bound,RECONSTRUCTION,2.062333325668983,bound,1.3911876779702184,OOH_LIKE,ON_ADSORBATE,terminal_O,proximal_O,Cr,NORMAL,0.1218400648422754,0.33944029632389755,0,0,1,cus,False,True
omat0__Mn31Ni31Co33Cu6,CENSUS-2,omat0,Mn31Ni31Co33Cu6,evaluated,0,0,Ni,1.0995812484893506,2,2.0526575248381964,4.382238773327547,5.248262144523695,1.8849071574041192,bound,ON_ADSORBATE,NORMAL,1.787792550629315,bound,NORMAL,2.0158219242601207,bound,1.3794918179952504,OOH_LIKE,ON_ADSORBATE,terminal_O,proximal_O,Ni,NORMAL,0.03154875645343793,0.09742921146111184,0,0,0,cus,True,True
omat0__Mn31Ni31Co33Cu6,CENSUS-2,omat0,Mn31Ni31Co33Cu6,evaluated,0,1,Ni,1.1825717778826785,2,2.05720730738517,4.469779085267849,5.379164276800369,1.8853406564781816,bound,ON_ADSORBATE,NORMAL,1.795045568529847,bound,NORMAL,2.062541648111786,bound,1.375927988113907,OOH_LIKE,ON_ADSORBATE,terminal_O,proximal_O,Ni,NORMAL,0.03387150472279776,0.10070946443668408,0,0,0,cus,True,True
omat0__Mn31Ni31Co33Cu6,CENSUS-2,omat0,Mn31Ni31Co33Cu6,evaluated,0,2,Mn,1.2852060378017356,2,1.6198033810460974,4.135009418847833,5.074016733241622,1.892947054408691,bound,ON_ADSORBATE,NORMAL,1.7938331257260296,bound,NORMAL,2.007957399569132,bound,1.3893763147206946,OOH_LIKE,ON_ADSORBATE,terminal_O,proximal_O,Mn,NORMAL,0.04321948656952455,0.148267995216177,0,0,0,cus,True,True
omat0__Mn31Ni31Co33Cu6,CENSUS-2,omat0,Mn31Ni31Co33Cu6,evaluated,0,3,Co,0.9591277839426127,2,1.833590959759079,4.022718743701692,5.259281819596739,1.8322560196624298,bound,ON_ADSORBATE,NORMAL,1.6552683374979593,bound,NORMAL,1.909057163110389,bound,1.3937889592984387,OOH_LIKE,ON_ADSORBATE,terminal_O,proximal_O,Co,NORMAL,0.05522309798805798,0.17417174723261233,0,0,0,cus,True,True
omat0__Mn31Ni31Co33Cu6,CENSUS-2,omat0,Mn31Ni31Co33Cu6,evaluated,1,0,Ni,1.159032206796148,2,2.0035729019348882,4.392605108731036,2.9073938276881974,1.8857371624362285,bound,ON_ADSORBATE,NORMAL,1.793798724035391,bound,NORMAL,3.201061707200382,desorbed,1.2359836500653698,O2_LIKE,H_TRANSFERRED,slab_O,distal_O,Ni,DESORPTION,0.04818297933359117,0.20018080038077027,0,0,0,undefined,False,False
omat0__Mn31Ni31Co33Cu6,CENSUS-2,omat0,Mn31Ni31Co33Cu6,evaluated,1,1,Mn,1.2264198295546223,2,1.5881701804920003,4.0445900100466226,3.405784259601633,1.8872968968094739,bound,ON_ADSORBATE,NORMAL,1.7906298362135236,bound,NORMAL,3.332394213075294,desorbed,1.2407025965677787,O2_LIKE,H_TRANSFERRED,slab_O,proximal_O,Mn,DESORPTION,0.059522257314459516,0.16758176145166984,0,0,0,undefined,False,False
omat0__Mn31Ni31Co33Cu6,CENSUS-2,omat0,Mn31Ni31Co33Cu6,evaluated,1,2,Ni,1.1925426655829412,2,1.9702837058438836,4.392826371426825,5.319153038726798,1.8849736716567382,bound,ON_ADSORBATE,NORMAL,1.7923078611184828,bound,NORMAL,2.0331013279107877,bound,1.379112947069911,OOH_LIKE,ON_ADSORBATE,terminal_O,proximal_O,Ni,NORMAL,0.041121017720449855,0.13636806058909573,0,0,0,cus,True,True
omat0__Mn31Ni31Co33Cu6,CENSUS-2,omat0,Mn31Ni31Co33Cu6,evaluated,1,3,Ni,1.2241225527435446,2,1.9430777732245024,4.397200325968047,5.266554778073187,1.8983824265244216,bound,ON_ADSORBATE,NORMAL,1.7963709383859734,bound,NORMAL,2.0331945547720127,bound,1.3818126851073316,OOH_LIKE,ON_ADSORBATE,terminal_O,proximal_O,Ni,NORMAL,0.03161025394865481,0.10248535529709756,0,0,0,cus,True,True
omat0__Mn31Ni31Co33Cu6,CENSUS-2,omat0,Mn31Ni31Co33Cu6,evaluated,2,0,Co,1.0133222700542248,2,1.8279466876606993,4.071268957714924,5.273822019973666,1.8283317679508875,bound,ON_ADSORBATE,NORMAL,1.6601514841448346,bound,NORMAL,1.9102744372876168,bound,1.3931805838308549,OOH_LIKE,ON_ADSORBATE,terminal_O,proximal_O,Co,NORMAL,0.052675326061070456,0.1586268465618628,0,0,0,cus,True,True
omat0__Mn31Ni31Co33Cu6,CENSUS-2,omat0,Mn31Ni31Co33Cu6,evaluated,2,1,Co,0.8357995710311386,2,1.9120388601864424,3.977838431217581,5.175782659530542,1.8361898034254174,bound,ON_ADSORBATE,NORMAL,1.6639341465899669,bound,NORMAL,1.9005111088342572,bound,1.3975836876103995,OOH_LIKE,ON_ADSORBATE,terminal_O,proximal_O,Co,NORMAL,0.04494102682270353,0.13440179782723072,0,0,0,cus,True,True
omat0__Mn31Ni31Co33Cu6,CENSUS-2,omat0,Mn31Ni31Co33Cu6,evaluated,2,2,Ni,1.028834093657217,2,2.165203629295377,4.424037722952594,2.97099947468658,1.89096397759445,bound,ON_ADSORBATE,NORMAL,1.7924235224646836,bound,NORMAL,2.9929240645963184,weak,1.2359434464110957,O2_LIKE,H_TRANSFERRED,slab_O,distal_O,Ni,DISSOCIATION,0.04808097957500829,0.17992041741205816,0,1,0,bridge,False,False
omat0__Mn31Ni31Co33Cu6,CENSUS-2,omat0,Mn31Ni31Co33Cu6,evaluated,2,3,Mn,1.1352451569262527,2,1.713680838207495,4.078925995133748,3.7388321996670313,1.8810097084989832,bound,ON_ADSORBATE,NORMAL,1.7789687169444004,bound,NORMAL,2.418411467054577,weak,1.248473561004794,O2_LIKE,H_TRANSFERRED,slab_O,proximal_O,Mn,DISSOCIATION,0.04826667216076924,0.12501123353785432,0,1,0,bridge,False,False
omat0__Fe31Cu25Cr13Ni31,CENSUS-2,omat0,Fe31Cu25Cr13Ni31,evaluated,0,0,Cu,1.1648383650564185,2,2.1792298465998106,4.574068211656229,3.7163390676344377,1.89235626027458,bound,ON_ADSORBATE,NORMAL,1.8040269843978711,bound,NORMAL,3.0111979067953816,desorbed,1.2398689764322446,O2_LIKE,H_TRANSFERRED,slab_O,distal_O,Cu,DESORPTION,0.05569642669338592,0.18279554860129676,0,0,0,undefined,False,False
omat0__Fe31Cu25Cr13Ni31,CENSUS-2,omat0,Fe31Cu25Cr13Ni31,evaluated,0,1,Fe,1.050200363781407,2,1.9112065725993266,4.191406936380734,3.429231574907392,1.9245755253176138,bound,ON_ADSORBATE,NORMAL,1.7701305712056092,bound,NORMAL,3.4105430937040313,desorbed,1.2401212725011295,O2_LIKE,H_TRANSFERRED,slab_O,distal_O,Fe,DESORPTION,0.05155980911890364,0.18083294646968093,0,0,0,undefined,False,False
omat0__Fe31Cu25Cr13Ni31,CENSUS-2,omat0,Fe31Cu25Cr13Ni31,evaluated,0,2,Fe,1.1411431593821177,2,1.8829328731284822,4.2540760325106,3.604601425973813,1.9228386833953517,bound,ON_ADSORBATE,NORMAL,1.758269119293161,bound,NORMAL,3.3234912782322263,desorbed,1.2403371854764071,O2_LIKE,H_TRANSFERRED,slab_O,distal_O,Fe,DESORPTION,0.09522440533174431,0.2854633541916175,0,0,0,undefined,False,False
omat0__Fe31Cu25Cr13Ni31,CENSUS-2,omat0,Fe31Cu25Cr13Ni31,evaluated,0,3,Ni,1.149856593601264,2,2.052084875351625,4.431941468952889,3.6762066034316674,1.9243051428733642,bound,ON_ADSORBATE,NORMAL,1.8270496183434126,bound,NORMAL,3.640607249512139,desorbed,1.2431665070494406,O2_LIKE,H_TRANSFERRED,slab_O,distal_O,Ni,DESORPTION,0.0789857848770679,0.34461593444659594,0,0,0,undefined,False,False
omat0__Fe31Cu25Cr13Ni31,CENSUS-2,omat0,Fe31Cu25Cr13Ni31,evaluated,1,0,Cu,1.4155906392519384,2,2.099900393042049,4.745491032293987,3.591847898540466,1.8923687995590648,bound,ON_ADSORBATE,NORMAL,1.8039439243884912,bound,NORMAL,2.975189602886796,weak,1.237128037164845,O2_LIKE,H_TRANSFERRED,slab_O,distal_O,Cu,DISSOCIATION,0.042058044204821156,0.14567054287373374,0,1,0,bridge,False,False
omat0__Fe31Cu25Cr13Ni31,CENSUS-2,omat0,Fe31Cu25Cr13Ni31,evaluated,1,1,Fe,1.0560762950849991,2,1.8515787663880592,4.137655061473058,5.118031992343306,1.9084310529350696,bound,ON_ADSORBATE,NORMAL,1.7330468845737879,bound,NORMAL,2.0798299739484456,bound,1.3871332112671848,OOH_LIKE,ON_ADSORBATE,terminal_O,proximal_O,Fe,NORMAL,0.04333560201800343,0.13306489599481583,0,0,0,cus,True,True
omat0__Fe31Cu25Cr13Ni31,CENSUS-2,omat0,Fe31Cu25Cr13Ni31,evaluated,1,2,Cu,1.3932899363758153,2,2.0853782239655634,4.708668160341379,3.653862623325979,1.8861171356493276,bound,ON_ADSORBATE,NORMAL,1.8013239051371464,bound,NORMAL,3.2612449633933642,desorbed,1.2385099042367052,O2_LIKE,H_TRANSFERRED,slab_O,proximal_O,Cu,DESORPTION,0.048420410758745244,0.1593045619724848,0,0,0,undefined,False,False
omat0__Fe31Cu25Cr13Ni31,CENSUS-2,omat0,Fe31Cu25Cr13Ni31,evaluated,1,3,Cr,0.7371467865463801,1,1.96714678654638,3.5271532839680937,5.26374467212,1.8858113399959269,bound,ON_ADSORBATE,NORMAL,1.5726939491079643,bound,RECONSTRUCTION,2.072254334264731,bound,1.3866378801963783,OOH_LIKE,ON_ADSORBATE,terminal_O,proximal_O,Cr,NORMAL,0.07324472722793521,0.22255359000090313,0,0,1,cus,False,True
omat0__Fe31Cu25Cr13Ni31,CENSUS-2,omat0,Fe31Cu25Cr13Ni31,evaluated,2,0,Ni,1.2741864911034142,2,2.096797128628453,4.600983619731867,5.366498745616726,1.8896140683116665,bound,ON_ADSORBATE,NORMAL,1.7831412635251236,bound,NORMAL,2.06714192463413,bound,1.374619651823652,OOH_LIKE,ON_ADSORBATE,terminal_O,proximal_O,Ni,NORMAL,0.030725282864269673,0.11086479849135808,0,0,0,cus,True,True
omat0__Fe31Cu25Cr13Ni31,CENSUS-2,omat0,Fe31Cu25Cr13Ni31,evaluated,2,1,Ni,1.1261520119077701,2,2.2814931002869234,4.6376451121946936,5.3139340004462685,1.9262849507398747,bound,ON_ADSORBATE,NORMAL,1.7988103902211534,bound,NORMAL,2.1647001746955516,bound,1.371250461375729,OOH_LIKE,ON_ADSORBATE,terminal_O,proximal_O,Ni,NORMAL,0.02949012663779647,0.12318134292268543,0,0,0,cus,True,True
omat0__Fe31Cu25Cr13Ni31,CENSUS-2,omat0,Fe31Cu25Cr13Ni31,evaluated,2,2,Cu,1.370817621863857,2,2.0537881235215427,4.6546057453854,5.380777587395217,1.886375249772288,bound,ON_ADSORBATE,NORMAL,1.8049415063976981,bound,NORMAL,2.1234296270669453,bound,1.3665177003351874,OOH_LIKE,ON_ADSORBATE,terminal_O,proximal_O,Cu,NORMAL,0.027935970725718996,0.0857166647940535,0,0,0,cus,True,True
omat0__Fe31Cu25Cr13Ni31,CENSUS-2,omat0,Fe31Cu25Cr13Ni31,evaluated,2,3,Fe,1.0717017319879503,2,2.216756916979478,4.518458648967428,5.279842991516746,1.944302094285612,bound,ON_ADSORBATE,NORMAL,1.779849732256133,bound,NORMAL,2.1734582502414903,bound,1.3725530963276817,OOH_LIKE,ON_ADSORBATE,terminal_O,proximal_O,Fe,NORMAL,0.04252492283585794,0.134135239073455,0,0,0,cus,True,True
omat0__Mn34Cu7Fe33Cr27,CENSUS-2,omat0,Mn34Cu7Fe33Cr27,evaluated,0,0,Fe,1.255929494175568,2,1.843458991462001,4.329388485637569,5.198003067339615,1.9131207959753438,bound,ON_ADSORBATE,NORMAL,1.7429183495903127,bound,NORMAL,2.1304920941809837,bound,1.3802284601332164,OOH_LIKE,ON_ADSORBATE,terminal_O,proximal_O,Fe,NORMAL,0.03915407704038333,0.1402343438424771,0,0,0,cus,True,True
omat0__Mn34Cu7Fe33Cr27,CENSUS-2,omat0,Mn34Cu7Fe33Cr27,evaluated,0,1,Mn,1.3484506403489647,2,1.5220335122523925,4.100484152601357,4.4562407850279175,1.8874146539928465,bound,ON_ADSORBATE,NORMAL,1.7811745836298882,bound,NORMAL,2.04254190778559,bound,1.3578746034675508,SUPEROXO_LIKE,ON_ADSORBATE,terminal_O,proximal_O,Mn,NORMAL,0.04796678818443182,0.13196518993324613,0,0,0,cus,True,True
omat0__Mn34Cu7Fe33Cr27,CENSUS-2,omat0,Mn34Cu7Fe33Cr27,evaluated,0,2,Mn,1.3409332419357654,2,1.5396323614380099,4.110565603373775,5.017329942313923,1.8875990053359002,bound,ON_ADSORBATE,NORMAL,1.7825431174897373,bound,NORMAL,1.9984692241031508,bound,1.3934868112350103,OOH_LIKE,ON_ADSORBATE,terminal_O,proximal_O,Mn,NORMAL,0.045986047152886976,0.15158515231877812,0,0,0,cus,True,True
omat0__Mn34Cu7Fe33Cr27,CENSUS-2,omat0,Mn34Cu7Fe33Cr27,evaluated,0,3,Fe,1.0708063706521713,2,2.0131204305350825,4.313926801187254,5.180636381888322,1.928830132986452,bound,ON_ADSORBATE,NORMAL,1.7381496286606697,bound,NORMAL,2.1085785948310996,bound,1.382192627973332,OOH_LIKE,ON_ADSORBATE,terminal_O,proximal_O,Fe,NORMAL,0.04259392687958706,0.138002547004944,0,0,0,cus,True,True
omat0__Mn34Cu7Fe33Cr27,CENSUS-2,omat0,Mn34Cu7Fe33Cr27,evaluated,1,0,Cu,1.2262875954350463,2,2.2102754423956985,4.666563037830745,5.4653996392407596,1.898056454922014,bound,ON_ADSORBATE,NORMAL,1.8061877613719,bound,NORMAL,3.219950207818126,desorbed,1.3391423442979815,SUPEROXO_LIKE,ON_ADSORBATE,terminal_O,proximal_O,Cu,DESORPTION,0.02174350764328647,0.057411265875873994,0,0,0,undefined,False,False
omat0__Mn34Cu7Fe33Cr27,CENSUS-2,omat0,Mn34Cu7Fe33Cr27,evaluated,1,1,Mn,1.2406818708680518,2,1.5663290506235517,4.0370109214916035,3.8025507390890723,1.8872384265878912,bound,ON_ADSORBATE,NORMAL,1.791203067228099,bound,NORMAL,2.859142435974728,weak,1.2418511277748128,O2_LIKE,H_TRANSFERRED,slab_O,proximal_O,Mn,DISSOCIATION,0.04924940049997824,0.21485443178841204,0,1,0,bridge,False,False
omat0__Mn34Cu7Fe33Cr27,CENSUS-2,omat0,Mn34Cu7Fe33Cr27,evaluated,1,2,Cu,1.3514478386601851,2,2.0763028599046156,4.657750698564801,5.451249347974484,1.8966047936490527,bound,ON_ADSORBATE,NORMAL,1.804239559125595,bound,NORMAL,3.20840821950618,desorbed,1.3396634075447842,SUPEROXO_LIKE,ON_ADSORBATE,binding_O,distal_O,Cu,DESORPTION,0.02930791859331311,0.0523578027570203,0,0,0,undefined,False,False
omat0__Mn34Cu7Fe33Cr27,CENSUS-2,omat0,Mn34Cu7Fe33Cr27,evaluated,1,3,Fe,1.1799863831097284,2,1.8129993651677414,4.22298574827747,5.145957546612893,1.923560179659492,bound,ON_ADSORBATE,NORMAL,1.7468079381875712,bound,NORMAL,2.102404391109195,bound,1.3857597683216671,OOH_LIKE,ON_ADSORBATE,terminal_O,proximal_O,Fe,NORMAL,0.04493910707812554,0.13272230977280167,0,0,0,cus,True,True
omat0__Mn34Cu7Fe33Cr27,CENSUS-2,omat0,Mn34Cu7Fe33Cr27,evaluated,2,0,Cr,0.7618964711276321,1,1.9918964711276321,3.4533274460601184,5.182335093937555,1.8897629870259676,bound,ON_ADSORBATE,NORMAL,1.5691168681383585,bound,RECONSTRUCTION,2.0591871940296387,bound,1.3869496030095534,OOH_LIKE,ON_ADSORBATE,terminal_O,proximal_O,Cr,NORMAL,0.057530926504182296,0.18788542760666122,0,0,1,cus,False,True
omat0__Mn34Cu7Fe33Cr27,CENSUS-2,omat0,Mn34Cu7Fe33Cr27,evaluated,2,1,Fe,1.0581214053193477,2,2.0292624588216204,4.317383864140968,5.182902240486131,1.9287204137214293,bound,ON_ADSORBATE,NORMAL,1.7550528155974081,bound,NORMAL,2.123734900555653,bound,1.380951417972583,OOH_LIKE,ON_ADSORBATE,terminal_O,proximal_O,Fe,NORMAL,0.04436158552642925,0.13519140575328906,0,0,0,cus,True,True
omat0__Mn34Cu7Fe33Cr27,CENSUS-2,omat0,Mn34Cu7Fe33Cr27,evaluated,2,2,Cu,1.1568689687002731,2,2.2471008658051805,4.633969834505454,3.8623273389277712,1.9040690630218542,bound,ON_ADSORBATE,NORMAL,1.806793171379025,bound,NORMAL,3.1962107887574085,desorbed,1.2388109613785436,O2_LIKE,H_TRANSFERRED,slab_O,proximal_O,Cu,DESORPTION,0.049779335213782305,0.14793920619714648,0,0,0,undefined,False,False
omat0__Mn34Cu7Fe33Cr27,CENSUS-2,omat0,Mn34Cu7Fe33Cr27,evaluated,2,3,Mn,1.1739909981515027,2,1.7596871763260542,4.163678174477557,4.444012958707249,1.8918198490346938,bound,ON_ADSORBATE,NORMAL,1.800300266834471,bound,NORMAL,2.0765525865439987,bound,1.3487107259281161,SUPEROXO_LIKE,ON_ADSORBATE,terminal_O,proximal_O,Mn,NORMAL,0.03842750791597119,0.1310612112985261,0,0,0,cus,True,True
omat0__Co5Cu33Ni28Mn34,CENSUS-2,omat0,Co5Cu33Ni28Mn34,evaluated,0,0,Ni,1.1245171545162336,2,2.243677859691673,4.598195014207906,5.391611114344103,1.8829657597214715,bound,ON_ADSORBATE,NORMAL,1.7830788038611955,bound,NORMAL,2.074089930020152,bound,1.3721032525155714,OOH_LIKE,ON_ADSORBATE,terminal_O,proximal_O,Ni,NORMAL,0.03337533384006558,0.11296383941757805,0,0,0,cus,True,True
omat0__Co5Cu33Ni28Mn34,CENSUS-2,omat0,Co5Cu33Ni28Mn34,evaluated,0,1,Cu,1.2131036908551138,2,2.264812924546448,4.707916615401562,5.378010909101279,1.9095572581902487,bound,ON_ADSORBATE,NORMAL,1.8092727211267468,bound,NORMAL,2.140993761559207,bound,1.3677786314135885,OOH_LIKE,ON_ADSORBATE,terminal_O,proximal_O,Cu,NORMAL,0.03491356982669222,0.12785569958556584,0,0,0,cus,True,True
omat0__Co5Cu33Ni28Mn34,CENSUS-2,omat0,Co5Cu33Ni28Mn34,evaluated,0,2,Cu,1.3406344262651189,2,2.102908243880677,4.673542670145796,5.378162821642407,1.8889314132582007,bound,ON_ADSORBATE,NORMAL,1.8060065324621672,bound,NORMAL,2.162490367259348,bound,1.3629142837822406,OOH_LIKE,ON_ADSORBATE,terminal_O,proximal_O,Cu,NORMAL,0.030457608397801088,0.08471009612543214,0,0,0,cus,True,True
omat0__Co5Cu33Ni28Mn34,CENSUS-2,omat0,Co5Cu33Ni28Mn34,evaluated,0,3,Mn,1.2224201211350803,2,1.7263815046710538,4.178801625806134,5.0386197048926835,1.878473992185114,bound,ON_ADSORBATE,NORMAL,1.7678709866070073,bound,NORMAL,1.9935590977238344,bound,1.3905588403482256,OOH_LIKE,ON_ADSORBATE,terminal_O,proximal_O,Mn,NORMAL,0.05268303771879219,0.16406952891744844,0,0,0,cus,True,True
omat0__Co5Cu33Ni28Mn34,CENSUS-2,omat0,Co5Cu33Ni28Mn34,evaluated,1,0,Cu,1.3952856913884872,2,2.000833546010256,4.626119237398743,5.378489019357717,1.8806911099000232,bound,ON_ADSORBATE,NORMAL,1.8020617393998035,bound,NORMAL,2.1355706733321633,bound,1.3655138820242454,OOH_LIKE,ON_ADSORBATE,terminal_O,proximal_O,Cu,NORMAL,0.028865438358888582,0.09693914201762327,0,0,0,cus,True,True
omat0__Co5Cu33Ni28Mn34,CENSUS-2,omat0,Co5Cu33Ni28Mn34,evaluated,1,1,Co,0.8881492702465339,1,2.118149270246534,4.117670516406779,5.280789830748377,1.8326229571343937,bound,ON_ADSORBATE,NORMAL,1.652517797545054,bound,NORMAL,1.916277723938014,bound,1.3932882780764517,OOH_LIKE,ON_ADSORBATE,terminal_O,proximal_O,Co,NORMAL,0.052523049128335206,0.16605180417392695,0,0,0,cus,True,True
omat0__Co5Cu33Ni28Mn34,CENSUS-2,omat0,Co5Cu33Ni28Mn34,evaluated,1,2,Ni,1.2917601733877788,2,2.0627247777606503,4.584484951148429,5.385713474774635,1.8913468514454626,bound,ON_ADSORBATE,NORMAL,1.7968862858125005,bound,NORMAL,2.061622236052548,bound,1.3770138510119945,OOH_LIKE,ON_ADSORBATE,terminal_O,proximal_O,Ni,NORMAL,0.033785752289834915,0.11981237184422469,0,0,0,cus,True,True
omat0__Co5Cu33Ni28Mn34,CENSUS-2,omat0,Co5Cu33Ni28Mn34,evaluated,1,3,Ni,1.0842468527730418,2,2.1917951818152805,4.506042034588322,5.332964560654405,1.902755993047407,bound,ON_ADSORBATE,NORMAL,1.7996813491015533,bound,NORMAL,2.048700015282601,bound,1.3809763876805177,OOH_LIKE,ON_ADSORBATE,terminal_O,proximal_O,Ni,NORMAL,0.030997807310248895,0.10268373852824722,0,0,0,cus,True,True
omat0__Co5Cu33Ni28Mn34,CENSUS-2,omat0,Co5Cu33Ni28Mn34,evaluated,2,0,Mn,1.2496037988039959,2,1.989479338673505,4.469083137477501,5.252630264330692,1.890743895962443,bound,ON_ADSORBATE,NORMAL,1.8006827186686871,bound,NORMAL,2.0457142160656763,bound,1.3853220827177837,OOH_LIKE,ON_ADSORBATE,terminal_O,proximal_O,Mn,NORMAL,0.059864072845879295,0.18477430601717992,0,0,0,cus,True,True
omat0__Co5Cu33Ni28Mn34,CENSUS-2,omat0,Co5Cu33Ni28Mn34,evaluated,2,1,Mn,1.4526127067639933,2,1.7687671653284274,4.451379872092421,5.258887373739613,1.8905270609940188,bound,ON_ADSORBATE,NORMAL,1.7696726143103017,bound,NORMAL,2.045507121466021,bound,1.3849118441712018,OOH_LIKE,ON_ADSORBATE,terminal_O,proximal_O,Mn,NORMAL,0.05496176197787115,0.16386077515876413,0,0,0,cus,True,True
omat0__Co5Cu33Ni28Mn34,CENSUS-2,omat0,Co5Cu33Ni28Mn34,evaluated,2,2,Ni,1.1705276750017148,2,2.2696559028210577,4.6701835778227725,5.387432737277296,1.9091950700699876,bound,ON_ADSORBATE,NORMAL,1.7924349266339448,bound,NORMAL,2.095109981444837,bound,1.3734945150174795,OOH_LIKE,ON_ADSORBATE,terminal_O,proximal_O,Ni,NORMAL,0.03555985108007895,0.1228661323332998,0,0,0,cus,True,True
omat0__Co5Cu33Ni28Mn34,CENSUS-2,omat0,Co5Cu33Ni28Mn34,evaluated,2,3,Cu,1.479864567826148,2,1.9622422579371919,4.67210682576334,5.399939980830682,1.8868367998739763,bound,ON_ADSORBATE,NORMAL,1.8081881542506721,bound,NORMAL,2.0939292232730318,bound,1.3716591008681114,OOH_LIKE,ON_ADSORBATE,terminal_O,proximal_O,Cu,NORMAL,0.03555536419323585,0.09953812726534773,0,0,0,cus,True,True
omat0__Ni34Fe29Mn30Co7,CENSUS-2,omat0,Ni34Fe29Mn30Co7,evaluated,0,0,Fe,1.2746597540560103,2,1.962705244622271,4.467364998678281,5.314765656822006,1.9228641587127435,bound,ON_ADSORBATE,NORMAL,1.7694587781161009,bound,NORMAL,2.152241895489849,bound,1.372814204917444,OOH_LIKE,ON_ADSORBATE,terminal_O,proximal_O,Fe,NORMAL,0.04186442039986386,0.13124015454443333,0,0,0,cus,True,True
omat0__Ni34Fe29Mn30Co7,CENSUS-2,omat0,Ni34Fe29Mn30Co7,evaluated,0,1,Ni,1.1034307066303697,2,2.153215470177202,4.486646176807572,3.466550453508462,1.909996440048571,bound,ON_ADSORBATE,NORMAL,1.7968729829432635,bound,NORMAL,2.873562670889652,weak,1.2356566811741307,O2_LIKE,H_TRANSFERRED,slab_O,distal_O,Ni,DISSOCIATION,0.04767331799999102,0.18421701683529224,0,1,0,bridge,False,False
omat0__Ni34Fe29Mn30Co7,CENSUS-2,omat0,Ni34Fe29Mn30Co7,evaluated,0,2,Ni,1.2712690495030685,2,1.9967407417548775,4.498009791257946,2.9332419906688485,1.8888802327272989,bound,ON_ADSORBATE,NORMAL,1.7953296449117433,bound,NORMAL,3.1348563088187382,desorbed,1.2370733770201794,O2_LIKE,H_TRANSFERRED,slab_O,distal_O,Ni,DESORPTION,0.050716196159763964,0.21700364850117906,0,0,0,undefined,False,False
omat0__Ni34Fe29Mn30Co7,CENSUS-2,omat0,Ni34Fe29Mn30Co7,evaluated,0,3,Mn,1.2823460028306428,2,1.6413615503581132,4.153707553188756,3.5671713824017117,1.8896249905041496,bound,ON_ADSORBATE,NORMAL,1.7968357783741145,bound,NORMAL,3.4095152915811693,desorbed,1.242115381746774,O2_LIKE,H_TRANSFERRED,slab_O,proximal_O,Mn,DESORPTION,0.05046208768427742,0.17753880908118844,0,0,0,undefined,False,False
omat0__Ni34Fe29Mn30Co7,CENSUS-2,omat0,Ni34Fe29Mn30Co7,evaluated,1,0,Fe,1.2245569618957504,2,1.9841322868711022,4.438689248766853,3.660946468609866,1.9277992741256527,bound,ON_ADSORBATE,NORMAL,1.7769315385930646,bound,NORMAL,3.303245033283054,desorbed,1.2397317487682538,O2_LIKE,H_TRANSFERRED,slab_O,proximal_O,Fe,DESORPTION,0.058152576153441,0.22903566669268366,0,0,0,undefined,False,False
omat0__Ni34Fe29Mn30Co7,CENSUS-2,omat0,Ni34Fe29Mn30Co7,evaluated,1,1,Ni,1.2432447534803188,2,2.0536380953229814,4.5268828488033,3.5054967734471645,1.8993776724998408,bound,ON_ADSORBATE,NORMAL,1.8066343949369064,bound,NORMAL,3.2254706980126064,desorbed,1.2388867045262517,O2_LIKE,H_TRANSFERRED,slab_O,proximal_O,Ni,DESORPTION,0.051236566324709326,0.19737168422864343,0,0,0,undefined,False,False
omat0__Ni34Fe29Mn30Co7,CENSUS-2,omat0,Ni34Fe29Mn30Co7,evaluated,1,2,Fe,1.2352254276483947,2,1.9502976313380036,4.415523058986398,3.707189164780091,1.9207708969204793,bound,ON_ADSORBATE,NORMAL,1.7775714557777693,bound,NORMAL,3.288596528864837,desorbed,1.2397470144475997,O2_LIKE,H_TRANSFERRED,slab_O,proximal_O,Fe,DESORPTION,0.04934212223163788,0.1990633078496679,0,0,0,undefined,False,False
omat0__Ni34Fe29Mn30Co7,CENSUS-2,omat0,Ni34Fe29Mn30Co7,evaluated,1,3,Fe,1.2443025411135906,2,1.9859063954792195,4.46020893659281,5.332135577446055,1.9252613028858527,bound,ON_ADSORBATE,NORMAL,1.7892306753163378,bound,NORMAL,2.185790430232491,bound,1.3701580480856175,OOH_LIKE,ON_ADSORBATE,terminal_O,proximal_O,Fe,NORMAL,0.04194810791101091,0.13080455158550838,0,0,0,cus,True,True
omat0__Ni34Fe29Mn30Co7,CENSUS-2,omat0,Ni34Fe29Mn30Co7,evaluated,2,0,Mn,1.359002052898397,2,1.6103652032949758,4.199367256193373,3.6203471598267654,1.8932590719163231,bound,ON_ADSORBATE,NORMAL,1.7767760268559374,bound,NORMAL,3.217471421060511,desorbed,1.2418753982975963,O2_LIKE,H_TRANSFERRED,slab_O,proximal_O,Mn,DESORPTION,0.045347456768567905,0.14520206472457206,0,0,0,undefined,False,False
omat0__Ni34Fe29Mn30Co7,CENSUS-2,omat0,Ni34Fe29Mn30Co7,evaluated,2,1,Mn,2.2239782348109025,3,1.6196905904867553,1.601105214759546,5.055083449570448,1.8884767490646317,bound,ON_ADSORBATE,NORMAL,3.721611481120301,desorbed,DESORPTION,2.0075199226119205,bound,1.386950493196312,OOH_LIKE,ON_ADSORBATE,terminal_O,proximal_O,Mn,NORMAL,0.05024873439235081,0.1547907761854696,0,0,1,cus,False,False
omat0__Ni34Fe29Mn30Co7,CENSUS-2,omat0,Ni34Fe29Mn30Co7,evaluated,2,2,Fe,1.277568243327373,2,1.8985069147120162,4.406075158039389,3.683138698831813,1.9199795440974017,bound,ON_ADSORBATE,NORMAL,1.7580113830824715,bound,NORMAL,3.175198142243513,desorbed,1.2384844027689152,O2_LIKE,H_TRANSFERRED,slab_O,distal_O,Fe,DESORPTION,0.054007145836160134,0.16009216243014654,0,0,0,undefined,False,False
omat0__Ni34Fe29Mn30Co7,CENSUS-2,omat0,Ni34Fe29Mn30Co7,evaluated,2,3,Ni,1.2823816619279498,2,1.9319014832134944,4.444283145141444,3.5036599230427057,1.8848601466646109,bound,ON_ADSORBATE,NORMAL,1.7884406651527547,bound,NORMAL,3.0126063099036253,desorbed,1.2415129998409002,O2_LIKE,H_TRANSFERRED,slab_O,proximal_O,Ni,DESORPTION,0.053464594652240925,0.14867645953969844,0,0,0,undefined,False,False
mp0__Cr33Co5Ni29Cu33,CENSUS-2,mp0,Cr33Co5Ni29Cu33,evaluated,0,0,Ni,1.1908348411513314,1,2.4208348411513314,4.6503988328788,3.1940377991964737,1.7978091239389684,bound,ON_ADSORBATE,NORMAL,1.6702026766355187,bound,NORMAL,4.264005820489957,desorbed,1.2340442646910281,O2_LIKE,H_TRANSFERRED,slab_O,distal_O,Ni,DESORPTION,0.1481181274367588,0.5144198177444469,0,0,1,undefined,False,False
mp0__Cr33Co5Ni29Cu33,CENSUS-2,mp0,Cr33Co5Ni29Cu33,evaluated,0,1,Cr,1.2820781016566114,1,2.5120781016566114,4.006396417949638,4.960488603072031,1.8847322763645573,bound,ON_ADSORBATE,NORMAL,1.5798143576429524,bound,RECONSTRUCTION,2.968694101411475,weak,1.296619046394609,SUPEROXO_LIKE,ON_ADSORBATE,terminal_O,proximal_O,Cr,NORMAL,0.07836586436640203,0.15795681072576356,0,1,1,cus,False,True
mp0__Cr33Co5Ni29Cu33,CENSUS-2,mp0,Cr33Co5Ni29Cu33,evaluated,0,2,Cr,0.7821676713976897,1,2.0121676713976897,3.6232068487411127,3.775663463720741,1.7472157347382076,bound,ON_ADSORBATE,RECONSTRUCTION,1.580135524278368,bound,RECONSTRUCTION,4.224263627568726,desorbed,1.2343297982102686,O2_LIKE,H_TRANSFERRED,slab_O,distal_O,Cr,DESORPTION,0.19185657231307565,0.5694882776079837,0,0,3,undefined,False,False
mp0__Cr33Co5Ni29Cu33,CENSUS-2,mp0,Cr33Co5Ni29Cu33,evaluated,0,3,Cu,2.635364390685018,3,1.9835310333083087,1.6046873346034476,5.4700517252884655,1.8606596581668482,bound,ON_ADSORBATE,RECONSTRUCTION,3.785337536370848,desorbed,DESORPTION,1.9405495766791623,bound,1.374237454534201,OOH_LIKE,ON_ADSORBATE,terminal_O,proximal_O,Cu,NORMAL,0.04535778861176518,0.1261638754660663,0,0,2,cus,False,False
mp0__Cr33Co5Ni29Cu33,CENSUS-2,mp0,Cr33Co5Ni29Cu33,evaluated,1,0,Co,1.1335997910511422,1,2.363599791051142,4.324916152144446,3.9613668807023372,1.7911377482179138,bound,ON_ADSORBATE,NORMAL,1.6489884774470651,bound,NORMAL,4.656269769324051,desorbed,1.235647045910438,O2_LIKE,H_TRANSFERRED,slab_O,distal_O,Co,DESORPTION,0.08699554224014996,0.22058014290990408,0,0,0,undefined,False,False
mp0__Cr33Co5Ni29Cu33,CENSUS-2,mp0,Cr33Co5Ni29Cu33,evaluated,1,1,Cr,1.2463545351503056,1,2.4763545351503056,3.64601154953197,3.92347061992765,1.7758453670550975,bound,ON_ADSORBATE,RECONSTRUCTION,1.5921586068914428,bound,RECONSTRUCTION,4.232809387029101,desorbed,1.23460851881406,O2_LIKE,H_TRANSFERRED,slab_O,distal_O,Ni,DESORPTION,0.21289863775992615,0.6649313944116554,0,0,3,undefined,False,False
mp0__Cr33Co5Ni29Cu33,CENSUS-2,mp0,Cr33Co5Ni29Cu33,evaluated,1,2,Ni,1.302130916306778,2,2.1859879618517355,4.7181188781585135,5.630914015795691,1.8186816755210473,bound,ON_ADSORBATE,NORMAL,1.6789710167223617,bound,NORMAL,1.9236682627186261,bound,1.3843588059160796,OOH_LIKE,ON_ADSORBATE,terminal_O,proximal_O,Ni,NORMAL,0.07540551033999597,0.2191340646889587,0,0,0,cus,True,True
mp0__Cr33Co5Ni29Cu33,CENSUS-2,mp0,Cr33Co5Ni29Cu33,evaluated,1,3,Ni,1.255319350075001,1,2.485319350075001,4.727875494821369,3.4461699076315084,1.80112942941358,bound,ON_ADSORBATE,NORMAL,1.665877350895626,bound,NORMAL,4.240112985836475,desorbed,1.2356106744814301,O2_LIKE,H_TRANSFERRED,slab_O,distal_O,Ni,DESORPTION,0.061127524948410034,0.17092465700513965,0,0,0,undefined,False,False
mp0__Cr33Co5Ni29Cu33,CENSUS-2,mp0,Cr33Co5Ni29Cu33,evaluated,2,0,Cu,1.2977557464095524,1,2.5277557464095524,4.711454813571997,5.594651076871367,1.870826166682072,bound,ON_ADSORBATE,NORMAL,1.7705399053888964,bound,NORMAL,1.950140629961355,bound,1.3874620837111697,OOH_LIKE,ON_ADSORBATE,terminal_O,proximal_O,Cu,NORMAL,0.08554010688836292,0.23246893630275153,0,0,0,cus,True,True
mp0__Cr33Co5Ni29Cu33,CENSUS-2,mp0,Cr33Co5Ni29Cu33,evaluated,2,1,Cu,1.081930202704923,2,2.2549559143247664,4.566886117029689,5.491229954284188,1.8561242140654222,bound,ON_ADSORBATE,NORMAL,1.7696055196331422,bound,NORMAL,1.9053127598391337,bound,1.379363851699478,OOH_LIKE,ON_ADSORBATE,terminal_O,proximal_O,Cu,NORMAL,0.048049451459954255,0.15341575622773268,0,0,0,cus,True,True
mp0__Cr33Co5Ni29Cu33,CENSUS-2,mp0,Cr33Co5Ni29Cu33,evaluated,2,2,Ni,1.1583445745512062,2,2.3376041642503353,4.7259487388015415,5.654020821180518,1.8164328077896885,bound,ON_ADSORBATE,NORMAL,1.6963966463440052,bound,NORMAL,1.9231904959580668,bound,1.3801390854938222,OOH_LIKE,ON_ADSORBATE,terminal_O,proximal_O,Ni,NORMAL,0.05913214939775357,0.114952502024178,0,0,0,cus,True,True
mp0__Cr33Co5Ni29Cu33,CENSUS-2,mp0,Cr33Co5Ni29Cu33,evaluated,2,3,Cr,1.2060872870508659,1,2.436087287050866,4.05650583915871,5.809131940601981,1.8551664324883874,bound,ON_ADSORBATE,NORMAL,1.5819435268525626,bound,RECONSTRUCTION,3.953428452690965,desorbed,1.3478341652714254,SUPEROXO_LIKE,ON_ADSORBATE,terminal_O,proximal_O,Cr,DESORPTION,0.0036816308279986974,0.008918727335980753,0,0,1,undefined,False,False
mp0__Mn31Ni31Co33Cu6,CENSUS-2,mp0,Mn31Ni31Co33Cu6,evaluated,0,0,Ni,1.2047080386017681,1,2.434708038601768,4.68039997084508,3.4084631766940787,1.8108978328320477,bound,ON_ADSORBATE,NORMAL,1.6927105615520244,bound,NORMAL,4.099117508908624,desorbed,1.2331208952927553,O2_LIKE,H_TRANSFERRED,slab_O,distal_O,Ni,DESORPTION,0.04869745147727312,0.18522607086569792,0,0,0,undefined,False,False
mp0__Mn31Ni31Co33Cu6,CENSUS-2,mp0,Mn31Ni31Co33Cu6,evaluated,0,1,Ni,1.149886359590357,1,2.379886359590357,4.664599360706568,3.8418885985728592,1.808556706739711,bound,ON_ADSORBATE,NORMAL,1.6844151060549242,bound,NORMAL,4.322760072005919,desorbed,1.236326612063158,O2_LIKE,H_TRANSFERRED,slab_O,distal_O,Ni,DESORPTION,0.07102511368019328,0.21965913632718279,0,0,0,undefined,False,False
mp0__Mn31Ni31Co33Cu6,CENSUS-2,mp0,Mn31Ni31Co33Cu6,evaluated,0,2,Mn,1.2696570470936148,2,1.9560612186704973,4.455718265764112,3.3843192667121342,1.8600107451949761,bound,ON_ADSORBATE,NORMAL,1.765991354286679,bound,NORMAL,4.339389598007188,desorbed,1.2355370008470423,O2_LIKE,H_TRANSFERRED,slab_O,proximal_O,Mn,DESORPTION,0.03851598738874165,0.15283519709618848,0,0,0,undefined,False,False
mp0__Mn31Ni31Co33Cu6,CENSUS-2,mp0,Mn31Ni31Co33Cu6,evaluated,0,3,Co,1.11751020907609,1,2.34751020907609,4.291772976191844,3.3257313246332045,1.7905376855847788,bound,ON_ADSORBATE,NORMAL,1.6471597169995669,bound,NORMAL,4.183838882255286,desorbed,1.2342030930813996,O2_LIKE,H_TRANSFERRED,slab_O,distal_O,Co,DESORPTION,0.04626430522145007,0.15027518285918012,0,0,0,undefined,False,False
mp0__Mn31Ni31Co33Cu6,CENSUS-2,mp0,Mn31Ni31Co33Cu6,evaluated,1,0,Ni,1.1916943795747965,2,2.22252295810827,4.644217337683067,4.951474048546197,1.8416634444342914,bound,ON_ADSORBATE,NORMAL,1.694937798744566,bound,NORMAL,2.0801040022942816,bound,1.324037539791813,SUPEROXO_LIKE,ON_ADSORBATE,terminal_O,proximal_O,Ni,NORMAL,0.09984962258311837,0.20284309735653505,0,0,0,cus,True,True
mp0__Mn31Ni31Co33Cu6,CENSUS-2,mp0,Mn31Ni31Co33Cu6,evaluated,1,1,Mn,1.0017444153347537,2,2.123652129965335,4.3553965453000885,3.636856013598583,1.858651109573959,bound,ON_ADSORBATE,NORMAL,1.7618424802681198,bound,NORMAL,4.2064575134686315,desorbed,1.2349616896787352,O2_LIKE,H_TRANSFERRED,slab_O,distal_O,Mn,DESORPTION,0.05256300586443697,0.1798008541821487,0,0,0,undefined,False,False
mp0__Mn31Ni31Co33Cu6,CENSUS-2,mp0,Mn31Ni31Co33Cu6,evaluated,1,2,Ni,1.215836977046922,1,2.445836977046922,4.648682988292585,3.4568663255658065,1.8121043492532245,bound,ON_ADSORBATE,NORMAL,1.6942758457095655,bound,NORMAL,4.2129890236746945,desorbed,1.236020356731315,O2_LIKE,H_TRANSFERRED,slab_O,distal_O,Ni,DESORPTION,0.05539889957831448,0.19070451796278615,0,0,0,undefined,False,False
mp0__Mn31Ni31Co33Cu6,CENSUS-2,mp0,Mn31Ni31Co33Cu6,evaluated,1,3,Ni,1.2337179478031315,1,2.4637179478031315,4.676787177222586,3.6562853075735915,1.8175165944380354,bound,ON_ADSORBATE,NORMAL,1.6842800376822225,bound,NORMAL,4.224804653664402,desorbed,1.2353895167609734,O2_LIKE,H_TRANSFERRED,slab_O,distal_O,Mn,DESORPTION,0.06181672174486663,0.14326284618152263,0,0,0,undefined,False,False
mp0__Mn31Ni31Co33Cu6,CENSUS-2,mp0,Mn31Ni31Co33Cu6,evaluated,2,0,Co,1.1314881029718888,1,2.361488102971889,4.299353738522534,3.591178691720779,1.7831341019235953,bound,ON_ADSORBATE,NORMAL,1.6445588329308958,bound,NORMAL,4.384575826369141,desorbed,1.2346405623762695,O2_LIKE,H_TRANSFERRED,slab_O,distal_O,Co,DESORPTION,0.04232645886485879,0.1377306684180327,0,0,0,undefined,False,False
mp0__Mn31Ni31Co33Cu6,CENSUS-2,mp0,Mn31Ni31Co33Cu6,evaluated,2,1,Co,1.036426837955207,1,2.266426837955207,4.192244094083826,3.618015592296524,1.77452538010682,bound,ON_ADSORBATE,NORMAL,1.643494788426412,bound,NORMAL,4.434766541462568,desorbed,1.2354102212844962,O2_LIKE,H_TRANSFERRED,slab_O,distal_O,Co,DESORPTION,0.04853023291390595,0.16556826095607935,0,0,0,undefined,False,False
mp0__Mn31Ni31Co33Cu6,CENSUS-2,mp0,Mn31Ni31Co33Cu6,evaluated,2,2,Ni,1.2266771495435362,1,2.456677149543536,4.729686080839535,5.077725892959586,1.808749688281133,bound,ON_ADSORBATE,NORMAL,1.6884162138226184,bound,NORMAL,2.0823592804700812,bound,1.3236969302931791,SUPEROXO_LIKE,ON_ADSORBATE,terminal_O,proximal_O,Ni,NORMAL,0.0553526007896685,0.13536361498833505,0,0,0,cus,True,True
mp0__Mn31Ni31Co33Cu6,CENSUS-2,mp0,Mn31Ni31Co33Cu6,evaluated,2,3,Mn,1.0223943861756037,2,2.029928013774422,4.282322399950026,3.6377577507924115,1.8372446104985511,bound,ON_ADSORBATE,NORMAL,1.7432990939170123,bound,NORMAL,4.516601847305431,desorbed,1.2356329228141367,O2_LIKE,H_TRANSFERRED,slab_O,proximal_O,Mn,DESORPTION,0.05889122506066497,0.15878600140320295,0,0,0,undefined,False,False
mp0__Fe31Cu25Cr13Ni31,CENSUS-2,mp0,Fe31Cu25Cr13Ni31,evaluated,0,0,Cu,1.284548990505061,1,2.514548990505061,4.822747834280044,4.088873330344791,1.906099909668771,bound,ON_ADSORBATE,NORMAL,1.7777274717733258,bound,NORMAL,3.6563743802409685,desorbed,1.231985915021405,O2_LIKE,H_TRANSFERRED,slab_O,proximal_O,Cr,DESORPTION,0.10637739775591958,0.2480580617531383,0,0,0,undefined,False,False
mp0__Fe31Cu25Cr13Ni31,CENSUS-2,mp0,Fe31Cu25Cr13Ni31,evaluated,0,1,Fe,1.2174250640626836,1,2.4474250640626836,4.758199462801024,3.8595782502629503,1.831384082346649,bound,ON_ADSORBATE,NORMAL,1.658050137887528,bound,NORMAL,4.6201764068705575,desorbed,1.2373397460821645,O2_LIKE,H_TRANSFERRED,slab_O,distal_O,Ni,DESORPTION,0.09988242838013157,0.25671162102605294,0,0,0,undefined,False,False
mp0__Fe31Cu25Cr13Ni31,CENSUS-2,mp0,Fe31Cu25Cr13Ni31,evaluated,0,2,Fe,1.2141608632896759,2,2.297206207652009,4.741367070941685,3.6998939596099034,1.8568328921909818,bound,ON_ADSORBATE,NORMAL,1.6960660408391217,bound,NORMAL,3.9153801069726213,desorbed,1.2333085509941548,O2_LIKE,H_TRANSFERRED,slab_O,distal_O,Cu,DESORPTION,0.16738892834271166,0.4652934409664108,0,0,0,undefined,False,False
mp0__Fe31Cu25Cr13Ni31,CENSUS-2,mp0,Fe31Cu25Cr13Ni31,evaluated,0,3,Ni,1.209266918931621,1,2.439266918931621,4.758958784228405,5.624932330012905,1.822497932657272,bound,ON_ADSORBATE,NORMAL,1.6769009516104931,bound,NORMAL,1.8999062427290507,bound,1.3808417105727455,OOH_LIKE,ON_ADSORBATE,terminal_O,proximal_O,Ni,NORMAL,0.042964843644235355,0.14590849889389673,0,0,0,cus,True,True
mp0__Fe31Cu25Cr13Ni31,CENSUS-2,mp0,Fe31Cu25Cr13Ni31,evaluated,1,0,Cu,2.440184360426136,3,2.318169005190468,1.9113275192040577,5.5815118796301935,1.918805815343288,bound,ON_ADSORBATE,NORMAL,3.705195663990053,desorbed,DESORPTION,2.0638478441331203,bound,1.3604496327493196,OOH_LIKE,ON_ADSORBATE,terminal_O,proximal_O,Cu,NORMAL,0.03821488336669949,0.11369673955187157,0,0,1,cus,False,False
mp0__Fe31Cu25Cr13Ni31,CENSUS-2,mp0,Fe31Cu25Cr13Ni31,evaluated,1,1,Fe,1.0933257730468267,2,2.263770389912422,4.587096162959249,5.499039920303767,1.8345721999258777,bound,ON_ADSORBATE,NORMAL,1.7072547471556627,bound,NORMAL,1.9588305100689904,bound,1.3899922200175439,OOH_LIKE,ON_ADSORBATE,terminal_O,proximal_O,Fe,NORMAL,0.06209296184658745,0.18294404572273776,0,0,0,cus,True,True
mp0__Fe31Cu25Cr13Ni31,CENSUS-2,mp0,Fe31Cu25Cr13Ni31,evaluated,1,2,Cu,2.473594780811473,3,2.3025750355401144,1.88890846105533,5.592503241866803,1.912971645179855,bound,ON_ADSORBATE,NORMAL,3.7907440524773333,desorbed,DESORPTION,2.050262695403071,bound,1.3641045576266908,OOH_LIKE,ON_ADSORBATE,terminal_O,proximal_O,Cu,NORMAL,0.04287048705983597,0.12088709507743207,0,0,1,cus,False,False
mp0__Fe31Cu25Cr13Ni31,CENSUS-2,mp0,Fe31Cu25Cr13Ni31,evaluated,1,3,Cr,1.3042701874374414,1,2.5342701874374414,3.7821845250832595,5.729287895323376,1.876242419705046,bound,ON_ADSORBATE,NORMAL,1.5775748593250485,bound,RECONSTRUCTION,3.130770492630434,desorbed,1.3450477398062468,SUPEROXO_LIKE,ON_ADSORBATE,terminal_O,proximal_O,Cr,DESORPTION,0.025967070357988366,0.05888791141397005,0,0,1,undefined,False,False
mp0__Fe31Cu25Cr13Ni31,CENSUS-2,mp0,Fe31Cu25Cr13Ni31,evaluated,2,0,Ni,1.2691193024679022,1,2.499119302467902,4.767526828912985,5.605995551982142,1.8249213474141304,bound,ON_ADSORBATE,NORMAL,1.733612957638349,bound,NORMAL,1.976820916749294,bound,1.3667891251516502,OOH_LIKE,ON_ADSORBATE,terminal_O,proximal_O,Ni,NORMAL,0.03796243293658181,0.12176026560760553,0,0,0,cus,True,True
mp0__Fe31Cu25Cr13Ni31,CENSUS-2,mp0,Fe31Cu25Cr13Ni31,evaluated,2,1,Ni,1.246892761838228,1,2.476892761838228,4.7049492521547265,5.590297749668901,1.8053726148134557,bound,ON_ADSORBATE,NORMAL,1.6901918829588958,bound,NORMAL,1.934070645473138,bound,1.3735781753436251,OOH_LIKE,ON_ADSORBATE,terminal_O,proximal_O,Ni,NORMAL,0.03762948972074441,0.13233854867548167,0,0,0,cus,True,True
mp0__Fe31Cu25Cr13Ni31,CENSUS-2,mp0,Fe31Cu25Cr13Ni31,evaluated,2,2,Cu,1.2418443833350192,2,2.3597940903312904,4.83163847366631,3.4081701750673346,1.913683903759173,bound,ON_ADSORBATE,NORMAL,1.788385066188705,bound,NORMAL,3.7082849123878208,desorbed,1.2314925336999696,O2_LIKE,H_TRANSFERRED,slab_O,proximal_O,Cu,DESORPTION,0.05552269994693318,0.1554090713678307,0,0,0,undefined,False,False
mp0__Fe31Cu25Cr13Ni31,CENSUS-2,mp0,Fe31Cu25Cr13Ni31,evaluated,2,3,Fe,1.277887984442759,1,2.507887984442759,4.764119511228493,3.8791393141443904,1.8442849120329297,bound,ON_ADSORBATE,NORMAL,1.6724618921540293,bound,NORMAL,4.387206972591254,desorbed,1.2357522586692486,O2_LIKE,H_TRANSFERRED,slab_O,proximal_O,Fe,DESORPTION,0.06850965623284146,0.22779562872592055,0,0,0,undefined,False,False
mp0__Mn34Cu7Fe33Cr27,CENSUS-2,mp0,Mn34Cu7Fe33Cr27,evaluated,0,0,Fe,1.0730666155633228,1,2.303066615563323,4.57324557963863,3.5264432647955117,1.8484681472225328,bound,ON_ADSORBATE,NORMAL,1.6553289299861926,bound,NORMAL,4.331094969637101,desorbed,1.2345371370770444,O2_LIKE,H_TRANSFERRED,slab_O,distal_O,Fe,DESORPTION,0.05213254855591285,0.19652609421127956,0,0,0,undefined,False,False
mp0__Mn34Cu7Fe33Cr27,CENSUS-2,mp0,Mn34Cu7Fe33Cr27,evaluated,0,1,Mn,0.9976474473711345,2,2.0701774088915657,4.2978248562627,3.5229232685107603,1.8415598541348264,bound,ON_ADSORBATE,NORMAL,1.7298075204632903,bound,NORMAL,4.328281089599055,desorbed,1.2348261048754048,O2_LIKE,H_TRANSFERRED,slab_O,distal_O,Mn,DESORPTION,0.042224868602504864,0.1727346666210109,0,0,0,undefined,False,False
mp0__Mn34Cu7Fe33Cr27,CENSUS-2,mp0,Mn34Cu7Fe33Cr27,evaluated,0,2,Mn,1.009572357808322,2,2.093221981218646,4.332794339026968,3.5978397920589713,1.8485272516490534,bound,ON_ADSORBATE,NORMAL,1.7488692608554353,bound,NORMAL,4.249366332466535,desorbed,1.2349880496881886,O2_LIKE,H_TRANSFERRED,slab_O,distal_O,Mn,DESORPTION,0.04352281238837004,0.14657218602989752,0,0,0,undefined,False,False
mp0__Mn34Cu7Fe33Cr27,CENSUS-2,mp0,Mn34Cu7Fe33Cr27,evaluated,0,3,Fe,1.0654471856077405,1,2.2954471856077405,4.581331734477821,3.5808933005671633,1.848697477964435,bound,ON_ADSORBATE,NORMAL,1.6424067075263977,bound,NORMAL,4.110680018505842,desorbed,1.2335522509731527,O2_LIKE,H_TRANSFERRED,slab_O,proximal_O,Fe,DESORPTION,0.038905423529050895,0.1441442568164108,0,0,0,undefined,False,False
mp0__Mn34Cu7Fe33Cr27,CENSUS-2,mp0,Mn34Cu7Fe33Cr27,evaluated,1,0,Cu,1.216284991140685,1,2.446284991140685,4.7188649891363,5.652293759501072,1.8952147161597348,bound,ON_ADSORBATE,NORMAL,1.7845516305865035,bound,NORMAL,1.9943951839350957,bound,1.3755520693584284,OOH_LIKE,ON_ADSORBATE,terminal_O,proximal_O,Cu,NORMAL,0.04224086044044675,0.13599689250477723,0,0,0,cus,True,True
mp0__Mn34Cu7Fe33Cr27,CENSUS-2,mp0,Mn34Cu7Fe33Cr27,evaluated,1,1,Mn,1.0792506793650158,2,2.0214187843309035,4.330669463695919,5.499221586636475,1.8537207310300936,bound,ON_ADSORBATE,NORMAL,1.7268701641124813,bound,NORMAL,1.9247872363439205,bound,1.3963211732647116,OOH_LIKE,ON_ADSORBATE,terminal_O,proximal_O,Mn,NORMAL,0.04317518891328774,0.12289590384903668,0,0,0,cus,True,True
mp0__Mn34Cu7Fe33Cr27,CENSUS-2,mp0,Mn34Cu7Fe33Cr27,evaluated,1,2,Cu,1.1918088839694745,1,2.4218088839694745,4.716196772962455,5.6420290313907575,1.8965995823144903,bound,ON_ADSORBATE,NORMAL,1.7833762441935568,bound,NORMAL,1.9835133851354725,bound,1.376409237165958,OOH_LIKE,ON_ADSORBATE,terminal_O,proximal_O,Cu,NORMAL,0.04421325788723161,0.14670641117594466,0,0,0,cus,True,True
mp0__Mn34Cu7Fe33Cr27,CENSUS-2,mp0,Mn34Cu7Fe33Cr27,evaluated,1,3,Fe,1.118337328942789,1,2.348337328942789,4.556645772893937,5.631050449474481,1.8584817352132175,bound,ON_ADSORBATE,NORMAL,1.663483716462257,bound,NORMAL,2.0005559328776195,bound,1.3871939561024527,OOH_LIKE,ON_ADSORBATE,terminal_O,proximal_O,Fe,NORMAL,0.064277669705582,0.20519005904816842,0,0,0,cus,True,True
mp0__Mn34Cu7Fe33Cr27,CENSUS-2,mp0,Mn34Cu7Fe33Cr27,evaluated,2,0,Cr,1.0629487291260373,1,2.2929487291260373,3.7366427627683194,5.773689001406774,1.792569475793912,bound,ON_ADSORBATE,RECONSTRUCTION,1.5766467140478815,bound,RECONSTRUCTION,3.3563967878852026,desorbed,1.344897367337563,SUPEROXO_LIKE,ON_ADSORBATE,terminal_O,proximal_O,Cr,DESORPTION,0.02172827637424464,0.04524707975926657,0,0,2,undefined,False,False
mp0__Mn34Cu7Fe33Cr27,CENSUS-2,mp0,Mn34Cu7Fe33Cr27,evaluated,2,1,Fe,1.1066384003948313,1,2.3366384003948313,4.5969357837186,5.6975701537503145,1.848790977192165,bound,ON_ADSORBATE,NORMAL,1.6623912091554847,bound,NORMAL,2.0070443167491283,bound,1.3843123437293792,OOH_LIKE,ON_ADSORBATE,terminal_O,proximal_O,Fe,NORMAL,0.05142636753797373,0.21404478474952274,0,0,0,cus,True,True
mp0__Mn34Cu7Fe33Cr27,CENSUS-2,mp0,Mn34Cu7Fe33Cr27,evaluated,2,2,Cu,1.253479540493215,2,2.258972326790597,4.742451867283812,3.7189060209265334,1.870454495584753,bound,ON_ADSORBATE,NORMAL,1.786039503491588,bound,NORMAL,4.099332343542791,desorbed,1.2335152388911486,O2_LIKE,H_TRANSFERRED,slab_O,distal_O,Cu,DESORPTION,0.054937979462188674,0.1638267749489458,0,0,0,undefined,False,False
mp0__Mn34Cu7Fe33Cr27,CENSUS-2,mp0,Mn34Cu7Fe33Cr27,evaluated,2,3,Mn,1.0512422082555144,2,2.075222593165306,4.35646480142082,5.528205151876898,1.8608148620220293,bound,ON_ADSORBATE,NORMAL,1.7884007670923991,bound,NORMAL,1.9542428985049032,bound,1.3841340929868238,OOH_LIKE,ON_ADSORBATE,terminal_O,proximal_O,Mn,NORMAL,0.03321030319845161,0.15731389673003585,0,0,0,cus,True,True
mp0__Co5Cu33Ni28Mn34,CENSUS-2,mp0,Co5Cu33Ni28Mn34,evaluated,0,0,Ni,1.2408495352129192,1,2.470849535212919,4.7760768064063015,5.54094458731563,1.8150906999149523,bound,ON_ADSORBATE,NORMAL,1.7130045945708525,bound,NORMAL,1.9952411494194162,bound,1.3647348559708148,OOH_LIKE,ON_ADSORBATE,terminal_O,proximal_O,Ni,NORMAL,0.05232725334136569,0.14028739634303125,0,0,0,cus,True,True
mp0__Co5Cu33Ni28Mn34,CENSUS-2,mp0,Co5Cu33Ni28Mn34,evaluated,0,1,Cu,1.425832104365031,1,2.655832104365031,4.851248861959554,5.567287445492093,1.93934556547875,bound,ON_ADSORBATE,NORMAL,1.8404791055287297,bound,NORMAL,2.0611975077534788,bound,1.3633443782621641,OOH_LIKE,ON_ADSORBATE,terminal_O,proximal_O,Cu,NORMAL,0.035584537683323154,0.09750876375756667,0,0,0,cus,True,True
mp0__Co5Cu33Ni28Mn34,CENSUS-2,mp0,Co5Cu33Ni28Mn34,evaluated,0,2,Cu,1.404273937194648,1,2.634273937194648,4.858016957839759,3.8456473007107888,1.915353778033557,bound,ON_ADSORBATE,NORMAL,1.8025638752466138,bound,NORMAL,4.045473044797352,desorbed,1.2350657425243525,O2_LIKE,H_TRANSFERRED,slab_O,distal_O,Cu,DESORPTION,0.07353226234017594,0.19413975447835174,0,0,0,undefined,False,False
mp0__Co5Cu33Ni28Mn34,CENSUS-2,mp0,Co5Cu33Ni28Mn34,evaluated,0,3,Mn,1.0637141535560044,2,2.144748091277988,4.4384622448339925,4.921366312532564,1.8561426265765415,bound,ON_ADSORBATE,NORMAL,1.729901695937244,bound,NORMAL,2.0664799020288944,bound,1.3330418962785806,SUPEROXO_LIKE,ON_ADSORBATE,terminal_O,proximal_O,Mn,NORMAL,0.10115479375936316,0.26255126160684894,0,0,0,cus,True,True
mp0__Co5Cu33Ni28Mn34,CENSUS-2,mp0,Co5Cu33Ni28Mn34,evaluated,1,0,Cu,1.093534628375255,1,2.323534628375255,2.0015620434950776,3.8714018618869317,1.905851248368778,bound,ON_ADSORBATE,NORMAL,3.7325480673077065,desorbed,DESORPTION,3.4617872892388775,desorbed,1.2301319107330304,O2_LIKE,H_TRANSFERRED,slab_O,distal_O,Cu,DESORPTION,0.07891918423842235,0.27265685203443274,1,0,1,undefined,False,False
mp0__Co5Cu33Ni28Mn34,CENSUS-2,mp0,Co5Cu33Ni28Mn34,evaluated,1,1,Co,0.981240977035652,2,2.1576251027898636,4.368866079825516,3.453114387266987,1.8056400175150682,bound,ON_ADSORBATE,NORMAL,1.667652757160946,bound,NORMAL,3.82752829148989,desorbed,1.232871016120391,O2_LIKE,H_TRANSFERRED,slab_O,distal_O,Co,DESORPTION,0.048572152834094856,0.11682197439244905,0,0,0,undefined,False,False
mp0__Co5Cu33Ni28Mn34,CENSUS-2,mp0,Co5Cu33Ni28Mn34,evaluated,1,2,Ni,1.2475565062821214,2,2.2791605177668246,4.756717024048946,3.8638060555220135,1.829483551619776,bound,ON_ADSORBATE,NORMAL,1.7404000894376408,bound,NORMAL,4.235183252239596,desorbed,1.2346496182470572,O2_LIKE,H_TRANSFERRED,slab_O,distal_O,Ni,DESORPTION,0.0767484372369721,0.18888948061584254,0,0,0,undefined,False,False
mp0__Co5Cu33Ni28Mn34,CENSUS-2,mp0,Co5Cu33Ni28Mn34,evaluated,1,3,Ni,1.1973865118060187,1,2.4273865118060187,4.678335859923827,3.8841823291107516,1.8126896740997664,bound,ON_ADSORBATE,NORMAL,1.7324539879696867,bound,NORMAL,4.266762819743766,desorbed,1.2353470692944892,O2_LIKE,H_TRANSFERRED,slab_O,proximal_O,Ni,DESORPTION,0.06341215046503601,0.16482521501914613,0,0,0,undefined,False,False
mp0__Co5Cu33Ni28Mn34,CENSUS-2,mp0,Co5Cu33Ni28Mn34,evaluated,2,0,Mn,1.0089799676552342,2,2.172921423338862,4.411901390994096,5.528190026261393,1.833283128495916,bound,ON_ADSORBATE,NORMAL,1.6925788405956863,bound,NORMAL,1.9248399143711983,bound,1.3957810021335773,OOH_LIKE,ON_ADSORBATE,terminal_O,proximal_O,Mn,NORMAL,0.05273334061812081,0.22350276360110613,0,0,0,cus,True,True
mp0__Co5Cu33Ni28Mn34,CENSUS-2,mp0,Co5Cu33Ni28Mn34,evaluated,2,1,Mn,1.094763956605659,2,2.1444421078677167,4.469206064473376,5.559796185371647,1.8641590837489896,bound,ON_ADSORBATE,NORMAL,1.7722439037704603,bound,NORMAL,1.9626422874209855,bound,1.3869531104464927,OOH_LIKE,ON_ADSORBATE,terminal_O,proximal_O,Mn,NORMAL,0.056028256477094494,0.184932376997844,0,0,0,cus,True,True
mp0__Co5Cu33Ni28Mn34,CENSUS-2,mp0,Co5Cu33Ni28Mn34,evaluated,2,2,Ni,1.1736757939740867,1,2.4036757939740867,4.724774612921685,5.5746422678720595,1.80869325044232,bound,ON_ADSORBATE,NORMAL,1.6957539526520211,bound,NORMAL,1.9709068467584863,bound,1.371100441680448,OOH_LIKE,ON_ADSORBATE,terminal_O,proximal_O,Ni,NORMAL,0.037599596455330564,0.1245694449149371,0,0,0,cus,True,True
mp0__Co5Cu33Ni28Mn34,CENSUS-2,mp0,Co5Cu33Ni28Mn34,evaluated,2,3,Cu,1.2966908432907642,1,2.526690843290764,4.77637947081103,5.579949191539095,1.9078927313644578,bound,ON_ADSORBATE,NORMAL,1.8085415566340082,bound,NORMAL,2.0289426196789635,bound,1.36811431941842,OOH_LIKE,ON_ADSORBATE,terminal_O,proximal_O,Cu,NORMAL,0.03532188270553129,0.0880500738782937,0,0,0,cus,True,True
mp0__Ni34Fe29Mn30Co7,CENSUS-2,mp0,Ni34Fe29Mn30Co7,evaluated,0,0,Fe,1.2646920121747938,1,2.4946920121747937,4.726940334663702,3.821373139799357,1.8267011653187932,bound,ON_ADSORBATE,NORMAL,1.672880823489126,bound,NORMAL,4.351107645915566,desorbed,1.2359248534747354,O2_LIKE,H_TRANSFERRED,slab_O,distal_O,Fe,DESORPTION,0.07277119084031819,0.27782471625132393,0,0,0,undefined,False,False
mp0__Ni34Fe29Mn30Co7,CENSUS-2,mp0,Ni34Fe29Mn30Co7,evaluated,0,1,Ni,1.2889938545131825,1,2.5189938545131825,4.754034869246873,3.5247153639005773,1.820418484071615,bound,ON_ADSORBATE,NORMAL,1.6793555293115083,bound,NORMAL,4.129994844713662,desorbed,1.2345846989977922,O2_LIKE,H_TRANSFERRED,slab_O,distal_O,Ni,DESORPTION,0.0505187445350166,0.21620458155403532,0,0,0,undefined,False,False
mp0__Ni34Fe29Mn30Co7,CENSUS-2,mp0,Ni34Fe29Mn30Co7,evaluated,0,2,Ni,1.1997213453225184,1,2.4297213453225184,4.671885117456945,3.898370834351135,1.8129907121525999,bound,ON_ADSORBATE,NORMAL,1.6984393390035757,bound,NORMAL,4.072299101514721,desorbed,1.2335216003208251,O2_LIKE,H_TRANSFERRED,slab_O,proximal_O,Ni,DESORPTION,0.05308679217514615,0.21179064507315892,0,0,0,undefined,False,False
mp0__Ni34Fe29Mn30Co7,CENSUS-2,mp0,Ni34Fe29Mn30Co7,evaluated,0,3,Mn,1.234414083585973,2,2.0192476802793906,4.4836617638653635,3.5236699075582805,1.8709035203397986,bound,ON_ADSORBATE,NORMAL,1.78244739226369,bound,NORMAL,4.28814451618273,desorbed,1.235583784465824,O2_LIKE,H_TRANSFERRED,slab_O,distal_O,Ni,DESORPTION,0.0427384249961315,0.18019106620591038,0,0,0,undefined,False,False
mp0__Ni34Fe29Mn30Co7,CENSUS-2,mp0,Ni34Fe29Mn30Co7,evaluated,1,0,Fe,1.2426776511465958,1,2.4726776511465958,4.734854485312773,3.5240271214619496,1.8609593521088672,bound,ON_ADSORBATE,NORMAL,1.6868097919762697,bound,NORMAL,4.5171368727345,desorbed,1.235162456582428,O2_LIKE,H_TRANSFERRED,slab_O,distal_O,Fe,DESORPTION,0.05604895007614025,0.21293387231626815,0,0,0,undefined,False,False
mp0__Ni34Fe29Mn30Co7,CENSUS-2,mp0,Ni34Fe29Mn30Co7,evaluated,1,1,Ni,1.2484458707437396,1,2.4784458707437396,4.7220643837684335,3.799314685101558,1.8089896642849201,bound,ON_ADSORBATE,NORMAL,1.6928661632646003,bound,NORMAL,4.218352791053612,desorbed,1.233570498389238,O2_LIKE,H_TRANSFERRED,slab_O,proximal_O,Ni,DESORPTION,0.060802815150333665,0.27241845009513105,0,0,0,undefined,False,False
mp0__Ni34Fe29Mn30Co7,CENSUS-2,mp0,Ni34Fe29Mn30Co7,evaluated,1,2,Fe,1.221776696346626,1,2.451776696346626,4.722720869059451,3.5137143150482415,1.860974280721222,bound,ON_ADSORBATE,NORMAL,1.6805556109968443,bound,NORMAL,3.931688870569898,desorbed,1.2342363447866018,O2_LIKE,H_TRANSFERRED,slab_O,distal_O,Fe,DESORPTION,0.055755744504155415,0.2113912526068034,0,0,0,undefined,False,False
mp0__Ni34Fe29Mn30Co7,CENSUS-2,mp0,Ni34Fe29Mn30Co7,evaluated,1,3,Fe,1.2018017443756843,2,2.352742203709879,4.784543948085563,3.9084334742696227,1.8379520049835505,bound,ON_ADSORBATE,NORMAL,1.674505651284325,bound,NORMAL,4.395911918952622,desorbed,1.2355514181483442,O2_LIKE,H_TRANSFERRED,slab_O,proximal_O,Fe,DESORPTION,0.06666007906782569,0.22882960502526078,0,0,0,undefined,False,False
mp0__Ni34Fe29Mn30Co7,CENSUS-2,mp0,Ni34Fe29Mn30Co7,evaluated,2,0,Mn,1.0444651845185557,2,2.2335629818121263,4.508028166330682,3.3059580876738095,1.8731850033291986,bound,ON_ADSORBATE,NORMAL,1.7692012053284176,bound,NORMAL,3.5597527636464967,desorbed,1.2311268685033387,O2_LIKE,H_TRANSFERRED,slab_O,proximal_O,Fe,DESORPTION,0.04351560055149538,0.18247303581518284,0,0,0,undefined,False,False
mp0__Ni34Fe29Mn30Co7,CENSUS-2,mp0,Ni34Fe29Mn30Co7,evaluated,2,1,Mn,1.042341134052367,1,2.272341134052367,4.5293454015531935,3.34099971413101,1.8713645230092215,bound,ON_ADSORBATE,NORMAL,1.796769172729178,bound,NORMAL,4.237731727088517,desorbed,1.2353796034416897,O2_LIKE,H_TRANSFERRED,slab_O,proximal_O,Mn,DESORPTION,0.04690264868975235,0.14062462980075996,0,0,0,undefined,False,False
mp0__Ni34Fe29Mn30Co7,CENSUS-2,mp0,Ni34Fe29Mn30Co7,evaluated,2,2,Fe,1.1696170363400595,1,2.3996170363400595,4.6721539706941755,4.039319361066157,1.8428944134523366,bound,ON_ADSORBATE,NORMAL,1.6792044787247795,bound,NORMAL,4.104809326730467,desorbed,1.2348669177600016,O2_LIKE,H_TRANSFERRED,slab_O,distal_O,Fe,DESORPTION,0.058408221320901045,0.2283187972646616,0,0,0,undefined,False,False
mp0__Ni34Fe29Mn30Co7,CENSUS-2,mp0,Ni34Fe29Mn30Co7,evaluated,2,3,Ni,1.2246998915321567,1,2.4546998915321567,4.693257437502943,3.948951473054899,1.833606093706874,bound,ON_ADSORBATE,NORMAL,1.702811011353216,bound,NORMAL,4.076460131787167,desorbed,1.2357697524125928,O2_LIKE,H_TRANSFERRED,slab_O,proximal_O,Ni,DESORPTION,0.06483362192627729,0.260630409750249,0,0,0,undefined,False,False
matpes__Cr33Co5Ni29Cu33,CENSUS-2,matpes,Cr33Co5Ni29Cu33,evaluated,0,0,Ni,2.4385402504672564,4,0.6787628509918132,3.0038121937899467,1.2514597495327435,1.820466665136942,bound,ON_ADSORBATE,NORMAL,1.7249345377637204,bound,NORMAL,2.099044156172337,bound,1.2332086972480312,O2_LIKE,H_TRANSFERRED,slab_O,proximal_O,Ni,DISSOCIATION,0.05152203378843925,0.11689362103511887,0,0,0,bridge,False,False
matpes__Cr33Co5Ni29Cu33,CENSUS-2,matpes,Cr33Co5Ni29Cu33,evaluated,0,1,Cr,2.3639977036446433,4,1.2770803215771704,2.6796711379263405,1.3260022963553566,1.864930257662642,bound,ON_ADSORBATE,NORMAL,1.5693537042829158,bound,RECONSTRUCTION,2.9089063504115735,weak,1.220834693229711,O2_LIKE,H_TRANSFERRED,slab_O,proximal_O,Cr,DISSOCIATION,0.03618391204996965,0.11534032259544381,0,1,1,bridge,False,False
matpes__Cr33Co5Ni29Cu33,CENSUS-2,matpes,Cr33Co5Ni29Cu33,evaluated,0,2,Cr,0.1528846513813571,1,1.382884651381357,2.3740504243934373,3.582705989800631,1.8394347158460904,bound,ON_ADSORBATE,NORMAL,1.5609892550371187,bound,RECONSTRUCTION,2.007974203570384,bound,1.3767695727349374,OOH_LIKE,ON_ADSORBATE,terminal_O,proximal_O,Cr,NORMAL,0.07038706560744774,0.24280387991348257,0,0,1,cus,False,True
matpes__Cr33Co5Ni29Cu33,CENSUS-2,matpes,Cr33Co5Ni29Cu33,evaluated,0,3,Cu,1.768832520153567,4,0.8986455907399996,3.267554501049182,1.9211674798464329,1.8289535076541084,bound,ON_ADSORBATE,RECONSTRUCTION,1.7790856022471142,bound,NORMAL,3.0048026047891647,desorbed,1.2207747015940595,O2_LIKE,H_TRANSFERRED,slab_O,proximal_O,Cu,DESORPTION,0.22621241159922809,0.7106666763682515,0,0,2,undefined,False,False
matpes__Cr33Co5Ni29Cu33,CENSUS-2,matpes,Cr33Co5Ni29Cu33,evaluated,1,0,Co,5.484668570558753,4,0.901174760765468,3.0084319771660892,-1.7946685705587542,1.7925168934836375,bound,ON_ADSORBATE,NORMAL,1.6297310152441704,bound,NORMAL,5.772028625300088,desorbed,1.2470430301154527,O2_LIKE,H_FREE,,proximal_O,Ni,DESORPTION,0.018730405980160826,0.051011220685027996,0,0,0,undefined,False,False
matpes__Cr33Co5Ni29Cu33,CENSUS-2,matpes,Cr33Co5Ni29Cu33,evaluated,1,1,Cr,0.6909962584747271,4,1.1429441915947902,2.183934211099319,2.999003741525273,1.7963008595714187,bound,ON_ADSORBATE,NORMAL,1.5582472319285579,bound,RECONSTRUCTION,4.058915855428832,desorbed,1.3290663202584438,SUPEROXO_LIKE,ON_ADSORBATE,terminal_O,proximal_O,Cr,DESORPTION,0.029226611422930017,0.06762018350572559,0,0,1,undefined,False,False
matpes__Cr33Co5Ni29Cu33,CENSUS-2,matpes,Cr33Co5Ni29Cu33,evaluated,1,2,Ni,1.191101522445833,2,0.746273204824217,3.16737472727005,3.3507067201990295,1.8257539310339748,bound,ON_ADSORBATE,NORMAL,1.7334603008453737,bound,NORMAL,1.8728413042207706,bound,1.3856231648219548,OOH_LIKE,ON_ADSORBATE,terminal_O,proximal_O,Ni,NORMAL,0.03978436724928982,0.13421779729788205,0,0,0,cus,True,True
matpes__Cr33Co5Ni29Cu33,CENSUS-2,matpes,Cr33Co5Ni29Cu33,evaluated,1,3,Ni,0.9805583051984419,2,0.6558692022379201,2.866427507436362,3.2673828035476773,1.8104877044615428,bound,ON_ADSORBATE,NORMAL,1.7153563134695629,bound,NORMAL,1.8632540216922049,bound,1.3844631679238606,OOH_LIKE,ON_ADSORBATE,terminal_O,proximal_O,Ni,NORMAL,0.03971541105280893,0.10333184892009063,0,0,0,cus,True,True
matpes__Cr33Co5Ni29Cu33,CENSUS-2,matpes,Cr33Co5Ni29Cu33,evaluated,2,0,Cu,1.0697581811415509,2,1.2065450049045805,3.5063031860461313,3.0397339230031704,1.8337326752087846,bound,ON_ADSORBATE,NORMAL,1.7975356091861743,bound,NORMAL,1.9404627228114726,bound,1.3481188974390237,SUPEROXO_LIKE,ON_ADSORBATE,terminal_O,proximal_O,Cu,RECONSTRUCTION,0.28977669150570695,0.9394438173686493,0,0,1,cus,False,True
matpes__Cr33Co5Ni29Cu33,CENSUS-2,matpes,Cr33Co5Ni29Cu33,evaluated,2,1,Cu,1.3334658867718323,2,0.9720108401685476,3.53547672694038,2.9625163145320967,1.838904330945,bound,ON_ADSORBATE,RECONSTRUCTION,1.7875637370656803,bound,RECONSTRUCTION,1.9868646137076844,bound,1.3426237161855,SUPEROXO_LIKE,ON_ADSORBATE,terminal_O,proximal_O,Cu,RECONSTRUCTION,0.33246745398322597,0.9959521613713075,0,0,3,cus,False,True
matpes__Cr33Co5Ni29Cu33,CENSUS-2,matpes,Cr33Co5Ni29Cu33,evaluated,2,2,Ni,5.334650975437782,4,0.7575332682867039,3.028326210818597,-1.644650975437783,1.8270159098152752,bound,ON_ADSORBATE,NORMAL,1.7319262975966274,bound,NORMAL,5.912961846419162,desorbed,1.2466822874118237,O2_LIKE,H_FREE,,proximal_O,Ni,DESORPTION,0.04642843067805043,0.07730245624931718,1,0,0,undefined,False,False
matpes__Cr33Co5Ni29Cu33,CENSUS-2,matpes,Cr33Co5Ni29Cu33,evaluated,2,3,Cr,0.4602343442311829,4,1.5680716525348655,2.477178093967388,3.229765655768817,1.8545713770273615,bound,ON_ADSORBATE,RECONSTRUCTION,1.5674664000184149,bound,RECONSTRUCTION,3.243932608931035,desorbed,1.3414293082796631,SUPEROXO_LIKE,ON_ADSORBATE,binding_O,distal_O,Cr,DESORPTION,0.5647703800596455,2.20739312114259,1,0,3,undefined,False,False
matpes__Mn31Ni31Co33Cu6,CENSUS-2,matpes,Mn31Ni31Co33Cu6,evaluated,0,0,Ni,1.13022933335857,2,0.8998605481638261,3.260089881522396,3.3976721735631528,1.8264118371698583,bound,ON_ADSORBATE,NORMAL,1.7390036530717863,bound,NORMAL,1.8840439384423537,bound,1.3753404455470273,OOH_LIKE,ON_ADSORBATE,terminal_O,proximal_O,Ni,NORMAL,0.03443227108254112,0.10340269965293014,0,0,0,cus,True,True
matpes__Mn31Ni31Co33Cu6,CENSUS-2,matpes,Mn31Ni31Co33Cu6,evaluated,0,1,Ni,1.1266990136523551,2,0.8902197005531999,3.246918714205555,3.37828399805325,1.8340438158633472,bound,ON_ADSORBATE,NORMAL,1.7530603447620214,bound,NORMAL,1.8815189866631787,bound,1.3760974392236778,OOH_LIKE,ON_ADSORBATE,terminal_O,proximal_O,Ni,NORMAL,0.0359281758649061,0.10837617053600967,0,0,0,cus,True,True
matpes__Mn31Ni31Co33Cu6,CENSUS-2,matpes,Mn31Ni31Co33Cu6,evaluated,0,2,Mn,0.9954278111912478,2,0.9132887203271703,3.1387165315184182,3.2968290457921667,1.82432203000051,bound,ON_ADSORBATE,NORMAL,1.5895201286167095,bound,NORMAL,1.9753136141764387,bound,1.3699628215080544,OOH_LIKE,ON_ADSORBATE,terminal_O,proximal_O,Mn,NORMAL,0.036105613869473675,0.11615072477326081,0,0,0,cus,True,True
matpes__Mn31Ni31Co33Cu6,CENSUS-2,matpes,Mn31Ni31Co33Cu6,evaluated,0,3,Co,0.9551952041137062,2,1.0312356221950378,3.216430826308744,3.311359577987916,1.7974926134582907,bound,ON_ADSORBATE,NORMAL,1.6390021671447808,bound,NORMAL,1.8424404021654517,bound,1.381450369349379,OOH_LIKE,ON_ADSORBATE,terminal_O,proximal_O,Co,NORMAL,0.052962527615056466,0.17463823230625147,0,0,0,cus,True,True
matpes__Mn31Ni31Co33Cu6,CENSUS-2,matpes,Mn31Ni31Co33Cu6,evaluated,1,0,Ni,1.1422214352906073,2,0.8842342555607384,3.256455690851346,3.3350982851326463,1.8249418108566016,bound,ON_ADSORBATE,NORMAL,1.7444302901903095,bound,NORMAL,1.8680872398052908,bound,1.3784900008422307,OOH_LIKE,ON_ADSORBATE,terminal_O,proximal_O,Ni,NORMAL,0.03813193191148717,0.12411404806128319,0,0,0,cus,True,True
matpes__Mn31Ni31Co33Cu6,CENSUS-2,matpes,Mn31Ni31Co33Cu6,evaluated,1,1,Mn,0.9574240022286764,2,0.7688419069893481,2.9562659092180246,3.2244225695871065,1.815102410888964,bound,ON_ADSORBATE,NORMAL,1.5829501611437178,bound,NORMAL,1.9521362859223788,bound,1.371778515550226,OOH_LIKE,ON_ADSORBATE,terminal_O,proximal_O,Mn,NORMAL,0.033506144800659325,0.10866770354360042,0,0,0,cus,True,True
matpes__Mn31Ni31Co33Cu6,CENSUS-2,matpes,Mn31Ni31Co33Cu6,evaluated,1,2,Ni,1.1423414634010802,2,0.8897628137156172,3.2621042771166975,3.2924712829589153,1.8259865734158391,bound,ON_ADSORBATE,NORMAL,1.7419510102351359,bound,NORMAL,1.8718472059867886,bound,1.3791267657430246,OOH_LIKE,ON_ADSORBATE,terminal_O,proximal_O,Ni,NORMAL,0.04655174173416762,0.16452166358263012,0,0,0,cus,True,True
matpes__Mn31Ni31Co33Cu6,CENSUS-2,matpes,Mn31Ni31Co33Cu6,evaluated,1,3,Ni,1.0824241868870237,2,0.8793043145191287,3.1917285014061525,3.318785231193162,1.8178539092633244,bound,ON_ADSORBATE,NORMAL,1.7260437027454096,bound,NORMAL,1.8716266288394738,bound,1.3780025582607494,OOH_LIKE,ON_ADSORBATE,terminal_O,proximal_O,Ni,NORMAL,0.03473303188224372,0.11689653492320944,0,0,0,cus,True,True
matpes__Mn31Ni31Co33Cu6,CENSUS-2,matpes,Mn31Ni31Co33Cu6,evaluated,2,0,Co,0.9498979841491879,2,1.0039632837792962,3.183861267928484,3.245865295183323,1.7991261358636963,bound,ON_ADSORBATE,NORMAL,1.6337929988073845,bound,NORMAL,1.8323963541368462,bound,1.3767602069144607,OOH_LIKE,ON_ADSORBATE,terminal_O,proximal_O,Co,NORMAL,0.039866536440067914,0.13078138540080417,0,0,0,cus,True,True
matpes__Mn31Ni31Co33Cu6,CENSUS-2,matpes,Mn31Ni31Co33Cu6,evaluated,2,1,Co,0.9482817552551657,2,0.931908311314157,3.1101900665693227,3.242175987689636,1.814423208418482,bound,ON_ADSORBATE,NORMAL,1.6456440688115892,bound,NORMAL,1.8482242796031951,bound,1.3755621271945104,OOH_LIKE,ON_ADSORBATE,terminal_O,proximal_O,Co,NORMAL,0.034248359282072836,0.10966719403336697,0,0,0,cus,True,True
matpes__Mn31Ni31Co33Cu6,CENSUS-2,matpes,Mn31Ni31Co33Cu6,evaluated,2,2,Ni,2.4695504916789313,4,0.8745282061240797,3.210761843572306,1.2204495083210687,1.82200942303833,bound,ON_ADSORBATE,NORMAL,1.7331616438235689,bound,NORMAL,2.688144817322655,weak,1.217168259682136,O2_LIKE,H_TRANSFERRED,slab_O,proximal_O,Ni,DISSOCIATION,0.02839813236811655,0.12491977306717628,0,1,0,bridge,False,False
matpes__Mn31Ni31Co33Cu6,CENSUS-2,matpes,Mn31Ni31Co33Cu6,evaluated,2,3,Mn,2.503413280892503,4,0.8465009891649625,3.141308777506885,1.1865867191074968,1.8220214761502787,bound,ON_ADSORBATE,NORMAL,1.6045381247685164,bound,NORMAL,2.381370964435365,weak,1.218146093762027,O2_LIKE,H_TRANSFERRED,slab_O,proximal_O,Mn,DISSOCIATION,0.027014066562150284,0.11457774676042302,0,1,0,bridge,False,False
matpes__Fe31Cu25Cr13Ni31,CENSUS-2,matpes,Fe31Cu25Cr13Ni31,evaluated,0,0,Cu,1.8024760666590263,4,1.0934788479733126,3.5373925906266157,1.8875239333409737,1.8230773638490008,bound,ON_ADSORBATE,NORMAL,1.7750592017885714,bound,NORMAL,2.97418690834549,weak,1.2195967273536052,O2_LIKE,H_TRANSFERRED,slab_O,proximal_O,Cu,DISSOCIATION,0.08733908099239485,0.37261706269077577,0,1,0,bridge,False,False
matpes__Fe31Cu25Cr13Ni31,CENSUS-2,matpes,Fe31Cu25Cr13Ni31,evaluated,0,1,Fe,1.746967371297317,4,0.8740070917138038,2.8549321437160478,1.943032628702683,1.8105869901321445,bound,ON_ADSORBATE,NORMAL,1.6096484407676317,bound,NORMAL,3.237180769282728,desorbed,1.2197834518006399,O2_LIKE,H_TRANSFERRED,slab_O,proximal_O,Fe,DESORPTION,0.11071975309028718,0.3922057641969575,0,0,0,undefined,False,False
matpes__Fe31Cu25Cr13Ni31,CENSUS-2,matpes,Fe31Cu25Cr13Ni31,evaluated,0,2,Fe,0.7383360757566058,2,0.907957766732363,2.876293842488969,3.0478464811157138,1.809867545207445,bound,ON_ADSORBATE,NORMAL,1.607979821296516,bound,NORMAL,4.37687862064724,desorbed,1.335249477559368,SUPEROXO_LIKE,ON_ADSORBATE,terminal_O,proximal_O,Fe,DESORPTION,0.03410497663608488,0.14520836989314556,0,0,0,undefined,False,False
matpes__Fe31Cu25Cr13Ni31,CENSUS-2,matpes,Fe31Cu25Cr13Ni31,evaluated,0,3,Ni,5.49984683474581,4,0.808544384221943,3.102466702079261,-1.809846834745811,1.813468385033688,bound,ON_ADSORBATE,NORMAL,1.7262223051104315,bound,NORMAL,5.429171986519998,desorbed,1.2481321143488784,O2_LIKE,H_FREE,,proximal_O,Fe,DESORPTION,0.041505922535899714,0.10675911008642379,0,0,0,undefined,False,False
matpes__Fe31Cu25Cr13Ni31,CENSUS-2,matpes,Fe31Cu25Cr13Ni31,evaluated,1,0,Cu,1.232381398224688,2,1.3265264003155264,3.7889077985402144,3.78854017469702,1.822596763448899,bound,ON_ADSORBATE,NORMAL,1.7815567648665231,bound,NORMAL,1.9562936855497217,bound,1.3740260913495033,OOH_LIKE,ON_ADSORBATE,terminal_O,proximal_O,Cu,NORMAL,0.05142843221824448,0.21335641520357249,0,0,0,cus,True,True
matpes__Fe31Cu25Cr13Ni31,CENSUS-2,matpes,Fe31Cu25Cr13Ni31,evaluated,1,1,Fe,0.6290662948289443,2,0.6448447225632318,2.503911017392176,3.373714313478119,1.7899244905898197,bound,ON_ADSORBATE,NORMAL,1.6015547960533112,bound,NORMAL,1.8844051975902616,bound,1.3959409331681962,OOH_LIKE,ON_ADSORBATE,terminal_O,proximal_O,Fe,NORMAL,0.053970547816867116,0.15072053259036278,0,0,0,cus,True,True
matpes__Fe31Cu25Cr13Ni31,CENSUS-2,matpes,Fe31Cu25Cr13Ni31,evaluated,1,2,Cu,2.0673187377804405,4,1.2114405143966107,3.7664571307364048,1.6226812622195594,1.8310811120960093,bound,ON_ADSORBATE,NORMAL,1.7801697911823269,bound,NORMAL,2.9977944733009565,weak,1.2185121089217699,O2_LIKE,H_TRANSFERRED,slab_O,proximal_O,Cu,DISSOCIATION,0.040936586545283565,0.12165087300489223,0,1,0,bridge,False,False
matpes__Fe31Cu25Cr13Ni31,CENSUS-2,matpes,Fe31Cu25Cr13Ni31,evaluated,1,3,Cr,0.3334729857099754,4,0.9893102898456728,2.1815449173559562,3.3565270142900245,1.7904695635577925,bound,ON_ADSORBATE,NORMAL,1.5618121423768756,bound,RECONSTRUCTION,1.945328915183703,bound,1.3792122338749946,OOH_LIKE,ON_ADSORBATE,terminal_O,proximal_O,Cr,NORMAL,0.052583226301044575,0.18416197555000616,0,0,1,cus,False,True
matpes__Fe31Cu25Cr13Ni31,CENSUS-2,matpes,Fe31Cu25Cr13Ni31,evaluated,2,0,Ni,1.183424826054547,2,0.9560084787530169,3.369433304807564,3.452022819886126,1.824902176971398,bound,ON_ADSORBATE,NORMAL,1.7468036000681149,bound,NORMAL,1.87866998974152,bound,1.3818046538006568,OOH_LIKE,ON_ADSORBATE,terminal_O,proximal_O,Ni,NORMAL,0.040464185857793634,0.12949493105179216,0,0,0,cus,True,True
matpes__Fe31Cu25Cr13Ni31,CENSUS-2,matpes,Fe31Cu25Cr13Ni31,evaluated,2,1,Ni,1.0856858166256549,2,0.883716295939973,3.199402112565628,3.3493128083249686,1.810384727333821,bound,ON_ADSORBATE,NORMAL,1.7158885148912244,bound,NORMAL,1.8587644075220404,bound,1.3814641608728302,OOH_LIKE,ON_ADSORBATE,terminal_O,proximal_O,Ni,NORMAL,0.03930515352494892,0.12912105143690966,0,0,0,cus,True,True
matpes__Fe31Cu25Cr13Ni31,CENSUS-2,matpes,Fe31Cu25Cr13Ni31,evaluated,2,2,Cu,2.151680504821841,4,1.2596783495005295,3.7419161924357303,1.538319495178159,1.821530760053133,bound,ON_ADSORBATE,NORMAL,1.780345827718277,bound,NORMAL,3.0466979345367062,desorbed,1.218307498855459,O2_LIKE,H_TRANSFERRED,slab_O,proximal_O,Cu,DESORPTION,0.040309460971059356,0.14350701323579698,0,0,0,undefined,False,False
matpes__Fe31Cu25Cr13Ni31,CENSUS-2,matpes,Fe31Cu25Cr13Ni31,evaluated,2,3,Fe,2.1014045828017496,4,0.9881038045211991,3.0342455631687306,1.5885954171982504,1.8071117362731663,bound,ON_ADSORBATE,NORMAL,1.6001568309296246,bound,NORMAL,3.550629789478218,desorbed,1.2195279827495773,O2_LIKE,H_TRANSFERRED,slab_O,proximal_O,Fe,DESORPTION,0.0489102326673612,0.1492508401152484,0,0,0,undefined,False,False
matpes__Mn34Cu7Fe33Cr27,CENSUS-2,matpes,Mn34Cu7Fe33Cr27,evaluated,0,0,Fe,0.657595009325532,2,0.6877687141045609,2.575363723430093,3.445434828510217,1.7785430149199404,bound,ON_ADSORBATE,NORMAL,1.5946878257759975,bound,NORMAL,1.8690727755063543,bound,1.3914003744134933,OOH_LIKE,ON_ADSORBATE,terminal_O,proximal_O,Fe,NORMAL,0.04562627088895135,0.13710442211044996,0,0,0,cus,True,True
matpes__Mn34Cu7Fe33Cr27,CENSUS-2,matpes,Mn34Cu7Fe33Cr27,evaluated,0,1,Mn,0.9608349517631174,2,0.4523697446254683,2.643204696388586,3.1308344761031477,1.793052078000084,bound,ON_ADSORBATE,NORMAL,1.5848238605768419,bound,RECONSTRUCTION,1.8990387604842087,bound,1.382880736561464,OOH_LIKE,ON_ADSORBATE,terminal_O,proximal_O,Mn,NORMAL,0.0364226661292624,0.1080856164528507,0,0,1,cus,False,True
matpes__Mn34Cu7Fe33Cr27,CENSUS-2,matpes,Mn34Cu7Fe33Cr27,evaluated,0,2,Mn,2.326169370462865,4,0.5613511711387783,2.662234428871108,1.363830629537135,1.7970258108983006,bound,ON_ADSORBATE,NORMAL,1.5898370699614166,bound,NORMAL,2.1909131093541983,bound,1.2268848093661855,O2_LIKE,H_TRANSFERRED,slab_O,proximal_O,Mn,DISSOCIATION,0.03468390855825924,0.13454568862899832,0,0,0,bridge,False,False
matpes__Mn34Cu7Fe33Cr27,CENSUS-2,matpes,Mn34Cu7Fe33Cr27,evaluated,0,3,Fe,2.102613137804995,4,0.8040146104344895,2.5509896449979186,1.5873868621950051,1.7885434421503648,bound,ON_ADSORBATE,NORMAL,1.5939848897983713,bound,NORMAL,2.755267021938729,weak,1.2208147224334251,O2_LIKE,H_TRANSFERRED,slab_O,proximal_O,Fe,DISSOCIATION,0.03591756525713589,0.13543222454598916,0,1,0,bridge,False,False
matpes__Mn34Cu7Fe33Cr27,CENSUS-2,matpes,Mn34Cu7Fe33Cr27,evaluated,1,0,Cu,1.1957700097328958,2,1.1606413563125781,3.586411366045474,3.6837995509715866,1.8347353441379683,bound,ON_ADSORBATE,NORMAL,1.7821124108331883,bound,NORMAL,1.9482688775359969,bound,1.3851720848227311,OOH_LIKE,ON_ADSORBATE,terminal_O,proximal_O,Cu,NORMAL,0.03817638791654151,0.1506958798466501,0,0,0,cus,True,True
matpes__Mn34Cu7Fe33Cr27,CENSUS-2,matpes,Mn34Cu7Fe33Cr27,evaluated,1,1,Mn,0.932225865986438,2,0.4906165588501036,2.6528424248365416,3.1229444048481283,1.8114504774529971,bound,ON_ADSORBATE,NORMAL,1.6149501401656075,bound,NORMAL,1.9021045451810892,bound,1.3843942932977222,OOH_LIKE,ON_ADSORBATE,terminal_O,proximal_O,Mn,NORMAL,0.03479206748736491,0.10607910090577832,0,0,0,cus,True,True
matpes__Mn34Cu7Fe33Cr27,CENSUS-2,matpes,Mn34Cu7Fe33Cr27,evaluated,1,2,Cu,1.6856077639879894,4,1.1458098029777486,3.5817220493791018,2.0043922360120106,1.8357945760511385,bound,ON_ADSORBATE,NORMAL,1.7826497020614545,bound,NORMAL,2.8470159818022336,weak,1.2200965217809674,O2_LIKE,H_TRANSFERRED,slab_O,proximal_O,Cu,DISSOCIATION,0.0551160363275254,0.235029659869548,0,1,0,bridge,False,False
matpes__Mn34Cu7Fe33Cr27,CENSUS-2,matpes,Mn34Cu7Fe33Cr27,evaluated,1,3,Fe,0.5986853832139767,4,0.7639339675919355,2.4945026364263247,3.0913146167860233,1.798894464036522,bound,ON_ADSORBATE,NORMAL,1.6019310698078042,bound,NORMAL,1.9030592889345763,bound,1.3619066957719785,OOH_LIKE,ON_ADSORBATE,terminal_O,proximal_O,Fe,NORMAL,0.04389508946512959,0.1082439382198819,0,0,0,cus,True,True
matpes__Mn34Cu7Fe33Cr27,CENSUS-2,matpes,Mn34Cu7Fe33Cr27,evaluated,2,0,Cr,0.3679492415189296,4,0.8120994760440791,1.939376839556082,3.3220507584810703,1.7430875425140429,bound,ON_ADSORBATE,NORMAL,1.559559820800594,bound,RECONSTRUCTION,1.9082020479626172,bound,1.3804465136708506,OOH_LIKE,ON_ADSORBATE,terminal_O,proximal_O,Cr,NORMAL,0.05902521862181607,0.18365533655916766,0,0,1,cus,False,True
matpes__Mn34Cu7Fe33Cr27,CENSUS-2,matpes,Mn34Cu7Fe33Cr27,evaluated,2,1,Fe,0.5281162084779814,2,0.76438873182509,2.5225049403030715,3.277675573988192,1.7873876096614214,bound,ON_ADSORBATE,NORMAL,1.5940645424639681,bound,NORMAL,1.8631871378356863,bound,1.3853559063565686,OOH_LIKE,ON_ADSORBATE,terminal_O,proximal_O,Fe,NORMAL,0.04687666152960875,0.148004881903708,0,0,0,cus,True,True
matpes__Mn34Cu7Fe33Cr27,CENSUS-2,matpes,Mn34Cu7Fe33Cr27,evaluated,2,2,Cu,1.5815181654701727,4,1.272077253305508,3.596604011469828,2.1084818345298273,1.8374365077654924,bound,ON_ADSORBATE,NORMAL,1.779534500465797,bound,NORMAL,3.673673185928601,desorbed,1.2190291546657297,O2_LIKE,H_TRANSFERRED,slab_O,proximal_O,Mn,DESORPTION,0.05115322996708011,0.20428526938854374,0,0,0,undefined,False,False
matpes__Mn34Cu7Fe33Cr27,CENSUS-2,matpes,Mn34Cu7Fe33Cr27,evaluated,2,3,Mn,1.0290022322073034,2,0.41784901074335,2.6768512429506535,3.0522477472908505,1.7920559120894066,bound,ON_ADSORBATE,NORMAL,1.5935983616139595,bound,NORMAL,1.9046528286860804,bound,1.3771613792100452,OOH_LIKE,ON_ADSORBATE,terminal_O,proximal_O,Mn,NORMAL,0.0402895126682277,0.13054912644015884,0,0,0,cus,True,True
matpes__Co5Cu33Ni28Mn34,CENSUS-2,matpes,Co5Cu33Ni28Mn34,evaluated,0,0,Ni,1.2235627193022216,2,1.0014300774140676,3.4549927967162892,3.503541852179198,1.8318590014261125,bound,ON_ADSORBATE,NORMAL,1.7642730253531638,bound,NORMAL,1.8948928103246543,bound,1.376673194672655,OOH_LIKE,ON_ADSORBATE,terminal_O,proximal_O,Ni,NORMAL,0.04352609636202764,0.138301383682735,0,0,0,cus,True,True
matpes__Co5Cu33Ni28Mn34,CENSUS-2,matpes,Co5Cu33Ni28Mn34,evaluated,0,1,Cu,1.163911113632948,2,1.3068932743251591,3.700804387958107,3.7108833747859236,1.8313415818233172,bound,ON_ADSORBATE,NORMAL,1.7730122858856951,bound,NORMAL,1.971485286190489,bound,1.3642086473909394,OOH_LIKE,ON_ADSORBATE,terminal_O,proximal_O,Cu,NORMAL,0.033557782250882524,0.10878867178506442,0,0,0,cus,True,True
matpes__Co5Cu33Ni28Mn34,CENSUS-2,matpes,Co5Cu33Ni28Mn34,evaluated,0,2,Cu,1.1551365785391132,2,1.4156522788739605,3.8007888574130737,3.7754863102558303,1.8370222847987927,bound,ON_ADSORBATE,NORMAL,1.7914089687700436,bound,NORMAL,1.9771006636624153,bound,1.366939922360798,OOH_LIKE,ON_ADSORBATE,terminal_O,proximal_O,Cu,NORMAL,0.04444021283414045,0.14939675379118822,0,0,0,cus,True,True
matpes__Co5Cu33Ni28Mn34,CENSUS-2,matpes,Co5Cu33Ni28Mn34,evaluated,0,3,Mn,0.888960709366656,2,0.9817858109884238,3.10074652035508,3.4075322040727243,1.8251427073764661,bound,ON_ADSORBATE,NORMAL,1.5771842211559923,bound,RECONSTRUCTION,1.9897487298372278,bound,1.367621029538938,OOH_LIKE,ON_ADSORBATE,terminal_O,proximal_O,Mn,NORMAL,0.04987442162674261,0.17413824140537726,0,0,1,cus,False,True
matpes__Co5Cu33Ni28Mn34,CENSUS-2,matpes,Co5Cu33Ni28Mn34,evaluated,1,0,Cu,2.3992426594573297,4,1.1940399008966662,3.6755060624874494,1.2907573405426702,1.8337061441059628,bound,ON_ADSORBATE,NORMAL,1.7881977845723767,bound,NORMAL,4.177139273248816,desorbed,1.2181558938864372,O2_LIKE,H_TRANSFERRED,slab_O,proximal_O,Cu,DESORPTION,0.02347558133166565,0.11317160049045973,0,0,0,undefined,False,False
matpes__Co5Cu33Ni28Mn34,CENSUS-2,matpes,Co5Cu33Ni28Mn34,evaluated,1,1,Co,1.0641534590521493,2,1.0855200930792646,3.379673552131414,3.3807017221554516,1.8174840942703319,bound,ON_ADSORBATE,NORMAL,1.645113210277142,bound,NORMAL,1.8613260408649945,bound,1.3752361816181884,OOH_LIKE,ON_ADSORBATE,terminal_O,proximal_O,Co,NORMAL,0.04691593917357723,0.15904988010047252,0,0,0,cus,True,True
matpes__Co5Cu33Ni28Mn34,CENSUS-2,matpes,Co5Cu33Ni28Mn34,evaluated,1,2,Ni,1.2182441858194712,2,0.934491792636447,3.3827359784559183,3.4226597069065448,1.8297155827162221,bound,ON_ADSORBATE,NORMAL,1.7542036066306446,bound,NORMAL,1.894805797340002,bound,1.3756765853450725,OOH_LIKE,ON_ADSORBATE,terminal_O,proximal_O,Ni,NORMAL,0.046208857535757764,0.15341870154983345,0,0,0,cus,True,True
matpes__Co5Cu33Ni28Mn34,CENSUS-2,matpes,Co5Cu33Ni28Mn34,evaluated,1,3,Ni,1.1583121627610486,2,0.8107512828116906,3.1990634455727394,3.2704274038890317,1.839177611864037,bound,ON_ADSORBATE,NORMAL,1.7524260809142185,bound,NORMAL,1.887907046262125,bound,1.3724764817529624,OOH_LIKE,ON_ADSORBATE,terminal_O,proximal_O,Ni,NORMAL,0.03792763818309854,0.1161308857261517,0,0,0,cus,True,True
matpes__Co5Cu33Ni28Mn34,CENSUS-2,matpes,Co5Cu33Ni28Mn34,evaluated,2,0,Mn,0.9019109871160387,2,1.0512499142249792,3.183160901341018,3.3655121599699824,1.830296908370607,bound,ON_ADSORBATE,NORMAL,1.5758018243625187,bound,RECONSTRUCTION,2.008324592054369,bound,1.3619746335685508,OOH_LIKE,ON_ADSORBATE,terminal_O,proximal_O,Mn,NORMAL,0.04148418392517222,0.1281983114172214,0,0,1,cus,False,True
matpes__Co5Cu33Ni28Mn34,CENSUS-2,matpes,Co5Cu33Ni28Mn34,evaluated,2,1,Mn,0.746428894783107,2,1.2240070126316707,3.2004359074147777,3.540486748983555,1.8331301604897965,bound,ON_ADSORBATE,NORMAL,1.5742906856344814,bound,RECONSTRUCTION,2.0339249411730607,bound,1.361676460645278,OOH_LIKE,ON_ADSORBATE,terminal_O,proximal_O,Mn,NORMAL,0.054151684920206444,0.17278839504308813,0,0,1,cus,False,True
matpes__Co5Cu33Ni28Mn34,CENSUS-2,matpes,Co5Cu33Ni28Mn34,evaluated,2,2,Ni,1.2049637538368776,2,0.9173800866368648,3.3523438404737425,3.3932053001840514,1.8259290311312055,bound,ON_ADSORBATE,NORMAL,1.738038477155315,bound,NORMAL,1.8989276843659906,bound,1.3724736165496385,OOH_LIKE,ON_ADSORBATE,terminal_O,proximal_O,Ni,NORMAL,0.03567683801507983,0.11474656000459234,0,0,0,cus,True,True
matpes__Co5Cu33Ni28Mn34,CENSUS-2,matpes,Co5Cu33Ni28Mn34,evaluated,2,3,Cu,1.2053188957525114,2,1.2728101649502261,3.7081290607027375,3.671517804926468,1.8324492835574393,bound,ON_ADSORBATE,NORMAL,1.7799470400018464,bound,NORMAL,1.9780835557529814,bound,1.3646217214358525,OOH_LIKE,ON_ADSORBATE,terminal_O,proximal_O,Cu,NORMAL,0.035401537869008966,0.11864195271065782,0,0,0,cus,True,True
matpes__Ni34Fe29Mn30Co7,CENSUS-2,matpes,Ni34Fe29Mn30Co7,evaluated,0,0,Fe,0.6842063808145573,2,0.9920147742227637,2.906221155037321,3.5644634733547647,1.7939113222787995,bound,ON_ADSORBATE,NORMAL,1.6003821941206269,bound,NORMAL,1.888394970654973,bound,1.388707529279449,OOH_LIKE,ON_ADSORBATE,terminal_O,proximal_O,Fe,NORMAL,0.04270102085885565,0.12866294425642122,0,0,0,cus,True,True
matpes__Ni34Fe29Mn30Co7,CENSUS-2,matpes,Ni34Fe29Mn30Co7,evaluated,0,1,Ni,1.062015566913387,2,0.9482463747090261,3.240261941622413,3.4188232376176457,1.8161025597752913,bound,ON_ADSORBATE,NORMAL,1.7223511563644018,bound,NORMAL,1.8725467560115805,bound,1.3782533773879717,OOH_LIKE,ON_ADSORBATE,terminal_O,proximal_O,Ni,NORMAL,0.03495098814014648,0.11298529858065386,0,0,0,cus,True,True
matpes__Ni34Fe29Mn30Co7,CENSUS-2,matpes,Ni34Fe29Mn30Co7,evaluated,0,2,Ni,2.1869367695739337,4,0.9793994174683686,3.2910628921635015,1.5030632304260663,1.8180538467413088,bound,ON_ADSORBATE,NORMAL,1.7306015182319618,bound,NORMAL,2.7680351107830394,weak,1.2216447570347253,O2_LIKE,H_TRANSFERRED,slab_O,proximal_O,Ni,DISSOCIATION,0.03228578675962074,0.12671253543041017,0,1,0,bridge,False,False
matpes__Ni34Fe29Mn30Co7,CENSUS-2,matpes,Ni34Fe29Mn30Co7,evaluated,0,3,Mn,2.3164415569915926,4,0.8182223037124569,3.009734161706894,1.3735584430084073,1.8142641494823228,bound,ON_ADSORBATE,NORMAL,1.5835369387817098,bound,NORMAL,2.2761826904875333,weak,1.2228070384559344,O2_LIKE,H_TRANSFERRED,slab_O,proximal_O,Mn,DISSOCIATION,0.032662504475020414,0.127755988537041,0,1,0,bridge,False,False
matpes__Ni34Fe29Mn30Co7,CENSUS-2,matpes,Ni34Fe29Mn30Co7,evaluated,1,0,Fe,0.6657237096570858,2,0.9362422005444951,2.831965910201581,3.4676810554655204,1.7984315533867372,bound,ON_ADSORBATE,NORMAL,1.6016788535378277,bound,NORMAL,1.8966645004440863,bound,1.3844355374578563,OOH_LIKE,ON_ADSORBATE,terminal_O,proximal_O,Fe,NORMAL,0.04349784334335971,0.12838092158999023,0,0,0,cus,True,True
matpes__Ni34Fe29Mn30Co7,CENSUS-2,matpes,Ni34Fe29Mn30Co7,evaluated,1,1,Ni,1.103628665715191,2,0.961081502217905,3.294710167933096,3.358697754071288,1.8249314734428845,bound,ON_ADSORBATE,NORMAL,1.7332765098418859,bound,NORMAL,1.8831244333362391,bound,1.3746056618447278,OOH_LIKE,ON_ADSORBATE,terminal_O,proximal_O,Ni,NORMAL,0.03956592976619163,0.1464329740309957,0,0,0,cus,True,True
matpes__Ni34Fe29Mn30Co7,CENSUS-2,matpes,Ni34Fe29Mn30Co7,evaluated,1,2,Fe,2.2799538724064385,4,0.9340508308803347,2.8170148087336946,1.4100461275935614,1.7958745466412052,bound,ON_ADSORBATE,NORMAL,1.5999604653606354,bound,NORMAL,2.7868193275443844,weak,1.2199049513791727,O2_LIKE,H_TRANSFERRED,slab_O,proximal_O,Fe,DISSOCIATION,0.03129866708862011,0.14864872871522994,0,1,0,bridge,False,False
matpes__Ni34Fe29Mn30Co7,CENSUS-2,matpes,Ni34Fe29Mn30Co7,evaluated,1,3,Fe,2.311938316974236,4,1.034152716726123,3.0192611354899617,1.3780616830257642,1.803137806827531,bound,ON_ADSORBATE,NORMAL,1.6044136331445085,bound,NORMAL,3.3462856977878297,desorbed,1.219177821974009,O2_LIKE,H_TRANSFERRED,slab_O,proximal_O,Fe,DESORPTION,0.035964888091849806,0.13853219383083515,0,0,0,undefined,False,False
matpes__Ni34Fe29Mn30Co7,CENSUS-2,matpes,Ni34Fe29Mn30Co7,evaluated,2,0,Mn,0.96976869539857,2,0.7834835984032334,2.9832522938018036,3.3388918514895223,1.8091360450882057,bound,ON_ADSORBATE,NORMAL,1.603328093111089,bound,NORMAL,1.9418689704898584,bound,1.3751421595133242,OOH_LIKE,ON_ADSORBATE,terminal_O,proximal_O,Mn,NORMAL,0.029855588897488666,0.10178763893634625,0,0,0,cus,True,True
matpes__Ni34Fe29Mn30Co7,CENSUS-2,matpes,Ni34Fe29Mn30Co7,evaluated,2,1,Mn,0.8948985449224116,2,0.8312921203115703,2.956190665233982,3.328502960042799,1.8114090496963084,bound,ON_ADSORBATE,NORMAL,1.581290422006488,bound,RECONSTRUCTION,1.947780372247643,bound,1.3734500242690144,OOH_LIKE,ON_ADSORBATE,terminal_O,proximal_O,Mn,NORMAL,0.0350224158991617,0.10647848284268221,0,0,1,cus,False,True
matpes__Ni34Fe29Mn30Co7,CENSUS-2,matpes,Ni34Fe29Mn30Co7,evaluated,2,2,Fe,0.6516787612295181,2,0.8866674443219263,2.7683462055514445,3.456984017373331,1.8005096031320909,bound,ON_ADSORBATE,NORMAL,1.6048337134934363,bound,NORMAL,1.893650821542045,bound,1.3884425461626964,OOH_LIKE,ON_ADSORBATE,terminal_O,proximal_O,Fe,NORMAL,0.03642481677568206,0.10859007197275283,0,0,0,cus,True,True
matpes__Ni34Fe29Mn30Co7,CENSUS-2,matpes,Ni34Fe29Mn30Co7,evaluated,2,3,Ni,1.1897311279395941,2,0.852721269861615,3.2724523978012092,3.4088689342444396,1.8207315886806474,bound,ON_ADSORBATE,NORMAL,1.7304879549547187,bound,NORMAL,1.8771553564999688,bound,1.3785599489747156,OOH_LIKE,ON_ADSORBATE,terminal_O,proximal_O,Ni,NORMAL,0.03450915826306791,0.11705209378892227,0,0,0,cus,True,True
mpa0_ext__Ni31Cr29Cu5Mn35__s03-05,CENSUS-3,mpa0,Ni31Cr29Cu5Mn35,evaluated,3,0,Mn,1.000775182776378,2,1.6489836730131295,3.8797588557895075,3.624517935087114,1.8763391889903718,bound,ON_ADSORBATE,NORMAL,1.8387690915239063,bound,NORMAL,3.487956515458976,desorbed,1.2412287876164236,O2_LIKE,H_TRANSFERRED,slab_O,distal_O,Mn,DESORPTION,0.06624670628859096,0.1578445077509299,0,0,0,undefined,False,False
mpa0_ext__Ni31Cr29Cu5Mn35__s03-05,CENSUS-3,mpa0,Ni31Cr29Cu5Mn35,evaluated,3,1,Mn,0.9846289236647561,2,1.7373743982253935,3.9520033218901496,2.9986753092705967,1.8620025724038787,bound,ON_ADSORBATE,NORMAL,1.8777499817076517,bound,NORMAL,2.6731751024976655,weak,1.2393264149737246,O2_LIKE,H_TRANSFERRED,slab_O,proximal_O,Mn,DISSOCIATION,0.0725666318045532,0.1734823272368192,0,1,0,bridge,False,False
mpa0_ext__Ni31Cr29Cu5Mn35__s03-05,CENSUS-3,mpa0,Ni31Cr29Cu5Mn35,evaluated,3,2,Cr,0.5716503961770325,2,1.7542508190936936,3.555901215270726,3.5698578050996175,1.7977472406642225,bound,ON_ADSORBATE,NORMAL,1.5873577404940638,bound,RECONSTRUCTION,3.7196628289635743,desorbed,1.238840946349185,O2_LIKE,H_TRANSFERRED,slab_O,proximal_O,Mn,DESORPTION,0.06514936339703908,0.17558660202740906,0,0,1,undefined,False,False
mpa0_ext__Ni31Cr29Cu5Mn35__s03-05,CENSUS-3,mpa0,Ni31Cr29Cu5Mn35,evaluated,3,3,Ni,0.745360533402148,1,1.975360533402148,2.907700955958692,4.622096158397939,1.8446069346726102,bound,ON_ADSORBATE,RECONSTRUCTION,2.137908197843724,bound,RECONSTRUCTION,3.452308553930987,desorbed,1.3213394886880303,SUPEROXO_LIKE,ON_ADSORBATE,binding_O,distal_O,Mn,DESORPTION,0.033209479608490015,0.09003161304769206,0,0,2,undefined,False,False
mpa0_ext__Ni31Cr29Cu5Mn35__s03-05,CENSUS-3,mpa0,Ni31Cr29Cu5Mn35,evaluated,4,0,Ni,0.6159440389549067,1,1.8459440389549067,2.967343057560843,3.2749194806491473,1.8988254795646007,bound,ON_ADSORBATE,NORMAL,1.9781166869771853,bound,NORMAL,2.9080736320966833,weak,1.2296691844887373,O2_LIKE,H_TRANSFERRED,slab_O,distal_O,Ni,DISSOCIATION,0.13380555047908518,0.5387249112765683,0,1,1,bridge,False,False
mpa0_ext__Ni31Cr29Cu5Mn35__s03-05,CENSUS-3,mpa0,Ni31Cr29Cu5Mn35,evaluated,4,1,Ni,1.598591364767402,4,1.7013747455918868,2.770274419405869,2.091408635232598,1.9162190925231197,bound,ON_ADSORBATE,NORMAL,1.98480900665047,bound,NORMAL,2.49854962840419,weak,1.2324335133623954,O2_LIKE,H_TRANSFERRED,slab_O,proximal_O,Ni,DISSOCIATION,0.05590650064446285,0.2371730063517661,0,1,0,bridge,False,False
mpa0_ext__Ni31Cr29Cu5Mn35__s03-05,CENSUS-3,mpa0,Ni31Cr29Cu5Mn35,evaluated,4,2,Mn,1.1760601659622703,4,1.7390314244639407,3.9905761399337827,2.5139398340377297,1.8832921130299096,bound,ON_ADSORBATE,NORMAL,1.8590457522655932,bound,NORMAL,3.3821329695873388,desorbed,1.2315456068927453,O2_LIKE,H_TRANSFERRED,slab_O,distal_O,Mn,DESORPTION,0.0506885187465047,0.2359411578496808,0,0,0,undefined,False,False
mpa0_ext__Ni31Cr29Cu5Mn35__s03-05,CENSUS-3,mpa0,Ni31Cr29Cu5Mn35,evaluated,4,3,Ni,0.7730914959325341,4,1.7377462718020191,2.011644379671882,2.916908504067466,1.9237142429021488,bound,ON_ADSORBATE,NORMAL,3.3597744048882063,desorbed,DESORPTION,3.4594231413588017,desorbed,1.2242608065573781,O2_LIKE,H_TRANSFERRED,slab_O,proximal_O,Ni,DESORPTION,0.08315003456296305,0.36010989791488235,0,0,1,undefined,False,False
mpa0_ext__Ni31Cr29Cu5Mn35__s03-05,CENSUS-3,mpa0,Ni31Cr29Cu5Mn35,evaluated,5,0,Cu,1.1120969585982419,2,2.0837720698287634,4.425869028427005,3.4899175761476626,1.9022357154822023,bound,ON_ADSORBATE,NORMAL,1.8261363233576695,bound,NORMAL,3.517554082184078,desorbed,1.2443614851487632,O2_LIKE,H_TRANSFERRED,slab_O,distal_O,Cu,DESORPTION,0.28883385408343,0.7615831125211121,0,0,1,undefined,False,False
mpa0_ext__Ni31Cr29Cu5Mn35__s03-05,CENSUS-3,mpa0,Ni31Cr29Cu5Mn35,evaluated,5,1,Cr,0.8157201381028321,1,2.045720138102832,3.448061094868681,3.115485672250999,1.8626463836769351,bound,ON_ADSORBATE,NORMAL,1.5885304463503358,bound,RECONSTRUCTION,3.300736168299584,desorbed,1.2364517658284144,O2_LIKE,H_TRANSFERRED,slab_O,proximal_O,Cr,DESORPTION,0.07592795468673078,0.3526693214212766,0,0,1,undefined,False,False
mpa0_ext__Ni31Cr29Cu5Mn35__s03-05,CENSUS-3,mpa0,Ni31Cr29Cu5Mn35,evaluated,5,2,Cr,0.6862106123389671,1,1.916210612338967,3.498681389280623,4.645648632208067,1.8788027214905707,bound,ON_ADSORBATE,NORMAL,1.5916679597933454,bound,RECONSTRUCTION,2.0233190330009982,bound,1.3685425246541514,OOH_LIKE,ON_ADSORBATE,terminal_O,proximal_O,Cr,NORMAL,0.08716857870041507,0.30811178478361156,0,0,1,cus,False,True
mpa0_ext__Ni31Cr29Cu5Mn35__s03-05,CENSUS-3,mpa0,Ni31Cr29Cu5Mn35,evaluated,5,3,Ni,0.9745163260245402,2,2.1749991943952076,4.379515520419748,3.4626786241397567,1.9306950987623963,bound,ON_ADSORBATE,NORMAL,1.8300142931381205,bound,NORMAL,3.7858947714698217,desorbed,1.2382952676732475,O2_LIKE,H_TRANSFERRED,slab_O,distal_O,Ni,DESORPTION,0.11662228005268624,0.40337387210264825,0,0,0,undefined,False,False
mpa0_ext__Ni31Cr29Cu5Mn35__s06-08,CENSUS-3,mpa0,Ni31Cr29Cu5Mn35,evaluated,6,0,Ni,0.9390365102737528,4,1.751424272477005,1.2451187665904266,2.750963489726247,1.89210832214529,bound,ON_ADSORBATE,NORMAL,3.746526771131684,desorbed,DESORPTION,2.5204981134253015,weak,1.2366053717839398,O2_LIKE,H_TRANSFERRED,slab_O,proximal_O,Ni,DISSOCIATION,0.07880613666888252,0.1830395075022007,0,1,1,bridge,False,False
mpa0_ext__Ni31Cr29Cu5Mn35__s06-08,CENSUS-3,mpa0,Ni31Cr29Cu5Mn35,evaluated,6,1,Cr,1.1517097196819472,4,2.0896882458214017,3.4916728191095423,2.5382902803180527,1.7614725365364499,bound,ON_ADSORBATE,RECONSTRUCTION,1.5915674164015872,bound,RECONSTRUCTION,2.886724957169025,weak,1.2758817483131317,O2_LIKE,H_TRANSFERRED,slab_O,proximal_O,Mn,DISSOCIATION,0.0921390224902371,0.389397579991694,0,1,2,bridge,False,False
mpa0_ext__Ni31Cr29Cu5Mn35__s06-08,CENSUS-3,mpa0,Ni31Cr29Cu5Mn35,evaluated,6,2,Ni,1.025640537656444,4,1.7293505794994766,1.281884227054807,2.664359462343556,1.8706339080650263,bound,ON_ADSORBATE,NORMAL,3.778602011657921,desorbed,DESORPTION,2.5342411742820894,weak,1.2316933975244908,O2_LIKE,H_TRANSFERRED,slab_O,proximal_O,Ni,DISSOCIATION,0.07791876751430243,0.2273588899503428,0,1,1,bridge,False,False
mpa0_ext__Ni31Cr29Cu5Mn35__s06-08,CENSUS-3,mpa0,Ni31Cr29Cu5Mn35,evaluated,6,3,Ni,1.0997454135696483,2,1.9000527746100837,4.229798188179732,3.10469415897211,1.8854466894112303,bound,ON_ADSORBATE,NORMAL,1.784351400498388,bound,NORMAL,3.3654355988462705,desorbed,1.2289788005895796,O2_LIKE,H_TRANSFERRED,slab_O,distal_O,Ni,DESORPTION,0.18438146856705395,0.604066527504805,0,0,1,undefined,False,False
mpa0_ext__Ni31Cr29Cu5Mn35__s06-08,CENSUS-3,mpa0,Ni31Cr29Cu5Mn35,evaluated,7,0,Mn,1.1556627783979518,2,1.6184935493412476,4.004156327739199,2.815003552054067,1.8811928165588652,bound,ON_ADSORBATE,NORMAL,1.835307254198142,bound,NORMAL,4.0001359578365685,desorbed,1.232524492092913,O2_LIKE,H_TRANSFERRED,slab_O,distal_O,Mn,DESORPTION,0.06125158281683776,0.2615253543524435,0,0,0,undefined,False,False
mpa0_ext__Ni31Cr29Cu5Mn35__s06-08,CENSUS-3,mpa0,Ni31Cr29Cu5Mn35,evaluated,7,1,Ni,1.336301443894028,2,1.8929311302857976,4.4592325741798255,3.2464946475662955,1.8919130025994542,bound,ON_ADSORBATE,NORMAL,1.8305350678055545,bound,NORMAL,2.5061415309609565,weak,1.2421293707682064,O2_LIKE,H_TRANSFERRED,slab_O,proximal_O,Ni,DISSOCIATION,0.0686658739383053,0.17294221575069688,0,1,0,bridge,False,False
mpa0_ext__Ni31Cr29Cu5Mn35__s06-08,CENSUS-3,mpa0,Ni31Cr29Cu5Mn35,evaluated,7,2,Mn,1.1282997974258517,2,1.615867822109602,3.9741676195354536,3.5812278964820634,1.872477482206212,bound,ON_ADSORBATE,NORMAL,1.8480712767002037,bound,NORMAL,3.6924067751634895,desorbed,1.2407602834838738,O2_LIKE,H_TRANSFERRED,slab_O,distal_O,Mn,DESORPTION,0.07845667604951373,0.2800675780373796,0,0,0,undefined,False,False
mpa0_ext__Ni31Cr29Cu5Mn35__s06-08,CENSUS-3,mpa0,Ni31Cr29Cu5Mn35,evaluated,7,3,Mn,1.0994745463015914,2,1.704428414599557,4.033902960901148,4.26021700933501,1.8738664929969102,bound,ON_ADSORBATE,NORMAL,1.8626416510920414,bound,NORMAL,2.007201092871245,bound,1.3836242786786723,OOH_LIKE,ON_ADSORBATE,terminal_O,proximal_O,Mn,NORMAL,0.0708655790614521,0.27188238660373637,0,0,0,cus,True,True
mpa0_ext__Ni31Cr29Cu5Mn35__s06-08,CENSUS-3,mpa0,Ni31Cr29Cu5Mn35,evaluated,8,0,Cr,0.7954648758384186,1,2.0254648758384186,3.7037429142061207,3.506554517909366,1.8625994551567664,bound,ON_ADSORBATE,NORMAL,1.5949737491837264,bound,RECONSTRUCTION,3.735375995456052,desorbed,1.2399121945702254,O2_LIKE,H_TRANSFERRED,slab_O,proximal_O,Mn,DESORPTION,0.05454031814920998,0.1529881591738955,0,0,1,undefined,False,False
mpa0_ext__Ni31Cr29Cu5Mn35__s06-08,CENSUS-3,mpa0,Ni31Cr29Cu5Mn35,evaluated,8,1,Ni,1.5879616617427255,4,1.8060210988432694,1.5370805731522277,2.1020383382572745,1.9281360882760088,bound,ON_ADSORBATE,NORMAL,2.991469010312974,weak,MIGRATION,2.513910926248114,weak,1.2309911515518053,O2_LIKE,H_TRANSFERRED,slab_O,distal_O,Ni,DISSOCIATION,0.06753328393823958,0.14767524950942884,0,2,0,bridge,False,False
mpa0_ext__Ni31Cr29Cu5Mn35__s06-08,CENSUS-3,mpa0,Ni31Cr29Cu5Mn35,evaluated,8,2,Mn,1.230697151282926,4,1.538150738237301,3.8972668339539247,2.459302848717074,1.891297181046593,bound,ON_ADSORBATE,NORMAL,1.8399095169196509,bound,NORMAL,3.6603374018653776,desorbed,1.2255354229832855,O2_LIKE,H_TRANSFERRED,slab_O,proximal_O,Mn,DESORPTION,0.048381802992688544,0.20202093983474284,0,0,0,undefined,False,False
mpa0_ext__Ni31Cr29Cu5Mn35__s06-08,CENSUS-3,mpa0,Ni31Cr29Cu5Mn35,evaluated,8,3,Ni,1.5598436586222997,4,1.942362891023857,1.436502309608475,2.1301563413777003,1.911557289452139,bound,ON_ADSORBATE,NORMAL,2.9489836433830745,weak,MIGRATION,2.4939643911455462,weak,1.230156445319264,O2_LIKE,H_TRANSFERRED,slab_O,distal_O,Ni,DISSOCIATION,0.0441083528025511,0.16497191095463784,0,2,0,bridge,False,False
mpa0_ext__Ni31Cr29Cu5Mn35__s09-11,CENSUS-3,mpa0,Ni31Cr29Cu5Mn35,evaluated,9,0,Mn,1.5250246418899573,4,1.723758234302489,4.090449271169096,2.1649753581100426,1.8945941129286576,bound,ON_ADSORBATE,NORMAL,1.848485878206151,bound,NORMAL,3.693098024648418,desorbed,1.2277571245599286,O2_LIKE,H_TRANSFERRED,slab_O,distal_O,Ni,DESORPTION,0.04486031946560991,0.21224335554584461,1,0,0,undefined,False,False
mpa0_ext__Ni31Cr29Cu5Mn35__s09-11,CENSUS-3,mpa0,Ni31Cr29Cu5Mn35,evaluated,9,1,Cr,1.1837400441259556,4,1.8272773898422323,3.2785073391906714,2.5062599558740444,1.8242072522278383,bound,ON_ADSORBATE,NORMAL,1.5907078929100813,bound,RECONSTRUCTION,4.008812976310292,desorbed,1.2327410873608236,O2_LIKE,H_TRANSFERRED,slab_O,proximal_O,Cr,DESORPTION,0.059666853478251396,0.2010441598781615,0,0,1,undefined,False,False
mpa0_ext__Ni31Cr29Cu5Mn35__s09-11,CENSUS-3,mpa0,Ni31Cr29Cu5Mn35,evaluated,9,2,Ni,1.3311760779004356,2,1.827537559941414,4.38871363784185,3.1234622911665055,1.8819774625175951,bound,ON_ADSORBATE,NORMAL,1.7863453344396725,bound,RECONSTRUCTION,2.4577421465793683,weak,1.2414674890180615,O2_LIKE,H_TRANSFERRED,slab_O,proximal_O,Ni,DISSOCIATION,0.0841039476381423,0.22405434443730668,0,1,1,bridge,False,False
mpa0_ext__Ni31Cr29Cu5Mn35__s09-11,CENSUS-3,mpa0,Ni31Cr29Cu5Mn35,evaluated,9,3,Mn,1.1972532799303774,2,1.4332792388508673,3.8605325187812447,3.5209002888806267,1.8761912391215791,bound,ON_ADSORBATE,NORMAL,1.8276042396895165,bound,NORMAL,3.8096570024179344,desorbed,1.2386825451401735,O2_LIKE,H_TRANSFERRED,slab_O,distal_O,Ni,DESORPTION,0.07112636946649788,0.18656846780486633,0,0,0,undefined,False,False
mpa0_ext__Ni31Cr29Cu5Mn35__s09-11,CENSUS-3,mpa0,Ni31Cr29Cu5Mn35,evaluated,10,0,Mn,1.247395929996939,2,1.5406544367667387,4.018050366763678,2.8123127091706706,1.880954810708945,bound,ON_ADSORBATE,NORMAL,1.8012771674845736,bound,NORMAL,3.8779966273577955,desorbed,1.2324602332824255,O2_LIKE,H_TRANSFERRED,slab_O,proximal_O,Mn,DESORPTION,0.04964804814101868,0.20977240894316015,0,0,0,undefined,False,False
mpa0_ext__Ni31Cr29Cu5Mn35__s09-11,CENSUS-3,mpa0,Ni31Cr29Cu5Mn35,evaluated,10,1,Ni,0.7430940682154263,1,1.9730940682154263,3.2446032534434472,3.412612774855576,1.897688213262391,bound,ON_ADSORBATE,NORMAL,2.8346017607513327,weak,MIGRATION,2.624676827280511,weak,1.2414358598854427,O2_LIKE,H_TRANSFERRED,slab_O,proximal_O,Ni,DISSOCIATION,0.08481404624387394,0.22414581223902003,0,2,1,bridge,False,False
mpa0_ext__Ni31Cr29Cu5Mn35__s09-11,CENSUS-3,mpa0,Ni31Cr29Cu5Mn35,evaluated,10,2,Cr,0.48712508309465274,1,1.7171250830946527,3.2717624222443966,4.509728829823418,1.8935634504129344,bound,ON_ADSORBATE,NORMAL,1.5911571186034894,bound,RECONSTRUCTION,2.0021154721605123,bound,1.3749196044530088,OOH_LIKE,ON_ADSORBATE,terminal_O,proximal_O,Cr,NORMAL,0.06760724888914063,0.21811771293388102,0,0,1,cus,False,True
mpa0_ext__Ni31Cr29Cu5Mn35__s09-11,CENSUS-3,mpa0,Ni31Cr29Cu5Mn35,evaluated,10,3,Mn,1.0301113432034565,2,1.7541436061525482,4.014254949356005,3.2360270221920486,1.8807073193492896,bound,ON_ADSORBATE,NORMAL,1.850451021222078,bound,NORMAL,3.8086807352152583,desorbed,1.2367941641040643,O2_LIKE,H_TRANSFERRED,slab_O,distal_O,Mn,DESORPTION,0.06128042380069112,0.23284315197291872,0,0,0,undefined,False,False
mpa0_ext__Ni31Cr29Cu5Mn35__s09-11,CENSUS-3,mpa0,Ni31Cr29Cu5Mn35,evaluated,11,0,Cr,0.9710837078590666,4,1.7497127312277834,3.508461731258624,2.7189162921409333,1.8766187739293414,bound,ON_ADSORBATE,NORMAL,1.5947133372139521,bound,RECONSTRUCTION,4.015281187972353,desorbed,1.2340015257200254,O2_LIKE,H_TRANSFERRED,slab_O,distal_O,Cr,DESORPTION,0.05066505607285627,0.19369725457597697,0,0,1,undefined,False,False
mpa0_ext__Ni31Cr29Cu5Mn35__s09-11,CENSUS-3,mpa0,Ni31Cr29Cu5Mn35,evaluated,11,1,Cr,0.9486417915511547,4,1.8130201981730587,3.6449023409393,2.7413582084488453,1.8567865397442365,bound,ON_ADSORBATE,NORMAL,1.5995144356159754,bound,RECONSTRUCTION,4.02480377596514,desorbed,1.2349128658195767,O2_LIKE,H_TRANSFERRED,slab_O,proximal_O,Cr,DESORPTION,0.051465789520603954,0.1964690881932075,0,0,1,undefined,False,False
mpa0_ext__Ni31Cr29Cu5Mn35__s09-11,CENSUS-3,mpa0,Ni31Cr29Cu5Mn35,evaluated,11,2,Mn,1.141978918446652,2,1.500192455488412,3.872171373935064,2.7629420376720772,1.8617699306819149,bound,ON_ADSORBATE,NORMAL,1.809450547899904,bound,NORMAL,3.813977474254246,desorbed,1.2353628510544548,O2_LIKE,H_TRANSFERRED,slab_O,distal_O,Mn,DESORPTION,0.04439619277399003,0.17513021068694895,0,0,0,undefined,False,False
mpa0_ext__Ni31Cr29Cu5Mn35__s09-11,CENSUS-3,mpa0,Ni31Cr29Cu5Mn35,evaluated,11,3,Mn,1.141513928228191,2,1.593141102805442,3.964655031033633,2.778127085803534,1.8767185064952236,bound,ON_ADSORBATE,NORMAL,1.8405618008445495,bound,NORMAL,3.8676434823551253,desorbed,1.2351473666947879,O2_LIKE,H_TRANSFERRED,slab_O,distal_O,Mn,DESORPTION,0.04349660983882645,0.1755698711134543,0,0,0,undefined,False,False
mpa0_ext__Ni31Cr29Cu5Mn35__s12-14,CENSUS-3,mpa0,Ni31Cr29Cu5Mn35,evaluated,12,0,Ni,0.7219946215815147,1,1.9519946215815147,1.5415037872444126,3.3146540565058458,1.982908854802177,bound,ON_ADSORBATE,NORMAL,3.0121308400219484,desorbed,DESORPTION,3.3122201750970586,desorbed,1.2338757563960967,O2_LIKE,H_TRANSFERRED,slab_O,distal_O,Ni,DESORPTION,0.06124977524985024,0.17171010689636193,0,0,0,undefined,False,False
mpa0_ext__Ni31Cr29Cu5Mn35__s12-14,CENSUS-3,mpa0,Ni31Cr29Cu5Mn35,evaluated,12,1,Mn,1.1371412046177891,2,1.5634187210327135,3.9305599256505026,2.577949020252903,1.8572244223520753,bound,ON_ADSORBATE,NORMAL,1.8340337433342038,bound,NORMAL,2.9571350296925623,weak,1.2366183803201443,O2_LIKE,H_TRANSFERRED,slab_O,proximal_O,Mn,DISSOCIATION,0.053162265770375444,0.2035391607237712,0,1,0,bridge,False,False
mpa0_ext__Ni31Cr29Cu5Mn35__s12-14,CENSUS-3,mpa0,Ni31Cr29Cu5Mn35,evaluated,12,2,Cr,1.258383674017069,4,2.211485711710987,3.7520333734439397,2.431616325982931,1.8419353145223962,bound,ON_ADSORBATE,NORMAL,1.5876800537152644,bound,RECONSTRUCTION,3.5908043544478288,desorbed,1.231652165177725,O2_LIKE,H_TRANSFERRED,slab_O,distal_O,Ni,DESORPTION,0.05018278364579645,0.24005124471902076,0,0,1,undefined,False,False
mpa0_ext__Ni31Cr29Cu5Mn35__s12-14,CENSUS-3,mpa0,Ni31Cr29Cu5Mn35,evaluated,12,3,Mn,1.111436700444953,2,1.4969675557721538,3.838404256217107,2.9117965478633905,1.8505105690106196,bound,ON_ADSORBATE,NORMAL,1.8057687534863132,bound,NORMAL,2.7988696931113024,weak,1.2387756563638375,O2_LIKE,H_TRANSFERRED,slab_O,proximal_O,Mn,DISSOCIATION,0.09203212533940612,0.23374291560449342,0,1,0,bridge,False,False
mpa0_ext__Ni31Cr29Cu5Mn35__s12-14,CENSUS-3,mpa0,Ni31Cr29Cu5Mn35,evaluated,13,0,Mn,1.1753568349293158,2,1.6210443827449361,4.026401217674252,3.4567334820054625,1.8548190159787592,bound,ON_ADSORBATE,NORMAL,1.8690175541952145,bound,NORMAL,3.7106621424447552,desorbed,1.2353293994439678,O2_LIKE,H_TRANSFERRED,slab_O,distal_O,Mn,DESORPTION,0.06539643626181459,0.24114533171277514,0,0,0,undefined,False,False
mpa0_ext__Ni31Cr29Cu5Mn35__s12-14,CENSUS-3,mpa0,Ni31Cr29Cu5Mn35,evaluated,13,1,Cr,0.9373915540427911,4,1.6953508227316214,3.417603720712041,2.752608445957209,1.8334869306554131,bound,ON_ADSORBATE,NORMAL,1.5911591064945454,bound,RECONSTRUCTION,3.9956842731822237,desorbed,1.2337971233192622,O2_LIKE,H_TRANSFERRED,slab_O,distal_O,Cr,DESORPTION,0.04645524313454156,0.20054316739721983,0,0,1,undefined,False,False
mpa0_ext__Ni31Cr29Cu5Mn35__s12-14,CENSUS-3,mpa0,Ni31Cr29Cu5Mn35,evaluated,13,2,Ni,1.2150250066883626,2,1.9735318637828763,4.418556870471239,4.723999644958555,1.8929852267576488,bound,ON_ADSORBATE,NORMAL,1.8860935920729909,bound,NORMAL,2.0819030253751136,bound,1.3465817793469703,SUPEROXO_LIKE,ON_ADSORBATE,terminal_O,proximal_O,Ni,NORMAL,0.028845220978305476,0.11505305408182456,0,0,0,cus,True,True
mpa0_ext__Ni31Cr29Cu5Mn35__s12-14,CENSUS-3,mpa0,Ni31Cr29Cu5Mn35,evaluated,13,3,Mn,1.1342190364580613,2,1.4706981368583691,3.8349171733164304,2.7359685715670152,1.8740918685023422,bound,ON_ADSORBATE,NORMAL,1.8330917667110396,bound,NORMAL,3.5669164135051266,desorbed,1.2340577386891831,O2_LIKE,H_TRANSFERRED,slab_O,proximal_O,Mn,DESORPTION,0.04908559285491851,0.2133692794601909,0,0,0,undefined,False,False
mpa0_ext__Ni31Cr29Cu5Mn35__s12-14,CENSUS-3,mpa0,Ni31Cr29Cu5Mn35,evaluated,14,0,Ni,1.3366995384999125,2,1.8714481261217437,4.438147664621656,3.1587313265034154,1.88659689465845,bound,ON_ADSORBATE,NORMAL,1.8258287170715144,bound,NORMAL,3.52706551376653,desorbed,1.228047630953042,O2_LIKE,H_TRANSFERRED,slab_O,distal_O,Ni,DESORPTION,0.10117121069720592,0.41245963260673857,0,0,0,undefined,False,False
mpa0_ext__Ni31Cr29Cu5Mn35__s12-14,CENSUS-3,mpa0,Ni31Cr29Cu5Mn35,evaluated,14,1,Ni,1.1336515520344772,2,2.086754488022246,4.450406040056723,3.127027336390371,1.9392196298637803,bound,ON_ADSORBATE,NORMAL,1.704951372463372,bound,RECONSTRUCTION,3.0997346520525815,desorbed,1.2284701838895296,O2_LIKE,H_TRANSFERRED,slab_O,distal_O,Ni,DESORPTION,0.07370887944744824,0.19910086879028963,0,0,1,undefined,False,False
mpa0_ext__Ni31Cr29Cu5Mn35__s12-14,CENSUS-3,mpa0,Ni31Cr29Cu5Mn35,evaluated,14,2,Mn,1.1030702881717769,2,1.7158397195232404,4.048910007695017,3.1356161332374213,1.9041367192869838,bound,ON_ADSORBATE,NORMAL,1.8560451509975242,bound,NORMAL,3.7148859267317738,desorbed,1.2356079620863754,O2_LIKE,H_TRANSFERRED,slab_O,distal_O,Mn,DESORPTION,0.07307148424443843,0.22142226580929852,0,0,0,undefined,False,False
mpa0_ext__Ni31Cr29Cu5Mn35__s12-14,CENSUS-3,mpa0,Ni31Cr29Cu5Mn35,evaluated,14,3,Cr,1.0160978348520766,4,2.242031693332559,3.7946381910368565,2.6739021651479233,1.8213319348075878,bound,ON_ADSORBATE,NORMAL,1.591568681803413,bound,RECONSTRUCTION,2.6918112034823727,weak,1.2973816318256393,SUPEROXO_LIKE,H_TRANSFERRED,slab_O,distal_O,Ni,DISSOCIATION,0.0934642786103185,0.30870073603483145,1,1,1,bridge,False,False
mpa0_ext__Ni31Cr29Cu5Mn35__s15-17,CENSUS-3,mpa0,Ni31Cr29Cu5Mn35,evaluated,15,0,Mn,1.1192946792259857,2,1.6480967413004017,3.9973914205263874,3.1983644237425337,1.885088844097219,bound,ON_ADSORBATE,NORMAL,1.880342965483616,bound,NORMAL,3.535662878829831,desorbed,1.236019154656551,O2_LIKE,H_TRANSFERRED,slab_O,distal_O,Mn,DESORPTION,0.07541294167268535,0.2050240509117676,0,0,0,undefined,False,False
mpa0_ext__Ni31Cr29Cu5Mn35__s15-17,CENSUS-3,mpa0,Ni31Cr29Cu5Mn35,evaluated,15,1,Ni,0.9588219719723536,2,2.088121867031726,4.27694383900408,3.3287582526791097,1.9131871880094453,bound,ON_ADSORBATE,NORMAL,1.7999648171052671,bound,RECONSTRUCTION,3.399069672256082,desorbed,1.2335534011082923,O2_LIKE,H_TRANSFERRED,slab_O,distal_O,Ni,DESORPTION,0.085220384051286,0.28421322457146225,0,0,1,undefined,False,False
mpa0_ext__Ni31Cr29Cu5Mn35__s15-17,CENSUS-3,mpa0,Ni31Cr29Cu5Mn35,evaluated,15,2,Ni,1.3481990106391217,4,1.7840466804194315,1.4590798794428432,2.341800989360878,1.8856309526608028,bound,ON_ADSORBATE,NORMAL,3.0183199596287342,desorbed,DESORPTION,3.775506426781115,desorbed,1.2281842746991165,O2_LIKE,H_TRANSFERRED,slab_O,distal_O,Mn,DESORPTION,0.05531658185369098,0.16752770309810758,0,0,0,undefined,False,False
mpa0_ext__Ni31Cr29Cu5Mn35__s15-17,CENSUS-3,mpa0,Ni31Cr29Cu5Mn35,evaluated,15,3,Cr,1.2676223060107654,4,2.013081930098418,3.415809626214955,2.4223776939892345,1.7594778755741187,bound,ON_ADSORBATE,RECONSTRUCTION,1.5874521849639576,bound,RECONSTRUCTION,2.5719618654627694,weak,1.2328654053222148,O2_LIKE,H_TRANSFERRED,slab_O,proximal_O,Ni,DISSOCIATION,0.06509427483618326,0.18065261553213596,0,1,2,bridge,False,False
mpa0_ext__Ni31Cr29Cu5Mn35__s15-17,CENSUS-3,mpa0,Ni31Cr29Cu5Mn35,evaluated,16,0,Mn,1.0806312845370183,2,1.6891454155765708,3.999776700113589,3.4004278737573954,1.8627587499877196,bound,ON_ADSORBATE,NORMAL,1.8544167769588158,bound,NORMAL,3.651223450606873,desorbed,1.2346034945211861,O2_LIKE,H_TRANSFERRED,slab_O,distal_O,Mn,DESORPTION,0.07256550247670733,0.2065823027083111,0,0,0,undefined,False,False
mpa0_ext__Ni31Cr29Cu5Mn35__s15-17,CENSUS-3,mpa0,Ni31Cr29Cu5Mn35,evaluated,16,1,Cr,1.003750109511146,4,1.5505459066407306,3.2330852796300498,2.686249890488854,1.835825324996016,bound,ON_ADSORBATE,NORMAL,1.5913793567349928,bound,RECONSTRUCTION,4.053530738922652,desorbed,1.2335972502804562,O2_LIKE,H_TRANSFERRED,slab_O,distal_O,Cr,DESORPTION,0.04539359344877345,0.19349700723189261,0,0,1,undefined,False,False
mpa0_ext__Ni31Cr29Cu5Mn35__s15-17,CENSUS-3,mpa0,Ni31Cr29Cu5Mn35,evaluated,16,2,Ni,0.7322518603821058,1,1.9622518603821058,1.9612929782141786,3.3487280058265028,1.9008740091677077,bound,ON_ADSORBATE,NORMAL,2.919821327564974,weak,MIGRATION,2.9186967749595047,weak,1.2316191147022015,O2_LIKE,H_TRANSFERRED,slab_O,distal_O,Ni,DISSOCIATION,0.07415393362043728,0.24496919250721894,0,2,0,bridge,False,False
mpa0_ext__Ni31Cr29Cu5Mn35__s15-17,CENSUS-3,mpa0,Ni31Cr29Cu5Mn35,evaluated,16,3,Cr,1.1138237359583067,4,1.6500116937792435,3.211336522126917,2.576176264041693,1.8934904967464878,bound,ON_ADSORBATE,NORMAL,1.5898655305855012,bound,RECONSTRUCTION,3.902635613146968,desorbed,1.228477408720128,O2_LIKE,H_TRANSFERRED,slab_O,distal_O,Ni,DESORPTION,0.059713046475362956,0.17738250256385515,0,0,1,undefined,False,False
mpa0_ext__Ni31Cr29Cu5Mn35__s15-17,CENSUS-3,mpa0,Ni31Cr29Cu5Mn35,evaluated,17,0,Cr,0.6902705160241984,1,1.9202705160241984,3.4458373317047837,3.4624354153713752,1.7911808301232326,bound,ON_ADSORBATE,NORMAL,1.5851869480967669,bound,RECONSTRUCTION,3.8112489444447184,desorbed,1.2354342753605518,O2_LIKE,H_TRANSFERRED,slab_O,distal_O,Cr,DESORPTION,0.0782170041193248,0.2211550981283508,0,0,1,undefined,False,False
mpa0_ext__Ni31Cr29Cu5Mn35__s15-17,CENSUS-3,mpa0,Ni31Cr29Cu5Mn35,evaluated,17,1,Cu,0.6076117841441677,1,1.8376117841441677,2.2868522885920903,3.625083925190553,1.84693498408253,bound,ON_ADSORBATE,NORMAL,3.0096261068213725,desorbed,DESORPTION,2.9787325862177596,weak,1.239030415224814,O2_LIKE,H_TRANSFERRED,slab_O,proximal_O,Cu,DISSOCIATION,0.07466988559982593,0.20259164536221325,0,1,0,bridge,False,False
mpa0_ext__Ni31Cr29Cu5Mn35__s15-17,CENSUS-3,mpa0,Ni31Cr29Cu5Mn35,evaluated,17,2,Ni,1.0172919499210034,4,2.018077916241021,2.2487737986085996,2.6727080500789966,1.8914862694646433,bound,ON_ADSORBATE,NORMAL,2.946557969647508,weak,MIGRATION,3.636170570802894,desorbed,1.2335898676967254,O2_LIKE,H_TRANSFERRED,slab_O,distal_O,Ni,DESORPTION,0.04177825079502635,0.1981279738064429,0,1,0,undefined,False,False
mpa0_ext__Ni31Cr29Cu5Mn35__s15-17,CENSUS-3,mpa0,Ni31Cr29Cu5Mn35,evaluated,17,3,Cr,0.783338969352072,1,2.013338969352072,3.62406266435406,3.6186003115919916,1.8626591999166615,bound,ON_ADSORBATE,NORMAL,1.594477190430853,bound,RECONSTRUCTION,3.864132262098557,desorbed,1.235416682226224,O2_LIKE,H_TRANSFERRED,slab_O,distal_O,Cr,DESORPTION,0.06480517723734572,0.17037929507173172,0,0,1,undefined,False,False
mpa0_ext__Ni31Cr29Cu5Mn35__s18-20,CENSUS-3,mpa0,Ni31Cr29Cu5Mn35,evaluated,18,0,Ni,0.6816980703123805,3,1.9115877098519953,1.4612831741455106,3.372981244457891,1.878809858974668,bound,ON_ADSORBATE,NORMAL,3.1362597914973374,desorbed,DESORPTION,2.5558742522377567,weak,1.2384124501200762,O2_LIKE,H_TRANSFERRED,slab_O,proximal_O,Ni,DISSOCIATION,0.11184954364637707,0.3590038689103074,0,1,1,bridge,False,False
mpa0_ext__Ni31Cr29Cu5Mn35__s18-20,CENSUS-3,mpa0,Ni31Cr29Cu5Mn35,evaluated,18,1,Cr,0.9341236110709437,1,2.1641236110709436,3.490010557758101,3.367803698865886,1.775340945377486,bound,ON_ADSORBATE,RECONSTRUCTION,1.5878323645917236,bound,RECONSTRUCTION,3.675987449826204,desorbed,1.2363205108813606,O2_LIKE,H_TRANSFERRED,slab_O,distal_O,Ni,DESORPTION,0.10357352512123573,0.2565333248384626,0,0,2,undefined,False,False
mpa0_ext__Ni31Cr29Cu5Mn35__s18-20,CENSUS-3,mpa0,Ni31Cr29Cu5Mn35,evaluated,18,2,Mn,1.1756068001650117,2,1.6948364386138004,4.100443238778812,3.132749368243482,1.885481571570499,bound,ON_ADSORBATE,NORMAL,1.8468673903175545,bound,NORMAL,3.4747519929007815,desorbed,1.236260030221265,O2_LIKE,H_TRANSFERRED,slab_O,distal_O,Mn,DESORPTION,0.055835758089235875,0.17271751221311857,0,0,0,undefined,False,False
mpa0_ext__Ni31Cr29Cu5Mn35__s18-20,CENSUS-3,mpa0,Ni31Cr29Cu5Mn35,evaluated,18,3,Ni,0.8411532165807634,1,2.0711532165807633,1.5448878597833053,3.2827543352088937,1.9325485883219025,bound,ON_ADSORBATE,NORMAL,3.056464623508094,desorbed,DESORPTION,3.3604500264224755,desorbed,1.2301670398674822,O2_LIKE,H_TRANSFERRED,slab_O,proximal_O,Ni,DESORPTION,0.06188218096835969,0.175826307835789,0,0,0,undefined,False,False
mpa0_ext__Ni31Cr29Cu5Mn35__s18-20,CENSUS-3,mpa0,Ni31Cr29Cu5Mn35,evaluated,19,0,Ni,0.9412142491907352,1,2.171214249190735,1.6260497093797748,3.184887381389957,1.9179813991164392,bound,ON_ADSORBATE,NORMAL,3.0692813822549008,desorbed,DESORPTION,3.378431719625725,desorbed,1.2285384420532837,O2_LIKE,H_TRANSFERRED,slab_O,proximal_O,Ni,DESORPTION,0.08206981349497754,0.17922207822523897,0,0,0,undefined,False,False
mpa0_ext__Ni31Cr29Cu5Mn35__s18-20,CENSUS-3,mpa0,Ni31Cr29Cu5Mn35,evaluated,19,1,Cr,0.881316166961752,1,2.111316166961752,3.5829450113301142,3.142872559462775,1.7672847899891246,bound,ON_ADSORBATE,RECONSTRUCTION,1.5890507206779765,bound,RECONSTRUCTION,3.6934033127770007,desorbed,1.2296726209633357,O2_LIKE,H_TRANSFERRED,slab_O,distal_O,Ni,DESORPTION,0.08088677884320246,0.255916729809244,0,0,2,undefined,False,False
mpa0_ext__Ni31Cr29Cu5Mn35__s18-20,CENSUS-3,mpa0,Ni31Cr29Cu5Mn35,evaluated,19,2,Cr,1.095582148591462,4,2.199482532959133,3.643399541116171,2.594417851408538,1.7631641140657608,bound,ON_ADSORBATE,RECONSTRUCTION,1.5912042278741168,bound,RECONSTRUCTION,3.429815171459199,desorbed,1.2352970145294722,O2_LIKE,H_TRANSFERRED,slab_O,distal_O,Ni,DESORPTION,0.05517290693679211,0.15795120967528417,0,0,2,undefined,False,False
mpa0_ext__Ni31Cr29Cu5Mn35__s18-20,CENSUS-3,mpa0,Ni31Cr29Cu5Mn35,evaluated,19,3,Ni,1.2405643342447101,4,2.001527319498701,1.4825175672479853,2.44943566575529,1.9939487654553654,bound,ON_ADSORBATE,NORMAL,3.061735689265733,desorbed,DESORPTION,3.363835374778502,desorbed,1.2309756590444945,O2_LIKE,H_TRANSFERRED,slab_O,proximal_O,Ni,DESORPTION,0.07362993749785307,0.3121092317645553,0,0,1,undefined,False,False
mpa0_ext__Ni31Cr29Cu5Mn35__s18-20,CENSUS-3,mpa0,Ni31Cr29Cu5Mn35,evaluated,20,0,Cr,0.8586025891187168,1,2.0886025891187168,3.363179086870989,3.368201577288859,1.8550924390946735,bound,ON_ADSORBATE,NORMAL,1.5891099034129113,bound,RECONSTRUCTION,3.794850938718729,desorbed,1.2409166634157267,O2_LIKE,H_TRANSFERRED,slab_O,distal_O,Mn,DESORPTION,0.06783295310618064,0.1808756000746145,0,0,1,undefined,False,False
mpa0_ext__Ni31Cr29Cu5Mn35__s18-20,CENSUS-3,mpa0,Ni31Cr29Cu5Mn35,evaluated,20,1,Ni,0.6534247924713403,1,1.8834247924713403,3.244642433547174,3.379576488340548,1.8818587261635897,bound,ON_ADSORBATE,NORMAL,1.9565367145773747,bound,NORMAL,3.7360121666747266,desorbed,1.2378572146536875,O2_LIKE,H_TRANSFERRED,slab_O,distal_O,Mn,DESORPTION,0.0553909021185053,0.16253817397107245,0,0,0,undefined,False,False
mpa0_ext__Ni31Cr29Cu5Mn35__s18-20,CENSUS-3,mpa0,Ni31Cr29Cu5Mn35,evaluated,20,2,Ni,0.7833174614489584,1,2.0133174614489584,1.9102568811540304,3.403171430017325,1.9580959049181634,bound,ON_ADSORBATE,NORMAL,2.971333207950009,weak,MIGRATION,3.9070809956895642,desorbed,1.2311447165759464,O2_LIKE,H_TRANSFERRED,slab_O,distal_O,Cr,DESORPTION,0.071243192656191,0.2038299041227523,0,1,0,undefined,False,False
mpa0_ext__Ni31Cr29Cu5Mn35__s18-20,CENSUS-3,mpa0,Ni31Cr29Cu5Mn35,evaluated,20,3,Mn,1.0857859837196013,2,1.6765152722411707,3.992301255960772,3.377197087478977,1.8625084903257172,bound,ON_ADSORBATE,NORMAL,1.8799086764324082,bound,NORMAL,3.726694368960765,desorbed,1.232603649884547,O2_LIKE,H_TRANSFERRED,slab_O,distal_O,Mn,DESORPTION,0.06035539284145262,0.20042113250479063,0,0,0,undefined,False,False
mpa0_ext__Ni31Cr29Cu5Mn35__s21-23,CENSUS-3,mpa0,Ni31Cr29Cu5Mn35,evaluated,21,0,Ni,0.6739686895136137,1,1.9039686895136136,2.9482552663645016,3.0856711570128836,1.9025752148113082,bound,ON_ADSORBATE,NORMAL,1.9927393047142075,bound,NORMAL,2.510369347821176,weak,1.2373165427780601,O2_LIKE,H_TRANSFERRED,slab_O,proximal_O,Ni,DISSOCIATION,0.06290257821161124,0.17833850502228624,0,1,0,bridge,False,False
mpa0_ext__Ni31Cr29Cu5Mn35__s21-23,CENSUS-3,mpa0,Ni31Cr29Cu5Mn35,evaluated,21,1,Mn,1.078654945959867,2,1.6630104493626967,3.971665395322564,2.717795971443651,1.8818544149610847,bound,ON_ADSORBATE,NORMAL,1.846348542150294,bound,NORMAL,2.942755367594174,weak,1.2368952485117286,O2_LIKE,H_TRANSFERRED,slab_O,proximal_O,Mn,DISSOCIATION,0.057687070128146965,0.2014056452270732,0,1,0,bridge,False,False
mpa0_ext__Ni31Cr29Cu5Mn35__s21-23,CENSUS-3,mpa0,Ni31Cr29Cu5Mn35,evaluated,21,2,Mn,1.0921696755605392,2,1.6888662195728679,4.011035895133407,3.079254230112896,1.8841879180286558,bound,ON_ADSORBATE,NORMAL,1.8731801814610656,bound,NORMAL,3.7111196662804704,desorbed,1.2365157262665754,O2_LIKE,H_TRANSFERRED,slab_O,proximal_O,Ni,DESORPTION,0.0831713664682774,0.19507586907439195,0,0,0,undefined,False,False
mpa0_ext__Ni31Cr29Cu5Mn35__s21-23,CENSUS-3,mpa0,Ni31Cr29Cu5Mn35,evaluated,21,3,Mn,1.0980158560859916,2,1.6030848604681531,3.9311007165541447,3.681636131968561,1.8813322661587961,bound,ON_ADSORBATE,NORMAL,1.8386257262731958,bound,NORMAL,3.6634310922866677,desorbed,1.242939292649123,O2_LIKE,H_TRANSFERRED,slab_O,distal_O,Mn,DESORPTION,0.08600542817048565,0.2333665306979343,0,0,0,undefined,False,False
mpa0_ext__Ni31Cr29Cu5Mn35__s21-23,CENSUS-3,mpa0,Ni31Cr29Cu5Mn35,evaluated,22,0,Ni,0.9402243105891142,2,2.1202468960679206,4.290471206657035,3.5106724690946307,1.9131392835881151,bound,ON_ADSORBATE,RECONSTRUCTION,1.8099866587940667,bound,RECONSTRUCTION,3.7471523067571098,desorbed,1.2343665449266148,O2_LIKE,H_TRANSFERRED,slab_O,proximal_O,Ni,DESORPTION,0.08734274502162771,0.2108761253446726,0,0,2,undefined,False,False
mpa0_ext__Ni31Cr29Cu5Mn35__s21-23,CENSUS-3,mpa0,Ni31Cr29Cu5Mn35,evaluated,22,1,Cr,0.8736141767895456,4,1.619480790653109,3.3467912758307286,2.8163858232104544,1.8174610541241845,bound,ON_ADSORBATE,NORMAL,1.5942583048871135,bound,RECONSTRUCTION,3.0325166927083878,desorbed,1.239077048526831,O2_LIKE,H_TRANSFERRED,slab_O,proximal_O,Cr,DESORPTION,0.04775716784669031,0.1317479842377742,0,0,1,undefined,False,False
mpa0_ext__Ni31Cr29Cu5Mn35__s21-23,CENSUS-3,mpa0,Ni31Cr29Cu5Mn35,evaluated,22,2,Cr,1.1519588373686096,1,2.3819588373686096,3.5355340501605816,3.414860100149555,1.9840910085949284,bound,ON_ADSORBATE,NORMAL,1.585801460460155,bound,RECONSTRUCTION,3.7409530926603756,desorbed,1.2345458263221518,O2_LIKE,H_TRANSFERRED,slab_O,distal_O,Cr,DESORPTION,0.07737632851912117,0.21975376537806662,0,0,1,undefined,False,False
mpa0_ext__Ni31Cr29Cu5Mn35__s21-23,CENSUS-3,mpa0,Ni31Cr29Cu5Mn35,evaluated,22,3,Mn,1.1585792356210316,2,1.57722175732331,3.9658009929443416,2.71760179979333,1.8762731295382882,bound,ON_ADSORBATE,NORMAL,1.8256037296644272,bound,NORMAL,3.677179215764283,desorbed,1.2328446929488512,O2_LIKE,H_TRANSFERRED,slab_O,proximal_O,Mn,DESORPTION,0.04164303594225672,0.16241000681870674,0,0,0,undefined,False,False
mpa0_ext__Ni31Cr29Cu5Mn35__s21-23,CENSUS-3,mpa0,Ni31Cr29Cu5Mn35,evaluated,23,0,Mn,1.0440823806098374,4,1.492124951056406,0.8104814723213034,2.6459176193901626,1.857484386958055,bound,ON_ADSORBATE,NORMAL,3.664580075234819,desorbed,DESORPTION,3.8185882780394844,desorbed,1.2232423606668505,O2_LIKE,H_TRANSFERRED,slab_O,proximal_O,Ni,DESORPTION,0.037921791263703326,0.11462529604374783,0,0,1,undefined,False,False
mpa0_ext__Ni31Cr29Cu5Mn35__s21-23,CENSUS-3,mpa0,Ni31Cr29Cu5Mn35,evaluated,23,1,Ni,1.198990740912647,2,1.8541382244456721,4.283128965358319,3.276713998827803,1.8326983460053272,bound,ON_ADSORBATE,RECONSTRUCTION,1.6807516046771243,bound,RECONSTRUCTION,3.586461926003544,desorbed,1.2358329536531283,O2_LIKE,H_TRANSFERRED,slab_O,distal_O,Mn,DESORPTION,0.07286974566458469,0.1753641668479105,0,0,2,undefined,False,False
mpa0_ext__Ni31Cr29Cu5Mn35__s21-23,CENSUS-3,mpa0,Ni31Cr29Cu5Mn35,evaluated,23,2,Cr,0.9682988071290319,4,1.668243409628952,3.4919188081827066,2.721701192870968,1.8003275614585645,bound,ON_ADSORBATE,NORMAL,1.5886884635437264,bound,RECONSTRUCTION,4.053449069470855,desorbed,1.2280800718697664,O2_LIKE,H_TRANSFERRED,slab_O,proximal_O,Mn,DESORPTION,0.03968666530459698,0.16968856454297362,0,0,1,undefined,False,False
mpa0_ext__Ni31Cr29Cu5Mn35__s21-23,CENSUS-3,mpa0,Ni31Cr29Cu5Mn35,evaluated,23,3,Mn,0.9303857403026412,3,1.8017412571914186,1.1060255276488855,3.266411267951527,1.8517335005699025,bound,ON_ADSORBATE,NORMAL,3.6524232330915134,desorbed,DESORPTION,3.7579063844603544,desorbed,1.2359818795668696,O2_LIKE,H_TRANSFERRED,slab_O,distal_O,Mn,DESORPTION,0.06699423319938361,0.15663705548348122,0,0,1,undefined,False,False
mpa0_ext__Ni31Cr29Cu5Mn35__s24-26,CENSUS-3,mpa0,Ni31Cr29Cu5Mn35,evaluated,24,0,Cr,1.045769007076145,1,2.275769007076145,3.502651090112497,4.664967218160713,1.9158744539444406,bound,ON_ADSORBATE,NORMAL,1.5863254238120261,bound,RECONSTRUCTION,3.5739076935004706,desorbed,1.3412440955954568,SUPEROXO_LIKE,ON_ADSORBATE,binding_O,distal_O,Cr,DESORPTION,0.01951678690803708,0.040664629723152795,0,0,1,undefined,False,False
mpa0_ext__Ni31Cr29Cu5Mn35__s24-26,CENSUS-3,mpa0,Ni31Cr29Cu5Mn35,evaluated,24,1,Mn,1.171347389115878,2,1.5186769821061952,3.9200243712220733,2.6027199078696994,1.8464756762440457,bound,ON_ADSORBATE,NORMAL,1.8135448048514846,bound,NORMAL,2.635600223186163,weak,1.2430503209370463,O2_LIKE,H_TRANSFERRED,slab_O,proximal_O,Mn,DISSOCIATION,0.0801450097969463,0.25912817171449065,0,1,0,bridge,False,False
mpa0_ext__Ni31Cr29Cu5Mn35__s24-26,CENSUS-3,mpa0,Ni31Cr29Cu5Mn35,evaluated,24,2,Ni,1.260003417511852,2,1.9175538508554504,4.407557268367302,2.7306284780618753,1.9326431509887307,bound,ON_ADSORBATE,NORMAL,1.6904804349341072,bound,RECONSTRUCTION,3.3026335978429366,desorbed,1.2286379554522173,O2_LIKE,H_TRANSFERRED,slab_O,distal_O,Ni,DESORPTION,0.051040817785496406,0.21292410847956109,0,0,1,undefined,False,False
mpa0_ext__Ni31Cr29Cu5Mn35__s24-26,CENSUS-3,mpa0,Ni31Cr29Cu5Mn35,evaluated,24,3,Mn,1.2003522815247418,2,1.5626731656718342,3.993025447196576,3.001610784757362,1.8475436166171988,bound,ON_ADSORBATE,NORMAL,1.8224097396608956,bound,NORMAL,3.834973091642659,desorbed,1.2287409482679748,O2_LIKE,H_TRANSFERRED,slab_O,distal_O,Cr,DESORPTION,0.06137693560879643,0.2018713938574602,0,0,0,undefined,False,False
mpa0_ext__Ni31Cr29Cu5Mn35__s24-26,CENSUS-3,mpa0,Ni31Cr29Cu5Mn35,evaluated,25,0,Ni,1.2919695605263808,2,1.8318496388675052,4.353819199393886,4.615408455854267,1.879089391589339,bound,ON_ADSORBATE,NORMAL,1.6724652557336739,bound,RECONSTRUCTION,2.0539852175432802,bound,1.3307994833038967,SUPEROXO_LIKE,ON_ADSORBATE,terminal_O,proximal_O,Ni,NORMAL,0.029184602152398917,0.10198419291472516,0,0,1,cus,False,True
mpa0_ext__Ni31Cr29Cu5Mn35__s24-26,CENSUS-3,mpa0,Ni31Cr29Cu5Mn35,evaluated,25,1,Mn,1.1168569819656122,4,1.6242662001088441,3.9051266933173316,2.5731430180343877,1.8604962324650713,bound,ON_ADSORBATE,NORMAL,1.8234808117041934,bound,NORMAL,3.5658387613100992,desorbed,1.2323281194594227,O2_LIKE,H_TRANSFERRED,slab_O,proximal_O,Mn,DESORPTION,0.04156802766402527,0.18661591313069034,0,0,0,undefined,False,False
mpa0_ext__Ni31Cr29Cu5Mn35__s24-26,CENSUS-3,mpa0,Ni31Cr29Cu5Mn35,evaluated,25,2,Mn,1.083871409549685,2,1.6960442744963538,4.009915684046039,3.1878367142878132,1.8914929681165313,bound,ON_ADSORBATE,NORMAL,1.8966298798322518,bound,NORMAL,3.721757456161639,desorbed,1.2335412555027685,O2_LIKE,H_TRANSFERRED,slab_O,distal_O,Mn,DESORPTION,0.06698654947735752,0.21438739073094373,0,0,0,undefined,False,False
mpa0_ext__Ni31Cr29Cu5Mn35__s24-26,CENSUS-3,mpa0,Ni31Cr29Cu5Mn35,evaluated,25,3,Cr,1.032273410090057,4,1.7182326197152755,3.263604367677747,2.657726589909943,1.823685835488605,bound,ON_ADSORBATE,NORMAL,1.587122649935069,bound,RECONSTRUCTION,3.069870886760269,desorbed,1.2388363721858373,O2_LIKE,H_TRANSFERRED,slab_O,proximal_O,Cr,DESORPTION,0.05781926341126491,0.17430690209400884,0,0,1,undefined,False,False
mpa0_ext__Ni31Cr29Cu5Mn35__s24-26,CENSUS-3,mpa0,Ni31Cr29Cu5Mn35,evaluated,26,0,Ni,1.0302754377200056,2,2.0312783082493078,4.291553745969313,3.4179410297555264,1.9414428269606865,bound,ON_ADSORBATE,NORMAL,1.8144463599961795,bound,RECONSTRUCTION,2.778620553421954,weak,1.2381541633744502,O2_LIKE,H_TRANSFERRED,slab_O,proximal_O,Ni,DISSOCIATION,0.100182787236781,0.2611509610929335,0,1,1,bridge,False,False
mpa0_ext__Ni31Cr29Cu5Mn35__s24-26,CENSUS-3,mpa0,Ni31Cr29Cu5Mn35,evaluated,26,1,Ni,0.7017877864154078,1,1.9317877864154078,1.692724911601122,3.3746198054238916,1.887860933912858,bound,ON_ADSORBATE,NORMAL,4.047249309270285,desorbed,DESORPTION,2.5106186035658324,weak,1.2401320678706977,O2_LIKE,H_TRANSFERRED,slab_O,proximal_O,Ni,DISSOCIATION,0.1042296240449816,0.21444375910641517,0,1,1,bridge,False,False
mpa0_ext__Ni31Cr29Cu5Mn35__s24-26,CENSUS-3,mpa0,Ni31Cr29Cu5Mn35,evaluated,26,2,Cr,0.9000091489288442,1,2.130009148928844,3.3340576052172857,3.243854031501884,1.8597509832975607,bound,ON_ADSORBATE,NORMAL,1.5899774089805319,bound,RECONSTRUCTION,3.790590901811327,desorbed,1.2309577361513033,O2_LIKE,H_TRANSFERRED,slab_O,distal_O,Cr,DESORPTION,0.15851050262887537,0.46433144763491013,0,0,1,undefined,False,False
mpa0_ext__Ni31Cr29Cu5Mn35__s24-26,CENSUS-3,mpa0,Ni31Cr29Cu5Mn35,evaluated,26,3,Mn,1.1298919729460106,2,1.6272969149252057,3.9871888878712163,2.6182054793359852,1.866354055340686,bound,ON_ADSORBATE,NORMAL,1.8350676186986925,bound,NORMAL,3.0894046483886846,desorbed,1.233236451952793,O2_LIKE,H_TRANSFERRED,slab_O,distal_O,Mn,DESORPTION,0.0442500523924906,0.13174222209318479,0,0,0,undefined,False,False
mpa0_ext__Ni31Cr29Cu5Mn35__s27-29,CENSUS-3,mpa0,Ni31Cr29Cu5Mn35,evaluated,27,0,Mn,1.1505475526978142,2,1.5770282798224238,3.957575832520238,2.6694783085841904,1.864507137467943,bound,ON_ADSORBATE,NORMAL,1.8325978720575007,bound,NORMAL,2.775873668189725,weak,1.2400779415914662,O2_LIKE,H_TRANSFERRED,slab_O,proximal_O,Mn,DISSOCIATION,0.05761545191393299,0.1798253121462135,0,1,0,bridge,False,False
mpa0_ext__Ni31Cr29Cu5Mn35__s27-29,CENSUS-3,mpa0,Ni31Cr29Cu5Mn35,evaluated,27,1,Ni,0.75706711357138,1,1.98706711357138,1.6887130721889074,3.3343714323794997,1.9219414915577229,bound,ON_ADSORBATE,NORMAL,2.978698021850637,weak,MIGRATION,3.638482201539572,desorbed,1.2361353710496346,O2_LIKE,H_TRANSFERRED,slab_O,distal_O,Ni,DESORPTION,0.06400024945770039,0.2028862856359798,0,1,0,undefined,False,False
mpa0_ext__Ni31Cr29Cu5Mn35__s27-29,CENSUS-3,mpa0,Ni31Cr29Cu5Mn35,evaluated,27,2,Mn,1.124714025736493,2,1.5346384794647983,3.889352505201291,3.704623036707859,1.8551103281094243,bound,ON_ADSORBATE,NORMAL,1.8065881854281605,bound,NORMAL,3.713630258890401,desorbed,1.2398916481450686,O2_LIKE,H_TRANSFERRED,slab_O,distal_O,Mn,DESORPTION,0.08751892533629912,0.3231904110712651,0,0,0,undefined,False,False
mpa0_ext__Ni31Cr29Cu5Mn35__s27-29,CENSUS-3,mpa0,Ni31Cr29Cu5Mn35,evaluated,27,3,Cr,0.8242933416137097,1,2.0542933416137097,3.4154406724232196,3.4842989621105303,1.8108826984415143,bound,ON_ADSORBATE,NORMAL,1.5874901929135954,bound,RECONSTRUCTION,3.7753913093862295,desorbed,1.2389762106338202,O2_LIKE,H_TRANSFERRED,slab_O,distal_O,Ni,DESORPTION,0.0832132024259635,0.23086713562039438,0,0,1,undefined,False,False
mpa0_ext__Ni31Cr29Cu5Mn35__s27-29,CENSUS-3,mpa0,Ni31Cr29Cu5Mn35,evaluated,28,0,Ni,1.048901661762046,4,1.954767966471048,1.5135230822355974,2.641098338237954,1.9556662684925525,bound,ON_ADSORBATE,NORMAL,2.9430927225142955,weak,MIGRATION,3.6247002351192275,desorbed,1.2255283661444154,O2_LIKE,H_TRANSFERRED,slab_O,distal_O,Ni,DESORPTION,0.05864140741482892,0.2062547399810656,0,1,0,undefined,False,False
mpa0_ext__Ni31Cr29Cu5Mn35__s27-29,CENSUS-3,mpa0,Ni31Cr29Cu5Mn35,evaluated,28,1,Cu,0.9502373935756063,4,1.986828544661956,1.556995929797868,2.7397626064243936,1.8855851197262485,bound,ON_ADSORBATE,NORMAL,2.95308936259825,weak,MIGRATION,3.054659452097482,desorbed,1.2288132087307144,O2_LIKE,H_TRANSFERRED,slab_O,proximal_O,Cu,DESORPTION,0.05577212579184488,0.20575674243652406,1,1,0,undefined,False,False
mpa0_ext__Ni31Cr29Cu5Mn35__s27-29,CENSUS-3,mpa0,Ni31Cr29Cu5Mn35,evaluated,28,2,Cr,0.8332518584768271,1,2.063251858476827,3.3607531222400304,3.294133839770667,1.8470570508620041,bound,ON_ADSORBATE,NORMAL,1.587402741273937,bound,RECONSTRUCTION,3.6927692481522567,desorbed,1.2354793519028084,O2_LIKE,H_TRANSFERRED,slab_O,distal_O,Mn,DESORPTION,0.11940072445522668,0.3572914789931745,0,0,1,undefined,False,False
mpa0_ext__Ni31Cr29Cu5Mn35__s27-29,CENSUS-3,mpa0,Ni31Cr29Cu5Mn35,evaluated,28,3,Mn,0.6118043347607782,3,1.6752975463196784,1.6018336908404402,3.4436380256012185,1.8804466235760298,bound,ON_ADSORBATE,NORMAL,3.5915758561844338,desorbed,DESORPTION,3.5155235234222126,desorbed,1.2415796575423215,O2_LIKE,H_TRANSFERRED,slab_O,distal_O,Cu,DESORPTION,0.11027049814597749,0.34154526748233327,0,0,1,undefined,False,False
mpa0_ext__Ni31Cr29Cu5Mn35__s27-29,CENSUS-3,mpa0,Ni31Cr29Cu5Mn35,evaluated,29,0,Ni,0.9349464465898185,1,2.1649464465898185,3.348952294549438,4.766668504404381,1.9812201676767693,bound,ON_ADSORBATE,NORMAL,1.9713180091043407,bound,NORMAL,2.193996086972177,bound,1.336349695033289,SUPEROXO_LIKE,ON_ADSORBATE,terminal_O,proximal_O,Ni,NORMAL,0.030211825469666085,0.16330425338128374,0,0,0,cus,True,True
mpa0_ext__Ni31Cr29Cu5Mn35__s27-29,CENSUS-3,mpa0,Ni31Cr29Cu5Mn35,evaluated,29,1,Ni,1.1479681308732932,2,2.1088520599499483,4.4868201908232415,3.459019879580809,1.9373149613845067,bound,ON_ADSORBATE,RECONSTRUCTION,1.6547209135090533,bound,RECONSTRUCTION,3.4235978395399007,desorbed,1.2349179513846693,O2_LIKE,H_TRANSFERRED,slab_O,distal_O,Ni,DESORPTION,0.05688526324430489,0.1667983302106057,0,0,2,undefined,False,False
mpa0_ext__Ni31Cr29Cu5Mn35__s27-29,CENSUS-3,mpa0,Ni31Cr29Cu5Mn35,evaluated,29,2,Cr,1.083504416704785,4,2.176745186327333,3.5116029887716174,2.606495583295215,1.8494997260804116,bound,ON_ADSORBATE,NORMAL,1.5851071539818165,bound,RECONSTRUCTION,3.7269798869444934,desorbed,1.233236739783129,O2_LIKE,H_TRANSFERRED,slab_O,distal_O,Ni,DESORPTION,0.04624028995558053,0.11772725606130965,0,0,1,undefined,False,False
mpa0_ext__Ni31Cr29Cu5Mn35__s27-29,CENSUS-3,mpa0,Ni31Cr29Cu5Mn35,evaluated,29,3,Cr,0.8412280108288845,1,2.0712280108288845,3.4798710028310644,3.4477561101224423,1.7491177822084278,bound,ON_ADSORBATE,RECONSTRUCTION,1.584930840886101,bound,RECONSTRUCTION,3.786409781226634,desorbed,1.23776189918348,O2_LIKE,H_TRANSFERRED,slab_O,proximal_O,Ni,DESORPTION,0.06426246505261067,0.18044468847534073,0,0,2,undefined,False,False
mpa0_ext__Fe25Co25Ni25Cr25__s03-05,CENSUS-3,mpa0,Fe25Co25Ni25Cr25,evaluated,3,0,Cr,1.6698089230363728,3,2.2235561085497246,1.6114552572022698,4.511264180238642,1.8702001814794271,bound,ON_ADSORBATE,RECONSTRUCTION,3.9427215449611728,desorbed,DESORPTION,3.88662297223784,desorbed,1.345167702738223,SUPEROXO_LIKE,ON_ADSORBATE,binding_O,distal_O,Fe,DESORPTION,0.4085119974406047,1.7561465409136325,0,0,3,undefined,False,False
mpa0_ext__Fe25Co25Ni25Cr25__s03-05,CENSUS-3,mpa0,Fe25Co25Ni25Cr25,evaluated,3,1,Ni,0.8091221135710915,1,2.0391221135710915,2.87810049059809,3.5544884306749522,1.9534058808446775,bound,ON_ADSORBATE,NORMAL,2.437108876178905,weak,MIGRATION,3.8833431630735444,desorbed,1.2411958984244613,O2_LIKE,H_TRANSFERRED,slab_O,distal_O,Ni,DESORPTION,0.43848225617047104,1.8016194431571804,0,1,2,undefined,False,False
mpa0_ext__Fe25Co25Ni25Cr25__s03-05,CENSUS-3,mpa0,Fe25Co25Ni25Cr25,evaluated,3,2,Ni,1.1159192579173958,2,2.058386659532369,4.404305917449765,3.071150887149089,1.99057211999208,bound,ON_ADSORBATE,NORMAL,1.8513052425029557,bound,NORMAL,3.7843866321764974,desorbed,1.2300905376492175,O2_LIKE,H_TRANSFERRED,slab_O,proximal_O,Cr,DESORPTION,0.43466447122842294,1.795032404526334,0,0,1,undefined,False,False
mpa0_ext__Fe25Co25Ni25Cr25__s03-05,CENSUS-3,mpa0,Fe25Co25Ni25Cr25,evaluated,3,3,Fe,0.7770499410427041,1,2.007049941042704,3.2140699161120985,3.499697692379074,1.8790977839826062,bound,ON_ADSORBATE,RECONSTRUCTION,2.066801849388481,bound,RECONSTRUCTION,3.40215447303986,desorbed,1.236679744292644,O2_LIKE,H_TRANSFERRED,slab_O,distal_O,Fe,DESORPTION,0.4556584965104501,1.8821758438498981,0,0,3,undefined,False,False
mpa0_ext__Fe25Co25Ni25Cr25__s03-05,CENSUS-3,mpa0,Fe25Co25Ni25Cr25,evaluated,4,0,Fe,0.9943080706875929,2,1.7014911398838088,3.9257992105714017,4.584034760533486,1.8652784738254589,bound,ON_ADSORBATE,RECONSTRUCTION,1.6492669842223606,bound,RECONSTRUCTION,2.0167556499750465,bound,1.3789716868435182,OOH_LIKE,ON_ADSORBATE,terminal_O,proximal_O,Fe,NORMAL,0.058823966232856115,0.24883766426785295,0,0,2,cus,False,True
mpa0_ext__Fe25Co25Ni25Cr25__s03-05,CENSUS-3,mpa0,Fe25Co25Ni25Cr25,evaluated,4,1,Co,0.9746743837065122,2,1.7462281528903767,3.950902536596889,4.663047087389204,1.7766895438815942,bound,ON_ADSORBATE,NORMAL,1.6481377986661685,bound,NORMAL,1.8697820361037505,bound,1.3679134093709062,OOH_LIKE,ON_ADSORBATE,terminal_O,proximal_O,Co,NORMAL,0.048523417182733335,0.22294884403787638,0,0,0,cus,True,True
mpa0_ext__Fe25Co25Ni25Cr25__s03-05,CENSUS-3,mpa0,Fe25Co25Ni25Cr25,evaluated,4,2,Cr,0.8171678819247754,4,1.935479981073025,3.43084467533183,2.8728321180752245,1.8228567838191396,bound,ON_ADSORBATE,NORMAL,1.5809969116437956,bound,RECONSTRUCTION,4.075785211832588,desorbed,1.231071103547987,O2_LIKE,H_TRANSFERRED,slab_O,distal_O,Fe,DESORPTION,0.07869275740903452,0.24639345997764964,0,0,1,undefined,False,False
mpa0_ext__Fe25Co25Ni25Cr25__s03-05,CENSUS-3,mpa0,Fe25Co25Ni25Cr25,evaluated,4,3,Fe,1.5891715307233207,4,1.6044983550188712,4.214488500989749,2.100828469276679,1.867584443810068,bound,ON_ADSORBATE,NORMAL,1.8530243583913242,bound,RECONSTRUCTION,2.8368805557157124,weak,1.2725576784453954,O2_LIKE,H_TRANSFERRED,slab_O,proximal_O,Ni,DISSOCIATION,0.09462943339766833,0.45383291151545235,2,1,1,bridge,False,False
mpa0_ext__Fe25Co25Ni25Cr25__s03-05,CENSUS-3,mpa0,Fe25Co25Ni25Cr25,evaluated,5,0,Ni,1.3039257376339304,2,1.7070440076980398,4.24096974533197,2.754900736369508,1.8943721562337525,bound,ON_ADSORBATE,NORMAL,1.8164123437616198,bound,NORMAL,2.532021469256791,weak,1.2378555858957676,O2_LIKE,H_TRANSFERRED,slab_O,proximal_O,Ni,DISSOCIATION,0.06790156662374844,0.2273196666230673,0,1,0,bridge,False,False
mpa0_ext__Fe25Co25Ni25Cr25__s03-05,CENSUS-3,mpa0,Fe25Co25Ni25Cr25,evaluated,5,1,Co,1.0892149974665708,4,1.777529153231479,3.9200247655388445,2.600785002533429,1.7858570672350744,bound,ON_ADSORBATE,NORMAL,1.6480440588854444,bound,NORMAL,3.979084687155294,desorbed,1.2326845216372668,O2_LIKE,H_TRANSFERRED,slab_O,proximal_O,Co,DESORPTION,0.07344991962045298,0.21242139688965478,0,0,0,undefined,False,False
mpa0_ext__Fe25Co25Ni25Cr25__s03-05,CENSUS-3,mpa0,Fe25Co25Ni25Cr25,evaluated,5,2,Ni,1.3549340720294065,2,1.6704149321000963,4.255349004129503,2.5666611959234173,1.9021052272175671,bound,ON_ADSORBATE,NORMAL,1.8084650342434763,bound,NORMAL,3.540475904328295,desorbed,1.228291561879791,O2_LIKE,H_TRANSFERRED,slab_O,proximal_O,Ni,DESORPTION,0.05996692667065968,0.15436162938380474,0,0,0,undefined,False,False
mpa0_ext__Fe25Co25Ni25Cr25__s03-05,CENSUS-3,mpa0,Fe25Co25Ni25Cr25,evaluated,5,3,Fe,1.3006936427449016,2,1.7009386700002218,4.231632312745123,2.4378004779590596,1.8935444771505046,bound,ON_ADSORBATE,NORMAL,1.8233310369755278,bound,NORMAL,3.594029059878174,desorbed,1.2313455539460927,O2_LIKE,H_TRANSFERRED,slab_O,distal_O,Fe,DESORPTION,0.05046630981437164,0.22150396675466277,0,0,0,undefined,False,False
mpa0_ext__Fe25Co25Ni25Cr25__s06-08,CENSUS-3,mpa0,Fe25Co25Ni25Cr25,evaluated,6,0,Fe,1.2795124156993705,2,1.7273326512971843,4.236845066996555,4.613580817722381,1.8876042413568952,bound,ON_ADSORBATE,NORMAL,1.7689866123786098,bound,NORMAL,2.0641094943438674,bound,1.349190214591211,SUPEROXO_LIKE,ON_ADSORBATE,terminal_O,proximal_O,Fe,NORMAL,0.04872003510790922,0.13577646582254085,1,0,0,cus,False,False
mpa0_ext__Fe25Co25Ni25Cr25__s06-08,CENSUS-3,mpa0,Fe25Co25Ni25Cr25,evaluated,6,1,Ni,1.1245305625156714,2,1.9322591237378455,4.286789686253517,4.458540587158327,1.9238590988267206,bound,ON_ADSORBATE,NORMAL,1.8157025973709375,bound,NORMAL,2.0828184015714823,bound,1.3308574391666579,SUPEROXO_LIKE,ON_ADSORBATE,terminal_O,proximal_O,Ni,NORMAL,0.03636450100040466,0.14267382429261238,0,0,0,cus,True,True
mpa0_ext__Fe25Co25Ni25Cr25__s06-08,CENSUS-3,mpa0,Fe25Co25Ni25Cr25,evaluated,6,2,Fe,1.2863496150478948,2,1.7545696905200665,4.270919305567961,4.678125362326854,1.8942903206794217,bound,ON_ADSORBATE,NORMAL,1.7724565670247465,bound,NORMAL,2.1038944989932284,bound,1.3435686154191284,SUPEROXO_LIKE,ON_ADSORBATE,terminal_O,proximal_O,Fe,NORMAL,0.046195275998859225,0.1209639941878268,0,0,0,cus,True,True
mpa0_ext__Fe25Co25Ni25Cr25__s06-08,CENSUS-3,mpa0,Fe25Co25Ni25Cr25,evaluated,6,3,Fe,1.437960310791369,4,1.76020294027253,4.2101144244258855,2.252039689208631,1.9045424190862497,bound,ON_ADSORBATE,NORMAL,1.9184931184768237,bound,NORMAL,2.9785750978435757,weak,1.2253839343481407,O2_LIKE,H_TRANSFERRED,slab_O,proximal_O,Fe,DISSOCIATION,0.06039348184627322,0.2160231049420532,0,1,0,bridge,False,False
mpa0_ext__Fe25Co25Ni25Cr25__s06-08,CENSUS-3,mpa0,Fe25Co25Ni25Cr25,evaluated,7,0,Ni,1.2293487396470066,2,1.8674594143900216,4.326808154037028,4.565041716495786,1.8946303517994738,bound,ON_ADSORBATE,NORMAL,1.8022349613027107,bound,NORMAL,2.7323532516230125,weak,1.3386250528782297,SUPEROXO_LIKE,ON_ADSORBATE,binding_O,distal_O,Ni,NORMAL,0.038677955622443846,0.09228090949718659,0,1,0,cus,True,True
mpa0_ext__Fe25Co25Ni25Cr25__s06-08,CENSUS-3,mpa0,Fe25Co25Ni25Cr25,evaluated,7,1,Fe,1.1353691251879052,2,1.8351874147928933,4.2005565399807985,4.670857421858274,1.881451339621333,bound,ON_ADSORBATE,NORMAL,1.781908804626623,bound,NORMAL,3.4192570426242987,desorbed,1.3426544939463931,SUPEROXO_LIKE,ON_ADSORBATE,binding_O,distal_O,Fe,DESORPTION,0.042736130657591555,0.09086610369362359,0,0,0,undefined,False,False
mpa0_ext__Fe25Co25Ni25Cr25__s06-08,CENSUS-3,mpa0,Fe25Co25Ni25Cr25,evaluated,7,2,Cr,0.7423684569506426,1,1.9723684569506426,3.5284377043516066,4.648650567231984,1.839958552800995,bound,ON_ADSORBATE,NORMAL,1.5903348837045466,bound,RECONSTRUCTION,3.5757611457977028,desorbed,1.3424479767551174,SUPEROXO_LIKE,ON_ADSORBATE,binding_O,distal_O,Cr,DESORPTION,0.021296529124330534,0.0545581428213413,0,0,1,undefined,False,False
mpa0_ext__Fe25Co25Ni25Cr25__s06-08,CENSUS-3,mpa0,Fe25Co25Ni25Cr25,evaluated,7,3,Cr,0.6059620965303187,1,1.8359620965303187,3.2494377084750887,4.623047479798915,1.8632447282022118,bound,ON_ADSORBATE,NORMAL,1.579638197086711,bound,RECONSTRUCTION,1.9931514597410849,bound,1.3693228756792126,OOH_LIKE,ON_ADSORBATE,terminal_O,proximal_O,Cr,NORMAL,0.07956352443859054,0.23112369035344738,0,0,1,cus,False,True
mpa0_ext__Fe25Co25Ni25Cr25__s06-08,CENSUS-3,mpa0,Fe25Co25Ni25Cr25,evaluated,8,0,Ni,1.159840627536509,2,2.119844625769668,4.509685253306177,3.4877618766469154,1.8982345965716199,bound,ON_ADSORBATE,NORMAL,1.83503285715746,bound,NORMAL,3.848103343095366,desorbed,1.2366991446031406,O2_LIKE,H_TRANSFERRED,slab_O,distal_O,Cr,DESORPTION,0.10124480212108435,0.30247610570479144,0,0,0,undefined,False,False
mpa0_ext__Fe25Co25Ni25Cr25__s06-08,CENSUS-3,mpa0,Fe25Co25Ni25Cr25,evaluated,8,1,Fe,1.1114939700666735,2,1.7744346588500215,4.115928628916695,3.1905195881863064,1.8651517123871566,bound,ON_ADSORBATE,RECONSTRUCTION,1.735987177942271,bound,RECONSTRUCTION,3.5883758791236127,desorbed,1.2288094712020692,O2_LIKE,H_TRANSFERRED,slab_O,distal_O,Fe,DESORPTION,0.09585792791896072,0.2866955079676995,1,0,2,undefined,False,False
mpa0_ext__Fe25Co25Ni25Cr25__s06-08,CENSUS-3,mpa0,Fe25Co25Ni25Cr25,evaluated,8,2,Cr,0.7468727706804961,1,1.976872770680496,3.6668658095385673,3.3934280272998207,1.8221253453088977,bound,ON_ADSORBATE,NORMAL,1.591279979487495,bound,RECONSTRUCTION,4.001252498888623,desorbed,1.2337260473214888,O2_LIKE,H_TRANSFERRED,slab_O,distal_O,Cr,DESORPTION,0.07801791753057757,0.20224430551104017,0,0,1,undefined,False,False
mpa0_ext__Fe25Co25Ni25Cr25__s06-08,CENSUS-3,mpa0,Fe25Co25Ni25Cr25,evaluated,8,3,Co,0.8995975881828411,2,1.773354709592207,3.902952297775048,2.8950712934412777,1.7835745295737622,bound,ON_ADSORBATE,NORMAL,1.6360357951262279,bound,RECONSTRUCTION,3.1327766959351075,desorbed,1.2340060571395433,O2_LIKE,H_TRANSFERRED,slab_O,proximal_O,Co,DESORPTION,0.08892007993293603,0.3020380326541988,0,0,1,undefined,False,False
mpa0_ext__Fe25Co25Ni25Cr25__s09-11,CENSUS-3,mpa0,Fe25Co25Ni25Cr25,evaluated,9,0,Cr,0.8270785756791232,1,2.0570785756791232,3.5164428425430607,4.744274354003155,1.8310020738435533,bound,ON_ADSORBATE,NORMAL,1.583814070586043,bound,RECONSTRUCTION,3.7276598387364266,desorbed,1.345712365862309,SUPEROXO_LIKE,ON_ADSORBATE,binding_O,distal_O,Cr,DESORPTION,0.020522930608160465,0.04639012613884523,0,0,1,undefined,False,False
mpa0_ext__Fe25Co25Ni25Cr25__s09-11,CENSUS-3,mpa0,Fe25Co25Ni25Cr25,evaluated,9,1,Ni,0.961930223384571,4,2.0492307260286347,4.235027990112176,2.728069776615429,1.8723723868405444,bound,ON_ADSORBATE,RECONSTRUCTION,1.7027522378251312,bound,RECONSTRUCTION,3.2420863405674094,desorbed,1.2282737847259821,O2_LIKE,H_TRANSFERRED,slab_O,distal_O,Ni,DESORPTION,0.048296208340073046,0.17618100471119855,0,0,2,undefined,False,False
mpa0_ext__Fe25Co25Ni25Cr25__s09-11,CENSUS-3,mpa0,Fe25Co25Ni25Cr25,evaluated,9,2,Fe,1.1435653161762769,2,1.8720733573970514,4.245638673573328,4.681738802207578,1.862647354212112,bound,ON_ADSORBATE,RECONSTRUCTION,1.6966287969149016,bound,RECONSTRUCTION,3.197358620203298,desorbed,1.3372212440193891,SUPEROXO_LIKE,ON_ADSORBATE,binding_O,distal_O,Fe,DESORPTION,0.020697924024650365,0.04194132446765805,0,0,2,undefined,False,False
mpa0_ext__Fe25Co25Ni25Cr25__s09-11,CENSUS-3,mpa0,Fe25Co25Ni25Cr25,evaluated,9,3,Cr,1.0719400483405375,4,2.232544304851866,3.415003231050978,2.6180599516594625,1.7803090465879292,bound,ON_ADSORBATE,RECONSTRUCTION,1.587686961869584,bound,RECONSTRUCTION,3.6617787307345706,desorbed,1.2256163438404233,O2_LIKE,H_TRANSFERRED,slab_O,proximal_O,Ni,DESORPTION,0.04409549312254259,0.20971302781678444,0,0,2,undefined,False,False
mpa0_ext__Fe25Co25Ni25Cr25__s09-11,CENSUS-3,mpa0,Fe25Co25Ni25Cr25,evaluated,10,0,Ni,1.546112298784636,4,2.0313032292469537,4.332272394358004,2.143887701215364,1.940636604043239,bound,ON_ADSORBATE,NORMAL,1.8631877372478995,bound,NORMAL,3.8320245448615577,desorbed,1.2275504084963766,O2_LIKE,H_TRANSFERRED,slab_O,distal_O,Fe,DESORPTION,0.5201481779208305,2.3021931810566403,0,0,1,undefined,False,False
mpa0_ext__Fe25Co25Ni25Cr25__s09-11,CENSUS-3,mpa0,Fe25Co25Ni25Cr25,evaluated,10,1,Fe,1.1463359354800113,4,1.3424530648622643,1.2694898078790156,2.5436640645199886,1.8721232850502156,bound,ON_ADSORBATE,RECONSTRUCTION,3.7653359477369417,desorbed,DESORPTION,3.5343096942790133,desorbed,1.2317852887669698,O2_LIKE,H_TRANSFERRED,slab_O,proximal_O,Fe,DESORPTION,0.5617490099180829,2.5082733757422346,0,0,3,undefined,False,False
mpa0_ext__Fe25Co25Ni25Cr25__s09-11,CENSUS-3,mpa0,Fe25Co25Ni25Cr25,evaluated,10,2,Ni,1.5324597943529747,4,1.8804350185577854,1.4664358750346518,2.157540205647025,1.9173627771245518,bound,ON_ADSORBATE,NORMAL,4.022100296675276,desorbed,DESORPTION,3.673922492611081,desorbed,1.2216982145437532,O2_LIKE,H_TRANSFERRED,slab_O,distal_O,Ni,DESORPTION,0.5087250607699741,2.190351707491981,0,0,2,undefined,False,False
mpa0_ext__Fe25Co25Ni25Cr25__s09-11,CENSUS-3,mpa0,Fe25Co25Ni25Cr25,evaluated,10,3,Cr,0.72198616310446,1,1.95198616310446,1.5556974754244133,3.1114273299092488,1.7791661389342044,bound,ON_ADSORBATE,RECONSTRUCTION,3.8152992661108573,desorbed,DESORPTION,3.6156484484218594,desorbed,1.2284692991784296,O2_LIKE,H_TRANSFERRED,slab_O,proximal_O,Fe,DESORPTION,0.29878169330373383,0.8778659692290323,0,0,3,undefined,False,False
mpa0_ext__Fe25Co25Ni25Cr25__s09-11,CENSUS-3,mpa0,Fe25Co25Ni25Cr25,evaluated,11,0,Ni,1.0453219395724016,2,1.9707164484233552,4.246038387995757,3.1424099432595667,1.8858248312131096,bound,ON_ADSORBATE,RECONSTRUCTION,1.7396379776791882,bound,RECONSTRUCTION,3.7085035634177514,desorbed,1.231351145389808,O2_LIKE,H_TRANSFERRED,slab_O,distal_O,Ni,DESORPTION,0.08334409098768988,0.2352035404370138,0,0,2,undefined,False,False
mpa0_ext__Fe25Co25Ni25Cr25__s09-11,CENSUS-3,mpa0,Fe25Co25Ni25Cr25,evaluated,11,1,Ni,1.1001467031181544,2,2.129844326407261,4.4599910295254155,2.9662159940377832,1.9146956440074316,bound,ON_ADSORBATE,RECONSTRUCTION,1.7306341136658825,bound,RECONSTRUCTION,3.7948045819456415,desorbed,1.2246741222708781,O2_LIKE,H_TRANSFERRED,slab_O,distal_O,Co,DESORPTION,0.08539663862337643,0.23307862883729374,0,0,2,undefined,False,False
mpa0_ext__Fe25Co25Ni25Cr25__s09-11,CENSUS-3,mpa0,Fe25Co25Ni25Cr25,evaluated,11,2,Cr,0.9020860287738364,1,2.1320860287738364,3.31322864885394,4.721255832234364,1.7925038946138423,bound,ON_ADSORBATE,RECONSTRUCTION,1.588213039339649,bound,RECONSTRUCTION,3.6174811611294406,desorbed,1.3368817281443381,SUPEROXO_LIKE,ON_ADSORBATE,binding_O,distal_O,Cr,DESORPTION,0.03728967429771068,0.11830032961047597,0,0,2,undefined,False,False
mpa0_ext__Fe25Co25Ni25Cr25__s09-11,CENSUS-3,mpa0,Fe25Co25Ni25Cr25,evaluated,11,3,Cr,1.1340881984201596,4,2.122314035125806,3.5208686664494486,2.5559118015798403,1.868141344341734,bound,ON_ADSORBATE,NORMAL,1.5950006287913046,bound,RECONSTRUCTION,2.9917056668433917,weak,1.226495414092045,O2_LIKE,H_TRANSFERRED,slab_O,proximal_O,Ni,DISSOCIATION,0.09510310548585348,0.3257271508151958,0,1,1,bridge,False,False
mpa0_ext__Fe25Co25Ni25Cr25__s12-14,CENSUS-3,mpa0,Fe25Co25Ni25Cr25,evaluated,12,0,Co,0.941361538520793,2,1.6656595605762399,3.837021099097033,2.7825139600787465,1.7891707496551106,bound,ON_ADSORBATE,NORMAL,1.6458063210124891,bound,NORMAL,3.9765033446931435,desorbed,1.2318689406830603,O2_LIKE,H_TRANSFERRED,slab_O,proximal_O,Co,DESORPTION,0.10028267828163573,0.27054063696046615,0,0,0,undefined,False,False
mpa0_ext__Fe25Co25Ni25Cr25__s12-14,CENSUS-3,mpa0,Fe25Co25Ni25Cr25,evaluated,12,1,Cr,0.6799925059814163,1,1.9099925059814162,3.475793345952784,3.329289412577056,1.8611602297264866,bound,ON_ADSORBATE,NORMAL,1.584402689038592,bound,RECONSTRUCTION,3.783224056047297,desorbed,1.2338791309492456,O2_LIKE,H_TRANSFERRED,slab_O,distal_O,Cr,DESORPTION,0.06939389075998438,0.22467748565712978,0,0,1,undefined,False,False
mpa0_ext__Fe25Co25Ni25Cr25__s12-14,CENSUS-3,mpa0,Fe25Co25Ni25Cr25,evaluated,12,2,Co,0.9158413458697519,4,1.7543458332092663,3.789004200103168,2.774158654130248,1.7756866647348966,bound,ON_ADSORBATE,NORMAL,1.6362437336008695,bound,NORMAL,3.5757203004089244,desorbed,1.2330842481104438,O2_LIKE,H_TRANSFERRED,slab_O,distal_O,Co,DESORPTION,0.07307300732294159,0.20261739357115363,0,0,0,undefined,False,False
mpa0_ext__Fe25Co25Ni25Cr25__s12-14,CENSUS-3,mpa0,Fe25Co25Ni25Cr25,evaluated,12,3,Ni,0.9567316055969552,2,2.1536217225433583,4.3403533281403135,3.295436696563685,1.9503940469295455,bound,ON_ADSORBATE,NORMAL,1.8014012769796524,bound,NORMAL,3.570128761606841,desorbed,1.2323494401830357,O2_LIKE,H_TRANSFERRED,slab_O,proximal_O,Co,DESORPTION,0.10112312044606622,0.28676901308906416,1,0,0,undefined,False,False
mpa0_ext__Fe25Co25Ni25Cr25__s12-14,CENSUS-3,mpa0,Fe25Co25Ni25Cr25,evaluated,13,0,Cr,0.5430917214803648,1,1.7730917214803648,3.4800311594695224,4.433796046604813,1.8629156795260933,bound,ON_ADSORBATE,NORMAL,1.5943972494399898,bound,RECONSTRUCTION,1.9031288748827844,bound,1.4087801762168766,OOH_LIKE,ON_ADSORBATE,terminal_O,proximal_O,Cr,NORMAL,0.0766279693709905,0.2592847820049771,0,0,1,cus,False,True
mpa0_ext__Fe25Co25Ni25Cr25__s12-14,CENSUS-3,mpa0,Fe25Co25Ni25Cr25,evaluated,13,1,Co,0.9251393906870629,2,1.7239718659671106,3.8791112566541734,3.0308746620162323,1.7815564519707374,bound,ON_ADSORBATE,NORMAL,1.6593127296436145,bound,NORMAL,4.199662336576039,desorbed,1.2333568179587158,O2_LIKE,H_TRANSFERRED,slab_O,distal_O,Co,DESORPTION,0.07465072074193627,0.25170973668792174,0,0,0,undefined,False,False
mpa0_ext__Fe25Co25Ni25Cr25__s12-14,CENSUS-3,mpa0,Fe25Co25Ni25Cr25,evaluated,13,2,Co,0.8224297231014628,2,1.8292676089814912,3.881697332082954,4.689681658784027,1.782515825345576,bound,ON_ADSORBATE,NORMAL,1.6456064043834437,bound,NORMAL,3.355397267429113,desorbed,1.3490240194106116,SUPEROXO_LIKE,ON_ADSORBATE,binding_O,distal_O,Co,DESORPTION,0.02422759669564171,0.06476760667968315,0,0,0,undefined,False,False
mpa0_ext__Fe25Co25Ni25Cr25__s12-14,CENSUS-3,mpa0,Fe25Co25Ni25Cr25,evaluated,13,3,Cr,0.7016254921940535,1,1.9316254921940534,3.6642815828852555,4.5658498236229,1.876155035780505,bound,ON_ADSORBATE,NORMAL,1.5913379332201656,bound,RECONSTRUCTION,1.9310554467261758,bound,1.3994788333443937,OOH_LIKE,ON_ADSORBATE,terminal_O,proximal_O,Cr,NORMAL,0.09110390046907411,0.3265963557870235,0,0,1,cus,False,True
mpa0_ext__Fe25Co25Ni25Cr25__s12-14,CENSUS-3,mpa0,Fe25Co25Ni25Cr25,evaluated,14,0,Fe,1.298359634641967,2,1.8619089457691538,4.390268580411121,3.054656110065993,1.9013323696756521,bound,ON_ADSORBATE,NORMAL,1.7078021595081398,bound,NORMAL,2.9914781694435915,weak,1.236591028096069,O2_LIKE,H_TRANSFERRED,slab_O,proximal_O,Fe,DISSOCIATION,0.08451768339627258,0.21420438406961106,0,1,0,bridge,False,False
mpa0_ext__Fe25Co25Ni25Cr25__s12-14,CENSUS-3,mpa0,Fe25Co25Ni25Cr25,evaluated,14,1,Co,0.9714789426144801,2,1.6460908716881826,3.8475698143026626,3.1210755306626665,1.7557460076876692,bound,ON_ADSORBATE,NORMAL,1.6318683519166544,bound,NORMAL,3.6140442534860857,desorbed,1.2335670758966668,O2_LIKE,H_TRANSFERRED,slab_O,distal_O,Ni,DESORPTION,0.05299062371389206,0.21727889188084223,0,0,0,undefined,False,False
mpa0_ext__Fe25Co25Ni25Cr25__s12-14,CENSUS-3,mpa0,Fe25Co25Ni25Cr25,evaluated,14,2,Ni,1.305864203836931,2,1.8515946539400496,4.387458857776981,2.4945793531749145,1.9403399482391104,bound,ON_ADSORBATE,NORMAL,1.8191067696039465,bound,NORMAL,2.4493611187753723,weak,1.2363504395600833,O2_LIKE,H_TRANSFERRED,slab_O,proximal_O,Ni,DISSOCIATION,0.04507308082485172,0.2014954323961985,0,1,0,bridge,False,False
mpa0_ext__Fe25Co25Ni25Cr25__s12-14,CENSUS-3,mpa0,Fe25Co25Ni25Cr25,evaluated,14,3,Co,0.7551431743026722,2,1.8608490362239203,3.8459922105265925,3.264244274189538,1.7765466492116528,bound,ON_ADSORBATE,NORMAL,1.63470791597161,bound,NORMAL,3.4511585097136184,desorbed,1.2332865372171768,O2_LIKE,H_TRANSFERRED,slab_O,proximal_O,Co,DESORPTION,0.06565835347310749,0.24837117734533565,0,0,0,undefined,False,False
mpa0_ext__Fe25Co25Ni25Cr25__s15-17,CENSUS-3,mpa0,Fe25Co25Ni25Cr25,evaluated,15,0,Cr,1.1256782506990826,4,1.7988521435965716,3.4047479540257406,2.5643217493009174,1.819636546180432,bound,ON_ADSORBATE,NORMAL,1.5819238992379292,bound,RECONSTRUCTION,3.608814733696657,desorbed,1.2287615080171346,O2_LIKE,H_TRANSFERRED,slab_O,distal_O,Fe,DESORPTION,0.0580037510569866,0.20535867839955607,0,0,1,undefined,False,False
mpa0_ext__Fe25Co25Ni25Cr25__s15-17,CENSUS-3,mpa0,Fe25Co25Ni25Cr25,evaluated,15,1,Fe,1.3034004635518652,2,1.7841418456846108,4.317542309236476,2.9993377067386304,1.8891009518512978,bound,ON_ADSORBATE,NORMAL,1.7263447604939686,bound,NORMAL,3.127646635983763,desorbed,1.2297576522395184,O2_LIKE,H_TRANSFERRED,slab_O,distal_O,Fe,DESORPTION,0.0633376270561837,0.19669991455454047,0,0,0,undefined,False,False
mpa0_ext__Fe25Co25Ni25Cr25__s15-17,CENSUS-3,mpa0,Fe25Co25Ni25Cr25,evaluated,15,2,Fe,1.1746800451346342,2,1.8896047653556374,4.2942848104902716,3.4390770510830193,1.8688419589474,bound,ON_ADSORBATE,RECONSTRUCTION,1.714352923187501,bound,RECONSTRUCTION,3.726945999986117,desorbed,1.2342998785254575,O2_LIKE,H_TRANSFERRED,slab_O,distal_O,Fe,DESORPTION,0.062118813580645055,0.19178516204601337,0,0,2,undefined,False,False
mpa0_ext__Fe25Co25Ni25Cr25__s15-17,CENSUS-3,mpa0,Fe25Co25Ni25Cr25,evaluated,15,3,Ni,1.3569616833799198,2,1.808623115822423,4.395584799202343,4.5639335050272525,1.9158697896792287,bound,ON_ADSORBATE,NORMAL,1.8120887040448077,bound,NORMAL,2.0525336776555325,bound,1.343758564450936,SUPEROXO_LIKE,ON_ADSORBATE,terminal_O,proximal_O,Ni,NORMAL,0.044500947841831874,0.11870458162043827,0,0,0,cus,True,True
mpa0_ext__Fe25Co25Ni25Cr25__s15-17,CENSUS-3,mpa0,Fe25Co25Ni25Cr25,evaluated,16,0,Cr,1.1657132585910412,4,2.113686804619045,3.4172646387040437,2.5242867414089587,1.8946017951486265,bound,ON_ADSORBATE,NORMAL,1.5841396471122322,bound,RECONSTRUCTION,3.5553754420075263,desorbed,1.2283203440319808,O2_LIKE,H_TRANSFERRED,slab_O,distal_O,Fe,DESORPTION,0.06454064178833029,0.24339522761886775,0,0,1,undefined,False,False
mpa0_ext__Fe25Co25Ni25Cr25__s15-17,CENSUS-3,mpa0,Fe25Co25Ni25Cr25,evaluated,16,1,Ni,0.7351150640632804,4,1.8140906418603557,1.4306980630132424,2.9548849359367195,1.9367724320790491,bound,ON_ADSORBATE,NORMAL,3.364869764745521,desorbed,DESORPTION,3.69996251295222,desorbed,1.2331250818769761,O2_LIKE,H_TRANSFERRED,slab_O,distal_O,Ni,DESORPTION,0.07092911667734099,0.21032983461713642,0,0,1,undefined,False,False
mpa0_ext__Fe25Co25Ni25Cr25__s15-17,CENSUS-3,mpa0,Fe25Co25Ni25Cr25,evaluated,16,2,Fe,1.3869141516654775,2,1.5092508453812692,4.126164997046747,3.2986558803403923,1.8468735329888326,bound,ON_ADSORBATE,RECONSTRUCTION,1.7469421864018206,bound,RECONSTRUCTION,3.727140898797274,desorbed,1.2337909196435533,O2_LIKE,H_TRANSFERRED,slab_O,proximal_O,Fe,DESORPTION,0.06484262371353813,0.18621310642169853,0,0,2,undefined,False,False
mpa0_ext__Fe25Co25Ni25Cr25__s15-17,CENSUS-3,mpa0,Fe25Co25Ni25Cr25,evaluated,16,3,Co,0.8637036860196456,2,1.6542787720837517,3.7479824581033974,4.590359983604005,1.7694749853797032,bound,ON_ADSORBATE,NORMAL,1.6374231051806398,bound,NORMAL,1.8589755911927621,bound,1.3649327113619592,OOH_LIKE,ON_ADSORBATE,terminal_O,proximal_O,Co,NORMAL,0.06512974339406012,0.2914435622969917,0,0,0,cus,True,True
mpa0_ext__Fe25Co25Ni25Cr25__s15-17,CENSUS-3,mpa0,Fe25Co25Ni25Cr25,evaluated,17,0,Ni,0.876851284540181,4,1.8278586957801175,3.0908320491556402,2.813148715459819,1.9396231144541134,bound,ON_ADSORBATE,NORMAL,1.93375651780825,bound,NORMAL,3.5046747534102867,desorbed,1.2328716994245692,O2_LIKE,H_TRANSFERRED,slab_O,distal_O,Ni,DESORPTION,0.08536817404109036,0.27086020957798246,0,0,0,undefined,False,False
mpa0_ext__Fe25Co25Ni25Cr25__s15-17,CENSUS-3,mpa0,Fe25Co25Ni25Cr25,evaluated,17,1,Ni,0.5682014693234132,4,1.6801486254488744,1.8899427228386438,3.1217985306765867,1.9574697194609758,bound,ON_ADSORBATE,NORMAL,4.282314540238441,desorbed,DESORPTION,3.2245609503230064,desorbed,1.235086354423494,O2_LIKE,H_TRANSFERRED,slab_O,distal_O,Ni,DESORPTION,0.23126112558830791,0.8305657716172112,0,0,2,undefined,False,False
mpa0_ext__Fe25Co25Ni25Cr25__s15-17,CENSUS-3,mpa0,Fe25Co25Ni25Cr25,evaluated,17,2,Fe,0.6431345729105677,1,1.8731345729105677,2.675613216057375,3.14473448006146,1.900386974729678,bound,ON_ADSORBATE,NORMAL,2.046901577919733,bound,RECONSTRUCTION,3.191577843795184,desorbed,1.233676618556943,O2_LIKE,H_TRANSFERRED,slab_O,distal_O,Fe,DESORPTION,0.1316291575032697,0.3933368914757012,0,0,1,undefined,False,False
mpa0_ext__Fe25Co25Ni25Cr25__s15-17,CENSUS-3,mpa0,Fe25Co25Ni25Cr25,evaluated,17,3,Co,0.9033552626798649,2,1.6781612534923291,3.811516516172194,4.550531129461605,1.7846748174146778,bound,ON_ADSORBATE,NORMAL,1.639804931063752,bound,NORMAL,1.9133669458670337,bound,1.372100857487655,OOH_LIKE,ON_ADSORBATE,terminal_O,proximal_O,Co,NORMAL,0.06303593461083644,0.2498354220127052,0,0,0,cus,True,True
mpa0_ext__Fe25Co25Ni25Cr25__s18-20,CENSUS-3,mpa0,Fe25Co25Ni25Cr25,evaluated,18,0,Fe,1.2264676166877546,2,1.7696627970765015,4.226130413764256,2.8286117672203672,1.8844188298286892,bound,ON_ADSORBATE,NORMAL,1.7728670502913833,bound,NORMAL,3.394546804088888,desorbed,1.2358399236533848,O2_LIKE,H_TRANSFERRED,slab_O,distal_O,Fe,DESORPTION,0.08575297466064313,0.23616752950439954,0,0,0,undefined,False,False
mpa0_ext__Fe25Co25Ni25Cr25__s18-20,CENSUS-3,mpa0,Fe25Co25Ni25Cr25,evaluated,18,1,Ni,1.3657111176479741,2,1.8256710706167163,4.42138218826469,3.0183205101660646,1.9595058895520823,bound,ON_ADSORBATE,NORMAL,1.6664936668735437,bound,RECONSTRUCTION,3.4813276935068065,desorbed,1.226082797781773,O2_LIKE,H_TRANSFERRED,slab_O,distal_O,Ni,DESORPTION,0.05141112743142138,0.1868405682070641,0,0,1,undefined,False,False
mpa0_ext__Fe25Co25Ni25Cr25__s18-20,CENSUS-3,mpa0,Fe25Co25Ni25Cr25,evaluated,18,2,Cr,0.6515555674500169,1,1.8815555674500168,3.5903885204707287,4.717986145229533,1.8467783506575342,bound,ON_ADSORBATE,NORMAL,1.5842266716205078,bound,RECONSTRUCTION,3.5938125644764405,desorbed,1.3440016204452288,SUPEROXO_LIKE,ON_ADSORBATE,binding_O,distal_O,Cr,DESORPTION,0.016030412018012273,0.03480739920717841,0,0,1,undefined,False,False
mpa0_ext__Fe25Co25Ni25Cr25__s18-20,CENSUS-3,mpa0,Fe25Co25Ni25Cr25,evaluated,18,3,Fe,1.2700527562550104,2,1.8489379707735574,4.348990727028568,2.7856598555737278,1.8930222719902396,bound,ON_ADSORBATE,NORMAL,1.7058262430406386,bound,NORMAL,3.1445091261647065,desorbed,1.2294502885117224,O2_LIKE,H_TRANSFERRED,slab_O,proximal_O,Fe,DESORPTION,0.051269137098747385,0.20046786615726908,0,0,0,undefined,False,False
mpa0_ext__Fe25Co25Ni25Cr25__s18-20,CENSUS-3,mpa0,Fe25Co25Ni25Cr25,evaluated,19,0,Fe,1.2556669460596748,2,1.800874182877204,4.286541128936879,3.236417481266018,1.8927926928958771,bound,ON_ADSORBATE,NORMAL,1.731804175206489,bound,NORMAL,3.457399079523207,desorbed,1.232519159290793,O2_LIKE,H_TRANSFERRED,slab_O,distal_O,Fe,DESORPTION,0.06355115647009686,0.17789869615193857,0,0,0,undefined,False,False
mpa0_ext__Fe25Co25Ni25Cr25__s18-20,CENSUS-3,mpa0,Fe25Co25Ni25Cr25,evaluated,19,1,Ni,0.8240783162132184,4,1.6849172890785789,2.7244611851063816,2.8659216837867816,1.8678182913035446,bound,ON_ADSORBATE,NORMAL,1.9770382018271568,bound,NORMAL,3.4771231549757444,desorbed,1.227394782141223,O2_LIKE,H_TRANSFERRED,slab_O,distal_O,Ni,DESORPTION,0.05593495060953901,0.19108376360899856,0,0,0,undefined,False,False
mpa0_ext__Fe25Co25Ni25Cr25__s18-20,CENSUS-3,mpa0,Fe25Co25Ni25Cr25,evaluated,19,2,Co,0.918043887736216,2,1.725015981950913,3.873059869687129,3.21466268019566,1.7827014151346128,bound,ON_ADSORBATE,NORMAL,1.6407612695802751,bound,NORMAL,3.7661643810940504,desorbed,1.2310417404999636,O2_LIKE,H_TRANSFERRED,slab_O,distal_O,Fe,DESORPTION,0.07125793539373061,0.2066374435650692,0,0,0,undefined,False,False
mpa0_ext__Fe25Co25Ni25Cr25__s18-20,CENSUS-3,mpa0,Fe25Co25Ni25Cr25,evaluated,19,3,Co,0.9491780357669466,2,1.7429592687395492,3.922137304506496,3.120532899225965,1.8058023805547376,bound,ON_ADSORBATE,NORMAL,1.6411993142115984,bound,NORMAL,3.133558785363542,desorbed,1.235609478007039,O2_LIKE,H_TRANSFERRED,slab_O,proximal_O,Co,DESORPTION,0.06635030767153809,0.21563352036919523,0,0,0,undefined,False,False
mpa0_ext__Fe25Co25Ni25Cr25__s18-20,CENSUS-3,mpa0,Fe25Co25Ni25Cr25,evaluated,20,0,Co,1.122942016638377,4,1.6521856912050006,3.8161584141674645,2.567057983361623,1.7797736859523299,bound,ON_ADSORBATE,NORMAL,1.6306465498014393,bound,RECONSTRUCTION,3.9909793291695577,desorbed,1.2320576250987456,O2_LIKE,H_TRANSFERRED,slab_O,distal_O,Co,DESORPTION,0.10830057387765865,0.41678199786367676,0,0,1,undefined,False,False
mpa0_ext__Fe25Co25Ni25Cr25__s18-20,CENSUS-3,mpa0,Fe25Co25Ni25Cr25,evaluated,20,1,Fe,1.1703433591864307,2,1.850132679359684,4.250476038546115,2.680580742236033,1.8937750334387229,bound,ON_ADSORBATE,NORMAL,1.7749939720509955,bound,NORMAL,3.9662418213067565,desorbed,1.2338521094278156,O2_LIKE,H_TRANSFERRED,slab_O,distal_O,Fe,DESORPTION,0.10026235460186865,0.37361451395055023,0,0,0,undefined,False,False
mpa0_ext__Fe25Co25Ni25Cr25__s18-20,CENSUS-3,mpa0,Fe25Co25Ni25Cr25,evaluated,20,2,Co,1.1154905741350385,4,1.5379456676526737,3.697198553730434,2.5745094258649615,1.758617381358649,bound,ON_ADSORBATE,RECONSTRUCTION,1.6316562762912579,bound,RECONSTRUCTION,3.7178607717120933,desorbed,1.2311558305697683,O2_LIKE,H_TRANSFERRED,slab_O,distal_O,Co,DESORPTION,0.1112522088979734,0.36932344027791814,0,0,2,undefined,False,False
mpa0_ext__Fe25Co25Ni25Cr25__s18-20,CENSUS-3,mpa0,Fe25Co25Ni25Cr25,evaluated,20,3,Cr,0.5953575887233464,4,1.7144066254901653,3.3842480792379526,3.0946424112766535,1.836032584463275,bound,ON_ADSORBATE,RECONSTRUCTION,1.5838783463493742,bound,RECONSTRUCTION,3.9797211221866147,desorbed,1.2313953952709429,O2_LIKE,H_TRANSFERRED,slab_O,proximal_O,Cr,DESORPTION,0.06505711627382785,0.2218114593470985,0,0,2,undefined,False,False
mpa0_ext__Fe25Co25Ni25Cr25__s21-23,CENSUS-3,mpa0,Fe25Co25Ni25Cr25,evaluated,21,0,Fe,1.1504133467280138,2,1.9049467749808522,4.285360121708866,2.6800702928792375,1.8610053813823981,bound,ON_ADSORBATE,RECONSTRUCTION,1.7134165675302404,bound,RECONSTRUCTION,3.287987467565606,desorbed,1.2390754944224476,O2_LIKE,H_TRANSFERRED,slab_O,distal_O,Fe,DESORPTION,0.04778523632218331,0.24028185776670333,0,0,2,undefined,False,False
mpa0_ext__Fe25Co25Ni25Cr25__s21-23,CENSUS-3,mpa0,Fe25Co25Ni25Cr25,evaluated,21,1,Cr,0.6040218186523711,4,1.5473861201861276,3.332143277015721,3.085978181347629,1.8229445362618806,bound,ON_ADSORBATE,NORMAL,1.5933690836035064,bound,RECONSTRUCTION,3.1972587610114043,desorbed,1.2380493461625883,O2_LIKE,H_TRANSFERRED,slab_O,proximal_O,Cr,DESORPTION,0.07611085034167105,0.30069237741219357,0,0,1,undefined,False,False
mpa0_ext__Fe25Co25Ni25Cr25__s21-23,CENSUS-3,mpa0,Fe25Co25Ni25Cr25,evaluated,21,2,Cr,0.656924562913658,1,1.886924562913658,3.407246603258873,4.732643335447166,1.7898628585422225,bound,ON_ADSORBATE,NORMAL,1.580661799827212,bound,RECONSTRUCTION,3.6453387356312636,desorbed,1.3467403713425417,SUPEROXO_LIKE,ON_ADSORBATE,binding_O,distal_O,Cr,DESORPTION,0.01985562632460956,0.04866904751442822,0,0,1,undefined,False,False
mpa0_ext__Fe25Co25Ni25Cr25__s21-23,CENSUS-3,mpa0,Fe25Co25Ni25Cr25,evaluated,21,3,Cr,0.49951402505948117,2,1.5571259443693983,3.2866399694288795,4.476985616350705,1.8386056063793872,bound,ON_ADSORBATE,NORMAL,1.5931307893573652,bound,RECONSTRUCTION,1.9124983107875702,bound,1.3978422692178663,OOH_LIKE,ON_ADSORBATE,terminal_O,proximal_O,Cr,NORMAL,0.05212599524069673,0.16415079220943388,1,0,1,cus,False,False
mpa0_ext__Fe25Co25Ni25Cr25__s21-23,CENSUS-3,mpa0,Fe25Co25Ni25Cr25,evaluated,22,0,Fe,1.208867563269477,2,1.7969623174331795,4.235829880702656,2.683333858621269,1.8721278876624112,bound,ON_ADSORBATE,NORMAL,1.7207858787849128,bound,RECONSTRUCTION,3.805092224122355,desorbed,1.2318232770022457,O2_LIKE,H_TRANSFERRED,slab_O,distal_O,Fe,DESORPTION,0.08045205554066352,0.26905731461010157,0,0,1,undefined,False,False
mpa0_ext__Fe25Co25Ni25Cr25__s21-23,CENSUS-3,mpa0,Fe25Co25Ni25Cr25,evaluated,22,1,Ni,1.05101918857744,2,2.06919893055291,4.35021811913035,2.7446441642963477,1.9061190161110373,bound,ON_ADSORBATE,NORMAL,1.8276661061508068,bound,NORMAL,2.724732015463137,weak,1.2370635825527592,O2_LIKE,H_TRANSFERRED,slab_O,proximal_O,Ni,DISSOCIATION,0.06148390493992615,0.2166491720729212,0,1,0,bridge,False,False
mpa0_ext__Fe25Co25Ni25Cr25__s21-23,CENSUS-3,mpa0,Fe25Co25Ni25Cr25,evaluated,22,2,Co,0.8399354744927603,2,1.8331440493412523,3.9030795238340126,4.656826520119468,1.7801484599289479,bound,ON_ADSORBATE,NORMAL,1.6317850008330406,bound,RECONSTRUCTION,3.274228495794862,desorbed,1.3407785665321732,SUPEROXO_LIKE,ON_ADSORBATE,binding_O,distal_O,Co,DESORPTION,0.050473906044363505,0.0939996542728328,0,0,1,undefined,False,False
mpa0_ext__Fe25Co25Ni25Cr25__s21-23,CENSUS-3,mpa0,Fe25Co25Ni25Cr25,evaluated,22,3,Cr,0.8340546008731584,1,2.0640546008731584,3.761859835954258,4.679994341104647,1.835694774999188,bound,ON_ADSORBATE,NORMAL,1.6013714321612034,bound,NORMAL,3.6044585962931217,desorbed,1.348977432462485,SUPEROXO_LIKE,ON_ADSORBATE,binding_O,distal_O,Cr,DESORPTION,0.04130263019697514,0.07329165596136465,0,0,0,undefined,False,False
mpa0_ext__Fe25Co25Ni25Cr25__s21-23,CENSUS-3,mpa0,Fe25Co25Ni25Cr25,evaluated,23,0,Cr,1.1657807119584627,4,1.8487448536832525,3.260802724023538,2.5242192880415373,1.8753745299905114,bound,ON_ADSORBATE,NORMAL,1.5877845494907026,bound,RECONSTRUCTION,3.944212285484861,desorbed,1.2267560501799846,O2_LIKE,H_TRANSFERRED,slab_O,proximal_O,Co,DESORPTION,0.0608353496952661,0.21043370755483276,0,0,1,undefined,False,False
mpa0_ext__Fe25Co25Ni25Cr25__s21-23,CENSUS-3,mpa0,Fe25Co25Ni25Cr25,evaluated,23,1,Fe,1.193834889864517,2,1.8737773445392016,4.297612234403719,3.175990550508574,1.911713564201043,bound,ON_ADSORBATE,NORMAL,1.7061876961815594,bound,NORMAL,3.0873053645117463,desorbed,1.235240683598417,O2_LIKE,H_TRANSFERRED,slab_O,proximal_O,Fe,DESORPTION,0.07636702612302249,0.19359877288216834,0,0,0,undefined,False,False
mpa0_ext__Fe25Co25Ni25Cr25__s21-23,CENSUS-3,mpa0,Fe25Co25Ni25Cr25,evaluated,23,2,Co,0.961506895765039,2,1.6223512920446077,3.8138581878096467,3.2505932285334906,1.7560536151586408,bound,ON_ADSORBATE,NORMAL,1.6469705738160252,bound,NORMAL,3.717914781947242,desorbed,1.2340946807159592,O2_LIKE,H_TRANSFERRED,slab_O,distal_O,Ni,DESORPTION,0.0852708559122369,0.23934147502009842,0,0,0,undefined,False,False
mpa0_ext__Fe25Co25Ni25Cr25__s21-23,CENSUS-3,mpa0,Fe25Co25Ni25Cr25,evaluated,23,3,Ni,1.3349023774414643,2,1.8591358710712833,4.424038248512748,2.482264014911381,1.9327436780712146,bound,ON_ADSORBATE,NORMAL,1.8257046746773942,bound,NORMAL,3.095906880215036,desorbed,1.2309024855174517,O2_LIKE,H_TRANSFERRED,slab_O,distal_O,Ni,DESORPTION,0.05250171244956636,0.21053229632199186,0,0,0,undefined,False,False
mpa0_ext__Fe25Co25Ni25Cr25__s24-26,CENSUS-3,mpa0,Fe25Co25Ni25Cr25,evaluated,24,0,Ni,1.2897838263844772,2,1.8423024259323264,4.362086252316804,4.618331088121865,1.926014517682936,bound,ON_ADSORBATE,NORMAL,1.7023149466968397,bound,RECONSTRUCTION,2.0767904599615807,bound,1.3360097948415368,SUPEROXO_LIKE,ON_ADSORBATE,terminal_O,proximal_O,Ni,NORMAL,0.045529077982128095,0.2153217703880869,0,0,1,cus,False,True
mpa0_ext__Fe25Co25Ni25Cr25__s24-26,CENSUS-3,mpa0,Fe25Co25Ni25Cr25,evaluated,24,1,Cr,1.0131222506128674,4,1.4840914773700669,3.2964192488190385,2.6768777493871325,1.8328070464153206,bound,ON_ADSORBATE,NORMAL,1.5912011408045001,bound,RECONSTRUCTION,3.9815792285910288,desorbed,1.2308642301976136,O2_LIKE,H_TRANSFERRED,slab_O,proximal_O,Cr,DESORPTION,0.0462618858699935,0.2080758248320852,0,0,1,undefined,False,False
mpa0_ext__Fe25Co25Ni25Cr25__s24-26,CENSUS-3,mpa0,Fe25Co25Ni25Cr25,evaluated,24,2,Fe,1.2174339118475626,2,1.8942063325476632,4.341640244395226,2.5568043632431467,1.8955303315166092,bound,ON_ADSORBATE,NORMAL,1.8958758566441412,bound,NORMAL,3.18708761641778,desorbed,1.2306259405057742,O2_LIKE,H_TRANSFERRED,slab_O,distal_O,Ni,DESORPTION,0.03949047680766972,0.14961586997168227,0,0,0,undefined,False,False
mpa0_ext__Fe25Co25Ni25Cr25__s24-26,CENSUS-3,mpa0,Fe25Co25Ni25Cr25,evaluated,24,3,Cr,1.8504808924130765,3,1.4799644881374783,1.4289801896312933,4.5094610820443695,1.830404107919525,bound,ON_ADSORBATE,NORMAL,3.652332471723954,desorbed,DESORPTION,1.937961708874078,bound,1.3873675672463095,OOH_LIKE,ON_ADSORBATE,terminal_O,proximal_O,Cr,NORMAL,0.06572292218822369,0.2328379998081223,0,0,1,cus,False,False
mpa0_ext__Fe25Co25Ni25Cr25__s24-26,CENSUS-3,mpa0,Fe25Co25Ni25Cr25,evaluated,25,0,Fe,1.1165669898739718,2,1.895090786770448,4.24165777664442,4.6859223968516535,1.87242800258876,bound,ON_ADSORBATE,RECONSTRUCTION,1.754699175592981,bound,NORMAL,2.0726172157979903,bound,1.3689645570561124,OOH_LIKE,ON_ADSORBATE,terminal_O,proximal_O,Fe,NORMAL,0.1188107998929665,0.2874373921361061,0,0,1,cus,False,True
mpa0_ext__Fe25Co25Ni25Cr25__s24-26,CENSUS-3,mpa0,Fe25Co25Ni25Cr25,evaluated,25,1,Ni,1.3248685694838667,2,1.7231999439480554,4.278068513431922,3.2640563373998943,1.8811402144052887,bound,ON_ADSORBATE,NORMAL,1.801169783150174,bound,NORMAL,3.6651881702918576,desorbed,1.2310793730827236,O2_LIKE,H_TRANSFERRED,slab_O,distal_O,Ni,DESORPTION,0.21235978504373307,0.5302236443602534,0,0,1,undefined,False,False
mpa0_ext__Fe25Co25Ni25Cr25__s24-26,CENSUS-3,mpa0,Fe25Co25Ni25Cr25,evaluated,25,2,Cr,0.557193286097216,1,1.787193286097216,3.168443512204508,4.5775754244034506,1.845899729272296,bound,ON_ADSORBATE,NORMAL,1.583058839329716,bound,RECONSTRUCTION,1.9376102288979498,bound,1.3847443183540427,OOH_LIKE,ON_ADSORBATE,terminal_O,proximal_O,Cr,NORMAL,0.09112213152166183,0.26339295416181435,0,0,1,cus,False,True
mpa0_ext__Fe25Co25Ni25Cr25__s24-26,CENSUS-3,mpa0,Fe25Co25Ni25Cr25,evaluated,25,3,Co,0.9783891778409082,2,1.5591289150758265,3.7675180929167347,3.281764362024434,1.8076444918708459,bound,ON_ADSORBATE,NORMAL,1.6462224516488573,bound,NORMAL,3.5274747926158647,desorbed,1.2371180387899738,O2_LIKE,H_TRANSFERRED,slab_O,distal_O,Co,DESORPTION,0.09354252143532021,0.33565472895126364,0,0,0,undefined,False,False
mpa0_ext__Fe25Co25Ni25Cr25__s24-26,CENSUS-3,mpa0,Fe25Co25Ni25Cr25,evaluated,26,0,Fe,1.2463218414821693,2,1.7875778587382123,4.263899700220382,3.0221770758532798,1.8924842455267281,bound,ON_ADSORBATE,NORMAL,1.7183477057106926,bound,NORMAL,3.4253203398736014,desorbed,1.2300094653905864,O2_LIKE,H_TRANSFERRED,slab_O,distal_O,Fe,DESORPTION,0.0788597950470328,0.1895325509293184,0,0,0,undefined,False,False
mpa0_ext__Fe25Co25Ni25Cr25__s24-26,CENSUS-3,mpa0,Fe25Co25Ni25Cr25,evaluated,26,1,Fe,1.2502290911039307,2,1.8079669240548477,4.288196015158778,2.6077824624173913,1.9069794259030224,bound,ON_ADSORBATE,NORMAL,1.7419075852987909,bound,NORMAL,3.3236799494097364,desorbed,1.228876677094703,O2_LIKE,H_TRANSFERRED,slab_O,distal_O,Fe,DESORPTION,0.07822530888331908,0.2240672933991337,0,0,0,undefined,False,False
mpa0_ext__Fe25Co25Ni25Cr25__s24-26,CENSUS-3,mpa0,Fe25Co25Ni25Cr25,evaluated,26,2,Ni,1.1978047823895093,2,1.8954859891415148,4.323290771531024,2.998977357443097,1.9167802570519965,bound,ON_ADSORBATE,NORMAL,1.7949131230880995,bound,NORMAL,2.498327794177062,weak,1.238725288283079,O2_LIKE,H_TRANSFERRED,slab_O,proximal_O,Ni,DISSOCIATION,0.1189089478358184,0.2529663255021331,0,1,0,bridge,False,False
mpa0_ext__Fe25Co25Ni25Cr25__s24-26,CENSUS-3,mpa0,Fe25Co25Ni25Cr25,evaluated,26,3,Ni,1.1814183555609628,2,1.8953733821204772,4.30679173768144,3.0044716924697936,1.9337367026180283,bound,ON_ADSORBATE,NORMAL,1.8205862875193906,bound,NORMAL,3.293193529321033,desorbed,1.2347197307464142,O2_LIKE,H_TRANSFERRED,slab_O,distal_O,Ni,DESORPTION,0.10040913996020444,0.22288904387441,0,0,0,undefined,False,False
mpa0_ext__Fe25Co25Ni25Cr25__s27-29,CENSUS-3,mpa0,Fe25Co25Ni25Cr25,evaluated,27,0,Cr,0.689834407805507,4,1.667890290822323,3.5150352659794386,3.000165592194493,1.859914728538061,bound,ON_ADSORBATE,NORMAL,1.6227193606417338,bound,NORMAL,4.082019084906859,desorbed,1.2365718033544866,O2_LIKE,H_TRANSFERRED,slab_O,distal_O,Cr,DESORPTION,0.11504032287944783,0.4639551692062608,0,0,0,undefined,False,False
mpa0_ext__Fe25Co25Ni25Cr25__s27-29,CENSUS-3,mpa0,Fe25Co25Ni25Cr25,evaluated,27,1,Fe,1.1545116144472711,2,1.92711554993357,4.311627164380841,4.674617806892856,1.9092858534206667,bound,ON_ADSORBATE,NORMAL,1.8714384217159235,bound,NORMAL,3.1950455708638037,desorbed,1.3361273409591097,SUPEROXO_LIKE,ON_ADSORBATE,binding_O,distal_O,Fe,DESORPTION,0.030594816280828274,0.07342774087965953,0,0,0,undefined,False,False
mpa0_ext__Fe25Co25Ni25Cr25__s27-29,CENSUS-3,mpa0,Fe25Co25Ni25Cr25,evaluated,27,2,Cr,0.5855899817757102,2,1.4346274118278992,3.2502173936036094,3.222921547889372,1.846157855923409,bound,ON_ADSORBATE,NORMAL,1.6221502170324054,bound,NORMAL,2.9200433771846264,weak,1.2461182571839633,O2_LIKE,H_TRANSFERRED,slab_O,proximal_O,Cr,DISSOCIATION,0.10567446176996799,0.2869255917895501,0,1,0,bridge,False,False
mpa0_ext__Fe25Co25Ni25Cr25__s27-29,CENSUS-3,mpa0,Fe25Co25Ni25Cr25,evaluated,27,3,Co,0.7823886666401716,2,1.8335767123580475,3.845965378998219,3.0484303731068976,1.8038409020177661,bound,ON_ADSORBATE,RECONSTRUCTION,1.6365002177363508,bound,RECONSTRUCTION,3.978013246210123,desorbed,1.2328131196036594,O2_LIKE,H_TRANSFERRED,slab_O,distal_O,Co,DESORPTION,0.11693026137431539,0.3460751251274735,0,0,2,undefined,False,False
mpa0_ext__Fe25Co25Ni25Cr25__s27-29,CENSUS-3,mpa0,Fe25Co25Ni25Cr25,evaluated,28,0,Fe,1.1954157053453667,2,1.9324871127998002,4.357902818145167,4.6354849660050395,1.8685115577367755,bound,ON_ADSORBATE,NORMAL,1.792348256922234,bound,NORMAL,2.889471018499389,weak,1.332106001374968,SUPEROXO_LIKE,ON_ADSORBATE,binding_O,distal_O,Fe,NORMAL,0.03860076055368179,0.10160563925460443,0,1,0,cus,True,True
mpa0_ext__Fe25Co25Ni25Cr25__s27-29,CENSUS-3,mpa0,Fe25Co25Ni25Cr25,evaluated,28,1,Ni,1.0265483305180094,2,2.0549430827143973,4.311491413232407,3.255610139282909,1.9282108768506352,bound,ON_ADSORBATE,RECONSTRUCTION,1.830996072673444,bound,NORMAL,3.6539236158948394,desorbed,1.2315928959656497,O2_LIKE,H_TRANSFERRED,slab_O,distal_O,Ni,DESORPTION,0.07873171313738461,0.20231586199833523,0,0,1,undefined,False,False
mpa0_ext__Fe25Co25Ni25Cr25__s27-29,CENSUS-3,mpa0,Fe25Co25Ni25Cr25,evaluated,28,2,Co,0.9458061066371224,4,1.7592780590648212,3.906146583819041,2.7441938933628776,1.7775455027219063,bound,ON_ADSORBATE,NORMAL,1.6324134067896157,bound,NORMAL,3.195167605502739,desorbed,1.22599056786943,O2_LIKE,H_TRANSFERRED,slab_O,distal_O,Fe,DESORPTION,0.07944196765415795,0.27089273649688966,0,0,0,undefined,False,False
mpa0_ext__Fe25Co25Ni25Cr25__s27-29,CENSUS-3,mpa0,Fe25Co25Ni25Cr25,evaluated,28,3,Cr,0.7703222070847309,1,2.000322207084731,3.498336466042961,4.712213260885848,1.824323560067203,bound,ON_ADSORBATE,NORMAL,1.5907010136384345,bound,RECONSTRUCTION,3.635356242133515,desorbed,1.3413852029452564,SUPEROXO_LIKE,ON_ADSORBATE,binding_O,distal_O,Cr,DESORPTION,0.028192933481318308,0.06274205133512699,0,0,1,undefined,False,False
mpa0_ext__Fe25Co25Ni25Cr25__s27-29,CENSUS-3,mpa0,Fe25Co25Ni25Cr25,evaluated,29,0,Fe,0.5973810764959202,1,1.8273810764959202,2.9278567976751084,4.4346770642387146,1.8884891894996094,bound,ON_ADSORBATE,RECONSTRUCTION,2.086788583221657,bound,RECONSTRUCTION,3.191032367482146,desorbed,1.336401402299924,SUPEROXO_LIKE,ON_ADSORBATE,binding_O,distal_O,Fe,DESORPTION,0.2320087114200579,0.8989011982549535,0,0,3,undefined,False,False
mpa0_ext__Fe25Co25Ni25Cr25__s27-29,CENSUS-3,mpa0,Fe25Co25Ni25Cr25,evaluated,29,1,Co,0.8608172933533647,4,1.4367873109756837,3.514120631856745,2.8291827066466353,1.8142502166628658,bound,ON_ADSORBATE,RECONSTRUCTION,1.6575533345190014,bound,RECONSTRUCTION,4.24206440875639,desorbed,1.231695348030123,O2_LIKE,H_TRANSFERRED,slab_O,distal_O,Co,DESORPTION,0.30666345544705054,0.9017960376126167,0,0,3,undefined,False,False
mpa0_ext__Fe25Co25Ni25Cr25__s27-29,CENSUS-3,mpa0,Fe25Co25Ni25Cr25,evaluated,29,2,Ni,0.8125388045158966,4,1.843945683893447,2.92373943380861,2.8774611954841034,1.9151061393915891,bound,ON_ADSORBATE,RECONSTRUCTION,2.9003630969330776,weak,NORMAL,3.5168440898171496,desorbed,1.2305310811129255,O2_LIKE,H_TRANSFERRED,slab_O,distal_O,Fe,DESORPTION,0.3086097588852724,0.9220920770751926,0,1,2,undefined,False,False
mpa0_ext__Fe25Co25Ni25Cr25__s27-29,CENSUS-3,mpa0,Fe25Co25Ni25Cr25,evaluated,29,3,Co,0.8766891798281033,2,1.4887385516996354,3.5954277315277388,3.114517416809919,1.810696162821857,bound,ON_ADSORBATE,RECONSTRUCTION,1.6383746937914576,bound,RECONSTRUCTION,3.9213248400456204,desorbed,1.2344824225062048,O2_LIKE,H_TRANSFERRED,slab_O,distal_O,Co,DESORPTION,0.1253878276062452,0.40724049901641496,0,0,2,undefined,False,False
mpa0_ext__Cu26Ni9Cr31Co33__s03-05,CENSUS-3,mpa0,Cu26Ni9Cr31Co33,evaluated,3,0,Co,0.9527899547011014,2,1.6337679042458952,3.8165578589469966,2.8003438328991037,1.75664639917817,bound,ON_ADSORBATE,NORMAL,1.6280812215800702,bound,NORMAL,4.050946004781262,desorbed,1.2316458857577208,O2_LIKE,H_TRANSFERRED,slab_O,distal_O,Cr,DESORPTION,0.055426411062742716,0.19769996734826953,0,0,0,undefined,False,False
mpa0_ext__Cu26Ni9Cr31Co33__s03-05,CENSUS-3,mpa0,Cu26Ni9Cr31Co33,evaluated,3,1,Co,0.8734470073242742,4,1.7823900872600356,3.844677360001672,2.816552992675726,1.7838997267652528,bound,ON_ADSORBATE,NORMAL,1.6365802079754082,bound,NORMAL,4.1452498773758455,desorbed,1.2315677134579424,O2_LIKE,H_TRANSFERRED,slab_O,proximal_O,Co,DESORPTION,0.05931195658138169,0.21272895988764795,0,0,0,undefined,False,False
mpa0_ext__Cu26Ni9Cr31Co33__s03-05,CENSUS-3,mpa0,Cu26Ni9Cr31Co33,evaluated,3,2,Cr,0.8833928438494931,4,1.6347987932326427,3.5535845842252094,2.806607156150507,1.8066830699089538,bound,ON_ADSORBATE,NORMAL,1.6006245124843423,bound,NORMAL,4.04067878625703,desorbed,1.23203444820595,O2_LIKE,H_TRANSFERRED,slab_O,proximal_O,Cr,DESORPTION,0.05038970385370849,0.2285391610078328,0,0,0,undefined,False,False
mpa0_ext__Cu26Ni9Cr31Co33__s03-05,CENSUS-3,mpa0,Cu26Ni9Cr31Co33,evaluated,3,3,Cu,0.8815883590857387,1,2.1115883590857387,3.0069201525962264,3.243653725307753,1.8627948317384608,bound,ON_ADSORBATE,NORMAL,1.8240576574302696,bound,NORMAL,3.3567743020146796,desorbed,1.2244471711866622,O2_LIKE,H_TRANSFERRED,slab_O,distal_O,Cu,DESORPTION,0.07039110852683936,0.1849030480103244,1,0,0,undefined,False,False
mpa0_ext__Cu26Ni9Cr31Co33__s03-05,CENSUS-3,mpa0,Cu26Ni9Cr31Co33,evaluated,4,0,Cu,1.178972166152759,2,1.9149959847727254,4.323968150925484,3.3026666178747646,1.8492754197637582,bound,ON_ADSORBATE,NORMAL,1.8348162216729607,bound,NORMAL,3.434765342472066,desorbed,1.2404796065257335,O2_LIKE,H_TRANSFERRED,slab_O,distal_O,Cu,DESORPTION,0.13037595003638075,0.4187299300531066,0,0,0,undefined,False,False
mpa0_ext__Cu26Ni9Cr31Co33__s03-05,CENSUS-3,mpa0,Cu26Ni9Cr31Co33,evaluated,4,1,Ni,0.635238649260585,1,1.865238649260585,2.244052963296472,3.242642594690041,1.8944790933017315,bound,ON_ADSORBATE,NORMAL,2.7809848105838473,weak,MIGRATION,3.534342926968747,desorbed,1.229874982971768,O2_LIKE,H_TRANSFERRED,slab_O,distal_O,Cu,DESORPTION,0.17843119844448233,0.5537062956829091,0,1,2,undefined,False,False
mpa0_ext__Cu26Ni9Cr31Co33__s03-05,CENSUS-3,mpa0,Cu26Ni9Cr31Co33,evaluated,4,2,Co,0.828277797833918,2,1.8880163382185295,3.9462941360524475,3.254589195146026,1.794527411054006,bound,ON_ADSORBATE,NORMAL,1.6465931082168523,bound,NORMAL,3.454929113884799,desorbed,1.2285787729571955,O2_LIKE,H_TRANSFERRED,slab_O,distal_O,Cu,DESORPTION,0.07657840576141747,0.21393229484164034,0,0,0,undefined,False,False
mpa0_ext__Cu26Ni9Cr31Co33__s03-05,CENSUS-3,mpa0,Cu26Ni9Cr31Co33,evaluated,4,3,Cu,1.2188875234068899,2,1.8959799971974811,4.344867520604371,2.741887499430676,1.8637587635940978,bound,ON_ADSORBATE,NORMAL,1.8249007909588497,bound,NORMAL,2.8741785894249254,weak,1.2352164884800674,O2_LIKE,H_TRANSFERRED,slab_O,proximal_O,Cu,DISSOCIATION,0.04257022229402554,0.13889023391250507,0,1,0,bridge,False,False
mpa0_ext__Cu26Ni9Cr31Co33__s03-05,CENSUS-3,mpa0,Cu26Ni9Cr31Co33,evaluated,5,0,Cr,0.6493126064001453,4,1.6055030292600017,3.2721919797240027,3.0406873935998546,1.8469165092297863,bound,ON_ADSORBATE,NORMAL,1.5953202638831527,bound,RECONSTRUCTION,3.9284159749293823,desorbed,1.2349195382271196,O2_LIKE,H_TRANSFERRED,slab_O,distal_O,Cr,DESORPTION,0.1928424255114123,0.7594614910163447,0,0,2,undefined,False,False
mpa0_ext__Cu26Ni9Cr31Co33__s03-05,CENSUS-3,mpa0,Cu26Ni9Cr31Co33,evaluated,5,1,Cr,0.5638465386000311,1,1.793846538600031,3.537657589603757,3.6002694173497516,1.8637199572113512,bound,ON_ADSORBATE,NORMAL,1.5951771042969014,bound,RECONSTRUCTION,3.7175830804551766,desorbed,1.2404256936382394,O2_LIKE,H_TRANSFERRED,slab_O,distal_O,Cu,DESORPTION,0.08135764446180029,0.23555839279457666,0,0,1,undefined,False,False
mpa0_ext__Cu26Ni9Cr31Co33__s03-05,CENSUS-3,mpa0,Cu26Ni9Cr31Co33,evaluated,5,2,Cr,0.4491684937492817,2,1.5632063425177543,3.242374836267036,4.355567001949455,1.8508453658483042,bound,ON_ADSORBATE,NORMAL,1.5981188907842225,bound,RECONSTRUCTION,1.9030465598649637,bound,1.415862827507119,OOH_LIKE,ON_ADSORBATE,terminal_O,proximal_O,Cr,NORMAL,0.0795020626410851,0.21081397377887837,0,0,1,cus,False,True
mpa0_ext__Cu26Ni9Cr31Co33__s03-05,CENSUS-3,mpa0,Cu26Ni9Cr31Co33,evaluated,5,3,Cu,1.0992655683211563,2,2.0490453765223386,4.378310944843495,3.6757269316957504,1.8909822342558043,bound,ON_ADSORBATE,NORMAL,1.8671717287596432,bound,NORMAL,3.5834785108655867,desorbed,1.2378230954138802,O2_LIKE,H_TRANSFERRED,slab_O,distal_O,Cu,DESORPTION,0.10929452935819521,0.405871535128252,0,0,0,undefined,False,False
mpa0_ext__Cu26Ni9Cr31Co33__s06-08,CENSUS-3,mpa0,Cu26Ni9Cr31Co33,evaluated,6,0,Cu,1.0327127535590384,1,2.2627127535590383,4.337198633883563,3.3881977681091953,1.9096579000055438,bound,ON_ADSORBATE,NORMAL,1.77833159915868,bound,RECONSTRUCTION,3.3051685236916386,desorbed,1.2341163937256392,O2_LIKE,H_TRANSFERRED,slab_O,distal_O,Cu,DESORPTION,0.19440466871004172,0.7052912732753897,0,0,2,undefined,False,False
mpa0_ext__Cu26Ni9Cr31Co33__s06-08,CENSUS-3,mpa0,Cu26Ni9Cr31Co33,evaluated,6,1,Cr,0.7109161390929861,1,1.940916139092986,2.954957832606258,3.075662319164452,1.8565642144608017,bound,ON_ADSORBATE,RECONSTRUCTION,2.0449085813245595,bound,NORMAL,3.6439917293679223,desorbed,1.2327850122889565,O2_LIKE,H_TRANSFERRED,slab_O,distal_O,Cu,DESORPTION,0.13906161915767698,0.49687412170822237,0,0,1,undefined,False,False
mpa0_ext__Cu26Ni9Cr31Co33__s06-08,CENSUS-3,mpa0,Cu26Ni9Cr31Co33,evaluated,6,2,Cu,1.197861320656811,2,2.0281257995313475,4.4559871201881585,3.23440446139398,1.8836692426961459,bound,ON_ADSORBATE,NORMAL,1.7747912290410732,bound,RECONSTRUCTION,3.6231227974119116,desorbed,1.2348449507136492,O2_LIKE,H_TRANSFERRED,slab_O,distal_O,Cu,DESORPTION,0.05722817131488274,0.16765036375865539,0,0,1,undefined,False,False
mpa0_ext__Cu26Ni9Cr31Co33__s06-08,CENSUS-3,mpa0,Cu26Ni9Cr31Co33,evaluated,6,3,Cu,0.9943655948473218,2,1.862228656465812,4.086594251313134,4.604173516060998,1.858468780556197,bound,ON_ADSORBATE,NORMAL,1.7872720766633678,bound,NORMAL,1.9915184354330118,bound,1.3676529658351133,OOH_LIKE,ON_ADSORBATE,terminal_O,proximal_O,Cu,NORMAL,0.05994752091279761,0.17211641567408814,0,0,0,cus,True,True
mpa0_ext__Cu26Ni9Cr31Co33__s06-08,CENSUS-3,mpa0,Cu26Ni9Cr31Co33,evaluated,7,0,Co,0.9265771230143098,2,1.6469936897281863,3.803570812742496,2.965196655622664,1.7797156576512323,bound,ON_ADSORBATE,NORMAL,1.6360308726708737,bound,NORMAL,3.9865788793108043,desorbed,1.2318092291606033,O2_LIKE,H_TRANSFERRED,slab_O,distal_O,Co,DESORPTION,0.06582679457048134,0.22800689734450091,0,0,0,undefined,False,False
mpa0_ext__Cu26Ni9Cr31Co33__s06-08,CENSUS-3,mpa0,Cu26Ni9Cr31Co33,evaluated,7,1,Cu,0.671049763065283,1,1.901049763065283,1.6285832205445312,3.2505302271505925,1.8722017142123353,bound,ON_ADSORBATE,NORMAL,3.3487041921923923,desorbed,DESORPTION,3.6134743172941897,desorbed,1.2401789447821303,O2_LIKE,H_TRANSFERRED,slab_O,distal_O,Cu,DESORPTION,0.0611774860625037,0.15178854331755104,0,0,1,undefined,False,False
mpa0_ext__Cu26Ni9Cr31Co33__s06-08,CENSUS-3,mpa0,Cu26Ni9Cr31Co33,evaluated,7,2,Co,0.8453532583119721,2,1.7722210976276878,3.84757435593966,3.3235900387493884,1.7769812147477806,bound,ON_ADSORBATE,NORMAL,1.6319529734419127,bound,NORMAL,3.760453370616949,desorbed,1.2297241315252252,O2_LIKE,H_TRANSFERRED,slab_O,proximal_O,Co,DESORPTION,0.10406760396947257,0.32172836591246545,0,0,0,undefined,False,False
mpa0_ext__Cu26Ni9Cr31Co33__s06-08,CENSUS-3,mpa0,Cu26Ni9Cr31Co33,evaluated,7,3,Co,0.7808762151033459,2,1.9719131927863267,3.9827894078896726,3.385356383107934,1.8112597901283853,bound,ON_ADSORBATE,NORMAL,1.6506943759633455,bound,NORMAL,3.837533418659048,desorbed,1.2357189024224131,O2_LIKE,H_TRANSFERRED,slab_O,distal_O,Co,DESORPTION,0.087962054077467,0.2832954573388532,0,0,0,undefined,False,False
mpa0_ext__Cu26Ni9Cr31Co33__s06-08,CENSUS-3,mpa0,Cu26Ni9Cr31Co33,evaluated,8,0,Cr,0.8742519568243674,4,1.9047111559421759,3.4804203649339662,2.8157480431756325,1.8598823228867543,bound,ON_ADSORBATE,NORMAL,1.5855092496364858,bound,RECONSTRUCTION,3.9435118364700066,desorbed,1.2327849200402567,O2_LIKE,H_TRANSFERRED,slab_O,distal_O,Cr,DESORPTION,0.05417222562738753,0.25992388802647,0,0,1,undefined,False,False
mpa0_ext__Cu26Ni9Cr31Co33__s06-08,CENSUS-3,mpa0,Cu26Ni9Cr31Co33,evaluated,8,1,Cu,0.8909999931671413,1,2.1209999931671413,2.176469016616384,3.01227342715015,1.8892392630780388,bound,ON_ADSORBATE,NORMAL,3.8253549118434265,desorbed,DESORPTION,3.4196474355886393,desorbed,1.2328871589751924,O2_LIKE,H_TRANSFERRED,slab_O,distal_O,Cu,DESORPTION,0.05138251650018666,0.13429213378727914,0,0,1,undefined,False,False
mpa0_ext__Cu26Ni9Cr31Co33__s06-08,CENSUS-3,mpa0,Cu26Ni9Cr31Co33,evaluated,8,2,Co,0.846490960394787,2,1.8601522966842716,3.9366432570790586,3.340041264786238,1.7614122371676775,bound,ON_ADSORBATE,NORMAL,1.6391873125204077,bound,NORMAL,3.718262118611367,desorbed,1.2385233603024666,O2_LIKE,H_TRANSFERRED,slab_O,distal_O,Co,DESORPTION,0.06571917449070036,0.20223985600425173,0,0,0,undefined,False,False
mpa0_ext__Cu26Ni9Cr31Co33__s06-08,CENSUS-3,mpa0,Cu26Ni9Cr31Co33,evaluated,8,3,Ni,0.7228448213737133,4,1.8397706441298518,1.8749550990490074,2.9671551786262866,1.8988403065035222,bound,ON_ADSORBATE,NORMAL,3.848356686313301,desorbed,DESORPTION,3.54969945352677,desorbed,1.2324333048125058,O2_LIKE,H_TRANSFERRED,slab_O,distal_O,Cu,DESORPTION,0.05241692652981934,0.13648757204413892,0,0,1,undefined,False,False
mpa0_ext__Cu26Ni9Cr31Co33__s09-11,CENSUS-3,mpa0,Cu26Ni9Cr31Co33,evaluated,9,0,Co,0.9554338846748163,2,1.79823330743127,3.983667192106086,3.2095009016939016,1.751686549226509,bound,ON_ADSORBATE,NORMAL,1.645407042919542,bound,NORMAL,3.987699856607038,desorbed,1.2293062707922846,O2_LIKE,H_TRANSFERRED,slab_O,distal_O,Co,DESORPTION,0.19697153411960652,0.725570771200445,0,0,1,undefined,False,False
mpa0_ext__Cu26Ni9Cr31Co33__s09-11,CENSUS-3,mpa0,Cu26Ni9Cr31Co33,evaluated,9,1,Cr,0.7031553576639302,1,1.9331553576639302,3.4401615341614935,4.7663042829681235,1.8582904322670029,bound,ON_ADSORBATE,NORMAL,1.5855202087261393,bound,RECONSTRUCTION,1.9634653799610264,bound,1.383302806012707,OOH_LIKE,ON_ADSORBATE,terminal_O,proximal_O,Cr,NORMAL,0.09479272863970485,0.3355589184223045,0,0,1,cus,False,True
mpa0_ext__Cu26Ni9Cr31Co33__s09-11,CENSUS-3,mpa0,Cu26Ni9Cr31Co33,evaluated,9,2,Cu,1.2706914387852333,2,1.9553585736579415,4.456050012443175,3.29712716448296,1.8432864942124656,bound,ON_ADSORBATE,NORMAL,1.8391730852960082,bound,NORMAL,3.252170292082758,desorbed,1.231325596578692,O2_LIKE,H_TRANSFERRED,slab_O,distal_O,Cu,DESORPTION,0.1024445283012329,0.23810289390203634,0,0,0,undefined,False,False
mpa0_ext__Cu26Ni9Cr31Co33__s09-11,CENSUS-3,mpa0,Cu26Ni9Cr31Co33,evaluated,9,3,Co,0.8862956034688789,2,1.806567674991721,3.9228632784606,3.5066304364447674,1.779890344717414,bound,ON_ADSORBATE,NORMAL,1.6789570942449867,bound,NORMAL,4.0601654711875055,desorbed,1.2341041077558323,O2_LIKE,H_TRANSFERRED,slab_O,distal_O,Co,DESORPTION,0.0742894305100137,0.19983641302649535,0,0,0,undefined,False,False
mpa0_ext__Cu26Ni9Cr31Co33__s09-11,CENSUS-3,mpa0,Cu26Ni9Cr31Co33,evaluated,10,0,Co,0.86272352668749,4,1.9112968694207333,3.4485908704711825,2.82727647331251,1.7868611544828272,bound,ON_ADSORBATE,NORMAL,1.8750109116355953,bound,NORMAL,4.1203606178464565,desorbed,1.2323522806268998,O2_LIKE,H_TRANSFERRED,slab_O,distal_O,Co,DESORPTION,0.38084043853402477,1.661355283784872,0,0,1,undefined,False,False
mpa0_ext__Cu26Ni9Cr31Co33__s09-11,CENSUS-3,mpa0,Cu26Ni9Cr31Co33,evaluated,10,1,Cr,0.5353081057936615,4,1.5187140076712589,2.538665021369386,3.1546918942063384,2.7966326219577535,weak,ON_ADSORBATE,RECONSTRUCTION,2.72583548124896,weak,RECONSTRUCTION,3.77019220399121,desorbed,1.2329175620908654,O2_LIKE,H_TRANSFERRED,slab_O,distal_O,Co,DESORPTION,0.38555014552731476,1.5579845622718522,0,2,3,undefined,False,False
mpa0_ext__Cu26Ni9Cr31Co33__s09-11,CENSUS-3,mpa0,Cu26Ni9Cr31Co33,evaluated,10,2,Cr,0.703837095730008,1,1.933837095730008,2.996084471565755,3.6701109945416888,1.9083752384214032,bound,ON_ADSORBATE,RECONSTRUCTION,1.9748207474614823,bound,NORMAL,3.8795649002266566,desorbed,1.236559624411512,O2_LIKE,H_TRANSFERRED,slab_O,distal_O,Cr,DESORPTION,0.23085905753771777,0.8330566194500131,0,0,2,undefined,False,False
mpa0_ext__Cu26Ni9Cr31Co33__s09-11,CENSUS-3,mpa0,Cu26Ni9Cr31Co33,evaluated,10,3,Cr,0.5987468750262233,4,1.4542791469520702,1.7317365193092409,3.0912531249737767,1.7845318254647042,bound,ON_ADSORBATE,MIGRATION,3.345077798939562,desorbed,DESORPTION,3.9407644405460545,desorbed,1.2283742130808706,O2_LIKE,H_TRANSFERRED,slab_O,proximal_O,Cr,DESORPTION,0.39903869769528444,1.664420653843728,0,0,3,undefined,False,False
mpa0_ext__Cu26Ni9Cr31Co33__s09-11,CENSUS-3,mpa0,Cu26Ni9Cr31Co33,evaluated,11,0,Cr,0.7249862610187696,1,1.9549862610187696,2.984364630615378,4.687214424821322,1.864024067829131,bound,ON_ADSORBATE,RECONSTRUCTION,2.04196233235263,bound,NORMAL,1.9458104842791126,bound,1.3955982200829,OOH_LIKE,ON_ADSORBATE,terminal_O,proximal_O,Cr,RECONSTRUCTION,0.13361659442512996,0.6995575345052637,0,0,2,cus,False,True
mpa0_ext__Cu26Ni9Cr31Co33__s09-11,CENSUS-3,mpa0,Cu26Ni9Cr31Co33,evaluated,11,1,Cr,0.6475759560843093,1,1.8775759560843093,3.5565538989618837,4.601526809548888,1.8508125080779914,bound,ON_ADSORBATE,NORMAL,1.5875611315182396,bound,RECONSTRUCTION,1.985645387772007,bound,1.3854868435956027,OOH_LIKE,ON_ADSORBATE,terminal_O,proximal_O,Cr,NORMAL,0.09452675226012183,0.3189087701909302,0,0,1,cus,False,True
mpa0_ext__Cu26Ni9Cr31Co33__s09-11,CENSUS-3,mpa0,Cu26Ni9Cr31Co33,evaluated,11,2,Co,0.5872884093052866,1,1.8172884093052866,1.7120499871354904,3.4720319352907167,1.789935609354146,bound,ON_ADSORBATE,NORMAL,4.059712561523406,desorbed,DESORPTION,4.036625149397842,desorbed,1.2352149896152371,O2_LIKE,H_TRANSFERRED,slab_O,distal_O,Cr,DESORPTION,0.06755192334801195,0.2215484964659165,0,0,1,undefined,False,False
mpa0_ext__Cu26Ni9Cr31Co33__s09-11,CENSUS-3,mpa0,Cu26Ni9Cr31Co33,evaluated,11,3,Co,0.7166375387141111,4,1.9092829003085066,1.7177011811087122,2.973362461285889,1.8074733404368415,bound,ON_ADSORBATE,NORMAL,3.890466557353076,desorbed,DESORPTION,4.19495854302688,desorbed,1.2322813416063556,O2_LIKE,H_TRANSFERRED,slab_O,distal_O,Co,DESORPTION,0.069068905747447,0.17580745201229955,0,0,1,undefined,False,False
mpa0_ext__Cu26Ni9Cr31Co33__s12-14,CENSUS-3,mpa0,Cu26Ni9Cr31Co33,evaluated,12,0,Ni,1.2796803051108139,2,1.9712616347621528,4.480941939872967,3.362522367493058,1.9206714533361062,bound,ON_ADSORBATE,NORMAL,1.8190159721987962,bound,NORMAL,3.726470780971169,desorbed,1.2354775353908316,O2_LIKE,H_TRANSFERRED,slab_O,distal_O,Ni,DESORPTION,0.07936782288901201,0.19663685097308867,0,0,0,undefined,False,False
mpa0_ext__Cu26Ni9Cr31Co33__s12-14,CENSUS-3,mpa0,Cu26Ni9Cr31Co33,evaluated,12,1,Co,0.8356766616979296,2,1.72371020944396,3.7893868711418897,4.556775004850751,1.7599334099660537,bound,ON_ADSORBATE,NORMAL,1.627606771697928,bound,NORMAL,3.254202519005175,desorbed,1.3384536211191642,SUPEROXO_LIKE,ON_ADSORBATE,binding_O,distal_O,Co,DESORPTION,0.03897158531669106,0.06764554980917119,0,0,0,undefined,False,False
mpa0_ext__Cu26Ni9Cr31Co33__s12-14,CENSUS-3,mpa0,Cu26Ni9Cr31Co33,evaluated,12,2,Cr,0.8751546945758113,1,2.1051546945758113,3.707706895662316,2.8644209934142864,1.8221701618494057,bound,ON_ADSORBATE,NORMAL,1.5880803268658583,bound,RECONSTRUCTION,4.0386606112907995,desorbed,1.2319672195055136,O2_LIKE,H_TRANSFERRED,slab_O,distal_O,Co,DESORPTION,0.04140157034167048,0.16649382493045406,0,0,1,undefined,False,False
mpa0_ext__Cu26Ni9Cr31Co33__s12-14,CENSUS-3,mpa0,Cu26Ni9Cr31Co33,evaluated,12,3,Co,0.9782384308657024,4,1.811989178812008,3.835366914631866,2.7117615691342976,1.7924629856382759,bound,ON_ADSORBATE,NORMAL,1.6357446430657676,bound,NORMAL,3.914357584867186,desorbed,1.2305887161645657,O2_LIKE,H_TRANSFERRED,slab_O,distal_O,Co,DESORPTION,0.08351049870253986,0.3117888264172108,0,0,0,undefined,False,False
mpa0_ext__Cu26Ni9Cr31Co33__s12-14,CENSUS-3,mpa0,Cu26Ni9Cr31Co33,evaluated,13,0,Co,0.7140645841515001,1,1.9440645841515,3.84918923698584,3.2953665697468195,1.7895850648324054,bound,ON_ADSORBATE,NORMAL,1.6364758036447185,bound,NORMAL,4.012820010317143,desorbed,1.2327901100003238,O2_LIKE,H_TRANSFERRED,slab_O,distal_O,Co,DESORPTION,0.1376573077375331,0.41158375112027357,0,0,0,undefined,False,False
mpa0_ext__Cu26Ni9Cr31Co33__s12-14,CENSUS-3,mpa0,Cu26Ni9Cr31Co33,evaluated,13,1,Cr,0.7451602700032263,4,1.83673796739023,3.527533643439913,2.9448397299967737,1.8625876644264863,bound,ON_ADSORBATE,NORMAL,1.586720685826153,bound,RECONSTRUCTION,4.077105772783605,desorbed,1.2341532660496244,O2_LIKE,H_TRANSFERRED,slab_O,proximal_O,Cr,DESORPTION,0.09818747883180651,0.45015395091937827,0,0,1,undefined,False,False
mpa0_ext__Cu26Ni9Cr31Co33__s12-14,CENSUS-3,mpa0,Cu26Ni9Cr31Co33,evaluated,13,2,Ni,1.2476392886174192,2,1.8980205920080047,4.375659880625424,3.1313299709926823,1.8848342316528848,bound,ON_ADSORBATE,NORMAL,1.792135714251599,bound,NORMAL,3.583893241410816,desorbed,1.2341850209374552,O2_LIKE,H_TRANSFERRED,slab_O,distal_O,Ni,DESORPTION,0.2613244145716565,0.737557531036978,0,0,1,undefined,False,False
mpa0_ext__Cu26Ni9Cr31Co33__s12-14,CENSUS-3,mpa0,Cu26Ni9Cr31Co33,evaluated,13,3,Co,0.9027745234263005,2,1.7160483848196812,3.8488229082459817,3.0220240647237246,1.7813430417061813,bound,ON_ADSORBATE,NORMAL,1.657793145897853,bound,NORMAL,4.0330741320909045,desorbed,1.233716491373227,O2_LIKE,H_TRANSFERRED,slab_O,distal_O,Co,DESORPTION,0.09963770366137784,0.3362637434330013,0,0,0,undefined,False,False
mpa0_ext__Cu26Ni9Cr31Co33__s12-14,CENSUS-3,mpa0,Cu26Ni9Cr31Co33,evaluated,14,0,Cu,0.8786155898184083,1,2.1086155898184082,1.790586196045613,3.3052282232435473,1.8549841908029658,bound,ON_ADSORBATE,NORMAL,3.281251686707461,desorbed,DESORPTION,3.261550335440149,desorbed,1.237746363540513,O2_LIKE,H_TRANSFERRED,slab_O,distal_O,Cu,DESORPTION,0.10120017147546247,0.40793856475894996,0,0,1,undefined,False,False
mpa0_ext__Cu26Ni9Cr31Co33__s12-14,CENSUS-3,mpa0,Cu26Ni9Cr31Co33,evaluated,14,1,Ni,1.111260369391827,2,2.0459422091103314,4.3872025785021584,3.355128156404079,1.892000487699004,bound,ON_ADSORBATE,NORMAL,1.8443090263706239,bound,NORMAL,3.5823848694803844,desorbed,1.2310971693078632,O2_LIKE,H_TRANSFERRED,slab_O,distal_O,Co,DESORPTION,0.12019838162880002,0.3570809412231363,0,0,0,undefined,False,False
mpa0_ext__Cu26Ni9Cr31Co33__s12-14,CENSUS-3,mpa0,Cu26Ni9Cr31Co33,evaluated,14,2,Co,0.7948145871508094,1,2.0248145871508094,3.962977742316273,3.2655916944713126,1.7968654810604747,bound,ON_ADSORBATE,NORMAL,1.63632091098006,bound,RECONSTRUCTION,3.7398345254214096,desorbed,1.2351619741321027,O2_LIKE,H_TRANSFERRED,slab_O,distal_O,Cu,DESORPTION,0.08169971830272348,0.22471516243419262,0,0,1,undefined,False,False
mpa0_ext__Cu26Ni9Cr31Co33__s12-14,CENSUS-3,mpa0,Cu26Ni9Cr31Co33,evaluated,14,3,Cr,0.8975971242940508,1,2.127597124294051,3.756514331389642,3.1843030889527326,1.8379247153519611,bound,ON_ADSORBATE,NORMAL,1.591720994956619,bound,RECONSTRUCTION,3.6231242816050355,desorbed,1.2323908171833657,O2_LIKE,H_TRANSFERRED,slab_O,distal_O,Ni,DESORPTION,0.1916151766860311,0.5561189501461234,0,0,2,undefined,False,False
mpa0_ext__Cu26Ni9Cr31Co33__s15-17,CENSUS-3,mpa0,Cu26Ni9Cr31Co33,evaluated,15,0,Co,0.7233756616931108,1,1.9533756616931108,3.86087684237501,4.746635343865593,1.784350865255664,bound,ON_ADSORBATE,NORMAL,1.631488119445397,bound,NORMAL,1.8484856706781976,bound,1.3732477455823415,OOH_LIKE,ON_ADSORBATE,terminal_O,proximal_O,Co,NORMAL,0.07726427946627346,0.45693146977416577,0,0,0,cus,True,True
mpa0_ext__Cu26Ni9Cr31Co33__s15-17,CENSUS-3,mpa0,Cu26Ni9Cr31Co33,evaluated,15,1,Cu,0.7493416958777592,1,1.9793416958777592,1.4014030898351602,3.370432346090469,1.8580154448473867,bound,ON_ADSORBATE,NORMAL,3.63709943968303,desorbed,DESORPTION,3.568449417309489,desorbed,1.234644170863395,O2_LIKE,H_TRANSFERRED,slab_O,distal_O,Cu,DESORPTION,0.09394809932500302,0.2773608498190143,0,0,1,undefined,False,False
mpa0_ext__Cu26Ni9Cr31Co33__s15-17,CENSUS-3,mpa0,Cu26Ni9Cr31Co33,evaluated,15,2,Cu,0.9085423211740666,1,2.1385423211740666,2.78269325249207,3.200794132267505,1.8595280992975425,bound,ON_ADSORBATE,NORMAL,1.8280846279406522,bound,NORMAL,3.470997162620523,desorbed,1.2349139983166533,O2_LIKE,H_TRANSFERRED,slab_O,distal_O,Cu,DESORPTION,0.07241610776479465,0.25249687390808706,0,0,0,undefined,False,False
mpa0_ext__Cu26Ni9Cr31Co33__s15-17,CENSUS-3,mpa0,Cu26Ni9Cr31Co33,evaluated,15,3,Cr,0.7014115565424239,1,1.931411556542424,3.375005628778215,3.347564805608387,1.8484194949399542,bound,ON_ADSORBATE,NORMAL,1.5886409738171423,bound,RECONSTRUCTION,3.7678179110328385,desorbed,1.2377526742207094,O2_LIKE,H_TRANSFERRED,slab_O,distal_O,Cu,DESORPTION,0.06779103644300215,0.19891121304086384,0,0,1,undefined,False,False
mpa0_ext__Cu26Ni9Cr31Co33__s15-17,CENSUS-3,mpa0,Cu26Ni9Cr31Co33,evaluated,16,0,Co,0.8117561074188719,1,2.041756107418872,3.9363017974013452,2.9823966556934365,1.796217406058018,bound,ON_ADSORBATE,NORMAL,1.63518236931209,bound,RECONSTRUCTION,3.8217191791981557,desorbed,1.2298767791305654,O2_LIKE,H_TRANSFERRED,slab_O,distal_O,Co,DESORPTION,0.4551403391150362,1.8754201979539196,0,0,2,undefined,False,False
mpa0_ext__Cu26Ni9Cr31Co33__s15-17,CENSUS-3,mpa0,Cu26Ni9Cr31Co33,evaluated,16,1,Cr,1.1786526098989052,4,1.1250516294852226,1.6483249401879088,2.5113473901010948,1.822562901743438,bound,ON_ADSORBATE,RECONSTRUCTION,3.8811891982237876,desorbed,DESORPTION,4.093916448085463,desorbed,1.2350649136203693,O2_LIKE,H_TRANSFERRED,slab_O,proximal_O,Cr,DESORPTION,0.476918480367726,2.010824201025086,0,0,3,undefined,False,False
mpa0_ext__Cu26Ni9Cr31Co33__s15-17,CENSUS-3,mpa0,Cu26Ni9Cr31Co33,evaluated,16,2,Cu,0.8802181066882744,1,2.1102181066882744,1.611767365726312,2.953637489457891,1.887245059986739,bound,ON_ADSORBATE,NORMAL,3.085587034795252,desorbed,DESORPTION,3.348045438878361,desorbed,1.2280843982692822,O2_LIKE,H_TRANSFERRED,slab_O,distal_O,Cu,DESORPTION,0.4910987690047373,2.0038839063143206,0,0,2,undefined,False,False
mpa0_ext__Cu26Ni9Cr31Co33__s15-17,CENSUS-3,mpa0,Cu26Ni9Cr31Co33,evaluated,16,3,Cr,0.5150704178544048,3,1.652842744063117,1.5938804786278846,3.3389508964822894,1.8681942125610747,bound,ON_ADSORBATE,NORMAL,4.010942241292434,desorbed,DESORPTION,2.9464584604765314,weak,1.2449349880066372,O2_LIKE,H_TRANSFERRED,slab_O,proximal_O,Cr,DISSOCIATION,0.2605814496262554,0.8921406844287524,0,1,2,bridge,False,False
mpa0_ext__Cu26Ni9Cr31Co33__s15-17,CENSUS-3,mpa0,Cu26Ni9Cr31Co33,evaluated,17,0,Cr,0.6381276717270188,1,1.8681276717270188,3.538595053074264,3.5629209587247046,1.8577092699297144,bound,ON_ADSORBATE,NORMAL,1.595397503125675,bound,RECONSTRUCTION,3.687053405646364,desorbed,1.2409010137207106,O2_LIKE,H_TRANSFERRED,slab_O,distal_O,Cu,DESORPTION,0.06914978591982661,0.1615416003357871,0,0,1,undefined,False,False
mpa0_ext__Cu26Ni9Cr31Co33__s15-17,CENSUS-3,mpa0,Cu26Ni9Cr31Co33,evaluated,17,1,Cr,0.5936955227013225,2,1.6514173931616036,3.475112915862926,4.569806387490077,1.8329281349858004,bound,ON_ADSORBATE,NORMAL,1.6198745356636197,bound,NORMAL,1.9611313524351903,bound,1.3934073082380307,OOH_LIKE,ON_ADSORBATE,terminal_O,proximal_O,Cr,NORMAL,0.06665632936308996,0.1754810928973069,0,0,0,cus,True,True
mpa0_ext__Cu26Ni9Cr31Co33__s15-17,CENSUS-3,mpa0,Cu26Ni9Cr31Co33,evaluated,17,2,Cu,1.2087307531367895,2,2.0644608733859635,4.503191626522753,3.54091383996314,1.8941458356131824,bound,ON_ADSORBATE,NORMAL,1.8237624208202654,bound,NORMAL,3.661099930890129,desorbed,1.2366745544056212,O2_LIKE,H_TRANSFERRED,slab_O,distal_O,Cu,DESORPTION,0.0653100904041201,0.203132935766915,0,0,0,undefined,False,False
mpa0_ext__Cu26Ni9Cr31Co33__s15-17,CENSUS-3,mpa0,Cu26Ni9Cr31Co33,evaluated,17,3,Cr,0.8017631983308329,4,1.5974943567498152,3.4085197268369463,2.888236801669167,1.827648831334736,bound,ON_ADSORBATE,NORMAL,1.6173832336638563,bound,NORMAL,3.9634546953855923,desorbed,1.2338245473551563,O2_LIKE,H_TRANSFERRED,slab_O,proximal_O,Cr,DESORPTION,0.0592476182805793,0.21502170477365698,0,0,0,undefined,False,False
mpa0_ext__Cu26Ni9Cr31Co33__s18-20,CENSUS-3,mpa0,Cu26Ni9Cr31Co33,evaluated,18,0,Cu,0.7249587421800774,1,1.9549587421800774,3.058993745119526,3.248947999204064,1.8588487565777112,bound,ON_ADSORBATE,NORMAL,1.8291426525345498,bound,RECONSTRUCTION,3.44476897843109,desorbed,1.2298128512659843,O2_LIKE,H_TRANSFERRED,slab_O,distal_O,Cu,DESORPTION,0.06330315858137091,0.1798012385748042,0,0,1,undefined,False,False
mpa0_ext__Cu26Ni9Cr31Co33__s18-20,CENSUS-3,mpa0,Cu26Ni9Cr31Co33,evaluated,18,1,Cr,0.6663414480027958,1,1.8963414480027958,3.4881558188945725,3.5281125552599533,1.8447914843365105,bound,ON_ADSORBATE,NORMAL,1.5923395775797646,bound,RECONSTRUCTION,3.617547945417588,desorbed,1.2439981154629212,O2_LIKE,H_TRANSFERRED,slab_O,distal_O,Cu,DESORPTION,0.08603462689262484,0.24823045558230633,0,0,1,undefined,False,False
mpa0_ext__Cu26Ni9Cr31Co33__s18-20,CENSUS-3,mpa0,Cu26Ni9Cr31Co33,evaluated,18,2,Co,0.9599196131096317,2,1.7370576034779455,3.926977216587577,3.389496618479997,1.7750663843755026,bound,ON_ADSORBATE,NORMAL,1.6350556878723213,bound,NORMAL,3.4355369190503158,desorbed,1.239279234680662,O2_LIKE,H_TRANSFERRED,slab_O,distal_O,Cu,DESORPTION,0.0737054771830829,0.17993032441922296,0,0,0,undefined,False,False
mpa0_ext__Cu26Ni9Cr31Co33__s18-20,CENSUS-3,mpa0,Cu26Ni9Cr31Co33,evaluated,18,3,Cu,0.6727222923969824,1,1.9027222923969824,2.784915779481114,3.466455976277247,1.8473018962111731,bound,ON_ADSORBATE,NORMAL,1.9161216468635174,bound,RECONSTRUCTION,3.5345451570356614,desorbed,1.2383615604546057,O2_LIKE,H_TRANSFERRED,slab_O,distal_O,Cu,DESORPTION,0.0665268680070521,0.206077874998112,0,0,1,undefined,False,False
mpa0_ext__Cu26Ni9Cr31Co33__s18-20,CENSUS-3,mpa0,Cu26Ni9Cr31Co33,evaluated,19,0,Cu,0.7851655359083756,1,2.0151655359083755,1.49077042294633,3.453411751798741,1.8889912476688895,bound,ON_ADSORBATE,NORMAL,3.3800522075077843,desorbed,DESORPTION,3.7635338831381957,desorbed,1.2353557602987535,O2_LIKE,H_TRANSFERRED,slab_O,distal_O,Co,DESORPTION,0.06542020735485016,0.1961805673156009,0,0,1,undefined,False,False
mpa0_ext__Cu26Ni9Cr31Co33__s18-20,CENSUS-3,mpa0,Cu26Ni9Cr31Co33,evaluated,19,1,Cr,0.7932859663022631,1,2.023285966302263,3.522743595040854,4.69358446221179,1.805604555577327,bound,ON_ADSORBATE,RECONSTRUCTION,1.5882765949733169,bound,RECONSTRUCTION,3.6972611556312507,desorbed,1.3459053623559702,SUPEROXO_LIKE,ON_ADSORBATE,binding_O,distal_O,Cr,DESORPTION,0.031058338167347942,0.059028009905084874,0,0,2,undefined,False,False
mpa0_ext__Cu26Ni9Cr31Co33__s18-20,CENSUS-3,mpa0,Cu26Ni9Cr31Co33,evaluated,19,2,Cr,0.6324203916829978,1,1.8624203916829978,3.5744321114575293,4.579745840662783,1.826991711510745,bound,ON_ADSORBATE,NORMAL,1.5931071726810617,bound,RECONSTRUCTION,3.651392770062294,desorbed,1.3389276746863934,SUPEROXO_LIKE,ON_ADSORBATE,binding_O,distal_O,Cr,DESORPTION,0.02722910407059662,0.08549187610583144,0,0,1,undefined,False,False
mpa0_ext__Cu26Ni9Cr31Co33__s18-20,CENSUS-3,mpa0,Cu26Ni9Cr31Co33,evaluated,19,3,Ni,1.2860908048646973,2,1.9600104133124554,4.476101218177153,3.159981136337366,1.9559668026160826,bound,ON_ADSORBATE,NORMAL,1.7639427300263677,bound,RECONSTRUCTION,3.754718967343176,desorbed,1.230534841021425,O2_LIKE,H_TRANSFERRED,slab_O,proximal_O,Ni,DESORPTION,0.12697331589424396,0.6531955761281005,0,0,2,undefined,False,False
mpa0_ext__Cu26Ni9Cr31Co33__s18-20,CENSUS-3,mpa0,Cu26Ni9Cr31Co33,evaluated,20,0,Cr,0.8997593074001164,1,2.1297593074001164,3.376509115517795,3.3165306513635087,1.8514409021493932,bound,ON_ADSORBATE,NORMAL,1.5908291316820442,bound,RECONSTRUCTION,3.861017635908846,desorbed,1.2321061735944925,O2_LIKE,H_TRANSFERRED,slab_O,distal_O,Cr,DESORPTION,0.08598749844798155,0.21388808999602096,0,0,1,undefined,False,False
mpa0_ext__Cu26Ni9Cr31Co33__s18-20,CENSUS-3,mpa0,Cu26Ni9Cr31Co33,evaluated,20,1,Cu,1.0845880082631236,2,2.0052999283661515,4.319887936629275,3.2889991819835145,1.8688546111121132,bound,ON_ADSORBATE,NORMAL,1.8227705839709298,bound,NORMAL,3.4911399540607295,desorbed,1.2347830851380803,O2_LIKE,H_TRANSFERRED,slab_O,distal_O,Cu,DESORPTION,0.0675045268788395,0.173095329735101,0,0,0,undefined,False,False
mpa0_ext__Cu26Ni9Cr31Co33__s18-20,CENSUS-3,mpa0,Cu26Ni9Cr31Co33,evaluated,20,2,Ni,1.0110326236101326,2,2.1002053347630985,4.341237958373231,3.420249558685272,1.9344408695223894,bound,ON_ADSORBATE,NORMAL,1.7590245484108997,bound,RECONSTRUCTION,3.666140119933278,desorbed,1.2386465763525543,O2_LIKE,H_TRANSFERRED,slab_O,distal_O,Ni,DESORPTION,0.08419207262121617,0.22933937874501595,0,0,1,undefined,False,False
mpa0_ext__Cu26Ni9Cr31Co33__s18-20,CENSUS-3,mpa0,Cu26Ni9Cr31Co33,evaluated,20,3,Co,0.8538699831753132,2,1.8128906669070042,3.8967606500823173,3.3060181916789033,1.7860632286893714,bound,ON_ADSORBATE,NORMAL,1.6380577198794288,bound,NORMAL,3.7075211097339555,desorbed,1.234385671776398,O2_LIKE,H_TRANSFERRED,slab_O,distal_O,Cu,DESORPTION,0.06666209229025737,0.1665857880402541,0,0,0,undefined,False,False
mpa0_ext__Cu26Ni9Cr31Co33__s21-23,CENSUS-3,mpa0,Cu26Ni9Cr31Co33,evaluated,21,0,Cu,0.7954750862562454,1,2.0254750862562454,2.7524863990528594,4.684310548513226,1.86354599122708,bound,ON_ADSORBATE,NORMAL,1.8468574651763725,bound,RECONSTRUCTION,3.031922995709931,desorbed,1.3360526651194837,SUPEROXO_LIKE,ON_ADSORBATE,binding_O,distal_O,Cu,DESORPTION,0.05802641242432032,0.18447942162858075,0,0,1,undefined,False,False
mpa0_ext__Cu26Ni9Cr31Co33__s21-23,CENSUS-3,mpa0,Cu26Ni9Cr31Co33,evaluated,21,1,Co,0.8709657982520564,2,1.7554937077057624,3.856459505957819,3.1894043375974674,1.7808153430280067,bound,ON_ADSORBATE,NORMAL,1.6293505546108582,bound,NORMAL,3.828591839732633,desorbed,1.2347827879678257,O2_LIKE,H_TRANSFERRED,slab_O,distal_O,Co,DESORPTION,0.05781759280390358,0.15285794004504252,0,0,0,undefined,False,False
mpa0_ext__Cu26Ni9Cr31Co33__s21-23,CENSUS-3,mpa0,Cu26Ni9Cr31Co33,evaluated,21,2,Co,0.8031155126269294,2,1.9144347409694213,3.9475502535963507,3.177583593934061,1.7890747812958752,bound,ON_ADSORBATE,NORMAL,1.6458635229156777,bound,NORMAL,3.5162082112321444,desorbed,1.2346036263955196,O2_LIKE,H_TRANSFERRED,slab_O,distal_O,Cu,DESORPTION,0.06296278177098179,0.18093813959931054,0,0,0,undefined,False,False
mpa0_ext__Cu26Ni9Cr31Co33__s21-23,CENSUS-3,mpa0,Cu26Ni9Cr31Co33,evaluated,21,3,Co,0.8824640975947471,2,1.698091709140693,3.81055580673544,3.273768526068524,1.773836237340872,bound,ON_ADSORBATE,NORMAL,1.6306060764736225,bound,NORMAL,3.820878278789136,desorbed,1.2369493919898984,O2_LIKE,H_TRANSFERRED,slab_O,distal_O,Co,DESORPTION,0.06655147367649006,0.19299483537473708,0,0,0,undefined,False,False
mpa0_ext__Cu26Ni9Cr31Co33__s21-23,CENSUS-3,mpa0,Cu26Ni9Cr31Co33,evaluated,22,0,Cu,0.555141171735257,1,1.785141171735257,1.7100785930080955,3.477997276518239,1.8141672874000365,bound,ON_ADSORBATE,RECONSTRUCTION,3.9770364915006584,desorbed,DESORPTION,3.642613841228688,desorbed,1.2271272574244283,O2_LIKE,H_TRANSFERRED,slab_O,proximal_O,Co,DESORPTION,0.159165624242321,0.4565470351787378,0,0,2,undefined,False,False
mpa0_ext__Cu26Ni9Cr31Co33__s21-23,CENSUS-3,mpa0,Cu26Ni9Cr31Co33,evaluated,22,1,Cr,0.5967263139514065,1,1.8267263139514065,3.1771776317874334,3.2421726865813993,1.8814969712917897,bound,ON_ADSORBATE,NORMAL,1.5859051589138051,bound,RECONSTRUCTION,3.9678661236401855,desorbed,1.2310670665606744,O2_LIKE,H_TRANSFERRED,slab_O,proximal_O,Co,DESORPTION,0.4935852272348182,2.0597011620770664,0,0,2,undefined,False,False
mpa0_ext__Cu26Ni9Cr31Co33__s21-23,CENSUS-3,mpa0,Cu26Ni9Cr31Co33,evaluated,22,2,Cr,0.7948583972298033,4,1.881040414845382,3.3689910168621147,2.8951416027701966,1.8942060234382203,bound,ON_ADSORBATE,RECONSTRUCTION,1.5891588772486762,bound,RECONSTRUCTION,4.026264905050871,desorbed,1.2353394472266856,O2_LIKE,H_TRANSFERRED,slab_O,distal_O,Cr,DESORPTION,0.12622803978382136,0.3672605986461825,0,0,2,undefined,False,False
mpa0_ext__Cu26Ni9Cr31Co33__s21-23,CENSUS-3,mpa0,Cu26Ni9Cr31Co33,evaluated,22,3,Co,0.8281346763090749,2,1.7531105438934795,3.8112452202025544,3.1312130228513992,1.7934285467219364,bound,ON_ADSORBATE,RECONSTRUCTION,1.6354274148896377,bound,RECONSTRUCTION,4.130164288628618,desorbed,1.2302562841147322,O2_LIKE,H_TRANSFERRED,slab_O,distal_O,Co,DESORPTION,0.26083578447505135,0.9499105863468456,0,0,3,undefined,False,False
mpa0_ext__Cu26Ni9Cr31Co33__s21-23,CENSUS-3,mpa0,Cu26Ni9Cr31Co33,evaluated,23,0,Co,1.070415322811554,2,1.3759838777254694,3.6763992005370234,4.54933256678453,1.7501988957978774,bound,ON_ADSORBATE,RECONSTRUCTION,1.676343265794563,bound,NORMAL,1.9025649383995198,bound,1.3885283397006445,OOH_LIKE,ON_ADSORBATE,terminal_O,proximal_O,Co,NORMAL,0.09476881958877593,0.26330851696479135,0,0,1,cus,False,True
mpa0_ext__Cu26Ni9Cr31Co33__s21-23,CENSUS-3,mpa0,Cu26Ni9Cr31Co33,evaluated,23,1,Cu,1.063903761057289,1,2.293903761057289,2.7827157532198363,3.144901490891756,1.9168473495613825,bound,ON_ADSORBATE,NORMAL,2.026930657074924,bound,RECONSTRUCTION,3.494487900685602,desorbed,1.230775541463957,O2_LIKE,H_TRANSFERRED,slab_O,distal_O,Cu,DESORPTION,0.3777370292195455,1.6162742983549467,1,0,2,undefined,False,False
mpa0_ext__Cu26Ni9Cr31Co33__s21-23,CENSUS-3,mpa0,Cu26Ni9Cr31Co33,evaluated,23,2,Cr,0.922927221971805,4,1.8893564409814538,1.3936043717334636,2.767072778028195,1.8474130073893122,bound,ON_ADSORBATE,RECONSTRUCTION,3.902163538007932,desorbed,DESORPTION,4.028742276913019,desorbed,1.2267092729763447,O2_LIKE,H_TRANSFERRED,slab_O,distal_O,Co,DESORPTION,0.3765242083160348,1.6203889331835606,0,0,3,undefined,False,False
mpa0_ext__Cu26Ni9Cr31Co33__s21-23,CENSUS-3,mpa0,Cu26Ni9Cr31Co33,evaluated,23,3,Cr,0.6284435757889772,1,1.8584435757889772,1.739638850706829,3.1306325005275553,1.8242463425189988,bound,ON_ADSORBATE,RECONSTRUCTION,3.9747337994833947,desorbed,DESORPTION,4.117451231491185,desorbed,1.226971906475392,O2_LIKE,H_TRANSFERRED,slab_O,distal_O,Co,DESORPTION,0.4447822695082623,1.8076564413230662,0,0,3,undefined,False,False
mpa0_ext__Cu26Ni9Cr31Co33__s24-26,CENSUS-3,mpa0,Cu26Ni9Cr31Co33,evaluated,24,0,Cr,0.6706046017202274,1,1.9006046017202274,3.385855237987787,3.380611816358568,1.8894198774233468,bound,ON_ADSORBATE,NORMAL,1.5906011737050219,bound,RECONSTRUCTION,3.9521299767647546,desorbed,1.2345423955565011,O2_LIKE,H_TRANSFERRED,slab_O,distal_O,Cr,DESORPTION,0.09093918419144281,0.26983542986229386,0,0,1,undefined,False,False
mpa0_ext__Cu26Ni9Cr31Co33__s24-26,CENSUS-3,mpa0,Cu26Ni9Cr31Co33,evaluated,24,1,Co,0.8754171508665234,2,1.6801347224537388,3.785551873320262,3.1571657417127894,1.776018412365069,bound,ON_ADSORBATE,NORMAL,1.6383122961155887,bound,NORMAL,4.228772201148405,desorbed,1.2320457204541484,O2_LIKE,H_TRANSFERRED,slab_O,proximal_O,Cr,DESORPTION,0.3057360771375003,1.1200307376732783,1,0,1,undefined,False,False
mpa0_ext__Cu26Ni9Cr31Co33__s24-26,CENSUS-3,mpa0,Cu26Ni9Cr31Co33,evaluated,24,2,Cu,0.8418629210281674,4,1.7244966536692012,3.6713667265937353,2.8481370789718325,1.8521707473198723,bound,ON_ADSORBATE,RECONSTRUCTION,1.8027029941981596,bound,RECONSTRUCTION,3.6187603510264807,desorbed,1.2339206756295422,O2_LIKE,H_TRANSFERRED,slab_O,distal_O,Cu,DESORPTION,0.1249755820071677,0.4278798045616664,0,0,2,undefined,False,False
mpa0_ext__Cu26Ni9Cr31Co33__s24-26,CENSUS-3,mpa0,Cu26Ni9Cr31Co33,evaluated,24,3,Co,0.8634141924469798,2,1.6498313964190978,3.7432455888660776,4.531182417324603,1.7862303767296723,bound,ON_ADSORBATE,NORMAL,1.6368616472286712,bound,NORMAL,1.905435861766039,bound,1.3778724587229665,OOH_LIKE,ON_ADSORBATE,terminal_O,proximal_O,Co,NORMAL,0.06841409010680698,0.14492008780372154,0,0,0,cus,True,True
mpa0_ext__Cu26Ni9Cr31Co33__s24-26,CENSUS-3,mpa0,Cu26Ni9Cr31Co33,evaluated,25,0,Cu,1.2601538435706328,2,2.025924031198509,4.516077874769142,4.65669031768414,1.857103123949873,bound,ON_ADSORBATE,NORMAL,1.821881824920697,bound,NORMAL,2.9333837291908913,weak,1.3298972070653619,SUPEROXO_LIKE,ON_ADSORBATE,binding_O,distal_O,Cu,NORMAL,0.034734019852627224,0.060143996775452055,0,1,0,cus,True,True
mpa0_ext__Cu26Ni9Cr31Co33__s24-26,CENSUS-3,mpa0,Cu26Ni9Cr31Co33,evaluated,25,1,Co,0.976357013224769,2,1.75810945749978,3.964466470724549,4.3697697710270536,1.750521188227671,bound,ON_ADSORBATE,NORMAL,1.6497688913389068,bound,NORMAL,1.8862024005783227,bound,1.3456888223343515,SUPEROXO_LIKE,ON_ADSORBATE,terminal_O,proximal_O,Co,NORMAL,0.06779849328121094,0.23613307593089036,0,0,0,cus,True,True
mpa0_ext__Cu26Ni9Cr31Co33__s24-26,CENSUS-3,mpa0,Cu26Ni9Cr31Co33,evaluated,25,2,Co,0.8529794508590083,2,1.8428689257005666,3.925848376559575,3.2228905167750113,1.7664250214790542,bound,ON_ADSORBATE,RECONSTRUCTION,1.6309176058077688,bound,RECONSTRUCTION,3.583715546749451,desorbed,1.2317810843426598,O2_LIKE,H_TRANSFERRED,slab_O,distal_O,Cu,DESORPTION,0.0655184000079628,0.16621152382115906,0,0,2,undefined,False,False
mpa0_ext__Cu26Ni9Cr31Co33__s24-26,CENSUS-3,mpa0,Cu26Ni9Cr31Co33,evaluated,25,3,Cr,0.663253149022565,1,1.893253149022565,3.401385101803701,4.668990059485738,1.8702803694623362,bound,ON_ADSORBATE,NORMAL,1.58471921288846,bound,RECONSTRUCTION,3.6436605897411853,desorbed,1.3426308859587484,SUPEROXO_LIKE,ON_ADSORBATE,binding_O,distal_O,Cr,DESORPTION,0.02978690597686044,0.07189678865168879,0,0,1,undefined,False,False
mpa0_ext__Cu26Ni9Cr31Co33__s24-26,CENSUS-3,mpa0,Cu26Ni9Cr31Co33,evaluated,26,0,Cu,1.9780766670756287,3,1.9062257413252959,1.5083527131833743,4.716429380259003,1.862203536401919,bound,ON_ADSORBATE,NORMAL,3.5111933095821044,desorbed,DESORPTION,3.1773344983773186,desorbed,1.3442936501995089,SUPEROXO_LIKE,ON_ADSORBATE,binding_O,distal_O,Cu,DESORPTION,0.05028480981508616,0.20412958604766857,0,0,1,undefined,False,False
mpa0_ext__Cu26Ni9Cr31Co33__s24-26,CENSUS-3,mpa0,Cu26Ni9Cr31Co33,evaluated,26,1,Cu,1.1559646555639045,2,1.932889283227008,4.318853938790912,3.170018305846783,1.8626322785190026,bound,ON_ADSORBATE,NORMAL,1.8252357315162129,bound,NORMAL,3.1204412569282103,desorbed,1.2341279933499256,O2_LIKE,H_TRANSFERRED,slab_O,proximal_O,Cu,DESORPTION,0.0635434964004473,0.15935071145507362,0,0,0,undefined,False,False
mpa0_ext__Cu26Ni9Cr31Co33__s24-26,CENSUS-3,mpa0,Cu26Ni9Cr31Co33,evaluated,26,2,Cr,0.4751862305827066,1,1.7051862305827066,3.3254031502546333,3.4092568427690835,1.8436376090454858,bound,ON_ADSORBATE,NORMAL,1.5919051690655475,bound,RECONSTRUCTION,3.8528778789123126,desorbed,1.2340676747662993,O2_LIKE,H_TRANSFERRED,slab_O,distal_O,Cr,DESORPTION,0.07759916923796835,0.19545935814826587,0,0,1,undefined,False,False
mpa0_ext__Cu26Ni9Cr31Co33__s24-26,CENSUS-3,mpa0,Cu26Ni9Cr31Co33,evaluated,26,3,Co,0.8761404364540493,2,1.7918388015397917,3.897979237993841,3.2208750739474126,1.7799539356568708,bound,ON_ADSORBATE,NORMAL,1.6435199183685514,bound,NORMAL,4.017688596505101,desorbed,1.2313386877128052,O2_LIKE,H_TRANSFERRED,slab_O,distal_O,Co,DESORPTION,0.05783264446043456,0.17394517063743697,0,0,0,undefined,False,False
mpa0_ext__Cu26Ni9Cr31Co33__s27-29,CENSUS-3,mpa0,Cu26Ni9Cr31Co33,evaluated,27,0,Co,0.9613451752799431,2,1.5908854105508348,3.782230585830778,3.089969899206325,1.77349691545439,bound,ON_ADSORBATE,NORMAL,1.624980171003571,bound,NORMAL,3.1169471481443036,desorbed,1.2353510061429844,O2_LIKE,H_TRANSFERRED,slab_O,proximal_O,Co,DESORPTION,0.0909961099995844,0.262185251939864,0,0,0,undefined,False,False
mpa0_ext__Cu26Ni9Cr31Co33__s27-29,CENSUS-3,mpa0,Cu26Ni9Cr31Co33,evaluated,27,1,Cu,1.1035283437826404,2,1.8433066936948657,4.176835037477506,4.701357926175378,1.838411516427684,bound,ON_ADSORBATE,RECONSTRUCTION,1.8037080644100107,bound,NORMAL,2.046821192757689,bound,1.3562958662935005,SUPEROXO_LIKE,ON_ADSORBATE,terminal_O,proximal_O,Cu,NORMAL,0.06139721552700782,0.14783583212935136,0,0,1,cus,False,True
mpa0_ext__Cu26Ni9Cr31Co33__s27-29,CENSUS-3,mpa0,Cu26Ni9Cr31Co33,evaluated,27,2,Co,1.0311382825733526,4,1.6887738255711278,3.802339776666063,2.6588617174266473,1.7546133668424198,bound,ON_ADSORBATE,NORMAL,1.626153768219776,bound,NORMAL,3.9294299993345203,desorbed,1.2300706318455514,O2_LIKE,H_TRANSFERRED,slab_O,proximal_O,Co,DESORPTION,0.053014137113780745,0.22827191611534592,0,0,0,undefined,False,False
mpa0_ext__Cu26Ni9Cr31Co33__s27-29,CENSUS-3,mpa0,Cu26Ni9Cr31Co33,evaluated,27,3,Cr,0.9787665069491718,4,1.807143683815037,3.415540954895935,2.711233493050828,1.8693880173740787,bound,ON_ADSORBATE,NORMAL,1.5920479666627887,bound,RECONSTRUCTION,3.8346171255658104,desorbed,1.2325341352253278,O2_LIKE,H_TRANSFERRED,slab_O,distal_O,Cr,DESORPTION,0.04871219769593532,0.18956836469882796,0,0,1,undefined,False,False
mpa0_ext__Cu26Ni9Cr31Co33__s27-29,CENSUS-3,mpa0,Cu26Ni9Cr31Co33,evaluated,28,0,Cu,1.0626001214733645,2,1.98103033538356,4.2736304568569246,3.5514916839294997,1.885713991287511,bound,ON_ADSORBATE,NORMAL,1.8441749447270366,bound,NORMAL,3.582240269787444,desorbed,1.2337920830373927,O2_LIKE,H_TRANSFERRED,slab_O,distal_O,Cu,DESORPTION,0.07680002212454731,0.21143796049484087,0,0,0,undefined,False,False
mpa0_ext__Cu26Ni9Cr31Co33__s27-29,CENSUS-3,mpa0,Cu26Ni9Cr31Co33,evaluated,28,1,Cr,0.8670516645655093,4,1.7369794893021102,3.651582344387098,2.8229483354344906,1.8192134982290082,bound,ON_ADSORBATE,NORMAL,1.6107354052718212,bound,NORMAL,3.9427829756216335,desorbed,1.2344822091042893,O2_LIKE,H_TRANSFERRED,slab_O,distal_O,Cr,DESORPTION,0.047587313400414305,0.16484298609207781,0,0,0,undefined,False,False
mpa0_ext__Cu26Ni9Cr31Co33__s27-29,CENSUS-3,mpa0,Cu26Ni9Cr31Co33,evaluated,28,2,Cr,0.5218905240704848,1,1.7518905240704847,3.3015787230424145,3.5140398123986656,1.813344528266443,bound,ON_ADSORBATE,NORMAL,1.5931804471571773,bound,RECONSTRUCTION,3.7845168840582444,desorbed,1.2312738142067516,O2_LIKE,H_TRANSFERRED,slab_O,proximal_O,Cr,DESORPTION,0.08047963864545231,0.25953825650150125,0,0,1,undefined,False,False
mpa0_ext__Cu26Ni9Cr31Co33__s27-29,CENSUS-3,mpa0,Cu26Ni9Cr31Co33,evaluated,28,3,Co,0.9416757589152933,2,1.6415323054084987,3.813208064323792,3.4617798563074884,1.7662500073892082,bound,ON_ADSORBATE,NORMAL,1.6391740767901792,bound,NORMAL,3.819679800869965,desorbed,1.2361227691213716,O2_LIKE,H_TRANSFERRED,slab_O,distal_O,Cr,DESORPTION,0.07352596209837581,0.20373285386219867,0,0,0,undefined,False,False
mpa0_ext__Cu26Ni9Cr31Co33__s27-29,CENSUS-3,mpa0,Cu26Ni9Cr31Co33,evaluated,29,0,Cu,1.0628529897405468,2,1.9835329740833125,4.276385963823859,3.3638186784104973,1.8854405362198297,bound,ON_ADSORBATE,NORMAL,1.852557351294604,bound,NORMAL,3.44492477048797,desorbed,1.2370373797775664,O2_LIKE,H_TRANSFERRED,slab_O,distal_O,Cu,DESORPTION,0.06637245271916864,0.21249262802591895,0,0,0,undefined,False,False
mpa0_ext__Cu26Ni9Cr31Co33__s27-29,CENSUS-3,mpa0,Cu26Ni9Cr31Co33,evaluated,29,1,Ni,0.9691694574953242,2,2.0137810623252457,4.21295051982057,3.2838728992437054,1.8747254936146647,bound,ON_ADSORBATE,NORMAL,1.7425056519091255,bound,RECONSTRUCTION,3.4975436753894154,desorbed,1.233257469194395,O2_LIKE,H_TRANSFERRED,slab_O,distal_O,Ni,DESORPTION,0.10454774200380379,0.3096344336095349,0,0,1,undefined,False,False
mpa0_ext__Cu26Ni9Cr31Co33__s27-29,CENSUS-3,mpa0,Cu26Ni9Cr31Co33,evaluated,29,2,Cr,0.6390197528069015,1,1.8690197528069015,3.4605327572696503,3.3581616456423844,1.8640800359874758,bound,ON_ADSORBATE,NORMAL,1.592976146162384,bound,RECONSTRUCTION,3.6798519406771897,desorbed,1.237859411239999,O2_LIKE,H_TRANSFERRED,slab_O,distal_O,Cu,DESORPTION,0.06915022636678168,0.21434995576196386,0,0,1,undefined,False,False
mpa0_ext__Cu26Ni9Cr31Co33__s27-29,CENSUS-3,mpa0,Cu26Ni9Cr31Co33,evaluated,29,3,Cr,1.026559498709374,1,2.256559498709374,3.445047464064576,4.70664096565878,1.8912909591417557,bound,ON_ADSORBATE,NORMAL,1.5887875823619975,bound,RECONSTRUCTION,3.7497772330372787,desorbed,1.34345640580071,SUPEROXO_LIKE,ON_ADSORBATE,binding_O,distal_O,Cr,DESORPTION,0.043882186536364734,0.11583645912821924,0,0,1,undefined,False,False
mpa0_ext__Ni34Fe6Cu29Co31__s03-05,CENSUS-3,mpa0,Ni34Fe6Cu29Co31,evaluated,3,0,Co,0.7523351760772661,1,1.982335176077266,2.5847198228583217,3.0644606647250057,1.818311153891965,bound,ON_ADSORBATE,NORMAL,1.9884075141978579,bound,RECONSTRUCTION,3.382750716879032,desorbed,1.2376825828182647,O2_LIKE,H_TRANSFERRED,slab_O,distal_O,Cu,DESORPTION,0.06659176830564995,0.19524995820734956,0,0,1,undefined,False,False
mpa0_ext__Ni34Fe6Cu29Co31__s03-05,CENSUS-3,mpa0,Ni34Fe6Cu29Co31,evaluated,3,1,Cu,1.2456189154773947,4,2.257429923161022,1.3991642840390208,2.4443810845226053,1.8811657374441428,bound,ON_ADSORBATE,NORMAL,3.2905191392265962,desorbed,DESORPTION,3.2683775364668084,desorbed,1.2257797807014552,O2_LIKE,H_TRANSFERRED,slab_O,proximal_O,Cu,DESORPTION,0.0522254971006635,0.22792660847548418,0,0,1,undefined,False,False
mpa0_ext__Ni34Fe6Cu29Co31__s03-05,CENSUS-3,mpa0,Ni34Fe6Cu29Co31,evaluated,3,2,Cu,0.7557099611342855,1,1.9857099611342854,1.3929303278303318,3.0282836865048934,1.8646534587344734,bound,ON_ADSORBATE,NORMAL,3.488147423957259,desorbed,DESORPTION,3.642165361330884,desorbed,1.2358771693921748,O2_LIKE,H_TRANSFERRED,slab_O,distal_O,Cu,DESORPTION,0.06811910238028168,0.1784914972804979,0,0,1,undefined,False,False
mpa0_ext__Ni34Fe6Cu29Co31__s03-05,CENSUS-3,mpa0,Ni34Fe6Cu29Co31,evaluated,3,3,Ni,1.221340172487798,2,1.758419138707064,4.209759311194862,2.7358538289454954,1.8565176999638417,bound,ON_ADSORBATE,NORMAL,1.8346939718210715,bound,NORMAL,3.3558718455964307,desorbed,1.2227264984154445,O2_LIKE,H_TRANSFERRED,slab_O,distal_O,Cu,DESORPTION,0.08192117936165205,0.24019777500337586,0,0,0,undefined,False,False
mpa0_ext__Ni34Fe6Cu29Co31__s03-05,CENSUS-3,mpa0,Ni34Fe6Cu29Co31,evaluated,4,0,Ni,0.8460894012929439,4,1.7343684210019554,2.492383714548371,2.843910598707056,1.8638824359191843,bound,ON_ADSORBATE,NORMAL,2.023126248992879,bound,NORMAL,3.430675895085895,desorbed,1.2327743165733154,O2_LIKE,H_TRANSFERRED,slab_O,proximal_O,Ni,DESORPTION,0.08991707328799696,0.20596386819048623,0,0,0,undefined,False,False
mpa0_ext__Ni34Fe6Cu29Co31__s03-05,CENSUS-3,mpa0,Ni34Fe6Cu29Co31,evaluated,4,1,Ni,1.1199313305714904,4,1.6923608861015063,2.26487298267077,2.5700686694285095,1.9346498223701307,bound,ON_ADSORBATE,NORMAL,2.185742264173589,bound,RECONSTRUCTION,3.5284881022497276,desorbed,1.2301971229396182,O2_LIKE,H_TRANSFERRED,slab_O,distal_O,Ni,DESORPTION,0.05162153470356085,0.11748788851910033,0,0,1,undefined,False,False
mpa0_ext__Ni34Fe6Cu29Co31__s03-05,CENSUS-3,mpa0,Ni34Fe6Cu29Co31,evaluated,4,2,Co,0.8782763449197555,4,2.034884079140023,3.999948584308502,2.8117236550802445,1.7887411874211439,bound,ON_ADSORBATE,NORMAL,1.6337674661864974,bound,NORMAL,3.715967077807871,desorbed,1.227720626577618,O2_LIKE,H_TRANSFERRED,slab_O,distal_O,Co,DESORPTION,0.10789974928225182,0.22769104540508142,0,0,0,undefined,False,False
mpa0_ext__Ni34Fe6Cu29Co31__s03-05,CENSUS-3,mpa0,Ni34Fe6Cu29Co31,evaluated,4,3,Ni,1.3354359092329569,4,1.755719908655602,2.2603476479075404,2.354564090767043,1.9167087317503344,bound,ON_ADSORBATE,NORMAL,2.239198827569832,weak,RECONSTRUCTION,3.374215288465395,desorbed,1.22668206673411,O2_LIKE,H_TRANSFERRED,slab_O,proximal_O,Ni,DESORPTION,0.056559612426673254,0.16802921977075017,0,1,1,undefined,False,False
mpa0_ext__Ni34Fe6Cu29Co31__s03-05,CENSUS-3,mpa0,Ni34Fe6Cu29Co31,evaluated,5,0,Cu,0.7887728972668113,3,2.003675227142788,0.9802695868591267,2.999042484125938,1.8681447465618612,bound,ON_ADSORBATE,NORMAL,3.587653934963804,desorbed,DESORPTION,3.228149661159034,desorbed,1.2275913630424322,O2_LIKE,H_TRANSFERRED,slab_O,proximal_O,Cu,DESORPTION,0.07227672674301847,0.18521044427538444,0,0,1,undefined,False,False
mpa0_ext__Ni34Fe6Cu29Co31__s03-05,CENSUS-3,mpa0,Ni34Fe6Cu29Co31,evaluated,5,1,Cu,1.1955502558882936,4,1.9348082402302915,1.7984142341862575,2.4944497441117064,1.8727145247164882,bound,ON_ADSORBATE,NORMAL,3.296904598866708,desorbed,DESORPTION,3.2483166118001265,desorbed,1.2243292096780944,O2_LIKE,H_TRANSFERRED,slab_O,proximal_O,Cu,DESORPTION,0.044874382766210044,0.18979107075970797,0,0,1,undefined,False,False
mpa0_ext__Ni34Fe6Cu29Co31__s03-05,CENSUS-3,mpa0,Ni34Fe6Cu29Co31,evaluated,5,2,Cu,0.8422022092600363,1,2.0722022092600363,1.0304057884367561,2.9840557774229537,1.8825418062598989,bound,ON_ADSORBATE,NORMAL,3.47561559231346,desorbed,DESORPTION,3.3859437425493675,desorbed,1.2257926773724896,O2_LIKE,H_TRANSFERRED,slab_O,distal_O,Cu,DESORPTION,0.06695950383431361,0.14551405377041804,0,0,1,undefined,False,False
mpa0_ext__Ni34Fe6Cu29Co31__s03-05,CENSUS-3,mpa0,Ni34Fe6Cu29Co31,evaluated,5,3,Ni,0.9181423803872812,4,1.7576594864463808,0.9831504530980377,2.7718576196127187,1.8560646584311027,bound,ON_ADSORBATE,NORMAL,3.649430628522413,desorbed,DESORPTION,3.5130381485072686,desorbed,1.2251398431296336,O2_LIKE,H_TRANSFERRED,slab_O,distal_O,Fe,DESORPTION,0.06431719250156874,0.19160488609097176,0,0,1,undefined,False,False
mpa0_ext__Ni34Fe6Cu29Co31__s06-08,CENSUS-3,mpa0,Ni34Fe6Cu29Co31,evaluated,6,0,Ni,1.1210827794524798,4,1.6811234238067194,0.7615802828352438,2.56891722054752,1.879247865056467,bound,ON_ADSORBATE,NORMAL,3.2751459253132693,desorbed,DESORPTION,3.54543985285475,desorbed,1.2266949976064285,O2_LIKE,H_TRANSFERRED,slab_O,proximal_O,Ni,DESORPTION,0.06581889220422803,0.14951437294388717,0,0,1,undefined,False,False
mpa0_ext__Ni34Fe6Cu29Co31__s06-08,CENSUS-3,mpa0,Ni34Fe6Cu29Co31,evaluated,6,1,Cu,1.3418034646760484,4,2.08702798697234,2.3161620692664293,2.3481965353239516,1.8854033409015523,bound,ON_ADSORBATE,NORMAL,1.9192522944114714,bound,RECONSTRUCTION,3.511560695521037,desorbed,1.2254169089757245,O2_LIKE,H_TRANSFERRED,slab_O,distal_O,Ni,DESORPTION,0.10274626169325908,0.28992712831277145,0,0,1,undefined,False,False
mpa0_ext__Ni34Fe6Cu29Co31__s06-08,CENSUS-3,mpa0,Ni34Fe6Cu29Co31,evaluated,6,2,Ni,1.5235040712962595,4,1.6679806386325375,1.7460516796713572,2.1664959287037404,1.9229338373961986,bound,ON_ADSORBATE,NORMAL,3.583353921438185,desorbed,DESORPTION,3.3765846874953316,desorbed,1.2256111623606931,O2_LIKE,H_TRANSFERRED,slab_O,distal_O,Ni,DESORPTION,0.06734821444772064,0.3078676085601168,0,0,1,undefined,False,False
mpa0_ext__Ni34Fe6Cu29Co31__s06-08,CENSUS-3,mpa0,Ni34Fe6Cu29Co31,evaluated,6,3,Ni,0.9673837693948721,4,1.8012331517807874,1.6425981544282744,2.722616230605128,1.846913959326579,bound,ON_ADSORBATE,NORMAL,3.9369975515284596,desorbed,DESORPTION,3.4629361994981003,desorbed,1.2240890279512224,O2_LIKE,H_TRANSFERRED,slab_O,proximal_O,Ni,DESORPTION,0.07296038417419327,0.2130295681024309,0,0,1,undefined,False,False
mpa0_ext__Ni34Fe6Cu29Co31__s06-08,CENSUS-3,mpa0,Ni34Fe6Cu29Co31,evaluated,7,0,Cu,0.7791785816854153,4,1.974437085065882,1.6321436493207993,2.9108214183145846,1.858316029627024,bound,ON_ADSORBATE,NORMAL,3.415593573131647,desorbed,DESORPTION,3.3611467984119696,desorbed,1.2308880656468928,O2_LIKE,H_TRANSFERRED,slab_O,proximal_O,Cu,DESORPTION,0.049662481431897075,0.18506859803217574,1,0,1,undefined,False,False
mpa0_ext__Ni34Fe6Cu29Co31__s06-08,CENSUS-3,mpa0,Ni34Fe6Cu29Co31,evaluated,7,1,Ni,0.8650262579568002,4,1.6697615237529484,1.3622940715923486,2.8249737420431997,1.8792153046073872,bound,ON_ADSORBATE,NORMAL,2.9385394513975074,weak,RECONSTRUCTION,3.3696522373258135,desorbed,1.227242941315569,O2_LIKE,H_TRANSFERRED,slab_O,distal_O,Ni,DESORPTION,0.059684433439849846,0.16578783635248096,0,1,1,undefined,False,False
mpa0_ext__Ni34Fe6Cu29Co31__s06-08,CENSUS-3,mpa0,Ni34Fe6Cu29Co31,evaluated,7,2,Co,2.032807633195875,3,1.8592840865201432,1.5127027986010584,4.775510431796933,1.8176222558690978,bound,ON_ADSORBATE,NORMAL,3.2659883808820873,desorbed,DESORPTION,1.9912514553607183,bound,1.3565549836653361,SUPEROXO_LIKE,ON_ADSORBATE,terminal_O,proximal_O,Co,NORMAL,0.052109329857463985,0.1848144509211894,1,0,1,cus,False,False
mpa0_ext__Ni34Fe6Cu29Co31__s06-08,CENSUS-3,mpa0,Ni34Fe6Cu29Co31,evaluated,7,3,Co,0.8980314569750742,2,1.8677418379827153,3.9957732949577895,2.9688831174681822,1.8081536251113128,bound,ON_ADSORBATE,NORMAL,1.6277570710450113,bound,NORMAL,3.411238390739354,desorbed,1.2317787485900407,O2_LIKE,H_TRANSFERRED,slab_O,distal_O,Ni,DESORPTION,0.08015091052321406,0.17903852996187886,0,0,0,undefined,False,False
mpa0_ext__Ni34Fe6Cu29Co31__s06-08,CENSUS-3,mpa0,Ni34Fe6Cu29Co31,evaluated,8,0,Cu,0.7730975451362392,4,1.9416474530244963,2.48989600888169,2.9169024548637608,1.8607980052480793,bound,ON_ADSORBATE,NORMAL,1.8808807834331536,bound,RECONSTRUCTION,3.4355623069579444,desorbed,1.2315659075196221,O2_LIKE,H_TRANSFERRED,slab_O,proximal_O,Cu,DESORPTION,0.07098110863437913,0.20017803527940212,0,0,1,undefined,False,False
mpa0_ext__Ni34Fe6Cu29Co31__s06-08,CENSUS-3,mpa0,Ni34Fe6Cu29Co31,evaluated,8,1,Ni,1.1371864013040645,4,1.7495694876776846,1.7531552775342087,2.5528135986959355,1.886379535409135,bound,ON_ADSORBATE,NORMAL,3.285302592129236,desorbed,DESORPTION,2.43589192751151,weak,1.237309941036337,O2_LIKE,H_TRANSFERRED,slab_O,proximal_O,Ni,DISSOCIATION,0.08434874252457802,0.1906657519688015,0,1,1,bridge,False,False
mpa0_ext__Ni34Fe6Cu29Co31__s06-08,CENSUS-3,mpa0,Ni34Fe6Cu29Co31,evaluated,8,2,Co,0.8923837526484402,2,1.936320436102529,4.058704188750969,3.120181878123732,1.8084469120631803,bound,ON_ADSORBATE,NORMAL,1.6773897424584312,bound,NORMAL,3.864231547262313,desorbed,1.232641820969831,O2_LIKE,H_TRANSFERRED,slab_O,distal_O,Co,DESORPTION,0.10384720836195996,0.2541358379988688,0,0,0,undefined,False,False
mpa0_ext__Ni34Fe6Cu29Co31__s06-08,CENSUS-3,mpa0,Ni34Fe6Cu29Co31,evaluated,8,3,Ni,1.4266350519141051,4,1.7537589695532128,1.7076817920759917,2.263364948085895,1.918607123095495,bound,ON_ADSORBATE,NORMAL,3.5158826619152985,desorbed,DESORPTION,3.422757640732639,desorbed,1.224502996524618,O2_LIKE,H_TRANSFERRED,slab_O,distal_O,Ni,DESORPTION,0.06252843568985723,0.25683489512938307,0,0,1,undefined,False,False
mpa0_ext__Ni34Fe6Cu29Co31__s09-11,CENSUS-3,mpa0,Ni34Fe6Cu29Co31,evaluated,9,0,Co,0.811793182894804,4,1.9540079774825707,3.938417486596766,2.878206817105196,1.7905258242622446,bound,ON_ADSORBATE,NORMAL,1.6315275878679507,bound,NORMAL,3.671452643067048,desorbed,1.2252330483647182,O2_LIKE,H_TRANSFERRED,slab_O,proximal_O,Co,DESORPTION,0.09273229969829211,0.22236206279675833,0,0,0,undefined,False,False
mpa0_ext__Ni34Fe6Cu29Co31__s09-11,CENSUS-3,mpa0,Ni34Fe6Cu29Co31,evaluated,9,1,Cu,0.936632970504589,1,2.166632970504589,1.1642540200772127,2.934252073918914,1.8884142514557498,bound,ON_ADSORBATE,NORMAL,3.3231499494836023,desorbed,DESORPTION,3.1956917535109217,desorbed,1.2272316896496942,O2_LIKE,H_TRANSFERRED,slab_O,proximal_O,Cu,DESORPTION,0.07374881656552675,0.1900495752936432,0,0,1,undefined,False,False
mpa0_ext__Ni34Fe6Cu29Co31__s09-11,CENSUS-3,mpa0,Ni34Fe6Cu29Co31,evaluated,9,2,Ni,2.147914980095481,3,1.757787297683104,1.2282640439056858,4.606179024001166,1.827432417945299,bound,ON_ADSORBATE,NORMAL,3.3892029727076074,desorbed,DESORPTION,2.040650677584267,bound,1.3496887669259026,SUPEROXO_LIKE,ON_ADSORBATE,terminal_O,proximal_O,Ni,NORMAL,0.04741265198496303,0.18081541489973324,0,0,1,cus,False,False
mpa0_ext__Ni34Fe6Cu29Co31__s09-11,CENSUS-3,mpa0,Ni34Fe6Cu29Co31,evaluated,9,3,Co,0.8821392918477766,2,1.978430388083917,4.0905696799316935,4.713663140597136,1.8120207383132045,bound,ON_ADSORBATE,NORMAL,1.68221082639731,bound,NORMAL,2.018731025424086,bound,1.3531312796893509,SUPEROXO_LIKE,ON_ADSORBATE,terminal_O,proximal_O,Co,NORMAL,0.05071115776142326,0.18970579076485036,0,0,0,cus,True,True
mpa0_ext__Ni34Fe6Cu29Co31__s09-11,CENSUS-3,mpa0,Ni34Fe6Cu29Co31,evaluated,10,0,Cu,0.8482233467505429,1,2.078223346750543,1.6116512143086974,3.073838034468055,1.881888155258194,bound,ON_ADSORBATE,NORMAL,3.06311205663497,desorbed,DESORPTION,3.197359462789884,desorbed,1.2330942449101308,O2_LIKE,H_TRANSFERRED,slab_O,proximal_O,Cu,DESORPTION,0.06227976439357832,0.18192747940509973,0,0,1,undefined,False,False
mpa0_ext__Ni34Fe6Cu29Co31__s09-11,CENSUS-3,mpa0,Ni34Fe6Cu29Co31,evaluated,10,1,Ni,0.7333348451226707,4,1.7064368050322636,1.5806249874358154,2.9566651548773293,1.8734227886505765,bound,ON_ADSORBATE,NORMAL,3.405511716646924,desorbed,DESORPTION,3.667819434534538,desorbed,1.2247830727826028,O2_LIKE,H_TRANSFERRED,slab_O,proximal_O,Ni,DESORPTION,0.07100191606813848,0.18793912550265787,0,0,1,undefined,False,False
mpa0_ext__Ni34Fe6Cu29Co31__s09-11,CENSUS-3,mpa0,Ni34Fe6Cu29Co31,evaluated,10,2,Cu,0.8765359074940156,1,2.1065359074940155,1.5932286557889237,3.0440432948015554,1.8839513481037045,bound,ON_ADSORBATE,NORMAL,3.2946885446284075,desorbed,DESORPTION,3.1217504110187817,desorbed,1.2324919180304732,O2_LIKE,H_TRANSFERRED,slab_O,proximal_O,Cu,DESORPTION,0.047385668663831156,0.2088270991499907,0,0,1,undefined,False,False
mpa0_ext__Ni34Fe6Cu29Co31__s09-11,CENSUS-3,mpa0,Ni34Fe6Cu29Co31,evaluated,10,3,Co,0.8098161500384133,2,1.9337188732466424,3.9735350232850557,2.9000549852120243,1.7991656348042369,bound,ON_ADSORBATE,NORMAL,1.6297559075188395,bound,NORMAL,3.6506680337911983,desorbed,1.2290374236085102,O2_LIKE,H_TRANSFERRED,slab_O,distal_O,Co,DESORPTION,0.08754925531742228,0.1873037839727729,0,0,0,undefined,False,False
mpa0_ext__Ni34Fe6Cu29Co31__s09-11,CENSUS-3,mpa0,Ni34Fe6Cu29Co31,evaluated,11,0,Cu,1.0258814107268375,2,2.2394627355694987,4.495344146296336,3.1795129060070635,1.8819647193981879,bound,ON_ADSORBATE,NORMAL,1.8348173823161833,bound,NORMAL,3.3349506248845446,desorbed,1.2371335102197336,O2_LIKE,H_TRANSFERRED,slab_O,distal_O,Cu,DESORPTION,0.07562322384598684,0.18858822702985772,0,0,0,undefined,False,False
mpa0_ext__Ni34Fe6Cu29Co31__s09-11,CENSUS-3,mpa0,Ni34Fe6Cu29Co31,evaluated,11,1,Cu,1.0054159834257197,1,2.2354159834257197,1.9200300162297916,3.247778786159246,1.8743077237313372,bound,ON_ADSORBATE,NORMAL,3.2006652908909166,desorbed,DESORPTION,4.0464211271392365,desorbed,1.2315906913593446,O2_LIKE,H_TRANSFERRED,slab_O,distal_O,Co,DESORPTION,0.0627517096591766,0.17142626259365382,0,0,1,undefined,False,False
mpa0_ext__Ni34Fe6Cu29Co31__s09-11,CENSUS-3,mpa0,Ni34Fe6Cu29Co31,evaluated,11,2,Co,0.996406899168532,2,1.8997439534438976,4.1261508526124295,4.839462855605236,1.7799520915203573,bound,ON_ADSORBATE,NORMAL,1.6570166448541783,bound,NORMAL,1.9680000801851483,bound,1.3555732797065194,SUPEROXO_LIKE,ON_ADSORBATE,terminal_O,proximal_O,Co,NORMAL,0.05432746750344352,0.17672182666878153,0,0,0,cus,True,True
mpa0_ext__Ni34Fe6Cu29Co31__s09-11,CENSUS-3,mpa0,Ni34Fe6Cu29Co31,evaluated,11,3,Co,1.02813641878876,2,1.9062790267231784,4.164415445511938,3.2592266533355327,1.7923138688244797,bound,ON_ADSORBATE,NORMAL,1.6806893279989217,bound,NORMAL,3.4887112636150457,desorbed,1.233459576444973,O2_LIKE,H_TRANSFERRED,slab_O,distal_O,Cu,DESORPTION,0.06230061292927663,0.17199464235061038,0,0,0,undefined,False,False
mpa0_ext__Ni34Fe6Cu29Co31__s12-14,CENSUS-3,mpa0,Ni34Fe6Cu29Co31,evaluated,12,0,Ni,0.9434493622259774,4,1.7616027698564616,2.1327438795249556,2.7465506377740225,1.854437372513154,bound,ON_ADSORBATE,NORMAL,3.489239917806731,desorbed,DESORPTION,3.2958572070093437,desorbed,1.2243831142630712,O2_LIKE,H_TRANSFERRED,slab_O,distal_O,Cu,DESORPTION,0.0712863611556314,0.24462823460748936,0,0,1,undefined,False,False
mpa0_ext__Ni34Fe6Cu29Co31__s12-14,CENSUS-3,mpa0,Ni34Fe6Cu29Co31,evaluated,12,1,Co,0.9393920596009178,2,1.861407436168998,4.030799495769916,4.79575477260528,1.7879861864470923,bound,ON_ADSORBATE,NORMAL,1.6348569167026097,bound,NORMAL,1.9683342967012885,bound,1.3531846968553505,SUPEROXO_LIKE,ON_ADSORBATE,terminal_O,proximal_O,Co,NORMAL,0.05185622113691463,0.15537603724686203,0,0,0,cus,True,True
mpa0_ext__Ni34Fe6Cu29Co31__s12-14,CENSUS-3,mpa0,Ni34Fe6Cu29Co31,evaluated,12,2,Cu,0.8130649107935151,4,1.8919308276525393,1.4270155923607926,2.876935089206485,1.8623309306464557,bound,ON_ADSORBATE,NORMAL,3.3737251991209867,desorbed,DESORPTION,3.083347797512526,desorbed,1.2318434340566566,O2_LIKE,H_TRANSFERRED,slab_O,proximal_O,Cu,DESORPTION,0.05374705846711961,0.20796228449765802,0,0,1,undefined,False,False
mpa0_ext__Ni34Fe6Cu29Co31__s12-14,CENSUS-3,mpa0,Ni34Fe6Cu29Co31,evaluated,12,3,Cu,0.7220572355972044,1,1.9520572355972043,2.704739141251853,3.0445526128350493,1.8650462562401533,bound,ON_ADSORBATE,NORMAL,1.9235985780579585,bound,RECONSTRUCTION,3.3621509582720024,desorbed,1.2255888028625228,O2_LIKE,H_TRANSFERRED,slab_O,proximal_O,Cu,DESORPTION,0.06068194311365937,0.15401962378864356,0,0,1,undefined,False,False
mpa0_ext__Ni34Fe6Cu29Co31__s12-14,CENSUS-3,mpa0,Ni34Fe6Cu29Co31,evaluated,13,0,Co,1.0772499689751962,4,1.8861460290022145,4.0195002836763685,2.6127500310248037,1.8179925321734565,bound,ON_ADSORBATE,NORMAL,1.6295900067946512,bound,NORMAL,3.681768269501181,desorbed,1.227385178035375,O2_LIKE,H_TRANSFERRED,slab_O,distal_O,Ni,DESORPTION,0.04262593104964247,0.19581992798679687,0,0,0,undefined,False,False
mpa0_ext__Ni34Fe6Cu29Co31__s12-14,CENSUS-3,mpa0,Ni34Fe6Cu29Co31,evaluated,13,1,Fe,0.6790912935495492,3,1.8108139567089219,2.7836566939062983,4.6927479874558475,1.8641128832146054,bound,ON_ADSORBATE,NORMAL,2.0521209133548948,bound,NORMAL,2.9370106854707263,weak,1.3345154637270782,SUPEROXO_LIKE,ON_ADSORBATE,binding_O,distal_O,Fe,NORMAL,0.02439109520608028,0.04598598452093542,0,1,0,cus,True,True
mpa0_ext__Ni34Fe6Cu29Co31__s12-14,CENSUS-3,mpa0,Ni34Fe6Cu29Co31,evaluated,13,2,Ni,0.6071660769726472,4,1.8038455349301565,2.7362238426040655,3.0828339230273527,1.8499528522513569,bound,ON_ADSORBATE,NORMAL,2.083828005732641,bound,RECONSTRUCTION,3.5698120065460173,desorbed,1.2344925816909582,O2_LIKE,H_TRANSFERRED,slab_O,distal_O,Ni,DESORPTION,0.06202782817864018,0.1676752372861493,0,0,1,undefined,False,False
mpa0_ext__Ni34Fe6Cu29Co31__s12-14,CENSUS-3,mpa0,Ni34Fe6Cu29Co31,evaluated,13,3,Co,0.9048504014100711,2,1.8632778309859312,3.9981282323960023,4.812869306088034,1.7782687484542776,bound,ON_ADSORBATE,NORMAL,1.632476840841814,bound,NORMAL,1.9181566613157057,bound,1.358781683751386,SUPEROXO_LIKE,ON_ADSORBATE,terminal_O,proximal_O,Co,NORMAL,0.05132335122518778,0.14777078611441055,0,0,0,cus,True,True
mpa0_ext__Ni34Fe6Cu29Co31__s12-14,CENSUS-3,mpa0,Ni34Fe6Cu29Co31,evaluated,14,0,Ni,1.6759870060724773,3,1.7565490022634784,1.7791351802917215,4.6851221863641985,1.8540101521464645,bound,ON_ADSORBATE,NORMAL,3.5329666894455407,desorbed,DESORPTION,2.0859062850669807,bound,1.3340231719669695,SUPEROXO_LIKE,ON_ADSORBATE,terminal_O,proximal_O,Ni,NORMAL,0.057615014706837366,0.1495560310340584,0,0,1,cus,False,False
mpa0_ext__Ni34Fe6Cu29Co31__s12-14,CENSUS-3,mpa0,Ni34Fe6Cu29Co31,evaluated,14,1,Ni,0.83860400542659,4,1.7658390506491863,2.011726014844985,2.85139599457341,1.8709257047953636,bound,ON_ADSORBATE,NORMAL,3.613639062607966,desorbed,DESORPTION,3.6993697328118587,desorbed,1.2324826812136762,O2_LIKE,H_TRANSFERRED,slab_O,proximal_O,Cu,DESORPTION,0.07152718278529782,0.16758406064908102,0,0,1,undefined,False,False
mpa0_ext__Ni34Fe6Cu29Co31__s12-14,CENSUS-3,mpa0,Ni34Fe6Cu29Co31,evaluated,14,2,Cu,1.0530218202747514,4,2.0095066077778605,2.457233315657877,2.6369781797252485,1.8838452134073256,bound,ON_ADSORBATE,NORMAL,1.8772500317044853,bound,NORMAL,3.287979241384653,desorbed,1.2240667311466005,O2_LIKE,H_TRANSFERRED,slab_O,distal_O,Cu,DESORPTION,0.060019479083449644,0.17099259301532788,0,0,0,undefined,False,False
mpa0_ext__Ni34Fe6Cu29Co31__s12-14,CENSUS-3,mpa0,Ni34Fe6Cu29Co31,evaluated,14,3,Cu,1.230504481553738,4,1.9364139859403857,2.4769988566766052,2.459495518446262,1.8701478936002516,bound,ON_ADSORBATE,NORMAL,1.9963453003595033,bound,RECONSTRUCTION,2.9245797810057326,weak,1.2334176149630038,O2_LIKE,H_TRANSFERRED,slab_O,proximal_O,Cu,DISSOCIATION,0.06118390440337684,0.20988337371690857,0,1,1,bridge,False,False
mpa0_ext__Ni34Fe6Cu29Co31__s15-17,CENSUS-3,mpa0,Ni34Fe6Cu29Co31,evaluated,15,0,Co,0.766504023263038,1,1.996504023263038,3.979775979942847,2.9950126347404207,1.7913414124483553,bound,ON_ADSORBATE,NORMAL,1.6281516599576418,bound,NORMAL,2.8425830246454535,weak,1.2312245861161408,O2_LIKE,H_TRANSFERRED,slab_O,distal_O,Co,DISSOCIATION,0.06450533331955735,0.17269467839520591,0,1,0,bridge,False,False
mpa0_ext__Ni34Fe6Cu29Co31__s15-17,CENSUS-3,mpa0,Ni34Fe6Cu29Co31,evaluated,15,1,Ni,0.8961920199518554,4,1.9392995252282739,2.0260432831812274,2.7938079800481446,1.8669273444826284,bound,ON_ADSORBATE,NORMAL,3.2853508397654183,desorbed,DESORPTION,3.552748596248606,desorbed,1.2305134499241182,O2_LIKE,H_TRANSFERRED,slab_O,distal_O,Ni,DESORPTION,0.09025994071093632,0.2305314605609363,0,0,1,undefined,False,False
mpa0_ext__Ni34Fe6Cu29Co31__s15-17,CENSUS-3,mpa0,Ni34Fe6Cu29Co31,evaluated,15,2,Ni,1.1069358713026798,2,1.9310396859200645,4.267975557222744,4.607059483345042,1.8406190968143243,bound,ON_ADSORBATE,NORMAL,1.8208847586072638,bound,NORMAL,2.0465472704644823,bound,1.340115808366726,SUPEROXO_LIKE,ON_ADSORBATE,terminal_O,proximal_O,Ni,NORMAL,0.0347872018687665,0.11224481175399367,0,0,0,cus,True,True
mpa0_ext__Ni34Fe6Cu29Co31__s15-17,CENSUS-3,mpa0,Ni34Fe6Cu29Co31,evaluated,15,3,Cu,1.2199657543795306,4,2.1121487511272456,2.4837219163972897,2.4700342456204694,1.9197961658830478,bound,ON_ADSORBATE,NORMAL,1.908645975033721,bound,RECONSTRUCTION,3.2126421104822778,desorbed,1.2263507811992966,O2_LIKE,H_TRANSFERRED,slab_O,proximal_O,Cu,DESORPTION,0.07946154305517972,0.20846426457120865,0,0,1,undefined,False,False
mpa0_ext__Ni34Fe6Cu29Co31__s15-17,CENSUS-3,mpa0,Ni34Fe6Cu29Co31,evaluated,16,0,Co,1.3220787321931775,4,1.7779146250066113,3.8713918768039868,2.3679212678068224,1.7715555767736098,bound,ON_ADSORBATE,NORMAL,1.627577506046365,bound,NORMAL,3.887943242908045,desorbed,1.2280733071352952,O2_LIKE,H_TRANSFERRED,slab_O,distal_O,Co,DESORPTION,0.05344044491881554,0.2864779070061648,0,0,0,undefined,False,False
mpa0_ext__Ni34Fe6Cu29Co31__s15-17,CENSUS-3,mpa0,Ni34Fe6Cu29Co31,evaluated,16,1,Cu,0.9848238357185286,1,2.2148238357185286,1.5820343725739898,3.2590146217395968,1.8953904692277814,bound,ON_ADSORBATE,NORMAL,3.8350369707137046,desorbed,DESORPTION,3.618014987200255,desorbed,1.2337424049455985,O2_LIKE,H_TRANSFERRED,slab_O,distal_O,Co,DESORPTION,0.06211633750696277,0.15566122787772374,0,0,1,undefined,False,False
mpa0_ext__Ni34Fe6Cu29Co31__s15-17,CENSUS-3,mpa0,Ni34Fe6Cu29Co31,evaluated,16,2,Ni,0.9045200486590383,4,1.6507631039248403,1.0619949866308256,2.7854799513409616,1.8928005580750107,bound,ON_ADSORBATE,NORMAL,3.509213143156308,desorbed,DESORPTION,3.7704185762448614,desorbed,1.2247640951170002,O2_LIKE,H_TRANSFERRED,slab_O,proximal_O,Co,DESORPTION,0.056723535118008504,0.17094354567245307,0,0,1,undefined,False,False
mpa0_ext__Ni34Fe6Cu29Co31__s15-17,CENSUS-3,mpa0,Ni34Fe6Cu29Co31,evaluated,16,3,Fe,0.9282988826285412,3,1.8781440383664525,2.6525113518935406,4.810810234522082,1.8864824666867621,bound,ON_ADSORBATE,NORMAL,2.177271072326301,bound,NORMAL,2.163217736332969,bound,1.345395958917934,SUPEROXO_LIKE,ON_ADSORBATE,terminal_O,proximal_O,Fe,NORMAL,0.051301622241388206,0.1468837456624584,0,0,0,cus,True,True
mpa0_ext__Ni34Fe6Cu29Co31__s15-17,CENSUS-3,mpa0,Ni34Fe6Cu29Co31,evaluated,17,0,Cu,0.7663491770157824,1,1.9963491770157824,2.5395119419772847,2.9328152393055134,1.8639803921069344,bound,ON_ADSORBATE,NORMAL,1.9289499789995224,bound,NORMAL,3.2654958140180423,desorbed,1.2328694140411887,O2_LIKE,H_TRANSFERRED,slab_O,distal_O,Cu,DESORPTION,0.0777228970106071,0.16561160337466635,0,0,0,undefined,False,False
mpa0_ext__Ni34Fe6Cu29Co31__s15-17,CENSUS-3,mpa0,Ni34Fe6Cu29Co31,evaluated,17,1,Cu,0.7412957854909186,1,1.9712957854909186,1.7461522214698884,3.107032294248769,1.8628747808264177,bound,ON_ADSORBATE,NORMAL,3.37426736365232,desorbed,DESORPTION,3.4202545907445017,desorbed,1.2323225432350131,O2_LIKE,H_TRANSFERRED,slab_O,distal_O,Cu,DESORPTION,0.08608760159763888,0.19403777846848733,0,0,1,undefined,False,False
mpa0_ext__Ni34Fe6Cu29Co31__s15-17,CENSUS-3,mpa0,Ni34Fe6Cu29Co31,evaluated,17,2,Ni,0.7786820115613873,4,1.8162375356345373,1.784895091724284,2.9113179884386127,1.845449990236779,bound,ON_ADSORBATE,NORMAL,3.4400367725085523,desorbed,DESORPTION,3.3462993257309486,desorbed,1.235056911901944,O2_LIKE,H_TRANSFERRED,slab_O,proximal_O,Cu,DESORPTION,0.08234142851265894,0.15749930776482607,0,0,1,undefined,False,False
mpa0_ext__Ni34Fe6Cu29Co31__s15-17,CENSUS-3,mpa0,Ni34Fe6Cu29Co31,evaluated,17,3,Cu,0.9590800025495545,1,2.1890800025495545,1.7508338308042293,3.030406044179871,1.8703521089275632,bound,ON_ADSORBATE,NORMAL,3.5546227664047283,desorbed,DESORPTION,3.7011903794285184,desorbed,1.2343675541981918,O2_LIKE,H_TRANSFERRED,slab_O,distal_O,Cu,DESORPTION,0.057400611339755714,0.14316801669661958,0,0,1,undefined,False,False
mpa0_ext__Ni34Fe6Cu29Co31__s18-20,CENSUS-3,mpa0,Ni34Fe6Cu29Co31,evaluated,18,0,Ni,0.7023703785556004,4,1.7173607236001893,2.5609672457145827,2.9876296214443996,1.8431822480769569,bound,ON_ADSORBATE,NORMAL,2.7982983896416496,weak,MIGRATION,2.4851976225853964,weak,1.2366815092484738,O2_LIKE,H_TRANSFERRED,slab_O,proximal_O,Ni,DISSOCIATION,0.07593920348673343,0.2024626414591271,0,2,1,bridge,False,False
mpa0_ext__Ni34Fe6Cu29Co31__s18-20,CENSUS-3,mpa0,Ni34Fe6Cu29Co31,evaluated,18,1,Cu,0.7694390464375838,4,1.9756227312911627,2.4967957935435017,2.920560953562416,1.8607796991494945,bound,ON_ADSORBATE,NORMAL,1.88975965685201,bound,NORMAL,3.0985137232528452,desorbed,1.2311824344783737,O2_LIKE,H_TRANSFERRED,slab_O,proximal_O,Cu,DESORPTION,0.05776826475500474,0.22526412358366552,0,0,0,undefined,False,False
mpa0_ext__Ni34Fe6Cu29Co31__s18-20,CENSUS-3,mpa0,Ni34Fe6Cu29Co31,evaluated,18,2,Co,1.0312147232017432,4,1.8946916636948807,3.9893681962283587,2.6587852767982567,1.8030429259632843,bound,ON_ADSORBATE,NORMAL,1.647999938053984,bound,NORMAL,3.8039585056675453,desorbed,1.228934327270184,O2_LIKE,H_TRANSFERRED,slab_O,proximal_O,Co,DESORPTION,0.06517756002204146,0.22490995242115397,0,0,0,undefined,False,False
mpa0_ext__Ni34Fe6Cu29Co31__s18-20,CENSUS-3,mpa0,Ni34Fe6Cu29Co31,evaluated,18,3,Ni,0.9046838585253463,4,1.80128128754833,1.918252315399091,2.7853161414746537,1.844591948362982,bound,ON_ADSORBATE,NORMAL,3.75178503958488,desorbed,DESORPTION,3.18288777227055,desorbed,1.2253766958284042,O2_LIKE,H_TRANSFERRED,slab_O,distal_O,Cu,DESORPTION,0.07605002289888518,0.20786497589962727,0,0,1,undefined,False,False
mpa0_ext__Ni34Fe6Cu29Co31__s18-20,CENSUS-3,mpa0,Ni34Fe6Cu29Co31,evaluated,19,0,Ni,0.9400382236528921,4,1.9324263282252567,1.1299355810910223,2.749961776347108,1.858524441259961,bound,ON_ADSORBATE,NORMAL,3.5203991327713204,desorbed,DESORPTION,3.427818948359159,desorbed,1.2258419465666643,O2_LIKE,H_TRANSFERRED,slab_O,distal_O,Ni,DESORPTION,0.07577301729728911,0.19870049145522278,0,0,1,undefined,False,False
mpa0_ext__Ni34Fe6Cu29Co31__s18-20,CENSUS-3,mpa0,Ni34Fe6Cu29Co31,evaluated,19,1,Cu,0.8770966497809818,4,1.9912246159269906,1.4055326694481531,2.812903350219018,1.8777110991894042,bound,ON_ADSORBATE,NORMAL,3.231034551172892,desorbed,DESORPTION,3.1054008819675483,desorbed,1.23135138439736,O2_LIKE,H_TRANSFERRED,slab_O,proximal_O,Cu,DESORPTION,0.06506056858605644,0.21778911315223287,0,0,1,undefined,False,False
mpa0_ext__Ni34Fe6Cu29Co31__s18-20,CENSUS-3,mpa0,Ni34Fe6Cu29Co31,evaluated,19,2,Cu,1.1753151404029163,4,2.046624342436838,1.7841615762359633,2.5146848595970837,1.8838972211747296,bound,ON_ADSORBATE,NORMAL,4.385065304300823,desorbed,DESORPTION,3.308099493130905,desorbed,1.224391944297114,O2_LIKE,H_TRANSFERRED,slab_O,proximal_O,Cu,DESORPTION,0.05707450847271764,0.21262663733539763,0,0,1,undefined,False,False
mpa0_ext__Ni34Fe6Cu29Co31__s18-20,CENSUS-3,mpa0,Ni34Fe6Cu29Co31,evaluated,19,3,Ni,0.9268397340987358,4,1.7879936667249248,1.912118743299548,2.763160265901264,1.8562256973677993,bound,ON_ADSORBATE,NORMAL,3.5437863066659716,desorbed,DESORPTION,3.38094973851976,desorbed,1.2330594474980587,O2_LIKE,H_TRANSFERRED,slab_O,distal_O,Cu,DESORPTION,0.05748708620318206,0.13455817134138887,0,0,1,undefined,False,False
mpa0_ext__Ni34Fe6Cu29Co31__s18-20,CENSUS-3,mpa0,Ni34Fe6Cu29Co31,evaluated,20,0,Fe,1.0753551704102318,2,1.9484626078051641,4.253817778215396,2.7900188908926693,1.908392588349111,bound,ON_ADSORBATE,NORMAL,1.8812398241855772,bound,NORMAL,3.667420441249056,desorbed,1.2332649657274934,O2_LIKE,H_TRANSFERRED,slab_O,proximal_O,Fe,DESORPTION,0.06950672402200939,0.20896881840996515,0,0,0,undefined,False,False
mpa0_ext__Ni34Fe6Cu29Co31__s18-20,CENSUS-3,mpa0,Ni34Fe6Cu29Co31,evaluated,20,1,Ni,0.7114437876963402,4,1.7315961143939043,2.8005841527871986,2.9785562123036597,1.8514608430567716,bound,ON_ADSORBATE,NORMAL,1.9603412449785542,bound,NORMAL,3.6688785077744326,desorbed,1.2335763677653178,O2_LIKE,H_TRANSFERRED,slab_O,distal_O,Ni,DESORPTION,0.08094647276464915,0.1688346275009387,0,0,0,undefined,False,False
mpa0_ext__Ni34Fe6Cu29Co31__s18-20,CENSUS-3,mpa0,Ni34Fe6Cu29Co31,evaluated,20,2,Ni,1.1961369068325478,2,1.8756251958559695,4.301762102688517,4.66790031239748,1.9346298905000494,bound,ON_ADSORBATE,NORMAL,1.8259485459442584,bound,NORMAL,2.059778850949547,bound,1.341067062573468,SUPEROXO_LIKE,ON_ADSORBATE,terminal_O,proximal_O,Ni,NORMAL,0.04110370346999193,0.17395633290689014,0,0,0,cus,True,True
mpa0_ext__Ni34Fe6Cu29Co31__s18-20,CENSUS-3,mpa0,Ni34Fe6Cu29Co31,evaluated,20,3,Co,0.6464063047003501,4,1.7950547146815787,2.543296356503024,3.04359369529965,1.7766649006651636,bound,ON_ADSORBATE,NORMAL,1.8763556852972152,bound,NORMAL,3.871727891815102,desorbed,1.2297039176874496,O2_LIKE,H_TRANSFERRED,slab_O,distal_O,Co,DESORPTION,0.04914191598424931,0.14195340850846178,0,0,0,undefined,False,False
mpa0_ext__Ni34Fe6Cu29Co31__s21-23,CENSUS-3,mpa0,Ni34Fe6Cu29Co31,evaluated,21,0,Ni,1.3286476510742085,3,1.6485724638631276,1.9262484586609256,4.484896109735134,1.8781644192307931,bound,ON_ADSORBATE,NORMAL,3.0902812843191394,desorbed,DESORPTION,1.9828410702110004,bound,1.3499030206273728,SUPEROXO_LIKE,ON_ADSORBATE,terminal_O,proximal_O,Ni,NORMAL,0.04314938387372396,0.1427226745256486,0,0,1,cus,False,False
mpa0_ext__Ni34Fe6Cu29Co31__s21-23,CENSUS-3,mpa0,Ni34Fe6Cu29Co31,evaluated,21,1,Co,1.0042944901172444,2,1.6199603311761401,3.8542548212933845,3.0760958809360672,1.7514610737391865,bound,ON_ADSORBATE,NORMAL,1.6234187381969036,bound,NORMAL,3.8754417406425614,desorbed,1.231481594657512,O2_LIKE,H_TRANSFERRED,slab_O,distal_O,Co,DESORPTION,0.09105410374686058,0.24217659012426151,0,0,0,undefined,False,False
mpa0_ext__Ni34Fe6Cu29Co31__s21-23,CENSUS-3,mpa0,Ni34Fe6Cu29Co31,evaluated,21,2,Co,0.860525712026428,2,1.8470498758652192,3.937575587891647,2.839372740235832,1.7774417548724857,bound,ON_ADSORBATE,NORMAL,1.6476390486387003,bound,NORMAL,3.5834521929425374,desorbed,1.2327877137087775,O2_LIKE,H_TRANSFERRED,slab_O,proximal_O,Co,DESORPTION,0.1056357718850533,0.25158759313326745,0,0,0,undefined,False,False
mpa0_ext__Ni34Fe6Cu29Co31__s21-23,CENSUS-3,mpa0,Ni34Fe6Cu29Co31,evaluated,21,3,Co,0.6642244627704494,4,1.6131382534905705,1.3911006375257993,3.0257755372295505,1.7638414813242047,bound,ON_ADSORBATE,NORMAL,3.7088160756937323,desorbed,DESORPTION,3.923855785229736,desorbed,1.2304605845810135,O2_LIKE,H_TRANSFERRED,slab_O,distal_O,Co,DESORPTION,0.05845402275340638,0.1658763603104115,0,0,1,undefined,False,False
mpa0_ext__Ni34Fe6Cu29Co31__s21-23,CENSUS-3,mpa0,Ni34Fe6Cu29Co31,evaluated,22,0,Ni,0.7072184007671347,3,1.8133826902871655,2.701680361572901,4.638898762340036,1.9104187442780978,bound,ON_ADSORBATE,NORMAL,2.0648160945012393,bound,NORMAL,2.0638110297190253,bound,1.3375783361704474,SUPEROXO_LIKE,ON_ADSORBATE,terminal_O,proximal_O,Ni,NORMAL,0.035950651385558745,0.10233775846482163,0,0,0,cus,True,True
mpa0_ext__Ni34Fe6Cu29Co31__s21-23,CENSUS-3,mpa0,Ni34Fe6Cu29Co31,evaluated,22,1,Cu,0.7729580380503065,3,1.976859447525238,1.0916700248405713,3.094628062890878,1.8588274356035928,bound,ON_ADSORBATE,NORMAL,3.27393650148393,desorbed,DESORPTION,3.284618932783526,desorbed,1.2317601878525994,O2_LIKE,H_TRANSFERRED,slab_O,proximal_O,Cu,DESORPTION,0.05254005357270353,0.15821109728562546,0,0,1,undefined,False,False
mpa0_ext__Ni34Fe6Cu29Co31__s21-23,CENSUS-3,mpa0,Ni34Fe6Cu29Co31,evaluated,22,2,Fe,0.8097089676049345,4,1.778918588351838,0.9398084590838247,2.8802910323950655,1.890043653901165,bound,ON_ADSORBATE,NORMAL,3.714263482170495,desorbed,DESORPTION,3.7381124733369457,desorbed,1.237004573311688,O2_LIKE,H_TRANSFERRED,slab_O,proximal_O,Fe,DESORPTION,0.06686708567658775,0.18164260550384878,0,0,1,undefined,False,False
mpa0_ext__Ni34Fe6Cu29Co31__s21-23,CENSUS-3,mpa0,Ni34Fe6Cu29Co31,evaluated,22,3,Co,1.0060394690952688,2,1.8489490819885313,4.0849885510838,3.170494237240463,1.80209303868248,bound,ON_ADSORBATE,NORMAL,1.6539180276642036,bound,NORMAL,3.474265978404081,desorbed,1.237084538439785,O2_LIKE,H_TRANSFERRED,slab_O,distal_O,Cu,DESORPTION,0.07937493262169812,0.2048152010750998,0,0,0,undefined,False,False
mpa0_ext__Ni34Fe6Cu29Co31__s21-23,CENSUS-3,mpa0,Ni34Fe6Cu29Co31,evaluated,23,0,Co,0.9615557456723689,2,1.802858060155382,3.994413805827751,4.82059074752175,1.7728177844919792,bound,ON_ADSORBATE,NORMAL,1.6413203125290337,bound,NORMAL,1.9502129571248166,bound,1.3542144943111982,SUPEROXO_LIKE,ON_ADSORBATE,terminal_O,proximal_O,Co,NORMAL,0.05339931000847123,0.16407139943027238,0,0,0,cus,True,True
mpa0_ext__Ni34Fe6Cu29Co31__s21-23,CENSUS-3,mpa0,Ni34Fe6Cu29Co31,evaluated,23,1,Ni,1.3536519237699176,4,1.7768353503151055,1.7726005645321588,2.3363480762300823,1.8596138156808624,bound,ON_ADSORBATE,NORMAL,4.129624614356155,desorbed,DESORPTION,3.342251119403147,desorbed,1.2260239909518444,O2_LIKE,H_TRANSFERRED,slab_O,distal_O,Cu,DESORPTION,0.06910854598685451,0.2633762677897212,0,0,1,undefined,False,False
mpa0_ext__Ni34Fe6Cu29Co31__s21-23,CENSUS-3,mpa0,Ni34Fe6Cu29Co31,evaluated,23,2,Fe,1.3506843533936301,2,1.7018790403781971,4.282563393771827,3.2599275121630753,1.8733973147198368,bound,ON_ADSORBATE,NORMAL,1.7458297882942955,bound,NORMAL,3.46217919974223,desorbed,1.2332630102738615,O2_LIKE,H_TRANSFERRED,slab_O,distal_O,Fe,DESORPTION,0.08339836833193372,0.1847508781995072,0,0,0,undefined,False,False
mpa0_ext__Ni34Fe6Cu29Co31__s21-23,CENSUS-3,mpa0,Ni34Fe6Cu29Co31,evaluated,23,3,Cu,1.3853330200112177,4,2.0396425874266364,2.760272519209682,2.3046669799887822,1.8613199842907175,bound,ON_ADSORBATE,NORMAL,1.8958825076728996,bound,NORMAL,3.2550673300309256,desorbed,1.2237359159310357,O2_LIKE,H_TRANSFERRED,slab_O,distal_O,Cu,DESORPTION,0.04697531379963094,0.22481604516422618,0,0,0,undefined,False,False
mpa0_ext__Ni34Fe6Cu29Co31__s24-26,CENSUS-3,mpa0,Ni34Fe6Cu29Co31,evaluated,24,0,Cu,0.9007709274376916,4,1.9622361676577733,1.9680115044355697,2.7892290725623083,1.8581606839571496,bound,ON_ADSORBATE,NORMAL,3.2727912019044445,desorbed,DESORPTION,3.51168924548131,desorbed,1.2253477665004882,O2_LIKE,H_TRANSFERRED,slab_O,distal_O,Ni,DESORPTION,0.06731825165347248,0.17510828269385573,0,0,1,undefined,False,False
mpa0_ext__Ni34Fe6Cu29Co31__s24-26,CENSUS-3,mpa0,Ni34Fe6Cu29Co31,evaluated,24,1,Co,1.0397450766060086,2,1.6540703573649247,3.9238154339709332,3.183223478671381,1.7672149306679992,bound,ON_ADSORBATE,NORMAL,1.6255977108683022,bound,NORMAL,3.85540442198661,desorbed,1.233265576760361,O2_LIKE,H_TRANSFERRED,slab_O,distal_O,Co,DESORPTION,0.06875235717555163,0.1834442571178823,1,0,0,undefined,False,False
mpa0_ext__Ni34Fe6Cu29Co31__s24-26,CENSUS-3,mpa0,Ni34Fe6Cu29Co31,evaluated,24,2,Ni,0.6826445934498802,4,1.8080800276551607,1.95100989360569,3.00735540655012,1.8404537163668322,bound,ON_ADSORBATE,NORMAL,3.5070045040181563,desorbed,DESORPTION,3.602141126268443,desorbed,1.2359890360124939,O2_LIKE,H_TRANSFERRED,slab_O,distal_O,Ni,DESORPTION,0.06677216042006773,0.20927532750276462,0,0,1,undefined,False,False
mpa0_ext__Ni34Fe6Cu29Co31__s24-26,CENSUS-3,mpa0,Ni34Fe6Cu29Co31,evaluated,24,3,Co,0.8416199672860483,2,1.8652219658565294,3.9368419331425777,3.2549778839955947,1.7835531896124093,bound,ON_ADSORBATE,NORMAL,1.627990674560657,bound,NORMAL,4.0211582834970585,desorbed,1.231097807855938,O2_LIKE,H_TRANSFERRED,slab_O,distal_O,Co,DESORPTION,0.06507727540039021,0.20097385140564708,0,0,0,undefined,False,False
mpa0_ext__Ni34Fe6Cu29Co31__s24-26,CENSUS-3,mpa0,Ni34Fe6Cu29Co31,evaluated,25,0,Ni,1.0939515679857248,2,1.9037445548131822,4.227696122798907,2.91599666982694,1.8659241158179924,bound,ON_ADSORBATE,NORMAL,1.816572479105987,bound,NORMAL,2.4382904363664806,weak,1.2384313496281871,O2_LIKE,H_TRANSFERRED,slab_O,proximal_O,Ni,DISSOCIATION,0.08442980080062637,0.23753908157529693,0,1,0,bridge,False,False
mpa0_ext__Ni34Fe6Cu29Co31__s24-26,CENSUS-3,mpa0,Ni34Fe6Cu29Co31,evaluated,25,1,Cu,0.9694614427473729,1,2.199461442747373,2.7543142896437622,3.089357236704019,1.9244412488700031,bound,ON_ADSORBATE,NORMAL,1.8888878478846578,bound,RECONSTRUCTION,3.255210368060864,desorbed,1.2354481801329573,O2_LIKE,H_TRANSFERRED,slab_O,distal_O,Cu,DESORPTION,0.07370555989450125,0.20948102055275064,0,0,1,undefined,False,False
mpa0_ext__Ni34Fe6Cu29Co31__s24-26,CENSUS-3,mpa0,Ni34Fe6Cu29Co31,evaluated,25,2,Co,1.1383007874739528,4,2.0654810177118983,3.989751876493731,2.551699212526047,1.79530622040984,bound,ON_ADSORBATE,NORMAL,1.6408372041006463,bound,NORMAL,3.657317277494329,desorbed,1.2280225769835105,O2_LIKE,H_TRANSFERRED,slab_O,proximal_O,Co,DESORPTION,0.05126013658152804,0.2336502266560217,0,0,0,undefined,False,False
mpa0_ext__Ni34Fe6Cu29Co31__s24-26,CENSUS-3,mpa0,Ni34Fe6Cu29Co31,evaluated,25,3,Fe,1.0331556999130962,4,1.9948952644025106,2.739416200737228,2.6568443000869038,1.905791746447271,bound,ON_ADSORBATE,NORMAL,2.1253342210285178,bound,NORMAL,3.7035234319720165,desorbed,1.2258853452354037,O2_LIKE,H_TRANSFERRED,slab_O,proximal_O,Ni,DESORPTION,0.05674962020216664,0.21637792042708529,0,0,0,undefined,False,False
mpa0_ext__Ni34Fe6Cu29Co31__s24-26,CENSUS-3,mpa0,Ni34Fe6Cu29Co31,evaluated,26,0,Ni,0.9965797830934102,4,1.7744616613501543,0.9010964440292677,2.6934202169065897,1.9051172495778679,bound,ON_ADSORBATE,NORMAL,3.530097779801666,desorbed,DESORPTION,3.372932482231718,desorbed,1.2248721740134465,O2_LIKE,H_TRANSFERRED,slab_O,proximal_O,Ni,DESORPTION,0.08314143959303903,0.21259558801520265,0,0,1,undefined,False,False
mpa0_ext__Ni34Fe6Cu29Co31__s24-26,CENSUS-3,mpa0,Ni34Fe6Cu29Co31,evaluated,26,1,Ni,1.0289229402097257,4,1.7433450631835634,1.8257360732126566,2.661077059790274,1.91912952184103,bound,ON_ADSORBATE,NORMAL,3.611990535912524,desorbed,DESORPTION,3.4834392915469437,desorbed,1.2235876442947458,O2_LIKE,H_TRANSFERRED,slab_O,proximal_O,Cu,DESORPTION,0.08848260523285253,0.21659427005457832,0,0,1,undefined,False,False
mpa0_ext__Ni34Fe6Cu29Co31__s24-26,CENSUS-3,mpa0,Ni34Fe6Cu29Co31,evaluated,26,2,Cu,1.3866973037200419,4,2.0321974826618097,1.688417083465968,2.303302696279958,1.8750682238824152,bound,ON_ADSORBATE,NORMAL,3.70346858176903,desorbed,DESORPTION,3.2518708770079545,desorbed,1.222138074453097,O2_LIKE,H_TRANSFERRED,slab_O,proximal_O,Cu,DESORPTION,0.0664881179136294,0.2062820416715425,1,0,1,undefined,False,False
mpa0_ext__Ni34Fe6Cu29Co31__s24-26,CENSUS-3,mpa0,Ni34Fe6Cu29Co31,evaluated,26,3,Cu,1.32300393177053,4,1.9983224938475481,2.375991352334868,2.36699606822947,1.8940681173159222,bound,ON_ADSORBATE,NORMAL,1.9216918010671826,bound,RECONSTRUCTION,3.1837582608576627,desorbed,1.2257520993354705,O2_LIKE,H_TRANSFERRED,slab_O,proximal_O,Cu,DESORPTION,0.06148803542790108,0.24358924403787086,0,0,1,undefined,False,False
mpa0_ext__Ni34Fe6Cu29Co31__s27-29,CENSUS-3,mpa0,Ni34Fe6Cu29Co31,evaluated,27,0,Co,0.841825022993957,2,1.8526819921860587,3.9245070151800157,3.054132126271442,1.7701892486941604,bound,ON_ADSORBATE,NORMAL,1.6204162725865254,bound,NORMAL,3.8610208468511256,desorbed,1.2308653528774152,O2_LIKE,H_TRANSFERRED,slab_O,distal_O,Co,DESORPTION,0.05988853937331816,0.21139464793777757,0,0,0,undefined,False,False
mpa0_ext__Ni34Fe6Cu29Co31__s27-29,CENSUS-3,mpa0,Ni34Fe6Cu29Co31,evaluated,27,1,Ni,0.8708990087724269,4,1.8468762480621543,1.9052442151475228,2.819100991227573,1.8590072749834283,bound,ON_ADSORBATE,NORMAL,3.652793479461497,desorbed,DESORPTION,3.5943130894131734,desorbed,1.2361052303930669,O2_LIKE,H_TRANSFERRED,slab_O,distal_O,Cu,DESORPTION,0.06012294988792627,0.1273617166253541,0,0,1,undefined,False,False
mpa0_ext__Ni34Fe6Cu29Co31__s27-29,CENSUS-3,mpa0,Ni34Fe6Cu29Co31,evaluated,27,2,Co,0.862939167703102,2,1.8399310597347616,3.9328702274378635,3.1308765510472667,1.7838264207818166,bound,ON_ADSORBATE,NORMAL,1.6344699116699002,bound,NORMAL,3.808538108283699,desorbed,1.23485758680399,O2_LIKE,H_TRANSFERRED,slab_O,distal_O,Co,DESORPTION,0.0676816697831185,0.18253717399144156,0,0,0,undefined,False,False
mpa0_ext__Ni34Fe6Cu29Co31__s27-29,CENSUS-3,mpa0,Ni34Fe6Cu29Co31,evaluated,27,3,Cu,0.8945244572262672,1,2.124524457226267,1.3189417025574566,2.90715120572503,1.8865031813888868,bound,ON_ADSORBATE,NORMAL,3.4342321291377065,desorbed,DESORPTION,3.615308837933491,desorbed,1.2332269700238527,O2_LIKE,H_TRANSFERRED,slab_O,distal_O,Cu,DESORPTION,0.09337308158676165,0.27554190398192424,0,0,1,undefined,False,False
mpa0_ext__Ni34Fe6Cu29Co31__s27-29,CENSUS-3,mpa0,Ni34Fe6Cu29Co31,evaluated,28,0,Ni,1.2434389872139189,2,1.7690181760933918,4.242457163307311,2.9281841403821445,1.86740965461923,bound,ON_ADSORBATE,NORMAL,1.8443618562993775,bound,NORMAL,2.4282484527041763,weak,1.2374727794264773,O2_LIKE,H_TRANSFERRED,slab_O,proximal_O,Ni,DISSOCIATION,0.0859301198336559,0.2265499286541357,0,1,0,bridge,False,False
mpa0_ext__Ni34Fe6Cu29Co31__s27-29,CENSUS-3,mpa0,Ni34Fe6Cu29Co31,evaluated,28,1,Cu,0.7596512639314446,1,1.9896512639314445,1.3949294701705848,3.06818690377287,1.8557927233385925,bound,ON_ADSORBATE,NORMAL,3.38334834471184,desorbed,DESORPTION,3.3332109664360305,desorbed,1.2321693121050263,O2_LIKE,H_TRANSFERRED,slab_O,proximal_O,Cu,DESORPTION,0.08138919394190329,0.21681964350409763,0,0,1,undefined,False,False
mpa0_ext__Ni34Fe6Cu29Co31__s27-29,CENSUS-3,mpa0,Ni34Fe6Cu29Co31,evaluated,28,2,Cu,1.1546789497266454,4,2.0532202194959503,1.4217369360061165,2.5353210502733545,1.873520783485978,bound,ON_ADSORBATE,NORMAL,3.44192178903829,desorbed,DESORPTION,3.400714850568355,desorbed,1.2264222405336398,O2_LIKE,H_TRANSFERRED,slab_O,proximal_O,Cu,DESORPTION,0.04328568448502048,0.19628370688404362,0,0,1,undefined,False,False
mpa0_ext__Ni34Fe6Cu29Co31__s27-29,CENSUS-3,mpa0,Ni34Fe6Cu29Co31,evaluated,28,3,Co,1.0474846756205505,2,1.8469826827810274,4.124467358401578,4.836360076832365,1.7773395006247372,bound,ON_ADSORBATE,NORMAL,1.6567487276913833,bound,NORMAL,1.9749676342685987,bound,1.3566851525479597,SUPEROXO_LIKE,ON_ADSORBATE,terminal_O,proximal_O,Co,NORMAL,0.06547839610992116,0.2215982786991208,0,0,0,cus,True,True
mpa0_ext__Ni34Fe6Cu29Co31__s27-29,CENSUS-3,mpa0,Ni34Fe6Cu29Co31,evaluated,29,0,Ni,0.7968538795220761,4,1.8536283381561938,2.067136651024928,2.893146120477924,1.864798939687964,bound,ON_ADSORBATE,NORMAL,3.3318887351654345,desorbed,DESORPTION,3.392955684291256,desorbed,1.2251529461262738,O2_LIKE,H_TRANSFERRED,slab_O,distal_O,Ni,DESORPTION,0.05632724967024771,0.1902471384120429,0,0,1,undefined,False,False
mpa0_ext__Ni34Fe6Cu29Co31__s27-29,CENSUS-3,mpa0,Ni34Fe6Cu29Co31,evaluated,29,1,Ni,0.7859467359447043,1,2.0159467359447043,2.865276501243873,4.7163395554823655,1.8791760471624261,bound,ON_ADSORBATE,NORMAL,1.9555826745358178,bound,NORMAL,2.077126832961726,bound,1.3388255993020686,SUPEROXO_LIKE,ON_ADSORBATE,terminal_O,proximal_O,Ni,NORMAL,0.03202146261663777,0.11541324538761698,0,0,0,cus,True,True
mpa0_ext__Ni34Fe6Cu29Co31__s27-29,CENSUS-3,mpa0,Ni34Fe6Cu29Co31,evaluated,29,2,Cu,1.0650707622608602,4,2.0991344697585768,2.6415503683486214,2.6249292377391398,1.871666996551957,bound,ON_ADSORBATE,NORMAL,1.902441300196754,bound,NORMAL,3.3746397094962495,desorbed,1.2295505419564112,O2_LIKE,H_TRANSFERRED,slab_O,proximal_O,Cu,DESORPTION,0.04222271511558879,0.17382841946283362,0,0,0,undefined,False,False
mpa0_ext__Ni34Fe6Cu29Co31__s27-29,CENSUS-3,mpa0,Ni34Fe6Cu29Co31,evaluated,29,3,Fe,1.0344796627653334,2,1.7900272363054008,4.054506899070734,4.845358784357019,1.893564368852942,bound,ON_ADSORBATE,NORMAL,1.8819356270067749,bound,NORMAL,2.112972070087233,bound,1.3522048336077104,SUPEROXO_LIKE,ON_ADSORBATE,terminal_O,proximal_O,Fe,NORMAL,0.045494230846728226,0.14749667659139057,0,0,0,cus,True,True
mpa0_ext__Cu8Cr23Mn35Co34__s03-05,CENSUS-3,mpa0,Cu8Cr23Mn35Co34,evaluated,3,0,Co,0.8858219150448585,4,1.8463429833134577,3.8757095436618307,2.8041780849551414,1.7874652825560242,bound,ON_ADSORBATE,NORMAL,1.6385849241495989,bound,RECONSTRUCTION,3.779015094546542,desorbed,1.232454000801012,O2_LIKE,H_TRANSFERRED,slab_O,distal_O,Mn,DESORPTION,0.06472108238886967,0.22823172580336412,0,0,1,undefined,False,False
mpa0_ext__Cu8Cr23Mn35Co34__s03-05,CENSUS-3,mpa0,Cu8Cr23Mn35Co34,evaluated,3,1,Co,0.7159027265388698,2,1.7867057331821692,3.732608459721039,4.5122479060586915,1.7947963180959743,bound,ON_ADSORBATE,NORMAL,1.6401659912682056,bound,NORMAL,1.8472813785277684,bound,1.3793851285439682,OOH_LIKE,ON_ADSORBATE,terminal_O,proximal_O,Co,NORMAL,0.050581132436955376,0.1868738212735821,0,0,0,cus,True,True
mpa0_ext__Cu8Cr23Mn35Co34__s03-05,CENSUS-3,mpa0,Cu8Cr23Mn35Co34,evaluated,3,2,Mn,1.1254314549564963,2,1.604726158671236,3.9601576136277323,4.51703546880441,1.8544846229144731,bound,ON_ADSORBATE,NORMAL,1.7797718732063788,bound,NORMAL,1.9255349928236773,bound,1.381374252127761,OOH_LIKE,ON_ADSORBATE,terminal_O,proximal_O,Mn,NORMAL,0.05116012738014846,0.1390986816456473,0,0,0,cus,True,True
mpa0_ext__Cu8Cr23Mn35Co34__s03-05,CENSUS-3,mpa0,Cu8Cr23Mn35Co34,evaluated,3,3,Cr,0.859517719296151,4,1.6732978251635253,3.1867747731116403,2.830482280703849,1.8985814585779734,bound,ON_ADSORBATE,NORMAL,1.5826876276011919,bound,RECONSTRUCTION,3.346858221550256,desorbed,1.2325043820254873,O2_LIKE,H_TRANSFERRED,slab_O,proximal_O,Co,DESORPTION,0.065135635308432,0.23857736465389304,0,0,1,undefined,False,False
mpa0_ext__Cu8Cr23Mn35Co34__s03-05,CENSUS-3,mpa0,Cu8Cr23Mn35Co34,evaluated,4,0,Cr,1.0396873972024432,4,1.4561000576493037,3.1123308814947315,2.6503126027975568,1.798210118683205,bound,ON_ADSORBATE,NORMAL,1.584562440304331,bound,RECONSTRUCTION,3.3520484622113025,desorbed,1.2335109677639227,O2_LIKE,H_TRANSFERRED,slab_O,distal_O,Co,DESORPTION,0.04401173176487711,0.15359069759859498,0,0,1,undefined,False,False
mpa0_ext__Cu8Cr23Mn35Co34__s03-05,CENSUS-3,mpa0,Cu8Cr23Mn35Co34,evaluated,4,1,Cr,0.9947322171410642,4,1.4363533107545785,3.161025838457963,2.6952677828589358,1.8084199127806386,bound,ON_ADSORBATE,NORMAL,1.592143891660393,bound,RECONSTRUCTION,3.7397717094648835,desorbed,1.2327273305393314,O2_LIKE,H_TRANSFERRED,slab_O,distal_O,Cr,DESORPTION,0.061004368601021076,0.15178300828466912,0,0,1,undefined,False,False
mpa0_ext__Cu8Cr23Mn35Co34__s03-05,CENSUS-3,mpa0,Cu8Cr23Mn35Co34,evaluated,4,2,Co,1.004826725340707,4,1.5996392974669456,3.7765569539914488,2.685173274659293,1.7722014247725317,bound,ON_ADSORBATE,NORMAL,1.6489601265793061,bound,NORMAL,3.164995519622123,desorbed,1.2347585967874215,O2_LIKE,H_TRANSFERRED,slab_O,proximal_O,Co,DESORPTION,0.034335506404427264,0.14800283978602022,0,0,0,undefined,False,False
mpa0_ext__Cu8Cr23Mn35Co34__s03-05,CENSUS-3,mpa0,Cu8Cr23Mn35Co34,evaluated,4,3,Cr,0.9867160474523766,4,1.4482707436460154,3.1088950946534943,2.7032839525476233,1.8066379066202818,bound,ON_ADSORBATE,NORMAL,1.5902783217008585,bound,RECONSTRUCTION,3.8883075553772253,desorbed,1.2343589000536077,O2_LIKE,H_TRANSFERRED,slab_O,distal_O,Cr,DESORPTION,0.050769571603004764,0.16612255628994893,0,0,1,undefined,False,False
mpa0_ext__Cu8Cr23Mn35Co34__s03-05,CENSUS-3,mpa0,Cu8Cr23Mn35Co34,evaluated,5,0,Mn,0.9473049526972925,2,1.7162232122311374,3.89352816492843,3.559990734192526,1.8584629711139011,bound,ON_ADSORBATE,NORMAL,1.8237460403101233,bound,NORMAL,3.820482950968799,desorbed,1.2392886995492773,O2_LIKE,H_TRANSFERRED,slab_O,distal_O,Mn,DESORPTION,0.09326970115828727,0.33491634137760307,0,0,0,undefined,False,False
mpa0_ext__Cu8Cr23Mn35Co34__s03-05,CENSUS-3,mpa0,Cu8Cr23Mn35Co34,evaluated,5,1,Mn,0.39154383513304847,1,1.6215438351330485,2.185345414440267,3.4246100414410434,1.856847253820554,bound,ON_ADSORBATE,NORMAL,2.9105742759882474,weak,MIGRATION,3.75648348448695,desorbed,1.2326202979019045,O2_LIKE,H_TRANSFERRED,slab_O,proximal_O,Mn,DESORPTION,0.06969036759982851,0.19482204199155237,1,1,1,undefined,False,False
mpa0_ext__Cu8Cr23Mn35Co34__s03-05,CENSUS-3,mpa0,Cu8Cr23Mn35Co34,evaluated,5,2,Mn,1.1388802005086216,2,1.4987292268910672,3.867609427399689,2.860514639667828,1.8484078462312215,bound,ON_ADSORBATE,NORMAL,1.827171462383868,bound,NORMAL,3.996776941150433,desorbed,1.2341490383533502,O2_LIKE,H_TRANSFERRED,slab_O,distal_O,Mn,DESORPTION,0.06614013894191129,0.22324473905307832,0,0,0,undefined,False,False
mpa0_ext__Cu8Cr23Mn35Co34__s03-05,CENSUS-3,mpa0,Cu8Cr23Mn35Co34,evaluated,5,3,Cu,0.8308296197849208,1,2.0608296197849207,3.2996250155489726,3.5091950894961896,1.8982959567157336,bound,ON_ADSORBATE,NORMAL,1.9376496116399577,bound,RECONSTRUCTION,3.6745539675882957,desorbed,1.2365571932871775,O2_LIKE,H_TRANSFERRED,slab_O,distal_O,Mn,DESORPTION,0.05867375159541489,0.19592655907273474,0,0,1,undefined,False,False
mpa0_ext__Cu8Cr23Mn35Co34__s06-08,CENSUS-3,mpa0,Cu8Cr23Mn35Co34,evaluated,6,0,Cr,0.5542497665244204,1,1.7842497665244204,3.233139563702057,3.5678057138120507,1.8523276569115756,bound,ON_ADSORBATE,NORMAL,1.5881269363252537,bound,RECONSTRUCTION,3.4241951702670055,desorbed,1.2431465166575044,O2_LIKE,H_TRANSFERRED,slab_O,distal_O,Cr,DESORPTION,0.07428909782014567,0.22238180434910138,0,0,1,undefined,False,False
mpa0_ext__Cu8Cr23Mn35Co34__s06-08,CENSUS-3,mpa0,Cu8Cr23Mn35Co34,evaluated,6,1,Mn,1.1968833987533838,2,1.40563748196953,3.832520880722914,2.810088684234985,1.8472554731024957,bound,ON_ADSORBATE,NORMAL,1.8270027657703387,bound,NORMAL,3.790534054843941,desorbed,1.233541536244747,O2_LIKE,H_TRANSFERRED,slab_O,distal_O,Mn,DESORPTION,0.05396145465351167,0.20955655886037658,0,0,0,undefined,False,False
mpa0_ext__Cu8Cr23Mn35Co34__s06-08,CENSUS-3,mpa0,Cu8Cr23Mn35Co34,evaluated,6,2,Cu,1.1224299897282588,2,2.001517601752392,4.353947591480651,2.7376937411247595,1.890372778566174,bound,ON_ADSORBATE,NORMAL,1.9007627700723164,bound,NORMAL,3.8206138521340303,desorbed,1.2294345133671616,O2_LIKE,H_TRANSFERRED,slab_O,proximal_O,Cu,DESORPTION,0.05074239576799988,0.17748031958751773,0,0,0,undefined,False,False
mpa0_ext__Cu8Cr23Mn35Co34__s06-08,CENSUS-3,mpa0,Cu8Cr23Mn35Co34,evaluated,6,3,Cr,0.8639798495493674,4,1.5665280963109702,3.23491368722242,2.8260201504506326,1.844493041517135,bound,ON_ADSORBATE,NORMAL,1.5924652505331967,bound,RECONSTRUCTION,3.7942374306451434,desorbed,1.2325294960270925,O2_LIKE,H_TRANSFERRED,slab_O,distal_O,Mn,DESORPTION,0.058364242291355804,0.16924644530887822,0,0,1,undefined,False,False
mpa0_ext__Cu8Cr23Mn35Co34__s06-08,CENSUS-3,mpa0,Cu8Cr23Mn35Co34,evaluated,7,0,Co,1.0258724499050809,4,1.796739934223718,3.8358007032840966,2.664127550094919,1.7880883867232278,bound,ON_ADSORBATE,NORMAL,1.6449160131315297,bound,NORMAL,3.707688729748594,desorbed,1.2318618382541373,O2_LIKE,H_TRANSFERRED,slab_O,proximal_O,Co,DESORPTION,0.05134236500286428,0.24249415113233339,0,0,0,undefined,False,False
mpa0_ext__Cu8Cr23Mn35Co34__s06-08,CENSUS-3,mpa0,Cu8Cr23Mn35Co34,evaluated,7,1,Cr,0.9176250932148955,4,1.6218211204681787,3.232935270162475,2.7723749067851045,1.8269335499169854,bound,ON_ADSORBATE,NORMAL,1.5841601223250157,bound,RECONSTRUCTION,4.0063302606711035,desorbed,1.2332891219122442,O2_LIKE,H_TRANSFERRED,slab_O,distal_O,Cr,DESORPTION,0.05089008022536449,0.18580162815665985,0,0,1,undefined,False,False
mpa0_ext__Cu8Cr23Mn35Co34__s06-08,CENSUS-3,mpa0,Cu8Cr23Mn35Co34,evaluated,7,2,Co,0.7933230744875726,2,1.7513237957444638,3.7746468702320364,3.3541191320521775,1.7809039538149742,bound,ON_ADSORBATE,NORMAL,1.6485481016599433,bound,NORMAL,3.4161506527156913,desorbed,1.2349232710296674,O2_LIKE,H_TRANSFERRED,slab_O,proximal_O,Co,DESORPTION,0.05454987337936307,0.18440467295787988,1,0,0,undefined,False,False
mpa0_ext__Cu8Cr23Mn35Co34__s06-08,CENSUS-3,mpa0,Cu8Cr23Mn35Co34,evaluated,7,3,Co,0.9673712514134802,2,1.6464405417011343,3.8438117931146145,2.773021230793121,1.7777039877956895,bound,ON_ADSORBATE,NORMAL,1.6566271380074657,bound,NORMAL,3.7570121013613287,desorbed,1.2321017150817928,O2_LIKE,H_TRANSFERRED,slab_O,proximal_O,Co,DESORPTION,0.046633213201302814,0.17300410148867124,0,0,0,undefined,False,False
mpa0_ext__Cu8Cr23Mn35Co34__s06-08,CENSUS-3,mpa0,Cu8Cr23Mn35Co34,evaluated,8,0,Mn,1.0389621735535837,2,1.619487282017611,3.8884494555711946,2.9178385420495956,1.8551196287115892,bound,ON_ADSORBATE,NORMAL,1.7738333115093003,bound,NORMAL,3.692351184847491,desorbed,1.2336225537236905,O2_LIKE,H_TRANSFERRED,slab_O,proximal_O,Mn,DESORPTION,0.0902727757784868,0.39514293915190324,0,0,0,undefined,False,False
mpa0_ext__Cu8Cr23Mn35Co34__s06-08,CENSUS-3,mpa0,Cu8Cr23Mn35Co34,evaluated,8,1,Cu,1.1832790834011728,2,2.0034764783701697,4.4167555617713425,2.9428311947341412,1.9148840139651189,bound,ON_ADSORBATE,NORMAL,1.8582803268088481,bound,NORMAL,3.8815100348718317,desorbed,1.2314218474028555,O2_LIKE,H_TRANSFERRED,slab_O,distal_O,Cu,DESORPTION,0.08718821954284238,0.40248577799637175,0,0,0,undefined,False,False
mpa0_ext__Cu8Cr23Mn35Co34__s06-08,CENSUS-3,mpa0,Cu8Cr23Mn35Co34,evaluated,8,2,Co,0.948659895694588,2,1.6999754215558718,3.8786353172504597,2.929084724911037,1.774916215762657,bound,ON_ADSORBATE,NORMAL,1.6526324239225225,bound,NORMAL,3.288658977763151,desorbed,1.2328406345727465,O2_LIKE,H_TRANSFERRED,slab_O,proximal_O,Co,DESORPTION,0.07364298695764855,0.2788905150669547,0,0,0,undefined,False,False
mpa0_ext__Cu8Cr23Mn35Co34__s06-08,CENSUS-3,mpa0,Cu8Cr23Mn35Co34,evaluated,8,3,Cr,0.5109375405504997,1,1.7409375405504997,3.24014694847941,4.372420281245242,1.8500228207373905,bound,ON_ADSORBATE,NORMAL,1.591762852523283,bound,RECONSTRUCTION,1.9320518694018156,bound,1.3800395854347192,OOH_LIKE,ON_ADSORBATE,terminal_O,proximal_O,Cr,NORMAL,0.0803010925411055,0.2702657768186318,0,0,1,cus,False,True
mpa0_ext__Cu8Cr23Mn35Co34__s09-11,CENSUS-3,mpa0,Cu8Cr23Mn35Co34,evaluated,9,0,Co,1.0506597909455317,4,1.6518021024705498,3.820030732479186,2.639340209054468,1.7726795990909423,bound,ON_ADSORBATE,NORMAL,1.6559855610591623,bound,NORMAL,3.5607774061691697,desorbed,1.2339270804212932,O2_LIKE,H_TRANSFERRED,slab_O,proximal_O,Co,DESORPTION,0.038352085747061795,0.18059155333999652,0,0,0,undefined,False,False
mpa0_ext__Cu8Cr23Mn35Co34__s09-11,CENSUS-3,mpa0,Cu8Cr23Mn35Co34,evaluated,9,1,Mn,1.2096411719791984,2,1.4451073298776813,3.8847485018568797,2.7038095643075635,1.8335329683567603,bound,ON_ADSORBATE,NORMAL,1.7898691129350708,bound,NORMAL,3.5859328424548984,desorbed,1.2336536526496582,O2_LIKE,H_TRANSFERRED,slab_O,distal_O,Mn,DESORPTION,0.044801912104196116,0.20726284831954245,0,0,0,undefined,False,False
mpa0_ext__Cu8Cr23Mn35Co34__s09-11,CENSUS-3,mpa0,Cu8Cr23Mn35Co34,evaluated,9,2,Cr,0.7253297004218107,4,1.5226436799519214,3.2294568977990004,2.9646702995781893,1.8144792233274054,bound,ON_ADSORBATE,NORMAL,1.5810977058237523,bound,RECONSTRUCTION,3.5899563649237862,desorbed,1.2322064541079807,O2_LIKE,H_TRANSFERRED,slab_O,proximal_O,Co,DESORPTION,0.09067120004789198,0.2947336007381518,0,0,1,undefined,False,False
mpa0_ext__Cu8Cr23Mn35Co34__s09-11,CENSUS-3,mpa0,Cu8Cr23Mn35Co34,evaluated,9,3,Co,1.013969439088525,2,1.7254107388641509,3.969380177952676,4.696737175632622,1.7643224438394136,bound,ON_ADSORBATE,NORMAL,1.6689404060624424,bound,NORMAL,1.855397579897164,bound,1.3803561046913133,OOH_LIKE,ON_ADSORBATE,terminal_O,proximal_O,Co,NORMAL,0.05897322953815809,0.262731223384162,1,0,0,cus,False,False
mpa0_ext__Cu8Cr23Mn35Co34__s09-11,CENSUS-3,mpa0,Cu8Cr23Mn35Co34,evaluated,10,0,Co,1.0019329315953467,2,1.66620776277531,3.8981406943706567,2.8003230323010384,1.7634398165147003,bound,ON_ADSORBATE,NORMAL,1.661126284086027,bound,NORMAL,3.241273551404916,desorbed,1.2281890838160006,O2_LIKE,H_TRANSFERRED,slab_O,proximal_O,Mn,DESORPTION,0.04629062080245163,0.16189481813358864,0,0,0,undefined,False,False
mpa0_ext__Cu8Cr23Mn35Co34__s09-11,CENSUS-3,mpa0,Cu8Cr23Mn35Co34,evaluated,10,1,Cr,0.9473489930375347,2,1.0005122601508796,3.1778612531884143,4.609506624498751,2.809082760369268,weak,ON_ADSORBATE,MIGRATION,1.5862605456125403,bound,RECONSTRUCTION,2.0002876034280246,bound,1.368985774899781,OOH_LIKE,ON_ADSORBATE,terminal_O,proximal_O,Cr,NORMAL,0.06778442574147436,0.20872219580375911,0,1,1,cus,False,False
mpa0_ext__Cu8Cr23Mn35Co34__s09-11,CENSUS-3,mpa0,Cu8Cr23Mn35Co34,evaluated,10,2,Mn,1.1792545256522242,2,1.4419462308354363,3.8512007564876605,2.6720077811619958,1.8335691430347538,bound,ON_ADSORBATE,NORMAL,1.8230099981433006,bound,NORMAL,3.721250194094723,desorbed,1.2315633374190649,O2_LIKE,H_TRANSFERRED,slab_O,distal_O,Mn,DESORPTION,0.04654244278582717,0.18410219187242075,0,0,0,undefined,False,False
mpa0_ext__Cu8Cr23Mn35Co34__s09-11,CENSUS-3,mpa0,Cu8Cr23Mn35Co34,evaluated,10,3,Co,1.026920411195162,2,1.6095618234176876,3.8664822346128496,2.696673856445899,1.7628560221218397,bound,ON_ADSORBATE,NORMAL,1.6537426524229069,bound,NORMAL,4.094949085458139,desorbed,1.2308661411032158,O2_LIKE,H_TRANSFERRED,slab_O,distal_O,Co,DESORPTION,0.04597562855219709,0.1825167575032717,0,0,0,undefined,False,False
mpa0_ext__Cu8Cr23Mn35Co34__s09-11,CENSUS-3,mpa0,Cu8Cr23Mn35Co34,evaluated,11,0,Mn,1.1557318623493682,2,1.4681336982208344,3.8538655605702026,3.4986743035276517,1.841311033966031,bound,ON_ADSORBATE,NORMAL,1.8318535941628733,bound,NORMAL,3.636964691281948,desorbed,1.2372610701664595,O2_LIKE,H_TRANSFERRED,slab_O,distal_O,Mn,DESORPTION,0.08640950667996074,0.33545622196941594,0,0,0,undefined,False,False
mpa0_ext__Cu8Cr23Mn35Co34__s09-11,CENSUS-3,mpa0,Cu8Cr23Mn35Co34,evaluated,11,1,Mn,1.129638523655471,2,1.5760739228062683,3.9357124464617392,3.603197500267585,1.8748275793505993,bound,ON_ADSORBATE,NORMAL,1.853179649792413,bound,NORMAL,3.2427626238086926,desorbed,1.233777292782317,O2_LIKE,H_TRANSFERRED,slab_O,distal_O,Mn,DESORPTION,0.0839244455092433,0.31154419374728287,0,0,0,undefined,False,False
mpa0_ext__Cu8Cr23Mn35Co34__s09-11,CENSUS-3,mpa0,Cu8Cr23Mn35Co34,evaluated,11,2,Co,0.8308880296065961,2,1.7610999256756608,3.821987955282257,3.4739622977558624,1.78911935642885,bound,ON_ADSORBATE,NORMAL,1.6493578687263293,bound,NORMAL,3.9164508464708727,desorbed,1.2309139590556302,O2_LIKE,H_TRANSFERRED,slab_O,distal_O,Co,DESORPTION,0.06547816794209425,0.22595987415826738,0,0,0,undefined,False,False
mpa0_ext__Cu8Cr23Mn35Co34__s09-11,CENSUS-3,mpa0,Cu8Cr23Mn35Co34,evaluated,11,3,Co,0.9658774297340909,2,1.647840702751092,3.843718132485183,2.8758174446330727,1.7931121564275663,bound,ON_ADSORBATE,NORMAL,1.6623226716179427,bound,NORMAL,3.101032089759248,desorbed,1.234131520439323,O2_LIKE,H_TRANSFERRED,slab_O,proximal_O,Co,DESORPTION,0.05237611739734864,0.15354842594214482,0,0,0,undefined,False,False
mpa0_ext__Cu8Cr23Mn35Co34__s12-14,CENSUS-3,mpa0,Cu8Cr23Mn35Co34,evaluated,12,0,Cr,0.7935456160993235,4,1.7076855972693132,3.3927757561018304,2.8964543839006764,1.8457239442595161,bound,ON_ADSORBATE,NORMAL,1.5908710029272422,bound,RECONSTRUCTION,3.9102739616151667,desorbed,1.2335398283703816,O2_LIKE,H_TRANSFERRED,slab_O,distal_O,Cr,DESORPTION,0.04857195726975759,0.1544868293341156,0,0,1,undefined,False,False
mpa0_ext__Cu8Cr23Mn35Co34__s12-14,CENSUS-3,mpa0,Cu8Cr23Mn35Co34,evaluated,12,1,Co,0.8641041817520243,2,1.6336671003264436,3.727771282078468,3.3115477710060204,1.7599180418465699,bound,ON_ADSORBATE,NORMAL,1.62993151582966,bound,NORMAL,3.8830994803504253,desorbed,1.230566688977846,O2_LIKE,H_TRANSFERRED,slab_O,distal_O,Co,DESORPTION,0.07199059607549148,0.2962228701333699,0,0,0,undefined,False,False
mpa0_ext__Cu8Cr23Mn35Co34__s12-14,CENSUS-3,mpa0,Cu8Cr23Mn35Co34,evaluated,12,2,Mn,1.2650880256410044,2,1.5437321692693566,4.038820194910361,2.8379147936933022,1.8523147155051471,bound,ON_ADSORBATE,NORMAL,1.7870093492987302,bound,NORMAL,3.6260218926013574,desorbed,1.2322571573129402,O2_LIKE,H_TRANSFERRED,slab_O,proximal_O,Mn,DESORPTION,0.04371716595481506,0.13276347661653645,0,0,0,undefined,False,False
mpa0_ext__Cu8Cr23Mn35Co34__s12-14,CENSUS-3,mpa0,Cu8Cr23Mn35Co34,evaluated,12,3,Co,0.8319153656157408,2,1.690386418448464,3.752301784064205,3.4193749279081103,1.7620884677297288,bound,ON_ADSORBATE,RECONSTRUCTION,1.6283576589613833,bound,RECONSTRUCTION,3.406434843254729,desorbed,1.2417599304242801,O2_LIKE,H_TRANSFERRED,slab_O,distal_O,Co,DESORPTION,0.06920478406883139,0.24149412856290955,0,0,2,undefined,False,False
mpa0_ext__Cu8Cr23Mn35Co34__s12-14,CENSUS-3,mpa0,Cu8Cr23Mn35Co34,evaluated,13,0,Co,0.842043904774668,2,1.7901119353486146,3.8621558401232825,2.873983096752569,1.7788675675387298,bound,ON_ADSORBATE,NORMAL,1.658774061829107,bound,NORMAL,3.1276119180966866,desorbed,1.2354874696225655,O2_LIKE,H_TRANSFERRED,slab_O,proximal_O,Co,DESORPTION,0.060592098426035676,0.15386614110400934,0,0,0,undefined,False,False
mpa0_ext__Cu8Cr23Mn35Co34__s12-14,CENSUS-3,mpa0,Cu8Cr23Mn35Co34,evaluated,13,1,Mn,1.0477654382746362,2,1.6383546676079512,3.9161201058825874,3.3926012268702848,1.8418644778595525,bound,ON_ADSORBATE,NORMAL,1.7991181356920067,bound,NORMAL,3.781590001775786,desorbed,1.233133785446009,O2_LIKE,H_TRANSFERRED,slab_O,distal_O,Co,DESORPTION,0.06171986202425999,0.17434437686790386,0,0,0,undefined,False,False
mpa0_ext__Cu8Cr23Mn35Co34__s12-14,CENSUS-3,mpa0,Cu8Cr23Mn35Co34,evaluated,13,2,Cr,0.4329082507142896,2,1.607344766835491,3.2702530175497806,4.50676764277671,1.845807234280953,bound,ON_ADSORBATE,NORMAL,1.5852577345325034,bound,RECONSTRUCTION,2.026110334955778,bound,1.366296172843885,OOH_LIKE,ON_ADSORBATE,terminal_O,proximal_O,Cr,NORMAL,0.05123975616601228,0.15263128785688038,0,0,1,cus,False,True
mpa0_ext__Cu8Cr23Mn35Co34__s12-14,CENSUS-3,mpa0,Cu8Cr23Mn35Co34,evaluated,13,3,Co,0.9879796752988721,2,1.6967739600019862,3.9147536353008583,4.6471965067542005,1.780784324484437,bound,ON_ADSORBATE,RECONSTRUCTION,1.666983210030844,bound,NORMAL,1.8802715729924016,bound,1.363554836046538,OOH_LIKE,ON_ADSORBATE,terminal_O,proximal_O,Co,NORMAL,0.06641108021991192,0.39947374842108063,0,0,1,cus,False,True
mpa0_ext__Cu8Cr23Mn35Co34__s12-14,CENSUS-3,mpa0,Cu8Cr23Mn35Co34,evaluated,14,0,Cu,0.7377763049267818,1,1.9677763049267818,1.9408042229572724,3.31449798000216,1.8641096355623064,bound,ON_ADSORBATE,NORMAL,3.9839706175700496,desorbed,DESORPTION,3.1544654641241427,desorbed,1.231645659715025,O2_LIKE,H_TRANSFERRED,slab_O,proximal_O,Cu,DESORPTION,0.06505972127309154,0.16504586018539316,0,0,1,undefined,False,False
mpa0_ext__Cu8Cr23Mn35Co34__s12-14,CENSUS-3,mpa0,Cu8Cr23Mn35Co34,evaluated,14,1,Cr,0.7504031270789264,4,1.6066866867879193,3.3331131197381048,2.9395968729210735,1.8229540008452958,bound,ON_ADSORBATE,NORMAL,1.5894135463725183,bound,RECONSTRUCTION,3.110614403058993,desorbed,1.236794895488955,O2_LIKE,H_TRANSFERRED,slab_O,proximal_O,Cr,DESORPTION,0.08346745729002984,0.2236515195391546,0,0,1,undefined,False,False
mpa0_ext__Cu8Cr23Mn35Co34__s12-14,CENSUS-3,mpa0,Cu8Cr23Mn35Co34,evaluated,14,2,Co,0.9520286605886366,2,1.711085805271035,3.8931144658596715,3.1403361613844836,1.7748067785677397,bound,ON_ADSORBATE,NORMAL,1.6611630694001231,bound,NORMAL,3.5230024920547507,desorbed,1.2281855460613134,O2_LIKE,H_TRANSFERRED,slab_O,distal_O,Cu,DESORPTION,0.06492646371679384,0.17566548252975459,0,0,0,undefined,False,False
mpa0_ext__Cu8Cr23Mn35Co34__s12-14,CENSUS-3,mpa0,Cu8Cr23Mn35Co34,evaluated,14,3,Mn,1.2363472611465607,2,1.4096462541550303,3.875993515301591,2.736622440398152,1.8385577380664586,bound,ON_ADSORBATE,NORMAL,1.8278936603967186,bound,NORMAL,3.9413329291044468,desorbed,1.2331225861776607,O2_LIKE,H_TRANSFERRED,slab_O,proximal_O,Mn,DESORPTION,0.05371126144608288,0.21616656940736337,0,0,0,undefined,False,False
