0.9990905745441968
0.03237873654006787
0.0011707705687484912
-2.693442620360552e-05
0.0001266407784928069
-0.011769618467534076
0.00013671356242755782
-0.0010398318456409257
0.016603804168173787
-0.00015605042356778333
-0.0006243997325572935
8.578914146799651e-05
0.0033704486456669633
-0.025965767626346198
0.00030065440761463814
0.0012434216348151325
-0.0016792348111224144
-0.006815928895776957
0.5449262420838488
-0.013184761832926281
7.023245427466118e-05
-0.0008468385267019265
-0.07007968092541841
0.002077723339458196
0.0016810614582213773
0.4103431107788086
-0.0021034325566588593
-0.004488298952690688
-0.14586505947435985
0.011148368199489396
-1.0708477696966687
0.004388092784306094
0.009291722950115391
0.3527600626288484
-0.02390716647404638
0.9967136041266028
-1.4684747292608041e-06
1.1410793374778167e-05
0.07789253581552383
-3.58281361424948e-05
-7.110536559874354e-05
0.037889179876720636
-0.0011199611404444116
0.0024587459865569286
-0.0016918637340340912
-4.710803498571548e-05
-0.06150210924378512
0.0019962524121124783
-0.004340219174515772
0.0029602289578245147
7.554681236932898e-05
0.9955796883488955
-3.8918873118405466e-06
-2.7886222730437274e-05
0.10167219160911528
-0.00016946779205180123
-0.0006746712092650112
0.005065370166628129
-2.169194410072656e-05
0.00028131444681012157
0.0017030419775396135
0.0012766546125980872
-0.007029521661493159
3.018584429255283e-05
-0.0005743142349362582
-0.0028987938703118254
0.9957757855728999
-5.952962569721024e-05
-0.00014553083476275097
0.09720927445514052
-0.0009948404355714347
-1.815723366309894e-05
0.008170760851142565
-0.0023718790957563
-0.00020787436013513757
0.0017499580442431255
2.0079325642023386e-05
-0.012573142423876513
0.0042119802636404685
0.00030045831069117665
0.5176494857122839
-0.003192757123625556
-0.00010615574330482961
0.9189349129015543
-0.0006568206317090166
-0.011147152165961242
-0.021010928190760447
0.0007372701042803421
-2.2733241339096204
0.006487260358234679
0.017025303304056525
0.06050509558318792
-0.0013406633884569285
0.7920025981554624
-0.006661537953507802
-0.016680646553533084
0.011836001010047172
-0.0034764559878223073
-0.002919989290583356
-0.0142124726977934
0.0499657924500891
-0.08813800473662528
0.008951804640257384
0.0004715992424469649
0.034189169908053624
0.6744665420000834
-0.0005539104447736013
-0.0021884985276918877
0.025290372945351934
0.000994528745370204
0.016403847362967388
0.005737213256726523
0.005077369615259245
-0.1347282329058566
0.011445816404019706
-0.046933883494313614
1.7914599993848899
0.009956799397615627
-0.025878622385545592
-0.2837608055852353
0.0007721595139879899
-4.28940467705403
-0.029166368882059777
0.06898084994548465
0.5150683026840412
-0.0005519151569864048
0.9792409330426076
0.010523709028748536
-0.000215298696004346
0.011056051982456908
-0.028709442151906527
-1.1638213550607786
-0.022468752752149993
0.002083766400105599
-0.0303084945123183
0.9017998406780974
0.00693653992837487
-0.005792134051738715
0.06871157787452767
-0.022134481395676447
-0.8938784410853221
-0.01918343305200792
0.01753893684541986
0.9387480595455036
-0.015715985455720054
0.5136310457509705
0.002242400422402219
-0.01921927627346274
-1.0694252841810337
0.04394852505422968
2.092066582270739
-0.004987160969887233
-0.031232832438495874
0.017237062228616477
0.043409902147373586
-5.031752863703421
5.296398040937232
0.08245465266849886
-0.18394864610342734
-0.8786863234591669
0.00626797477018393
2.38708859903916
0.0523367405749967
-0.008652667996502423
0.0852120367018178
2.1655387914393516
0.05236008671696696
-0.0505152544691234
2.343662882311886
-0.11763018654918893
5.261437920183368
0.9991720345916087
0.03191469818222198
0.001377872732598801
-1.9171861241191238e-05
-0.00010651969652081657
-0.012998927885412462
6.571281237375301e-05
0.0008708636595748398
0.010671088958536776
0.00018431352537138092
5.69832945330211e-05
-0.0034929974532462195
-0.0019180180427452508
-0.015005725169152622
-0.00039296243510184253
-0.00013864971240208797
0.005178001445572797
0.0038932750861806423
0.5478776674220089
-0.014663841297014195
6.375614671074981e-05
0.0007342196669948898
-0.08261685309424278
0.0034158751504289996
-0.0010544604840987486
0.3906480090038207
-0.00148069341162397
0.0003838164176507106
-0.17037558667898497
-0.0075031255529884764
-1.02619044220593
0.004163132596255408
0.00019739302592583887
0.4066159381856661
0.01633465672422934
0.9966378681160771
-8.881247047571377e-06
-7.97028508329804e-06
0.0794384271326812
1.1067956952262362e-05
7.746885001735994e-05
0.041689060625360486
-0.0004932590324813245
-0.0018743072422632797
-0.0014930660454336563
4.44798706353967e-05
-0.06763645240829885
0.0008615440205290349
0.0032792582293486865
0.0025406488607779684
-7.555960034081848e-05
0.9956650429698333
1.207353839214596e-05
2.0297047018651792e-05
0.10083307283764623
2.9285210336552224e-05
-0.00026217715165313714
0.007377542777252352
2.157974436009949e-05
0.0002856817904322308
-0.0015887309497916125
0.0005114529124689729
-0.010918173142544292
-3.135397603018976e-05
-0.0005728969715743415
0.0027007491341704973
0.9959003651328493
7.690060816655732e-05
1.4408480667650888e-05
0.09576281315656975
0.000976553885136668
2.1552842883034222e-05
0.010275810439077581
0.0019049416283623728
-0.0002892007048437123
-0.0017179585733592883
-3.089598136704742e-05
-0.016058646684011076
-0.0033750353390903775
0.0004644327944211543
0.5443797155241152
-0.003906621462942333
0.00620545836543229
0.9507845779042752
0.010937852094197021
0.013610412580752348
-0.00491462722768284
0.0027463029074675923
-2.3593343748461226
-0.02539012782682138
-0.02524831240304483
0.01622010749806036
-0.007632568949732142
0.8043640538121057
0.0033999657222189192
-0.011667876916849989
-0.0025245177713201818
0.00112937732576584
-0.006539170651917085
-0.00035427497344337833
0.03388785363257711
-0.06789194669105508
-0.0029130278557483982
0.011482057418579963
0.003649004038582343
0.6845120976005942
0.00629063338697004
0.0012339596815569788
0.020335491714663978
-0.0004283162595251158
0.0022424627000311548
-0.020456692532986192
-0.0028482126811730365
-0.13678468438267843
-0.010733964214934737
-0.006948459410909114
1.7913836224545459
0.020523618994023576
0.01983253984736269
-0.28599521859302124
0.00011945840739988858
-4.2963928999545615
-0.05541069979754623
-0.054417241719447416
0.515382853248742
-0.0009365454315600412
0.9862291850233211
-0.005731761810251563
0.0006236437314920711
-0.00652188414115611
-0.05483538011754217
-1.2324914534822486
0.01355436035438004
0.0003000681223460709
0.017857507701545386
0.9013717599373013
-0.0020242013392448395
-0.003068923466471374
-0.05372996630951027
0.013098835806650992
-0.9102505190568293
0.005507979029257113
0.010595635626621726
0.9561613771025745
0.017929752378484803
0.5143875150794675
0.00038958104876237213
0.005507519323027706
-1.1355427614634752
-0.05052408970299699
2.212723967186624
0.0016699818527911798
0.01825954590526197
0.010999612464372702
-0.04999592968992102
-5.699402570791072
5.306803442585107
0.14699827788810219
0.14520159518150197
-0.8709367723216689
-0.0007393611603145039
2.5010702070458626
-0.03289142998676154
-0.004593297159381468
-0.0496383607415899
2.2013826055701458
-0.014811490385503497
-0.03406090620793019
2.4137691054737926
0.13676982483894995
6.182473616267207
0.8303126736321924
-0.03726264204021753
-0.00012152624803975757
-6.450036988983311e-06
2.0947485509368377e-06
-0.0009264465927426751
-1.0619647467364362e-05
-3.6242111358564378e-06
-0.004051509632371742
-1.130206975533813e-05
2.5001316223321366e-05
0.0009983710808138687
4.990344427821498e-05
0.0011076895342348888
7.685407749130841e-06
-1.5323352529136046e-05
-0.00014865338218119427
-8.236434261973244e-06
0.011714594533651689
-0.0005816704634148335
-2.6053934764011803e-06
-2.5478783993678573e-05
0.0008905395774900206
9.798277155277315e-06
-1.2561011426887913e-05
0.00993023484705928
1.60966966628999e-05
-5.6893278316314635e-05
-0.0021719091701237364
-5.824601588648326e-05
-0.0030936312688435597
1.0833447958497706e-06
2.15126272615715e-05
0.0004679543948484356
1.533289454778488e-05
0.3592784928695749
-5.791582497819352e-06
-9.764764179434166e-07
0.15050773327142386
-4.103060795054304e-06
-2.26228864174231e-06
-0.0023790189989606842
-2.9966726981342906e-05
-2.151580395079925e-05
3.401661037738826e-05
-4.702550632129424e-06
0.0010697594747082853
2.014753891707981e-05
1.2274919093977723e-05
-1.602952448530657e-05
2.0409421562295716e-06
0.3590467464521719
5.434746976644637e-06
-3.977653991407725e-06
0.15043408994476348
7.366598161145424e-06
-5.2029664381377285e-05
-0.0004571268953951846
-9.864616369460769e-07
1.1943539430524247e-05
5.05501056704517e-06
2.1918019468714627e-05
0.00021830721931131699
7.585177998686464e-07
-6.1226496215905505e-06
3.485384774432281e-06
0.3589904549844245
-1.9742099029433552e-06
7.454540417898284e-06
0.15015163893728967
2.8781628509263122e-05
-1.7805739760441573e-06
-0.0005181534238578266
5.7085587976567337e-05
3.669350012799688e-05
-1.4447656724271753e-05
9.465978256937707e-07
0.0002499267085417827
-2.7286560514993987e-05
-1.03682837710835e-05
0.017658036328382434
1.603498927145871e-05
-8.935048447608032e-06
-0.006351784692535197
-9.147037754357091e-05
-4.436087400210717e-05
4.7584813108141836e-05
-2.291589882373772e-05
0.0017285501216868257
3.854626426116267e-05
2.6127459621599978e-05
-9.205935444390191e-06
7.837418859385762e-06
0.01894758023082075
2.1300500890644455e-05
-0.0002574598239325844
-0.0009460331178996775
3.454969229688062e-06
9.132774055739259e-05
0.00015566632968929496
9.089562669512647e-05
0.00037676117260914874
-1.2533566247250855e-06
-4.12312371910679e-05
-5.0800303287888776e-05
0.01831924616734886
9.694621482021541e-05
2.3954378039246593e-07
-0.0011707863008039508
0.00022023714398710116
0.00022951846809690676
-3.518902195477168e-05
-5.757492263240099e-07
0.00045689439046292914
-8.833295434893901e-05
-7.88923862056244e-05
0.22813968109047827
-0.0002885710272843056
-0.0006803254143569171
0.0038702491708379676
0.0001587851616920519
-0.19267465370723225
0.00010619892650021952
0.00022829742737909275
-0.0014187307957334988
-6.374806424503728e-05
0.2372184401112895
-0.00040991561043292595
-5.639136894336511e-05
0.0004825838612266926
0.00010175992934477785
-0.20042288450372525
0.00013447993907640012
2.487691047324266e-05
-0.000155901975690539
0.23799728201737408
0.0001970128553502376
0.0002534802673843811
0.00021193149241784408
0.0001330182505465591
-0.20085908719118004
-6.543054945004495e-05
-7.947972611052864e-05
0.23581657241075343
0.0007498481249663718
-0.0013560227661184301
2.4713885453685832e-05
-6.692902345362448e-05
-0.19926479245467646
-0.00022603781377732296
0.20213802586479027
-5.755134862141654e-05
-0.00016265589274202434
-8.442490285863469e-05
-0.0002469402433351068
-0.17347192866762712
0.040964848527729913
-3.826682003258478e-05
-7.001654349247154e-05
0.00041979934860520937
2.2544573551727755e-05
0.0424522504305606
-4.2471441261948076e-05
-1.1688932448257608e-05
5.1889694374797154e-05
0.042478996838708
2.1891600382901964e-05
2.498421269895752e-05
0.042206440578543836
7.164842645353133e-05
0.03753438660298672
0.999232733201258
0.03139196945594164
0.001376480797473626
1.2721371528845662e-05
-0.00010548082768695035
-0.013295533530815286
-6.261174881051416e-06
0.000865283932992201
0.01151705584209458
-0.0002553425051271198
3.781899995103752e-05
-0.002691848701660702
0.001685477043285026
-0.016787080643137366
0.0005694464303206976
-5.626995486860716e-05
0.003649877183322513
-0.003432522520906673
0.5457819065669487
-0.01484183958906237
-2.2604897864908903e-05
0.0007706526927234692
-0.06571224390078888
-0.003680221895971561
-0.0017197511688760753
0.41094513837396096
0.0016270194230964213
0.00124532531978636
-0.16900249164309805
0.007457031527623876
-1.0730310150260367
-0.005241180414422748
-0.0034123417816709547
0.40359449295199623
-0.016653495893986896
0.9966738458848694
1.9402860133792358e-05
3.254546477980342e-06
0.07904442995536437
-9.577561381864055e-05
-3.3714909185423884e-05
0.0439214156229773
0.00022951542967402971
-0.002164684841543595
-0.0016599786798213282
-1.056154098627869e-05
-0.0719245649272558
-0.00040173070671425677
0.003820318349737652
0.0028855789780278585
-1.2435700571389756e-06
0.9957584078619297
-1.4897942998130652e-05
-9.983376524959602e-05
0.09957463584260805
-3.2680757333944557e-06
0.00019072312411373937
0.007324740491989498
-1.5244071111230723e-05
-0.0003500527411439505
-0.001593774806097808
-0.0003819916009801871
-0.010802079645108367
2.7520708671238802e-05
0.0006867356455433719
0.002688383253789525
0.9959802797128581
-3.70938622803792e-05
9.138296798510027e-06
0.09475950860186547
0.0007125598857301051
-1.2642708585049e-05
0.010439450715662922
0.0017516170114508008
0.00018951004463014945
-0.0012053069483667395
2.0049619708012147e-05
-0.016340102747419784
-0.0030815402603702295
-0.0002832003965725884
0.5567936544816805
-0.0002626550288835996
0.0002112139417211321
1.0195244881749401
-0.011291094655409426
0.0007160761817665538
-0.024030672917125843
0.004834237933449655
-2.5587990433939636
0.02689705291267032
0.01124784442677525
0.06685153524001541
-0.012507616258039504
0.8031627306890314
-0.002622376073851239
0.006710713804542439
-0.004102878570966582
-0.002497429482061787
0.007039172617155952
-0.003961373032468475
-0.021201116639593252
-0.06642415163082352
0.00674875527025426
-0.012538875384861089
0.01421253795358168
0.6837970057380152
-2.9159850425331674e-05
-0.0017722639919535064
0.015677765176102726
-0.00264452237162763
-0.0019608195330518196
-0.002780155716809802
0.0043924338365789965
-0.12876735468616485
-0.005134390724171257
0.006573892068279861
1.8738836137932644
-0.021211286104513644
-0.0008391398656086092
-0.31007183663971344
0.0096639952784336
-4.732291041225799
0.05597745351738739
0.0019855853618493736
0.5764223061813489
-0.02544493797128898
0.986887025246406
0.0025826915290535933
-0.0001174479104643637
-0.004661587564992529
0.05541943068937664
-1.2227846397242406
-0.006023913754861179
-0.0011632932439841926
0.012882690255453987
0.9026139938706974
-0.003599407984769112
0.0020145700259500193
0.0019890927796982344
-0.005545554985961874
-0.9120479875712408
0.00987077012823852
-0.007189783628508044
0.9551648035581761
-0.016838640659443897
0.57639704502337
-0.0012970633195634334
0.009716728023154085
-1.1183087120714577
0.04766086414045573
2.2102854124353084
-0.02783131293175553
0.013062201214670098
-0.007624536339853796
0.047259274469330925
-5.675187326545498
5.885914605908814
-0.14568783898072368
-0.0047523902662972494
-1.02875717601124
0.07104916223503313
2.478832968290586
0.014024893798915725
0.0062217496907516325
-0.035375813449858316
2.200774446508807
-0.02651767642920807
0.024008023471679477
2.3824636021486247
-0.12960711753351192
6.139408782008466
0.8304753811514896
-0.038266827776753526
6.182049942544547e-05
-2.7171954501453896e-06
-2.6018294111209637e-05
0.00014426654900063387
-8.664824621450169e-07
-6.193316873862235e-05
-0.0020614255913001447
0.00010110975185580496
8.879269686048484e-06
-0.001460957045241944
-2.9274574389219034e-05
0.00036327277548343386
-4.580199949862223e-05
-2.3912148904317446e-06
0.000564136171022734
9.768809794254702e-06
0.012006701253019326
-1.3265769008820916e-05
-5.836703789400967e-06
-5.706176933838239e-05
-0.0001954152511208961
-1.0332438654612602e-05
1.910798761123036e-05
0.004232646502730739
-0.0002994517908480584
-1.675040869019257e-05
0.0026833083587231746
6.568332891378323e-05
-0.001168562680212561
0.00010752368954183423
3.3158521517999134e-06
-0.0011404171344228456
-2.7301949166688723e-05
0.3588397968810612
-4.8713833474770755e-06
1.1830360435221547e-06
0.14992331974477835
8.455319245718131e-06
9.698027748426418e-07
-8.835812724211509e-05
4.385875947587315e-06
-6.647968131948963e-05
-0.00023164141608211496
-6.85834191771185e-06
-1.292336539404412e-05
-3.1124977675352286e-07
4.427301212365749e-05
0.00010071065426173205
4.211823016169557e-06
0.35887799239717827
3.309044466278871e-06
8.819891828466458e-06
0.15020550819631062
3.418907751429007e-06
-1.6609535298167076e-06
-0.0004656952525011631
-1.5410261210243353e-05
-1.7193066218113752e-05
-9.04096541844853e-05
1.0629743856259205e-08
0.00017864752417725503
7.262221757588618e-06
9.801466048684053e-06
5.4918774353754666e-05
0.3588265068334237
1.0277646472923739e-06
3.435670518941603e-06
0.14992954089193267
9.794269189517067e-07
-1.0582150239468068e-05
6.482100515874998e-05
-1.9814533052209147e-05
3.481553222066581e-07
-1.598869297792601e-05
5.440651144518054e-06
-4.666903067393374e-05
-1.867194588912456e-05
-1.4817089122704463e-06
0.01837916005549834
8.013845307424462e-05
-1.5456774007414313e-06
-0.0006076389582111999
4.35893220552543e-05
-0.0001435634428802362
-0.0011332594718358189
-2.8057311367511844e-05
0.0001780149382022002
-2.0243900101528355e-05
6.253260516555932e-05
0.00040801646732901455
1.1664310393630248e-05
0.01905762792400145
-2.27266100904095e-07
-3.7608234090852473e-06
-0.0023394801059157624
-7.601909317742374e-05
-7.482109243631405e-05
-0.00027137793843099535
-2.5732175468886054e-07
0.0008571969510604344
2.8850837258174253e-05
2.8164286003787957e-05
0.00011128781387537666
0.01860694071031016
-0.00015528010817443468
-4.719482393859192e-05
0.00017278613698866707
-0.00037519486388173104
8.673159651371689e-07
4.65008156281313e-05
1.8096459708931523e-05
-4.940125039670338e-05
0.00011699207230521271
-3.224656264261725e-06
0.2301923845405952
-0.0017764197750296839
-0.0001794947322784611
-0.033764936617965605
-0.00019662915346227336
-0.1945757701979673
0.000602905959067842
6.0194658532508973e-05
0.012658136510145789
7.730175613104775e-05
0.18154909526650923
-0.0002849182765103417
-8.713043009072788e-05
-0.0002686392161930508
0.0006397866374124933
-0.15918202948839932
0.00010226138601042649
4.053105840890163e-05
9.465428413933191e-05
0.23562289743711384
-0.0005001634869392238
-0.0006030631016603612
5.53640045753172e-05
9.475634967585103e-05
-0.19858478284630127
0.00016487811265939492
0.00021053320685395776
0.19746976926328752
-0.0005670127407970689
0.012664343137307502
5.601817662327243e-05
0.00017682424692112012
-0.1706523794793805
0.00020715789314080087
0.23186548090035702
7.235308618483058e-05
8.943304773821347e-05
0.00021220195028804966
0.00019453778269620312
-0.19619541985544486
0.0412729618690722
-0.000214750335089058
-1.7920519253778787e-05
-0.004557590024479939
-2.898143660654989e-05
0.035074990137767756
-3.308186788157191e-05
-2.3278833571488317e-05
-3.078750052728857e-05
0.04196244997311635
-5.8194109806581476e-05
-7.355834808682289e-05
0.03710988518858589
-7.068580264286995e-05
0.04161792979762646
0.8304104014041434
-0.03805788539422993
6.819569753795628e-05
1.174952376957612e-05
2.998154637331565e-05
0.00014562470240162662
2.8387371095918627e-05
6.881569525318097e-05
-0.0013460700326010156
0.00011893100188394888
-7.743719733946328e-06
0.0005830852909624409
1.667080675639723e-05
5.110204431679696e-05
-3.6416576469134904e-05
4.066657472020028e-06
-0.00021395022431463468
-6.690717759211557e-06
0.011667602613814283
0.00010494226375191545
1.2241416509126993e-05
5.0932318022230884e-05
-3.6718419214066506e-05
-2.432421855721803e-05
-2.979863792841997e-05
0.0027732397388205887
-0.00020906497131938036
1.564213184903358e-05
-0.0017207737586848436
-4.1508287951697334e-05
-0.0006800153589355209
7.232441615905765e-05
-2.3968153144327533e-06
0.00043717096202566184
1.883873304458801e-05
0.35883030181912806
2.4514244700808285e-06
-2.0422454206080508e-06
0.14988114417299242
-1.0837443488730828e-06
-2.865270237998678e-06
8.997673629704858e-05
-5.8933651901640755e-05
6.416298146842337e-05
4.044300710794259e-05
-1.08030741263657e-06
-9.882838277801829e-05
1.587730025165253e-05
-4.41694559130166e-05
-2.9836035199463438e-05
6.853034094636755e-08
0.35882246712751176
-3.2956000380363493e-06
-1.312772894455542e-06
0.1500608105750477
-4.197005495307878e-06
-2.676103887402299e-05
0.0001849373111921481
-7.669575555946981e-07
-6.206132407670775e-06
5.60664101195556e-05
1.470503614599296e-05
-0.00013142409337675324
-4.2802730361249165e-08
-3.4977695484875707e-06
-4.2749808077539094e-05
0.3587674769416861
-2.983630804470033e-06
-4.220177237578396e-06
0.14980223786838895
2.5359806326855883e-05
-1.0506537053756561e-07
5.9583238217520154e-05
7.965910925763773e-05
1.5387306381015468e-05
5.430575730849574e-06
-2.2937868636349302e-07
-5.6697906894667086e-05
-4.144638071331519e-06
-1.3930379940243445e-05
0.0183165535182083
-1.6770433061718027e-05
-3.915481597929561e-06
0.00012640581656835884
-0.0003706827341634035
0.00014466860510226612
0.0001546831875235984
-6.393011917647277e-06
-8.661313993659457e-05
0.00012971373464125955
-6.187685701212078e-05
-5.402622426245453e-05
1.7304876746765794e-06
0.01899380579603848
-4.899640287944136e-06
-0.00010322257629001585
0.0006230103194055319
-4.033478320317006e-06
-9.30610613701582e-05
0.00010208376463850642
3.938251206662781e-05
-0.00022331865808353088
8.689292598508261e-07
3.0812531913228696e-05
-4.9863375741313816e-05
0.018561001747973083
0.0002640675657190213
-1.0139006271914339e-06
4.725344090810929e-05
0.0006449755131272758
1.9034423655082306e-05
-8.488838857046273e-05
4.793497001913258e-08
-2.5808087739553098e-05
-0.0002129240819123985
-1.176066558511587e-05
0.2288113318898194
-0.0002673073030189196
8.016312583170328e-05
-0.036231633722113396
2.1577230841082635e-05
-0.19364474927245068
0.0001023648792905123
-2.341492347734817e-05
0.01364507505582253
-1.4253560690830306e-05
0.17712135773232052
-5.670968329264546e-05
-1.0860019671548286e-05
0.00023255176469895103
9.983063138944555e-05
-0.15537334982568635
2.2758449061258788e-05
9.723886757193047e-06
-8.010684078601409e-05
0.23834953414570986
0.00010851718841553542
-1.2592301447290948e-05
-2.232840669294906e-05
2.4122938812535182e-05
-0.2004091814365283
-3.5186067405379724e-05
5.219395911007771e-06
0.19245789954258485
0.00011110083174544376
0.013620027330709697
1.0720287258820625e-05
-3.7592918205099006e-05
-0.16671367013813082
-4.3678587862177446e-05
0.23705060111063087
-1.1669224649260963e-05
-7.528401463975383e-05
5.152307458449213e-06
-3.727042117894893e-05
-0.19960078853316676
0.04111402071202389
-3.8120830635118e-05
5.635159817798258e-06
-0.004929725961996628
7.271700786403391e-06
0.03427499940983428
-1.0196830378918001e-05
-5.550469161447851e-06
2.502725531937507e-05
0.04225610679638203
1.260192810581746e-05
-2.003969096315742e-06
0.03633923494797907
1.4482113403840337e-05
0.0421526585322959
1.0511344526742037
0.022396156461769172
-0.00014197235929585498
2.4441607672623052e-05
4.255379349043941e-05
0.00020941272670420592
-6.507164647834017e-06
-7.953893719701583e-05
-0.0058793046230664545
-0.00013185124971442497
9.136261762664398e-05
-0.003343187266674507
6.809296483465867e-05
0.0015937282651369133
7.827203020523261e-05
-2.4506901270176036e-05
0.0013002394167404832
-2.9126662806676486e-05
0.013621715789621711
0.00033810625583471216
-1.6379426788135354e-05
-0.00017351770630597067
-0.0001368445437397292
1.546127342708546e-05
-4.48058984641055e-06
0.006815885507136587
0.0002504501588424207
-9.677265520091738e-05
0.0021588904324446124
-8.298133705041591e-05
-0.0021271154742020805
-9.819793660113002e-05
3.690659393543258e-05
-0.001024865900940582
3.457509754268222e-05
0.5558318134251773
3.3825771900953777e-06
-1.7857282377071672e-06
0.10027273144695673
3.0392093329638744e-06
-1.6744555860374806e-06
0.0008968942913152979
3.0758112868460054e-06
-8.781694544898883e-05
0.0005629917617380394
7.003786493125366e-05
-0.00037706395114487214
-5.513299170246684e-06
7.863107552617036e-05
-0.0002167116822925263
-2.6790832698155047e-05
0.5563457257597366
-3.4495990921632364e-06
2.7297474502586655e-06
0.09934150857100178
2.3233632126219844e-06
0.00013784570354474614
0.0017983286238050663
2.969391150611718e-05
-9.317534543682776e-05
-0.00012978062593983693
-5.05378196647727e-05
-0.0007228819048596557
-1.1032724918710611e-05
2.6177367601474864e-05
9.045953797809456e-05
0.5562464536261742
-1.5417313570537224e-06
2.2951831397126922e-06
0.09995322924553406
0.00013771594760812508
8.931824574801122e-06
0.0013675282906013269
0.0004503983049708372
0.00012997381143865582
-7.390047451032904e-05
-3.827117448750891e-06
-0.0005589656993201885
-0.0002044773987964545
-4.810467863766411e-05
0.005716840008426243
-2.303620669020364e-06
-2.4581287450413536e-06
-0.00047903555003947685
2.5385969880692037e-07
-8.281991633091057e-05
-0.000375005873376957
-3.961492783252187e-05
0.00016078561706415171
2.228835671459613e-06
3.765737610839997e-05
0.00014161608843299016
1.4811757204453438e-05
0.005906821465689455
-2.223086818984847e-06
-7.925899844457081e-05
-0.0011086559161013006
-1.7529555445882852e-05
5.917951587540986e-05
-4.747545039669171e-05
3.177907555474479e-05
0.00042149908622889207
6.098639788437371e-06
-2.4537892587429366e-05
2.7134070935691262e-05
0.0057790543541480395
-1.9250111171170394e-05
-3.5250870445227895e-06
-0.0007586370008644185
-0.00015708857951624537
-8.278623111240428e-05
8.923874665508045e-07
1.2292008936602116e-06
0.0002951367037220742
4.6700557049084916e-05
3.349632623479312e-05
0.23527098505928884
-0.00036251088788043185
-0.0019649510190345777
-0.10056145447802332
-4.20517004577188e-05
-0.19058682445233563
0.00016028496321379254
0.0007390164591169596
0.03631139633051847
1.5938525115862857e-05
0.1236997457042447
0.00039244907267177876
0.001075526591568916
0.0008519480637994234
0.00016393373960320984
-0.11047337456722434
-0.00014921411741061188
-0.00042207274543197315
-0.00033154312419632093
0.17909240732206805
0.0026569365580052084
-0.009577240904937463
0.0007376271166257553
-0.000152949387897711
-0.14797734673715882
-0.0010191542517364557
0.003681409092167499
0.14205199470954427
-2.5250326741616677e-05
0.036331465200918574
-0.00042729322222584886
-0.0010171706605690755
-0.12347520215237147
5.251093510332599e-06
0.18623952753330353
1.4678245503075928e-05
-0.0003299190527333705
0.0036941584859865985
7.008408403291018e-06
-0.15388217286118014
0.038772921550854544
-7.130436654403675e-05
-0.0002778614609656282
-0.012769794069358506
-5.091673812223424e-06
0.024789921259093763
5.769056388071572e-05
0.00016567864763696022
0.00012736095484914032
0.03062574253895333
0.00038939145520896514
-0.0014181976031189972
0.027035550564809104
-9.773346689808819e-07
0.031854116816073745
0.05309601252076544
0.28362217010651813
-0.0001387396069528702
1.4321706002630463e-05
-8.063239835286611e-05
-2.0391427567579827e-05
-6.174701601212507e-06
7.401198960042699e-06
0.003285297842192782
0.00011634057620459947
1.3108885996319499e-05
-0.0003456789064180145
3.186498592120893e-05
-0.0007245567988477834
-1.799491589016821e-05
-4.851344383108816e-06
0.0001076396382794883
-1.4208240201847264e-05
0.4784493827542
7.196994563333483e-06
-8.802653305735079e-07
3.191895467028678e-06
-8.994320176231556e-05
1.5857739817727873e-05
-5.761201745351734e-05
-0.0012519196239132932
-1.4805940906308783e-05
-2.002108058149535e-05
0.002020402175698755
-1.8349922791421886e-05
0.0005863097687819979
7.02588186811037e-05
-3.355270208795397e-05
0.0005928006652009115
-3.641619958048345e-06
0.3915057520156973
-2.1189092018777973e-05
4.349675076482232e-06
0.13844229721906864
-3.6873157208973626e-05
1.1172030378622328e-05
-6.34505890657708e-05
4.070886048326677e-05
-4.0795733916043435e-05
-3.69943884483273e-05
1.3006116347127367e-06
4.52198304260185e-05
-1.3881839563147612e-05
3.840316126953586e-05
3.852829462956243e-05
-1.2526231629046096e-06
0.3913719374374256
4.227574938092987e-06
-3.779261081588933e-05
0.13791092457199688
7.145194460461651e-06
2.806715595311253e-06
-9.61939193459505e-05
2.890276894497228e-06
1.935028619756517e-05
-4.412611868118934e-05
2.599961484306332e-06
0.00011606013394942728
-1.660940325246867e-06
-8.978778440143926e-06
4.02051922796451e-05
0.3916333904619915
1.1430273847311505e-05
7.088718910970079e-06
0.13892097280651627
7.018196030536332e-05
1.570174629960678e-06
-8.678943336063759e-05
0.0001354220917942662
7.130243262058377e-06
-3.567628719264495e-05
-1.253412062259758e-06
5.73345247853074e-05
-6.428994988531233e-05
-7.2282362546030825e-06
0.01508298761504051
5.466442288896778e-06
-8.51127683643435e-06
-6.151510790401807e-05
-0.00026990476529748116
-0.0001561112752423766
-9.749003094272892e-05
-1.210305676598228e-07
5.175714533133422e-05
7.329246371886204e-05
5.698794869242059e-05
3.181259094026719e-05
-6.684098343438968e-07
0.015622204606907192
5.0926629957664616e-06
-8.034241720743808e-05
-0.0006753933458798545
-1.6328734152119953e-05
-7.347884650622698e-05
-0.00012064478086841789
2.5296803629519155e-05
0.00020384411544434566
3.689776273710963e-06
1.9966369071678165e-05
4.968164308985557e-05
0.015293855345943599
-0.0002640181043975555
-1.7288103793472792e-06
1.4374081761454474e-06
-0.0005660960620641146
2.9960256302010964e-05
6.948084193089308e-05
-4.769837836066587e-07
1.1765980187969593e-05
0.00015030069020160357
-1.2236458078671179e-05
0.2315202277922661
0.0006102765257401669
-0.00012471406685220216
-0.056653446721223646
-5.6566780660900595e-05
-0.16263883986020855
-0.00017315292702361888
2.640529007995133e-05
0.01636125190477078
2.8212664066802263e-05
0.1839474529432533
0.00012982994733394697
0.0007222331098410177
0.0001548060372183648
-0.0001768873201343735
-0.1345848319451648
-4.146322539852006e-05
-0.00021187784666929963
-3.868284304119499e-05
0.24527468689858106
-6.2349523636835e-05
5.164962386153792e-05
2.923776957420001e-05
-4.3390929292998316e-05
-0.17125257191282756
3.985112253194104e-05
2.5105539515758272e-05
0.1815131325316918
-0.00023285974984271383
0.016709829110870676
-0.00021120446257082563
2.500426543358663e-05
-0.13326330602783187
7.037428587907501e-05
0.24366579406176675
2.8078885866378386e-05
-5.3383354164216035e-05
2.2623763217651e-05
6.677916480436608e-05
-0.17025908143546792
0.02872007554710006
4.7726131084009705e-05
-4.572359479583634e-06
-0.004518082062913809
-1.3041515672819664e-05
0.024837195833765723
1.4638167476689668e-05
5.744894997441266e-05
1.4882825937315595e-05
0.03003395826340341
-1.499660737868181e-05
-2.311194269365806e-05
0.024682278529564228
-2.0123116541904853e-05
0.02988970404095211
1.0531932060870515
0.017682388583492754
0.0025190071256708233
-0.000190240565115768
-0.0007749280489696983
-0.0020579678193114502
0.00019269156476649856
0.0006727976729692647
-0.0026934314519913667
-0.002350038295325951
-0.0009469226287298254
-0.0019859911536519973
-0.0054237248434750715
0.0012313355434158115
0.0009348499555454498
0.00048475749466131673
0.0009826833876466806
0.0024706896574100347
0.015279352814090017
-0.0036963677656867253
0.0002884516567931068
0.001197471227559754
0.0017423039410841452
-0.00018918658795161506
-0.000547745144001623
0.0032307523352835183
0.00234445307460594
0.0008063344351497624
0.0018680090200687838
0.004777505456876797
-0.0015064037975057007
-0.0010110425485427084
-0.000467022580064912
-0.0010471607512417237
-0.0024161378536390063
0.5558661147569707
-6.643041392003881e-07
1.4784076861499543e-06
0.09910646789977573
-2.859076617580465e-05
-4.0100601914839896e-05
-0.014913619404627432
-0.0017164607001111491
4.22796716843657e-05
-0.0005934975075339809
0.00013907171449193594
0.006802678884987508
0.0006622138547739008
-7.246743815976228e-05
0.00019477038454984513
-7.740047548800556e-05
0.5564484217047125
0.0004697547333757767
-2.8711510322920925e-05
0.09832520707201195
-0.0004974714966514456
-0.0019255439130279805
0.0028446934696650826
0.0010634260941989196
0.00016187939046299297
0.004031614362908069
0.0008255752440633747
-0.0011096869810208218
-0.00045640454010417665
-6.183412654094133e-05
-0.0018802447955822345
0.5561385951009873
-4.013115228400871e-05
-0.0004995560637299629
0.09872594083790479
-0.0022730980470688743
0.001129609245371799
0.0020219980900953913
-6.165496363669072e-05
0.0013699254492393511
0.0010270555422298212
-0.00048322406732012146
-0.0007342345113472166
-1.1872926528798858e-05
-0.000654560977221988
0.005845817634127242
2.590764507318341e-05
2.0347501078786398e-05
0.007355327759936443
0.0007442755525642727
-1.661573540817488e-05
0.0003605803992941547
-4.106710365677028e-05
-0.003698178989216227
-0.00032888919007314024
-1.9533447474107285e-05
-0.00011963263106296764
4.311190170222317e-05
0.006019935751289413
0.00028318168552809704
0.00108212366482499
-0.001410980953506098
-0.0005405592255407997
-0.00019989263318727856
-0.002043980853607331
-0.0005226804163980547
0.0006475017819019843
0.0002529208029441262
9.157792992260498e-05
0.0010034253712548754
0.005873178580013849
0.0011763323104904046
-0.0005741320735497778
-0.001001352822736334
0.00014117131914219728
-0.0008151094699944508
-0.0005719290431087312
0.00026628934621347863
0.00045136183922565664
-3.968351226953605e-06
0.00043195311262285245
0.13168628109532682
0.015838018586909218
-0.0022848812208870906
0.0046826821889228015
-0.003190477248380493
-0.11888421031445108
-0.006392139112452502
0.0007172214057533285
-0.0012851215771358712
0.0020872766228179906
0.14555185878733376
-0.0018629867306072367
0.0061780235838225835
0.0017458556377203042
-0.006402850789250684
-0.123536181103718
0.00024769883510697806
-0.0023971882668125393
-0.0008982390279006805
0.12778662025594023
-0.002615331222737054
-0.0025280325618556518
0.000719631599837188
0.0002624282179074875
-0.10965558884725585
0.0010122889924472351
0.0009214705576956274
0.23642519527533024
-0.007262513777531541
-0.0012788235695394786
-0.002440916830284117
0.0010078198935792326
-0.1906943327551939
0.0025014394918337827
0.1225198183035434
0.0020751123412119273
-0.0008844070810442682
0.0009222387568380916
0.0025098412044686587
-0.11098736622294811
0.02703618044012225
0.002618567355016161
-0.0001843750871976109
0.00020852265159520644
-0.0012530106325185394
0.026281855823187983
0.00012547754955887926
0.0009514843939784188
0.00045580792613139463
0.023553763478140075
-0.00039024931284327826
-0.00032390344812985045
0.0386169657911338
-0.0008183781585636236
0.02530960790637233
0.9986274897809497
0.0387891208629754
-8.62826058968855e-05
-6.92567535471347e-05
0.0001806054741127081
0.0010352125870845387
0.0005417167028929002
-0.0011735238370431695
0.011598559065058918
0.00029804637154176355
-0.0005580144590987862
-0.0002983807727172969
-0.004841016902545523
-0.019628804623878133
-0.00033344548730999805
0.0009932630197468828
-0.0004108333672620446
0.011263426251524067
0.538691236577217
0.0010094693020308364
0.00023511099812562313
-0.0010790103006790112
0.018112477493659483
-0.004389814654331586
-0.03497252967183924
0.3616939053544045
0.02538952983560052
-0.008228479656802202
-0.13786334623639446
0.12085916931692821
-0.7953522126410484
-0.06147819607202689
0.01998686368887157
0.3089942418362998
-0.22789297064920533
0.9956092431879119
3.0422300452194694e-05
-1.8764398946627387e-05
0.09926775740140864
-0.00033176233720360443
0.00015388413808403118
-0.0020317089048648485
-0.0017466234095807722
0.0019486451897475008
0.000662807941630155
-0.0001765587675773913
0.002498471069616218
0.0029668151981450818
-0.0032728758929739614
-0.0011635303139329693
0.0001980372860175646
0.9951341645570297
0.00022506647115086933
-0.0003221955371237919
0.10849681578882199
-0.0015151193713777806
0.0001231755828576495
0.0002432868492821961
-0.00022342668544995478
-0.0004658177841509209
0.0029948264070291156
-0.00039722915555663455
-0.0003472337713141837
0.00032828744175247924
0.0008722114479364059
-0.004271328979612768
0.9952230626889157
0.00015808564376375742
-0.001555607889910937
0.10606693606557005
-0.000285954542759165
-0.0002144831726608876
-0.001084476135468932
0.000748194177387417
-0.0015500623916970342
0.0001099862724141303
0.00029854354264511273
0.002005042470783559
-0.0012110153231557404
0.003004352274695642
0.5615276362708737
-0.02073153192675004
0.0029226041242746107
-0.16677184955901947
-0.031277217442499006
0.02026136752807223
0.0061009387162048925
-0.011957817510207601
0.3509598999377733
0.07163815494081228
-0.05247165108365219
-0.016305021384412352
0.021024738270528587
0.8747393523573426
-0.15189788307018745
-0.043200826250254495
0.03595720469087847
-0.0255838123850886
0.012915109549713272
0.08145496689945672
0.10434889173150345
-0.0819715036488946
0.06057200909625078
-0.03312207071447691
-0.13182938488385432
0.7491411718583171
-0.025362628638824963
-0.017115198488382485
0.01565762747052124
0.06042966863670597
0.01146737972292454
0.03540356481135849
0.03795548613086479
-0.026085221646175626
-0.13810704669112112
-0.017483079696635474
1.962806367485135
-0.017412684362448687
-0.00400957613097881
-0.2690679527178912
0.16793917198704975
-4.887886758863729
0.02186981132796486
0.0032478870203174292
0.4456504103869343
-0.11976672894109959
1.0156780907947796
-0.10962145173045676
-0.008855566754393002
0.01468919212195244
0.023643224635782556
-1.4463363483367346
0.22995951909234674
0.013721691789394011
-0.026415458555515116
0.9290907962442765
0.002861393401141083
-0.03139710412568181
0.0025558954184920456
0.23004454982842687
-1.1319450337848842
-0.004214769979993246
0.05739750708421845
1.0255746714330032
-0.1044806644106223
0.4353736808986284
0.013740139656369355
-0.004110831799297596
-1.4525188176127486
0.126569062325401
2.2661261809523063
-0.11032040351957202
-0.027467443048568182
0.05929688689466693
0.12840206824623324
-5.391031805667616
5.632376958122247
-0.007972821820616536
0.00638423281497147
-0.6089031373770566
-0.35408653153411523
2.803413150607782
-0.48423463923484444
-0.017051201773011528
0.04645066231948945
2.521701310952155
0.00425012311642536
-0.102150481552358
2.756909566215593
-0.030519212965726114
5.153915167697287
0.8299278310173941
-0.035687648314725776
0.00011834849335815983
2.8519505453262506e-05
1.743588771039443e-06
0.0006965150896075638
0.00019598452885897429
3.880406521442106e-06
-0.0007149988942630079
-0.00035805858322101214
3.582486221081199e-05
0.0014303406920687283
0.0007968793719433865
8.051650477043813e-05
7.897635805344709e-05
-8.593694981192365e-06
-0.00017627013236633883
-0.00026542956350517457
0.01033373795071649
0.00015532250206542938
5.518804840236714e-07
-9.761510167693317e-06
-0.001002327460893405
-0.0003478743155101646
-1.3289473146520413e-05
0.0019480753393360493
0.0007639464828531796
-7.706273323018992e-05
-0.003106035219952303
-0.0016576794004353871
-0.000409951965954302
-0.0002893849543285637
2.9276847670394566e-05
0.0008171444868814968
0.0005825556724742444
0.359151590595851
2.8475074600133753e-05
-3.5809456486077066e-06
0.15014250417172997
2.8502556621340687e-05
-3.174608160923071e-06
0.0008395308233132583
0.00012245401047774297
3.250590038949956e-05
6.820796459676966e-06
-8.403309776051369e-05
-0.00035884571955450484
-3.3973479340392995e-05
-1.2038854362984994e-05
-4.06821499688626e-06
3.0370253623552108e-05
0.35910081141519473
-1.0338994346967725e-05
2.8538148151560522e-05
0.15028391698212018
-1.2111454687041863e-05
-0.000122427884680113
0.00032841775856016315
-4.8113846253359954e-05
7.871246946548503e-05
-0.0001401730542187288
4.575002108598546e-05
-0.00014388625832232634
1.9158300653938488e-05
-2.6328209861005993e-05
6.177247418522604e-05
0.3591112520296877
-2.9531776447333143e-06
-1.2032109390262256e-05
0.15016690494386487
8.193040287144586e-05
-4.2940474550525604e-05
0.00035218392452015813
1.3185518711175253e-05
8.957570317743003e-05
-3.3051911827265066e-05
1.724285771250098e-05
-0.000150741549904708
1.0316037426881717e-06
-3.056199359221135e-05
0.01748896902114095
-2.9204614511760105e-05
3.490906980292979e-07
0.0017823718021570663
0.00041792934156104186
8.870774493542433e-05
8.383469138227058e-05
-0.0003955470390744775
-0.0003852251386939243
-0.00012998915814950134
-1.5011916689164352e-05
-3.504489939079001e-05
0.00012469402209347596
0.018254903603999076
1.4661216183403607e-05
-0.0003704927309638239
0.0007848830599298015
-0.00018690330201369794
0.00018387337945424532
-0.0006306704964379499
9.813154233937969e-05
-0.0002809436297879214
5.927471636493038e-05
-5.55132420842775e-05
0.00022308525593019005
0.017712277078979287
0.00033252763930782065
-0.0001577145011863376
0.0009181671178440719
7.585048095802162e-05
-3.348794746990048e-05
-0.00010706920827341581
4.787307789998329e-05
-0.00032538518082410794
-2.3099687642125102e-05
6.128186334049004e-05
0.23097540880872267
0.0006224992530953059
-0.0012195069540314033
0.00412231790562801
-0.0038242832951210447
-0.1937436722287742
-0.00038516943765505986
0.0004358238161224519
-0.0016803543395393244
0.0012115242494320359
0.23679319935373627
0.00046365948065684825
-0.00047656932143157475
0.0007468911967382795
-0.0003877617843910959
-0.19998386112092634
-0.000148733034358877
0.00014165537495339754
-0.000263093650978659
0.23643013532042795
0.00012999903017793274
8.470704607290776e-05
0.000413639366614746
-0.00014646459922951647
-0.1997348138837719
-5.27418779539916e-05
-1.735088993272008e-05
0.23634195415272058
0.0020027161631334064
-0.0016326496380651367
0.00014011190543030677
-5.48156032127305e-05
-0.19977171806912136
-0.0008177412052018303
0.22032531230328922
0.0012085794540726198
-0.00026864425990529993
-2.4559582263519748e-05
-0.0008047668800583532
-0.18615143714164295
0.04091480890770656
0.0001941230393009711
-0.00014393692793195038
0.0005950727631975275
-0.0003763073994215335
0.042310455620642354
4.447509391702818e-05
-3.296977714985508e-05
9.077932583174297e-05
0.0422514360648053
2.2363166345544573e-05
1.270781062632134e-05
0.04230226160253311
0.0003111920551548231
0.03961053754990221
0.8301718690512137
-0.03674052330204883
0.00017621272832716678
-1.5174178744194214e-05
-3.3599657966905746e-05
0.0006564659062244036
-2.5507783141512392e-05
-0.0001736888844825172
-0.001200932646092186
0.00026594073858732345
8.11470341711145e-07
0.0013663879654696996
-0.0001463264039791377
0.00023030834605309105
-5.578662714916837e-05
-1.8385339007007275e-05
-0.00019914587581608526
0.0001172722841448888
0.011017783106153077
0.00018450356754128548
-1.3367916956629587e-05
-1.2339756646162915e-05
-0.0007347439050133376
7.719969679209977e-06
0.0002718125638192498
0.0029470737212681465
-0.0005874236588409619
9.53133520943524e-06
-0.0029950800917991575
-5.450326993726689e-06
-0.000766454618004454
0.00017611338309895042
-3.667161295409487e-06
0.0007624827543754932
-0.00012389081584510093
0.35905283090349627
-5.758065117485984e-06
9.032428997234222e-06
0.1500592746461254
3.325451473135465e-06
6.242086482136689e-06
0.0007099765388425856
-3.541732989321221e-05
-0.0001184720291266241
8.043273489935906e-06
4.068875528211647e-05
-0.000337114735822241
2.119479127122656e-05
4.652665092700054e-05
-1.1666667082638977e-06
-1.5716128378082504e-05
0.3590026231712645
-2.8645665007785002e-05
3.268229946192249e-06
0.15025410432682318
2.4540763154619616e-05
-5.4097506968004016e-05
1.3736703490973652e-05
-3.728141366907584e-05
5.646836174394577e-05
-3.737596841514163e-05
1.4484230530167078e-05
-8.036629939057836e-05
1.1366175939353594e-05
-1.689826296354759e-05
1.2306671894646234e-05
0.3589944520660737
6.38158943936446e-06
2.345923420038575e-05
0.1500556809955647
1.1076890637275245e-07
-2.8363939936645036e-05
0.0001414183651658015
5.001887329601025e-05
-2.919698780599808e-05
-2.198461442358284e-06
8.369088158414892e-06
-0.00012995463496659156
-2.6211823926298607e-05
2.277039823322578e-05
0.017782295030646773
7.421544324917256e-05
-1.57538187285995e-05
0.0009131206424450816
-9.805898755226388e-05
-0.0003395695467875105
0.0001389264115453614
0.0002810390567919645
1.0362329783094543e-05
3.224901212020402e-05
9.922541689712721e-05
-6.041247222445518e-05
-0.00010970369668052118
0.018700660266628845
0.00029528687253851184
-0.0002933720616770161
-0.00034872186374856196
-0.00014126963920556716
0.00025446224041897184
0.0002981672188647225
9.606469934620648e-05
3.945112567495849e-05
3.6631171108074895e-05
-7.955664034352494e-05
-0.00016677137192153086
0.018025838563549158
-0.00018491823885303813
-9.672294410126803e-05
0.00016983934500060984
0.00011546658667868046
-4.601717779789049e-05
8.244804042419658e-05
2.1349059773830534e-05
-0.0001247142797164512
-5.093239499831679e-05
1.065905864685822e-05
0.22698075005412705
-0.0005781828986229742
0.0011889721915110199
0.005499635274102998
0.00801894522645944
-0.19056664040346633
0.0002560559094640664
-0.00041051852067367205
-0.002157045017719387
-0.002738332310943497
0.237131087391788
0.0003237402300298418
-0.00017127719955175712
-0.0010172080252286528
0.0002528640528316046
-0.200026119290179
-6.72505449532846e-05
6.106551207016313e-05
0.0003290925128398128
0.23772664330421742
-0.00025169315737542415
-0.0007894257929280976
-0.0003914578686233239
-6.579670769579792e-05
-0.20037135238910925
9.542707536390313e-05
0.0002904638566716133
0.23555459048359118
-0.004863920571111868
-0.0021034271013076608
6.210817998736907e-05
9.726677382895782e-05
-0.199046732929994
0.0017909655358156176
0.20766378264522234
-0.0027436084592075086
0.0003520940522799682
0.00029623741941523776
0.0018023894597266584
-0.17722162106606792
0.040358640474223224
-0.00010234470316255221
0.00013053191701407814
0.0007465026177407698
0.0009011917042968836
0.04229275611325978
1.1914531706408231e-05
-2.0977054218092305e-05
-0.00010897616793512362
0.04231920048935155
-3.760385529571964e-05
-0.00010394596463351908
0.04214669879967708
-0.0006381393878944995
0.0380894474267201
0.05327606902424856
0.2832544184881897
-0.0004248641554602234
-0.00020400402750568407
-0.00011139494410227131
0.00039413703711563134
0.000320243147668504
0.00015749111483029442
0.0019074184401729958
0.0016591100698510842
0.00021466436064689417
9.307398459050997e-05
0.00018370666281700024
-0.00020290127896983282
-0.0004190207297302466
-4.814358443925623e-05
0.00018416647855990856
-2.610460394541565e-05
0.47858510356913336
8.598727372996281e-05
5.7209762088627014e-05
3.046863071887188e-05
-0.000569862131752318
-0.000359086143760429
-0.00018100981302386756
-0.0017465079305952085
-0.0008113228339147377
-0.00013384769222309005
-0.000739964801906343
-0.00015568765257307983
-0.000587753145703774
0.0001612822936353886
2.0077344859842205e-05
-0.000987763006807904
2.4178643249080694e-05
0.3915467941757814
6.0165129116870296e-05
7.903481236792825e-06
0.1387678886213896
0.00012783166382598563
1.9638594255124513e-05
-0.00030648306430143204
-0.00029718331661828423
-3.014925498731168e-05
-0.00029969073809535656
8.44337722091742e-06
0.00020457349679737764
0.0001985096259605098
2.772812616955943e-05
0.00014871460150846233
-6.55327513286988e-07
0.39158106471903087
1.0533734732765797e-06
0.00012510222438166205
0.1386737315152298
6.119438574672771e-06
-0.00010324250221445822
-0.000537210492931289
2.430407845913304e-06
-0.0002644753720027069
-3.179418549384591e-05
5.877096993745903e-05
0.0003503367937669617
8.676803407522676e-07
0.00015410202264156265
3.398981386914791e-05
0.3912659241259242
1.789058332887046e-05
5.220378216063119e-06
0.1374358743145184
4.97557332710212e-05
-1.5756947762043095e-06
-8.95806084059907e-05
8.903701872949482e-05
1.454111322738116e-05
-3.856078316061201e-05
1.9814201468446378e-06
9.383383128558557e-05
-6.14519364202534e-05
-2.733564586038624e-05
0.014826732856221424
-0.00025572907452296864
-7.23689910752413e-05
0.00021581025012903137
-0.000694022463246111
-0.00015254712137980118
0.0001071901110821371
-9.502107464755002e-05
-6.269308609725089e-05
7.865698381206876e-06
4.010538475412306e-05
-0.0002387676946377005
2.449739763829212e-05
0.015340421835095
-6.249158190109236e-05
1.7883798803129157e-05
-0.0007943428846088147
-5.206790619473788e-05
-0.0003589908488963392
-0.00016632728154305885
-7.875342535239275e-05
-3.346022568474317e-05
1.3867376825960604e-05
-8.511867386744087e-05
5.5886362316593137e-05
0.016002428920422085
0.000354311022519593
-3.27236363793716e-05
0.00026769539986699507
0.0005003835290395385
0.0009526345069574885
-3.8687678977608814e-05
6.651923537181696e-06
9.438276681208919e-05
-2.5389603713196415e-05
-0.00012638723060067464
0.23480071148139736
0.005208720978911875
-0.0002333192951912072
-0.03499360591758818
-0.0013405727797355
-0.16523089317824538
-0.001432702863922555
4.9642201740703356e-05
0.01088982579664751
0.00034073575334013186
0.2037370451268705
2.679737345619531e-05
0.012886214826121256
0.0013523983343842047
-0.001339776391093538
-0.145989229616289
-1.5729735463029763e-05
-0.00353488503235724
-0.0003972769038406242
0.24559804125886564
6.12721115637183e-05
-4.350894241031322e-05
4.913736773660145e-05
-1.9400817491727087e-05
-0.1702738033895853
-3.4742585374172516e-05
-2.9227240648235683e-05
0.20421861622252227
-0.0026883535663665575
0.010833304816498478
-0.003704116354931652
-2.3941659432815326e-05
-0.1468227929542017
0.0007010494847217901
0.2445637192085355
0.00034214731425401745
-0.0004128700300592853
-2.71947395423609e-05
0.0006966870220439263
-0.16993659836246464
0.029249959960746866
0.0003608219674087215
-9.93977040009189e-06
-0.0030491550487568206
-8.07586745778646e-05
0.026451534271026266
4.8893877256711935e-06
0.0009840361489022037
0.00011368047368100925
0.029693602501476582
1.0141553623884002e-05
2.7868534457419474e-05
0.02673526101821878
-0.0001740504248223171
0.02969924957118017
0.8301302249724427
-0.03650881342037601
0.00015279270302225273
-4.883644617547639e-05
7.744770717648579e-05
0.000640882251852312
-0.0003894208342522822
0.00028926911750147566
-0.00031987143886827565
0.0009835458784792517
-0.00015293961683869595
0.0011703237128488629
0.0001395859385171902
3.0748240785132634e-05
-0.0002942066887400827
2.9113558490919964e-05
-0.00031044590970410367
-1.613550684136807e-05
0.010853886752922079
0.00019091975737153312
1.642897060717369e-05
5.637958060437844e-05
-0.0007954771494395931
0.0006924533971109899
-0.00035430661552688985
0.0007041352482467544
-0.002165520941092646
0.00034117165725545484
-0.002323773851716035
-0.00032157982066932655
-0.0001336613712057814
0.0007310747602563586
-0.00011026085151881292
0.0006392840711908944
8.575158390495711e-05
0.35902406416959975
-4.492806863549041e-05
8.462094036407252e-06
0.15008028499069398
-4.2658541687377764e-05
3.498498749447131e-06
0.0003200961088383407
-0.0007057626730694665
4.13289039017177e-05
0.00015563499995010832
-4.119246726845157e-06
-0.00019486209727598847
0.00024023814306129712
-4.382720569417209e-05
-6.53068819321233e-05
1.7248492945962336e-06
0.35907806213533355
-4.57283914495527e-06
-4.183023070691636e-05
0.1503081824296119
8.424447824231293e-06
-8.494870612745222e-05
0.0007404165455605484
-2.3226093513688805e-06
-0.00020702804938274922
-4.144283248343847e-05
6.304439698409252e-05
-0.00035274669046912895
1.2120213334980958e-06
4.285826420377577e-05
-8.721913845658766e-06
0.3590195007552356
3.6061807658583886e-06
8.184678622581874e-06
0.15008561968287076
-0.0001555469850103922
2.2429716940318837e-05
0.00029715101315084435
-0.00031552394397749454
-0.0001884439153134175
6.87908782134579e-05
-7.387587651881062e-06
-0.00018066294835421373
0.00014116612272159718
3.58264235183029e-05
0.017997082164759474
3.3733876248927025e-05
-3.805459684896939e-05
0.00041312829459893554
-0.0024507256623860036
2.4256618195664052e-05
2.460664826144183e-05
-4.083319609390645e-06
-0.00016124762723506022
0.0006333997264668845
-3.444620176316575e-05
0.00011385809578473674
-1.9718667786506485e-07
0.018418671973146054
8.660041641369896e-05
-0.00023620572570247556
0.0014814857393958586
2.638858058139367e-06
-0.0005351910019709854
-0.0003356779801201965
6.88683716806087e-05
-0.0003278442832676874
-2.038878570667845e-06
7.801486322407297e-05
8.864852699767275e-05
0.01807655599909352
-0.00026644142605336264
0.00014559748565757115
0.0007534994966906158
-0.0006256318818696237
-0.0006160961627661226
1.897276307026131e-05
-5.143640564881614e-05
-0.0003391483132442664
8.638847599641692e-05
0.0001512901790113393
0.23405905865682158
-0.0016333889463870496
0.0001825604486107139
-0.011599172108962321
0.0008201457554307785
-0.19752585468962514
0.0004951707984851201
-4.4193726300217494e-05
0.005150345665121844
-0.00030030351682865943
0.22383105553007288
0.0011213126373943625
-0.0016045499428567359
-0.0006840338219952665
0.0005158117148080887
-0.18821085757333378
-0.00036788503647163114
0.0006848784753303314
0.00024359549329569286
0.23731919171998742
-7.072811697593472e-05
0.0007383130684346282
-3.969037847955229e-05
-0.00034034969433808344
-0.2000273374958829
8.439965598609409e-05
-0.00021103921154214708
0.22346431027169533
0.0014887198869210517
0.005117123186969795
0.0006957212439991975
7.529954556899623e-05
-0.18877298663869166
-0.0005365354694626208
0.2365445059613831
-0.00028762375266206774
0.0002299987115082947
-0.0002120181867478944
-0.0005115064516588621
-0.19970693709371654
0.04180917241962224
-0.00016198858114521746
9.680315631212004e-06
-0.002077596802564508
0.00010187981728000057
0.03993085698146115
0.00011356282927768517
-0.0002861305703050933
-8.140153371645881e-05
0.042246679590334506
-4.377918487835682e-05
5.048237785220019e-05
0.04015624862482538
0.00017994499175369064
0.0422516597679622
0.9988748659910536
0.0363256692308348
-0.00039038637271582733
0.00035568834008997436
4.9799218264871185e-05
0.0028572376699834917
-0.0027555272725433007
-0.0004069901134331474
5.9656910794488914e-05
-0.00017870872618325364
-0.0004729734704460122
-0.008380357904985005
-0.00038772889924793463
0.0010349152693308607
-0.0007174780858968295
0.0006450788495352905
0.01699953620047928
0.0006545819870502464
0.530035337558641
0.0030709671727877676
-0.002881373880917762
-0.00043789844062645615
0.05745287250313959
-0.08149347924919045
-0.032367100606861016
0.11082559888381989
-0.05975059283258708
-0.018882506244037634
-0.07289082379386426
-0.004441531648747975
-0.25918670384261977
0.15345238622701762
0.049403543822446994
0.1597212083320126
0.012008654881770458
0.9956554351766315
-0.00020926672245067903
-4.7404095226219104e-05
0.09955205173696138
0.0019404145314017391
0.0004627261756508473
-0.0015986534509525485
0.008403265369618787
-0.00048473956983450227
-0.0032188036616333706
2.6653430355905538e-05
0.0022348963050016794
-0.0126943062786186
0.0007519597154375713
0.004758481101467357
-5.847343909981847e-05
0.9955953836788234
-1.5940915804555637e-05
0.0019116345855084904
0.10129428808540238
0.0002344489213004913
0.0028138849523477
-0.009470060071279929
5.3489088340588834e-05
0.005336214682604266
-0.0015218964430819002
-0.004527569871816987
0.014796897113217685
-0.00012839808025912197
-0.007660080638687639
0.002556807224406526
0.9955262129619817
0.0004575584225509474
0.00024394003724002188
0.10226273445603061
4.3745885633872596e-05
5.12100899133343e-06
-0.003178332831884076
-0.000938596923943593
-0.002323605584505657
-0.0006782916236525223
-6.991486150765428e-06
0.005531389402911284
0.0005796572771051518
0.0038489008055982944
0.6464022156571463
0.054291746535623416
0.008672703918362171
0.014473718483570892
0.3274424466291829
-0.020979763106379074
-0.16187444035053866
-0.013996792850636857
-0.03267042162595285
-0.7065848168719159
0.04819384746965062
0.3513924429730284
0.03467262402453433
0.7532972482565075
0.010404920019527784
0.09980174970937228
-0.2598552565148139
-0.006667767556999623
0.2698949859806461
-0.04375861431419231
-0.2146002788207897
0.5808131083143143
0.014449133217070096
-0.5860861775861139
0.10631904529851118
0.7027249483890646
-0.08051580535123062
-0.011671804196003346
0.04149992377038804
-0.15148015914364732
-0.13606305490133125
0.15605779172134812
0.028108646683161334
-0.06640445667477574
0.29949616377399213
0.3079184236000372
1.1432815178199118
-0.09269040019625417
-0.03876505641664565
0.9755186524930695
-0.007086298853004165
-1.8550140195392157
0.25283463111336274
0.0779418655307137
-1.826112597967273
0.0021340470411132188
2.0128072261450325
-0.02063161921566737
-0.05667750520559145
-0.013326039358023588
0.2578817929853049
-4.988811291229387
0.04113300175355674
0.25435805024053326
0.030043234522749037
0.9557607829084604
-0.07179226822799664
0.001232893990961694
0.07649313573887813
0.04091870190681561
-1.244827830951119
0.14333257946980493
-0.024581151634712566
1.9071598572483983
-0.010413217486663134
-1.8142003770241257
0.251778076246482
0.14542488035242973
-4.604586291556598
-0.006877023041776334
0.9961249800114049
0.0015334901586600224
0.02946278444141491
-0.02543434695943644
-0.0068403059675689205
-1.3491707521620149
3.0500833661371223
-0.6979009896798857
-0.14910480094210918
3.1496252541846164
0.03296004868141132
5.58550255102586
-0.08131988904041568
-0.9058806830459528
-0.06531101534483863
2.6412748962733588
-0.27959745208314457
0.09682955903327269
5.298204403563712
0.09260164646207279
2.6795106889497546
0.9988557939102786
0.03647381384695486
-0.0008812341687547332
-0.00014826336621412065
-0.00012834481579210104
0.006353485468887719
0.0015157457422249865
0.0009819768993340168
-0.00011193083878676466
0.0008904302304416487
0.0007825285035193155
-0.00902575960022841
0.00045155204484395746
0.0016733640826928475
-0.00032229445767082007
-0.0013264833066879726
0.01861372799769561
-0.0005520855274364631
0.5316652942699979
0.006422384613444795
0.0020280702804690576
0.001024665461589456
0.12161078853947892
0.034676920344631795
0.04055040326475124
0.1285719051774219
0.12604205448958478
0.017183725452835627
-0.05728239568220703
0.027014960782814987
-0.2978637247168703
-0.31857134351786964
-0.042024503718396465
0.13408014109659894
-0.06680476356467908
0.995646640960688
0.00021830938253526564
3.600524567666337e-05
0.09966333491556781
-0.002222998388712709
-0.0002955588219940233
-0.0049769756581485615
-0.005097106076448956
-0.0007145579603731913
-0.0058932346148959595
-0.00022110656523377213
0.007486253295674498
0.007998359499845158
0.0012401879184459042
0.008395138842839434
0.0003476143497046323
0.9955748179865822
4.897877621589373e-05
-0.0022189570862094186
0.10150717724297507
-0.00047124984059728034
-0.0023475107451664283
-0.0183335373630817
-0.0002493469991886686
8.56112130173352e-05
0.000580989098471493
0.004277276263196935
0.028217109798786576
0.0004266097275381693
-0.0007699713915222001
-0.0010649743601930152
0.9954490721994398
-0.00030464237722996167
-0.0004901432924542413
0.10343769736537906
0.0002821700583642541
-0.0001508783110181965
-0.0066739785136483345
0.0017515295765809606
-0.0011461721638236432
0.0001600541662227491
0.00015679914389898688
0.011547613955799318
-0.0019455633656464415
0.0013853118642399868
0.629541448817028
-0.05350833775894424
-0.009625176074346112
0.03621611570445098
-0.28777633725024004
0.006297987720942798
-0.24222225643905215
-0.007605804159420668
-0.09797038376584428
0.7022539190199637
-0.009986635840622423
0.4732284830982047
0.016364281521101334
0.7367797099186271
-0.02693180866394954
-0.04864431141249039
-0.4899702999149903
-0.011632927605734403
-0.10607069547375896
0.017073048976008597
0.12630779908005335
1.054752375861899
0.029185971795640336
0.2573433178072525
-0.041316470979515074
0.7287889751321612
0.07962259738014535
0.009448071514416744
0.08259677328826781
0.14760973432168495
-0.0919088356370589
-0.15408960674010821
-0.03235170351594977
-0.1381680600145826
-0.2931036343157056
0.21908899288650968
1.1363133364960372
0.043219688996040465
0.024083120652598766
0.9054401171645607
0.014694635321620237
-1.8108432616758656
-0.1732075712012772
-0.050459096282486474
-1.614263965640349
-0.016030947639217877
2.0579639130746186
-0.03225232476715144
-0.016253823633178885
0.00969987590974423
-0.1759255533101148
-5.354201827194212
0.07433808936757834
-0.07829599764513615
-0.03633188270903458
0.9570199971773641
0.035679014367965986
-0.04189615094353344
-0.04942499035888709
0.07383614136532757
-1.2428761981726302
-0.07550348834428448
0.10780120547680908
1.8740204520382902
0.015148656534791558
-1.6005005059140895
-0.07570405159168508
-0.07732345735312687
-4.370053761712955
-0.0034751207116700735
0.9743426612495267
-0.015484607549128265
-0.036682412806869215
0.10844881955513166
-0.0040153355791390285
-1.2671566758142174
2.9799763622845954
0.5953845173510173
0.10320787884377963
2.5299927854051836
-0.008536693672642755
6.199174454922782
-0.16952771530034316
0.4757000347045618
0.1191998198604641
2.6278562219068906
0.16195891969870854
-0.27026099831129824
4.921019567751388
-0.06887422224278379
2.6023508626769445
1.0501727410717716
0.024746500495710075
-0.002982072757746375
9.819626814293614e-05
0.00010895313564620161
0.002152141134648474
-4.600746323412658e-05
-7.917892762710332e-05
-0.0022613000821922564
-0.0003138482476444001
0.0002498076153279041
0.0025317160965607683
0.0012120596198064355
0.0011193301154793986
6.15110738660386e-05
-4.729311265951607e-05
-0.0005049356558200382
-0.0008217043443670444
0.013462381844292597
0.004335867943819452
-0.00010889181739210475
-0.00016233971669863523
-0.0014380409782950847
4.1885926988685834e-05
5.0886735937043104e-05
0.004159802828842112
0.0004998751779362052
-0.0002440687940228177
-0.0036063315608808053
-0.0014629432558486714
-0.002049228532810086
-0.00012973362978066033
4.3315951083946836e-05
0.0009452279695442156
0.0008259581574761962
0.5553201059701496
-3.214818099828091e-06
-2.4440471442451946e-06
0.10221839397443536
2.8249638415489703e-05
1.1030484192704002e-05
0.01739539381183473
-0.0001187479557609265
0.0006767172177635434
-0.0011689375872202972
0.00046102572751588727
-0.00848989351391002
9.575424302535085e-05
-0.00027016595350633514
0.0005465832348990888
-0.00024996679703209203
0.5562724739497769
-0.0003111888438094762
2.831227262254207e-05
0.10064459684762425
0.00021984438692997771
-0.00042722071732573095
-0.0006874714433022393
0.0011193966737001004
-1.1400112047979418e-05
-0.000625256773262377
0.00018652616422470562
0.0003975788539403817
-0.0005271679819800173
2.2139645292727428e-05
0.0002996689877819342
0.5558094861712477
1.1111084358592744e-05
0.00021825970894338316
0.10138337898106434
0.0007245248222556984
7.903582370337477e-05
-0.0018213406036066003
-0.00010702800151136383
0.00015891562526213314
-0.0003282278251181625
-0.0001378556340405131
0.0005674767772639952
2.5380039555489195e-05
-6.557189721742599e-05
0.005666417893750941
-4.108749099667918e-06
7.905292416228311e-07
-0.006910818572651744
-3.451088712533142e-05
-0.0003738350026978532
0.0005615024216124381
-0.00012264812191839391
0.003525676093178837
-1.9471777118856797e-05
0.00016790538263534755
-0.00023435197878212744
7.741617343018926e-05
0.0058558630854462146
-0.00010639456264926545
0.0002202447242445737
0.0002247741760860947
-0.0004737842151938451
-4.381639692293327e-05
0.000288825891970912
-9.583909580394303e-05
-0.0002569846834599933
0.00022533296865856353
5.621076882246357e-06
-0.00014262100215008843
0.0057038480542496595
-0.0003378343537954518
0.00014450452941358645
0.0013540564841321642
9.261152630850205e-05
-0.00010260145189114927
0.00016059821338992262
-6.2165584957038935e-06
-0.0006069831820602965
-3.917434221145037e-05
3.6920486611469346e-05
0.1275197316448344
-0.001120498524857082
-0.0046550378804610494
0.023917951328051107
0.0048561779532598276
-0.11359737933432246
0.0005431528722833667
0.0016866244646015648
-0.008726680537437144
-0.0021238096043705453
0.2090410928083991
0.055405457263178276
-0.003975715149096404
0.0017987850839798608
0.0005424699388843434
-0.1718340533735453
-0.020829049408911598
0.001451582334666037
-0.0006564682427846467
0.18718899216122653
0.003517426729232638
0.003145742945648786
0.001694148606845738
-0.020777719288163632
-0.1551364421461007
-0.0012965239025326113
-0.001200679079460525
0.27300405134807765
0.027284023588788037
-0.00869090678243897
0.0014564451939619108
-0.0013057842729721366
-0.2191975066526623
-0.010014986819523218
0.10635664317743442
-0.002160833421569414
-0.000685113039215644
-0.0012084800889259025
-0.010059312006573926
-0.09607742998000748
0.025481831912389206
-0.0002757840910349731
-0.0005902653388065783
0.0030639818608629355
0.0009607915259176529
0.03544998472934503
0.007772178715226519
-0.0005303158511318121
0.00024959306086532097
0.03223569393407589
0.0004757155575717197
0.0004553088258330189
0.04413669642006
0.0036167312049886877
0.02180658180486675
0.05305417789302277
0.2845427897074526
-0.0010897035795821507
0.00012143765562734007
-6.666447250641759e-05
0.0017675263699162102
-0.0002228394693044425
0.00012759742092015238
9.624641394398136e-05
0.00017408943349955634
0.00033475216276191507
-0.0023279141994725842
0.0006598112403635904
-0.0004068924481875828
-6.0689107448202314e-05
-4.950055665658883e-05
0.0005323547864907183
-0.00016199729842243017
0.4780716305874414
0.0003380807968807653
-4.535081455194177e-05
2.1141284230308414e-05
-0.0017927162604074837
0.0002264977823145546
-0.00013473231582529954
0.00025114359561785994
-0.00011863492472029551
-0.00023779271786680557
0.0018086182954854249
-0.0003116020921980573
0.001618823582506142
-6.621146784945667e-05
1.6446084034917904e-05
-1.5152425399503761e-05
9.256776112695063e-05
0.3915989909954414
2.8211291011672687e-05
-1.6664035696123195e-06
0.13853929152057642
5.043544974862318e-05
1.0458279563093822e-05
-0.001379160417198331
6.0748365612259565e-05
8.022525415493857e-06
4.6141075762368646e-05
-6.0039707639167206e-05
0.0010792310093424434
-5.174897583045373e-05
9.985237146310053e-07
-6.644963514440722e-05
-2.7742751138298523e-06
0.39178523722131287
2.5937255351167876e-05
4.9858097303215e-05
0.13922691576432264
4.362910669175262e-05
-2.3369337892968006e-05
-0.00018147721185174647
1.1254792138975842e-06
3.977598367767354e-05
-9.164776260372416e-05
8.735874791556822e-06
4.756364994660429e-07
-2.078044151981008e-05
-1.3200645672377884e-05
6.168729880075502e-05
0.39177540950370604
1.2701571424139257e-05
4.54799157646318e-05
0.1394988917129548
5.068112315759955e-05
-6.623164933086035e-07
-0.00025919739817992785
7.744386562974514e-06
8.123828045904416e-05
-3.4724007291005766e-05
-2.1147708407152325e-05
0.00013377086584572868
-4.0946855112480235e-06
-6.006989858849503e-05
0.015554702771717773
9.026732785718062e-06
-0.00011113629621198754
-0.009678473928037801
0.0006009964414395745
1.70745268450478e-05
0.0007691904230484226
0.0010355166155154492
0.001400667421210129
-0.00010989111997480115
2.493841508104841e-05
-0.00018206324783936063
-0.00027682368535179587
0.014905285834226623
-9.968150181815899e-05
-3.956465554893152e-05
0.0018770506263969993
0.00041300545247631546
9.364534512256844e-06
-0.0003529312423025284
-1.1931054890478854e-05
-0.00037453740960633885
-0.00010105451946013369
1.4077389329667095e-05
1.9791735784164818e-05
0.014430215289658502
0.0002162266272916227
0.00041411846268462303
0.0003917369288990889
-0.00018068876477927997
0.0005424139195477867
-9.40307489427208e-06
-9.872352135660456e-05
-2.1837518512419678e-05
2.878602112363802e-05
-8.024091761302998e-05
0.23882981073615522
-8.581352291684234e-05
0.0004933436686988509
-0.00039462480204799675
-0.0038631026441025246
-0.16585970586851775
-4.120367895188264e-05
-0.0001501835041769558
-0.0001855008780780364
0.0011791687108747072
0.24527655179183475
4.157551896934203e-05
-0.00020120414121299596
0.0008807376988332616
-5.127209177646729e-05
-0.17049114864099701
2.2034177023436243e-05
3.4194890827510506e-06
-0.0002529603254041536
0.24601572305666927
1.8980808753014582e-05
-1.9743175730599943e-05
-0.00015524357569955292
2.244698378916248e-05
-0.17102134458889984
-1.735316479989202e-05
-1.0395855825670722e-05
0.2431143363132439
0.0012365845567507436
-0.0001992240402432431
-8.82184229262133e-07
-1.4511809866454981e-05
-0.1707708127018852
-0.00018252364569418792
0.24050092353554733
0.001099689223751605
-0.00023740299092465765
-4.871869143978232e-06
-0.00019393940740199933
-0.16678903823592156
0.029257230169368334
1.6146103773376825e-05
3.479324286483193e-05
0.00010121484004988585
-0.000316322903360592
0.029803826577879514
-9.676699455301218e-06
2.2490762332662027e-05
5.6170881410774465e-05
0.029879240623920448
8.39926119725297e-06
1.9932677658311405e-05
0.03007319070117473
1.7191400956380845e-05
0.02927506047853374
0.05331046437467571
0.2855883627550245
-0.0007157674222166676
-1.3802910153830572e-05
1.0144512887586608e-05
0.00012197392717275892
7.41704068434346e-05
-5.0018811649209154e-05
0.0064572890575719
-8.304247867310026e-05
9.056043263869687e-05
-0.003235561156585803
0.00010626498216038987
-0.0016222227681450523
2.7959039347288602e-05
-2.5187222531158066e-05
0.000696310812466966
-0.000315712363341634
0.47779504972590503
0.00018578873334865366
1.2180127883306943e-05
-1.2510062472496016e-06
-0.0005829721628658985
-4.99408482438122e-05
4.6915383345935074e-05
-0.0036464735825399684
6.945913978246279e-05
-6.447461770163705e-05
0.002095034581862971
0.0007938242847542188
0.0012763411610857724
-4.3891330318211196e-05
-1.9082709633738403e-06
-0.0007896885529524063
0.0006721887076877407
0.39224818764001534
2.765482173641857e-06
6.262543783343879e-06
0.1407710469997132
1.3071603980512767e-05
1.5929254174794547e-05
-0.0011593327023453255
-4.810459532767554e-06
-2.5313241448244563e-05
6.312462733425766e-05
0.00021308142736786056
0.0008896656437518699
-7.644402494653251e-06
3.962843829068542e-06
-4.48472293196556e-05
-0.00010498915496543306
0.39216972364082014
-0.00014372355821099458
1.42545284782985e-05
0.14028815123437263
-0.0003912129627284358
-2.5172257921854822e-05
-0.000127281344212389
2.1609214782504136e-05
-7.122851840314338e-07
9.164149406132452e-05
5.161734348486722e-06
6.318284454125413e-05
-4.950328545091716e-05
-1.4888864231350211e-06
-3.400603069707223e-05
0.3921249590170218
1.6273025280071783e-05
-0.00037580690163131975
0.14028075300144502
-3.0397011413979378e-05
2.5640346625716843e-05
-0.00017243424683443037
9.560682843420632e-06
-5.031687991905823e-05
1.242871350289939e-05
-4.9198848006643203e-05
0.00012724614924408817
-1.396422892332631e-06
1.1835542121595041e-05
0.014685982741898619
-5.499947727602191e-05
-2.903999508042763e-05
-0.0044627542773108975
5.869844518848918e-05
6.82742173425436e-05
0.00018807155031270027
-0.0005005208183792866
0.000660807194824487
-2.5833074280539146e-05
-3.1648154000439875e-05
-1.2804632407352215e-05
0.0002633714722957187
0.01567616608024202
0.0006997088331891284
0.00028931213542042445
0.0017048815137663516
0.0008491304935968841
-6.061583322399894e-05
-0.0004690954495620841
-7.09218234694438e-05
-0.00020411001014920813
-0.00015011905087616173
8.194292516436e-06
0.00018499617695970594
0.015124571679063878
0.00012325961671974436
0.00098304737459513
0.0007594204728901203
0.00014286077466831262
0.00015949788662623758
-5.9821625862256865e-05
-0.00019726825018259947
3.855653202135742e-06
-2.3563190033275206e-05
-6.885357839925444e-05
0.221666854046562
0.0003163123446098743
-0.000908723053959393
0.0021584402343148962
0.0014336851782875775
-0.158332727430116
-0.00011876280761228041
0.000277996735032029
-0.0005495868380264444
-0.0005812830947552815
0.2399324382220219
0.00015902167937558936
0.0004910806113264416
-0.0019067234129392081
-0.00011224676805257343
-0.16999376459305207
0.0003052967283701812
-0.00016158950680518296
0.0005415900367901305
0.24462761689870366
3.3672023183217985e-05
0.0017005414419306215
0.00026886095247034684
0.00034963818142463664
-0.17235174855588536
-4.076280059827467e-06
-0.0004913390416721336
0.24053146728679586
-0.010895073205942362
-0.000530279377125779
-0.00015759652914488576
-3.0650265426728976e-06
-0.1706821986514685
0.0034174814763489846
0.16313122907645589
-0.00015975699599062466
0.0005991394097952519
-0.00047875399304635766
0.003374361358534671
-0.12250535390528025
0.028544530642731318
4.240041191870916e-05
-7.679823723316418e-05
3.0977379729001266e-05
2.7077827396704676e-05
0.03025280374474238
-0.00020211756064629087
5.0770274008750196e-05
-0.00017379779680259797
0.030484582201797283
-2.9361864450948726e-07
0.00013630321800441975
0.030399485487712395
-0.0009990591879074481
0.023216077140895547
1.0515696518109152
0.02158085476440106
-0.0026288152112954556
-0.0002581992870345455
-0.00020001424841028134
0.001895581080317029
0.00018199236734734998
0.0001499697719994524
-0.0010598786807405692
0.0005041135057997027
0.0007656248198917506
0.0005807436476578647
0.003097982378255016
0.0007101367185860082
-0.00020777543068052227
-0.00033487871945852925
-1.0113787857947444e-05
-0.0015904660284704547
0.014498036167240859
0.0037065391517663963
0.0003515850444889857
0.00025731964332631637
-0.0014022520839126354
-0.0001430864751579526
-0.0001458249559571624
0.003254108478094416
-0.0005749195904638055
-0.0007536436861630836
-0.0011325161545498856
-0.0028839976765121303
-0.0015822071429031522
0.00023597930208147597
0.00033823807591662453
0.00010795973854381847
0.0015551860552013679
0.5554745951831577
-2.3970046470494317e-06
-1.0572335979650639e-05
0.10130379101353054
-7.223011114196708e-06
1.5091575970936267e-05
0.018144369218562505
0.000372131349392956
8.757506998821084e-05
-0.0013872849635870378
0.0012189229605716243
-0.008648895424887913
-0.0001788229979606926
-4.189093760905708e-05
0.0005953718457967684
-0.0005998526358543761
0.5562941225835554
-0.0004031960969471599
-5.335319527674263e-06
0.0998862094968204
0.0003444625178908345
-0.00029810210265195634
-0.0028170391117964344
0.0021762407238459618
0.0002331974025715291
0.001076018795936364
0.00015594538859985157
0.0014256421990867488
-0.0010019860314179282
-0.0001047919507982662
-0.0005153654072275785
0.5561164963225863
1.5786594079197417e-05
0.0003433441733982326
0.10016810997785697
-0.0006367331906928688
0.0012679683937314571
-0.0048690156100978784
-0.00019628627115124653
0.0006494018441303438
0.0002816955544890999
-0.0006634602255391761
0.0020318558897009795
1.9197366609023927e-05
-0.0003388278533274341
0.005730442423932291
-2.85699025230849e-06
-7.479321343879375e-06
-0.0075133290568284465
-0.00017439775137500883
-0.00011295540194072316
0.0007433525473359462
-0.0004966912793022527
0.0038331255819041756
7.777170126162152e-05
3.9119158674128676e-05
-0.00029403440112895924
0.00026606601841147885
0.005931219616775613
-0.00019234315760653396
0.00013835121328218406
0.0010946983476199158
-0.0010032149519048363
-0.00011142733927756222
-0.0005562178100461973
-7.878670825216177e-05
-0.0006587462910338748
0.00048059167167078664
4.874006181350307e-05
0.0002795008829270018
0.0058466727299469464
0.00035187209453446395
-0.00042613759501441365
0.0026631296929687538
0.00024398695203446124
-0.0002859744966311554
-0.00017130006760781186
0.00026475434752893
-0.0012063907257757675
-7.056144284618352e-05
0.00015631109411860225
0.13013010248065912
-0.0019004340576263454
-0.0030587156660187853
0.017043650227296772
0.002884884941926299
-0.11628710528619923
0.00071586129556841
0.0012456758184685402
-0.006180758318056149
-0.0015679117457565734
0.19043929345506153
0.036465556662630044
0.003752841549998817
0.001630209979063252
0.0007152302569163049
-0.1579440218707862
-0.013488516628620932
-0.0013706319062726155
-0.0005309366009322978
0.13939991168256632
0.0006245435049283582
0.0006434829716176436
0.0012462258726645618
-0.01347506082048371
-0.11895843273210954
-0.00022561708429237072
-0.0001876720763645238
0.27515088791394715
0.007813082274410264
-0.0059298470810479195
-0.0013734000860346606
-0.00022017376271745614
-0.2201935572178771
-0.0027803963014915146
0.11544079699289769
-0.001567729489554334
-0.0005154508168371265
-0.00017704276804108063
-0.0028094928444360144
-0.10461359448901864
0.02616987557015416
-0.0002638950372210009
-0.0005139882478919298
0.002057040333025154
0.0008378141569476939
0.03289467899765389
0.004905342612756302
0.0005003198628051482
0.00014830508106474744
0.025433164650047437
7.651179416696608e-05
3.663210586482788e-05
0.044225388938741374
0.000957629413750068
0.023839154025700665
0.0531181391126654
0.2856634893115819
0.00020924447051977834
0.00021963951079648984
-5.643982242791125e-05
-0.00023083464766272062
-0.0005140336278285018
0.00021454952612722888
0.006837799818218863
-0.0067870049344533195
0.00044876283001074065
-0.001488890793514405
4.4679891800240924e-05
-0.0013820092854723745
0.0017440687225284517
-0.00011470620207926735
0.00075718227465226
-5.638415808475985e-05
0.47779977479978564
-7.671606903956722e-05
-7.748048110490426e-05
2.183746608270621e-05
0.00033152095002774015
0.00044187928849391794
-0.00018326233459051646
-0.004681070910003135
0.0037041024528687303
-0.0003309814146627148
0.00010005453717974884
3.849252560321807e-05
0.0011782500492834836
-0.000963952500589043
6.498926037169871e-05
-0.0013711172811097395
4.516105287711112e-05
0.39211949602067075
-0.00011574645606759053
6.04874863898467e-06
0.1403812280829433
-0.00023503257962920762
1.568024701661171e-05
6.528545412678405e-05
0.000271260717181381
-2.3634473384467826e-05
9.606329361696485e-05
9.6836327648245e-06
-7.777042720491788e-05
-3.092022449864169e-05
7.557759252977263e-07
-7.778111075376683e-05
1.1025838151371226e-05
0.3923087094606712
-9.842380854129912e-06
-0.00024788825796906574
0.14086420711728198
-1.960461086967546e-05
-0.00017694559136258934
0.0004548399310704596
-3.4592896782525074e-06
0.0005473052080824331
-1.4006451397243478e-05
0.00011470827235798415
-0.00024641868385178877
1.4473467262353293e-05
-0.00021630035971491817
5.441889164694648e-06
0.3919708096194289
1.631809463721533e-05
-1.911011437709023e-05
0.13941507961967198
3.332408528005729e-05
8.548314115791345e-05
4.5885427182292265e-05
8.139950882285308e-05
0.00013457808424225933
-2.208212320416216e-05
-1.1905833256301391e-05
-2.6993534498926615e-05
-4.0441066664288416e-05
-6.066841040822345e-05
0.01463091149929682
0.0006085970684792555
-3.001799802008594e-05
-0.00013857583905414652
-0.0026363519017939215
0.00024800420436851866
0.0010236700631811877
-0.0003616290889215332
3.933889345658622e-05
0.000700205493349253
-6.670302718527332e-05
-0.00010450150617561795
9.418103269026855e-05
0.015227612205431156
7.131374314768327e-05
-0.0002520032183172959
5.597340837379274e-05
-0.00021570882709309687
-0.0016791321922009785
4.151026747538796e-05
6.3013082956484565e-06
0.00034875907727659953
5.345898885271532e-05
0.0006419115269022881
-1.4181595597295713e-05
0.016158502184491812
0.0001161493676962065
-0.000964351307948356
-0.0003363244354155916
-9.114165479828465e-05
-0.00013016202700744567
1.5668238279569085e-07
0.00027039218488855764
9.037831006163699e-05
9.43776933666294e-05
4.676117051381129e-05
0.23266556290673593
-0.004426802793534844
-0.0011387584083058467
-0.033816407711424454
0.0034384451665081606
-0.16568743034018354
0.0011429742596235338
0.0003168110486081496
0.011134533966093905
-0.0010436693296633362
0.21411507876469227
-0.000979624116667014
-0.06837214766993288
0.0026936697131490182
0.0006756352335497018
-0.15284041874008664
0.00022640395707903567
0.020410754257305957
-0.0007968063082766783
0.24329181236987854
-0.002079560268564189
-0.0019988874328904344
0.00032275641126535597
0.0002604955755887643
-0.17101779130895428
0.0006666973320400417
0.0006559291695620721
0.1701146369532642
0.010831978257121393
0.010454717548868519
0.020666436130757575
0.0006202737835650394
-0.12744554500332309
-0.0033375706882884043
0.2365715608464361
-0.0009563053468302633
-0.0007810367481196538
0.0006413545596316078
-0.0032111366754293052
-0.16809250642151102
0.029645579444734827
-0.00017746310660693914
-8.230523835988869e-05
-0.003191401857331908
0.0002776298609605378
0.027595896613164462
-6.370487834191297e-05
-0.006001192357848826
0.00023286863636874146
0.030202743831967055
-0.00018730018501059744
-0.0001934750534132555
0.02415849763497094
0.0009614848579064661
0.029998857788854763
1.0517072953872324
0.02106690399224032
0.0002292020855710467
-0.002482269971990045
0.0002178619370806667
-0.0001879114783074352
0.0020208303246170077
-0.00010598222089547687
-0.0071950579723842265
0.0017947861993742428
0.001554602483525828
-0.007249291211967149
-0.001022409755734163
0.002695003760133244
-0.0007104643459209608
-0.0005007164702112434
0.003499309733661715
0.0003832798030184262
0.014246820618484497
-0.0002893878533740099
0.0035605432948781763
-0.00022347309573037062
0.000217773755883838
-0.0017806780744213054
0.0001240205164865679
0.007372670880142228
-0.0016673824920951812
-0.0014167891135420732
0.005579382932250373
0.0009415899360493595
-0.002991466358940623
0.0007065216045571525
0.0005759875602192434
-0.003270219575729506
-0.0004368306935745356
0.5560779269390316
0.00010584854443682431
3.9075185697232494e-05
0.09961861185065596
1.5611572009288727e-05
-2.2529818245716905e-06
-0.000258808337555116
0.010396566534264993
0.001416055984125969
-9.082010203923013e-05
-0.0007164743638414072
-0.00021011540780587417
-0.004987221162945175
-0.0005642678363329701
0.00010072951815172376
0.0003394900853993452
0.5565918719748987
-2.5902165922168217e-05
1.5096111237758309e-05
0.09883018352246596
1.6006609315341853e-05
0.0023823101611434466
-0.0021896810018578747
0.0003083557120694274
0.0056663798976284855
0.001466130677798213
-0.0012294188395749772
0.0010511292660221566
-4.7371979119982836e-05
-0.0025505845403528864
-0.0006324199747529103
0.5558148038168522
-3.415356958138767e-07
1.7055758464538224e-05
0.10044850086778427
0.0014500360094879595
-0.0005171572738053103
1.7695103107924785e-05
0.0015524347798724976
0.0013590342687110212
-0.0005574014916534146
0.00025526263882463314
0.00015371077107668874
-0.0006640973360920142
-0.0007025757124604752
0.005885255751264122
2.1748217526912314e-06
-1.613524207712615e-05
0.0008027667270953535
-0.005314444110536208
-0.0008467244478507029
-9.86181306408638e-06
0.0003505466165428399
-0.0002019972152633238
0.0027190191785167557
0.0003485564838504392
-6.134148933225288e-05
-0.00017308249076803105
0.006082019821101526
8.11755874082927e-06
-0.0008024370338963403
0.0012140968650060742
-0.00023303338504789236
-0.0033407333231173686
-0.0008070913078430495
0.0005354724838581707
-0.0006100961867303233
4.656329421128635e-05
0.0015803852661666095
0.00034492260826131827
0.005621176012417182
-0.0007948562459180275
0.00023282197636037588
-0.00018781965527475865
-0.0007287147670281908
-0.0009556697759731895
0.0003322012785867656
-0.0001233655345881769
1.1018710798038468e-05
0.0003479346878631611
0.00043554412613771784
0.2157837963980065
-0.0031596138776748117
-0.035294046254390296
-0.08905301888607384
-0.014213813970238846
-0.17595985174348214
0.0011034981316081752
0.013297031014189355
0.032242811980274004
0.00530933965271893
0.12633408244880368
-0.002893627372624196
-0.0017289170985203709
0.007391444031041626
0.001101603419513895
-0.11484944924235575
0.0009241354170737651
0.0009791841428424353
-0.0025859690081943922
0.1714217904884926
0.018199163925385585
0.0035514845192026624
0.013297772937983602
0.0009024340066695514
-0.14234150429010994
-0.006641112318026076
-0.0010854741468719045
0.14651097563358856
-0.0073105827154523115
0.03226901433297364
0.0009780713818229102
-0.006604636818380725
-0.12644694387009386
0.0026628081778575
0.1701270966332926
0.005330127679879129
-0.0025495358971371882
-0.0010813578282861792
0.0026831554944970726
-0.14170352252355917
0.03609257519019826
-0.00037017255446273006
-0.005027098407773229
-0.011451420140082753
-0.0019834484535666296
0.026289988497324415
-0.00023707241655993526
-0.0005211792364806769
0.0008348937538904434
0.029609409467682098
0.002372795534306529
0.0003064294213419791
0.02749686816336521
-0.0009431379565172254
0.02957654364457462
1.0530225012431162
0.017905842933145323
0.0016785593724003619
0.0019089335639111164
-0.00020122771067924468
-0.0013952728529633067
-0.001353723955242208
0.00012421450911746806
-0.0013402725008449178
0.00015277850639668067
-0.0010023667033677113
-0.012564511554424007
-0.0013937912511203143
0.0005032591459446553
-0.0002562269997727658
0.00044704683563834676
0.005945631387696684
0.0006076576330549522
0.015281327846555687
-0.002460716423608292
-0.0024756741899219633
0.0002563135001919214
0.0011926254328689305
0.0013001679676673769
-0.00011002540096420236
0.0018080457134126387
0.0009514810021231242
0.0009885406958480608
0.011923801827435646
0.0013693906506611485
-0.0007255228421301966
-0.00023699331252334988
-0.00048315488457043634
-0.006211466396024596
-0.0006396640298329827
0.5556086540056911
-0.001046317689066342
-3.9309840220702095e-05
0.0993678536638187
0.0007910112883367933
2.049278758867402e-06
0.0018066338880851347
-0.013838850036583805
-0.0009785849386746265
-0.006473028109399818
-0.0010667715599304598
-0.0007970449271096164
0.006234803835978492
0.0003948289117306833
0.0029252995980770568
0.0004781223457392917
0.5562749764859767
1.3103700668015577e-06
0.0007872824477169478
0.09822569955890452
-2.4348836276491566e-05
-0.012442957763358358
-0.01213071399787458
-0.000627597841019489
0.0008289102669949973
-0.0005654430454838115
0.005392352759699246
0.0055687559057304575
0.0003169701248069756
-0.00034933855058732967
0.0002454715964510302
0.5556883884156624
3.302367881731263e-06
-2.2699480542629706e-05
0.09960708463573861
-0.0013328442130626657
-0.0010412634304485234
0.0005624537887648211
-0.0014245276394743483
-0.00018560262860245204
0.0005516510132882549
0.0004670195931024435
-8.224749414153702e-05
0.0006194177714618934
8.898222954769763e-05
0.005793494574350997
-0.0003424290682999895
7.411567840975266e-06
-0.0005370170573483787
0.006703097944134023
0.0005607458249988988
0.003120562598168658
0.0005259928603900142
0.000285665572035878
-0.003303274124611314
-0.00024775210443896427
-0.0015762946830293627
-0.0002530259343845124
0.006142811981750373
2.0651250609707444e-05
0.006246521266414114
0.006024468533005997
0.00022351824093436883
-0.0003169936839095343
0.0003264875611898217
-0.002822330678546002
-0.003027669669074066
-0.0001421939555557455
7.058295462725663e-05
-0.00015414182422542213
0.005638473308977375
0.0006762847189621122
0.0005042153175002012
-0.0003721449106131601
0.000674478357571762
0.00011835201388290766
-0.00029604963579697014
-0.00024456284476408565
0.00011657793695938549
-0.0003141982455654206
-7.957893718523823e-05
0.1287796939637267
-0.003497371346686375
0.0060170647598286175
-0.01301594344961839
0.002813766533895749
-0.11189129243909132
0.0011086322170474722
-0.002375805434089188
0.00481151405930483
-0.0010744234883698495
0.1309894589874019
-0.005254664283016645
0.0028252127531097062
-0.0026255551294636454
0.001123136380057989
-0.11922575839438254
0.0016824989564240135
-0.0007736041057706685
0.0007230621178392385
0.18595981509977905
-0.002628523320091123
0.0007365684570994717
-0.0023826241111455657
0.0016902913947293048
-0.15332815917244624
0.0008804085159719136
-0.00021237585038873632
0.12975348722731117
-0.0055054254754197075
0.004812030243318125
-0.0007725521132144895
0.0008817879481316514
-0.1157112446781487
0.0017689649622472364
0.15030073669688288
-0.0010808474436816064
0.000719470895110708
-0.0002403877483949196
0.0017683028488438722
-0.12725147787337027
0.02439651604001431
-0.0002844815140566964
0.0009592735037771197
-0.0016933141429344538
0.0004148864291651238
0.027343680807772212
-0.00047165176636931633
9.837029691339981e-05
-0.00012373112947437865
0.031689510426426155
-0.0002694400053199747
7.362612988524727e-05
0.025972323239000644
-0.0004995118400751328
0.026988884581750913
0.053534336498595535
0.28299421278861586
0.000437258017122548
-0.0007137184608214482
-0.00010704071284546064
-0.0010335682229362924
0.0010755260758561216
5.219217943848022e-05
0.005419959991785307
0.000920935656566928
-0.00015621348616394888
0.0015006486859955248
-0.000799177823836773
-0.0011691877819911011
4.114261888374333e-05
6.211228391089492e-05
-0.0006839522332595069
0.00011956956843499466
0.47869799687837233
-0.0001524814197704747
0.00018248058718144176
3.0316409382573996e-05
0.001010255583214987
-0.001229363005391004
-9.971636911993798e-05
-0.003518102966438121
-0.0010020691229327859
0.00026236042338885
-0.0008819055620902685
0.0004063639926394628
0.0008389195451182481
-0.0005227056493240036
0.0004542178376130432
0.0004167691116913116
-0.0009266291945083412
0.39151908757456105
0.00014097852352482472
-4.307936791056566e-05
0.13857071279532965
0.0002711355612132819
-0.00013164137267854953
0.000157913246789259
-0.0009318487869321109
-5.939932628737174e-05
0.00040811688155204754
-1.0516333833591225e-05
-8.076198076947474e-05
0.00044496642254018837
5.103206698931321e-05
-0.00015886071573179271
2.1402775750176488e-05
0.3915111479589264
0.00018632531807387826
0.0002858446842565445
0.13837019734227665
0.0003301319821120519
0.00020430230604325553
0.0009742344532155072
-2.3519219342943937e-05
-0.0004787580522933822
-5.796106895958333e-05
-0.00011931191854211887
-0.0004208358871748075
2.2854142297008356e-05
0.00034263006675972266
2.595377216431494e-05
0.39147896715370467
-0.0001357059492486787
0.00032151948373853353
0.13827990372679844
5.380401187620042e-05
2.908324302497029e-06
0.00011736875591342427
0.00012592567284390005
-0.00023963069242710443
-1.888967660243495e-05
8.001099595425269e-06
-8.809942284613118e-05
-5.9780766482961546e-05
0.0001647066854301789
0.014963937449429657
-0.0005106476364129754
6.333584719341183e-05
-0.00025771957990992667
0.002046007969272765
-0.00011046676114058607
-0.0005588137453063595
-0.00031984293393929285
9.427877719216969e-05
-0.0009513087244550615
3.097051580084069e-05
0.0005342981333634995
6.592133843239555e-05
0.015982094385542586
7.128448762318596e-05
-0.000627025012099969
-0.0015302558626449202
-0.00020405596891240433
-0.0024801841349806194
0.0001886958223053279
0.00011743441499756854
0.0012126982444402117
4.8336043583094307e-05
0.00023888451319665816
-5.199995834169353e-05
0.015502455638962003
-7.094814925583028e-05
-9.7891909178718e-05
0.0003447939874822416
-4.997977987059595e-05
8.737103782958456e-05
6.87886872491095e-05
1.5922282087094244e-06
-6.895147057227093e-05
9.117868225368351e-05
4.19123745277254e-05
0.23829523514019268
-0.008825098910129114
0.0010322124777541809
-0.030220400883867897
0.005211006513632303
-0.16664566395216185
0.002375497116878587
-0.0001381827584205541
0.009108691788118281
-0.001050234831987607
0.19543402822291067
-0.003329087426830061
0.009502702578023799
0.003974039438024142
0.0024514122275388923
-0.14172010829947945
0.0007815969907566411
-0.0025554333530968597
-0.001146419354365517
0.24441866702484016
0.0008243344018112183
-0.001514264968428838
-0.00017969568900054288
0.0005017294344852454
-0.17010572390424283
-0.00045611926337469017
9.511695267233252e-05
0.20271878953885952
0.00737441531172455
0.009140371325611144
-0.0025374920740175062
-0.000369694829099202
-0.14606857150227825
-0.002200960834892355
0.2413253954386023
-0.001060852193963279
-0.0009559010639828033
0.00011543063601466514
-0.002085154513531866
-0.16869312361123154
0.02932337465396284
-0.0006441281558181647
-1.7353736365904357e-05
-0.002552698412479005
0.00011365760353360807
0.026009290328157384
-6.793797931596969e-05
0.0005327627664529131
0.00025590741265031186
0.029749157675397195
0.00017871033558772932
6.441559270507371e-05
0.026665240520104973
0.0005954091003880757
0.029650999574606596
1.070034134208211
-0.22535421727599275
0.06269096842594953
-0.025989988297795676
0.00234243662346305
-0.09642437987159762
0.03130084228280793
-0.002031720351692584
0.03640837700704692
-0.10561566869046943
0.015397768494634078
-0.0001641750500195224
0.05946439282652922
-0.0031650616887972122
0.00020996667862746376
1.2334652832774715
-0.1152780389352085
-0.005468416015580144
-1.020947644818047
0.028525145857278375
0.001237002752088496
1.2288202971474385
-0.007233710105525657
0.02927773657852668
-0.9517948983093942
0.002021867751039349
0.8837040789447672
0.0006320831634798799
0.002156264985707399
-0.5572467736750009
0.24696477158791422
-0.0012728231500037214
-0.0002020002019264926
0.2146873294298556
-0.00010951797192881022
0.10958473313267146
0.0
0.0
0.0
0.0
0.0
0.0
0.0
0.0
0.0
0.0
0.0
0.0
0.0
0.0
0.0
0.0
0.0
0.0
0.0
0.0
0.0
0.0
0.0
0.0
0.0
0.0
0.0
0.0
0.0
0.0
0.0
0.0
0.0
0.0
0.0
0.0
0.0
0.0
0.0
0.0
0.0
0.0
0.0
0.0
0.0
0.0
0.0
0.0
0.0
0.0
0.0
0.0
0.0
0.0
0.0
0.0
0.0
0.0
0.0
0.0
0.0
0.0
0.0
0.0
0.0
0.0
0.0
0.0
0.0
0.0
0.0
0.0
0.0
0.0
0.0
0.0
0.0
0.0
0.0
0.0
0.0
0.0
0.0
0.0
0.0
0.0
0.0
0.0
0.0
0.0
0.0
0.0
0.0
0.0
0.0
0.0
0.0
0.0
0.0
0.0
0.0
0.0
0.0
0.0
0.0
0.0
0.0
0.0
0.0
0.0
0.0
0.0
0.0
0.0
0.0
0.0
0.0
0.0
0.0
0.0
0.0
0.0
0.0
0.0
0.0
0.0
0.0
0.0
0.0
0.0
0.0
0.0
0.0
0.0
0.0
1.066762193623673
-0.20521465449199652
0.017046064845016223
-0.008649663971132938
-0.0005726357120292776
-0.04390505147651965
0.011317514537860358
3.719033435440946e-05
0.04706699483163755
-0.07638236238128748
0.010013760432114858
-0.0013202333926704557
0.02327356278890102
-0.004930705621182984
-8.10270152015559e-05
1.1935530018096823
-0.008149856786000179
-0.009875497608955402
-1.0407418994601783
0.008698456506637739
0.00041553178037073436
1.1772731583711848
0.0015171072877285651
0.008595904592610512
-0.9042229373296521
-0.0006302668425897115
1.1813010742079002
-8.242421660386792e-05
-0.00040161819531937235
-0.4474424048535263
0.269581322308436
-0.0051464162780210584
-0.0001540066277774071
0.2043312765810651
0.00019920175966292177
0.08034228242138489
0.0
0.0
0.0
0.0
0.0
0.0
0.0
0.0
0.0
0.0
0.0
0.0
0.0
0.0
0.0
0.0
0.0
0.0
0.0
0.0
0.0
0.0
0.0
0.0
0.0
0.0
0.0
0.0
0.0
0.0
0.0
0.0
0.0
0.0
0.0
0.0
0.0
0.0
0.0
0.0
0.0
0.0
0.0
0.0
0.0
0.0
0.0
0.0
0.0
0.0
0.0
0.0
0.0
0.0
0.0
0.0
0.0
0.0
0.0
0.0
0.0
0.0
0.0
0.0
0.0
0.0
0.0
0.0
0.0
0.0
0.0
0.0
0.0
0.0
0.0
0.0
0.0
0.0
0.0
0.0
0.0
0.0
0.0
0.0
0.0
0.0
0.0
0.0
0.0
0.0
0.0
0.0
0.0
0.0
0.0
0.0
0.0
0.0
0.0
0.0
0.0
0.0
0.0
0.0
0.0
0.0
0.0
0.0
0.0
0.0
0.0
0.0
0.0
0.0
0.0
0.0
0.0
0.0
0.0
0.0
0.0
0.0
0.0
0.0
0.0
0.0
0.0
0.0
0.0
0.0
0.0
0.0
0.0
0.0
0.0
1.0707590069984128
-0.2265699090600619
0.05485951845667503
0.025572505549950213
-0.0011311686981964753
-0.08580999206169629
-0.034647524073013115
-0.00017132796808488107
0.04075604776347813
-0.094654782425938
-0.0248060921250668
-0.0020707372099113795
0.042330087816018054
0.0048941881152260724
-0.000202597782215937
1.2078193529822725
0.1265373815639998
0.02926754258627639
-1.0471469431260028
-0.018971270935920985
-0.0061091527593658025
1.230576996695677
-0.005100469800081704
-0.019518191473035545
-0.9544521000622121
-0.0003527528704109636
0.9503933988754327
-0.0046971601558785
-0.0011473398080649013
-0.5643544229945623
0.2686379645363799
-0.0049281460092444685
0.002291646128400816
0.21590281878329948
0.000537763214744467
0.10816657179282711
0.0
0.0
0.0
0.0
0.0
0.0
0.0
0.0
0.0
0.0
0.0
0.0
0.0
0.0
0.0
0.0
0.0
0.0
0.0
0.0
0.0
0.0
0.0
0.0
0.0
0.0
0.0
0.0
0.0
0.0
0.0
0.0
0.0
0.0
0.0
0.0
0.0
0.0
0.0
0.0
0.0
0.0
0.0
0.0
0.0
0.0
0.0
0.0
0.0
0.0
0.0
0.0
0.0
0.0
0.0
0.0
0.0
0.0
0.0
0.0
0.0
0.0
0.0
0.0
0.0
0.0
0.0
0.0
0.0
0.0
0.0
0.0
0.0
0.0
0.0
0.0
0.0
0.0
0.0
0.0
0.0
0.0
0.0
0.0
0.0
0.0
0.0
0.0
0.0
0.0
0.0
0.0
0.0
0.0
0.0
0.0
0.0
0.0
0.0
0.0
0.0
0.0
0.0
0.0
0.0
0.0
0.0
0.0
0.0
0.0
0.0
0.0
0.0
0.0
0.0
0.0
0.0
0.0
0.0
0.0
0.0
0.0
0.0
0.0
0.0
0.0
0.0
0.0
0.0
0.0
0.0
0.0
0.0
0.0
0.0
1.065054317752141
-0.20092785481732287
0.018014281015413813
0.00692127665453552
0.00031024205653250607
-0.046458567290790925
-0.008731928002558583
-0.0010501717148986768
0.045690784150927546
-0.08252982357024027
-0.007307123960769565
-0.0017792461239808906
0.028211614558281035
0.003753031929308968
0.00041113808883863016
1.1833056404646645
0.013515295176449584
-0.014982824392173043
-1.031983970296197
-0.012758870444934987
0.005818950501375101
1.1605613075619439
-0.00024146981280545403
-0.012676931789920024
-0.8936026937290703
0.0003113775688253725
1.1688095886656615
0.005736086127232502
0.00010378461148131688
-0.4263566420581431
0.2650845988601751
0.007936535727292835
-0.0034930725580026006
0.20191840111684722
-6.231857200446236e-05
0.07739111559082831
0.0
0.0
0.0
0.0
0.0
0.0
0.0
0.0
0.0
0.0
0.0
0.0
0.0
0.0
0.0
0.0
0.0
0.0
0.0
0.0
0.0
0.0
0.0
0.0
0.0
0.0
0.0
0.0
0.0
0.0
0.0
0.0
0.0
0.0
0.0
0.0
0.0
0.0
0.0
0.0
0.0
0.0
0.0
0.0
0.0
0.0
0.0
0.0
0.0
0.0
0.0
0.0
0.0
0.0
0.0
0.0
0.0
0.0
0.0
0.0
0.0
0.0
0.0
0.0
0.0
0.0
0.0
0.0
0.0
0.0
0.0
0.0
0.0
0.0
0.0
0.0
0.0
0.0
0.0
0.0
0.0
0.0
0.0
0.0
0.0
0.0
0.0
0.0
0.0
0.0
0.0
0.0
0.0
0.0
0.0
0.0
0.0
0.0
0.0
0.0
0.0
0.0
0.0
0.0
0.0
0.0
0.0
0.0
0.0
0.0
0.0
0.0
0.0
0.0
0.0
0.0
0.0
0.0
0.0
0.0
0.0
0.0
0.0
0.0
0.0
0.0
0.0
0.0
0.0
0.0
0.0
0.0
0.0
0.0
0.0
1.0572901828725627
-0.1811918563180636
-0.1341615851815988
-0.021663952384537236
0.0032790543274335846
0.2052805838123158
0.034313295795755795
-0.0021082455035588985
0.02956308442598846
0.23471577366892982
0.020449735876797343
0.0010207046274448822
-0.11438987053145777
-0.002700587089616134
7.72152643057793e-05
1.0349857010367813
0.20605164950747845
0.004606569450463808
-0.7316171739076092
-0.021239561962632686
-0.0013091423405138273
1.139166829218081
0.006641570697084933
-0.02649523671414169
-0.8733847690944756
0.00024433538616805737
0.7310160754060482
-0.001587940573967216
0.0006170501718169585
-0.46606869697184955
0.1626542852777474
-0.008260877058012286
6.489100944688666e-05
0.19047548897171923
-0.0006029148465505868
0.09052949373426247
0.0
0.0
0.0
0.0
0.0
0.0
0.0
0.0
0.0
0.0
0.0
0.0
0.0
0.0
0.0
0.0
0.0
0.0
0.0
0.0
0.0
0.0
0.0
0.0
0.0
0.0
0.0
0.0
0.0
0.0
0.0
0.0
0.0
0.0
0.0
0.0
0.0
0.0
0.0
0.0
0.0
0.0
0.0
0.0
0.0
0.0
0.0
0.0
0.0
0.0
0.0
0.0
0.0
0.0
0.0
0.0
0.0
0.0
0.0
0.0
0.0
0.0
0.0
0.0
0.0
0.0
0.0
0.0
0.0
0.0
0.0
0.0
0.0
0.0
0.0
0.0
0.0
0.0
0.0
0.0
0.0
0.0
0.0
0.0
0.0
0.0
0.0
0.0
0.0
0.0
0.0
0.0
0.0
0.0
0.0
0.0
0.0
0.0
0.0
0.0
0.0
0.0
0.0
0.0
0.0
0.0
0.0
0.0
0.0
0.0
0.0
0.0
0.0
0.0
0.0
0.0
0.0
0.0
0.0
0.0
0.0
0.0
0.0
0.0
0.0
0.0
0.0
0.0
0.0
0.0
0.0
0.0
0.0
0.0
0.0
1.0439445008573975
-0.13228119642665487
-0.1184278083906718
-0.006326919685558723
-0.001951496081707584
0.1829546599338467
0.00813205442516168
0.0027578460779429607
0.02692329423129529
0.21441245833892691
0.007353225516314848
0.0018574575508905544
-0.10054488319712282
-0.003263705477886845
-0.0003822064152260089
1.0443487997628371
0.006827484022928525
0.002933194457045968
-0.614865462358403
-0.007381589995545289
0.0016293589033128009
1.108078372611709
-0.0005268808486363291
-0.007345637825099848
-0.7463291439607632
-0.0004106210810239215
1.0977776160725967
0.0007027986013693948
-0.00048067420343395946
-0.2527186134419407
0.12882151859018784
0.004143189805365555
9.276160885293659e-05
0.1547009225960228
0.00012336057527629428
0.046551059174147584
0.0
0.0
0.0
0.0
0.0
0.0
0.0
0.0
0.0
0.0
0.0
0.0
0.0
0.0
0.0
0.0
0.0
0.0
0.0
0.0
0.0
0.0
0.0
0.0
0.0
0.0
0.0
0.0
0.0
0.0
0.0
0.0
0.0
0.0
0.0
0.0
0.0
0.0
0.0
0.0
0.0
0.0
0.0
0.0
0.0
0.0
0.0
0.0
0.0
0.0
0.0
0.0
0.0
0.0
0.0
0.0
0.0
0.0
0.0
0.0
0.0
0.0
0.0
0.0
0.0
0.0
0.0
0.0
0.0
0.0
0.0
0.0
0.0
0.0
0.0
0.0
0.0
0.0
0.0
0.0
0.0
0.0
0.0
0.0
0.0
0.0
0.0
0.0
0.0
0.0
0.0
0.0
0.0
0.0
0.0
0.0
0.0
0.0
0.0
0.0
0.0
0.0
0.0
0.0
0.0
0.0
0.0
0.0
0.0
0.0
0.0
0.0
0.0
0.0
0.0
0.0
0.0
0.0
0.0
0.0
0.0
0.0
0.0
0.0
0.0
0.0
0.0
0.0
0.0
0.0
0.0
0.0
0.0
0.0
0.0
1.0570690434765173
-0.1805028971725654
-0.13225685107811122
0.023086545460907347
0.0048801090020839195
0.20508079206288626
-0.034131102603577775
-0.00432788718639743
0.02925802893931627
0.23563125995786682
-0.018206071530855496
-0.0021115664367578587
-0.11358586805778628
0.0024807098127389736
0.0013129776355536174
1.0512235219207438
-0.19127088874540465
0.014055678729141466
-0.734051338780517
0.01971890333732062
-0.0011493103605342862
1.1470104751448569
0.010328005630847008
0.02420273153956201
-0.873281540987669
-0.0014574360589931917
0.7007649097689056
-0.0009162410416097184
-0.0008896816068947486
-0.45234318064976897
0.16175446547961275
0.0080244139844425
-0.0010399159128753669
0.18946740056011901
-0.00015417731826501818
0.08905629550615299
0.0
0.0
0.0
0.0
0.0
0.0
0.0
0.0
0.0
0.0
0.0
0.0
0.0
0.0
0.0
0.0
0.0
0.0
0.0
0.0
0.0
0.0
0.0
0.0
0.0
0.0
0.0
0.0
0.0
0.0
0.0
0.0
0.0
0.0
0.0
0.0
0.0
0.0
0.0
0.0
0.0
0.0
0.0
0.0
0.0
0.0
0.0
0.0
0.0
0.0
0.0
0.0
0.0
0.0
0.0
0.0
0.0
0.0
0.0
0.0
0.0
0.0
0.0
0.0
0.0
0.0
0.0
0.0
0.0
0.0
0.0
0.0
0.0
0.0
0.0
0.0
0.0
0.0
0.0
0.0
0.0
0.0
0.0
0.0
0.0
0.0
0.0
0.0
0.0
0.0
0.0
0.0
0.0
0.0
0.0
0.0
0.0
0.0
0.0
0.0
0.0
0.0
0.0
0.0
0.0
0.0
0.0
0.0
0.0
0.0
0.0
0.0
0.0
0.0
0.0
0.0
0.0
0.0
0.0
0.0
0.0
0.0
0.0
0.0
0.0
0.0
0.0
0.0
0.0
0.0
0.0
0.0
0.0
0.0
0.0
1.0438063960455892
-0.13201826497856028
-0.11854051640684546
0.00676111787588958
-0.0030968025222806476
0.1830137257347737
-0.008543038596284965
0.004810061142630074
0.02678880545914486
0.2169064908932853
-0.007003809874585341
0.004743316299166151
-0.10070635241912618
0.0031897871514051544
-0.0009406080023931894
1.0325147782661308
-0.010539542015627016
-0.0008144261179543922
-0.6169697801461345
0.006868012888379054
-0.000973146044984763
1.100056396244106
0.0010857321304644718
0.006827142304913983
-0.7483536632372794
0.0007897767224203182
1.0969941756556874
-0.001527286358233361
0.0011414498184767388
-0.2485926608225416
0.1292512404732929
-0.003773537463786018
0.0008957290711273979
0.15505332994942556
-0.00023918401981805283
0.045983175312176515
0.0
0.0
0.0
0.0
0.0
0.0
0.0
0.0
0.0
0.0
0.0
0.0
0.0
0.0
0.0
0.0
0.0
0.0
0.0
0.0
0.0
0.0
0.0
0.0
0.0
0.0
0.0
0.0
0.0
0.0
0.0
0.0
0.0
0.0
0.0
0.0
0.0
0.0
0.0
0.0
0.0
0.0
0.0
0.0
0.0
0.0
0.0
0.0
0.0
0.0
0.0
0.0
0.0
0.0
0.0
0.0
0.0
0.0
0.0
0.0
0.0
0.0
0.0
0.0
0.0
0.0
0.0
0.0
0.0
0.0
0.0
0.0
0.0
0.0
0.0
0.0
0.0
0.0
0.0
0.0
0.0
0.0
0.0
0.0
0.0
0.0
0.0
0.0
0.0
0.0
0.0
0.0
0.0
0.0
0.0
0.0
0.0
0.0
0.0
0.0
0.0
0.0
0.0
0.0
0.0
0.0
0.0
0.0
0.0
0.0
0.0
0.0
0.0
0.0
0.0
0.0
0.0
0.0
0.0
0.0
0.0
0.0
0.0
0.0
0.0
0.0
0.0
0.0
0.0
0.0
0.0
0.0
0.0
0.0
0.0
1.070470729823692
-0.22415158733878426
-0.0015350525943743866
-0.017989132162102676
0.04496704168083029
-0.007831811197210166
0.022165435154735257
-0.054734090335805285
0.04677582681699892
-0.021942148574292997
0.015733722950676033
-0.03974495758727856
-0.0003602251961004185
-0.013207071086963921
0.034602550943514485
1.182707124491439
0.007482518958261144
0.031104929178377642
-0.5258151680536721
0.003748823772814518
-0.016794609804880456
1.2029180548829435
-0.01318564574138733
0.0027947731394826723
-0.9477382259172693
0.014506049446591673
1.2035275325495411
-0.015156893189143983
0.014976990300222839
-1.1044113592090392
0.09274805889744325
-0.0017737179093116964
0.003537174322758766
0.22441276441461627
-0.014168836010592635
0.28955501526182165
0.0
0.0
0.0
0.0
0.0
0.0
0.0
0.0
0.0
0.0
0.0
0.0
0.0
0.0
0.0
0.0
0.0
0.0
0.0
0.0
0.0
0.0
0.0
0.0
0.0
0.0
0.0
0.0
0.0
0.0
0.0
0.0
0.0
0.0
0.0
0.0
0.0
0.0
0.0
0.0
0.0
0.0
0.0
0.0
0.0
0.0
0.0
0.0
0.0
0.0
0.0
0.0
0.0
0.0
0.0
0.0
0.0
0.0
0.0
0.0
0.0
0.0
0.0
0.0
0.0
0.0
0.0
0.0
0.0
0.0
0.0
0.0
0.0
0.0
0.0
0.0
0.0
0.0
0.0
0.0
0.0
0.0
0.0
0.0
0.0
0.0
0.0
0.0
0.0
0.0
0.0
0.0
0.0
0.0
0.0
0.0
0.0
0.0
0.0
0.0
0.0
0.0
0.0
0.0
0.0
0.0
0.0
0.0
0.0
0.0
0.0
0.0
0.0
0.0
0.0
0.0
0.0
0.0
0.0
0.0
0.0
0.0
0.0
0.0
0.0
0.0
0.0
0.0
0.0
0.0
0.0
0.0
0.0
0.0
0.0
1.0756338028929748
-0.23579090238180245
-0.0021939564220368217
-0.00025533881130940293
0.062211651278147095
-0.012754365859579484
-0.00011784618769218591
-0.07102455963801452
0.05184707801406953
-0.03583984529486088
-0.0009376120931937585
-0.043168224094963556
0.0022314747932168488
-3.12199489761088e-05
0.04637425961018507
1.1887932784834607
-0.007695745323783654
0.03858402225893623
-0.5676925015266613
-0.0020245315000653593
-0.012552002337667964
1.2417696277205623
0.0033510805470734232
-0.0015647916136413203
-1.0075768258587234
0.0002609847784368046
1.2681598171786175
-0.013151804319405401
0.0002463788964961382
-1.1462679633182473
0.10251234570751719
0.000980881495575135
0.0026465311091968856
0.24630762660181618
-0.00020612623661125739
0.3030011735899022
0.0
0.0
0.0
0.0
0.0
0.0
0.0
0.0
0.0
0.0
0.0
0.0
0.0
0.0
0.0
0.0
0.0
0.0
0.0
0.0
0.0
0.0
0.0
0.0
0.0
0.0
0.0
0.0
0.0
0.0
0.0
0.0
0.0
0.0
0.0
0.0
0.0
0.0
0.0
0.0
0.0
0.0
0.0
0.0
0.0
0.0
0.0
0.0
0.0
0.0
0.0
0.0
0.0
0.0
0.0
0.0
0.0
0.0
0.0
0.0
0.0
0.0
0.0
0.0
0.0
0.0
0.0
0.0
0.0
0.0
0.0
0.0
0.0
0.0
0.0
0.0
0.0
0.0
0.0
0.0
0.0
0.0
0.0
0.0
0.0
0.0
0.0
0.0
0.0
0.0
0.0
0.0
0.0
0.0
0.0
0.0
0.0
0.0
0.0
0.0
0.0
0.0
0.0
0.0
0.0
0.0
0.0
0.0
0.0
0.0
0.0
0.0
0.0
0.0
0.0
0.0
0.0
0.0
0.0
0.0
0.0
0.0
0.0
0.0
0.0
0.0
0.0
0.0
0.0
0.0
0.0
0.0
0.0
0.0
0.0
1.0723505425142077
-0.23111689028112942
-0.0006082992283146407
0.01761805892431842
0.04086678670222852
-0.006285890970511302
-0.021225366400317233
-0.04422966470565884
0.04590818953961982
-0.016840788108136488
-0.014054231573628145
-0.02066191925684814
-0.0008894213555852512
0.012863481308975588
0.03214827319923799
1.1921568406646428
-0.012076408830801504
0.02620768173500145
-0.5517054221763223
-0.004249493264880806
-0.013618154507600212
1.2120951200676369
0.01636824800178901
-0.003131399028474171
-0.9633519802756141
-0.013047409695420592
1.2333460092604005
-0.013257113476965274
-0.013457476554330237
-1.128196951123819
0.09821164577454178
0.0021387550825654666
0.0027459897319516468
0.22900601253516817
0.013093770904369605
0.2942748081548873
0.0
0.0
0.0
0.0
0.0
0.0
0.0
0.0
0.0
0.0
0.0
0.0
0.0
0.0
0.0
0.0
0.0
0.0
0.0
0.0
0.0
0.0
0.0
0.0
0.0
0.0
0.0
0.0
0.0
0.0
0.0
0.0
0.0
0.0
0.0
0.0
0.0
0.0
0.0
0.0
0.0
0.0
0.0
0.0
0.0
0.0
0.0
0.0
0.0
0.0
0.0
0.0
0.0
0.0
0.0
0.0
0.0
0.0
0.0
0.0
0.0
0.0
0.0
0.0
0.0
0.0
0.0
0.0
0.0
0.0
0.0
0.0
0.0
0.0
0.0
0.0
0.0
0.0
0.0
0.0
0.0
0.0
0.0
0.0
0.0
0.0
0.0
0.0
0.0
0.0
0.0
0.0
0.0
0.0
0.0
0.0
0.0
0.0
0.0
0.0
0.0
0.0
0.0
0.0
0.0
0.0
0.0
0.0
0.0
0.0
0.0
0.0
0.0
0.0
0.0
0.0
0.0
0.0
0.0
0.0
0.0
0.0
0.0
0.0
0.0
0.0
0.0
0.0
0.0
0.0
0.0
0.0
0.0
0.0
0.0
1.0849620767518289
-0.26044889931389376
0.0010100191626402626
-0.00014440251028940244
0.024778296780302883
-0.010198028233951459
-8.583705345965094e-05
-0.027894046227835333
0.050979492591458384
-0.02324845668340516
-0.0005188666718777698
-0.017047830768691166
0.0018616957429764866
7.813973036482269e-05
0.04287273969833294
1.2042103505804047
0.008579835036635217
0.04245408604832807
-0.6461901831277117
0.001778588129323445
-0.010399450490947357
1.268887182509434
-0.0031354828335868204
0.0013084669616717634
-1.0691213985018102
-0.0003981891802762419
1.3827269413554673
-0.011613792937885444
-0.0003558889939874366
-1.2468856786639293
0.1244181668230244
-0.001100732983433579
0.001692794532882737
0.26812641519744096
0.0002728619184748142
0.32485470256624394
0.0
0.0
0.0
0.0
0.0
0.0
0.0
0.0
0.0
0.0
0.0
0.0
0.0
0.0
0.0
0.0
0.0
0.0
0.0
0.0
0.0
0.0
0.0
0.0
0.0
0.0
0.0
0.0
0.0
0.0
0.0
0.0
0.0
0.0
0.0
0.0
0.0
0.0
0.0
0.0
0.0
0.0
0.0
0.0
0.0
0.0
0.0
0.0
0.0
0.0
0.0
0.0
0.0
0.0
0.0
0.0
0.0
0.0
0.0
0.0
0.0
0.0
0.0
0.0
0.0
0.0
0.0
0.0
0.0
0.0
0.0
0.0
0.0
0.0
0.0
0.0
0.0
0.0
0.0
0.0
0.0
0.0
0.0
0.0
0.0
0.0
0.0
0.0
0.0
0.0
0.0
0.0
0.0
0.0
0.0
0.0
0.0
0.0
0.0
0.0
0.0
0.0
0.0
0.0
0.0
0.0
0.0
0.0
0.0
0.0
0.0
0.0
0.0
0.0
0.0
0.0
0.0
0.0
0.0
0.0
0.0
0.0
0.0
0.0
0.0
0.0
0.0
0.0
0.0
0.0
0.0
0.0
0.0
0.0
0.0
1.0707012678408867
-0.22919462334343843
-0.004403686816327629
-0.017982411014960946
-0.04683135774055133
-0.008592752818461008
0.02188198263584079
0.053087531286798634
0.045899748945477575
-0.031333240501655944
0.015061469393249467
0.03186345202934257
0.001197579800216193
-0.013179746622227678
-0.033276573175543764
1.1490664688906593
0.011138761288654913
-0.05322957454023565
-0.5499767242150047
0.003918824206585695
0.007803506745432679
1.1935752350696527
0.015532268225630141
0.0029308053537913507
-0.9626636827123751
-0.014003733282409652
1.214381072680875
0.010204251891222312
-0.014294473434740603
-1.1149406277510123
0.09775156420463114
-0.0021043922250324277
0.0002119137960805494
0.22933923409091247
0.013649660299814863
0.2919690320113219
0.0
0.0
0.0
0.0
0.0
0.0
0.0
0.0
0.0
0.0
0.0
0.0
0.0
0.0
0.0
0.0
0.0
0.0
0.0
0.0
0.0
0.0
0.0
0.0
0.0
0.0
0.0
0.0
0.0
0.0
0.0
0.0
0.0
0.0
0.0
0.0
0.0
0.0
0.0
0.0
0.0
0.0
0.0
0.0
0.0
0.0
0.0
0.0
0.0
0.0
0.0
0.0
0.0
0.0
0.0
0.0
0.0
0.0
0.0
0.0
0.0
0.0
0.0
0.0
0.0
0.0
0.0
0.0
0.0
0.0
0.0
0.0
0.0
0.0
0.0
0.0
0.0
0.0
0.0
0.0
0.0
0.0
0.0
0.0
0.0
0.0
0.0
0.0
0.0
0.0
0.0
0.0
0.0
0.0
0.0
0.0
0.0
0.0
0.0
0.0
0.0
0.0
0.0
0.0
0.0
0.0
0.0
0.0
0.0
0.0
0.0
0.0
0.0
0.0
0.0
0.0
0.0
0.0
0.0
0.0
0.0
0.0
0.0
0.0
0.0
0.0
0.0
0.0
0.0
0.0
0.0
0.0
0.0
0.0
0.0
1.0756183951548608
-0.2331902406541712
-4.705938104299415e-05
4.697179790526097e-05
-0.06001988212688897
-0.011733345753251037
0.00013177315034250577
0.07313288692228692
0.05168871648275829
-0.027749383099914735
0.0004763023860120514
0.05285182402899996
0.001130435944402001
-0.00014765693311198484
-0.04755294380559891
1.2097425502595338
-0.006212835897638733
-0.02565419753025302
-0.55257232761089
-0.0016371798960304338
0.019362107057351648
1.2530594025311037
-0.005067555813610795
-0.0013519695586557846
-0.9931905451251499
-0.0009704472921346488
1.265559776138507
0.017819261219310593
-0.000892133831316597
-1.1370797375677564
0.09963888909358767
0.0007441893881338813
-0.005250972880393026
0.2421301186828611
0.0005644152050858739
0.30126096847085837
0.0
0.0
0.0
0.0
0.0
0.0
0.0
0.0
0.0
0.0
0.0
0.0
0.0
0.0
0.0
0.0
0.0
0.0
0.0
0.0
0.0
0.0
0.0
0.0
0.0
0.0
0.0
0.0
0.0
0.0
0.0
0.0
0.0
0.0
0.0
0.0
0.0
0.0
0.0
0.0
0.0
0.0
0.0
0.0
0.0
0.0
0.0
0.0
0.0
0.0
0.0
0.0
0.0
0.0
0.0
0.0
0.0
0.0
0.0
0.0
0.0
0.0
0.0
0.0
0.0
0.0
0.0
0.0
0.0
0.0
0.0
0.0
0.0
0.0
0.0
0.0
0.0
0.0
0.0
0.0
0.0
0.0
0.0
0.0
0.0
0.0
0.0
0.0
0.0
0.0
0.0
0.0
0.0
0.0
0.0
0.0
0.0
0.0
0.0
0.0
0.0
0.0
0.0
0.0
0.0
0.0
0.0
0.0
0.0
0.0
0.0
0.0
0.0
0.0
0.0
0.0
0.0
0.0
0.0
0.0
0.0
0.0
0.0
0.0
0.0
0.0
0.0
0.0
0.0
0.0
0.0
0.0
0.0
0.0
0.0
1.0795433849447926
-0.2522635742328644
0.0016386880949299982
0.01883532791894291
-0.008187279582901436
-0.0074372983267600706
-0.022753347278741745
0.010055230985644245
0.044966547854136965
-0.015606523640339365
-0.015266144456049497
0.009608574498333024
0.0007577245661440726
0.013696032368465257
-0.030220865738155217
1.1449401547625502
-0.012893832768881463
-0.06779105868516767
-0.6196110679993718
-0.004364587070742956
0.005818409255832513
1.2222691861073762
-0.01960814441303329
-0.003569491765805315
-1.0197288000206368
0.014476615216293023
1.3418325031040936
0.008704013000967912
0.014365914165976533
-1.212162194169159
0.11813801573058888
0.0023705814601925014
0.0019617517356324034
0.24912276322244875
-0.013665542341830879
0.3112579513370235
0.0
0.0
0.0
0.0
0.0
0.0
0.0
0.0
0.0
0.0
0.0
0.0
0.0
0.0
0.0
0.0
0.0
0.0
0.0
0.0
0.0
0.0
0.0
0.0
0.0
0.0
0.0
0.0
0.0
0.0
0.0
0.0
0.0
0.0
0.0
0.0
0.0
0.0
0.0
0.0
0.0
0.0
0.0
0.0
0.0
0.0
0.0
0.0
0.0
0.0
0.0
0.0
0.0
0.0
0.0
0.0
0.0
0.0
0.0
0.0
0.0
0.0
0.0
0.0
0.0
0.0
0.0
0.0
0.0
0.0
0.0
0.0
0.0
0.0
0.0
0.0
0.0
0.0
0.0
0.0
0.0
0.0
0.0
0.0
0.0
0.0
0.0
0.0
0.0
0.0
0.0
0.0
0.0
0.0
0.0
0.0
0.0
0.0
0.0
0.0
0.0
0.0
0.0
0.0
0.0
0.0
0.0
0.0
0.0
0.0
0.0
0.0
0.0
0.0
0.0
0.0
0.0
0.0
0.0
0.0
0.0
0.0
0.0
0.0
0.0
0.0
0.0
0.0
0.0
0.0
0.0
0.0
0.0
0.0
0.0
1.0776319149635838
-0.23997578775506778
-0.0007441174956221316
-2.0955186344312314e-05
-0.056332620207852103
-0.009810921499493398
-0.0001643254827282639
0.0626709214915604
0.05120996638981723
-0.025157172965311236
-0.00047310144675507463
0.033319422735365145
0.00048011335888437535
0.00014714253319966152
-0.04533309541354218
1.2218496406079193
0.006120610979937691
-0.02282695501936767
-0.5780184435943508
0.0016110884409116409
0.015865862636981108
1.2603111713394688
0.004100599682635096
0.0012814604409063985
-1.0091760477487752
0.0006096189977954896
1.288863647711921
0.015562166245982608
0.0005481171104482904
-1.161994925434358
0.10534497310590349
-0.0008296468881522079
-0.004060218365906558
0.24689382411207828
-0.00038864439337968305
0.3067064635452993
0.0
0.0
0.0
0.0
0.0
0.0
0.0
0.0
0.0
0.0
0.0
0.0
0.0
0.0
0.0
0.0
0.0
0.0
0.0
0.0
0.0
0.0
0.0
0.0
0.0
0.0
0.0
0.0
0.0
0.0
0.0
0.0
0.0
0.0
0.0
0.0
0.0
0.0
0.0
0.0
0.0
0.0
0.0
0.0
0.0
0.0
0.0
0.0
0.0
0.0
0.0
0.0
0.0
0.0
0.0
0.0
0.0
0.0
0.0
0.0
0.0
0.0
0.0
0.0
0.0
0.0
0.0
0.0
0.0
0.0
0.0
0.0
0.0
0.0
0.0
0.0
0.0
0.0
0.0
0.0
0.0
0.0
0.0
0.0
0.0
0.0
0.0
0.0
0.0
0.0
0.0
0.0
0.0
0.0
0.0
0.0
0.0
0.0
0.0
0.0
0.0
0.0
0.0
0.0
0.0
0.0
0.0
0.0
0.0
0.0
0.0
0.0
0.0
0.0
0.0
0.0
0.0
0.0
0.0
0.0
0.0
0.0
0.0
0.0
0.0
0.0
0.0
0.0
0.0
0.0
0.0
0.0
0.0
0.0
0.0
1.080057129864503
-0.23799849827730257
-0.09292523038286224
-0.012110417673613042
-0.008246561350562847
0.13152829523928286
0.012043064163071939
0.010691842931680948
0.048176216934351215
0.11947131424886914
0.0024473525638106152
0.009366464950351426
-0.04242772407989731
-0.007347449445719275
-0.005313619866311294
1.3658142832066364
-0.03250500341875838
-0.004055855137461779
-1.303525518380078
0.02844746256801156
0.0005434736526251114
1.153026602834761
0.010197524738828092
0.028537340889939353
-0.8919457145824473
0.005120651373379012
1.066141383338035
0.0004344013951787985
0.005801412037955507
-0.6380754210609529
0.34715525572148836
-0.021525832795628613
-1.759731490512661e-05
0.2069527386624941
0.002493771173145009
0.12717228249430923
0.0
0.0
0.0
0.0
0.0
0.0
0.0
0.0
0.0
0.0
0.0
0.0
0.0
0.0
0.0
0.0
0.0
0.0
0.0
0.0
0.0
0.0
0.0
0.0
0.0
0.0
0.0
0.0
0.0
0.0
0.0
0.0
0.0
0.0
0.0
0.0
0.0
0.0
0.0
0.0
0.0
0.0
0.0
0.0
0.0
0.0
0.0
0.0
0.0
0.0
0.0
0.0
0.0
0.0
0.0
0.0
0.0
0.0
0.0
0.0
0.0
0.0
0.0
0.0
0.0
0.0
0.0
0.0
0.0
0.0
0.0
0.0
0.0
0.0
0.0
0.0
0.0
0.0
0.0
0.0
0.0
0.0
0.0
0.0
0.0
0.0
0.0
0.0
0.0
0.0
0.0
0.0
0.0
0.0
0.0
0.0
0.0
0.0
0.0
0.0
0.0
0.0
0.0
0.0
0.0
0.0
0.0
0.0
0.0
0.0
0.0
0.0
0.0
0.0
0.0
0.0
0.0
0.0
0.0
0.0
0.0
0.0
0.0
0.0
0.0
0.0
0.0
0.0
0.0
0.0
0.0
0.0
0.0
0.0
0.0
1.0784814248064267
-0.23375986779458138
-0.058144203664816416
-0.007564640583879543
0.006220884200734479
0.05654649930805282
0.010371167712452112
-0.009494603996896661
0.050116987993555656
0.011543205805168329
0.007578389103456564
-0.007819869951270736
-0.016014490189965626
-0.005946067152386431
0.005492473773323148
1.391702353322049
-0.009949426591589348
-0.0032829361459513436
-1.205180425872183
0.02801451211389689
-0.007929924193764815
1.2629173436794245
0.003331088412353504
0.02834516333662042
-0.8818360336330933
-0.00160126434580155
1.2121237978925383
-0.008933490713964251
-0.0016056449897560176
-0.519072467670338
0.33837347660196004
-0.020944127751826636
0.0032503803420948344
0.2055874843322807
0.0005733809379549562
0.1002798968178741
0.0
0.0
0.0
0.0
0.0
0.0
0.0
0.0
0.0
0.0
0.0
0.0
0.0
0.0
0.0
0.0
0.0
0.0
0.0
0.0
0.0
0.0
0.0
0.0
0.0
0.0
0.0
0.0
0.0
0.0
0.0
0.0
0.0
0.0
0.0
0.0
0.0
0.0
0.0
0.0
0.0
0.0
0.0
0.0
0.0
0.0
0.0
0.0
0.0
0.0
0.0
0.0
0.0
0.0
0.0
0.0
0.0
0.0
0.0
0.0
0.0
0.0
0.0
0.0
0.0
0.0
0.0
0.0
0.0
0.0
0.0
0.0
0.0
0.0
0.0
0.0
0.0
0.0
0.0
0.0
0.0
0.0
0.0
0.0
0.0
0.0
0.0
0.0
0.0
0.0
0.0
0.0
0.0
0.0
0.0
0.0
0.0
0.0
0.0
0.0
0.0
0.0
0.0
0.0
0.0
0.0
0.0
0.0
0.0
0.0
0.0
0.0
0.0
0.0
0.0
0.0
0.0
0.0
0.0
0.0
0.0
0.0
0.0
0.0
0.0
0.0
0.0
0.0
0.0
0.0
0.0
0.0
0.0
0.0
0.0
1.072497655696592
-0.22395971879488155
0.01983757993677958
0.020234008362579926
-0.0028305038440568486
-0.03909337354870722
-0.023939794535071453
0.00606219374394878
0.049404759640273695
-0.056823997918637015
-0.013595292627643151
0.008011475930478925
0.031072532457295226
0.013092238117721144
-0.0037598747641621293
1.2228138869239213
0.021731924532274675
0.008275780648350507
-1.1482383776596625
-0.018287974660174573
0.005128213044768209
1.2153468245784678
0.015052525269844318
-0.017949168576190493
-0.9103354423069673
0.006996142206228231
1.1994441595993304
0.005394087162301504
0.00790123983702455
-0.5226610060061936
0.30595458124591757
0.01874709617277846
-0.003606000023650217
0.21308573751067594
-0.005592310710917648
0.09281278585896002
0.0
0.0
0.0
0.0
0.0
0.0
0.0
0.0
0.0
0.0
0.0
0.0
0.0
0.0
0.0
0.0
0.0
0.0
0.0
0.0
0.0
0.0
0.0
0.0
0.0
0.0
0.0
0.0
0.0
0.0
0.0
0.0
0.0
0.0
0.0
0.0
0.0
0.0
0.0
0.0
0.0
0.0
0.0
0.0
0.0
0.0
0.0
0.0
0.0
0.0
0.0
0.0
0.0
0.0
0.0
0.0
0.0
0.0
0.0
0.0
0.0
0.0
0.0
0.0
0.0
0.0
0.0
0.0
0.0
0.0
0.0
0.0
0.0
0.0
0.0
0.0
0.0
0.0
0.0
0.0
0.0
0.0
0.0
0.0
0.0
0.0
0.0
0.0
0.0
0.0
0.0
0.0
0.0
0.0
0.0
0.0
0.0
0.0
0.0
0.0
0.0
0.0
0.0
0.0
0.0
0.0
0.0
0.0
0.0
0.0
0.0
0.0
0.0
0.0
0.0
0.0
0.0
0.0
0.0
0.0
0.0
0.0
0.0
0.0
0.0
0.0
0.0
0.0
0.0
0.0
0.0
0.0
0.0
0.0
0.0
1.0807595034605462
-0.23877815873958505
-0.10677440843245375
0.006250415064946066
0.0039898404750639375
0.15255213988192526
-0.0074208452452000535
-0.0072496328268402445
0.04763216266233297
0.1404999769631911
-0.004432352984566402
-0.009740939949701526
-0.05629071810106989
0.005110720612535055
0.004367163591457405
1.3843197605512594
0.006429250460399334
-0.005930428810824961
-1.32176574788758
-0.00952233669514326
0.0003893685296596529
1.1655191850411146
-0.022138085150126243
-0.009765655947469677
-0.8853838066166321
0.007135203501605909
1.0878000400603078
-2.1796734182128666e-05
0.0067752069020915705
-0.6644687807252683
0.3556729573369506
0.009249253590591453
0.0008850475404094526
0.20251109260766442
0.0016600150389217364
0.12635741341487666
0.0
0.0
0.0
0.0
0.0
0.0
0.0
0.0
0.0
0.0
0.0
0.0
0.0
0.0
0.0
0.0
0.0
0.0
0.0
0.0
0.0
0.0
0.0
0.0
0.0
0.0
0.0
0.0
0.0
0.0
0.0
0.0
0.0
0.0
0.0
0.0
0.0
0.0
0.0
0.0
0.0
0.0
0.0
0.0
0.0
0.0
0.0
0.0
0.0
0.0
0.0
0.0
0.0
0.0
0.0
0.0
0.0
0.0
0.0
0.0
0.0
0.0
0.0
0.0
0.0
0.0
0.0
0.0
0.0
0.0
0.0
0.0
0.0
0.0
0.0
0.0
0.0
0.0
0.0
0.0
0.0
0.0
0.0
0.0
0.0
0.0
0.0
0.0
0.0
0.0
0.0
0.0
0.0
0.0
0.0
0.0
0.0
0.0
0.0
0.0
0.0
0.0
0.0
0.0
0.0
0.0
0.0
0.0
0.0
0.0
0.0
0.0
0.0
0.0
0.0
0.0
0.0
0.0
0.0
0.0
0.0
0.0
0.0
0.0
0.0
0.0
0.0
0.0
0.0
0.0
0.0
0.0
0.0
0.0
0.0
1.0742936131084115
-0.2212105299260369
-0.001551008993479931
-0.011590761213943148
-0.002159223448718028
0.028600339358350498
0.01201667861770004
0.002353259387186883
0.05289544425634123
0.0677130852734236
0.0028062936411328235
0.0006382348951217438
-0.013363271284069757
-0.007223170197860639
-0.00032021576159899556
1.279387696464736
0.010333939875585455
0.010014674569089733
-1.093134608439571
0.0012041777845237108
-0.004013617762487515
1.1886964621980947
0.01185257500512149
0.0016014834008091132
-0.9376553346595138
-0.006580674235305847
1.1958194352883
-0.003477134554448022
-0.005999734750151155
-0.509383363771481
0.293336628834616
0.0049449715828285
0.0013189993273000269
0.22433100573234188
0.0033801326279303944
0.09236203707273932
0.0
0.0
0.0
0.0
0.0
0.0
0.0
0.0
0.0
0.0
0.0
0.0
0.0
0.0
0.0
0.0
0.0
0.0
0.0
0.0
0.0
0.0
0.0
0.0
0.0
0.0
0.0
0.0
0.0
0.0
0.0
0.0
0.0
0.0
0.0
0.0
0.0
0.0
0.0
0.0
0.0
0.0
0.0
0.0
0.0
0.0
0.0
0.0
0.0
0.0
0.0
0.0
0.0
0.0
0.0
0.0
0.0
0.0
0.0
0.0
0.0
0.0
0.0
0.0
0.0
0.0
0.0
0.0
0.0
0.0
0.0
0.0
0.0
0.0
0.0
0.0
0.0
0.0
0.0
0.0
0.0
0.0
0.0
0.0
0.0
0.0
0.0
0.0
0.0
0.0
0.0
0.0
0.0
0.0
0.0
0.0
0.0
0.0
0.0
0.0
0.0
0.0
0.0
0.0
0.0
0.0
0.0
0.0
0.0
0.0
0.0
0.0
0.0
0.0
0.0
0.0
0.0
0.0
0.0
0.0
0.0
0.0
0.0
0.0
0.0
0.0
0.0
0.0
0.0
0.0
0.0
0.0
0.0
0.0
0.0
1.080921636149226
-0.23774971151008686
-0.017419479410559782
-0.02625956126352212
0.004423930176168525
0.03881308368085705
0.03233362623212602
-0.004938887795898
0.05607614487248591
0.05716468780964392
0.022413385105853226
-0.0015106939777156305
-0.025943305997549165
-0.020214649872422122
0.002408229047204881
1.3013159920426802
0.0026724692929109865
-0.0038976910704029335
-1.138532497222453
-0.019074587061333054
0.009041826505247838
1.2567893617655421
-0.01155535606414517
-0.01838638834055966
-0.9626733793524683
-0.0020845653361518538
1.204090393708238
0.008997411886833222
-0.002917836905708417
-0.580171069158927
0.31869980140153553
0.019332889019935816
-0.0056410132895923885
0.23966197987140245
0.001149974833214378
0.10725588985768578
0.0
0.0
0.0
0.0
0.0
0.0
0.0
0.0
0.0
0.0
0.0
0.0
0.0
0.0
0.0
0.0
0.0
0.0
0.0
0.0
0.0
0.0
0.0
0.0
0.0
0.0
0.0
0.0
0.0
0.0
0.0
0.0
0.0
0.0
0.0
0.0
0.0
0.0
0.0
0.0
0.0
0.0
0.0
0.0
0.0
0.0
0.0
0.0
0.0
0.0
0.0
0.0
0.0
0.0
0.0
0.0
0.0
0.0
0.0
0.0
0.0
0.0
0.0
0.0
0.0
0.0
0.0
0.0
0.0
0.0
0.0
0.0
0.0
0.0
0.0
0.0
0.0
0.0
0.0
0.0
0.0
0.0
0.0
0.0
0.0
0.0
0.0
0.0
0.0
0.0
0.0
0.0
0.0
0.0
0.0
0.0
0.0
0.0
0.0
0.0
0.0
0.0
0.0
0.0
0.0
0.0
0.0
0.0
0.0
0.0
0.0
0.0
0.0
0.0
0.0
0.0
0.0
0.0
0.0
0.0
0.0
0.0
0.0
0.0
0.0
0.0
0.0
0.0
0.0
0.0
0.0
0.0
0.0
0.0
0.0
1.074745702555797
-0.2195919169475922
-0.0489362180103331
0.018457572156382922
-0.001351691109085976
0.07726825044739746
-0.02157258819477166
0.0010802316803555252
0.05462157811438093
0.09370297324588497
-0.009426393788719949
0.0003351570100873782
-0.046319321328333427
0.011138955394692512
-0.0014187174301255492
1.2141590926860555
-0.04675137140986328
-0.016585965045048126
-1.1079489163023133
0.004467753572054101
-0.008315797365571358
1.233641707537838
-0.008742703355664242
0.004238286757051196
-0.9262308175628029
0.005503700552705196
1.2032484486156978
-0.009391156065667181
0.004871405496340994
-0.5003794928729252
0.3025097353005907
-0.010378038216889873
0.004237193185747549
0.22842408976251458
-0.00423715796119924
0.09209247226577177
0.0
0.0
0.0
0.0
0.0
0.0
0.0
0.0
0.0
0.0
0.0
0.0
0.0
0.0
0.0
0.0
0.0
0.0
0.0
0.0
0.0
0.0
0.0
0.0
0.0
0.0
0.0
0.0
0.0
0.0
0.0
0.0
0.0
0.0
0.0
0.0
0.0
0.0
0.0
0.0
0.0
0.0
0.0
0.0
0.0
0.0
0.0
0.0
0.0
0.0
0.0
0.0
0.0
0.0
0.0
0.0
0.0
0.0
0.0
0.0
0.0
0.0
0.0
0.0
0.0
0.0
0.0
0.0
0.0
0.0
0.0
0.0
0.0
0.0
0.0
0.0
0.0
0.0
0.0
0.0
0.0
0.0
0.0
0.0
0.0
0.0
0.0
0.0
0.0
0.0
0.0
0.0
0.0
0.0
0.0
0.0
0.0
0.0
0.0
0.0
0.0
0.0
0.0
0.0
0.0
0.0
0.0
0.0
0.0
0.0
0.0
0.0
0.0
0.0
0.0
0.0
0.0
0.0
0.0
0.0
0.0
0.0
0.0
0.0
0.0
0.0
0.0
0.0
0.0
0.0
0.0
0.0
0.0
0.0
0.0
1.076996823457376
-0.2321484136318189
-0.0027051870516801657
0.03551124060802607
0.0018495638609730568
0.02611365871108072
-0.045286722531504696
-0.003230784573788847
0.05128661218557035
0.05799645194764055
-0.03701499072042665
-0.0033560586669683246
-0.012817862047374194
0.026597923432099962
0.003209761719623624
1.3495528524701546
-0.00047518054385830167
0.03950753841135088
-1.0973275397373823
0.040350021904500474
0.012502351489962125
1.175002535408034
-0.005778413497989044
0.04195636176423586
-0.9582487699421447
0.00032336794959882744
1.2152808976808327
0.016410372677535503
-0.0004173172527219088
-0.5605552683720972
0.2963474700061848
-0.03393370071077972
-0.009196172556119087
0.23457144052527829
0.0007013652367846943
0.09887459388170108
0.0
0.0
0.0
0.0
0.0
0.0
0.0
0.0
0.0
0.0
0.0
0.0
0.0
0.0
0.0
0.0
0.0
0.0
0.0
0.0
0.0
0.0
0.0
0.0
0.0
0.0
0.0
0.0
0.0
0.0
0.0
0.0
0.0
0.0
0.0
0.0
0.0
0.0
0.0
0.0
0.0
0.0
0.0
0.0
0.0
0.0
0.0
0.0
0.0
0.0
0.0
0.0
0.0
0.0
0.0
0.0
0.0
0.0
0.0
0.0
0.0
0.0
0.0
0.0
0.0
0.0
0.0
0.0
0.0
0.0
0.0
0.0
0.0
0.0
0.0
0.0
0.0
0.0
0.0
0.0
0.0
0.0
0.0
0.0
0.0
0.0
0.0
0.0
0.0
0.0
0.0
0.0
0.0
0.0
0.0
0.0
0.0
0.0
0.0
0.0
0.0
0.0
0.0
0.0
0.0
0.0
0.0
0.0
0.0
0.0
0.0
0.0
0.0
0.0
0.0
0.0
0.0
0.0
0.0
0.0
0.0
0.0
0.0
0.0
0.0
0.0
0.0
0.0
0.0
0.0
0.0
0.0
0.0
0.0
0.0
1.0779769147286213
-0.23875551721642202
-0.009487017596451024
-0.0214660239622707
-0.011371868952290132
0.012229286166098063
0.037876094040611076
0.011976927957062154
0.044244631744729826
0.007994382608988937
0.04541963350836374
0.006550638593712729
-0.0024959726179842306
-0.006485785110835446
-0.009135559639629325
1.1702353187034016
0.03893727411154411
-0.03870216212441631
-0.5651901535507624
-0.015403885267352053
0.042349715097764765
1.2643537463857024
-0.09204141330852449
-0.01614476566134372
-0.9176908539629234
0.077861855692197
1.321212230971529
0.04184211940853312
0.07878072381436785
-1.2247871695865067
0.10465954334162181
0.00996882635224775
-0.024778846997621746
0.20660873028718751
-0.03687252369151692
0.3257481067362892
0.0
0.0
0.0
0.0
0.0
0.0
0.0
0.0
0.0
0.0
0.0
0.0
0.0
0.0
0.0
0.0
0.0
0.0
0.0
0.0
0.0
0.0
0.0
0.0
0.0
0.0
0.0
0.0
0.0
0.0
0.0
0.0
0.0
0.0
0.0
0.0
0.0
0.0
0.0
0.0
0.0
0.0
0.0
0.0
0.0
0.0
0.0
0.0
0.0
0.0
0.0
0.0
0.0
0.0
0.0
0.0
0.0
0.0
0.0
0.0
0.0
0.0
0.0
0.0
0.0
0.0
0.0
0.0
0.0
0.0
0.0
0.0
0.0
0.0
0.0
0.0
0.0
0.0
0.0
0.0
0.0
0.0
0.0
0.0
0.0
0.0
0.0
0.0
0.0
0.0
0.0
0.0
0.0
0.0
0.0
0.0
0.0
0.0
0.0
0.0
0.0
0.0
0.0
0.0
0.0
0.0
0.0
0.0
0.0
0.0
0.0
0.0
0.0
0.0
0.0
0.0
0.0
0.0
0.0
0.0
0.0
0.0
0.0
0.0
0.0
0.0
0.0
0.0
0.0
0.0
0.0
0.0
0.0
0.0
0.0
1.0761514593661283
-0.23409833345826592
0.007590398946328233
-0.0360842549105496
0.05028694739473666
-0.011056980743887989
0.04740375354577671
-0.07759422595945092
0.04996427189793361
-0.00822438184364284
0.03770534854251538
-0.08540706647134697
0.007027348155402108
-0.02677017720075832
0.048825617824846505
1.1847964497868793
-0.0029089618338825137
0.023619452767878454
-0.5503617536308629
-0.004086512188933279
-0.008086626363520056
1.2160055025864644
-0.053084790034329164
-0.004041441811691507
-1.014469687170573
0.05529299453794473
1.2298463965247102
-0.009925069820255972
0.0559319603593292
-1.1100975535388682
0.10174484796685604
0.0023383243667788956
0.0040923958048502546
0.25119537516055546
-0.04009090371537401
0.29604941799128764
0.0
0.0
0.0
0.0
0.0
0.0
0.0
0.0
0.0
0.0
0.0
0.0
0.0
0.0
0.0
0.0
0.0
0.0
0.0
0.0
0.0
0.0
0.0
0.0
0.0
0.0
0.0
0.0
0.0
0.0
0.0
0.0
0.0
0.0
0.0
0.0
0.0
0.0
0.0
0.0
0.0
0.0
0.0
0.0
0.0
0.0
0.0
0.0
0.0
0.0
0.0
0.0
0.0
0.0
0.0
0.0
0.0
0.0
0.0
0.0
0.0
0.0
0.0
0.0
0.0
0.0
0.0
0.0
0.0
0.0
0.0
0.0
0.0
0.0
0.0
0.0
0.0
0.0
0.0
0.0
0.0
0.0
0.0
0.0
0.0
0.0
0.0
0.0
0.0
0.0
0.0
0.0
0.0
0.0
0.0
0.0
0.0
0.0
0.0
0.0
0.0
0.0
0.0
0.0
0.0
0.0
0.0
0.0
0.0
0.0
0.0
0.0
0.0
0.0
0.0
0.0
0.0
0.0
0.0
0.0
0.0
0.0
0.0
0.0
0.0
0.0
0.0
0.0
0.0
0.0
0.0
0.0
0.0
0.0
0.0
1.0789898785572283
-0.24261452793203084
-0.02574918323274366
0.030355284644954298
0.03467411996407867
0.036612434021705595
-0.045029275152057555
-0.04971387021038674
0.046345738923787905
0.033479334350304826
-0.040150504823883736
-0.045305227917787974
-0.012843717379050934
0.009173524476111979
0.018099997019521096
1.1266650497878627
-0.05610762025143384
-0.06370459345991206
-0.6243523371641815
0.023937604790524043
0.026751991502483877
1.258771643845376
0.1838563453692656
0.025430744116269957
-0.9933017679208254
-0.0868993772281427
1.2470916656250373
0.030152041639041147
-0.0895825017329884
-1.1449187101317926
0.11646421920177236
-0.012001942820975293
-0.016702329294504457
0.23257383024762668
0.04274268343301083
0.30553644466278507
0.0
0.0
0.0
0.0
0.0
0.0
0.0
0.0
0.0
0.0
0.0
0.0
0.0
0.0
0.0
0.0
0.0
0.0
0.0
0.0
0.0
0.0
0.0
0.0
0.0
0.0
0.0
0.0
0.0
0.0
0.0
0.0
0.0
0.0
0.0
0.0
0.0
0.0
0.0
0.0
0.0
0.0
0.0
0.0
0.0
0.0
0.0
0.0
0.0
0.0
0.0
0.0
0.0
0.0
0.0
0.0
0.0
0.0
0.0
0.0
0.0
0.0
0.0
0.0
0.0
0.0
0.0
0.0
0.0
0.0
0.0
0.0
0.0
0.0
0.0
0.0
0.0
0.0
0.0
0.0
0.0
0.0
0.0
0.0
0.0
0.0
0.0
0.0
0.0
0.0
0.0
0.0
0.0
0.0
0.0
0.0
0.0
0.0
0.0
0.0
0.0
0.0
0.0
0.0
0.0
0.0
0.0
0.0
0.0
0.0
0.0
0.0
0.0
0.0
0.0
0.0
0.0
0.0
0.0
0.0
0.0
0.0
0.0
0.0
0.0
0.0
0.0
0.0
0.0
0.0
0.0
0.0
0.0
0.0
0.0
1.0776194592523525
-0.2349103319259806
0.006030480803666966
0.028476097119905203
0.00025910551278920924
-0.00894252707130357
-0.03643031320782322
-0.005967982439686808
0.053369032762814336
-0.007044862819935386
-0.027946799626503295
-0.01531885887772782
0.008270199872954737
0.021595523816420957
0.00915972784127059
1.2094469056072783
0.0009441595233086542
0.01225703078273537
-0.560488719943
0.00206523687934669
0.015444715554637979
1.2156581119959815
0.029671357670233538
0.00262411800144745
-0.9630340310393231
-0.046514798127745526
1.26116588518818
0.014027112136656052
-0.04691210465510233
-1.167940262469404
0.10137510808528277
-0.0025246194525270346
-0.010196926577706433
0.23145655664310377
0.03400647234152887
0.31966813032438335
0.0
0.0
0.0
0.0
0.0
0.0
0.0
0.0
0.0
0.0
0.0
0.0
0.0
0.0
0.0
0.0
0.0
0.0
0.0
0.0
0.0
0.0
0.0
0.0
0.0
0.0
0.0
0.0
0.0
0.0
0.0
0.0
0.0
0.0
0.0
0.0
0.0
0.0
0.0
0.0
0.0
0.0
0.0
0.0
0.0
0.0
0.0
0.0
0.0
0.0
0.0
0.0
0.0
0.0
0.0
0.0
0.0
0.0
0.0
0.0
0.0
0.0
0.0
0.0
0.0
0.0
0.0
0.0
0.0
0.0
0.0
0.0
0.0
0.0
0.0
0.0
0.0
0.0
0.0
0.0
0.0
0.0
0.0
0.0
0.0
0.0
0.0
0.0
0.0
0.0
0.0
0.0
0.0
0.0
0.0
0.0
0.0
0.0
0.0
0.0
0.0
0.0
0.0
0.0
0.0
0.0
0.0
0.0
0.0
0.0
0.0
0.0
0.0
0.0
0.0
0.0
0.0
0.0
0.0
0.0
0.0
0.0
0.0
0.0
0.0
0.0
0.0
0.0
0.0
0.0
0.0
0.0
0.0
0.0
0.0
1.0799601315484944
-0.24207755471673115
-0.025253465670943602
-0.07392561927110046
-0.09229306668874211
0.032913912847085294
0.10228065443705328
0.12384428754507942
0.04440496378094866
0.022823519366442103
0.08242833593936405
0.1044849895216298
-0.010351396908026264
-0.03951789346555459
-0.05873318278010349
1.1145250584895388
0.0733792546504041
0.05872532437315313
-0.6437247882043355
-0.019185661963396206
-0.023819184844078224
1.2682008636666353
0.23758178201286875
-0.02192802797778163
-1.0493067385265595
-0.114807814311729
1.2266679016966648
-0.026557478377395704
-0.11627899667620782
-1.1160112937245295
0.12270635205326227
0.013060993364478642
0.01635736001303656
0.255448247246591
0.06215484295870562
0.2958689748811808
0.0
0.0
0.0
0.0
0.0
0.0
0.0
0.0
0.0
0.0
0.0
0.0
0.0
0.0
0.0
0.0
0.0
0.0
0.0
0.0
0.0
0.0
0.0
0.0
0.0
0.0
0.0
0.0
0.0
0.0
0.0
0.0
0.0
0.0
0.0
0.0
0.0
0.0
0.0
0.0
0.0
0.0
0.0
0.0
0.0
0.0
0.0
0.0
0.0
0.0
0.0
0.0
0.0
0.0
0.0
0.0
0.0
0.0
0.0
0.0
0.0
0.0
0.0
0.0
0.0
0.0
0.0
0.0
0.0
0.0
0.0
0.0
0.0
0.0
0.0
0.0
0.0
0.0
0.0
0.0
0.0
0.0
0.0
0.0
0.0
0.0
0.0
0.0
0.0
0.0
0.0
0.0
0.0
0.0
0.0
0.0
0.0
0.0
0.0
0.0
0.0
0.0
0.0
0.0
0.0
0.0
0.0
0.0
0.0
0.0
0.0
0.0
0.0
0.0
0.0
0.0
0.0
0.0
0.0
0.0
0.0
0.0
0.0
0.0
0.0
0.0
0.0
0.0
0.0
0.0
0.0
0.0
0.0
0.0
0.0
1.0733156385197293
-0.2233241117373138
0.007729608706096194
-0.01635961042825072
0.00832549491288732
-0.012814085130776764
0.022118532309327206
-0.009541464985153736
0.04960831273787163
-0.012650709797956041
0.018137756485972892
-0.006174575222326102
0.007862703420062876
-0.012702859646896424
-0.006250566054264942
1.1886399778624226
-0.010204515566720331
-0.02047685694965585
-0.5040339639036583
-0.012192313205100055
-0.01863980066028613
1.2069480688008507
0.03373995837613043
-0.011522162035418292
-0.8926176444849603
-0.054302435928997514
1.2756694408802294
-0.015466971236710427
-0.054631138891611905
-1.1694819767640467
0.09131336632258333
0.0054742775515678
0.009687530509847546
0.20666512761007394
0.039695061686795055
0.3104809213649257
0.0
0.0
0.0
0.0
0.0
0.0
0.0
0.0
0.0
0.0
0.0
0.0
0.0
0.0
0.0
0.0
0.0
0.0
0.0
0.0
0.0
0.0
0.0
0.0
0.0
0.0
0.0
0.0
0.0
0.0
0.0
0.0
0.0
0.0
0.0
0.0
0.0
0.0
0.0
0.0
0.0
0.0
0.0
0.0
0.0
0.0
0.0
0.0
0.0
0.0
0.0
0.0
0.0
0.0
0.0
0.0
0.0
0.0
0.0
0.0
0.0
0.0
0.0
0.0
0.0
0.0
0.0
0.0
0.0
0.0
0.0
0.0
0.0
0.0
0.0
0.0
0.0
0.0
0.0
0.0
0.0
0.0
0.0
0.0
0.0
0.0
0.0
0.0
0.0
0.0
0.0
0.0
0.0
0.0
0.0
0.0
0.0
0.0
0.0
0.0
0.0
0.0
0.0
0.0
0.0
0.0
0.0
0.0
0.0
0.0
0.0
0.0
0.0
0.0
0.0
0.0
0.0
0.0
0.0
0.0
0.0
0.0
0.0
0.0
0.0
0.0
0.0
0.0
0.0
0.0
0.0
0.0
0.0
0.0
0.0
1.0774120708125892
-0.23942338506113758
-0.014335559859924324
0.034889130730746745
-0.02576327189856198
0.019674972162936344
-0.054457114516977455
0.0399128555443406
0.04574010863087634
0.016433644012111573
-0.055788836150731436
0.042244295658224615
-0.004129036098918255
0.015725289928408923
-0.01643239723549096
1.1310969259434898
-0.048810776663648206
0.04987995418232921
-0.6055802129202896
0.020054960011503316
-0.03658734497744805
1.2587330175815743
-0.1381874006082892
0.021830994485163194
-0.9882210994563645
0.07989049103207875
1.2376018502450883
-0.03812669230219476
0.08163271441579908
-1.1439174524086713
0.11192120844229078
-0.010937411995317944
0.02223817743624911
0.22714926445754088
-0.035937938302324696
0.3054880488171977
0.0
0.0
0.0
0.0
0.0
0.0
0.0
0.0
0.0
0.0
0.0
0.0
0.0
0.0
0.0
0.0
0.0
0.0
0.0
0.0
0.0
0.0
0.0
0.0
0.0
0.0
0.0
0.0
0.0
0.0
0.0
0.0
0.0
0.0
0.0
0.0
0.0
0.0
0.0
0.0
0.0
0.0
0.0
0.0
0.0
0.0
0.0
0.0
0.0
0.0
0.0
0.0
0.0
0.0
0.0
0.0
0.0
0.0
0.0
0.0
0.0
0.0
0.0
0.0
0.0
0.0
0.0
0.0
0.0
0.0
0.0
0.0
0.0
0.0
0.0
0.0
0.0
0.0
0.0
0.0
0.0
0.0
0.0
0.0
0.0
0.0
0.0
0.0
0.0
0.0
0.0
0.0
0.0
0.0
0.0
0.0
0.0
0.0
0.0
0.0
0.0
0.0
0.0
0.0
0.0
0.0
0.0
0.0
0.0
0.0
0.0
0.0
0.0
0.0
0.0
0.0
0.0
0.0
0.0
0.0
0.0
0.0
0.0
0.0
0.0
0.0
0.0
0.0
0.0
0.0
0.0
0.0
0.0
0.0
0.0
1.0811651797979027
-0.2455493074660021
0.006569040473474145
0.028787343441201187
-0.010699011815310515
-0.009854807299318098
-0.0378417211206856
0.02468096912406047
0.05403740687011947
-0.007721491485763154
-0.028588791867063736
0.03805832852704329
0.0076884760375536525
0.019715482528081533
-0.016852946103983413
1.2246431379191844
0.008383798871633985
0.01315336109872239
-0.5776153128982999
0.009004244770699036
-9.491177984230893e-05
1.2563888581341351
-0.058127984043194
0.008742215783107271
-1.023537751063757
0.06844500206627813
1.2769602971572107
-0.0014178177002345084
0.06919290208365608
-1.1970407408122223
0.10746841969790491
-0.005418180108134587
0.0014699245738296531
0.25110629544482793
-0.05176919168321662
0.3290681565988397
0.0
0.0
0.0
0.0
0.0
0.0
0.0
0.0
0.0
0.0
0.0
0.0
0.0
0.0
0.0
0.0
0.0
0.0
0.0
0.0
0.0
0.0
0.0
0.0
0.0
0.0
0.0
0.0
0.0
0.0
0.0
0.0
0.0
0.0
0.0
0.0
0.0
0.0
0.0
0.0
0.0
0.0
0.0
0.0
0.0
0.0
0.0
0.0
0.0
0.0
0.0
0.0
0.0
0.0
0.0
0.0
0.0
0.0
0.0
0.0
0.0
0.0
0.0
0.0
0.0
0.0
0.0
0.0
0.0
0.0
0.0
0.0
0.0
0.0
0.0
0.0
0.0
0.0
0.0
0.0
0.0
0.0
0.0
0.0
0.0
0.0
0.0
0.0
0.0
0.0
0.0
0.0
0.0
0.0
0.0
0.0
0.0
0.0
0.0
0.0
0.0
0.0
0.0
0.0
0.0
0.0
0.0
0.0
0.0
0.0
0.0
0.0
0.0
0.0
0.0
0.0
0.0
0.0
0.0
0.0
0.0
0.0
0.0
0.0
0.0
0.0
0.0
0.0
0.0
0.0
0.0
0.0
0.0
0.0
0.0
1.0767972288086431
-0.2243831896572272
0.13965517974434166
-0.08770226900065817
-0.006934983547283068
-0.20252307858947277
0.10523721401125766
0.009190333966492301
0.03552691112125202
-0.2028206780664743
0.06274975141214947
0.010062817005209718
0.10634813552351033
-0.04290738045213327
-0.0040516096191037
1.1315668676882895
-0.03102250696437968
0.007396321646619164
-0.7894107103861496
0.02606962136972184
0.006305586542587183
1.3550561248751922
0.00877129869487498
0.025977884806928753
-1.237506605291503
-0.003019014536427149
0.9700704971418478
0.006563089522951382
-0.002736158567614183
-0.6277851275048133
0.17274976112248508
-0.027965218757732842
-0.004778699936192445
0.3194965234210124
0.002077262601987898
0.1267517999996936
0.0
0.0
0.0
0.0
0.0
0.0
0.0
0.0
0.0
0.0
0.0
0.0
0.0
0.0
0.0
0.0
0.0
0.0
0.0
0.0
0.0
0.0
0.0
0.0
0.0
0.0
0.0
0.0
0.0
0.0
0.0
0.0
0.0
0.0
0.0
0.0
0.0
0.0
0.0
0.0
0.0
0.0
0.0
0.0
0.0
0.0
0.0
0.0
0.0
0.0
0.0
0.0
0.0
0.0
0.0
0.0
0.0
0.0
0.0
0.0
0.0
0.0
0.0
0.0
0.0
0.0
0.0
0.0
0.0
0.0
0.0
0.0
0.0
0.0
0.0
0.0
0.0
0.0
0.0
0.0
0.0
0.0
0.0
0.0
0.0
0.0
0.0
0.0
0.0
0.0
0.0
0.0
0.0
0.0
0.0
0.0
0.0
0.0
0.0
0.0
0.0
0.0
0.0
0.0
0.0
0.0
0.0
0.0
0.0
0.0
0.0
0.0
0.0
0.0
0.0
0.0
0.0
0.0
0.0
0.0
0.0
0.0
0.0
0.0
0.0
0.0
0.0
0.0
0.0
0.0
0.0
0.0
0.0
0.0
0.0
1.0663599328685751
-0.18864823318479132
0.14947947836893982
-0.037134449256121235
0.0030216587521638147
-0.2211130094356288
0.04229074256289968
-0.0033986244324745105
0.03360302422799944
-0.2328744203553551
0.03650833639794241
-0.01459751582130769
0.12027964955482234
-0.0388704420546347
0.0037621989101004542
1.1056461407304594
0.04033741731336774
-0.05652436488983722
-0.7151758652397119
0.0937666744418247
-0.028424097602387063
1.2930024004341296
0.013074940236096008
0.08970436794835096
-1.0330894964975612
-0.0008493472834123928
1.1152417476477894
-0.03542117062169082
0.004020138902186015
-0.43869409612482546
0.171110960549713
-0.06874223640985273
0.01098260461446943
0.24877696318024134
-0.0023815886275800613
0.08432362288825973
0.0
0.0
0.0
0.0
0.0
0.0
0.0
0.0
0.0
0.0
0.0
0.0
0.0
0.0
0.0
0.0
0.0
0.0
0.0
0.0
0.0
0.0
0.0
0.0
0.0
0.0
0.0
0.0
0.0
0.0
0.0
0.0
0.0
0.0
0.0
0.0
0.0
0.0
0.0
0.0
0.0
0.0
0.0
0.0
0.0
0.0
0.0
0.0
0.0
0.0
0.0
0.0
0.0
0.0
0.0
0.0
0.0
0.0
0.0
0.0
0.0
0.0
0.0
0.0
0.0
0.0
0.0
0.0
0.0
0.0
0.0
0.0
0.0
0.0
0.0
0.0
0.0
0.0
0.0
0.0
0.0
0.0
0.0
0.0
0.0
0.0
0.0
0.0
0.0
0.0
0.0
0.0
0.0
0.0
0.0
0.0
0.0
0.0
0.0
0.0
0.0
0.0
0.0
0.0
0.0
0.0
0.0
0.0
0.0
0.0
0.0
0.0
0.0
0.0
0.0
0.0
0.0
0.0
0.0
0.0
0.0
0.0
0.0
0.0
0.0
0.0
0.0
0.0
0.0
0.0
0.0
0.0
0.0
0.0
0.0
1.0721327006141899
-0.20004889981737414
0.20894435737461486
0.10977459506755569
0.015602736018324046
-0.2854104016417124
-0.15173701166187795
-0.023147855630133933
0.03894028101639799
-0.2547642853050345
-0.1309341185288488
-0.02622811981176644
0.15511138011781944
0.06287814563274738
0.011435422585831134
1.2121598109638065
0.15035540299153954
0.02654343768857984
-0.922303797941245
-0.1484351427930286
-0.029183402488389742
1.2550706096113586
0.03140137005272815
-0.15116810026903327
-1.0070968809372187
-0.011324002701212008
0.9528654530092808
-0.03001049164912617
-0.01050265296229536
-0.6084971707153477
0.22981072766284416
0.10064478468358086
0.019036938831758814
0.24851164269634546
0.005733902006077983
0.12510449326437997
0.0
0.0
0.0
0.0
0.0
0.0
0.0
0.0
0.0
0.0
0.0
0.0
0.0
0.0
0.0
0.0
0.0
0.0
0.0
0.0
0.0
0.0
0.0
0.0
0.0
0.0
0.0
0.0
0.0
0.0
0.0
0.0
0.0
0.0
0.0
0.0
0.0
0.0
0.0
0.0
0.0
0.0
0.0
0.0
0.0
0.0
0.0
0.0
0.0
0.0
0.0
0.0
0.0
0.0
0.0
0.0
0.0
0.0
0.0
0.0
0.0
0.0
0.0
0.0
0.0
0.0
0.0
0.0
0.0
0.0
0.0
0.0
0.0
0.0
0.0
0.0
0.0
0.0
0.0
0.0
0.0
0.0
0.0
0.0
0.0
0.0
0.0
0.0
0.0
0.0
0.0
0.0
0.0
0.0
0.0
0.0
0.0
0.0
0.0
0.0
0.0
0.0
0.0
0.0
0.0
0.0
0.0
0.0
0.0
0.0
0.0
0.0
0.0
0.0
0.0
0.0
0.0
0.0
0.0
0.0
0.0
0.0
0.0
0.0
0.0
0.0
0.0
0.0
0.0
0.0
0.0
0.0
0.0
0.0
0.0
1.0726216780128768
-0.20701053806774042
0.19304207889056302
-0.07007446706647963
-0.015233308544109833
-0.27554703670393627
0.0919505450148622
0.021598292900242056
0.03831292851970382
-0.2610728341853499
0.05905143630362629
0.0217437154631501
0.14411870066564203
-0.03290456006809811
-0.010758864900644854
1.189705910617263
-0.19761411989952643
-0.04821779366983556
-0.8763525276579256
0.0926170718947035
0.024524333802742736
1.2459313059366997
0.032763061495621595
0.09438676560323808
-1.0272416871372332
-0.006962546690613414
0.8895258988194493
0.022433151897701228
-0.0051331637542840185
-0.6029737556753919
0.21478208979010194
-0.04734850578499591
-0.015570190288799007
0.25312517959567915
0.0029960749075217796
0.1250360506680951
0.0
0.0
0.0
0.0
0.0
0.0
0.0
0.0
0.0
0.0
0.0
0.0
0.0
0.0
0.0
0.0
0.0
0.0
0.0
0.0
0.0
0.0
0.0
0.0
0.0
0.0
0.0
0.0
0.0
0.0
0.0
0.0
0.0
0.0
0.0
0.0
0.0
0.0
0.0
0.0
0.0
0.0
0.0
0.0
0.0
0.0
0.0
0.0
0.0
0.0
0.0
0.0
0.0
0.0
0.0
0.0
0.0
0.0
0.0
0.0
0.0
0.0
0.0
0.0
0.0
0.0
0.0
0.0
0.0
0.0
0.0
0.0
0.0
0.0
0.0
0.0
0.0
0.0
0.0
0.0
0.0
0.0
0.0
0.0
0.0
0.0
0.0
0.0
0.0
0.0
0.0
0.0
0.0
0.0
0.0
0.0
0.0
0.0
0.0
0.0
0.0
0.0
0.0
0.0
0.0
0.0
0.0
0.0
0.0
0.0
0.0
0.0
0.0
0.0
0.0
0.0
0.0
0.0
0.0
0.0
0.0
0.0
0.0
0.0
0.0
0.0
0.0
0.0
0.0
0.0
0.0
0.0
0.0
0.0
0.0
1.07807098943276
-0.22457664850947529
0.15788761711491106
0.014724266782478589
0.010540596356154685
-0.21130279216207723
-0.020523493240054307
-0.011670905219968782
0.04180416714141616
-0.17444212471886494
-0.01932999759360215
-0.0059507074990682975
0.09644773756818027
0.01753683667338687
0.005426079782580227
1.3665520346266062
0.05241001973848805
0.0038791229444832785
-1.2705601451256257
-0.010772133849101058
-0.0135388028618408
1.1274082691575105
0.05158388828714799
-0.00863499398150282
-0.7869781797646213
0.004816541092372494
1.0546016649350645
-0.013743768725001921
0.005742987125551834
-0.6569927902602982
0.34297090000023633
-0.0028169634113411725
0.009779559421443065
0.16766897570804173
-0.003619521774581974
0.12730414122583028
0.0
0.0
0.0
0.0
0.0
0.0
0.0
0.0
0.0
0.0
0.0
0.0
0.0
0.0
0.0
0.0
0.0
0.0
0.0
0.0
0.0
0.0
0.0
0.0
0.0
0.0
0.0
0.0
0.0
0.0
0.0
0.0
0.0
0.0
0.0
0.0
0.0
0.0
0.0
0.0
0.0
0.0
0.0
0.0
0.0
0.0
0.0
0.0
0.0
0.0
0.0
0.0
0.0
0.0
0.0
0.0
0.0
0.0
0.0
0.0
0.0
0.0
0.0
0.0
0.0
0.0
0.0
0.0
0.0
0.0
0.0
0.0
0.0
0.0
0.0
0.0
0.0
0.0
0.0
0.0
0.0
0.0
0.0
0.0
0.0
0.0
0.0
0.0
0.0
0.0
0.0
0.0
0.0
0.0
0.0
0.0
0.0
0.0
0.0
0.0
0.0
0.0
0.0
0.0
0.0
0.0
0.0
0.0
0.0
0.0
0.0
0.0
0.0
0.0
0.0
0.0
0.0
0.0
0.0
0.0
0.0
0.0
0.0
0.0
0.0
0.0
0.0
0.0
0.0
0.0
0.0
0.0
0.0
0.0
0.0
1.0636737272702028
-0.20227323660360458
-0.03041022163379979
0.008458958271862847
-0.00011513624863169466
0.052645321119490954
-0.011796542248655856
0.0012201827678550048
0.04058893077459991
0.07037021959456899
-0.0038694352326547887
0.001994501928617039
-0.028718502465701866
-0.009337211863211688
0.0005526933099495885
1.1138488060455747
-0.17242568541555858
0.035514154405005854
-0.9585592796515553
0.010046045070174918
-0.003684267047549596
1.197551681194239
-0.00950270412709622
0.011870537708751388
-0.8581362273144932
-0.0005888677128902024
1.044541345038605
-0.00163956306154079
-0.0005725034388969699
-0.5350375473349611
0.24288881317505603
0.011291086242969518
-0.00167365963741677
0.18140715477521213
0.0010668504936738896
0.0902427642608245
0.0
0.0
0.0
0.0
0.0
0.0
0.0
0.0
0.0
0.0
0.0
0.0
0.0
0.0
0.0
0.0
0.0
0.0
0.0
0.0
0.0
0.0
0.0
0.0
0.0
0.0
0.0
0.0
0.0
0.0
0.0
0.0
0.0
0.0
0.0
0.0
0.0
0.0
0.0
0.0
0.0
0.0
0.0
0.0
0.0
0.0
0.0
0.0
0.0
0.0
0.0
0.0
0.0
0.0
0.0
0.0
0.0
0.0
0.0
0.0
0.0
0.0
0.0
0.0
0.0
0.0
0.0
0.0
0.0
0.0
0.0
0.0
0.0
0.0
0.0
0.0
0.0
0.0
0.0
0.0
0.0
0.0
0.0
0.0
0.0
0.0
0.0
0.0
0.0
0.0
0.0
0.0
0.0
0.0
0.0
0.0
0.0
0.0
0.0
0.0
0.0
0.0
0.0
0.0
0.0
0.0
0.0
0.0
0.0
0.0
0.0
0.0
0.0
0.0
0.0
0.0
0.0
0.0
0.0
0.0
0.0
0.0
0.0
0.0
0.0
0.0
0.0
0.0
0.0
0.0
0.0
0.0
0.0
0.0
0.0
1.0715807749370636
-0.22189840040071457
-0.13211494410029448
0.04415733225602904
-0.0006071069230934414
0.18941074665842178
-0.05366501343676164
0.002765427603721425
0.03745757956346102
0.18284247335053017
-0.031961279048978594
0.00645785983859334
-0.09361043044452513
0.018315544292904787
-0.0006398891489499652
1.2810169477271747
-0.11333358667215844
0.004290123277716254
-1.081245021683368
0.10286968449277037
-0.0004702484445882663
1.2085615728974108
0.010780100869739451
0.10280537701626907
-0.9306468160051089
0.004237819192886488
1.0109092246923361
-0.0005548398009131387
0.0049920313379360065
-0.5950063485695689
0.26745973253032584
-0.06499171914878958
-0.0010597319908210974
0.21192066931613962
-0.002253787883948993
0.11481151176075012
0.0
0.0
0.0
0.0
0.0
0.0
0.0
0.0
0.0
0.0
0.0
0.0
0.0
0.0
0.0
0.0
0.0
0.0
0.0
0.0
0.0
0.0
0.0
0.0
0.0
0.0
0.0
0.0
0.0
0.0
0.0
0.0
0.0
0.0
0.0
0.0
0.0
0.0
0.0
0.0
0.0
0.0
0.0
0.0
0.0
0.0
0.0
0.0
0.0
0.0
0.0
0.0
0.0
0.0
0.0
0.0
0.0
0.0
0.0
0.0
0.0
0.0
0.0
0.0
0.0
0.0
0.0
0.0
0.0
0.0
0.0
0.0
0.0
0.0
0.0
0.0
0.0
0.0
0.0
0.0
0.0
0.0
0.0
0.0
0.0
0.0
0.0
0.0
0.0
0.0
0.0
0.0
0.0
0.0
0.0
0.0
0.0
0.0
0.0
0.0
0.0
0.0
0.0
0.0
0.0
0.0
0.0
0.0
0.0
0.0
0.0
0.0
0.0
0.0
0.0
0.0
0.0
0.0
0.0
0.0
0.0
0.0
0.0
0.0
0.0
0.0
0.0
0.0
0.0
0.0
0.0
0.0
0.0
0.0
0.0
1.0732943739975003
-0.22001319529093244
-0.12046775807370484
-0.07179863461085267
0.0012309198206033208
0.17285305558858946
0.09154237791480266
-0.005627392459112288
0.042951499791541774
0.16242859289729655
0.06236287548043434
-0.013977171682989401
-0.08060666186520439
-0.035857417175631234
0.002087165539792015
1.2842915828936414
0.17026090049952752
-0.0023142524315119023
-1.0602905895344812
-0.1219606433658949
-0.002272465234413498
1.2303354492125245
0.026015087612899036
-0.12146567267568352
-0.929826701800021
0.003753094730480101
0.911832992515811
-0.0021537048557851842
0.005327689222533936
-0.617942936662193
0.26834601764728344
0.06787677717987442
0.00048792841010047733
0.2167222654292837
-0.0010790270525569256
0.12471927129802991
0.0
0.0
0.0
0.0
0.0
0.0
0.0
0.0
0.0
0.0
0.0
0.0
0.0
0.0
0.0
0.0
0.0
0.0
0.0
0.0
0.0
0.0
0.0
0.0
0.0
0.0
0.0
0.0
0.0
0.0
0.0
0.0
0.0
0.0
0.0
0.0
0.0
0.0
0.0
0.0
0.0
0.0
0.0
0.0
0.0
0.0
0.0
0.0
0.0
0.0
0.0
0.0
0.0
0.0
0.0
0.0
0.0
0.0
0.0
0.0
0.0
0.0
0.0
0.0
0.0
0.0
0.0
0.0
0.0
0.0
0.0
0.0
0.0
0.0
0.0
0.0
0.0
0.0
0.0
0.0
0.0
0.0
0.0
0.0
0.0
0.0
0.0
0.0
0.0
0.0
0.0
0.0
0.0
0.0
0.0
0.0
0.0
0.0
0.0
0.0
0.0
0.0
0.0
0.0
0.0
0.0
0.0
0.0
0.0
0.0
0.0
0.0
0.0
0.0
0.0
0.0
0.0
0.0
0.0
0.0
0.0
0.0
0.0
0.0
0.0
0.0
0.0
0.0
0.0
0.0
0.0
0.0
0.0
0.0
0.0
1.0786519118850308
-0.25567289867309123
0.03982684804118477
-0.002242736999202774
0.05663360900449023
-0.063790257378052
0.003763818274978032
-0.07339144374267147
0.03627915074981701
-0.0717628822074304
0.0006240616129052157
-0.05897283589725252
0.02834925378936462
0.00756746575646096
0.04236710598273883
1.1419706209523972
-0.08004242987332649
0.022062627273217724
-0.6757546925384921
-0.007352672926134841
-0.054627495397492454
1.2964251828483366
-0.036524817593541106
-0.004603282893786311
-1.0862075669920297
0.03370362094625734
1.306964301485292
-0.053543832137836006
0.03386836628271811
-1.1440789135279201
0.12678260200413177
0.008829428908642276
0.036545693160098425
0.2556577550172758
-0.013676204492361142
0.2837955565724232
0.0
0.0
0.0
0.0
0.0
0.0
0.0
0.0
0.0
0.0
0.0
0.0
0.0
0.0
0.0
0.0
0.0
0.0
0.0
0.0
0.0
0.0
0.0
0.0
0.0
0.0
0.0
0.0
0.0
0.0
0.0
0.0
0.0
0.0
0.0
0.0
0.0
0.0
0.0
0.0
0.0
0.0
0.0
0.0
0.0
0.0
0.0
0.0
0.0
0.0
0.0
0.0
0.0
0.0
0.0
0.0
0.0
0.0
0.0
0.0
0.0
0.0
0.0
0.0
0.0
0.0
0.0
0.0
0.0
0.0
0.0
0.0
0.0
0.0
0.0
0.0
0.0
0.0
0.0
0.0
0.0
0.0
0.0
0.0
0.0
0.0
0.0
0.0
0.0
0.0
0.0
0.0
0.0
0.0
0.0
0.0
0.0
0.0
0.0
0.0
0.0
0.0
0.0
0.0
0.0
0.0
0.0
0.0
0.0
0.0
0.0
0.0
0.0
0.0
0.0
0.0
0.0
0.0
0.0
0.0
0.0
0.0
0.0
0.0
0.0
0.0
0.0
0.0
0.0
0.0
0.0
0.0
0.0
0.0
0.0
1.0744143337810208
-0.2389953659152251
0.028630253598772394
0.02549317314271615
-0.015746732907878265
-0.0433438720914411
-0.04949905949206958
0.025801309794731966
0.03870901253630348
-0.04296952695670863
-0.06310067512583305
0.028043962030975516
0.020902911481878086
0.01351167744457575
-0.007578031521068266
1.1441168379237319
0.05844945716821642
0.040403939627442154
-0.6215219480375227
-0.0032462511807796355
-0.04936791965980444
1.246392520899779
0.0250945882690189
-0.004906507464269303
-0.9088901811010202
-0.06441500188316479
1.3296371850221673
-0.049348451894185644
-0.0630894837302314
-1.1965482456723917
0.11235596875082085
-0.004576020956714273
0.03356861384456354
0.20017376173744422
0.031177302785692182
0.3065353845470337
0.0
0.0
0.0
0.0
0.0
0.0
0.0
0.0
0.0
0.0
0.0
0.0
0.0
0.0
0.0
0.0
0.0
0.0
0.0
0.0
0.0
0.0
0.0
0.0
0.0
0.0
0.0
0.0
0.0
0.0
0.0
0.0
0.0
0.0
0.0
0.0
0.0
0.0
0.0
0.0
0.0
0.0
0.0
0.0
0.0
0.0
0.0
0.0
0.0
0.0
0.0
0.0
0.0
0.0
0.0
0.0
0.0
0.0
0.0
0.0
0.0
0.0
0.0
0.0
0.0
0.0
0.0
0.0
0.0
0.0
0.0
0.0
0.0
0.0
0.0
0.0
0.0
0.0
0.0
0.0
0.0
0.0
0.0
0.0
0.0
0.0
0.0
0.0
0.0
0.0
0.0
0.0
0.0
0.0
0.0
0.0
0.0
0.0
0.0
0.0
0.0
0.0
0.0
0.0
0.0
0.0
0.0
0.0
0.0
0.0
0.0
0.0
0.0
0.0
0.0
0.0
0.0
0.0
0.0
0.0
0.0
0.0
0.0
0.0
0.0
0.0
0.0
0.0
0.0
0.0
0.0
0.0
0.0
0.0
0.0
1.0728933156997156
-0.23780732313891723
0.015138072002429854
0.020210121539925567
0.011314153722266018
-0.0311493644642134
-0.02562696454366245
-0.018949764214997566
0.03953621581087713
-0.042809057820729135
-0.017009991369491346
-0.02064816721845212
0.012844399470127122
0.0031371039138698214
0.006288807440125214
1.1503070713635049
0.04763221146186314
0.024059573685950943
-0.5930759115748245
-0.007627840915129954
-0.04454724660134308
1.2291880517256442
0.07076707833416945
-0.008060387497517616
-0.9662695077964705
-0.020651258421827898
1.2602926448015068
-0.04416351643983989
-0.021959956239444217
-1.1568970050778953
0.10730916457053574
-0.0008518724752144085
0.027635325405503494
0.21484272237829344
0.002714220587947673
0.300023147009903
0.0
0.0
0.0
0.0
0.0
0.0
0.0
0.0
0.0
0.0
0.0
0.0
0.0
0.0
0.0
0.0
0.0
0.0
0.0
0.0
0.0
0.0
0.0
0.0
0.0
0.0
0.0
0.0
0.0
0.0
0.0
0.0
0.0
0.0
0.0
0.0
0.0
0.0
0.0
0.0
0.0
0.0
0.0
0.0
0.0
0.0
0.0
0.0
0.0
0.0
0.0
0.0
0.0
0.0
0.0
0.0
0.0
0.0
0.0
0.0
0.0
0.0
0.0
0.0
0.0
0.0
0.0
0.0
0.0
0.0
0.0
0.0
0.0
0.0
0.0
0.0
0.0
0.0
0.0
0.0
0.0
0.0
0.0
0.0
0.0
0.0
0.0
0.0
0.0
0.0
0.0
0.0
0.0
0.0
0.0
0.0
0.0
0.0
0.0
0.0
0.0
0.0
0.0
0.0
0.0
0.0
0.0
0.0
0.0
0.0
0.0
0.0
0.0
0.0
0.0
0.0
0.0
0.0
0.0
0.0
0.0
0.0
0.0
0.0
0.0
0.0
0.0
0.0
0.0
0.0
0.0
0.0
0.0
0.0
0.0
1.0796512307402053
-0.24922252703688372
0.04595816788242338
-0.050429913705583196
0.0342300778858013
-0.0669624821528506
0.08057348570183948
-0.033675807345269024
0.04031751145466299
-0.06329239555544304
0.08424351486751627
-0.009187265665848765
0.03451008567952872
-0.025986978688103603
0.02678668655802317
1.168695685993999
-0.06624037996099674
0.09749389916327325
-0.7005569438030081
0.01085836790211718
-0.08627152849505906
1.296976822863229
-0.027476437237931146
0.013736300851430173
-1.001663690551331
0.08250503482483183
1.3308679187693586
-0.08684228671760068
0.08122805549412772
-1.175594278897341
0.13144885120599226
-0.0026681044734737204
0.058562456964461725
0.23172933314148952
-0.04493477906692754
0.2954957635406016
0.0
0.0
0.0
0.0
0.0
0.0
0.0
0.0
0.0
0.0
0.0
0.0
0.0
0.0
0.0
0.0
0.0
0.0
0.0
0.0
0.0
0.0
0.0
0.0
0.0
0.0
0.0
0.0
0.0
0.0
0.0
0.0
0.0
0.0
0.0
0.0
0.0
0.0
0.0
0.0
0.0
0.0
0.0
0.0
0.0
0.0
0.0
0.0
0.0
0.0
0.0
0.0
0.0
0.0
0.0
0.0
0.0
0.0
0.0
0.0
0.0
0.0
0.0
0.0
0.0
0.0
0.0
0.0
0.0
0.0
0.0
0.0
0.0
0.0
0.0
0.0
0.0
0.0
0.0
0.0
0.0
0.0
0.0
0.0
0.0
0.0
0.0
0.0
0.0
0.0
0.0
0.0
0.0
0.0
0.0
0.0
0.0
0.0
0.0
0.0
0.0
0.0
0.0
0.0
0.0
0.0
0.0
0.0
0.0
0.0
0.0
0.0
0.0
0.0
0.0
0.0
0.0
0.0
0.0
0.0
0.0
0.0
0.0
0.0
0.0
0.0
0.0
0.0
0.0
0.0
0.0
0.0
0.0
0.0
0.0
1.0738425888603211
-0.24367955608887804
0.014871447943523217
-0.015893848177781812
0.012268319952510263
-0.03318973637189156
0.02247086678250048
-0.011379278876184737
0.036819072135070754
-0.04902730379986589
0.018170345968186615
0.000316432543662799
0.014780034944132183
-0.0010588532996837457
0.0003608076816343287
1.1325115708184676
-0.07720609081782143
-0.017900836771775643
-0.6116868654839067
0.007135675469874774
0.05421526292496619
1.2188966751954313
0.0687094815752767
0.008626683748959503
-0.9507454712894785
-0.02949683693056921
1.3087356778582735
0.053531671759696794
-0.030529314446898884
-1.1985926148991113
0.11205463852424048
0.00238856885541248
-0.03461137475235274
0.21106104574689438
0.010518942697368366
0.3071563868894118
0.0
0.0
0.0
0.0
0.0
0.0
0.0
0.0
0.0
0.0
0.0
0.0
0.0
0.0
0.0
0.0
0.0
0.0
0.0
0.0
0.0
0.0
0.0
0.0
0.0
0.0
0.0
0.0
0.0
0.0
0.0
0.0
0.0
0.0
0.0
0.0
0.0
0.0
0.0
0.0
0.0
0.0
0.0
0.0
0.0
0.0
0.0
0.0
0.0
0.0
0.0
0.0
0.0
0.0
0.0
0.0
0.0
0.0
0.0
0.0
0.0
0.0
0.0
0.0
0.0
0.0
0.0
0.0
0.0
0.0
0.0
0.0
0.0
0.0
0.0
0.0
0.0
0.0
0.0
0.0
0.0
0.0
0.0
0.0
0.0
0.0
0.0
0.0
0.0
0.0
0.0
0.0
0.0
0.0
0.0
0.0
0.0
0.0
0.0
0.0
0.0
0.0
0.0
0.0
0.0
0.0
0.0
0.0
0.0
0.0
0.0
0.0
0.0
0.0
0.0
0.0
0.0
0.0
0.0
0.0
0.0
0.0
0.0
0.0
0.0
0.0
0.0
0.0
0.0
0.0
0.0
0.0
0.0
0.0
0.0
1.078797187726522
-0.2474922433651435
0.06080223501564913
0.05354621807502369
-0.038754256698014376
-0.08828971979577047
-0.08518888133236183
0.03873690704663993
0.03963161466160707
-0.08324322215315802
-0.08883683572366308
0.01079463402027914
0.04284160725479066
0.028834429248683832
-0.027002778377256086
1.1700127345044642
0.06303664510475429
-0.05807793937588451
-0.6969091052255584
-0.024204152139554985
0.03943843183368507
1.296564355423335
-0.03785221797767274
-0.026593459459947448
-1.0127586309383279
0.07359739353051115
1.3209979396710654
0.04003745039702927
0.07256676900958314
-1.1600447610377067
0.13009938498024587
0.006961486483960238
-0.03338274282528196
0.23470820205204124
-0.04056284202774661
0.2888204832200125
0.0
0.0
0.0
0.0
0.0
0.0
0.0
0.0
0.0
0.0
0.0
0.0
0.0
0.0
0.0
0.0
0.0
0.0
0.0
0.0
0.0
0.0
0.0
0.0
0.0
0.0
0.0
0.0
0.0
0.0
0.0
0.0
0.0
0.0
0.0
0.0
0.0
0.0
0.0
0.0
0.0
0.0
0.0
0.0
0.0
0.0
0.0
0.0
0.0
0.0
0.0
0.0
0.0
0.0
0.0
0.0
0.0
0.0
0.0
0.0
0.0
0.0
0.0
0.0
0.0
0.0
0.0
0.0
0.0
0.0
0.0
0.0
0.0
0.0
0.0
0.0
0.0
0.0
0.0
0.0
0.0
0.0
0.0
0.0
0.0
0.0
0.0
0.0
0.0
0.0
0.0
0.0
0.0
0.0
0.0
0.0
0.0
0.0
0.0
0.0
0.0
0.0
0.0
0.0
0.0
0.0
0.0
0.0
0.0
0.0
0.0
0.0
0.0
0.0
0.0
0.0
0.0
0.0
0.0
0.0
0.0
0.0
0.0
0.0
0.0
0.0
0.0
0.0
0.0
0.0
0.0
0.0
0.0
0.0
0.0
1.0791526149188595
-0.2566025359505545
0.029772297394597882
0.002342035827722732
-0.04421349986834398
-0.04909767145607946
-0.0036057564266315815
0.059713619113831135
0.03692579784433767
-0.056855252278978044
-0.0005401934983657254
0.05164780368415902
0.023699114920246643
-0.006917606362936006
-0.03704877980474683
1.1448700077170921
0.07554357677328007
-0.07364029463584587
-0.6793052796672752
-0.0013323804706184684
0.09042367150654089
1.2986854507331005
-0.027066404951120355
-0.003916975397760442
-1.0843839539988538
0.02569284825527315
1.3076879875074487
0.09045665103752305
0.025965898199537887
-1.146379425254131
0.1286465605434437
-0.005092340143150733
-0.05639636129080174
0.25430389709090684
-0.009246183600114734
0.2856555804394566
0.0
0.0
0.0
0.0
0.0
0.0
0.0
0.0
0.0
0.0
0.0
0.0
0.0
0.0
0.0
0.0
0.0
0.0
0.0
0.0
0.0
0.0
0.0
0.0
0.0
0.0
0.0
0.0
0.0
0.0
0.0
0.0
0.0
0.0
0.0
0.0
0.0
0.0
0.0
0.0
0.0
0.0
0.0
0.0
0.0
0.0
0.0
0.0
0.0
0.0
0.0
0.0
0.0
0.0
0.0
0.0
0.0
0.0
0.0
0.0
0.0
0.0
0.0
0.0
0.0
0.0
0.0
0.0
0.0
0.0
0.0
0.0
0.0
0.0
0.0
0.0
0.0
0.0
0.0
0.0
0.0
0.0
0.0
0.0
0.0
0.0
0.0
0.0
0.0
0.0
0.0
0.0
0.0
0.0
0.0
0.0
0.0
0.0
0.0
0.0
0.0
0.0
0.0
0.0
0.0
0.0
0.0
0.0
0.0
0.0
0.0
0.0
0.0
0.0
0.0
0.0
0.0
0.0
0.0
0.0
0.0
0.0
0.0
0.0
0.0
0.0
0.0
0.0
0.0
0.0
0.0
0.0
0.0
0.0
0.0
1.074971424802606
-0.2357740652476331
0.03306253648510607
-0.020884171637166167
-0.035041281172512595
-0.04867460128709537
0.04439112615761885
0.038431130309465704
0.043113551718438
-0.04660016752125323
0.06067276783509816
0.018394671348091314
0.024251790008514556
-0.008512888461392736
-0.017963111000430725
1.145864502055753
-0.05732466930987361
-0.04476373515871876
-0.619146963612969
0.0060711877829726455
0.04914440614733147
1.2758686380333444
0.05026735499301646
0.008445923034886609
-0.962105907353419
-0.07651830709443527
1.288683242981698
0.049302156894190166
-0.0752306102516784
-1.1399487326711109
0.11255856786572471
0.005390775248676951
-0.0343550420836742
0.21714738165280884
0.03737823724505985
0.29514642425613197
0.0
0.0
0.0
0.0
0.0
0.0
0.0
0.0
0.0
0.0
0.0
0.0
0.0
0.0
0.0
0.0
0.0
0.0
0.0
0.0
0.0
0.0
0.0
0.0
0.0
0.0
0.0
0.0
0.0
0.0
0.0
0.0
0.0
0.0
0.0
0.0
0.0
0.0
0.0
0.0
0.0
0.0
0.0
0.0
0.0
0.0
0.0
0.0
0.0
0.0
0.0
0.0
0.0
0.0
0.0
0.0
0.0
0.0
0.0
0.0
0.0
0.0
0.0
0.0
0.0
0.0
0.0
0.0
0.0
0.0
0.0
0.0
0.0
0.0
0.0
0.0
0.0
0.0
0.0
0.0
0.0
0.0
0.0
0.0
0.0
0.0
0.0
0.0
0.0
0.0
0.0
0.0
0.0
0.0
0.0
0.0
0.0
0.0
0.0
0.0
0.0
0.0
0.0
0.0
0.0
0.0
0.0
0.0
0.0
0.0
0.0
0.0
0.0
0.0
0.0
0.0
0.0
0.0
0.0
0.0
0.0
0.0
0.0
0.0
0.0
0.0
0.0
0.0
0.0
0.0
0.0
0.0
0.0
0.0
0.0
1.0728933156997156
-0.23780732313891723
0.015138072002429854
0.020210121539925567
0.011314153722266018
-0.0311493644642134
-0.02562696454366245
-0.018949764214997566
0.03953621581087713
-0.042809057820729135
-0.017009991369491346
-0.02064816721845212
0.012844399470127122
0.0031371039138698214
0.006288807440125214
1.1503070713635049
0.04763221146186314
0.024059573685950943
-0.5930759115748245
-0.007627840915129954
-0.04454724660134308
1.2291880517256442
0.07076707833416945
-0.008060387497517616
-0.9662695077964705
-0.020651258421827898
1.2602926448015068
-0.04416351643983989
-0.021959956239444217
-1.1568970050778953
0.10730916457053574
-0.0008518724752144085
0.027635325405503494
0.21484272237829344
0.002714220587947673
0.300023147009903
0.0
0.0
0.0
0.0
0.0
0.0
0.0
0.0
0.0
0.0
0.0
0.0
0.0
0.0
0.0
0.0
0.0
0.0
0.0
0.0
0.0
0.0
0.0
0.0
0.0
0.0
0.0
0.0
0.0
0.0
0.0
0.0
0.0
0.0
0.0
0.0
0.0
0.0
0.0
0.0
0.0
0.0
0.0
0.0
0.0
0.0
0.0
0.0
0.0
0.0
0.0
0.0
0.0
0.0
0.0
0.0
0.0
0.0
0.0
0.0
0.0
0.0
0.0
0.0
0.0
0.0
0.0
0.0
0.0
0.0
0.0
0.0
0.0
0.0
0.0
0.0
0.0
0.0
0.0
0.0
0.0
0.0
0.0
0.0
0.0
0.0
0.0
0.0
0.0
0.0
0.0
0.0
0.0
0.0
0.0
0.0
0.0
0.0
0.0
0.0
0.0
0.0
0.0
0.0
0.0
0.0
0.0
0.0
0.0
0.0
0.0
0.0
0.0
0.0
0.0
0.0
0.0
0.0
0.0
0.0
0.0
0.0
0.0
0.0
0.0
0.0
0.0
0.0
0.0
0.0
0.0
0.0
0.0
0.0
0.0
1.0738425888603211
-0.24367955608887804
0.014871447943523217
-0.015893848177781812
0.012268319952510263
-0.03318973637189156
0.02247086678250048
-0.011379278876184737
0.036819072135070754
-0.04902730379986589
0.018170345968186615
0.000316432543662799
0.014780034944132183
-0.0010588532996837457
0.0003608076816343287
1.1325115708184676
-0.07720609081782143
-0.017900836771775643
-0.6116868654839067
0.007135675469874774
0.05421526292496619
1.2188966751954313
0.0687094815752767
0.008626683748959503
-0.9507454712894785
-0.02949683693056921
1.3087356778582735
0.053531671759696794
-0.030529314446898884
-1.1985926148991113
0.11205463852424048
0.00238856885541248
-0.03461137475235274
0.21106104574689438
0.010518942697368366
0.3071563868894118
0.0
0.0
0.0
0.0
0.0
0.0
0.0
0.0
0.0
0.0
0.0
0.0
0.0
0.0
0.0
0.0
0.0
0.0
0.0
0.0
0.0
0.0
0.0
0.0
0.0
0.0
0.0
0.0
0.0
0.0
0.0
0.0
0.0
0.0
0.0
0.0
0.0
0.0
0.0
0.0
0.0
0.0
0.0
0.0
0.0
0.0
0.0
0.0
0.0
0.0
0.0
0.0
0.0
0.0
0.0
0.0
0.0
0.0
0.0
0.0
0.0
0.0
0.0
0.0
0.0
0.0
0.0
0.0
0.0
0.0
0.0
0.0
0.0
0.0
0.0
0.0
0.0
0.0
0.0
0.0
0.0
0.0
0.0
0.0
0.0
0.0
0.0
0.0
0.0
0.0
0.0
0.0
0.0
0.0
0.0
0.0
0.0
0.0
0.0
0.0
0.0
0.0
0.0
0.0
0.0
0.0
0.0
0.0
0.0
0.0
0.0
0.0
0.0
0.0
0.0
0.0
0.0
0.0
0.0
0.0
0.0
0.0
0.0
0.0
0.0
0.0
0.0
0.0
0.0
0.0
0.0
0.0
0.0
0.0
0.0
0.0
0.0
0.0
0.0
0.0
0.0
0.0
0.0
0.0
0.0
0.0
0.0
0.0
0.0
0.0
0.0
0.0
0.0
0.0
0.0
0.0
0.0
0.0
0.0
0.0
0.0
0.0
0.0
0.0
0.0
0.0
0.0
0.0
0.0
0.0
0.0
0.0
0.0
0.0
0.0
0.0
0.0
0.0
0.0
0.0
0.0
0.0
0.0
0.0
0.0
0.0
0.0
0.0
0.0
0.0
0.0
0.0
0.0
0.0
0.0
0.0
0.0
0.0
0.0
0.0
0.0
0.0
0.0
0.0
0.0
0.0
0.0
0.0
0.0
0.0
0.0
0.0
0.0
0.0
0.0
0.0
0.0
0.0
0.0
0.0
0.0
0.0
0.0
0.0
0.0
0.0
0.0
0.0
0.0
0.0
0.0
0.0
0.0
0.0
0.0
0.0
0.0
0.0
0.0
0.0
0.0
0.0
0.0
0.0
0.0
0.0
0.0
0.0
0.0
0.0
0.0
0.0
0.0
0.0
0.0
0.0
0.0
0.0
0.0
0.0
0.0
0.0
0.0
0.0
0.0
0.0
0.0
0.0
0.0
0.0
0.0
0.0
0.0
0.0
0.0
0.0
0.0
0.0
0.0
0.0
0.0
0.0
0.0
0.0
0.0
0.0
0.0
0.0
0.0
0.0
0.0
0.0
0.0
0.0
0.0
0.0
0.0
0.0
0.0
0.0
0.0
0.0
0.0
0.0
0.0
0.0
0.9990837634348075
0.01741343996639539
0.00020290890631293417
-4.114639447075356e-05
7.651478260191832e-05
-0.001978391654858561
0.00034370384648214664
-0.00043618965602225
0.012485205739715833
-4.413461585137312e-05
-0.0006948001272280493
0.0002436514590101887
0.0018474853002994715
-0.02176690156524911
0.00013996681615329202
0.0014884589232910272
-0.0017599976270593586
-0.003998565666174912
0.39156073090521637
-0.009542202904573466
0.0002320099988758836
-0.00048567267748659475
-0.18644473981642407
0.00047081517400849194
-0.0038499068146788462
0.3887282310709774
-0.003098502716033989
0.007786954198009528
-0.18964830487190343
-0.002747907502040105
-0.5604528400155007
0.004331501411061957
-0.007162949483463778
0.30217217316764333
-0.0038477826370648185
1.0011187535764967
4.650951996748995e-06
-1.4108516017063627e-05
-0.0067000549702355885
-2.4426750977663393e-05
0.0001857811162551429
-0.010020276247506262
-0.0005253837202649769
0.000704031129167309
5.3009496190614855e-05
6.446277307728448e-06
0.045366138825524656
0.0007424720497603308
-0.0005072611698633911
-0.0005847900822600129
2.8809214954426012e-05
1.0009759776587712
8.978365820138484e-06
2.3017624692756006e-06
0.010619349048316361
-0.0002850221740576133
0.0006483876766208022
9.928269683553737e-05
-8.652573076476267e-05
-0.0003987582073170251
0.0002438419773047594
-0.0014118020711454734
0.009098508232509055
4.140177406625705e-05
0.0010008515404015062
-0.00010635669424986969
1.0008300807541632
0.0001468538177687002
-0.0002767041093715731
0.009761025419123655
-0.0004541937972150983
-8.481254416957785e-05
0.00047791333285484357
-0.0010350017638848857
-0.0010146621209167202
0.00060341852371973
4.4973691501852976e-05
0.00944981817805643
0.001256478743353518
0.001962204985748014
0.3322906639282866
0.0010355054956695511
-0.0008920857916137579
0.9459998128274623
-0.010868630074639847
0.02451172690832185
-0.019085793359200326
-0.0002126742862665711
-1.3295502789395195
0.010183948605647444
-0.020771962161103066
0.023484914729436118
0.00083432376331477
0.6556937771762069
0.0031582099635364914
-0.0003956614125889338
0.012013756447015108
-8.131850343632354e-05
0.008243750383528729
-0.004247000634922988
-0.0013043848174733343
-0.030388886842633602
-0.0003754705562798267
-0.010266091996795089
0.02098107295030407
0.5509694897861805
-0.00045988438504122094
7.494849791155495e-05
0.051278218769494
-0.010855764257470027
-0.0008155505534124779
-0.007033799630224274
-0.00038061096758155045
-0.07885206747703562
0.01247816337331222
0.0024950856014500154
2.2344862980398976
0.006048872227146057
-0.02688941888624015
-0.47003254776198833
-0.0026332846063644617
-5.914890140731401
-0.007640978900008073
0.008240705726172016
0.6888355496741481
-0.004371934600411381
0.9920812521560893
0.07908274924424316
-0.00031156933971548083
0.00047294007013079503
-0.00747553983235979
-2.4184968211779134
-0.04531492679748556
-0.00018667962852873636
0.004627679273114077
0.8686596322896332
0.005009491401447524
-0.0008168273796666427
0.004379745589984725
-0.044801317390631715
-2.0737148362946414
-0.003628338810586611
-0.002609998681772723
0.7117103823545885
-0.013520899150137355
0.7031246282386713
-0.0003559997611703139
-0.003245414325344159
-2.123660217608883
0.008933114950519164
2.99663538779365
0.0017103705190962548
0.004901313899602524
-0.0008583660260512026
0.012236652965205
-7.696308518014267
4.014415922835555
0.00806832287987529
0.01917849045577465
-1.0547907245816257
0.005283070890451725
1.5022076563611566
0.0003399716912302666
0.0016315498711471231
-0.011539417310652594
1.2521150467969853
0.0013186310063999836
0.00488121573585789
1.5907201338228267
-0.003101405708238616
5.079654738084105
0.9991700164764339
0.016475777670414478
0.00033038013658176415
-2.792493976067012e-05
-5.921743314150231e-05
-0.002824076436952318
0.00021294985479115722
0.0002908002082583549
0.006695796212988754
0.00028972124884536017
0.0002831322609700361
-0.00045183428743414113
-0.0011822416691686195
-0.009817037899109468
-0.0006351339857883821
-0.000619764908443142
-6.602369115264052e-05
0.0025693823896019872
0.38728581543052987
-0.010718201187501459
0.00017237160676344997
0.00039257251499375884
-0.1929562157738824
0.0007525180631701588
0.004425313312456731
0.3647217101573339
-0.007698678652684716
-0.00249260571421489
-0.21059357845270016
0.0026560227481037114
-0.5434148980610504
0.010354871581612135
0.0018190146164667445
0.3358975180082275
0.00411804376543978
1.0011402927335733
8.299970160619019e-06
7.539864845840111e-06
-0.0072225578977629275
-9.70622080333745e-05
-9.325886474629015e-05
-0.009621138488963227
-0.0005673787091460788
-0.00046864486455567623
0.00016563315527015382
-6.8897290306435e-05
0.04706003762436175
0.0009253192199491455
0.00022276143917583776
-0.0008642455602609551
8.88378956730545e-05
1.0011765568751143
-4.503782852543244e-06
-9.220586300066907e-05
0.007387918656951481
0.00016527467675221024
0.0002295340936691885
0.002275750833305626
2.4273727430963304e-05
-0.0002493120014008429
0.00018026786651863084
-0.00045294115494910877
0.006812290765976179
2.9873042493596644e-05
0.0005797243841874308
-0.0007848103439915846
1.0010149606501304
-6.457343868000457e-05
0.00015953670481112217
0.006890789388958759
0.00016617496488257542
1.3770982585157326e-05
0.0021439580881258934
0.0008253506453749604
-0.000499804571766374
1.3770019879709924e-05
3.5041903027862575e-05
0.007742884427018981
-0.0009107751537791797
0.0008734565879923176
0.3237138770719379
0.0016877836659654796
0.0002504562813493054
0.9615697408490091
-0.004114721094970221
-0.016105685106422504
-0.025513083416736318
-0.0006766556512229969
-1.3201551095355026
0.004146400143589094
0.01171257062471576
0.030041998702844727
0.001801749042024488
0.6466191424960125
-0.003654826607970738
0.0027893597886655547
0.005845910562816152
0.00018357818300719175
0.0067363287620181055
0.0030833838952058746
-0.004425750850346553
-0.018397149550346284
0.0006091703472321154
-0.008859288008000055
-0.02053006507954199
0.5487408199813093
5.4219985643282585e-06
-0.0006240577645477842
0.044703086677668945
0.009187867244891047
-0.0008869301001872213
0.0074105438961885985
0.0012245731820313152
-0.07024973041682787
-0.0108980665110266
0.0015325176499549334
2.23386178232188
0.02425828346329512
0.00245180935033033
-0.5057124538271852
0.003121814066354053
-5.894435606085134
-0.02538167987947526
-0.0008920989410155713
0.7361289783921106
0.007727612803887557
0.8991348406147943
-0.04633347703530684
-0.00035051341327202185
0.0004886178020250261
-0.023686841990447162
-2.324676992938797
0.030758404792542847
-0.0007870837399362412
-0.001545757758417378
0.8517348487365308
-0.002213443950753141
0.0025682004664139045
-0.00035385971804357836
0.03081152370355234
-2.0338499707815227
0.001504322493552381
-0.002546241069819203
0.7331856257424669
0.01184209647059955
0.7565435258422144
-0.00048810846144060096
0.0016130958388164466
-2.1844745394698504
-0.009143294880960332
3.0139348035631555
0.003404795072192494
-0.0016414041461821395
-0.002899747238539833
-0.01207305010796185
-7.748416607236111
3.979580695487467
0.021105933859295357
-0.0011573661260217902
-1.1238010652012433
-0.015423809499624592
1.5167121741889644
-0.0074194265239153
0.002904744559036998
0.003012473904264813
1.2278532784637914
-0.000685760802700058
0.003340259077993359
1.6337644732686458
0.005421390399295489
5.121064659579021
0.8297333643233343
-0.03204704130382977
2.9270631105063916e-05
-1.0250824962710518e-05
-4.291733880779228e-06
-0.0008826237996191794
-2.3323863375784826e-05
-2.340907254957192e-05
0.0035348596106640944
-1.1273182350112905e-06
-6.548496568314923e-05
0.0014967205128692943
0.00020237984240741057
-0.0020558988109964198
1.7152857948900443e-06
2.201924589915246e-05
-0.0003598552254456412
-7.540903499893308e-05
0.009554506442380359
-7.354763533655288e-05
-1.6730108237797452e-05
-9.455987796144626e-06
0.0017372859298253316
6.457787809494133e-06
3.6192414683262265e-05
-0.006966173522805578
-7.220932875959874e-06
0.00013573655680458328
-0.003103612602182157
-0.000317045370709761
0.003827334677447658
7.775316647262758e-06
-5.294507538850608e-05
0.0008819493976558544
0.0001361101437993941
0.36038407207423584
-4.951457544221072e-06
7.420552751380716e-07
0.1526179959792412
-6.144384256536133e-06
-9.712837554412e-08
-0.0007444398480030961
-3.329549069079626e-05
-4.661128604636489e-05
9.020423633982487e-05
6.590922622254142e-06
-3.399196874028719e-05
2.1683930155036973e-05
2.245614199583351e-05
-3.8933556561588965e-05
-2.942303123703584e-06
0.3603571823753518
-1.9889954371855153e-06
-5.983202881896498e-06
0.15288828403427945
-6.006614187596196e-06
-1.2902983880533632e-05
-0.00026933143484368833
5.05315250268928e-06
5.420657186369123e-06
-7.3125857430912125e-06
2.0827917110258484e-06
6.031740049565466e-05
-2.1709052845397183e-06
3.1797392192564353e-06
1.641906376664055e-06
0.36032500864359374
-6.171199304011095e-07
-5.9568820699516125e-06
0.15271908101646942
1.9919782551603423e-05
5.464775873905826e-06
-0.0003558675216826651
5.1520374367663485e-05
-4.420362612155627e-06
-6.3740106884771964e-06
-2.3208733826733983e-06
0.00010426603667076332
-2.3151837736560947e-05
1.2158066563534186e-05
0.017648049685373847
-6.5587614950763435e-06
-4.823275434480174e-06
0.007103371478450367
-9.60011273548391e-05
-0.0001957775677260078
0.0002604471660130156
2.1636886173699035e-05
-0.003955862750081215
3.7067726030610905e-05
7.684704447105317e-05
-8.557199113056858e-05
-7.912965096416259e-06
0.019091361652395982
-1.9469337650301327e-05
-1.373132314183241e-06
-0.0004887728488679148
3.324115950781794e-05
5.9715274432193096e-05
0.0001774030777659052
1.0224381922303762e-06
0.00017804486916876732
-1.2541951448077235e-05
-1.908818016118994e-05
-6.803952234737463e-05
0.01862142004615696
-8.850896060664992e-05
3.665027091610033e-05
-0.0008170941782793917
0.00020782060479141958
-1.5824929207556788e-05
3.667309725270503e-05
-1.3821676606927092e-05
0.000294105393039298
-8.118244094806625e-05
8.740013407355613e-06
0.02880910604772323
-0.0005591907438491795
0.002455294557858966
0.008400746934030897
0.000983967692753436
-0.030145470774876254
0.00023430711263660824
-0.0010230843653686703
-0.0031134328482208076
-0.000447283083327445
0.2359341385414498
-0.00016412535585895303
-6.946195269163734e-06
-0.0005629514357576267
0.00023777276276068797
-0.20240896745518722
5.3370714696265615e-05
9.363787056427806e-06
0.0002144682897005998
0.23556580820675968
-0.00015798780481188782
-0.0001438409317916471
-0.0010163325418355218
5.379080406808372e-05
-0.20202099164830653
5.8707493135230166e-05
5.9530971628834065e-05
0.23557498148493208
-0.0033780038336481836
-0.0035354408136519357
9.288546250869007e-06
6.129863814459651e-05
-0.20215838955374713
0.0013665257466593853
0.060270466880553805
-0.0004524372173961192
0.00023618446318550044
6.184668894186997e-05
0.001391965056902653
-0.06066099049696042
0.007929772495290498
-0.00010025172752978811
0.00042261478042454197
0.0012271696993356603
0.0002037509717245739
0.04351677344355244
-1.7725469329288483e-05
-6.914473917477061e-06
-9.017961399633909e-05
0.04339844903292238
-2.2569681494007284e-05
-2.595651017508861e-05
0.04347923591962557
-0.0005605655403514631
0.015328498992568898
0.9992307017882702
0.015827746964149875
0.00027257888130330187
2.283161549977317e-05
-5.260478429604144e-05
-0.002078921235766593
-0.00017718952115554414
0.00021003126876356916
0.009923032786686669
-0.0004144900406310438
4.2869791437839065e-05
0.0001957768079483382
0.0007316966441789682
-0.01704868438829115
0.0009415694089205066
-4.707408060505175e-05
-0.0015241137477503938
-0.0016244114533602203
0.38864042132317145
-0.010434721211880355
-0.00014870940225740557
0.0003834198219557336
-0.1971552514578569
-0.0005546511778569874
0.004638352340035926
0.3529062664045971
0.009906682410022672
-0.0021206164728134478
-0.21154114459623075
-0.0027709900032887435
-0.5412200216796537
-0.0123212312638932
0.0024781410470611186
0.3375603424054381
-0.003946669914011942
1.0012582388419644
-6.9314006179864404e-06
5.4477113452989225e-06
-0.009687131855444512
0.00010471396160776747
-6.357282882800964e-05
-0.012450153178621602
0.0006166109255879579
-0.00015480677787100405
0.0002036537921173243
4.48189888720541e-05
0.05316651611944974
-0.0010689248618537496
-0.0005336361577319859
-0.000959225919335615
-2.468978461088441e-05
1.0012752865407233
-6.545185232892659e-06
0.00010680732645306846
0.005892999781397281
-5.9082204161250786e-05
-0.00010804572164317588
0.001716298231321782
-6.643174294643533e-05
0.00015693121466422072
0.0004083445437260286
0.00020035498232864315
0.00823175830549759
6.344458645613372e-05
-0.0003948195992736368
-0.001317459384497116
1.0010936489567692
-3.5293343804126426e-05
-5.4122844253986485e-05
0.0057864631441738165
0.00018653478210515313
-4.3797427598727775e-05
0.0015574855530557877
0.0007510012162613467
0.0004295397033735217
-1.236307631648302e-05
4.841054797438549e-05
0.0092837907584422
-0.0006834623217006362
-0.0007416936687575913
0.3215738747457717
-0.002144081130925902
0.0007164016573157081
0.9640506589606357
0.002529264626053981
-0.014262413294344786
-0.025468193167276863
0.0014661876290439095
-1.3087482207781727
-0.003975281255659381
0.009087527657035613
0.029285081693640514
-0.002852957977879967
0.6447647239029849
0.0039375157249322956
-0.0033296423334571905
0.009470880722511468
-0.000258919321877679
-0.006605796357936517
0.0031518270248513643
0.004567228252723704
-0.020559312784893986
-0.0005074355568228886
0.008799690283129068
-0.020864499230100163
0.5472643379960543
6.57588537330276e-05
0.001337458149957499
0.045353496744612115
0.008557759387644815
0.0007042218526408196
0.006697834918190663
-0.0017377564887349588
-0.06921108333519604
-0.010159760042464511
-0.0015676583443509067
2.2527096627459473
-0.029094617137097965
0.0014240055370301759
-0.5065143900409826
-0.0027358172796871677
-5.902675437953282
0.027348378967304278
-0.0036494608095958975
0.736593888543868
-0.010448290733811743
0.8865176286100853
0.04263378587953583
-0.00010772757971759024
0.0015389759707284674
0.025008490851923554
-2.31732821451499
-0.030068003034894653
0.001570564182440219
-0.0025594425981899007
0.8291365328364506
-0.002994656747985021
-0.003220207601001889
-0.004336232272809254
-0.03001919857339125
-2.0160667855815584
0.002312743054611217
0.0012859790747804384
0.731453568139693
-0.0119187863375701
0.7565328417970666
0.0010243651516699452
0.002594696919617004
-2.1817435867528774
0.009555872924777286
3.019534445492757
-0.0066650814486576716
-0.0021351189547561137
0.0027305613215930745
0.012329791946934959
-7.786740238776145
3.9623433133651313
-0.016468129704992757
0.008413627505674794
-1.1238536405559267
0.021567696212873487
1.5268756414645703
0.010152115540990311
-0.0038416576998258683
0.003047217859229929
1.236984402513586
-0.0015668434108015625
-0.0012841504729774818
1.633558422802351
-0.006030346749153373
5.156909712071641
0.8300472428751432
-0.03460537949633943
6.535306877011318e-05
-4.080566935450067e-06
-2.5413910340426863e-05
0.00012028277090463819
-1.1693041243199617e-05
-8.690506242891511e-05
-0.0018175637406378446
-0.00018910769241852268
-7.526630134672547e-06
-0.00013675388893444248
1.5741009065491254e-05
0.00040418555328300746
8.038713904795741e-05
1.1802170111113064e-06
0.0003549627199537816
-4.784765267385639e-06
0.010254527869357145
0.00010848882085608285
7.219836170612705e-06
-4.04076610736855e-05
3.029901196351065e-05
2.6089766620062465e-05
8.768792418366943e-05
0.0039051689327159202
0.000410270014044467
1.858675238464035e-05
0.0003429234100020888
-3.124413435030672e-05
-0.001202804890001992
-0.00016650228413428984
-8.914398882926675e-06
-0.0004076656875354577
1.0663485677933928e-05
0.3596372417496374
-1.9224854570298353e-06
2.8049417191699015e-06
0.15139872169678723
1.6313662557399498e-06
3.1841094750543498e-06
2.908796711328808e-05
4.141251792907452e-05
-6.558929131329931e-05
-6.422237540372806e-05
1.2028808059485821e-06
-8.242851286984298e-05
-1.9925751978476903e-05
4.328244203034514e-05
1.4683265817723266e-05
-5.23590456597943e-07
0.3596174134955472
5.006746919496081e-07
1.7498554623764587e-06
0.15148528361131214
7.584887646237211e-07
2.1386919540805755e-05
-0.00012829082894903724
2.784200726489751e-06
1.0057117700894724e-05
-5.454306197825818e-05
-8.359614030604942e-06
-1.1141627042822041e-05
-1.0774157870327082e-06
-6.30917179397096e-06
3.846775457350322e-05
0.3596938517590701
3.387715975388571e-06
7.388252079792981e-07
0.1515141103934845
-1.734607492038958e-05
-1.4759975795023834e-06
4.622917922178345e-05
-3.0474043656846885e-05
-3.7151637663466407e-06
1.5796767937997718e-06
4.980019975620009e-07
-5.8393036128633025e-05
2.0557639716641748e-06
3.5055373003996386e-07
0.01843938472091873
1.6734157531736783e-05
3.0492815335821467e-06
6.20999338918896e-05
0.00019203464200788967
-0.00016154571828868168
4.987770778864296e-06
7.26500313539082e-06
-6.253953247993724e-05
-7.864278248611995e-05
7.036757834281651e-05
2.724875669721919e-06
-2.4748168763813374e-06
0.018925913432179024
1.876229476943807e-07
9.238566897273401e-05
-0.0003073962331307132
1.540171489878616e-05
6.119523399634898e-05
-0.00011345593385014553
-3.245556171284077e-05
0.00012081042502106076
-5.2880966712718626e-06
-2.9575468142237392e-05
5.549968379996858e-05
0.018592745710024994
-0.0003283622505523688
1.7708498997209795e-06
3.521080691244586e-05
-0.000598985130026338
-2.6693566107117066e-05
0.0001404386799191805
-6.92974981240845e-07
-2.676846321097409e-05
0.00025597571862792434
7.473369480702558e-06
0.19888182027619228
0.004298973137231864
0.0003812933927186911
-0.14480977929079256
0.0006971607996019064
-0.17103943338749428
-0.0017114280545034383
-0.0001595683345799956
0.05746828278177162
-0.00027986678771732326
0.08104408171898003
0.0008705275084951759
0.00064635891248277
0.0005796581128782953
-0.0017532714944020753
-0.07853857392787408
-0.00034780212129823207
-0.0003422902442661156
-0.00023219324337327846
0.2367998164140242
0.0008664563969736296
-0.00013055285026981547
-0.00015485338919519275
-0.00033719540345757886
-0.20139535486857568
-0.0003323058177870447
4.7553526995926766e-05
0.1009383824693781
0.0012693250392885559
0.05817465415488393
-0.0003546006754260172
-0.00034554895790517596
-0.09311348933305513
-0.000519552767413636
0.2368087260930788
-0.0002767254572137693
-0.00022667766324744806
4.783956329828161e-05
-0.0005072341852195385
-0.2015256408695282
0.03693190670430779
0.0006948508317026246
6.478933755419902e-05
-0.022791650883011216
0.00011026484589528101
0.019107393192244707
0.00013439861258312361
0.00017401411992844966
9.08418880964102e-05
0.04293476430272039
0.00013196208461529213
-1.7843363280441914e-05
0.021720319249480338
0.0002064665730582415
0.04300210098867323
0.8300774664214012
-0.03476681374860162
4.7173373169782446e-05
1.3697289129279764e-05
3.505435542840744e-05
0.000140725029365325
3.3913178706125024e-05
0.00010331253657561059
-0.0018304464357136272
0.00011646195947153127
2.40988834530202e-05
-0.0003041327797437231
-2.1763100522275997e-05
0.0003865449253353901
-4.8897953404290245e-05
-9.8638864467754e-06
0.0003468243774207129
8.012965146303007e-06
0.010403959923137491
-1.5661409642450113e-05
2.4421696398954245e-05
5.1292583337028044e-05
-0.00022898356946627002
-1.3285688363591706e-05
-8.507987129348932e-05
0.00399830583456986
-0.0001897734470965738
-5.032294654888182e-05
0.0007797324699698474
4.007597759077416e-05
-0.00126354801944894
8.417296763061954e-05
2.2245274993063437e-05
-0.0005693462011616083
-1.3385379166922543e-05
0.3596604578843218
2.936439108131775e-06
-1.7306041676256825e-06
0.15146835633479222
-3.2114170318444062e-06
-2.2737803948286294e-06
-6.464546922534248e-05
-1.5713665856466664e-05
8.00474530982246e-05
-0.00011297818607511453
-2.2561759479679103e-06
-4.413174529272202e-06
-3.375526645151723e-06
-5.454796287266403e-05
6.76748580483121e-05
5.842704100056299e-07
0.3596349854176761
-1.7464430370289152e-06
-3.2701107944168196e-06
0.15151895618532968
-1.9487925449490995e-06
-2.530848579964572e-05
-0.00035632732092371255
-9.715364286072984e-07
1.652440966917127e-05
6.287326258367973e-05
1.5727953820138967e-05
0.0001702514741954359
6.043574409794493e-08
-1.625772118982031e-05
-4.758990669352887e-05
0.359632996454208
-2.2181110519392303e-06
-1.953125502692744e-06
0.15142069104307337
2.7783103786898138e-05
1.4139939599906859e-06
1.8311704574407957e-05
4.8873090154746195e-05
1.7949077990683092e-05
-8.950512520548706e-07
-8.609275822831105e-07
-1.8831252449498517e-05
-8.051217856262728e-07
-1.674739955445926e-05
0.018475287726974928
-3.351441798311605e-05
-1.400109084356976e-06
-0.0005860732988867813
-0.00016147809200599202
0.00021550122109369803
-0.0006609955297066657
-1.4850141712080874e-05
0.0002021031921131561
6.87447901410576e-05
-9.062479973056825e-05
0.0002980864955972028
5.269013356285076e-06
0.01889225100157113
-7.458093902278467e-07
-9.411632238671394e-05
-0.00216835456678023
-5.1498088927897005e-06
1.789678386708127e-05
0.00013381735423343043
4.193700730512244e-05
0.0009086423952059277
1.3844846948579768e-06
-6.302295054787485e-06
-6.362170640740643e-05
0.01863150625428065
0.0003266424951429112
7.664182544565904e-06
-7.405077719710445e-05
0.0005838304926218158
1.4835870821426932e-05
-0.00013776848648347023
-3.5635650074016345e-06
3.4173698346658495e-05
-0.0002457364250896319
-1.0016388230897575e-05
0.198754076623342
-0.0012417876386447342
-5.018723723659616e-05
-0.14005723274819393
-0.0007143554520418851
-0.17119403156983742
0.0005224330771117292
2.584974619118801e-05
0.05549837818549232
0.00028391020233276237
0.09155806190545289
-0.0006515308523978934
-0.00041171615315369146
-0.00045514033810689815
0.0005285574620688894
-0.0875703009998259
0.0002554901994483899
0.00020796973321706203
0.0001855280645129421
0.23282089124654035
-0.00013412590427593562
0.00014997196265019935
2.4330378385959473e-05
0.000250611777715972
-0.1984246932010762
4.8384946946996974e-05
-5.687471003528786e-05
0.10587034319529712
-0.0012029730366701675
0.05617083555094374
0.0002078688749658431
5.187463087216397e-05
-0.09746676816567415
0.0004920795587476465
0.2291530791454961
0.00028387439488346917
0.00018132203198710777
-5.8047418759549574e-05
0.00048615402161933293
-0.19588224483163105
0.03701297678843935
-0.00022115165623700365
-1.2160278624880846e-05
-0.021959607247784473
-0.00011197594391724295
0.02102851808186476
-9.824025179231064e-05
-0.000101146934065673
-7.394926892436893e-05
0.04238543127917945
-1.846907406634666e-05
2.171578749775569e-05
0.022663456609543192
-0.00019767367714102472
0.041966256433119284
1.0480354643583838
0.029706804361459185
-9.187250672231769e-05
-7.970580516799135e-06
0.00012896521007844312
0.00019298637806120585
1.1732283911117406e-05
-0.00011303839301409983
-0.00041074810303421826
0.0004998823311787248
3.782688629002492e-05
-0.007845576816985354
2.8178229631182474e-06
-0.0008685443088898313
-9.427183400117901e-05
1.905860535512037e-05
0.002664194284517376
-1.0352460174821031e-05
0.010948465966590007
0.0003430342147315813
1.7891552277768573e-05
-0.0002460082240712694
-6.573232488024349e-06
-8.649841615435532e-06
3.653085856483932e-05
-0.0022991224920655205
-0.00016658414833796705
9.482159597811642e-05
0.005279185439451047
-3.2892521903629955e-05
0.0014525727916856585
6.321699711806956e-05
-4.4368661627871345e-05
-0.002344218649679106
1.8358237139730896e-05
0.5557563379649062
-3.8111034989371755e-06
2.4411073494794292e-06
0.10205853118633784
-2.2001188210117316e-05
-9.279354409099853e-06
-0.0005748137006529701
7.898778618574797e-05
-0.00034022472365596726
0.000583579568944414
1.5946572142022073e-05
0.00011684083302519829
-3.4674362316820454e-05
0.0001775108718713733
-0.00023822143063328323
-8.099726070261967e-06
0.556325868765001
-8.341845588888832e-07
-2.3130182551456814e-05
0.10135509028789358
1.9468153716290292e-06
-9.197542479095347e-05
0.0008857048576656195
1.1868717622165273e-05
0.0001373021509333594
-0.00026369313991606984
4.062392099653697e-05
-0.0004734379677870049
-6.568661213196173e-06
-5.2442676923385825e-05
0.00014331659466786193
0.5561059847129
-8.931844591649287e-06
1.930891631865378e-06
0.10156085248260796
0.00038358192789639955
6.559987382568658e-06
-0.00026417431219463315
0.0007147228948835398
-8.38371145919618e-06
-0.0001764476681917929
-3.6457783720904663e-06
-5.408603410399595e-06
-0.0003243327116650454
-2.367452110115968e-06
0.005658054476525211
-7.277737387447938e-06
-5.358271339024808e-07
0.00023146855039087272
-4.258361074494904e-05
2.5631788587628814e-05
-0.00030208758576467064
-8.928952608603795e-06
-0.0001205412727342555
1.7015445843896208e-05
-7.875120854521188e-06
0.00012478050693772426
3.845567159951966e-06
0.005836109162511381
-7.482662237179688e-07
4.5976172237013214e-05
-0.0005186295965352126
-6.463022641642725e-06
-6.603114847416077e-05
-4.623995900227091e-06
-2.2499810320860175e-05
0.00020157742700903443
2.900762608105193e-06
2.890280011216172e-05
6.134892104944756e-06
0.005700461409010961
-0.00012624000004019467
-3.743098086197368e-06
5.214143753125456e-05
-0.00023976024878499168
1.7357633666871223e-07
5.0842060383499916e-05
1.4113437249011848e-06
-3.277891887881634e-05
9.616685796952431e-05
1.097199667177641e-06
0.019945229189712314
0.0007615458314745092
-6.91416385170711e-05
0.04120906891603094
-2.6773788734949e-05
-0.019821540753219687
-0.00033701021019552933
2.8253254900895898e-05
-0.01967511270714071
8.536337550824929e-06
0.07087353932058382
-1.7428972366300295e-05
-0.0008724355460570367
0.0004309810812516705
-0.0003462420767140555
-0.06803406677004653
8.22342831948198e-06
0.0003820151720849394
-0.00019167426414057443
0.01879079103233435
-0.00019624311864776715
0.0007975204074273175
3.194165536601846e-05
1.0396980375003167e-05
-0.01830692297762334
8.399028859295196e-05
-0.0003558403918119955
0.058580025853797665
-3.450851683258781e-05
-0.019647138530822065
0.0003774615454385634
7.91926874295615e-05
-0.05673198376296476
1.0506253382739143e-05
0.017985925260410505
8.562872442600794e-06
-0.0001912343945026943
-0.0003571587814017709
9.224576533240052e-06
-0.017718162404305397
0.004944551573499708
0.00015159703483880654
-1.3067806761654098e-05
0.009421003717603306
-2.022754389051461e-06
0.016401499026052476
-4.822823988343949e-06
-0.00016489817821026118
8.474278902561151e-05
0.0044624386112885875
-3.3176501416832326e-05
0.0001581258744177654
0.013806134467928603
-1.7195542169442956e-06
0.004371826105534854
0.05306009941619791
0.2883155094313253
-7.28598857957835e-05
2.6149352242411796e-05
-9.422755396386842e-05
0.00014570554890785606
-3.79809260149413e-06
5.516170658562009e-05
-0.0019465033033140022
0.00010332016806491331
0.00010177264314884138
0.0048874181248032235
-9.232584659499447e-05
0.0010305990558637681
-3.582327131541169e-05
-3.73825390954485e-05
-0.0018289648702322792
2.852347368778066e-05
0.4771860366211401
4.8851664334213844e-06
-4.185223990699164e-06
1.4879707617553916e-05
-0.00013927246515710673
2.246694339348117e-05
-0.0001036390031145955
0.0015019628388092115
-4.37949307927065e-05
-8.197989020182757e-05
-0.0026450337494406534
5.869302988847135e-05
-0.0007160663181637365
3.737504553054601e-05
1.0314947141079836e-05
0.0013755943165186819
-2.3098281062994928e-05
0.3927077309213177
-4.347188178709371e-06
3.3102114624001527e-06
0.14179697139206687
-1.625967964938247e-05
7.874544921621951e-06
8.936458648599701e-05
3.681611579555703e-05
-3.770467253531141e-05
-0.00033018720768819484
1.4412908022628357e-05
3.823393600006348e-06
-2.138875292697336e-05
3.934680484932232e-05
8.323274937503194e-05
-4.622878680773647e-06
0.39274110518844096
1.7535476781882797e-06
-1.6364890011404976e-05
0.1416584810421544
3.061739165199542e-06
9.523640389262978e-07
-0.000596441382259221
8.432276202753715e-07
1.6688730719811587e-05
-6.679689583468298e-05
4.09183296179461e-06
0.000138278438143651
4.623521895842629e-08
-1.4705914187807676e-05
4.646183596829247e-05
0.3927792005064463
8.024503923926241e-06
2.9687043890210075e-06
0.14197741009714993
9.348410602433523e-05
3.875133704048495e-06
-0.00012372795901688738
0.00017998616051581817
8.616542964198525e-06
-4.487387797377036e-05
-9.353080340265713e-07
4.491731150462607e-05
-8.538481891417587e-05
-1.0956830707571771e-05
0.015330961484729348
3.2854644235903225e-05
1.588166446800027e-07
-0.0013761113396984382
-9.293100707192292e-05
-0.00017950921508906253
0.0019053144833849477
-7.965259947471305e-05
0.0005339023898572287
3.3499432578042924e-05
6.473762170398578e-05
-0.0006804713316975072
2.741141609296254e-05
0.015885210826127392
3.6881610058539214e-06
-8.438776609936318e-05
0.0029057747399374757
-7.483110381558994e-06
3.089374804328786e-05
-7.260837319468611e-06
3.2925250508192885e-05
-0.0010025669461112513
2.4929075328415434e-06
-9.112443572397041e-06
1.1180253416973327e-05
0.015512526488806803
-0.00027704355397811223
-2.1184888290669386e-05
0.0003043423344416402
-0.0005815992248353679
4.496077762985423e-05
9.626692079475337e-05
6.846899949471324e-06
-0.00010804982465721351
0.0001997473179584029
-1.801707069989083e-05
0.02961184653219641
0.0005721313737573565
0.009128030998342467
0.03901497995443794
-0.0013626876224132473
-0.025086366254847187
-0.00021402982425889526
-0.0032141484418243002
-0.01626336585683716
0.0004823984451782894
0.10963332729140635
-0.0003561963227207964
0.0009405761478627891
-0.0020080636563511237
-0.00021126370145520235
-0.0883564086404264
0.00012933072750186868
-0.00035492541636618347
0.0007189649291036142
0.21413503502449957
-0.0026609352208901245
-0.010587336323214588
-0.0032202678975524297
0.00011897112207689494
-0.15513534946750757
0.0009625679761119529
0.0035130004424849173
0.07725796623490244
0.002045579401480308
-0.016499440644919185
-0.0003565865134804989
0.0009394800866349795
-0.06411482667671718
-0.0007182301386817957
0.18329738460421022
0.0004879175813926508
0.0006718910745866656
0.0035174860257440603
-0.0007091107040527718
-0.13490819160226514
0.005334735738296093
7.743116736410113e-05
0.001133694041956354
0.0069193946825273234
-0.00017340816652919896
0.01790374868550111
-4.2656222667918215e-05
0.00013233885271262533
-0.00023964333456114793
0.028191289157416997
-0.0003400772179204368
-0.0011664689873375116
0.013388563070817544
0.0002479903743922968
0.024894759328879686
1.05114849656266
0.02267110259838016
0.0028681840138940033
-0.0003156089369382225
-0.0008263507712447705
-0.0021574204632546067
0.0002568878209537601
0.0006721689033659808
0.001224168819098396
-0.0014463532778027578
-0.0016011287627743331
-0.0017226555303871823
-0.00532609125144099
0.0009327364231187184
0.0005792786151221721
0.0007462739720306931
0.0008491545739481209
0.0026169574142011582
0.013429865787101643
-0.0038545319203331166
0.0004247427452843354
0.001281495550823001
0.001721789241132956
-0.0002812720595348655
-0.0005005450828791447
0.002774138841514387
0.0008869269766898688
0.0014629665579123023
0.001234537184400619
0.005016680153500531
-0.0014923968182336974
-0.00047394527931885584
-0.0007472749541141777
-0.0008258823512489265
-0.0025873933903051032
0.5559351421921774
-2.580243110145201e-06
1.9215769574201895e-05
0.09981578042854128
-2.2367299323739383e-05
-3.019376668554577e-05
-0.015863888984896147
-0.0005696145926366431
-0.0003536473306227576
0.00011541137501544972
0.0001400761754687231
0.007393895233902031
0.000303375628359764
5.706889201176943e-05
-4.752012225569728e-05
-7.704114087081593e-05
0.5563749888579448
0.0005361175663317339
-2.543042297691215e-05
0.09995499691583
-0.0005277363525832136
-0.0014679294931305657
0.0026203329952514376
0.0009730461407488084
-0.00026904093638193413
0.004573065480545778
0.0006953225878525168
-0.0010761714819093413
-0.00044708883761892615
9.146353158989896e-05
-0.0021394899339735917
0.5561324178315279
-3.327888638986182e-05
-0.000526529938415137
0.10019444490043966
-0.0023489750549003045
0.001054904621634485
0.0012443988404781622
0.0015980216987163932
0.001774998498928481
0.0011071246924222171
-0.0004853437075409628
-0.00048193964660276734
-0.0006079980762844371
-0.0008095888369926683
0.005834853146478585
2.1217343373123802e-05
2.4790653251169742e-05
0.007622650089443215
8.910894761118389e-05
0.00010423018799703734
-1.892906181497972e-06
-1.4124472200113999e-05
-0.003911693716736267
-7.905597920869016e-05
-6.967254216968676e-05
1.0809946496565166e-05
2.8922271947903543e-05
0.005925717085710311
0.0002602862751732437
0.0007719666410248559
-0.0010758463755920437
-0.00046297551583807594
-8.520571035178855e-05
-0.0021808980099399275
-0.0004065152408887146
0.0005491735999540405
0.00023109087552849024
4.889672777662119e-05
0.001089181439289652
0.005822256868794769
0.001136381015030652
-0.0005024202940492375
-0.00045243309763188887
-0.0006294003737380342
-0.001022733670208349
-0.0005673091359190746
0.00024963360871108927
0.0002528406610107907
0.0003163272776305009
0.0005269747141241894
0.0942577924912078
0.001056241605982926
0.002484425315219198
-0.003345095573428166
-0.008184297958723476
-0.08955961121251767
-0.0007504067045309256
-0.001206998743276939
0.0018015585516616486
0.0041529098981887905
0.04627948259587593
0.009167481205461542
0.0010177430733883757
0.0020288042029969664
-0.0007205886006263849
-0.04343058283355422
-0.0042659804398902795
-0.0005005139461314312
-0.0010495874026339156
0.04947199504375269
0.000683047409841712
0.0006108330859651383
-0.0012255200125421894
-0.004273521577508099
-0.045968769444454806
-0.0002857696167556256
-0.00030128384996388195
0.018008188417751852
0.004741994455984527
0.0018389333067998584
-0.0004730504409304699
-0.0002832522509254472
-0.01800982459871285
-0.0022129142179516254
0.08516376250997759
0.004108028141292535
-0.0010479834077509707
-0.00030725493447323097
-0.0022192610023251294
-0.08152342048491537
0.02141263994723141
0.00046818946774990135
0.0006013155892879399
-0.0009988029904478355
-0.0020988457752485843
0.010205402022659349
0.0019919681401857304
0.00023293244057944504
0.0005417035294686482
0.010688646649018188
0.0001180507809331572
0.0001527727903034214
0.004514120546293994
0.0010436105924973556
0.019614016481815974
0.9986678638167513
0.023994275796046557
-6.904306192741296e-06
-4.227296794822166e-05
0.00014333663345360677
0.00019767776691479138
0.000247882656331636
-0.0011552223908610011
0.014754049610059642
0.0004268121717791738
-2.5536263000256367e-05
-0.0021799091282981163
0.004827518984956213
-0.029828603886202475
-0.0007803666107639016
9.664338631864465e-06
0.004157246121044202
-0.008601128164351716
0.4092308932276228
0.0006689320925385926
0.00010886829902966803
-0.0011723309861522335
0.029044831854117104
0.004440376048488544
-0.026482973432152723
0.3191759245463016
0.022074528183494663
-0.0055850376738468405
-0.15749563973258845
0.15585109490838106
-0.4831555465908589
-0.03795662726110871
0.0070239864783633406
0.2622674869972925
-0.2341022930425748
1.0003762767353406
-7.847057195245696e-06
4.568928668494348e-06
0.01482889514346654
-0.00017795609795179314
3.4948319269751238e-06
0.0017313048536792218
-0.0003086674788661535
0.001341622933505526
-0.0002380667243061146
0.00019381698098025967
-0.005497538358350202
1.3134776325660386e-05
-0.0018980897782053152
0.0006146883169265517
-0.0005435153207025418
1.0002067547967055
0.00023555114781329467
-0.00017996004891892347
0.023916037728986088
-0.003023494726679432
0.00030304858737452596
0.0004478830207375583
2.79273464486726e-05
-0.00046760844340268745
-0.000834530014059769
-0.0008162192910741562
-0.0005180710190510587
-0.00031946439234580113
0.0011748279296171576
0.0040733801319620625
1.0001182114680551
7.640755430813639e-06
-0.0030206355217040916
0.022690020875559998
-0.0003952121993988876
0.00010524251658383356
0.000659571620925354
-0.0016853508552037955
0.00010029162990868345
-1.816125804513816e-05
-0.00033131529144945506
-0.0015045578562700103
0.004304630871787514
-0.0002456495281162323
0.468606624277297
-0.010912001591169312
0.002878981920602587
-0.17438963785051348
-0.04719146714822596
0.02399614460495339
0.0027564917740628353
-0.011594580507602946
0.275155565239784
0.06243133212054459
-0.03224598526576625
-0.003829537864370344
0.018525460534261018
0.6964898035719876
-0.13593092025136905
-0.017710506944544784
0.02679983522267907
-0.01976448283017619
0.0017703725719244714
0.1331702676369881
0.04123307110655023
-0.04630544995579787
0.028482549946071013
-0.005097875759012069
-0.15885628706596683
0.6068033072535548
-0.04752441259484093
-0.012524203914142428
-0.0013351421622226868
0.08544819874158152
0.0045106915889905185
0.05408201957075458
0.024498407913017918
-0.014277828200031236
-0.1142061713261688
-0.025630543029520766
2.615789546666726
-0.03412157109267698
-0.016691297609901665
-0.4364472149295886
0.35424959610247525
-6.7793339952629434
0.036445671649364686
0.01139956061946817
0.6451094821304657
-0.4880319817199899
1.0137498804989769
-0.27259831919247574
-0.021067624574913943
0.016271416894573554
0.03712806722221632
-2.5407848299993074
0.2760745969326758
0.02890176572011263
-0.03002734314152288
0.9321627331865872
-0.002031064864421677
-0.04097584587254032
0.009855062605717762
0.27421004987489767
-2.2783490653444316
-0.0009933085559280653
0.07602940171273004
0.8343520320118875
-0.23632375811407452
0.6744826710158478
0.029173186889653854
-0.0008123914272107585
-2.4548304854049974
0.29292033495636055
3.2411598867980116
-0.4933585659691823
-0.02812670936172723
0.07154718952369653
0.2933555731343219
-8.464812739291412
4.521436417123334
-0.04575718245818891
-0.004771116542902932
-1.0185931692512114
0.699958005186616
1.6188739049172445
-0.27223226093235464
-0.040447484807817596
0.04646181775409368
1.408094663631069
0.005635226290810388
-0.12000122942263533
1.8148847749220716
-0.37833171209521865
5.680341977684753
0.8293949315689679
-0.03042571673206825
1.7022266380558678e-05
-8.358259206549607e-07
7.92846956912798e-06
0.0005057324314285159
0.00011173898447851109
1.81641486006404e-05
0.0011939040095335462
-0.00038527363410917743
-7.952859435575555e-05
0.0020284944049359216
-4.629630206461507e-05
-0.0007476130697844558
0.0001349796624645733
2.8001889400015548e-05
-0.0005251953141723505
-5.889079820891876e-05
0.008513004725881774
4.563486343123766e-05
1.3051499790690117e-05
3.056737145889981e-05
-0.0009473137920791366
-0.00021446645407901974
2.764769776694399e-05
-0.0028422969774789864
0.0008377902339607869
0.0001517962790683568
-0.004134896061635103
-0.0002619447541039546
0.0015595131885897387
-0.00034554464732407144
-5.228503404596958e-05
0.00130126262124575
0.00011673450711468714
0.36052939342539647
1.7500028334752613e-05
6.132940561100463e-07
0.15285044640846399
2.1843020869676227e-05
-9.691555307160956e-07
0.00038146385249590575
0.00014106575385640865
6.780293120195345e-05
-2.7424683394126303e-05
-1.702476856530048e-05
-1.3593095170288195e-05
-5.709271557279536e-05
-3.448898004968331e-05
9.317674868813623e-06
5.2587149807145696e-06
0.3605302427712219
5.048841041456093e-05
2.1047853056691424e-05
0.15301299093948711
4.488929667253405e-05
-7.334602058624024e-05
0.0002523208636999202
-3.257341152547983e-05
4.6340324962772186e-05
-2.616499997770053e-05
7.589303458114554e-06
-8.846320821221294e-05
1.1323079029460512e-05
-8.369279264223517e-06
-4.812116157758625e-06
0.36053072405150655
-1.3094050906267592e-06
4.468162388830966e-05
0.15293645750523072
3.315624230104641e-06
-3.781701268338984e-05
0.0002863838915502546
1.465247036410057e-05
0.00011013622695531453
9.147558375008403e-06
1.3046203828888494e-05
-0.0001013137636902583
2.9926136250203188e-06
-1.7274370151154388e-05
0.017824545049226204
-2.87456402104902e-06
-1.6338353524317918e-05
-0.003308516265116797
0.0007944041428353838
0.00025711433934202894
4.9862748652213713e-05
2.575719175675692e-05
0.0017820399828018564
-0.0003098541961288904
-8.394731113031906e-05
-3.119745053193582e-05
-2.259675116993824e-05
0.018480991428974303
-1.82007257940906e-05
0.00048122487868811276
0.0005533198484909291
-0.00014361737914215795
1.4598419425741224e-05
0.00010231559529211447
-0.0002458727343950747
-0.00019692127527381044
4.642772276466346e-05
1.5481870725666063e-06
-3.6065265589897806e-05
0.0180370203868394
-0.00019237308864578448
-0.000168357160585641
0.0007981140393685025
0.00018872541170558292
-0.0006060882860096861
9.423193935436677e-05
5.333880474094951e-05
-0.000285288812548121
-6.957990546987373e-05
0.0003247050325856679
0.030117170891476676
0.026882674834371442
-0.0026629176415518922
0.019208396646550878
0.0023728975808653095
-0.03111248869928009
-0.0112134837730146
0.0010830377453508247
-0.007610492432880207
-0.0010497444602367
0.23471969154608613
-0.000918300125438325
-0.0013021926156010495
0.001966390670136692
-0.011263125033526694
-0.20172758379978445
0.00030415331446750595
0.0004893779499874147
-0.0008018855103664385
0.2362207497033399
0.0006578221989497913
-0.008090953164016028
0.001106570843324404
0.0003002435588815277
-0.20286265212692384
-0.000275595046357889
0.0032894078343337426
0.23417937149983092
0.025668593780634963
-0.008204210475723388
0.0005262815734067766
-0.0002836095044242402
-0.20146385226141933
-0.01061128172065099
0.040801126981537914
-0.001081993256313021
-0.000804683944242309
0.0033741497974496965
-0.010626687745321658
-0.04163102064846665
0.00808096039767304
0.004672690174601394
-0.0004446697930919858
0.003164110168023367
0.00047755103861625374
0.04342167028981517
-9.346186632762515e-05
-0.00019270297135580146
0.0003225292668758101
0.04361756741972694
0.00011774228806700182
-0.0013613796432565628
0.043411906561726846
0.004360231848125028
0.010667738286854099
0.8296514557952449
-0.031653849916297466
0.0001131001320124323
-2.0333922805729417e-05
-1.5831768695409007e-05
0.0005927578919561992
-5.743827334273609e-05
-0.00012944345118644758
0.0006913438246105039
0.00029085464814247513
7.62790248247908e-05
0.0017134907204381519
-0.000669341271412347
-0.0006293874098903108
-7.692684113359621e-05
-3.316918002128431e-05
-0.0004044108536956605
0.0004469726087668241
0.009186958663841536
2.2135660476852057e-05
1.1958662421151679e-06
-2.745786286189848e-05
-0.0009357033051562682
7.622130250650006e-05
0.00018952277817635887
-0.0025987330723765316
-0.0006347153309285165
-0.00015277701389725045
-0.0035000332349976824
0.001535136696191815
0.0013851305204517642
0.0002151573930081414
5.652854747053356e-05
0.0010448760934014564
-0.0008191586620018225
0.36038707355398936
-7.771414917351183e-06
1.536361796389423e-06
0.1526787055497692
-3.6522302908651374e-06
2.0759351847098518e-06
-0.00020187073204938928
-4.321707592305635e-05
-0.00013351869883401377
-8.228957190972785e-06
1.0806020818422386e-05
0.00020245988914418834
2.4147572130502596e-05
5.5199832372976065e-05
4.580852131601696e-06
-5.819247614124949e-06
0.3603327424290681
-4.429451815635705e-05
-3.7670158083638505e-06
0.15271434056744942
-9.834029973181985e-07
-4.324372730266773e-05
-2.1399473684772467e-05
-3.129423487120991e-05
1.5478320869546163e-05
-1.0074269011720112e-05
1.827304123156636e-05
-3.349360970545915e-05
1.0624976504142154e-05
1.690238061805041e-06
-1.4010505494428948e-05
0.3603306236983453
2.565458160801761e-06
-1.1272776320896199e-06
0.1526202953725278
1.6361086932176343e-05
-1.9250888425241957e-05
8.801042356511766e-05
4.699582352920812e-05
7.675987150776242e-05
3.0221953985384954e-07
6.370062316302425e-06
-7.666010171463876e-05
-2.5815575246695075e-05
-3.3777899127877206e-05
0.018144344771737715
5.3605162485309535e-05
4.1021008072391286e-06
-0.004230473296679035
-0.00017738900822700474
-0.0004636223801826565
7.331813137247638e-05
0.0001405422299043087
0.0022613722673851255
6.547696107613101e-05
0.00015326453001169451
-4.0862776321265305e-05
-6.820858716693233e-05
0.018699004589036027
0.0002866798312324665
-0.00014159425290783653
-0.0004522240482715051
-0.00011486844250292017
0.00010199053752149305
0.0007511858390375316
6.268606948520047e-05
0.00010929460073120118
2.9759418424106836e-05
-3.340655383415804e-05
-0.00039624716969741835
0.018246812680923048
-0.00026114875239661046
-4.432011230240099e-05
-1.8688896574900037e-05
9.551790045619458e-05
0.00044460304335050945
0.0001352009046303218
4.742850689188305e-06
-2.4989355869899386e-05
-4.6597427258906445e-05
-0.00020661105377419855
0.03645208130243233
-0.004595316554604904
0.00027531616974470235
0.014753305660131812
-0.006676379366696581
-0.03773257440355947
0.0018760696094221538
-9.310718106348665e-05
-0.005704607368682651
0.0031955356772189808
0.23503498794536112
0.0008591981333920479
0.00041601907121834584
0.0012707695160829179
0.0019124166025147916
-0.2016830110218495
-0.0002657046887092935
-0.00015124792004203314
-0.000514305756188056
0.23398863019050425
-0.0001306447793594515
1.41864205654359e-05
-0.0001250207874541393
-0.00026456975439586797
-0.20079654190586294
5.8201039978318935e-05
1.488514748210764e-05
0.23446483222330322
-0.021868549657564768
-0.006225520275084749
-0.00015624421414145543
5.399564118617746e-05
-0.20131802064797544
0.008928706517292335
0.048686757838701036
0.0032274421850351648
-0.0005209526848677835
-3.941597391557137e-05
0.008919971861112791
-0.04936236975423204
0.009813394446134934
-0.0007720747060715017
3.886175881765863e-05
0.0023195253998604722
-0.0015492572285911556
0.043362864510480284
8.18038518118e-05
5.754930279560948e-05
0.00021310187438443567
0.04315931732601589
-2.367931283858614e-05
1.382104528967048e-05
0.04330624879322467
-0.003601433061490111
0.012568255318917665
0.053194779345160516
0.28913957138830637
-0.0003133118315256289
-0.0001670453527786039
-4.896837646207594e-05
0.000450648467169215
0.00046219791868603265
0.00023180665727960155
-0.00035351600452983756
-0.0012732874853255186
-0.00019183771534144888
-0.003986529616758305
-2.3083347935102237e-05
0.0005397117555400549
0.0005125902118582358
8.598578746654698e-05
0.0017044968860733774
1.8245052932739835e-05
0.47697979263545576
8.858147362068344e-05
7.332401154155516e-05
3.3424995811847564e-05
-0.00048589660502275334
-0.00039103643872080815
-0.00017555376335044075
-0.0001861105084528474
0.0007599796625494316
0.000165695652328623
0.0023311950871537433
-4.568238706355688e-06
-0.0006429234020638158
-0.0004295546384045584
-7.795029480528973e-05
-0.0013996844049814156
-1.601541702590801e-05
0.3930211108471943
3.462411180059897e-05
-8.58131500316915e-08
0.14284107070238472
0.00012505760275932778
3.7797933096888555e-06
-0.0005042682118524422
-0.0008611966908032862
-8.585749024795038e-05
-0.0005783092128482795
-1.4486796906996111e-05
0.00021511426418091616
0.00028735396225250046
2.333547766808524e-05
0.00018752749756351312
6.3389737085049525e-06
0.39304417651841744
1.4691162355259227e-06
0.0001242642156973828
0.14272811095771804
1.7075726867482153e-06
-0.0003289704340988244
-0.0012137382053317616
1.3370251600768186e-05
-0.0005854228989412471
-0.00012826187932711352
9.482841283727686e-05
0.0004491954466877413
-3.74458120030405e-06
0.00018707690292059224
3.907616435345749e-05
0.3929847292206491
3.5876335000643357e-06
1.8311652620087167e-06
0.14205053812797347
0.0001864599682758057
6.98399224035657e-06
6.155665447322556e-05
0.00031754874165693066
0.0003905519783707125
-4.6817091274748904e-05
-2.3204140215473186e-06
2.330222246604044e-05
-7.874982437000187e-05
-0.00011939849633648864
0.015213760140787333
-0.00025796158538494036
-2.3367649025551932e-05
0.0014334917852076047
0.0028727952708114107
0.0001340858065414359
0.0016617154408010938
3.899714879653947e-05
-0.0005061305025342625
-0.0012294462817717675
-5.6166976939458743e-05
-0.0007893573943068568
-1.5685997700584478e-05
0.015458492215548108
-1.7328882119849694e-06
0.0013496162681678058
0.0035278076831166028
-0.00010397399135837304
0.0017731050237393508
0.0002837692571778862
-0.0005399746492674657
-0.0015299411700331683
3.5887841608806575e-05
-0.0008005341269584002
-0.00010729943034660958
0.016380687156664193
-0.0006424022125175924
-5.318343022685018e-05
-0.0008427313490472373
-0.0010625123538535379
-0.0016019132488374415
0.0002845481782355518
2.1430915854607312e-05
0.00044569235282325404
0.0004792445889893102
0.0007163082657977856
0.20329463737418166
-0.004589788860984552
0.004575898973651524
-0.12518531469929098
0.0017971526408976993
-0.14944764481579323
0.0017621099801018176
-0.0016100058572637301
0.04035071470187556
-0.0006393113420277511
0.06878904867940064
0.001342381504884207
-0.007789635853000824
-0.0005191503544620475
0.001722642800316242
-0.058034314192384515
-0.0004721613607221964
0.0029587555457866567
0.00026636583568929214
0.09616233191976617
0.0027563990210994044
-0.001814420438482477
-0.0016123115814862716
-0.00048008825547509056
-0.07456690398972282
-0.0009809405169621255
0.0006115827719501063
0.13110452118115984
0.0003815909630752438
0.04093314855441045
0.0030127418044675093
-0.0010219147490966533
-0.10278500164865631
-0.0001719482733159892
0.06514177030775348
-0.0006595486914524713
0.00026791020932975937
0.0006221879053424091
-0.00016066307830313144
-0.05148770479971311
0.027607831202770362
-0.000656432312830632
0.0005642581790690782
-0.01277991901011076
0.00023621490532518981
0.012305807391489574
0.0001660264680678869
-0.0011491603259157933
-0.0001321890678479266
0.014481592375328256
0.00035843670247073735
-0.00020663805699737506
0.02038650857203044
7.095827115574253e-05
0.010214785161539452
0.8295889618508231
-0.031176597216025885
5.474965470645704e-05
2.3553684443510735e-05
4.534274822245131e-05
0.0004123790081398056
-0.0002334509614630639
0.00024026397399422284
-0.0006731775651015746
-0.0001683316200247656
-0.00010333242098162416
0.0003048921832045802
0.00011589504864451847
0.00011897603843331838
7.119461887188008e-05
3.2205091738279294e-05
-0.00011785014653487144
-3.1384522108608886e-05
0.008990239316744938
9.420829751467955e-05
0.00013501532816232717
-6.28509135024674e-06
-0.0006487442277332304
0.0006740927611250762
-0.0003928893512191453
0.0013784662034900313
0.00031805076745470683
0.0002186410209476478
-0.00046282768106986854
-0.0002449235603283369
-0.00037907064649526424
-0.00014704897418528473
-6.966324163043024e-05
6.510712711567057e-05
7.358003510105177e-05
0.36045684111337584
7.24849836600761e-06
-1.1183667777566383e-06
0.15283239180711272
9.767177965946362e-06
-3.367108763976419e-06
0.00017144172966186157
-8.364058894826644e-05
9.65077622051535e-06
9.58824599899363e-06
-7.827317503138704e-06
-7.569149638428095e-05
-0.00011195811170862895
-1.682119161475647e-05
4.869273498698367e-05
3.3086250471622617e-06
0.3605064150899221
1.9046564104595753e-06
1.044637930244147e-05
0.15297792799259632
5.8658131480987866e-06
-2.9299877708035868e-05
0.0001762159607593148
-6.781847925360927e-06
-2.853809208476408e-05
-2.2269448088762048e-05
2.2480074954696853e-05
7.510336597236799e-07
2.986186826396499e-06
-8.888279125209003e-05
-4.91205424119426e-06
0.3603991291108977
-2.4872164566282978e-06
4.963276333853992e-06
0.15274554661535694
4.941266595865261e-05
6.043148633499539e-06
0.00020465166382884736
6.700111044899535e-05
-0.00011438421287001763
-4.843511610196028e-05
-2.3229717082265473e-06
-0.00011342530328029159
-7.593364456143152e-05
-1.8697045930513347e-05
0.018203381126645192
5.564932495567456e-05
-2.2123099009836047e-05
-0.0007415135845155686
0.0019422281213272875
-0.00010725183863439875
-0.0015200552116387813
-1.155846095695196e-05
0.0003446900655201989
-0.0010666355111222867
2.735227930009245e-05
0.0008001085373741394
3.3515664728668863e-07
0.018417905863658095
3.7648728617746584e-05
0.0004256410020642351
-0.0029990750378134515
-8.543339458787932e-06
0.0007923213310814174
-0.00021922871461491032
-0.0002061130126035186
0.001529318165547659
-2.0788412601269445e-07
-0.00045891124464492736
5.9487399031808255e-05
0.018361102409801034
0.0008761726323013281
4.477185801190658e-05
0.0004702067451777221
0.0014693904896307761
-0.0004784118480410717
-0.00046782284338209296
-2.2401099112018368e-05
-0.0002299681850923787
-0.000795842898908692
0.00010682781745546897
0.18646864657737
0.00761020330876218
-0.002786120116245851
-0.1679521210882253
0.000594285011358218
-0.16205240140417815
-0.0031534747649722295
0.001154390015411642
0.0693421509643748
-0.00022854905565290596
0.03626102100067313
-0.0016260341561473417
-0.0032373926417444522
-0.0011760488069945882
-0.003170955799990452
-0.03772977206043108
0.0006540730078692939
0.0012940241855552343
0.0005045431212929737
0.2352816382523117
-0.0050482539323911235
-0.0012176671297890731
0.0011549768400192042
0.0006579950169974102
-0.20187334510889055
0.002091244584470895
0.0004561880208250675
0.0853472129189365
0.0009240662072478607
0.06963420640219259
0.001290646715965894
0.0020989342761185102
-0.07858976930315043
-0.0003584982731128297
0.23477149354219679
-0.0002524940826524763
0.0004973857259372605
0.000456808814176228
-0.0003991487507325368
-0.20175419893027377
0.03532550791865165
0.0013020778155390608
-0.00047387132112851983
-0.028503086536378036
9.379883541284017e-05
0.00985541517218742
-0.0002595915700643607
-0.0005096904639102776
-0.00021217610314519395
0.04338740996804977
-0.000859949381664924
-0.00017027343011245127
0.018308112528743793
0.00015080677658499539
0.0434326420921796
0.9988940694167098
0.020941294146757192
-0.00019024341553954184
0.00010456518969941493
2.0765863629257337e-05
0.0011058473027229026
-0.0007340814785684206
-0.00032016293034706537
0.0008783958333322874
-0.005467694742665811
-0.00011409516843927139
-0.004107097264081415
-0.0009611940308460393
-0.0013218335046558478
0.010782147354283145
-1.432613903208752e-05
0.010203987588188787
0.0019371193359048364
0.3997855330846074
0.0021876056722694845
-0.002001273024965529
-0.0004917638899258148
0.050663274859135854
-0.08673745246388964
-0.028312606372051352
0.1187546854022174
-0.0394919490227493
-0.01861456613285864
-0.029705356799826166
0.0001844545607691901
-0.2100828838420191
0.0461034961727478
0.029735047973456066
0.03317810224993387
0.003607070510313939
1.0006034450051753
-0.0002027718934460895
-1.7313481362119246e-06
0.012690353000048643
0.002575067356618161
0.00016291542770201098
-0.001109086822288876
-0.0064637098603764
-0.0004571098420327782
0.0026234968489678495
8.109702551685988e-05
0.0003997101018551214
0.018915861270628637
0.00029249747742956134
-0.0077098088898530145
-0.00015430276516468404
1.0007151821047373
-2.360185548965469e-05
0.0026013845784057213
0.013195561285803353
0.00042351565780430805
-0.001970951894210694
0.004701382734499755
0.00010234307236009538
-0.004753442931596331
-0.00037289477835534374
0.005437329527518359
-0.015328689629286817
-0.00019341930636146716
0.01391687336934148
-0.00037240028607808494
1.0005860946881826
0.00018333145017306336
0.0004066998175110097
0.015517297621623873
0.0008589964008179928
9.220097936261355e-05
-0.001642811248832962
0.0017218846102617002
0.00018875029757429803
-0.0025109186065047796
-0.00020513006343846508
0.001526027138596762
-0.005091514413031245
-0.001959668639592918
0.5038816302150372
0.0561118353902905
0.008415744322198253
0.03451393976162795
0.33539204327047756
-0.023067980338184545
-0.1716842857133145
0.000365037193856348
-0.0598136983576372
-0.4142477814811226
0.04143005573989943
0.21364726419502483
0.0019215460272582936
0.5636773798941785
0.003031165317754261
0.11353325027424752
-0.2505264021957607
0.0007946020049063785
0.25798982325977476
-0.04956707188509285
-0.12956404085260131
0.2891936948377749
0.0009403793590729573
-0.3427989960467879
0.07332508299819189
0.5832469034509451
-0.08847941127410433
-0.000193331971338934
0.03226005007633905
-0.16159041589937798
-0.1569537424187643
0.13359877917291246
0.002155980712415049
-0.05870958235243599
0.24554013541371844
0.2289292728681503
1.0517575602626876
-0.009672341797350315
-0.035176649061209896
1.7970545924551438
-0.026104671956005604
-2.8409284330858067
0.06648968596843027
0.07059894688351466
-2.166709457701363
0.036322997871867324
2.750454791031954
-0.014858287932951995
0.08054112614513656
-0.013239967077555436
0.05731861797194615
-7.084252908681819
0.017584606230852944
-0.052841153231287435
0.025170031429294137
0.9471574760486655
-0.09811589041465071
0.008916651597090375
0.07340847278659726
0.01605627836567619
-2.354511208022488
0.16652711252698332
-0.016699702701803484
2.4342997219844325
-0.04331742878198365
-2.209649586967076
-0.05299523658592507
0.16152767028130313
-6.45708390991903
0.05983049464396492
0.9011415805255261
0.039072837153793775
0.028323984024913176
-0.01565998370764952
0.06429960917101289
-2.4056200908513046
1.9600783657166385
-0.12918718927199196
-0.12665204345903358
2.7352559536315533
-0.0556218380778644
4.692501054832283
-0.019162455922373228
0.029543453409153687
-0.04681990792161005
1.4791682242894892
-0.2593952100217478
0.023783143895901443
4.4029531585512975
-0.09201739352908724
1.6247166936805768
0.9988883560168645
0.020856430625729946
-0.0005050402558182277
0.00012572056995348893
-4.938746662970505e-05
0.003347976399957187
-0.0012557425001737074
0.0004655699596814181
0.0040428041181520945
0.0037885789600293346
0.0005038292567223502
0.002128126325619043
0.0003385079500346533
-0.007873403447961811
-0.007436301228382174
-0.000998870465545755
-0.0026430287221983657
-0.00046209650968626834
0.3965787435530056
0.005156713123704864
0.0005692151624020034
0.0008109674619179563
0.11059853402681724
0.04615564441353567
0.03380766140704401
0.13384085029719195
0.07247821354144587
0.014319745093295325
0.011244847593475762
0.017005084454745856
-0.22986391059375252
-0.10932629086196947
-0.022088885907821775
-0.0286758709147013
-0.028548413779116284
1.000660552018512
8.225002617021744e-05
9.25568634089709e-06
0.011214982890341507
-0.0018660032345887275
-9.176539396993433e-05
-0.003912484305847213
0.0077347330301781375
0.00038697496850263844
0.004493864632484759
-6.353999435411613e-05
0.003686621545504621
-0.019001007601248926
-0.0009331264519967877
-0.013845016127097251
-1.8486998586601953e-05
1.000770088148625
2.19574688483186e-06
-0.001764511815457617
0.010648518865643105
-0.00023735269472518388
-0.0002483869552369463
0.005641196359706748
-6.147699453361833e-05
0.004607627040200881
0.00025732996016774635
0.0007674568070390159
-0.023508451413566528
-2.0724794088204643e-05
-0.010904539706853969
-0.00014280251355974007
1.0004690666392126
-0.00011122145899576319
-0.00025094087909774117
0.01769465938693887
-0.000984967794235214
-1.3482699793437296e-05
-0.0039511813526026
-0.0020371863898945458
0.0028105274560335314
0.0029665406885965775
-8.531209496188695e-05
0.004876097584966503
0.006086875885726886
-0.00839026429309085
0.4888383521709546
-0.06210916616419937
-0.003604040988302494
0.020153611579101526
-0.15980282956464328
-0.00034823030604808135
-0.32954326769956266
-0.008892649018885004
-0.05781970179134907
0.2123812179349539
-0.0110200705500298
0.41306767954061785
0.011045620149591063
0.5214418422578618
-0.009025510215269743
-0.02851464201204075
-0.5358867119695879
-0.00870875630297005
-0.057990171756033354
0.026003328714385734
0.02854175772848175
0.6346595317707615
0.010718591119364889
0.08046315052694
-0.038265460910720174
0.5954854473439518
0.087194339721966
-0.005527236172568718
0.08500740708701844
0.15811740631672538
-0.10156837414750944
-0.12708373635153936
0.007106231988852214
-0.14544617821331185
-0.22865372810599122
0.14550865097497212
1.05581097655508
-0.06997885731706144
0.019813417262219513
1.803907565365109
0.03621081865201754
-2.8615738118547753
0.08144570169686341
-0.03815075017486251
-2.1985183110968016
-0.048724065236671804
2.6634645482787014
-0.016287421752793657
-0.11452283241216726
-0.006219235938248744
0.08259890308729842
-6.926643433919022
0.03270150387949815
0.15100398515024782
0.009752186536964025
0.9911344647447445
0.038518223103959026
-0.0891715365082453
-0.039502119361959104
0.03444174373872742
-2.418566564701961
-0.06960480051095572
0.09472929154506932
2.4578466030507093
0.05332903334722658
-2.235732642835411
0.1493015566499858
-0.06728963074533814
-6.521185156379948
-0.06790721617271461
0.8948557045992339
-0.0501216708471669
0.011874172419755951
0.09538501621536667
-0.07006244528377908
-2.3399031809182125
1.9765434582442123
-0.09733700442365745
0.06820632092272744
2.794777033182425
0.06989707229056827
4.612204077362607
-0.058101742673887964
-0.20346445918553216
-0.01481442452582037
1.4963984453909158
0.11395252077804555
-0.10194821725861226
4.440138621540771
0.09289204905422187
1.5538275896689993
1.047059468823359
0.03198451501385366
-0.003326360494819711
8.101450252739786e-05
9.238696999635057e-05
0.0021612733903485885
-2.325559103616564e-05
-5.667743107342763e-05
0.0029988503641614284
0.0008457801856420067
0.0001967218604962918
-0.0029462891376454458
-0.00021046934056985557
-0.0003144169763079584
-0.0003843130927041429
-1.0345684883908064e-05
0.001596307734189276
-0.0007116140578075583
0.01097373435393763
0.004490506194634744
-6.674971829704788e-05
-0.0001273071058118732
-0.001295449615880895
4.262499424515522e-05
4.326741222648292e-05
0.001038158749630336
-0.0006947511728824116
2.9586571474393927e-05
0.002787879273276718
-0.0017358936714761976
-0.0008116475407299487
0.00036363544253361117
-5.133411764763219e-05
-0.0016120520329444522
0.0009743239445013789
0.555364614106584
-5.995746108882342e-05
-7.46593007677603e-07
0.1034873843945652
2.8527945242669523e-05
1.3714433046869239e-06
0.01897438304932128
-0.000672541371004946
0.0002590753498645606
-0.0008493014869669236
0.0009055994752746189
-0.009425088316144187
0.0002950778125637869
-0.00013698264417088014
0.00038029513416804853
-0.0004055715596739818
0.5562351742174098
-0.00032361584073150413
3.0176312372103553e-05
0.10276050223884446
0.0003497426650675477
-0.0002821247037978398
-0.00407020274100413
0.001301616831537785
-0.00019061487519265758
-0.0007600494600063
0.0001392036338584307
0.00166983368705623
-0.0006026912696129746
7.454625385119695e-05
0.0003578668738889123
0.5557290414191234
1.1779100517859012e-06
0.00034500141017606764
0.10324083635111252
0.0006128420507213616
0.0011319772362778642
-0.0011187421819047034
3.363578698639871e-05
0.0001174840276757772
-0.00030384053124229776
-0.0005376108101769544
0.00032993304186956166
-2.5616052948270842e-05
-6.819005971691583e-05
0.005714881506920461
-2.267919803098338e-05
2.298334893550047e-06
-0.007367345542673997
0.0002767582204560726
-0.00010416507158519211
0.00024016417390237304
-0.0003324154104171728
0.003856844346006747
-0.00014748799423626024
6.124301081328734e-05
-0.00012631633540437508
0.00016925296647238788
0.005840985670458057
-7.973436746641714e-05
0.00012610122580805044
0.00197987157096666
-0.0005439673488061207
5.818030626426255e-05
0.00033405183936245457
-6.369567949121411e-05
-0.0010154069251924695
0.00027198757452544557
-3.325770747118663e-05
-0.00016731961763980006
0.005696901551037704
-0.00026052798594518046
-0.00047002612169959085
0.000804662445392139
6.229415888945501e-06
-6.786765698336487e-05
0.00013607058220408265
0.00024369692031356177
-0.0004385383665582375
-2.6600646679369286e-06
2.625133829883456e-05
0.05838990029156337
-0.0013250021471326403
0.0016632918219055461
-0.005489054417885502
0.002905626715113805
-0.05739057137029617
0.0007116994856179613
-0.0008191466042607239
0.002857779775261729
-0.0014469175492749062
0.024287006347221085
-0.00613336880189351
0.0003320971479890939
-0.0012906272030160882
0.0007104500685999281
-0.0238866446738977
0.0028934571564078974
-0.00014125441841075613
0.0005694469122242334
0.025359175047454108
-0.0008840125669321197
-0.0010739978130693867
-0.0008262393942120617
0.002890060732665232
-0.024628585473418063
0.0004230880840885012
0.0005109955883471759
0.009144571559525725
-0.010793620209533249
0.0028972894285706026
-0.00014590254953553692
0.0004250190907871703
-0.009526583494841789
0.005137393655267004
0.059880551094712096
-0.001427841030728302
0.0005839167044560398
0.0005170623881481404
0.005165226962020925
-0.05826236636479946
0.014186100255068045
-0.000381324140853367
0.0004113167842031329
-0.0015185126320497126
0.0007134634790793848
0.005886139225996454
-0.0013651321462656235
6.102775022265056e-05
-0.00025664959908258157
0.005987007225671005
-0.00020340595905251376
-0.0002468510115998191
0.0024888666883504593
-0.0024660635296548166
0.01423081909202115
0.05329300995379743
0.2915086721797898
-0.0005222429061164575
6.795258821780205e-05
-4.5173460628708776e-05
0.001876896605470858
-0.0002583759510084156
0.00012992418794409685
0.0030193058383635326
-0.0004967377725206202
0.00019879693552678494
-0.004033695690632574
-0.0007430311718442665
-0.0014584368237991379
0.0001905945030509879
-2.6425244836846728e-05
0.0011609154083619426
0.0003217188058856188
0.4761791911040445
0.0003703974621385389
-5.224724061103873e-05
2.4469668653051712e-05
-0.001477904247408042
0.00018583763341510016
-0.0001092794548995924
-0.0006272589429820928
0.00027457125190136477
-0.00019616577141729724
0.0029673861015633253
0.0006183261290812927
0.0010059607873039646
-0.00013922407128084935
2.3355630058976687e-05
-0.0006701663019851993
-0.00026845253396309994
0.393628390663837
3.943210875270998e-06
3.4843019527628228e-06
0.1445635456617554
2.5117321075199167e-05
1.3313904017059824e-05
-0.005297282788339194
0.00036464040691458884
6.401024681796546e-05
0.00018324877354039328
0.0001597326902825181
0.0016250657103867635
-0.00010725435531546043
-2.0937580998915014e-05
-5.315848391668547e-05
-6.24577123954973e-05
0.3936458354537933
2.80945819018542e-06
2.455927790538234e-05
0.14443113285438247
2.9306575809267414e-05
-0.00011742922016113232
0.0002534393629109652
2.4488939648220324e-05
-5.224363744051553e-06
-0.00024992237872796926
3.490485060717552e-05
-0.00017606890136049556
-9.428623722080022e-06
1.3053552838789752e-05
8.961876364644802e-05
0.39362236001269285
1.4230492814645611e-05
3.008211348737994e-05
0.14467116330916033
0.0001502832946532387
9.447263203603623e-05
-0.0005774014325090173
4.03624048496087e-05
0.00032387354058336667
-5.054534361612528e-05
-3.564350038934365e-05
0.00010944959076671836
-1.0739915443515406e-05
-9.289155670098726e-05
0.015338872169832193
-3.2650801331693425e-05
-3.9542728186126213e-05
0.014138049821795715
-0.0008326957275190483
-0.00022660725238608917
-0.00024673069955229507
-0.00037788617803486037
-0.00652676267307885
0.0003729313762116785
0.0001140688468962
0.00013399609650508877
0.00018061058759802866
0.015407121249870523
-0.00011340655156055929
0.0002235598857431887
-0.0031603332643416557
0.0001654250512402474
0.00026649927979772667
0.0007271780784131504
-0.00010277463588504876
0.0013527246796242879
-3.0384631384281323e-05
-7.21447458964948e-05
-0.00034744875058627243
0.015137525136141508
-0.00034987839776912984
-0.00013760617488906056
0.00036031207513463094
-0.00026506214736275805
-0.0006584240092095932
0.00017849870423981566
8.196220941722703e-05
-6.619618702081318e-05
6.332308836933282e-05
0.0003247196057681981
0.06983921378408828
0.0028365398403609543
0.008008471323045215
0.018610145053569647
0.006012866533179464
-0.058997932100857256
-0.0008918202775046873
-0.0029156956746645424
-0.0060113014954904145
-0.0024995614341577366
0.03744753430323586
-0.004081846420079869
0.013459662368768086
0.0026831589784217925
-0.000898388996320377
-0.031148075214262542
0.0014644427880020215
-0.004834580978503476
-0.0009770429049225828
0.08073738918865023
0.004600809435049834
-0.002074534837075889
-0.0028790541104850454
0.0014646219031311215
-0.06363662991033159
-0.0016872889964340207
0.0007129284209058642
0.23813456434039407
-0.02699489593533759
-0.006526400828428618
-0.004788444247156036
-0.001593785209235009
-0.17365233017962886
0.009368357049519693
0.05875841048671932
-0.0023596008174878213
-0.0009494301277289548
0.000710391711216232
0.009379129256063351
-0.04949658502237037
0.012546634074701843
0.00025743817644075895
0.0010332941292698194
0.0020389695047599143
0.0009839528885217646
0.006496733802499902
-0.0005166784202461784
0.001719442407921954
0.0003357453077706777
0.012558187568118911
0.0005856672310199729
-0.0002357387977795385
0.03173194490181314
-0.0032296680598945977
0.010469159537676328
0.05283870136473987
0.2907572254938203
-0.0005103896432761693
-8.812717791958429e-06
1.6034792644458742e-05
0.0007667655029502169
2.7963667016533176e-05
-3.85560616670734e-06
-0.0046302854563748455
-6.978697741012125e-05
-0.00011144338779829423
0.00021404836920894165
0.0022476954792701527
0.0020576116086546744
2.0861019564268387e-05
5.374584565841445e-05
-0.0004722355406518111
-0.001067352310047677
0.4762880496994276
0.000220679668492169
9.102223332908179e-06
-1.1057699141245536e-06
-0.0007831444652034446
-1.8801016203942124e-05
2.5442712792850512e-05
0.0033392528287700188
5.0223508069264296e-05
0.0001246830426274595
-0.0001332144966824951
-0.0012442623997874426
-0.001715723285439592
-4.205719365254288e-05
-3.828529058596495e-05
0.00018027286852234935
0.0009026795153681832
0.3933288217897224
6.3540131897687594e-06
-5.027998434429959e-06
0.14406116300632868
1.0799696257628612e-05
-2.1122652374221787e-06
-0.0031732097256437575
1.1103280789512093e-05
-6.0325371992641994e-05
0.000927068482759461
0.00021047998819656317
0.0012135424156496522
-4.137485741946348e-06
1.3094193691831324e-05
-0.00034188865745725296
-6.078789092533438e-05
0.3933606060033872
-2.6202690919927395e-05
1.0823866967880283e-05
0.14353116741724936
-0.0002130486846034373
3.8876383155507984e-05
-0.00010084647188139323
0.0006017206898700447
-2.4704537435129663e-05
-3.0558265691232668e-06
-1.0017322627321305e-05
3.23144804459688e-05
-0.00021203976973811756
2.5951442846391385e-06
-1.7650701448268626e-05
0.3932832567963255
-2.6508606984474628e-06
-0.00021054863601923586
0.14349479328827974
-3.138249631543414e-05
0.0001797746676531287
0.0003584672967114462
3.420434486320577e-06
-2.567085502477222e-05
1.8197539420897695e-05
-6.126243655569835e-05
-0.00010711382192181476
-4.203894199667027e-07
8.090491394603958e-06
0.014814659746168891
1.8919984657384148e-06
-3.1616089763164075e-05
0.007455615338580577
-0.00017862655554291596
-1.453672173574821e-07
-0.003647449594578543
-0.00046679765294995736
-0.0035812912286236408
5.190911196471908e-05
-1.1445657675187635e-05
0.001346494719322495
0.0002466276119952584
0.015906080797163595
0.0005911049231505162
-5.1201250024163834e-05
0.0014582190077512367
-0.0026557272717712913
6.292825845837279e-05
-1.8498224830271396e-05
2.9235642845375802e-05
-0.00015846392308976307
0.0010704286917051016
-2.8110459945228907e-05
3.961285898173371e-05
0.015428704803503022
0.00018400332259334206
-0.0005948598087387907
-0.002539994907884361
0.00011826678957052548
-3.512419573790843e-05
-8.43971098939216e-05
0.00033424175682742266
0.0011536356799480118
-2.00269688483973e-05
-5.400551918938492e-06
0.05658690466753719
0.003492317361365917
-0.0004330611266569283
0.10224711764237904
-0.020017451209490476
-0.04697190242703904
-0.0012203609851013633
0.00011872898792682247
-0.03603014718770533
0.007846030711186544
0.22107961593886727
-0.10923994709860582
0.0006832030810911668
0.005464003666038812
-0.0012396806165613635
-0.16112368010456282
0.03891788727230823
-0.00022681140087438582
-0.0018260362434349602
0.04663750078718171
0.002164092006211054
-0.0011677128446984856
0.00012066193757405693
0.03840776851754463
-0.03691707390798229
-0.0007789148729042767
0.0003816556578876909
0.22372776851327922
-0.026799504801291597
-0.0350392861070388
-0.0002427836998426036
-0.0007815149872682922
-0.16283709162760104
0.008630344285733518
0.07105985842576651
0.007698103635186214
-0.00187810447495213
0.00039293128371485056
0.008882576709181418
-0.060436804131109176
0.009877030708227102
0.0004340456825079387
-2.430243680459133e-05
0.012253857051491469
-0.0030619371181159344
0.029481991457436282
-0.013640181921965694
7.999494244348558e-05
0.0006204354320371588
0.00734774856825047
0.00028234610864572517
-0.00012796790006698887
0.029744186493514638
-0.0027833135936479207
0.012930711340423284
1.048857232451439
0.02794597299565612
-0.0029337709428270678
-0.00026267958393932434
-0.00014795746976424895
0.0019233893675818492
0.00016807023119147277
0.0001238726429712739
0.005737924334771173
-0.00018973715909891166
0.00018164272693008924
-0.0032487232576004833
0.0022880302954682128
-0.000914259813477964
2.1930869268867064e-05
-0.00012347142384419498
0.0012411129070217931
-0.001668955115241169
0.012273300763820263
0.0037831845630157696
0.0003482366613002328
0.00022648421549478453
-0.001263900972224267
-0.0001256318923088932
-8.442140046056103e-05
-1.9142057188522e-05
3.431315705083117e-06
-0.00010761374334695586
0.001671829491142142
-0.0034463030691149307
-0.0003174893457827259
9.59496657118979e-06
8.517427520355796e-05
-0.0010148149945343463
0.0018461245813386497
0.5554760476648739
5.942241940610801e-06
-1.4803471719504875e-05
0.10231922257005327
9.830831342650664e-06
2.5409116747357967e-05
0.019847593637214285
0.0002376603425150688
-0.00016082362369055408
-0.0003176989993345167
0.0015184410201171978
-0.00961945550896141
-0.00013900033134286272
4.389527887620724e-05
0.0001415505417477184
-0.0007071016172252852
0.5563282768043598
-0.0004166325288880291
1.1615856058475416e-05
0.10184919022930533
0.00042451969048479536
-0.00034822976521522764
-0.005969459106230382
0.0023425898881718147
-6.612126789096859e-05
0.0008700030991896784
0.00017527709342017854
0.002677683290845957
-0.0010830189806125341
1.7408022116677017e-06
-0.00044957264426331346
0.5560451599863933
2.934977754089363e-05
0.0004199710515223849
0.101934000355802
-0.00032777777401324056
0.0022685991492669756
-0.0033580296733989805
0.0008998574665351607
0.0007729412979541822
0.00018989433317893615
-0.001067372080149676
0.0015095790389807562
-0.00037125056399078707
-0.0003889213301197671
0.00573695324813256
2.57172616743816e-06
-4.321705962222055e-06
-0.008068584750858449
-0.00015486115307157246
-2.7253277808997447e-05
1.3457166242057179e-05
-0.0006068492155267332
0.004212353151931689
7.590750489510849e-05
3.7270867726644878e-06
-2.4733919045696166e-05
0.00032070235656825807
0.0059179476207443715
-0.00016366100004822271
0.00017655256641135858
0.0027973728641016568
-0.0010076264537029257
-2.26712663377304e-05
-0.00043166327163592436
-9.273163990582752e-05
-0.0014160788661718984
0.0005036095476625494
1.3772081722508133e-05
0.00023154066998580557
0.005808636878845929
0.00019596223960310775
-0.000992451745986519
0.0017377332620921448
-0.0002875035719731439
-0.0003390792761549816
-0.00010869185597301372
0.0005046786502137738
-0.0008986876775495693
0.00014445545746130976
0.00017985441665819657
0.06896179575614139
-0.0007619399119435213
-0.000968239012866341
-0.004051954802569894
0.0050267750316794965
-0.06698934207519809
0.00029979389320249425
0.0004715360023847108
0.0021465122154086403
-0.0024955819597482602
0.03204488053731282
-0.01136098460288783
0.00016748472644171155
0.00013265183546958367
0.00029395732778884323
-0.031212324198340885
0.00535534679281498
-9.0684881594909e-05
1.127006550741955e-05
0.03803613751372835
-0.0001887029342045821
-0.00025100215644784676
0.00047121132660322843
0.005370563384328312
-0.03622807564908416
9.865693768888879e-05
0.00015869665167606803
0.011842394391672055
-0.005676258287352021
0.002137492930877964
-8.276915918947487e-05
9.697940062296631e-05
-0.012252028205404856
0.0026894419846165514
0.0742241998285415
-0.002455021179346163
2.9448595244602367e-06
0.00015066399917536462
0.0027108749585324343
-0.07160866758681927
0.01636591658079331
-0.0001102894904497488
-0.00023198982717428354
-0.0011421542376794439
0.0012257975697283607
0.007615649220526097
-0.0025384505693918534
4.4370932284716695e-05
-3.760761983269379e-05
0.008638054367723035
-5.117864577912735e-05
-9.113685342537978e-05
0.003174937345495198
-0.0012895782901722434
0.017355270325019788
0.052898552292716144
0.2903204771307134
0.00018189199490336637
0.000356200977142804
-3.553676792464374e-05
-0.0005242173031148621
-0.00015950712952742492
9.154129817051928e-05
0.003857195091466427
0.004958806003586039
0.00010126753224520504
-0.0069748579946992025
0.00045062537502358675
-0.0005973203807538752
-0.002072887545459255
-2.6348014620673764e-05
0.002766480457692749
-0.00015436970089345055
0.47646485363129176
-0.00010287524545402355
-0.0001006379418743399
1.2024653975421705e-05
0.0004635890485325977
0.00037604238697211596
-8.682703561379453e-05
-0.0031515200517532064
-0.0023723178002144282
-0.0001900083231069563
0.004498263418675665
-0.00030588514714732394
0.0002310905318468305
0.0014822795436883031
2.404195835369588e-05
-0.002312924785122423
0.00014987813332719885
0.3932727486000308
-3.755717980286518e-05
5.765272397776369e-06
0.14378810967939304
-0.00025327948769440187
2.018346134753661e-05
0.00025495836117157155
-0.00028815025765425474
5.418318607655406e-05
0.0003988876680943809
1.5069370343995275e-05
-8.773488299268714e-05
1.848664405599224e-05
-1.583165744539825e-05
-0.00012658467713540922
-2.9798437121041054e-06
0.3933281253707737
-8.915745133711674e-06
-0.00025726140849721777
0.14365201848536696
-1.5668062938998573e-05
-0.00019906993915102118
0.0007766675234978668
-8.41178204443637e-05
0.0005363027776969793
-6.665297400365395e-06
0.00012721361417133417
-0.0002804918352341596
3.068369547087446e-05
-0.0003007867823983202
5.5392145024165764e-06
0.3931826008091461
2.1442089641438328e-05
-1.6580888020831074e-05
0.14271536670666662
8.936311403963034e-05
-6.378916548553177e-05
-0.0003011673411810671
0.0001601586392821014
0.00011262304606520674
-2.7646589849671147e-05
2.2658804921564967e-05
7.114139956504932e-05
-5.131505928461099e-05
-0.00012305368165180152
0.01490860795273039
0.0006468269981218786
-2.3105465281928623e-05
-0.0014424005361653768
0.0017653149170394305
-0.0002372168770788731
-0.001218525422552214
-0.000261472393544651
0.00048301096435777286
-0.0007540440789132912
9.8629930642475e-05
0.0006323690300535111
5.7289177547276685e-05
0.015503035298780181
1.2873466202255406e-05
-0.00022158997671163758
-0.00284642979116364
0.00020237509601784534
-0.0007722092873860269
-3.985442816478447e-05
-4.803705119274616e-06
0.0013860231260735306
-9.953184494621668e-05
0.00034441121252439964
1.926149679595589e-05
0.0163581496347682
-0.00026271497195990925
0.00011169068384746124
0.0009247229564526777
-0.0005615691517883556
0.0006686859400052242
0.00012246744208724958
-6.402116957104879e-05
-0.0003436660872785979
0.0002471187759307979
-0.00022379360532125147
0.2208365344472718
0.055187728065403854
0.009038734994838687
-0.08659842327318555
0.0007613488655859935
-0.16166036048657056
-0.019373061464525894
-0.003251585999752786
0.029323663899685177
-0.00018449743609243557
0.05235189243421924
0.0005790156578018856
0.0014031109058848857
-0.005734536053399068
-0.019158367070980016
-0.04469044353103702
-0.0001466547435732383
-0.0016173571378163233
0.001985174682684527
0.033620801520527
-0.0009933973894331164
0.03263686639678994
-0.0032730265260848537
-0.00015688492626285595
-0.02793040538485901
0.00025878087575330073
-0.01174273586609972
0.08728003087420699
-0.0005581560447112045
0.028152205768182254
-0.0017609112923388155
0.0002442103943357346
-0.07267180377602006
0.0003282149314342021
0.23681552597447783
-0.00022656389306253461
0.0019419451138966753
-0.01135362467537819
0.00017928468712072803
-0.17163375026173985
0.029736575725517557
0.0066593960011538
0.0011825626787455973
-0.009217264010086844
4.3483886584453466e-05
0.009607538500779623
2.6520933471764598e-05
0.0011323807178539019
-0.0006663381815282972
0.005816381047621997
-4.2564602572449295e-05
0.00410348556038226
0.015274966280994244
-0.00012669327178504647
0.03123669176445399
1.0489369772112427
0.027607767478830855
0.0001991458447358525
-0.0027702282841328557
0.00016084929098688866
-0.0001850575065341598
0.0020479630070671558
-6.123699480688354e-05
-0.0047453442175794235
0.0016489735130653664
0.0017095382479985783
-0.012295496898556676
-0.0008181747323208121
0.0015291391347037448
-0.0007432781827479333
-0.0003811928900035123
0.005111241875426263
0.0002303326258177729
0.01189584758336543
-0.0002924666542633889
0.0038934636107282234
-0.00013540891204056525
0.000138308801046135
-0.001640785990123329
8.586574258200787e-05
0.0024645113861560776
-0.0016643220180680822
-0.00024772187765898684
0.009792290105845846
0.00022914760688684703
-0.001136603709278802
0.0007358380349444961
0.00011878241789266854
-0.004974716559503844
-0.00014700931058060098
0.5559987467355023
2.541775241239801e-05
2.3286399366301084e-05
0.10134318144893772
7.350088609452704e-05
-6.231885078920464e-05
0.003906943990385722
0.01161319308699164
0.0002908857034828145
-0.001863317426640974
-0.0007332096019257552
-0.0016726208426443047
-0.005621620366132375
-0.00020353079999064805
0.0007989729211821339
0.000343817712478257
0.556430132550772
-3.1774616788664916e-06
7.547848770564048e-05
0.10083469585919544
2.328436792482502e-05
0.006095757751674644
-0.0029702777871048465
-0.0007507063513605239
0.003964038417831602
0.0010511722681067531
-0.0025955564195196835
0.0013134073611512924
0.00034307313801580164
-0.002108681445567968
-0.0005253984582105199
0.5557137070954683
-5.9714272308383244e-05
2.2376538480946635e-05
0.10180218476449382
0.0004830832564513452
-0.0006112993343257035
-0.0010421547162022542
0.0014373293956674543
-0.0003498546128417626
-0.00023420770448489612
0.00027923124234771916
0.0005614315772957462
-0.000654612493038972
-0.00013234477863158014
0.005820068830853321
-1.2023093075291144e-05
-2.1610069198399298e-05
-0.001434572076985374
-0.005594729126342094
-0.00024415979836233043
0.0009666808150783886
0.0003057769825526588
0.000713675850650244
0.0029013794904128617
0.00011720992012617421
-0.0004561245856021792
-0.00016487749140281236
0.005977701462011726
1.7245830225038055e-05
-0.0022860088139450875
0.0015815266380073425
0.0003234282567194589
-0.002543948389361799
-0.0005680985371537082
0.001145982344617796
-0.0007781965027362342
-0.0001689790962034363
0.0013039138544580651
0.00027200709549220176
0.00557924949747025
-0.00020769480219541705
0.00022003060184539225
0.0005447635253686676
-0.0005723317981674637
-0.000547305567552855
0.00010861527669134139
-0.0001217042604680487
-0.0002871031480834157
0.0002922757858941747
0.00025624928939140066
0.03255309788734691
0.0008668134339035082
-0.0005922443597050311
0.035436054967627875
0.0012771540425279935
-0.03173409247306723
-0.00045083254168581423
0.00034902399240053497
-0.016436671184132806
-0.000566376258889187
0.08519717746015903
0.002931601752979183
-0.005626531406186606
-0.003732439549115318
-0.0004717120755311316
-0.08221913084980473
-0.0014411364087638838
0.002574531830970964
0.0018399695294837523
0.024760560685442964
-0.0044590354225491815
-0.002291724357949927
0.00035736972196999135
-0.0014329254060555276
-0.023792213845469715
0.0021076840341786645
0.0010449943436446575
0.06250989319018889
0.0007198908955680665
-0.016417450064735172
0.0025738818364107194
0.0020766370517848196
-0.05981753767247118
-0.0004074705356737731
0.026373657146797447
-0.0005850590935623165
0.0018074463273107517
0.0010470740868505559
-0.00044587436207505567
-0.02538687085217252
0.007758591921025445
0.00024176728747941906
-0.00020728498590986288
0.007644833096823105
0.00026044121635801666
0.019955780755592678
0.0007114310238009196
-0.0011819102780209214
-0.0008996919562181884
0.005721161877517092
-0.000987797208034023
-0.0004772436286286034
0.014386993214015403
0.0002464909231313912
0.0061205222193730785
1.0513607866251953
0.022095459001892
0.0017679061716672577
0.0018535779589933796
-0.00011081395244626961
-0.001372065198601536
-0.0012524750790063846
6.762426122446403e-05
-0.001076900108507576
-0.0002258231804716953
-0.001214773858582518
-0.012900913793500727
-0.000960601755011113
0.0003339840883648102
-0.0001507144203874838
0.0005384587162978215
0.006851614008537326
0.0005961603115468093
0.013638448313727508
-0.002498274874791635
-0.0023543814517939113
0.00016218122576421818
0.0010759550359295397
0.0011967859409769996
-4.4412352967882415e-05
0.001169341732979023
0.001380605744818729
0.0011414949505468464
0.014622140962052433
0.0012987809428520272
-0.0004677074489070826
-0.00039801793234910213
-0.0005658712046622996
-0.007459954831422655
-0.0006660723774538491
0.5556618267803415
-0.0010338029049641157
-1.7733339593310138e-06
0.10030238525094237
0.0007478449258907654
-1.0935538300920573e-05
0.0035373948405511475
-0.015051045346256547
-0.0005248795667156436
-0.0076845721258635286
-0.0008640763020208849
-0.0014127124553315264
0.006820860666601593
0.0002557336465879187
0.003475516636297595
0.0004071177598572884
0.5563946327374384
5.03396187615283e-05
0.0007411986839851578
0.09897457309462648
-9.086264436247382e-05
-0.012308379151326519
-0.01339891327978406
-0.0012086816874811537
0.0010119673596953307
-0.0006783193879597621
0.005510667653060619
0.006146393878542822
0.0005549746507670869
-0.00043490690118165554
0.0002990291211102547
0.5556498622364159
-1.154277355355789e-05
-8.979977363436349e-05
0.10077234954740844
-0.0007266227357425824
-0.0009038544095132939
0.00015713223814745714
-0.0011664044033676746
-0.0003880822743245179
0.00035702378823647516
0.00041837022697239427
5.137620937387811e-05
0.000551431622854098
0.00013461477732272455
0.005783092142781606
-0.00028311752779969397
2.1778032274233938e-05
-0.0014418611464391334
0.00705338830022625
0.0002948934102638892
0.003634178621773729
0.0003648132213763422
0.0006872974920192625
-0.0035234826824090213
-0.0001474153551418512
-0.0018272505827388243
-0.00019854501238554165
0.006121711504799744
3.829756402871485e-05
0.006024979506598342
0.006512706931636376
0.000576636972211829
-0.00042665618585044406
0.00038464666287908224
-0.002838649727127273
-0.003287742743293309
-0.0002897217979814536
0.0001300890447475555
-0.0001850020001504442
0.00560210983605586
0.00032282216499454527
0.00040471256689127475
0.00010053086300845736
0.00047154006217273886
0.0002960966195544623
-0.00016086791003304518
-0.00021250903396272285
-4.9413416364706584e-05
-0.00023786625122440731
-0.0001434606200477913
0.06934298370962477
0.0022821204195925147
0.0016217556088974766
0.004968986134207309
-0.0022213777411573027
-0.06426968266035557
-0.001177189392579919
-0.000821491872306124
-0.002492713137902442
0.0009444437569249623
0.09875501630040058
0.004881505863637789
0.001998190248851657
0.004635397171343999
-0.001178361182119448
-0.09397162691393586
-0.002324975403106974
-0.0004006808995316221
-0.002198073513842061
0.03808191603106449
0.0033167093323024383
-0.0034109984463873517
-0.0008064549500889074
-0.0023288613844813025
-0.035553820757308764
-0.001505764640895402
0.0013986617102691922
0.0890114673849716
0.0062553016221594425
-0.002493486613220419
-0.0003972071202623692
-0.001506502370941265
-0.08360518511582599
-0.002885848124575087
0.050470741150117376
0.000950291782344245
-0.0021937719559390455
0.0014156716858177857
-0.0028831860982293715
-0.046696495606582955
0.01493766446862085
0.0006226955952512209
0.0004113316913349223
0.0012697085264351724
-0.00039952792753316757
0.022504796187665564
0.00112020776495577
-7.461904889467558e-05
0.0010498087095697998
0.008306911060063676
0.0006911917863722354
-0.0005746518663756701
0.019748748511302094
0.0013432777430390612
0.010821912127068189
0.05336362287393284
0.2886971304985404
0.0003650413209180225
-0.0005286388898966842
-8.832489033409611e-05
-0.001074452807343343
0.0012790360674683706
0.00014779983446717524
-0.0006753325058514062
-0.0028732234461132677
-0.0026656919472364416
0.0008195022475730384
-0.0027617343390718896
0.0007903101991149593
0.00135898190698735
0.0009621684229174153
-0.0005277812310413311
0.000914750904130479
0.47713486046089104
-0.00018375072816594632
0.00020351491076373653
3.400478863969102e-05
0.0009589927115977374
-0.001187506108778541
-0.00014866407602662346
0.0007684045577236588
0.0017404857178951745
0.0026232918297812995
-0.00023544772029756488
0.0014659665600100069
-0.0006442619005240662
-0.0010466564997124392
-0.0007165773258686921
0.00036393871064996147
-0.0007330073568353856
0.3929279425965837
-3.076977342509824e-05
-2.747409176285544e-05
0.14248104558506303
2.9830976302971597e-05
-9.65248241640091e-05
-0.00010931097174632668
-0.0013607303622978758
-0.00016144835115206691
0.00091695724512803
-0.0002372259633911857
3.6726488480808395e-06
0.00044694055336211785
5.874292572979848e-05
-0.0002721807530196069
7.454869795892731e-05
0.3929883881523555
6.5762248010345e-06
3.2458094911777093e-05
0.142395521754562
6.142749390790852e-05
-1.709545385719098e-05
0.0016925453607899883
5.7527940196515884e-05
-0.001461039972639626
0.00010771477387639026
-1.8475937796552902e-05
-0.0005067022363155532
-2.8214698067140365e-05
0.00047383450075500156
-1.3267517889908191e-05
0.39298737126421635
-9.752489660240043e-05
6.0880328294000274e-05
0.14235448729387407
6.087850326800058e-05
-1.7733394317928686e-05
0.00019176567685494052
0.0002128099494286582
-0.0002864825630971414
-3.1828995059978934e-05
-5.218028028809159e-06
-8.72470961084206e-05
-6.658613902141419e-05
0.00014578569556110372
0.015280867550203827
-0.0004928587194942217
5.190990079567297e-06
0.0011723266003893977
0.004139813534400755
0.0007187677566392836
-0.00380229355437485
0.0011833687409503967
-0.0004010634026826703
-0.0018287427764374384
-0.000283281022809267
0.0016697883728319916
-0.00044281153469455023
0.016003319218022775
-9.751976581758798e-06
0.000972804466439575
-0.006249502083838031
-0.0001829124587529694
0.0043608288687111835
-0.00037304752787656336
-0.00035682783492395456
0.0028833697762204857
3.056901262633515e-05
-0.0019094568891664136
0.00012061908429453845
0.015864029554416383
-0.0001994078193649251
0.0001580275927672702
-9.465915369070096e-05
-0.0007701638150305332
0.00018891025482980914
0.00010943993121240498
-8.166307182552847e-05
0.00010007194189743404
0.00034820490522450545
-5.435616937634858e-05
0.1130841498858087
0.004656144804843684
-0.13201178129625651
-0.022381425084946786
-0.09855346284227132
-0.08507488939778306
-0.0019008019120869623
0.0465916196717928
0.005730682557245146
0.03403147584976877
0.09703176853159336
-0.0009135182366251974
-0.0165069220181502
0.04135138851244384
-0.002029768762112489
-0.07960081833113139
0.0005710617183084122
0.006980823026058536
-0.014596025605838094
0.11778987281915602
0.0465162018917521
0.08028508184601567
0.04646994317350484
0.0006108940231632862
-0.08802951979607808
-0.0161324033128791
-0.026884466877376036
0.09406672815878689
0.05181682756379287
0.0056810991835871795
0.006959194542187033
-0.01615564384558381
-0.07717664245362388
-0.017847791356488545
0.1550596629801826
0.033974210022181456
-0.014400064351621951
-0.026934942566605634
-0.017827147766241586
-0.11471166975882698
0.016127411229623127
0.0008034311609991903
-0.016403665273006195
-0.0010566287235875822
-0.011743283777990643
0.01644367363395921
-0.0003002271864439774
-0.002957926999159109
0.005062935199682114
0.016524730521569303
0.005593147530861096
0.008974859154515662
0.015973992284309638
0.006113566381714845
0.021333088423255868
1.0660262680397796
-0.20082589729556607
0.06772960846720559
-0.02580097138807273
0.0016648535866251686
-0.09518051306645187
0.02200139870362602
-0.002145497205764847
0.026347715410323047
-0.08660937120801643
-0.006660030085146692
-0.001785245487871935
0.04124227867083
-0.0016399813246949482
0.00025183669105768077
1.3062818381383279
-0.05107331019034892
-0.004831357157608978
-0.9335222908292626
0.0006918450406260802
-0.0018209016796473711
1.2805417877736778
0.0018524748774775327
-0.0009732887889800877
-0.8893118228995
0.004566219132031998
1.1725091259870624
-0.0013127944309800073
0.004486409971587705
-0.45896156483661255
0.19923179644754274
-0.0020804700292447516
0.000233908075910668
0.17329672974907656
-0.0010318366747174605
0.07156723348195825
0.0
0.0
0.0
0.0
0.0
0.0
0.0
0.0
0.0
0.0
0.0
0.0
0.0
0.0
0.0
0.0
0.0
0.0
0.0
0.0
0.0
0.0
0.0
0.0
0.0
0.0
0.0
0.0
0.0
0.0
0.0
0.0
0.0
0.0
0.0
0.0
0.0
0.0
0.0
0.0
0.0
0.0
0.0
0.0
0.0
0.0
0.0
0.0
0.0
0.0
0.0
0.0
0.0
0.0
0.0
0.0
0.0
0.0
0.0
0.0
0.0
0.0
0.0
0.0
0.0
0.0
0.0
0.0
0.0
0.0
0.0
0.0
0.0
0.0
0.0
0.0
0.0
0.0
0.0
0.0
0.0
0.0
0.0
0.0
0.0
0.0
0.0
0.0
0.0
0.0
0.0
0.0
0.0
0.0
0.0
0.0
0.0
0.0
0.0
0.0
0.0
0.0
0.0
0.0
0.0
0.0
0.0
0.0
0.0
0.0
0.0
0.0
0.0
0.0
0.0
0.0
0.0
0.0
0.0
0.0
0.0
0.0
0.0
0.0
0.0
0.0
0.0
0.0
0.0
0.0
0.0
0.0
0.0
0.0
0.0
1.06802349287643
-0.2275228698310163
0.021486308879261534
-0.009849404735099668
-0.00018903062755479613
-0.0282654207434007
0.013602905711862373
-4.117612579068546e-05
0.027464296533760722
-0.02689917269262909
0.01098613663287392
-0.0006328902313489695
0.023190176080069902
-0.0068312757706472955
-7.671773171137963e-05
1.3043878841317127
-0.007306244284764861
-0.003315004306395467
-1.068112665936332
0.005697731621095113
0.004364952747467406
1.2519569475293535
0.000540810072420735
0.005625154855660803
-0.9255057129584673
-0.001885735070139278
1.0480191707295767
0.004742839265833847
-0.002179716204634566
-0.5530080627378853
0.24227721086423942
-0.007353889904768511
-0.0017025629819742202
0.18845754125112463
0.00011751224105523057
0.09791985553680077
0.0
0.0
0.0
0.0
0.0
0.0
0.0
0.0
0.0
0.0
0.0
0.0
0.0
0.0
0.0
0.0
0.0
0.0
0.0
0.0
0.0
0.0
0.0
0.0
0.0
0.0
0.0
0.0
0.0
0.0
0.0
0.0
0.0
0.0
0.0
0.0
0.0
0.0
0.0
0.0
0.0
0.0
0.0
0.0
0.0
0.0
0.0
0.0
0.0
0.0
0.0
0.0
0.0
0.0
0.0
0.0
0.0
0.0
0.0
0.0
0.0
0.0
0.0
0.0
0.0
0.0
0.0
0.0
0.0
0.0
0.0
0.0
0.0
0.0
0.0
0.0
0.0
0.0
0.0
0.0
0.0
0.0
0.0
0.0
0.0
0.0
0.0
0.0
0.0
0.0
0.0
0.0
0.0
0.0
0.0
0.0
0.0
0.0
0.0
0.0
0.0
0.0
0.0
0.0
0.0
0.0
0.0
0.0
0.0
0.0
0.0
0.0
0.0
0.0
0.0
0.0
0.0
0.0
0.0
0.0
0.0
0.0
0.0
0.0
0.0
0.0
0.0
0.0
0.0
0.0
0.0
0.0
0.0
0.0
0.0
1.0672128005030492
-0.21130565669486462
0.056075900828571945
0.028456471476524272
0.00022881441358647863
-0.07092302688035287
-0.024184009291499747
0.0006635048021669466
0.023623949720081257
-0.05031722790212588
0.00640777731102486
0.0018814326803994457
0.03649878899574907
0.002798486029425124
0.0001333762231434654
1.326411744225897
0.04178973770183804
0.00310784539879384
-0.9957503420701684
-0.0007070800998754106
-0.011247579265168265
1.285730396832307
-0.0017910482598726787
0.0008166451070506049
-0.8978444394232097
-0.001415373086756818
1.1778849688160675
-0.01254149097729287
-0.0006939350659388897
-0.47872712223429104
0.21172719550035587
0.0015919638291175633
0.005075841775184687
0.17689617225259593
0.00025153913580023413
0.0767391098734725
0.0
0.0
0.0
0.0
0.0
0.0
0.0
0.0
0.0
0.0
0.0
0.0
0.0
0.0
0.0
0.0
0.0
0.0
0.0
0.0
0.0
0.0
0.0
0.0
0.0
0.0
0.0
0.0
0.0
0.0
0.0
0.0
0.0
0.0
0.0
0.0
0.0
0.0
0.0
0.0
0.0
0.0
0.0
0.0
0.0
0.0
0.0
0.0
0.0
0.0
0.0
0.0
0.0
0.0
0.0
0.0
0.0
0.0
0.0
0.0
0.0
0.0
0.0
0.0
0.0
0.0
0.0
0.0
0.0
0.0
0.0
0.0
0.0
0.0
0.0
0.0
0.0
0.0
0.0
0.0
0.0
0.0
0.0
0.0
0.0
0.0
0.0
0.0
0.0
0.0
0.0
0.0
0.0
0.0
0.0
0.0
0.0
0.0
0.0
0.0
0.0
0.0
0.0
0.0
0.0
0.0
0.0
0.0
0.0
0.0
0.0
0.0
0.0
0.0
0.0
0.0
0.0
0.0
0.0
0.0
0.0
0.0
0.0
0.0
0.0
0.0
0.0
0.0
0.0
0.0
0.0
0.0
0.0
0.0
0.0
1.0658183880805547
-0.2208623238575946
0.022457963019171648
0.008410458588692039
0.0006875982493514194
-0.03675722740070143
-0.011858266216098333
-0.0018722914847413893
0.02516026354051227
-0.04277261598931429
-0.00964396265423148
-0.003649740998533332
0.03265546867583967
0.006207337540731678
-6.929839502513839e-05
1.3113537778652296
0.012724143630840493
-0.011553193517536722
-1.0317782519647594
-0.010294253479525511
0.010057340515714025
1.2425299658096667
0.0010314585621440928
-0.010241811747177035
-0.9027826684371171
0.0007485161432454535
1.005601549012129
0.009970068503649714
0.0009776985738448522
-0.5193489080920872
0.22622452542822746
0.010087373491904472
-0.003970301058367133
0.1845672526254144
-0.00038665372211733385
0.09654847570428363
0.0
0.0
0.0
0.0
0.0
0.0
0.0
0.0
0.0
0.0
0.0
0.0
0.0
0.0
0.0
0.0
0.0
0.0
0.0
0.0
0.0
0.0
0.0
0.0
0.0
0.0
0.0
0.0
0.0
0.0
0.0
0.0
0.0
0.0
0.0
0.0
0.0
0.0
0.0
0.0
0.0
0.0
0.0
0.0
0.0
0.0
0.0
0.0
0.0
0.0
0.0
0.0
0.0
0.0
0.0
0.0
0.0
0.0
0.0
0.0
0.0
0.0
0.0
0.0
0.0
0.0
0.0
0.0
0.0
0.0
0.0
0.0
0.0
0.0
0.0
0.0
0.0
0.0
0.0
0.0
0.0
0.0
0.0
0.0
0.0
0.0
0.0
0.0
0.0
0.0
0.0
0.0
0.0
0.0
0.0
0.0
0.0
0.0
0.0
0.0
0.0
0.0
0.0
0.0
0.0
0.0
0.0
0.0
0.0
0.0
0.0
0.0
0.0
0.0
0.0
0.0
0.0
0.0
0.0
0.0
0.0
0.0
0.0
0.0
0.0
0.0
0.0
0.0
0.0
0.0
0.0
0.0
0.0
0.0
0.0
1.049551572709614
-0.14388846288395646
-0.13626278610622763
-0.02612825616417047
0.0015225464533326983
0.19866455354968648
0.025800294530847506
-0.002943532177048824
0.019414521936090764
0.18222351940535608
0.0025380017887349487
-0.0037211690416548457
-0.07687872593987796
-0.0032053518803048906
0.00023585551890873254
1.1897925519635537
0.04746599665250713
6.769038789187999e-05
-0.6013562699127897
-0.0014149779094113635
0.0003145041226056562
1.2286395969050603
0.00026037505754656265
0.0039803905446698365
-0.7587789419563106
-0.0005770859923257759
1.1215529927331487
0.0005864993415298778
-0.0009008983037748832
-0.33244272221754567
0.10832758690229838
0.00522351532862476
-0.00018695871630472068
0.1327457491696457
0.0002629041627891985
0.04803851928249131
0.0
0.0
0.0
0.0
0.0
0.0
0.0
0.0
0.0
0.0
0.0
0.0
0.0
0.0
0.0
0.0
0.0
0.0
0.0
0.0
0.0
0.0
0.0
0.0
0.0
0.0
0.0
0.0
0.0
0.0
0.0
0.0
0.0
0.0
0.0
0.0
0.0
0.0
0.0
0.0
0.0
0.0
0.0
0.0
0.0
0.0
0.0
0.0
0.0
0.0
0.0
0.0
0.0
0.0
0.0
0.0
0.0
0.0
0.0
0.0
0.0
0.0
0.0
0.0
0.0
0.0
0.0
0.0
0.0
0.0
0.0
0.0
0.0
0.0
0.0
0.0
0.0
0.0
0.0
0.0
0.0
0.0
0.0
0.0
0.0
0.0
0.0
0.0
0.0
0.0
0.0
0.0
0.0
0.0
0.0
0.0
0.0
0.0
0.0
0.0
0.0
0.0
0.0
0.0
0.0
0.0
0.0
0.0
0.0
0.0
0.0
0.0
0.0
0.0
0.0
0.0
0.0
0.0
0.0
0.0
0.0
0.0
0.0
0.0
0.0
0.0
0.0
0.0
0.0
0.0
0.0
0.0
0.0
0.0
0.0
1.0488079358545266
-0.15844308398140977
-0.125489922172433
-0.008906869781141994
-0.003175902230570662
0.19445031518364228
0.01365229470903538
0.0027648099193325207
0.022260701601817305
0.20738401108545668
0.013224779349796406
-0.00015978203205884855
-0.08812864077968391
-0.006720568491987857
-0.0001288224142374214
1.1151809965114285
0.0021718228938226434
0.0030512298287890425
-0.6532870574264953
-0.00716365287063119
-0.00025522491005991335
1.1719794031201984
0.0014868953078783311
-0.007650239066417966
-0.7998781779465309
2.4954746585494807e-07
0.7010603272406681
0.0007475734894975654
8.200920497054929e-05
-0.40317000108566914
0.12280585189803246
0.009751577646200162
8.181288093691748e-05
0.1494302230390591
-4.852235815599465e-05
0.07498209253475213
0.0
0.0
0.0
0.0
0.0
0.0
0.0
0.0
0.0
0.0
0.0
0.0
0.0
0.0
0.0
0.0
0.0
0.0
0.0
0.0
0.0
0.0
0.0
0.0
0.0
0.0
0.0
0.0
0.0
0.0
0.0
0.0
0.0
0.0
0.0
0.0
0.0
0.0
0.0
0.0
0.0
0.0
0.0
0.0
0.0
0.0
0.0
0.0
0.0
0.0
0.0
0.0
0.0
0.0
0.0
0.0
0.0
0.0
0.0
0.0
0.0
0.0
0.0
0.0
0.0
0.0
0.0
0.0
0.0
0.0
0.0
0.0
0.0
0.0
0.0
0.0
0.0
0.0
0.0
0.0
0.0
0.0
0.0
0.0
0.0
0.0
0.0
0.0
0.0
0.0
0.0
0.0
0.0
0.0
0.0
0.0
0.0
0.0
0.0
0.0
0.0
0.0
0.0
0.0
0.0
0.0
0.0
0.0
0.0
0.0
0.0
0.0
0.0
0.0
0.0
0.0
0.0
0.0
0.0
0.0
0.0
0.0
0.0
0.0
0.0
0.0
0.0
0.0
0.0
0.0
0.0
0.0
0.0
0.0
0.0
1.0493727422644752
-0.1431975193981486
-0.1364008021484931
0.026664451613086664
0.002679090305241278
0.198421008080381
-0.02682303171169461
-0.004451669966994675
0.0192806356979957
0.18233596089654502
-0.0031295233273785457
-0.004202988596885346
-0.0766881626888543
0.003031002277477694
0.0010993481967668706
1.1891643643382601
-0.04815102664720207
-0.0006574388079045914
-0.6033518904642338
-0.0005249785975841347
-0.0004833883369693497
1.227981819597245
-0.00023176418438169418
-0.005253103201239279
-0.7580687222774445
-0.0010499119782802378
1.1180391530159297
-0.0007383211439791023
-0.0016352366911278396
-0.3244739405028775
0.10825494012358625
-0.004507630549848857
-0.0004916205749765111
0.13306693323101654
0.0003455958880871993
0.04643239902122996
0.0
0.0
0.0
0.0
0.0
0.0
0.0
0.0
0.0
0.0
0.0
0.0
0.0
0.0
0.0
0.0
0.0
0.0
0.0
0.0
0.0
0.0
0.0
0.0
0.0
0.0
0.0
0.0
0.0
0.0
0.0
0.0
0.0
0.0
0.0
0.0
0.0
0.0
0.0
0.0
0.0
0.0
0.0
0.0
0.0
0.0
0.0
0.0
0.0
0.0
0.0
0.0
0.0
0.0
0.0
0.0
0.0
0.0
0.0
0.0
0.0
0.0
0.0
0.0
0.0
0.0
0.0
0.0
0.0
0.0
0.0
0.0
0.0
0.0
0.0
0.0
0.0
0.0
0.0
0.0
0.0
0.0
0.0
0.0
0.0
0.0
0.0
0.0
0.0
0.0
0.0
0.0
0.0
0.0
0.0
0.0
0.0
0.0
0.0
0.0
0.0
0.0
0.0
0.0
0.0
0.0
0.0
0.0
0.0
0.0
0.0
0.0
0.0
0.0
0.0
0.0
0.0
0.0
0.0
0.0
0.0
0.0
0.0
0.0
0.0
0.0
0.0
0.0
0.0
0.0
0.0
0.0
0.0
0.0
0.0
1.048174323978189
-0.15616723766624097
-0.1247062433405733
0.008930867950974484
-0.0047188602414186785
0.1933737834617839
-0.013414918855111
0.004390222619854971
0.021784714560141416
0.2057563526306293
-0.012853449489900323
0.0008776801789812456
-0.08656386653372922
0.00659907657264734
-0.0009281895149928925
1.1132615884291959
-0.001010041169854363
0.0037638921051033735
-0.6426998461511315
0.007327063192339221
0.00034084507507321066
1.169492065345021
-0.004666669342721138
0.0077118230836771655
-0.7926224393884385
5.852352743303311e-05
0.708027592695548
0.0009500870387266041
-0.0003191174420243573
-0.3921636255373684
0.12020582200321389
-0.009841929676980322
0.0004707334592384413
0.14704254316775758
0.00031787047862889584
0.07244714497787769
0.0
0.0
0.0
0.0
0.0
0.0
0.0
0.0
0.0
0.0
0.0
0.0
0.0
0.0
0.0
0.0
0.0
0.0
0.0
0.0
0.0
0.0
0.0
0.0
0.0
0.0
0.0
0.0
0.0
0.0
0.0
0.0
0.0
0.0
0.0
0.0
0.0
0.0
0.0
0.0
0.0
0.0
0.0
0.0
0.0
0.0
0.0
0.0
0.0
0.0
0.0
0.0
0.0
0.0
0.0
0.0
0.0
0.0
0.0
0.0
0.0
0.0
0.0
0.0
0.0
0.0
0.0
0.0
0.0
0.0
0.0
0.0
0.0
0.0
0.0
0.0
0.0
0.0
0.0
0.0
0.0
0.0
0.0
0.0
0.0
0.0
0.0
0.0
0.0
0.0
0.0
0.0
0.0
0.0
0.0
0.0
0.0
0.0
0.0
0.0
0.0
0.0
0.0
0.0
0.0
0.0
0.0
0.0
0.0
0.0
0.0
0.0
0.0
0.0
0.0
0.0
0.0
0.0
0.0
0.0
0.0
0.0
0.0
0.0
0.0
0.0
0.0
0.0
0.0
0.0
0.0
0.0
0.0
0.0
0.0
1.070751618240718
-0.23645908231846482
-0.0006634012705696566
-0.019941479383681494
0.047340361014577934
-0.007552902226479767
0.028816162544758522
-0.06083855869629649
0.025545591849322858
-0.021900322372448093
0.025389382530917624
-0.045366927221248604
0.0015509017670686078
-0.013847550578907467
0.02824044556803646
1.1368751225162084
-0.006894350690774785
0.02586082386784675
-0.5986897173748458
-0.0006677802298600225
-0.008379025865514353
1.2931524981051776
-0.008075087618171856
0.00021088037853114337
-0.9639572328015286
0.018631753798855767
1.330067909642937
-0.009952907385891687
0.018448004230637097
-1.0972075713014178
0.10165286312975833
0.0013534896340877283
0.002308774415202185
0.19736683185255768
-0.01837673925001511
0.24691123812597776
0.0
0.0
0.0
0.0
0.0
0.0
0.0
0.0
0.0
0.0
0.0
0.0
0.0
0.0
0.0
0.0
0.0
0.0
0.0
0.0
0.0
0.0
0.0
0.0
0.0
0.0
0.0
0.0
0.0
0.0
0.0
0.0
0.0
0.0
0.0
0.0
0.0
0.0
0.0
0.0
0.0
0.0
0.0
0.0
0.0
0.0
0.0
0.0
0.0
0.0
0.0
0.0
0.0
0.0
0.0
0.0
0.0
0.0
0.0
0.0
0.0
0.0
0.0
0.0
0.0
0.0
0.0
0.0
0.0
0.0
0.0
0.0
0.0
0.0
0.0
0.0
0.0
0.0
0.0
0.0
0.0
0.0
0.0
0.0
0.0
0.0
0.0
0.0
0.0
0.0
0.0
0.0
0.0
0.0
0.0
0.0
0.0
0.0
0.0
0.0
0.0
0.0
0.0
0.0
0.0
0.0
0.0
0.0
0.0
0.0
0.0
0.0
0.0
0.0
0.0
0.0
0.0
0.0
0.0
0.0
0.0
0.0
0.0
0.0
0.0
0.0
0.0
0.0
0.0
0.0
0.0
0.0
0.0
0.0
0.0
1.0771200081598364
-0.2508848609581542
0.003925329436298473
0.00014427761462288427
0.061355511742143744
-0.009973018771670013
0.00012214849547166807
-0.088124499397851
0.02872434383431904
-0.018003522913932042
0.0006144911360265925
-0.08057361408924449
0.0013474505398280857
-0.00034506571313209735
0.04559744566634362
1.165868693379534
0.0013033993702818286
0.011403093470286042
-0.6537259613241376
0.001518262912479646
-0.017126879073254813
1.3202086881592714
0.0010102109589548366
0.0011046001340729535
-1.0346704128089304
-0.00016776608496263108
1.3641198603863423
-0.016165546940318836
-0.00018831966774619774
-1.1568139685719925
0.1084550078600296
-0.0008482553146385638
0.007246940881620099
0.22153987997780217
5.255735465504167e-05
0.2647898001443255
0.0
0.0
0.0
0.0
0.0
0.0
0.0
0.0
0.0
0.0
0.0
0.0
0.0
0.0
0.0
0.0
0.0
0.0
0.0
0.0
0.0
0.0
0.0
0.0
0.0
0.0
0.0
0.0
0.0
0.0
0.0
0.0
0.0
0.0
0.0
0.0
0.0
0.0
0.0
0.0
0.0
0.0
0.0
0.0
0.0
0.0
0.0
0.0
0.0
0.0
0.0
0.0
0.0
0.0
0.0
0.0
0.0
0.0
0.0
0.0
0.0
0.0
0.0
0.0
0.0
0.0
0.0
0.0
0.0
0.0
0.0
0.0
0.0
0.0
0.0
0.0
0.0
0.0
0.0
0.0
0.0
0.0
0.0
0.0
0.0
0.0
0.0
0.0
0.0
0.0
0.0
0.0
0.0
0.0
0.0
0.0
0.0
0.0
0.0
0.0
0.0
0.0
0.0
0.0
0.0
0.0
0.0
0.0
0.0
0.0
0.0
0.0
0.0
0.0
0.0
0.0
0.0
0.0
0.0
0.0
0.0
0.0
0.0
0.0
0.0
0.0
0.0
0.0
0.0
0.0
0.0
0.0
0.0
0.0
0.0
1.0728210182120048
-0.24254498666373786
-5.714717962770769e-05
0.01938152654788458
0.041976221292300345
-0.005786627310921161
-0.028297532309495794
-0.05475507690799248
0.027360534646696924
-0.01543425007519247
-0.02527269743174212
-0.04195851830635329
0.0007234548934411092
0.013957561735574855
0.025103760869959725
1.1586710239030502
0.0065040385138050326
0.015389686608731922
-0.6215029018965164
0.001329557105456976
-0.009801829965975221
1.3009432536426693
0.007335104247037476
0.0002981011832212786
-0.9826488359360758
-0.01905168159893271
1.3391444788054132
-0.010046658371811486
-0.018920101905867633
-1.1305139410268112
0.10764628573861842
-0.001556569500387006
0.002886371580935231
0.20388926363866094
0.018478313928989135
0.26028677501164343
0.0
0.0
0.0
0.0
0.0
0.0
0.0
0.0
0.0
0.0
0.0
0.0
0.0
0.0
0.0
0.0
0.0
0.0
0.0
0.0
0.0
0.0
0.0
0.0
0.0
0.0
0.0
0.0
0.0
0.0
0.0
0.0
0.0
0.0
0.0
0.0
0.0
0.0
0.0
0.0
0.0
0.0
0.0
0.0
0.0
0.0
0.0
0.0
0.0
0.0
0.0
0.0
0.0
0.0
0.0
0.0
0.0
0.0
0.0
0.0
0.0
0.0
0.0
0.0
0.0
0.0
0.0
0.0
0.0
0.0
0.0
0.0
0.0
0.0
0.0
0.0
0.0
0.0
0.0
0.0
0.0
0.0
0.0
0.0
0.0
0.0
0.0
0.0
0.0
0.0
0.0
0.0
0.0
0.0
0.0
0.0
0.0
0.0
0.0
0.0
0.0
0.0
0.0
0.0
0.0
0.0
0.0
0.0
0.0
0.0
0.0
0.0
0.0
0.0
0.0
0.0
0.0
0.0
0.0
0.0
0.0
0.0
0.0
0.0
0.0
0.0
0.0
0.0
0.0
0.0
0.0
0.0
0.0
0.0
0.0
1.087156431406989
-0.2711261124198828
0.0020049707591657953
-0.00015075750797168743
0.023407782695628016
-0.009366396546967084
-4.835797665352293e-05
-0.05316880778933532
0.03129089591399559
-0.020466324751031356
-0.0005128541786546275
-0.0797540254946846
0.001986183474382744
0.00022401284530989602
0.040919326930674835
1.2152529789886737
-0.0006524321733364855
0.008266466561758418
-0.7277909262461353
-0.0014729185576562347
-0.018584950556277232
1.3519043014382002
-0.0012640751132420847
-0.0010631271576632597
-1.103228417413372
0.00018151989921931708
1.4258801830474717
-0.017500782436718196
0.0002009337512846837
-1.2408468995373583
0.12231667125241266
0.0009658741995362352
0.008233275005841985
0.24031717508084594
5.275114943628813e-05
0.29292089108863373
0.0
0.0
0.0
0.0
0.0
0.0
0.0
0.0
0.0
0.0
0.0
0.0
0.0
0.0
0.0
0.0
0.0
0.0
0.0
0.0
0.0
0.0
0.0
0.0
0.0
0.0
0.0
0.0
0.0
0.0
0.0
0.0
0.0
0.0
0.0
0.0
0.0
0.0
0.0
0.0
0.0
0.0
0.0
0.0
0.0
0.0
0.0
0.0
0.0
0.0
0.0
0.0
0.0
0.0
0.0
0.0
0.0
0.0
0.0
0.0
0.0
0.0
0.0
0.0
0.0
0.0
0.0
0.0
0.0
0.0
0.0
0.0
0.0
0.0
0.0
0.0
0.0
0.0
0.0
0.0
0.0
0.0
0.0
0.0
0.0
0.0
0.0
0.0
0.0
0.0
0.0
0.0
0.0
0.0
0.0
0.0
0.0
0.0
0.0
0.0
0.0
0.0
0.0
0.0
0.0
0.0
0.0
0.0
0.0
0.0
0.0
0.0
0.0
0.0
0.0
0.0
0.0
0.0
0.0
0.0
0.0
0.0
0.0
0.0
0.0
0.0
0.0
0.0
0.0
0.0
0.0
0.0
0.0
0.0
0.0
1.070055676247618
-0.23134041542722408
0.0010496221010414769
-0.02001465588505444
-0.04501092193330007
-0.005745667413463655
0.028545752550948166
0.06245033416253721
0.025273733915556044
-0.012185552086003769
0.024413148563379276
0.053873206498615
-0.0002742130584402124
-0.0137094907021282
-0.031698533168131635
1.1608387387499746
-0.004511927652026097
-0.008846861070306834
-0.5749969813222713
-0.0009562385825045097
0.01785038874449804
1.2954253697558782
0.008620082809889008
-5.574549927809744e-05
-0.9502662381118494
-0.018290016075028958
1.33651002105452
0.015410342075539252
-0.018239817800776742
-1.0831074110867158
0.09588145381569299
0.0011412993613539653
-0.0067427915213017255
0.19306760203415607
0.018131235382214318
0.24128496974947997
0.0
0.0
0.0
0.0
0.0
0.0
0.0
0.0
0.0
0.0
0.0
0.0
0.0
0.0
0.0
0.0
0.0
0.0
0.0
0.0
0.0
0.0
0.0
0.0
0.0
0.0
0.0
0.0
0.0
0.0
0.0
0.0
0.0
0.0
0.0
0.0
0.0
0.0
0.0
0.0
0.0
0.0
0.0
0.0
0.0
0.0
0.0
0.0
0.0
0.0
0.0
0.0
0.0
0.0
0.0
0.0
0.0
0.0
0.0
0.0
0.0
0.0
0.0
0.0
0.0
0.0
0.0
0.0
0.0
0.0
0.0
0.0
0.0
0.0
0.0
0.0
0.0
0.0
0.0
0.0
0.0
0.0
0.0
0.0
0.0
0.0
0.0
0.0
0.0
0.0
0.0
0.0
0.0
0.0
0.0
0.0
0.0
0.0
0.0
0.0
0.0
0.0
0.0
0.0
0.0
0.0
0.0
0.0
0.0
0.0
0.0
0.0
0.0
0.0
0.0
0.0
0.0
0.0
0.0
0.0
0.0
0.0
0.0
0.0
0.0
0.0
0.0
0.0
0.0
0.0
0.0
0.0
0.0
0.0
0.0
1.0779456902564504
-0.25669494484417194
0.0020380722016062804
0.0001820929353459516
-0.06358278044404793
-0.011394396059772308
4.4088822943603896e-05
0.0863019054968938
0.028807440193151443
-0.02642317209501478
0.0005681757503224508
0.0721418925577926
0.003220621660041852
-0.0002896723479258568
-0.04226653050895994
1.1538944292070736
0.0005390544398431959
-0.02331819846985115
-0.6751758451401182
0.0010975225621717962
0.01094507202181496
1.3177656586360023
-0.0013466501554559077
0.0008534584668969147
-1.0526254690820789
0.0003469493833241144
1.360044537440365
0.01211530563873887
0.00031312830765812844
-1.1749132605041908
0.11435513497436098
-0.0006448242252597851
-0.003770103843120368
0.22732541317357147
-0.00013140454626862179
0.2722564201590036
0.0
0.0
0.0
0.0
0.0
0.0
0.0
0.0
0.0
0.0
0.0
0.0
0.0
0.0
0.0
0.0
0.0
0.0
0.0
0.0
0.0
0.0
0.0
0.0
0.0
0.0
0.0
0.0
0.0
0.0
0.0
0.0
0.0
0.0
0.0
0.0
0.0
0.0
0.0
0.0
0.0
0.0
0.0
0.0
0.0
0.0
0.0
0.0
0.0
0.0
0.0
0.0
0.0
0.0
0.0
0.0
0.0
0.0
0.0
0.0
0.0
0.0
0.0
0.0
0.0
0.0
0.0
0.0
0.0
0.0
0.0
0.0
0.0
0.0
0.0
0.0
0.0
0.0
0.0
0.0
0.0
0.0
0.0
0.0
0.0
0.0
0.0
0.0
0.0
0.0
0.0
0.0
0.0
0.0
0.0
0.0
0.0
0.0
0.0
0.0
0.0
0.0
0.0
0.0
0.0
0.0
0.0
0.0
0.0
0.0
0.0
0.0
0.0
0.0
0.0
0.0
0.0
0.0
0.0
0.0
0.0
0.0
0.0
0.0
0.0
0.0
0.0
0.0
0.0
0.0
0.0
0.0
0.0
0.0
0.0
1.0797609048673584
-0.2506185262168086
0.0007737428932795669
0.020472300015491093
-0.0073435925180814
-0.00669205608577016
-0.0292246085633831
0.028147768343368223
0.02758996415929619
-0.015621413837136356
-0.025200403331194984
0.054516096592913704
0.0008818110993104588
0.014260378485888604
-0.02678924691922887
1.201340033246972
0.0026891711347182034
-0.009027457230449995
-0.6474396131693905
0.0008638294523943188
0.018862948508407168
1.325922041427578
-0.0086334925812845
0.00019187465922668003
-1.0161005768292117
0.0186395106106817
1.4007303385230552
0.01667806253208698
0.018854288351519193
-1.1641867907314531
0.10677685842128709
-0.001015144210663707
-0.008038965733578221
0.21019791829699405
-0.018789287136900396
0.26738157029655363
0.0
0.0
0.0
0.0
0.0
0.0
0.0
0.0
0.0
0.0
0.0
0.0
0.0
0.0
0.0
0.0
0.0
0.0
0.0
0.0
0.0
0.0
0.0
0.0
0.0
0.0
0.0
0.0
0.0
0.0
0.0
0.0
0.0
0.0
0.0
0.0
0.0
0.0
0.0
0.0
0.0
0.0
0.0
0.0
0.0
0.0
0.0
0.0
0.0
0.0
0.0
0.0
0.0
0.0
0.0
0.0
0.0
0.0
0.0
0.0
0.0
0.0
0.0
0.0
0.0
0.0
0.0
0.0
0.0
0.0
0.0
0.0
0.0
0.0
0.0
0.0
0.0
0.0
0.0
0.0
0.0
0.0
0.0
0.0
0.0
0.0
0.0
0.0
0.0
0.0
0.0
0.0
0.0
0.0
0.0
0.0
0.0
0.0
0.0
0.0
0.0
0.0
0.0
0.0
0.0
0.0
0.0
0.0
0.0
0.0
0.0
0.0
0.0
0.0
0.0
0.0
0.0
0.0
0.0
0.0
0.0
0.0
0.0
0.0
0.0
0.0
0.0
0.0
0.0
0.0
0.0
0.0
0.0
0.0
0.0
1.0799615489347123
-0.26196174921626114
0.0015879320339989545
-0.00010235993062623649
-0.057763254997454896
-0.009361782512806567
-4.374559233673568e-05
0.08031275220886881
0.031025257248117003
-0.021783461774592894
-0.0003864855359979243
0.06981239085694652
0.00220272394414385
0.00025260543725959337
-0.03936317623010237
1.174902413780186
-0.0006298526345465758
-0.012557416906659498
-0.6951528245832901
-0.001032635266286686
0.013353197636102022
1.3241942725002933
0.001343165402602763
-0.0007397284403801707
-1.0688863532325223
-0.0002649982846126459
1.3705254863824394
0.013185023233490025
-0.0002512108373765522
-1.2040321210923315
0.12050689459773282
0.0005792276310947453
-0.004427790470796817
0.2334706471407243
8.793986033222645e-05
0.2844513856478561
0.0
0.0
0.0
0.0
0.0
0.0
0.0
0.0
0.0
0.0
0.0
0.0
0.0
0.0
0.0
0.0
0.0
0.0
0.0
0.0
0.0
0.0
0.0
0.0
0.0
0.0
0.0
0.0
0.0
0.0
0.0
0.0
0.0
0.0
0.0
0.0
0.0
0.0
0.0
0.0
0.0
0.0
0.0
0.0
0.0
0.0
0.0
0.0
0.0
0.0
0.0
0.0
0.0
0.0
0.0
0.0
0.0
0.0
0.0
0.0
0.0
0.0
0.0
0.0
0.0
0.0
0.0
0.0
0.0
0.0
0.0
0.0
0.0
0.0
0.0
0.0
0.0
0.0
0.0
0.0
0.0
0.0
0.0
0.0
0.0
0.0
0.0
0.0
0.0
0.0
0.0
0.0
0.0
0.0
0.0
0.0
0.0
0.0
0.0
0.0
0.0
0.0
0.0
0.0
0.0
0.0
0.0
0.0
0.0
0.0
0.0
0.0
0.0
0.0
0.0
0.0
0.0
0.0
0.0
0.0
0.0
0.0
0.0
0.0
0.0
0.0
0.0
0.0
0.0
0.0
0.0
0.0
0.0
0.0
0.0
1.0767558055774322
-0.22705694959388178
-0.09446408654009011
-0.013017324901604854
-0.006847790110388555
0.09980533868914816
0.015881993035007206
0.012127599094113567
0.02675274566371256
0.036947442543754996
0.01000938911782534
0.01400442117263327
-0.024406451068883797
-0.004444435259857939
-0.003292172375653468
1.419801414731696
-0.030183158219129955
-0.000643013046933268
-1.1790972952397953
0.02658519307186229
0.006253882363430917
1.26689512006585
0.003327432969324322
0.026304807551360773
-0.8419126696636614
-0.004580310196898205
1.1973203640673828
0.0063016335522622785
-0.005210402286455818
-0.5731180549049908
0.2769712885009628
-0.017662892211386633
-0.0020436712581722097
0.157540609022381
0.002858900123794065
0.08801688453185214
0.0
0.0
0.0
0.0
0.0
0.0
0.0
0.0
0.0
0.0
0.0
0.0
0.0
0.0
0.0
0.0
0.0
0.0
0.0
0.0
0.0
0.0
0.0
0.0
0.0
0.0
0.0
0.0
0.0
0.0
0.0
0.0
0.0
0.0
0.0
0.0
0.0
0.0
0.0
0.0
0.0
0.0
0.0
0.0
0.0
0.0
0.0
0.0
0.0
0.0
0.0
0.0
0.0
0.0
0.0
0.0
0.0
0.0
0.0
0.0
0.0
0.0
0.0
0.0
0.0
0.0
0.0
0.0
0.0
0.0
0.0
0.0
0.0
0.0
0.0
0.0
0.0
0.0
0.0
0.0
0.0
0.0
0.0
0.0
0.0
0.0
0.0
0.0
0.0
0.0
0.0
0.0
0.0
0.0
0.0
0.0
0.0
0.0
0.0
0.0
0.0
0.0
0.0
0.0
0.0
0.0
0.0
0.0
0.0
0.0
0.0
0.0
0.0
0.0
0.0
0.0
0.0
0.0
0.0
0.0
0.0
0.0
0.0
0.0
0.0
0.0
0.0
0.0
0.0
0.0
0.0
0.0
0.0
0.0
0.0
1.085791094096229
-0.2774955902240057
-0.056509163705453364
-0.008007756878600725
0.0071343435893562596
0.07956701691648752
0.011348571305411444
-0.011824533378613646
0.029607419871464563
0.06861943446701951
0.009678168689020283
-0.015332209080716017
-0.03105436114938233
-0.007601137937759955
0.005200256108856455
1.429921352410921
-0.01311955665097319
0.01694926576407431
-1.3805844205654223
0.02493365691869001
-0.003002490241067418
1.2874424401476428
0.005341255667505483
0.02467998135384898
-1.0133248640457198
-0.003349896736726101
1.0557558152181592
-0.0020076601224752366
-0.0033450266125597166
-0.7271961244464701
0.34791541871408904
-0.023081175630958458
-0.0012518698096728748
0.21215638676351162
0.00023733788372226757
0.13856023960945374
0.0
0.0
0.0
0.0
0.0
0.0
0.0
0.0
0.0
0.0
0.0
0.0
0.0
0.0
0.0
0.0
0.0
0.0
0.0
0.0
0.0
0.0
0.0
0.0
0.0
0.0
0.0
0.0
0.0
0.0
0.0
0.0
0.0
0.0
0.0
0.0
0.0
0.0
0.0
0.0
0.0
0.0
0.0
0.0
0.0
0.0
0.0
0.0
0.0
0.0
0.0
0.0
0.0
0.0
0.0
0.0
0.0
0.0
0.0
0.0
0.0
0.0
0.0
0.0
0.0
0.0
0.0
0.0
0.0
0.0
0.0
0.0
0.0
0.0
0.0
0.0
0.0
0.0
0.0
0.0
0.0
0.0
0.0
0.0
0.0
0.0
0.0
0.0
0.0
0.0
0.0
0.0
0.0
0.0
0.0
0.0
0.0
0.0
0.0
0.0
0.0
0.0
0.0
0.0
0.0
0.0
0.0
0.0
0.0
0.0
0.0
0.0
0.0
0.0
0.0
0.0
0.0
0.0
0.0
0.0
0.0
0.0
0.0
0.0
0.0
0.0
0.0
0.0
0.0
0.0
0.0
0.0
0.0
0.0
0.0
1.0738139181164637
-0.2460828578679402
0.025848662499930827
0.022710249185795145
-0.003939836526633016
-0.03653194157788617
-0.0279576513853721
0.006750764794742666
0.025922345067466032
-0.03459800667265103
-0.01793028917049776
0.0082211128516016
0.02751384808259249
0.009172989150218762
-0.0030171064428863212
1.3622418299269445
0.024118810332906238
-0.0014457506601794927
-1.1657606149030584
-0.020673046572449505
0.002794363546405574
1.2716697853409409
-0.0010933856497339434
-0.020360355450924413
-0.9663946203913596
-0.0006985725142598149
1.145401854583684
0.0026518696040607336
-0.0015845656295273892
-0.6372139592609192
0.2666144868589258
0.016435272458950264
-0.0016456295171672437
0.20299069485847307
-0.003381777895089706
0.10521114075543037
0.0
0.0
0.0
0.0
0.0
0.0
0.0
0.0
0.0
0.0
0.0
0.0
0.0
0.0
0.0
0.0
0.0
0.0
0.0
0.0
0.0
0.0
0.0
0.0
0.0
0.0
0.0
0.0
0.0
0.0
0.0
0.0
0.0
0.0
0.0
0.0
0.0
0.0
0.0
0.0
0.0
0.0
0.0
0.0
0.0
0.0
0.0
0.0
0.0
0.0
0.0
0.0
0.0
0.0
0.0
0.0
0.0
0.0
0.0
0.0
0.0
0.0
0.0
0.0
0.0
0.0
0.0
0.0
0.0
0.0
0.0
0.0
0.0
0.0
0.0
0.0
0.0
0.0
0.0
0.0
0.0
0.0
0.0
0.0
0.0
0.0
0.0
0.0
0.0
0.0
0.0
0.0
0.0
0.0
0.0
0.0
0.0
0.0
0.0
0.0
0.0
0.0
0.0
0.0
0.0
0.0
0.0
0.0
0.0
0.0
0.0
0.0
0.0
0.0
0.0
0.0
0.0
0.0
0.0
0.0
0.0
0.0
0.0
0.0
0.0
0.0
0.0
0.0
0.0
0.0
0.0
0.0
0.0
0.0
0.0
1.0778527665224098
-0.23209786235378543
-0.10745060596296446
0.006655683349196036
0.004822374206664601
0.12044402756783537
-0.009853443949931252
-0.007597312267290112
0.02553860155806966
0.05859501435647971
-0.008241962313622944
-0.007686073384335393
-0.0411500654869108
0.005964754067082384
0.002715878964514013
1.4316141137297265
0.0035858519413694942
-0.0005776658886401719
-1.2186748310110445
-0.012636642266854483
-0.0002479484194857841
1.273361715743819
-0.0008367744346800014
-0.012511552212562279
-0.843052700025229
0.005499887122197924
1.1947833431517965
0.00012741162128284393
0.005871340741585313
-0.6024256901831029
0.2918533025736627
0.012286890482275284
-0.0005713408887287192
0.1555196488344059
-0.002289007329510237
0.09351714097862669
0.0
0.0
0.0
0.0
0.0
0.0
0.0
0.0
0.0
0.0
0.0
0.0
0.0
0.0
0.0
0.0
0.0
0.0
0.0
0.0
0.0
0.0
0.0
0.0
0.0
0.0
0.0
0.0
0.0
0.0
0.0
0.0
0.0
0.0
0.0
0.0
0.0
0.0
0.0
0.0
0.0
0.0
0.0
0.0
0.0
0.0
0.0
0.0
0.0
0.0
0.0
0.0
0.0
0.0
0.0
0.0
0.0
0.0
0.0
0.0
0.0
0.0
0.0
0.0
0.0
0.0
0.0
0.0
0.0
0.0
0.0
0.0
0.0
0.0
0.0
0.0
0.0
0.0
0.0
0.0
0.0
0.0
0.0
0.0
0.0
0.0
0.0
0.0
0.0
0.0
0.0
0.0
0.0
0.0
0.0
0.0
0.0
0.0
0.0
0.0
0.0
0.0
0.0
0.0
0.0
0.0
0.0
0.0
0.0
0.0
0.0
0.0
0.0
0.0
0.0
0.0
0.0
0.0
0.0
0.0
0.0
0.0
0.0
0.0
0.0
0.0
0.0
0.0
0.0
0.0
0.0
0.0
0.0
0.0
0.0
1.076651753753528
-0.25242106128273445
-0.011991394394498388
-0.012501865864150356
-0.0013808432193250886
0.01191432076089946
0.014151277142787435
0.0030774452076419642
0.027248888029895824
0.006962322891564726
0.006344063795248014
0.004929462939375511
-0.01384382320639633
-0.004861110122615616
-0.0010825403624837126
1.3539551097399485
0.00665619495690626
0.0025782447161129293
-1.199186036235167
-0.002866241270660568
-0.004501893247143842
1.279776895749345
0.005999046630502465
-0.002922290080962273
-0.9974001919380423
-0.00949391093879513
1.12355225934075
-0.004987701938931818
-0.010037921161747763
-0.6266490685864701
0.2804709899939995
0.004534927397704112
0.0027369652134598185
0.21050939738511107
0.005201524843795882
0.10713305621641654
0.0
0.0
0.0
0.0
0.0
0.0
0.0
0.0
0.0
0.0
0.0
0.0
0.0
0.0
0.0
0.0
0.0
0.0
0.0
0.0
0.0
0.0
0.0
0.0
0.0
0.0
0.0
0.0
0.0
0.0
0.0
0.0
0.0
0.0
0.0
0.0
0.0
0.0
0.0
0.0
0.0
0.0
0.0
0.0
0.0
0.0
0.0
0.0
0.0
0.0
0.0
0.0
0.0
0.0
0.0
0.0
0.0
0.0
0.0
0.0
0.0
0.0
0.0
0.0
0.0
0.0
0.0
0.0
0.0
0.0
0.0
0.0
0.0
0.0
0.0
0.0
0.0
0.0
0.0
0.0
0.0
0.0
0.0
0.0
0.0
0.0
0.0
0.0
0.0
0.0
0.0
0.0
0.0
0.0
0.0
0.0
0.0
0.0
0.0
0.0
0.0
0.0
0.0
0.0
0.0
0.0
0.0
0.0
0.0
0.0
0.0
0.0
0.0
0.0
0.0
0.0
0.0
0.0
0.0
0.0
0.0
0.0
0.0
0.0
0.0
0.0
0.0
0.0
0.0
0.0
0.0
0.0
0.0
0.0
0.0
1.0838140563327574
-0.27395884471819093
-0.03038645452618212
-0.024992720221359788
0.00268890111221151
0.030839642360089944
0.041442149085518507
-0.007015167555162925
0.027390865743439
0.013089312052025726
0.04695369538144048
-0.012059293215656004
-0.014672712273413381
-0.02419846412859335
0.0031635654957458195
1.379544137441632
-0.0023288759037062125
-0.007538037173017785
-1.2888969318221124
-0.0256827475378621
0.008808222055829722
1.315911912373073
0.00263624573668901
-0.02626889804467823
-1.082961940156375
0.0008064522204971863
1.1895516922273002
0.008902175280091268
0.0015248078020985143
-0.6799361177268516
0.3137981280380314
0.026430006315125733
-0.004805543720157915
0.2352922070486443
-0.002105309975688546
0.11898823832879965
0.0
0.0
0.0
0.0
0.0
0.0
0.0
0.0
0.0
0.0
0.0
0.0
0.0
0.0
0.0
0.0
0.0
0.0
0.0
0.0
0.0
0.0
0.0
0.0
0.0
0.0
0.0
0.0
0.0
0.0
0.0
0.0
0.0
0.0
0.0
0.0
0.0
0.0
0.0
0.0
0.0
0.0
0.0
0.0
0.0
0.0
0.0
0.0
0.0
0.0
0.0
0.0
0.0
0.0
0.0
0.0
0.0
0.0
0.0
0.0
0.0
0.0
0.0
0.0
0.0
0.0
0.0
0.0
0.0
0.0
0.0
0.0
0.0
0.0
0.0
0.0
0.0
0.0
0.0
0.0
0.0
0.0
0.0
0.0
0.0
0.0
0.0
0.0
0.0
0.0
0.0
0.0
0.0
0.0
0.0
0.0
0.0
0.0
0.0
0.0
0.0
0.0
0.0
0.0
0.0
0.0
0.0
0.0
0.0
0.0
0.0
0.0
0.0
0.0
0.0
0.0
0.0
0.0
0.0
0.0
0.0
0.0
0.0
0.0
0.0
0.0
0.0
0.0
0.0
0.0
0.0
0.0
0.0
0.0
0.0
1.0772878657367388
-0.25135925104222406
-0.05498763020498777
0.020891336007860008
-0.000653942377511498
0.0826910165453841
-0.023942483719338117
0.0022363148211012335
0.026682404026564244
0.08315746511087892
-0.01265083677038235
0.0039013687068308487
-0.046619808417735054
0.008264390893907441
-0.0011381900936324723
1.3670902468831785
-0.018122455985029248
0.004292709596548441
-1.1559744290726626
0.016877746123600455
-0.00046316222431228834
1.2848062728880099
-0.004253899042187567
0.016338869944948764
-1.0375202478406051
0.008923083691021868
1.1069819288486717
0.0003259841768350336
0.009540227545918087
-0.6339999709143589
0.26353016377798366
-0.015403458600127252
-0.00040432394232274663
0.22467435518727422
-0.0053617760888826325
0.11181185108806332
0.0
0.0
0.0
0.0
0.0
0.0
0.0
0.0
0.0
0.0
0.0
0.0
0.0
0.0
0.0
0.0
0.0
0.0
0.0
0.0
0.0
0.0
0.0
0.0
0.0
0.0
0.0
0.0
0.0
0.0
0.0
0.0
0.0
0.0
0.0
0.0
0.0
0.0
0.0
0.0
0.0
0.0
0.0
0.0
0.0
0.0
0.0
0.0
0.0
0.0
0.0
0.0
0.0
0.0
0.0
0.0
0.0
0.0
0.0
0.0
0.0
0.0
0.0
0.0
0.0
0.0
0.0
0.0
0.0
0.0
0.0
0.0
0.0
0.0
0.0
0.0
0.0
0.0
0.0
0.0
0.0
0.0
0.0
0.0
0.0
0.0
0.0
0.0
0.0
0.0
0.0
0.0
0.0
0.0
0.0
0.0
0.0
0.0
0.0
0.0
0.0
0.0
0.0
0.0
0.0
0.0
0.0
0.0
0.0
0.0
0.0
0.0
0.0
0.0
0.0
0.0
0.0
0.0
0.0
0.0
0.0
0.0
0.0
0.0
0.0
0.0
0.0
0.0
0.0
0.0
0.0
0.0
0.0
0.0
0.0
1.08010662370713
-0.26650513143666815
-0.014533004548054942
0.03450454029444614
0.0013452993433646517
0.009677284611726282
-0.052554348277769156
-0.004476597355136128
0.02586487767352522
-0.004048477653843377
-0.05217647972006113
-0.008505790143232769
-0.0035773684850676623
0.02700148396491666
0.002624343943427226
1.357822271169392
-0.01644656866540943
-0.009911963898144643
-1.2674125450224052
0.03751921991320574
0.0018837476928363326
1.2998396712311042
-0.00016553276433425206
0.035975118782425826
-1.0294486193354713
0.0015126745781936883
1.1711655835203392
-0.0015671461354319495
0.00223550226036886
-0.6754516089839868
0.30663692362135375
-0.03163633248073465
0.0006527185200575129
0.2168189372786528
8.89652964430127e-05
0.11486362078030621
0.0
0.0
0.0
0.0
0.0
0.0
0.0
0.0
0.0
0.0
0.0
0.0
0.0
0.0
0.0
0.0
0.0
0.0
0.0
0.0
0.0
0.0
0.0
0.0
0.0
0.0
0.0
0.0
0.0
0.0
0.0
0.0
0.0
0.0
0.0
0.0
0.0
0.0
0.0
0.0
0.0
0.0
0.0
0.0
0.0
0.0
0.0
0.0
0.0
0.0
0.0
0.0
0.0
0.0
0.0
0.0
0.0
0.0
0.0
0.0
0.0
0.0
0.0
0.0
0.0
0.0
0.0
0.0
0.0
0.0
0.0
0.0
0.0
0.0
0.0
0.0
0.0
0.0
0.0
0.0
0.0
0.0
0.0
0.0
0.0
0.0
0.0
0.0
0.0
0.0
0.0
0.0
0.0
0.0
0.0
0.0
0.0
0.0
0.0
0.0
0.0
0.0
0.0
0.0
0.0
0.0
0.0
0.0
0.0
0.0
0.0
0.0
0.0
0.0
0.0
0.0
0.0
0.0
0.0
0.0
0.0
0.0
0.0
0.0
0.0
0.0
0.0
0.0
0.0
0.0
0.0
0.0
0.0
0.0
0.0
1.0803894294748
-0.25412995857055554
-0.007838162769269262
-0.02658996144604317
-0.01467058101769515
0.012075420008354265
0.025745153565596132
0.026752776537928815
0.029207409143197725
0.013372328580506278
0.004016994165476802
0.03127889672529255
-0.004667670146368114
-0.007951918246621517
-0.013150070082711558
1.1059344950012662
0.015255495148846476
-0.053924062475769356
-0.6491822512534771
-0.021792740510321592
0.037758430797087954
1.2944095971120286
-0.05684439488294959
-0.02131674295869243
-0.9572335509179568
0.052446950853438486
1.3974791979874108
0.0389918643446699
0.0525609542568289
-1.2450678715247805
0.11693712503073175
0.013469640589881704
-0.02165712478312757
0.1961989264042653
-0.03824520800422546
0.3014783841634021
0.0
0.0
0.0
0.0
0.0
0.0
0.0
0.0
0.0
0.0
0.0
0.0
0.0
0.0
0.0
0.0
0.0
0.0
0.0
0.0
0.0
0.0
0.0
0.0
0.0
0.0
0.0
0.0
0.0
0.0
0.0
0.0
0.0
0.0
0.0
0.0
0.0
0.0
0.0
0.0
0.0
0.0
0.0
0.0
0.0
0.0
0.0
0.0
0.0
0.0
0.0
0.0
0.0
0.0
0.0
0.0
0.0
0.0
0.0
0.0
0.0
0.0
0.0
0.0
0.0
0.0
0.0
0.0
0.0
0.0
0.0
0.0
0.0
0.0
0.0
0.0
0.0
0.0
0.0
0.0
0.0
0.0
0.0
0.0
0.0
0.0
0.0
0.0
0.0
0.0
0.0
0.0
0.0
0.0
0.0
0.0
0.0
0.0
0.0
0.0
0.0
0.0
0.0
0.0
0.0
0.0
0.0
0.0
0.0
0.0
0.0
0.0
0.0
0.0
0.0
0.0
0.0
0.0
0.0
0.0
0.0
0.0
0.0
0.0
0.0
0.0
0.0
0.0
0.0
0.0
0.0
0.0
0.0
0.0
0.0
1.0763872281260987
-0.2457881987058319
0.0075143837432573675
-0.04053118485186436
0.058531534823024936
-0.015094721149580239
0.053487956080315216
-0.0774613332237336
0.026876935116454514
-0.022192546541175882
0.03969419029646201
-0.06208123197143324
0.004640732753225476
-0.024997096879518312
0.040456721993120365
1.1515378882950642
0.0026953853015677202
0.004765318515897307
-0.6183346379321912
-0.0050025667012635125
-0.014530639312165253
1.3215755920987813
-0.03390391164115161
-0.004913229150272565
-1.025905540052928
0.04989938434794225
1.3652763790595535
-0.012744365038612152
0.049682487125824605
-1.1194155723140269
0.1081363972803969
-0.00010840564086236988
0.007725724487131169
0.21837420434346458
-0.040596277304295665
0.25066860846119576
0.0
0.0
0.0
0.0
0.0
0.0
0.0
0.0
0.0
0.0
0.0
0.0
0.0
0.0
0.0
0.0
0.0
0.0
0.0
0.0
0.0
0.0
0.0
0.0
0.0
0.0
0.0
0.0
0.0
0.0
0.0
0.0
0.0
0.0
0.0
0.0
0.0
0.0
0.0
0.0
0.0
0.0
0.0
0.0
0.0
0.0
0.0
0.0
0.0
0.0
0.0
0.0
0.0
0.0
0.0
0.0
0.0
0.0
0.0
0.0
0.0
0.0
0.0
0.0
0.0
0.0
0.0
0.0
0.0
0.0
0.0
0.0
0.0
0.0
0.0
0.0
0.0
0.0
0.0
0.0
0.0
0.0
0.0
0.0
0.0
0.0
0.0
0.0
0.0
0.0
0.0
0.0
0.0
0.0
0.0
0.0
0.0
0.0
0.0
0.0
0.0
0.0
0.0
0.0
0.0
0.0
0.0
0.0
0.0
0.0
0.0
0.0
0.0
0.0
0.0
0.0
0.0
0.0
0.0
0.0
0.0
0.0
0.0
0.0
0.0
0.0
0.0
0.0
0.0
0.0
0.0
0.0
0.0
0.0
0.0
1.0779348742596166
-0.2425510411857081
-0.026008160574009412
0.03404396665050252
0.034006300070369797
0.03659834771651187
-0.029916595697633427
-0.03278780692368979
0.028654730174803578
0.03058527265196973
0.004262250534714443
-0.007287723795532112
-0.011664896962911314
0.009965956667938949
0.014631366104041178
1.1964831521115373
-0.029257779605749986
-0.025935710750247185
-0.6130795093512669
0.023508761769773935
0.03662519166746721
1.325212043311319
0.0674880261971048
0.022605088377015855
-0.9844601255768817
-0.07691622728569841
1.365352341360462
0.03406453715570636
-0.07576328616925995
-1.1367319396994748
0.10344975668771769
-0.015444263662440377
-0.021853748606169267
0.2023711369120327
0.05803954238363346
0.26197395423719555
0.0
0.0
0.0
0.0
0.0
0.0
0.0
0.0
0.0
0.0
0.0
0.0
0.0
0.0
0.0
0.0
0.0
0.0
0.0
0.0
0.0
0.0
0.0
0.0
0.0
0.0
0.0
0.0
0.0
0.0
0.0
0.0
0.0
0.0
0.0
0.0
0.0
0.0
0.0
0.0
0.0
0.0
0.0
0.0
0.0
0.0
0.0
0.0
0.0
0.0
0.0
0.0
0.0
0.0
0.0
0.0
0.0
0.0
0.0
0.0
0.0
0.0
0.0
0.0
0.0
0.0
0.0
0.0
0.0
0.0
0.0
0.0
0.0
0.0
0.0
0.0
0.0
0.0
0.0
0.0
0.0
0.0
0.0
0.0
0.0
0.0
0.0
0.0
0.0
0.0
0.0
0.0
0.0
0.0
0.0
0.0
0.0
0.0
0.0
0.0
0.0
0.0
0.0
0.0
0.0
0.0
0.0
0.0
0.0
0.0
0.0
0.0
0.0
0.0
0.0
0.0
0.0
0.0
0.0
0.0
0.0
0.0
0.0
0.0
0.0
0.0
0.0
0.0
0.0
0.0
0.0
0.0
0.0
0.0
0.0
1.078921507092321
-0.2553834636091652
0.006672033164015498
0.029939208389990635
0.0016721095878613715
-0.01084457612836393
-0.042834109539147465
-0.000614467180666709
0.027772494470516877
-0.011876532204744304
-0.037835785374225175
-0.0002626009960456601
0.006132883929739068
0.02098831926815606
0.0054092011441386634
1.1709573401321658
0.003488609457664168
-0.010226562718800594
-0.6579154695890992
0.005576501327746689
0.00722764261231367
1.305332847670701
0.025939790648567107
0.004911577534264681
-1.0051194025869876
-0.04098370590277773
1.3814856309350287
0.008494896984128617
-0.04071680006008338
-1.2016134036106414
0.11043533779890785
-0.002741614747884785
-0.005696851525110457
0.20744965481327662
0.031928534835180725
0.2823978306348196
0.0
0.0
0.0
0.0
0.0
0.0
0.0
0.0
0.0
0.0
0.0
0.0
0.0
0.0
0.0
0.0
0.0
0.0
0.0
0.0
0.0
0.0
0.0
0.0
0.0
0.0
0.0
0.0
0.0
0.0
0.0
0.0
0.0
0.0
0.0
0.0
0.0
0.0
0.0
0.0
0.0
0.0
0.0
0.0
0.0
0.0
0.0
0.0
0.0
0.0
0.0
0.0
0.0
0.0
0.0
0.0
0.0
0.0
0.0
0.0
0.0
0.0
0.0
0.0
0.0
0.0
0.0
0.0
0.0
0.0
0.0
0.0
0.0
0.0
0.0
0.0
0.0
0.0
0.0
0.0
0.0
0.0
0.0
0.0
0.0
0.0
0.0
0.0
0.0
0.0
0.0
0.0
0.0
0.0
0.0
0.0
0.0
0.0
0.0
0.0
0.0
0.0
0.0
0.0
0.0
0.0
0.0
0.0
0.0
0.0
0.0
0.0
0.0
0.0
0.0
0.0
0.0
0.0
0.0
0.0
0.0
0.0
0.0
0.0
0.0
0.0
0.0
0.0
0.0
0.0
0.0
0.0
0.0
0.0
0.0
1.077517619468772
-0.2342311240448272
-0.02375941007155135
-0.07754830379207373
-0.09049120555829915
0.03318162372245302
0.08789618912822403
0.11233853447127826
0.027973093213318048
0.027495326803433362
0.040990197404746916
0.07483141597571726
-0.011916201895789052
-0.038013436786772416
-0.052516963979973526
1.1934750834775336
0.02866080521949608
0.028910108462540652
-0.6028308365673026
-0.029124079818246905
-0.03416792580608735
1.3415004047443113
0.09555528486510051
-0.027499264176012107
-1.0076030583697082
-0.09872278258561976
1.3621031659438816
-0.03257577626438439
-0.09904594239642492
-1.0691005490445948
0.10327272217201736
0.020671956955443764
0.020196447360426438
0.21618794214360554
0.07863175235696158
0.2387671213814721
0.0
0.0
0.0
0.0
0.0
0.0
0.0
0.0
0.0
0.0
0.0
0.0
0.0
0.0
0.0
0.0
0.0
0.0
0.0
0.0
0.0
0.0
0.0
0.0
0.0
0.0
0.0
0.0
0.0
0.0
0.0
0.0
0.0
0.0
0.0
0.0
0.0
0.0
0.0
0.0
0.0
0.0
0.0
0.0
0.0
0.0
0.0
0.0
0.0
0.0
0.0
0.0
0.0
0.0
0.0
0.0
0.0
0.0
0.0
0.0
0.0
0.0
0.0
0.0
0.0
0.0
0.0
0.0
0.0
0.0
0.0
0.0
0.0
0.0
0.0
0.0
0.0
0.0
0.0
0.0
0.0
0.0
0.0
0.0
0.0
0.0
0.0
0.0
0.0
0.0
0.0
0.0
0.0
0.0
0.0
0.0
0.0
0.0
0.0
0.0
0.0
0.0
0.0
0.0
0.0
0.0
0.0
0.0
0.0
0.0
0.0
0.0
0.0
0.0
0.0
0.0
0.0
0.0
0.0
0.0
0.0
0.0
0.0
0.0
0.0
0.0
0.0
0.0
0.0
0.0
0.0
0.0
0.0
0.0
0.0
1.0757206196804807
-0.2471266525827861
0.010629654542140574
-0.018408486965738328
0.007860286221418336
-0.015030302151802658
0.025774901613160713
-0.010281092283849583
0.028131065067311133
-0.01456238923168621
0.021562097880652113
-0.005913471715787648
0.005812766302611956
-0.012166919554060244
0.002297485279371126
1.0839595166203444
0.012805995097126708
0.022679043110935545
-0.6277758074820797
-0.005628758635821397
0.001115298759476636
1.2760409715570515
0.035153667001839584
-0.006195801096134882
-0.9436638671414384
-0.0501054726369541
1.3737489583287759
-0.0020978576972003784
-0.05000603274077339
-1.196561780177242
0.11020814997175624
0.0003523562832786065
0.0009438809909720914
0.19134775115589095
0.03756606489108735
0.28328910451524913
0.0
0.0
0.0
0.0
0.0
0.0
0.0
0.0
0.0
0.0
0.0
0.0
0.0
0.0
0.0
0.0
0.0
0.0
0.0
0.0
0.0
0.0
0.0
0.0
0.0
0.0
0.0
0.0
0.0
0.0
0.0
0.0
0.0
0.0
0.0
0.0
0.0
0.0
0.0
0.0
0.0
0.0
0.0
0.0
0.0
0.0
0.0
0.0
0.0
0.0
0.0
0.0
0.0
0.0
0.0
0.0
0.0
0.0
0.0
0.0
0.0
0.0
0.0
0.0
0.0
0.0
0.0
0.0
0.0
0.0
0.0
0.0
0.0
0.0
0.0
0.0
0.0
0.0
0.0
0.0
0.0
0.0
0.0
0.0
0.0
0.0
0.0
0.0
0.0
0.0
0.0
0.0
0.0
0.0
0.0
0.0
0.0
0.0
0.0
0.0
0.0
0.0
0.0
0.0
0.0
0.0
0.0
0.0
0.0
0.0
0.0
0.0
0.0
0.0
0.0
0.0
0.0
0.0
0.0
0.0
0.0
0.0
0.0
0.0
0.0
0.0
0.0
0.0
0.0
0.0
0.0
0.0
0.0
0.0
0.0
1.076608267222942
-0.2407604766743051
-0.0131709360646643
0.038551652498326344
-0.025698511873514684
0.01969959307327125
-0.04180950671638457
0.02493864679089689
0.027358956053948474
0.019104455358030993
-0.016541391695635874
0.006985604381124727
-0.006124931143048078
0.01640819736045211
-0.011505742594897218
1.1874764535619824
-0.01305941911896736
0.030427712450404452
-0.6104365134266978
0.026498745905270592
-0.036713694345609824
1.3151818193618159
-0.05378712658350274
0.025054920609374524
-0.9744780059778939
0.058161471836583684
1.3633772154570245
-0.035699872298247025
0.05754785315164751
-1.1294433666981458
0.10149924286216042
-0.01680678608046149
0.022119622641686716
0.19787543009579953
-0.04244934947460526
0.25813966744181427
0.0
0.0
0.0
0.0
0.0
0.0
0.0
0.0
0.0
0.0
0.0
0.0
0.0
0.0
0.0
0.0
0.0
0.0
0.0
0.0
0.0
0.0
0.0
0.0
0.0
0.0
0.0
0.0
0.0
0.0
0.0
0.0
0.0
0.0
0.0
0.0
0.0
0.0
0.0
0.0
0.0
0.0
0.0
0.0
0.0
0.0
0.0
0.0
0.0
0.0
0.0
0.0
0.0
0.0
0.0
0.0
0.0
0.0
0.0
0.0
0.0
0.0
0.0
0.0
0.0
0.0
0.0
0.0
0.0
0.0
0.0
0.0
0.0
0.0
0.0
0.0
0.0
0.0
0.0
0.0
0.0
0.0
0.0
0.0
0.0
0.0
0.0
0.0
0.0
0.0
0.0
0.0
0.0
0.0
0.0
0.0
0.0
0.0
0.0
0.0
0.0
0.0
0.0
0.0
0.0
0.0
0.0
0.0
0.0
0.0
0.0
0.0
0.0
0.0
0.0
0.0
0.0
0.0
0.0
0.0
0.0
0.0
0.0
0.0
0.0
0.0
0.0
0.0
0.0
0.0
0.0
0.0
0.0
0.0
0.0
1.0827474167686386
-0.26490551236351345
0.006433137117099945
0.03294403321574528
-0.015617726214149688
-0.012395902480461924
-0.041233746943016875
0.015530795776324128
0.029468196150928466
-0.016776483873795076
-0.02665140185090631
0.006337524608552077
0.0066853211777833975
0.017953514056693744
-0.011160981127816601
1.1793258831586806
-0.006657522046878304
-0.0015944313659770702
-0.6857175806240281
0.006699787231841539
-0.008196834526975817
1.3385986964616456
-0.0473842316370425
0.00685741730232557
-1.0599443472496686
0.06378145724637466
1.39605338865674
-0.006944599960139121
0.06351679755541936
-1.2238483457958398
0.11848976394057655
-0.001917313203734099
0.005667818749331003
0.22593716894533716
-0.0503946208231147
0.290808874856885
0.0
0.0
0.0
0.0
0.0
0.0
0.0
0.0
0.0
0.0
0.0
0.0
0.0
0.0
0.0
0.0
0.0
0.0
0.0
0.0
0.0
0.0
0.0
0.0
0.0
0.0
0.0
0.0
0.0
0.0
0.0
0.0
0.0
0.0
0.0
0.0
0.0
0.0
0.0
0.0
0.0
0.0
0.0
0.0
0.0
0.0
0.0
0.0
0.0
0.0
0.0
0.0
0.0
0.0
0.0
0.0
0.0
0.0
0.0
0.0
0.0
0.0
0.0
0.0
0.0
0.0
0.0
0.0
0.0
0.0
0.0
0.0
0.0
0.0
0.0
0.0
0.0
0.0
0.0
0.0
0.0
0.0
0.0
0.0
0.0
0.0
0.0
0.0
0.0
0.0
0.0
0.0
0.0
0.0
0.0
0.0
0.0
0.0
0.0
0.0
0.0
0.0
0.0
0.0
0.0
0.0
0.0
0.0
0.0
0.0
0.0
0.0
0.0
0.0
0.0
0.0
0.0
0.0
0.0
0.0
0.0
0.0
0.0
0.0
0.0
0.0
0.0
0.0
0.0
0.0
0.0
0.0
0.0
0.0
0.0
1.0725541685727125
-0.20189256129322064
0.14261030129058433
-0.08012152880046948
-0.0062621692573455266
-0.19652674580494803
0.09518144854705829
0.0095261773423422
0.02727557784717781
-0.16639564320876343
0.052975042607838446
0.008838607696306157
0.08343973943965194
-0.04333107649608102
-0.002109438825241958
1.2081548268572608
-0.017362869839928873
-0.004095516166526953
-0.7030160763587199
0.02095446990952388
0.003198492426609938
1.3976921529008983
0.0050590436657093705
0.020472771518637696
-1.1492985135103482
-0.0033140370469082075
1.152293593003659
0.003132311931225359
-0.0035233870191294057
-0.5255222217680843
0.13828679416453615
-0.028733254913095523
-0.001618826450682676
0.2680555105400556
0.0030145131875969873
0.08801947072933572
0.0
0.0
0.0
0.0
0.0
0.0
0.0
0.0
0.0
0.0
0.0
0.0
0.0
0.0
0.0
0.0
0.0
0.0
0.0
0.0
0.0
0.0
0.0
0.0
0.0
0.0
0.0
0.0
0.0
0.0
0.0
0.0
0.0
0.0
0.0
0.0
0.0
0.0
0.0
0.0
0.0
0.0
0.0
0.0
0.0
0.0
0.0
0.0
0.0
0.0
0.0
0.0
0.0
0.0
0.0
0.0
0.0
0.0
0.0
0.0
0.0
0.0
0.0
0.0
0.0
0.0
0.0
0.0
0.0
0.0
0.0
0.0
0.0
0.0
0.0
0.0
0.0
0.0
0.0
0.0
0.0
0.0
0.0
0.0
0.0
0.0
0.0
0.0
0.0
0.0
0.0
0.0
0.0
0.0
0.0
0.0
0.0
0.0
0.0
0.0
0.0
0.0
0.0
0.0
0.0
0.0
0.0
0.0
0.0
0.0
0.0
0.0
0.0
0.0
0.0
0.0
0.0
0.0
0.0
0.0
0.0
0.0
0.0
0.0
0.0
0.0
0.0
0.0
0.0
0.0
0.0
0.0
0.0
0.0
0.0
1.070281134484695
-0.2055788196738002
0.1688018027837509
-0.04182508981693109
-0.0043482126727079256
-0.2279582854560091
0.06622247015168656
-0.0020734221384086
0.02757238854778599
-0.19781836935057895
0.07246433861313104
0.0020504926211217427
0.10323645870604162
-0.03822189465769345
-0.0033191214353517247
1.1451995016488543
-0.042582459453444174
0.14786156286809676
-0.7496134456457623
0.09250156126876272
0.013381401648424412
1.3271565461198898
0.007886449490093022
0.09558729109753784
-1.0757182671651564
0.0029282132851629586
0.9452258799862756
0.020670163663477677
-0.00158047028030419
-0.5743275620390469
0.15977061391016045
-0.060275432127801176
-0.015633893632475054
0.2383440306813197
0.0022291043302031413
0.10453595442335614
0.0
0.0
0.0
0.0
0.0
0.0
0.0
0.0
0.0
0.0
0.0
0.0
0.0
0.0
0.0
0.0
0.0
0.0
0.0
0.0
0.0
0.0
0.0
0.0
0.0
0.0
0.0
0.0
0.0
0.0
0.0
0.0
0.0
0.0
0.0
0.0
0.0
0.0
0.0
0.0
0.0
0.0
0.0
0.0
0.0
0.0
0.0
0.0
0.0
0.0
0.0
0.0
0.0
0.0
0.0
0.0
0.0
0.0
0.0
0.0
0.0
0.0
0.0
0.0
0.0
0.0
0.0
0.0
0.0
0.0
0.0
0.0
0.0
0.0
0.0
0.0
0.0
0.0
0.0
0.0
0.0
0.0
0.0
0.0
0.0
0.0
0.0
0.0
0.0
0.0
0.0
0.0
0.0
0.0
0.0
0.0
0.0
0.0
0.0
0.0
0.0
0.0
0.0
0.0
0.0
0.0
0.0
0.0
0.0
0.0
0.0
0.0
0.0
0.0
0.0
0.0
0.0
0.0
0.0
0.0
0.0
0.0
0.0
0.0
0.0
0.0
0.0
0.0
0.0
0.0
0.0
0.0
0.0
0.0
0.0
1.0693345771111162
-0.18756081031924884
0.20858958542273154
0.10724036931087419
0.01626528526707861
-0.28823191945051363
-0.13149340131439397
-0.02340993767191586
0.028901091243295072
-0.24944375047705292
-0.08343419283585116
-0.021253462095612834
0.12815563295560914
0.05893605265946045
0.008708170219764319
1.2635502612891552
0.11545150498254296
0.023245413338427848
-0.8675460372844848
-0.10525914160245384
-0.026414453361794876
1.2928863269159414
0.009287516164879547
-0.10294147418243743
-0.9703820052632492
-0.009283143471341643
1.1364987786891017
-0.025978144693395922
-0.010129591760933237
-0.5389511040273745
0.19492444482910465
0.09529402768562215
0.016154855230709794
0.21152222012926641
0.009625829274752246
0.08156621038514551
0.0
0.0
0.0
0.0
0.0
0.0
0.0
0.0
0.0
0.0
0.0
0.0
0.0
0.0
0.0
0.0
0.0
0.0
0.0
0.0
0.0
0.0
0.0
0.0
0.0
0.0
0.0
0.0
0.0
0.0
0.0
0.0
0.0
0.0
0.0
0.0
0.0
0.0
0.0
0.0
0.0
0.0
0.0
0.0
0.0
0.0
0.0
0.0
0.0
0.0
0.0
0.0
0.0
0.0
0.0
0.0
0.0
0.0
0.0
0.0
0.0
0.0
0.0
0.0
0.0
0.0
0.0
0.0
0.0
0.0
0.0
0.0
0.0
0.0
0.0
0.0
0.0
0.0
0.0
0.0
0.0
0.0
0.0
0.0
0.0
0.0
0.0
0.0
0.0
0.0
0.0
0.0
0.0
0.0
0.0
0.0
0.0
0.0
0.0
0.0
0.0
0.0
0.0
0.0
0.0
0.0
0.0
0.0
0.0
0.0
0.0
0.0
0.0
0.0
0.0
0.0
0.0
0.0
0.0
0.0
0.0
0.0
0.0
0.0
0.0
0.0
0.0
0.0
0.0
0.0
0.0
0.0
0.0
0.0
0.0
1.0679725383828034
-0.18543682272645703
0.19771603256978681
-0.06977904271648445
-0.013687599812905495
-0.2696206358529339
0.07706159787479797
0.021916287497486593
0.028150293142974007
-0.2282817978254003
0.02863186617612688
0.01897251426886748
0.11779749457103218
-0.02562402038803957
-0.007932919580101578
1.250808988764526
-0.09488719492143399
-0.03362791080754968
-0.816760298931261
0.05571078548430408
0.01413741478165936
1.3067244457481126
0.010081350874586514
0.05321188701078662
-0.9560367681304733
-0.007130547533795074
1.1518913237610104
0.01574597639532946
-0.008492955652602942
-0.48121692756266576
0.17255058160177467
-0.05191876717137166
-0.015267762801052954
0.20284915721447644
0.00662755557390408
0.07400985948378724
0.0
0.0
0.0
0.0
0.0
0.0
0.0
0.0
0.0
0.0
0.0
0.0
0.0
0.0
0.0
0.0
0.0
0.0
0.0
0.0
0.0
0.0
0.0
0.0
0.0
0.0
0.0
0.0
0.0
0.0
0.0
0.0
0.0
0.0
0.0
0.0
0.0
0.0
0.0
0.0
0.0
0.0
0.0
0.0
0.0
0.0
0.0
0.0
0.0
0.0
0.0
0.0
0.0
0.0
0.0
0.0
0.0
0.0
0.0
0.0
0.0
0.0
0.0
0.0
0.0
0.0
0.0
0.0
0.0
0.0
0.0
0.0
0.0
0.0
0.0
0.0
0.0
0.0
0.0
0.0
0.0
0.0
0.0
0.0
0.0
0.0
0.0
0.0
0.0
0.0
0.0
0.0
0.0
0.0
0.0
0.0
0.0
0.0
0.0
0.0
0.0
0.0
0.0
0.0
0.0
0.0
0.0
0.0
0.0
0.0
0.0
0.0
0.0
0.0
0.0
0.0
0.0
0.0
0.0
0.0
0.0
0.0
0.0
0.0
0.0
0.0
0.0
0.0
0.0
0.0
0.0
0.0
0.0
0.0
0.0
1.0750121177834413
-0.21324262657753854
0.15575010117177174
0.015607139717533018
0.007773843870773046
-0.19333601797134484
-0.02951959393996912
-0.01221957655996993
0.030399108269237952
-0.1294300421695743
-0.038500260322882285
-0.012258392709807442
0.07951327967701641
0.0128392215536682
0.0042443613096074286
1.4050240407700159
0.015138940643570721
0.01130199923296353
-1.177721316882403
-0.005286723415684108
-0.007743298231823552
1.2172068793739892
0.010911533782334065
-0.006516997535523166
-0.7456138726201289
-0.0027178749747595815
1.1727682517197189
-0.00755411457127516
-0.0035544165218822105
-0.6028807961284706
0.29452985400641934
0.007831006232032901
0.006552689851171942
0.13492654123302947
0.003464150423358856
0.09748832652095824
0.0
0.0
0.0
0.0
0.0
0.0
0.0
0.0
0.0
0.0
0.0
0.0
0.0
0.0
0.0
0.0
0.0
0.0
0.0
0.0
0.0
0.0
0.0
0.0
0.0
0.0
0.0
0.0
0.0
0.0
0.0
0.0
0.0
0.0
0.0
0.0
0.0
0.0
0.0
0.0
0.0
0.0
0.0
0.0
0.0
0.0
0.0
0.0
0.0
0.0
0.0
0.0
0.0
0.0
0.0
0.0
0.0
0.0
0.0
0.0
0.0
0.0
0.0
0.0
0.0
0.0
0.0
0.0
0.0
0.0
0.0
0.0
0.0
0.0
0.0
0.0
0.0
0.0
0.0
0.0
0.0
0.0
0.0
0.0
0.0
0.0
0.0
0.0
0.0
0.0
0.0
0.0
0.0
0.0
0.0
0.0
0.0
0.0
0.0
0.0
0.0
0.0
0.0
0.0
0.0
0.0
0.0
0.0
0.0
0.0
0.0
0.0
0.0
0.0
0.0
0.0
0.0
0.0
0.0
0.0
0.0
0.0
0.0
0.0
0.0
0.0
0.0
0.0
0.0
0.0
0.0
0.0
0.0
0.0
0.0
1.0614601280984193
-0.20075394526529497
-0.031757426619022325
0.014044359095459846
-0.001186097231279965
0.03776351263645533
0.002631205945539752
-0.0008469093194029694
0.02598586068181376
0.024981127682419026
0.04043311199710503
-0.004731414887998069
-0.02497750537690635
-0.010234970500632885
-3.9174516077070714e-05
1.2565823301539898
-0.06387373504331934
0.0006760647396474462
-0.9371898520931403
0.007309379688116649
-0.008870972812969058
1.2292411922102957
0.008462052733327846
0.003949494100899574
-0.8535657056390898
0.0028376722133943363
1.1558254253936906
-0.010780777589216355
0.0028458926303400597
-0.5067099512915251
0.20231066766456468
-0.0004199487939156234
0.0031564301036340683
0.16307342530297136
-0.002175716632151959
0.07564241291999028
0.0
0.0
0.0
0.0
0.0
0.0
0.0
0.0
0.0
0.0
0.0
0.0
0.0
0.0
0.0
0.0
0.0
0.0
0.0
0.0
0.0
0.0
0.0
0.0
0.0
0.0
0.0
0.0
0.0
0.0
0.0
0.0
0.0
0.0
0.0
0.0
0.0
0.0
0.0
0.0
0.0
0.0
0.0
0.0
0.0
0.0
0.0
0.0
0.0
0.0
0.0
0.0
0.0
0.0
0.0
0.0
0.0
0.0
0.0
0.0
0.0
0.0
0.0
0.0
0.0
0.0
0.0
0.0
0.0
0.0
0.0
0.0
0.0
0.0
0.0
0.0
0.0
0.0
0.0
0.0
0.0
0.0
0.0
0.0
0.0
0.0
0.0
0.0
0.0
0.0
0.0
0.0
0.0
0.0
0.0
0.0
0.0
0.0
0.0
0.0
0.0
0.0
0.0
0.0
0.0
0.0
0.0
0.0
0.0
0.0
0.0
0.0
0.0
0.0
0.0
0.0
0.0
0.0
0.0
0.0
0.0
0.0
0.0
0.0
0.0
0.0
0.0
0.0
0.0
0.0
0.0
0.0
0.0
0.0
0.0
1.069383969010563
-0.21225944913213884
-0.13557130175938942
0.04342070709741275
-0.0012303938980767967
0.17925191086921588
-0.04698235996303886
0.0024596377503884465
0.026169438207116674
0.1433716688128877
-0.01622843734886447
0.00281942030687571
-0.08209049917257041
0.016376591811333982
0.000670207353395563
1.3370440328035555
-0.0907006919723877
0.0013080765503603905
-1.033985402970048
0.08060653193594289
0.002786434886719517
1.2620964040592606
-0.0016641765741113048
0.07963368927544566
-0.901069291116634
-0.00010996474835347369
1.1612561630052916
0.0027117221315731267
-0.0007568252603645158
-0.5450909965909969
0.23159074923187176
-0.058363730036310596
-0.0010566061566905326
0.18288169392522186
0.0001837551498079726
0.08807279686068481
0.0
0.0
0.0
0.0
0.0
0.0
0.0
0.0
0.0
0.0
0.0
0.0
0.0
0.0
0.0
0.0
0.0
0.0
0.0
0.0
0.0
0.0
0.0
0.0
0.0
0.0
0.0
0.0
0.0
0.0
0.0
0.0
0.0
0.0
0.0
0.0
0.0
0.0
0.0
0.0
0.0
0.0
0.0
0.0
0.0
0.0
0.0
0.0
0.0
0.0
0.0
0.0
0.0
0.0
0.0
0.0
0.0
0.0
0.0
0.0
0.0
0.0
0.0
0.0
0.0
0.0
0.0
0.0
0.0
0.0
0.0
0.0
0.0
0.0
0.0
0.0
0.0
0.0
0.0
0.0
0.0
0.0
0.0
0.0
0.0
0.0
0.0
0.0
0.0
0.0
0.0
0.0
0.0
0.0
0.0
0.0
0.0
0.0
0.0
0.0
0.0
0.0
0.0
0.0
0.0
0.0
0.0
0.0
0.0
0.0
0.0
0.0
0.0
0.0
0.0
0.0
0.0
0.0
0.0
0.0
0.0
0.0
0.0
0.0
0.0
0.0
0.0
0.0
0.0
0.0
0.0
0.0
0.0
0.0
0.0
1.069745243240547
-0.20602270684568802
-0.12111874673302986
-0.07274018477167271
0.002801140137843887
0.15673140152695278
0.08079427131256886
-0.004394713387282765
0.027133541222050132
0.11790321116748156
0.034241769625206545
-0.003717678303261509
-0.07204118996457236
-0.02412821387435442
0.00027600681400862686
1.3342799090912334
0.11029531507095483
0.0022864281956633376
-1.0028887957932247
-0.09048068620545596
-0.004398095655819615
1.2805383670615065
0.004328748650208854
-0.08931148238849666
-0.8806590302613855
-0.0021698542953903625
1.1645544001297212
-0.004079059368556391
-0.0032613271641627967
-0.515194845617454
0.2229981956358973
0.06077022673493753
0.00015586206172232432
0.17753495025044622
0.002121942192076084
0.07684385537041752
0.0
0.0
0.0
0.0
0.0
0.0
0.0
0.0
0.0
0.0
0.0
0.0
0.0
0.0
0.0
0.0
0.0
0.0
0.0
0.0
0.0
0.0
0.0
0.0
0.0
0.0
0.0
0.0
0.0
0.0
0.0
0.0
0.0
0.0
0.0
0.0
0.0
0.0
0.0
0.0
0.0
0.0
0.0
0.0
0.0
0.0
0.0
0.0
0.0
0.0
0.0
0.0
0.0
0.0
0.0
0.0
0.0
0.0
0.0
0.0
0.0
0.0
0.0
0.0
0.0
0.0
0.0
0.0
0.0
0.0
0.0
0.0
0.0
0.0
0.0
0.0
0.0
0.0
0.0
0.0
0.0
0.0
0.0
0.0
0.0
0.0
0.0
0.0
0.0
0.0
0.0
0.0
0.0
0.0
0.0
0.0
0.0
0.0
0.0
0.0
0.0
0.0
0.0
0.0
0.0
0.0
0.0
0.0
0.0
0.0
0.0
0.0
0.0
0.0
0.0
0.0
0.0
0.0
0.0
0.0
0.0
0.0
0.0
0.0
0.0
0.0
0.0
0.0
0.0
0.0
0.0
0.0
0.0
0.0
0.0
1.078698136052588
-0.24546550597268058
0.04468686708580494
-0.003672534549895882
0.057177305191423076
-0.0602171993121564
-0.004987027254373367
-0.07436238007445062
0.025999383337110073
-0.048374681473617356
-0.021721581589784232
-0.05727655528460052
0.022946529610687716
0.008765554356477839
0.03401049873964251
1.1987877308486685
-0.008975410056325305
0.02968088551895877
-0.6766386116345532
0.002598175270649645
-0.04587931056184448
1.3547194865129306
-0.032953884106499305
0.0007961917603477868
-1.0353172658022087
-0.0013377779496822478
1.3662201816214723
-0.046523427579432036
-0.0008895399929706763
-1.0820045546511823
0.10963504013722015
-0.004035522970635591
0.02920886078673314
0.21623062411041533
-0.003681090689606501
0.23989157409439904
0.0
0.0
0.0
0.0
0.0
0.0
0.0
0.0
0.0
0.0
0.0
0.0
0.0
0.0
0.0
0.0
0.0
0.0
0.0
0.0
0.0
0.0
0.0
0.0
0.0
0.0
0.0
0.0
0.0
0.0
0.0
0.0
0.0
0.0
0.0
0.0
0.0
0.0
0.0
0.0
0.0
0.0
0.0
0.0
0.0
0.0
0.0
0.0
0.0
0.0
0.0
0.0
0.0
0.0
0.0
0.0
0.0
0.0
0.0
0.0
0.0
0.0
0.0
0.0
0.0
0.0
0.0
0.0
0.0
0.0
0.0
0.0
0.0
0.0
0.0
0.0
0.0
0.0
0.0
0.0
0.0
0.0
0.0
0.0
0.0
0.0
0.0
0.0
0.0
0.0
0.0
0.0
0.0
0.0
0.0
0.0
0.0
0.0
0.0
0.0
0.0
0.0
0.0
0.0
0.0
0.0
0.0
0.0
0.0
0.0
0.0
0.0
0.0
0.0
0.0
0.0
0.0
0.0
0.0
0.0
0.0
0.0
0.0
0.0
0.0
0.0
0.0
0.0
0.0
0.0
0.0
0.0
0.0
0.0
0.0
1.0757078093707848
-0.2463639549182204
0.031509323557211553
0.037524928998108345
-0.023378699820798758
-0.045636429499379405
-0.03163639216746594
0.023776637475450533
0.025996370622680516
-0.04317616356341491
0.003914259052808469
0.0077298307144752455
0.019434919185742375
0.00533595785772833
-0.003564662168671685
1.1650459729367681
0.001993544692656571
0.039134430211871005
-0.6825837409383482
0.00491064255623834
-0.04823646696495864
1.2740690287192509
0.05733758676067553
0.006207184895176573
-0.928397649331725
-0.011589088911324985
1.3897432572102026
-0.048639688333282194
-0.013513620814008462
-1.1895815083502206
0.1110809995431386
0.001084892747232061
0.032194551127704134
0.18938180943040045
0.006362018433474813
0.27749748506046784
0.0
0.0
0.0
0.0
0.0
0.0
0.0
0.0
0.0
0.0
0.0
0.0
0.0
0.0
0.0
0.0
0.0
0.0
0.0
0.0
0.0
0.0
0.0
0.0
0.0
0.0
0.0
0.0
0.0
0.0
0.0
0.0
0.0
0.0
0.0
0.0
0.0
0.0
0.0
0.0
0.0
0.0
0.0
0.0
0.0
0.0
0.0
0.0
0.0
0.0
0.0
0.0
0.0
0.0
0.0
0.0
0.0
0.0
0.0
0.0
0.0
0.0
0.0
0.0
0.0
0.0
0.0
0.0
0.0
0.0
0.0
0.0
0.0
0.0
0.0
0.0
0.0
0.0
0.0
0.0
0.0
0.0
0.0
0.0
0.0
0.0
0.0
0.0
0.0
0.0
0.0
0.0
0.0
0.0
0.0
0.0
0.0
0.0
0.0
0.0
0.0
0.0
0.0
0.0
0.0
0.0
0.0
0.0
0.0
0.0
0.0
0.0
0.0
0.0
0.0
0.0
0.0
0.0
0.0
0.0
0.0
0.0
0.0
0.0
0.0
0.0
0.0
0.0
0.0
0.0
0.0
0.0
0.0
0.0
0.0
1.0727256417913313
-0.23594473781210493
0.020107841574477932
0.0230870324039998
0.014142478726487235
-0.030746361376115985
-0.018694863087693848
-0.007827830117639338
0.0256678938000027
-0.03106557368057883
0.006183941089979655
0.009877532544168477
0.010430240125137108
0.0007127282597925153
0.0005756810979273104
1.170725331605921
0.011271575423877678
0.03724807614784226
-0.614875962854512
0.0005486497869755997
-0.03476040092774936
1.2982665863343321
0.023507287176850352
0.000742944501798677
-0.9146660453284507
-0.004459771066481814
1.344448848381924
-0.03540990479272675
-0.004271497593778326
-1.1337699252239695
0.10166293976993866
0.004776033134920849
0.019874273652110815
0.18158154308282703
0.0041450956062157596
0.2608445790561079
0.0
0.0
0.0
0.0
0.0
0.0
0.0
0.0
0.0
0.0
0.0
0.0
0.0
0.0
0.0
0.0
0.0
0.0
0.0
0.0
0.0
0.0
0.0
0.0
0.0
0.0
0.0
0.0
0.0
0.0
0.0
0.0
0.0
0.0
0.0
0.0
0.0
0.0
0.0
0.0
0.0
0.0
0.0
0.0
0.0
0.0
0.0
0.0
0.0
0.0
0.0
0.0
0.0
0.0
0.0
0.0
0.0
0.0
0.0
0.0
0.0
0.0
0.0
0.0
0.0
0.0
0.0
0.0
0.0
0.0
0.0
0.0
0.0
0.0
0.0
0.0
0.0
0.0
0.0
0.0
0.0
0.0
0.0
0.0
0.0
0.0
0.0
0.0
0.0
0.0
0.0
0.0
0.0
0.0
0.0
0.0
0.0
0.0
0.0
0.0
0.0
0.0
0.0
0.0
0.0
0.0
0.0
0.0
0.0
0.0
0.0
0.0
0.0
0.0
0.0
0.0
0.0
0.0
0.0
0.0
0.0
0.0
0.0
0.0
0.0
0.0
0.0
0.0
0.0
0.0
0.0
0.0
0.0
0.0
0.0
1.0804276721528552
-0.25281563604592416
0.049144117364799525
-0.06105012404662394
0.031102298414425873
-0.06979303620633046
0.06090924263505405
-0.04378503453272857
0.027928251173573324
-0.06189112274971841
0.01445565399548792
-0.03740481619314971
0.030372000025204092
-0.01667484539690526
0.023478337472308226
1.2066420174998895
-0.01894148506835035
0.07073181413255841
-0.7200857710271877
8.69954003614047e-05
-0.08856076987994069
1.3193302707085126
-0.07111949851774917
-0.002000245677474097
-1.0226600144124838
0.021530814651825582
1.3762163577136264
-0.08887062815434599
0.023475680559185606
-1.1460749504325074
0.1224781708277139
-0.0055598187994116924
0.0598993937962992
0.2150174205591797
-0.016175378424210102
0.26463677863281854
0.0
0.0
0.0
0.0
0.0
0.0
0.0
0.0
0.0
0.0
0.0
0.0
0.0
0.0
0.0
0.0
0.0
0.0
0.0
0.0
0.0
0.0
0.0
0.0
0.0
0.0
0.0
0.0
0.0
0.0
0.0
0.0
0.0
0.0
0.0
0.0
0.0
0.0
0.0
0.0
0.0
0.0
0.0
0.0
0.0
0.0
0.0
0.0
0.0
0.0
0.0
0.0
0.0
0.0
0.0
0.0
0.0
0.0
0.0
0.0
0.0
0.0
0.0
0.0
0.0
0.0
0.0
0.0
0.0
0.0
0.0
0.0
0.0
0.0
0.0
0.0
0.0
0.0
0.0
0.0
0.0
0.0
0.0
0.0
0.0
0.0
0.0
0.0
0.0
0.0
0.0
0.0
0.0
0.0
0.0
0.0
0.0
0.0
0.0
0.0
0.0
0.0
0.0
0.0
0.0
0.0
0.0
0.0
0.0
0.0
0.0
0.0
0.0
0.0
0.0
0.0
0.0
0.0
0.0
0.0
0.0
0.0
0.0
0.0
0.0
0.0
0.0
0.0
0.0
0.0
0.0
0.0
0.0
0.0
0.0
1.0738030318571945
-0.23770272429080722
0.022357387025762447
-0.01958834887631361
0.013463321109167276
-0.030985946508519126
0.014350608836637012
-0.015326825224544018
0.025022479338698417
-0.027321991018296066
-0.008161254539843796
-0.006118389607541215
0.010934573334643793
0.0005712349965612328
0.0032516818348329
1.1702066505294368
-0.004752500116086289
-0.03366474135515282
-0.6437928761379015
0.011999654208976009
0.043006429508110164
1.292954379479823
0.038120453902771405
0.010744004933139525
-0.8978501749346184
-0.011524723253936841
1.3838099912805855
0.043413580851687804
-0.011570010806312047
-1.152977742536272
0.10271542864605643
-0.00847724036034992
-0.025922623373686754
0.17862788774769703
0.007379636290968336
0.2636685967247451
0.0
0.0
0.0
0.0
0.0
0.0
0.0
0.0
0.0
0.0
0.0
0.0
0.0
0.0
0.0
0.0
0.0
0.0
0.0
0.0
0.0
0.0
0.0
0.0
0.0
0.0
0.0
0.0
0.0
0.0
0.0
0.0
0.0
0.0
0.0
0.0
0.0
0.0
0.0
0.0
0.0
0.0
0.0
0.0
0.0
0.0
0.0
0.0
0.0
0.0
0.0
0.0
0.0
0.0
0.0
0.0
0.0
0.0
0.0
0.0
0.0
0.0
0.0
0.0
0.0
0.0
0.0
0.0
0.0
0.0
0.0
0.0
0.0
0.0
0.0
0.0
0.0
0.0
0.0
0.0
0.0
0.0
0.0
0.0
0.0
0.0
0.0
0.0
0.0
0.0
0.0
0.0
0.0
0.0
0.0
0.0
0.0
0.0
0.0
0.0
0.0
0.0
0.0
0.0
0.0
0.0
0.0
0.0
0.0
0.0
0.0
0.0
0.0
0.0
0.0
0.0
0.0
0.0
0.0
0.0
0.0
0.0
0.0
0.0
0.0
0.0
0.0
0.0
0.0
0.0
0.0
0.0
0.0
0.0
0.0
1.0796640440924548
-0.2504844069654407
0.06354090474262084
0.06488951213158024
-0.03317488600290368
-0.09004559505780657
-0.06456465836771463
0.04746756493247324
0.02675291315851163
-0.08077606267853249
-0.015404114535186045
0.04164419768625044
0.03829128213382571
0.018105031612462227
-0.027453245106895056
1.2035632663509
0.020731181756759948
-0.03526398698241229
-0.7218754055649368
-0.008124454383632525
0.05164829577467804
1.319916848509447
-0.06414846703016118
-0.006168390801528282
-1.0297578010992203
0.021865301274057704
1.3744412552116914
0.05151608742418441
0.023231031005423373
-1.1191016382330856
0.12119144091197515
0.008793629930824338
-0.037919275776805185
0.21653214796885215
-0.01755575185242983
0.2513939107656395
0.0
0.0
0.0
0.0
0.0
0.0
0.0
0.0
0.0
0.0
0.0
0.0
0.0
0.0
0.0
0.0
0.0
0.0
0.0
0.0
0.0
0.0
0.0
0.0
0.0
0.0
0.0
0.0
0.0
0.0
0.0
0.0
0.0
0.0
0.0
0.0
0.0
0.0
0.0
0.0
0.0
0.0
0.0
0.0
0.0
0.0
0.0
0.0
0.0
0.0
0.0
0.0
0.0
0.0
0.0
0.0
0.0
0.0
0.0
0.0
0.0
0.0
0.0
0.0
0.0
0.0
0.0
0.0
0.0
0.0
0.0
0.0
0.0
0.0
0.0
0.0
0.0
0.0
0.0
0.0
0.0
0.0
0.0
0.0
0.0
0.0
0.0
0.0
0.0
0.0
0.0
0.0
0.0
0.0
0.0
0.0
0.0
0.0
0.0
0.0
0.0
0.0
0.0
0.0
0.0
0.0
0.0
0.0
0.0
0.0
0.0
0.0
0.0
0.0
0.0
0.0
0.0
0.0
0.0
0.0
0.0
0.0
0.0
0.0
0.0
0.0
0.0
0.0
0.0
0.0
0.0
0.0
0.0
0.0
0.0
1.0791270478847192
-0.24710741177620008
0.03477065103380482
0.00382378807007367
-0.048227149328709244
-0.04651386317267253
0.005703834634228903
0.06084576414881757
0.026880503091420444
-0.03672229412286908
0.023362051544070388
0.04488896714326378
0.018296558949230254
-0.008988868800885664
-0.02643096305048207
1.2043072444380116
0.008091352850438467
-0.06004344367093027
-0.6810386272974758
-0.011825659591338269
0.08152906909125186
1.3548004194636791
-0.02479602494246338
-0.009825742133503929
-1.033520283481744
-0.005391231359184168
1.3642066765753298
0.08154755419441527
-0.0050462608209784
-1.0938723473369514
0.1120693648840889
0.006841125036543128
-0.05041399054516431
0.21618462093469587
-0.0013329477126184347
0.2464189739385741
0.0
0.0
0.0
0.0
0.0
0.0
0.0
0.0
0.0
0.0
0.0
0.0
0.0
0.0
0.0
0.0
0.0
0.0
0.0
0.0
0.0
0.0
0.0
0.0
0.0
0.0
0.0
0.0
0.0
0.0
0.0
0.0
0.0
0.0
0.0
0.0
0.0
0.0
0.0
0.0
0.0
0.0
0.0
0.0
0.0
0.0
0.0
0.0
0.0
0.0
0.0
0.0
0.0
0.0
0.0
0.0
0.0
0.0
0.0
0.0
0.0
0.0
0.0
0.0
0.0
0.0
0.0
0.0
0.0
0.0
0.0
0.0
0.0
0.0
0.0
0.0
0.0
0.0
0.0
0.0
0.0
0.0
0.0
0.0
0.0
0.0
0.0
0.0
0.0
0.0
0.0
0.0
0.0
0.0
0.0
0.0
0.0
0.0
0.0
0.0
0.0
0.0
0.0
0.0
0.0
0.0
0.0
0.0
0.0
0.0
0.0
0.0
0.0
0.0
0.0
0.0
0.0
0.0
0.0
0.0
0.0
0.0
0.0
0.0
0.0
0.0
0.0
0.0
0.0
0.0
0.0
0.0
0.0
0.0
0.0
1.0760380892028947
-0.24649191512788254
0.03492104972318309
-0.032176887413741216
-0.03178838056855535
-0.05277626315554572
0.02248175118534103
0.03741811128107701
0.027532598371373437
-0.05310837511855181
-0.015261717512682635
0.021710164218927262
0.02120042389632274
-0.00023532992137845497
-0.016407948920628204
1.170205657374683
-0.0019137137212502718
-0.04284067881452076
-0.664448789434073
-0.0010679197154885994
0.046298647610607514
1.3015456215412695
0.0607777992431377
-0.00295704866076973
-0.9846431535678881
-0.02444803683608057
1.3567653014433372
0.04679778411361449
-0.026455066681390187
-1.1552906252433635
0.11061421394843515
-0.0009688279075826802
-0.03361793720687732
0.20386781759427963
0.017603114179756418
0.26976660964873866
0.0
0.0
0.0
0.0
0.0
0.0
0.0
0.0
0.0
0.0
0.0
0.0
0.0
0.0
0.0
0.0
0.0
0.0
0.0
0.0
0.0
0.0
0.0
0.0
0.0
0.0
0.0
0.0
0.0
0.0
0.0
0.0
0.0
0.0
0.0
0.0
0.0
0.0
0.0
0.0
0.0
0.0
0.0
0.0
0.0
0.0
0.0
0.0
0.0
0.0
0.0
0.0
0.0
0.0
0.0
0.0
0.0
0.0
0.0
0.0
0.0
0.0
0.0
0.0
0.0
0.0
0.0
0.0
0.0
0.0
0.0
0.0
0.0
0.0
0.0
0.0
0.0
0.0
0.0
0.0
0.0
0.0
0.0
0.0
0.0
0.0
0.0
0.0
0.0
0.0
0.0
0.0
0.0
0.0
0.0
0.0
0.0
0.0
0.0
0.0
0.0
0.0
0.0
0.0
0.0
0.0
0.0
0.0
0.0
0.0
0.0
0.0
0.0
0.0
0.0
0.0
0.0
0.0
0.0
0.0
0.0
0.0
0.0
0.0
0.0
0.0
0.0
0.0
0.0
0.0
0.0
0.0
0.0
0.0
0.0
1.0727256417913313
-0.23594473781210493
0.020107841574477932
0.0230870324039998
0.014142478726487235
-0.030746361376115985
-0.018694863087693848
-0.007827830117639338
0.0256678938000027
-0.03106557368057883
0.006183941089979655
0.009877532544168477
0.010430240125137108
0.0007127282597925153
0.0005756810979273104
1.170725331605921
0.011271575423877678
0.03724807614784226
-0.614875962854512
0.0005486497869755997
-0.03476040092774936
1.2982665863343321
0.023507287176850352
0.000742944501798677
-0.9146660453284507
-0.004459771066481814
1.344448848381924
-0.03540990479272675
-0.004271497593778326
-1.1337699252239695
0.10166293976993866
0.004776033134920849
0.019874273652110815
0.18158154308282703
0.0041450956062157596
0.2608445790561079
0.0
0.0
0.0
0.0
0.0
0.0
0.0
0.0
0.0
0.0
0.0
0.0
0.0
0.0
0.0
0.0
0.0
0.0
0.0
0.0
0.0
0.0
0.0
0.0
0.0
0.0
0.0
0.0
0.0
0.0
0.0
0.0
0.0
0.0
0.0
0.0
0.0
0.0
0.0
0.0
0.0
0.0
0.0
0.0
0.0
0.0
0.0
0.0
0.0
0.0
0.0
0.0
0.0
0.0
0.0
0.0
0.0
0.0
0.0
0.0
0.0
0.0
0.0
0.0
0.0
0.0
0.0
0.0
0.0
0.0
0.0
0.0
0.0
0.0
0.0
0.0
0.0
0.0
0.0
0.0
0.0
0.0
0.0
0.0
0.0
0.0
0.0
0.0
0.0
0.0
0.0
0.0
0.0
0.0
0.0
0.0
0.0
0.0
0.0
0.0
0.0
0.0
0.0
0.0
0.0
0.0
0.0
0.0
0.0
0.0
0.0
0.0
0.0
0.0
0.0
0.0
0.0
0.0
0.0
0.0
0.0
0.0
0.0
0.0
0.0
0.0
0.0
0.0
0.0
0.0
0.0
0.0
0.0
0.0
0.0
1.0738030318571945
-0.23770272429080722
0.022357387025762447
-0.01958834887631361
0.013463321109167276
-0.030985946508519126
0.014350608836637012
-0.015326825224544018
0.025022479338698417
-0.027321991018296066
-0.008161254539843796
-0.006118389607541215
0.010934573334643793
0.0005712349965612328
0.0032516818348329
1.1702066505294368
-0.004752500116086289
-0.03366474135515282
-0.6437928761379015
0.011999654208976009
0.043006429508110164
1.292954379479823
0.038120453902771405
0.010744004933139525
-0.8978501749346184
-0.011524723253936841
1.3838099912805855
0.043413580851687804
-0.011570010806312047
-1.152977742536272
0.10271542864605643
-0.00847724036034992
-0.025922623373686754
0.17862788774769703
0.007379636290968336
0.2636685967247451
0.0
0.0
0.0
0.0
0.0
0.0
0.0
0.0
0.0
0.0
0.0
0.0
0.0
0.0
0.0
0.0
0.0
0.0
0.0
0.0
0.0
0.0
0.0
0.0
0.0
0.0
0.0
0.0
0.0
0.0
0.0
0.0
0.0
0.0
0.0
0.0
0.0
0.0
0.0
0.0
0.0
0.0
0.0
0.0
0.0
0.0
0.0
0.0
0.0
0.0
0.0
0.0
0.0
0.0
0.0
0.0
0.0
0.0
0.0
0.0
0.0
0.0
0.0
0.0
0.0
0.0
0.0
0.0
0.0
0.0
0.0
0.0
0.0
0.0
0.0
0.0
0.0
0.0
0.0
0.0
0.0
0.0
0.0
0.0
0.0
0.0
0.0
0.0
0.0
0.0
0.0
0.0
0.0
0.0
0.0
0.0
0.0
0.0
0.0
0.0
0.0
0.0
0.0
0.0
0.0
0.0
0.0
0.0
0.0
0.0
0.0
0.0
0.0
0.0
0.0
0.0
0.0
0.0
0.0
0.0
0.0
0.0
0.0
0.0
0.0
0.0
0.0
0.0
0.0
0.0
0.0
0.0
0.0
0.0
0.0
0.0
0.0
0.0
0.0
0.0
0.0
0.0
0.0
0.0
0.0
0.0
0.0
0.0
0.0
0.0
0.0
0.0
0.0
0.0
0.0
0.0
0.0
0.0
0.0
0.0
0.0
0.0
0.0
0.0
0.0
0.0
0.0
0.0
0.0
0.0
0.0
0.0
0.0
0.0
0.0
0.0
0.0
0.0
0.0
0.0
0.0
0.0
0.0
0.0
0.0
0.0
0.0
0.0
0.0
0.0
0.0
0.0
0.0
0.0
0.0
0.0
0.0
0.0
0.0
0.0
0.0
0.0
0.0
0.0
0.0
0.0
0.0
0.0
0.0
0.0
0.0
0.0
0.0
0.0
0.0
0.0
0.0
0.0
0.0
0.0
0.0
0.0
0.0
0.0
0.0
0.0
0.0
0.0
0.0
0.0
0.0
0.0
0.0
0.0
0.0
0.0
0.0
0.0
0.0
0.0
0.0
0.0
0.0
0.0
0.0
0.0
0.0
0.0
0.0
0.0
0.0
0.0
0.0
0.0
0.0
0.0
0.0
0.0
0.0
0.0
0.0
0.0
0.0
0.0
0.0
0.0
0.0
0.0
0.0
0.0
0.0
0.0
0.0
0.0
0.0
0.0
0.0
0.0
0.0
0.0
0.0
0.0
0.0
0.0
0.0
0.0
0.0
0.0
0.0
0.0
0.0
0.0
0.0
0.0
0.0
0.0
0.0
0.0
0.0
0.0
0.0
0.0
0.0
0.0
0.0
0.0
