
  =-------------------------------------------------------------------------------=

                                 Hubbard U parameters:

       site n.  type  label  spin  new_type  new_label  manifold  Hubbard U (eV)
         1        1   Cr       1      1         Cr         3d       6.1777
         2        1   Cr       1      1         Cr         3d       6.1777

  =-------------------------------------------------------------------------------=


          chi0 matrix :
   -0.810749    0.019480    0.037206    0.000401    0.037206    0.019480    0.006814    0.005780
    0.005704    0.003818    0.005704    0.005780    0.006814    0.019480    0.005704    0.000401
    0.005704    0.019480    0.006814    0.005780    0.005704    0.003818    0.005704    0.005780
   -0.002486    0.002322    0.000696   -0.000014    0.000696    0.002322   -0.002486    0.005780
    0.000696    0.003818    0.000696    0.005780    0.006814    0.019480    0.005704    0.000401
    0.005704    0.019480   -0.002486    0.005780    0.000696    0.003818    0.000696    0.005780
   -0.002486    0.019480    0.000696    0.000401    0.000696    0.019480

    0.019480   -0.810749    0.019480    0.037206    0.000401    0.037206    0.019480    0.006814
    0.019480    0.005704    0.000401    0.005704    0.005780    0.006814    0.005780    0.005704
    0.003818    0.005704    0.019480    0.006814    0.019480    0.005704    0.000401    0.005704
    0.019480   -0.002486    0.019480    0.000696    0.000401    0.000696    0.005780   -0.002486
    0.005780    0.000696    0.003818    0.000696    0.005780    0.006814    0.005780    0.005704
    0.003818    0.005704    0.005780   -0.002486    0.005780    0.000696    0.003818    0.000696
    0.002322   -0.002486    0.002322    0.000696   -0.000014    0.000696

    0.037206    0.019480   -0.810749    0.019480    0.037206    0.000401    0.005704    0.005780
    0.006814    0.005780    0.005704    0.003818    0.005704    0.019480    0.006814    0.019480
    0.005704    0.000401    0.005704    0.005780    0.006814    0.005780    0.005704    0.003818
    0.000696    0.002322   -0.002486    0.002322    0.000696   -0.000014    0.000696    0.005780
   -0.002486    0.005780    0.000696    0.003818    0.005704    0.019480    0.006814    0.019480
    0.005704    0.000401    0.000696    0.005780   -0.002486    0.005780    0.000696    0.003818
    0.000696    0.019480   -0.002486    0.019480    0.000696    0.000401

    0.000401    0.037206    0.019480   -0.810749    0.019480    0.037206    0.000401    0.005704
    0.019480    0.006814    0.019480    0.005704    0.003818    0.005704    0.005780    0.006814
    0.005780    0.005704    0.000401    0.005704    0.019480    0.006814    0.019480    0.005704
    0.000401    0.000696    0.019480   -0.002486    0.019480    0.000696    0.003818    0.000696
    0.005780   -0.002486    0.005780    0.000696    0.003818    0.005704    0.005780    0.006814
    0.005780    0.005704    0.003818    0.000696    0.005780   -0.002486    0.005780    0.000696
   -0.000014    0.000696    0.002322   -0.002486    0.002322    0.000696

    0.037206    0.000401    0.037206    0.019480   -0.810749    0.019480    0.005704    0.003818
    0.005704    0.005780    0.006814    0.005780    0.005704    0.000401    0.005704    0.019480
    0.006814    0.019480    0.005704    0.003818    0.005704    0.005780    0.006814    0.005780
    0.000696   -0.000014    0.000696    0.002322   -0.002486    0.002322    0.000696    0.003818
    0.000696    0.005780   -0.002486    0.005780    0.005704    0.000401    0.005704    0.019480
    0.006814    0.019480    0.000696    0.003818    0.000696    0.005780   -0.002486    0.005780
    0.000696    0.000401    0.000696    0.019480   -0.002486    0.019480

    0.019480    0.037206    0.000401    0.037206    0.019480   -0.810749    0.019480    0.005704
    0.000401    0.005704    0.019480    0.006814    0.005780    0.005704    0.003818    0.005704
    0.005780    0.006814    0.019480    0.005704    0.000401    0.005704    0.019480    0.006814
    0.019480    0.000696    0.000401    0.000696    0.019480   -0.002486    0.005780    0.000696
    0.003818    0.000696    0.005780   -0.002486    0.005780    0.005704    0.003818    0.005704
    0.005780    0.006814    0.005780    0.000696    0.003818    0.000696    0.005780   -0.002486
    0.002322    0.000696   -0.000014    0.000696    0.002322   -0.002486

    0.006814    0.019480    0.005704    0.000401    0.005704    0.019480   -0.810749    0.019480
    0.037206    0.000401    0.037206    0.019480    0.006814    0.005780    0.005704    0.003818
    0.005704    0.005780   -0.002486    0.005780    0.000696    0.003818    0.000696    0.005780
    0.006814    0.005780    0.005704    0.003818    0.005704    0.005780   -0.002486    0.002322
    0.000696   -0.000014    0.000696    0.002322   -0.002486    0.019480    0.000696    0.000401
    0.000696    0.019480    0.006814    0.019480    0.005704    0.000401    0.005704    0.019480
   -0.002486    0.005780    0.000696    0.003818    0.000696    0.005780

    0.005780    0.006814    0.005780    0.005704    0.003818    0.005704    0.019480   -0.810749
    0.019480    0.037206    0.000401    0.037206    0.019480    0.006814    0.019480    0.005704
    0.000401    0.005704    0.005780   -0.002486    0.005780    0.000696    0.003818    0.000696
    0.019480    0.006814    0.019480    0.005704    0.000401    0.005704    0.019480   -0.002486
    0.019480    0.000696    0.000401    0.000696    0.002322   -0.002486    0.002322    0.000696
   -0.000014    0.000696    0.005780    0.006814    0.005780    0.005704    0.003818    0.005704
    0.005780   -0.002486    0.005780    0.000696    0.003818    0.000696

    0.005704    0.019480    0.006814    0.019480    0.005704    0.000401    0.037206    0.019480
   -0.810749    0.019480    0.037206    0.000401    0.005704    0.005780    0.006814    0.005780
    0.005704    0.003818    0.000696    0.005780   -0.002486    0.005780    0.000696    0.003818
    0.005704    0.005780    0.006814    0.005780    0.005704    0.003818    0.000696    0.002322
   -0.002486    0.002322    0.000696   -0.000014    0.000696    0.019480   -0.002486    0.019480
    0.000696    0.000401    0.005704    0.019480    0.006814    0.019480    0.005704    0.000401
    0.000696    0.005780   -0.002486    0.005780    0.000696    0.003818

    0.003818    0.005704    0.005780    0.006814    0.005780    0.005704    0.000401    0.037206
    0.019480   -0.810749    0.019480    0.037206    0.000401    0.005704    0.019480    0.006814
    0.019480    0.005704    0.003818    0.000696    0.005780   -0.002486    0.005780    0.000696
    0.000401    0.005704    0.019480    0.006814    0.019480    0.005704    0.000401    0.000696
    0.019480   -0.002486    0.019480    0.000696   -0.000014    0.000696    0.002322   -0.002486
    0.002322    0.000696    0.003818    0.005704    0.005780    0.006814    0.005780    0.005704
    0.003818    0.000696    0.005780   -0.002486    0.005780    0.000696

    0.005704    0.000401    0.005704    0.019480    0.006814    0.019480    0.037206    0.000401
    0.037206    0.019480   -0.810749    0.019480    0.005704    0.003818    0.005704    0.005780
    0.006814    0.005780    0.000696    0.003818    0.000696    0.005780   -0.002486    0.005780
    0.005704    0.003818    0.005704    0.005780    0.006814    0.005780    0.000696   -0.000014
    0.000696    0.002322   -0.002486    0.002322    0.000696    0.000401    0.000696    0.019480
   -0.002486    0.019480    0.005704    0.000401    0.005704    0.019480    0.006814    0.019480
    0.000696    0.003818    0.000696    0.005780   -0.002486    0.005780

    0.005780    0.005704    0.003818    0.005704    0.005780    0.006814    0.019480    0.037206
    0.000401    0.037206    0.019480   -0.810749    0.019480    0.005704    0.000401    0.005704
    0.019480    0.006814    0.005780    0.000696    0.003818    0.000696    0.005780   -0.002486
    0.019480    0.005704    0.000401    0.005704    0.019480    0.006814    0.019480    0.000696
    0.000401    0.000696    0.019480   -0.002486    0.002322    0.000696   -0.000014    0.000696
    0.002322   -0.002486    0.005780    0.005704    0.003818    0.005704    0.005780    0.006814
    0.005780    0.000696    0.003818    0.000696    0.005780   -0.002486

    0.006814    0.005780    0.005704    0.003818    0.005704    0.005780    0.006814    0.019480
    0.005704    0.000401    0.005704    0.019480   -0.810749    0.019480    0.037206    0.000401
    0.037206    0.019480   -0.002486    0.002322    0.000696   -0.000014    0.000696    0.002322
   -0.002486    0.005780    0.000696    0.003818    0.000696    0.005780    0.006814    0.005780
    0.005704    0.003818    0.005704    0.005780   -0.002486    0.005780    0.000696    0.003818
    0.000696    0.005780   -0.002486    0.019480    0.000696    0.000401    0.000696    0.019480
    0.006814    0.019480    0.005704    0.000401    0.005704    0.019480

    0.019480    0.006814    0.019480    0.005704    0.000401    0.005704    0.005780    0.006814
    0.005780    0.005704    0.003818    0.005704    0.019480   -0.810749    0.019480    0.037206
    0.000401    0.037206    0.019480   -0.002486    0.019480    0.000696    0.000401    0.000696
    0.005780   -0.002486    0.005780    0.000696    0.003818    0.000696    0.019480    0.006814
    0.019480    0.005704    0.000401    0.005704    0.005780   -0.002486    0.005780    0.000696
    0.003818    0.000696    0.002322   -0.002486    0.002322    0.000696   -0.000014    0.000696
    0.005780    0.006814    0.005780    0.005704    0.003818    0.005704

    0.005704    0.005780    0.006814    0.005780    0.005704    0.003818    0.005704    0.019480
    0.006814    0.019480    0.005704    0.000401    0.037206    0.019480   -0.810749    0.019480
    0.037206    0.000401    0.000696    0.002322   -0.002486    0.002322    0.000696   -0.000014
    0.000696    0.005780   -0.002486    0.005780    0.000696    0.003818    0.005704    0.005780
    0.006814    0.005780    0.005704    0.003818    0.000696    0.005780   -0.002486    0.005780
    0.000696    0.003818    0.000696    0.019480   -0.002486    0.019480    0.000696    0.000401
    0.005704    0.019480    0.006814    0.019480    0.005704    0.000401

    0.000401    0.005704    0.019480    0.006814    0.019480    0.005704    0.003818    0.005704
    0.005780    0.006814    0.005780    0.005704    0.000401    0.037206    0.019480   -0.810749
    0.019480    0.037206    0.000401    0.000696    0.019480   -0.002486    0.019480    0.000696
    0.003818    0.000696    0.005780   -0.002486    0.005780    0.000696    0.000401    0.005704
    0.019480    0.006814    0.019480    0.005704    0.003818    0.000696    0.005780   -0.002486
    0.005780    0.000696   -0.000014    0.000696    0.002322   -0.002486    0.002322    0.000696
    0.003818    0.005704    0.005780    0.006814    0.005780    0.005704

    0.005704    0.003818    0.005704    0.005780    0.006814    0.005780    0.005704    0.000401
    0.005704    0.019480    0.006814    0.019480    0.037206    0.000401    0.037206    0.019480
   -0.810749    0.019480    0.000696   -0.000014    0.000696    0.002322   -0.002486    0.002322
    0.000696    0.003818    0.000696    0.005780   -0.002486    0.005780    0.005704    0.003818
    0.005704    0.005780    0.006814    0.005780    0.000696    0.003818    0.000696    0.005780
   -0.002486    0.005780    0.000696    0.000401    0.000696    0.019480   -0.002486    0.019480
    0.005704    0.000401    0.005704    0.019480    0.006814    0.019480

    0.019480    0.005704    0.000401    0.005704    0.019480    0.006814    0.005780    0.005704
    0.003818    0.005704    0.005780    0.006814    0.019480    0.037206    0.000401    0.037206
    0.019480   -0.810749    0.019480    0.000696    0.000401    0.000696    0.019480   -0.002486
    0.005780    0.000696    0.003818    0.000696    0.005780   -0.002486    0.019480    0.005704
    0.000401    0.005704    0.019480    0.006814    0.005780    0.000696    0.003818    0.000696
    0.005780   -0.002486    0.002322    0.000696   -0.000014    0.000696    0.002322   -0.002486
    0.005780    0.005704    0.003818    0.005704    0.005780    0.006814

    0.006814    0.019480    0.005704    0.000401    0.005704    0.019480   -0.002486    0.005780
    0.000696    0.003818    0.000696    0.005780   -0.002486    0.019480    0.000696    0.000401
    0.000696    0.019480   -0.810749    0.019480    0.037206    0.000401    0.037206    0.019480
    0.006814    0.005780    0.005704    0.003818    0.005704    0.005780    0.006814    0.019480
    0.005704    0.000401    0.005704    0.019480    0.006814    0.005780    0.005704    0.003818
    0.005704    0.005780   -0.002486    0.002322    0.000696   -0.000014    0.000696    0.002322
   -0.002486    0.005780    0.000696    0.003818    0.000696    0.005780

    0.005780    0.006814    0.005780    0.005704    0.003818    0.005704    0.005780   -0.002486
    0.005780    0.000696    0.003818    0.000696    0.002322   -0.002486    0.002322    0.000696
   -0.000014    0.000696    0.019480   -0.810749    0.019480    0.037206    0.000401    0.037206
    0.019480    0.006814    0.019480    0.005704    0.000401    0.005704    0.005780    0.006814
    0.005780    0.005704    0.003818    0.005704    0.019480    0.006814    0.019480    0.005704
    0.000401    0.005704    0.019480   -0.002486    0.019480    0.000696    0.000401    0.000696
    0.005780   -0.002486    0.005780    0.000696    0.003818    0.000696

    0.005704    0.019480    0.006814    0.019480    0.005704    0.000401    0.000696    0.005780
   -0.002486    0.005780    0.000696    0.003818    0.000696    0.019480   -0.002486    0.019480
    0.000696    0.000401    0.037206    0.019480   -0.810749    0.019480    0.037206    0.000401
    0.005704    0.005780    0.006814    0.005780    0.005704    0.003818    0.005704    0.019480
    0.006814    0.019480    0.005704    0.000401    0.005704    0.005780    0.006814    0.005780
    0.005704    0.003818    0.000696    0.002322   -0.002486    0.002322    0.000696   -0.000014
    0.000696    0.005780   -0.002486    0.005780    0.000696    0.003818

    0.003818    0.005704    0.005780    0.006814    0.005780    0.005704    0.003818    0.000696
    0.005780   -0.002486    0.005780    0.000696   -0.000014    0.000696    0.002322   -0.002486
    0.002322    0.000696    0.000401    0.037206    0.019480   -0.810749    0.019480    0.037206
    0.000401    0.005704    0.019480    0.006814    0.019480    0.005704    0.003818    0.005704
    0.005780    0.006814    0.005780    0.005704    0.000401    0.005704    0.019480    0.006814
    0.019480    0.005704    0.000401    0.000696    0.019480   -0.002486    0.019480    0.000696
    0.003818    0.000696    0.005780   -0.002486    0.005780    0.000696

    0.005704    0.000401    0.005704    0.019480    0.006814    0.019480    0.000696    0.003818
    0.000696    0.005780   -0.002486    0.005780    0.000696    0.000401    0.000696    0.019480
   -0.002486    0.019480    0.037206    0.000401    0.037206    0.019480   -0.810749    0.019480
    0.005704    0.003818    0.005704    0.005780    0.006814    0.005780    0.005704    0.000401
    0.005704    0.019480    0.006814    0.019480    0.005704    0.003818    0.005704    0.005780
    0.006814    0.005780    0.000696   -0.000014    0.000696    0.002322   -0.002486    0.002322
    0.000696    0.003818    0.000696    0.005780   -0.002486    0.005780

    0.005780    0.005704    0.003818    0.005704    0.005780    0.006814    0.005780    0.000696
    0.003818    0.000696    0.005780   -0.002486    0.002322    0.000696   -0.000014    0.000696
    0.002322   -0.002486    0.019480    0.037206    0.000401    0.037206    0.019480   -0.810749
    0.019480    0.005704    0.000401    0.005704    0.019480    0.006814    0.005780    0.005704
    0.003818    0.005704    0.005780    0.006814    0.019480    0.005704    0.000401    0.005704
    0.019480    0.006814    0.019480    0.000696    0.000401    0.000696    0.019480   -0.002486
    0.005780    0.000696    0.003818    0.000696    0.005780   -0.002486

   -0.002486    0.019480    0.000696    0.000401    0.000696    0.019480    0.006814    0.019480
    0.005704    0.000401    0.005704    0.019480   -0.002486    0.005780    0.000696    0.003818
    0.000696    0.005780    0.006814    0.019480    0.005704    0.000401    0.005704    0.019480
   -0.810749    0.019480    0.037206    0.000401    0.037206    0.019480    0.006814    0.005780
    0.005704    0.003818    0.005704    0.005780   -0.002486    0.005780    0.000696    0.003818
    0.000696    0.005780    0.006814    0.005780    0.005704    0.003818    0.005704    0.005780
   -0.002486    0.002322    0.000696   -0.000014    0.000696    0.002322

    0.002322   -0.002486    0.002322    0.000696   -0.000014    0.000696    0.005780    0.006814
    0.005780    0.005704    0.003818    0.005704    0.005780   -0.002486    0.005780    0.000696
    0.003818    0.000696    0.005780    0.006814    0.005780    0.005704    0.003818    0.005704
    0.019480   -0.810749    0.019480    0.037206    0.000401    0.037206    0.019480    0.006814
    0.019480    0.005704    0.000401    0.005704    0.005780   -0.002486    0.005780    0.000696
    0.003818    0.000696    0.019480    0.006814    0.019480    0.005704    0.000401    0.005704
    0.019480   -0.002486    0.019480    0.000696    0.000401    0.000696

    0.000696    0.019480   -0.002486    0.019480    0.000696    0.000401    0.005704    0.019480
    0.006814    0.019480    0.005704    0.000401    0.000696    0.005780   -0.002486    0.005780
    0.000696    0.003818    0.005704    0.019480    0.006814    0.019480    0.005704    0.000401
    0.037206    0.019480   -0.810749    0.019480    0.037206    0.000401    0.005704    0.005780
    0.006814    0.005780    0.005704    0.003818    0.000696    0.005780   -0.002486    0.005780
    0.000696    0.003818    0.005704    0.005780    0.006814    0.005780    0.005704    0.003818
    0.000696    0.002322   -0.002486    0.002322    0.000696   -0.000014

   -0.000014    0.000696    0.002322   -0.002486    0.002322    0.000696    0.003818    0.005704
    0.005780    0.006814    0.005780    0.005704    0.003818    0.000696    0.005780   -0.002486
    0.005780    0.000696    0.003818    0.005704    0.005780    0.006814    0.005780    0.005704
    0.000401    0.037206    0.019480   -0.810749    0.019480    0.037206    0.000401    0.005704
    0.019480    0.006814    0.019480    0.005704    0.003818    0.000696    0.005780   -0.002486
    0.005780    0.000696    0.000401    0.005704    0.019480    0.006814    0.019480    0.005704
    0.000401    0.000696    0.019480   -0.002486    0.019480    0.000696

    0.000696    0.000401    0.000696    0.019480   -0.002486    0.019480    0.005704    0.000401
    0.005704    0.019480    0.006814    0.019480    0.000696    0.003818    0.000696    0.005780
   -0.002486    0.005780    0.005704    0.000401    0.005704    0.019480    0.006814    0.019480
    0.037206    0.000401    0.037206    0.019480   -0.810749    0.019480    0.005704    0.003818
    0.005704    0.005780    0.006814    0.005780    0.000696    0.003818    0.000696    0.005780
   -0.002486    0.005780    0.005704    0.003818    0.005704    0.005780    0.006814    0.005780
    0.000696   -0.000014    0.000696    0.002322   -0.002486    0.002322

    0.002322    0.000696   -0.000014    0.000696    0.002322   -0.002486    0.005780    0.005704
    0.003818    0.005704    0.005780    0.006814    0.005780    0.000696    0.003818    0.000696
    0.005780   -0.002486    0.005780    0.005704    0.003818    0.005704    0.005780    0.006814
    0.019480    0.037206    0.000401    0.037206    0.019480   -0.810749    0.019480    0.005704
    0.000401    0.005704    0.019480    0.006814    0.005780    0.000696    0.003818    0.000696
    0.005780   -0.002486    0.019480    0.005704    0.000401    0.005704    0.019480    0.006814
    0.019480    0.000696    0.000401    0.000696    0.019480   -0.002486

   -0.002486    0.005780    0.000696    0.003818    0.000696    0.005780   -0.002486    0.019480
    0.000696    0.000401    0.000696    0.019480    0.006814    0.019480    0.005704    0.000401
    0.005704    0.019480    0.006814    0.005780    0.005704    0.003818    0.005704    0.005780
    0.006814    0.019480    0.005704    0.000401    0.005704    0.019480   -0.810749    0.019480
    0.037206    0.000401    0.037206    0.019480   -0.002486    0.002322    0.000696   -0.000014
    0.000696    0.002322   -0.002486    0.005780    0.000696    0.003818    0.000696    0.005780
    0.006814    0.005780    0.005704    0.003818    0.005704    0.005780

    0.005780   -0.002486    0.005780    0.000696    0.003818    0.000696    0.002322   -0.002486
    0.002322    0.000696   -0.000014    0.000696    0.005780    0.006814    0.005780    0.005704
    0.003818    0.005704    0.019480    0.006814    0.019480    0.005704    0.000401    0.005704
    0.005780    0.006814    0.005780    0.005704    0.003818    0.005704    0.019480   -0.810749
    0.019480    0.037206    0.000401    0.037206    0.019480   -0.002486    0.019480    0.000696
    0.000401    0.000696    0.005780   -0.002486    0.005780    0.000696    0.003818    0.000696
    0.019480    0.006814    0.019480    0.005704    0.000401    0.005704

    0.000696    0.005780   -0.002486    0.005780    0.000696    0.003818    0.000696    0.019480
   -0.002486    0.019480    0.000696    0.000401    0.005704    0.019480    0.006814    0.019480
    0.005704    0.000401    0.005704    0.005780    0.006814    0.005780    0.005704    0.003818
    0.005704    0.019480    0.006814    0.019480    0.005704    0.000401    0.037206    0.019480
   -0.810749    0.019480    0.037206    0.000401    0.000696    0.002322   -0.002486    0.002322
    0.000696   -0.000014    0.000696    0.005780   -0.002486    0.005780    0.000696    0.003818
    0.005704    0.005780    0.006814    0.005780    0.005704    0.003818

    0.003818    0.000696    0.005780   -0.002486    0.005780    0.000696   -0.000014    0.000696
    0.002322   -0.002486    0.002322    0.000696    0.003818    0.005704    0.005780    0.006814
    0.005780    0.005704    0.000401    0.005704    0.019480    0.006814    0.019480    0.005704
    0.003818    0.005704    0.005780    0.006814    0.005780    0.005704    0.000401    0.037206
    0.019480   -0.810749    0.019480    0.037206    0.000401    0.000696    0.019480   -0.002486
    0.019480    0.000696    0.003818    0.000696    0.005780   -0.002486    0.005780    0.000696
    0.000401    0.005704    0.019480    0.006814    0.019480    0.005704

    0.000696    0.003818    0.000696    0.005780   -0.002486    0.005780    0.000696    0.000401
    0.000696    0.019480   -0.002486    0.019480    0.005704    0.000401    0.005704    0.019480
    0.006814    0.019480    0.005704    0.003818    0.005704    0.005780    0.006814    0.005780
    0.005704    0.000401    0.005704    0.019480    0.006814    0.019480    0.037206    0.000401
    0.037206    0.019480   -0.810749    0.019480    0.000696   -0.000014    0.000696    0.002322
   -0.002486    0.002322    0.000696    0.003818    0.000696    0.005780   -0.002486    0.005780
    0.005704    0.003818    0.005704    0.005780    0.006814    0.005780

    0.005780    0.000696    0.003818    0.000696    0.005780   -0.002486    0.002322    0.000696
   -0.000014    0.000696    0.002322   -0.002486    0.005780    0.005704    0.003818    0.005704
    0.005780    0.006814    0.019480    0.005704    0.000401    0.005704    0.019480    0.006814
    0.005780    0.005704    0.003818    0.005704    0.005780    0.006814    0.019480    0.037206
    0.000401    0.037206    0.019480   -0.810749    0.019480    0.000696    0.000401    0.000696
    0.019480   -0.002486    0.005780    0.000696    0.003818    0.000696    0.005780   -0.002486
    0.019480    0.005704    0.000401    0.005704    0.019480    0.006814

    0.006814    0.005780    0.005704    0.003818    0.005704    0.005780   -0.002486    0.002322
    0.000696   -0.000014    0.000696    0.002322   -0.002486    0.005780    0.000696    0.003818
    0.000696    0.005780    0.006814    0.019480    0.005704    0.000401    0.005704    0.019480
   -0.002486    0.005780    0.000696    0.003818    0.000696    0.005780   -0.002486    0.019480
    0.000696    0.000401    0.000696    0.019480   -0.810749    0.019480    0.037206    0.000401
    0.037206    0.019480    0.006814    0.005780    0.005704    0.003818    0.005704    0.005780
    0.006814    0.019480    0.005704    0.000401    0.005704    0.019480

    0.019480    0.006814    0.019480    0.005704    0.000401    0.005704    0.019480   -0.002486
    0.019480    0.000696    0.000401    0.000696    0.005780   -0.002486    0.005780    0.000696
    0.003818    0.000696    0.005780    0.006814    0.005780    0.005704    0.003818    0.005704
    0.005780   -0.002486    0.005780    0.000696    0.003818    0.000696    0.002322   -0.002486
    0.002322    0.000696   -0.000014    0.000696    0.019480   -0.810749    0.019480    0.037206
    0.000401    0.037206    0.019480    0.006814    0.019480    0.005704    0.000401    0.005704
    0.005780    0.006814    0.005780    0.005704    0.003818    0.005704

    0.005704    0.005780    0.006814    0.005780    0.005704    0.003818    0.000696    0.002322
   -0.002486    0.002322    0.000696   -0.000014    0.000696    0.005780   -0.002486    0.005780
    0.000696    0.003818    0.005704    0.019480    0.006814    0.019480    0.005704    0.000401
    0.000696    0.005780   -0.002486    0.005780    0.000696    0.003818    0.000696    0.019480
   -0.002486    0.019480    0.000696    0.000401    0.037206    0.019480   -0.810749    0.019480
    0.037206    0.000401    0.005704    0.005780    0.006814    0.005780    0.005704    0.003818
    0.005704    0.019480    0.006814    0.019480    0.005704    0.000401

    0.000401    0.005704    0.019480    0.006814    0.019480    0.005704    0.000401    0.000696
    0.019480   -0.002486    0.019480    0.000696    0.003818    0.000696    0.005780   -0.002486
    0.005780    0.000696    0.003818    0.005704    0.005780    0.006814    0.005780    0.005704
    0.003818    0.000696    0.005780   -0.002486    0.005780    0.000696   -0.000014    0.000696
    0.002322   -0.002486    0.002322    0.000696    0.000401    0.037206    0.019480   -0.810749
    0.019480    0.037206    0.000401    0.005704    0.019480    0.006814    0.019480    0.005704
    0.003818    0.005704    0.005780    0.006814    0.005780    0.005704

    0.005704    0.003818    0.005704    0.005780    0.006814    0.005780    0.000696   -0.000014
    0.000696    0.002322   -0.002486    0.002322    0.000696    0.003818    0.000696    0.005780
   -0.002486    0.005780    0.005704    0.000401    0.005704    0.019480    0.006814    0.019480
    0.000696    0.003818    0.000696    0.005780   -0.002486    0.005780    0.000696    0.000401
    0.000696    0.019480   -0.002486    0.019480    0.037206    0.000401    0.037206    0.019480
   -0.810749    0.019480    0.005704    0.003818    0.005704    0.005780    0.006814    0.005780
    0.005704    0.000401    0.005704    0.019480    0.006814    0.019480

    0.019480    0.005704    0.000401    0.005704    0.019480    0.006814    0.019480    0.000696
    0.000401    0.000696    0.019480   -0.002486    0.005780    0.000696    0.003818    0.000696
    0.005780   -0.002486    0.005780    0.005704    0.003818    0.005704    0.005780    0.006814
    0.005780    0.000696    0.003818    0.000696    0.005780   -0.002486    0.002322    0.000696
   -0.000014    0.000696    0.002322   -0.002486    0.019480    0.037206    0.000401    0.037206
    0.019480   -0.810749    0.019480    0.005704    0.000401    0.005704    0.019480    0.006814
    0.005780    0.005704    0.003818    0.005704    0.005780    0.006814

   -0.002486    0.005780    0.000696    0.003818    0.000696    0.005780    0.006814    0.005780
    0.005704    0.003818    0.005704    0.005780   -0.002486    0.002322    0.000696   -0.000014
    0.000696    0.002322   -0.002486    0.019480    0.000696    0.000401    0.000696    0.019480
    0.006814    0.019480    0.005704    0.000401    0.005704    0.019480   -0.002486    0.005780
    0.000696    0.003818    0.000696    0.005780    0.006814    0.019480    0.005704    0.000401
    0.005704    0.019480   -0.810749    0.019480    0.037206    0.000401    0.037206    0.019480
    0.006814    0.005780    0.005704    0.003818    0.005704    0.005780

    0.005780   -0.002486    0.005780    0.000696    0.003818    0.000696    0.019480    0.006814
    0.019480    0.005704    0.000401    0.005704    0.019480   -0.002486    0.019480    0.000696
    0.000401    0.000696    0.002322   -0.002486    0.002322    0.000696   -0.000014    0.000696
    0.005780    0.006814    0.005780    0.005704    0.003818    0.005704    0.005780   -0.002486
    0.005780    0.000696    0.003818    0.000696    0.005780    0.006814    0.005780    0.005704
    0.003818    0.005704    0.019480   -0.810749    0.019480    0.037206    0.000401    0.037206
    0.019480    0.006814    0.019480    0.005704    0.000401    0.005704

    0.000696    0.005780   -0.002486    0.005780    0.000696    0.003818    0.005704    0.005780
    0.006814    0.005780    0.005704    0.003818    0.000696    0.002322   -0.002486    0.002322
    0.000696   -0.000014    0.000696    0.019480   -0.002486    0.019480    0.000696    0.000401
    0.005704    0.019480    0.006814    0.019480    0.005704    0.000401    0.000696    0.005780
   -0.002486    0.005780    0.000696    0.003818    0.005704    0.019480    0.006814    0.019480
    0.005704    0.000401    0.037206    0.019480   -0.810749    0.019480    0.037206    0.000401
    0.005704    0.005780    0.006814    0.005780    0.005704    0.003818

    0.003818    0.000696    0.005780   -0.002486    0.005780    0.000696    0.000401    0.005704
    0.019480    0.006814    0.019480    0.005704    0.000401    0.000696    0.019480   -0.002486
    0.019480    0.000696   -0.000014    0.000696    0.002322   -0.002486    0.002322    0.000696
    0.003818    0.005704    0.005780    0.006814    0.005780    0.005704    0.003818    0.000696
    0.005780   -0.002486    0.005780    0.000696    0.003818    0.005704    0.005780    0.006814
    0.005780    0.005704    0.000401    0.037206    0.019480   -0.810749    0.019480    0.037206
    0.000401    0.005704    0.019480    0.006814    0.019480    0.005704

    0.000696    0.003818    0.000696    0.005780   -0.002486    0.005780    0.005704    0.003818
    0.005704    0.005780    0.006814    0.005780    0.000696   -0.000014    0.000696    0.002322
   -0.002486    0.002322    0.000696    0.000401    0.000696    0.019480   -0.002486    0.019480
    0.005704    0.000401    0.005704    0.019480    0.006814    0.019480    0.000696    0.003818
    0.000696    0.005780   -0.002486    0.005780    0.005704    0.000401    0.005704    0.019480
    0.006814    0.019480    0.037206    0.000401    0.037206    0.019480   -0.810749    0.019480
    0.005704    0.003818    0.005704    0.005780    0.006814    0.005780

    0.005780    0.000696    0.003818    0.000696    0.005780   -0.002486    0.019480    0.005704
    0.000401    0.005704    0.019480    0.006814    0.019480    0.000696    0.000401    0.000696
    0.019480   -0.002486    0.002322    0.000696   -0.000014    0.000696    0.002322   -0.002486
    0.005780    0.005704    0.003818    0.005704    0.005780    0.006814    0.005780    0.000696
    0.003818    0.000696    0.005780   -0.002486    0.005780    0.005704    0.003818    0.005704
    0.005780    0.006814    0.019480    0.037206    0.000401    0.037206    0.019480   -0.810749
    0.019480    0.005704    0.000401    0.005704    0.019480    0.006814

   -0.002486    0.002322    0.000696   -0.000014    0.000696    0.002322   -0.002486    0.005780
    0.000696    0.003818    0.000696    0.005780    0.006814    0.005780    0.005704    0.003818
    0.005704    0.005780   -0.002486    0.005780    0.000696    0.003818    0.000696    0.005780
   -0.002486    0.019480    0.000696    0.000401    0.000696    0.019480    0.006814    0.019480
    0.005704    0.000401    0.005704    0.019480    0.006814    0.005780    0.005704    0.003818
    0.005704    0.005780    0.006814    0.019480    0.005704    0.000401    0.005704    0.019480
   -0.810749    0.019480    0.037206    0.000401    0.037206    0.019480

    0.019480   -0.002486    0.019480    0.000696    0.000401    0.000696    0.005780   -0.002486
    0.005780    0.000696    0.003818    0.000696    0.019480    0.006814    0.019480    0.005704
    0.000401    0.005704    0.005780   -0.002486    0.005780    0.000696    0.003818    0.000696
    0.002322   -0.002486    0.002322    0.000696   -0.000014    0.000696    0.005780    0.006814
    0.005780    0.005704    0.003818    0.005704    0.019480    0.006814    0.019480    0.005704
    0.000401    0.005704    0.005780    0.006814    0.005780    0.005704    0.003818    0.005704
    0.019480   -0.810749    0.019480    0.037206    0.000401    0.037206

    0.000696    0.002322   -0.002486    0.002322    0.000696   -0.000014    0.000696    0.005780
   -0.002486    0.005780    0.000696    0.003818    0.005704    0.005780    0.006814    0.005780
    0.005704    0.003818    0.000696    0.005780   -0.002486    0.005780    0.000696    0.003818
    0.000696    0.019480   -0.002486    0.019480    0.000696    0.000401    0.005704    0.019480
    0.006814    0.019480    0.005704    0.000401    0.005704    0.005780    0.006814    0.005780
    0.005704    0.003818    0.005704    0.019480    0.006814    0.019480    0.005704    0.000401
    0.037206    0.019480   -0.810749    0.019480    0.037206    0.000401

    0.000401    0.000696    0.019480   -0.002486    0.019480    0.000696    0.003818    0.000696
    0.005780   -0.002486    0.005780    0.000696    0.000401    0.005704    0.019480    0.006814
    0.019480    0.005704    0.003818    0.000696    0.005780   -0.002486    0.005780    0.000696
   -0.000014    0.000696    0.002322   -0.002486    0.002322    0.000696    0.003818    0.005704
    0.005780    0.006814    0.005780    0.005704    0.000401    0.005704    0.019480    0.006814
    0.019480    0.005704    0.003818    0.005704    0.005780    0.006814    0.005780    0.005704
    0.000401    0.037206    0.019480   -0.810749    0.019480    0.037206

    0.000696   -0.000014    0.000696    0.002322   -0.002486    0.002322    0.000696    0.003818
    0.000696    0.005780   -0.002486    0.005780    0.005704    0.003818    0.005704    0.005780
    0.006814    0.005780    0.000696    0.003818    0.000696    0.005780   -0.002486    0.005780
    0.000696    0.000401    0.000696    0.019480   -0.002486    0.019480    0.005704    0.000401
    0.005704    0.019480    0.006814    0.019480    0.005704    0.003818    0.005704    0.005780
    0.006814    0.005780    0.005704    0.000401    0.005704    0.019480    0.006814    0.019480
    0.037206    0.000401    0.037206    0.019480   -0.810749    0.019480

    0.019480    0.000696    0.000401    0.000696    0.019480   -0.002486    0.005780    0.000696
    0.003818    0.000696    0.005780   -0.002486    0.019480    0.005704    0.000401    0.005704
    0.019480    0.006814    0.005780    0.000696    0.003818    0.000696    0.005780   -0.002486
    0.002322    0.000696   -0.000014    0.000696    0.002322   -0.002486    0.005780    0.005704
    0.003818    0.005704    0.005780    0.006814    0.019480    0.005704    0.000401    0.005704
    0.019480    0.006814    0.005780    0.005704    0.003818    0.005704    0.005780    0.006814
    0.019480    0.037206    0.000401    0.037206    0.019480   -0.810749


          chi matrix :
   -0.134630   -0.000018    0.000155   -0.000000    0.000155   -0.000018   -0.000003   -0.000001
    0.000021    0.000007    0.000021   -0.000001   -0.000003   -0.000018    0.000021   -0.000000
    0.000021   -0.000018   -0.000003   -0.000001    0.000021    0.000007    0.000021   -0.000001
    0.000006    0.000003    0.000010   -0.000032    0.000010    0.000003    0.000006   -0.000001
    0.000010    0.000007    0.000010   -0.000001   -0.000003   -0.000018    0.000021   -0.000000
    0.000021   -0.000018    0.000006   -0.000001    0.000010    0.000007    0.000010   -0.000001
    0.000006   -0.000018    0.000010   -0.000000    0.000010   -0.000018

   -0.000018   -0.134630   -0.000018    0.000155   -0.000000    0.000155   -0.000018   -0.000003
   -0.000018    0.000021   -0.000000    0.000021   -0.000001   -0.000003   -0.000001    0.000021
    0.000007    0.000021   -0.000018   -0.000003   -0.000018    0.000021   -0.000000    0.000021
   -0.000018    0.000006   -0.000018    0.000010   -0.000000    0.000010   -0.000001    0.000006
   -0.000001    0.000010    0.000007    0.000010   -0.000001   -0.000003   -0.000001    0.000021
    0.000007    0.000021   -0.000001    0.000006   -0.000001    0.000010    0.000007    0.000010
    0.000003    0.000006    0.000003    0.000010   -0.000032    0.000010

    0.000155   -0.000018   -0.134630   -0.000018    0.000155   -0.000000    0.000021   -0.000001
   -0.000003   -0.000001    0.000021    0.000007    0.000021   -0.000018   -0.000003   -0.000018
    0.000021   -0.000000    0.000021   -0.000001   -0.000003   -0.000001    0.000021    0.000007
    0.000010    0.000003    0.000006    0.000003    0.000010   -0.000032    0.000010   -0.000001
    0.000006   -0.000001    0.000010    0.000007    0.000021   -0.000018   -0.000003   -0.000018
    0.000021   -0.000000    0.000010   -0.000001    0.000006   -0.000001    0.000010    0.000007
    0.000010   -0.000018    0.000006   -0.000018    0.000010   -0.000000

   -0.000000    0.000155   -0.000018   -0.134630   -0.000018    0.000155   -0.000000    0.000021
   -0.000018   -0.000003   -0.000018    0.000021    0.000007    0.000021   -0.000001   -0.000003
   -0.000001    0.000021   -0.000000    0.000021   -0.000018   -0.000003   -0.000018    0.000021
   -0.000000    0.000010   -0.000018    0.000006   -0.000018    0.000010    0.000007    0.000010
   -0.000001    0.000006   -0.000001    0.000010    0.000007    0.000021   -0.000001   -0.000003
   -0.000001    0.000021    0.000007    0.000010   -0.000001    0.000006   -0.000001    0.000010
   -0.000032    0.000010    0.000003    0.000006    0.000003    0.000010

    0.000155   -0.000000    0.000155   -0.000018   -0.134630   -0.000018    0.000021    0.000007
    0.000021   -0.000001   -0.000003   -0.000001    0.000021   -0.000000    0.000021   -0.000018
   -0.000003   -0.000018    0.000021    0.000007    0.000021   -0.000001   -0.000003   -0.000001
    0.000010   -0.000032    0.000010    0.000003    0.000006    0.000003    0.000010    0.000007
    0.000010   -0.000001    0.000006   -0.000001    0.000021   -0.000000    0.000021   -0.000018
   -0.000003   -0.000018    0.000010    0.000007    0.000010   -0.000001    0.000006   -0.000001
    0.000010   -0.000000    0.000010   -0.000018    0.000006   -0.000018

   -0.000018    0.000155   -0.000000    0.000155   -0.000018   -0.134630   -0.000018    0.000021
   -0.000000    0.000021   -0.000018   -0.000003   -0.000001    0.000021    0.000007    0.000021
   -0.000001   -0.000003   -0.000018    0.000021   -0.000000    0.000021   -0.000018   -0.000003
   -0.000018    0.000010   -0.000000    0.000010   -0.000018    0.000006   -0.000001    0.000010
    0.000007    0.000010   -0.000001    0.000006   -0.000001    0.000021    0.000007    0.000021
   -0.000001   -0.000003   -0.000001    0.000010    0.000007    0.000010   -0.000001    0.000006
    0.000003    0.000010   -0.000032    0.000010    0.000003    0.000006

   -0.000003   -0.000018    0.000021   -0.000000    0.000021   -0.000018   -0.134630   -0.000018
    0.000155   -0.000000    0.000155   -0.000018   -0.000003   -0.000001    0.000021    0.000007
    0.000021   -0.000001    0.000006   -0.000001    0.000010    0.000007    0.000010   -0.000001
   -0.000003   -0.000001    0.000021    0.000007    0.000021   -0.000001    0.000006    0.000003
    0.000010   -0.000032    0.000010    0.000003    0.000006   -0.000018    0.000010   -0.000000
    0.000010   -0.000018   -0.000003   -0.000018    0.000021   -0.000000    0.000021   -0.000018
    0.000006   -0.000001    0.000010    0.000007    0.000010   -0.000001

   -0.000001   -0.000003   -0.000001    0.000021    0.000007    0.000021   -0.000018   -0.134630
   -0.000018    0.000155   -0.000000    0.000155   -0.000018   -0.000003   -0.000018    0.000021
   -0.000000    0.000021   -0.000001    0.000006   -0.000001    0.000010    0.000007    0.000010
   -0.000018   -0.000003   -0.000018    0.000021   -0.000000    0.000021   -0.000018    0.000006
   -0.000018    0.000010   -0.000000    0.000010    0.000003    0.000006    0.000003    0.000010
   -0.000032    0.000010   -0.000001   -0.000003   -0.000001    0.000021    0.000007    0.000021
   -0.000001    0.000006   -0.000001    0.000010    0.000007    0.000010

    0.000021   -0.000018   -0.000003   -0.000018    0.000021   -0.000000    0.000155   -0.000018
   -0.134630   -0.000018    0.000155   -0.000000    0.000021   -0.000001   -0.000003   -0.000001
    0.000021    0.000007    0.000010   -0.000001    0.000006   -0.000001    0.000010    0.000007
    0.000021   -0.000001   -0.000003   -0.000001    0.000021    0.000007    0.000010    0.000003
    0.000006    0.000003    0.000010   -0.000032    0.000010   -0.000018    0.000006   -0.000018
    0.000010   -0.000000    0.000021   -0.000018   -0.000003   -0.000018    0.000021   -0.000000
    0.000010   -0.000001    0.000006   -0.000001    0.000010    0.000007

    0.000007    0.000021   -0.000001   -0.000003   -0.000001    0.000021   -0.000000    0.000155
   -0.000018   -0.134630   -0.000018    0.000155   -0.000000    0.000021   -0.000018   -0.000003
   -0.000018    0.000021    0.000007    0.000010   -0.000001    0.000006   -0.000001    0.000010
   -0.000000    0.000021   -0.000018   -0.000003   -0.000018    0.000021   -0.000000    0.000010
   -0.000018    0.000006   -0.000018    0.000010   -0.000032    0.000010    0.000003    0.000006
    0.000003    0.000010    0.000007    0.000021   -0.000001   -0.000003   -0.000001    0.000021
    0.000007    0.000010   -0.000001    0.000006   -0.000001    0.000010

    0.000021   -0.000000    0.000021   -0.000018   -0.000003   -0.000018    0.000155   -0.000000
    0.000155   -0.000018   -0.134630   -0.000018    0.000021    0.000007    0.000021   -0.000001
   -0.000003   -0.000001    0.000010    0.000007    0.000010   -0.000001    0.000006   -0.000001
    0.000021    0.000007    0.000021   -0.000001   -0.000003   -0.000001    0.000010   -0.000032
    0.000010    0.000003    0.000006    0.000003    0.000010   -0.000000    0.000010   -0.000018
    0.000006   -0.000018    0.000021   -0.000000    0.000021   -0.000018   -0.000003   -0.000018
    0.000010    0.000007    0.000010   -0.000001    0.000006   -0.000001

   -0.000001    0.000021    0.000007    0.000021   -0.000001   -0.000003   -0.000018    0.000155
   -0.000000    0.000155   -0.000018   -0.134630   -0.000018    0.000021   -0.000000    0.000021
   -0.000018   -0.000003   -0.000001    0.000010    0.000007    0.000010   -0.000001    0.000006
   -0.000018    0.000021   -0.000000    0.000021   -0.000018   -0.000003   -0.000018    0.000010
   -0.000000    0.000010   -0.000018    0.000006    0.000003    0.000010   -0.000032    0.000010
    0.000003    0.000006   -0.000001    0.000021    0.000007    0.000021   -0.000001   -0.000003
   -0.000001    0.000010    0.000007    0.000010   -0.000001    0.000006

   -0.000003   -0.000001    0.000021    0.000007    0.000021   -0.000001   -0.000003   -0.000018
    0.000021   -0.000000    0.000021   -0.000018   -0.134630   -0.000018    0.000155   -0.000000
    0.000155   -0.000018    0.000006    0.000003    0.000010   -0.000032    0.000010    0.000003
    0.000006   -0.000001    0.000010    0.000007    0.000010   -0.000001   -0.000003   -0.000001
    0.000021    0.000007    0.000021   -0.000001    0.000006   -0.000001    0.000010    0.000007
    0.000010   -0.000001    0.000006   -0.000018    0.000010   -0.000000    0.000010   -0.000018
   -0.000003   -0.000018    0.000021   -0.000000    0.000021   -0.000018

   -0.000018   -0.000003   -0.000018    0.000021   -0.000000    0.000021   -0.000001   -0.000003
   -0.000001    0.000021    0.000007    0.000021   -0.000018   -0.134630   -0.000018    0.000155
   -0.000000    0.000155   -0.000018    0.000006   -0.000018    0.000010   -0.000000    0.000010
   -0.000001    0.000006   -0.000001    0.000010    0.000007    0.000010   -0.000018   -0.000003
   -0.000018    0.000021   -0.000000    0.000021   -0.000001    0.000006   -0.000001    0.000010
    0.000007    0.000010    0.000003    0.000006    0.000003    0.000010   -0.000032    0.000010
   -0.000001   -0.000003   -0.000001    0.000021    0.000007    0.000021

    0.000021   -0.000001   -0.000003   -0.000001    0.000021    0.000007    0.000021   -0.000018
   -0.000003   -0.000018    0.000021   -0.000000    0.000155   -0.000018   -0.134630   -0.000018
    0.000155   -0.000000    0.000010    0.000003    0.000006    0.000003    0.000010   -0.000032
    0.000010   -0.000001    0.000006   -0.000001    0.000010    0.000007    0.000021   -0.000001
   -0.000003   -0.000001    0.000021    0.000007    0.000010   -0.000001    0.000006   -0.000001
    0.000010    0.000007    0.000010   -0.000018    0.000006   -0.000018    0.000010   -0.000000
    0.000021   -0.000018   -0.000003   -0.000018    0.000021   -0.000000

   -0.000000    0.000021   -0.000018   -0.000003   -0.000018    0.000021    0.000007    0.000021
   -0.000001   -0.000003   -0.000001    0.000021   -0.000000    0.000155   -0.000018   -0.134630
   -0.000018    0.000155   -0.000000    0.000010   -0.000018    0.000006   -0.000018    0.000010
    0.000007    0.000010   -0.000001    0.000006   -0.000001    0.000010   -0.000000    0.000021
   -0.000018   -0.000003   -0.000018    0.000021    0.000007    0.000010   -0.000001    0.000006
   -0.000001    0.000010   -0.000032    0.000010    0.000003    0.000006    0.000003    0.000010
    0.000007    0.000021   -0.000001   -0.000003   -0.000001    0.000021

    0.000021    0.000007    0.000021   -0.000001   -0.000003   -0.000001    0.000021   -0.000000
    0.000021   -0.000018   -0.000003   -0.000018    0.000155   -0.000000    0.000155   -0.000018
   -0.134630   -0.000018    0.000010   -0.000032    0.000010    0.000003    0.000006    0.000003
    0.000010    0.000007    0.000010   -0.000001    0.000006   -0.000001    0.000021    0.000007
    0.000021   -0.000001   -0.000003   -0.000001    0.000010    0.000007    0.000010   -0.000001
    0.000006   -0.000001    0.000010   -0.000000    0.000010   -0.000018    0.000006   -0.000018
    0.000021   -0.000000    0.000021   -0.000018   -0.000003   -0.000018

   -0.000018    0.000021   -0.000000    0.000021   -0.000018   -0.000003   -0.000001    0.000021
    0.000007    0.000021   -0.000001   -0.000003   -0.000018    0.000155   -0.000000    0.000155
   -0.000018   -0.134630   -0.000018    0.000010   -0.000000    0.000010   -0.000018    0.000006
   -0.000001    0.000010    0.000007    0.000010   -0.000001    0.000006   -0.000018    0.000021
   -0.000000    0.000021   -0.000018   -0.000003   -0.000001    0.000010    0.000007    0.000010
   -0.000001    0.000006    0.000003    0.000010   -0.000032    0.000010    0.000003    0.000006
   -0.000001    0.000021    0.000007    0.000021   -0.000001   -0.000003

   -0.000003   -0.000018    0.000021   -0.000000    0.000021   -0.000018    0.000006   -0.000001
    0.000010    0.000007    0.000010   -0.000001    0.000006   -0.000018    0.000010   -0.000000
    0.000010   -0.000018   -0.134630   -0.000018    0.000155   -0.000000    0.000155   -0.000018
   -0.000003   -0.000001    0.000021    0.000007    0.000021   -0.000001   -0.000003   -0.000018
    0.000021   -0.000000    0.000021   -0.000018   -0.000003   -0.000001    0.000021    0.000007
    0.000021   -0.000001    0.000006    0.000003    0.000010   -0.000032    0.000010    0.000003
    0.000006   -0.000001    0.000010    0.000007    0.000010   -0.000001

   -0.000001   -0.000003   -0.000001    0.000021    0.000007    0.000021   -0.000001    0.000006
   -0.000001    0.000010    0.000007    0.000010    0.000003    0.000006    0.000003    0.000010
   -0.000032    0.000010   -0.000018   -0.134630   -0.000018    0.000155   -0.000000    0.000155
   -0.000018   -0.000003   -0.000018    0.000021   -0.000000    0.000021   -0.000001   -0.000003
   -0.000001    0.000021    0.000007    0.000021   -0.000018   -0.000003   -0.000018    0.000021
   -0.000000    0.000021   -0.000018    0.000006   -0.000018    0.000010   -0.000000    0.000010
   -0.000001    0.000006   -0.000001    0.000010    0.000007    0.000010

    0.000021   -0.000018   -0.000003   -0.000018    0.000021   -0.000000    0.000010   -0.000001
    0.000006   -0.000001    0.000010    0.000007    0.000010   -0.000018    0.000006   -0.000018
    0.000010   -0.000000    0.000155   -0.000018   -0.134630   -0.000018    0.000155   -0.000000
    0.000021   -0.000001   -0.000003   -0.000001    0.000021    0.000007    0.000021   -0.000018
   -0.000003   -0.000018    0.000021   -0.000000    0.000021   -0.000001   -0.000003   -0.000001
    0.000021    0.000007    0.000010    0.000003    0.000006    0.000003    0.000010   -0.000032
    0.000010   -0.000001    0.000006   -0.000001    0.000010    0.000007

    0.000007    0.000021   -0.000001   -0.000003   -0.000001    0.000021    0.000007    0.000010
   -0.000001    0.000006   -0.000001    0.000010   -0.000032    0.000010    0.000003    0.000006
    0.000003    0.000010   -0.000000    0.000155   -0.000018   -0.134630   -0.000018    0.000155
   -0.000000    0.000021   -0.000018   -0.000003   -0.000018    0.000021    0.000007    0.000021
   -0.000001   -0.000003   -0.000001    0.000021   -0.000000    0.000021   -0.000018   -0.000003
   -0.000018    0.000021   -0.000000    0.000010   -0.000018    0.000006   -0.000018    0.000010
    0.000007    0.000010   -0.000001    0.000006   -0.000001    0.000010

    0.000021   -0.000000    0.000021   -0.000018   -0.000003   -0.000018    0.000010    0.000007
    0.000010   -0.000001    0.000006   -0.000001    0.000010   -0.000000    0.000010   -0.000018
    0.000006   -0.000018    0.000155   -0.000000    0.000155   -0.000018   -0.134630   -0.000018
    0.000021    0.000007    0.000021   -0.000001   -0.000003   -0.000001    0.000021   -0.000000
    0.000021   -0.000018   -0.000003   -0.000018    0.000021    0.000007    0.000021   -0.000001
   -0.000003   -0.000001    0.000010   -0.000032    0.000010    0.000003    0.000006    0.000003
    0.000010    0.000007    0.000010   -0.000001    0.000006   -0.000001

   -0.000001    0.000021    0.000007    0.000021   -0.000001   -0.000003   -0.000001    0.000010
    0.000007    0.000010   -0.000001    0.000006    0.000003    0.000010   -0.000032    0.000010
    0.000003    0.000006   -0.000018    0.000155   -0.000000    0.000155   -0.000018   -0.134630
   -0.000018    0.000021   -0.000000    0.000021   -0.000018   -0.000003   -0.000001    0.000021
    0.000007    0.000021   -0.000001   -0.000003   -0.000018    0.000021   -0.000000    0.000021
   -0.000018   -0.000003   -0.000018    0.000010   -0.000000    0.000010   -0.000018    0.000006
   -0.000001    0.000010    0.000007    0.000010   -0.000001    0.000006

    0.000006   -0.000018    0.000010   -0.000000    0.000010   -0.000018   -0.000003   -0.000018
    0.000021   -0.000000    0.000021   -0.000018    0.000006   -0.000001    0.000010    0.000007
    0.000010   -0.000001   -0.000003   -0.000018    0.000021   -0.000000    0.000021   -0.000018
   -0.134630   -0.000018    0.000155   -0.000000    0.000155   -0.000018   -0.000003   -0.000001
    0.000021    0.000007    0.000021   -0.000001    0.000006   -0.000001    0.000010    0.000007
    0.000010   -0.000001   -0.000003   -0.000001    0.000021    0.000007    0.000021   -0.000001
    0.000006    0.000003    0.000010   -0.000032    0.000010    0.000003

    0.000003    0.000006    0.000003    0.000010   -0.000032    0.000010   -0.000001   -0.000003
   -0.000001    0.000021    0.000007    0.000021   -0.000001    0.000006   -0.000001    0.000010
    0.000007    0.000010   -0.000001   -0.000003   -0.000001    0.000021    0.000007    0.000021
   -0.000018   -0.134630   -0.000018    0.000155   -0.000000    0.000155   -0.000018   -0.000003
   -0.000018    0.000021   -0.000000    0.000021   -0.000001    0.000006   -0.000001    0.000010
    0.000007    0.000010   -0.000018   -0.000003   -0.000018    0.000021   -0.000000    0.000021
   -0.000018    0.000006   -0.000018    0.000010   -0.000000    0.000010

    0.000010   -0.000018    0.000006   -0.000018    0.000010   -0.000000    0.000021   -0.000018
   -0.000003   -0.000018    0.000021   -0.000000    0.000010   -0.000001    0.000006   -0.000001
    0.000010    0.000007    0.000021   -0.000018   -0.000003   -0.000018    0.000021   -0.000000
    0.000155   -0.000018   -0.134630   -0.000018    0.000155   -0.000000    0.000021   -0.000001
   -0.000003   -0.000001    0.000021    0.000007    0.000010   -0.000001    0.000006   -0.000001
    0.000010    0.000007    0.000021   -0.000001   -0.000003   -0.000001    0.000021    0.000007
    0.000010    0.000003    0.000006    0.000003    0.000010   -0.000032

   -0.000032    0.000010    0.000003    0.000006    0.000003    0.000010    0.000007    0.000021
   -0.000001   -0.000003   -0.000001    0.000021    0.000007    0.000010   -0.000001    0.000006
   -0.000001    0.000010    0.000007    0.000021   -0.000001   -0.000003   -0.000001    0.000021
   -0.000000    0.000155   -0.000018   -0.134630   -0.000018    0.000155   -0.000000    0.000021
   -0.000018   -0.000003   -0.000018    0.000021    0.000007    0.000010   -0.000001    0.000006
   -0.000001    0.000010   -0.000000    0.000021   -0.000018   -0.000003   -0.000018    0.000021
   -0.000000    0.000010   -0.000018    0.000006   -0.000018    0.000010

    0.000010   -0.000000    0.000010   -0.000018    0.000006   -0.000018    0.000021   -0.000000
    0.000021   -0.000018   -0.000003   -0.000018    0.000010    0.000007    0.000010   -0.000001
    0.000006   -0.000001    0.000021   -0.000000    0.000021   -0.000018   -0.000003   -0.000018
    0.000155   -0.000000    0.000155   -0.000018   -0.134630   -0.000018    0.000021    0.000007
    0.000021   -0.000001   -0.000003   -0.000001    0.000010    0.000007    0.000010   -0.000001
    0.000006   -0.000001    0.000021    0.000007    0.000021   -0.000001   -0.000003   -0.000001
    0.000010   -0.000032    0.000010    0.000003    0.000006    0.000003

    0.000003    0.000010   -0.000032    0.000010    0.000003    0.000006   -0.000001    0.000021
    0.000007    0.000021   -0.000001   -0.000003   -0.000001    0.000010    0.000007    0.000010
   -0.000001    0.000006   -0.000001    0.000021    0.000007    0.000021   -0.000001   -0.000003
   -0.000018    0.000155   -0.000000    0.000155   -0.000018   -0.134630   -0.000018    0.000021
   -0.000000    0.000021   -0.000018   -0.000003   -0.000001    0.000010    0.000007    0.000010
   -0.000001    0.000006   -0.000018    0.000021   -0.000000    0.000021   -0.000018   -0.000003
   -0.000018    0.000010   -0.000000    0.000010   -0.000018    0.000006

    0.000006   -0.000001    0.000010    0.000007    0.000010   -0.000001    0.000006   -0.000018
    0.000010   -0.000000    0.000010   -0.000018   -0.000003   -0.000018    0.000021   -0.000000
    0.000021   -0.000018   -0.000003   -0.000001    0.000021    0.000007    0.000021   -0.000001
   -0.000003   -0.000018    0.000021   -0.000000    0.000021   -0.000018   -0.134630   -0.000018
    0.000155   -0.000000    0.000155   -0.000018    0.000006    0.000003    0.000010   -0.000032
    0.000010    0.000003    0.000006   -0.000001    0.000010    0.000007    0.000010   -0.000001
   -0.000003   -0.000001    0.000021    0.000007    0.000021   -0.000001

   -0.000001    0.000006   -0.000001    0.000010    0.000007    0.000010    0.000003    0.000006
    0.000003    0.000010   -0.000032    0.000010   -0.000001   -0.000003   -0.000001    0.000021
    0.000007    0.000021   -0.000018   -0.000003   -0.000018    0.000021   -0.000000    0.000021
   -0.000001   -0.000003   -0.000001    0.000021    0.000007    0.000021   -0.000018   -0.134630
   -0.000018    0.000155   -0.000000    0.000155   -0.000018    0.000006   -0.000018    0.000010
   -0.000000    0.000010   -0.000001    0.000006   -0.000001    0.000010    0.000007    0.000010
   -0.000018   -0.000003   -0.000018    0.000021   -0.000000    0.000021

    0.000010   -0.000001    0.000006   -0.000001    0.000010    0.000007    0.000010   -0.000018
    0.000006   -0.000018    0.000010   -0.000000    0.000021   -0.000018   -0.000003   -0.000018
    0.000021   -0.000000    0.000021   -0.000001   -0.000003   -0.000001    0.000021    0.000007
    0.000021   -0.000018   -0.000003   -0.000018    0.000021   -0.000000    0.000155   -0.000018
   -0.134630   -0.000018    0.000155   -0.000000    0.000010    0.000003    0.000006    0.000003
    0.000010   -0.000032    0.000010   -0.000001    0.000006   -0.000001    0.000010    0.000007
    0.000021   -0.000001   -0.000003   -0.000001    0.000021    0.000007

    0.000007    0.000010   -0.000001    0.000006   -0.000001    0.000010   -0.000032    0.000010
    0.000003    0.000006    0.000003    0.000010    0.000007    0.000021   -0.000001   -0.000003
   -0.000001    0.000021   -0.000000    0.000021   -0.000018   -0.000003   -0.000018    0.000021
    0.000007    0.000021   -0.000001   -0.000003   -0.000001    0.000021   -0.000000    0.000155
   -0.000018   -0.134630   -0.000018    0.000155   -0.000000    0.000010   -0.000018    0.000006
   -0.000018    0.000010    0.000007    0.000010   -0.000001    0.000006   -0.000001    0.000010
   -0.000000    0.000021   -0.000018   -0.000003   -0.000018    0.000021

    0.000010    0.000007    0.000010   -0.000001    0.000006   -0.000001    0.000010   -0.000000
    0.000010   -0.000018    0.000006   -0.000018    0.000021   -0.000000    0.000021   -0.000018
   -0.000003   -0.000018    0.000021    0.000007    0.000021   -0.000001   -0.000003   -0.000001
    0.000021   -0.000000    0.000021   -0.000018   -0.000003   -0.000018    0.000155   -0.000000
    0.000155   -0.000018   -0.134630   -0.000018    0.000010   -0.000032    0.000010    0.000003
    0.000006    0.000003    0.000010    0.000007    0.000010   -0.000001    0.000006   -0.000001
    0.000021    0.000007    0.000021   -0.000001   -0.000003   -0.000001

   -0.000001    0.000010    0.000007    0.000010   -0.000001    0.000006    0.000003    0.000010
   -0.000032    0.000010    0.000003    0.000006   -0.000001    0.000021    0.000007    0.000021
   -0.000001   -0.000003   -0.000018    0.000021   -0.000000    0.000021   -0.000018   -0.000003
   -0.000001    0.000021    0.000007    0.000021   -0.000001   -0.000003   -0.000018    0.000155
   -0.000000    0.000155   -0.000018   -0.134630   -0.000018    0.000010   -0.000000    0.000010
   -0.000018    0.000006   -0.000001    0.000010    0.000007    0.000010   -0.000001    0.000006
   -0.000018    0.000021   -0.000000    0.000021   -0.000018   -0.000003

   -0.000003   -0.000001    0.000021    0.000007    0.000021   -0.000001    0.000006    0.000003
    0.000010   -0.000032    0.000010    0.000003    0.000006   -0.000001    0.000010    0.000007
    0.000010   -0.000001   -0.000003   -0.000018    0.000021   -0.000000    0.000021   -0.000018
    0.000006   -0.000001    0.000010    0.000007    0.000010   -0.000001    0.000006   -0.000018
    0.000010   -0.000000    0.000010   -0.000018   -0.134630   -0.000018    0.000155   -0.000000
    0.000155   -0.000018   -0.000003   -0.000001    0.000021    0.000007    0.000021   -0.000001
   -0.000003   -0.000018    0.000021   -0.000000    0.000021   -0.000018

   -0.000018   -0.000003   -0.000018    0.000021   -0.000000    0.000021   -0.000018    0.000006
   -0.000018    0.000010   -0.000000    0.000010   -0.000001    0.000006   -0.000001    0.000010
    0.000007    0.000010   -0.000001   -0.000003   -0.000001    0.000021    0.000007    0.000021
   -0.000001    0.000006   -0.000001    0.000010    0.000007    0.000010    0.000003    0.000006
    0.000003    0.000010   -0.000032    0.000010   -0.000018   -0.134630   -0.000018    0.000155
   -0.000000    0.000155   -0.000018   -0.000003   -0.000018    0.000021   -0.000000    0.000021
   -0.000001   -0.000003   -0.000001    0.000021    0.000007    0.000021

    0.000021   -0.000001   -0.000003   -0.000001    0.000021    0.000007    0.000010    0.000003
    0.000006    0.000003    0.000010   -0.000032    0.000010   -0.000001    0.000006   -0.000001
    0.000010    0.000007    0.000021   -0.000018   -0.000003   -0.000018    0.000021   -0.000000
    0.000010   -0.000001    0.000006   -0.000001    0.000010    0.000007    0.000010   -0.000018
    0.000006   -0.000018    0.000010   -0.000000    0.000155   -0.000018   -0.134630   -0.000018
    0.000155   -0.000000    0.000021   -0.000001   -0.000003   -0.000001    0.000021    0.000007
    0.000021   -0.000018   -0.000003   -0.000018    0.000021   -0.000000

   -0.000000    0.000021   -0.000018   -0.000003   -0.000018    0.000021   -0.000000    0.000010
   -0.000018    0.000006   -0.000018    0.000010    0.000007    0.000010   -0.000001    0.000006
   -0.000001    0.000010    0.000007    0.000021   -0.000001   -0.000003   -0.000001    0.000021
    0.000007    0.000010   -0.000001    0.000006   -0.000001    0.000010   -0.000032    0.000010
    0.000003    0.000006    0.000003    0.000010   -0.000000    0.000155   -0.000018   -0.134630
   -0.000018    0.000155   -0.000000    0.000021   -0.000018   -0.000003   -0.000018    0.000021
    0.000007    0.000021   -0.000001   -0.000003   -0.000001    0.000021

    0.000021    0.000007    0.000021   -0.000001   -0.000003   -0.000001    0.000010   -0.000032
    0.000010    0.000003    0.000006    0.000003    0.000010    0.000007    0.000010   -0.000001
    0.000006   -0.000001    0.000021   -0.000000    0.000021   -0.000018   -0.000003   -0.000018
    0.000010    0.000007    0.000010   -0.000001    0.000006   -0.000001    0.000010   -0.000000
    0.000010   -0.000018    0.000006   -0.000018    0.000155   -0.000000    0.000155   -0.000018
   -0.134630   -0.000018    0.000021    0.000007    0.000021   -0.000001   -0.000003   -0.000001
    0.000021   -0.000000    0.000021   -0.000018   -0.000003   -0.000018

   -0.000018    0.000021   -0.000000    0.000021   -0.000018   -0.000003   -0.000018    0.000010
   -0.000000    0.000010   -0.000018    0.000006   -0.000001    0.000010    0.000007    0.000010
   -0.000001    0.000006   -0.000001    0.000021    0.000007    0.000021   -0.000001   -0.000003
   -0.000001    0.000010    0.000007    0.000010   -0.000001    0.000006    0.000003    0.000010
   -0.000032    0.000010    0.000003    0.000006   -0.000018    0.000155   -0.000000    0.000155
   -0.000018   -0.134630   -0.000018    0.000021   -0.000000    0.000021   -0.000018   -0.000003
   -0.000001    0.000021    0.000007    0.000021   -0.000001   -0.000003

    0.000006   -0.000001    0.000010    0.000007    0.000010   -0.000001   -0.000003   -0.000001
    0.000021    0.000007    0.000021   -0.000001    0.000006    0.000003    0.000010   -0.000032
    0.000010    0.000003    0.000006   -0.000018    0.000010   -0.000000    0.000010   -0.000018
   -0.000003   -0.000018    0.000021   -0.000000    0.000021   -0.000018    0.000006   -0.000001
    0.000010    0.000007    0.000010   -0.000001   -0.000003   -0.000018    0.000021   -0.000000
    0.000021   -0.000018   -0.134630   -0.000018    0.000155   -0.000000    0.000155   -0.000018
   -0.000003   -0.000001    0.000021    0.000007    0.000021   -0.000001

   -0.000001    0.000006   -0.000001    0.000010    0.000007    0.000010   -0.000018   -0.000003
   -0.000018    0.000021   -0.000000    0.000021   -0.000018    0.000006   -0.000018    0.000010
   -0.000000    0.000010    0.000003    0.000006    0.000003    0.000010   -0.000032    0.000010
   -0.000001   -0.000003   -0.000001    0.000021    0.000007    0.000021   -0.000001    0.000006
   -0.000001    0.000010    0.000007    0.000010   -0.000001   -0.000003   -0.000001    0.000021
    0.000007    0.000021   -0.000018   -0.134630   -0.000018    0.000155   -0.000000    0.000155
   -0.000018   -0.000003   -0.000018    0.000021   -0.000000    0.000021

    0.000010   -0.000001    0.000006   -0.000001    0.000010    0.000007    0.000021   -0.000001
   -0.000003   -0.000001    0.000021    0.000007    0.000010    0.000003    0.000006    0.000003
    0.000010   -0.000032    0.000010   -0.000018    0.000006   -0.000018    0.000010   -0.000000
    0.000021   -0.000018   -0.000003   -0.000018    0.000021   -0.000000    0.000010   -0.000001
    0.000006   -0.000001    0.000010    0.000007    0.000021   -0.000018   -0.000003   -0.000018
    0.000021   -0.000000    0.000155   -0.000018   -0.134630   -0.000018    0.000155   -0.000000
    0.000021   -0.000001   -0.000003   -0.000001    0.000021    0.000007

    0.000007    0.000010   -0.000001    0.000006   -0.000001    0.000010   -0.000000    0.000021
   -0.000018   -0.000003   -0.000018    0.000021   -0.000000    0.000010   -0.000018    0.000006
   -0.000018    0.000010   -0.000032    0.000010    0.000003    0.000006    0.000003    0.000010
    0.000007    0.000021   -0.000001   -0.000003   -0.000001    0.000021    0.000007    0.000010
   -0.000001    0.000006   -0.000001    0.000010    0.000007    0.000021   -0.000001   -0.000003
   -0.000001    0.000021   -0.000000    0.000155   -0.000018   -0.134630   -0.000018    0.000155
   -0.000000    0.000021   -0.000018   -0.000003   -0.000018    0.000021

    0.000010    0.000007    0.000010   -0.000001    0.000006   -0.000001    0.000021    0.000007
    0.000021   -0.000001   -0.000003   -0.000001    0.000010   -0.000032    0.000010    0.000003
    0.000006    0.000003    0.000010   -0.000000    0.000010   -0.000018    0.000006   -0.000018
    0.000021   -0.000000    0.000021   -0.000018   -0.000003   -0.000018    0.000010    0.000007
    0.000010   -0.000001    0.000006   -0.000001    0.000021   -0.000000    0.000021   -0.000018
   -0.000003   -0.000018    0.000155   -0.000000    0.000155   -0.000018   -0.134630   -0.000018
    0.000021    0.000007    0.000021   -0.000001   -0.000003   -0.000001

   -0.000001    0.000010    0.000007    0.000010   -0.000001    0.000006   -0.000018    0.000021
   -0.000000    0.000021   -0.000018   -0.000003   -0.000018    0.000010   -0.000000    0.000010
   -0.000018    0.000006    0.000003    0.000010   -0.000032    0.000010    0.000003    0.000006
   -0.000001    0.000021    0.000007    0.000021   -0.000001   -0.000003   -0.000001    0.000010
    0.000007    0.000010   -0.000001    0.000006   -0.000001    0.000021    0.000007    0.000021
   -0.000001   -0.000003   -0.000018    0.000155   -0.000000    0.000155   -0.000018   -0.134630
   -0.000018    0.000021   -0.000000    0.000021   -0.000018   -0.000003

    0.000006    0.000003    0.000010   -0.000032    0.000010    0.000003    0.000006   -0.000001
    0.000010    0.000007    0.000010   -0.000001   -0.000003   -0.000001    0.000021    0.000007
    0.000021   -0.000001    0.000006   -0.000001    0.000010    0.000007    0.000010   -0.000001
    0.000006   -0.000018    0.000010   -0.000000    0.000010   -0.000018   -0.000003   -0.000018
    0.000021   -0.000000    0.000021   -0.000018   -0.000003   -0.000001    0.000021    0.000007
    0.000021   -0.000001   -0.000003   -0.000018    0.000021   -0.000000    0.000021   -0.000018
   -0.134630   -0.000018    0.000155   -0.000000    0.000155   -0.000018

   -0.000018    0.000006   -0.000018    0.000010   -0.000000    0.000010   -0.000001    0.000006
   -0.000001    0.000010    0.000007    0.000010   -0.000018   -0.000003   -0.000018    0.000021
   -0.000000    0.000021   -0.000001    0.000006   -0.000001    0.000010    0.000007    0.000010
    0.000003    0.000006    0.000003    0.000010   -0.000032    0.000010   -0.000001   -0.000003
   -0.000001    0.000021    0.000007    0.000021   -0.000018   -0.000003   -0.000018    0.000021
   -0.000000    0.000021   -0.000001   -0.000003   -0.000001    0.000021    0.000007    0.000021
   -0.000018   -0.134630   -0.000018    0.000155   -0.000000    0.000155

    0.000010    0.000003    0.000006    0.000003    0.000010   -0.000032    0.000010   -0.000001
    0.000006   -0.000001    0.000010    0.000007    0.000021   -0.000001   -0.000003   -0.000001
    0.000021    0.000007    0.000010   -0.000001    0.000006   -0.000001    0.000010    0.000007
    0.000010   -0.000018    0.000006   -0.000018    0.000010   -0.000000    0.000021   -0.000018
   -0.000003   -0.000018    0.000021   -0.000000    0.000021   -0.000001   -0.000003   -0.000001
    0.000021    0.000007    0.000021   -0.000018   -0.000003   -0.000018    0.000021   -0.000000
    0.000155   -0.000018   -0.134630   -0.000018    0.000155   -0.000000

   -0.000000    0.000010   -0.000018    0.000006   -0.000018    0.000010    0.000007    0.000010
   -0.000001    0.000006   -0.000001    0.000010   -0.000000    0.000021   -0.000018   -0.000003
   -0.000018    0.000021    0.000007    0.000010   -0.000001    0.000006   -0.000001    0.000010
   -0.000032    0.000010    0.000003    0.000006    0.000003    0.000010    0.000007    0.000021
   -0.000001   -0.000003   -0.000001    0.000021   -0.000000    0.000021   -0.000018   -0.000003
   -0.000018    0.000021    0.000007    0.000021   -0.000001   -0.000003   -0.000001    0.000021
   -0.000000    0.000155   -0.000018   -0.134630   -0.000018    0.000155

    0.000010   -0.000032    0.000010    0.000003    0.000006    0.000003    0.000010    0.000007
    0.000010   -0.000001    0.000006   -0.000001    0.000021    0.000007    0.000021   -0.000001
   -0.000003   -0.000001    0.000010    0.000007    0.000010   -0.000001    0.000006   -0.000001
    0.000010   -0.000000    0.000010   -0.000018    0.000006   -0.000018    0.000021   -0.000000
    0.000021   -0.000018   -0.000003   -0.000018    0.000021    0.000007    0.000021   -0.000001
   -0.000003   -0.000001    0.000021   -0.000000    0.000021   -0.000018   -0.000003   -0.000018
    0.000155   -0.000000    0.000155   -0.000018   -0.134630   -0.000018

   -0.000018    0.000010   -0.000000    0.000010   -0.000018    0.000006   -0.000001    0.000010
    0.000007    0.000010   -0.000001    0.000006   -0.000018    0.000021   -0.000000    0.000021
   -0.000018   -0.000003   -0.000001    0.000010    0.000007    0.000010   -0.000001    0.000006
    0.000003    0.000010   -0.000032    0.000010    0.000003    0.000006   -0.000001    0.000021
    0.000007    0.000021   -0.000001   -0.000003   -0.000018    0.000021   -0.000000    0.000021
   -0.000018   -0.000003   -0.000001    0.000021    0.000007    0.000021   -0.000001   -0.000003
   -0.000018    0.000155   -0.000000    0.000155   -0.000018   -0.134630


        chi0^{-1} matrix :
   -1.250152   -0.039135   -0.068353   -0.012552   -0.068353   -0.039135   -0.020797   -0.015860
   -0.017798   -0.013290   -0.017798   -0.015860   -0.020797   -0.039135   -0.017798   -0.012552
   -0.017798   -0.039135   -0.020797   -0.015860   -0.017798   -0.013290   -0.017798   -0.015860
   -0.003857   -0.007962   -0.007322   -0.005376   -0.007322   -0.007962   -0.003857   -0.015860
   -0.007322   -0.013290   -0.007322   -0.015860   -0.020797   -0.039135   -0.017798   -0.012552
   -0.017798   -0.039135   -0.003857   -0.015860   -0.007322   -0.013290   -0.007322   -0.015860
   -0.003857   -0.039135   -0.007322   -0.012552   -0.007322   -0.039135

   -0.039135   -1.250152   -0.039135   -0.068353   -0.012552   -0.068353   -0.039135   -0.020797
   -0.039135   -0.017798   -0.012552   -0.017798   -0.015860   -0.020797   -0.015860   -0.017798
   -0.013290   -0.017798   -0.039135   -0.020797   -0.039135   -0.017798   -0.012552   -0.017798
   -0.039135   -0.003857   -0.039135   -0.007322   -0.012552   -0.007322   -0.015860   -0.003857
   -0.015860   -0.007322   -0.013290   -0.007322   -0.015860   -0.020797   -0.015860   -0.017798
   -0.013290   -0.017798   -0.015860   -0.003857   -0.015860   -0.007322   -0.013290   -0.007322
   -0.007962   -0.003857   -0.007962   -0.007322   -0.005376   -0.007322

   -0.068353   -0.039135   -1.250152   -0.039135   -0.068353   -0.012552   -0.017798   -0.015860
   -0.020797   -0.015860   -0.017798   -0.013290   -0.017798   -0.039135   -0.020797   -0.039135
   -0.017798   -0.012552   -0.017798   -0.015860   -0.020797   -0.015860   -0.017798   -0.013290
   -0.007322   -0.007962   -0.003857   -0.007962   -0.007322   -0.005376   -0.007322   -0.015860
   -0.003857   -0.015860   -0.007322   -0.013290   -0.017798   -0.039135   -0.020797   -0.039135
   -0.017798   -0.012552   -0.007322   -0.015860   -0.003857   -0.015860   -0.007322   -0.013290
   -0.007322   -0.039135   -0.003857   -0.039135   -0.007322   -0.012552

   -0.012552   -0.068353   -0.039135   -1.250152   -0.039135   -0.068353   -0.012552   -0.017798
   -0.039135   -0.020797   -0.039135   -0.017798   -0.013290   -0.017798   -0.015860   -0.020797
   -0.015860   -0.017798   -0.012552   -0.017798   -0.039135   -0.020797   -0.039135   -0.017798
   -0.012552   -0.007322   -0.039135   -0.003857   -0.039135   -0.007322   -0.013290   -0.007322
   -0.015860   -0.003857   -0.015860   -0.007322   -0.013290   -0.017798   -0.015860   -0.020797
   -0.015860   -0.017798   -0.013290   -0.007322   -0.015860   -0.003857   -0.015860   -0.007322
   -0.005376   -0.007322   -0.007962   -0.003857   -0.007962   -0.007322

   -0.068353   -0.012552   -0.068353   -0.039135   -1.250152   -0.039135   -0.017798   -0.013290
   -0.017798   -0.015860   -0.020797   -0.015860   -0.017798   -0.012552   -0.017798   -0.039135
   -0.020797   -0.039135   -0.017798   -0.013290   -0.017798   -0.015860   -0.020797   -0.015860
   -0.007322   -0.005376   -0.007322   -0.007962   -0.003857   -0.007962   -0.007322   -0.013290
   -0.007322   -0.015860   -0.003857   -0.015860   -0.017798   -0.012552   -0.017798   -0.039135
   -0.020797   -0.039135   -0.007322   -0.013290   -0.007322   -0.015860   -0.003857   -0.015860
   -0.007322   -0.012552   -0.007322   -0.039135   -0.003857   -0.039135

   -0.039135   -0.068353   -0.012552   -0.068353   -0.039135   -1.250152   -0.039135   -0.017798
   -0.012552   -0.017798   -0.039135   -0.020797   -0.015860   -0.017798   -0.013290   -0.017798
   -0.015860   -0.020797   -0.039135   -0.017798   -0.012552   -0.017798   -0.039135   -0.020797
   -0.039135   -0.007322   -0.012552   -0.007322   -0.039135   -0.003857   -0.015860   -0.007322
   -0.013290   -0.007322   -0.015860   -0.003857   -0.015860   -0.017798   -0.013290   -0.017798
   -0.015860   -0.020797   -0.015860   -0.007322   -0.013290   -0.007322   -0.015860   -0.003857
   -0.007962   -0.007322   -0.005376   -0.007322   -0.007962   -0.003857

   -0.020797   -0.039135   -0.017798   -0.012552   -0.017798   -0.039135   -1.250152   -0.039135
   -0.068353   -0.012552   -0.068353   -0.039135   -0.020797   -0.015860   -0.017798   -0.013290
   -0.017798   -0.015860   -0.003857   -0.015860   -0.007322   -0.013290   -0.007322   -0.015860
   -0.020797   -0.015860   -0.017798   -0.013290   -0.017798   -0.015860   -0.003857   -0.007962
   -0.007322   -0.005376   -0.007322   -0.007962   -0.003857   -0.039135   -0.007322   -0.012552
   -0.007322   -0.039135   -0.020797   -0.039135   -0.017798   -0.012552   -0.017798   -0.039135
   -0.003857   -0.015860   -0.007322   -0.013290   -0.007322   -0.015860

   -0.015860   -0.020797   -0.015860   -0.017798   -0.013290   -0.017798   -0.039135   -1.250152
   -0.039135   -0.068353   -0.012552   -0.068353   -0.039135   -0.020797   -0.039135   -0.017798
   -0.012552   -0.017798   -0.015860   -0.003857   -0.015860   -0.007322   -0.013290   -0.007322
   -0.039135   -0.020797   -0.039135   -0.017798   -0.012552   -0.017798   -0.039135   -0.003857
   -0.039135   -0.007322   -0.012552   -0.007322   -0.007962   -0.003857   -0.007962   -0.007322
   -0.005376   -0.007322   -0.015860   -0.020797   -0.015860   -0.017798   -0.013290   -0.017798
   -0.015860   -0.003857   -0.015860   -0.007322   -0.013290   -0.007322

   -0.017798   -0.039135   -0.020797   -0.039135   -0.017798   -0.012552   -0.068353   -0.039135
   -1.250152   -0.039135   -0.068353   -0.012552   -0.017798   -0.015860   -0.020797   -0.015860
   -0.017798   -0.013290   -0.007322   -0.015860   -0.003857   -0.015860   -0.007322   -0.013290
   -0.017798   -0.015860   -0.020797   -0.015860   -0.017798   -0.013290   -0.007322   -0.007962
   -0.003857   -0.007962   -0.007322   -0.005376   -0.007322   -0.039135   -0.003857   -0.039135
   -0.007322   -0.012552   -0.017798   -0.039135   -0.020797   -0.039135   -0.017798   -0.012552
   -0.007322   -0.015860   -0.003857   -0.015860   -0.007322   -0.013290

   -0.013290   -0.017798   -0.015860   -0.020797   -0.015860   -0.017798   -0.012552   -0.068353
   -0.039135   -1.250152   -0.039135   -0.068353   -0.012552   -0.017798   -0.039135   -0.020797
   -0.039135   -0.017798   -0.013290   -0.007322   -0.015860   -0.003857   -0.015860   -0.007322
   -0.012552   -0.017798   -0.039135   -0.020797   -0.039135   -0.017798   -0.012552   -0.007322
   -0.039135   -0.003857   -0.039135   -0.007322   -0.005376   -0.007322   -0.007962   -0.003857
   -0.007962   -0.007322   -0.013290   -0.017798   -0.015860   -0.020797   -0.015860   -0.017798
   -0.013290   -0.007322   -0.015860   -0.003857   -0.015860   -0.007322

   -0.017798   -0.012552   -0.017798   -0.039135   -0.020797   -0.039135   -0.068353   -0.012552
   -0.068353   -0.039135   -1.250152   -0.039135   -0.017798   -0.013290   -0.017798   -0.015860
   -0.020797   -0.015860   -0.007322   -0.013290   -0.007322   -0.015860   -0.003857   -0.015860
   -0.017798   -0.013290   -0.017798   -0.015860   -0.020797   -0.015860   -0.007322   -0.005376
   -0.007322   -0.007962   -0.003857   -0.007962   -0.007322   -0.012552   -0.007322   -0.039135
   -0.003857   -0.039135   -0.017798   -0.012552   -0.017798   -0.039135   -0.020797   -0.039135
   -0.007322   -0.013290   -0.007322   -0.015860   -0.003857   -0.015860

   -0.015860   -0.017798   -0.013290   -0.017798   -0.015860   -0.020797   -0.039135   -0.068353
   -0.012552   -0.068353   -0.039135   -1.250152   -0.039135   -0.017798   -0.012552   -0.017798
   -0.039135   -0.020797   -0.015860   -0.007322   -0.013290   -0.007322   -0.015860   -0.003857
   -0.039135   -0.017798   -0.012552   -0.017798   -0.039135   -0.020797   -0.039135   -0.007322
   -0.012552   -0.007322   -0.039135   -0.003857   -0.007962   -0.007322   -0.005376   -0.007322
   -0.007962   -0.003857   -0.015860   -0.017798   -0.013290   -0.017798   -0.015860   -0.020797
   -0.015860   -0.007322   -0.013290   -0.007322   -0.015860   -0.003857

   -0.020797   -0.015860   -0.017798   -0.013290   -0.017798   -0.015860   -0.020797   -0.039135
   -0.017798   -0.012552   -0.017798   -0.039135   -1.250152   -0.039135   -0.068353   -0.012552
   -0.068353   -0.039135   -0.003857   -0.007962   -0.007322   -0.005376   -0.007322   -0.007962
   -0.003857   -0.015860   -0.007322   -0.013290   -0.007322   -0.015860   -0.020797   -0.015860
   -0.017798   -0.013290   -0.017798   -0.015860   -0.003857   -0.015860   -0.007322   -0.013290
   -0.007322   -0.015860   -0.003857   -0.039135   -0.007322   -0.012552   -0.007322   -0.039135
   -0.020797   -0.039135   -0.017798   -0.012552   -0.017798   -0.039135

   -0.039135   -0.020797   -0.039135   -0.017798   -0.012552   -0.017798   -0.015860   -0.020797
   -0.015860   -0.017798   -0.013290   -0.017798   -0.039135   -1.250152   -0.039135   -0.068353
   -0.012552   -0.068353   -0.039135   -0.003857   -0.039135   -0.007322   -0.012552   -0.007322
   -0.015860   -0.003857   -0.015860   -0.007322   -0.013290   -0.007322   -0.039135   -0.020797
   -0.039135   -0.017798   -0.012552   -0.017798   -0.015860   -0.003857   -0.015860   -0.007322
   -0.013290   -0.007322   -0.007962   -0.003857   -0.007962   -0.007322   -0.005376   -0.007322
   -0.015860   -0.020797   -0.015860   -0.017798   -0.013290   -0.017798

   -0.017798   -0.015860   -0.020797   -0.015860   -0.017798   -0.013290   -0.017798   -0.039135
   -0.020797   -0.039135   -0.017798   -0.012552   -0.068353   -0.039135   -1.250152   -0.039135
   -0.068353   -0.012552   -0.007322   -0.007962   -0.003857   -0.007962   -0.007322   -0.005376
   -0.007322   -0.015860   -0.003857   -0.015860   -0.007322   -0.013290   -0.017798   -0.015860
   -0.020797   -0.015860   -0.017798   -0.013290   -0.007322   -0.015860   -0.003857   -0.015860
   -0.007322   -0.013290   -0.007322   -0.039135   -0.003857   -0.039135   -0.007322   -0.012552
   -0.017798   -0.039135   -0.020797   -0.039135   -0.017798   -0.012552

   -0.012552   -0.017798   -0.039135   -0.020797   -0.039135   -0.017798   -0.013290   -0.017798
   -0.015860   -0.020797   -0.015860   -0.017798   -0.012552   -0.068353   -0.039135   -1.250152
   -0.039135   -0.068353   -0.012552   -0.007322   -0.039135   -0.003857   -0.039135   -0.007322
   -0.013290   -0.007322   -0.015860   -0.003857   -0.015860   -0.007322   -0.012552   -0.017798
   -0.039135   -0.020797   -0.039135   -0.017798   -0.013290   -0.007322   -0.015860   -0.003857
   -0.015860   -0.007322   -0.005376   -0.007322   -0.007962   -0.003857   -0.007962   -0.007322
   -0.013290   -0.017798   -0.015860   -0.020797   -0.015860   -0.017798

   -0.017798   -0.013290   -0.017798   -0.015860   -0.020797   -0.015860   -0.017798   -0.012552
   -0.017798   -0.039135   -0.020797   -0.039135   -0.068353   -0.012552   -0.068353   -0.039135
   -1.250152   -0.039135   -0.007322   -0.005376   -0.007322   -0.007962   -0.003857   -0.007962
   -0.007322   -0.013290   -0.007322   -0.015860   -0.003857   -0.015860   -0.017798   -0.013290
   -0.017798   -0.015860   -0.020797   -0.015860   -0.007322   -0.013290   -0.007322   -0.015860
   -0.003857   -0.015860   -0.007322   -0.012552   -0.007322   -0.039135   -0.003857   -0.039135
   -0.017798   -0.012552   -0.017798   -0.039135   -0.020797   -0.039135

   -0.039135   -0.017798   -0.012552   -0.017798   -0.039135   -0.020797   -0.015860   -0.017798
   -0.013290   -0.017798   -0.015860   -0.020797   -0.039135   -0.068353   -0.012552   -0.068353
   -0.039135   -1.250152   -0.039135   -0.007322   -0.012552   -0.007322   -0.039135   -0.003857
   -0.015860   -0.007322   -0.013290   -0.007322   -0.015860   -0.003857   -0.039135   -0.017798
   -0.012552   -0.017798   -0.039135   -0.020797   -0.015860   -0.007322   -0.013290   -0.007322
   -0.015860   -0.003857   -0.007962   -0.007322   -0.005376   -0.007322   -0.007962   -0.003857
   -0.015860   -0.017798   -0.013290   -0.017798   -0.015860   -0.020797

   -0.020797   -0.039135   -0.017798   -0.012552   -0.017798   -0.039135   -0.003857   -0.015860
   -0.007322   -0.013290   -0.007322   -0.015860   -0.003857   -0.039135   -0.007322   -0.012552
   -0.007322   -0.039135   -1.250152   -0.039135   -0.068353   -0.012552   -0.068353   -0.039135
   -0.020797   -0.015860   -0.017798   -0.013290   -0.017798   -0.015860   -0.020797   -0.039135
   -0.017798   -0.012552   -0.017798   -0.039135   -0.020797   -0.015860   -0.017798   -0.013290
   -0.017798   -0.015860   -0.003857   -0.007962   -0.007322   -0.005376   -0.007322   -0.007962
   -0.003857   -0.015860   -0.007322   -0.013290   -0.007322   -0.015860

   -0.015860   -0.020797   -0.015860   -0.017798   -0.013290   -0.017798   -0.015860   -0.003857
   -0.015860   -0.007322   -0.013290   -0.007322   -0.007962   -0.003857   -0.007962   -0.007322
   -0.005376   -0.007322   -0.039135   -1.250152   -0.039135   -0.068353   -0.012552   -0.068353
   -0.039135   -0.020797   -0.039135   -0.017798   -0.012552   -0.017798   -0.015860   -0.020797
   -0.015860   -0.017798   -0.013290   -0.017798   -0.039135   -0.020797   -0.039135   -0.017798
   -0.012552   -0.017798   -0.039135   -0.003857   -0.039135   -0.007322   -0.012552   -0.007322
   -0.015860   -0.003857   -0.015860   -0.007322   -0.013290   -0.007322

   -0.017798   -0.039135   -0.020797   -0.039135   -0.017798   -0.012552   -0.007322   -0.015860
   -0.003857   -0.015860   -0.007322   -0.013290   -0.007322   -0.039135   -0.003857   -0.039135
   -0.007322   -0.012552   -0.068353   -0.039135   -1.250152   -0.039135   -0.068353   -0.012552
   -0.017798   -0.015860   -0.020797   -0.015860   -0.017798   -0.013290   -0.017798   -0.039135
   -0.020797   -0.039135   -0.017798   -0.012552   -0.017798   -0.015860   -0.020797   -0.015860
   -0.017798   -0.013290   -0.007322   -0.007962   -0.003857   -0.007962   -0.007322   -0.005376
   -0.007322   -0.015860   -0.003857   -0.015860   -0.007322   -0.013290

   -0.013290   -0.017798   -0.015860   -0.020797   -0.015860   -0.017798   -0.013290   -0.007322
   -0.015860   -0.003857   -0.015860   -0.007322   -0.005376   -0.007322   -0.007962   -0.003857
   -0.007962   -0.007322   -0.012552   -0.068353   -0.039135   -1.250152   -0.039135   -0.068353
   -0.012552   -0.017798   -0.039135   -0.020797   -0.039135   -0.017798   -0.013290   -0.017798
   -0.015860   -0.020797   -0.015860   -0.017798   -0.012552   -0.017798   -0.039135   -0.020797
   -0.039135   -0.017798   -0.012552   -0.007322   -0.039135   -0.003857   -0.039135   -0.007322
   -0.013290   -0.007322   -0.015860   -0.003857   -0.015860   -0.007322

   -0.017798   -0.012552   -0.017798   -0.039135   -0.020797   -0.039135   -0.007322   -0.013290
   -0.007322   -0.015860   -0.003857   -0.015860   -0.007322   -0.012552   -0.007322   -0.039135
   -0.003857   -0.039135   -0.068353   -0.012552   -0.068353   -0.039135   -1.250152   -0.039135
   -0.017798   -0.013290   -0.017798   -0.015860   -0.020797   -0.015860   -0.017798   -0.012552
   -0.017798   -0.039135   -0.020797   -0.039135   -0.017798   -0.013290   -0.017798   -0.015860
   -0.020797   -0.015860   -0.007322   -0.005376   -0.007322   -0.007962   -0.003857   -0.007962
   -0.007322   -0.013290   -0.007322   -0.015860   -0.003857   -0.015860

   -0.015860   -0.017798   -0.013290   -0.017798   -0.015860   -0.020797   -0.015860   -0.007322
   -0.013290   -0.007322   -0.015860   -0.003857   -0.007962   -0.007322   -0.005376   -0.007322
   -0.007962   -0.003857   -0.039135   -0.068353   -0.012552   -0.068353   -0.039135   -1.250152
   -0.039135   -0.017798   -0.012552   -0.017798   -0.039135   -0.020797   -0.015860   -0.017798
   -0.013290   -0.017798   -0.015860   -0.020797   -0.039135   -0.017798   -0.012552   -0.017798
   -0.039135   -0.020797   -0.039135   -0.007322   -0.012552   -0.007322   -0.039135   -0.003857
   -0.015860   -0.007322   -0.013290   -0.007322   -0.015860   -0.003857

   -0.003857   -0.039135   -0.007322   -0.012552   -0.007322   -0.039135   -0.020797   -0.039135
   -0.017798   -0.012552   -0.017798   -0.039135   -0.003857   -0.015860   -0.007322   -0.013290
   -0.007322   -0.015860   -0.020797   -0.039135   -0.017798   -0.012552   -0.017798   -0.039135
   -1.250152   -0.039135   -0.068353   -0.012552   -0.068353   -0.039135   -0.020797   -0.015860
   -0.017798   -0.013290   -0.017798   -0.015860   -0.003857   -0.015860   -0.007322   -0.013290
   -0.007322   -0.015860   -0.020797   -0.015860   -0.017798   -0.013290   -0.017798   -0.015860
   -0.003857   -0.007962   -0.007322   -0.005376   -0.007322   -0.007962

   -0.007962   -0.003857   -0.007962   -0.007322   -0.005376   -0.007322   -0.015860   -0.020797
   -0.015860   -0.017798   -0.013290   -0.017798   -0.015860   -0.003857   -0.015860   -0.007322
   -0.013290   -0.007322   -0.015860   -0.020797   -0.015860   -0.017798   -0.013290   -0.017798
   -0.039135   -1.250152   -0.039135   -0.068353   -0.012552   -0.068353   -0.039135   -0.020797
   -0.039135   -0.017798   -0.012552   -0.017798   -0.015860   -0.003857   -0.015860   -0.007322
   -0.013290   -0.007322   -0.039135   -0.020797   -0.039135   -0.017798   -0.012552   -0.017798
   -0.039135   -0.003857   -0.039135   -0.007322   -0.012552   -0.007322

   -0.007322   -0.039135   -0.003857   -0.039135   -0.007322   -0.012552   -0.017798   -0.039135
   -0.020797   -0.039135   -0.017798   -0.012552   -0.007322   -0.015860   -0.003857   -0.015860
   -0.007322   -0.013290   -0.017798   -0.039135   -0.020797   -0.039135   -0.017798   -0.012552
   -0.068353   -0.039135   -1.250152   -0.039135   -0.068353   -0.012552   -0.017798   -0.015860
   -0.020797   -0.015860   -0.017798   -0.013290   -0.007322   -0.015860   -0.003857   -0.015860
   -0.007322   -0.013290   -0.017798   -0.015860   -0.020797   -0.015860   -0.017798   -0.013290
   -0.007322   -0.007962   -0.003857   -0.007962   -0.007322   -0.005376

   -0.005376   -0.007322   -0.007962   -0.003857   -0.007962   -0.007322   -0.013290   -0.017798
   -0.015860   -0.020797   -0.015860   -0.017798   -0.013290   -0.007322   -0.015860   -0.003857
   -0.015860   -0.007322   -0.013290   -0.017798   -0.015860   -0.020797   -0.015860   -0.017798
   -0.012552   -0.068353   -0.039135   -1.250152   -0.039135   -0.068353   -0.012552   -0.017798
   -0.039135   -0.020797   -0.039135   -0.017798   -0.013290   -0.007322   -0.015860   -0.003857
   -0.015860   -0.007322   -0.012552   -0.017798   -0.039135   -0.020797   -0.039135   -0.017798
   -0.012552   -0.007322   -0.039135   -0.003857   -0.039135   -0.007322

   -0.007322   -0.012552   -0.007322   -0.039135   -0.003857   -0.039135   -0.017798   -0.012552
   -0.017798   -0.039135   -0.020797   -0.039135   -0.007322   -0.013290   -0.007322   -0.015860
   -0.003857   -0.015860   -0.017798   -0.012552   -0.017798   -0.039135   -0.020797   -0.039135
   -0.068353   -0.012552   -0.068353   -0.039135   -1.250152   -0.039135   -0.017798   -0.013290
   -0.017798   -0.015860   -0.020797   -0.015860   -0.007322   -0.013290   -0.007322   -0.015860
   -0.003857   -0.015860   -0.017798   -0.013290   -0.017798   -0.015860   -0.020797   -0.015860
   -0.007322   -0.005376   -0.007322   -0.007962   -0.003857   -0.007962

   -0.007962   -0.007322   -0.005376   -0.007322   -0.007962   -0.003857   -0.015860   -0.017798
   -0.013290   -0.017798   -0.015860   -0.020797   -0.015860   -0.007322   -0.013290   -0.007322
   -0.015860   -0.003857   -0.015860   -0.017798   -0.013290   -0.017798   -0.015860   -0.020797
   -0.039135   -0.068353   -0.012552   -0.068353   -0.039135   -1.250152   -0.039135   -0.017798
   -0.012552   -0.017798   -0.039135   -0.020797   -0.015860   -0.007322   -0.013290   -0.007322
   -0.015860   -0.003857   -0.039135   -0.017798   -0.012552   -0.017798   -0.039135   -0.020797
   -0.039135   -0.007322   -0.012552   -0.007322   -0.039135   -0.003857

   -0.003857   -0.015860   -0.007322   -0.013290   -0.007322   -0.015860   -0.003857   -0.039135
   -0.007322   -0.012552   -0.007322   -0.039135   -0.020797   -0.039135   -0.017798   -0.012552
   -0.017798   -0.039135   -0.020797   -0.015860   -0.017798   -0.013290   -0.017798   -0.015860
   -0.020797   -0.039135   -0.017798   -0.012552   -0.017798   -0.039135   -1.250152   -0.039135
   -0.068353   -0.012552   -0.068353   -0.039135   -0.003857   -0.007962   -0.007322   -0.005376
   -0.007322   -0.007962   -0.003857   -0.015860   -0.007322   -0.013290   -0.007322   -0.015860
   -0.020797   -0.015860   -0.017798   -0.013290   -0.017798   -0.015860

   -0.015860   -0.003857   -0.015860   -0.007322   -0.013290   -0.007322   -0.007962   -0.003857
   -0.007962   -0.007322   -0.005376   -0.007322   -0.015860   -0.020797   -0.015860   -0.017798
   -0.013290   -0.017798   -0.039135   -0.020797   -0.039135   -0.017798   -0.012552   -0.017798
   -0.015860   -0.020797   -0.015860   -0.017798   -0.013290   -0.017798   -0.039135   -1.250152
   -0.039135   -0.068353   -0.012552   -0.068353   -0.039135   -0.003857   -0.039135   -0.007322
   -0.012552   -0.007322   -0.015860   -0.003857   -0.015860   -0.007322   -0.013290   -0.007322
   -0.039135   -0.020797   -0.039135   -0.017798   -0.012552   -0.017798

   -0.007322   -0.015860   -0.003857   -0.015860   -0.007322   -0.013290   -0.007322   -0.039135
   -0.003857   -0.039135   -0.007322   -0.012552   -0.017798   -0.039135   -0.020797   -0.039135
   -0.017798   -0.012552   -0.017798   -0.015860   -0.020797   -0.015860   -0.017798   -0.013290
   -0.017798   -0.039135   -0.020797   -0.039135   -0.017798   -0.012552   -0.068353   -0.039135
   -1.250152   -0.039135   -0.068353   -0.012552   -0.007322   -0.007962   -0.003857   -0.007962
   -0.007322   -0.005376   -0.007322   -0.015860   -0.003857   -0.015860   -0.007322   -0.013290
   -0.017798   -0.015860   -0.020797   -0.015860   -0.017798   -0.013290

   -0.013290   -0.007322   -0.015860   -0.003857   -0.015860   -0.007322   -0.005376   -0.007322
   -0.007962   -0.003857   -0.007962   -0.007322   -0.013290   -0.017798   -0.015860   -0.020797
   -0.015860   -0.017798   -0.012552   -0.017798   -0.039135   -0.020797   -0.039135   -0.017798
   -0.013290   -0.017798   -0.015860   -0.020797   -0.015860   -0.017798   -0.012552   -0.068353
   -0.039135   -1.250152   -0.039135   -0.068353   -0.012552   -0.007322   -0.039135   -0.003857
   -0.039135   -0.007322   -0.013290   -0.007322   -0.015860   -0.003857   -0.015860   -0.007322
   -0.012552   -0.017798   -0.039135   -0.020797   -0.039135   -0.017798

   -0.007322   -0.013290   -0.007322   -0.015860   -0.003857   -0.015860   -0.007322   -0.012552
   -0.007322   -0.039135   -0.003857   -0.039135   -0.017798   -0.012552   -0.017798   -0.039135
   -0.020797   -0.039135   -0.017798   -0.013290   -0.017798   -0.015860   -0.020797   -0.015860
   -0.017798   -0.012552   -0.017798   -0.039135   -0.020797   -0.039135   -0.068353   -0.012552
   -0.068353   -0.039135   -1.250152   -0.039135   -0.007322   -0.005376   -0.007322   -0.007962
   -0.003857   -0.007962   -0.007322   -0.013290   -0.007322   -0.015860   -0.003857   -0.015860
   -0.017798   -0.013290   -0.017798   -0.015860   -0.020797   -0.015860

   -0.015860   -0.007322   -0.013290   -0.007322   -0.015860   -0.003857   -0.007962   -0.007322
   -0.005376   -0.007322   -0.007962   -0.003857   -0.015860   -0.017798   -0.013290   -0.017798
   -0.015860   -0.020797   -0.039135   -0.017798   -0.012552   -0.017798   -0.039135   -0.020797
   -0.015860   -0.017798   -0.013290   -0.017798   -0.015860   -0.020797   -0.039135   -0.068353
   -0.012552   -0.068353   -0.039135   -1.250152   -0.039135   -0.007322   -0.012552   -0.007322
   -0.039135   -0.003857   -0.015860   -0.007322   -0.013290   -0.007322   -0.015860   -0.003857
   -0.039135   -0.017798   -0.012552   -0.017798   -0.039135   -0.020797

   -0.020797   -0.015860   -0.017798   -0.013290   -0.017798   -0.015860   -0.003857   -0.007962
   -0.007322   -0.005376   -0.007322   -0.007962   -0.003857   -0.015860   -0.007322   -0.013290
   -0.007322   -0.015860   -0.020797   -0.039135   -0.017798   -0.012552   -0.017798   -0.039135
   -0.003857   -0.015860   -0.007322   -0.013290   -0.007322   -0.015860   -0.003857   -0.039135
   -0.007322   -0.012552   -0.007322   -0.039135   -1.250152   -0.039135   -0.068353   -0.012552
   -0.068353   -0.039135   -0.020797   -0.015860   -0.017798   -0.013290   -0.017798   -0.015860
   -0.020797   -0.039135   -0.017798   -0.012552   -0.017798   -0.039135

   -0.039135   -0.020797   -0.039135   -0.017798   -0.012552   -0.017798   -0.039135   -0.003857
   -0.039135   -0.007322   -0.012552   -0.007322   -0.015860   -0.003857   -0.015860   -0.007322
   -0.013290   -0.007322   -0.015860   -0.020797   -0.015860   -0.017798   -0.013290   -0.017798
   -0.015860   -0.003857   -0.015860   -0.007322   -0.013290   -0.007322   -0.007962   -0.003857
   -0.007962   -0.007322   -0.005376   -0.007322   -0.039135   -1.250152   -0.039135   -0.068353
   -0.012552   -0.068353   -0.039135   -0.020797   -0.039135   -0.017798   -0.012552   -0.017798
   -0.015860   -0.020797   -0.015860   -0.017798   -0.013290   -0.017798

   -0.017798   -0.015860   -0.020797   -0.015860   -0.017798   -0.013290   -0.007322   -0.007962
   -0.003857   -0.007962   -0.007322   -0.005376   -0.007322   -0.015860   -0.003857   -0.015860
   -0.007322   -0.013290   -0.017798   -0.039135   -0.020797   -0.039135   -0.017798   -0.012552
   -0.007322   -0.015860   -0.003857   -0.015860   -0.007322   -0.013290   -0.007322   -0.039135
   -0.003857   -0.039135   -0.007322   -0.012552   -0.068353   -0.039135   -1.250152   -0.039135
   -0.068353   -0.012552   -0.017798   -0.015860   -0.020797   -0.015860   -0.017798   -0.013290
   -0.017798   -0.039135   -0.020797   -0.039135   -0.017798   -0.012552

   -0.012552   -0.017798   -0.039135   -0.020797   -0.039135   -0.017798   -0.012552   -0.007322
   -0.039135   -0.003857   -0.039135   -0.007322   -0.013290   -0.007322   -0.015860   -0.003857
   -0.015860   -0.007322   -0.013290   -0.017798   -0.015860   -0.020797   -0.015860   -0.017798
   -0.013290   -0.007322   -0.015860   -0.003857   -0.015860   -0.007322   -0.005376   -0.007322
   -0.007962   -0.003857   -0.007962   -0.007322   -0.012552   -0.068353   -0.039135   -1.250152
   -0.039135   -0.068353   -0.012552   -0.017798   -0.039135   -0.020797   -0.039135   -0.017798
   -0.013290   -0.017798   -0.015860   -0.020797   -0.015860   -0.017798

   -0.017798   -0.013290   -0.017798   -0.015860   -0.020797   -0.015860   -0.007322   -0.005376
   -0.007322   -0.007962   -0.003857   -0.007962   -0.007322   -0.013290   -0.007322   -0.015860
   -0.003857   -0.015860   -0.017798   -0.012552   -0.017798   -0.039135   -0.020797   -0.039135
   -0.007322   -0.013290   -0.007322   -0.015860   -0.003857   -0.015860   -0.007322   -0.012552
   -0.007322   -0.039135   -0.003857   -0.039135   -0.068353   -0.012552   -0.068353   -0.039135
   -1.250152   -0.039135   -0.017798   -0.013290   -0.017798   -0.015860   -0.020797   -0.015860
   -0.017798   -0.012552   -0.017798   -0.039135   -0.020797   -0.039135

   -0.039135   -0.017798   -0.012552   -0.017798   -0.039135   -0.020797   -0.039135   -0.007322
   -0.012552   -0.007322   -0.039135   -0.003857   -0.015860   -0.007322   -0.013290   -0.007322
   -0.015860   -0.003857   -0.015860   -0.017798   -0.013290   -0.017798   -0.015860   -0.020797
   -0.015860   -0.007322   -0.013290   -0.007322   -0.015860   -0.003857   -0.007962   -0.007322
   -0.005376   -0.007322   -0.007962   -0.003857   -0.039135   -0.068353   -0.012552   -0.068353
   -0.039135   -1.250152   -0.039135   -0.017798   -0.012552   -0.017798   -0.039135   -0.020797
   -0.015860   -0.017798   -0.013290   -0.017798   -0.015860   -0.020797

   -0.003857   -0.015860   -0.007322   -0.013290   -0.007322   -0.015860   -0.020797   -0.015860
   -0.017798   -0.013290   -0.017798   -0.015860   -0.003857   -0.007962   -0.007322   -0.005376
   -0.007322   -0.007962   -0.003857   -0.039135   -0.007322   -0.012552   -0.007322   -0.039135
   -0.020797   -0.039135   -0.017798   -0.012552   -0.017798   -0.039135   -0.003857   -0.015860
   -0.007322   -0.013290   -0.007322   -0.015860   -0.020797   -0.039135   -0.017798   -0.012552
   -0.017798   -0.039135   -1.250152   -0.039135   -0.068353   -0.012552   -0.068353   -0.039135
   -0.020797   -0.015860   -0.017798   -0.013290   -0.017798   -0.015860

   -0.015860   -0.003857   -0.015860   -0.007322   -0.013290   -0.007322   -0.039135   -0.020797
   -0.039135   -0.017798   -0.012552   -0.017798   -0.039135   -0.003857   -0.039135   -0.007322
   -0.012552   -0.007322   -0.007962   -0.003857   -0.007962   -0.007322   -0.005376   -0.007322
   -0.015860   -0.020797   -0.015860   -0.017798   -0.013290   -0.017798   -0.015860   -0.003857
   -0.015860   -0.007322   -0.013290   -0.007322   -0.015860   -0.020797   -0.015860   -0.017798
   -0.013290   -0.017798   -0.039135   -1.250152   -0.039135   -0.068353   -0.012552   -0.068353
   -0.039135   -0.020797   -0.039135   -0.017798   -0.012552   -0.017798

   -0.007322   -0.015860   -0.003857   -0.015860   -0.007322   -0.013290   -0.017798   -0.015860
   -0.020797   -0.015860   -0.017798   -0.013290   -0.007322   -0.007962   -0.003857   -0.007962
   -0.007322   -0.005376   -0.007322   -0.039135   -0.003857   -0.039135   -0.007322   -0.012552
   -0.017798   -0.039135   -0.020797   -0.039135   -0.017798   -0.012552   -0.007322   -0.015860
   -0.003857   -0.015860   -0.007322   -0.013290   -0.017798   -0.039135   -0.020797   -0.039135
   -0.017798   -0.012552   -0.068353   -0.039135   -1.250152   -0.039135   -0.068353   -0.012552
   -0.017798   -0.015860   -0.020797   -0.015860   -0.017798   -0.013290

   -0.013290   -0.007322   -0.015860   -0.003857   -0.015860   -0.007322   -0.012552   -0.017798
   -0.039135   -0.020797   -0.039135   -0.017798   -0.012552   -0.007322   -0.039135   -0.003857
   -0.039135   -0.007322   -0.005376   -0.007322   -0.007962   -0.003857   -0.007962   -0.007322
   -0.013290   -0.017798   -0.015860   -0.020797   -0.015860   -0.017798   -0.013290   -0.007322
   -0.015860   -0.003857   -0.015860   -0.007322   -0.013290   -0.017798   -0.015860   -0.020797
   -0.015860   -0.017798   -0.012552   -0.068353   -0.039135   -1.250152   -0.039135   -0.068353
   -0.012552   -0.017798   -0.039135   -0.020797   -0.039135   -0.017798

   -0.007322   -0.013290   -0.007322   -0.015860   -0.003857   -0.015860   -0.017798   -0.013290
   -0.017798   -0.015860   -0.020797   -0.015860   -0.007322   -0.005376   -0.007322   -0.007962
   -0.003857   -0.007962   -0.007322   -0.012552   -0.007322   -0.039135   -0.003857   -0.039135
   -0.017798   -0.012552   -0.017798   -0.039135   -0.020797   -0.039135   -0.007322   -0.013290
   -0.007322   -0.015860   -0.003857   -0.015860   -0.017798   -0.012552   -0.017798   -0.039135
   -0.020797   -0.039135   -0.068353   -0.012552   -0.068353   -0.039135   -1.250152   -0.039135
   -0.017798   -0.013290   -0.017798   -0.015860   -0.020797   -0.015860

   -0.015860   -0.007322   -0.013290   -0.007322   -0.015860   -0.003857   -0.039135   -0.017798
   -0.012552   -0.017798   -0.039135   -0.020797   -0.039135   -0.007322   -0.012552   -0.007322
   -0.039135   -0.003857   -0.007962   -0.007322   -0.005376   -0.007322   -0.007962   -0.003857
   -0.015860   -0.017798   -0.013290   -0.017798   -0.015860   -0.020797   -0.015860   -0.007322
   -0.013290   -0.007322   -0.015860   -0.003857   -0.015860   -0.017798   -0.013290   -0.017798
   -0.015860   -0.020797   -0.039135   -0.068353   -0.012552   -0.068353   -0.039135   -1.250152
   -0.039135   -0.017798   -0.012552   -0.017798   -0.039135   -0.020797

   -0.003857   -0.007962   -0.007322   -0.005376   -0.007322   -0.007962   -0.003857   -0.015860
   -0.007322   -0.013290   -0.007322   -0.015860   -0.020797   -0.015860   -0.017798   -0.013290
   -0.017798   -0.015860   -0.003857   -0.015860   -0.007322   -0.013290   -0.007322   -0.015860
   -0.003857   -0.039135   -0.007322   -0.012552   -0.007322   -0.039135   -0.020797   -0.039135
   -0.017798   -0.012552   -0.017798   -0.039135   -0.020797   -0.015860   -0.017798   -0.013290
   -0.017798   -0.015860   -0.020797   -0.039135   -0.017798   -0.012552   -0.017798   -0.039135
   -1.250152   -0.039135   -0.068353   -0.012552   -0.068353   -0.039135

   -0.039135   -0.003857   -0.039135   -0.007322   -0.012552   -0.007322   -0.015860   -0.003857
   -0.015860   -0.007322   -0.013290   -0.007322   -0.039135   -0.020797   -0.039135   -0.017798
   -0.012552   -0.017798   -0.015860   -0.003857   -0.015860   -0.007322   -0.013290   -0.007322
   -0.007962   -0.003857   -0.007962   -0.007322   -0.005376   -0.007322   -0.015860   -0.020797
   -0.015860   -0.017798   -0.013290   -0.017798   -0.039135   -0.020797   -0.039135   -0.017798
   -0.012552   -0.017798   -0.015860   -0.020797   -0.015860   -0.017798   -0.013290   -0.017798
   -0.039135   -1.250152   -0.039135   -0.068353   -0.012552   -0.068353

   -0.007322   -0.007962   -0.003857   -0.007962   -0.007322   -0.005376   -0.007322   -0.015860
   -0.003857   -0.015860   -0.007322   -0.013290   -0.017798   -0.015860   -0.020797   -0.015860
   -0.017798   -0.013290   -0.007322   -0.015860   -0.003857   -0.015860   -0.007322   -0.013290
   -0.007322   -0.039135   -0.003857   -0.039135   -0.007322   -0.012552   -0.017798   -0.039135
   -0.020797   -0.039135   -0.017798   -0.012552   -0.017798   -0.015860   -0.020797   -0.015860
   -0.017798   -0.013290   -0.017798   -0.039135   -0.020797   -0.039135   -0.017798   -0.012552
   -0.068353   -0.039135   -1.250152   -0.039135   -0.068353   -0.012552

   -0.012552   -0.007322   -0.039135   -0.003857   -0.039135   -0.007322   -0.013290   -0.007322
   -0.015860   -0.003857   -0.015860   -0.007322   -0.012552   -0.017798   -0.039135   -0.020797
   -0.039135   -0.017798   -0.013290   -0.007322   -0.015860   -0.003857   -0.015860   -0.007322
   -0.005376   -0.007322   -0.007962   -0.003857   -0.007962   -0.007322   -0.013290   -0.017798
   -0.015860   -0.020797   -0.015860   -0.017798   -0.012552   -0.017798   -0.039135   -0.020797
   -0.039135   -0.017798   -0.013290   -0.017798   -0.015860   -0.020797   -0.015860   -0.017798
   -0.012552   -0.068353   -0.039135   -1.250152   -0.039135   -0.068353

   -0.007322   -0.005376   -0.007322   -0.007962   -0.003857   -0.007962   -0.007322   -0.013290
   -0.007322   -0.015860   -0.003857   -0.015860   -0.017798   -0.013290   -0.017798   -0.015860
   -0.020797   -0.015860   -0.007322   -0.013290   -0.007322   -0.015860   -0.003857   -0.015860
   -0.007322   -0.012552   -0.007322   -0.039135   -0.003857   -0.039135   -0.017798   -0.012552
   -0.017798   -0.039135   -0.020797   -0.039135   -0.017798   -0.013290   -0.017798   -0.015860
   -0.020797   -0.015860   -0.017798   -0.012552   -0.017798   -0.039135   -0.020797   -0.039135
   -0.068353   -0.012552   -0.068353   -0.039135   -1.250152   -0.039135

   -0.039135   -0.007322   -0.012552   -0.007322   -0.039135   -0.003857   -0.015860   -0.007322
   -0.013290   -0.007322   -0.015860   -0.003857   -0.039135   -0.017798   -0.012552   -0.017798
   -0.039135   -0.020797   -0.015860   -0.007322   -0.013290   -0.007322   -0.015860   -0.003857
   -0.007962   -0.007322   -0.005376   -0.007322   -0.007962   -0.003857   -0.015860   -0.017798
   -0.013290   -0.017798   -0.015860   -0.020797   -0.039135   -0.017798   -0.012552   -0.017798
   -0.039135   -0.020797   -0.015860   -0.017798   -0.013290   -0.017798   -0.015860   -0.020797
   -0.039135   -0.068353   -0.012552   -0.068353   -0.039135   -1.250152


        chi^{-1} matrix :
   -7.427813    0.000978   -0.008551    0.000015   -0.008551    0.000978    0.000176    0.000053
   -0.001159   -0.000403   -0.001159    0.000053    0.000176    0.000978   -0.001159    0.000015
   -0.001159    0.000978    0.000176    0.000053   -0.001159   -0.000403   -0.001159    0.000053
   -0.000335   -0.000172   -0.000548    0.001745   -0.000548   -0.000172   -0.000335    0.000053
   -0.000548   -0.000403   -0.000548    0.000053    0.000176    0.000978   -0.001159    0.000015
   -0.001159    0.000978   -0.000335    0.000053   -0.000548   -0.000403   -0.000548    0.000053
   -0.000335    0.000978   -0.000548    0.000015   -0.000548    0.000978

    0.000978   -7.427813    0.000978   -0.008551    0.000015   -0.008551    0.000978    0.000176
    0.000978   -0.001159    0.000015   -0.001159    0.000053    0.000176    0.000053   -0.001159
   -0.000403   -0.001159    0.000978    0.000176    0.000978   -0.001159    0.000015   -0.001159
    0.000978   -0.000335    0.000978   -0.000548    0.000015   -0.000548    0.000053   -0.000335
    0.000053   -0.000548   -0.000403   -0.000548    0.000053    0.000176    0.000053   -0.001159
   -0.000403   -0.001159    0.000053   -0.000335    0.000053   -0.000548   -0.000403   -0.000548
   -0.000172   -0.000335   -0.000172   -0.000548    0.001745   -0.000548

   -0.008551    0.000978   -7.427813    0.000978   -0.008551    0.000015   -0.001159    0.000053
    0.000176    0.000053   -0.001159   -0.000403   -0.001159    0.000978    0.000176    0.000978
   -0.001159    0.000015   -0.001159    0.000053    0.000176    0.000053   -0.001159   -0.000403
   -0.000548   -0.000172   -0.000335   -0.000172   -0.000548    0.001745   -0.000548    0.000053
   -0.000335    0.000053   -0.000548   -0.000403   -0.001159    0.000978    0.000176    0.000978
   -0.001159    0.000015   -0.000548    0.000053   -0.000335    0.000053   -0.000548   -0.000403
   -0.000548    0.000978   -0.000335    0.000978   -0.000548    0.000015

    0.000015   -0.008551    0.000978   -7.427813    0.000978   -0.008551    0.000015   -0.001159
    0.000978    0.000176    0.000978   -0.001159   -0.000403   -0.001159    0.000053    0.000176
    0.000053   -0.001159    0.000015   -0.001159    0.000978    0.000176    0.000978   -0.001159
    0.000015   -0.000548    0.000978   -0.000335    0.000978   -0.000548   -0.000403   -0.000548
    0.000053   -0.000335    0.000053   -0.000548   -0.000403   -0.001159    0.000053    0.000176
    0.000053   -0.001159   -0.000403   -0.000548    0.000053   -0.000335    0.000053   -0.000548
    0.001745   -0.000548   -0.000172   -0.000335   -0.000172   -0.000548

   -0.008551    0.000015   -0.008551    0.000978   -7.427813    0.000978   -0.001159   -0.000403
   -0.001159    0.000053    0.000176    0.000053   -0.001159    0.000015   -0.001159    0.000978
    0.000176    0.000978   -0.001159   -0.000403   -0.001159    0.000053    0.000176    0.000053
   -0.000548    0.001745   -0.000548   -0.000172   -0.000335   -0.000172   -0.000548   -0.000403
   -0.000548    0.000053   -0.000335    0.000053   -0.001159    0.000015   -0.001159    0.000978
    0.000176    0.000978   -0.000548   -0.000403   -0.000548    0.000053   -0.000335    0.000053
   -0.000548    0.000015   -0.000548    0.000978   -0.000335    0.000978

    0.000978   -0.008551    0.000015   -0.008551    0.000978   -7.427813    0.000978   -0.001159
    0.000015   -0.001159    0.000978    0.000176    0.000053   -0.001159   -0.000403   -0.001159
    0.000053    0.000176    0.000978   -0.001159    0.000015   -0.001159    0.000978    0.000176
    0.000978   -0.000548    0.000015   -0.000548    0.000978   -0.000335    0.000053   -0.000548
   -0.000403   -0.000548    0.000053   -0.000335    0.000053   -0.001159   -0.000403   -0.001159
    0.000053    0.000176    0.000053   -0.000548   -0.000403   -0.000548    0.000053   -0.000335
   -0.000172   -0.000548    0.001745   -0.000548   -0.000172   -0.000335

    0.000176    0.000978   -0.001159    0.000015   -0.001159    0.000978   -7.427813    0.000978
   -0.008551    0.000015   -0.008551    0.000978    0.000176    0.000053   -0.001159   -0.000403
   -0.001159    0.000053   -0.000335    0.000053   -0.000548   -0.000403   -0.000548    0.000053
    0.000176    0.000053   -0.001159   -0.000403   -0.001159    0.000053   -0.000335   -0.000172
   -0.000548    0.001745   -0.000548   -0.000172   -0.000335    0.000978   -0.000548    0.000015
   -0.000548    0.000978    0.000176    0.000978   -0.001159    0.000015   -0.001159    0.000978
   -0.000335    0.000053   -0.000548   -0.000403   -0.000548    0.000053

    0.000053    0.000176    0.000053   -0.001159   -0.000403   -0.001159    0.000978   -7.427813
    0.000978   -0.008551    0.000015   -0.008551    0.000978    0.000176    0.000978   -0.001159
    0.000015   -0.001159    0.000053   -0.000335    0.000053   -0.000548   -0.000403   -0.000548
    0.000978    0.000176    0.000978   -0.001159    0.000015   -0.001159    0.000978   -0.000335
    0.000978   -0.000548    0.000015   -0.000548   -0.000172   -0.000335   -0.000172   -0.000548
    0.001745   -0.000548    0.000053    0.000176    0.000053   -0.001159   -0.000403   -0.001159
    0.000053   -0.000335    0.000053   -0.000548   -0.000403   -0.000548

   -0.001159    0.000978    0.000176    0.000978   -0.001159    0.000015   -0.008551    0.000978
   -7.427813    0.000978   -0.008551    0.000015   -0.001159    0.000053    0.000176    0.000053
   -0.001159   -0.000403   -0.000548    0.000053   -0.000335    0.000053   -0.000548   -0.000403
   -0.001159    0.000053    0.000176    0.000053   -0.001159   -0.000403   -0.000548   -0.000172
   -0.000335   -0.000172   -0.000548    0.001745   -0.000548    0.000978   -0.000335    0.000978
   -0.000548    0.000015   -0.001159    0.000978    0.000176    0.000978   -0.001159    0.000015
   -0.000548    0.000053   -0.000335    0.000053   -0.000548   -0.000403

   -0.000403   -0.001159    0.000053    0.000176    0.000053   -0.001159    0.000015   -0.008551
    0.000978   -7.427813    0.000978   -0.008551    0.000015   -0.001159    0.000978    0.000176
    0.000978   -0.001159   -0.000403   -0.000548    0.000053   -0.000335    0.000053   -0.000548
    0.000015   -0.001159    0.000978    0.000176    0.000978   -0.001159    0.000015   -0.000548
    0.000978   -0.000335    0.000978   -0.000548    0.001745   -0.000548   -0.000172   -0.000335
   -0.000172   -0.000548   -0.000403   -0.001159    0.000053    0.000176    0.000053   -0.001159
   -0.000403   -0.000548    0.000053   -0.000335    0.000053   -0.000548

   -0.001159    0.000015   -0.001159    0.000978    0.000176    0.000978   -0.008551    0.000015
   -0.008551    0.000978   -7.427813    0.000978   -0.001159   -0.000403   -0.001159    0.000053
    0.000176    0.000053   -0.000548   -0.000403   -0.000548    0.000053   -0.000335    0.000053
   -0.001159   -0.000403   -0.001159    0.000053    0.000176    0.000053   -0.000548    0.001745
   -0.000548   -0.000172   -0.000335   -0.000172   -0.000548    0.000015   -0.000548    0.000978
   -0.000335    0.000978   -0.001159    0.000015   -0.001159    0.000978    0.000176    0.000978
   -0.000548   -0.000403   -0.000548    0.000053   -0.000335    0.000053

    0.000053   -0.001159   -0.000403   -0.001159    0.000053    0.000176    0.000978   -0.008551
    0.000015   -0.008551    0.000978   -7.427813    0.000978   -0.001159    0.000015   -0.001159
    0.000978    0.000176    0.000053   -0.000548   -0.000403   -0.000548    0.000053   -0.000335
    0.000978   -0.001159    0.000015   -0.001159    0.000978    0.000176    0.000978   -0.000548
    0.000015   -0.000548    0.000978   -0.000335   -0.000172   -0.000548    0.001745   -0.000548
   -0.000172   -0.000335    0.000053   -0.001159   -0.000403   -0.001159    0.000053    0.000176
    0.000053   -0.000548   -0.000403   -0.000548    0.000053   -0.000335

    0.000176    0.000053   -0.001159   -0.000403   -0.001159    0.000053    0.000176    0.000978
   -0.001159    0.000015   -0.001159    0.000978   -7.427813    0.000978   -0.008551    0.000015
   -0.008551    0.000978   -0.000335   -0.000172   -0.000548    0.001745   -0.000548   -0.000172
   -0.000335    0.000053   -0.000548   -0.000403   -0.000548    0.000053    0.000176    0.000053
   -0.001159   -0.000403   -0.001159    0.000053   -0.000335    0.000053   -0.000548   -0.000403
   -0.000548    0.000053   -0.000335    0.000978   -0.000548    0.000015   -0.000548    0.000978
    0.000176    0.000978   -0.001159    0.000015   -0.001159    0.000978

    0.000978    0.000176    0.000978   -0.001159    0.000015   -0.001159    0.000053    0.000176
    0.000053   -0.001159   -0.000403   -0.001159    0.000978   -7.427813    0.000978   -0.008551
    0.000015   -0.008551    0.000978   -0.000335    0.000978   -0.000548    0.000015   -0.000548
    0.000053   -0.000335    0.000053   -0.000548   -0.000403   -0.000548    0.000978    0.000176
    0.000978   -0.001159    0.000015   -0.001159    0.000053   -0.000335    0.000053   -0.000548
   -0.000403   -0.000548   -0.000172   -0.000335   -0.000172   -0.000548    0.001745   -0.000548
    0.000053    0.000176    0.000053   -0.001159   -0.000403   -0.001159

   -0.001159    0.000053    0.000176    0.000053   -0.001159   -0.000403   -0.001159    0.000978
    0.000176    0.000978   -0.001159    0.000015   -0.008551    0.000978   -7.427813    0.000978
   -0.008551    0.000015   -0.000548   -0.000172   -0.000335   -0.000172   -0.000548    0.001745
   -0.000548    0.000053   -0.000335    0.000053   -0.000548   -0.000403   -0.001159    0.000053
    0.000176    0.000053   -0.001159   -0.000403   -0.000548    0.000053   -0.000335    0.000053
   -0.000548   -0.000403   -0.000548    0.000978   -0.000335    0.000978   -0.000548    0.000015
   -0.001159    0.000978    0.000176    0.000978   -0.001159    0.000015

    0.000015   -0.001159    0.000978    0.000176    0.000978   -0.001159   -0.000403   -0.001159
    0.000053    0.000176    0.000053   -0.001159    0.000015   -0.008551    0.000978   -7.427813
    0.000978   -0.008551    0.000015   -0.000548    0.000978   -0.000335    0.000978   -0.000548
   -0.000403   -0.000548    0.000053   -0.000335    0.000053   -0.000548    0.000015   -0.001159
    0.000978    0.000176    0.000978   -0.001159   -0.000403   -0.000548    0.000053   -0.000335
    0.000053   -0.000548    0.001745   -0.000548   -0.000172   -0.000335   -0.000172   -0.000548
   -0.000403   -0.001159    0.000053    0.000176    0.000053   -0.001159

   -0.001159   -0.000403   -0.001159    0.000053    0.000176    0.000053   -0.001159    0.000015
   -0.001159    0.000978    0.000176    0.000978   -0.008551    0.000015   -0.008551    0.000978
   -7.427813    0.000978   -0.000548    0.001745   -0.000548   -0.000172   -0.000335   -0.000172
   -0.000548   -0.000403   -0.000548    0.000053   -0.000335    0.000053   -0.001159   -0.000403
   -0.001159    0.000053    0.000176    0.000053   -0.000548   -0.000403   -0.000548    0.000053
   -0.000335    0.000053   -0.000548    0.000015   -0.000548    0.000978   -0.000335    0.000978
   -0.001159    0.000015   -0.001159    0.000978    0.000176    0.000978

    0.000978   -0.001159    0.000015   -0.001159    0.000978    0.000176    0.000053   -0.001159
   -0.000403   -0.001159    0.000053    0.000176    0.000978   -0.008551    0.000015   -0.008551
    0.000978   -7.427813    0.000978   -0.000548    0.000015   -0.000548    0.000978   -0.000335
    0.000053   -0.000548   -0.000403   -0.000548    0.000053   -0.000335    0.000978   -0.001159
    0.000015   -0.001159    0.000978    0.000176    0.000053   -0.000548   -0.000403   -0.000548
    0.000053   -0.000335   -0.000172   -0.000548    0.001745   -0.000548   -0.000172   -0.000335
    0.000053   -0.001159   -0.000403   -0.001159    0.000053    0.000176

    0.000176    0.000978   -0.001159    0.000015   -0.001159    0.000978   -0.000335    0.000053
   -0.000548   -0.000403   -0.000548    0.000053   -0.000335    0.000978   -0.000548    0.000015
   -0.000548    0.000978   -7.427813    0.000978   -0.008551    0.000015   -0.008551    0.000978
    0.000176    0.000053   -0.001159   -0.000403   -0.001159    0.000053    0.000176    0.000978
   -0.001159    0.000015   -0.001159    0.000978    0.000176    0.000053   -0.001159   -0.000403
   -0.001159    0.000053   -0.000335   -0.000172   -0.000548    0.001745   -0.000548   -0.000172
   -0.000335    0.000053   -0.000548   -0.000403   -0.000548    0.000053

    0.000053    0.000176    0.000053   -0.001159   -0.000403   -0.001159    0.000053   -0.000335
    0.000053   -0.000548   -0.000403   -0.000548   -0.000172   -0.000335   -0.000172   -0.000548
    0.001745   -0.000548    0.000978   -7.427813    0.000978   -0.008551    0.000015   -0.008551
    0.000978    0.000176    0.000978   -0.001159    0.000015   -0.001159    0.000053    0.000176
    0.000053   -0.001159   -0.000403   -0.001159    0.000978    0.000176    0.000978   -0.001159
    0.000015   -0.001159    0.000978   -0.000335    0.000978   -0.000548    0.000015   -0.000548
    0.000053   -0.000335    0.000053   -0.000548   -0.000403   -0.000548

   -0.001159    0.000978    0.000176    0.000978   -0.001159    0.000015   -0.000548    0.000053
   -0.000335    0.000053   -0.000548   -0.000403   -0.000548    0.000978   -0.000335    0.000978
   -0.000548    0.000015   -0.008551    0.000978   -7.427813    0.000978   -0.008551    0.000015
   -0.001159    0.000053    0.000176    0.000053   -0.001159   -0.000403   -0.001159    0.000978
    0.000176    0.000978   -0.001159    0.000015   -0.001159    0.000053    0.000176    0.000053
   -0.001159   -0.000403   -0.000548   -0.000172   -0.000335   -0.000172   -0.000548    0.001745
   -0.000548    0.000053   -0.000335    0.000053   -0.000548   -0.000403

   -0.000403   -0.001159    0.000053    0.000176    0.000053   -0.001159   -0.000403   -0.000548
    0.000053   -0.000335    0.000053   -0.000548    0.001745   -0.000548   -0.000172   -0.000335
   -0.000172   -0.000548    0.000015   -0.008551    0.000978   -7.427813    0.000978   -0.008551
    0.000015   -0.001159    0.000978    0.000176    0.000978   -0.001159   -0.000403   -0.001159
    0.000053    0.000176    0.000053   -0.001159    0.000015   -0.001159    0.000978    0.000176
    0.000978   -0.001159    0.000015   -0.000548    0.000978   -0.000335    0.000978   -0.000548
   -0.000403   -0.000548    0.000053   -0.000335    0.000053   -0.000548

   -0.001159    0.000015   -0.001159    0.000978    0.000176    0.000978   -0.000548   -0.000403
   -0.000548    0.000053   -0.000335    0.000053   -0.000548    0.000015   -0.000548    0.000978
   -0.000335    0.000978   -0.008551    0.000015   -0.008551    0.000978   -7.427813    0.000978
   -0.001159   -0.000403   -0.001159    0.000053    0.000176    0.000053   -0.001159    0.000015
   -0.001159    0.000978    0.000176    0.000978   -0.001159   -0.000403   -0.001159    0.000053
    0.000176    0.000053   -0.000548    0.001745   -0.000548   -0.000172   -0.000335   -0.000172
   -0.000548   -0.000403   -0.000548    0.000053   -0.000335    0.000053

    0.000053   -0.001159   -0.000403   -0.001159    0.000053    0.000176    0.000053   -0.000548
   -0.000403   -0.000548    0.000053   -0.000335   -0.000172   -0.000548    0.001745   -0.000548
   -0.000172   -0.000335    0.000978   -0.008551    0.000015   -0.008551    0.000978   -7.427813
    0.000978   -0.001159    0.000015   -0.001159    0.000978    0.000176    0.000053   -0.001159
   -0.000403   -0.001159    0.000053    0.000176    0.000978   -0.001159    0.000015   -0.001159
    0.000978    0.000176    0.000978   -0.000548    0.000015   -0.000548    0.000978   -0.000335
    0.000053   -0.000548   -0.000403   -0.000548    0.000053   -0.000335

   -0.000335    0.000978   -0.000548    0.000015   -0.000548    0.000978    0.000176    0.000978
   -0.001159    0.000015   -0.001159    0.000978   -0.000335    0.000053   -0.000548   -0.000403
   -0.000548    0.000053    0.000176    0.000978   -0.001159    0.000015   -0.001159    0.000978
   -7.427813    0.000978   -0.008551    0.000015   -0.008551    0.000978    0.000176    0.000053
   -0.001159   -0.000403   -0.001159    0.000053   -0.000335    0.000053   -0.000548   -0.000403
   -0.000548    0.000053    0.000176    0.000053   -0.001159   -0.000403   -0.001159    0.000053
   -0.000335   -0.000172   -0.000548    0.001745   -0.000548   -0.000172

   -0.000172   -0.000335   -0.000172   -0.000548    0.001745   -0.000548    0.000053    0.000176
    0.000053   -0.001159   -0.000403   -0.001159    0.000053   -0.000335    0.000053   -0.000548
   -0.000403   -0.000548    0.000053    0.000176    0.000053   -0.001159   -0.000403   -0.001159
    0.000978   -7.427813    0.000978   -0.008551    0.000015   -0.008551    0.000978    0.000176
    0.000978   -0.001159    0.000015   -0.001159    0.000053   -0.000335    0.000053   -0.000548
   -0.000403   -0.000548    0.000978    0.000176    0.000978   -0.001159    0.000015   -0.001159
    0.000978   -0.000335    0.000978   -0.000548    0.000015   -0.000548

   -0.000548    0.000978   -0.000335    0.000978   -0.000548    0.000015   -0.001159    0.000978
    0.000176    0.000978   -0.001159    0.000015   -0.000548    0.000053   -0.000335    0.000053
   -0.000548   -0.000403   -0.001159    0.000978    0.000176    0.000978   -0.001159    0.000015
   -0.008551    0.000978   -7.427813    0.000978   -0.008551    0.000015   -0.001159    0.000053
    0.000176    0.000053   -0.001159   -0.000403   -0.000548    0.000053   -0.000335    0.000053
   -0.000548   -0.000403   -0.001159    0.000053    0.000176    0.000053   -0.001159   -0.000403
   -0.000548   -0.000172   -0.000335   -0.000172   -0.000548    0.001745

    0.001745   -0.000548   -0.000172   -0.000335   -0.000172   -0.000548   -0.000403   -0.001159
    0.000053    0.000176    0.000053   -0.001159   -0.000403   -0.000548    0.000053   -0.000335
    0.000053   -0.000548   -0.000403   -0.001159    0.000053    0.000176    0.000053   -0.001159
    0.000015   -0.008551    0.000978   -7.427813    0.000978   -0.008551    0.000015   -0.001159
    0.000978    0.000176    0.000978   -0.001159   -0.000403   -0.000548    0.000053   -0.000335
    0.000053   -0.000548    0.000015   -0.001159    0.000978    0.000176    0.000978   -0.001159
    0.000015   -0.000548    0.000978   -0.000335    0.000978   -0.000548

   -0.000548    0.000015   -0.000548    0.000978   -0.000335    0.000978   -0.001159    0.000015
   -0.001159    0.000978    0.000176    0.000978   -0.000548   -0.000403   -0.000548    0.000053
   -0.000335    0.000053   -0.001159    0.000015   -0.001159    0.000978    0.000176    0.000978
   -0.008551    0.000015   -0.008551    0.000978   -7.427813    0.000978   -0.001159   -0.000403
   -0.001159    0.000053    0.000176    0.000053   -0.000548   -0.000403   -0.000548    0.000053
   -0.000335    0.000053   -0.001159   -0.000403   -0.001159    0.000053    0.000176    0.000053
   -0.000548    0.001745   -0.000548   -0.000172   -0.000335   -0.000172

   -0.000172   -0.000548    0.001745   -0.000548   -0.000172   -0.000335    0.000053   -0.001159
   -0.000403   -0.001159    0.000053    0.000176    0.000053   -0.000548   -0.000403   -0.000548
    0.000053   -0.000335    0.000053   -0.001159   -0.000403   -0.001159    0.000053    0.000176
    0.000978   -0.008551    0.000015   -0.008551    0.000978   -7.427813    0.000978   -0.001159
    0.000015   -0.001159    0.000978    0.000176    0.000053   -0.000548   -0.000403   -0.000548
    0.000053   -0.000335    0.000978   -0.001159    0.000015   -0.001159    0.000978    0.000176
    0.000978   -0.000548    0.000015   -0.000548    0.000978   -0.000335

   -0.000335    0.000053   -0.000548   -0.000403   -0.000548    0.000053   -0.000335    0.000978
   -0.000548    0.000015   -0.000548    0.000978    0.000176    0.000978   -0.001159    0.000015
   -0.001159    0.000978    0.000176    0.000053   -0.001159   -0.000403   -0.001159    0.000053
    0.000176    0.000978   -0.001159    0.000015   -0.001159    0.000978   -7.427813    0.000978
   -0.008551    0.000015   -0.008551    0.000978   -0.000335   -0.000172   -0.000548    0.001745
   -0.000548   -0.000172   -0.000335    0.000053   -0.000548   -0.000403   -0.000548    0.000053
    0.000176    0.000053   -0.001159   -0.000403   -0.001159    0.000053

    0.000053   -0.000335    0.000053   -0.000548   -0.000403   -0.000548   -0.000172   -0.000335
   -0.000172   -0.000548    0.001745   -0.000548    0.000053    0.000176    0.000053   -0.001159
   -0.000403   -0.001159    0.000978    0.000176    0.000978   -0.001159    0.000015   -0.001159
    0.000053    0.000176    0.000053   -0.001159   -0.000403   -0.001159    0.000978   -7.427813
    0.000978   -0.008551    0.000015   -0.008551    0.000978   -0.000335    0.000978   -0.000548
    0.000015   -0.000548    0.000053   -0.000335    0.000053   -0.000548   -0.000403   -0.000548
    0.000978    0.000176    0.000978   -0.001159    0.000015   -0.001159

   -0.000548    0.000053   -0.000335    0.000053   -0.000548   -0.000403   -0.000548    0.000978
   -0.000335    0.000978   -0.000548    0.000015   -0.001159    0.000978    0.000176    0.000978
   -0.001159    0.000015   -0.001159    0.000053    0.000176    0.000053   -0.001159   -0.000403
   -0.001159    0.000978    0.000176    0.000978   -0.001159    0.000015   -0.008551    0.000978
   -7.427813    0.000978   -0.008551    0.000015   -0.000548   -0.000172   -0.000335   -0.000172
   -0.000548    0.001745   -0.000548    0.000053   -0.000335    0.000053   -0.000548   -0.000403
   -0.001159    0.000053    0.000176    0.000053   -0.001159   -0.000403

   -0.000403   -0.000548    0.000053   -0.000335    0.000053   -0.000548    0.001745   -0.000548
   -0.000172   -0.000335   -0.000172   -0.000548   -0.000403   -0.001159    0.000053    0.000176
    0.000053   -0.001159    0.000015   -0.001159    0.000978    0.000176    0.000978   -0.001159
   -0.000403   -0.001159    0.000053    0.000176    0.000053   -0.001159    0.000015   -0.008551
    0.000978   -7.427813    0.000978   -0.008551    0.000015   -0.000548    0.000978   -0.000335
    0.000978   -0.000548   -0.000403   -0.000548    0.000053   -0.000335    0.000053   -0.000548
    0.000015   -0.001159    0.000978    0.000176    0.000978   -0.001159

   -0.000548   -0.000403   -0.000548    0.000053   -0.000335    0.000053   -0.000548    0.000015
   -0.000548    0.000978   -0.000335    0.000978   -0.001159    0.000015   -0.001159    0.000978
    0.000176    0.000978   -0.001159   -0.000403   -0.001159    0.000053    0.000176    0.000053
   -0.001159    0.000015   -0.001159    0.000978    0.000176    0.000978   -0.008551    0.000015
   -0.008551    0.000978   -7.427813    0.000978   -0.000548    0.001745   -0.000548   -0.000172
   -0.000335   -0.000172   -0.000548   -0.000403   -0.000548    0.000053   -0.000335    0.000053
   -0.001159   -0.000403   -0.001159    0.000053    0.000176    0.000053

    0.000053   -0.000548   -0.000403   -0.000548    0.000053   -0.000335   -0.000172   -0.000548
    0.001745   -0.000548   -0.000172   -0.000335    0.000053   -0.001159   -0.000403   -0.001159
    0.000053    0.000176    0.000978   -0.001159    0.000015   -0.001159    0.000978    0.000176
    0.000053   -0.001159   -0.000403   -0.001159    0.000053    0.000176    0.000978   -0.008551
    0.000015   -0.008551    0.000978   -7.427813    0.000978   -0.000548    0.000015   -0.000548
    0.000978   -0.000335    0.000053   -0.000548   -0.000403   -0.000548    0.000053   -0.000335
    0.000978   -0.001159    0.000015   -0.001159    0.000978    0.000176

    0.000176    0.000053   -0.001159   -0.000403   -0.001159    0.000053   -0.000335   -0.000172
   -0.000548    0.001745   -0.000548   -0.000172   -0.000335    0.000053   -0.000548   -0.000403
   -0.000548    0.000053    0.000176    0.000978   -0.001159    0.000015   -0.001159    0.000978
   -0.000335    0.000053   -0.000548   -0.000403   -0.000548    0.000053   -0.000335    0.000978
   -0.000548    0.000015   -0.000548    0.000978   -7.427813    0.000978   -0.008551    0.000015
   -0.008551    0.000978    0.000176    0.000053   -0.001159   -0.000403   -0.001159    0.000053
    0.000176    0.000978   -0.001159    0.000015   -0.001159    0.000978

    0.000978    0.000176    0.000978   -0.001159    0.000015   -0.001159    0.000978   -0.000335
    0.000978   -0.000548    0.000015   -0.000548    0.000053   -0.000335    0.000053   -0.000548
   -0.000403   -0.000548    0.000053    0.000176    0.000053   -0.001159   -0.000403   -0.001159
    0.000053   -0.000335    0.000053   -0.000548   -0.000403   -0.000548   -0.000172   -0.000335
   -0.000172   -0.000548    0.001745   -0.000548    0.000978   -7.427813    0.000978   -0.008551
    0.000015   -0.008551    0.000978    0.000176    0.000978   -0.001159    0.000015   -0.001159
    0.000053    0.000176    0.000053   -0.001159   -0.000403   -0.001159

   -0.001159    0.000053    0.000176    0.000053   -0.001159   -0.000403   -0.000548   -0.000172
   -0.000335   -0.000172   -0.000548    0.001745   -0.000548    0.000053   -0.000335    0.000053
   -0.000548   -0.000403   -0.001159    0.000978    0.000176    0.000978   -0.001159    0.000015
   -0.000548    0.000053   -0.000335    0.000053   -0.000548   -0.000403   -0.000548    0.000978
   -0.000335    0.000978   -0.000548    0.000015   -0.008551    0.000978   -7.427813    0.000978
   -0.008551    0.000015   -0.001159    0.000053    0.000176    0.000053   -0.001159   -0.000403
   -0.001159    0.000978    0.000176    0.000978   -0.001159    0.000015

    0.000015   -0.001159    0.000978    0.000176    0.000978   -0.001159    0.000015   -0.000548
    0.000978   -0.000335    0.000978   -0.000548   -0.000403   -0.000548    0.000053   -0.000335
    0.000053   -0.000548   -0.000403   -0.001159    0.000053    0.000176    0.000053   -0.001159
   -0.000403   -0.000548    0.000053   -0.000335    0.000053   -0.000548    0.001745   -0.000548
   -0.000172   -0.000335   -0.000172   -0.000548    0.000015   -0.008551    0.000978   -7.427813
    0.000978   -0.008551    0.000015   -0.001159    0.000978    0.000176    0.000978   -0.001159
   -0.000403   -0.001159    0.000053    0.000176    0.000053   -0.001159

   -0.001159   -0.000403   -0.001159    0.000053    0.000176    0.000053   -0.000548    0.001745
   -0.000548   -0.000172   -0.000335   -0.000172   -0.000548   -0.000403   -0.000548    0.000053
   -0.000335    0.000053   -0.001159    0.000015   -0.001159    0.000978    0.000176    0.000978
   -0.000548   -0.000403   -0.000548    0.000053   -0.000335    0.000053   -0.000548    0.000015
   -0.000548    0.000978   -0.000335    0.000978   -0.008551    0.000015   -0.008551    0.000978
   -7.427813    0.000978   -0.001159   -0.000403   -0.001159    0.000053    0.000176    0.000053
   -0.001159    0.000015   -0.001159    0.000978    0.000176    0.000978

    0.000978   -0.001159    0.000015   -0.001159    0.000978    0.000176    0.000978   -0.000548
    0.000015   -0.000548    0.000978   -0.000335    0.000053   -0.000548   -0.000403   -0.000548
    0.000053   -0.000335    0.000053   -0.001159   -0.000403   -0.001159    0.000053    0.000176
    0.000053   -0.000548   -0.000403   -0.000548    0.000053   -0.000335   -0.000172   -0.000548
    0.001745   -0.000548   -0.000172   -0.000335    0.000978   -0.008551    0.000015   -0.008551
    0.000978   -7.427813    0.000978   -0.001159    0.000015   -0.001159    0.000978    0.000176
    0.000053   -0.001159   -0.000403   -0.001159    0.000053    0.000176

   -0.000335    0.000053   -0.000548   -0.000403   -0.000548    0.000053    0.000176    0.000053
   -0.001159   -0.000403   -0.001159    0.000053   -0.000335   -0.000172   -0.000548    0.001745
   -0.000548   -0.000172   -0.000335    0.000978   -0.000548    0.000015   -0.000548    0.000978
    0.000176    0.000978   -0.001159    0.000015   -0.001159    0.000978   -0.000335    0.000053
   -0.000548   -0.000403   -0.000548    0.000053    0.000176    0.000978   -0.001159    0.000015
   -0.001159    0.000978   -7.427813    0.000978   -0.008551    0.000015   -0.008551    0.000978
    0.000176    0.000053   -0.001159   -0.000403   -0.001159    0.000053

    0.000053   -0.000335    0.000053   -0.000548   -0.000403   -0.000548    0.000978    0.000176
    0.000978   -0.001159    0.000015   -0.001159    0.000978   -0.000335    0.000978   -0.000548
    0.000015   -0.000548   -0.000172   -0.000335   -0.000172   -0.000548    0.001745   -0.000548
    0.000053    0.000176    0.000053   -0.001159   -0.000403   -0.001159    0.000053   -0.000335
    0.000053   -0.000548   -0.000403   -0.000548    0.000053    0.000176    0.000053   -0.001159
   -0.000403   -0.001159    0.000978   -7.427813    0.000978   -0.008551    0.000015   -0.008551
    0.000978    0.000176    0.000978   -0.001159    0.000015   -0.001159

   -0.000548    0.000053   -0.000335    0.000053   -0.000548   -0.000403   -0.001159    0.000053
    0.000176    0.000053   -0.001159   -0.000403   -0.000548   -0.000172   -0.000335   -0.000172
   -0.000548    0.001745   -0.000548    0.000978   -0.000335    0.000978   -0.000548    0.000015
   -0.001159    0.000978    0.000176    0.000978   -0.001159    0.000015   -0.000548    0.000053
   -0.000335    0.000053   -0.000548   -0.000403   -0.001159    0.000978    0.000176    0.000978
   -0.001159    0.000015   -0.008551    0.000978   -7.427813    0.000978   -0.008551    0.000015
   -0.001159    0.000053    0.000176    0.000053   -0.001159   -0.000403

   -0.000403   -0.000548    0.000053   -0.000335    0.000053   -0.000548    0.000015   -0.001159
    0.000978    0.000176    0.000978   -0.001159    0.000015   -0.000548    0.000978   -0.000335
    0.000978   -0.000548    0.001745   -0.000548   -0.000172   -0.000335   -0.000172   -0.000548
   -0.000403   -0.001159    0.000053    0.000176    0.000053   -0.001159   -0.000403   -0.000548
    0.000053   -0.000335    0.000053   -0.000548   -0.000403   -0.001159    0.000053    0.000176
    0.000053   -0.001159    0.000015   -0.008551    0.000978   -7.427813    0.000978   -0.008551
    0.000015   -0.001159    0.000978    0.000176    0.000978   -0.001159

   -0.000548   -0.000403   -0.000548    0.000053   -0.000335    0.000053   -0.001159   -0.000403
   -0.001159    0.000053    0.000176    0.000053   -0.000548    0.001745   -0.000548   -0.000172
   -0.000335   -0.000172   -0.000548    0.000015   -0.000548    0.000978   -0.000335    0.000978
   -0.001159    0.000015   -0.001159    0.000978    0.000176    0.000978   -0.000548   -0.000403
   -0.000548    0.000053   -0.000335    0.000053   -0.001159    0.000015   -0.001159    0.000978
    0.000176    0.000978   -0.008551    0.000015   -0.008551    0.000978   -7.427813    0.000978
   -0.001159   -0.000403   -0.001159    0.000053    0.000176    0.000053

    0.000053   -0.000548   -0.000403   -0.000548    0.000053   -0.000335    0.000978   -0.001159
    0.000015   -0.001159    0.000978    0.000176    0.000978   -0.000548    0.000015   -0.000548
    0.000978   -0.000335   -0.000172   -0.000548    0.001745   -0.000548   -0.000172   -0.000335
    0.000053   -0.001159   -0.000403   -0.001159    0.000053    0.000176    0.000053   -0.000548
   -0.000403   -0.000548    0.000053   -0.000335    0.000053   -0.001159   -0.000403   -0.001159
    0.000053    0.000176    0.000978   -0.008551    0.000015   -0.008551    0.000978   -7.427813
    0.000978   -0.001159    0.000015   -0.001159    0.000978    0.000176

   -0.000335   -0.000172   -0.000548    0.001745   -0.000548   -0.000172   -0.000335    0.000053
   -0.000548   -0.000403   -0.000548    0.000053    0.000176    0.000053   -0.001159   -0.000403
   -0.001159    0.000053   -0.000335    0.000053   -0.000548   -0.000403   -0.000548    0.000053
   -0.000335    0.000978   -0.000548    0.000015   -0.000548    0.000978    0.000176    0.000978
   -0.001159    0.000015   -0.001159    0.000978    0.000176    0.000053   -0.001159   -0.000403
   -0.001159    0.000053    0.000176    0.000978   -0.001159    0.000015   -0.001159    0.000978
   -7.427813    0.000978   -0.008551    0.000015   -0.008551    0.000978

    0.000978   -0.000335    0.000978   -0.000548    0.000015   -0.000548    0.000053   -0.000335
    0.000053   -0.000548   -0.000403   -0.000548    0.000978    0.000176    0.000978   -0.001159
    0.000015   -0.001159    0.000053   -0.000335    0.000053   -0.000548   -0.000403   -0.000548
   -0.000172   -0.000335   -0.000172   -0.000548    0.001745   -0.000548    0.000053    0.000176
    0.000053   -0.001159   -0.000403   -0.001159    0.000978    0.000176    0.000978   -0.001159
    0.000015   -0.001159    0.000053    0.000176    0.000053   -0.001159   -0.000403   -0.001159
    0.000978   -7.427813    0.000978   -0.008551    0.000015   -0.008551

   -0.000548   -0.000172   -0.000335   -0.000172   -0.000548    0.001745   -0.000548    0.000053
   -0.000335    0.000053   -0.000548   -0.000403   -0.001159    0.000053    0.000176    0.000053
   -0.001159   -0.000403   -0.000548    0.000053   -0.000335    0.000053   -0.000548   -0.000403
   -0.000548    0.000978   -0.000335    0.000978   -0.000548    0.000015   -0.001159    0.000978
    0.000176    0.000978   -0.001159    0.000015   -0.001159    0.000053    0.000176    0.000053
   -0.001159   -0.000403   -0.001159    0.000978    0.000176    0.000978   -0.001159    0.000015
   -0.008551    0.000978   -7.427813    0.000978   -0.008551    0.000015

    0.000015   -0.000548    0.000978   -0.000335    0.000978   -0.000548   -0.000403   -0.000548
    0.000053   -0.000335    0.000053   -0.000548    0.000015   -0.001159    0.000978    0.000176
    0.000978   -0.001159   -0.000403   -0.000548    0.000053   -0.000335    0.000053   -0.000548
    0.001745   -0.000548   -0.000172   -0.000335   -0.000172   -0.000548   -0.000403   -0.001159
    0.000053    0.000176    0.000053   -0.001159    0.000015   -0.001159    0.000978    0.000176
    0.000978   -0.001159   -0.000403   -0.001159    0.000053    0.000176    0.000053   -0.001159
    0.000015   -0.008551    0.000978   -7.427813    0.000978   -0.008551

   -0.000548    0.001745   -0.000548   -0.000172   -0.000335   -0.000172   -0.000548   -0.000403
   -0.000548    0.000053   -0.000335    0.000053   -0.001159   -0.000403   -0.001159    0.000053
    0.000176    0.000053   -0.000548   -0.000403   -0.000548    0.000053   -0.000335    0.000053
   -0.000548    0.000015   -0.000548    0.000978   -0.000335    0.000978   -0.001159    0.000015
   -0.001159    0.000978    0.000176    0.000978   -0.001159   -0.000403   -0.001159    0.000053
    0.000176    0.000053   -0.001159    0.000015   -0.001159    0.000978    0.000176    0.000978
   -0.008551    0.000015   -0.008551    0.000978   -7.427813    0.000978

    0.000978   -0.000548    0.000015   -0.000548    0.000978   -0.000335    0.000053   -0.000548
   -0.000403   -0.000548    0.000053   -0.000335    0.000978   -0.001159    0.000015   -0.001159
    0.000978    0.000176    0.000053   -0.000548   -0.000403   -0.000548    0.000053   -0.000335
   -0.000172   -0.000548    0.001745   -0.000548   -0.000172   -0.000335    0.000053   -0.001159
   -0.000403   -0.001159    0.000053    0.000176    0.000978   -0.001159    0.000015   -0.001159
    0.000978    0.000176    0.000053   -0.001159   -0.000403   -0.001159    0.000053    0.000176
    0.000978   -0.008551    0.000015   -0.008551    0.000978   -7.427813


         Hubbard matrix :
    6.177661   -0.040113   -0.059802   -0.012567   -0.059802   -0.040113   -0.020973   -0.015913
   -0.016639   -0.012887   -0.016639   -0.015913   -0.020973   -0.040113   -0.016639   -0.012567
   -0.016639   -0.040113   -0.020973   -0.015913   -0.016639   -0.012887   -0.016639   -0.015913
   -0.003522   -0.007791   -0.006774   -0.007121   -0.006774   -0.007791   -0.003522   -0.015913
   -0.006774   -0.012887   -0.006774   -0.015913   -0.020973   -0.040113   -0.016639   -0.012567
   -0.016639   -0.040113   -0.003522   -0.015913   -0.006774   -0.012887   -0.006774   -0.015913
   -0.003522   -0.040113   -0.006774   -0.012567   -0.006774   -0.040113

   -0.040113    6.177661   -0.040113   -0.059802   -0.012567   -0.059802   -0.040113   -0.020973
   -0.040113   -0.016639   -0.012567   -0.016639   -0.015913   -0.020973   -0.015913   -0.016639
   -0.012887   -0.016639   -0.040113   -0.020973   -0.040113   -0.016639   -0.012567   -0.016639
   -0.040113   -0.003522   -0.040113   -0.006774   -0.012567   -0.006774   -0.015913   -0.003522
   -0.015913   -0.006774   -0.012887   -0.006774   -0.015913   -0.020973   -0.015913   -0.016639
   -0.012887   -0.016639   -0.015913   -0.003522   -0.015913   -0.006774   -0.012887   -0.006774
   -0.007791   -0.003522   -0.007791   -0.006774   -0.007121   -0.006774

   -0.059802   -0.040113    6.177661   -0.040113   -0.059802   -0.012567   -0.016639   -0.015913
   -0.020973   -0.015913   -0.016639   -0.012887   -0.016639   -0.040113   -0.020973   -0.040113
   -0.016639   -0.012567   -0.016639   -0.015913   -0.020973   -0.015913   -0.016639   -0.012887
   -0.006774   -0.007791   -0.003522   -0.007791   -0.006774   -0.007121   -0.006774   -0.015913
   -0.003522   -0.015913   -0.006774   -0.012887   -0.016639   -0.040113   -0.020973   -0.040113
   -0.016639   -0.012567   -0.006774   -0.015913   -0.003522   -0.015913   -0.006774   -0.012887
   -0.006774   -0.040113   -0.003522   -0.040113   -0.006774   -0.012567

   -0.012567   -0.059802   -0.040113    6.177661   -0.040113   -0.059802   -0.012567   -0.016639
   -0.040113   -0.020973   -0.040113   -0.016639   -0.012887   -0.016639   -0.015913   -0.020973
   -0.015913   -0.016639   -0.012567   -0.016639   -0.040113   -0.020973   -0.040113   -0.016639
   -0.012567   -0.006774   -0.040113   -0.003522   -0.040113   -0.006774   -0.012887   -0.006774
   -0.015913   -0.003522   -0.015913   -0.006774   -0.012887   -0.016639   -0.015913   -0.020973
   -0.015913   -0.016639   -0.012887   -0.006774   -0.015913   -0.003522   -0.015913   -0.006774
   -0.007121   -0.006774   -0.007791   -0.003522   -0.007791   -0.006774

   -0.059802   -0.012567   -0.059802   -0.040113    6.177661   -0.040113   -0.016639   -0.012887
   -0.016639   -0.015913   -0.020973   -0.015913   -0.016639   -0.012567   -0.016639   -0.040113
   -0.020973   -0.040113   -0.016639   -0.012887   -0.016639   -0.015913   -0.020973   -0.015913
   -0.006774   -0.007121   -0.006774   -0.007791   -0.003522   -0.007791   -0.006774   -0.012887
   -0.006774   -0.015913   -0.003522   -0.015913   -0.016639   -0.012567   -0.016639   -0.040113
   -0.020973   -0.040113   -0.006774   -0.012887   -0.006774   -0.015913   -0.003522   -0.015913
   -0.006774   -0.012567   -0.006774   -0.040113   -0.003522   -0.040113

   -0.040113   -0.059802   -0.012567   -0.059802   -0.040113    6.177661   -0.040113   -0.016639
   -0.012567   -0.016639   -0.040113   -0.020973   -0.015913   -0.016639   -0.012887   -0.016639
   -0.015913   -0.020973   -0.040113   -0.016639   -0.012567   -0.016639   -0.040113   -0.020973
   -0.040113   -0.006774   -0.012567   -0.006774   -0.040113   -0.003522   -0.015913   -0.006774
   -0.012887   -0.006774   -0.015913   -0.003522   -0.015913   -0.016639   -0.012887   -0.016639
   -0.015913   -0.020973   -0.015913   -0.006774   -0.012887   -0.006774   -0.015913   -0.003522
   -0.007791   -0.006774   -0.007121   -0.006774   -0.007791   -0.003522

   -0.020973   -0.040113   -0.016639   -0.012567   -0.016639   -0.040113    6.177661   -0.040113
   -0.059802   -0.012567   -0.059802   -0.040113   -0.020973   -0.015913   -0.016639   -0.012887
   -0.016639   -0.015913   -0.003522   -0.015913   -0.006774   -0.012887   -0.006774   -0.015913
   -0.020973   -0.015913   -0.016639   -0.012887   -0.016639   -0.015913   -0.003522   -0.007791
   -0.006774   -0.007121   -0.006774   -0.007791   -0.003522   -0.040113   -0.006774   -0.012567
   -0.006774   -0.040113   -0.020973   -0.040113   -0.016639   -0.012567   -0.016639   -0.040113
   -0.003522   -0.015913   -0.006774   -0.012887   -0.006774   -0.015913

   -0.015913   -0.020973   -0.015913   -0.016639   -0.012887   -0.016639   -0.040113    6.177661
   -0.040113   -0.059802   -0.012567   -0.059802   -0.040113   -0.020973   -0.040113   -0.016639
   -0.012567   -0.016639   -0.015913   -0.003522   -0.015913   -0.006774   -0.012887   -0.006774
   -0.040113   -0.020973   -0.040113   -0.016639   -0.012567   -0.016639   -0.040113   -0.003522
   -0.040113   -0.006774   -0.012567   -0.006774   -0.007791   -0.003522   -0.007791   -0.006774
   -0.007121   -0.006774   -0.015913   -0.020973   -0.015913   -0.016639   -0.012887   -0.016639
   -0.015913   -0.003522   -0.015913   -0.006774   -0.012887   -0.006774

   -0.016639   -0.040113   -0.020973   -0.040113   -0.016639   -0.012567   -0.059802   -0.040113
    6.177661   -0.040113   -0.059802   -0.012567   -0.016639   -0.015913   -0.020973   -0.015913
   -0.016639   -0.012887   -0.006774   -0.015913   -0.003522   -0.015913   -0.006774   -0.012887
   -0.016639   -0.015913   -0.020973   -0.015913   -0.016639   -0.012887   -0.006774   -0.007791
   -0.003522   -0.007791   -0.006774   -0.007121   -0.006774   -0.040113   -0.003522   -0.040113
   -0.006774   -0.012567   -0.016639   -0.040113   -0.020973   -0.040113   -0.016639   -0.012567
   -0.006774   -0.015913   -0.003522   -0.015913   -0.006774   -0.012887

   -0.012887   -0.016639   -0.015913   -0.020973   -0.015913   -0.016639   -0.012567   -0.059802
   -0.040113    6.177661   -0.040113   -0.059802   -0.012567   -0.016639   -0.040113   -0.020973
   -0.040113   -0.016639   -0.012887   -0.006774   -0.015913   -0.003522   -0.015913   -0.006774
   -0.012567   -0.016639   -0.040113   -0.020973   -0.040113   -0.016639   -0.012567   -0.006774
   -0.040113   -0.003522   -0.040113   -0.006774   -0.007121   -0.006774   -0.007791   -0.003522
   -0.007791   -0.006774   -0.012887   -0.016639   -0.015913   -0.020973   -0.015913   -0.016639
   -0.012887   -0.006774   -0.015913   -0.003522   -0.015913   -0.006774

   -0.016639   -0.012567   -0.016639   -0.040113   -0.020973   -0.040113   -0.059802   -0.012567
   -0.059802   -0.040113    6.177661   -0.040113   -0.016639   -0.012887   -0.016639   -0.015913
   -0.020973   -0.015913   -0.006774   -0.012887   -0.006774   -0.015913   -0.003522   -0.015913
   -0.016639   -0.012887   -0.016639   -0.015913   -0.020973   -0.015913   -0.006774   -0.007121
   -0.006774   -0.007791   -0.003522   -0.007791   -0.006774   -0.012567   -0.006774   -0.040113
   -0.003522   -0.040113   -0.016639   -0.012567   -0.016639   -0.040113   -0.020973   -0.040113
   -0.006774   -0.012887   -0.006774   -0.015913   -0.003522   -0.015913

   -0.015913   -0.016639   -0.012887   -0.016639   -0.015913   -0.020973   -0.040113   -0.059802
   -0.012567   -0.059802   -0.040113    6.177661   -0.040113   -0.016639   -0.012567   -0.016639
   -0.040113   -0.020973   -0.015913   -0.006774   -0.012887   -0.006774   -0.015913   -0.003522
   -0.040113   -0.016639   -0.012567   -0.016639   -0.040113   -0.020973   -0.040113   -0.006774
   -0.012567   -0.006774   -0.040113   -0.003522   -0.007791   -0.006774   -0.007121   -0.006774
   -0.007791   -0.003522   -0.015913   -0.016639   -0.012887   -0.016639   -0.015913   -0.020973
   -0.015913   -0.006774   -0.012887   -0.006774   -0.015913   -0.003522

   -0.020973   -0.015913   -0.016639   -0.012887   -0.016639   -0.015913   -0.020973   -0.040113
   -0.016639   -0.012567   -0.016639   -0.040113    6.177661   -0.040113   -0.059802   -0.012567
   -0.059802   -0.040113   -0.003522   -0.007791   -0.006774   -0.007121   -0.006774   -0.007791
   -0.003522   -0.015913   -0.006774   -0.012887   -0.006774   -0.015913   -0.020973   -0.015913
   -0.016639   -0.012887   -0.016639   -0.015913   -0.003522   -0.015913   -0.006774   -0.012887
   -0.006774   -0.015913   -0.003522   -0.040113   -0.006774   -0.012567   -0.006774   -0.040113
   -0.020973   -0.040113   -0.016639   -0.012567   -0.016639   -0.040113

   -0.040113   -0.020973   -0.040113   -0.016639   -0.012567   -0.016639   -0.015913   -0.020973
   -0.015913   -0.016639   -0.012887   -0.016639   -0.040113    6.177661   -0.040113   -0.059802
   -0.012567   -0.059802   -0.040113   -0.003522   -0.040113   -0.006774   -0.012567   -0.006774
   -0.015913   -0.003522   -0.015913   -0.006774   -0.012887   -0.006774   -0.040113   -0.020973
   -0.040113   -0.016639   -0.012567   -0.016639   -0.015913   -0.003522   -0.015913   -0.006774
   -0.012887   -0.006774   -0.007791   -0.003522   -0.007791   -0.006774   -0.007121   -0.006774
   -0.015913   -0.020973   -0.015913   -0.016639   -0.012887   -0.016639

   -0.016639   -0.015913   -0.020973   -0.015913   -0.016639   -0.012887   -0.016639   -0.040113
   -0.020973   -0.040113   -0.016639   -0.012567   -0.059802   -0.040113    6.177661   -0.040113
   -0.059802   -0.012567   -0.006774   -0.007791   -0.003522   -0.007791   -0.006774   -0.007121
   -0.006774   -0.015913   -0.003522   -0.015913   -0.006774   -0.012887   -0.016639   -0.015913
   -0.020973   -0.015913   -0.016639   -0.012887   -0.006774   -0.015913   -0.003522   -0.015913
   -0.006774   -0.012887   -0.006774   -0.040113   -0.003522   -0.040113   -0.006774   -0.012567
   -0.016639   -0.040113   -0.020973   -0.040113   -0.016639   -0.012567

   -0.012567   -0.016639   -0.040113   -0.020973   -0.040113   -0.016639   -0.012887   -0.016639
   -0.015913   -0.020973   -0.015913   -0.016639   -0.012567   -0.059802   -0.040113    6.177661
   -0.040113   -0.059802   -0.012567   -0.006774   -0.040113   -0.003522   -0.040113   -0.006774
   -0.012887   -0.006774   -0.015913   -0.003522   -0.015913   -0.006774   -0.012567   -0.016639
   -0.040113   -0.020973   -0.040113   -0.016639   -0.012887   -0.006774   -0.015913   -0.003522
   -0.015913   -0.006774   -0.007121   -0.006774   -0.007791   -0.003522   -0.007791   -0.006774
   -0.012887   -0.016639   -0.015913   -0.020973   -0.015913   -0.016639

   -0.016639   -0.012887   -0.016639   -0.015913   -0.020973   -0.015913   -0.016639   -0.012567
   -0.016639   -0.040113   -0.020973   -0.040113   -0.059802   -0.012567   -0.059802   -0.040113
    6.177661   -0.040113   -0.006774   -0.007121   -0.006774   -0.007791   -0.003522   -0.007791
   -0.006774   -0.012887   -0.006774   -0.015913   -0.003522   -0.015913   -0.016639   -0.012887
   -0.016639   -0.015913   -0.020973   -0.015913   -0.006774   -0.012887   -0.006774   -0.015913
   -0.003522   -0.015913   -0.006774   -0.012567   -0.006774   -0.040113   -0.003522   -0.040113
   -0.016639   -0.012567   -0.016639   -0.040113   -0.020973   -0.040113

   -0.040113   -0.016639   -0.012567   -0.016639   -0.040113   -0.020973   -0.015913   -0.016639
   -0.012887   -0.016639   -0.015913   -0.020973   -0.040113   -0.059802   -0.012567   -0.059802
   -0.040113    6.177661   -0.040113   -0.006774   -0.012567   -0.006774   -0.040113   -0.003522
   -0.015913   -0.006774   -0.012887   -0.006774   -0.015913   -0.003522   -0.040113   -0.016639
   -0.012567   -0.016639   -0.040113   -0.020973   -0.015913   -0.006774   -0.012887   -0.006774
   -0.015913   -0.003522   -0.007791   -0.006774   -0.007121   -0.006774   -0.007791   -0.003522
   -0.015913   -0.016639   -0.012887   -0.016639   -0.015913   -0.020973

   -0.020973   -0.040113   -0.016639   -0.012567   -0.016639   -0.040113   -0.003522   -0.015913
   -0.006774   -0.012887   -0.006774   -0.015913   -0.003522   -0.040113   -0.006774   -0.012567
   -0.006774   -0.040113    6.177661   -0.040113   -0.059802   -0.012567   -0.059802   -0.040113
   -0.020973   -0.015913   -0.016639   -0.012887   -0.016639   -0.015913   -0.020973   -0.040113
   -0.016639   -0.012567   -0.016639   -0.040113   -0.020973   -0.015913   -0.016639   -0.012887
   -0.016639   -0.015913   -0.003522   -0.007791   -0.006774   -0.007121   -0.006774   -0.007791
   -0.003522   -0.015913   -0.006774   -0.012887   -0.006774   -0.015913

   -0.015913   -0.020973   -0.015913   -0.016639   -0.012887   -0.016639   -0.015913   -0.003522
   -0.015913   -0.006774   -0.012887   -0.006774   -0.007791   -0.003522   -0.007791   -0.006774
   -0.007121   -0.006774   -0.040113    6.177661   -0.040113   -0.059802   -0.012567   -0.059802
   -0.040113   -0.020973   -0.040113   -0.016639   -0.012567   -0.016639   -0.015913   -0.020973
   -0.015913   -0.016639   -0.012887   -0.016639   -0.040113   -0.020973   -0.040113   -0.016639
   -0.012567   -0.016639   -0.040113   -0.003522   -0.040113   -0.006774   -0.012567   -0.006774
   -0.015913   -0.003522   -0.015913   -0.006774   -0.012887   -0.006774

   -0.016639   -0.040113   -0.020973   -0.040113   -0.016639   -0.012567   -0.006774   -0.015913
   -0.003522   -0.015913   -0.006774   -0.012887   -0.006774   -0.040113   -0.003522   -0.040113
   -0.006774   -0.012567   -0.059802   -0.040113    6.177661   -0.040113   -0.059802   -0.012567
   -0.016639   -0.015913   -0.020973   -0.015913   -0.016639   -0.012887   -0.016639   -0.040113
   -0.020973   -0.040113   -0.016639   -0.012567   -0.016639   -0.015913   -0.020973   -0.015913
   -0.016639   -0.012887   -0.006774   -0.007791   -0.003522   -0.007791   -0.006774   -0.007121
   -0.006774   -0.015913   -0.003522   -0.015913   -0.006774   -0.012887

   -0.012887   -0.016639   -0.015913   -0.020973   -0.015913   -0.016639   -0.012887   -0.006774
   -0.015913   -0.003522   -0.015913   -0.006774   -0.007121   -0.006774   -0.007791   -0.003522
   -0.007791   -0.006774   -0.012567   -0.059802   -0.040113    6.177661   -0.040113   -0.059802
   -0.012567   -0.016639   -0.040113   -0.020973   -0.040113   -0.016639   -0.012887   -0.016639
   -0.015913   -0.020973   -0.015913   -0.016639   -0.012567   -0.016639   -0.040113   -0.020973
   -0.040113   -0.016639   -0.012567   -0.006774   -0.040113   -0.003522   -0.040113   -0.006774
   -0.012887   -0.006774   -0.015913   -0.003522   -0.015913   -0.006774

   -0.016639   -0.012567   -0.016639   -0.040113   -0.020973   -0.040113   -0.006774   -0.012887
   -0.006774   -0.015913   -0.003522   -0.015913   -0.006774   -0.012567   -0.006774   -0.040113
   -0.003522   -0.040113   -0.059802   -0.012567   -0.059802   -0.040113    6.177661   -0.040113
   -0.016639   -0.012887   -0.016639   -0.015913   -0.020973   -0.015913   -0.016639   -0.012567
   -0.016639   -0.040113   -0.020973   -0.040113   -0.016639   -0.012887   -0.016639   -0.015913
   -0.020973   -0.015913   -0.006774   -0.007121   -0.006774   -0.007791   -0.003522   -0.007791
   -0.006774   -0.012887   -0.006774   -0.015913   -0.003522   -0.015913

   -0.015913   -0.016639   -0.012887   -0.016639   -0.015913   -0.020973   -0.015913   -0.006774
   -0.012887   -0.006774   -0.015913   -0.003522   -0.007791   -0.006774   -0.007121   -0.006774
   -0.007791   -0.003522   -0.040113   -0.059802   -0.012567   -0.059802   -0.040113    6.177661
   -0.040113   -0.016639   -0.012567   -0.016639   -0.040113   -0.020973   -0.015913   -0.016639
   -0.012887   -0.016639   -0.015913   -0.020973   -0.040113   -0.016639   -0.012567   -0.016639
   -0.040113   -0.020973   -0.040113   -0.006774   -0.012567   -0.006774   -0.040113   -0.003522
   -0.015913   -0.006774   -0.012887   -0.006774   -0.015913   -0.003522

   -0.003522   -0.040113   -0.006774   -0.012567   -0.006774   -0.040113   -0.020973   -0.040113
   -0.016639   -0.012567   -0.016639   -0.040113   -0.003522   -0.015913   -0.006774   -0.012887
   -0.006774   -0.015913   -0.020973   -0.040113   -0.016639   -0.012567   -0.016639   -0.040113
    6.177661   -0.040113   -0.059802   -0.012567   -0.059802   -0.040113   -0.020973   -0.015913
   -0.016639   -0.012887   -0.016639   -0.015913   -0.003522   -0.015913   -0.006774   -0.012887
   -0.006774   -0.015913   -0.020973   -0.015913   -0.016639   -0.012887   -0.016639   -0.015913
   -0.003522   -0.007791   -0.006774   -0.007121   -0.006774   -0.007791

   -0.007791   -0.003522   -0.007791   -0.006774   -0.007121   -0.006774   -0.015913   -0.020973
   -0.015913   -0.016639   -0.012887   -0.016639   -0.015913   -0.003522   -0.015913   -0.006774
   -0.012887   -0.006774   -0.015913   -0.020973   -0.015913   -0.016639   -0.012887   -0.016639
   -0.040113    6.177661   -0.040113   -0.059802   -0.012567   -0.059802   -0.040113   -0.020973
   -0.040113   -0.016639   -0.012567   -0.016639   -0.015913   -0.003522   -0.015913   -0.006774
   -0.012887   -0.006774   -0.040113   -0.020973   -0.040113   -0.016639   -0.012567   -0.016639
   -0.040113   -0.003522   -0.040113   -0.006774   -0.012567   -0.006774

   -0.006774   -0.040113   -0.003522   -0.040113   -0.006774   -0.012567   -0.016639   -0.040113
   -0.020973   -0.040113   -0.016639   -0.012567   -0.006774   -0.015913   -0.003522   -0.015913
   -0.006774   -0.012887   -0.016639   -0.040113   -0.020973   -0.040113   -0.016639   -0.012567
   -0.059802   -0.040113    6.177661   -0.040113   -0.059802   -0.012567   -0.016639   -0.015913
   -0.020973   -0.015913   -0.016639   -0.012887   -0.006774   -0.015913   -0.003522   -0.015913
   -0.006774   -0.012887   -0.016639   -0.015913   -0.020973   -0.015913   -0.016639   -0.012887
   -0.006774   -0.007791   -0.003522   -0.007791   -0.006774   -0.007121

   -0.007121   -0.006774   -0.007791   -0.003522   -0.007791   -0.006774   -0.012887   -0.016639
   -0.015913   -0.020973   -0.015913   -0.016639   -0.012887   -0.006774   -0.015913   -0.003522
   -0.015913   -0.006774   -0.012887   -0.016639   -0.015913   -0.020973   -0.015913   -0.016639
   -0.012567   -0.059802   -0.040113    6.177661   -0.040113   -0.059802   -0.012567   -0.016639
   -0.040113   -0.020973   -0.040113   -0.016639   -0.012887   -0.006774   -0.015913   -0.003522
   -0.015913   -0.006774   -0.012567   -0.016639   -0.040113   -0.020973   -0.040113   -0.016639
   -0.012567   -0.006774   -0.040113   -0.003522   -0.040113   -0.006774

   -0.006774   -0.012567   -0.006774   -0.040113   -0.003522   -0.040113   -0.016639   -0.012567
   -0.016639   -0.040113   -0.020973   -0.040113   -0.006774   -0.012887   -0.006774   -0.015913
   -0.003522   -0.015913   -0.016639   -0.012567   -0.016639   -0.040113   -0.020973   -0.040113
   -0.059802   -0.012567   -0.059802   -0.040113    6.177661   -0.040113   -0.016639   -0.012887
   -0.016639   -0.015913   -0.020973   -0.015913   -0.006774   -0.012887   -0.006774   -0.015913
   -0.003522   -0.015913   -0.016639   -0.012887   -0.016639   -0.015913   -0.020973   -0.015913
   -0.006774   -0.007121   -0.006774   -0.007791   -0.003522   -0.007791

   -0.007791   -0.006774   -0.007121   -0.006774   -0.007791   -0.003522   -0.015913   -0.016639
   -0.012887   -0.016639   -0.015913   -0.020973   -0.015913   -0.006774   -0.012887   -0.006774
   -0.015913   -0.003522   -0.015913   -0.016639   -0.012887   -0.016639   -0.015913   -0.020973
   -0.040113   -0.059802   -0.012567   -0.059802   -0.040113    6.177661   -0.040113   -0.016639
   -0.012567   -0.016639   -0.040113   -0.020973   -0.015913   -0.006774   -0.012887   -0.006774
   -0.015913   -0.003522   -0.040113   -0.016639   -0.012567   -0.016639   -0.040113   -0.020973
   -0.040113   -0.006774   -0.012567   -0.006774   -0.040113   -0.003522

   -0.003522   -0.015913   -0.006774   -0.012887   -0.006774   -0.015913   -0.003522   -0.040113
   -0.006774   -0.012567   -0.006774   -0.040113   -0.020973   -0.040113   -0.016639   -0.012567
   -0.016639   -0.040113   -0.020973   -0.015913   -0.016639   -0.012887   -0.016639   -0.015913
   -0.020973   -0.040113   -0.016639   -0.012567   -0.016639   -0.040113    6.177661   -0.040113
   -0.059802   -0.012567   -0.059802   -0.040113   -0.003522   -0.007791   -0.006774   -0.007121
   -0.006774   -0.007791   -0.003522   -0.015913   -0.006774   -0.012887   -0.006774   -0.015913
   -0.020973   -0.015913   -0.016639   -0.012887   -0.016639   -0.015913

   -0.015913   -0.003522   -0.015913   -0.006774   -0.012887   -0.006774   -0.007791   -0.003522
   -0.007791   -0.006774   -0.007121   -0.006774   -0.015913   -0.020973   -0.015913   -0.016639
   -0.012887   -0.016639   -0.040113   -0.020973   -0.040113   -0.016639   -0.012567   -0.016639
   -0.015913   -0.020973   -0.015913   -0.016639   -0.012887   -0.016639   -0.040113    6.177661
   -0.040113   -0.059802   -0.012567   -0.059802   -0.040113   -0.003522   -0.040113   -0.006774
   -0.012567   -0.006774   -0.015913   -0.003522   -0.015913   -0.006774   -0.012887   -0.006774
   -0.040113   -0.020973   -0.040113   -0.016639   -0.012567   -0.016639

   -0.006774   -0.015913   -0.003522   -0.015913   -0.006774   -0.012887   -0.006774   -0.040113
   -0.003522   -0.040113   -0.006774   -0.012567   -0.016639   -0.040113   -0.020973   -0.040113
   -0.016639   -0.012567   -0.016639   -0.015913   -0.020973   -0.015913   -0.016639   -0.012887
   -0.016639   -0.040113   -0.020973   -0.040113   -0.016639   -0.012567   -0.059802   -0.040113
    6.177661   -0.040113   -0.059802   -0.012567   -0.006774   -0.007791   -0.003522   -0.007791
   -0.006774   -0.007121   -0.006774   -0.015913   -0.003522   -0.015913   -0.006774   -0.012887
   -0.016639   -0.015913   -0.020973   -0.015913   -0.016639   -0.012887

   -0.012887   -0.006774   -0.015913   -0.003522   -0.015913   -0.006774   -0.007121   -0.006774
   -0.007791   -0.003522   -0.007791   -0.006774   -0.012887   -0.016639   -0.015913   -0.020973
   -0.015913   -0.016639   -0.012567   -0.016639   -0.040113   -0.020973   -0.040113   -0.016639
   -0.012887   -0.016639   -0.015913   -0.020973   -0.015913   -0.016639   -0.012567   -0.059802
   -0.040113    6.177661   -0.040113   -0.059802   -0.012567   -0.006774   -0.040113   -0.003522
   -0.040113   -0.006774   -0.012887   -0.006774   -0.015913   -0.003522   -0.015913   -0.006774
   -0.012567   -0.016639   -0.040113   -0.020973   -0.040113   -0.016639

   -0.006774   -0.012887   -0.006774   -0.015913   -0.003522   -0.015913   -0.006774   -0.012567
   -0.006774   -0.040113   -0.003522   -0.040113   -0.016639   -0.012567   -0.016639   -0.040113
   -0.020973   -0.040113   -0.016639   -0.012887   -0.016639   -0.015913   -0.020973   -0.015913
   -0.016639   -0.012567   -0.016639   -0.040113   -0.020973   -0.040113   -0.059802   -0.012567
   -0.059802   -0.040113    6.177661   -0.040113   -0.006774   -0.007121   -0.006774   -0.007791
   -0.003522   -0.007791   -0.006774   -0.012887   -0.006774   -0.015913   -0.003522   -0.015913
   -0.016639   -0.012887   -0.016639   -0.015913   -0.020973   -0.015913

   -0.015913   -0.006774   -0.012887   -0.006774   -0.015913   -0.003522   -0.007791   -0.006774
   -0.007121   -0.006774   -0.007791   -0.003522   -0.015913   -0.016639   -0.012887   -0.016639
   -0.015913   -0.020973   -0.040113   -0.016639   -0.012567   -0.016639   -0.040113   -0.020973
   -0.015913   -0.016639   -0.012887   -0.016639   -0.015913   -0.020973   -0.040113   -0.059802
   -0.012567   -0.059802   -0.040113    6.177661   -0.040113   -0.006774   -0.012567   -0.006774
   -0.040113   -0.003522   -0.015913   -0.006774   -0.012887   -0.006774   -0.015913   -0.003522
   -0.040113   -0.016639   -0.012567   -0.016639   -0.040113   -0.020973

   -0.020973   -0.015913   -0.016639   -0.012887   -0.016639   -0.015913   -0.003522   -0.007791
   -0.006774   -0.007121   -0.006774   -0.007791   -0.003522   -0.015913   -0.006774   -0.012887
   -0.006774   -0.015913   -0.020973   -0.040113   -0.016639   -0.012567   -0.016639   -0.040113
   -0.003522   -0.015913   -0.006774   -0.012887   -0.006774   -0.015913   -0.003522   -0.040113
   -0.006774   -0.012567   -0.006774   -0.040113    6.177661   -0.040113   -0.059802   -0.012567
   -0.059802   -0.040113   -0.020973   -0.015913   -0.016639   -0.012887   -0.016639   -0.015913
   -0.020973   -0.040113   -0.016639   -0.012567   -0.016639   -0.040113

   -0.040113   -0.020973   -0.040113   -0.016639   -0.012567   -0.016639   -0.040113   -0.003522
   -0.040113   -0.006774   -0.012567   -0.006774   -0.015913   -0.003522   -0.015913   -0.006774
   -0.012887   -0.006774   -0.015913   -0.020973   -0.015913   -0.016639   -0.012887   -0.016639
   -0.015913   -0.003522   -0.015913   -0.006774   -0.012887   -0.006774   -0.007791   -0.003522
   -0.007791   -0.006774   -0.007121   -0.006774   -0.040113    6.177661   -0.040113   -0.059802
   -0.012567   -0.059802   -0.040113   -0.020973   -0.040113   -0.016639   -0.012567   -0.016639
   -0.015913   -0.020973   -0.015913   -0.016639   -0.012887   -0.016639

   -0.016639   -0.015913   -0.020973   -0.015913   -0.016639   -0.012887   -0.006774   -0.007791
   -0.003522   -0.007791   -0.006774   -0.007121   -0.006774   -0.015913   -0.003522   -0.015913
   -0.006774   -0.012887   -0.016639   -0.040113   -0.020973   -0.040113   -0.016639   -0.012567
   -0.006774   -0.015913   -0.003522   -0.015913   -0.006774   -0.012887   -0.006774   -0.040113
   -0.003522   -0.040113   -0.006774   -0.012567   -0.059802   -0.040113    6.177661   -0.040113
   -0.059802   -0.012567   -0.016639   -0.015913   -0.020973   -0.015913   -0.016639   -0.012887
   -0.016639   -0.040113   -0.020973   -0.040113   -0.016639   -0.012567

   -0.012567   -0.016639   -0.040113   -0.020973   -0.040113   -0.016639   -0.012567   -0.006774
   -0.040113   -0.003522   -0.040113   -0.006774   -0.012887   -0.006774   -0.015913   -0.003522
   -0.015913   -0.006774   -0.012887   -0.016639   -0.015913   -0.020973   -0.015913   -0.016639
   -0.012887   -0.006774   -0.015913   -0.003522   -0.015913   -0.006774   -0.007121   -0.006774
   -0.007791   -0.003522   -0.007791   -0.006774   -0.012567   -0.059802   -0.040113    6.177661
   -0.040113   -0.059802   -0.012567   -0.016639   -0.040113   -0.020973   -0.040113   -0.016639
   -0.012887   -0.016639   -0.015913   -0.020973   -0.015913   -0.016639

   -0.016639   -0.012887   -0.016639   -0.015913   -0.020973   -0.015913   -0.006774   -0.007121
   -0.006774   -0.007791   -0.003522   -0.007791   -0.006774   -0.012887   -0.006774   -0.015913
   -0.003522   -0.015913   -0.016639   -0.012567   -0.016639   -0.040113   -0.020973   -0.040113
   -0.006774   -0.012887   -0.006774   -0.015913   -0.003522   -0.015913   -0.006774   -0.012567
   -0.006774   -0.040113   -0.003522   -0.040113   -0.059802   -0.012567   -0.059802   -0.040113
    6.177661   -0.040113   -0.016639   -0.012887   -0.016639   -0.015913   -0.020973   -0.015913
   -0.016639   -0.012567   -0.016639   -0.040113   -0.020973   -0.040113

   -0.040113   -0.016639   -0.012567   -0.016639   -0.040113   -0.020973   -0.040113   -0.006774
   -0.012567   -0.006774   -0.040113   -0.003522   -0.015913   -0.006774   -0.012887   -0.006774
   -0.015913   -0.003522   -0.015913   -0.016639   -0.012887   -0.016639   -0.015913   -0.020973
   -0.015913   -0.006774   -0.012887   -0.006774   -0.015913   -0.003522   -0.007791   -0.006774
   -0.007121   -0.006774   -0.007791   -0.003522   -0.040113   -0.059802   -0.012567   -0.059802
   -0.040113    6.177661   -0.040113   -0.016639   -0.012567   -0.016639   -0.040113   -0.020973
   -0.015913   -0.016639   -0.012887   -0.016639   -0.015913   -0.020973

   -0.003522   -0.015913   -0.006774   -0.012887   -0.006774   -0.015913   -0.020973   -0.015913
   -0.016639   -0.012887   -0.016639   -0.015913   -0.003522   -0.007791   -0.006774   -0.007121
   -0.006774   -0.007791   -0.003522   -0.040113   -0.006774   -0.012567   -0.006774   -0.040113
   -0.020973   -0.040113   -0.016639   -0.012567   -0.016639   -0.040113   -0.003522   -0.015913
   -0.006774   -0.012887   -0.006774   -0.015913   -0.020973   -0.040113   -0.016639   -0.012567
   -0.016639   -0.040113    6.177661   -0.040113   -0.059802   -0.012567   -0.059802   -0.040113
   -0.020973   -0.015913   -0.016639   -0.012887   -0.016639   -0.015913

   -0.015913   -0.003522   -0.015913   -0.006774   -0.012887   -0.006774   -0.040113   -0.020973
   -0.040113   -0.016639   -0.012567   -0.016639   -0.040113   -0.003522   -0.040113   -0.006774
   -0.012567   -0.006774   -0.007791   -0.003522   -0.007791   -0.006774   -0.007121   -0.006774
   -0.015913   -0.020973   -0.015913   -0.016639   -0.012887   -0.016639   -0.015913   -0.003522
   -0.015913   -0.006774   -0.012887   -0.006774   -0.015913   -0.020973   -0.015913   -0.016639
   -0.012887   -0.016639   -0.040113    6.177661   -0.040113   -0.059802   -0.012567   -0.059802
   -0.040113   -0.020973   -0.040113   -0.016639   -0.012567   -0.016639

   -0.006774   -0.015913   -0.003522   -0.015913   -0.006774   -0.012887   -0.016639   -0.015913
   -0.020973   -0.015913   -0.016639   -0.012887   -0.006774   -0.007791   -0.003522   -0.007791
   -0.006774   -0.007121   -0.006774   -0.040113   -0.003522   -0.040113   -0.006774   -0.012567
   -0.016639   -0.040113   -0.020973   -0.040113   -0.016639   -0.012567   -0.006774   -0.015913
   -0.003522   -0.015913   -0.006774   -0.012887   -0.016639   -0.040113   -0.020973   -0.040113
   -0.016639   -0.012567   -0.059802   -0.040113    6.177661   -0.040113   -0.059802   -0.012567
   -0.016639   -0.015913   -0.020973   -0.015913   -0.016639   -0.012887

   -0.012887   -0.006774   -0.015913   -0.003522   -0.015913   -0.006774   -0.012567   -0.016639
   -0.040113   -0.020973   -0.040113   -0.016639   -0.012567   -0.006774   -0.040113   -0.003522
   -0.040113   -0.006774   -0.007121   -0.006774   -0.007791   -0.003522   -0.007791   -0.006774
   -0.012887   -0.016639   -0.015913   -0.020973   -0.015913   -0.016639   -0.012887   -0.006774
   -0.015913   -0.003522   -0.015913   -0.006774   -0.012887   -0.016639   -0.015913   -0.020973
   -0.015913   -0.016639   -0.012567   -0.059802   -0.040113    6.177661   -0.040113   -0.059802
   -0.012567   -0.016639   -0.040113   -0.020973   -0.040113   -0.016639

   -0.006774   -0.012887   -0.006774   -0.015913   -0.003522   -0.015913   -0.016639   -0.012887
   -0.016639   -0.015913   -0.020973   -0.015913   -0.006774   -0.007121   -0.006774   -0.007791
   -0.003522   -0.007791   -0.006774   -0.012567   -0.006774   -0.040113   -0.003522   -0.040113
   -0.016639   -0.012567   -0.016639   -0.040113   -0.020973   -0.040113   -0.006774   -0.012887
   -0.006774   -0.015913   -0.003522   -0.015913   -0.016639   -0.012567   -0.016639   -0.040113
   -0.020973   -0.040113   -0.059802   -0.012567   -0.059802   -0.040113    6.177661   -0.040113
   -0.016639   -0.012887   -0.016639   -0.015913   -0.020973   -0.015913

   -0.015913   -0.006774   -0.012887   -0.006774   -0.015913   -0.003522   -0.040113   -0.016639
   -0.012567   -0.016639   -0.040113   -0.020973   -0.040113   -0.006774   -0.012567   -0.006774
   -0.040113   -0.003522   -0.007791   -0.006774   -0.007121   -0.006774   -0.007791   -0.003522
   -0.015913   -0.016639   -0.012887   -0.016639   -0.015913   -0.020973   -0.015913   -0.006774
   -0.012887   -0.006774   -0.015913   -0.003522   -0.015913   -0.016639   -0.012887   -0.016639
   -0.015913   -0.020973   -0.040113   -0.059802   -0.012567   -0.059802   -0.040113    6.177661
   -0.040113   -0.016639   -0.012567   -0.016639   -0.040113   -0.020973

   -0.003522   -0.007791   -0.006774   -0.007121   -0.006774   -0.007791   -0.003522   -0.015913
   -0.006774   -0.012887   -0.006774   -0.015913   -0.020973   -0.015913   -0.016639   -0.012887
   -0.016639   -0.015913   -0.003522   -0.015913   -0.006774   -0.012887   -0.006774   -0.015913
   -0.003522   -0.040113   -0.006774   -0.012567   -0.006774   -0.040113   -0.020973   -0.040113
   -0.016639   -0.012567   -0.016639   -0.040113   -0.020973   -0.015913   -0.016639   -0.012887
   -0.016639   -0.015913   -0.020973   -0.040113   -0.016639   -0.012567   -0.016639   -0.040113
    6.177661   -0.040113   -0.059802   -0.012567   -0.059802   -0.040113

   -0.040113   -0.003522   -0.040113   -0.006774   -0.012567   -0.006774   -0.015913   -0.003522
   -0.015913   -0.006774   -0.012887   -0.006774   -0.040113   -0.020973   -0.040113   -0.016639
   -0.012567   -0.016639   -0.015913   -0.003522   -0.015913   -0.006774   -0.012887   -0.006774
   -0.007791   -0.003522   -0.007791   -0.006774   -0.007121   -0.006774   -0.015913   -0.020973
   -0.015913   -0.016639   -0.012887   -0.016639   -0.040113   -0.020973   -0.040113   -0.016639
   -0.012567   -0.016639   -0.015913   -0.020973   -0.015913   -0.016639   -0.012887   -0.016639
   -0.040113    6.177661   -0.040113   -0.059802   -0.012567   -0.059802

   -0.006774   -0.007791   -0.003522   -0.007791   -0.006774   -0.007121   -0.006774   -0.015913
   -0.003522   -0.015913   -0.006774   -0.012887   -0.016639   -0.015913   -0.020973   -0.015913
   -0.016639   -0.012887   -0.006774   -0.015913   -0.003522   -0.015913   -0.006774   -0.012887
   -0.006774   -0.040113   -0.003522   -0.040113   -0.006774   -0.012567   -0.016639   -0.040113
   -0.020973   -0.040113   -0.016639   -0.012567   -0.016639   -0.015913   -0.020973   -0.015913
   -0.016639   -0.012887   -0.016639   -0.040113   -0.020973   -0.040113   -0.016639   -0.012567
   -0.059802   -0.040113    6.177661   -0.040113   -0.059802   -0.012567

   -0.012567   -0.006774   -0.040113   -0.003522   -0.040113   -0.006774   -0.012887   -0.006774
   -0.015913   -0.003522   -0.015913   -0.006774   -0.012567   -0.016639   -0.040113   -0.020973
   -0.040113   -0.016639   -0.012887   -0.006774   -0.015913   -0.003522   -0.015913   -0.006774
   -0.007121   -0.006774   -0.007791   -0.003522   -0.007791   -0.006774   -0.012887   -0.016639
   -0.015913   -0.020973   -0.015913   -0.016639   -0.012567   -0.016639   -0.040113   -0.020973
   -0.040113   -0.016639   -0.012887   -0.016639   -0.015913   -0.020973   -0.015913   -0.016639
   -0.012567   -0.059802   -0.040113    6.177661   -0.040113   -0.059802

   -0.006774   -0.007121   -0.006774   -0.007791   -0.003522   -0.007791   -0.006774   -0.012887
   -0.006774   -0.015913   -0.003522   -0.015913   -0.016639   -0.012887   -0.016639   -0.015913
   -0.020973   -0.015913   -0.006774   -0.012887   -0.006774   -0.015913   -0.003522   -0.015913
   -0.006774   -0.012567   -0.006774   -0.040113   -0.003522   -0.040113   -0.016639   -0.012567
   -0.016639   -0.040113   -0.020973   -0.040113   -0.016639   -0.012887   -0.016639   -0.015913
   -0.020973   -0.015913   -0.016639   -0.012567   -0.016639   -0.040113   -0.020973   -0.040113
   -0.059802   -0.012567   -0.059802   -0.040113    6.177661   -0.040113

   -0.040113   -0.006774   -0.012567   -0.006774   -0.040113   -0.003522   -0.015913   -0.006774
   -0.012887   -0.006774   -0.015913   -0.003522   -0.040113   -0.016639   -0.012567   -0.016639
   -0.040113   -0.020973   -0.015913   -0.006774   -0.012887   -0.006774   -0.015913   -0.003522
   -0.007791   -0.006774   -0.007121   -0.006774   -0.007791   -0.003522   -0.015913   -0.016639
   -0.012887   -0.016639   -0.015913   -0.020973   -0.040113   -0.016639   -0.012567   -0.016639
   -0.040113   -0.020973   -0.015913   -0.016639   -0.012887   -0.016639   -0.015913   -0.020973
   -0.040113   -0.059802   -0.012567   -0.059802   -0.040113    6.177661

