0.52683203870522
-0.031333955332340874
-0.1676038208876261
0.000625929421437428
-0.01396006893558394
0.007742353578605728
5.249061479418582e-05
5.967752120577418e-05
0.08310327744961031
0.003585327163303147
2.2312118079814392e-05
-0.04845221852287368
-0.0009178529977572925
-0.41129870040001065
-0.008476383482567143
-0.00587435524668735
0.14346475299104233
0.0037380639513131062
0.0008695354878835444
0.012760855581987654
0.00011682207165945563
-0.00024425537446449996
-0.00044218110864421275
-1.1358945866315622e-06
8.19366251148448e-06
-0.0102496528862655
3.3745822399244173e-05
-1.8466366211905567e-05
0.005103726805629176
-0.00021677318264348594
0.008990445043028868
9.035348409504163e-05
-0.0001254816595991788
-0.008520633305082296
-0.00021503090651185674
0.5197974382210737
0.0029356972480736715
0.00032158202826639937
-0.02183222610113391
1.806870420427114e-05
2.027395089091803e-05
0.3095869255324575
-0.00460092992808936
0.0028890867995367215
-0.003220000516395684
-6.80118229799781e-05
-0.7853806086554895
-0.006914015879010605
-0.018060879148777215
0.014457366008760835
-0.0053046669003571955
0.9406331296223188
0.0013853941056676635
-8.751465837956423e-06
-0.04144924142439757
-0.0001440399821220718
-0.003788928460005455
0.017812904965263242
0.0006445410632002796
-0.003108076652598813
0.007351307217040723
-0.004814560844894906
-0.029602105441291514
0.00037958700562211044
-0.00469621893431132
0.0311843305080609
0.7891149334779501
-2.4917345309645002e-06
-0.00013890009777282251
-0.0317202496967592
-0.005529555622024258
-0.0008237976418206709
0.016780292461524158
-0.004012391904103648
-0.00048441267406699486
0.0010117572634175296
-0.003204848318925992
-0.06787892918885695
-0.0012659791678242681
-0.018550019649511522
0.000294826420010219
-1.7875703082275648e-06
-6.492441007951672e-07
-0.012150349177740261
0.0001365679346079116
-2.3934831686710374e-05
0.00017275593229401322
-3.475589294107865e-06
0.016521810762082895
3.345540764744895e-05
4.0655376114291536e-05
-0.00011360635615156878
2.99012271740766e-05
0.0005903050001670408
4.596344409065175e-06
-4.679115295733669e-05
-0.0011980418356801919
-2.565135926902985e-05
0.0001107543311434897
0.00020669887416314864
-6.321892703633816e-06
0.0008910036323926053
-1.4957586732438326e-05
8.960540400748265e-05
-0.0005461420104639557
0.00041184201302234985
-0.00011025936441817389
-1.2935364508558273e-05
-0.0013640577483415338
4.097454935503044e-05
0.00011941616019016453
8.218219322353161e-05
2.3361133915007795e-05
0.001116897646926807
-1.2584543442327317e-05
0.00022829484284780664
0.9908479847052492
-0.0017363995822404989
-0.0049499536744856505
-0.048604142582904804
-0.003767362497884674
-0.49071945048772464
0.015278579908932582
0.017463762163653758
0.11145468762530054
0.011989090586814515
0.8938621954608721
0.004676253649193092
-0.00130661906902498
0.0016507544871456168
0.014126122916534386
0.06916056055800512
-0.009164913196165598
-5.266460694507526e-05
-0.005101240089180578
0.8770315056093926
0.00038774452394857233
-0.0006889435022818511
0.02039144033221548
-0.009843718993921693
0.11635554539937734
-0.004343100842968256
-0.006056779773223763
0.8753349561145443
-0.0025002387420877347
0.10339836864365909
0.0008049042040043486
-0.002316013396913531
0.10175140452548992
0.004944200299063529
1.0144767792039655
0.006032558542299315
-0.0016735705349415753
-0.00047763304027725016
0.001172591281908019
-0.7877282067427533
0.6828363460643903
0.05414144547442036
0.04629605433583784
-0.1388048649873666
0.010083711536804861
0.27864674743891893
-0.026032040277953597
-0.009105600975898898
-0.01429689908925054
0.23536636275570735
-0.013387341906899127
-0.020852336337768586
0.2952624267789169
0.02608839768844954
0.7751067168160519
0.053172399981758746
0.2851349764063363
0.0010605934576579507
-7.418672654078588e-05
8.13106168686387e-06
-0.0003790617185486305
-8.172813750573899e-05
4.184359807313986e-05
0.009865186239171181
-0.00017848825093219652
-1.0961840620824657e-05
-0.0025360635150961067
-0.00011458540480286244
-0.0024769562917985695
6.353517874301764e-05
-1.2765128562413439e-07
0.0005222661344852478
3.491544242549335e-05
0.47793668278661594
-0.00033496640506072885
-2.966782530772828e-06
-3.669532126481748e-06
0.0008796847901250996
-2.3844532890603996e-05
-2.90856764869538e-05
-0.00595073657348859
7.653186362855836e-05
2.1896825397013015e-05
0.0014855890739466386
-0.0002040885857774028
0.0020195831590630953
-4.014157332093909e-05
-6.649787224794358e-06
-0.0006710877970382341
-8.475118111226839e-05
0.3920555250785579
-2.3625532662580763e-05
4.43441906756931e-06
0.1402758401509023
-2.5927790908714515e-05
5.920388222850808e-06
0.0011230524986538945
-3.32303715765316e-05
-2.8671917512125033e-06
-4.343419123819691e-05
-9.381955258424581e-06
-0.0008644610605467045
6.550114181933063e-05
-5.842909403546026e-07
4.8790425021965605e-05
5.533071939171495e-06
0.3920009743820878
1.271658031371989e-05
-2.4559652973740514e-05
0.13980519592713514
3.9748041734836506e-05
1.8120752811082778e-05
0.0003399998375231883
-2.2335313876880067e-06
-5.486943709173543e-05
5.755866161992023e-06
-1.4498264986553864e-05
-0.00020861208157552436
2.636767739679705e-06
4.8752442759433084e-05
-4.133091142947364e-06
0.39194747186614287
5.909572501831158e-06
3.773011442126611e-05
0.13974396454876153
4.304437324513798e-06
1.0942389185365037e-06
0.000355724634004851
9.128724957204981e-06
-1.0891666129962694e-05
2.3397506322812531e-07
1.8136705921644541e-06
-0.0002776990282434285
-1.5211413669151427e-06
4.299013574437879e-05
0.014387801906708712
-1.4981172653865323e-05
-3.972153286920028e-06
0.005957599554187049
-0.00028389660107804493
9.529294933678514e-05
-0.0002785176385691364
2.0847398468497275e-05
-0.0012395898004181915
0.00010737662940485461
-3.71916591711944e-05
8.421344197184763e-05
-4.072492522841316e-06
0.015573901232020716
-2.043256900603125e-05
-6.680823585651607e-05
0.0010881718723929636
-2.6076007946419065e-05
8.250901582558807e-05
0.00012247082008905793
1.5063097718126547e-05
-0.0003725723017606689
7.414306839793718e-06
-1.8225115471182762e-05
-4.1961428461302774e-05
0.015093155499858789
-8.206205818941275e-05
-4.361780253847058e-05
0.0016647110732025113
-0.00017157502125061274
-0.00011700707946623288
2.641283999937801e-05
1.2267297102581328e-05
-0.0005478325402523631
5.9433073400969735e-05
5.027591797884767e-05
0.22773841107908382
8.133576397070823e-05
-0.0006738160766766129
0.005348997226583375
0.001107469867127077
-0.1613995728140735
1.3265159386765141e-05
0.00017698210499205618
-0.001475740528248134
-0.00026068180397233935
0.24273576184397339
0.0007693772839077951
-0.0002755961593563712
0.0007174797397684765
-6.370069954637814e-06
-0.17115010719194235
-0.0002557149516210919
9.189202102472738e-05
-0.0002034213677136978
0.24548632682187455
0.00042231269776158765
-0.0006478910259689542
0.00017866886278887067
-0.0002704889254488721
-0.17229237245511217
-0.00012152324280125041
0.00019512935153659765
0.24111674031044594
-0.002160807459610497
-0.0013866478659380287
8.477905905183553e-05
-0.0001115891705797532
-0.17045292944964774
0.0005945049769510923
0.17633089638480376
-0.00034677589619572084
-0.00020647413872786093
0.00021268673953841566
0.0006336454119071464
-0.13028387684194365
0.02888392276144316
-9.183037215418062e-06
-4.622720665028655e-05
0.00028114090523654825
7.78075876952234e-05
0.030288444569718572
9.283054173696802e-05
-2.948089447298963e-05
5.851077733265892e-05
0.030340794957581085
3.146976420599554e-05
-6.484428177395312e-05
0.030241292743890445
-0.00017257085821768137
0.024344922860971598
0.8302733855772886
-0.03710145154995121
-0.00012085734399582216
-7.816357054070873e-06
-4.329589801631562e-06
-0.000931028095035679
-5.918516340988254e-06
-3.350674438658799e-05
-0.004318859656354522
2.3731744750181576e-05
-6.195575271248875e-05
0.0011254025081261308
-9.768514606900961e-05
0.0011338348683090373
-1.0753281816849232e-05
-5.150854376168648e-06
-0.00018169713669448974
4.3511656469012834e-05
0.01154472297437669
-0.0005781682238062728
-1.6126017320333625e-05
4.540714967024966e-05
0.0009082529521082592
-1.787527089854577e-05
0.000123274016984651
0.010339960578165178
-3.384563875127408e-05
0.00011474860141818361
-0.002481342939444466
0.000159578241244736
-0.0032249315202461477
-2.883621029041756e-06
-3.0331805575770897e-05
0.0006176368428337061
-4.247698099790368e-05
0.3592779093842797
7.642602536525845e-06
2.5196288442789394e-06
0.15053994838067158
7.227997244900176e-06
2.372356976085336e-06
-0.0026396305660789064
1.5655232536455882e-05
-5.2451460546585267e-05
6.46217771317659e-05
4.938250903860566e-06
0.0011675756545213344
-2.9623687684346346e-06
3.3400304550335152e-06
-2.6444775290202283e-05
-1.9084907819826077e-06
0.3590295100198808
-2.088386807829021e-05
7.429003580903941e-06
0.15036933289413135
-2.268045645426594e-05
1.8383859676697918e-05
-0.00043021543712327785
1.8020017566656966e-06
1.2979654957356908e-05
0.00010766498902774224
-1.3036530706354285e-05
0.00019254664289499517
-7.563912743429036e-07
-8.970311299954318e-07
-5.402083778850859e-05
0.3590110645054777
2.576592422084798e-06
-2.276294067636521e-05
0.15020290368138212
-2.7064315973320768e-05
5.866674378864362e-06
-0.0005660250662565947
-2.6673633896491972e-05
4.2381803815328825e-05
1.7861576446830872e-05
-2.2546611283094387e-06
0.0002494831524070816
1.980425879685309e-05
-4.540615270973094e-06
0.017743777228302605
-9.530698497020229e-06
-3.724736357797994e-06
-0.007606162905558456
0.00014783461795052783
-0.0003260085934531867
0.00020357944807358828
3.0194136784045644e-05
0.002134559885789208
-5.0829189124325674e-05
9.875333478846391e-05
-5.918235832769082e-05
-1.0499364369076541e-05
0.018874729035168816
-2.155902441141345e-05
7.775099227550682e-05
-0.0008273078197387454
-6.964262986748923e-06
0.00011480868098918007
0.0005735407303747379
-2.8838411317296203e-05
0.00032622563024712025
2.8306527487785524e-06
-4.2469763099049786e-05
-0.000210787254401394
0.018365835425999295
-0.00016753222083966163
1.6650227709815994e-05
-0.0013992983035400499
-0.00010853563449749428
0.00029852090890592105
6.759198402499054e-05
-5.80342131218169e-06
0.0005183166173403854
4.743789086986792e-05
-9.621603805722958e-05
0.23134928653246256
-0.0023568790077723644
0.002829560819514322
0.003322489032096827
-0.0005259421255738939
-0.19478729762573316
0.0007951183679459797
-0.0009879823715415413
-0.001283679305071978
0.00017735360807104119
0.23677568165042473
0.0010926640858961978
0.00022792614069784767
-0.0009206477483239251
0.0007478695839856197
-0.20012302406699073
-0.0003497777972672149
-8.423342394914869e-05
0.0002987068406489074
0.23644917549114736
-0.0006435396063492441
0.0007131867217391955
-0.0009345373638019035
-0.00034906819120899873
-0.19985107036903016
0.00022357857147451104
-0.0002476144639179324
0.23600638952814357
-0.0013783037552727263
-0.0012277122970413231
-8.805799973986232e-05
0.00022627691289017754
-0.19942946684205254
0.00043628000104139087
0.2039555325889717
0.00017230168547067393
0.00032095080135050534
-0.000260486154558212
0.0004678223189375834
-0.1745899838876582
0.041316712827889006
-0.00024744139638547093
0.0003263754862055516
0.0004024795447512326
-5.511304410914915e-05
0.04239856725928743
0.0001063083931805205
3.399040373555808e-05
-0.00010254809949552843
0.04232302525384794
-7.889757377363128e-05
9.137462055334948e-05
0.042239482111235314
-0.00014537006246433755
0.03770598383863788
0.053124273030069516
0.28523621757828876
0.0011223416739972662
5.63208768212206e-05
2.243169791053538e-05
-0.00032324459720410397
7.275115884477885e-05
4.155918232439094e-05
0.009627416364845544
4.030370145119377e-05
-0.00011707002676225017
-0.0025843110231321634
0.00011195094992999607
-0.0024038078583979035
-1.71305585909555e-05
2.9754725516372552e-05
0.0005390110804690072
-3.631320616324433e-05
0.4779027680980251
-0.0003517675613057816
3.7746721950032557e-06
-4.095873345801633e-06
0.0008592778503903017
1.1150880891803228e-05
-1.4595043241754653e-05
-0.005874578118720472
4.170827590340643e-06
9.699226328458604e-05
0.0015053919383045896
0.00014084286813888992
0.0019856507479485913
1.2058218306530778e-05
-4.694566715961513e-05
-0.0006774008190360347
6.80538385235901e-05
0.3920637373415703
8.896336077289364e-06
2.312931915738646e-06
0.1402490773527315
7.253037320897176e-06
6.040132125341692e-06
0.0009791583905403398
4.0961628062876077e-05
2.3932649218990468e-05
-4.8237989776045994e-05
1.1129386670536815e-05
-0.0008757678730493954
-5.27362221778398e-05
-1.2829606421334516e-05
5.364971279910097e-05
-5.164691480460954e-06
0.392006417348562
-8.104112578835813e-06
6.262045327976156e-06
0.13982254448962467
-2.78564675926372e-05
-1.9801042342637035e-05
0.00035877314625357154
2.61499467652435e-06
4.728557590048757e-05
1.2780737852283185e-05
1.4860935563194955e-05
-0.00021904515721805464
-2.2091980061900807e-06
-3.889976182317488e-05
-1.3996312695720662e-05
0.39195963969783
6.712573628821285e-06
-2.634741896822191e-05
0.13977707042078347
3.703379811166056e-06
2.0876601564435795e-06
0.00038252582361069265
5.800331133953025e-06
8.785226526405965e-06
4.585597140929066e-06
-2.1685030608140344e-06
-0.00029715970480073136
4.009881564330752e-06
-3.4748883005649536e-05
0.014544105951512997
1.5507983722917367e-05
-4.978614369298869e-06
0.008020917135204832
0.00010418026996972593
-3.520680505199512e-05
-0.0003041063922529586
-5.063970218716578e-05
-0.0018347255085315963
-4.913049812862754e-05
-2.0447172950752477e-06
9.198065163940316e-05
1.190109951134964e-05
0.015557134252190132
1.7068344262006546e-05
9.43488865263532e-05
0.0012321297810276599
1.9878344442681623e-05
-0.00010356686259993227
0.0001103508289630448
-2.2539515544418573e-05
-0.00042696487952045056
-5.4313786968603974e-06
2.7104842083481433e-05
-4.0530580203996305e-05
0.015082385116079518
-0.00010610226039131574
1.6406364442528336e-05
0.0018174466484706248
-0.0001907395109860279
9.82445183712115e-05
3.5159828123803886e-05
-4.2174786787726285e-06
-0.0006058647890942268
6.664000065923818e-05
-4.236445422874826e-05
0.2320519167421982
-0.00122381490861319
-0.0018915512653948203
0.005722925165904281
-0.0008415722847935072
-0.16372429472147088
0.00033754342822693345
0.0005206549327943276
-0.0015935749692485334
0.00019192325571121177
0.2427748773332133
-0.0008592277010915182
0.00030346972322847174
0.0007809536475723423
0.0003277296405088321
-0.17119908274555481
0.0002679485100088019
-9.030422915931889e-05
-0.00022796739783356994
0.24541465101521917
0.0005136041677998176
0.0005509013216158553
0.0005179581926236245
0.0002820955712204734
-0.17227936569687563
-0.00014485130082551254
-0.00016010377034922553
0.24097134399140588
0.0019231241777552346
-0.0015019686576296769
-8.617188375865652e-05
-0.0001365956601944193
-0.17040341377226492
-0.0005279040098263574
0.17517615055466043
0.00026411428980076235
-0.00022227237740957725
-0.00017031578043363757
-0.0005630374066550422
-0.12958274365475625
0.029196417874351087
-8.944666151821355e-05
-0.00014130623745760616
0.0003182613853104922
-5.8090955190051005e-05
0.03030052444178507
-9.041919927480528e-05
2.5752353529938678e-05
6.517864952908582e-05
0.030344474230815602
3.742671220985964e-05
4.946243322647289e-05
0.030240789916134467
0.00015285048625724904
0.02423959522857428
0.05285776772956968
0.2848974714025928
-0.0002578831392057282
-1.3427973827160686e-06
1.898095450458839e-05
5.199108238240006e-05
-8.29071703408471e-07
-2.0127573914657537e-05
0.002798472374392771
6.258278477350207e-06
3.930049800880697e-05
-0.0004881796688729069
8.558751246091564e-05
-0.0006183714651911657
-2.528352335739182e-06
-1.8589303281632068e-05
-9.716337615225491e-05
-2.8473592020483225e-05
0.4780310142456849
1.1099940341515986e-05
-1.0746309967216442e-06
-6.791252783619046e-06
-0.000272218890280001
-1.232318155985559e-05
1.499876372063961e-05
-0.0024857695899849893
-7.462471730403295e-05
-2.136506431037101e-05
-0.0014349343321106297
-4.7703059074776674e-05
0.0005851206988913435
5.11558179761356e-06
4.7290406637757235e-06
-0.00027607442526186247
3.569525430983383e-05
0.391759040156476
-3.381705108324305e-06
4.526335022428995e-06
0.13931330863039662
8.584020471363593e-08
6.445911522367833e-06
-0.00020022442025822702
2.9965912391110582e-05
1.2962110339420017e-05
-4.629008351847476e-05
5.7783826159888565e-06
0.00017865671779277497
-8.447723338608827e-06
-3.494389804682767e-06
1.590208918016228e-05
-1.386656349400594e-06
0.391851192069629
4.655689261774876e-06
5.736773285875358e-07
0.1394634886511348
1.5054721801480814e-06
-8.765040437840905e-07
-0.00028682600214983045
2.755075307684259e-06
1.885753623269177e-05
3.7686734904043136e-06
-1.0295390595513148e-05
0.0001974372246454142
-5.406746921356092e-07
-6.747896830113383e-07
5.633030602368748e-06
0.3917449785137532
6.768447339402907e-06
1.7686199955808756e-06
0.13902299154495812
-3.632570158634448e-05
1.036034290874747e-07
-0.00012866396296192846
-7.519686679975921e-05
-2.402171727108135e-06
7.370466673646669e-06
1.6793621077257872e-07
0.00014076779607141894
2.311589808454294e-05
1.4748551809028983e-05
0.014998672250614254
-4.570477629358568e-06
1.0011118880887159e-05
0.00043553958288716045
6.356912181081937e-05
4.7650169170425545e-05
0.0005138240060598455
-4.7293619350169644e-05
-7.167510801766992e-05
-2.231450436466901e-05
-1.694961096981914e-05
-0.00016128159863184715
1.2927677004785315e-05
0.015603679860721115
7.024747778129815e-06
7.945049915742655e-05
0.0014425923833715723
-2.5831989894051342e-05
2.382943803841389e-05
4.02710136437122e-05
-2.6381114406932557e-05
-0.00044041863316716733
7.044435148267701e-06
-9.684020058713419e-06
-1.3373335825275397e-05
0.015212195630890043
0.00011751235615878211
-2.8107483399055847e-06
-0.00018786329303702924
0.00011323314232052034
5.960646203983022e-06
-3.676309246778444e-05
6.014504691905451e-07
8.770333416242252e-05
-3.612720444268486e-05
1.9829801851488177e-06
0.23025320834329055
-0.0016927230119823497
9.19290918065303e-05
-0.05561781183764693
6.297572034189933e-05
-0.16326722289363893
0.000511370471078616
-3.1792233379866075e-05
0.017638809898389902
-4.3119052372600616e-06
0.14086449703249387
0.0005020653059066103
-0.00044846929627692623
-0.00020478667544061906
0.0005391378862074038
-0.10826566505932665
-0.00016030008511803192
0.00012174377563418637
5.029306346463607e-05
0.2456125505586197
0.00023717090435763038
7.488085525802483e-05
-3.4335323659187216e-05
-0.00014717451736260835
-0.1717731279763795
-6.179670893461716e-05
-2.915617903969297e-05
0.16643609084051764
-0.0005224587393978877
0.017075925226995553
0.00014146548332661038
-5.365855109203142e-05
-0.12435920495808497
0.00020041531888245761
0.24215779581395366
-2.6828417219839645e-05
5.224812008022821e-05
-2.705167691379304e-05
0.00014774227552385416
-0.17041065095199773
0.029090014563249163
-0.00016206013343019723
1.2453600655196343e-05
-0.005192475065178337
4.559164212975053e-06
0.020943440280592862
4.645455672163575e-05
-3.923286405942104e-05
-1.1452222687387867e-05
0.030172321853163556
1.2143096482013307e-05
1.0283824360343054e-05
0.023427795725291606
-5.6999477749819646e-05
0.03012102936350748
0.053262887965912366
0.284314669722299
-0.00015293621459617514
1.607219373923805e-05
-4.1610730034694524e-05
0.00019531188085925206
-4.808816961273987e-05
6.630307356174532e-05
0.004038717069440925
0.0003115379260991973
-0.00011084519540395269
0.001882381083455911
3.7286970906857104e-05
-0.0009152212250143458
-9.056580088916645e-05
3.761845505843149e-05
-0.000601937890634007
-4.24970230948512e-06
0.47824877785590997
5.104265186846779e-06
-3.904477494583432e-06
8.565218417513612e-06
-0.00027638139559290606
3.756566491530799e-05
-5.804360727077324e-05
-0.0014576043017747997
-0.0002621953250994627
5.540495934662946e-05
0.0011764718576779663
-1.3210088371400201e-05
0.0010127761443953487
8.262145235336655e-05
-2.942517125112237e-05
0.0009817519660307538
3.134236536384084e-05
0.3917472954400996
-1.2563349095360222e-05
-2.3273153080781606e-06
0.13908555860923066
-2.0242386190654265e-05
-2.538605512524672e-06
-0.00016418376048215832
7.02447130208528e-05
-1.279071445880655e-05
-0.0001290665717151584
1.1129141743493536e-06
0.00011110882920824262
-1.6590812248421184e-05
1.4749799600103859e-05
2.204195026171445e-05
-5.129106726326206e-08
0.39170960791135306
-9.236145797186879e-06
-1.9763700934854023e-05
0.13887350900689602
-1.3723095490792547e-05
1.5087428556759058e-05
-0.0005457296561859257
1.6393768908076338e-07
3.554096126858924e-05
-2.0589554478505837e-05
-5.147565530090741e-06
0.00017483872177814848
1.8450734569018643e-07
-1.1519460137109461e-05
1.7137308373621552e-05
0.3919298055579107
-2.794567019810163e-06
-1.3567761168493538e-05
0.1398432632100512
6.497512656458857e-05
2.6157435363814927e-07
-7.599848321511476e-05
0.00011892510915017398
1.1855533370166688e-05
-2.1642136623097517e-05
2.2330658994846635e-07
7.686735989484003e-05
-3.910650197385178e-05
1.99909954765988e-06
0.015186626001098776
4.570843176183678e-05
-1.677074423438781e-06
0.0005473044502593701
-0.00033334185423429367
-0.00015989305287676783
0.0011697839385917265
-1.2333350600494182e-05
-0.00011002451558501632
9.961861570290772e-05
5.197343824195544e-05
-0.0003805400040433198
3.908629697354044e-06
0.015744824365629267
-6.543789712745799e-06
-0.00015040447175784986
0.003911711857979736
-7.381251960872108e-06
-9.879633380638326e-05
-9.415559679363945e-05
4.40604157611579e-05
-0.001155952525450611
2.7148036630649074e-06
3.367034741145555e-05
3.500184976118133e-05
0.015306598088695725
-0.0002830026725208377
3.128283004714181e-06
-0.0002047179428783453
-0.0005225541436459846
1.3146608911322259e-05
8.814175301211805e-05
-8.448495583185683e-07
6.457682315118521e-05
0.0001629181124890659
-1.7715337265080987e-06
0.22966510202538465
0.0006061076166676443
0.0004986525558001229
-0.06455691899190806
-0.000318435841299967
-0.16217532984053945
-0.00018018823681395795
-0.00015063657394957263
0.019071171290236052
6.984236844406885e-05
0.16756785537190425
0.00035297815468544885
-0.000651375175394962
9.690311402687773e-05
-0.00018300838871996796
-0.12541911426045887
-0.00010955609860998429
0.00016659809338895809
-1.928545857013899e-05
0.2409559341114506
0.0007890775672834358
6.806521254637383e-06
-0.00014056589459342093
-8.416525433629405e-05
-0.16968603474540403
-0.00023289600486803535
5.401382079700545e-06
0.17626162349332075
-0.00021374410213757713
0.019343294727149206
0.00016538318449749612
-0.0002484141629915294
-0.13052571359032505
4.809410161423684e-05
0.23172765011225732
8.262115095221241e-05
-2.124042443315933e-05
5.013466710963066e-06
6.341351934758474e-05
-0.16451711450047823
0.028793574383293392
5.3366316393420256e-05
4.215407878234858e-05
-0.0054046813112011045
-1.5645251800263674e-05
0.023631856595553294
2.496498789739733e-05
-4.127116229308524e-05
3.1630472013628203e-06
0.030005608620411073
7.348229504483115e-05
-4.699552719931534e-06
0.024402926224441686
-1.4500442164999395e-05
0.02931614064635906
0.052856471079454015
0.28488464472607766
-0.0002476709597132234
3.981172002496985e-06
3.865899102810579e-05
7.505634761470785e-05
6.518855520980847e-06
-1.2208015914765137e-05
0.0026926657481116693
5.7149225703979125e-05
1.0021556752865517e-05
-0.0007043954332021723
-8.021295549959402e-05
-0.0005869008327220705
-8.49796388951446e-06
-5.6288230159267374e-06
-2.8698706356002825e-05
2.5548097685812513e-05
0.47803615884374506
1.1494559802133182e-05
8.034603091878968e-07
-8.163626104157804e-06
-0.00027913214862564323
1.0235090918288665e-05
2.8159896819162318e-05
-0.0024007881624922766
0.0001387153570354595
-7.613404070517605e-06
-0.0012220560048082697
4.6237920594981646e-05
0.0005472731102165311
1.9740770072583517e-05
1.7658171439053064e-05
-0.0003240177508439086
-4.344052277836479e-05
0.39175659266228835
-5.693726807516686e-06
9.60480525060736e-07
0.13930963578737765
-1.795207532069542e-05
3.8034353872295114e-07
-0.0002022447331331765
-3.3098712696432564e-05
1.6170591660403487e-05
-2.9428043158234395e-05
-2.0085647821824306e-07
0.00017268810112374073
7.3124417470928395e-06
-1.3551791777428803e-05
1.1893156654923133e-05
-1.7610083013000033e-07
0.3918466954121773
-2.149398616090805e-06
-1.9094755362792288e-05
0.13944317945305987
3.096957204215442e-06
-3.0230761565869792e-06
-0.0002592840418739754
-6.764856222732876e-06
-2.351113226504518e-05
9.447808510062807e-08
1.1090707042692173e-05
0.00018475386519904968
1.7629501927550833e-06
3.5596127820341443e-07
-4.497906112799414e-06
0.3917417898273215
5.08933968043081e-07
2.751303455586443e-06
0.1390139761266853
-4.8754548409195674e-05
-2.9116270825327752e-06
-0.00012117351731271492
-9.696266229344797e-05
2.8348780247293784e-06
1.4830753521019083e-05
7.557608300796036e-07
0.00013206106427836314
3.410805719527251e-05
-1.4745166003641977e-05
0.014986229619491125
4.4576250619336595e-07
-4.746957698805168e-06
0.0005175624999436488
-8.830322947697015e-06
0.00013064288595586758
0.0003896911123124349
3.3171653615913165e-06
-0.00010111744359953823
3.4894394238779102e-06
-4.561655901941628e-05
-0.00012087254501768978
5.109608854500686e-09
0.015610770382140031
-8.556170634237296e-06
-5.323205463866502e-05
0.0013084782771108495
5.056935897187231e-05
3.289764550775391e-05
0.0001843771616401893
1.872006548847905e-05
-0.0003993549727323762
-1.4113484131612236e-05
-8.870000620026653e-06
-6.046058745736071e-05
0.015214794470851691
0.000156918310299468
1.7511662252239933e-05
-0.00017106167143680537
0.00021109855562873904
-3.245299815414925e-06
-4.855865810490733e-05
-5.105589090615304e-06
7.784711053368977e-05
-6.590377961324879e-05
-2.8202547101127474e-06
0.2298172165760913
0.0017990795162614083
-0.0003401141002041875
-0.055179870841536804
0.00023532537905770074
-0.1629916035053514
-0.0005360221490452127
0.00010880282185041763
0.017476906657833347
-7.959121474570988e-05
0.14146340961469814
-0.0008718052730862865
0.0006107395266473292
-0.0015145100509850159
-0.0005721134822873158
-0.10863170422910495
0.0002742830699994696
-0.00017200066569797402
0.0004630125988531943
0.24555142414645303
-0.0009788785682658479
2.6300189708152574e-05
9.881428518340778e-05
0.0002554941554357748
-0.17173976119220818
0.0002865177380549862
2.228742324464537e-05
0.16765665286499537
0.000702017666427783
0.016953550281107073
-0.00018812663401196724
0.00031008842601493603
-0.12511656672910837
-0.00025569113137780344
0.24229005732514183
-5.760147363663286e-05
0.00046289213982549034
1.86344654099155e-05
-0.00020331211803208262
-0.1704751030465505
0.02904580138491175
0.00016849104404133476
-3.178783733638271e-05
-0.005145921922247354
1.8591779969318714e-05
0.020998213082915943
-7.939535949767995e-05
5.135288997493276e-05
-0.00014102096083983782
0.030167063952402408
-9.022215383894697e-05
-1.7090970257022492e-05
0.02354393960926796
7.418227856273759e-05
0.030127349322765236
1.051095044624425
0.022526228776460436
-0.00025823634547198534
-4.63132077582419e-05
-6.635544157004795e-05
0.00033065014299307066
4.939470668100494e-05
6.708209277919515e-05
-0.005150742563791331
0.0005077621187722097
-2.263219968416023e-05
-0.001725548998239713
-8.967558477249015e-05
0.0013309916273584544
-0.0001835858417737103
9.563848043295025e-06
0.0005657133841756137
3.830990874411211e-05
0.013593744622109409
0.0005840343752044585
9.826216488255229e-05
0.00013590696991506456
-0.00018503644944627023
-2.331444895716665e-05
-3.197317314879619e-05
0.006086800025596149
-0.0004258620144022555
3.2514395205916794e-05
0.00043367909905880637
8.834973762020048e-05
-0.0018635509449065424
0.0001600632483657432
-1.3048345222876667e-05
-0.0003768160200846879
-3.4454521833802073e-05
0.5558184478109991
-1.5446642730361535e-05
-6.824847229512501e-07
0.10042589603014794
3.282585675526608e-05
3.051228268941064e-06
0.001320373426165377
0.00029671569182567386
0.00030069425193538456
0.0005335374992543229
-5.228041502260623e-05
-0.0005767440269652635
-0.00012421610190463584
-0.00013640802409333754
-0.00020733289626029074
1.933963777694333e-05
0.5562900885208912
4.038529484317672e-06
3.240736862412354e-05
0.09953935431915506
-6.1140375667498185e-06
0.00016578700866890227
0.0030167243097175543
-2.3228237274702655e-05
8.64934154320485e-05
0.00011075867812956835
-4.855188401245188e-05
-0.0012246300987477855
8.727330192478875e-06
-4.814570108760154e-05
-6.295293983605099e-05
0.5561831617423887
2.706739293132983e-06
-6.080039591252989e-06
0.09996374705651773
-0.0002627840035733037
-1.9606831748182107e-05
0.0017491762436558193
-0.00042104175345989315
0.00011246145693317858
0.00010566146162095314
7.653225342300354e-06
-0.0007414043276463739
0.0001698968398063693
-5.8368391143089876e-05
0.0057049079110186056
-1.1289724072498926e-05
-3.0424735264019186e-07
-0.0006101640684923287
-0.0001375712269563094
-9.714545072329796e-05
-0.0003520506794770799
3.033342313348523e-05
0.000187389406803105
5.1627322652250226e-05
3.6700225982415693e-05
0.0001399640671128448
-1.1228997012118725e-05
0.005885879026361712
1.4178559402914145e-06
-0.00012766864717310753
-0.0017415138314214658
1.3246636102177623e-05
-1.3066090745806414e-05
-2.3422349177734484e-06
4.7534610220354365e-05
0.0006673990346409832
-4.981304844849467e-06
4.744200061458174e-06
-2.5965714466459827e-06
0.005763655260200889
0.00011740537715524939
1.0960918788627704e-05
-0.0009056990774475564
0.0001782830319031327
-1.4770706414987232e-05
-4.407820849863978e-05
-4.2973467295490314e-06
0.00034410521355484594
-6.892480376592073e-05
3.8047160668288944e-06
0.25104413313955565
-0.0018899499862733153
-0.002217581065709694
-0.10803483754810193
0.0001445157110636889
-0.2023520789994252
0.0007048885266641121
0.0008465379796375732
0.039150638748264355
-4.897814001828985e-05
0.11507826744552666
0.00043873927861830893
3.7402509228051516e-05
-0.0007574525937508463
0.0006999013517020921
-0.10374308586433947
-0.0001686185696805688
1.7079547319163075e-05
0.0002915372903080245
0.15338859236782593
-0.0015724365396115373
-0.0009741687605532685
0.0008464474889261879
-0.00017154342042287454
-0.1283711900603531
0.0006212945399270386
0.0003659844871338164
0.1456047683147135
5.975063784865915e-05
0.03896906846798832
2.2153876440595642e-05
0.0006224893477274044
-0.12624033938123896
-7.795816790625965e-06
0.19829634373916669
-5.064065259669531e-05
0.0002986812067732323
0.00037567489359656924
-1.023221325317446e-05
-0.16305489355619085
0.040966341588467986
-0.00025949741485941887
-0.0003224179405191285
-0.013773504959193363
1.7485016415176143e-05
0.023497358970192343
6.554567480350582e-05
-1.949896376171183e-05
-0.00011459821309508235
0.026894375731642644
-0.00024452490018812064
-0.00014068689716707788
0.027578051313418676
-1.3752916562423116e-06
0.03359752846917806
0.05324819953044532
0.2842293108510376
0.00042006935282594215
0.00030069716580393324
-0.00037420297807803346
-0.0010023384449248337
-0.0004436611172922632
0.0005580928733767874
0.0013236157098850884
0.0009342602404092192
-0.0004646453732332235
-0.0013625746316542607
0.0005661163519437416
-0.0002881902074237777
-0.00024193377345377266
0.0001102718093376382
0.00011855638512965754
-0.0002637558571287083
0.47833247922599115
-0.00012965804377384007
-8.156404455350641e-05
8.788819646740368e-05
0.0010205799205044567
0.0005120417589668542
-0.000671968754415962
0.00044245728840750095
-0.0006586554886863667
0.00028063114572226606
0.0007188291651818548
7.85151145639993e-05
0.0005063808788607585
0.0001524231349547206
-7.215190958115834e-05
-0.00034799012872154585
0.00044478022137566626
0.3917092374563449
1.8303561611278198e-06
-1.1753115803299372e-06
0.1389379113092541
1.773301521448453e-05
-9.938724295890506e-07
0.0012066348778456502
4.8184798118726075e-05
-0.00010366091368004869
-4.4685101516296505e-05
-3.157274565451021e-05
-0.00047246356222228566
-7.400827078374083e-05
0.00011930347949728969
2.7003772251495287e-05
1.9640915894953932e-05
0.39187562042178337
-0.0001186371695743878
1.972215453274241e-05
0.13946602469598762
-0.0002659003291118062
-0.00028570422878748035
3.6411929019094605e-05
7.374336168934384e-06
0.00011486718681761866
-0.000715688867886104
0.00013533804171292634
-4.8047370804711354e-05
1.0758875041272048e-05
-8.012033029526053e-05
0.0003491337086282628
0.3917624140045347
-3.1145504745441017e-06
-0.0002605225431972828
0.13922466991657517
0.0003008133963138309
7.159771896182835e-06
5.678295809102726e-05
5.644267267769784e-05
0.00047379273876200356
-0.0001555012595309171
1.0809529273102312e-05
-7.799479447835921e-05
-8.488162611212591e-05
-0.0002453134760607822
0.015462349853055921
-5.3242054303073874e-05
9.121814609710876e-06
-0.0044858183216715634
0.0004633804666943268
-0.00026110155732589097
0.00016537652688086853
3.582749241344882e-05
0.002077365386248923
-0.00014683976936913484
9.024982001029547e-05
-7.513429136114485e-05
-1.3442767115224622e-05
0.015804086720146736
0.0003615556239880094
0.0007999637123101741
-0.00026039185404821285
-0.00029007318899794497
-5.3190106383113775e-05
0.0021704710850503958
-0.0003897279670943287
-1.523248947536463e-06
7.276339162437474e-05
4.719382228902316e-05
-0.0010593806625235082
0.015432781123270132
-0.0008380522409151651
-0.0003015789540602303
0.00012529359512535216
-0.0003726809418830603
-0.0012475636921588187
0.0004265759646001712
7.561231510568984e-05
-9.14914404472751e-05
-8.233799390299873e-06
0.0006114736196209593
0.15637853861183948
0.002213257621421138
0.0032490502105704793
0.0177646167110899
0.001357696515685958
-0.11871114375315023
-0.0006371040196576374
-0.0009690261461720033
-0.00537699846882631
-0.0002794574548050071
0.24069859837586602
0.0023152360452072234
0.0009147962043248835
-0.003935896582719916
-0.0006367319604142958
-0.16942797777696134
-0.0004463083450920549
-0.00026953058657347905
0.0011801976632215042
0.2448580089831338
9.229534831010771e-05
0.003897037037269036
-0.0009793762210179007
-0.0004309361354124251
-0.1712412866247751
-3.2803497046750713e-06
-0.0012111645296142212
0.2366227908119973
-0.0031383977064041377
-0.005015495311489831
-0.0002642037740362454
-5.75470393414955e-06
-0.16770135062405434
0.0009061418382233901
0.14566363330114906
-0.0002421758203053351
0.0011822187380860281
-0.001187180182447469
0.0009156435067101021
-0.11193127757667996
0.02278166585427211
0.00018963910942750608
0.00027916797590023327
0.0013963142801964269
-2.0436255807374204e-06
0.029992599833053704
4.5735241841743065e-05
7.550085797961397e-05
-0.00032943320130497043
0.03011798502553706
-3.887359384148036e-06
0.0003469899045376137
0.029850201012955282
-0.00024294647517679105
0.02173719628831522
1.0507919258862206
0.02331902694484786
0.0017424952082136557
0.00010126123473334647
0.00011618737082614054
-0.00134848389897712
-8.71382475109949e-05
-8.527859755949661e-05
0.0013918263028858797
0.002506601120180827
-0.00015124834196282518
0.0019404962704594473
0.0011039390878320966
-3.6508189780985154e-05
-0.000988097000373037
6.161886944289541e-05
-0.0003403120723098511
-0.0005506339273080257
0.013427592648584553
-0.00249256380293582
-0.0001620550661813598
-0.00017181961264672795
0.0010676954023553546
6.585474329950976e-05
5.592225955180914e-05
-0.0010614826780847527
-0.0026290812012977815
0.0001700726205628841
-0.002917185960378799
-0.0009781077603861117
0.0001190432796546337
0.0010820909025247246
-6.839448609908072e-05
0.0006664589935465412
0.0005052598322838277
0.5561477206471567
-2.144166171055377e-05
7.09668126252264e-06
0.10017045139112785
2.887877488021026e-05
-3.202769296482417e-06
-0.008377394788265526
0.0013616281098474355
-0.0002505032893195898
0.0003494135189276423
-2.5525424083053e-05
0.003994870584431226
-0.0006015975984421739
0.00013126632365828672
-0.00015027030937401792
2.2876238751920167e-05
0.5562105216611628
-0.00012460435610870215
2.8833447617563488e-05
0.10007219721814711
0.0001213552330025715
0.0014110427317403588
0.00024767581500593545
-7.916433882860482e-05
-0.00041165124224927
-0.0006482383705981268
-0.000646641817481102
-4.722216727490453e-05
4.934817648359779e-05
0.00021461632013995314
0.00032362773710602265
0.555856730381546
-3.006801397987567e-06
0.00012119863193977518
0.10068768669486078
1.1512305153141746e-05
-3.162692591519234e-05
-0.00022910421744803914
-0.00013440335541017764
-0.0004531537999120495
-1.7372666518767644e-05
3.3371845958873735e-05
0.00018220217019763714
8.596328937369275e-05
0.000225342760386282
0.005818910051677376
-2.7302072741142137e-05
2.5889769439731303e-06
0.003977622711584403
-0.0005969543711025376
7.326714327508424e-05
-0.00021492526090953728
-9.423271410106611e-06
-0.0020230627606087435
0.0002801491514365425
-3.915478147856127e-05
8.82526774715271e-05
-9.047522078222699e-07
0.005854188633941512
-5.58035470200004e-05
-0.0006577269817331768
-0.00011361463528542594
5.983737653701379e-06
0.00011128995145765355
0.0002799134734743605
0.00031890729150352813
7.599437936247803e-05
-1.0536344042091718e-05
-6.97478040251707e-05
-0.00014823563421485824
0.0057097997053832394
5.828386609384571e-06
-2.9351970329680037e-05
8.036450371030137e-05
2.8827871422733933e-06
0.00020394134207825897
5.498375626580477e-06
1.7837165266741709e-06
-2.2214684930785504e-05
-2.7250660596112813e-05
-0.00011709310337007866
0.11736542493702898
-0.006172316875887494
0.0014463599161442069
0.018089134672420182
0.0019100619986916938
-0.10611136627674715
0.002808803589510934
-0.0006007991465343083
-0.006459819119036196
-0.000941650930865287
0.20150539293073336
0.012477730302217546
0.0005663512931904531
0.0014448769135779467
0.002825000814047987
-0.16579135407157733
-0.004696536639644727
-0.0002296218073559545
-0.0005336472539346074
0.17703429909422622
0.0035531483290459553
-0.002351964129376532
-0.0005999555833105719
-0.004691343570450218
-0.14698941902498597
-0.0013246160236387878
0.0008786786736522085
0.2710242426023935
0.004306487892690504
-0.006374423493193358
-0.00021008124435482607
-0.001319490639808043
-0.2172964828914168
-0.0014670746989468323
0.10502972071286559
-0.0009383591892311577
-0.0005342218841568967
0.0008534359215299781
-0.0014823790696568257
-0.09571115390191183
0.024136712157626236
-0.0013085753341000547
0.00025398020672219693
0.002154278800247624
0.0004662027367514687
0.034204494724207744
0.001753751929568005
8.176804420476185e-05
0.000190939716942439
0.030574480609651317
0.0004890469504400786
-0.0003057888979063041
0.0437044424206641
0.000479290688107573
0.02191392509273335
0.5162675545970704
-0.03204548092648265
-0.004486283394983241
0.015867862427540312
0.029287812765396055
-0.00031855390313246027
-0.0006892454615123225
-0.001123042401752007
-0.02944669951334317
-0.004737030787348474
0.0072787967397418656
-0.0459202569212656
0.0173986857859958
0.04390170666551356
0.035087101653300465
-0.02247453275935553
0.16800900488518092
-0.05029934943950502
0.0008717402424131644
-0.0007530256482155761
-0.0012162412741724142
-0.0020510945508172475
2.666201503190357e-05
5.0564971157865205e-05
7.452942462485884e-05
0.00221798854385023
0.0008320937598194949
-0.000618395848644285
0.005556753495900497
-0.0018215589806351783
-0.003193374727699248
-0.0009608179672697746
0.0009377829823778137
-0.008342858448741748
0.0013602153938780405
0.8275268557913784
0.02508830753259281
-0.02501908007600679
-0.03542173798022279
-0.0007486778865654173
0.000660810014934014
-0.0030662919968759976
0.012787185350345457
-0.02134924894322946
-0.0011088934951427715
0.0012674413889573089
0.10624398713456404
-0.03032006432054825
0.058611938892360396
0.0015598868782813681
-0.0009521220864246283
0.8371873688383538
-0.05725286282873093
-0.0007321117240304703
-0.03691758630340579
0.001286965041761792
0.024259826617450384
-0.002415384768143013
0.001558158054013639
-0.017154919018078498
-0.057568244149719325
-0.06901445397681907
0.010434334797165629
-0.005517788932994188
0.04890678539388552
0.07171778553891235
0.6583750766920375
0.0006543578535322211
0.0012925762440890963
-0.026952606823897787
0.00841908840545382
0.0014999550059572465
-0.0002305880113103589
-0.016580905310190887
-0.01337449346825792
-0.029872666447520548
-0.012674712951054573
-0.0003348341824365203
0.0420936093731402
0.04780233491992325
0.00047724369696920265
2.4355668079095232e-05
-2.1257291531193327e-05
0.0007716969690454998
-8.073062627895369e-05
0.0011084155466411219
5.7113867873382555e-05
-0.00011600983090363678
-0.0014721045324450738
0.0005523643683779382
-0.0013829781090606984
-5.8633670037913986e-05
0.0001525316220432065
0.0005200955850556318
-3.9442406519896995e-05
-0.0013024261466805427
0.00018609928582628442
-0.00012657871586045167
0.0010757392614166332
0.002297813821752334
0.00146987616859937
-0.0001660710735266969
0.0001863374245696974
-0.0011355852173841729
-0.002465667578782424
0.00034342191203021606
-0.0005093256930467512
-0.0001310023252227621
8.309510569969928e-05
0.00036575506650258767
0.0012134732034007373
0.0005939562916826392
0.0002630626441732857
2.950639827878931e-05
-0.0009228998666229704
-0.0009260801633996027
1.002366316204556
0.007008184089401113
-0.015010625486669659
-0.03910044955159027
0.010349594444983184
-0.734885919537443
-0.020078234747381678
0.0403483380787331
0.11496675989046846
-0.027051016218084215
0.8607542867009834
0.002681187652751284
1.1984095570539417e-05
0.00011140628246817448
-0.02445039966993963
0.12208212534491913
0.002314275503228401
-0.0002274107581185224
-0.002837304927550554
0.8516953660023935
0.0010999571468279766
0.002281948343374963
0.042959494822556135
0.001679221643684393
0.15509892666835068
-0.004229564608811403
-0.00862987899683844
0.8699216433726524
-0.010429044709002185
0.10418755822710353
-0.0015471329510695676
-0.003183403959600722
0.1317300410056404
0.03315566147632612
0.972539583115883
-0.025775492769100346
-0.0028637957160327337
-0.009945260327781485
0.03236743531916794
-0.6047619120172097
0.7366696438529567
-0.026859940618984023
-0.02429811700566151
-0.13560960633910624
0.03752345617990377
0.32258685280289023
-0.03138871941075723
0.010136522439080137
0.02461316791313064
0.3273071530487621
0.013399408140346914
0.03246896308467875
0.2445724908545191
-0.024585955158719107
0.8663600203336151
1.0498591458507285
0.025471493200332936
-0.00021907561001027702
-0.00023284417874396376
0.00043427863390297456
0.00017196824246066693
0.00018559756710318404
-0.0003352684935834599
0.006126559534114109
-0.0014337358637524463
-0.0001460944443087039
0.0012415068820994996
-0.0008848766022772261
-0.0023197077448998196
0.0005168174349620012
7.127823531787779e-05
5.085908435824472e-06
0.0004584442748194751
0.012654342121690084
0.00034347319518714787
0.0003411127128356015
-0.0006516324992672242
-0.00011309489813644995
-0.0001498568343428095
0.00023394156503110832
-0.005573758072676702
0.0015775423142953395
0.00013787764579097133
-0.002107231470600696
0.0008256387164614921
0.002422002470194926
-0.0006000405864848993
-6.599222118978953e-05
0.00035863867205976433
-0.0004202696683895878
0.5559942015773687
-1.055207362308707e-05
1.3192766612741219e-05
0.10100022162729862
1.1466839569366672e-05
-1.056952485239293e-05
0.0013705368699081072
-0.0006183790781305168
-0.00021510306088726877
9.88414739824122e-05
3.9932527408912946e-05
-0.0005736437894906277
0.00029226763228278697
0.00017101721793386803
-3.5555541061665416e-05
-2.971859879539661e-05
0.5563084641519369
0.00012221180801090813
1.1815012878401289e-05
0.10036807608216526
-0.00011328093589520393
-0.0010462421958989006
-5.311531941552637e-05
-0.0001873876973542406
0.00044944337716733263
-0.0025229353469840947
0.0005121398148603864
-1.5002051823402526e-05
5.467453323782096e-05
-0.00023437275471875738
0.0011708601564753766
0.555850449262686
-1.0864748881407248e-05
-0.00011317860538058098
0.10108547369995151
0.000944891379184889
-0.00011138941856338354
-0.00028328120370806656
-0.000514175410120778
0.0007295523292871422
-0.000439371358611654
2.5820029259798252e-05
6.350395426806111e-05
0.00019421293969468353
-0.00036451144988061023
0.0056865558535607475
3.7648123404839423e-06
3.7378944129425197e-06
-0.0006674307489323182
0.00020783756954645684
-2.702248090993454e-05
-5.608678023951579e-05
-7.0808966365237505e-06
0.0002775127596015233
-0.00010372123521825796
-4.771870314356092e-06
2.1667357183663243e-05
7.457707630886056e-06
0.005878082280319035
4.9954418267557054e-05
0.0004655952613329759
0.00011921991806067915
0.0001334115332402381
-0.00013229433056080286
0.001249322392776107
-0.00023450736143676326
-5.432804350959775e-05
-4.500289269269872e-05
7.583570297987559e-05
-0.0005944043119834754
0.005711877936819029
-0.0004747783971046734
9.385527512705666e-05
0.0002639105344257745
0.000270204079915162
-0.00035971283070588596
0.00022805022293979324
-3.017707924523813e-05
-0.00010646053979769127
-0.00013355337276260725
0.00018919620414000382
0.10681822541397648
0.0035250612931831253
-0.002820064143515554
0.012622644440377277
-0.002509228341395311
-0.09639495463583703
-0.0016412898383881352
0.00105000807851527
-0.004336394467443437
0.001160145541984247
0.20625891455359827
-0.015693906155580133
0.0013509538267466462
0.0011282005242056303
-0.001649785841672708
-0.16936388765124927
0.005906194938748353
-0.00047637523974762894
-0.0004353097258526487
0.21566373459784632
0.0002155137413672996
0.003259331856142438
0.001046594009363383
0.005893980829176486
-0.17614007997644582
-8.643671659896732e-05
-0.0011754361357196519
0.2673084512611752
-0.004039436029841428
-0.004471288061024056
-0.0004860327476112181
-8.900087152002953e-05
-0.21495892832482555
0.001387390218105963
0.1036356935795089
0.0011563982202485745
-0.0004376131068719326
-0.001141912230985883
0.0014024231863602713
-0.09478067940761459
0.021866666535582217
0.000779268579850829
-0.0003804450879603174
0.001413560513713396
-0.0005403173712589229
0.03485433703875035
-0.0022089512536402406
0.00016800030387465012
0.00016656455079140908
0.03604590713904974
3.345983649267386e-05
0.0003882302879577849
0.04336342031770518
-0.0004579566399067028
0.021783505320348055
1.0512913467678957
0.022159561860801896
-0.0013287411186630785
0.0005879010215966882
-0.000629426659546982
0.0011264222000476904
-0.000503499425749775
0.0005462689481681975
-0.001357277072188248
0.000946745746840265
0.0012080383998529837
0.0024253273919702598
6.062362138324258e-05
-0.00015955991845765372
-0.00057693837886509
-0.0005404436312023504
-0.0014306559576602435
-5.921605556427869e-05
0.013816880955530117
0.002100096917213489
-0.0009092985786140061
0.0009689947697291538
-0.0008066854219321131
0.00037430122863381057
-0.00043126151061088306
0.0024806681220795905
-0.001042834739388379
-0.0010706958022996989
-0.0023169215312113496
-4.780841599687264e-06
-0.0002553107725046126
0.0007055045731120598
0.0005234826452555513
0.0011962967517554024
1.75883453331482e-05
0.5557016448251251
-6.699790525812998e-05
-2.9726721394217382e-05
0.10065393915153424
-9.354217037270626e-07
5.231829512206088e-05
0.002746878680102455
-0.003092411137396736
-0.00012257996272534806
0.0038376588657120163
-0.00012169543909850379
-0.0011155254278596254
0.0014751976961196113
-2.3887995563251985e-05
-0.0018344072640950307
3.494158084591818e-05
0.5559791744265836
-6.198055897090634e-05
-2.0548177245272303e-06
0.10018786641492686
5.1839896165375974e-05
-0.00013489291329699853
0.00944494267014313
-0.0002465048587242285
-0.0014496397334795338
-0.00012749011979604707
0.0001364602417214632
-0.004344631654095283
8.43543254143873e-05
0.0006596010903701286
2.7161693271595472e-05
0.5565587316117315
5.2089020865082904e-05
5.1887840065884145e-05
0.09920960267826466
-0.002114773097452967
0.00016437828311860196
-0.0017546230035038195
-0.0029820706032300586
-0.00013234285935904733
0.000930912532974828
-7.214865385247391e-05
0.0006602038036000089
0.0014104059405270625
9.935260868516052e-05
0.005657778920587431
-3.998107388948167e-05
-2.390189639592001e-05
-0.0015811630167797733
0.0014830853224628523
8.36542789175573e-05
-0.001705876453637043
8.959738435835871e-05
0.0005718013982964881
-0.0006982399782926063
-3.0578190712234976e-05
0.0008947560160970926
-2.9699621999608826e-05
0.005780565103726687
-1.8406779046628497e-05
-8.140834332738165e-05
-0.004567857137664268
0.0001545574723739338
0.0008162299522577066
3.561518856589208e-05
-2.2568255111954936e-05
0.002103175329339112
-5.544180001454319e-05
-0.00036785606160904237
-2.971847649348748e-05
0.005981088993406143
0.001109043389191869
-8.602381216388835e-05
0.000923099977371494
0.0015060858285325896
6.433019266164803e-05
-0.0005207076876674355
3.60785137216093e-05
-0.0004749413403452494
-0.0007652345256543003
-1.0676553139210378e-05
0.23437752185433944
-0.005687998634328352
-0.0069006272661357206
-0.10955737087624529
-0.002531244804680024
-0.1906690850776749
0.002187467092087372
0.0025338789488398624
0.03935561668128909
0.0008754268178385675
0.1142292455558607
-0.0005861442008328463
0.0030078084293618293
6.145074318287072e-05
0.0022173958958644855
-0.10245341571911605
0.0001670740574658858
-0.0007700771497860712
9.390831563355206e-05
0.15389417645958017
0.0012447631417946594
0.013460715848592382
0.0025167579551306444
0.00016793602581413125
-0.12950645386841841
-0.0005703768039262327
-0.00500646938237892
0.14608913173935517
0.001872465572315684
0.039175482784755924
-0.0007598422858846662
-0.0005672191618130535
-0.12764293899820295
-0.0007908203954928553
0.20207191122915835
0.0008729689118181457
0.0001206973933742148
-0.00501907022807642
-0.000798804291197213
-0.16597913999328662
0.0389680104837903
-0.0008634140758245633
-0.0009058866340245187
-0.013604893810869517
-0.0002927034129523795
0.02310676227969264
-3.746933277587102e-05
6.323178467226577e-05
-0.00010361616854984542
0.02728964463032696
0.0002850752556997077
0.0018394584901549992
0.02813898696935274
0.0003435512664660747
0.03419273787015471
0.5310674697870583
-0.034685572063360856
0.0888171542332887
-0.1343856337381667
-0.028325113271092318
-0.002246243024175713
0.0037352259478238715
0.0010733018154015072
0.02433084886176131
-0.0365883222814445
0.0002040313780144826
-0.0455185677480747
-0.0027913935768631454
-0.12446926793877125
0.059062947985452086
0.01022035430828331
0.06389232130543751
0.021091945388772564
0.0009543411798400259
-0.002472098986697967
0.004960072235078883
0.0019426087986103443
0.00010181467955165422
-0.00020765826035832057
-7.570589235656354e-05
-0.0034946111719441034
0.00322808221440071
0.0001592000772330249
0.002732353260435319
0.0004415679901000379
0.005773732637485752
-0.00194710443891115
-0.0001191227591458862
-0.004172916964093963
-0.000632894858447472
0.7381456020142156
0.18608960769949068
0.00017953573310516748
-0.030913083303476772
-0.002320419482831757
-7.600535845065664e-05
-0.015585282948218477
0.16485818480504932
-0.006969909387689875
-0.07840440842614532
0.0019963773804278617
-0.045226489355586
-0.15241931673420844
0.010678036352354097
0.08768677185485914
0.008048095402482995
0.901308469161399
0.020855994906602508
-0.002304203589590564
-0.03945415269229036
-0.0004953715055406656
0.033581972434361854
-0.13792217458984551
0.0033832693940112775
0.09642456915688724
-0.006035052847090191
-0.004150562121278761
0.14544552172396008
0.01265251099552478
-0.13110062492232064
0.013936849690941841
0.8100412542938412
-6.252193136971088e-05
-0.0004992593675705198
-0.03515815552386152
-0.0366831086487315
0.0037770146644535846
0.0036231525958500873
-0.06054796997483203
0.013896984944924213
0.0317883952094293
0.004513321955802008
-0.0018004485581005613
0.08539847125639796
-0.06174303974923475
0.00040818914979718067
4.3988793069422945e-05
2.6069231276322408e-06
0.0008185427808742355
-0.005119979159771269
-9.669521626958996e-05
0.0020359303360892463
1.984682181315972e-05
0.0006132864540385142
0.004557938367634554
-0.00028570192965773477
-0.0023888762781320693
-2.1786606947168673e-05
0.0005596922832280741
1.5523133732386906e-05
-3.3454760930943156e-05
0.004477541358357326
7.773090273501844e-06
-0.0035983167971838604
3.2078466157664905e-05
0.0002908724833149013
-0.004221991782353551
-5.767454131108284e-05
0.0035309273158626343
-0.0004335063845964303
0.0004716921044197949
0.001361709438142017
-1.4295424102522485e-05
0.0007622748342577948
0.0024665126722053393
-0.0014964273735990452
-0.001517007551036364
-3.3911779230114615e-06
0.00015732059601825587
-0.0030089501786703006
0.0007866589570954385
0.9066389469643497
-0.0036941192668909304
0.0007459588888139614
0.10676876209746047
-0.0030914771617139803
-0.08647730175074678
0.02934114897000109
-0.0038742702507334288
-0.39438823632647274
0.017360086903236545
1.0352864762818497
0.001116671912241558
0.011068071106886419
0.0021061507979585024
0.026267850635560967
-0.8927679135582065
0.0026261196909621682
-0.012910763968669537
-0.010176811602182608
0.8752134222618542
0.0031449492445374443
-0.011773057685501905
-0.0057953953242254825
0.0008892281875795634
0.10435742671840743
-0.012074090949845618
0.006868497817438013
1.0155271305431428
-0.005527387687521929
-0.37761588226850107
-0.01724605878494624
-0.007217159155394914
-0.7672362286093557
0.027244989325200766
0.8864878491528406
0.014674971472645074
-0.008382699336414584
0.0056383488598525195
0.023597679858601256
0.071076578805266
0.3236001902863983
0.010813887653192267
-0.016622057449987654
0.24999071569132636
0.003030316181788734
0.5760513842992896
0.0008871310049709232
-0.033038867239352815
-0.0075735665989138026
0.30834401988683724
-0.0207792990171314
0.06598774875171545
0.538222509884339
0.004214035742838509
0.31194335033039367
0.5211726676602961
-0.03588434718117263
0.08448539010861728
0.01861734821448176
0.01936935648373029
-0.0024721608295876062
-0.0001418189816041924
-0.0006846767723032096
0.027667254008601982
-0.03290785669668542
-0.0033770867031371974
-0.03444999629248478
-0.0016641936393420188
-0.15283314973448914
0.08561297220927148
0.017195967395946567
-0.019656224559357692
0.025344453804310555
0.0009880694976037217
-0.003417403422500603
9.32022833729983e-05
-0.0013509563341326685
0.0001344717248066177
2.1330684170858155e-06
5.374209172576231e-05
-0.004537482050203424
0.003859990537538276
0.0005928787090204551
0.00022090426831514735
0.0005827598959347322
0.007194398673515209
-0.006095531766724036
-0.0009611524776092003
-0.002482416926573245
-0.0006519664322607888
0.7052243336389361
0.04796320219740298
0.021745698647598205
-0.030272186304988936
-0.0029712983998243935
-0.0006618078143404262
-0.02002828174862814
-0.04808695009611913
0.016183275200415705
-0.08338095278735863
0.006175057619612083
-0.013119938054706686
0.013332037893731878
-0.032558577080230605
0.09072741809925412
-0.002282424231532682
0.8188969813569539
0.019996458536851017
-0.0029749672890226576
-0.0378668189249997
-0.00048728563467733397
-0.019598797263088937
-0.18192514263866028
0.010538216790570406
-0.009369335736834098
0.017539987533122428
0.01675864772525252
0.10402303819391945
0.012563016387711639
-0.0745750562616165
-0.03495085151984892
0.8163661995205406
-0.0006768581959418864
-0.0004935102421422433
-0.03635484950842343
0.036167353650311526
0.007289166849955573
-0.001654416222567649
0.06422609602756042
-0.0006765907342797565
-0.04571924523683713
-0.00016954134557863173
0.00316961233286673
-0.08616760163956069
0.024234112481464273
0.000398817090278463
0.00012020837995337462
2.2621665137609947e-05
0.0013232609760873595
0.0011074353394506338
-0.00027987497398192424
0.002093884353992051
-0.00015268265301743853
-0.00011576806937504177
-0.0004511926556529745
0.000868152039517948
-0.0025654853969579467
0.00018072042469090749
0.0005466112166851824
1.5446688334948086e-05
0.0004019089310433837
0.004918437122911029
-0.00019254341172400183
-4.3252659500943194e-05
-0.0004733645309506957
-0.0004307846031875776
-0.004281070355908753
3.960388348802077e-05
0.0008997967645754905
0.0010923156088488819
0.0004956176856969804
-0.0013937871293673429
-0.00016606268539064048
0.0007168980290044909
-0.0026055948323884283
0.0004123252306036927
0.0016543948193572218
0.0001385518036472758
9.175965123989888e-05
0.0031502431248649756
-0.000235197857023444
0.9423733680459847
0.012296589858629307
-0.004053200778243157
0.08726235644323724
-0.0009537724922747151
-0.1629988043559198
-0.002432846720658995
0.010474946564215222
-0.4138747083177025
0.014513069290475761
1.0436013468592544
0.0010662437886096165
0.035455939373660574
0.0011712607533386084
0.0006614832400435781
-1.0325389849338897
0.00023721271329128692
-0.05125923891056519
-0.005379804538157057
0.9065107376235713
-0.008030179194683063
0.009616805622183464
0.011414610212998832
0.0014751172705479458
0.029833338621134672
0.02738375969296917
-0.01775950233209954
1.0388464152138315
-0.0014193319501536478
-0.3973633388624004
-0.04995484538538697
0.02446886685270295
-0.8524156966235742
0.02069563914966468
0.9232132835725106
0.01161696511420526
-0.005620445892323165
-0.01774425728719478
0.016157008949687416
-0.013810700206202151
0.2867143053189064
0.06598094274137768
0.0025789209604664036
0.24705119397852476
-0.0008895694492639433
0.5397562123015869
0.005523477489472996
0.1543658555738851
0.008497515363597356
0.24831020658455835
-0.023343849616451265
0.030134402670944253
0.5511727887766102
0.003899049811026325
0.23604589615368896
0.5329873025000289
-0.03487306221634079
0.08945698392020879
0.1318236189396766
-0.026911890171757533
-0.0021491397040070766
-0.003627507791526891
0.0011455240899825726
0.025017576110343182
0.02169182527288016
0.0030319112463543067
-0.04311098621122771
0.0026831261305141473
-0.12097118093005663
-0.022068369565882436
-0.013556842988506942
0.06881927963587142
-0.021833063614811972
0.0009618580246587782
-0.0023208739904632143
-0.004797667231847238
0.0022279489614721827
9.743826259094328e-05
0.00020352519143582263
-8.635010353332707e-05
-0.003667710100380756
-0.0018634526747198644
-0.00048129896689240036
0.002402711304399021
-0.00042585212924069996
0.005881188537172977
0.0003594369834405635
0.0006944750841959712
-0.003764215276486403
0.0005802583632370549
0.7422525782316038
-0.13962963801040443
-0.020941467199273617
-0.031094974663325767
0.0012569614808513355
0.0005354321840393681
-0.017118791638115992
-0.16295834456631264
-0.007281256932685353
-0.08285675493922776
-0.0048595005553598355
-0.03440604183415241
0.14477846996484633
0.009721017613276662
0.10864748642147923
-0.0030099536864605456
0.9032346885495379
-0.024121976004900514
0.0012551400374420764
-0.039531849171425555
0.0005137073214669598
-0.03455443508894336
-0.14207583409654123
-0.004469381949417522
-0.1012005026986354
-0.0065215097048392096
0.0010860356089067453
0.15199750719596838
-0.001117888401131111
0.13230396879461415
0.0031262353961160243
0.8136866189526838
0.0005470477047505163
0.0005203296959059313
-0.0355251985575977
-0.03882996863959868
-0.006066213398463271
0.011199453810692275
-0.062336543781636944
-0.008167444902219531
0.03600236422827312
-0.0028338371745043737
-0.03162355700329271
0.09090538176860764
0.047258455404568425
0.0004107853776315409
-1.075960697520784e-05
-1.700593588981745e-05
0.0009663200452537067
0.005011431375508808
-0.00011788880790842498
0.0023165141269101443
7.053613484605197e-05
0.00039917441187438765
-0.004468290996215746
-0.00017674191560130607
-0.002889824782074576
-1.8142164731182027e-05
0.0005608293230509103
-1.530725415556348e-05
7.52345357711764e-05
0.004666855026461865
6.544040468889396e-05
0.0036622788492489443
-6.368973171150598e-05
-0.00028339666241931373
-0.004506460584484055
-4.492706583565069e-05
-0.003630980415382775
-0.00016480109945515018
0.0004788716784435399
0.001488653110939093
9.216029644715335e-05
0.00032190186159834565
0.002596237011175567
0.0012557618940044722
-0.001644592144408225
-2.217059752373981e-05
0.0009010723406917068
-0.0031754192495373843
-0.00044970903076396176
0.9081539562660144
0.00757402896352965
0.004078401833384913
0.1078326901846175
0.0017944177239440184
-0.09122615357331706
-0.036981507397880725
-0.010748165274573236
-0.3968555790198383
-0.012995776566675565
1.036813795161626
-0.002590432017819438
-0.002858835883696862
0.0003591149670006086
-0.036016249977222664
-0.9004532988542169
0.002153766517532291
0.003454290591262267
-0.004273952891635688
0.8773633867750723
0.009235324045197817
0.01214927554760379
-0.011914569682054874
0.0058114089572574214
0.0980286691727924
-0.030670129584581596
-0.012407823151185368
1.017750231058696
0.002774823087010162
-0.3813007831652714
0.0052892640455881055
-0.026889636013025114
-0.7753736512802085
-0.02202862577032763
0.8873614427330225
-0.01020121618120055
-0.0029592234729765602
-0.011225252476763715
-0.017564351821530495
0.06843983633212333
0.3197855075041572
0.004059088833895495
0.008153902314252684
0.2517831438993856
0.006379609512099154
0.5688807585082117
0.005089641178081201
0.05729161438386718
0.006565904283789848
0.3153791893877517
0.027131582267184224
-0.047769868822201675
0.5446309152017146
0.004328620691302106
0.3102954031213347
1.049702427879878
0.025748772957494323
0.0009377350747874463
-0.0001292603922603752
5.797237352573234e-05
-0.0007232062079130476
0.00013393176703341302
-3.2154164736299896e-05
-0.0027048656045643065
-0.0002612425416822063
1.0394989823506829e-05
0.005250420478653801
0.0018442064559422784
0.0018445693531458178
9.648237140884086e-05
-5.2333901676181496e-06
-0.001715706305079988
-0.0006244434467209869
0.012610166461111506
-0.001412539775712864
0.0002269406798635871
-0.00010168953039305395
0.0005246316724216969
-9.228837550813279e-05
1.0760317110377835e-06
0.0015258215554405396
0.00028966988746931754
5.978826713040643e-05
-0.006908966327460141
-0.0018191564549634744
-0.001269940636636426
-8.583008504242712e-05
-1.0068728257142398e-05
0.0022057366388077496
0.0006964935198498167
0.5563554407348721
3.6533403357071984e-05
-4.182934244320577e-06
0.10017757276986385
-3.936803327368533e-06
1.2584606546235465e-05
-0.004748887328474663
0.0011200157945394523
0.00069295668783994
0.0005776187671764849
0.0003978904553900163
0.0021355257143021575
-0.0004645776609332594
-0.00028148092965753094
-0.00022894129953803237
-0.00020242217471007131
0.5559295057418859
3.157671630429286e-05
-4.589206060306094e-06
0.10103415185139633
-2.1875651970170088e-05
0.0005942346166912273
0.00021695177702879483
0.0007103370682766515
-0.00022285205531538826
0.0003401676079155295
-0.0001903609793390238
1.4345597605407365e-05
-0.00032783023418978896
4.6537326604260894e-05
-0.0001207811565857752
0.5555522392730936
1.262338044401698e-05
-2.1085004164005914e-05
0.10186002232915538
0.00042049480087989554
-4.0326576226612215e-05
0.0002142145545809415
-0.00015717671288349212
0.00010387600336529438
-0.00019937908835483982
-4.563855992086518e-05
4.5295394664475016e-05
1.0763950844178433e-05
-9.324655596595011e-05
0.005864824534690165
-1.0841646399774003e-05
-3.3587143670813413e-06
0.0022819400845884483
-0.0005699656826640383
-0.0004366213898511454
-0.0003611687439567588
-0.00014673023498753526
-0.0010348950802402657
0.00023532456988378304
0.0001873269209316454
0.00014240971181403743
7.465820712531194e-05
0.005705810012388747
-8.883114459967037e-06
-0.0003903794978314627
-0.00033026694403034116
-0.0002971788283969768
0.00018574355123900273
-0.0002859619075933191
0.00013860194685563147
0.00015300815634971708
0.00013498097680284674
-6.457913497141289e-05
0.00011941324779066456
0.005558830033895503
-0.00014802877515762976
0.00014921891064050908
-0.0003755997634424873
0.000223969630316942
-3.165412972258282e-05
6.845199467102919e-05
-3.315625630416047e-05
0.00015174318136097398
-7.190715807679102e-05
3.36707249578222e-05
0.11736141823390488
0.0020746045818203986
0.003171641321026356
0.04072812916110009
0.005766690216471988
-0.10554066841287044
-0.0006644595510736782
-0.0010965189912259784
-0.015205373552818952
-0.0022740438049631837
0.26367139513078774
-0.017609729713889292
-0.0010319801562289409
-0.01201830540771072
-0.0006446157553187452
-0.21175995930563263
0.006694256160770712
0.00037447747594174447
0.00451884515646785
0.15362141433257298
-0.005442492255951139
0.001056762393046988
-0.0011017287751448664
0.0066605558699227175
-0.12878232529406472
0.0020925969219029363
-0.0003780848091166465
0.26982986559899247
0.030530223285191282
-0.01472510227032111
0.0003717293262434423
0.0020501544901526266
-0.21694649163854227
-0.011443964845700573
0.10292260733580183
-0.002213568103626139
0.004490292889959922
-0.00037697031138133805
-0.011434534385584045
-0.0920223650357628
0.023867980394947003
0.00023124719776329905
0.0003497295271888891
0.00536938710282148
0.0008721464616504799
0.04265687240344296
-0.002529522906562681
-0.0001366890161052544
-0.0016721083255869713
0.027021240185012205
-0.0007822723690321946
0.0001286334017121236
0.04371497212282408
0.0042350894026663075
0.020660587417992343
0.5050798699989797
-0.027983697700619273
0.025184151675997614
-0.004162070105750886
-0.02230168856653341
-0.002202800765421979
-0.0002893036913783129
0.0004639188379562303
0.10415606095004416
-0.0028681262926730532
0.0001243070805376905
-0.058981130043488164
-0.016117244870853253
-0.47851990475385364
0.0071831908833748835
-0.004863205120748181
0.23135044908055655
0.0350185406423895
0.000744375219007764
-0.0034148436134724862
-0.000652464758425515
0.0006647277060557083
0.00010110652424549569
1.811537454052786e-05
-2.7701189966484354e-05
-0.013094540026803478
0.00016132191336038285
-0.00022368306089244188
0.006676688117022527
0.0005882210131159665
0.014866164723946642
-0.0001812345395707229
0.00021893150170555244
-0.010065015563149333
-0.00018512088794649762
0.35917009582393805
0.005300399870408607
-0.008195518454954375
-0.013923571509589415
-0.00012180231864535977
0.00016493520204375668
-0.1559119871644614
0.0022768177033843685
0.003093832204628187
0.01693902667409916
0.0304585144479312
0.4405591584216929
0.011521138069982227
-0.011375852499733746
-0.02194179193467567
-0.029433742774482397
0.9045307421529185
0.046580772372833756
-0.0001189225536121699
-0.040240709035368
-0.0007300802698993972
0.006206193759258734
0.05200565790649607
0.020416109298022324
0.003419018126695159
0.04790098435152766
-0.008832867209315462
-0.18648934384469862
-0.07023165437854297
0.0017660333045772829
-0.013060282703565707
0.6758172448292359
0.00015954175410886923
-0.0007166604821745328
-0.02760397284010897
-0.013317517289921125
0.02267952794036408
0.03513081196262259
0.016796988521729533
-0.006595257705069974
0.021279115636569222
-0.07181475609734403
-0.076454445539564
-0.03399257544123356
0.0459769918966126
0.00016535602515056833
5.068389082131658e-06
-4.030294040644438e-06
0.007769644629612089
0.00010718849467059053
-0.0002332924565706108
-0.0006337458096948121
-0.0009970507561768568
-0.009005764702735813
-5.762918920217862e-05
0.00017777325765779082
0.0005465601691412477
0.0009766364521088117
0.0005776638378486626
1.9213974242632237e-05
-0.00031966185627472116
-0.0017493214407061203
-0.0009216566862647166
0.00013848679396305053
-0.001353467897144552
0.0003375127724709786
0.003936390807363544
0.0013990057889898557
-0.00015072446958283025
0.0010208138023149334
0.00035519534226653823
0.00044445775632627796
-0.0009736462274154262
-0.0006630658663395663
-0.0003961144864275342
0.00043176562150962173
-0.00048637352211986125
0.0014574676500119026
0.0022746060109359615
0.0007361106524865061
-0.0006542605894194377
0.9498376764693817
-0.0009053393726743927
-0.0006055880810218554
-0.0536743960654848
-0.008477356985692495
-0.25444082872562357
0.004101590373429808
0.000592381280239267
0.1255331748773405
0.010551651271453034
0.9061431793096584
0.005428046074949219
-0.00033170091949917665
0.004091767111851886
0.004083256293415266
0.05414896925145938
-0.012222908522065597
-0.004194314410601127
-0.012275126471954334
0.8881141424662853
0.0003347498080684657
0.0004508907889255157
0.0005224188337380664
-0.012244437230663688
0.14036656109736406
-0.004783042260724824
-0.011883494504790978
0.8992169529103722
0.015113099991757218
0.11799973037869713
-0.0024264463185154793
-0.0036831777090257137
0.05298237519153627
-0.07250500026630288
0.9956651847941862
0.008940667682291119
-0.003458924119278581
-0.006811377802231438
-0.07330580014521941
-0.708005180009625
0.4375887688302757
-0.00010885791433766197
-0.004767823039192422
-0.20996767962417565
-0.008404356878378209
0.2310083256527639
0.015378392996038203
-0.005328524949417261
-0.02983428945409499
0.18693748369957458
-0.0020575413638719525
-0.01508307928696544
0.27014578835579506
0.0968627926002397
0.8051121703491757
1.050182847121644
0.02465890473615223
-0.002863952267299236
0.0002587068692060168
-0.0001741025678076847
0.00213294435557465
-0.00015064978710371656
0.00014989552101396124
0.0011562572717014647
0.0021398111574509856
-6.422937533539603e-05
0.002983759442628107
-0.0025288221316274763
-2.9805349616181573e-05
-0.0007677839147823889
7.832888146729581e-05
-0.0006652073410883014
0.0012728769974280237
0.013481402549647817
0.004194245788389431
-0.00033153734785769113
0.0002763079041541531
-0.0014453765857053015
0.00012142946823907533
-0.00010791427645508671
0.00014712206912265315
-0.0022595228620568455
0.00014331953572853387
-0.004276024177598917
0.0029185154412685295
-0.0005547720260202816
0.0008435858341798798
-4.869360352445954e-05
0.0011537520798566583
-0.0013718903030478366
0.5553736841403991
6.246838951189673e-05
8.630859308439122e-05
0.10200155259188098
-2.5254868463181455e-05
-5.7544054940047144e-05
0.017855201105473766
-1.9417311791310497e-05
0.00021699814838274285
-0.00259123168483242
-0.001046472351516584
-0.008718507603736422
6.54583606083852e-05
-7.228944957949089e-05
0.001056665112148385
0.0004897587995197759
0.5561624443820926
0.00026659174783800143
-2.5467070220041016e-05
0.10072141169450675
-0.00018341687869030473
-0.0006826813321826964
-0.0019631013958582378
-0.003009355617444812
0.0008120318929542975
0.0016103352884548625
0.00027313141330322977
0.0009163304050719738
0.0012509687363764762
-0.00030065406719931623
-0.0007273805909125127
0.5557635945574773
-5.788130340505841e-05
-0.0001818786237601002
0.10143997317288311
-0.0008604907492665965
-0.0009578174692965113
-0.0014096164952146274
0.00019908826584781126
-0.0005591976785059778
0.00039761969752713923
0.0004843579868092737
0.0005155960263860053
-9.491568283546342e-05
0.0002600955383916558
0.005672045970534995
1.2472343247094178e-05
1.6913983174977933e-05
-0.007309577284514217
-0.00018579407248678714
-0.00018220168265368965
0.0014701485863509492
0.00040681108734050763
0.003710088196173165
4.9295410920791834e-05
5.4304159436018547e-05
-0.0005931000965792091
-0.00020356922966242158
0.005841461536220081
0.00010598287427219063
0.0004315841025983186
0.0007639333738062751
0.0015110408927666748
-0.0005171453184094715
-0.0008141123689682484
-0.0001660100108352966
-0.0004984974724113298
-0.0006316963817275642
0.00019913149074391752
0.00036934035108063837
0.0056986038114542285
0.0004151906363768421
0.0002941898967258708
0.0008668460145795906
-6.0834405891029284e-05
0.00017695339530454388
-0.0001910039021391153
-0.00017665268084979382
-0.00043498720123192616
4.809571251873616e-05
-9.792892481888995e-05
0.11931407216584128
-0.008631130737001325
-0.00070553259774482
0.03551362254231725
-0.00675046852714537
-0.10688148608043435
0.0034060032248408208
0.00028801618993108414
-0.013223009008619696
0.002828233058269082
0.21379044530403457
-0.04974585471311612
0.011292518352448468
-0.002395901587483601
0.0034455434148207547
-0.17546460709165668
0.018638255225650463
-0.004239781512681184
0.0010434236062112725
0.1785761900754516
0.015625813876717184
-0.014580158752693544
0.00033265691314831073
0.01858887068608317
-0.14865673031532023
-0.005821324905534924
0.005595925164874895
0.2679863662336155
-0.03192995096454983
-0.01306228544043127
-0.004201330886358035
-0.005823423126773792
-0.2155663640249903
0.01176866849479461
0.11239253457777437
0.0028149097295846
0.0009608000159182261
0.00553969470758869
0.011802248457153195
-0.10077042862263358
0.024110105950738522
-0.0013708784009144417
-0.00014256428578712942
0.004751565521620468
-0.0011916098470454305
0.036148830461156786
-0.006917179627398651
0.0015728239843341481
-0.00041575806759275205
0.031022442582098776
0.002166411277370033
-0.0021118764611809766
0.04348698470313412
-0.004285875229703091
0.022702762724498497
1.0515256427665798
0.02160837711601113
-0.0026509017922390007
-0.00022326516094361363
0.00037232542259926825
0.0019939629460034016
0.00020351997120695358
-0.00030376037076699434
-0.002415569001677242
0.0017018846542449688
-0.00032606823546304326
0.0019458719542230635
0.005607561691872133
0.0015199052689597763
-0.0008154014967413507
0.00016741065862262096
-0.000245942364861335
-0.002630723568148077
0.014367852294958846
0.00375804417901686
0.0003198601770827157
-0.0005807436473608733
-0.0015614423117600498
-0.00018715626929389606
0.0002089557323530734
0.003716785403355243
-0.0017576217197966368
0.00035620242461295245
-0.0031090135796907475
-0.005158836570338592
-0.002190762915291357
0.0008086249459956616
-0.00019732637738989185
0.000718541285742355
0.00254815438914766
0.555521003860431
-8.826526099826512e-05
-1.492796774070113e-05
0.10093986929390729
8.823320593443318e-05
4.922655033063951e-06
0.0187149268985921
0.0003856238921911327
-0.0007161250486134377
-0.002208305701533988
0.0013900286787391835
-0.008953548806432865
-0.00017433543331893728
0.00035719227638471524
0.0009019521400849463
-0.0006637567145892443
0.5562153758287434
-0.0004915699919995415
9.217182948602472e-05
0.09982131913159425
0.0004703349916628122
-0.000434281175210905
-0.005361098137104472
0.002805023214754408
0.0006883298350612804
-0.0016783720258544588
0.0002150312554331658
0.002410384201229015
-0.0012486435980005243
-0.00025078767237141997
0.0007882571677350807
0.5558836865917647
3.678116284350599e-06
0.0004707780014277382
0.1004225341948576
0.0004970558718674391
0.0017662890580461416
-0.0042483324662126055
-0.0003289398325599838
0.0009270628997936186
-0.00025456354928458165
-0.0008632654216784918
0.0017782518327374274
8.580070224347245e-05
-0.0004715036631644868
0.005793425724362589
-3.775186392323025e-05
3.5266294949425362e-06
-0.008094615085205358
-0.0002904409184581207
0.00031783600367572265
0.0012842138285271698
-0.0005807805242895166
0.0042253436136150315
0.00012082079967565585
-0.00014673731840892298
-0.0005179653940455804
0.00030908327625342946
0.005887691887132624
-0.00024594311398646186
0.0002942388350348091
0.0023546561001092136
-0.00133785461212399
-0.000484584965630511
0.0008454181439085634
-0.00015128752454980838
-0.0011719036012749632
0.0006257654060014588
0.00019223644993202012
-0.00040314930026329545
0.005777207447995134
-0.00022019739476940395
-0.0006814358924242207
0.002125595125439753
0.00027114322711550756
-0.0005407410065357001
0.00011009257796470079
0.0003810833626513127
-0.0009695520236658267
-0.00011733582904506536
0.00027434082244422615
0.12780972762072906
0.0034461616729362554
-0.0007460104061413774
0.03331617639058611
0.006114137586789352
-0.11497853263955912
-0.0012554823170248
0.00036653769331274094
-0.012088812115152475
-0.0029790073780922915
0.16016444103355934
0.04029017761407475
0.017033036666742586
0.007855461913399668
-0.0012600531338277144
-0.1350716815083837
-0.014890338790966011
-0.0062740046606996475
-0.003273272796198712
0.1471303432976796
0.0036890276465492236
-0.0034773931045862004
0.0003562641090050251
-0.014857667792740817
-0.12511253635795794
-0.0014336938422163435
0.0015737898758719229
0.27243106825358715
0.021142168826193436
-0.012043050853014964
-0.006289769904174174
-0.001412082095032509
-0.2181318233237211
-0.007565778688563578
0.11495936919684446
-0.002973713598095503
-0.0032341373141319047
0.001575559334487272
-0.007609972428789342
-0.103578412818526
0.026068277263145465
0.0004495069918904727
-0.0001803298974876878
0.004258215134080075
0.001461598210617922
0.028599751124145343
0.0053934212952994175
0.0023078259469605645
0.0013652260138006412
0.026671028538520634
0.0005503629337582777
-0.0007259470606167638
0.043824000873103744
0.0026517820151045523
0.023464768800593158
0.053707023762192274
0.2826118146876845
0.0007329506791684411
-2.3048387544066866e-05
-0.00021838489485693656
-0.0018861625685038061
0.00029915085229749596
0.000607735260736559
0.003335538346213423
0.0005436898824194166
0.00021975822058713573
-0.0004941750937666187
-0.00064937041109636
-0.0007948800194873707
-0.00031691349887983056
-6.94761923262726e-05
-0.00038775311509539883
0.00010917451859729599
0.4788828115142253
-0.000245822391265812
3.9986442425736034e-05
7.496266911139561e-05
0.001794040244183585
-0.00018595794176109217
-0.0005450445515459642
-0.0018208064151129814
-0.0003452257773609259
-0.0001120901086910298
0.0010739606233835489
0.0004426202990826595
0.0006121247813694683
0.00040527510130701906
4.588668543831093e-05
0.000802702498194202
-7.534192318129173e-05
0.3914904022979899
-7.3745986851427e-05
-1.2200516569756027e-05
0.1383716998046008
-0.0001860139913088481
-2.2119365968197857e-06
0.0003192638754488254
-0.00030821362640087653
-1.611309002234378e-05
0.0006095470383481957
8.034298588401896e-06
-0.00012451468115470672
0.00010650241417645571
2.9939295081537363e-05
-0.00021603108762916618
-6.704801937794108e-06
0.3913874236461675
-3.660215272042289e-06
-0.0001854313876700734
0.13793439429666587
-2.2278453719911284e-05
-9.058402497945706e-05
0.0015656059834448384
3.8777908586308334e-05
-2.507328661697886e-05
1.966871137528796e-05
7.851246826764143e-05
-0.0006421322800688
-1.533501226201273e-05
-4.0352608845308204e-05
5.564495863500253e-06
0.391605493137
-2.0557895400023904e-06
-2.4335222961439984e-05
0.13882333789123627
0.0002925576821606488
3.482585336580908e-05
0.00020451335845768706
0.000607769918875145
3.783081395814674e-05
-0.00010842071343249198
-1.3600207053681826e-05
-0.00019043513013066073
-0.00023252204303296324
-3.148010200288085e-05
0.015668657818683936
0.0005401087642875142
-5.031642172534285e-05
-0.0015455263169194583
0.0008309261648533108
-0.00016809690537258185
-0.0019871284020264402
0.00022964315479361447
0.0005262374980074427
-0.0004290187626993774
6.278841707996435e-05
0.0011121871332981951
-2.2686995959576576e-05
0.016420419811829283
0.00015094921431470899
-0.0004918482175656877
-0.00414269814468963
-6.762135095234254e-05
0.0004923933031316278
2.3295329860160026e-05
6.562536682173175e-05
0.0023847648135145675
6.270326433135724e-05
-0.00017653389443569842
5.0596959800612795e-05
0.015363238556625664
-0.0011108403025964705
-6.125671324031879e-05
0.0015118654239123872
-0.002363636709983815
-0.00038119694429223006
0.0005071139593172127
5.519203418864191e-05
-0.00026996835315753635
0.0010520318069404146
6.088615007011698e-05
0.23427920345630193
0.0005153193172057455
-0.00318883788181999
-0.055628061460326325
-0.0006872404670034671
-0.16418087134076192
-0.00018270993512190445
0.0009330567092222838
0.01607974287628572
0.00020253906869661362
0.16542496607505025
-0.004780882290179521
-0.0015816065829967146
-0.006099462816492944
-0.00021040243811398568
-0.12496156491157058
0.001360647927778873
0.00026940749804769314
0.0017446059010510014
0.24337706923494684
-0.007535531456700339
0.001336704141134364
0.0009460202981518459
0.0013433327746554156
-0.17015637840328784
0.0022036863598351056
-0.00024709807881345556
0.17249188817775657
-0.002995196309458252
0.01636720202949457
0.000250003852309223
0.002191753419834651
-0.1284766489177523
0.0008603638836543541
0.24433803929008002
0.00022779822755839406
0.0017272974801110354
-0.00025131243571223014
0.0009083758657246891
-0.17063414228147392
0.02900693865401254
7.565405749408812e-05
-0.0002545709190935562
-0.00446732942246598
-6.83465001056595e-05
0.023895169000774513
-0.00034039729159022624
4.620152164469565e-05
-0.00045127815002661
0.029910845589867317
-0.0005810646867546202
3.717725429714956e-05
0.02420079757461093
-0.00022791243085686674
0.029997858557809492
1.052044517234788
0.020292473246527755
0.0020036417900484824
-0.0008296813723353206
-8.262107808412586e-05
-0.001648555437974519
0.0005642314393263816
8.726888924439195e-05
-0.0006264916419850986
0.0003811054122807811
0.0009551974275647523
-0.009436762068273843
0.0006707825209035479
6.912898139994347e-06
0.00011539271145660673
-0.00032264966855087893
0.004690146856087348
-0.000305439719087656
0.014410098150312299
-0.0029677889060152497
0.0011054066824308434
0.00017990129049026492
0.0013568868144813436
-0.0004905725564896204
-2.0409958169787454e-05
0.0014685354324892863
-0.0005878395849832473
-0.0010897841322172477
0.009210031559677423
-0.0007376960729285763
-0.0003377974272859823
9.333085085709886e-05
0.0004110054580395874
-0.004840632236286769
0.0003399609763360286
0.5557684853533202
0.0005062970617741491
7.088055735351371e-05
0.09988948083195372
-0.00036795756589001445
-4.4135824461435886e-05
0.0018540350255336316
0.005506840687290836
0.0007322076716238148
-0.0066462897246175635
0.00045865293717341
-0.0007894735491671404
-0.002526415807755071
-0.0003159529625061986
0.0028838919161920953
-0.000184055528162448
0.556355327264
-1.682152664791959e-05
-0.00036945570956219923
0.09879212152088959
9.077466845701182e-06
0.0047426544459728565
-0.014874672465736712
0.00031719194716235677
-0.0005309723602295207
0.0009732227373534987
-0.0020547438934934237
0.006633752827002565
-0.00012959259851008632
0.0002238196504926355
-0.00043818952082340883
0.5557726893364445
-4.3730992097777895e-05
9.307929899591969e-06
0.10001015711200097
-0.0006797968685346119
7.975881624229046e-05
0.0011093974429127983
0.00034713612878786097
0.00010973347617080929
0.0002942916091322724
-3.816718027740761e-05
-2.7881312880993764e-05
-9.053950186015843e-05
-0.00015172245241723748
0.005749033990702288
0.00016143317675492477
1.2742553691931291e-05
-0.0005436816072864902
-0.0025936012507647883
-0.0003562261450566687
0.0034345157894391963
-0.0002528456847146149
0.00027964818094305765
0.0012526885786622226
0.0001430727158265434
-0.0016634091821849687
0.00010781078790482564
0.006044955077158711
-1.2457457552030145e-05
-0.002349869392817277
0.007726223506452073
-0.00016702242832104455
0.00019421480363753906
-0.0004693732640047624
0.0010605142398462024
-0.0036646134372500545
7.483076636232367e-05
-6.927472901924878e-05
0.00020991146896732853
0.005654869311981391
0.00034012806591259047
-3.628235302269198e-05
-0.001244397222865224
-0.0002615969710973832
0.00016044806238191825
-0.00013765710082563496
2.473391906058001e-05
0.000380168882124967
0.00010350749288213365
-3.1310219737991376e-05
0.1513703120106487
0.002923211248570983
-0.007867668186996848
-0.041195078963703405
-0.007424266780148779
-0.12802713278369923
-0.0009557429882089132
0.002995480269913981
0.01522098849170109
0.0027823029408108207
0.12241363446366112
-0.001105653018589163
-0.002722882086650648
0.004204147729387148
-0.0009577060340470724
-0.11153204040737803
0.0004905365000063967
0.0008530009126395018
-0.0014681060051718604
0.2299498886457728
0.006883438389012633
-0.03250526533806787
0.002987940413427103
0.00045099505272478
-0.18608521016067392
-0.0024623390373772263
0.012106194821460331
0.13144260283108364
0.005694697949467189
0.015270858513816193
0.0008485172394085646
-0.0024501624136460936
-0.1164968912647329
-0.0020578407751990196
0.1730538508654882
0.0027911120955645503
-0.0014460774454559471
0.012099164118726689
-0.002042360316937958
-0.14427877465196037
0.027176132268262456
0.0002734155942094361
-0.0011468176899846435
-0.005483833951368979
-0.0010425507468264262
0.02557747585243848
-0.00021490349289370275
-0.00020783309661259538
0.0004723485298992278
0.03776025236730238
0.0008448725164090269
-0.0044963246741174575
0.025983366314836696
0.0007093526724073052
0.03014511954261785
0.830071902329077
-0.03626143417831556
0.000106524156533467
-4.318757300642719e-05
2.1277734099851084e-05
0.0003110716751801533
-0.0002860324398282192
9.793716342334183e-05
-0.0006122942076755601
0.0004027792089667533
-0.00016921418584102415
0.0027821785718508173
-0.0002058408381741722
-6.079433647191768e-05
-0.00014452607357966866
-4.652210966291913e-06
-0.0006974483004711571
5.831840983233377e-05
0.010714748864815455
2.9160066180343586e-05
4.079175778667287e-05
2.0014985954133126e-06
-0.0003872442985593113
0.0005308315187656214
-0.00014829465764916629
0.001145325242444657
-0.0008553002218092544
0.0003527679323473529
-0.006467364761975937
0.0004546917210394302
-0.00029175289296451797
0.00030637371183773245
-0.00010439574825283265
0.0018100555759291426
-0.00012132521236411892
0.35909141481593926
-7.6275947398101685e-06
1.2704062874935565e-05
0.15019329306028117
-7.4566887847966405e-06
7.67349432830506e-06
0.00041689765260223305
-0.00021528193280138122
8.066395365678146e-05
0.00017138849542007304
-2.2629828741174755e-06
-0.0002003954346434924
6.13248888095672e-05
-3.159207548883395e-05
-6.219939708003796e-05
1.1605416811495225e-06
0.3590645076074075
-5.951602607553048e-06
-7.1956711976939445e-06
0.15034967894819917
-1.7438245867657476e-05
-3.520878375745392e-05
-7.884425653977872e-05
-7.477216414639493e-07
-2.0788033269593088e-06
2.29843272805046e-05
3.269413803617638e-05
-6.379695230209299e-06
7.520808842785967e-07
-3.33741277638284e-05
-5.8846266725256065e-06
0.3591186256334159
7.176157824621732e-06
-1.7384014861484373e-05
0.15015999485961978
4.008151442258031e-05
-2.263662001786861e-06
-0.00040669621714777747
-1.99479678634208e-05
-0.00021973650392656215
-1.4421206980089368e-05
1.603300970699642e-06
0.00012227066774369276
1.0826044226243552e-05
6.308511597633598e-05
0.017888345839488756
1.8371931343018366e-05
-5.518707481713906e-05
0.00131503847925594
-0.00038385016592548703
0.0002296813543592077
0.00024602442713229466
1.9771371891695415e-05
-0.0003922417822235175
-2.6988459525984586e-06
-5.678728163001504e-05
2.1642075397072758e-05
-1.1732606072974724e-05
0.01866153196696998
-7.756933214776295e-05
-0.00010532546127189915
-0.001183574078782704
3.071357259818806e-05
0.00018929974765747565
3.904805931807444e-05
4.004920696137489e-05
0.00048593303740731317
-1.5206528924167353e-05
-0.0001414856170738566
2.569561461407533e-06
0.01772454935970725
0.0002280301501017771
1.7586589048760172e-05
-0.0016576110565160503
5.508757944333351e-05
-0.0007947554906552322
-8.224419683932086e-05
-9.340390683677323e-06
0.0004770078412171192
-3.714170585917743e-05
0.00022023136067073282
0.23595305788369775
-0.0007897698564489379
-0.0009526615164717937
-0.003962551000907259
-6.326820819359301e-05
-0.19913280245435866
0.00037096499112809495
0.00037811476886881327
0.0023094352997971635
-3.3146536667093697e-05
0.21674236027732008
0.001977747387596085
0.005513543369114419
-0.0015529723658587304
0.00040535760697831767
-0.18340286857361732
-0.0007454011825100959
-0.0018789657358628561
0.0005882717352770641
0.2374675847393967
-0.002644905656635325
-4.456060275488052e-05
0.00036370815966036026
-0.0007381438989105569
-0.20038553228495828
0.001051203769708746
3.2722652890630485e-05
0.22806199472997596
0.00040373803132515965
0.0022461041808516332
-0.0018836476932980804
0.001072093430694995
-0.1918688019932851
-0.00024536053593102517
0.2375303913392887
-3.4380877216186374e-05
0.0005790882414080313
3.2451864945091493e-05
-0.0002574365986617694
-0.20048671418603625
0.04213125236849378
-0.00016376338297371436
-0.00013668582711057943
-0.0010759605341434317
3.3213137362227816e-05
0.039153455013741525
0.0002637324438182988
0.0006351901855547581
-0.0002092998766688424
0.042365665365004836
-0.0004041644096902337
-1.5806244252550403e-05
0.04066262651977236
0.00011660309964842748
0.04240848715802618
0.05310708233113007
0.28532640385343033
0.00045201019497595485
5.676145043475243e-06
-4.4777445841544085e-05
-0.0005152901434276049
0.00012682970763141973
2.2801358990953745e-05
0.004975680227753795
0.0014467654774566255
-0.0006850296710126358
7.262037487588968e-05
0.00025929577631217805
-0.0008871032833757263
-0.0003798590489821427
0.00014680802229226432
0.00017149321751673059
-8.473490114690798e-05
0.4779071509726696
-0.00013424399372316724
1.5519820475077675e-05
1.692488283738971e-05
0.0007065680870243571
-4.421971290391559e-05
-2.212988624874751e-05
-0.0034341411612415565
-0.0008135446589452521
0.0004786798795179805
-0.0007175591922531615
-0.00017841078413231376
0.0009560088580120236
0.0001384499457886914
-3.1920426323321906e-05
-0.00100405321658237
-3.990224902313577e-07
0.39198239823864617
4.537865903058538e-05
-2.1299694588804944e-05
0.13997750451148
9.406399954744129e-05
-6.216165997138963e-05
0.00021594194866784273
0.00010056442673004791
-2.3455509208045238e-05
0.00023111763724496136
-6.761272301658574e-06
-0.00017902503806250682
-7.94494720942555e-05
1.184785022832373e-05
-0.0001052264977680606
-2.792793197861211e-06
0.3921901840702875
1.6137266499896632e-05
9.903888687470654e-05
0.14057506168206158
3.772436236004298e-05
0.00011477593456442955
0.0008161347617783076
1.5508153581697345e-05
-0.00019102384849904185
-3.383780329726546e-05
-4.130028605553737e-05
-0.00042547743253186076
-9.674024869262758e-06
5.8627603762068694e-05
1.0399957726654445e-05
0.39187687709510655
-6.34407724312078e-05
3.699883859840528e-05
0.13920378798838523
-1.2986004665400303e-05
-7.995965522357462e-06
0.00013117165012997272
-4.013563919582574e-05
-9.494320029344717e-06
-2.569662367991251e-06
-2.472987238096817e-06
-0.00014567876173222574
-2.7222529301497125e-06
-2.9752656076247846e-05
0.014702297506284288
-0.0001521381877060417
0.0001339180347917922
-0.0005085141197467521
-3.244148912076624e-06
-0.00015107012766108104
-0.00010341518519129047
0.00016807049366946876
9.550924835637671e-05
9.04659480922826e-05
4.3564476042133107e-05
0.0002598102168637344
-4.4512614172701706e-05
0.015220221841474889
-3.107305082002825e-05
-0.0003235731870608972
-0.0012207705058284507
-5.549506628738618e-06
0.000492882019673047
-0.00013682298743782133
0.00014395685321481145
0.0008461701094021445
8.197889508709807e-06
-0.0002214009748676525
2.7362481663940168e-05
0.016043304987024366
0.00042202153656989004
0.00013136204361322186
0.0007651568036834192
0.0009315765581448894
0.0004122758833550789
-0.00012900131233014973
-3.358961500066169e-05
-0.00017911919420958466
-0.0003075145356665169
-9.707886248431842e-05
0.23239901969919588
-0.0063048974321764616
0.001781398754875695
-0.042241335408972916
0.000968943671298929
-0.16519171820536793
0.0018898823647019907
-0.0004951883495465596
0.013567263273253645
-0.0002558491331010743
0.17332635251208606
-0.0016451931999769181
0.014006316293994521
0.0035040658303888473
0.001967674261552533
-0.1283850962899502
0.0004906085332147348
-0.004302863384984736
-0.0010932450025325892
0.24301357273663954
0.004889013984143211
-0.0006362303622665054
-0.0004856958929229601
0.00048766340104849
-0.17056345889022564
-0.0015327350792807564
0.00017041440325648124
0.17841455834686026
0.0014690959062249962
0.012948314384735364
-0.004282505024104464
-0.001479670295085148
-0.13266499948012056
-0.00045637030055494107
0.23712594514814544
-0.00020781580888739665
-0.0010510600481229656
0.0001614574513856482
-0.00033890384037014467
-0.16820764771521549
0.029502294338412033
-0.0005652071446225096
0.00011221007247803395
-0.0038940496771358614
5.455357873786215e-05
0.023963151617673935
-0.00013592034176866799
0.001268628213309832
0.0003201549406245002
0.030079139766657312
0.00041334371018535864
-4.1342519572575676e-05
0.02495171404677665
0.0001250237334180218
0.0299699984081816
1.061377218836629
-0.19985248676714262
0.03812988478873337
6.170996775522736e-05
0.0015121516511652873
-0.05800347979647053
-0.000532967473282429
-0.002160814361312319
0.034810709142132114
-0.06533939444974782
-0.001302593497504124
-0.0014250752785396636
0.03172066208303323
-0.00017818736534647235
0.0012592161819810982
1.202109927447819
0.0009174284135347012
0.0010914503924084622
-1.0062612879546298
-0.00033390494899573095
0.00687246967786953
1.189432403333182
-0.0003554689568074105
-0.00026334619159926225
-0.8832082159451273
0.003445847544490538
1.156656759376453
0.008560924521848094
0.0038595157581517194
-0.40024942821104037
0.24091340128479252
0.0009723839614666682
-0.004577154204129855
0.19078528368796277
-0.0011634635021794014
0.07411974290407691
0.0
0.0
0.0
0.0
0.0
0.0
0.0
0.0
0.0
0.0
0.0
0.0
0.0
0.0
0.0
0.0
0.0
0.0
0.0
0.0
0.0
0.0
0.0
0.0
0.0
0.0
0.0
0.0
0.0
0.0
0.0
0.0
0.0
0.0
0.0
0.0
0.0
0.0
0.0
0.0
0.0
0.0
0.0
0.0
0.0
0.0
0.0
0.0
0.0
0.0
0.0
0.0
0.0
0.0
0.0
0.0
0.0
0.0
0.0
0.0
0.0
0.0
0.0
0.0
0.0
0.0
0.0
0.0
0.0
0.0
0.0
0.0
0.0
0.0
0.0
0.0
0.0
0.0
0.0
0.0
0.0
0.0
0.0
0.0
0.0
0.0
0.0
0.0
0.0
0.0
0.0
0.0
0.0
0.0
0.0
0.0
0.0
0.0
0.0
0.0
0.0
0.0
0.0
0.0
0.0
0.0
0.0
0.0
0.0
0.0
0.0
0.0
0.0
0.0
0.0
0.0
0.0
0.0
0.0
0.0
0.0
0.0
0.0
0.0
0.0
0.0
0.0
0.0
0.0
0.0
0.0
0.0
0.0
0.0
0.0
1.0758892179950772
-0.2472736425485897
0.048870680307906325
-0.023467959939826734
2.6981802721107715e-05
-0.0698067137780721
0.02294920849186813
-0.00048305206265756786
0.03515121156695828
-0.06849004495179384
0.001600916177388207
-0.0013125905572289975
0.0466680808011387
0.0007470804455645531
0.00028666816177485996
1.2983345688184904
-0.0679909684495578
-0.007943149666904908
-1.1305860460056016
0.012340154544610796
0.003471265986118915
1.2702589786707899
-0.0016022263812370098
0.012705750433564587
-1.016408364180635
-0.0012933590572244392
1.0099811789007545
0.0031964924535080033
-0.0016084880703271676
-0.6144878603034871
0.2778449779276625
0.003453298765501981
-0.0009657963546541666
0.23347433422248293
0.0005926238049533922
0.11916685622486548
0.0
0.0
0.0
0.0
0.0
0.0
0.0
0.0
0.0
0.0
0.0
0.0
0.0
0.0
0.0
0.0
0.0
0.0
0.0
0.0
0.0
0.0
0.0
0.0
0.0
0.0
0.0
0.0
0.0
0.0
0.0
0.0
0.0
0.0
0.0
0.0
0.0
0.0
0.0
0.0
0.0
0.0
0.0
0.0
0.0
0.0
0.0
0.0
0.0
0.0
0.0
0.0
0.0
0.0
0.0
0.0
0.0
0.0
0.0
0.0
0.0
0.0
0.0
0.0
0.0
0.0
0.0
0.0
0.0
0.0
0.0
0.0
0.0
0.0
0.0
0.0
0.0
0.0
0.0
0.0
0.0
0.0
0.0
0.0
0.0
0.0
0.0
0.0
0.0
0.0
0.0
0.0
0.0
0.0
0.0
0.0
0.0
0.0
0.0
0.0
0.0
0.0
0.0
0.0
0.0
0.0
0.0
0.0
0.0
0.0
0.0
0.0
0.0
0.0
0.0
0.0
0.0
0.0
0.0
0.0
0.0
0.0
0.0
0.0
0.0
0.0
0.0
0.0
0.0
0.0
0.0
0.0
0.0
0.0
0.0
1.0632593628999536
-0.204753485384566
0.021021341542229552
-0.001368813524209428
0.0015114247140842196
-0.042633618557441286
0.0024174731651835837
0.0017282887406310458
0.036954476739559566
-0.05789311835285221
0.002911285260520391
0.007742732547860714
0.023409882850144427
-0.0007736408296857118
0.00042965836786491136
1.2280864458577825
0.002329181179646063
-0.009020444276890117
-1.029339218723475
-0.003667518930160725
-0.004803878982808094
1.1987199393182009
-0.0006479306488584305
-0.0039007828661707486
-0.8921107328152758
-0.002934758537669186
1.1608576904670769
-0.005645114001701754
-0.0035224018223089957
-0.4263851551801071
0.2488083616542358
0.001915415146295857
0.0008350050346441298
0.19328233282442506
0.0011153211900211204
0.07766189214367765
0.0
0.0
0.0
0.0
0.0
0.0
0.0
0.0
0.0
0.0
0.0
0.0
0.0
0.0
0.0
0.0
0.0
0.0
0.0
0.0
0.0
0.0
0.0
0.0
0.0
0.0
0.0
0.0
0.0
0.0
0.0
0.0
0.0
0.0
0.0
0.0
0.0
0.0
0.0
0.0
0.0
0.0
0.0
0.0
0.0
0.0
0.0
0.0
0.0
0.0
0.0
0.0
0.0
0.0
0.0
0.0
0.0
0.0
0.0
0.0
0.0
0.0
0.0
0.0
0.0
0.0
0.0
0.0
0.0
0.0
0.0
0.0
0.0
0.0
0.0
0.0
0.0
0.0
0.0
0.0
0.0
0.0
0.0
0.0
0.0
0.0
0.0
0.0
0.0
0.0
0.0
0.0
0.0
0.0
0.0
0.0
0.0
0.0
0.0
0.0
0.0
0.0
0.0
0.0
0.0
0.0
0.0
0.0
0.0
0.0
0.0
0.0
0.0
0.0
0.0
0.0
0.0
0.0
0.0
0.0
0.0
0.0
0.0
0.0
0.0
0.0
0.0
0.0
0.0
0.0
0.0
0.0
0.0
0.0
0.0
1.080219649507804
-0.25978215342114397
0.026773103024027918
0.02435435147765109
-0.0006537184577649399
-0.03505182456009557
-0.023637261273032333
0.00017488873351557244
0.035747795474539004
-0.029689314893896812
-0.002170413318865803
-0.0012219926633520182
0.031228483534978133
-0.0005116703213206653
0.00011187119852270025
1.3426493478710366
0.053627550406577434
0.0005511584720110331
-1.2132358494880486
-0.011027338128960094
0.002201250980892345
1.2868160491735559
0.002795727990043317
-0.011258839131175247
-1.037336061783288
0.000907270243657078
1.0450652239157625
0.0024132772037743855
0.001124831828009186
-0.6378536591842779
0.3046387431485716
-0.0031602750423502645
-0.000812600925978944
0.24146663581822397
-0.0006066727646459223
0.12681933510192156
0.0
0.0
0.0
0.0
0.0
0.0
0.0
0.0
0.0
0.0
0.0
0.0
0.0
0.0
0.0
0.0
0.0
0.0
0.0
0.0
0.0
0.0
0.0
0.0
0.0
0.0
0.0
0.0
0.0
0.0
0.0
0.0
0.0
0.0
0.0
0.0
0.0
0.0
0.0
0.0
0.0
0.0
0.0
0.0
0.0
0.0
0.0
0.0
0.0
0.0
0.0
0.0
0.0
0.0
0.0
0.0
0.0
0.0
0.0
0.0
0.0
0.0
0.0
0.0
0.0
0.0
0.0
0.0
0.0
0.0
0.0
0.0
0.0
0.0
0.0
0.0
0.0
0.0
0.0
0.0
0.0
0.0
0.0
0.0
0.0
0.0
0.0
0.0
0.0
0.0
0.0
0.0
0.0
0.0
0.0
0.0
0.0
0.0
0.0
0.0
0.0
0.0
0.0
0.0
0.0
0.0
0.0
0.0
0.0
0.0
0.0
0.0
0.0
0.0
0.0
0.0
0.0
0.0
0.0
0.0
0.0
0.0
0.0
0.0
0.0
0.0
0.0
0.0
0.0
0.0
0.0
0.0
0.0
0.0
0.0
1.0433386866427181
-0.13090956763456538
-0.12045468529890418
0.00012895020418514572
0.0011437221261476477
0.18625626109052396
-0.00012240345545999428
-0.002301221165331304
0.02417922450676386
0.2230689206808122
0.00010682760304166193
-0.0024647346149189496
-0.09394954721544799
-4.3010570113459056e-05
0.0001249052403900457
1.052771906527311
0.0004307958942309275
-0.0012040592779657459
-0.6276020175796824
-0.00037875675610856443
-0.0014211022995081195
1.114395351899225
8.58544439734031e-05
-0.0003649717313946235
-0.7567858435020143
0.0004710161309868313
1.094225527340755
-0.001421557004370331
0.0010522764350335326
-0.2342541355679123
0.12631912459943445
0.00020008908725256428
0.00025694672514864987
0.1495115150977888
-0.00018343429825645302
0.04579357040512877
0.0
0.0
0.0
0.0
0.0
0.0
0.0
0.0
0.0
0.0
0.0
0.0
0.0
0.0
0.0
0.0
0.0
0.0
0.0
0.0
0.0
0.0
0.0
0.0
0.0
0.0
0.0
0.0
0.0
0.0
0.0
0.0
0.0
0.0
0.0
0.0
0.0
0.0
0.0
0.0
0.0
0.0
0.0
0.0
0.0
0.0
0.0
0.0
0.0
0.0
0.0
0.0
0.0
0.0
0.0
0.0
0.0
0.0
0.0
0.0
0.0
0.0
0.0
0.0
0.0
0.0
0.0
0.0
0.0
0.0
0.0
0.0
0.0
0.0
0.0
0.0
0.0
0.0
0.0
0.0
0.0
0.0
0.0
0.0
0.0
0.0
0.0
0.0
0.0
0.0
0.0
0.0
0.0
0.0
0.0
0.0
0.0
0.0
0.0
0.0
0.0
0.0
0.0
0.0
0.0
0.0
0.0
0.0
0.0
0.0
0.0
0.0
0.0
0.0
0.0
0.0
0.0
0.0
0.0
0.0
0.0
0.0
0.0
0.0
0.0
0.0
0.0
0.0
0.0
0.0
0.0
0.0
0.0
0.0
0.0
1.0576788556201238
-0.18029692613947124
-0.1372738508682198
-0.017896287861519557
-0.003709277412302177
0.21595452649463823
0.02431035076666928
0.0030860423390688518
0.02869187358647845
0.2432031559129497
0.0067012313042119475
-0.0007069489559119622
-0.11253375218588085
0.0007874326577621239
1.9520746720978826e-05
1.0969953308287668
0.14686620364540137
0.0068543523677793575
-0.734091570808853
-0.007037790108051572
0.0003287330531735055
1.1623233636924388
0.008690691450795332
-0.008635719085874795
-0.8943518435595936
-0.00010770753624947995
0.7236260652429405
0.0008219941596541769
0.00028534219369053194
-0.4570966996895801
0.15836146486777453
-0.011650853878808636
-0.0004119958316569318
0.1923943231092245
-0.0006357917898157492
0.08940002967615818
0.0
0.0
0.0
0.0
0.0
0.0
0.0
0.0
0.0
0.0
0.0
0.0
0.0
0.0
0.0
0.0
0.0
0.0
0.0
0.0
0.0
0.0
0.0
0.0
0.0
0.0
0.0
0.0
0.0
0.0
0.0
0.0
0.0
0.0
0.0
0.0
0.0
0.0
0.0
0.0
0.0
0.0
0.0
0.0
0.0
0.0
0.0
0.0
0.0
0.0
0.0
0.0
0.0
0.0
0.0
0.0
0.0
0.0
0.0
0.0
0.0
0.0
0.0
0.0
0.0
0.0
0.0
0.0
0.0
0.0
0.0
0.0
0.0
0.0
0.0
0.0
0.0
0.0
0.0
0.0
0.0
0.0
0.0
0.0
0.0
0.0
0.0
0.0
0.0
0.0
0.0
0.0
0.0
0.0
0.0
0.0
0.0
0.0
0.0
0.0
0.0
0.0
0.0
0.0
0.0
0.0
0.0
0.0
0.0
0.0
0.0
0.0
0.0
0.0
0.0
0.0
0.0
0.0
0.0
0.0
0.0
0.0
0.0
0.0
0.0
0.0
0.0
0.0
0.0
0.0
0.0
0.0
0.0
0.0
0.0
1.0435502181508522
-0.1315084789988927
-0.12038369766743821
-0.00022400234847537342
0.00139667959446425
0.1860976248217054
0.00022301854025497185
-0.002553285300680189
0.024027117595282425
0.22214957951119105
0.0002791429185225482
-0.0032839618865151176
-0.09358564371347167
-0.00017122365554100762
0.0004792356339463029
1.056303932079118
-0.0017407550282611934
-0.00015483765124088946
-0.6274325566465698
-0.0004700634700360829
0.0004390332450334432
1.1146638557953201
-0.0004116038799528717
-0.0004193215732708651
-0.7619522421999507
-0.0008478535758769312
1.0948353893020797
0.0012993289734592702
-0.0016188599684987162
-0.23434417057739013
0.1261673741940746
0.00035759769954145777
-0.00040834887930419
0.15073035747732255
0.00030940594857734754
0.04579998905567377
0.0
0.0
0.0
0.0
0.0
0.0
0.0
0.0
0.0
0.0
0.0
0.0
0.0
0.0
0.0
0.0
0.0
0.0
0.0
0.0
0.0
0.0
0.0
0.0
0.0
0.0
0.0
0.0
0.0
0.0
0.0
0.0
0.0
0.0
0.0
0.0
0.0
0.0
0.0
0.0
0.0
0.0
0.0
0.0
0.0
0.0
0.0
0.0
0.0
0.0
0.0
0.0
0.0
0.0
0.0
0.0
0.0
0.0
0.0
0.0
0.0
0.0
0.0
0.0
0.0
0.0
0.0
0.0
0.0
0.0
0.0
0.0
0.0
0.0
0.0
0.0
0.0
0.0
0.0
0.0
0.0
0.0
0.0
0.0
0.0
0.0
0.0
0.0
0.0
0.0
0.0
0.0
0.0
0.0
0.0
0.0
0.0
0.0
0.0
0.0
0.0
0.0
0.0
0.0
0.0
0.0
0.0
0.0
0.0
0.0
0.0
0.0
0.0
0.0
0.0
0.0
0.0
0.0
0.0
0.0
0.0
0.0
0.0
0.0
0.0
0.0
0.0
0.0
0.0
0.0
0.0
0.0
0.0
0.0
0.0
1.0581309720187386
-0.1814876625748747
-0.13784275284438113
0.017673319971364992
-0.003167444791400997
0.21624102152376168
-0.024049239480394474
0.0025459379652351026
0.02878610951251621
0.23981941929156822
-0.007532222707950589
-0.0009715646629998519
-0.11219003466739454
-0.0003082936814709877
-3.882940513009342e-06
1.1119855964813161
-0.13823091256283976
0.004963318336798814
-0.7357135166437077
0.008256409852677723
3.9198403764750095e-05
1.1677869144832178
-0.0074985428349301966
0.009404190740193104
-0.8974182877098527
-0.000249672827316007
0.7302774111124339
0.0006268496518904735
-0.0005994556810563299
-0.4619320246773141
0.15825514338104535
0.010556716633707199
-0.0001674544290262487
0.19354003827961147
0.0006735260239625598
0.0901661330690202
0.0
0.0
0.0
0.0
0.0
0.0
0.0
0.0
0.0
0.0
0.0
0.0
0.0
0.0
0.0
0.0
0.0
0.0
0.0
0.0
0.0
0.0
0.0
0.0
0.0
0.0
0.0
0.0
0.0
0.0
0.0
0.0
0.0
0.0
0.0
0.0
0.0
0.0
0.0
0.0
0.0
0.0
0.0
0.0
0.0
0.0
0.0
0.0
0.0
0.0
0.0
0.0
0.0
0.0
0.0
0.0
0.0
0.0
0.0
0.0
0.0
0.0
0.0
0.0
0.0
0.0
0.0
0.0
0.0
0.0
0.0
0.0
0.0
0.0
0.0
0.0
0.0
0.0
0.0
0.0
0.0
0.0
0.0
0.0
0.0
0.0
0.0
0.0
0.0
0.0
0.0
0.0
0.0
0.0
0.0
0.0
0.0
0.0
0.0
0.0
0.0
0.0
0.0
0.0
0.0
0.0
0.0
0.0
0.0
0.0
0.0
0.0
0.0
0.0
0.0
0.0
0.0
0.0
0.0
0.0
0.0
0.0
0.0
0.0
0.0
0.0
0.0
0.0
0.0
0.0
0.0
0.0
0.0
0.0
0.0
1.065564972184254
-0.21667193624887293
-0.004722532899921054
0.0018500043180952647
0.027802440056359925
-0.0014909832414256752
-0.0021394234151280262
-0.02757948674054423
0.040180101158436315
-0.0146657578727022
0.002834734752554231
-0.010652193479677618
-0.0024684638023184284
0.00468328691255538
0.020071324658690763
1.1428489153699806
0.010138094782766057
0.0438280028017306
-0.5149709467145265
-0.000728885523031812
-0.003147244176470056
1.1732478231576442
-0.013858215012062832
-0.001259155518734482
-0.9064090594429253
-0.0058827024028589095
1.2148398394691797
-0.005059300885287168
-0.004519543747503881
-1.0836291748003029
0.08934078025538468
0.0001711431254778494
-0.0022027283813928827
0.2044112501554413
0.01010189856092446
0.26964324170847165
0.0
0.0
0.0
0.0
0.0
0.0
0.0
0.0
0.0
0.0
0.0
0.0
0.0
0.0
0.0
0.0
0.0
0.0
0.0
0.0
0.0
0.0
0.0
0.0
0.0
0.0
0.0
0.0
0.0
0.0
0.0
0.0
0.0
0.0
0.0
0.0
0.0
0.0
0.0
0.0
0.0
0.0
0.0
0.0
0.0
0.0
0.0
0.0
0.0
0.0
0.0
0.0
0.0
0.0
0.0
0.0
0.0
0.0
0.0
0.0
0.0
0.0
0.0
0.0
0.0
0.0
0.0
0.0
0.0
0.0
0.0
0.0
0.0
0.0
0.0
0.0
0.0
0.0
0.0
0.0
0.0
0.0
0.0
0.0
0.0
0.0
0.0
0.0
0.0
0.0
0.0
0.0
0.0
0.0
0.0
0.0
0.0
0.0
0.0
0.0
0.0
0.0
0.0
0.0
0.0
0.0
0.0
0.0
0.0
0.0
0.0
0.0
0.0
0.0
0.0
0.0
0.0
0.0
0.0
0.0
0.0
0.0
0.0
0.0
0.0
0.0
0.0
0.0
0.0
0.0
0.0
0.0
0.0
0.0
0.0
1.0656807294494353
-0.2130787572370822
0.0008646139220028971
3.514447262689322e-05
0.026568236507472847
-0.008279640993213365
0.0008650829704297941
-0.03545184182239447
0.03941939271264583
-0.016484036161923635
0.0021066140785977365
-0.030593896209272282
-0.001867299628388368
-0.00041267140426090696
0.025863848529174997
1.170419264062
-0.002794866014996432
0.01699107327850024
-0.4550546227577368
-0.0020386523810003703
-0.017418560204739246
1.2086557817131092
-0.0007682208184828262
-0.002274574496087543
-0.9148716484347679
0.0002054755180201992
1.2448820189276213
-0.014394096578322614
0.0002846193120670601
-1.0797776178759257
0.08220525027697885
0.0006451935333487218
0.0036113827448681877
0.20499575870840808
-0.00013623697488788334
0.26625733187409395
0.0
0.0
0.0
0.0
0.0
0.0
0.0
0.0
0.0
0.0
0.0
0.0
0.0
0.0
0.0
0.0
0.0
0.0
0.0
0.0
0.0
0.0
0.0
0.0
0.0
0.0
0.0
0.0
0.0
0.0
0.0
0.0
0.0
0.0
0.0
0.0
0.0
0.0
0.0
0.0
0.0
0.0
0.0
0.0
0.0
0.0
0.0
0.0
0.0
0.0
0.0
0.0
0.0
0.0
0.0
0.0
0.0
0.0
0.0
0.0
0.0
0.0
0.0
0.0
0.0
0.0
0.0
0.0
0.0
0.0
0.0
0.0
0.0
0.0
0.0
0.0
0.0
0.0
0.0
0.0
0.0
0.0
0.0
0.0
0.0
0.0
0.0
0.0
0.0
0.0
0.0
0.0
0.0
0.0
0.0
0.0
0.0
0.0
0.0
0.0
0.0
0.0
0.0
0.0
0.0
0.0
0.0
0.0
0.0
0.0
0.0
0.0
0.0
0.0
0.0
0.0
0.0
0.0
0.0
0.0
0.0
0.0
0.0
0.0
0.0
0.0
0.0
0.0
0.0
0.0
0.0
0.0
0.0
0.0
0.0
1.0735119592318454
-0.23761870253624745
0.0020565143717675653
-0.0012620570867853528
-0.007374765893225682
-0.004279956717777783
0.0021021916757733455
0.010519480141758927
0.04058465381158435
-0.007974035785428418
-0.0011412733991076388
0.0051066622885525955
-0.0007386196209452482
-0.004825599908223722
0.013933674785726042
1.0242383567635456
-0.021161476429738587
0.08095593888790617
-0.5940882449231979
0.001442339368687733
-0.0025703778285186517
1.1982369881540935
0.00933828010012279
0.0017930526740776466
-0.9530570354269029
0.0032209727714500157
1.3134576099986872
-0.007453284628289408
0.003739624709854677
-1.158389379705776
0.11212036821971089
-8.39109079738691e-05
-0.004082616970740224
0.22027113265354797
-0.008531394466648865
0.28836844584335386
0.0
0.0
0.0
0.0
0.0
0.0
0.0
0.0
0.0
0.0
0.0
0.0
0.0
0.0
0.0
0.0
0.0
0.0
0.0
0.0
0.0
0.0
0.0
0.0
0.0
0.0
0.0
0.0
0.0
0.0
0.0
0.0
0.0
0.0
0.0
0.0
0.0
0.0
0.0
0.0
0.0
0.0
0.0
0.0
0.0
0.0
0.0
0.0
0.0
0.0
0.0
0.0
0.0
0.0
0.0
0.0
0.0
0.0
0.0
0.0
0.0
0.0
0.0
0.0
0.0
0.0
0.0
0.0
0.0
0.0
0.0
0.0
0.0
0.0
0.0
0.0
0.0
0.0
0.0
0.0
0.0
0.0
0.0
0.0
0.0
0.0
0.0
0.0
0.0
0.0
0.0
0.0
0.0
0.0
0.0
0.0
0.0
0.0
0.0
0.0
0.0
0.0
0.0
0.0
0.0
0.0
0.0
0.0
0.0
0.0
0.0
0.0
0.0
0.0
0.0
0.0
0.0
0.0
0.0
0.0
0.0
0.0
0.0
0.0
0.0
0.0
0.0
0.0
0.0
0.0
0.0
0.0
0.0
0.0
0.0
1.0654170071816293
-0.21080511808051033
0.0016426398925462027
-0.00016550940129186962
0.02587191869154377
-0.008970813633710953
-0.0005427756855250643
-0.03492800414068037
0.04017610597504595
-0.016441307259026296
-0.0016036653281430683
-0.030588208050321152
-0.0014471178535698703
0.00031267340813433337
0.025953948179708447
1.1701954198794053
0.0035544424713678914
0.01566880517158334
-0.446914563417514
0.0027312398815921676
-0.017163134612556998
1.2096524844606675
-8.813015033116978e-05
0.002689040286103835
-0.9094232585234692
-0.00038404302324679553
1.2444516532043246
-0.014398463170914387
-0.00043084653803735694
-1.075393026562911
0.0815235227185535
-0.0008186396388253766
0.0036361066131504615
0.20321732438434081
0.00019909924434124933
0.26488033314026566
0.0
0.0
0.0
0.0
0.0
0.0
0.0
0.0
0.0
0.0
0.0
0.0
0.0
0.0
0.0
0.0
0.0
0.0
0.0
0.0
0.0
0.0
0.0
0.0
0.0
0.0
0.0
0.0
0.0
0.0
0.0
0.0
0.0
0.0
0.0
0.0
0.0
0.0
0.0
0.0
0.0
0.0
0.0
0.0
0.0
0.0
0.0
0.0
0.0
0.0
0.0
0.0
0.0
0.0
0.0
0.0
0.0
0.0
0.0
0.0
0.0
0.0
0.0
0.0
0.0
0.0
0.0
0.0
0.0
0.0
0.0
0.0
0.0
0.0
0.0
0.0
0.0
0.0
0.0
0.0
0.0
0.0
0.0
0.0
0.0
0.0
0.0
0.0
0.0
0.0
0.0
0.0
0.0
0.0
0.0
0.0
0.0
0.0
0.0
0.0
0.0
0.0
0.0
0.0
0.0
0.0
0.0
0.0
0.0
0.0
0.0
0.0
0.0
0.0
0.0
0.0
0.0
0.0
0.0
0.0
0.0
0.0
0.0
0.0
0.0
0.0
0.0
0.0
0.0
0.0
0.0
0.0
0.0
0.0
0.0
1.0627648473149447
-0.2030641379468741
-0.0032172482540364596
0.0018601084467967266
-0.024905016176714576
-0.000866348817732664
-0.0027554964807791323
0.02716437859859818
0.03943657350256288
-0.0084791455759007
0.0012438282310128486
0.014949890282665747
-0.00424893155317817
0.005325349615040052
-0.021837518432896025
1.1632126902235314
0.005592582753727919
-0.011858116514849566
-0.4442961694017801
0.002898607732909287
0.018514638919770413
1.1900990027306633
0.009168633313899034
0.0004883886971850936
-0.8618482934519083
0.008553222181325074
1.2330935816536108
0.012687106795042254
0.006812963653137366
-1.0481901921752987
0.07772899816285353
-0.0005964092625221984
-0.0031271035715230164
0.1891707381749754
-0.011309929172907175
0.2552750073791229
0.0
0.0
0.0
0.0
0.0
0.0
0.0
0.0
0.0
0.0
0.0
0.0
0.0
0.0
0.0
0.0
0.0
0.0
0.0
0.0
0.0
0.0
0.0
0.0
0.0
0.0
0.0
0.0
0.0
0.0
0.0
0.0
0.0
0.0
0.0
0.0
0.0
0.0
0.0
0.0
0.0
0.0
0.0
0.0
0.0
0.0
0.0
0.0
0.0
0.0
0.0
0.0
0.0
0.0
0.0
0.0
0.0
0.0
0.0
0.0
0.0
0.0
0.0
0.0
0.0
0.0
0.0
0.0
0.0
0.0
0.0
0.0
0.0
0.0
0.0
0.0
0.0
0.0
0.0
0.0
0.0
0.0
0.0
0.0
0.0
0.0
0.0
0.0
0.0
0.0
0.0
0.0
0.0
0.0
0.0
0.0
0.0
0.0
0.0
0.0
0.0
0.0
0.0
0.0
0.0
0.0
0.0
0.0
0.0
0.0
0.0
0.0
0.0
0.0
0.0
0.0
0.0
0.0
0.0
0.0
0.0
0.0
0.0
0.0
0.0
0.0
0.0
0.0
0.0
0.0
0.0
0.0
0.0
0.0
0.0
1.0654762093878754
-0.21433382608557316
-0.0013673610187001682
0.000589540647724482
-0.028674651571215445
-0.008627022208434936
0.0003255816259814259
0.035530874137246385
0.039574257573670474
-0.023087684243335044
0.0020993800033644247
0.027033464851078576
-0.0012680809148579142
-0.00026613341445250123
-0.024497315403780286
1.15780967397384
-0.002612519127679229
-0.034826855266442594
-0.47035544812858
-0.0018953656031204659
0.007958153252484914
1.2066109152366862
-0.0004597605628225786
-0.0018231615180159628
-0.923050273287042
-1.5280779692134433e-05
1.233022955894986
0.007431042574344038
-6.617804012486092e-05
-1.0810864694355788
0.0848761776348701
0.0005864753106886453
-0.00027639292157483693
0.2074035105583226
-1.5870137657185888e-05
0.2670377420365295
0.0
0.0
0.0
0.0
0.0
0.0
0.0
0.0
0.0
0.0
0.0
0.0
0.0
0.0
0.0
0.0
0.0
0.0
0.0
0.0
0.0
0.0
0.0
0.0
0.0
0.0
0.0
0.0
0.0
0.0
0.0
0.0
0.0
0.0
0.0
0.0
0.0
0.0
0.0
0.0
0.0
0.0
0.0
0.0
0.0
0.0
0.0
0.0
0.0
0.0
0.0
0.0
0.0
0.0
0.0
0.0
0.0
0.0
0.0
0.0
0.0
0.0
0.0
0.0
0.0
0.0
0.0
0.0
0.0
0.0
0.0
0.0
0.0
0.0
0.0
0.0
0.0
0.0
0.0
0.0
0.0
0.0
0.0
0.0
0.0
0.0
0.0
0.0
0.0
0.0
0.0
0.0
0.0
0.0
0.0
0.0
0.0
0.0
0.0
0.0
0.0
0.0
0.0
0.0
0.0
0.0
0.0
0.0
0.0
0.0
0.0
0.0
0.0
0.0
0.0
0.0
0.0
0.0
0.0
0.0
0.0
0.0
0.0
0.0
0.0
0.0
0.0
0.0
0.0
0.0
0.0
0.0
0.0
0.0
0.0
1.062189052772741
-0.19854846844034268
-0.0013940484599212148
-0.0016273443731833403
-0.02570710633889679
-0.005446911270165389
0.0027779873023372655
0.02679794937001954
0.04013558538597189
-0.014583643953608045
-0.0002882197309068753
0.012071798004004274
-0.00326145148529139
-0.005335438002978176
-0.021761008261210746
1.1610977669120448
-0.003216886741453427
-0.01454117185213067
-0.4195138203431241
-0.000993896207221595
0.01977188083208701
1.201672639490495
-0.009359993863900769
0.00037492980076914986
-0.8485346531693274
-0.008539322484574317
1.2304209612961312
0.013898022019564304
-0.0064698756547238905
-1.0387984356949507
0.07421162014658816
1.7585671601507475e-05
-0.0038178774883669197
0.1855908395741546
0.010845884616069217
0.2524341572571208
0.0
0.0
0.0
0.0
0.0
0.0
0.0
0.0
0.0
0.0
0.0
0.0
0.0
0.0
0.0
0.0
0.0
0.0
0.0
0.0
0.0
0.0
0.0
0.0
0.0
0.0
0.0
0.0
0.0
0.0
0.0
0.0
0.0
0.0
0.0
0.0
0.0
0.0
0.0
0.0
0.0
0.0
0.0
0.0
0.0
0.0
0.0
0.0
0.0
0.0
0.0
0.0
0.0
0.0
0.0
0.0
0.0
0.0
0.0
0.0
0.0
0.0
0.0
0.0
0.0
0.0
0.0
0.0
0.0
0.0
0.0
0.0
0.0
0.0
0.0
0.0
0.0
0.0
0.0
0.0
0.0
0.0
0.0
0.0
0.0
0.0
0.0
0.0
0.0
0.0
0.0
0.0
0.0
0.0
0.0
0.0
0.0
0.0
0.0
0.0
0.0
0.0
0.0
0.0
0.0
0.0
0.0
0.0
0.0
0.0
0.0
0.0
0.0
0.0
0.0
0.0
0.0
0.0
0.0
0.0
0.0
0.0
0.0
0.0
0.0
0.0
0.0
0.0
0.0
0.0
0.0
0.0
0.0
0.0
0.0
1.0756026653846587
-0.24361404960859664
0.0021091852502980756
-0.0004463402036898961
0.005063863196713385
-0.006847191760777382
-0.0005050011315809954
-0.001120959556964746
0.04018874372552409
-0.013082649189912397
-0.0023859828499056047
0.012174229500268089
0.0003809276853796564
0.00042521452592206874
-0.019483288952631628
1.1226612195279417
-0.0029021578038550644
-0.05496354739957441
-0.5933369880956115
0.0006957823748906997
0.006600349504687927
1.2255037301988851
0.0005804621545919251
0.0006402066365371272
-0.9964901552838522
0.0006968744297972
1.3241688708978376
0.00813494993030807
0.0006519530890536972
-1.1828341628959158
0.11078355175737344
-4.3785354869318164e-05
0.00044474010769547613
0.23276064977373895
-0.00047190055310370886
0.29726819947524663
0.0
0.0
0.0
0.0
0.0
0.0
0.0
0.0
0.0
0.0
0.0
0.0
0.0
0.0
0.0
0.0
0.0
0.0
0.0
0.0
0.0
0.0
0.0
0.0
0.0
0.0
0.0
0.0
0.0
0.0
0.0
0.0
0.0
0.0
0.0
0.0
0.0
0.0
0.0
0.0
0.0
0.0
0.0
0.0
0.0
0.0
0.0
0.0
0.0
0.0
0.0
0.0
0.0
0.0
0.0
0.0
0.0
0.0
0.0
0.0
0.0
0.0
0.0
0.0
0.0
0.0
0.0
0.0
0.0
0.0
0.0
0.0
0.0
0.0
0.0
0.0
0.0
0.0
0.0
0.0
0.0
0.0
0.0
0.0
0.0
0.0
0.0
0.0
0.0
0.0
0.0
0.0
0.0
0.0
0.0
0.0
0.0
0.0
0.0
0.0
0.0
0.0
0.0
0.0
0.0
0.0
0.0
0.0
0.0
0.0
0.0
0.0
0.0
0.0
0.0
0.0
0.0
0.0
0.0
0.0
0.0
0.0
0.0
0.0
0.0
0.0
0.0
0.0
0.0
0.0
0.0
0.0
0.0
0.0
0.0
1.0708819302134418
-0.24053183257831007
-0.024497467993562252
0.016928171162801434
0.005281746804470173
0.013021145397796776
-0.011427503715328548
-0.007444277741235135
0.031057440026122984
-0.02416572079332838
0.009426393910325338
-0.008017633918519335
0.010607390145321752
0.00032316097547007257
0.003326170171586566
1.3143965561957027
0.09359308871401872
0.016862801602604966
-1.191476429574532
-0.031034869883764946
-0.008973840256233209
1.142748338522907
0.015835761849643946
-0.02924202716037181
-0.8664574779747192
0.002534305659829473
0.9537840302374614
-0.008498982093854914
0.0030890864842424287
-0.6040021155677514
0.29223997352207665
0.00899346434744137
0.003912988431789618
0.1886319105385415
-0.002007484531138986
0.11418505498789908
0.0
0.0
0.0
0.0
0.0
0.0
0.0
0.0
0.0
0.0
0.0
0.0
0.0
0.0
0.0
0.0
0.0
0.0
0.0
0.0
0.0
0.0
0.0
0.0
0.0
0.0
0.0
0.0
0.0
0.0
0.0
0.0
0.0
0.0
0.0
0.0
0.0
0.0
0.0
0.0
0.0
0.0
0.0
0.0
0.0
0.0
0.0
0.0
0.0
0.0
0.0
0.0
0.0
0.0
0.0
0.0
0.0
0.0
0.0
0.0
0.0
0.0
0.0
0.0
0.0
0.0
0.0
0.0
0.0
0.0
0.0
0.0
0.0
0.0
0.0
0.0
0.0
0.0
0.0
0.0
0.0
0.0
0.0
0.0
0.0
0.0
0.0
0.0
0.0
0.0
0.0
0.0
0.0
0.0
0.0
0.0
0.0
0.0
0.0
0.0
0.0
0.0
0.0
0.0
0.0
0.0
0.0
0.0
0.0
0.0
0.0
0.0
0.0
0.0
0.0
0.0
0.0
0.0
0.0
0.0
0.0
0.0
0.0
0.0
0.0
0.0
0.0
0.0
0.0
0.0
0.0
0.0
0.0
0.0
0.0
1.059153934918934
-0.1943587668053026
0.06216033338700883
0.0013464898323191886
0.0006127158596685328
-0.09654733777564144
-0.0018327783803829601
-0.003298792794371847
0.03675311251148029
-0.11611173009124837
-0.0004624719448743428
-0.00696102137358174
0.05465701146154515
0.00025895509086900747
0.0005658968183899194
1.1189070021491854
0.011841463211587796
0.004634068029009271
-0.9467157763622434
-0.002951665815264383
0.0035828936760416165
1.144669724382828
0.015858284653768664
-0.0023647050619643607
-0.8656824387809664
0.0012994214867520881
1.1318024670600944
0.003025110242823613
0.004963635241022304
-0.47539592456768553
0.22292072490034945
0.0008308543851513482
-0.0021962105797762262
0.18548792873584816
-0.002430533031155993
0.07618803970945498
0.0
0.0
0.0
0.0
0.0
0.0
0.0
0.0
0.0
0.0
0.0
0.0
0.0
0.0
0.0
0.0
0.0
0.0
0.0
0.0
0.0
0.0
0.0
0.0
0.0
0.0
0.0
0.0
0.0
0.0
0.0
0.0
0.0
0.0
0.0
0.0
0.0
0.0
0.0
0.0
0.0
0.0
0.0
0.0
0.0
0.0
0.0
0.0
0.0
0.0
0.0
0.0
0.0
0.0
0.0
0.0
0.0
0.0
0.0
0.0
0.0
0.0
0.0
0.0
0.0
0.0
0.0
0.0
0.0
0.0
0.0
0.0
0.0
0.0
0.0
0.0
0.0
0.0
0.0
0.0
0.0
0.0
0.0
0.0
0.0
0.0
0.0
0.0
0.0
0.0
0.0
0.0
0.0
0.0
0.0
0.0
0.0
0.0
0.0
0.0
0.0
0.0
0.0
0.0
0.0
0.0
0.0
0.0
0.0
0.0
0.0
0.0
0.0
0.0
0.0
0.0
0.0
0.0
0.0
0.0
0.0
0.0
0.0
0.0
0.0
0.0
0.0
0.0
0.0
0.0
0.0
0.0
0.0
0.0
0.0
1.091668957928392
-0.2743841320937882
-0.1116361091893644
-0.00974724426052931
0.017053705115117022
0.14242702900291548
0.004236985212871031
-0.0248362065711314
0.04232664581969431
0.10577530168981665
-0.010193501617725694
-0.02610564418410507
-0.06404799127828129
0.004309244665056401
0.010269233395450297
1.4478967915466472
-0.025278415282483896
0.0008532571013013366
-1.427940463516307
-0.0015389598040957192
0.012491470873652363
1.2768621588968503
0.019329752506402675
-0.0019600135427391783
-1.0364070541530657
-0.003353997419441233
1.1338104130763669
0.013431908697917487
-0.0028887709246838904
-0.7422302191395461
0.39441371975702066
0.005501416896135109
-0.011005473542874832
0.24140204266722273
-0.0016631607287556824
0.1511663612865308
0.0
0.0
0.0
0.0
0.0
0.0
0.0
0.0
0.0
0.0
0.0
0.0
0.0
0.0
0.0
0.0
0.0
0.0
0.0
0.0
0.0
0.0
0.0
0.0
0.0
0.0
0.0
0.0
0.0
0.0
0.0
0.0
0.0
0.0
0.0
0.0
0.0
0.0
0.0
0.0
0.0
0.0
0.0
0.0
0.0
0.0
0.0
0.0
0.0
0.0
0.0
0.0
0.0
0.0
0.0
0.0
0.0
0.0
0.0
0.0
0.0
0.0
0.0
0.0
0.0
0.0
0.0
0.0
0.0
0.0
0.0
0.0
0.0
0.0
0.0
0.0
0.0
0.0
0.0
0.0
0.0
0.0
0.0
0.0
0.0
0.0
0.0
0.0
0.0
0.0
0.0
0.0
0.0
0.0
0.0
0.0
0.0
0.0
0.0
0.0
0.0
0.0
0.0
0.0
0.0
0.0
0.0
0.0
0.0
0.0
0.0
0.0
0.0
0.0
0.0
0.0
0.0
0.0
0.0
0.0
0.0
0.0
0.0
0.0
0.0
0.0
0.0
0.0
0.0
0.0
0.0
0.0
0.0
0.0
0.0
1.082149017855588
-0.2493026108981906
-0.13989352983457815
0.004316689268487163
0.0011460449324908221
0.1748924882227645
-0.006556557237330929
-0.001500696565662196
0.04044410101866169
0.1260094716612964
-0.007152251348159926
-0.000986915110985579
-0.07532451777166367
0.0033045237714614335
0.000649063648887359
1.401451786365516
-0.005023253550042812
-0.013383092522507118
-1.3625079348856963
0.003488670167820046
0.006929875619131876
1.1875609610884654
-0.03727648738786267
0.0035508163524162186
-0.9217353592424629
0.002366536931607068
1.0852474626801447
0.006580142983981882
0.0013735983535954042
-0.6870327578166772
0.37119706917416634
-0.0025755580573452244
-0.003624440493775603
0.20415016603960498
0.005685316842051254
0.13474213682362923
0.0
0.0
0.0
0.0
0.0
0.0
0.0
0.0
0.0
0.0
0.0
0.0
0.0
0.0
0.0
0.0
0.0
0.0
0.0
0.0
0.0
0.0
0.0
0.0
0.0
0.0
0.0
0.0
0.0
0.0
0.0
0.0
0.0
0.0
0.0
0.0
0.0
0.0
0.0
0.0
0.0
0.0
0.0
0.0
0.0
0.0
0.0
0.0
0.0
0.0
0.0
0.0
0.0
0.0
0.0
0.0
0.0
0.0
0.0
0.0
0.0
0.0
0.0
0.0
0.0
0.0
0.0
0.0
0.0
0.0
0.0
0.0
0.0
0.0
0.0
0.0
0.0
0.0
0.0
0.0
0.0
0.0
0.0
0.0
0.0
0.0
0.0
0.0
0.0
0.0
0.0
0.0
0.0
0.0
0.0
0.0
0.0
0.0
0.0
0.0
0.0
0.0
0.0
0.0
0.0
0.0
0.0
0.0
0.0
0.0
0.0
0.0
0.0
0.0
0.0
0.0
0.0
0.0
0.0
0.0
0.0
0.0
0.0
0.0
0.0
0.0
0.0
0.0
0.0
0.0
0.0
0.0
0.0
0.0
0.0
1.081438746252192
-0.24635119292485647
-0.0672494055343724
0.046860351367080715
0.0043013893277317064
0.1052831653476462
-0.06175689410325737
-0.0063071845410385945
0.0483364791888372
0.11579688850282398
-0.05052636735069202
-0.006575307379670972
-0.04366861943395655
0.020453736047853582
0.002634248534915097
1.2741355425056897
-0.14180113423300933
-0.017683499643300838
-1.1937240535611078
0.03375102212843255
0.011645995533213604
1.2679454318746037
0.010883516879640478
0.03014326039397429
-1.0854385035740508
-0.005546546409526009
1.0525615926369252
0.010732359137376569
-0.005657218284996029
-0.6144181204761548
0.31029905550675263
-0.014835616599979076
-0.005297036912539935
0.25663469431796854
0.0017899637850524207
0.12342706808895951
0.0
0.0
0.0
0.0
0.0
0.0
0.0
0.0
0.0
0.0
0.0
0.0
0.0
0.0
0.0
0.0
0.0
0.0
0.0
0.0
0.0
0.0
0.0
0.0
0.0
0.0
0.0
0.0
0.0
0.0
0.0
0.0
0.0
0.0
0.0
0.0
0.0
0.0
0.0
0.0
0.0
0.0
0.0
0.0
0.0
0.0
0.0
0.0
0.0
0.0
0.0
0.0
0.0
0.0
0.0
0.0
0.0
0.0
0.0
0.0
0.0
0.0
0.0
0.0
0.0
0.0
0.0
0.0
0.0
0.0
0.0
0.0
0.0
0.0
0.0
0.0
0.0
0.0
0.0
0.0
0.0
0.0
0.0
0.0
0.0
0.0
0.0
0.0
0.0
0.0
0.0
0.0
0.0
0.0
0.0
0.0
0.0
0.0
0.0
0.0
0.0
0.0
0.0
0.0
0.0
0.0
0.0
0.0
0.0
0.0
0.0
0.0
0.0
0.0
0.0
0.0
0.0
0.0
0.0
0.0
0.0
0.0
0.0
0.0
0.0
0.0
0.0
0.0
0.0
0.0
0.0
0.0
0.0
0.0
0.0
1.0688479077966853
-0.2106243910011774
-0.023035937558316892
-0.002351710139452569
-0.0013457027353798241
0.06095351834028011
0.002367642868782167
-0.00020332053735633908
0.04930706914359009
0.0985932753419409
0.002608069691289281
-0.004540796391760165
-0.025699252002114124
-0.000695926554569489
-0.0011502077865610328
1.1776877133968149
0.00770141054902641
-0.0038823097196211457
-1.0852756841789293
-0.0030334176865183613
-0.005532054122466884
1.1465061321542054
-0.0005991117519532009
-0.0025207106352626244
-0.9322106585410133
0.003018932635676376
1.1730457757699257
-0.0036257250702830318
0.00436840676807505
-0.4691285323351158
0.28009676697309643
0.0013795937131568462
0.003006926295771588
0.21048931743717703
-0.0015087907397284602
0.08510780975854894
0.0
0.0
0.0
0.0
0.0
0.0
0.0
0.0
0.0
0.0
0.0
0.0
0.0
0.0
0.0
0.0
0.0
0.0
0.0
0.0
0.0
0.0
0.0
0.0
0.0
0.0
0.0
0.0
0.0
0.0
0.0
0.0
0.0
0.0
0.0
0.0
0.0
0.0
0.0
0.0
0.0
0.0
0.0
0.0
0.0
0.0
0.0
0.0
0.0
0.0
0.0
0.0
0.0
0.0
0.0
0.0
0.0
0.0
0.0
0.0
0.0
0.0
0.0
0.0
0.0
0.0
0.0
0.0
0.0
0.0
0.0
0.0
0.0
0.0
0.0
0.0
0.0
0.0
0.0
0.0
0.0
0.0
0.0
0.0
0.0
0.0
0.0
0.0
0.0
0.0
0.0
0.0
0.0
0.0
0.0
0.0
0.0
0.0
0.0
0.0
0.0
0.0
0.0
0.0
0.0
0.0
0.0
0.0
0.0
0.0
0.0
0.0
0.0
0.0
0.0
0.0
0.0
0.0
0.0
0.0
0.0
0.0
0.0
0.0
0.0
0.0
0.0
0.0
0.0
0.0
0.0
0.0
0.0
0.0
0.0
1.0753413092904949
-0.23651969418590682
-0.02391972687923115
-0.03633081423774031
0.006118944816519485
0.060295408652236315
0.045562866574696465
-0.005429497445778914
0.04415321571246025
0.09353901044703472
0.03480812956776095
-0.00035595660748682185
-0.020819934539923056
-0.014843478922987725
0.0009724891470185686
1.2369134915438327
0.10074333526065642
-0.03150454073448209
-1.0855132005670978
-0.02482275847627778
0.012235883321922297
1.2361291481797196
-0.03346449968187007
-0.021591682852475952
-1.0254361195106003
0.0048744945775183735
0.9402860805649695
0.010583734949470748
0.003516995376672799
-0.578110090553435
0.2837569842256181
0.00677697267020601
-0.004349149843550436
0.23480697126634426
0.0002579824273135924
0.11442516203156489
0.0
0.0
0.0
0.0
0.0
0.0
0.0
0.0
0.0
0.0
0.0
0.0
0.0
0.0
0.0
0.0
0.0
0.0
0.0
0.0
0.0
0.0
0.0
0.0
0.0
0.0
0.0
0.0
0.0
0.0
0.0
0.0
0.0
0.0
0.0
0.0
0.0
0.0
0.0
0.0
0.0
0.0
0.0
0.0
0.0
0.0
0.0
0.0
0.0
0.0
0.0
0.0
0.0
0.0
0.0
0.0
0.0
0.0
0.0
0.0
0.0
0.0
0.0
0.0
0.0
0.0
0.0
0.0
0.0
0.0
0.0
0.0
0.0
0.0
0.0
0.0
0.0
0.0
0.0
0.0
0.0
0.0
0.0
0.0
0.0
0.0
0.0
0.0
0.0
0.0
0.0
0.0
0.0
0.0
0.0
0.0
0.0
0.0
0.0
0.0
0.0
0.0
0.0
0.0
0.0
0.0
0.0
0.0
0.0
0.0
0.0
0.0
0.0
0.0
0.0
0.0
0.0
0.0
0.0
0.0
0.0
0.0
0.0
0.0
0.0
0.0
0.0
0.0
0.0
0.0
0.0
0.0
0.0
0.0
0.0
1.0650587205718023
-0.203557240992365
-0.007744260776903338
-0.0017376510683273217
-0.0007089690079799653
0.03813482121542485
0.0013028638799051603
-9.726488251886487e-05
0.043871008329758106
0.07695682339463719
-0.00043685940918689796
-0.0024262135714713112
-0.008431457817718778
-0.00046975973449545603
-3.862588424675563e-05
1.2230624507150765
-0.00015099731615720208
0.00879911492787583
-1.0230686051931546
-0.0028788181603774774
-0.006215773422283028
1.1812114672841907
-0.00026411896260775916
-0.0027558253370588946
-0.8801481889794273
-0.003327857149435515
1.166998936125386
-0.005392319747215607
-0.004010335933914862
-0.4716755942359608
0.2565150011996629
0.0018636296169167528
0.0023279203575729277
0.1901995792936657
0.0013121116602193299
0.08030632718014383
0.0
0.0
0.0
0.0
0.0
0.0
0.0
0.0
0.0
0.0
0.0
0.0
0.0
0.0
0.0
0.0
0.0
0.0
0.0
0.0
0.0
0.0
0.0
0.0
0.0
0.0
0.0
0.0
0.0
0.0
0.0
0.0
0.0
0.0
0.0
0.0
0.0
0.0
0.0
0.0
0.0
0.0
0.0
0.0
0.0
0.0
0.0
0.0
0.0
0.0
0.0
0.0
0.0
0.0
0.0
0.0
0.0
0.0
0.0
0.0
0.0
0.0
0.0
0.0
0.0
0.0
0.0
0.0
0.0
0.0
0.0
0.0
0.0
0.0
0.0
0.0
0.0
0.0
0.0
0.0
0.0
0.0
0.0
0.0
0.0
0.0
0.0
0.0
0.0
0.0
0.0
0.0
0.0
0.0
0.0
0.0
0.0
0.0
0.0
0.0
0.0
0.0
0.0
0.0
0.0
0.0
0.0
0.0
0.0
0.0
0.0
0.0
0.0
0.0
0.0
0.0
0.0
0.0
0.0
0.0
0.0
0.0
0.0
0.0
0.0
0.0
0.0
0.0
0.0
0.0
0.0
0.0
0.0
0.0
0.0
1.0769794441576506
-0.24246140183348633
0.018435538345198295
-0.002066065625588709
-0.07730414094729122
-0.020130672254694174
0.00901114183444929
0.0934500089416194
0.03844499970641486
-0.008367805548622476
0.01705809019923207
0.056064143974052585
0.006103592379408701
-0.0015729838946840673
-0.0267046677928064
1.0532258017628227
-0.012044050755153511
-0.08542518821506925
-0.6232457679300318
-0.006874022794707336
0.023467453006029662
1.1771348400559698
-0.00649996691416755
-0.005809110792164714
-0.9064603306858916
0.020221905153569704
1.3620909084093644
0.02752104317486789
0.020117634594976085
-1.2407304975843694
0.11989419092397641
0.0058620682471701826
-0.012694414620586895
0.20409599604392425
-0.009323805333797848
0.31880520049135264
0.0
0.0
0.0
0.0
0.0
0.0
0.0
0.0
0.0
0.0
0.0
0.0
0.0
0.0
0.0
0.0
0.0
0.0
0.0
0.0
0.0
0.0
0.0
0.0
0.0
0.0
0.0
0.0
0.0
0.0
0.0
0.0
0.0
0.0
0.0
0.0
0.0
0.0
0.0
0.0
0.0
0.0
0.0
0.0
0.0
0.0
0.0
0.0
0.0
0.0
0.0
0.0
0.0
0.0
0.0
0.0
0.0
0.0
0.0
0.0
0.0
0.0
0.0
0.0
0.0
0.0
0.0
0.0
0.0
0.0
0.0
0.0
0.0
0.0
0.0
0.0
0.0
0.0
0.0
0.0
0.0
0.0
0.0
0.0
0.0
0.0
0.0
0.0
0.0
0.0
0.0
0.0
0.0
0.0
0.0
0.0
0.0
0.0
0.0
0.0
0.0
0.0
0.0
0.0
0.0
0.0
0.0
0.0
0.0
0.0
0.0
0.0
0.0
0.0
0.0
0.0
0.0
0.0
0.0
0.0
0.0
0.0
0.0
0.0
0.0
0.0
0.0
0.0
0.0
0.0
0.0
0.0
0.0
0.0
0.0
1.0805817470764563
-0.25861939407833173
-0.017597428420616186
0.00472931533395116
0.09011744879301614
0.02109984509028784
-0.005944733564926481
-0.10650369653416597
0.03660655658728688
0.015369857856909145
-0.004350075509578882
-0.06752582683468705
-0.006883977837802514
0.0009347621850684545
0.04292567147891562
1.0005286322285272
0.03166225508989648
-0.027476105344963364
-0.6403173739321025
-0.011382527977734865
0.02035865031067769
1.3207785647332293
0.005959654197587998
-0.011998085370296964
-1.085582068549058
-0.0053010721716938184
1.2820888410223537
0.020605118038123094
-0.00533316784764639
-1.1677546974380135
0.13040145709431264
0.004760867151052426
-0.012091126496870715
0.2490765364520558
0.004052237379414531
0.2976371775209634
0.0
0.0
0.0
0.0
0.0
0.0
0.0
0.0
0.0
0.0
0.0
0.0
0.0
0.0
0.0
0.0
0.0
0.0
0.0
0.0
0.0
0.0
0.0
0.0
0.0
0.0
0.0
0.0
0.0
0.0
0.0
0.0
0.0
0.0
0.0
0.0
0.0
0.0
0.0
0.0
0.0
0.0
0.0
0.0
0.0
0.0
0.0
0.0
0.0
0.0
0.0
0.0
0.0
0.0
0.0
0.0
0.0
0.0
0.0
0.0
0.0
0.0
0.0
0.0
0.0
0.0
0.0
0.0
0.0
0.0
0.0
0.0
0.0
0.0
0.0
0.0
0.0
0.0
0.0
0.0
0.0
0.0
0.0
0.0
0.0
0.0
0.0
0.0
0.0
0.0
0.0
0.0
0.0
0.0
0.0
0.0
0.0
0.0
0.0
0.0
0.0
0.0
0.0
0.0
0.0
0.0
0.0
0.0
0.0
0.0
0.0
0.0
0.0
0.0
0.0
0.0
0.0
0.0
0.0
0.0
0.0
0.0
0.0
0.0
0.0
0.0
0.0
0.0
0.0
0.0
0.0
0.0
0.0
0.0
0.0
1.0652030718866254
-0.20969656162619765
-0.009983338145377118
0.014556345621035003
0.031193336374615244
0.021281348306444983
-0.025561098589200033
-0.03030580293639779
0.03793656078609277
0.029095220222343416
-0.03312492885614892
-0.014137196138525602
-0.005141776676116086
0.008132840877591623
0.025578378182535253
1.17216262061096
0.007383920660666468
0.013785749236841283
-0.45048496442814256
0.020788229584758382
0.018923813112947926
1.2140820211339598
0.03351629275705993
0.018229665707197584
-0.8907879556016821
-0.062195980882749864
1.2457439693827554
0.014877656388243227
-0.0593213436224581
-1.0624656557499985
0.08117797452564643
-0.009040756616706395
-0.009006266463352956
0.1955603866610359
0.034518202916018564
0.256752032379169
0.0
0.0
0.0
0.0
0.0
0.0
0.0
0.0
0.0
0.0
0.0
0.0
0.0
0.0
0.0
0.0
0.0
0.0
0.0
0.0
0.0
0.0
0.0
0.0
0.0
0.0
0.0
0.0
0.0
0.0
0.0
0.0
0.0
0.0
0.0
0.0
0.0
0.0
0.0
0.0
0.0
0.0
0.0
0.0
0.0
0.0
0.0
0.0
0.0
0.0
0.0
0.0
0.0
0.0
0.0
0.0
0.0
0.0
0.0
0.0
0.0
0.0
0.0
0.0
0.0
0.0
0.0
0.0
0.0
0.0
0.0
0.0
0.0
0.0
0.0
0.0
0.0
0.0
0.0
0.0
0.0
0.0
0.0
0.0
0.0
0.0
0.0
0.0
0.0
0.0
0.0
0.0
0.0
0.0
0.0
0.0
0.0
0.0
0.0
0.0
0.0
0.0
0.0
0.0
0.0
0.0
0.0
0.0
0.0
0.0
0.0
0.0
0.0
0.0
0.0
0.0
0.0
0.0
0.0
0.0
0.0
0.0
0.0
0.0
0.0
0.0
0.0
0.0
0.0
0.0
0.0
0.0
0.0
0.0
0.0
1.080556667643601
-0.2588169314909776
-0.0006203172695704185
-0.006387262026337037
0.08960368804262984
-0.0044628320755198255
0.00754430819798033
-0.10585487891846279
0.03657782759378794
-0.013966651551309793
0.004344511424175459
-0.068034877804664
0.0035934207860116797
-0.0014331079579110247
0.04386749483325353
0.9928716846733261
-0.039116259188129096
-0.007399093111617076
-0.647983895926197
0.011482032944817547
0.01528472319344966
1.323756337975447
-0.011038633163043128
0.012305832261281492
-1.0906769260581926
0.009552701529966122
1.2814146992057605
0.015007671809682443
0.00952419511075754
-1.1656550639171162
0.13262733042292416
-0.003999471453835116
-0.009219589537049478
0.2492103240698526
-0.006752992127704834
0.29789567814821705
0.0
0.0
0.0
0.0
0.0
0.0
0.0
0.0
0.0
0.0
0.0
0.0
0.0
0.0
0.0
0.0
0.0
0.0
0.0
0.0
0.0
0.0
0.0
0.0
0.0
0.0
0.0
0.0
0.0
0.0
0.0
0.0
0.0
0.0
0.0
0.0
0.0
0.0
0.0
0.0
0.0
0.0
0.0
0.0
0.0
0.0
0.0
0.0
0.0
0.0
0.0
0.0
0.0
0.0
0.0
0.0
0.0
0.0
0.0
0.0
0.0
0.0
0.0
0.0
0.0
0.0
0.0
0.0
0.0
0.0
0.0
0.0
0.0
0.0
0.0
0.0
0.0
0.0
0.0
0.0
0.0
0.0
0.0
0.0
0.0
0.0
0.0
0.0
0.0
0.0
0.0
0.0
0.0
0.0
0.0
0.0
0.0
0.0
0.0
0.0
0.0
0.0
0.0
0.0
0.0
0.0
0.0
0.0
0.0
0.0
0.0
0.0
0.0
0.0
0.0
0.0
0.0
0.0
0.0
0.0
0.0
0.0
0.0
0.0
0.0
0.0
0.0
0.0
0.0
0.0
0.0
0.0
0.0
0.0
0.0
1.0656704676636228
-0.20546046870055132
-0.005359483563433142
-0.019685762947549715
-0.040059373092419095
0.011754304990087713
0.03245865220434076
0.045321003449352484
0.041311619631175425
0.016606820456286874
0.03902131103466142
0.029164554756951844
-0.004479063024507449
-0.011198154264615123
-0.027124239236605445
1.1618914618636644
0.007430664376682133
-0.016794835076331414
-0.42079330558593836
-0.019156651331388223
-0.02483127339830988
1.2112299249120162
0.06410733904580296
-0.017110087402692865
-0.9179599590030427
-0.05936752728447455
1.2300265710996592
-0.020377511003038633
-0.0577242566166835
-1.046865727065468
0.0805941489439632
0.0077727094134876305
0.011282456421904837
0.20439780309468847
0.032753518820749845
0.25229051797461705
0.0
0.0
0.0
0.0
0.0
0.0
0.0
0.0
0.0
0.0
0.0
0.0
0.0
0.0
0.0
0.0
0.0
0.0
0.0
0.0
0.0
0.0
0.0
0.0
0.0
0.0
0.0
0.0
0.0
0.0
0.0
0.0
0.0
0.0
0.0
0.0
0.0
0.0
0.0
0.0
0.0
0.0
0.0
0.0
0.0
0.0
0.0
0.0
0.0
0.0
0.0
0.0
0.0
0.0
0.0
0.0
0.0
0.0
0.0
0.0
0.0
0.0
0.0
0.0
0.0
0.0
0.0
0.0
0.0
0.0
0.0
0.0
0.0
0.0
0.0
0.0
0.0
0.0
0.0
0.0
0.0
0.0
0.0
0.0
0.0
0.0
0.0
0.0
0.0
0.0
0.0
0.0
0.0
0.0
0.0
0.0
0.0
0.0
0.0
0.0
0.0
0.0
0.0
0.0
0.0
0.0
0.0
0.0
0.0
0.0
0.0
0.0
0.0
0.0
0.0
0.0
0.0
0.0
0.0
0.0
0.0
0.0
0.0
0.0
0.0
0.0
0.0
0.0
0.0
0.0
0.0
0.0
0.0
0.0
0.0
1.08606062312314
-0.27355146037882283
2.765164882340555e-05
-0.005249571126160844
-0.0028573364699032507
0.0048086411012708075
0.008884064471147531
0.00996893858538876
0.035434186483588356
0.013226329573397375
0.010580009107588698
0.020608065151053272
-0.0030228480061158733
-0.005161905390443278
-0.009722342097538635
1.040599192234876
0.026239472868402877
0.07534803341355996
-0.6933766616048502
-0.009682107877368151
-0.03147281910428044
1.3038554783225176
-0.011130217932910951
-0.010102463565109979
-1.0563286912145213
0.004544850215290315
1.3989508225399252
-0.03338587507445745
0.004624704355568412
-1.291206486878394
0.14188382775614272
0.005046253566788968
0.016219222077820783
0.24119982956086228
-0.001652868994264799
0.33026175513023404
0.0
0.0
0.0
0.0
0.0
0.0
0.0
0.0
0.0
0.0
0.0
0.0
0.0
0.0
0.0
0.0
0.0
0.0
0.0
0.0
0.0
0.0
0.0
0.0
0.0
0.0
0.0
0.0
0.0
0.0
0.0
0.0
0.0
0.0
0.0
0.0
0.0
0.0
0.0
0.0
0.0
0.0
0.0
0.0
0.0
0.0
0.0
0.0
0.0
0.0
0.0
0.0
0.0
0.0
0.0
0.0
0.0
0.0
0.0
0.0
0.0
0.0
0.0
0.0
0.0
0.0
0.0
0.0
0.0
0.0
0.0
0.0
0.0
0.0
0.0
0.0
0.0
0.0
0.0
0.0
0.0
0.0
0.0
0.0
0.0
0.0
0.0
0.0
0.0
0.0
0.0
0.0
0.0
0.0
0.0
0.0
0.0
0.0
0.0
0.0
0.0
0.0
0.0
0.0
0.0
0.0
0.0
0.0
0.0
0.0
0.0
0.0
0.0
0.0
0.0
0.0
0.0
0.0
0.0
0.0
0.0
0.0
0.0
0.0
0.0
0.0
0.0
0.0
0.0
0.0
0.0
0.0
0.0
0.0
0.0
1.0656962903849494
-0.20276702594679527
-0.010024113873699057
0.025154933451099912
-0.04105026808772652
0.018092262222785562
-0.04099986775858844
0.04512117961970328
0.043139651528497254
0.021742659308453746
-0.05000264342543563
0.029883710561002277
-0.0058295855385527996
0.0154154704835355
-0.03122534344667635
1.1637286816495649
0.004724778459471561
-0.013992619888392928
-0.43590650250535956
0.01737407940321199
-0.02666262207560574
1.2125273431008914
-0.0461921967640711
0.016727480254165213
-0.9010715558647674
0.08006191875714785
1.2303021557885052
-0.021821163729418856
0.07617376785543004
-1.0362776677394072
0.08326533794493202
-0.008451862345871378
0.012287396769185714
0.20089625293595156
-0.044211344262022605
0.25171221819707257
0.0
0.0
0.0
0.0
0.0
0.0
0.0
0.0
0.0
0.0
0.0
0.0
0.0
0.0
0.0
0.0
0.0
0.0
0.0
0.0
0.0
0.0
0.0
0.0
0.0
0.0
0.0
0.0
0.0
0.0
0.0
0.0
0.0
0.0
0.0
0.0
0.0
0.0
0.0
0.0
0.0
0.0
0.0
0.0
0.0
0.0
0.0
0.0
0.0
0.0
0.0
0.0
0.0
0.0
0.0
0.0
0.0
0.0
0.0
0.0
0.0
0.0
0.0
0.0
0.0
0.0
0.0
0.0
0.0
0.0
0.0
0.0
0.0
0.0
0.0
0.0
0.0
0.0
0.0
0.0
0.0
0.0
0.0
0.0
0.0
0.0
0.0
0.0
0.0
0.0
0.0
0.0
0.0
0.0
0.0
0.0
0.0
0.0
0.0
0.0
0.0
0.0
0.0
0.0
0.0
0.0
0.0
0.0
0.0
0.0
0.0
0.0
0.0
0.0
0.0
0.0
0.0
0.0
0.0
0.0
0.0
0.0
0.0
0.0
0.0
0.0
0.0
0.0
0.0
0.0
0.0
0.0
0.0
0.0
0.0
1.080323213233921
-0.26222094326605155
-0.003547250426764302
0.0027497408337574794
-0.08662605192203873
0.00044673721470817084
-0.005468964904373238
0.09798464858148606
0.034698552620879494
-0.007555054993273679
-0.007721441633568146
0.055207578025636264
0.002080471040043571
0.003894929789772189
-0.04044076573995289
0.9936321900269233
-0.03815357106607137
0.013044859401477347
-0.6603480360083653
0.012212815965153863
-0.012982905643341251
1.3172233768789121
0.0027933432007910737
0.012999428378574132
-1.0853522231089237
7.919907720151738e-05
1.2933100679870666
-0.013018119158765416
-4.003560170340427e-07
-1.1783765320469144
0.1336130471745423
-0.005054248788380627
0.007158471375951956
0.24852533547247074
-0.0009125106625795507
0.2995963831123044
0.0
0.0
0.0
0.0
0.0
0.0
0.0
0.0
0.0
0.0
0.0
0.0
0.0
0.0
0.0
0.0
0.0
0.0
0.0
0.0
0.0
0.0
0.0
0.0
0.0
0.0
0.0
0.0
0.0
0.0
0.0
0.0
0.0
0.0
0.0
0.0
0.0
0.0
0.0
0.0
0.0
0.0
0.0
0.0
0.0
0.0
0.0
0.0
0.0
0.0
0.0
0.0
0.0
0.0
0.0
0.0
0.0
0.0
0.0
0.0
0.0
0.0
0.0
0.0
0.0
0.0
0.0
0.0
0.0
0.0
0.0
0.0
0.0
0.0
0.0
0.0
0.0
0.0
0.0
0.0
0.0
0.0
0.0
0.0
0.0
0.0
0.0
0.0
0.0
0.0
0.0
0.0
0.0
0.0
0.0
0.0
0.0
0.0
0.0
0.0
0.0
0.0
0.0
0.0
0.0
0.0
0.0
0.0
0.0
0.0
0.0
0.0
0.0
0.0
0.0
0.0
0.0
0.0
0.0
0.0
0.0
0.0
0.0
0.0
0.0
0.0
0.0
0.0
0.0
0.0
0.0
0.0
0.0
0.0
0.0
1.054238403997868
-0.15086502666559862
0.1431102938623406
0.07182367747317733
0.01132965154049393
-0.21163776631068187
-0.09347885224067565
-0.01677264280044913
0.03184484357592404
-0.20180208374068598
-0.08230228445709739
-0.018421378270149228
0.10730590616287622
0.043028404303579224
0.007771575960783532
1.155693254416185
0.056771087856230563
-0.001332050704622375
-0.5948095456630897
-0.11046766263117186
-0.028347816735163348
1.1986412458696312
-0.0004705896416189589
-0.11498580827601587
-0.8860228581160607
-0.024037328189304062
1.1234667759280983
-0.02854950435904785
-0.02497111236562826
-0.28526561887400104
0.13888750840548594
0.06263577639089993
0.012790253427676
0.20429777071259123
0.009946859447603002
0.06645565408122506
0.0
0.0
0.0
0.0
0.0
0.0
0.0
0.0
0.0
0.0
0.0
0.0
0.0
0.0
0.0
0.0
0.0
0.0
0.0
0.0
0.0
0.0
0.0
0.0
0.0
0.0
0.0
0.0
0.0
0.0
0.0
0.0
0.0
0.0
0.0
0.0
0.0
0.0
0.0
0.0
0.0
0.0
0.0
0.0
0.0
0.0
0.0
0.0
0.0
0.0
0.0
0.0
0.0
0.0
0.0
0.0
0.0
0.0
0.0
0.0
0.0
0.0
0.0
0.0
0.0
0.0
0.0
0.0
0.0
0.0
0.0
0.0
0.0
0.0
0.0
0.0
0.0
0.0
0.0
0.0
0.0
0.0
0.0
0.0
0.0
0.0
0.0
0.0
0.0
0.0
0.0
0.0
0.0
0.0
0.0
0.0
0.0
0.0
0.0
0.0
0.0
0.0
0.0
0.0
0.0
0.0
0.0
0.0
0.0
0.0
0.0
0.0
0.0
0.0
0.0
0.0
0.0
0.0
0.0
0.0
0.0
0.0
0.0
0.0
0.0
0.0
0.0
0.0
0.0
0.0
0.0
0.0
0.0
0.0
0.0
1.0741088182969447
-0.21680051955869312
0.16648110099303326
0.07927982128954975
-0.008254028161666215
-0.2339479847010564
-0.09961720230963045
0.012911916308692343
0.03555299081404728
-0.23712180236636488
-0.06173760867298866
0.013743129306162217
0.12507613846573817
0.035971681914209505
-0.005361357908778938
1.0663090349631457
0.10856617278123701
-0.020309253485801898
-0.8243307851356707
-0.04487121851239757
0.009235186517322086
1.3169124388814022
-0.026830051673129775
-0.04774742079432818
-1.149455130313132
0.002914981691196583
0.9422855539517557
0.009199865586612985
0.001524070605907734
-0.6007205776482786
0.1943279013151533
0.035317815419906716
-0.0068020031639806685
0.28624351168241435
-0.00023345027793079885
0.12265467934397081
0.0
0.0
0.0
0.0
0.0
0.0
0.0
0.0
0.0
0.0
0.0
0.0
0.0
0.0
0.0
0.0
0.0
0.0
0.0
0.0
0.0
0.0
0.0
0.0
0.0
0.0
0.0
0.0
0.0
0.0
0.0
0.0
0.0
0.0
0.0
0.0
0.0
0.0
0.0
0.0
0.0
0.0
0.0
0.0
0.0
0.0
0.0
0.0
0.0
0.0
0.0
0.0
0.0
0.0
0.0
0.0
0.0
0.0
0.0
0.0
0.0
0.0
0.0
0.0
0.0
0.0
0.0
0.0
0.0
0.0
0.0
0.0
0.0
0.0
0.0
0.0
0.0
0.0
0.0
0.0
0.0
0.0
0.0
0.0
0.0
0.0
0.0
0.0
0.0
0.0
0.0
0.0
0.0
0.0
0.0
0.0
0.0
0.0
0.0
0.0
0.0
0.0
0.0
0.0
0.0
0.0
0.0
0.0
0.0
0.0
0.0
0.0
0.0
0.0
0.0
0.0
0.0
0.0
0.0
0.0
0.0
0.0
0.0
0.0
0.0
0.0
0.0
0.0
0.0
0.0
0.0
0.0
0.0
0.0
0.0
1.0535161507713797
-0.14672802922644268
0.15185827419411158
-0.058846106148823095
-0.0013322383904563022
-0.2229384456116644
0.07856376470951114
0.0028186377710700296
0.03375313531995157
-0.22260803157041892
0.08053626098630304
0.0032211205931467765
0.11901699101366767
-0.03439310753263841
0.0022442182931624666
1.137524177853361
-0.014673086970334074
-0.0074671912623591845
-0.6383928955563695
0.11454687584210492
0.00025587639593072016
1.1850164023675231
0.0021584836928778737
0.11772204156504029
-0.8505764295017367
0.006633400909759115
1.1122624152354197
0.0015339979324683834
0.0074913037073292815
-0.25066302069883817
0.15330105167879218
-0.055716511705067945
0.0011402487397310598
0.19896981766898364
-0.0035529849162905308
0.06834778083514005
0.0
0.0
0.0
0.0
0.0
0.0
0.0
0.0
0.0
0.0
0.0
0.0
0.0
0.0
0.0
0.0
0.0
0.0
0.0
0.0
0.0
0.0
0.0
0.0
0.0
0.0
0.0
0.0
0.0
0.0
0.0
0.0
0.0
0.0
0.0
0.0
0.0
0.0
0.0
0.0
0.0
0.0
0.0
0.0
0.0
0.0
0.0
0.0
0.0
0.0
0.0
0.0
0.0
0.0
0.0
0.0
0.0
0.0
0.0
0.0
0.0
0.0
0.0
0.0
0.0
0.0
0.0
0.0
0.0
0.0
0.0
0.0
0.0
0.0
0.0
0.0
0.0
0.0
0.0
0.0
0.0
0.0
0.0
0.0
0.0
0.0
0.0
0.0
0.0
0.0
0.0
0.0
0.0
0.0
0.0
0.0
0.0
0.0
0.0
0.0
0.0
0.0
0.0
0.0
0.0
0.0
0.0
0.0
0.0
0.0
0.0
0.0
0.0
0.0
0.0
0.0
0.0
0.0
0.0
0.0
0.0
0.0
0.0
0.0
0.0
0.0
0.0
0.0
0.0
0.0
0.0
0.0
0.0
0.0
0.0
1.0726956006466155
-0.20855494057572513
0.19132123484158775
-0.07997947351026184
-0.0014386028422796724
-0.26874906097927764
0.1056968225128032
0.0022307569450544353
0.03674824644136237
-0.2697076158299558
0.07165353943858435
-9.212313192075004e-05
0.1440079944168251
-0.03914183160654172
-0.0012196019554751884
1.1167554239925968
-0.18852792058766232
-0.02480775232019323
-0.8998435328948674
0.07374060522441596
0.0008336027838019404
1.2520611788878584
-0.008363474681821671
0.07696842475586026
-1.0751900788992053
-0.0019449420416690827
0.9659994996181931
-0.000296986132575461
-0.0026506214549071564
-0.5561711344824039
0.21925165667820537
-0.04677467264827081
-0.00025310297626812803
0.26306838858148396
0.0012988887924720047
0.11794704381924767
0.0
0.0
0.0
0.0
0.0
0.0
0.0
0.0
0.0
0.0
0.0
0.0
0.0
0.0
0.0
0.0
0.0
0.0
0.0
0.0
0.0
0.0
0.0
0.0
0.0
0.0
0.0
0.0
0.0
0.0
0.0
0.0
0.0
0.0
0.0
0.0
0.0
0.0
0.0
0.0
0.0
0.0
0.0
0.0
0.0
0.0
0.0
0.0
0.0
0.0
0.0
0.0
0.0
0.0
0.0
0.0
0.0
0.0
0.0
0.0
0.0
0.0
0.0
0.0
0.0
0.0
0.0
0.0
0.0
0.0
0.0
0.0
0.0
0.0
0.0
0.0
0.0
0.0
0.0
0.0
0.0
0.0
0.0
0.0
0.0
0.0
0.0
0.0
0.0
0.0
0.0
0.0
0.0
0.0
0.0
0.0
0.0
0.0
0.0
0.0
0.0
0.0
0.0
0.0
0.0
0.0
0.0
0.0
0.0
0.0
0.0
0.0
0.0
0.0
0.0
0.0
0.0
0.0
0.0
0.0
0.0
0.0
0.0
0.0
0.0
0.0
0.0
0.0
0.0
0.0
0.0
0.0
0.0
0.0
0.0
1.0672397493809338
-0.20670966279424147
0.03916078875433235
-0.018152113214099576
-0.0002522333266575779
-0.05504888420810964
0.0140343229176348
-0.0015153695289150367
0.04420769521035306
-0.055136494390820134
-0.006730907778210586
-0.004446738170840669
0.016164159776340826
-0.010195655588748485
0.0009096303371119006
1.2483479807704825
0.0033824422857045605
-0.010659580842485406
-1.1484119689234464
-0.006276296490061967
0.0008903167945412335
1.1869931520658084
-0.003086025582362887
-0.007627553036543602
-0.8246108974749167
-0.005516427715326186
1.1753773164758363
-7.086427041774731e-06
-0.0061396368899319775
-0.43810976420727915
0.2932576039369683
0.009661504315756504
-0.00023939450854787496
0.18031790144843696
0.0021233847322414856
0.08269974595850849
0.0
0.0
0.0
0.0
0.0
0.0
0.0
0.0
0.0
0.0
0.0
0.0
0.0
0.0
0.0
0.0
0.0
0.0
0.0
0.0
0.0
0.0
0.0
0.0
0.0
0.0
0.0
0.0
0.0
0.0
0.0
0.0
0.0
0.0
0.0
0.0
0.0
0.0
0.0
0.0
0.0
0.0
0.0
0.0
0.0
0.0
0.0
0.0
0.0
0.0
0.0
0.0
0.0
0.0
0.0
0.0
0.0
0.0
0.0
0.0
0.0
0.0
0.0
0.0
0.0
0.0
0.0
0.0
0.0
0.0
0.0
0.0
0.0
0.0
0.0
0.0
0.0
0.0
0.0
0.0
0.0
0.0
0.0
0.0
0.0
0.0
0.0
0.0
0.0
0.0
0.0
0.0
0.0
0.0
0.0
0.0
0.0
0.0
0.0
0.0
0.0
0.0
0.0
0.0
0.0
0.0
0.0
0.0
0.0
0.0
0.0
0.0
0.0
0.0
0.0
0.0
0.0
0.0
0.0
0.0
0.0
0.0
0.0
0.0
0.0
0.0
0.0
0.0
0.0
0.0
0.0
0.0
0.0
0.0
0.0
1.0759152738676474
-0.2409078282997873
0.0938419642326128
0.013486846300735777
0.0012668749354023039
-0.11400732809906768
-0.002574746713456231
-0.001844238011583172
0.03525898847160498
-0.072921025447609
0.024584830267241786
-0.0017627208698924417
0.040176501639002306
-0.008898575847590708
0.001081644096357282
1.3485637102724124
-0.12605206272151231
0.007461340474277683
-1.240684498009403
0.045863397085929736
-0.006558657686973613
1.1356361706884397
-0.0022981723812810825
0.04412635488883482
-0.8648364879828555
0.0004574633752702588
1.00085834091346
-0.006625234548056285
0.0005112857706461109
-0.6269825079234612
0.3187966113161349
-0.015511399596603533
0.002870243298740229
0.19057774032427316
0.00029909742564598494
0.12345120340923751
0.0
0.0
0.0
0.0
0.0
0.0
0.0
0.0
0.0
0.0
0.0
0.0
0.0
0.0
0.0
0.0
0.0
0.0
0.0
0.0
0.0
0.0
0.0
0.0
0.0
0.0
0.0
0.0
0.0
0.0
0.0
0.0
0.0
0.0
0.0
0.0
0.0
0.0
0.0
0.0
0.0
0.0
0.0
0.0
0.0
0.0
0.0
0.0
0.0
0.0
0.0
0.0
0.0
0.0
0.0
0.0
0.0
0.0
0.0
0.0
0.0
0.0
0.0
0.0
0.0
0.0
0.0
0.0
0.0
0.0
0.0
0.0
0.0
0.0
0.0
0.0
0.0
0.0
0.0
0.0
0.0
0.0
0.0
0.0
0.0
0.0
0.0
0.0
0.0
0.0
0.0
0.0
0.0
0.0
0.0
0.0
0.0
0.0
0.0
0.0
0.0
0.0
0.0
0.0
0.0
0.0
0.0
0.0
0.0
0.0
0.0
0.0
0.0
0.0
0.0
0.0
0.0
0.0
0.0
0.0
0.0
0.0
0.0
0.0
0.0
0.0
0.0
0.0
0.0
0.0
0.0
0.0
0.0
0.0
0.0
1.0662107801869856
-0.20700366129993214
-0.03720839467430065
0.008142350834792115
-0.010265195113359936
0.052144385015713765
0.0001515131647865945
0.018289803328265436
0.0446639975613094
0.04669770813300258
0.01909669708071432
0.019928820770476474
-0.03628719620369606
0.004586656198555293
-0.008100182919001352
1.1998735276109973
0.06081117814200573
-0.0036550043258162077
-1.0621893236704378
-0.030454487468838574
0.011022006386813834
1.2011789597521918
-0.0029918644153053824
-0.028344994839460434
-0.8826709490481037
0.0019662462191752323
1.1886410036662025
0.010642554892335902
0.001774332582090604
-0.4728710489469732
0.26661107007800533
0.00844696705947232
-0.003692622969587194
0.19697924284382642
-0.002578204790040388
0.08352598581322898
0.0
0.0
0.0
0.0
0.0
0.0
0.0
0.0
0.0
0.0
0.0
0.0
0.0
0.0
0.0
0.0
0.0
0.0
0.0
0.0
0.0
0.0
0.0
0.0
0.0
0.0
0.0
0.0
0.0
0.0
0.0
0.0
0.0
0.0
0.0
0.0
0.0
0.0
0.0
0.0
0.0
0.0
0.0
0.0
0.0
0.0
0.0
0.0
0.0
0.0
0.0
0.0
0.0
0.0
0.0
0.0
0.0
0.0
0.0
0.0
0.0
0.0
0.0
0.0
0.0
0.0
0.0
0.0
0.0
0.0
0.0
0.0
0.0
0.0
0.0
0.0
0.0
0.0
0.0
0.0
0.0
0.0
0.0
0.0
0.0
0.0
0.0
0.0
0.0
0.0
0.0
0.0
0.0
0.0
0.0
0.0
0.0
0.0
0.0
0.0
0.0
0.0
0.0
0.0
0.0
0.0
0.0
0.0
0.0
0.0
0.0
0.0
0.0
0.0
0.0
0.0
0.0
0.0
0.0
0.0
0.0
0.0
0.0
0.0
0.0
0.0
0.0
0.0
0.0
0.0
0.0
0.0
0.0
0.0
0.0
1.0749493319463137
-0.24597798368224705
-0.021232475572453523
-0.034719597801621205
0.0009835812766138716
0.03674114428892774
0.03337812222416237
-0.004432483766955998
0.0336990003072996
0.047851780975818756
0.0018444588712927391
-0.00930166158127925
-0.03153484353369283
-0.005745050959082605
0.0020953471392255747
1.3235049998297133
0.1531337277322432
0.013138956626247636
-1.2040732269630807
-0.0805694483680637
-0.005001367544648361
1.1517706850041265
-0.004599178216643106
-0.07929947728757228
-0.9246891196379285
0.001221280267244669
1.0747311749073893
-0.0043448821955177136
0.0009516792957962903
-0.6174099415169422
0.29860935626500873
0.04001522154811761
0.0009736531768135519
0.20999607366817924
-5.4630770381153534e-05
0.11756806025075697
0.0
0.0
0.0
0.0
0.0
0.0
0.0
0.0
0.0
0.0
0.0
0.0
0.0
0.0
0.0
0.0
0.0
0.0
0.0
0.0
0.0
0.0
0.0
0.0
0.0
0.0
0.0
0.0
0.0
0.0
0.0
0.0
0.0
0.0
0.0
0.0
0.0
0.0
0.0
0.0
0.0
0.0
0.0
0.0
0.0
0.0
0.0
0.0
0.0
0.0
0.0
0.0
0.0
0.0
0.0
0.0
0.0
0.0
0.0
0.0
0.0
0.0
0.0
0.0
0.0
0.0
0.0
0.0
0.0
0.0
0.0
0.0
0.0
0.0
0.0
0.0
0.0
0.0
0.0
0.0
0.0
0.0
0.0
0.0
0.0
0.0
0.0
0.0
0.0
0.0
0.0
0.0
0.0
0.0
0.0
0.0
0.0
0.0
0.0
0.0
0.0
0.0
0.0
0.0
0.0
0.0
0.0
0.0
0.0
0.0
0.0
0.0
0.0
0.0
0.0
0.0
0.0
0.0
0.0
0.0
0.0
0.0
0.0
0.0
0.0
0.0
0.0
0.0
0.0
0.0
0.0
0.0
0.0
0.0
0.0
1.0843208423962325
-0.2704219651793759
0.03983316983042088
0.01608159411127823
0.043577006753317785
-0.05608182425758485
-0.01931931833145586
-0.057543543864228164
0.03591487212559847
-0.04936341488761277
-0.010349934350768517
-0.04646550867971684
0.02297324930201801
0.00864394804837901
0.030755524774359534
1.1846753228092939
0.08046742411091748
0.08836556913077545
-0.7279645395851145
-0.04491061310670792
-0.05376628714373528
1.3046281996005533
0.036561884262882115
-0.046398293465023374
-1.0891822350269762
-0.042235942564415103
1.3469195257367799
-0.05628303874868798
-0.042595169831812565
-1.2355105110863112
0.14108669466208718
0.02914986520611812
0.03564536069253739
0.25375382070250274
0.02991052825437739
0.31340189698256565
0.0
0.0
0.0
0.0
0.0
0.0
0.0
0.0
0.0
0.0
0.0
0.0
0.0
0.0
0.0
0.0
0.0
0.0
0.0
0.0
0.0
0.0
0.0
0.0
0.0
0.0
0.0
0.0
0.0
0.0
0.0
0.0
0.0
0.0
0.0
0.0
0.0
0.0
0.0
0.0
0.0
0.0
0.0
0.0
0.0
0.0
0.0
0.0
0.0
0.0
0.0
0.0
0.0
0.0
0.0
0.0
0.0
0.0
0.0
0.0
0.0
0.0
0.0
0.0
0.0
0.0
0.0
0.0
0.0
0.0
0.0
0.0
0.0
0.0
0.0
0.0
0.0
0.0
0.0
0.0
0.0
0.0
0.0
0.0
0.0
0.0
0.0
0.0
0.0
0.0
0.0
0.0
0.0
0.0
0.0
0.0
0.0
0.0
0.0
0.0
0.0
0.0
0.0
0.0
0.0
0.0
0.0
0.0
0.0
0.0
0.0
0.0
0.0
0.0
0.0
0.0
0.0
0.0
0.0
0.0
0.0
0.0
0.0
0.0
0.0
0.0
0.0
0.0
0.0
0.0
0.0
0.0
0.0
0.0
0.0
1.0724200535654687
-0.22888389742614998
0.03008077325089018
0.012091395449082663
0.009344186182990554
-0.05096612592849378
-0.025374867250449972
-0.00551498096247348
0.04241591601926734
-0.06113482871051802
-0.030962017766411234
0.007961018500357176
0.020864739911267065
0.005463221597680146
-5.3324375780620616e-05
1.132946233870894
0.08961956383208537
0.019598392099737603
-0.5862890979746475
-0.03818081419031123
0.004010801485842862
1.236579322439034
0.03570431712623811
-0.04071393794844596
-0.9438028119072316
-0.03016502380508225
1.2504339223724448
0.001657717587183919
-0.0282637540229282
-1.1441488460003622
0.10558712698256581
0.015253821846925945
0.001518614572118157
0.207190533508658
0.0102399674873072
0.2935860943744453
0.0
0.0
0.0
0.0
0.0
0.0
0.0
0.0
0.0
0.0
0.0
0.0
0.0
0.0
0.0
0.0
0.0
0.0
0.0
0.0
0.0
0.0
0.0
0.0
0.0
0.0
0.0
0.0
0.0
0.0
0.0
0.0
0.0
0.0
0.0
0.0
0.0
0.0
0.0
0.0
0.0
0.0
0.0
0.0
0.0
0.0
0.0
0.0
0.0
0.0
0.0
0.0
0.0
0.0
0.0
0.0
0.0
0.0
0.0
0.0
0.0
0.0
0.0
0.0
0.0
0.0
0.0
0.0
0.0
0.0
0.0
0.0
0.0
0.0
0.0
0.0
0.0
0.0
0.0
0.0
0.0
0.0
0.0
0.0
0.0
0.0
0.0
0.0
0.0
0.0
0.0
0.0
0.0
0.0
0.0
0.0
0.0
0.0
0.0
0.0
0.0
0.0
0.0
0.0
0.0
0.0
0.0
0.0
0.0
0.0
0.0
0.0
0.0
0.0
0.0
0.0
0.0
0.0
0.0
0.0
0.0
0.0
0.0
0.0
0.0
0.0
0.0
0.0
0.0
0.0
0.0
0.0
0.0
0.0
0.0
1.0770935798636991
-0.2521345047791914
0.01571325284024846
0.0030206837668220856
0.0008810742003142458
-0.01981621418758123
-0.0042483833139519925
-0.0030172325554474132
0.03508267335032059
-0.014081644831432896
-0.004438328290298218
-0.00504753815296427
0.006901666988044637
0.0009789162864579045
-0.0031432340355950785
1.1294367859991215
-0.08344174157314091
0.03058206521627182
-0.6218498408033373
0.0399171131864212
-0.030555924118120956
1.2545298945921495
-0.004151892753370343
0.04072333962270984
-0.9715667881738903
0.015961681525565347
1.328971736170987
-0.03142751438016626
0.01591309533352813
-1.2302490610845065
0.11458100196660745
-0.01854868338501342
0.021349478373644194
0.2136195666795232
-0.012005976940653609
0.3161933622274082
0.0
0.0
0.0
0.0
0.0
0.0
0.0
0.0
0.0
0.0
0.0
0.0
0.0
0.0
0.0
0.0
0.0
0.0
0.0
0.0
0.0
0.0
0.0
0.0
0.0
0.0
0.0
0.0
0.0
0.0
0.0
0.0
0.0
0.0
0.0
0.0
0.0
0.0
0.0
0.0
0.0
0.0
0.0
0.0
0.0
0.0
0.0
0.0
0.0
0.0
0.0
0.0
0.0
0.0
0.0
0.0
0.0
0.0
0.0
0.0
0.0
0.0
0.0
0.0
0.0
0.0
0.0
0.0
0.0
0.0
0.0
0.0
0.0
0.0
0.0
0.0
0.0
0.0
0.0
0.0
0.0
0.0
0.0
0.0
0.0
0.0
0.0
0.0
0.0
0.0
0.0
0.0
0.0
0.0
0.0
0.0
0.0
0.0
0.0
0.0
0.0
0.0
0.0
0.0
0.0
0.0
0.0
0.0
0.0
0.0
0.0
0.0
0.0
0.0
0.0
0.0
0.0
0.0
0.0
0.0
0.0
0.0
0.0
0.0
0.0
0.0
0.0
0.0
0.0
0.0
0.0
0.0
0.0
0.0
0.0
1.0740322695039826
-0.2268229720894614
0.06598641003144289
-0.04447537524420973
0.08001844996166507
-0.09416164890477212
0.059030267699756264
-0.11963434643248749
0.042345324631416124
-0.08653310371328475
0.043356557715467016
-0.12314975402193955
0.0450701232407734
-0.023217634986604875
0.050260300704790886
1.1440525460149915
-0.09075630757283666
0.06191689977786643
-0.6624359105272051
0.053162411843065555
-0.02181449349045527
1.2758274801669356
-0.07749880528275331
0.05398485788207524
-1.0250548286009384
0.07443798707683977
1.2349629523849974
-0.025526532170893134
0.07398050340780891
-1.0149257957997573
0.11960004677179115
-0.029453504434136926
0.015631813648034017
0.23700197234163842
-0.03838562079392782
0.2567825512820179
0.0
0.0
0.0
0.0
0.0
0.0
0.0
0.0
0.0
0.0
0.0
0.0
0.0
0.0
0.0
0.0
0.0
0.0
0.0
0.0
0.0
0.0
0.0
0.0
0.0
0.0
0.0
0.0
0.0
0.0
0.0
0.0
0.0
0.0
0.0
0.0
0.0
0.0
0.0
0.0
0.0
0.0
0.0
0.0
0.0
0.0
0.0
0.0
0.0
0.0
0.0
0.0
0.0
0.0
0.0
0.0
0.0
0.0
0.0
0.0
0.0
0.0
0.0
0.0
0.0
0.0
0.0
0.0
0.0
0.0
0.0
0.0
0.0
0.0
0.0
0.0
0.0
0.0
0.0
0.0
0.0
0.0
0.0
0.0
0.0
0.0
0.0
0.0
0.0
0.0
0.0
0.0
0.0
0.0
0.0
0.0
0.0
0.0
0.0
0.0
0.0
0.0
0.0
0.0
0.0
0.0
0.0
0.0
0.0
0.0
0.0
0.0
0.0
0.0
0.0
0.0
0.0
0.0
0.0
0.0
0.0
0.0
0.0
0.0
0.0
0.0
0.0
0.0
0.0
0.0
0.0
0.0
0.0
0.0
0.0
1.077258203237325
-0.2486901006968272
0.02047775438380195
0.025580420272706857
-0.07380869512100138
-0.029007138029170158
-0.03267631588554909
0.09552700100145015
0.03659036427632144
-0.026790673432641403
-0.023700314255002866
0.07408844279919106
0.010948693726785622
0.014981494013377915
-0.03897791851984969
1.0903871670887997
0.10869024436226118
-0.045177847964532
-0.6577959831199702
-0.05336345480100632
0.018836185447169782
1.2828312533950124
-0.036438003614171495
-0.05545057261509255
-1.0426630860765218
0.05002467963788155
1.2773231987074358
0.02122693536190461
0.050364029185283946
-1.1375885657757503
0.1245606139661744
0.02716307045472338
-0.014359585645810516
0.2352075096886813
-0.03490028711025255
0.28880442330430856
0.0
0.0
0.0
0.0
0.0
0.0
0.0
0.0
0.0
0.0
0.0
0.0
0.0
0.0
0.0
0.0
0.0
0.0
0.0
0.0
0.0
0.0
0.0
0.0
0.0
0.0
0.0
0.0
0.0
0.0
0.0
0.0
0.0
0.0
0.0
0.0
0.0
0.0
0.0
0.0
0.0
0.0
0.0
0.0
0.0
0.0
0.0
0.0
0.0
0.0
0.0
0.0
0.0
0.0
0.0
0.0
0.0
0.0
0.0
0.0
0.0
0.0
0.0
0.0
0.0
0.0
0.0
0.0
0.0
0.0
0.0
0.0
0.0
0.0
0.0
0.0
0.0
0.0
0.0
0.0
0.0
0.0
0.0
0.0
0.0
0.0
0.0
0.0
0.0
0.0
0.0
0.0
0.0
0.0
0.0
0.0
0.0
0.0
0.0
0.0
0.0
0.0
0.0
0.0
0.0
0.0
0.0
0.0
0.0
0.0
0.0
0.0
0.0
0.0
0.0
0.0
0.0
0.0
0.0
0.0
0.0
0.0
0.0
0.0
0.0
0.0
0.0
0.0
0.0
0.0
0.0
0.0
0.0
0.0
0.0
1.0773655372537014
-0.24846551508279657
0.04795310639878672
0.033800450663225116
-0.028919245769263628
-0.0732475629487338
-0.04939608482369624
0.03530396180216697
0.03655525778797769
-0.07515012886149086
-0.04327694745715213
0.02564761624002248
0.03276838560821954
0.016040294866188902
-0.026190892109017722
1.1706836805430163
0.08835323265444903
-0.04779085275436391
-0.6776014625998039
-0.043986269282133436
0.04034537360825778
1.2866770285720852
-0.03167391362789562
-0.04631198519532829
-1.0397741185266842
0.05012442469934136
1.3140947872383975
0.04108153735916665
0.04965275780826128
-1.1366262019417854
0.12376832937086407
0.024023160511960302
-0.030770160856503803
0.23861438894615522
-0.025577721625430677
0.2800033858177183
0.0
0.0
0.0
0.0
0.0
0.0
0.0
0.0
0.0
0.0
0.0
0.0
0.0
0.0
0.0
0.0
0.0
0.0
0.0
0.0
0.0
0.0
0.0
0.0
0.0
0.0
0.0
0.0
0.0
0.0
0.0
0.0
0.0
0.0
0.0
0.0
0.0
0.0
0.0
0.0
0.0
0.0
0.0
0.0
0.0
0.0
0.0
0.0
0.0
0.0
0.0
0.0
0.0
0.0
0.0
0.0
0.0
0.0
0.0
0.0
0.0
0.0
0.0
0.0
0.0
0.0
0.0
0.0
0.0
0.0
0.0
0.0
0.0
0.0
0.0
0.0
0.0
0.0
0.0
0.0
0.0
0.0
0.0
0.0
0.0
0.0
0.0
0.0
0.0
0.0
0.0
0.0
0.0
0.0
0.0
0.0
0.0
0.0
0.0
0.0
0.0
0.0
0.0
0.0
0.0
0.0
0.0
0.0
0.0
0.0
0.0
0.0
0.0
0.0
0.0
0.0
0.0
0.0
0.0
0.0
0.0
0.0
0.0
0.0
0.0
0.0
0.0
0.0
0.0
0.0
0.0
0.0
0.0
0.0
0.0
1.0831724768114717
-0.25158255941048313
0.04994711033242942
-0.05621949668902801
-0.10092452657235729
-0.0727363483328454
0.06731071232238184
0.14746259002072076
0.04158360279862216
-0.0671973658337504
0.04011062379890115
0.1408609337163798
0.03213936032197649
-0.03340553496905707
-0.06279031479052433
1.1310627563089173
-0.09859177204820166
-0.11523134492436568
-0.7156211922200698
0.06073839380866812
0.022241963515484388
1.324502759292763
0.06510734162445475
0.062443732790482716
-1.1255475287008445
-0.09516889487721913
1.289823810284697
0.026931582565381237
-0.0959266720691431
-1.100441578069517
0.13789493554543203
-0.038689211447975484
-0.015720755237164673
0.27012836326844564
0.06855469217534924
0.2851710185588299
0.0
0.0
0.0
0.0
0.0
0.0
0.0
0.0
0.0
0.0
0.0
0.0
0.0
0.0
0.0
0.0
0.0
0.0
0.0
0.0
0.0
0.0
0.0
0.0
0.0
0.0
0.0
0.0
0.0
0.0
0.0
0.0
0.0
0.0
0.0
0.0
0.0
0.0
0.0
0.0
0.0
0.0
0.0
0.0
0.0
0.0
0.0
0.0
0.0
0.0
0.0
0.0
0.0
0.0
0.0
0.0
0.0
0.0
0.0
0.0
0.0
0.0
0.0
0.0
0.0
0.0
0.0
0.0
0.0
0.0
0.0
0.0
0.0
0.0
0.0
0.0
0.0
0.0
0.0
0.0
0.0
0.0
0.0
0.0
0.0
0.0
0.0
0.0
0.0
0.0
0.0
0.0
0.0
0.0
0.0
0.0
0.0
0.0
0.0
0.0
0.0
0.0
0.0
0.0
0.0
0.0
0.0
0.0
0.0
0.0
0.0
0.0
0.0
0.0
0.0
0.0
0.0
0.0
0.0
0.0
0.0
0.0
0.0
0.0
0.0
0.0
0.0
0.0
0.0
0.0
0.0
0.0
0.0
0.0
0.0
1.072261030769798
-0.2316896440168605
0.031609977474220105
-0.020324637681346572
0.008067668348170277
-0.05314216071791929
0.03424505743447405
-0.01067681891530394
0.040110132220065764
-0.0608532014427223
0.03577198564280545
-0.005973223462329402
0.021082030904965438
-0.00879620762051813
0.0014749899531823869
1.1478250162862262
-0.07326787336904186
-0.013914825754788083
-0.5916940371417413
0.03607320264585395
0.015641348784996005
1.2322137035389167
0.037806904590448775
0.03779669446526779
-0.9156421558069423
-0.02992209987647717
1.2965878214059687
0.016193385110293584
-0.028310512949030246
-1.1772836736910945
0.10489900106547523
-0.015522324187617913
-0.011543491715199769
0.19838186467640928
0.011330935563406178
0.299211184434414
0.0
0.0
0.0
0.0
0.0
0.0
0.0
0.0
0.0
0.0
0.0
0.0
0.0
0.0
0.0
0.0
0.0
0.0
0.0
0.0
0.0
0.0
0.0
0.0
0.0
0.0
0.0
0.0
0.0
0.0
0.0
0.0
0.0
0.0
0.0
0.0
0.0
0.0
0.0
0.0
0.0
0.0
0.0
0.0
0.0
0.0
0.0
0.0
0.0
0.0
0.0
0.0
0.0
0.0
0.0
0.0
0.0
0.0
0.0
0.0
0.0
0.0
0.0
0.0
0.0
0.0
0.0
0.0
0.0
0.0
0.0
0.0
0.0
0.0
0.0
0.0
0.0
0.0
0.0
0.0
0.0
0.0
0.0
0.0
0.0
0.0
0.0
0.0
0.0
0.0
0.0
0.0
0.0
0.0
0.0
0.0
0.0
0.0
0.0
0.0
0.0
0.0
0.0
0.0
0.0
0.0
0.0
0.0
0.0
0.0
0.0
0.0
0.0
0.0
0.0
0.0
0.0
0.0
0.0
0.0
0.0
0.0
0.0
0.0
0.0
0.0
0.0
0.0
0.0
0.0
0.0
0.0
0.0
0.0
0.0
1.0972360744698735
-0.29116948415926236
-0.0025868766985282475
0.30991023120369965
-0.017240401703774465
-0.009179943607110521
-0.44842755458869854
0.02602128464672564
0.050005101352430324
-0.02051027652384927
-0.4240623385263801
0.024864357454876786
-0.011926023819202488
0.2382566772746273
-0.012834572824531654
1.390821726856787
-0.4131100801276506
-0.006277393284320697
-1.244536727527744
0.4899431075854471
-0.012584497921000536
1.6098178566375148
-0.06706842628940006
0.4881750261230761
-1.6315095863838422
0.04363817304465177
0.9605054120228138
-0.012876552735410558
0.043144705489565865
-0.5875084457494479
0.3086227780099774
-0.3572344270506166
0.010880632632591557
0.45943965112891527
-0.02989778679949507
0.10079165195748246
0.0
0.0
0.0
0.0
0.0
0.0
0.0
0.0
0.0
0.0
0.0
0.0
0.0
0.0
0.0
0.0
0.0
0.0
0.0
0.0
0.0
0.0
0.0
0.0
0.0
0.0
0.0
0.0
0.0
0.0
0.0
0.0
0.0
0.0
0.0
0.0
0.0
0.0
0.0
0.0
0.0
0.0
0.0
0.0
0.0
0.0
0.0
0.0
0.0
0.0
0.0
0.0
0.0
0.0
0.0
0.0
0.0
0.0
0.0
0.0
0.0
0.0
0.0
0.0
0.0
0.0
0.0
0.0
0.0
0.0
0.0
0.0
0.0
0.0
0.0
0.0
0.0
0.0
0.0
0.0
0.0
0.0
0.0
0.0
0.0
0.0
0.0
0.0
0.0
0.0
0.0
0.0
0.0
0.0
0.0
0.0
0.0
0.0
0.0
0.0
0.0
0.0
0.0
0.0
0.0
0.0
0.0
0.0
0.0
0.0
0.0
0.0
0.0
0.0
0.0
0.0
0.0
0.0
0.0
0.0
0.0
0.0
0.0
0.0
0.0
0.0
0.0
0.0
0.0
0.0
0.0
0.0
0.0
0.0
0.0
3.3542002058663583
-3.8938975130845828
1.3054012328933116
0.0
0.0
0.0
0.0
0.0
0.0
0.0
0.0
0.0
0.0
0.0
0.0
0.0
0.0
0.0
0.0
0.0
0.0
0.0
0.0
0.0
0.0
0.0
0.0
0.0
0.0
0.0
0.0
0.0
0.0
0.0
0.0
0.0
0.0
0.0
0.0
0.0
0.0
0.0
0.0
0.0
0.0
0.0
0.0
0.0
0.0
0.0
0.0
0.0
0.0
0.0
0.0
0.0
0.0
0.0
0.0
0.0
0.0
0.0
0.0
0.0
0.0
0.0
0.0
0.0
0.0
0.0
0.0
0.0
0.0
0.0
0.0
0.0
0.0
0.0
0.0
0.0
0.0
0.0
0.0
0.0
0.0
0.0
0.0
0.0
0.0
0.0
0.0
0.0
0.0
0.0
0.0
0.0
0.0
0.0
0.0
0.0
0.0
0.0
0.0
0.0
0.0
0.0
0.0
0.0
0.0
0.0
0.0
0.0
0.0
0.0
0.0
0.0
0.0
0.0
0.0
0.0
0.0
0.0
0.0
0.0
0.0
0.0
0.0
0.0
0.0
0.0
0.0
0.0
0.0
0.0
0.0
0.0
0.0
0.0
0.0
0.0
0.0
0.0
0.0
0.0
0.0
0.0
0.0
0.0
0.0
0.0
0.0
0.0
0.0
0.0
0.0
0.0
0.0
0.0
0.0
0.0
0.0
0.0
0.0
0.0
0.0
0.0
0.0
0.0
0.0
0.0
0.0
0.518724584024465
-0.03302377456243499
-0.15328004571649873
0.007976772574685282
0.006988014101956024
0.007803557674002209
-1.9070851877569373e-05
1.92688092453155e-05
0.09584755584509808
0.002443072186627827
0.0029825872946469207
-0.04641777496803789
0.006897740912423264
-0.3965958148252432
-0.008083162013262677
0.013152234865435661
0.15745951200395986
0.016500517265897897
0.0009100198160906922
0.013211142051355488
0.00014263436390795988
0.00016159009319313239
-0.00046509972914110563
-1.6855251778438354e-06
-5.145807938883435e-06
-0.009083953597398728
-1.3355115984855018e-05
-2.0700146818037377e-05
0.005419399281580139
0.00016214524912793073
0.009148996143239857
0.00022054744522909868
0.00013251450976745554
-0.008658751794441722
-0.000257314383543747
0.5512040378634571
-0.004998341691205114
-0.005276011406582211
-0.022883553150021937
0.00011920374605726663
3.0124596149596954e-05
0.27616762947380036
-0.004479486419134411
-0.0025833064202722897
-0.003958675498901293
0.0028161875796492803
-0.8858880595374632
0.017218594215236888
0.02043812616321685
0.027039471178680274
0.016016272732661093
0.9478755157670788
-0.01062026944323628
0.00011486224199440206
-0.042909350600554785
-1.337467506315395e-05
0.0029295069210920214
0.015847177266509402
0.00036521448199186357
-0.0011177133637566062
-0.012667956020282617
0.006997134013889397
-0.030213989663326744
0.0007114330365928614
-0.006040998853834481
-0.04252816510258427
0.7867300514045358
5.83244910504383e-05
-2.1027138516074062e-05
-0.033038422148738214
0.009146269182403848
-0.0004823928059448292
0.0181785328911913
-0.0006275600891903319
-0.007356612115652789
0.01631780939316584
-0.0035021211397845762
-0.039704708377056724
-0.009987289101489143
-0.01775975255378828
0.0003096495754136905
-3.8107344906420833e-06
-1.1838111528711463e-07
-0.012828552643010877
0.00022456552291115386
-2.2056346066091145e-05
0.0001541414858013
-7.078711346783704e-06
0.018050346290343917
-0.00016693917648889057
-7.014126329464488e-05
-0.0002139505034478537
-0.00013762669679923318
0.0006168409789009803
3.1531126074486823e-06
-2.000843612485579e-05
-0.0012229907782601332
5.8020763833053896e-06
0.00010431783130617416
-0.00017992270809405735
-0.00015516765496614743
0.000913792202102617
-5.512354137522657e-06
5.933593016101344e-05
0.0005613329444733578
0.0004346561987276677
7.928541135220505e-05
1.221893676089552e-05
-0.0013595614305984577
8.209300051032105e-07
0.00011343712206548582
-0.00019020227407860675
3.059489058902653e-05
0.0009431068691209041
4.758019752099748e-05
0.00026850531255240496
0.9933758068176026
0.0014351338024023545
0.0019458366718765328
-0.045232122503030145
0.001876910275676786
-0.5166196729561046
0.0037261197929743524
-0.02143808244978055
0.10678546500081171
-0.00921263092261921
0.9070769059715751
-0.0005486605433755098
-0.0019117626362301875
-0.002188734205132434
0.0018218800209177724
0.044082647316542656
0.009748998499578023
0.0022384796726358435
0.007577446019007084
0.8891112302059455
0.00016649104302318604
-0.0023610955095388526
-0.023007709060646635
0.010524964284482213
0.09716292667223915
0.0022062035199976594
0.002573687602659172
0.8820101524651531
0.00028282498128297994
0.09920642799626883
0.002181277207516102
0.0005619962969074488
0.09904898225499906
-0.008459310831406941
1.0422034355979575
-0.0045675559440027024
0.0018776661354305993
0.00219115222251421
-0.0045975616017737255
-1.1129789360516116
0.729166380369515
0.016197308537743392
-0.06925003424080403
-0.16849768441617366
-0.03239130992470546
0.26785055437328736
0.013429525186347513
-0.002701128791244732
0.004808733628693138
0.2189039212942344
0.005360030586454234
-0.0029826566401092536
0.30001840935954577
-0.004783390183235672
0.4925860019651337
0.05311379716720031
0.290562243096847
0.0007579686290639079
-3.264746481591922e-05
1.6867729781919081e-06
-0.0014084560832720453
1.314657531264718e-05
-3.0638947821128685e-05
-0.003116179082948022
0.0015104527505547935
-0.0002972266566886777
-0.00039396210641951386
0.00022960961073732793
0.0016449611423957882
-0.0005423793206755859
0.00011323927084072314
-0.00018963877402163487
-9.860303393934232e-05
0.47638988223744305
-0.0004315367437985996
-1.8950958135131137e-06
-3.753686385189014e-06
0.001203087732675393
-3.8390951476561734e-05
1.1372949171617366e-05
0.0029592681478233874
-0.0011779310523781605
0.00022469894828079512
0.00018166293381207505
-0.00034350117618101375
-0.0015270333210842116
0.0004021370588028659
-8.065541501192967e-05
3.221444884077943e-05
7.13836803414444e-05
0.39336081309524096
9.322345758579896e-06
-3.4297410053788596e-06
0.1442692574752248
1.6926871969157978e-05
-6.802663400078924e-06
0.0039060778234835426
-0.00036545872272422816
3.800534925909812e-05
-0.0006931213745799164
-5.447028759857816e-06
-0.0013158148199584648
0.00012636280532116108
-8.639059033826757e-06
0.00023677112297267085
6.779666149714673e-07
0.3933964157518779
1.0301809050404112e-05
1.1881611319689635e-05
0.14358476031030817
2.781883787420928e-05
-7.0943517377985e-05
0.0006161952778559151
-7.506564388629552e-05
-1.5234623100205442e-05
4.044004560877537e-05
7.637962387622815e-06
-0.0002032845497350193
2.5330687768427787e-05
1.73762503054712e-05
1.2702588761604588e-06
0.39331552273820325
-7.100202175219206e-06
2.744979921637653e-05
0.14353073726102283
-2.503391781720329e-05
-8.37088369303098e-05
0.0014404669365794586
2.9409140118420816e-05
-1.411964612050616e-05
3.0234606404454604e-06
2.8112898889531935e-05
-0.0004769295299700757
-9.088014135787859e-06
1.6332266643618798e-05
0.014623467118629132
1.0784507377436754e-05
-2.259702502832784e-06
-0.007663085346862676
0.0014996688101299696
6.165946720072998e-05
0.0023769111015397824
2.9191671566495677e-05
0.0035291036232834947
-0.0005431096111074206
-2.292158505813473e-05
-0.0008695772670842996
-1.3634329008296293e-05
0.015968711043339454
1.8689111882408998e-05
-2.346283878596208e-05
0.0008060102983195535
9.524248507920778e-05
0.00015924404958037573
-0.00011421634444211547
6.069626902750751e-06
-0.0002612768993833772
-3.466095804502212e-05
-4.8507802269696004e-05
3.450021456817651e-05
0.015518577057305347
8.672025624005185e-05
0.00012339164008343372
0.00012112992216058312
-0.000243831830127124
0.000159393453857236
-2.8543549097916612e-05
-4.396651871345006e-05
9.938609076445094e-06
8.139104004742623e-05
-5.489346109901913e-05
0.08152979055121423
0.0234814203992429
-0.0012574142385000924
0.057298675606703035
0.001724524770048599
-0.06597586751601278
-0.008439070886545098
0.00046992733803129585
-0.02009109719019825
-0.0006047871177240746
0.16720546233125005
0.02394954873898377
-0.007902173675401235
0.0001277126263464588
-0.008357615721654749
-0.12467093538366007
-0.008803529116735875
0.0028284010498284117
-3.6760103197292997e-05
0.037078279831559605
-0.00025213127576164567
0.00044751719479880207
0.0004754707489549527
-0.00872864432368341
-0.030084077001948283
7.934934584932016e-05
-0.00016397171410394962
0.23497699059414945
0.004128846911912145
-0.019254592287093256
0.002752247556286303
7.722903867974387e-05
-0.17067791179233943
-0.0013727449729059175
0.06952025291433211
-0.0006170079156798094
-4.741361729668651e-05
-0.00017139670779306844
-0.001441683760446006
-0.059668932399629906
0.01347024538173529
0.0029975326007039014
-0.00017656836040795082
0.006669359803090393
0.0002152680686191063
0.023299370372802275
0.0032042334164080564
-0.0009846869868794645
1.3381676574007085e-05
0.00611256596154139
-2.3501289516001048e-05
6.293620615178153e-05
0.031104644684335672
0.00047750157260007057
0.012874169724358259
0.8298087494837862
-0.032257112776074195
5.350026274470892e-05
-2.1774932357842683e-05
4.0529233756440936e-06
-0.0008676147628199442
-6.14292350977397e-05
8.098834188432197e-06
0.0031718139614997
-2.9940402269441337e-05
-0.00016604500345505468
0.0013515254888161376
-0.0002726521632004335
-0.0019171512486640657
1.7925554078540863e-05
4.303293108363217e-05
-0.000323466092278235
0.00010333976872439825
0.009865765972322867
-2.6049034790478503e-05
-1.2366515768179076e-05
-2.667323716087373e-05
0.001826441102873428
6.679485558385151e-05
-4.438517581711868e-05
-0.00649649670332965
8.185928705513528e-05
0.0003500698810484686
-0.0028314946904776867
0.00042224864212337516
0.003605322804886446
-5.1277960823292135e-05
-0.00014540826066023038
0.0008042835815001557
-0.000183943082357153
0.3604290801178148
7.533708447447737e-06
1.1316760743293458e-05
0.15272535481847938
1.0912822804754563e-05
1.45787573169248e-05
-0.0007238301649419899
-5.084274297027344e-05
-9.074617959298076e-05
0.00010178977651754136
-1.0859531290923435e-05
-9.004522654225191e-05
3.023606442454114e-05
4.3425955332847835e-05
-4.1759951797433164e-05
4.985569977434085e-06
0.360401588254026
2.41883534472071e-06
1.0859647270197705e-05
0.15299807347204739
9.128648347025208e-06
-1.1107267583945665e-06
-0.00030603468016983626
-1.0494049247017219e-05
-2.2468664237834973e-06
-5.5363084314058385e-05
-2.9608436822936764e-06
5.7696702235359785e-05
4.410885939123532e-06
8.778646382150988e-06
3.759915585214224e-05
0.36037589927994307
1.3163580141576826e-05
8.904676021178001e-06
0.1528111055181725
3.2546377909707105e-05
-4.94675224585986e-06
-0.0003516073293695275
-2.5108322564332864e-05
2.5996113583394317e-05
-1.642795384333768e-05
2.2968623484706786e-06
8.329963951986381e-05
1.3079914148773416e-05
-6.002401314625662e-07
0.01768507707555639
1.8331291042929846e-05
1.3836322761036798e-05
0.007782706606439739
-0.00024516385715990204
-0.0006966254753766466
0.00033580685052717605
-3.637399148551827e-05
-0.004274378176745538
9.238285349843996e-05
0.00028508427900145536
-0.00011423469834321568
1.4111510456608387e-05
0.01918428227023123
2.9142668509397297e-05
-5.8782922926765964e-05
-0.0006995223018491562
-2.8677026295247657e-05
6.153919403645996e-05
-0.00010300280215590356
2.368277493726744e-05
0.00024982700096701997
1.1329540520825313e-05
-2.0199648242240988e-05
4.009259728563957e-05
0.018578508251724222
4.7255516726298855e-05
1.07301143007753e-05
-0.0008480163681354924
-0.0001601080242479076
0.00016917894243532786
-1.712439747111441e-05
-3.745342868069768e-06
0.00030285216134123534
5.97674154263121e-05
-6.811079528999777e-05
0.03517183134456982
0.004080892850397075
0.007542802323408187
0.009319585768110542
-0.001608403329542718
-0.03609399382408605
-0.0017593747921301186
-0.0031453707660730763
-0.003516412031174025
0.000733165824126625
0.23318540924090414
-0.0025637282127148908
-0.0007094474293061512
-0.0009000385186890698
-0.001705202177038883
-0.200417591054468
0.0009744490641595179
0.0002524225029644212
0.00034839484774645466
0.23396274200135359
0.0010951574761643196
-0.0006002493690396988
-0.003209962176689173
0.0009739517507914374
-0.200922832957935
-0.00039063111339214117
0.00023410856786672631
0.2353539975548964
0.0035675719571526174
-0.0038853726094748593
0.0002572413153366845
-0.00038664837824891544
-0.20212342832778216
-0.0014447876469773269
0.05604232828659313
0.0007399127662290705
0.0003892554784770912
0.00024917315374941315
-0.0014802189112965041
-0.0568414046284835
0.00931590395986766
0.0007348349432133624
0.0013343168407305172
0.0013845105213168654
-0.00033383057279124
0.04316317557072953
-0.0003677980625486324
-8.91652566083442e-05
-0.0001503793621441819
0.04321968813596839
0.000135459548944777
-9.598686726065733e-05
0.04350327672252086
0.0005972522885688615
0.01447839702420977
0.053073147699662995
0.2907053961994432
0.0007339009892232873
3.2460160366743835e-05
9.593298542406573e-06
-0.001473510875535402
-1.8203121808099823e-05
-2.0646609764081274e-05
-0.004157554141662186
-0.0006789606378913086
-7.295757092126367e-05
3.689487931990922e-05
-0.00022248497444937008
0.00201442086141763
0.00024271200282261637
2.6093492005095647e-05
-0.0003438925311763847
9.461319132744934e-05
0.4763437133643851
-0.00044131719321414574
6.787391266717764e-07
-1.5960217691509118e-06
0.001176985732857128
4.268366384275873e-05
1.4021829187083987e-05
0.0034630280025703987
0.0005255392685589551
4.1000706957373956e-05
-0.0001138405183949907
0.0003068892169914388
-0.0017552808101709936
-0.0001746662683864912
-1.7268383411225462e-05
0.00013656301929227576
-6.96166105222752e-05
0.3933709925893325
-4.990764200940921e-06
3.7217238452763217e-07
0.14432726848758842
-1.0888235009012782e-05
7.752015228519033e-07
0.004268937421341499
0.0002265461081547023
5.271672931236303e-05
-0.0008067809633238601
3.616633574240351e-06
-0.0013900933529227555
-8.320565222588153e-05
-1.782885035044192e-05
0.00027507934183831315
-5.957251733295316e-08
0.39342232559914675
-8.073691894454479e-06
-6.597013906685836e-06
0.14364461855460503
-2.1206011718788134e-05
3.1957679057355016e-05
0.0006377799952612291
6.0223785276220415e-05
2.9684351503720745e-05
6.75525828849823e-05
6.359766148704426e-07
-0.0001878188178848657
-2.0247785776393095e-05
-2.1704957884950264e-05
-1.1176322064145236e-05
0.39334104979108375
1.4722865218299955e-06
-2.099775875607559e-05
0.1436020149574891
-4.6349320903530866e-05
7.815683312712846e-05
0.0016508795189258173
4.851250919650309e-05
1.9065611644078994e-05
1.3051637422601719e-05
-2.6222361615570456e-05
-0.0005247947873140854
-1.0776738689461836e-05
-1.7324353274705556e-05
0.014634386417001585
1.3096376564579216e-06
-5.100894331448636e-06
-0.008151275516659763
-0.0009501491706985427
-7.246172387727528e-05
0.002600949953713652
-2.7402425350101884e-05
0.0037304113358816375
0.0003402178737496609
2.3788396649044322e-05
-0.0009539646287670678
1.2476014922416788e-05
0.01599840086056009
-2.055085157919869e-05
7.312242807722725e-05
0.0007351981505215559
-6.800138564788486e-05
-0.00016745474384706244
-0.0002469335271754412
-2.504960098913312e-05
-0.00023645982612428729
2.5283712859724915e-05
5.1964830281389335e-05
8.410285247527813e-05
0.01552332676316779
0.00016111384094870252
-0.00014142304450204685
-5.949914929833041e-05
-0.0003146634095909852
-0.0001771882028939826
-5.702249758083035e-05
5.003030151816731e-05
8.163884759972164e-05
0.00010818239703328952
6.229638354983237e-05
0.0714830044426198
-0.008258140477012276
0.0006042827940943792
0.06556736683978899
-0.0010329690573713734
-0.0587381728727744
0.0029735672420795937
-0.00025014563947976673
-0.02304596853573325
0.0003589758303574265
0.17716542569297136
-0.01763474252638037
0.0020080543234005186
-0.0008049414104246038
0.0029568000131181623
-0.13169203390375112
0.006503787370312565
-0.000732267983579673
0.0002710379778035397
0.03654059187172262
-0.0040396415232841765
-0.0004133156870269958
-0.00025731406381564756
0.006439079891101066
-0.02972422094583002
0.00143835566414721
0.00015503103726152007
0.23259995532972802
-0.0039545699184307635
-0.022191592199347705
-0.0007024838541490406
0.001444823590074547
-0.1691432910177667
0.0013185461995923711
0.06926760908932321
0.0003579559935865558
0.00029255636722608783
0.00015834945372664134
0.0013831372711249536
-0.05949893479499302
0.012171859138539727
-0.0010623848829269306
0.00010497437077219161
0.007716958850728371
-0.00012367712915207674
0.024537443285387383
-0.0023716584814106115
0.0002559062153395011
-9.88145517160901e-05
0.006053801668318452
-0.0005141216966789885
-5.930903587738373e-05
0.03085916818345425
-0.00045947064911005327
0.012848608415845859
0.05305507697037891
0.2879480629217876
-0.00020776068586135537
1.0726747932613177e-05
2.04528816814333e-05
0.00012699885249797355
-9.194466664021157e-06
1.612693370470332e-05
0.003979292229327702
0.00016110256986557724
-0.00014509706672993664
0.002489632734888194
-0.0007497485987124363
-0.0010788336704407125
-5.96120735794743e-05
5.28513779966741e-05
-0.0010143292142064642
0.00026454344763463856
0.47722445487682413
1.0470345397082242e-05
-4.471052328839623e-06
-1.5786735636377232e-06
-0.00027232031231898523
3.896160087905338e-06
-4.738455080303523e-06
-0.0030540653997417067
-0.00013306191164854162
0.00012579851536720596
-0.002262247321766245
0.0005902798747105781
0.0007284703729995554
5.301342506460422e-05
-4.272889347248178e-05
0.000814098160835912
-0.00019118663332039074
0.39265413031882235
-3.7443413491844197e-06
-7.858187973204371e-07
0.14178920689379843
-1.9709615543279095e-05
6.430140355582347e-07
-0.00025514989786188356
0.00011312549336339719
4.365747240763897e-05
-5.9598691800950084e-05
5.322917162110979e-06
0.0001777554121265478
-2.661427394212044e-05
-1.54966225990583e-05
1.8393007709933476e-05
-2.095480492025158e-06
0.3926671300915935
-6.142960566363276e-06
-1.9255532788834106e-05
0.14162430140260182
-9.341952745350733e-06
9.191439693282048e-05
-0.00043430532980088903
-5.0682519614443585e-06
4.327886456397019e-05
-3.654412217676421e-05
-2.4443556595979406e-05
0.00020537345534006417
1.7116603147491014e-06
-6.907998451601652e-06
7.683902203260905e-06
0.39268479890822455
7.798871747857431e-07
-9.379229961883748e-06
0.14165224569019622
-9.729246401460038e-06
-4.183076850976636e-06
-8.195477165989964e-05
-6.203503148631393e-05
-9.72073470736968e-05
4.394980184824246e-06
1.3990574505720942e-06
8.956856324460327e-05
1.7526372567151766e-05
2.7168951141732224e-05
0.015308752989574362
6.877917733218146e-05
-6.2899644732492844e-06
0.0008300527695480184
-0.00036007169357889457
0.00016890185612968486
0.0005998947182559321
-3.9542361210227726e-05
-0.000225431281566048
0.00013293732560573705
-5.6697697708806504e-05
-0.00021749746418521472
1.5538874870517597e-05
0.015834183014344482
-2.6209693351801225e-05
-0.0005254493862344254
0.0024813438502655515
1.8845151053071937e-05
-5.723466777424305e-05
0.0004236510640929106
0.0001797357719565603
-0.0008623297770912962
-5.917416658339134e-06
2.3824419888853448e-05
-0.00014520651000603476
0.01551197576187903
-0.00011424904266780193
1.90743098025672e-05
0.0006538893268021402
3.1629135163900524e-05
0.0007011082089579809
4.215385366442457e-05
-6.111726314650272e-06
-0.00022786220165054287
-3.50323675861136e-06
-0.00024188118663385697
0.21748194658664027
0.003136429008678735
0.002845363996232828
-0.10227919255948775
0.004502914587773228
-0.1575284004605083
-0.0010618086714930107
-0.000997442008778278
0.03347506238657792
-0.0015883453438486131
0.09530447405693342
0.0009714858471671095
-0.0014777481562087583
-0.000545333301174984
-0.001093846867848231
-0.0780283423080302
-0.00034129835844153294
0.0005094593986756987
0.00019450235017032637
0.0738321285120257
0.0007015702250567783
0.003292822581133725
-0.0010016258922007281
-0.0003410333047775973
-0.05763613449638763
-0.00025738507963130676
-0.0011775906712381354
0.11777704733887749
0.00839536664663542
0.033060742202094304
0.0004918115353044372
-0.0002777847960078948
-0.09272573544134335
-0.0029556653581981254
0.18882195642602373
-0.001538692053770364
0.00019687620834564655
-0.0011825795544875652
-0.002894318356046315
-0.1385829359468878
0.02867746372317061
0.00036904308863596917
0.00035122826754309047
-0.010534703057410454
0.0005415650428986079
0.01606694449452742
0.00011901436906299221
-0.00016877378979468185
-6.987067766873057e-05
0.01126502106468075
0.00010047711007613437
0.00042202736815995944
0.018428508940232402
0.0010148921199175053
0.025504753123959605
0.052808990983238414
0.2884849768917105
-0.000239466813800898
2.8916435344286407e-05
-4.6093191628987906e-05
-5.6146545166865096e-05
2.3416571534879395e-06
-3.298630325637937e-05
-0.002302369947745902
0.00035430690987633886
0.00014825511356962196
0.0016175665011508066
0.0005395010361092124
0.001197913022267075
-0.00011873834904248516
-4.895391203867461e-05
-0.0006376912363422217
-0.00018450280504989758
0.47705982278527603
1.1819461545619159e-05
-3.955303078224496e-06
5.133729244189767e-06
-0.0001867833849575939
1.651650352051915e-05
-1.2143918696641966e-05
0.002154658682752826
-0.0003008997045468952
-0.00011086089231652963
0.0002432236765627494
-0.00037037713904361155
-0.000842423064471218
0.0001095492432611777
3.19601361451268e-05
0.0005006512172111695
0.0001267625810829837
0.3926666757488519
-1.0575076569556601e-05
3.131018512455898e-07
0.14167322389350046
-1.72230310277794e-05
-9.038011031576996e-08
0.00014196359048536714
6.901578188245932e-05
-1.3329858914952424e-05
-0.00014382428477108223
-3.4408807624127853e-06
7.197499086360502e-05
-2.823212894544715e-05
2.2797366639739045e-05
5.843067066100832e-05
8.118101385849916e-07
0.3926928713707922
1.9194818957764523e-06
-1.711439787220806e-05
0.14157771615343345
3.6276749270358284e-06
-3.0152585604179493e-05
-0.00022669598715000433
-5.378961728500689e-06
6.505623813585338e-05
-2.3101432569735234e-05
1.4189509641431147e-05
0.00017196722788959064
1.2881139199761159e-06
-2.1447887686648756e-05
2.0512521025010513e-05
0.3927840062286594
-2.3381677584065054e-08
3.6798754497427538e-06
0.14206620517943547
3.3726610910018796e-05
-2.0010477931248567e-07
-0.0001202146689517544
4.858043097998488e-05
-9.064819501139912e-05
-2.094145486030185e-05
-3.7189894432555047e-07
0.00012075021855488145
-3.6983915325222526e-05
1.717063590119822e-05
0.015287473458360196
2.7727666701101567e-05
3.374217270903142e-06
-0.001010538593847704
-0.0001489006273718341
-0.0002072952071992968
0.0008912837376819392
2.088196950219766e-05
0.00040709181926962853
4.785068914242945e-05
7.512444050129589e-05
-0.00031357670222689293
-8.085813321310583e-06
0.01572441204298867
6.128051268222101e-06
-7.168029628029437e-05
0.0012058915569652122
3.284833290382866e-05
-0.00011833187029823103
-7.69662785097947e-05
2.552515901813196e-05
-0.0003854956132531914
-1.110787463971621e-05
4.183517129066801e-05
3.092895177663613e-05
0.015534978544031852
-5.257338678817556e-05
1.5493908109974023e-06
-8.069306951689365e-05
1.2965111351414304e-06
0.0006584484067802246
1.251786804437118e-05
-1.0832574805948778e-06
5.07175532845375e-05
-1.682762155744023e-05
-0.00022201530301546596
0.03109456760466263
-0.0006103272373791808
0.0017868360644975967
0.03938314346567446
0.003616892156607879
-0.026326606182776668
0.00024002079365797996
-0.0006239268891047487
-0.01641189996180338
-0.0012735059472880228
0.1004456390116685
6.650963152314938e-05
0.002533794885374552
-0.000767584928591602
0.00023506849615029127
-0.08182291171806852
-3.407114833011521e-05
-0.0009425862258455055
0.00026556740931582746
0.2275720110607069
-0.001943018838517078
-0.0012881733197063032
-0.0006324405418390794
-2.0820241721904836e-05
-0.1639053755384785
0.0006745228370253244
0.00044238831473863993
0.06719953725212299
-0.009798454422165486
-0.016572815079974094
-0.0009174230690157465
0.0006746018001614531
-0.056825367891192455
0.0034134228191386963
0.23968737705153223
-0.0012913792904017249
0.0002375758501953627
0.0004425638231501351
0.0033753430599149517
-0.17202938021649009
0.005594029635017168
-9.238460831391456e-05
0.00022059370367717165
0.006955436702706989
0.00045561708416608134
0.01675334881747402
1.1344484957799486e-05
0.00033699423867345835
-8.237652255236694e-05
0.02962084795379051
-0.00023383402158260475
-0.00015162123612084242
0.012090529192156235
-0.0011732398025932188
0.03099901741046275
0.05306192508033542
0.28795766784743304
-0.00019399952535405422
-1.0796506420871333e-05
2.8215898439305733e-05
0.00012527422169706309
6.537443499660981e-06
2.008068515463481e-05
0.0039841473032058775
-0.00016901977300800208
-0.00020949337787029386
0.0023095984360530977
0.0006868311851384403
-0.0010775588510705196
6.726307508499033e-05
8.052930000200905e-05
-0.0009524955592006732
-0.00024323084506494772
0.4772234941953884
7.679714034898271e-06
4.089542035288612e-06
-7.198638738398587e-07
-0.0002605324831016176
-3.895507791668494e-06
-1.4694125965917796e-06
-0.003047304784404326
0.0001805643947827167
0.00019879012161075184
-0.0021049253849703903
-0.0005399949209643168
0.0007299190929018363
-5.338516064538548e-05
-5.987578669115625e-05
0.0007656408794024505
0.00017684883910741247
0.39265925491414555
-5.620149613331257e-07
-3.8779678505199995e-06
0.14179870507585113
6.2604043196516795e-06
-6.444093024473712e-06
-0.000242584540194576
-9.858079312193455e-05
6.668185601575208e-05
-4.937224800688364e-05
7.788087111848456e-06
0.00016881093812396217
2.3183214579066868e-05
-2.409387381401402e-05
1.3335455986249712e-05
-2.3289100206524383e-06
0.3926735288493459
4.860095748947542e-06
5.752487324901375e-06
0.14163439848193848
8.019351048911175e-06
-8.432895631675506e-05
-0.00041503606435307905
8.235805365954753e-08
-3.293897899044916e-05
2.5133068192302958e-05
2.1774707391245185e-05
0.00019212133200698328
3.0621371368720737e-07
5.0797999090924854e-06
-1.1583997151003311e-05
0.392690090007625
-6.391263172867108e-06
7.984373021498717e-06
0.14166719821090754
-9.513642587411272e-06
4.626390790152914e-06
-6.426895390719214e-05
-6.635913410331487e-05
0.00010113524238427717
6.205383782857312e-06
-1.3821060632979764e-06
7.97040958772181e-05
2.4633334774700338e-05
-2.8755198182339515e-05
0.015317183591359008
-5.48100257885792e-05
-9.741288798628775e-06
0.0008099778724082277
0.00031344902696564243
9.619559729652606e-05
0.0005531967095224813
-1.6629215373527585e-05
-0.0002223682243056956
-0.0001154787635372958
-3.2469692786419544e-05
-0.00019961215518371166
4.106512238622039e-06
0.015845268657694124
2.3557513425662647e-05
0.0004933401167535427
0.002437740503938637
1.2752081075703404e-05
1.6112137228828193e-05
0.00011553068396582584
-0.00016823445427055218
-0.0008467070520003425
-5.758833325007612e-06
-7.688627486875026e-06
-3.9848968730204305e-05
0.015520499330300903
-0.00012499368660439728
-2.0120621863477956e-05
0.0005791919312982334
-2.5633826321834474e-06
-0.0006893138065150885
4.5663113183040475e-05
6.399887666086905e-06
-0.00020347370807791078
9.245163675280706e-06
0.0002375941175136601
0.21718425852937137
-0.0027664438165051746
-0.0015058532718866568
-0.10207807265772165
-0.005193563075136135
-0.15735208804396988
0.0009335607036481217
0.000513879885702092
0.03340180111392152
0.001808117953437831
0.09439845514605887
-0.0004495077548380968
0.0020580608106102686
0.0023291141762408064
0.0009628446722252983
-0.07739482032692757
0.00015517249122144714
-0.0007191245490594584
-0.0008184091703408059
0.07562971151211215
0.003524963043887606
-0.01084199417747674
0.0005125820797564114
0.00015520577463067878
-0.058938012182795374
-0.0012540721316428131
0.0038171878144891078
0.11759013595229002
-0.007069973745426595
0.03300079434086778
-0.0007067903001458021
-0.0012743758223858846
-0.09261958999666373
0.002504340678421415
0.18691627524018084
0.001764996389531505
-0.0007819777351947136
0.00384657194934017
0.002447440531786663
-0.1372855759745565
0.02865194933618723
-0.00032404612792844717
-0.00017501020246845367
-0.010511786783192343
-0.0006134248967802658
0.015958086961044705
-5.3016286974675e-05
0.00024531100655737537
0.00027336615353617947
0.011500567440784969
0.00045211082210926806
-0.0013523031886809268
0.01841538251366967
-0.0008630673279255069
0.025284882860827564
1.0478955069794202
0.03003485471151565
-0.00014173657294395622
-1.8995987135082568e-05
1.3819591224027076e-05
0.0002886278554640148
2.78491583559252e-05
2.2982898553182426e-05
0.0016592321171906457
0.00045140761239912807
4.845762178052674e-05
-0.006175382931531076
4.527762839111029e-05
-0.0015530938788426308
-0.00016567628203347504
-1.3013653546996586e-05
0.0016230357265983896
-1.370948612960973e-05
0.010828791965190472
0.0005484991463001834
6.415802210661864e-05
5.965265921589979e-05
1.0964178276864698e-05
5.690782365135747e-08
3.249164727453392e-05
-0.0032386968596445197
-0.00033204612819460013
-2.5449651814103437e-05
0.0025346462915178916
-7.929839571296936e-05
0.0018336959845460755
0.00013311952364983254
1.0211912947490385e-05
-0.001185247713571124
3.2626169924759006e-05
0.5557979047323365
-4.6281405279326984e-07
6.707471736336629e-06
0.10208478468910612
1.989333412818971e-05
-4.3180956770782e-06
-0.0004640581322107245
0.00018964280384145543
0.00014687198764901693
0.0007132447195087176
-1.596140624517848e-05
3.0524326949724057e-06
-9.218060904818455e-05
-9.004682355929552e-05
-0.00029007819495029737
8.067437936923216e-06
0.5561810553562034
-2.673657024242249e-07
1.966588671551057e-05
0.10172589365890436
-4.716119581466514e-06
-3.213732929034313e-05
0.001074882492146108
-1.1581444663901142e-05
0.00018296906074153108
0.00013797569388249574
1.9530202851354754e-05
-0.0006078760494805688
5.934687667767501e-06
-7.985540617387565e-05
-7.878365279999189e-05
0.5561713911376156
-4.293499109280255e-06
-4.662848717300725e-06
0.10139970138541096
-1.0393753936664788e-05
-3.585884427569984e-06
-0.00013557597738201877
2.4626754061701722e-05
8.259526491984111e-05
1.700570176151193e-05
2.519451808228442e-06
-0.0001234523964153432
1.4648866416322265e-05
-5.571964951909756e-05
0.005670320883694625
-5.291598268466378e-06
1.107710583425657e-06
0.0002808466988082268
-6.494494955021493e-05
9.947002190787768e-06
-0.00038709041777114513
8.779807144458622e-06
-0.0001532472837521808
2.410352940927334e-05
-6.7115518643526614e-06
0.00015700845288385703
-3.914816267191296e-06
0.005805293587681004
-2.2212924932291097e-06
-2.2602240894403964e-05
-0.0005696784214676521
6.323719866201986e-06
-5.723340369796969e-05
-2.4797973260241318e-06
8.900767904934494e-06
0.00020667574477058003
-2.7272815360725603e-06
2.213499677416134e-05
-1.330762049481621e-06
0.005726279951464632
-2.1103545123342202e-05
1.8276403657783113e-06
6.530092894215802e-05
-7.007275686021251e-05
2.4727069615215582e-05
1.259556412435675e-05
-7.863886459514645e-07
-4.5158469465530595e-05
3.803375687386705e-05
-9.96585223364524e-06
0.021058799964919217
0.00022820604350838727
-0.00016131842932453846
0.04318236707799423
0.00027418909690642493
-0.020834340908795546
-0.00010646240777784045
7.445434395286587e-05
-0.0205337473723588
-0.00011634241792681907
0.07139072074034296
-4.291022751737049e-05
-0.0011484735543256745
-0.0003469749229974777
-0.00011125263159528857
-0.0685608093414449
1.9622215196333744e-05
0.0004908242440106475
0.00015498948767672183
0.021908413684226566
-0.00041487406162255924
-0.0007127799491499741
7.151787234626601e-05
2.090557358328838e-05
-0.02109203806690161
0.00018112429937284716
0.000324051432079589
0.05838915209091852
0.0007317052911031199
-0.02050093601267801
0.0004929105048868299
0.00018904799036844965
-0.05662003290396868
-0.00031267102284013103
0.018621945897304044
-0.00011204562251329614
0.00014968709014384705
0.00032095363249012626
-0.00030516818421851715
-0.018310143240224525
0.005174680119109433
5.139624260561476e-05
-3.311789561936109e-05
0.009789273892840053
4.6918901804297863e-05
0.016536684938698466
-9.501922957650688e-06
-0.00020826761787826975
-6.652802022488586e-05
0.005081686145800554
-8.240283473890089e-05
-0.00014535951035425036
0.013797588422571432
0.00012893482915912865
0.004509917713301434
0.05347109206178176
0.2872770510504231
0.000444890391950169
0.0002557691722019987
-0.00032909481832897716
-0.000897209522821194
-0.0006313501949763772
0.000633623509712666
-0.001015452333843433
0.0005917132252821265
0.00022596895041791478
-0.0022457510741557152
0.0017965759824734066
0.00037652746681645657
-0.00015607252259019274
-0.00011921540926979347
0.0004564124633491254
-0.0007499694502091829
0.47753080875008735
-0.00014642327762893201
-9.440486640043534e-05
9.82887251404404e-05
0.0009467952968781004
0.0005952346852669801
-0.0006753072617245457
0.0011042915890522053
-0.00047717523867289344
-0.0001844726759198426
0.0016175748841297623
-0.0012149493826731565
-0.00023481214521055285
8.138421374815673e-05
9.561090874725854e-05
-0.0002797887224219638
0.0006563962250094272
0.39266763008340266
3.22714134046024e-06
4.260817588742247e-06
0.1415482224828997
2.642602913356301e-05
6.152353410141859e-07
0.0013388583506875416
8.647939648628221e-05
-2.136830024055523e-05
-3.055989504889084e-05
-2.1254176483655594e-05
-0.0005249051046603897
-5.823137182955683e-05
7.368927534690122e-05
5.219511594447967e-06
4.612840225913282e-07
0.39270878548596005
-4.358658513009339e-05
2.5617770787602678e-05
0.14162086006627378
-0.0001671133720980048
-0.00043364245907486106
-0.0002324907063402973
-0.0001655653114632553
4.5697435407550183e-05
-0.0008917428538638679
0.00015767336510284097
7.807538217020263e-06
5.4935877316319325e-05
-5.325884966440174e-05
0.0003561497492768226
0.3926818681054555
8.446949151470862e-07
-0.00016785451947788686
0.14173128546101274
0.00041984619339140833
-0.00015601777357235124
-0.0001316971850126299
3.849720804153433e-05
0.0007534336324140372
-0.0001686946109241559
4.986631885922495e-05
-1.664357790671526e-05
-6.331186304044068e-05
-0.00026684522080855995
0.015854870093721447
-3.963766383398601e-05
2.614270663536606e-05
-0.004997896553478676
-1.6870629555152536e-05
8.813180634280305e-05
0.0002444072655367022
-9.497180539635139e-05
0.002373038554593772
2.4242408006517955e-05
-3.561394115260503e-05
-0.00010198079746488519
2.6825793888863233e-05
0.016148496209104996
0.0004867469411773844
0.0018370178328087493
0.0010249675445204972
0.0006153757635819538
0.0003117524350338097
0.0036183570157138144
-0.0007808661762814383
-0.0004530424050882706
-0.00024307397935888008
-6.265515949916031e-05
-0.0016193875987296977
0.015707030696794307
-0.0018166552044980452
0.0005578278671628729
0.00034633054161849674
-0.00042356805947782244
-0.003168408393253508
0.0007944233049421718
-0.00021329429483974368
-0.00016923981947289195
2.5731597351159858e-05
0.0013241992720062455
0.09918456403188666
0.00033813725759629853
-0.000916989992384931
0.015035949102528947
-0.0120727828124917
-0.08184622488808695
-0.000174508795117695
0.0003959783276814464
-0.004717350931369945
0.004601279202116292
0.171605091148133
-0.05851848888456611
0.0016796694932456782
-0.003655007386923614
-0.0001759633979127793
-0.1266021678940868
0.02015735646157959
-0.0005333460893659013
0.0011511263719045297
0.10376582072346244
-0.007215062640902683
-0.0028154541610578105
0.00039502803265893823
0.020056771252474896
-0.07972990578302344
0.002480156612235832
0.0011258471637887592
0.22536226504105464
-0.007129106107118453
-0.004568798490911649
-0.0005603319998904027
0.0024488857165372866
-0.16298938795346296
0.002248463867751971
0.09843655552139871
0.0045508037834992065
0.0011304889995304244
0.0011469100551972904
0.0022753695397188856
-0.08112957762192721
0.017021181787950528
8.758651521024129e-05
-0.00017475274695803055
0.0013238255889808622
-0.0017462108315209905
0.023458955740639467
-0.006888975880747887
0.000175231710983191
-0.00033015252315237207
0.015355592948302646
-0.0008382718088671204
-0.0004659411680871915
0.029598624696123413
-0.000693929461536479
0.016863781278681725
1.0479788020827407
0.030011603728816505
0.0019899454773028022
0.0001631457289746678
0.00015309388286724086
-0.0013875790437916761
-0.00010512956088754626
-0.00010202234203302116
0.0011938162623455653
0.0007855125351582041
6.110703627051115e-05
-0.004026368070608538
0.0009890537111056075
0.0006718133650629372
-0.0003698396037765579
-5.797986446470139e-06
0.0019591921551526522
-0.000641361307711169
0.011092068759877893
-0.002654145063025395
-0.0002225517089122869
-0.00021711861553050347
0.0010107915866484794
9.477106054424712e-05
6.56648013631815e-05
0.0019579238754550603
-0.0005465267037255241
-9.803286653788917e-07
0.0036718619547498705
-0.0013008716549009034
-0.0011163526915652596
0.0002919113257370426
-2.0887134888750433e-06
-0.0020348951278048536
0.0006653041640630356
0.5561762434216535
-3.3487983226376363e-06
8.620473002915772e-07
0.1016068219157091
4.0557316941473823e-05
-7.622441072793171e-06
-0.00940488549468365
0.0011813469111937262
-0.00029870338379616964
0.00018078352290955483
-8.411546960632689e-05
0.0045517731021757725
-0.0005800417650719756
0.00016168595550802834
-8.625817446494602e-05
3.565399841258825e-05
0.5563136671138347
-0.00018206173686678367
4.099062455863688e-05
0.10193821493532605
0.00017425960918094534
0.001277173721894372
0.0011539887542819573
-0.0002384936275908192
-0.0007082154840044751
-0.0008431866222455813
-0.0006085833217071275
-0.00039114377163941495
0.0001089801456169307
0.0003434845252928638
0.0004013742118210826
0.5558648045206878
-7.579078313185932e-06
0.00017309559597040875
0.10230571346959239
0.00017798949367585565
-0.0002749902154652298
0.0005083248754142859
-0.0005464223797105627
-0.0008885761187776146
-8.78300528028199e-05
0.00012656068498805668
-7.428607552590171e-05
0.0002355933406516594
0.00040702631889811175
0.005795101097671238
-1.3342809487254051e-05
3.939527044125977e-07
0.004274638070960891
-0.0005330008650132178
0.00011197369848207202
-3.3701118994602496e-05
1.545671592727365e-05
-0.002213609967450907
0.0002775060994301648
-5.711927755268571e-05
1.7219039064255115e-05
-1.0565923886179311e-05
0.0058467307245342525
-6.000844846293424e-05
-0.0005220749343330495
-0.0003616240575505473
9.935403933131626e-05
0.0003055677958519086
0.0003520028512137747
0.0002743747070293885
0.0001941116782094756
-5.0146950362118134e-05
-0.00015653150580766082
-0.00018151088635814358
0.005693136194104784
-7.920458441849695e-05
0.00011766320017036089
-0.00010161819316784716
0.00025548036753240006
0.0003897560612784702
3.855824983585808e-05
-5.895022587314421e-05
6.318022261572794e-05
-0.0001304623157877516
-0.00019661854771931675
0.07005290083338671
-0.004747877806757787
0.000755700374467523
-0.009155541444065739
0.003280327017593643
-0.06806626103083922
0.0024013616111741173
-0.000362953172194953
0.004578175216574398
-0.0015541173029334004
0.020085306804413956
-0.0020229047465445127
-0.0005055017962181827
-0.0006072202655188087
0.0023697227047461255
-0.01992321138026789
0.0009564538909250949
0.0002445940695359277
0.00029033814992186205
0.022123518074632205
-0.0006562015129916749
0.001545460191704724
-0.00035931221356975995
0.0009562315041098206
-0.021531131521983868
0.00030651859402303864
-0.0007497145813301724
0.012157070879151795
-0.003926066175836316
0.00453661630715142
0.00023824920329165941
0.00030431831565147114
-0.012418973411475421
0.001800605146806147
0.06744193353426514
-0.0015422373898335484
0.0002909417779441988
-0.0007426524351606466
0.0018276979379595747
-0.06523971976078885
0.016622321596878476
-0.0012079622313090756
0.00017427353129701112
-0.0022899756373063115
0.0007367957367413388
0.004948046454804022
-0.00045212893045510374
-0.00011470018941865873
-0.0001402777801347353
0.005243390328797021
-0.00014238571936935868
0.0003629163052889384
0.0031831682692549748
-0.0008421869883733252
0.015851623741549643
0.5163213460845315
-0.03368945269336615
0.018519327035677394
0.049083905027210106
0.04160727417977682
-0.00044067429354403094
-0.0008073011688870368
-0.001164465597322192
-0.014544120216938714
-0.003734564880838032
0.005166971092245232
-0.047472475394246205
0.03077705257152697
0.1515310887169804
0.029977502214257788
-0.024623647828579454
0.1724569595783923
-0.028566115590138108
0.0009137092019353667
-0.00048373862456572926
-0.0006779022153634625
-0.0018265167935789558
2.01757977510087e-05
3.704930196338736e-05
7.01361559015111e-05
0.0034698166182895586
0.0008620790098925577
-0.0008036736293174445
0.005567435151511517
-0.0013749727006258775
-0.0029437934747462194
-0.0010897842599311368
0.0010608445757347576
-0.008356666691321537
0.00141778361657776
0.8568246289740216
0.026953469484436856
-0.020758138427113017
-0.03705657162103082
-0.0007703270414419871
0.0006537918031943614
-0.02551581546892666
0.004022601708270086
-0.021310828872227038
-0.0024271695247009856
0.0027627321512356104
-0.006271238314040535
-0.02110593852373378
0.07614451175928728
0.0077243543856459615
-0.007539920147606899
0.8539970156383205
-0.09186191203555662
-0.0007879068489940949
-0.037911546125032974
0.001530794838907933
0.04841462423845648
-0.004544938830841786
0.00174119115999168
-0.01921061705384475
-0.07918587880416343
0.024494364544232643
0.016646317844391308
-0.015917987108962868
0.05494323728868712
0.03889718044381797
0.6719199216294854
0.0006475197118227852
0.001508709441503405
-0.02779974374058891
0.02367236111683215
0.0017933890610918875
-0.0006492613642457667
-0.015077666505488082
-0.048950489902569914
0.0399422141205481
-0.013886425251272694
0.0011525608147473928
0.03752765257286424
-0.04526614881843714
0.00049809206707448
2.5356224012959183e-05
-2.1876439005961963e-05
0.00030039493531605605
-0.00010831503257792703
0.0012101860495757153
6.146643248333933e-05
-0.00014481055389397798
-0.00023425401542030968
0.000614055465969666
-0.0015664750065888808
-0.00013904217158260747
0.00019391385961456343
0.0005352737416647733
-4.074019054562368e-05
-0.0010233204789664146
0.00016809290733358755
-0.00014292114694541643
0.0009500495480337687
0.0020832249333859834
0.00040553049842889915
-0.0002381223768900027
0.0002584672281796389
-0.0011871687922634113
-0.001968092529788696
0.0003546197755691246
-0.0003256685647864498
-0.00014741285460398096
4.9808476500908346e-05
0.00040514127250865
0.0007128106603723667
-0.0002193823029629954
0.00024947537522231804
-1.4505507822603917e-05
-0.000863866341977965
0.00023456369199268464
1.0245652948707993
0.0016338230637683096
-0.0123431026760066
-0.04472561449900157
0.022550838930972365
-0.9058020417959105
-0.011043640451871945
0.040150929665884974
0.1347792504537209
-0.03169656998962727
0.8752343415907649
-0.0022491143160505416
0.0008885785061096814
0.0024624957948110567
-0.005653145805413668
0.09096722014605625
0.010358040018252874
-0.002989919887673817
-0.012294785850821312
0.8701389515682575
0.0019131693630932154
0.0030632725341243074
0.03740075570680123
0.010883174597227468
0.10692290339012098
-0.006034157339818545
-0.013038500894842275
0.8872841350411118
-0.012061978963981665
0.11910833921643138
-0.002497335206596449
-0.006008863710621469
0.1007404988835461
0.03934277008708442
1.0029702497812796
-0.03468351817884509
-0.010958529304363149
-0.012765238255651516
0.04061220784584215
-0.779874383818327
0.6121899144057367
0.032658492933558464
-0.056074826175499484
-0.0810975964656263
-0.040550421309839345
0.29175307300651304
-0.013553911928581467
0.006832660597175152
-0.007480610661617142
0.28133089661860566
0.010782309324158149
0.024159880273779927
0.24836391387763454
-0.003440103869214846
0.6494323421540247
1.04690549727626
0.032413302670602474
-0.00010691333829487052
-0.0003020359176421299
0.0005177091741256988
9.795197525413291e-05
0.00019996114784190318
-0.0003527724884738406
0.00556427601435088
-5.583062744956589e-05
-5.355768017195019e-05
-0.0027867083126616307
-0.0006566179418942702
-0.0018118113262361115
-3.231383572638432e-05
4.746193550173166e-05
0.0017791678492833829
0.0005179995012562502
0.010331992830313805
0.0002143166337472882
0.00040317871223732876
-0.0007291334185224431
-2.4651492092721374e-05
-0.00016455893200994132
0.00023824378567928207
-0.002911323092053498
-0.00022342543469049955
7.366050482795775e-05
0.00378095002865807
0.0010583564063682393
0.0014112393274224664
0.00011501744923093232
-4.6402087386228456e-05
-0.002099639657509373
-0.0005410036387949827
0.5559671895594328
-3.423640458778009e-05
2.02197792744351e-05
0.10266045083086356
9.40864754495294e-06
-1.5043766839614013e-05
0.0006159730948334238
-0.0007945806716317639
-0.0004060626370350166
-3.812744050331477e-05
0.00011213670367446279
-0.0003247341216133764
0.00037695161331177923
0.00025030162613637113
1.306944562080302e-05
-4.761028837561505e-05
0.5563900105385855
0.00016123651599935488
1.0177420011708638e-05
0.10224244444314604
-0.00016392993812540456
-0.0011529530619125488
0.00013190330827869592
0.00013647014238497092
0.0005806933030801338
-0.002374639537972875
0.0005583802050504109
-7.610812810014007e-05
-5.981173260118012e-05
-0.00030271140796640913
0.0011630269819560986
0.5558730591009792
-1.5421866166110434e-05
-0.00016366652417655186
0.10283067778900898
0.0009952726365506388
0.00017596735636536806
0.00025870322174843027
-0.0006582582107628261
0.0011310910559898576
-0.00048946051545305
-7.849045762273158e-05
-0.00012748405627272896
0.00026031711698869654
-0.0005377231371766142
0.005676075034538749
-7.181581707058505e-06
4.235592621087516e-06
-0.00021779334321508624
0.00027648380493200685
0.00016907867304740342
6.712505352823483e-06
-4.025924618070261e-05
9.836132729754164e-05
-0.00014344131477624713
-8.580505925280355e-05
-3.7607594245571586e-06
2.232299543232328e-05
0.005865347739394365
4.7760357982290475e-05
0.00047644793518533354
3.43132722013286e-05
-4.856338017781638e-05
-0.00028761824061700577
0.0010602776141425496
-0.00024642117390393333
-2.0828933036186464e-05
2.650303437281128e-05
0.00014751307652239383
-0.0005352070877391183
0.005712533588864765
-0.0004670829675409351
-6.661498475530795e-05
-4.4872543747946246e-06
0.00029102035342850935
-0.0005179399478283941
0.00023063361411426888
3.505921932262948e-05
-5.024747734183535e-07
-0.00014898372301086303
0.0002603821974412814
0.057573479346559264
0.002822283612514064
0.0008953312702781424
-0.00954723311249055
-0.003050188118862871
-0.0562555934403064
-0.0014381345615335473
-0.0004335380370255039
0.004765228698876455
0.0014418997355600811
0.016002903824558518
0.0015904306383680488
-0.00038568406199080264
-0.0005777675923763667
-0.001420123091473819
-0.015967971277609048
-0.0007562017435935295
0.00018885705083683643
0.0002611083483121764
0.015641031113440673
-0.00034582014530473075
-0.002343502450153385
-0.00043683092165780116
-0.0007538937830263133
-0.01543707024066953
0.00016441979059335918
0.0011448655622834738
0.012006860381205246
0.003608741823699254
0.004741415267709149
0.00019082707107394807
0.0001628585444573654
-0.012321344444721695
-0.001668872403786444
0.06552867243995476
0.0014265127274843724
0.0002624273210384681
0.001140717711635847
-0.0016932025661572725
-0.0637915614255701
0.013805466870893462
0.0007285812634544595
0.00021286650201508405
-0.0023896741150551066
-0.0006791272534110711
0.003989839679791704
0.00035820064710072926
-9.500735068651812e-05
-0.00011860195901545957
0.003812810951522064
-7.746380231620902e-05
-0.00056107386982426
0.003172966026431582
0.0007865521389418483
0.015600435242128032
1.0486047810608254
0.028584300856230732
-0.0013876871526724058
0.0006788480198506252
-0.0007621171328610584
0.0011349427814730444
-0.0005360221718797393
0.0005938737265834328
0.004164721585218061
0.0010053433450354667
0.001449964704400196
-0.0009990523662691058
0.00015100661702778786
-0.0024784202623811596
-0.0007615587306627238
-0.0006381490922932628
-0.0009290582420877556
-0.00011038449260104105
0.011540341385846318
0.0022429442206893437
-0.0010139421959311987
0.0010717665751080554
-0.0006821911867905799
0.00037224659523476535
-0.0004514476469537149
-0.004344101644037757
-0.0017902124328391662
-0.0011842372280100526
-0.0017359756618405844
-0.0001775730950571258
0.0024531987254276326
0.001034893728106776
0.0005950014752971041
0.001038347646536443
8.909994210611442e-05
0.5557053081213399
-0.0001812895989573508
-3.1304378823248924e-05
0.10215394685902315
9.923139584460524e-05
3.3732194532857116e-05
-0.00040336716043345576
-0.0029630647642547203
0.00017075257644222607
0.005351873955407517
0.0001136268681754586
-6.799523735269466e-05
0.0014650973007774835
-0.00011991474907893009
-0.002491105227678945
-4.962415597965494e-05
0.5560400439224722
-3.8142896924292665e-05
0.00010123228299542696
0.10203708610142036
3.8677466647346384e-05
-0.0014521164945420235
0.00880700046167407
6.654620915204922e-05
-0.0011582615844736265
-0.000490773416074633
0.0006318119374079684
-0.004283216826806038
-2.8892813315848856e-05
0.0005905154753182292
0.00016774651663831636
0.55657217187318
3.064799082070797e-05
3.853326515475874e-05
0.10058941276544797
-0.0016948471947920243
0.0001002256753673925
-0.0020524944738875284
-0.0033994792232599166
0.0002581044866563107
0.0008182734129952795
-4.012126226537266e-05
0.0007722229308783982
0.0016126745718330951
-3.397910655711583e-05
0.0056465712270206804
-7.663036137751289e-05
-2.2193307439771062e-05
3.9077174571986e-05
0.0013515413898317241
-0.00016352942432996557
-0.002312946220721848
-4.3012700014530744e-05
-5.5842020661045755e-05
-0.0006673553009145866
6.743229552083851e-05
0.0011580507761727462
2.2860441348622723e-05
0.0057781373674834526
-8.60111570360426e-06
0.0004721246091748544
-0.0038451533832276332
-2.010370313410661e-05
0.0006976228853312108
8.169075728433062e-05
-0.0002394291495924203
0.0018821658089263893
1.2949096711376264e-05
-0.00033325287024385633
-5.4801694486911094e-05
0.005926064870179571
0.0008692082737699
-3.446241073259653e-05
0.0009375709696578213
0.0016538399058049786
1.8526124441499577e-05
-0.0004445790014534068
1.72105585508528e-05
-0.0005079763049334542
-0.0008456546666315147
1.0461074369194985e-05
0.026339998564890218
0.003581733776707047
6.589053653512353e-05
0.050743731748405504
0.0013656652141583402
-0.025728953754079655
-0.0015171158335332854
-9.45124355786891e-05
-0.024295521401319867
-0.0006257208022975437
0.06660866604757618
0.0014527022411929633
-0.006078343988371093
-0.001558418111032403
-0.0015533896161396225
-0.064056031824648
-0.0006498213880239271
0.0029853652084873596
0.0007392721591048146
0.029797800776589462
0.0011682892196395378
-0.004071564534421389
-8.627988985395604e-05
-0.0006512457294779361
-0.02845197549948688
-0.0006733802349775234
0.0019201240486350888
0.06494447559221672
0.0026948415438900813
-0.024250148478394948
0.002967560406212626
-0.0006581665427541312
-0.06301854260568274
-0.0012184325033378607
0.023425305230940906
-0.0006116756937380437
0.0007264641443521769
0.00191778798829049
-0.0011951627179327213
-0.022886116829654177
0.006314421514600323
0.0006505016068382571
7.514445596390148e-05
0.01167081655283537
0.00028167016344427925
0.015480964012758924
0.0002916431235576418
-0.001479308007909048
-0.000347436482766505
0.006801380010806121
0.0003754049479288243
-0.0009063368494977235
0.015382109676505957
0.0005418521127532854
0.005601141599811711
0.5096715049123648
-0.03307433967584638
0.07159642242667796
-0.13188739695065568
-0.059727540198569226
-0.0019909844304923244
0.003588311083458263
0.0012008314180274094
0.021898217673985594
-0.043926346305025246
-0.0020176195909306876
-0.040539980298478176
-0.0039128794879861786
-0.11516134698890466
0.06597603582866421
0.0045547964920872085
0.04452937330512893
0.022992661137931303
0.0009000072449763991
-0.0023851353326685126
0.004662995858539714
0.0013888001036732106
9.524458163503697e-05
-0.00020276446387408156
-6.100248874588665e-05
-0.003662935413846262
0.002136602097656109
3.3029388674139726e-05
0.0024341965562392626
0.0004899306001295043
0.005775610019647432
-0.0004549483751648948
-6.445610078680507e-05
-0.004198263924443606
-0.0005028909318222464
0.7394241834659796
0.1619746972929637
0.0041487058109777805
-0.030289061319498642
-0.001998627135173893
-5.755406637733456e-05
-0.006089046694391472
0.14038767274977
0.0003137676874355017
-0.0552527973168904
-8.414713880547047e-06
0.020677934691959644
-0.25957793077271035
-0.011496947021588723
0.15220660365290412
-0.0025561472943604596
0.8592081389381303
0.025479501149117387
-0.0020287353870647234
-0.03808962489837239
-0.000509002200566692
0.022303967551804887
-0.1071690021369322
-0.002041930713604271
0.08708057526518825
-0.003847019540648036
-0.038852092948947856
0.1998069970114177
-0.00867316886715911
-0.15193442562135245
0.01185208059248821
0.784541721226131
-4.757771814749306e-05
-0.0005218360579507858
-0.03398084052631293
-0.043522320835122266
-5.9491460891440874e-05
0.002241870317690248
-0.07710259219751997
0.01863989577624385
0.03841085217082236
-0.04615459060623605
0.007151872724412355
0.061984252726630884
-0.0504694750976572
0.0003965414641882364
3.9437105964797316e-05
2.041727648764186e-06
0.0009515086220667642
-0.005321475592202305
-0.00011185751026129075
0.001969609770254654
-8.638105403799578e-05
0.00044866245222113197
0.004967024125542537
-0.00023062491840846922
-0.0026004762823198047
4.7854007786943704e-05
0.0005418739191340084
1.4115398287675723e-05
-0.00013766315958951657
0.004540014408496297
-7.685094547814396e-05
-0.0036446309508298483
1.0972795558152299e-05
0.0004266420804231109
-0.0043396854436193715
0.0001221074559821407
0.003293118571775791
-0.0004222920933271134
0.00045252177591059066
0.0012326989773276116
-9.781824153781098e-05
0.0007811449314932187
0.002228186562352732
-0.0014712066252820996
-0.0012294056647424194
0.00041061176185884474
0.00015198249740732973
-0.0021360149868548577
0.0005244741832235334
0.8789917098524309
0.007066325954164282
-0.001309583457536639
0.09058202145590069
-0.0033937993812193893
0.0032545768996732442
-0.021157197850930932
0.0015551192631127466
-0.32131440641352926
0.012345436500738133
0.9923818732361984
-0.00114460970089035
0.024674984153476187
0.000424181502166547
-0.015389238358462573
-0.7011955976952728
0.0008994043966225355
-0.07329803840081087
-0.003320832867365766
0.8543073331604658
-0.0012420034986477934
-0.0127494381405521
0.0026505841052825467
0.005700457044674676
0.14500264799017268
0.0039477766999311895
0.002186669837014147
0.9704200210225722
-0.005545654600743891
-0.3153213249128364
-0.07041464986849637
0.0004075771156561863
-0.5641791439532036
0.019332355808805185
0.8643472142206248
0.012799752651795903
-0.002327534336662017
0.0022203883778433246
0.021488195712655637
0.11922460038420643
0.41220282493761695
-0.19038529384118513
0.01564211958692957
0.5777909972426438
0.0024102620900119925
0.8658156542603381
0.03762942797154681
-0.30961311746149917
0.017976690437544577
0.2943128554478959
0.03266898305802903
0.05823704791118649
0.8773708902562647
0.0052141511415931315
0.31875164114432114
0.4841116532346096
-0.03293599473225475
0.08315055775816928
0.02438017368254891
0.04232095313859622
-0.002406888406901437
-0.00019603641140759586
-0.000718244714766379
0.04505342275861629
-0.0413238952456447
-0.0009626293974292951
-0.004365295202824777
-0.0055639982744178015
-0.13517285878415577
0.09489608024666694
0.022710311591390912
0.04688225035217197
0.015338919407318963
0.0008792920197094302
-0.003228490752166347
8.527688439247767e-05
-0.0008176551452217756
0.00012991927349494554
4.648010204383581e-08
3.45244470119327e-05
-0.003934193168774214
0.003173894401226966
0.0007775933056263263
0.001699612954586463
0.00039066915649800516
0.006430284423117093
-0.006148017913686868
-0.0009463946550713901
-0.002967328410212814
-0.0005195100809702895
0.6804946386030801
0.09669009981507048
0.023603245869026915
-0.02867552306792543
-0.0034311177542182348
-0.0007000516047273987
-0.015176547338933748
-0.028392960978163847
0.0031009504946693262
-0.06540232254571007
0.003340632519149357
0.024106453560581314
0.0510617226200509
-0.029215840408766958
0.12348548026971427
-0.005178964316625969
0.7958278527721618
0.020761241483505256
-0.0034378707228145755
-0.036555566620925545
-0.00041549723948229697
-0.002995103906192868
-0.12181985770064116
0.003416963344864101
-0.009175314235919505
0.009491005302285149
0.011595771366832005
0.2963641053503212
-0.005308471896535745
-0.02805100768346186
-0.041997265114138926
0.781084777774085
-0.000689111400394721
-0.0003983142549412304
-0.03409606864761168
0.04347637273005393
0.004792887287062933
0.00330262431970292
0.07976315054056163
-0.008814165177519043
-0.04284008687663656
0.008039157044484813
0.01437323745256239
-0.06793263585324849
0.0038277990816006
0.0003734800595814144
0.00012406992145375358
2.1802685560457055e-05
0.001439017146959882
0.0011661210855896144
-0.0003259718278802878
0.0022342299337444354
-0.0001730071508328222
-0.00018685541623543467
-0.0004979421940181552
0.0009584378342638124
-0.0026399740554256166
0.00024372911391170275
0.0005191767322875752
1.2146532458113996e-05
0.00041455579114150327
0.0052593216506886375
-0.00017480081352166488
0.00016858399333135628
-0.0005282049913293853
-0.0006296216646011566
-0.005227947246598939
0.00023565128095813975
0.0005214057371496184
0.0012384820172299388
0.00045778077907894196
-0.0012183232100809517
-0.0001800839750042508
0.0009333587955932483
-0.0022891829435150754
0.0003162113213503517
0.0011957157353574748
0.00011174950174229833
5.218624564580101e-05
0.002228697557966283
0.00010081460975051515
0.8891473958526733
0.01500162332126926
-0.0020868166957580528
0.06886438976218795
-0.0027217870955069537
0.0045950696263831504
-0.01842478426353248
0.005461079045720487
-0.2880178387209036
0.009960939835796462
0.9578121809496394
0.00024889187170027565
0.044867786687631805
-3.089622862730464e-05
-0.021197757830581664
-0.5790891869147158
0.00015779381441493912
-0.10057468400520553
-0.0033900186158562604
0.8607726264327957
-0.00530664447078005
0.00931718275757177
0.004301651783954367
0.0013993038497507786
0.14549531230617718
0.015003663361339202
-0.017704927005290017
0.9716143794890049
-0.004153055162119338
-0.28905446356078646
-0.1020881634539002
0.01766774151394006
-0.5501392028667483
0.014580947013689446
0.8740191800373269
0.011382401647389687
-0.002942736249206358
-0.017737691448384333
0.017856413842816485
0.11482609722660542
0.41430533577579043
-0.036863532912056074
-0.03146972707923563
0.676184849828064
0.0035647599459182637
1.2467195929239079
0.020211610082432486
-0.02851899824260156
0.03002956450670367
0.2768081566618552
-0.06614567913615421
0.023368545375871165
0.9906628236318045
0.022588178016839842
0.2921804625486419
0.5117480702284484
-0.03315148958093207
0.07134624966671577
0.1364136757842856
-0.057451352353564585
-0.0018608945490692383
-0.003556172644831188
0.001203181466531571
0.02487180964634611
0.028936067179634296
0.0009340613996306861
-0.03552284865814663
0.0044787814457076
-0.0895737866092342
-0.030580614814133406
-0.014787261171550888
0.07903034541646636
-0.023002524336092144
0.0009044131722701996
-0.0022089402528810646
-0.004487647439064986
0.0015535952361461535
8.932037085700814e-05
0.00019856070195243476
-6.549401281200251e-05
-0.0035868168675473656
-0.001035922522271567
-0.0006157255442891136
0.0024235240161768956
-0.0004102792345114995
0.006024989988079436
-0.0010198906441493375
0.0007870521365065525
-0.003698985487077407
0.00037579105545194544
0.745815834211629
-0.11505675302076569
-0.01716508274494428
-0.030493170688395164
0.0009190426502468415
0.0005267395519021687
-0.011254355626687015
-0.13937537797385843
0.0017760524462376041
-0.06204812360435413
-0.0016572453295066966
0.026471026997452057
0.2688071036606736
-0.029230716185451772
0.1670004082006141
0.0006252826437682596
0.8632586909749215
-0.02912356118021701
0.0009348896758244438
-0.038194991553259255
0.00047269555780756975
-0.021678375370425648
-0.11066208250885724
-0.00013980256380153363
-0.08656320624189937
0.00014584276401831815
0.04645316771752205
0.19502869314181367
0.00547420767377819
0.17591661114949145
-0.0010602142887488858
0.7831586213112056
0.0005260824468869935
0.0004762818566987995
-0.03407715578237845
-0.046405898366916276
-0.0033617164276172652
0.010145146941180983
-0.0792357037352334
-0.01570576857558947
0.014500555790888554
0.022919650298933638
-0.028938985607108975
0.028974869857876864
0.03466440556543066
0.00039886391766309304
-5.495324624543328e-06
-1.6953708318009347e-05
0.0010784797316748473
0.005308823486772715
-0.00016135654288800547
0.0022292660368829556
0.0001019409905872466
0.00026087061026237494
-0.005066909575807571
-6.755443852108041e-05
-0.0030474174930389796
-7.699496001635665e-05
0.0005425871535714988
-1.2121571698381541e-05
0.00017739424261680007
0.0046185624780291125
9.502806217705917e-05
0.0037812630085170915
-6.016373674292727e-05
-0.0005760613598954562
-0.004478433054385601
-0.00012885894260371907
-0.003718164122650086
-0.00023349056008439454
0.00045580872616566995
0.0012011828977739202
0.00012751255167901934
0.0003236208295500122
0.002152007522496854
0.0011917085730116161
-0.0011172128846386083
-0.00025720154218061245
0.0009216837519051626
-0.001929224304712165
-0.00011759498520288021
0.8794351993759439
-0.00036813506697271027
0.002878890333836489
0.09354874181997999
0.003999194217210806
0.001571978342193631
-0.0025520008283855594
-0.008891831138366165
-0.32030397553447687
-0.01219973456520662
0.991032247774722
0.0008771065232028028
-0.013572032710440518
0.0006796685102481476
-0.005746717440516965
-0.703888017627339
-0.0017173170866458755
0.04703034801792043
-0.002852929506527371
0.854951935171824
0.005771742984343178
0.012472174553541807
-0.008006622137439433
-0.007719624664359616
0.14459506375063147
-0.017063716761367177
-0.0073550009360684974
0.9721233198559351
0.005694187688124093
-0.3141332956175082
0.04571477934677955
-0.020027136175855977
-0.557756858870368
-0.017782970489966174
0.8650825660057605
-0.013053793595180378
-0.0028866179134211566
-0.006950860462604092
-0.021121435398490096
0.11704084450054347
0.40084407014726664
0.15387119595694
0.031141180969834526
0.5583334929564743
-0.01286103372271177
0.8794400731855636
-0.04520148953297788
0.26741149227534133
0.0060217889236969906
0.31466613914698804
0.0734519529998375
-0.04164494192294682
0.875059605624655
-0.026558564590041384
0.31704213531890557
1.0463561147930722
0.033482309791512205
0.0008430136246503322
-0.00017602032880720465
8.915029231886157e-05
-0.0006153418173182305
0.0001311789536835511
-2.6601110456807775e-05
-0.005121080510370798
0.0003994022300278712
0.00048817012162149695
-0.007634902264482888
0.0005703777456718614
0.0033393423015015264
-0.00013449515010640584
-0.000167308778379872
0.0027557520038963535
2.977742303294982e-05
0.009920231377523243
-0.0012577615748306304
0.00024239967664539967
-8.799399500589408e-05
0.0003681540618046802
-0.00011517761195500842
4.821616596553988e-05
0.006132405704397114
-0.0005810030423109762
-0.00020235166809620867
0.0037193828308621562
0.0003877699885226331
-0.003194826191998502
0.0002314916782777336
0.00010480475085348646
-0.0020344131715784647
-0.00019387580786967527
0.5564505903231305
5.353229343924026e-05
-1.9935598520037268e-05
0.1018555631072286
-2.845105675538406e-05
2.608803843830239e-06
-0.004052988616444056
0.0011027777453679307
0.00014232375270616457
0.00010571820441607644
0.00035873885731049803
0.0019813962581360037
-0.0004800030763589889
-0.0001100065934476587
-4.6619114692697704e-05
-0.00018099445605132932
0.555897797581268
5.2362854122161125e-05
-2.910121440954401e-05
0.1033401156285828
-5.812903968010689e-05
0.00017856085509872503
0.000115883559894895
0.0005044170295008636
0.0001585863699963822
-0.0004059117886527058
-4.7139204088403265e-05
3.255009828956059e-05
-0.0002544462438555784
-8.093320477817958e-05
0.00014087831637207309
0.5554482536170099
3.0264987424729405e-06
-5.5521801584561706e-05
0.10337157951695113
0.0006109318740158186
0.0005427319705402312
-0.0004533827023949936
0.000691035013426446
0.0003167770321766508
-0.00025898405586227886
-0.00027706174662444884
0.0002961035995666774
-0.0002947012053223883
-0.00016642036256202982
0.005856701870379346
-5.5066453422787775e-06
-9.621255478330348e-06
0.0017323760236866506
-0.0006874060077463127
-0.00016666213827569969
-4.931772586466309e-05
-0.00010783927268406746
-0.0008474110170595349
0.0003056420797998314
8.256902553264082e-05
2.5782144023321526e-05
6.085088032696708e-05
0.0057115018784351865
3.4944084993602736e-07
-0.00014416506829731363
-0.00024457790093179363
-0.0001765132380889969
-9.941067251290448e-05
9.774078875724362e-05
4.68510143760221e-05
0.00012744017476242492
9.47397261014808e-05
5.302342650144103e-05
-4.111758919205889e-05
0.005545617146046192
-0.0002180309766704124
-0.00020252910573521747
2.4369547993643976e-05
-0.0001966232249273692
-0.00014965129689845932
0.00010395218829706354
0.00010911581344549496
-8.351202504206314e-06
0.00010054037578757895
8.077012374955257e-05
0.06543889680117036
-0.0015952701292134097
-0.0023782643485532095
-0.009099542962440586
-0.0018598771199655622
-0.06365081841676587
0.0006174369829049329
0.0011626804893476762
0.00467288841188975
0.0007942827045080514
0.012533765726164138
0.001434107158923639
-0.0001080505998602013
0.0024236474350632226
0.0005722900476238706
-0.012733663307836589
-0.0006553017286576321
5.688945136237745e-05
-0.001140447158871231
0.019015505152238092
0.00119079903354457
-0.0009004457159203826
0.0011687272657830202
-0.0006587090562689645
-0.018523497930019027
-0.0005745232818491722
0.00042449758650144314
0.007020991143363034
-0.008536600907597851
0.004555814248260122
5.83846815321009e-05
-0.0005661818359449875
-0.007362098435792353
0.004046921172656402
0.05135325513779433
0.0008061619424400766
-0.0011361461143810008
0.00042552745670586874
0.004063308105870146
-0.049829509650782124
0.01555366203955421
-0.00018722954076082828
-0.0005761647988337135
-0.002353860644790466
-0.00034178530159534673
0.00324015660163327
0.00029860370453903924
-3.132918823030378e-05
0.0005358732502821819
0.00451373291611637
0.0002731683244280788
-0.00020149564157890133
0.001936001467881309
-0.0019281228456273808
0.012132290367509941
0.48131416519725523
-0.030301467356477492
0.045196658470870614
0.0125608670628903
-0.01735064301072903
-0.002378904125270253
-0.00037783574582375413
0.00045094921704277044
0.09624175299379982
-1.5601105003588414e-06
0.0004897129901727915
-0.05305889945314335
-0.011619378609017732
-0.4533460960061768
0.006694395346864852
-0.006217655777653024
0.23083806186076827
0.02133054436082568
0.0007846872400091198
-0.003273689771277253
-0.0004595322601425932
0.0007335782294021067
0.00010611551239344379
1.7821504206019683e-05
-3.0961302092428835e-05
-0.012256161500171123
0.00029348011275518
-0.00010621725710420147
0.006989371523278708
0.0006536680000463146
0.015962844277258702
-0.00028227579309061387
0.00017517842337884854
-0.01077524318928599
-0.00046027235768212113
0.3588336060660269
0.0016459263543800113
-0.013774433125376715
-0.014187684765898129
-0.00013450812351420465
0.0002181342735450872
-0.16841446446670527
0.002793789588141631
-0.00048603792162521477
0.011504382726870457
0.028807231700716782
0.4539446920141204
0.013507360442836226
-0.02071454384107958
-0.030793861664490337
-0.04835735966515382
0.883324727939169
0.02838570523332909
-0.00011939881250747983
-0.04177338580569358
-0.0005798443514342486
0.005291994958350971
0.04326571803593373
0.017074542282695303
0.0019854698726488474
0.04347458438688672
-0.01804432126558144
-0.1605236939895536
-0.06469170862642878
0.00386240438504232
-0.03867277569532625
0.6897834402139511
0.0002376366710079366
-0.0005824371060274612
-0.02902682882729813
-0.015482535560770911
0.019258973091623853
0.031735430729515235
0.014063579973298136
-0.013424688929184515
0.010294979539636952
-0.06857059101221301
-0.09723579396200663
-0.04259968004307562
0.012649454114079476
0.00017062922162725834
5.694810652731656e-06
-5.198904754630669e-06
0.008068628758628616
7.482434566426335e-05
-0.00029977495840435294
-0.0006069346805262015
-0.0010364953848508674
-0.009324641663599118
-0.00011578063767472523
0.00027259878374757973
0.0007585816362146133
0.001256214402756581
0.0006093056398829252
1.686571477389433e-05
-0.0002568737029767292
-0.0017130956263125884
-0.000938326531112304
0.000166881314417383
-0.001461903871972198
0.0004218498547456877
0.003965526611981048
0.0014519048439238398
-0.00012858020114194982
0.0015116904640800361
0.00037767762734629864
0.0004580745177212276
-0.0009890177802252458
-0.000698624739730912
-0.00043742553596775387
0.0003920260231048458
-0.0004124724285486366
0.0015178393866538747
0.00248906829004734
0.000857113790332242
-0.00039703542935167916
0.956886504337383
-0.00027174426719738605
-9.29490750162695e-05
-0.051815555353966404
-0.008172436068470885
-0.3111830947283202
0.0049140975742239966
-0.002057725032292593
0.1321812208204217
-0.0010988150619298791
0.9187663411450935
0.004455039119063845
-0.0017494225731940637
0.0002647685512210718
0.0048472468413608884
0.04268537744149614
-0.008895185524969002
0.003364365021142025
0.019194850379698824
0.902219666209074
-0.0009612989113057215
-0.001014733464487775
-0.002250525202475564
-0.009112814704695273
0.12035062512287414
0.00043154139491269485
-0.0006217608043759819
0.9074642220158132
0.01887447713255684
0.1224917482711926
0.002477988893877739
-0.00042049859147252514
0.04328499567385564
-0.11519140942216916
1.0132606418375376
0.0007295615844549045
0.011014575940393474
-0.006384992048788944
-0.11442559643823762
-1.0593110235093386
0.4524968783405928
0.001327736677650698
-0.007677780414501827
-0.2159494094442427
-0.01744935024106059
0.23413781993589514
0.02375880227024635
0.007680676213955264
0.024121859337480824
0.18142815723746322
0.0024723014738772644
0.004478513040019876
0.27640420162140544
0.013269135615811294
0.48675284149562353
1.047159960615204
0.03174153532415165
-0.0032201482531983815
0.0002489897415239574
-0.00016382368065355645
0.002159575834578882
-0.00010546494266965293
0.00015312339714779088
0.0011060209487766955
0.0008705454991390878
0.0007310588632565111
-0.003926152620737277
0.00016466233904238294
0.0005939441256258696
-0.00032019829887846836
-8.005789900651079e-05
0.002015597799655639
0.0006430645314216328
0.011017525449479022
0.00437386283162796
-0.0002620749540778565
0.00029898413589281314
-0.0013153753145372948
0.00012538332970127612
-7.178953289039026e-05
0.00320730796132135
-0.000520595579275639
5.1855690755709045e-05
0.003772186115852009
0.0015009961238965244
-0.0018023328891088135
0.00022187476001516376
-3.311844147779613e-05
-0.002096229297044462
-0.0008498232617629464
0.5554168562323192
3.347184001992227e-05
6.562500175105654e-05
0.10337129409255875
5.453892512412287e-06
-9.237995098190746e-05
0.019591783603327244
-0.0010020047964055903
-0.00033564679225084413
-0.0005731297880073305
-0.0010803580151754672
-0.009686871023791063
0.00042045054943649207
0.00010460597338769768
0.00030080155071708777
0.0005293798925381293
0.5561920390337125
0.00026407580032064885
7.619691239941911e-06
0.1027027419588028
-0.00031381245864954414
-0.00017525151397607277
-0.003998012670482642
-0.0013296194652904006
-0.0002048222166049505
0.0011253603595178406
9.49359610141448e-05
0.0017223221649759002
0.0006615403316128574
4.3768273632623875e-05
-0.0005913918296773177
0.5557137683705158
-9.275487053573528e-05
-0.0003098227132875024
0.1031342563231538
-0.0007503368045258414
-0.001378020309902109
-0.002301164770407175
0.0007197435505612676
-0.0008375469369500378
0.00038113385145343204
0.0006881428777162943
0.000824340712802876
-0.00028941232220316645
0.00035941205248489423
0.005724353675988743
4.023361823485097e-06
3.71486614363229e-06
-0.007800945943755163
0.00034457567742387715
9.958641775541664e-05
9.048496254854886e-05
0.0004166682978985559
0.004042033590411965
-0.00017367551131674793
-5.570528439588188e-05
-5.205302900166313e-05
-0.00021145737939583028
0.005840999980784675
7.059836262421535e-05
0.00014062595126640393
0.0017286262961382737
0.0005603601728921264
-2.8399484586834666e-05
-0.0004970227859202872
-5.612670217632674e-05
-0.0009170877906375174
-0.0002845541733860129
4.250340411486888e-06
0.0002497885365304921
0.0056913640569654575
0.0003148646927592556
0.0005930212327132058
0.0011425281711297305
-0.00027025955964547646
0.0002690637066081248
-0.0001542665234907117
-0.0003017751978116865
-0.0006049886224954188
0.00013647660793757914
-0.00013743064542202354
0.06288175201345576
-0.005288727832157584
-0.0005834589822641952
-0.010397377081660494
-0.001967028762191711
-0.06125207860437108
0.0023980601328575124
0.0002934935063160883
0.005109333351436238
0.0009616999461481998
0.026541416447602405
0.006319993383012137
-0.00022592277038840821
0.0022957791372764996
0.0023419500884213204
-0.02603713985527173
-0.00299140605587181
0.00011400267320185343
-0.0010137690059389888
0.026596678793957794
-0.0006760967388020752
0.0020298368383460793
0.00029418372953261807
-0.003000506867355014
-0.025803718672088763
0.0002948551156706782
-0.0009396410516456621
0.010008816255994243
0.010005066771670061
0.005089109060040266
0.00011135674782090065
0.00030949522695987013
-0.010349208809622906
-0.004713083066252767
0.06284367713191343
0.0009558794193485312
-0.0010115295304595968
-0.0009143380702893575
-0.004720299585594228
-0.060679259641348765
0.015007792577815338
-0.0010675140582061527
-0.00015047993320967758
-0.002518998083499023
-0.00046953638683035735
0.006400964830116466
0.0014236467208144042
-5.492802137970662e-05
0.0004445363957906326
0.006266326010289066
-0.00013418023261196145
0.00042441535841187503
0.0026833238853189874
0.002227921278767004
0.014708781182067808
1.04936916059038
0.026809775362794924
-0.0031175951879476855
-0.0002699878558872308
0.0003908853183868015
0.0020950134341628807
0.00022272907934501582
-0.00029276269409869954
0.0006076477435882008
0.0007514096009160146
-0.0005073880397803928
-0.0025142333394273185
0.00417764943875789
0.0016019668740855386
-0.0006427054149052091
0.00020597332744899714
0.0016427029236901396
-0.0025736245783010165
0.012613145605201746
0.0039105217708749205
0.0003815399534645668
-0.0005842176188928465
-0.0015451101546882632
-0.00016827258703532293
0.00019607001907210795
0.005122108999087515
-0.0013957222668267227
0.0003660065656777593
0.0034190064080419132
-0.005194681963936945
-0.0028860830622101
0.000722738659315464
-0.0001905914078747011
-0.001910848953261938
0.002678449291643941
0.5555529988888553
-8.679317932255582e-05
-2.1538528520985612e-05
0.10183488803364613
0.0001353216483795819
1.5780210083010546e-05
0.02146079267311026
-0.00019062908596709645
-0.0006022578501709442
-0.0004745390891322033
0.0014416406009825323
-0.010239209902042285
1.8506972846560084e-05
0.0003360683741157665
0.00023644072820820994
-0.000680244354598494
0.5563009135463274
-0.0005601665277110656
0.00014385564949245474
0.10146108739750806
0.0005954114008533639
-0.0005091875239675406
-0.006085081002633989
0.0026018011410959825
-0.0004680968248383179
-0.0018519390359527388
0.0002516428730564061
0.0028117924976859693
-0.001205627389349442
0.000160278892082692
0.0008799657544526635
0.5557924898672592
1.4798562891089723e-05
0.0005950343392437612
0.10212005370135283
0.0007805352686287195
0.0026136005295102644
-0.0031888212286819914
-0.00034059400160899045
0.0011071185821713888
-0.00036272815895868496
-0.0012224054397970906
0.0014125700771103976
0.00010334218535164687
-0.0005484971143047363
0.005813281505429115
-2.5955218458992335e-05
1.9100039074846123e-06
-0.009267271249167113
-6.894448340550045e-05
0.0002801228689079306
5.5981888394807526e-05
-0.0005520576106088084
0.0048367747534442136
3.11346856148983e-05
-0.00013937589500803195
-4.175930268848424e-05
0.00030086974726247547
0.005895027889958285
-0.00022319394302238837
0.00036238054457625625
0.0026124482700823947
-0.0011446904171552121
-6.510794093721318e-07
0.0008797785791061713
-0.00018179873939776556
-0.0013367909009568445
0.0005697829685302022
-5.856680994051288e-06
-0.0004329425567805586
0.005741220490118382
-0.0003634265632546273
-0.0011508225070075144
0.0013836354924822315
0.0001681267571807003
-0.0006403916220695085
0.00017043121421898976
0.0005779144293479577
-0.0007230980636878169
-8.260036792154642e-05
0.00032455987627928485
0.08315213327250764
-0.0004502375957507906
-0.000269126621023852
-0.011735292548459111
0.008887010734286193
-0.07950674148819467
0.00022964721199607207
0.00017322435824549288
0.005545676551579447
-0.004237229897432444
0.04370075897089207
-0.014307310917531717
-0.000797621659056785
-0.00038174459633901907
0.000255983092088674
-0.04160530340545873
0.006677971419759785
0.00034337650946885924
2.743354301598479e-05
0.042051005463727184
-0.00017325961389539078
-0.0036706386235831326
0.00017201129892990732
0.006684736627078119
-0.03991104040390597
8.166418102438077e-05
0.001768619003795653
0.012698659315862004
-0.011118599152506155
0.005577478301006177
0.00038484641955246145
7.883054654271406e-05
-0.012890092299704762
0.0051695864773669414
0.07347659141173372
-0.004182705758673015
2.644962035779835e-05
0.0017550307233281102
0.005206807021849029
-0.07033416017290965
0.019143596504189224
-0.0001291206905011304
-0.00010744532294388501
-0.0026567972058918997
0.002007880901436547
0.009930837330960436
-0.0031292929087293996
-0.00016766752019750953
6.53171628769146e-05
0.009484633135344304
-3.565223711397647e-05
-0.0008526246668999163
0.003283778273768488
-0.002428030193753268
0.016913055655090145
0.053779230219316645
0.2868463086647747
0.0005972384522378925
-0.00010160033447888115
-0.00025770442315594397
-0.0017786832607036604
0.00030342126262433917
0.0005746684084970008
-0.0026320072221491875
0.0007812888656536792
0.0007536721204992008
0.007816616012150326
0.00044087342637915187
0.001179693411054838
-0.0004139339484466819
-0.00025293032218364983
-0.003276010739055422
-0.00023741556600348474
0.47775542806351007
-0.00026114131721386834
6.275839627750785e-05
9.708009362212555e-05
0.0015960053712184966
-0.0002554905390062189
-0.0005709626523797374
0.0017810688936789744
-0.0006688819688825092
-0.0005398144307019034
-0.005291271923757425
-0.0003185306802969088
-0.0008221720979342983
0.0004102342627161264
0.00018045025332305377
0.002493483835558041
0.0001796916987864617
0.3926353073822545
-3.270735100413913e-05
-4.973164974832675e-06
0.14154450464825263
-0.0001325300911575314
1.3023590587682847e-05
-0.0004143997781441201
-0.00042922721547953153
7.318109068217908e-05
0.0012935666577726162
4.6773308444127235e-05
6.60350802071209e-05
0.00013972833779640788
2.5342904374601912e-05
-0.0003699198624924722
-1.0520949593824876e-05
0.3926999839598072
1.046710827279483e-05
-0.00013016219743043595
0.14150020751152648
-6.208399961349881e-06
-0.0004578949525176814
0.002536038303760352
0.00011359544907685453
9.169497776679112e-05
0.00017985657461929864
0.00014785845726135953
-0.0007289239005285764
-3.2737131114627614e-05
-1.5189210239052841e-05
-1.4997211481794305e-05
0.39268654857438934
1.1577021097130488e-05
-6.1767971964153675e-06
0.14170925966639802
0.00032810940780965176
7.303300525226262e-05
0.00049126989749427
0.0007219668133033963
-1.936496415337512e-05
-0.00012743733458782814
-1.771963157721137e-05
-0.0002018758093056245
-0.00027395488122528526
1.4034595193631785e-05
0.01583445843061887
0.0004369990947033712
-4.3923953384162814e-05
0.0023889503789554655
0.001369855266690612
-0.0007032120904308738
-0.00596378081319473
-0.00011889354889182795
-0.000795668172452467
-0.0006333706854573914
0.0002471721389334944
0.0025073953008262337
8.259411629460902e-05
0.01664741070029574
0.0001355859520803355
0.0021913825976657545
-0.01061104741532257
-0.00047645961689094733
-0.0005766045371703654
-0.0008927487316158895
-0.0008535402727782453
0.004689885576985053
0.0002043959573201935
0.00017271118423307366
0.00035721558916166604
0.015648570823632146
-0.0015055874737871639
-0.00029340456936982726
-0.0008613426360008739
-0.0028689324161932147
-0.00033688357859601274
0.000685634863297022
0.00013321038498145213
0.0005425023410645779
0.0012919392494205697
7.225792396641742e-05
0.07356864400019268
-0.0032912331319365227
-0.007780782551644003
-0.008658940450356869
-0.0091026129251514
-0.059076066210362516
0.0011023317363538865
0.002624964832023009
0.0017792993820658692
0.0032607888470719826
0.11404243940519657
-0.006311788471062783
0.00564989317288762
-0.003807029794457161
0.0011578180226909152
-0.09359707019672994
0.002012093835695807
-0.0022889507525441872
0.0010846826899924794
0.1938330380996137
-0.008704062331802143
-0.022369762148162872
0.002643129272636163
0.0019593939769684656
-0.14188619830600224
0.0027100873414037377
0.007356207426334744
0.10716714582806036
-0.0061404009356378275
0.0017957075561962105
-0.0022829342808034355
0.0027183634116533057
-0.08715943626616438
0.0019550916372795433
0.16401121539053615
0.0032535053273704878
0.0010575572406472961
0.00736935401467003
0.0019338442868045438
-0.12276135228877363
0.01190661249652402
-0.00038121462424605974
-0.0008681941230349864
4.923350172639441e-06
-0.001160094822881796
0.019363769724289378
-0.0005817558220135801
0.0009448915171124015
-0.000252215431449612
0.026060097134970067
-0.0007844099733247988
-0.0024044665847713234
0.01786185343562214
-0.0005775059187990022
0.023041767961195718
1.0496984863294716
0.026046373910945702
0.002194606424834323
-0.0008398940951175624
-0.00017191417852535455
-0.0016362670062627302
0.0005281897072526073
0.00013661537789100834
0.0023079479422703293
0.001004019484019299
0.000370534731541136
-0.009552463464523145
8.96442923646e-05
-0.0014122946304222048
0.00014174422260747696
-8.586381747898664e-05
0.005593103904102906
-0.00016281394225386135
0.012259367939098362
-0.003088021520524604
0.0010969358549878525
0.00029267018339776104
0.0012406490415365862
-0.0005105855035466287
-4.658795856097404e-05
-0.0034267729932810987
-0.0002912238624796379
-7.79658061242361e-05
0.012054513422358647
-0.0004644410286964748
0.0017117814771125234
-2.4580129382058542e-05
2.7808211703942675e-05
-0.006173799613691548
0.00024417230308026354
0.5558864619962602
0.0005054793024174848
1.663241092647257e-05
0.101132745307138
-0.0004354646907288827
-8.645800527571982e-06
0.003848073052376101
0.006066568183058811
0.00021764644018137437
-0.007511608602352102
0.00021069614808053513
-0.0015346936380874945
-0.002783779446926847
-0.00014692025475540236
0.003439795284521676
-0.00010069203973461716
0.5565547235936232
-3.588611425545875e-05
-0.0004333021865647144
0.09985052213327658
4.679004976985169e-05
0.004738272010342819
-0.01407611167906151
0.00019784846321366809
-0.0005029669708467936
0.0006213024589897839
-0.0021732771630117577
0.00655510333953512
-9.301241179100688e-05
0.00022707537640074887
-0.00034852884704577035
0.5557139731261
-9.157820596967636e-06
4.64327590606684e-05
0.10163760697889913
-0.00023319103620297513
0.00016050863784630056
-0.0017376145928022077
5.371673374273174e-05
0.0009763130710244621
0.0001415099900414477
-7.739021467191386e-05
0.0009738075583754077
1.9445882887077867e-05
-0.0004409196078657123
0.005748838560816973
0.0001259093532005123
-5.699385652823904e-06
-0.0015189877123463489
-0.0026892888715191695
-9.28887473685451e-05
0.003656209497391448
-0.00010311287660093382
0.0007305869605400059
0.00133585830441712
4.428471899960992e-05
-0.0018127046752299464
5.2438988394165296e-05
0.0060429928463266395
-1.635556839547484e-05
-0.0023154315066672435
0.006853056642479338
-9.786794175181587e-05
0.00020379251873094552
-0.0002694157999025967
0.0011067108587224932
-0.003419140972531666
4.9245250244078315e-05
-8.511557690971056e-05
0.00013398753593314353
0.005622712008272785
7.766422734880057e-05
-8.736243155273378e-05
0.0008282506363959803
-7.719967218863706e-05
-0.0004393242568645192
-4.0546739562091216e-05
4.489595779756272e-05
-0.0004218742964130458
3.486362430106524e-05
0.0002133188683796158
0.03788179995704159
-0.002807997413734324
-0.0005986341179326012
0.018004847456730762
0.001300554012606802
-0.036395908208147566
0.0013321646434851747
0.00031937103946160807
-0.00851401481000945
-0.0005677899641154655
0.0855024930802031
-0.0011773337160032695
0.0006009879774194956
-0.0017415855351144535
0.0013467524027711447
-0.08223871023719195
0.0005936227899937395
-0.0004807633228260199
0.0008739043328580085
0.023246190325345216
-0.002642875702730006
0.00277115776650594
0.0003132490958614848
0.0006013355155613986
-0.022381114362636515
0.0012943917502646518
-0.0012477481611514432
0.0758281130997563
-0.0020692067031247707
-0.00851513978107411
-0.0005062577079069513
0.001279102973070205
-0.07226979875080272
0.0010356504655143369
0.0332815866529388
-0.000564038024105647
0.0008734729702804635
-0.0012310338463972286
0.0010395533546343298
-0.03169379120753978
0.008764681951183632
-0.0006490392268085169
-0.00016708168951475402
0.004051268348819425
0.0002450359773070405
0.01989243423957707
-0.0003049464093062669
0.0003385724411877132
-0.000442041145269767
0.005392123160243047
-0.000631229016118856
0.0005529924077192288
0.017316043945502912
-0.0005219962257734374
0.007558787136750131
0.8295889451374887
-0.03115572822259025
8.21776325463786e-05
-7.220073813736774e-06
1.6143248708280564e-05
0.00026166316717449525
-0.00020076242944517584
0.00010069206138561781
-0.0024511924677586222
-0.0002523588005854144
-0.0003002168622686799
-0.0011645616638747828
-5.17238796559907e-05
0.0008502333803782052
4.150828151220234e-05
8.148782259895141e-05
0.00083571373195445
-1.8597387098681138e-05
0.009131470673169027
5.094017255903461e-05
6.137560573692029e-05
-1.8953354106075574e-05
-0.0002949463846565213
0.0004484595256491747
-0.0001886220133170863
0.00505330260265695
0.0001488359076854401
0.000642999668367708
0.0023252063241113938
9.414158669841663e-05
-0.001948499910917713
-8.10293208777196e-05
-0.0002380396253873566
-0.0016265183349842183
2.099589351534045e-05
0.360530070504864
4.50385812766948e-05
7.891972722937025e-06
0.15303090899403532
5.213764532994951e-05
5.417200682976387e-06
0.00017227842201328358
5.9721150766809606e-05
4.826597508407917e-05
-0.0001503741412685297
1.6515768968150725e-05
-7.667740485180034e-05
-0.00010268323241289453
-1.1785951308241081e-05
8.094801021520407e-05
-7.53906186114789e-06
0.36055803783241147
-3.147794004694504e-06
5.288295503911568e-05
0.15318418674849926
-1.1175479047350024e-05
3.094459930401439e-05
-1.8499263957338463e-05
-5.850853138600165e-06
2.0128823842110496e-06
1.2864967775055594e-06
-7.167935517896214e-06
-1.2577387240346958e-05
1.951495159794195e-06
-5.479488005827803e-05
6.7247023245548385e-06
0.36048020116919877
5.152771148783298e-06
-1.1438767389026752e-05
0.15282037683118935
5.352717972369722e-05
-7.007893294842772e-06
-0.0003251900923363859
4.926504746779734e-05
-0.00020055460038854734
-2.9076515084137503e-05
2.3600084935600705e-06
7.611016183989129e-05
-3.3153932700153486e-05
5.1292474844622894e-05
0.018314229888625376
7.704890336477273e-05
-4.971538324147067e-05
0.00011128517074931687
0.001552166293184418
6.64647069512899e-05
-0.0016851109231655996
0.0001520001149666474
0.0001095711348483989
-0.0008209191147693099
1.5801415950477946e-05
0.000844500000866482
-7.049116091043179e-05
0.018798829600259033
-6.387527269720714e-05
0.00032191535422240687
-0.0006372613629314418
1.7123065605537992e-06
0.00035647015735585286
-8.096940844585692e-05
-0.00012987526777922945
0.0003721077993821471
-6.716606282549783e-06
-0.0002262589136519184
5.150267377813833e-05
0.018027676829251424
0.00030517610499299135
-2.421942817626946e-07
-0.0014871453392665468
0.0004288949874804368
-0.0008238118579256788
-0.0001323072335404786
-6.305807443202714e-06
0.00042585912720977603
-0.00021091638951865047
0.0002468241193624794
0.192573284933279
-0.005872976556875115
-0.010185088145039243
-0.1630091241523461
0.009752091419094246
-0.16672764583674587
0.00236074013328351
0.004220531871052198
0.06762231855421826
-0.004081968154028447
0.05463757951795663
0.009687004452513203
0.0022934502327851816
-0.009034824658705396
0.0023132469000302774
-0.05489661289865429
-0.003973950424791307
-0.0009301265009533737
0.0037359648522568073
0.23017368973792238
-0.021236334233940918
-0.00037547662610258755
0.004280926941636372
-0.003981784528899482
-0.19818383219805724
0.008829714768799785
6.0344382627832044e-05
0.07578834455171574
0.019369097072037822
0.06822644525847704
-0.0009496417608878822
0.00879599094456877
-0.06998062414933565
-0.008087132870252867
0.2292961996710038
-0.0041060587068768315
0.003667754396238768
7.121008687185486e-05
-0.008059594415766744
-0.19772680951339816
0.03619374886316873
-0.0009098347670387556
-0.001760963878153876
-0.02815296445953306
0.00171222183228021
0.013854545474954339
0.0016116378117496776
0.0003822551240931485
-0.001501635365818012
0.04273403472633907
-0.0036238904737453084
1.1025629974479318e-05
0.016366929378979645
0.0033402450841617986
0.042707930404458194
0.05283581128813915
0.289429019806745
0.0003860054177374455
-5.317287629160826e-05
-1.1942361031905555e-05
-0.0007664566304285473
-3.652163820631545e-05
3.612366318510082e-05
0.0035287333741080545
-0.0013749033538951508
9.857140372260597e-05
-0.0058619067034946515
0.00020000952448972505
-0.0005338908349479401
0.0005734944408213889
-0.00011965877563729869
0.002332665139239334
-5.172276890201166e-05
0.476739885478639
-0.0001655512410863927
1.7515173857843108e-05
1.50131252251566e-05
0.000778470746997053
-1.0337040017423897e-05
-4.556982571315526e-06
-0.0024216512058781864
0.0008827633487233691
-9.84082129520824e-05
0.004457775434433571
-0.00015716370778458348
0.0003190536950528466
-0.00044292172972146965
0.00011310227170832498
-0.001966881976510849
3.9736494037919475e-05
0.3929771692273233
3.4619548009391516e-06
1.2633443700474566e-06
0.142841997072634
5.811144770406734e-05
-3.506460852023776e-05
0.000310313099415644
0.0002722473148404975
-0.00020106743956334517
0.0004706234851599147
5.4662959981220316e-05
-0.00015761942910084037
-9.340659068001303e-05
5.7965920175510595e-05
-0.00015925616896449505
-1.6457496015969626e-05
0.39303087409592163
3.679644636017299e-06
5.922555139256569e-05
0.14279390665405878
1.7178740786861558e-05
4.909737751539857e-05
0.0012781368055093563
3.390479181723668e-05
-0.00019054441895321913
-3.9976688411199685e-06
-4.0435778396423674e-05
-0.0004947947280000942
-9.248893436818187e-06
9.061870611845866e-05
-1.7593404780783348e-06
0.3929718606039964
-3.37009067344227e-05
1.7316368501427165e-05
0.1422217195093992
5.430757625219123e-05
3.5540287241644094e-05
0.00014056238093627208
0.00017939147849445076
0.00013293205861546377
-1.1026144110784764e-05
-1.0268950583321476e-05
-0.00011373714779545864
-3.998420135285606e-05
-2.811087934546454e-05
0.014906145453664444
-0.0002068238659101915
0.00013120305230595393
-0.0012908220545485476
-0.0013570625216651271
0.00011943221282704084
-0.0016267451079771031
-0.00024670904211606445
0.00039863341942390947
0.0005744005209651635
-4.5563171568686217e-05
0.0007963456603681572
9.445536961595442e-05
0.015423538346295146
-3.1103786950015e-05
0.00023527716230264159
-0.00445696611314936
-0.00010313301849179539
0.00015354607879699818
-0.0002861724638389515
-2.9620724185583067e-05
0.002060282486999007
4.46861153297811e-05
-8.266600362279004e-05
7.943729680409692e-05
0.016210783152864477
4.60551833935492e-05
-0.00010840530276584468
-8.7116024073934e-05
-9.445108156777056e-05
-0.0007361423766731952
-1.5613477481213925e-05
4.814023796495551e-05
0.00010479590042206254
2.300320627313122e-05
0.0002826075635909934
0.2254649337114384
-0.018432221144425796
-0.01401699823839931
-0.09423794869617523
-0.005903671649105593
-0.16378190955709485
0.006343500360912961
0.005032663665584523
0.031284409762999704
0.0020164985255486673
0.0606612946793561
0.0014108465333340769
0.00037278360494920153
0.0029917621024473204
0.006261412821904511
-0.051491401205391786
-0.0005627441108811578
0.00022464190368992883
-0.0010023558806752128
0.041565183706285244
0.0014904135689254223
0.008396865384364398
0.005022308901670014
-0.0005633011102357979
-0.03398714692595664
-0.00017832926852072217
-0.002942761210442755
0.09553086307061584
-0.021535820470823832
0.030228817937672632
0.0002517416983128021
-0.00015275891711526951
-0.07817250340723683
0.007282859249242071
0.23665148739472563
0.0018995072458010886
-0.0009644628757190976
-0.002977863487524184
0.007148498736363306
-0.1708338470546992
0.029900622960657916
-0.0021245683243914554
-0.0018186027416441162
-0.009690464839232298
-0.0006382053287393686
0.010984911165105086
0.0002283882150280971
-0.00024778287253780676
0.0003166795462681433
0.006961477236191086
-0.00011599176449800243
0.0010376591472897247
0.01616194445729264
-0.002387560099056003
0.030970887155832395
1.0638418273170676
-0.21382794683830045
0.04123512566056593
0.00029669802723194855
0.0028566598001212367
-0.0570780248589421
-0.000510300146058471
-0.0029416379533442087
0.02910885613941688
-0.05220673485851647
-0.000775142933227315
-0.0016595016460654345
0.027651894806061894
-0.00023826051175936932
0.0011764545471223647
1.272687886189386
-0.0016136297740730532
-0.018890785945937127
-1.0001674155910671
-0.0015411471906700007
0.0027432842743473317
1.2437478601469798
-0.006199586169534833
-0.001595222947258557
-0.885579800450027
0.000876220545505031
0.9618209694723497
0.00082370471963119
0.00035298468027644496
-0.5434196557383857
0.2266616383059959
0.0019117737028419741
-0.0016705985075534838
0.18159780015924393
0.00023947782910946382
0.09846145818481286
0.0
0.0
0.0
0.0
0.0
0.0
0.0
0.0
0.0
0.0
0.0
0.0
0.0
0.0
0.0
0.0
0.0
0.0
0.0
0.0
0.0
0.0
0.0
0.0
0.0
0.0
0.0
0.0
0.0
0.0
0.0
0.0
0.0
0.0
0.0
0.0
0.0
0.0
0.0
0.0
0.0
0.0
0.0
0.0
0.0
0.0
0.0
0.0
0.0
0.0
0.0
0.0
0.0
0.0
0.0
0.0
0.0
0.0
0.0
0.0
0.0
0.0
0.0
0.0
0.0
0.0
0.0
0.0
0.0
0.0
0.0
0.0
0.0
0.0
0.0
0.0
0.0
0.0
0.0
0.0
0.0
0.0
0.0
0.0
0.0
0.0
0.0
0.0
0.0
0.0
0.0
0.0
0.0
0.0
0.0
0.0
0.0
0.0
0.0
0.0
0.0
0.0
0.0
0.0
0.0
0.0
0.0
0.0
0.0
0.0
0.0
0.0
0.0
0.0
0.0
0.0
0.0
0.0
0.0
0.0
0.0
0.0
0.0
0.0
0.0
0.0
0.0
0.0
0.0
0.0
0.0
0.0
0.0
0.0
0.0
1.0743454789586648
-0.22772702495171918
0.048877774049299716
-0.021765241131995128
4.359503668722908e-05
-0.07196207524917098
0.016264104233150688
8.413460545355721e-05
0.02735964263777941
-0.07010559469108218
-0.010809479756076483
0.0005155658814728137
0.04097604758332883
0.002671966698585
-0.00013869630075805542
1.3514297371633557
-0.038761688967744595
-0.0005880751051762644
-1.052628100007095
-0.00895608270896556
0.004454221308873817
1.3057801131318059
-0.0001904870974457377
-0.010215029858379576
-0.9772670754422073
-0.0014545501124046288
1.1990075528247797
0.004724579682190901
-0.0012000214205793698
-0.5394314859341678
0.23168988862558024
0.008307840206931032
-0.0017364808651840072
0.20088584537241455
0.00013956280622326228
0.08676656906710012
0.0
0.0
0.0
0.0
0.0
0.0
0.0
0.0
0.0
0.0
0.0
0.0
0.0
0.0
0.0
0.0
0.0
0.0
0.0
0.0
0.0
0.0
0.0
0.0
0.0
0.0
0.0
0.0
0.0
0.0
0.0
0.0
0.0
0.0
0.0
0.0
0.0
0.0
0.0
0.0
0.0
0.0
0.0
0.0
0.0
0.0
0.0
0.0
0.0
0.0
0.0
0.0
0.0
0.0
0.0
0.0
0.0
0.0
0.0
0.0
0.0
0.0
0.0
0.0
0.0
0.0
0.0
0.0
0.0
0.0
0.0
0.0
0.0
0.0
0.0
0.0
0.0
0.0
0.0
0.0
0.0
0.0
0.0
0.0
0.0
0.0
0.0
0.0
0.0
0.0
0.0
0.0
0.0
0.0
0.0
0.0
0.0
0.0
0.0
0.0
0.0
0.0
0.0
0.0
0.0
0.0
0.0
0.0
0.0
0.0
0.0
0.0
0.0
0.0
0.0
0.0
0.0
0.0
0.0
0.0
0.0
0.0
0.0
0.0
0.0
0.0
0.0
0.0
0.0
0.0
0.0
0.0
0.0
0.0
0.0
1.065373893311932
-0.22102550955279165
0.03823429637141634
-0.001961954135559206
-0.0020031873702699623
-0.03881215524321739
0.001753800929318919
-0.0009096120974239705
0.030425602725582174
-0.01667220268217146
0.0002923334826476162
-0.006539262037537121
0.012385144629475221
-0.000300307421863032
0.0009809520050141672
1.2363282324497422
0.010134214439479535
-1.9119851587295206e-05
-1.058074533696761
-0.0008835291673966663
0.0022539558275451897
1.2526787784811442
0.007343089138828783
-0.0006107745915507922
-0.8962697842307825
-0.0003974005037879448
1.0259746630662585
0.002847856008197185
0.00020592295233313437
-0.5452360854502867
0.25304964268192687
-0.00028055713234779154
-0.0018742784315917322
0.18406231432831502
-0.0005162121793277967
0.09711564506676526
0.0
0.0
0.0
0.0
0.0
0.0
0.0
0.0
0.0
0.0
0.0
0.0
0.0
0.0
0.0
0.0
0.0
0.0
0.0
0.0
0.0
0.0
0.0
0.0
0.0
0.0
0.0
0.0
0.0
0.0
0.0
0.0
0.0
0.0
0.0
0.0
0.0
0.0
0.0
0.0
0.0
0.0
0.0
0.0
0.0
0.0
0.0
0.0
0.0
0.0
0.0
0.0
0.0
0.0
0.0
0.0
0.0
0.0
0.0
0.0
0.0
0.0
0.0
0.0
0.0
0.0
0.0
0.0
0.0
0.0
0.0
0.0
0.0
0.0
0.0
0.0
0.0
0.0
0.0
0.0
0.0
0.0
0.0
0.0
0.0
0.0
0.0
0.0
0.0
0.0
0.0
0.0
0.0
0.0
0.0
0.0
0.0
0.0
0.0
0.0
0.0
0.0
0.0
0.0
0.0
0.0
0.0
0.0
0.0
0.0
0.0
0.0
0.0
0.0
0.0
0.0
0.0
0.0
0.0
0.0
0.0
0.0
0.0
0.0
0.0
0.0
0.0
0.0
0.0
0.0
0.0
0.0
0.0
0.0
0.0
1.0793429482423735
-0.24063106307000237
0.02359375425513277
0.022293219410700504
-0.0005166731569225607
-0.04040345779118173
-0.01680973800956495
0.00013161043356168557
0.027810941879410418
-0.0471520689708685
0.009950677155988023
-0.0008153523848605776
0.03146688221668493
-0.001994642545794547
-0.00032806906084265134
1.3893065975095098
0.034682544494649296
-0.001947920100561991
-1.1233695009638145
0.01071752395823974
0.0009302582362383291
1.3230646383968643
0.0009955758896559126
0.01184956205199296
-1.003637058613897
0.0012671722623403606
1.2105534434532204
0.0007664075574555956
0.0011251409478859747
-0.5764228653015184
0.25306259552387866
-0.009517967251860347
-2.0191549297045156e-05
0.20850138687792258
-5.395264535080375e-05
0.09418833338076806
0.0
0.0
0.0
0.0
0.0
0.0
0.0
0.0
0.0
0.0
0.0
0.0
0.0
0.0
0.0
0.0
0.0
0.0
0.0
0.0
0.0
0.0
0.0
0.0
0.0
0.0
0.0
0.0
0.0
0.0
0.0
0.0
0.0
0.0
0.0
0.0
0.0
0.0
0.0
0.0
0.0
0.0
0.0
0.0
0.0
0.0
0.0
0.0
0.0
0.0
0.0
0.0
0.0
0.0
0.0
0.0
0.0
0.0
0.0
0.0
0.0
0.0
0.0
0.0
0.0
0.0
0.0
0.0
0.0
0.0
0.0
0.0
0.0
0.0
0.0
0.0
0.0
0.0
0.0
0.0
0.0
0.0
0.0
0.0
0.0
0.0
0.0
0.0
0.0
0.0
0.0
0.0
0.0
0.0
0.0
0.0
0.0
0.0
0.0
0.0
0.0
0.0
0.0
0.0
0.0
0.0
0.0
0.0
0.0
0.0
0.0
0.0
0.0
0.0
0.0
0.0
0.0
0.0
0.0
0.0
0.0
0.0
0.0
0.0
0.0
0.0
0.0
0.0
0.0
0.0
0.0
0.0
0.0
0.0
0.0
1.0481656506761827
-0.15568486684820593
-0.12210555170575912
5.861114143497102e-05
0.002987994175191144
0.19540200068744595
0.00014101706737502817
-0.002445289002480231
0.022147339818412513
0.20897704336583464
6.687712197161139e-05
-0.0007737399016061018
-0.08428657195691824
7.790274784446489e-05
0.00043251414327654487
1.1333680863552642
0.0031985963241121843
0.005710252049648484
-0.622703629782268
0.00043902485052264514
0.0002513448845536649
1.1617394549213924
-0.005601681390108849
0.00038672966561651274
-0.7912293249496314
-0.00010731507727125984
0.6741208651380859
0.0003166151979222454
-0.0007228255090354615
-0.4254492051284433
0.11943395159993864
-0.00035808678136218597
-0.0004394000578747029
0.14868690675738994
0.0004192671078904199
0.07817896896511937
0.0
0.0
0.0
0.0
0.0
0.0
0.0
0.0
0.0
0.0
0.0
0.0
0.0
0.0
0.0
0.0
0.0
0.0
0.0
0.0
0.0
0.0
0.0
0.0
0.0
0.0
0.0
0.0
0.0
0.0
0.0
0.0
0.0
0.0
0.0
0.0
0.0
0.0
0.0
0.0
0.0
0.0
0.0
0.0
0.0
0.0
0.0
0.0
0.0
0.0
0.0
0.0
0.0
0.0
0.0
0.0
0.0
0.0
0.0
0.0
0.0
0.0
0.0
0.0
0.0
0.0
0.0
0.0
0.0
0.0
0.0
0.0
0.0
0.0
0.0
0.0
0.0
0.0
0.0
0.0
0.0
0.0
0.0
0.0
0.0
0.0
0.0
0.0
0.0
0.0
0.0
0.0
0.0
0.0
0.0
0.0
0.0
0.0
0.0
0.0
0.0
0.0
0.0
0.0
0.0
0.0
0.0
0.0
0.0
0.0
0.0
0.0
0.0
0.0
0.0
0.0
0.0
0.0
0.0
0.0
0.0
0.0
0.0
0.0
0.0
0.0
0.0
0.0
0.0
0.0
0.0
0.0
0.0
0.0
0.0
1.0512668876051339
-0.14845813015290446
-0.14758873045261192
-0.02019454246533816
-0.0024413052973582725
0.20846903441891335
0.01665273344654812
0.0037636949645402863
0.020598563822916707
0.19350728871230485
-0.007569903078140557
0.003923881969433244
-0.08405568127852746
0.0021813350822974926
-0.0009669760835115638
1.1720241850773032
0.04219767762149995
-0.00043392098435747484
-0.6549639141887049
0.007303101559148657
-0.0011672731356504296
1.2264699840765014
-0.0008251881393954402
0.009420652441987656
-0.7899930745001804
-0.000782823010576972
1.1201959471143887
-0.0015205065932782013
-0.0011187862796265473
-0.32602817730908684
0.11792522344543595
-0.004291173116486165
0.0006752006117305523
0.14259222070623717
0.00022638574917801662
0.04951218635234954
0.0
0.0
0.0
0.0
0.0
0.0
0.0
0.0
0.0
0.0
0.0
0.0
0.0
0.0
0.0
0.0
0.0
0.0
0.0
0.0
0.0
0.0
0.0
0.0
0.0
0.0
0.0
0.0
0.0
0.0
0.0
0.0
0.0
0.0
0.0
0.0
0.0
0.0
0.0
0.0
0.0
0.0
0.0
0.0
0.0
0.0
0.0
0.0
0.0
0.0
0.0
0.0
0.0
0.0
0.0
0.0
0.0
0.0
0.0
0.0
0.0
0.0
0.0
0.0
0.0
0.0
0.0
0.0
0.0
0.0
0.0
0.0
0.0
0.0
0.0
0.0
0.0
0.0
0.0
0.0
0.0
0.0
0.0
0.0
0.0
0.0
0.0
0.0
0.0
0.0
0.0
0.0
0.0
0.0
0.0
0.0
0.0
0.0
0.0
0.0
0.0
0.0
0.0
0.0
0.0
0.0
0.0
0.0
0.0
0.0
0.0
0.0
0.0
0.0
0.0
0.0
0.0
0.0
0.0
0.0
0.0
0.0
0.0
0.0
0.0
0.0
0.0
0.0
0.0
0.0
0.0
0.0
0.0
0.0
0.0
1.048319653422801
-0.15634452348889155
-0.12205226344759881
-5.665409099114786e-05
0.0028827448565614568
0.19554842663161787
9.828132806192894e-05
-0.0017506258164960886
0.022185616163511855
0.20962690778907753
2.9502184064741418e-05
0.0025030371576353727
-0.08435815265947944
-0.00015305672648101092
-0.0003023003268827716
1.1359262870422318
4.623934000122352e-05
-0.004956005865928638
-0.6276414058519946
-0.00011720776796806615
-0.000515084103586212
1.1753518209617368
0.008211015692812944
-0.00016124292800398927
-0.7878227620857888
0.00010810003655233676
0.6578212646602467
-0.0014729915178299054
0.000919851555713418
-0.42424339700511016
0.12004547578305771
0.00024507242459839387
0.0002958310044190132
0.14747060682857233
-0.0006351005444282776
0.07935683505556558
0.0
0.0
0.0
0.0
0.0
0.0
0.0
0.0
0.0
0.0
0.0
0.0
0.0
0.0
0.0
0.0
0.0
0.0
0.0
0.0
0.0
0.0
0.0
0.0
0.0
0.0
0.0
0.0
0.0
0.0
0.0
0.0
0.0
0.0
0.0
0.0
0.0
0.0
0.0
0.0
0.0
0.0
0.0
0.0
0.0
0.0
0.0
0.0
0.0
0.0
0.0
0.0
0.0
0.0
0.0
0.0
0.0
0.0
0.0
0.0
0.0
0.0
0.0
0.0
0.0
0.0
0.0
0.0
0.0
0.0
0.0
0.0
0.0
0.0
0.0
0.0
0.0
0.0
0.0
0.0
0.0
0.0
0.0
0.0
0.0
0.0
0.0
0.0
0.0
0.0
0.0
0.0
0.0
0.0
0.0
0.0
0.0
0.0
0.0
0.0
0.0
0.0
0.0
0.0
0.0
0.0
0.0
0.0
0.0
0.0
0.0
0.0
0.0
0.0
0.0
0.0
0.0
0.0
0.0
0.0
0.0
0.0
0.0
0.0
0.0
0.0
0.0
0.0
0.0
0.0
0.0
0.0
0.0
0.0
0.0
1.052184278457806
-0.15175876439571762
-0.1485527053668891
0.02003213208602865
-0.0020224445288321456
0.20949133227054578
-0.01642585465329166
0.0028578787492950933
0.020993883610017118
0.1954200730344377
0.007800802270544751
0.002283660462146989
-0.08612799735166458
-0.0024874862581488076
-0.0006438793476070435
1.1732371983877863
-0.04172655902310479
0.0013703668951304034
-0.6701457732504179
-0.007939414219664591
0.00060139331684716
1.2293985707697148
0.0014314078155684452
-0.009561440200011945
-0.8007842206703215
0.0010981865995296036
1.1211218988153528
0.000115871213394523
0.001405516931453728
-0.3403872791533457
0.12176233886522345
0.005062137733496645
0.00037804047366723733
0.14598001008584405
-0.0002673047425068069
0.05125153125608922
0.0
0.0
0.0
0.0
0.0
0.0
0.0
0.0
0.0
0.0
0.0
0.0
0.0
0.0
0.0
0.0
0.0
0.0
0.0
0.0
0.0
0.0
0.0
0.0
0.0
0.0
0.0
0.0
0.0
0.0
0.0
0.0
0.0
0.0
0.0
0.0
0.0
0.0
0.0
0.0
0.0
0.0
0.0
0.0
0.0
0.0
0.0
0.0
0.0
0.0
0.0
0.0
0.0
0.0
0.0
0.0
0.0
0.0
0.0
0.0
0.0
0.0
0.0
0.0
0.0
0.0
0.0
0.0
0.0
0.0
0.0
0.0
0.0
0.0
0.0
0.0
0.0
0.0
0.0
0.0
0.0
0.0
0.0
0.0
0.0
0.0
0.0
0.0
0.0
0.0
0.0
0.0
0.0
0.0
0.0
0.0
0.0
0.0
0.0
0.0
0.0
0.0
0.0
0.0
0.0
0.0
0.0
0.0
0.0
0.0
0.0
0.0
0.0
0.0
0.0
0.0
0.0
0.0
0.0
0.0
0.0
0.0
0.0
0.0
0.0
0.0
0.0
0.0
0.0
0.0
0.0
0.0
0.0
0.0
0.0
1.0646447213079353
-0.2193624325309112
-0.0028966149081005193
0.012476389492526352
0.01838740237306577
-0.00039375901640251903
-0.004805936716522445
-0.03246853670942123
0.02605098826423438
-0.008274515226574176
0.015874173629970935
-0.03944360258902362
-0.002962361496831279
-0.010705685155261884
0.025261471006345265
1.1155086302037422
-0.00968027006597636
0.014310833692802009
-0.5145968522044337
0.0004034067957376221
-0.015265910576657545
1.2297831945438857
0.06761057766380443
0.0007940263792803818
-0.8923995049620723
0.009391650000010639
1.2990738536784878
-0.013538187615606
0.007467547630667602
-1.0448236486491305
0.09130642970727759
0.0022394532276541292
0.0036488782471573475
0.18380253048887982
-0.019767987366891254
0.2358050339876994
0.0
0.0
0.0
0.0
0.0
0.0
0.0
0.0
0.0
0.0
0.0
0.0
0.0
0.0
0.0
0.0
0.0
0.0
0.0
0.0
0.0
0.0
0.0
0.0
0.0
0.0
0.0
0.0
0.0
0.0
0.0
0.0
0.0
0.0
0.0
0.0
0.0
0.0
0.0
0.0
0.0
0.0
0.0
0.0
0.0
0.0
0.0
0.0
0.0
0.0
0.0
0.0
0.0
0.0
0.0
0.0
0.0
0.0
0.0
0.0
0.0
0.0
0.0
0.0
0.0
0.0
0.0
0.0
0.0
0.0
0.0
0.0
0.0
0.0
0.0
0.0
0.0
0.0
0.0
0.0
0.0
0.0
0.0
0.0
0.0
0.0
0.0
0.0
0.0
0.0
0.0
0.0
0.0
0.0
0.0
0.0
0.0
0.0
0.0
0.0
0.0
0.0
0.0
0.0
0.0
0.0
0.0
0.0
0.0
0.0
0.0
0.0
0.0
0.0
0.0
0.0
0.0
0.0
0.0
0.0
0.0
0.0
0.0
0.0
0.0
0.0
0.0
0.0
0.0
0.0
0.0
0.0
0.0
0.0
0.0
1.068302104548983
-0.23167358112465605
0.0009483277212492204
-0.00045971187489731656
0.03203737865261449
-0.009653534211472362
0.00021838248724735597
-0.03936524624668679
0.02573264900208433
-0.02671972514614928
-0.00039429147023253646
-0.027142564028142628
0.001659033214838622
-0.000603898098106439
0.016684350646438764
1.0283072332917618
-0.001175240726420717
0.03349439151053327
-0.618511665779925
-0.0003672699179144812
-0.0032752551115889793
1.2835318188469862
0.0029311341802153107
-0.00010714789746932079
-0.9219968854920557
0.002500046292245309
1.3167183004341565
-0.006375790762729444
0.002394367974464649
-1.0863380007410561
0.10786226104557976
0.0003180405627845942
-0.00024111797279546905
0.18772427802496522
-0.0014690551849771854
0.24769462704286432
0.0
0.0
0.0
0.0
0.0
0.0
0.0
0.0
0.0
0.0
0.0
0.0
0.0
0.0
0.0
0.0
0.0
0.0
0.0
0.0
0.0
0.0
0.0
0.0
0.0
0.0
0.0
0.0
0.0
0.0
0.0
0.0
0.0
0.0
0.0
0.0
0.0
0.0
0.0
0.0
0.0
0.0
0.0
0.0
0.0
0.0
0.0
0.0
0.0
0.0
0.0
0.0
0.0
0.0
0.0
0.0
0.0
0.0
0.0
0.0
0.0
0.0
0.0
0.0
0.0
0.0
0.0
0.0
0.0
0.0
0.0
0.0
0.0
0.0
0.0
0.0
0.0
0.0
0.0
0.0
0.0
0.0
0.0
0.0
0.0
0.0
0.0
0.0
0.0
0.0
0.0
0.0
0.0
0.0
0.0
0.0
0.0
0.0
0.0
0.0
0.0
0.0
0.0
0.0
0.0
0.0
0.0
0.0
0.0
0.0
0.0
0.0
0.0
0.0
0.0
0.0
0.0
0.0
0.0
0.0
0.0
0.0
0.0
0.0
0.0
0.0
0.0
0.0
0.0
0.0
0.0
0.0
0.0
0.0
0.0
1.0707860033500602
-0.22414585496497527
-0.0017655965582398625
-0.011189664657855128
-0.014760661783025233
-0.004428532940184207
0.004614063736058159
-0.0023412329665351735
0.026498558996199947
-0.015204250466324079
-0.013321128843013237
-0.04059229608109927
-0.0006272971419871705
0.010087724266776853
0.020757385227972637
1.1902846880020397
-0.006689064587114327
0.003680885789499913
-0.5181665517813969
-0.0007887693483269767
-0.02643852652798049
1.2646072465286775
-0.05628761401816035
-0.0008997297172296777
-0.9170341006372489
-0.00634992929726555
1.3562514914862693
-0.02220606279462186
-0.006216030314095318
-1.0722611363144794
0.0845054390526377
-0.001570981540992242
0.008812579702695405
0.1858521905562372
0.01826344340609462
0.24317275119851534
0.0
0.0
0.0
0.0
0.0
0.0
0.0
0.0
0.0
0.0
0.0
0.0
0.0
0.0
0.0
0.0
0.0
0.0
0.0
0.0
0.0
0.0
0.0
0.0
0.0
0.0
0.0
0.0
0.0
0.0
0.0
0.0
0.0
0.0
0.0
0.0
0.0
0.0
0.0
0.0
0.0
0.0
0.0
0.0
0.0
0.0
0.0
0.0
0.0
0.0
0.0
0.0
0.0
0.0
0.0
0.0
0.0
0.0
0.0
0.0
0.0
0.0
0.0
0.0
0.0
0.0
0.0
0.0
0.0
0.0
0.0
0.0
0.0
0.0
0.0
0.0
0.0
0.0
0.0
0.0
0.0
0.0
0.0
0.0
0.0
0.0
0.0
0.0
0.0
0.0
0.0
0.0
0.0
0.0
0.0
0.0
0.0
0.0
0.0
0.0
0.0
0.0
0.0
0.0
0.0
0.0
0.0
0.0
0.0
0.0
0.0
0.0
0.0
0.0
0.0
0.0
0.0
0.0
0.0
0.0
0.0
0.0
0.0
0.0
0.0
0.0
0.0
0.0
0.0
0.0
0.0
0.0
0.0
0.0
0.0
1.0682558856092308
-0.23128030602609445
0.0018401299609613793
0.00022144975557883108
0.031963360719871915
-0.009968633828089919
-0.0001413317421988649
-0.03857571235322488
0.02597318609077258
-0.025250109295778395
2.922124429482548e-05
-0.025390956892287236
0.002480254361167728
0.0005581511682186779
0.016785134984986932
1.0128802182727594
-0.0026864568202130327
0.03038114745480202
-0.6184853798634111
-0.0003127876729106467
-0.0032921467449817535
1.282144692711217
-0.002773213316607487
-0.0002950573033676453
-0.9206636780580435
-0.0019683346169133975
1.3169656173082154
-0.00616142657696125
-0.0018904878441702287
-1.0826300556980135
0.10922700422565682
0.0004025163459235193
0.0007251549482205766
0.1870316266264786
0.001138033693398015
0.24691842704338113
0.0
0.0
0.0
0.0
0.0
0.0
0.0
0.0
0.0
0.0
0.0
0.0
0.0
0.0
0.0
0.0
0.0
0.0
0.0
0.0
0.0
0.0
0.0
0.0
0.0
0.0
0.0
0.0
0.0
0.0
0.0
0.0
0.0
0.0
0.0
0.0
0.0
0.0
0.0
0.0
0.0
0.0
0.0
0.0
0.0
0.0
0.0
0.0
0.0
0.0
0.0
0.0
0.0
0.0
0.0
0.0
0.0
0.0
0.0
0.0
0.0
0.0
0.0
0.0
0.0
0.0
0.0
0.0
0.0
0.0
0.0
0.0
0.0
0.0
0.0
0.0
0.0
0.0
0.0
0.0
0.0
0.0
0.0
0.0
0.0
0.0
0.0
0.0
0.0
0.0
0.0
0.0
0.0
0.0
0.0
0.0
0.0
0.0
0.0
0.0
0.0
0.0
0.0
0.0
0.0
0.0
0.0
0.0
0.0
0.0
0.0
0.0
0.0
0.0
0.0
0.0
0.0
0.0
0.0
0.0
0.0
0.0
0.0
0.0
0.0
0.0
0.0
0.0
0.0
0.0
0.0
0.0
0.0
0.0
0.0
1.0649423403047602
-0.22345587396749128
-0.004548988369070341
0.013801675981430384
-0.018706136902855882
-0.002174866873487998
-0.004254439817364971
0.02768048416864935
0.026894290281549587
-0.018088559769465804
0.02005129423421698
0.027859137377571612
-0.0011081793943318549
-0.011559774799651258
-0.019306854596713892
1.02484001771017
-0.026782830763852353
-0.05471356500985932
-0.5559648852108924
-0.0037325801941389064
-0.0024985127402616077
1.2187708547917766
-0.07614838348993368
-0.0012941709180050432
-0.8949091176542405
-0.012008667225768542
1.2874627658712847
0.00366064920184472
-0.009555721508466928
-1.0607557901204234
0.09829288863050638
0.0036626038939443035
0.004095468691099426
0.18477631872560693
0.021340688328628954
0.24268728001551665
0.0
0.0
0.0
0.0
0.0
0.0
0.0
0.0
0.0
0.0
0.0
0.0
0.0
0.0
0.0
0.0
0.0
0.0
0.0
0.0
0.0
0.0
0.0
0.0
0.0
0.0
0.0
0.0
0.0
0.0
0.0
0.0
0.0
0.0
0.0
0.0
0.0
0.0
0.0
0.0
0.0
0.0
0.0
0.0
0.0
0.0
0.0
0.0
0.0
0.0
0.0
0.0
0.0
0.0
0.0
0.0
0.0
0.0
0.0
0.0
0.0
0.0
0.0
0.0
0.0
0.0
0.0
0.0
0.0
0.0
0.0
0.0
0.0
0.0
0.0
0.0
0.0
0.0
0.0
0.0
0.0
0.0
0.0
0.0
0.0
0.0
0.0
0.0
0.0
0.0
0.0
0.0
0.0
0.0
0.0
0.0
0.0
0.0
0.0
0.0
0.0
0.0
0.0
0.0
0.0
0.0
0.0
0.0
0.0
0.0
0.0
0.0
0.0
0.0
0.0
0.0
0.0
0.0
0.0
0.0
0.0
0.0
0.0
0.0
0.0
0.0
0.0
0.0
0.0
0.0
0.0
0.0
0.0
0.0
0.0
1.067252935421722
-0.22655641583362063
0.003569719981436699
-2.8452210811616625e-05
-0.03044560381256271
-0.007256865117825133
-3.8109414121344215e-05
0.04288325152621236
0.025050624020610004
-0.014413949862348965
-4.363443824744341e-05
0.038290287703756094
-0.0005636746859718227
-0.00036006252835920016
-0.02169579756504403
1.0238724021931591
0.0011123363391529625
-0.015165230516394661
-0.5930466436959574
0.000646491686297118
0.012193906254213778
1.2830826957114496
-0.0024488843016786644
0.0005524543264555355
-0.9135626135370701
-0.001847258326270256
1.3240103277999316
0.012794357666258308
-0.0017505786127487769
-1.057511124181444
0.10574831973217902
-0.0002591246891474468
-0.004385031080611986
0.18483453017891563
0.0011291897874063485
0.23676567937191367
0.0
0.0
0.0
0.0
0.0
0.0
0.0
0.0
0.0
0.0
0.0
0.0
0.0
0.0
0.0
0.0
0.0
0.0
0.0
0.0
0.0
0.0
0.0
0.0
0.0
0.0
0.0
0.0
0.0
0.0
0.0
0.0
0.0
0.0
0.0
0.0
0.0
0.0
0.0
0.0
0.0
0.0
0.0
0.0
0.0
0.0
0.0
0.0
0.0
0.0
0.0
0.0
0.0
0.0
0.0
0.0
0.0
0.0
0.0
0.0
0.0
0.0
0.0
0.0
0.0
0.0
0.0
0.0
0.0
0.0
0.0
0.0
0.0
0.0
0.0
0.0
0.0
0.0
0.0
0.0
0.0
0.0
0.0
0.0
0.0
0.0
0.0
0.0
0.0
0.0
0.0
0.0
0.0
0.0
0.0
0.0
0.0
0.0
0.0
0.0
0.0
0.0
0.0
0.0
0.0
0.0
0.0
0.0
0.0
0.0
0.0
0.0
0.0
0.0
0.0
0.0
0.0
0.0
0.0
0.0
0.0
0.0
0.0
0.0
0.0
0.0
0.0
0.0
0.0
0.0
0.0
0.0
0.0
0.0
0.0
1.065065752437138
-0.22428938844982554
-0.0015332967354866618
-0.01373237655241128
-0.019638810602844944
-0.006066125023119201
0.004252719895272232
0.028409923476103736
0.02667235795401162
-0.022777393202953168
-0.01983008596358763
0.027013156144804602
0.0011995578870280014
0.011312750537754067
-0.019417529966826757
0.9851864030152817
0.016829668109259385
-0.05678672131899405
-0.5557128483752309
0.001122254362297273
-2.2792461759976008e-05
1.220369634683347
0.07129669904960435
-0.00019972466302173064
-0.8985623076300147
0.01058730165200062
1.2885224143947132
0.006190053700760174
0.00786029054625089
-1.0583985207377031
0.09890117246521292
-0.0022254275940511246
0.002482211245201743
0.18603102979319194
-0.020187979173541294
0.24216269641534044
0.0
0.0
0.0
0.0
0.0
0.0
0.0
0.0
0.0
0.0
0.0
0.0
0.0
0.0
0.0
0.0
0.0
0.0
0.0
0.0
0.0
0.0
0.0
0.0
0.0
0.0
0.0
0.0
0.0
0.0
0.0
0.0
0.0
0.0
0.0
0.0
0.0
0.0
0.0
0.0
0.0
0.0
0.0
0.0
0.0
0.0
0.0
0.0
0.0
0.0
0.0
0.0
0.0
0.0
0.0
0.0
0.0
0.0
0.0
0.0
0.0
0.0
0.0
0.0
0.0
0.0
0.0
0.0
0.0
0.0
0.0
0.0
0.0
0.0
0.0
0.0
0.0
0.0
0.0
0.0
0.0
0.0
0.0
0.0
0.0
0.0
0.0
0.0
0.0
0.0
0.0
0.0
0.0
0.0
0.0
0.0
0.0
0.0
0.0
0.0
0.0
0.0
0.0
0.0
0.0
0.0
0.0
0.0
0.0
0.0
0.0
0.0
0.0
0.0
0.0
0.0
0.0
0.0
0.0
0.0
0.0
0.0
0.0
0.0
0.0
0.0
0.0
0.0
0.0
0.0
0.0
0.0
0.0
0.0
0.0
1.0757354070284992
-0.2394910680426031
0.0012278313633773902
5.351467681895524e-05
0.0032344245557607704
-0.007901064582822158
-0.00034283004771751773
0.01363629327590105
0.026703544208240455
-0.018527211928804105
-0.0007774278138989287
0.042111683968505224
0.0006498103122375874
0.0005002677056574953
-0.018482326877805016
1.149900107739462
-0.000975091157432265
-0.008968316087254666
-0.6288082828554178
4.238769355271717e-05
0.018516730347763008
1.3105746613644282
0.0020565195751760974
0.00010259833345412761
-0.96799215267219
0.001728135998825582
1.3862368115314527
0.01746017941454797
0.0017393105250758953
-1.1157909251182132
0.10408076732329483
0.00014306899311772526
-0.007942464331839887
0.1974861466729826
-0.0013683459246488785
0.25435651781024216
0.0
0.0
0.0
0.0
0.0
0.0
0.0
0.0
0.0
0.0
0.0
0.0
0.0
0.0
0.0
0.0
0.0
0.0
0.0
0.0
0.0
0.0
0.0
0.0
0.0
0.0
0.0
0.0
0.0
0.0
0.0
0.0
0.0
0.0
0.0
0.0
0.0
0.0
0.0
0.0
0.0
0.0
0.0
0.0
0.0
0.0
0.0
0.0
0.0
0.0
0.0
0.0
0.0
0.0
0.0
0.0
0.0
0.0
0.0
0.0
0.0
0.0
0.0
0.0
0.0
0.0
0.0
0.0
0.0
0.0
0.0
0.0
0.0
0.0
0.0
0.0
0.0
0.0
0.0
0.0
0.0
0.0
0.0
0.0
0.0
0.0
0.0
0.0
0.0
0.0
0.0
0.0
0.0
0.0
0.0
0.0
0.0
0.0
0.0
0.0
0.0
0.0
0.0
0.0
0.0
0.0
0.0
0.0
0.0
0.0
0.0
0.0
0.0
0.0
0.0
0.0
0.0
0.0
0.0
0.0
0.0
0.0
0.0
0.0
0.0
0.0
0.0
0.0
0.0
0.0
0.0
0.0
0.0
0.0
0.0
1.066697690612679
-0.20378218697827777
-0.01965264919611416
0.016416509183658112
0.003947175294695616
0.016327810313701785
-0.021531085631845574
-0.007167286170400763
0.02756635879732286
-0.005746258846212729
-0.016855620402968174
-0.008408247954976387
0.013772859989886248
-0.006013619379928068
0.0031854625883554707
1.3677722717114262
0.03988466234970588
0.0022400893890172635
-1.0414162686238932
-0.04473061967552615
-0.00924552016672416
1.2533447625255871
0.0030643023765685186
-0.045844672668922795
-0.7577102486880437
0.0032306093009036797
1.1809495426338046
-0.009688441961326422
0.0027601699194647203
-0.5021131337976567
0.22962866058137976
0.009771452567095535
0.00524093406636594
0.14191663664625462
3.3842060356391115e-05
0.0728610513719217
0.0
0.0
0.0
0.0
0.0
0.0
0.0
0.0
0.0
0.0
0.0
0.0
0.0
0.0
0.0
0.0
0.0
0.0
0.0
0.0
0.0
0.0
0.0
0.0
0.0
0.0
0.0
0.0
0.0
0.0
0.0
0.0
0.0
0.0
0.0
0.0
0.0
0.0
0.0
0.0
0.0
0.0
0.0
0.0
0.0
0.0
0.0
0.0
0.0
0.0
0.0
0.0
0.0
0.0
0.0
0.0
0.0
0.0
0.0
0.0
0.0
0.0
0.0
0.0
0.0
0.0
0.0
0.0
0.0
0.0
0.0
0.0
0.0
0.0
0.0
0.0
0.0
0.0
0.0
0.0
0.0
0.0
0.0
0.0
0.0
0.0
0.0
0.0
0.0
0.0
0.0
0.0
0.0
0.0
0.0
0.0
0.0
0.0
0.0
0.0
0.0
0.0
0.0
0.0
0.0
0.0
0.0
0.0
0.0
0.0
0.0
0.0
0.0
0.0
0.0
0.0
0.0
0.0
0.0
0.0
0.0
0.0
0.0
0.0
0.0
0.0
0.0
0.0
0.0
0.0
0.0
0.0
0.0
0.0
0.0
1.057513874817726
-0.18575021940545766
0.0646551161655804
0.0025062628441397464
0.0034024063013396015
-0.09045326170467438
-0.0015588413871953253
-0.0007914648443106758
0.03656914880921666
-0.09305177085332415
0.0004831820824786392
0.0067287397037902215
0.04922812165137476
0.0007125104395590452
-0.0013703134459430604
1.1491210882108527
-0.01140211207365109
0.0020552696759987437
-0.8929438581732517
-0.009400381283321362
0.006877357903291571
1.1529560131913543
-0.016138063512832656
-0.009946048798633613
-0.828672639205989
-0.004924366259953519
1.1547703402373428
0.007618669609323553
-0.00868592163379333
-0.45157843452622665
0.20841663561593282
0.005257170463050895
-0.0029376941848785
0.17694304835943958
0.0022202676333594276
0.07131368505217929
0.0
0.0
0.0
0.0
0.0
0.0
0.0
0.0
0.0
0.0
0.0
0.0
0.0
0.0
0.0
0.0
0.0
0.0
0.0
0.0
0.0
0.0
0.0
0.0
0.0
0.0
0.0
0.0
0.0
0.0
0.0
0.0
0.0
0.0
0.0
0.0
0.0
0.0
0.0
0.0
0.0
0.0
0.0
0.0
0.0
0.0
0.0
0.0
0.0
0.0
0.0
0.0
0.0
0.0
0.0
0.0
0.0
0.0
0.0
0.0
0.0
0.0
0.0
0.0
0.0
0.0
0.0
0.0
0.0
0.0
0.0
0.0
0.0
0.0
0.0
0.0
0.0
0.0
0.0
0.0
0.0
0.0
0.0
0.0
0.0
0.0
0.0
0.0
0.0
0.0
0.0
0.0
0.0
0.0
0.0
0.0
0.0
0.0
0.0
0.0
0.0
0.0
0.0
0.0
0.0
0.0
0.0
0.0
0.0
0.0
0.0
0.0
0.0
0.0
0.0
0.0
0.0
0.0
0.0
0.0
0.0
0.0
0.0
0.0
0.0
0.0
0.0
0.0
0.0
0.0
0.0
0.0
0.0
0.0
0.0
1.0894426440146845
-0.24892047260689487
-0.11107896889893756
-0.010791049463478725
0.015544767798803547
0.1406212765314474
0.012279973475926003
-0.023753914913167487
0.03979029493153762
0.09633788056359821
0.005886650266604777
-0.023474356016504373
-0.04680060448725784
0.011815800198572222
0.008809849519427215
1.4788484302275648
-0.017243459141613585
-0.006303563295532286
-1.297899853798304
0.005549427095750575
0.008292230238793863
1.3267973776787423
-0.00038860003441052116
0.005170798303987627
-0.9502637492405631
-0.0044931763277319264
1.2240721184451737
0.007998082114403277
-0.004945362843636303
-0.6729922013001106
0.3352534019667669
0.010595349901749146
-0.006492589782726583
0.20046923296065638
0.0035993318454290817
0.11493538086216032
0.0
0.0
0.0
0.0
0.0
0.0
0.0
0.0
0.0
0.0
0.0
0.0
0.0
0.0
0.0
0.0
0.0
0.0
0.0
0.0
0.0
0.0
0.0
0.0
0.0
0.0
0.0
0.0
0.0
0.0
0.0
0.0
0.0
0.0
0.0
0.0
0.0
0.0
0.0
0.0
0.0
0.0
0.0
0.0
0.0
0.0
0.0
0.0
0.0
0.0
0.0
0.0
0.0
0.0
0.0
0.0
0.0
0.0
0.0
0.0
0.0
0.0
0.0
0.0
0.0
0.0
0.0
0.0
0.0
0.0
0.0
0.0
0.0
0.0
0.0
0.0
0.0
0.0
0.0
0.0
0.0
0.0
0.0
0.0
0.0
0.0
0.0
0.0
0.0
0.0
0.0
0.0
0.0
0.0
0.0
0.0
0.0
0.0
0.0
0.0
0.0
0.0
0.0
0.0
0.0
0.0
0.0
0.0
0.0
0.0
0.0
0.0
0.0
0.0
0.0
0.0
0.0
0.0
0.0
0.0
0.0
0.0
0.0
0.0
0.0
0.0
0.0
0.0
0.0
0.0
0.0
0.0
0.0
0.0
0.0
1.078441089765367
-0.21889811123350184
-0.13861583632888042
0.004430587352977104
0.001364386140397461
0.1737364105393016
-0.006265046644275325
-0.0014412595818800525
0.040596459432156354
0.11682491205919829
-0.005615320258844113
-0.00037827907369929485
-0.04872318863845086
0.002744316202246821
-9.90338347026712e-05
1.4374286248868482
-0.004234951090784213
-0.007139386008984022
-1.2098591497523232
0.003093985704147655
0.007334969777736357
1.2512492957459844
6.79104593856309e-05
0.0030537648107233487
-0.823300517029925
0.006209853446828808
1.1923923438547452
0.007475047665546001
0.007092544819061302
-0.5962629811161686
0.3104041780285972
-0.002069273817336309
-0.005041488838072847
0.1652718556848584
-0.003914840450564684
0.09439226467774028
0.0
0.0
0.0
0.0
0.0
0.0
0.0
0.0
0.0
0.0
0.0
0.0
0.0
0.0
0.0
0.0
0.0
0.0
0.0
0.0
0.0
0.0
0.0
0.0
0.0
0.0
0.0
0.0
0.0
0.0
0.0
0.0
0.0
0.0
0.0
0.0
0.0
0.0
0.0
0.0
0.0
0.0
0.0
0.0
0.0
0.0
0.0
0.0
0.0
0.0
0.0
0.0
0.0
0.0
0.0
0.0
0.0
0.0
0.0
0.0
0.0
0.0
0.0
0.0
0.0
0.0
0.0
0.0
0.0
0.0
0.0
0.0
0.0
0.0
0.0
0.0
0.0
0.0
0.0
0.0
0.0
0.0
0.0
0.0
0.0
0.0
0.0
0.0
0.0
0.0
0.0
0.0
0.0
0.0
0.0
0.0
0.0
0.0
0.0
0.0
0.0
0.0
0.0
0.0
0.0
0.0
0.0
0.0
0.0
0.0
0.0
0.0
0.0
0.0
0.0
0.0
0.0
0.0
0.0
0.0
0.0
0.0
0.0
0.0
0.0
0.0
0.0
0.0
0.0
0.0
0.0
0.0
0.0
0.0
0.0
1.076640784109106
-0.21994698902915039
-0.07463257182082464
0.049233403039145744
0.003624164699304159
0.0927839913165409
-0.06819884067703659
-0.006956178104010249
0.04390520488015506
0.06834096324210737
-0.05578708772880382
-0.008716422759514926
-0.02747708802551304
0.004910205098712454
0.0036407704011029722
1.3340162614359894
-0.0898960543658477
-0.0037537857991702876
-1.0780996676922934
0.03153404262642703
0.009570989070269452
1.3300823739831644
0.011298769043669795
0.033396167819714356
-0.9411493285531072
-0.0035143808369190125
1.1939588402943087
0.010361021698489476
-0.003269655567929433
-0.5369362528237589
0.26316223725366583
-0.010880577502695873
-0.006081305400940377
0.2068221498726463
0.0004846317812998815
0.09151205642362059
0.0
0.0
0.0
0.0
0.0
0.0
0.0
0.0
0.0
0.0
0.0
0.0
0.0
0.0
0.0
0.0
0.0
0.0
0.0
0.0
0.0
0.0
0.0
0.0
0.0
0.0
0.0
0.0
0.0
0.0
0.0
0.0
0.0
0.0
0.0
0.0
0.0
0.0
0.0
0.0
0.0
0.0
0.0
0.0
0.0
0.0
0.0
0.0
0.0
0.0
0.0
0.0
0.0
0.0
0.0
0.0
0.0
0.0
0.0
0.0
0.0
0.0
0.0
0.0
0.0
0.0
0.0
0.0
0.0
0.0
0.0
0.0
0.0
0.0
0.0
0.0
0.0
0.0
0.0
0.0
0.0
0.0
0.0
0.0
0.0
0.0
0.0
0.0
0.0
0.0
0.0
0.0
0.0
0.0
0.0
0.0
0.0
0.0
0.0
0.0
0.0
0.0
0.0
0.0
0.0
0.0
0.0
0.0
0.0
0.0
0.0
0.0
0.0
0.0
0.0
0.0
0.0
0.0
0.0
0.0
0.0
0.0
0.0
0.0
0.0
0.0
0.0
0.0
0.0
0.0
0.0
0.0
0.0
0.0
0.0
1.0669994763809731
-0.20918607171636117
-0.02823820324905569
0.0002253099713441758
0.002090305619062
0.013814550456762699
0.0038866730326123236
0.0017153471763029263
0.04299283416498896
-0.019031686222099706
0.010359627231206436
0.010345335700599187
-0.03568287464116915
-0.0007493778177344315
-0.0030872993962872807
1.2919103962696614
0.003598509224633772
-0.01103708941038534
-1.054274695411312
-0.006496967266110111
-0.004560969444459172
1.196342918926669
-0.01185293580411063
-0.0070509694323936615
-0.8644125581741415
0.0014382996796448067
1.132676325881462
-0.006701122896840935
-9.811745388407008e-06
-0.5195971441804731
0.24607878716404316
0.0020876535705483526
0.0042336453870581575
0.19457300403729744
0.000843594197895589
0.08831505641174722
0.0
0.0
0.0
0.0
0.0
0.0
0.0
0.0
0.0
0.0
0.0
0.0
0.0
0.0
0.0
0.0
0.0
0.0
0.0
0.0
0.0
0.0
0.0
0.0
0.0
0.0
0.0
0.0
0.0
0.0
0.0
0.0
0.0
0.0
0.0
0.0
0.0
0.0
0.0
0.0
0.0
0.0
0.0
0.0
0.0
0.0
0.0
0.0
0.0
0.0
0.0
0.0
0.0
0.0
0.0
0.0
0.0
0.0
0.0
0.0
0.0
0.0
0.0
0.0
0.0
0.0
0.0
0.0
0.0
0.0
0.0
0.0
0.0
0.0
0.0
0.0
0.0
0.0
0.0
0.0
0.0
0.0
0.0
0.0
0.0
0.0
0.0
0.0
0.0
0.0
0.0
0.0
0.0
0.0
0.0
0.0
0.0
0.0
0.0
0.0
0.0
0.0
0.0
0.0
0.0
0.0
0.0
0.0
0.0
0.0
0.0
0.0
0.0
0.0
0.0
0.0
0.0
0.0
0.0
0.0
0.0
0.0
0.0
0.0
0.0
0.0
0.0
0.0
0.0
0.0
0.0
0.0
0.0
0.0
0.0
1.0701664665332338
-0.2114298515922963
-0.030828250430195176
-0.03830918586488604
0.002806413422139738
0.027512087650956474
0.05367347801488571
-0.0068308987730987866
0.030859269073152187
0.0010608927733356754
0.047720390229094675
-0.010562749814366161
-0.025760656476699235
-0.0007059421305994336
0.0021932632740539314
1.3448099046731448
0.030055657407440678
-0.006089821471688956
-1.0267539834613904
-0.04034476144661135
0.009258591604409224
1.3079877596917084
-0.008198091041183237
-0.04314055341081605
-0.8729859059195335
0.005908293291201693
1.1830280633827581
0.01065677980984854
0.007007295488531581
-0.48539085485303535
0.2227783824060226
0.007796124270567054
-0.0056604157460945085
0.18483034261380848
-0.0021126752952312063
0.08013730357083011
0.0
0.0
0.0
0.0
0.0
0.0
0.0
0.0
0.0
0.0
0.0
0.0
0.0
0.0
0.0
0.0
0.0
0.0
0.0
0.0
0.0
0.0
0.0
0.0
0.0
0.0
0.0
0.0
0.0
0.0
0.0
0.0
0.0
0.0
0.0
0.0
0.0
0.0
0.0
0.0
0.0
0.0
0.0
0.0
0.0
0.0
0.0
0.0
0.0
0.0
0.0
0.0
0.0
0.0
0.0
0.0
0.0
0.0
0.0
0.0
0.0
0.0
0.0
0.0
0.0
0.0
0.0
0.0
0.0
0.0
0.0
0.0
0.0
0.0
0.0
0.0
0.0
0.0
0.0
0.0
0.0
0.0
0.0
0.0
0.0
0.0
0.0
0.0
0.0
0.0
0.0
0.0
0.0
0.0
0.0
0.0
0.0
0.0
0.0
0.0
0.0
0.0
0.0
0.0
0.0
0.0
0.0
0.0
0.0
0.0
0.0
0.0
0.0
0.0
0.0
0.0
0.0
0.0
0.0
0.0
0.0
0.0
0.0
0.0
0.0
0.0
0.0
0.0
0.0
0.0
0.0
0.0
0.0
0.0
0.0
1.0663647817670432
-0.22093753647193623
-0.011648819564594627
-0.0011889751512653424
0.0016783638269846132
-0.000634888365269005
0.002111385621388925
0.0013720789892980646
0.03366223619330027
-0.019692996305894373
0.0026363418141881825
0.007711477076206598
-0.016828432946101847
-0.0008309920281692248
-0.0013849884790259758
1.287601257715254
-9.36799137212111e-05
0.00042267388322790025
-1.079313263301354
-0.002392029956368478
-0.00495993856290013
1.1501355925324803
0.008005186859169365
-0.002526823810271136
-0.8960828952589328
-0.0029632051771195595
1.1181768635701161
-0.0058121762020519495
-0.0022803080647713137
-0.5473795082108506
0.24850237247796256
0.0019108017658474202
0.003091366203477685
0.19903514309525305
-8.334690020970082e-06
0.08977928342370085
0.0
0.0
0.0
0.0
0.0
0.0
0.0
0.0
0.0
0.0
0.0
0.0
0.0
0.0
0.0
0.0
0.0
0.0
0.0
0.0
0.0
0.0
0.0
0.0
0.0
0.0
0.0
0.0
0.0
0.0
0.0
0.0
0.0
0.0
0.0
0.0
0.0
0.0
0.0
0.0
0.0
0.0
0.0
0.0
0.0
0.0
0.0
0.0
0.0
0.0
0.0
0.0
0.0
0.0
0.0
0.0
0.0
0.0
0.0
0.0
0.0
0.0
0.0
0.0
0.0
0.0
0.0
0.0
0.0
0.0
0.0
0.0
0.0
0.0
0.0
0.0
0.0
0.0
0.0
0.0
0.0
0.0
0.0
0.0
0.0
0.0
0.0
0.0
0.0
0.0
0.0
0.0
0.0
0.0
0.0
0.0
0.0
0.0
0.0
0.0
0.0
0.0
0.0
0.0
0.0
0.0
0.0
0.0
0.0
0.0
0.0
0.0
0.0
0.0
0.0
0.0
0.0
0.0
0.0
0.0
0.0
0.0
0.0
0.0
0.0
0.0
0.0
0.0
0.0
0.0
0.0
0.0
0.0
0.0
0.0
1.074382210651656
-0.22473661870671274
0.014951737303051342
-0.008087521945439132
-0.08076026608464076
-0.02095579471724532
0.008025501845487148
0.08300069537454205
0.0316265813830895
-0.017314877168718476
0.0028727823107516665
0.023474509041946916
0.008042448894562891
0.004170975022695781
-0.012028187274870964
1.1860358018739479
0.006123470565007779
-0.027615377865803675
-0.554689316544656
-0.0016443987504962368
0.035515276372640237
1.2421598733475485
-0.0305214949569048
-0.00265344590669223
-0.859615872216744
0.015350949726895033
1.3933939367495662
0.032975142692750384
0.015537990687771277
-1.144472352496336
0.09017680293927266
0.0017611942290535793
-0.021039289987479226
0.17344872104188008
0.0020223180832096973
0.27400203906529125
0.0
0.0
0.0
0.0
0.0
0.0
0.0
0.0
0.0
0.0
0.0
0.0
0.0
0.0
0.0
0.0
0.0
0.0
0.0
0.0
0.0
0.0
0.0
0.0
0.0
0.0
0.0
0.0
0.0
0.0
0.0
0.0
0.0
0.0
0.0
0.0
0.0
0.0
0.0
0.0
0.0
0.0
0.0
0.0
0.0
0.0
0.0
0.0
0.0
0.0
0.0
0.0
0.0
0.0
0.0
0.0
0.0
0.0
0.0
0.0
0.0
0.0
0.0
0.0
0.0
0.0
0.0
0.0
0.0
0.0
0.0
0.0
0.0
0.0
0.0
0.0
0.0
0.0
0.0
0.0
0.0
0.0
0.0
0.0
0.0
0.0
0.0
0.0
0.0
0.0
0.0
0.0
0.0
0.0
0.0
0.0
0.0
0.0
0.0
0.0
0.0
0.0
0.0
0.0
0.0
0.0
0.0
0.0
0.0
0.0
0.0
0.0
0.0
0.0
0.0
0.0
0.0
0.0
0.0
0.0
0.0
0.0
0.0
0.0
0.0
0.0
0.0
0.0
0.0
0.0
0.0
0.0
0.0
0.0
0.0
1.077575481493216
-0.22747635664975635
-0.013997213743722047
0.004968589529102991
0.09006462729934124
0.020264179142327456
-0.005075293176032223
-0.10946951512267719
0.03290296242991418
0.017710293344394147
-0.0013330371689905366
-0.0696395961572055
-0.006936306746340942
0.00011386360672732057
0.025517510956203672
1.2065058193828966
0.007957282361091469
-0.01069280405715499
-0.560184849107425
-0.012461208653548333
0.019898280654850123
1.355810000879235
0.0011623852388156415
-0.012025261600949265
-0.9750002651290631
-0.0027824114943264915
1.3540928375350871
0.01962311678014506
-0.002846546205662967
-1.05023685864994
0.08854573895408334
0.007535207752225489
-0.012624079414833714
0.1984990293957375
0.0034190408682923464
0.24215084459371342
0.0
0.0
0.0
0.0
0.0
0.0
0.0
0.0
0.0
0.0
0.0
0.0
0.0
0.0
0.0
0.0
0.0
0.0
0.0
0.0
0.0
0.0
0.0
0.0
0.0
0.0
0.0
0.0
0.0
0.0
0.0
0.0
0.0
0.0
0.0
0.0
0.0
0.0
0.0
0.0
0.0
0.0
0.0
0.0
0.0
0.0
0.0
0.0
0.0
0.0
0.0
0.0
0.0
0.0
0.0
0.0
0.0
0.0
0.0
0.0
0.0
0.0
0.0
0.0
0.0
0.0
0.0
0.0
0.0
0.0
0.0
0.0
0.0
0.0
0.0
0.0
0.0
0.0
0.0
0.0
0.0
0.0
0.0
0.0
0.0
0.0
0.0
0.0
0.0
0.0
0.0
0.0
0.0
0.0
0.0
0.0
0.0
0.0
0.0
0.0
0.0
0.0
0.0
0.0
0.0
0.0
0.0
0.0
0.0
0.0
0.0
0.0
0.0
0.0
0.0
0.0
0.0
0.0
0.0
0.0
0.0
0.0
0.0
0.0
0.0
0.0
0.0
0.0
0.0
0.0
0.0
0.0
0.0
0.0
0.0
1.0681077789567035
-0.21653730833453078
-0.013285237341667104
0.020905915316195907
0.02514227391228846
0.019268847364345986
-0.027483856114986764
-0.0537349399626651
0.04059502399772597
0.020167952656561912
-0.021844027010849337
-0.0732344337807239
-0.005162506728695306
0.002502928865465974
0.023286652865464656
1.042525826700144
-0.03233645658917969
-0.02912833392887287
-0.5494885154501202
0.0014618575312418448
0.001687757663112047
1.212856462171028
0.12772092113799344
0.004148299188231721
-0.922746801879963
-0.031689953896740466
1.250659348728032
0.005677277318378766
-0.035218666547646174
-1.0502802916393685
0.09776750952942584
-0.0013450942309655147
-0.0013074141372121908
0.1994608236204157
0.00843434896539385
0.2566964285072684
0.0
0.0
0.0
0.0
0.0
0.0
0.0
0.0
0.0
0.0
0.0
0.0
0.0
0.0
0.0
0.0
0.0
0.0
0.0
0.0
0.0
0.0
0.0
0.0
0.0
0.0
0.0
0.0
0.0
0.0
0.0
0.0
0.0
0.0
0.0
0.0
0.0
0.0
0.0
0.0
0.0
0.0
0.0
0.0
0.0
0.0
0.0
0.0
0.0
0.0
0.0
0.0
0.0
0.0
0.0
0.0
0.0
0.0
0.0
0.0
0.0
0.0
0.0
0.0
0.0
0.0
0.0
0.0
0.0
0.0
0.0
0.0
0.0
0.0
0.0
0.0
0.0
0.0
0.0
0.0
0.0
0.0
0.0
0.0
0.0
0.0
0.0
0.0
0.0
0.0
0.0
0.0
0.0
0.0
0.0
0.0
0.0
0.0
0.0
0.0
0.0
0.0
0.0
0.0
0.0
0.0
0.0
0.0
0.0
0.0
0.0
0.0
0.0
0.0
0.0
0.0
0.0
0.0
0.0
0.0
0.0
0.0
0.0
0.0
0.0
0.0
0.0
0.0
0.0
0.0
0.0
0.0
0.0
0.0
0.0
1.0773100299794105
-0.22549703950392663
0.001544066755085405
-0.00653855219862954
0.08827179530705964
-0.0033724515368310512
0.007207156264114292
-0.10985585119473301
0.03318886911958266
-0.003971071593379827
0.0030209389299198914
-0.07437360140563601
0.00178680763389227
-0.0004926828807224021
0.025835369340763532
1.2080613757997936
-0.007748216882440857
-0.0052618979091345105
-0.5631088287723315
0.013640345755081313
0.013829351645177235
1.3557445916143087
-0.007106821832366779
0.013037942496531025
-0.9735945098591448
0.0053495296871514
1.3553181413706352
0.01401456335978034
0.005539105330207239
-1.0351561954942143
0.0871309939923261
-0.008102456465534754
-0.008594389858268865
0.19720302678381715
-0.005509498580726504
0.23975289640544525
0.0
0.0
0.0
0.0
0.0
0.0
0.0
0.0
0.0
0.0
0.0
0.0
0.0
0.0
0.0
0.0
0.0
0.0
0.0
0.0
0.0
0.0
0.0
0.0
0.0
0.0
0.0
0.0
0.0
0.0
0.0
0.0
0.0
0.0
0.0
0.0
0.0
0.0
0.0
0.0
0.0
0.0
0.0
0.0
0.0
0.0
0.0
0.0
0.0
0.0
0.0
0.0
0.0
0.0
0.0
0.0
0.0
0.0
0.0
0.0
0.0
0.0
0.0
0.0
0.0
0.0
0.0
0.0
0.0
0.0
0.0
0.0
0.0
0.0
0.0
0.0
0.0
0.0
0.0
0.0
0.0
0.0
0.0
0.0
0.0
0.0
0.0
0.0
0.0
0.0
0.0
0.0
0.0
0.0
0.0
0.0
0.0
0.0
0.0
0.0
0.0
0.0
0.0
0.0
0.0
0.0
0.0
0.0
0.0
0.0
0.0
0.0
0.0
0.0
0.0
0.0
0.0
0.0
0.0
0.0
0.0
0.0
0.0
0.0
0.0
0.0
0.0
0.0
0.0
0.0
0.0
0.0
0.0
0.0
0.0
1.0680144293785605
-0.21517765998180388
-0.007457393736226526
-0.026561516791516457
-0.04048445872955042
0.010315205754322493
0.03627421791523852
0.060932120250143385
0.040162035882493244
0.00928063239744879
0.031245676217778483
0.05858711113762558
-0.0033981396944041736
-0.005237410342890892
-0.02183304905348908
1.019098514463193
0.0341948162920372
0.0334418194397358
-0.5413176464844499
-0.004357077068100732
0.00010351951035685622
1.2361986278905863
0.11820194288624217
-0.0067259908417617534
-0.9320526900588735
-0.03953165073477548
1.2505087336454954
-0.004451551350918035
-0.04179978580395304
-1.0327898014186654
0.09808496386182117
0.002711007801519336
0.0024594295102161445
0.20210121541724452
0.014399023827629618
0.24985111689444578
0.0
0.0
0.0
0.0
0.0
0.0
0.0
0.0
0.0
0.0
0.0
0.0
0.0
0.0
0.0
0.0
0.0
0.0
0.0
0.0
0.0
0.0
0.0
0.0
0.0
0.0
0.0
0.0
0.0
0.0
0.0
0.0
0.0
0.0
0.0
0.0
0.0
0.0
0.0
0.0
0.0
0.0
0.0
0.0
0.0
0.0
0.0
0.0
0.0
0.0
0.0
0.0
0.0
0.0
0.0
0.0
0.0
0.0
0.0
0.0
0.0
0.0
0.0
0.0
0.0
0.0
0.0
0.0
0.0
0.0
0.0
0.0
0.0
0.0
0.0
0.0
0.0
0.0
0.0
0.0
0.0
0.0
0.0
0.0
0.0
0.0
0.0
0.0
0.0
0.0
0.0
0.0
0.0
0.0
0.0
0.0
0.0
0.0
0.0
0.0
0.0
0.0
0.0
0.0
0.0
0.0
0.0
0.0
0.0
0.0
0.0
0.0
0.0
0.0
0.0
0.0
0.0
0.0
0.0
0.0
0.0
0.0
0.0
0.0
0.0
0.0
0.0
0.0
0.0
0.0
0.0
0.0
0.0
0.0
0.0
1.0847172473081756
-0.2480840461410223
-0.0021659623816583616
-0.005755122242200678
-0.005394982493502457
0.0037956681167604675
0.008614596381455097
0.011332164226169934
0.029151203520737544
0.004235091374850161
0.008447675656703622
0.018121086646976273
-0.0012851457289242358
-0.004297052308271985
-0.00772506937646251
1.2285446878576625
0.007357128408296094
0.02597326729673579
-0.6287152222885932
-0.010987045219208673
-0.036697244221662983
1.3498940967913264
-0.004921048398797257
-0.010638466164178306
-0.9783789469108435
0.004844374479413226
1.4372143305706269
-0.035470630661342664
0.004768791632325598
-1.1899642975106715
0.10023057770790235
0.006482645331108336
0.02239662480484639
0.19607050664570835
-0.002555537825824977
0.2741622848738222
0.0
0.0
0.0
0.0
0.0
0.0
0.0
0.0
0.0
0.0
0.0
0.0
0.0
0.0
0.0
0.0
0.0
0.0
0.0
0.0
0.0
0.0
0.0
0.0
0.0
0.0
0.0
0.0
0.0
0.0
0.0
0.0
0.0
0.0
0.0
0.0
0.0
0.0
0.0
0.0
0.0
0.0
0.0
0.0
0.0
0.0
0.0
0.0
0.0
0.0
0.0
0.0
0.0
0.0
0.0
0.0
0.0
0.0
0.0
0.0
0.0
0.0
0.0
0.0
0.0
0.0
0.0
0.0
0.0
0.0
0.0
0.0
0.0
0.0
0.0
0.0
0.0
0.0
0.0
0.0
0.0
0.0
0.0
0.0
0.0
0.0
0.0
0.0
0.0
0.0
0.0
0.0
0.0
0.0
0.0
0.0
0.0
0.0
0.0
0.0
0.0
0.0
0.0
0.0
0.0
0.0
0.0
0.0
0.0
0.0
0.0
0.0
0.0
0.0
0.0
0.0
0.0
0.0
0.0
0.0
0.0
0.0
0.0
0.0
0.0
0.0
0.0
0.0
0.0
0.0
0.0
0.0
0.0
0.0
0.0
1.0685286992727068
-0.21367722772992898
-0.010685248738507317
0.03142561121656327
-0.03732731234409272
0.018024898443870577
-0.04390195918197594
0.06262394938413218
0.04265755711954372
0.021715718055902347
-0.04081712574419072
0.0693296194111466
-0.004885351139150668
0.005630450735130301
-0.02497331022818909
1.0621843317504742
-0.01922670150874487
0.032357409785022426
-0.5167004455648952
0.010797455378005071
-0.0064545250880744505
1.211437978950399
-0.16987255048474353
0.011346630166291196
-0.9425167672762557
0.03362755760392949
1.21794144855088
-0.011095566236701764
0.03830308657223706
-1.0566525243436882
0.0970347945721409
-0.0036415342292836104
0.004055585536893159
0.20438511834591494
-0.008319876690957895
0.2584221445020669
0.0
0.0
0.0
0.0
0.0
0.0
0.0
0.0
0.0
0.0
0.0
0.0
0.0
0.0
0.0
0.0
0.0
0.0
0.0
0.0
0.0
0.0
0.0
0.0
0.0
0.0
0.0
0.0
0.0
0.0
0.0
0.0
0.0
0.0
0.0
0.0
0.0
0.0
0.0
0.0
0.0
0.0
0.0
0.0
0.0
0.0
0.0
0.0
0.0
0.0
0.0
0.0
0.0
0.0
0.0
0.0
0.0
0.0
0.0
0.0
0.0
0.0
0.0
0.0
0.0
0.0
0.0
0.0
0.0
0.0
0.0
0.0
0.0
0.0
0.0
0.0
0.0
0.0
0.0
0.0
0.0
0.0
0.0
0.0
0.0
0.0
0.0
0.0
0.0
0.0
0.0
0.0
0.0
0.0
0.0
0.0
0.0
0.0
0.0
0.0
0.0
0.0
0.0
0.0
0.0
0.0
0.0
0.0
0.0
0.0
0.0
0.0
0.0
0.0
0.0
0.0
0.0
0.0
0.0
0.0
0.0
0.0
0.0
0.0
0.0
0.0
0.0
0.0
0.0
0.0
0.0
0.0
0.0
0.0
0.0
1.0771352811534338
-0.22520550979198356
-0.0012014141043348435
0.0030949063326917844
-0.0822795141635668
0.0012915103695251258
-0.0052481922864604305
0.1065301047499435
0.03353051802489007
0.000889606513970442
-0.005965746897448525
0.07869323249038285
0.00022364781375850247
0.0034330600957824696
-0.025779873804092114
1.2078762236971072
-0.009913247020011565
0.0044596050051388435
-0.5646363677337936
0.014165563234566966
-0.011965783748506861
1.355248771280291
-0.0009863664533276985
0.013600884642166203
-0.9682959138458964
0.000144081270911966
1.3630423213832983
-0.011894017869867081
0.00022246490001220432
-1.035713767117039
0.08690931623949635
-0.008284467128149165
0.007554633035693311
0.19554324581031157
-0.0004481921566601989
0.24104405112619032
0.0
0.0
0.0
0.0
0.0
0.0
0.0
0.0
0.0
0.0
0.0
0.0
0.0
0.0
0.0
0.0
0.0
0.0
0.0
0.0
0.0
0.0
0.0
0.0
0.0
0.0
0.0
0.0
0.0
0.0
0.0
0.0
0.0
0.0
0.0
0.0
0.0
0.0
0.0
0.0
0.0
0.0
0.0
0.0
0.0
0.0
0.0
0.0
0.0
0.0
0.0
0.0
0.0
0.0
0.0
0.0
0.0
0.0
0.0
0.0
0.0
0.0
0.0
0.0
0.0
0.0
0.0
0.0
0.0
0.0
0.0
0.0
0.0
0.0
0.0
0.0
0.0
0.0
0.0
0.0
0.0
0.0
0.0
0.0
0.0
0.0
0.0
0.0
0.0
0.0
0.0
0.0
0.0
0.0
0.0
0.0
0.0
0.0
0.0
0.0
0.0
0.0
0.0
0.0
0.0
0.0
0.0
0.0
0.0
0.0
0.0
0.0
0.0
0.0
0.0
0.0
0.0
0.0
0.0
0.0
0.0
0.0
0.0
0.0
0.0
0.0
0.0
0.0
0.0
0.0
0.0
0.0
0.0
0.0
0.0
1.062684121494027
-0.19204722895027815
0.1687002989516041
0.07823867258511648
0.013793876160634518
-0.22919391185627155
-0.1029822924459304
-0.017065629074615882
0.02737255060059155
-0.2164664583125529
-0.08017364069246063
-0.011635465987950197
0.10709741867778536
0.05124131344376216
0.006696601901761666
1.0754808489992636
0.07043853456282281
0.0528321371368078
-0.7618543486287116
-0.10517252068541977
-0.019652019403909732
1.2626732100159184
0.043035804064704544
-0.10025009650277761
-0.9616475393466002
-0.012925607610654045
0.7348211841624481
-0.019424827623954585
-0.01190691038506791
-0.5115579896966509
0.16339481678108952
0.07297024638186722
0.009125672228376323
0.2034761076445755
0.005520640759369429
0.1062489840979774
0.0
0.0
0.0
0.0
0.0
0.0
0.0
0.0
0.0
0.0
0.0
0.0
0.0
0.0
0.0
0.0
0.0
0.0
0.0
0.0
0.0
0.0
0.0
0.0
0.0
0.0
0.0
0.0
0.0
0.0
0.0
0.0
0.0
0.0
0.0
0.0
0.0
0.0
0.0
0.0
0.0
0.0
0.0
0.0
0.0
0.0
0.0
0.0
0.0
0.0
0.0
0.0
0.0
0.0
0.0
0.0
0.0
0.0
0.0
0.0
0.0
0.0
0.0
0.0
0.0
0.0
0.0
0.0
0.0
0.0
0.0
0.0
0.0
0.0
0.0
0.0
0.0
0.0
0.0
0.0
0.0
0.0
0.0
0.0
0.0
0.0
0.0
0.0
0.0
0.0
0.0
0.0
0.0
0.0
0.0
0.0
0.0
0.0
0.0
0.0
0.0
0.0
0.0
0.0
0.0
0.0
0.0
0.0
0.0
0.0
0.0
0.0
0.0
0.0
0.0
0.0
0.0
0.0
0.0
0.0
0.0
0.0
0.0
0.0
0.0
0.0
0.0
0.0
0.0
0.0
0.0
0.0
0.0
0.0
0.0
1.0682850760838924
-0.1871854756920193
0.16279784120761726
0.07424371495524808
-0.00881795810497498
-0.22610359072991243
-0.08408990515692386
0.011900731526154212
0.0261058995651577
-0.18619271034305604
-0.03722052139609512
0.009199079230185422
0.0912978332746669
0.0327650604433192
-0.0038518687124771554
1.2247617303683813
0.056139307037336994
-0.008108009184621713
-0.6801603465777792
-0.03227578446286093
0.010271051200520367
1.354100170910577
-0.004886853113497284
-0.029065873811448546
-1.0482147864844613
0.0057356052538724365
1.1551340443538443
0.010172377048984433
0.006736015615278233
-0.48088914864734444
0.1355991886836992
0.03542007658571156
-0.005873220467990294
0.23094593388643103
-0.003980573929724354
0.07698354260890632
0.0
0.0
0.0
0.0
0.0
0.0
0.0
0.0
0.0
0.0
0.0
0.0
0.0
0.0
0.0
0.0
0.0
0.0
0.0
0.0
0.0
0.0
0.0
0.0
0.0
0.0
0.0
0.0
0.0
0.0
0.0
0.0
0.0
0.0
0.0
0.0
0.0
0.0
0.0
0.0
0.0
0.0
0.0
0.0
0.0
0.0
0.0
0.0
0.0
0.0
0.0
0.0
0.0
0.0
0.0
0.0
0.0
0.0
0.0
0.0
0.0
0.0
0.0
0.0
0.0
0.0
0.0
0.0
0.0
0.0
0.0
0.0
0.0
0.0
0.0
0.0
0.0
0.0
0.0
0.0
0.0
0.0
0.0
0.0
0.0
0.0
0.0
0.0
0.0
0.0
0.0
0.0
0.0
0.0
0.0
0.0
0.0
0.0
0.0
0.0
0.0
0.0
0.0
0.0
0.0
0.0
0.0
0.0
0.0
0.0
0.0
0.0
0.0
0.0
0.0
0.0
0.0
0.0
0.0
0.0
0.0
0.0
0.0
0.0
0.0
0.0
0.0
0.0
0.0
0.0
0.0
0.0
0.0
0.0
0.0
1.0618151536266471
-0.18653771702926897
0.17165156003724352
-0.061504257764263104
-0.0040011412453330435
-0.24105434400275155
0.08251941042370892
0.0020505166043926783
0.02797283073788774
-0.23146182992953634
0.06746005626550144
-0.0032613445906469764
0.11002330239866082
-0.04153678140230395
0.002613687149650163
1.1256453122782137
-0.05305534675492085
-0.009838646823055212
-0.7712455698318121
0.08685600077863062
0.0003164118056308238
1.2488104390869457
-0.024586595432848225
0.08353088282778884
-0.9360275404367076
0.0027901857804785205
0.6793229857975702
-0.0008196310691973674
0.0018032308559660392
-0.475282052356266
0.16404076280569002
-0.05978066555556409
0.0017108447456268862
0.19477768758654618
0.00016301560825867988
0.10415683929328273
0.0
0.0
0.0
0.0
0.0
0.0
0.0
0.0
0.0
0.0
0.0
0.0
0.0
0.0
0.0
0.0
0.0
0.0
0.0
0.0
0.0
0.0
0.0
0.0
0.0
0.0
0.0
0.0
0.0
0.0
0.0
0.0
0.0
0.0
0.0
0.0
0.0
0.0
0.0
0.0
0.0
0.0
0.0
0.0
0.0
0.0
0.0
0.0
0.0
0.0
0.0
0.0
0.0
0.0
0.0
0.0
0.0
0.0
0.0
0.0
0.0
0.0
0.0
0.0
0.0
0.0
0.0
0.0
0.0
0.0
0.0
0.0
0.0
0.0
0.0
0.0
0.0
0.0
0.0
0.0
0.0
0.0
0.0
0.0
0.0
0.0
0.0
0.0
0.0
0.0
0.0
0.0
0.0
0.0
0.0
0.0
0.0
0.0
0.0
0.0
0.0
0.0
0.0
0.0
0.0
0.0
0.0
0.0
0.0
0.0
0.0
0.0
0.0
0.0
0.0
0.0
0.0
0.0
0.0
0.0
0.0
0.0
0.0
0.0
0.0
0.0
0.0
0.0
0.0
0.0
0.0
0.0
0.0
0.0
0.0
1.0678909226538162
-0.18527154945893146
0.1894631403500875
-0.08057949378510622
-0.001721082638142435
-0.26382164644192185
0.0932904457737821
0.0028913888637323876
0.027071121055878326
-0.22461106030469033
0.046259569971446445
0.004267408186329107
0.10907515062171605
-0.036434947650683135
-0.001921618325516702
1.2502913141132281
-0.08455855923514324
-0.002860104811406969
-0.7793131687190455
0.05580508867295559
0.006501511418751699
1.3150371891756085
0.0012432247374979926
0.051654919180825945
-0.9827059929367856
0.0001227513244750898
1.1470981694193132
0.007456651160556334
0.0008007709911264461
-0.4893921733871618
0.16222240182771275
-0.05565214495869645
-0.003602028386476444
0.2097851573455974
-0.00037879225354974075
0.07822820035302412
0.0
0.0
0.0
0.0
0.0
0.0
0.0
0.0
0.0
0.0
0.0
0.0
0.0
0.0
0.0
0.0
0.0
0.0
0.0
0.0
0.0
0.0
0.0
0.0
0.0
0.0
0.0
0.0
0.0
0.0
0.0
0.0
0.0
0.0
0.0
0.0
0.0
0.0
0.0
0.0
0.0
0.0
0.0
0.0
0.0
0.0
0.0
0.0
0.0
0.0
0.0
0.0
0.0
0.0
0.0
0.0
0.0
0.0
0.0
0.0
0.0
0.0
0.0
0.0
0.0
0.0
0.0
0.0
0.0
0.0
0.0
0.0
0.0
0.0
0.0
0.0
0.0
0.0
0.0
0.0
0.0
0.0
0.0
0.0
0.0
0.0
0.0
0.0
0.0
0.0
0.0
0.0
0.0
0.0
0.0
0.0
0.0
0.0
0.0
0.0
0.0
0.0
0.0
0.0
0.0
0.0
0.0
0.0
0.0
0.0
0.0
0.0
0.0
0.0
0.0
0.0
0.0
0.0
0.0
0.0
0.0
0.0
0.0
0.0
0.0
0.0
0.0
0.0
0.0
0.0
0.0
0.0
0.0
0.0
0.0
1.0694314620520364
-0.230012497734496
0.0433646863393342
-0.017455080273173315
0.0019508211547432331
-0.054375629159506916
0.019594509950123004
-0.0009141971469389941
0.027793433932167606
-0.03843724221731399
0.010433421175866403
0.0021790362094547145
0.01624477227597875
-0.0017992980289258365
0.00010045955952613905
1.3402127045981802
0.033370866505623376
0.0013720943806729076
-1.1412454207425453
-0.006354298458768058
0.004382358149659943
1.2405863970307887
0.016964932244960578
-0.004858492293792913
-0.8558136010002357
-0.003630469145187758
0.9975405851663997
0.005284660271292227
-0.0031978135584229015
-0.5885305939049709
0.2698627565560131
-0.003884883515703921
-0.0020998907403506537
0.170483109203048
-0.00025508750469470013
0.10904166119321482
0.0
0.0
0.0
0.0
0.0
0.0
0.0
0.0
0.0
0.0
0.0
0.0
0.0
0.0
0.0
0.0
0.0
0.0
0.0
0.0
0.0
0.0
0.0
0.0
0.0
0.0
0.0
0.0
0.0
0.0
0.0
0.0
0.0
0.0
0.0
0.0
0.0
0.0
0.0
0.0
0.0
0.0
0.0
0.0
0.0
0.0
0.0
0.0
0.0
0.0
0.0
0.0
0.0
0.0
0.0
0.0
0.0
0.0
0.0
0.0
0.0
0.0
0.0
0.0
0.0
0.0
0.0
0.0
0.0
0.0
0.0
0.0
0.0
0.0
0.0
0.0
0.0
0.0
0.0
0.0
0.0
0.0
0.0
0.0
0.0
0.0
0.0
0.0
0.0
0.0
0.0
0.0
0.0
0.0
0.0
0.0
0.0
0.0
0.0
0.0
0.0
0.0
0.0
0.0
0.0
0.0
0.0
0.0
0.0
0.0
0.0
0.0
0.0
0.0
0.0
0.0
0.0
0.0
0.0
0.0
0.0
0.0
0.0
0.0
0.0
0.0
0.0
0.0
0.0
0.0
0.0
0.0
0.0
0.0
0.0
1.0723720360832627
-0.21267194358791502
0.08988862153672811
0.0051311573983828275
0.0015809234680041803
-0.10279750231060475
0.0005911803173617197
-0.0016116059607543503
0.026596395224896895
-0.05071553699619466
0.013564528877259875
-0.00038241013590629985
0.029211219456393156
-0.003987280850195527
0.0009680524997846072
1.3964209805361305
-0.0554454271891357
0.004192953055337336
-1.1055401892861385
0.039189867454954286
-0.0061289343704049514
1.2536948769781397
0.0004726319011083861
0.03988518805430423
-0.7795054148935572
-0.00024654719080937433
1.1893973091261354
-0.006122017722292358
-0.00026568581511848973
-0.53988263757078
0.25528433293582664
-0.023431511004281196
0.0025212890673787904
0.14076317773060742
-0.0005422738379354103
0.07920587551374933
0.0
0.0
0.0
0.0
0.0
0.0
0.0
0.0
0.0
0.0
0.0
0.0
0.0
0.0
0.0
0.0
0.0
0.0
0.0
0.0
0.0
0.0
0.0
0.0
0.0
0.0
0.0
0.0
0.0
0.0
0.0
0.0
0.0
0.0
0.0
0.0
0.0
0.0
0.0
0.0
0.0
0.0
0.0
0.0
0.0
0.0
0.0
0.0
0.0
0.0
0.0
0.0
0.0
0.0
0.0
0.0
0.0
0.0
0.0
0.0
0.0
0.0
0.0
0.0
0.0
0.0
0.0
0.0
0.0
0.0
0.0
0.0
0.0
0.0
0.0
0.0
0.0
0.0
0.0
0.0
0.0
0.0
0.0
0.0
0.0
0.0
0.0
0.0
0.0
0.0
0.0
0.0
0.0
0.0
0.0
0.0
0.0
0.0
0.0
0.0
0.0
0.0
0.0
0.0
0.0
0.0
0.0
0.0
0.0
0.0
0.0
0.0
0.0
0.0
0.0
0.0
0.0
0.0
0.0
0.0
0.0
0.0
0.0
0.0
0.0
0.0
0.0
0.0
0.0
0.0
0.0
0.0
0.0
0.0
0.0
1.0672039772347657
-0.22717901888712005
-0.05086616515893904
0.0037489018680517037
-0.012766242139319022
0.057864683668396366
-0.004590458280566041
0.018617519473435117
0.02939816240921893
0.03309469395796716
-0.0026421074657947533
0.019540656187135165
-0.019676409031719567
-0.0033460493029848306
-0.0066035182720548665
1.268624085967306
-0.0036538311442654227
-0.005202233985217077
-1.0631987977422754
-0.030475910872640878
0.009234589123949026
1.2617615519839949
-0.001211431045999275
-0.03234395554552663
-0.9147124350715871
0.0054762918739195525
1.0500765537491432
0.009668654686545389
0.005783118939178168
-0.5661274866924579
0.2537198233441432
0.027450380623012846
-0.004533868574345379
0.18329757651229478
-0.002393517849579792
0.10348837939789149
0.0
0.0
0.0
0.0
0.0
0.0
0.0
0.0
0.0
0.0
0.0
0.0
0.0
0.0
0.0
0.0
0.0
0.0
0.0
0.0
0.0
0.0
0.0
0.0
0.0
0.0
0.0
0.0
0.0
0.0
0.0
0.0
0.0
0.0
0.0
0.0
0.0
0.0
0.0
0.0
0.0
0.0
0.0
0.0
0.0
0.0
0.0
0.0
0.0
0.0
0.0
0.0
0.0
0.0
0.0
0.0
0.0
0.0
0.0
0.0
0.0
0.0
0.0
0.0
0.0
0.0
0.0
0.0
0.0
0.0
0.0
0.0
0.0
0.0
0.0
0.0
0.0
0.0
0.0
0.0
0.0
0.0
0.0
0.0
0.0
0.0
0.0
0.0
0.0
0.0
0.0
0.0
0.0
0.0
0.0
0.0
0.0
0.0
0.0
0.0
0.0
0.0
0.0
0.0
0.0
0.0
0.0
0.0
0.0
0.0
0.0
0.0
0.0
0.0
0.0
0.0
0.0
0.0
0.0
0.0
0.0
0.0
0.0
0.0
0.0
0.0
0.0
0.0
0.0
0.0
0.0
0.0
0.0
0.0
0.0
1.0729086627765838
-0.22363224157220735
-0.021560091259723094
-0.030519104961115137
0.0028366226615843563
0.03983834450812284
0.029317848028657167
-0.003035918763320788
0.025484023721142536
0.051051563996223154
0.002216530104537627
-0.000421456714506782
-0.029279007662340456
-0.005324680864288077
0.0007339669181537882
1.3834142707634023
0.08857309120385998
0.0037050567542842605
-1.0999799892224624
-0.061542779662244466
-0.007496543122166502
1.2741788610148077
-0.0006735665050752195
-0.06167118642288287
-0.8528916665812425
0.0015832517587876585
1.1981338614761183
-0.008161315714938375
0.0018644974734202987
-0.5749459319685067
0.24440060023855226
0.03867179618012537
0.002766714148107614
0.16328845051406893
-0.0004226404715073608
0.08895164016673528
0.0
0.0
0.0
0.0
0.0
0.0
0.0
0.0
0.0
0.0
0.0
0.0
0.0
0.0
0.0
0.0
0.0
0.0
0.0
0.0
0.0
0.0
0.0
0.0
0.0
0.0
0.0
0.0
0.0
0.0
0.0
0.0
0.0
0.0
0.0
0.0
0.0
0.0
0.0
0.0
0.0
0.0
0.0
0.0
0.0
0.0
0.0
0.0
0.0
0.0
0.0
0.0
0.0
0.0
0.0
0.0
0.0
0.0
0.0
0.0
0.0
0.0
0.0
0.0
0.0
0.0
0.0
0.0
0.0
0.0
0.0
0.0
0.0
0.0
0.0
0.0
0.0
0.0
0.0
0.0
0.0
0.0
0.0
0.0
0.0
0.0
0.0
0.0
0.0
0.0
0.0
0.0
0.0
0.0
0.0
0.0
0.0
0.0
0.0
0.0
0.0
0.0
0.0
0.0
0.0
0.0
0.0
0.0
0.0
0.0
0.0
0.0
0.0
0.0
0.0
0.0
0.0
0.0
0.0
0.0
0.0
0.0
0.0
0.0
0.0
0.0
0.0
0.0
0.0
0.0
0.0
0.0
0.0
0.0
0.0
1.0846183500315965
-0.25617877750798973
0.03950314596423579
0.01464936676785882
0.04357176918108451
-0.05461993503707532
-0.018708139690110065
-0.05461881089119881
0.029109313675988426
-0.04543306765962401
-0.012696578676244867
-0.0388051537317765
0.02131897481865801
0.009676639331705358
0.02600518834908375
1.237892843735346
0.0485513834006769
0.047160842404423184
-0.7228052581233851
-0.04670618053723576
-0.05503603359007432
1.3587588493643534
0.032319419716311644
-0.046296325544688405
-1.0278492703934683
-0.04466840490866543
1.4025936579418221
-0.05395617671999613
-0.04456331113009958
-1.1645681868197924
0.12260281618801339
0.03188571236897158
0.03939743552220949
0.2135705722899543
0.03176657421330381
0.26654225916992735
0.0
0.0
0.0
0.0
0.0
0.0
0.0
0.0
0.0
0.0
0.0
0.0
0.0
0.0
0.0
0.0
0.0
0.0
0.0
0.0
0.0
0.0
0.0
0.0
0.0
0.0
0.0
0.0
0.0
0.0
0.0
0.0
0.0
0.0
0.0
0.0
0.0
0.0
0.0
0.0
0.0
0.0
0.0
0.0
0.0
0.0
0.0
0.0
0.0
0.0
0.0
0.0
0.0
0.0
0.0
0.0
0.0
0.0
0.0
0.0
0.0
0.0
0.0
0.0
0.0
0.0
0.0
0.0
0.0
0.0
0.0
0.0
0.0
0.0
0.0
0.0
0.0
0.0
0.0
0.0
0.0
0.0
0.0
0.0
0.0
0.0
0.0
0.0
0.0
0.0
0.0
0.0
0.0
0.0
0.0
0.0
0.0
0.0
0.0
0.0
0.0
0.0
0.0
0.0
0.0
0.0
0.0
0.0
0.0
0.0
0.0
0.0
0.0
0.0
0.0
0.0
0.0
0.0
0.0
0.0
0.0
0.0
0.0
0.0
0.0
0.0
0.0
0.0
0.0
0.0
0.0
0.0
0.0
0.0
0.0
1.0713123121731838
-0.22848884401362138
0.029659192047988066
0.02748877779296801
0.002930193428548616
-0.05204298210654147
-0.01618835129461002
-0.0027121088046009227
0.031121879290146964
-0.05913751133650936
0.02006603504671396
0.00047861306000922515
0.016019011320496702
-0.006666923220441797
0.004732338668472429
1.1826314728070242
0.059551098346633025
-0.012461621367939105
-0.563080685147732
-0.031498759650041154
-0.0034590782923427364
1.2499770247745319
0.0755555668526963
-0.029880338445962107
-0.9239797408333452
0.008113892157211169
1.3178894758196855
-0.0019141617472198786
0.005149609275201021
-1.114452778585949
0.0965968645154257
0.01559161640326202
0.008954124284369716
0.19370988153551374
-0.01569133650346264
0.26070438758574666
0.0
0.0
0.0
0.0
0.0
0.0
0.0
0.0
0.0
0.0
0.0
0.0
0.0
0.0
0.0
0.0
0.0
0.0
0.0
0.0
0.0
0.0
0.0
0.0
0.0
0.0
0.0
0.0
0.0
0.0
0.0
0.0
0.0
0.0
0.0
0.0
0.0
0.0
0.0
0.0
0.0
0.0
0.0
0.0
0.0
0.0
0.0
0.0
0.0
0.0
0.0
0.0
0.0
0.0
0.0
0.0
0.0
0.0
0.0
0.0
0.0
0.0
0.0
0.0
0.0
0.0
0.0
0.0
0.0
0.0
0.0
0.0
0.0
0.0
0.0
0.0
0.0
0.0
0.0
0.0
0.0
0.0
0.0
0.0
0.0
0.0
0.0
0.0
0.0
0.0
0.0
0.0
0.0
0.0
0.0
0.0
0.0
0.0
0.0
0.0
0.0
0.0
0.0
0.0
0.0
0.0
0.0
0.0
0.0
0.0
0.0
0.0
0.0
0.0
0.0
0.0
0.0
0.0
0.0
0.0
0.0
0.0
0.0
0.0
0.0
0.0
0.0
0.0
0.0
0.0
0.0
0.0
0.0
0.0
0.0
1.0776363009674461
-0.24335958051805423
0.013686431388760138
0.005013475766424176
-0.000941384208949331
-0.01952400708222691
-0.0034208951602250504
0.00739047945337983
0.02668586573794032
-0.01772901385475164
0.002708036281738501
0.01464391054688202
0.00812387116719569
-0.0007503630017911645
-0.004832181730894202
1.169331288945156
-0.03264862545793776
0.022432813931410864
-0.6503090819725068
0.04082510668250573
-0.031022932504958224
1.3115970532314836
-0.009873203048107399
0.040406956401937366
-0.9103407952827018
0.020260410470909068
1.3929954743633082
-0.03038782648818548
0.020149106608511776
-1.1876832373385215
0.10450131049775022
-0.023778594605621456
0.02103720692906541
0.181398215583856
-0.013729941191821098
0.27504041367508547
0.0
0.0
0.0
0.0
0.0
0.0
0.0
0.0
0.0
0.0
0.0
0.0
0.0
0.0
0.0
0.0
0.0
0.0
0.0
0.0
0.0
0.0
0.0
0.0
0.0
0.0
0.0
0.0
0.0
0.0
0.0
0.0
0.0
0.0
0.0
0.0
0.0
0.0
0.0
0.0
0.0
0.0
0.0
0.0
0.0
0.0
0.0
0.0
0.0
0.0
0.0
0.0
0.0
0.0
0.0
0.0
0.0
0.0
0.0
0.0
0.0
0.0
0.0
0.0
0.0
0.0
0.0
0.0
0.0
0.0
0.0
0.0
0.0
0.0
0.0
0.0
0.0
0.0
0.0
0.0
0.0
0.0
0.0
0.0
0.0
0.0
0.0
0.0
0.0
0.0
0.0
0.0
0.0
0.0
0.0
0.0
0.0
0.0
0.0
0.0
0.0
0.0
0.0
0.0
0.0
0.0
0.0
0.0
0.0
0.0
0.0
0.0
0.0
0.0
0.0
0.0
0.0
0.0
0.0
0.0
0.0
0.0
0.0
0.0
0.0
0.0
0.0
0.0
0.0
0.0
0.0
0.0
0.0
0.0
0.0
1.0733276427256409
-0.23024531038943616
0.06654013841821413
-0.05304863206998444
0.07996516471207923
-0.0978839523133832
0.05208267720403385
-0.10306290061895126
0.028927329508272308
-0.09360870439381408
0.0038525341407093265
-0.08003274017223325
0.03764654388967026
-0.007410631928037601
0.049904380215719295
1.1835034043141714
-0.08756673475092186
-0.006307814622942791
-0.6478073903808875
0.035474306039673546
-0.02601541872088547
1.289783703117069
-0.11062824752584882
0.0358139642757255
-1.0110582392098981
0.02765287233320756
1.306671413845501
-0.023251825602075796
0.029059725338235913
-1.0109604455976173
0.1084269242529628
-0.02331446995824603
0.028306948357106582
0.21956461193368887
-0.01157063737649992
0.22396643157183915
0.0
0.0
0.0
0.0
0.0
0.0
0.0
0.0
0.0
0.0
0.0
0.0
0.0
0.0
0.0
0.0
0.0
0.0
0.0
0.0
0.0
0.0
0.0
0.0
0.0
0.0
0.0
0.0
0.0
0.0
0.0
0.0
0.0
0.0
0.0
0.0
0.0
0.0
0.0
0.0
0.0
0.0
0.0
0.0
0.0
0.0
0.0
0.0
0.0
0.0
0.0
0.0
0.0
0.0
0.0
0.0
0.0
0.0
0.0
0.0
0.0
0.0
0.0
0.0
0.0
0.0
0.0
0.0
0.0
0.0
0.0
0.0
0.0
0.0
0.0
0.0
0.0
0.0
0.0
0.0
0.0
0.0
0.0
0.0
0.0
0.0
0.0
0.0
0.0
0.0
0.0
0.0
0.0
0.0
0.0
0.0
0.0
0.0
0.0
0.0
0.0
0.0
0.0
0.0
0.0
0.0
0.0
0.0
0.0
0.0
0.0
0.0
0.0
0.0
0.0
0.0
0.0
0.0
0.0
0.0
0.0
0.0
0.0
0.0
0.0
0.0
0.0
0.0
0.0
0.0
0.0
0.0
0.0
0.0
0.0
1.0756363143692944
-0.2322909346361987
0.01994297315041534
0.02343858930777344
-0.07722596785491936
-0.027794178012424255
-0.03236006986521495
0.08597976944504651
0.028758884938849386
-0.023027876338440535
-0.027297454639810845
0.043222628598869106
0.00936732972538865
0.014222554238841965
-0.026361833269425483
1.2025858937812606
0.04346006059818959
-0.013063118553678971
-0.6049996726847795
-0.056548417787314606
0.02482806017356724
1.3316964150060906
-0.035231218078130885
-0.05520689546503541
-0.9543020735205535
0.04942309560547014
1.3401352644073798
0.023225352198301505
0.049447680741158004
-1.0855855965476673
0.09839025878446034
0.032333473305414466
-0.019866447740175285
0.1937538569014155
-0.034433153059694036
0.24508230233840567
0.0
0.0
0.0
0.0
0.0
0.0
0.0
0.0
0.0
0.0
0.0
0.0
0.0
0.0
0.0
0.0
0.0
0.0
0.0
0.0
0.0
0.0
0.0
0.0
0.0
0.0
0.0
0.0
0.0
0.0
0.0
0.0
0.0
0.0
0.0
0.0
0.0
0.0
0.0
0.0
0.0
0.0
0.0
0.0
0.0
0.0
0.0
0.0
0.0
0.0
0.0
0.0
0.0
0.0
0.0
0.0
0.0
0.0
0.0
0.0
0.0
0.0
0.0
0.0
0.0
0.0
0.0
0.0
0.0
0.0
0.0
0.0
0.0
0.0
0.0
0.0
0.0
0.0
0.0
0.0
0.0
0.0
0.0
0.0
0.0
0.0
0.0
0.0
0.0
0.0
0.0
0.0
0.0
0.0
0.0
0.0
0.0
0.0
0.0
0.0
0.0
0.0
0.0
0.0
0.0
0.0
0.0
0.0
0.0
0.0
0.0
0.0
0.0
0.0
0.0
0.0
0.0
0.0
0.0
0.0
0.0
0.0
0.0
0.0
0.0
0.0
0.0
0.0
0.0
0.0
0.0
0.0
0.0
0.0
0.0
1.0776922957043005
-0.24517297052920184
0.04811798764967831
0.046273573573540075
-0.02100622108276321
-0.0725064513934951
-0.04068110763050092
0.03730058771823948
0.029012549993143386
-0.0696699766482548
0.003778560317188589
0.045534716391823354
0.02983092968789796
0.0023160578792109096
-0.029506978625784455
1.2103607149325648
0.06963605415324076
-0.01950399263638838
-0.6712884742392256
-0.037331407309639686
0.04381843986010983
1.296792293115015
-0.09078222567121605
-0.03611880790203406
-1.0292518573723655
0.008075581307486522
1.3481475446925804
0.04368952113946989
0.009223639534142673
-1.093840554515251
0.11154509195833273
0.02196101855499154
-0.03365170450898136
0.222735766287658
0.003624835252786421
0.24930474740688954
0.0
0.0
0.0
0.0
0.0
0.0
0.0
0.0
0.0
0.0
0.0
0.0
0.0
0.0
0.0
0.0
0.0
0.0
0.0
0.0
0.0
0.0
0.0
0.0
0.0
0.0
0.0
0.0
0.0
0.0
0.0
0.0
0.0
0.0
0.0
0.0
0.0
0.0
0.0
0.0
0.0
0.0
0.0
0.0
0.0
0.0
0.0
0.0
0.0
0.0
0.0
0.0
0.0
0.0
0.0
0.0
0.0
0.0
0.0
0.0
0.0
0.0
0.0
0.0
0.0
0.0
0.0
0.0
0.0
0.0
0.0
0.0
0.0
0.0
0.0
0.0
0.0
0.0
0.0
0.0
0.0
0.0
0.0
0.0
0.0
0.0
0.0
0.0
0.0
0.0
0.0
0.0
0.0
0.0
0.0
0.0
0.0
0.0
0.0
0.0
0.0
0.0
0.0
0.0
0.0
0.0
0.0
0.0
0.0
0.0
0.0
0.0
0.0
0.0
0.0
0.0
0.0
0.0
0.0
0.0
0.0
0.0
0.0
0.0
0.0
0.0
0.0
0.0
0.0
0.0
0.0
0.0
0.0
0.0
0.0
1.0820710014204964
-0.24482700279886524
0.05307352724488458
-0.052803855429439606
-0.10831445211041053
-0.07282182412141758
0.06605689782662594
0.12760676796829917
0.028319819320353427
-0.059993693757153604
0.04290842199386855
0.07604173982879081
0.0279216383379957
-0.0312787076774705
-0.052822976674477155
1.211370657009491
-0.0619757725853479
-0.027405474943364486
-0.6868640502210418
0.05590475866359636
0.0356055102950571
1.3703451167818874
0.06997228866272429
0.05553036827470664
-1.053585052922007
-0.08270196626570847
1.3636257559448128
0.03269876083532483
-0.08279810162065235
-1.0850960166674346
0.1150613719972117
-0.04072587214237806
-0.031761514979492006
0.22779524576395063
0.06302808954346015
0.2410871064105442
0.0
0.0
0.0
0.0
0.0
0.0
0.0
0.0
0.0
0.0
0.0
0.0
0.0
0.0
0.0
0.0
0.0
0.0
0.0
0.0
0.0
0.0
0.0
0.0
0.0
0.0
0.0
0.0
0.0
0.0
0.0
0.0
0.0
0.0
0.0
0.0
0.0
0.0
0.0
0.0
0.0
0.0
0.0
0.0
0.0
0.0
0.0
0.0
0.0
0.0
0.0
0.0
0.0
0.0
0.0
0.0
0.0
0.0
0.0
0.0
0.0
0.0
0.0
0.0
0.0
0.0
0.0
0.0
0.0
0.0
0.0
0.0
0.0
0.0
0.0
0.0
0.0
0.0
0.0
0.0
0.0
0.0
0.0
0.0
0.0
0.0
0.0
0.0
0.0
0.0
0.0
0.0
0.0
0.0
0.0
0.0
0.0
0.0
0.0
0.0
0.0
0.0
0.0
0.0
0.0
0.0
0.0
0.0
0.0
0.0
0.0
0.0
0.0
0.0
0.0
0.0
0.0
0.0
0.0
0.0
0.0
0.0
0.0
0.0
0.0
0.0
0.0
0.0
0.0
0.0
0.0
0.0
0.0
0.0
0.0
1.0725758642020335
-0.2353748722005406
0.035187055423516245
-0.03497607883525926
0.0176610647859494
-0.0522198985261718
0.025787103534843977
-0.015189396886834116
0.02798934230510887
-0.05113473486338043
-0.013065442747404343
0.00208068978342056
0.020063491998896336
0.002485311928656137
-0.004693820854319761
1.1588415225320752
-0.04267091718885188
-0.0007007262790625301
-0.6283488189636484
0.03325505220751948
0.01592140264162728
1.2445705642998721
0.07723310020265517
0.031861434071263114
-0.9058807046634196
0.0056401120862102265
1.357541386795881
0.015419747069037693
0.0026607420277150098
-1.1438809524280296
0.10109800947446204
-0.017570970730359396
-0.012394202427313223
0.1876026669111755
-0.013424796850201835
0.26698501649692236
0.0
0.0
0.0
0.0
0.0
0.0
0.0
0.0
0.0
0.0
0.0
0.0
0.0
0.0
0.0
0.0
0.0
0.0
0.0
0.0
0.0
0.0
0.0
0.0
0.0
0.0
0.0
0.0
0.0
0.0
0.0
0.0
0.0
0.0
0.0
0.0
0.0
0.0
0.0
0.0
0.0
0.0
0.0
0.0
0.0
0.0
0.0
0.0
0.0
0.0
0.0
0.0
0.0
0.0
0.0
0.0
0.0
0.0
0.0
0.0
0.0
0.0
0.0
0.0
0.0
0.0
0.0
0.0
0.0
0.0
0.0
0.0
0.0
0.0
0.0
0.0
0.0
0.0
0.0
0.0
0.0
0.0
0.0
0.0
0.0
0.0
0.0
0.0
0.0
0.0
0.0
0.0
0.0
0.0
0.0
0.0
0.0
0.0
0.0
0.0
0.0
0.0
0.0
0.0
0.0
0.0
0.0
0.0
0.0
0.0
0.0
0.0
0.0
0.0
0.0
0.0
0.0
0.0
0.0
0.0
0.0
0.0
0.0
0.0
0.0
0.0
0.0
0.0
0.0
0.0
0.0
0.0
0.0
0.0
0.0
1.0940456903435447
-0.2706121337441356
0.002775220231980356
0.3150524999015285
-0.017984054700582314
-0.0005393216031646657
-0.441340178291673
0.025336998637787857
0.04403559562764612
0.024231129653312162
-0.4033176462069063
0.022032232186535966
-0.03299774907754428
0.23041347467149198
-0.011612590547252081
1.4307068008795278
-0.37930030656167724
0.009034405730011517
-1.1381498579985279
0.4961382301248945
-0.013132403021342252
1.60856190405952
-0.037396928218304745
0.4967215092581983
-1.5969917845755843
0.04452095851239556
1.1954965600759957
-0.01283114523270472
0.044735218648049406
-0.5227285350636505
0.26072871199410913
-0.3545275983262928
0.0098817880646898
0.4382600820402476
-0.03218834775517869
0.06428781399207406
0.0
0.0
0.0
0.0
0.0
0.0
0.0
0.0
0.0
0.0
0.0
0.0
0.0
0.0
0.0
0.0
0.0
0.0
0.0
0.0
0.0
0.0
0.0
0.0
0.0
0.0
0.0
0.0
0.0
0.0
0.0
0.0
0.0
0.0
0.0
0.0
0.0
0.0
0.0
0.0
0.0
0.0
0.0
0.0
0.0
0.0
0.0
0.0
0.0
0.0
0.0
0.0
0.0
0.0
0.0
0.0
0.0
0.0
0.0
0.0
0.0
0.0
0.0
0.0
0.0
0.0
0.0
0.0
0.0
0.0
0.0
0.0
0.0
0.0
0.0
0.0
0.0
0.0
0.0
0.0
0.0
0.0
0.0
0.0
0.0
0.0
0.0
0.0
0.0
0.0
0.0
0.0
0.0
0.0
0.0
0.0
0.0
0.0
0.0
0.0
0.0
0.0
0.0
0.0
0.0
0.0
0.0
0.0
0.0
0.0
0.0
0.0
0.0
0.0
0.0
0.0
0.0
0.0
0.0
0.0
0.0
0.0
0.0
0.0
0.0
0.0
0.0
0.0
0.0
0.0
0.0
0.0
0.0
0.0
0.0
3.43105184109608
-4.05569753945735
1.3578853207819934
0.0
0.0
0.0
0.0
0.0
0.0
0.0
0.0
0.0
0.0
0.0
0.0
0.0
0.0
0.0
0.0
0.0
0.0
0.0
0.0
0.0
0.0
0.0
0.0
0.0
0.0
0.0
0.0
0.0
0.0
0.0
0.0
0.0
0.0
0.0
0.0
0.0
0.0
0.0
0.0
0.0
0.0
0.0
0.0
0.0
0.0
0.0
0.0
0.0
0.0
0.0
0.0
0.0
0.0
0.0
0.0
0.0
0.0
0.0
0.0
0.0
0.0
0.0
0.0
0.0
0.0
0.0
0.0
0.0
0.0
0.0
0.0
0.0
0.0
0.0
0.0
0.0
0.0
0.0
0.0
0.0
0.0
0.0
0.0
0.0
0.0
0.0
0.0
0.0
0.0
0.0
0.0
0.0
0.0
0.0
0.0
0.0
0.0
0.0
0.0
0.0
0.0
0.0
0.0
0.0
0.0
0.0
0.0
0.0
0.0
0.0
0.0
0.0
0.0
0.0
0.0
0.0
0.0
0.0
0.0
0.0
0.0
0.0
0.0
0.0
0.0
0.0
0.0
0.0
0.0
0.0
0.0
0.0
0.0
0.0
0.0
0.0
0.0
0.0
0.0
0.0
0.0
0.0
0.0
0.0
0.0
0.0
0.0
0.0
0.0
0.0
0.0
0.0
0.0
0.0
0.0
0.0
0.0
0.0
0.0
0.0
0.0
0.0
0.0
0.0
0.0
0.0
0.0
